#VRML V2.0 utf8
# 3D model generated by easyeda2kicad.py (https://github.com/uPesy/easyeda2kicad.py)

Shape{
    appearance Appearance {
        material  Material 	{
            diffuseColor 1.0 0.5490196078431373 0.0
            specularColor 0.30196078431372547 0.16470588235294117 0.0
            ambientIntensity 0.2
            transparency 0
            shininess 0.5
        }
    }
    geometry IndexedFaceSet {
        ccw TRUE
        solid FALSE
        coord DEF co Coordinate {
            point [
                -0.014 -0.5906 1.1089, -0.014 -0.5906 1.0894, 0.0503 -0.5906 1.0894, 0.1232 -0.5906 1.1685, 0.1232 -0.5906 1.1472, 0.1412 -0.5906 1.1472, 0.1271 -0.5906 1.0034, 0.1247 -0.5906 1.0031, 0.1412 -0.5906 1.0031, 0.1129 -0.5906 1.0032, 0.1107 -0.5906 1.004, 0.1107 -0.5906 1.0031, 0.2068 -0.5906 1.0627, 0.2068 -0.5906 1.0413, 0.2193 -0.5906 1.0413, -0.0718 -0.5906 1.1242, -0.059 -0.5906 1.1133, -0.014 -0.5906 1.1768, -0.135 -0.5906 1.1837, -0.1248 -0.5906 1.1768, -0.1139 -0.5906 1.1695, -0.0981 -0.5906 1.1512, -0.0882 -0.5906 1.132, -0.086 -0.5906 1.1312, -0.014 -0.5906 1.5643, -0.1108 -0.5906 1.6726, -0.1588 -0.5906 1.1921, -0.1363 -0.5906 1.7051, -0.1784 -0.5906 1.1941, -0.1571 -0.5906 1.7401, -0.1632 -0.5906 1.7529, -0.1754 -0.5906 1.7864, -0.1824 -0.5906 1.8201, -0.1829 -0.5906 1.8243, -0.1835 -0.5906 1.854, -0.1807 -0.5906 1.8747, -0.4667 -0.5906 2.5246, -0.173 -0.5906 1.8993, -0.1667 -0.5906 1.9118, -0.1523 -0.5906 1.931, -0.0445 -0.5906 1.9621, -0.014 -0.5906 2.6563, -0.075 -0.5906 1.9638, -0.0268 -0.5906 2.6571, -0.084 -0.5906 1.9632, -0.1805 -0.5906 2.6389, -0.1098 -0.5906 1.9576, -0.3286 -0.5906 2.5943, -0.1194 -0.5906 1.9539, -0.1403 -0.5906 1.9417, -0.5832 -0.5906 1.1089, -0.3372 -0.5906 1.1089, -0.3331 -0.5906 1.1183, -0.2018 -0.5906 1.1912, -0.5906 -0.5906 2.4319, -0.2237 -0.5906 1.1828, -0.6149 -0.5906 2.406, -0.2334 -0.5906 1.1768, -0.6149 -0.5906 1.1768, -0.2353 -0.5906 1.1756, -0.6583 -0.5906 1.179, -0.656 -0.5906 1.1768, -0.6149 -0.5906 1.1385, -0.3185 -0.5906 1.1359, -0.3034 -0.5906 1.1466, -0.2858 -0.5906 1.1534, -0.2671 -0.5906 1.1557, -0.2465 -0.5906 1.1661, -0.2616 -0.5906 1.1554, -0.2562 -0.5906 1.1547, -0.3217 -0.5906 1.1329, -0.5622 -0.5906 1.0894, -0.3427 -0.5906 1.0894, -0.3406 -0.5906 1.1012, -0.3092 -0.5906 1.0145, -0.324 -0.5906 1.0271, -0.4367 -0.5906 1.0031, -0.2855 -0.5906 1.0031, -0.2861 -0.5906 1.0044, -0.2921 -0.5906 1.0062, -0.3348 -0.5906 1.0426, -0.3416 -0.5906 1.0602, -0.5452 -0.5906 1.0735, -0.3439 -0.5906 1.0788, -0.3438 -0.5906 1.0834, -0.2649 -0.5906 0.9785, -0.2742 -0.5906 0.9855, -0.3856 -0.5906 0.9767, -0.2813 -0.5906 0.9942, -0.4154 -0.5906 0.9893, -0.241 -0.5906 0.9721, -0.2729 -0.5906 0.9289, -0.2295 -0.5906 0.9735, -0.1221 -0.5906 0.8943, -0.2214 -0.5906 0.9767, -0.2428 -0.5906 0.9721, -0.254 -0.5906 0.9739, -0.2606 -0.5906 0.9767, -0.1966 -0.5906 1.0031, -0.1966 -0.5906 1.0028, -0.014 -0.5906 0.9767, -0.2023 -0.5906 0.9922, -0.2095 -0.5906 0.9842, -0.2189 -0.5906 0.9776, -0.0435 -0.5906 1.0854, -0.0413 -0.5906 1.0698, -0.136 -0.5906 1.0311, -0.1327 -0.5906 1.0324, -0.1271 -0.5906 1.0594, -0.2054 -0.5906 1.0513, -0.1419 -0.5906 1.0845, -0.2137 -0.5906 1.0589, -0.2238 -0.5906 1.0643, -0.1389 -0.5906 1.029, -0.0494 -0.5906 1.0379, -0.0588 -0.5906 1.0248, -0.014 -0.5906 1.0031, -0.0434 -0.5906 1.0529, -0.129 -0.5906 1.0328, -0.1286 -0.5906 1.0328, -0.1272 -0.5906 1.0325, -0.3101 -0.5906 1.0608, -0.3045 -0.5906 1.0513, -0.2804 -0.5906 1.0463, -0.296 -0.5906 1.0425, -0.2856 -0.5906 1.0361, -0.2628 -0.5906 1.062, -0.3129 -0.5906 1.0894, -0.2725 -0.5906 1.0553, -0.3141 -0.5906 1.0798, -0.3135 -0.5906 1.0724, -0.2524 -0.5906 1.0661, -0.241 -0.5906 1.0675, -0.2353 -0.5906 1.0671, -0.0717 -0.5906 1.0138, -0.0862 -0.5906 1.0068, -0.102 -0.5906 1.0034, -0.1437 -0.5906 1.0181, -0.1436 -0.5906 1.02, -0.1936 -0.5906 1.0243, -0.1427 -0.5906 1.0236, -0.1409 -0.5906 1.0268, -0.0803 -0.5906 1.0442, -0.0751 -0.5906 1.0516, -0.0718 -0.5906 1.0601, -0.0707 -0.5906 1.0694, -0.071 -0.5906 1.0739, -0.13 -0.5906 1.0034, -0.1327 -0.5906 1.0038, -0.1358 -0.5906 1.0051, -0.1389 -0.5906 1.0073, -0.14 -0.5906 1.0084, -0.1421 -0.5906 1.0114, -0.1433 -0.5906 1.0146, -0.1938 -0.5906 1.0145, -0.1936 -0.5906 1.0195, -0.1262 -0.5906 1.0324, -0.1048 -0.5906 1.0324, -0.0963 -0.5906 1.034, -0.0879 -0.5906 1.0379, -0.0809 -0.5906 1.0436, -0.1077 -0.5906 1.1064, -0.1115 -0.5906 1.1064, -0.0768 -0.5906 1.0894, -0.1 -0.5906 1.1056, -0.0733 -0.5906 1.083, -0.3126 -0.5906 1.0913, -0.3086 -0.5906 1.1019, -0.0778 -0.5906 1.0911, -0.0841 -0.5906 1.0978, -0.0916 -0.5906 1.1027, -0.1218 -0.5906 1.1349, -0.1325 -0.5906 1.1477, -0.2415 -0.5906 1.1201, -0.1336 -0.5906 1.1487, -0.1469 -0.5906 1.158, -0.2342 -0.5906 1.1351, -0.3037 -0.5906 1.1089, -0.2448 -0.5906 1.1219, -0.1121 -0.5906 1.1089, -0.1144 -0.5906 1.1197, -0.2554 -0.5906 1.1258, -0.2666 -0.5906 1.1272, -0.2717 -0.5906 1.127, -0.2236 -0.5906 1.1479, -0.1618 -0.5906 1.1637, -0.2109 -0.5906 1.1571, -0.1779 -0.5906 1.1657, -0.1954 -0.5906 1.1634, -0.2834 -0.5906 1.1242, -0.2939 -0.5906 1.1185, -0.302 -0.5906 1.1113, -0.0558 -0.5906 1.1089, -0.0493 -0.5906 1.0998, -0.0451 -0.5906 1.0894, 0.2325 -0.5906 1.0704, 0.2325 -0.5906 1.0627, 0.2403 -0.5906 1.0894, 0.234 -0.5906 1.0113, 0.2403 -0.5906 1.0031, 0.234 -0.5906 1.0036, 0.2193 -0.5906 1.0031, 0.2068 -0.5906 1.0113, 0.2193 -0.5906 1.0113, 0.2068 -0.5906 1.0337, 0.2193 -0.5906 1.0337, 0.2306 -0.5906 1.0337, 0.2306 -0.5906 1.0413, 0.2193 -0.5906 1.0627, 0.2193 -0.5906 1.0036, 0.1982 -0.5906 1.0036, 0.1937 -0.5906 1.0031, 0.1982 -0.5906 1.0704, 0.0603 -0.5906 1.026, 0.0619 -0.5906 1.0398, 0.0586 -0.5906 1.0233, 0.0576 -0.5906 1.0202, 0.0804 -0.5906 1.0453, 0.0775 -0.5906 1.0456, 0.0731 -0.5906 1.032, 0.1069 -0.5906 1.0139, 0.0955 -0.5906 1.0343, 0.1069 -0.5906 1.0053, 0.0955 -0.5906 1.0036, 0.083 -0.5906 1.0062, 0.0801 -0.5906 1.0042, 0.0872 -0.5906 1.0036, 0.0769 -0.5906 1.0031, 0.0628 -0.5906 1.0283, 0.0661 -0.5906 1.0302, 0.0677 -0.5906 1.0435, 0.0729 -0.5906 1.0452, 0.0543 -0.5906 0.9767, 0.0675 -0.5906 1.0031, 0.0543 -0.5906 1.0031, 0.0674 -0.5906 1.0031, 0.0642 -0.5906 1.0043, 0.0896 -0.5906 1.0493, 0.0918 -0.5906 1.0472, 0.1082 -0.5906 1.0441, 0.0613 -0.5906 1.0063, 0.0604 -0.5906 1.0072, 0.0587 -0.5906 1.0098, 0.1101 -0.5906 1.0119, 0.1107 -0.5906 1.0117, 0.1107 -0.5906 1.0294, 0.1073 -0.5906 1.0414, 0.0706 -0.5906 1.0516, 0.0543 -0.5906 1.0894, 0.0643 -0.5906 1.0493, 0.0619 -0.5906 1.048, 0.0872 -0.5906 1.011, 0.087 -0.5906 1.011, 0.0857 -0.5906 1.009, 0.0577 -0.5906 1.0126, 0.0573 -0.5906 1.0164, 0.0949 -0.5906 1.0408, 0.1073 -0.5906 1.0352, 0.0783 -0.5906 1.0524, 0.0833 -0.5906 1.052, 0.0868 -0.5906 1.0509, 0.0872 -0.5906 1.0339, 0.0869 -0.5906 1.0376, 0.086 -0.5906 1.0406, 0.0851 -0.5906 1.0423, 0.0936 -0.5906 1.0445, 0.1069 -0.5906 1.0384, 0.1107 -0.5906 1.0295, 0.1093 -0.5906 1.0309, 0.1082 -0.5906 1.0326, 0.0838 -0.5906 1.0437, 0.0823 -0.5906 1.0446, 0.1143 -0.5906 1.0031, 0.1107 -0.5906 0.9767, 0.1198 -0.5906 1.0025, 0.1412 -0.5906 0.9767, 0.1368 -0.5906 1.0503, 0.1368 -0.5906 1.0422, 0.1098 -0.5906 1.0464, 0.1107 -0.5906 1.0472, 0.1107 -0.5906 1.0894, 0.1123 -0.5906 1.0486, 0.1142 -0.5906 1.0498, 0.1387 -0.5906 1.0133, 0.1376 -0.5906 1.0106, 0.1361 -0.5906 1.0084, 0.1187 -0.5906 1.0516, 0.1255 -0.5906 1.0524, 0.1412 -0.5906 1.0894, 0.1304 -0.5906 1.052, 0.1363 -0.5906 1.0245, 0.1378 -0.5906 1.0222, 0.1387 -0.5906 1.0197, 0.1391 -0.5906 1.0166, 0.1337 -0.5906 1.0063, 0.1316 -0.5906 1.005, 0.1247 -0.5906 1.0456, 0.1222 -0.5906 1.0454, 0.1155 -0.5906 1.0392, 0.12 -0.5906 1.0448, 0.1181 -0.5906 1.0438, 0.1156 -0.5906 1.0381, 0.1159 -0.5906 1.0368, 0.1165 -0.5906 1.0357, 0.1174 -0.5906 1.0348, 0.1203 -0.5906 1.0329, 0.1302 -0.5906 1.045, 0.1255 -0.5906 1.0307, 0.1349 -0.5906 1.0433, 0.1287 -0.5906 1.0294, 0.1343 -0.5906 1.0263, 0.1168 -0.5906 1.0427, 0.1161 -0.5906 1.0417, 0.1157 -0.5906 1.0405, 0.1154 -0.5906 1.01, 0.1196 -0.5906 1.0246, 0.1146 -0.5906 1.0269, 0.1206 -0.5906 1.0093, 0.121 -0.5906 1.0093, 0.1251 -0.5906 1.0223, 0.1253 -0.5906 1.0098, 0.1305 -0.5906 1.0158, 0.1304 -0.5906 1.0168, 0.1274 -0.5906 1.0106, 0.1282 -0.5906 1.0111, 0.1291 -0.5906 1.0119, 0.1299 -0.5906 1.013, 0.1303 -0.5906 1.0142, 0.13 -0.5906 1.0181, 0.1294 -0.5906 1.0192, 0.1283 -0.5906 1.0203, 0.2557 -0.5906 1.1762, 0.3327 -0.5906 1.1768, 0.2403 -0.5906 1.1768, 0.2648 -0.5906 1.1277, 0.2403 -0.5906 1.1277, 0.2716 -0.5906 1.1095, 0.2403 -0.5906 1.1089, 0.2812 -0.5906 1.1095, 0.3934 -0.5906 1.1089, 0.237 -0.5906 1.1277, 0.2306 -0.5906 1.1095, 0.2193 -0.5906 1.1089, 0.2211 -0.5906 1.1095, 0.2193 -0.5906 1.1768, 0.2403 -0.5906 1.16, 0.2465 -0.5906 1.1762, 0.1937 -0.5906 1.1089, 0.1926 -0.5906 1.1108, 0.1814 -0.5906 1.1095, 0.1821 -0.5906 1.1762, 0.1937 -0.5906 1.1768, 0.1568 -0.5906 1.1768, 0.1568 -0.5906 1.1089, 0.1631 -0.5906 1.1095, 0.1631 -0.5906 1.1762, 0.2103 -0.5906 1.1644, 0.2143 -0.5906 1.1583, 0.2154 -0.5906 1.1312, 0.2121 -0.5906 1.1244, 0.2074 -0.5906 1.1674, 0.1932 -0.5906 1.1749, 0.1937 -0.5906 1.1747, 0.2012 -0.5906 1.1717, 0.2003 -0.5906 1.1138, 0.1937 -0.5906 1.1112, 0.2074 -0.5906 1.1188, 0.2067 -0.5906 1.1182, 0.2166 -0.5906 1.1518, 0.2174 -0.5906 1.1437, 0.2172 -0.5906 1.1389, 0.1412 -0.5906 1.1768, 0.149 -0.5906 1.1762, 0.1412 -0.5906 1.1762, 0.1232 -0.5906 1.1171, 0.1412 -0.5906 1.1171, 0.1232 -0.5906 1.1396, 0.1412 -0.5906 1.1396, 0.1471 -0.5906 1.1396, 0.1505 -0.5906 1.1171, 0.1471 -0.5906 1.1472, 0.149 -0.5906 1.1685, 0.1412 -0.5906 1.1685, 0.1146 -0.5906 1.1095, 0.1107 -0.5906 1.1089, 0.1412 -0.5906 1.1089, 0.1505 -0.5906 1.1095, 0.1412 -0.5906 1.1095, 0.1146 -0.5906 1.1762, 0.1107 -0.5906 1.1768, 0.0503 -0.5906 1.1768, 0.0503 -0.5906 1.4926, 0.0543 -0.5906 1.1768, 0.0543 -0.5906 1.4881, 0.2403 -0.5906 1.2801, 0.2193 -0.5906 1.3036, 0.1937 -0.5906 1.3323, 0.1568 -0.5906 1.3735, 0.1412 -0.5906 1.3909, 0.1107 -0.5906 1.425, 0.0923 -0.5906 1.1768, 0.4109 -0.5906 1.0894, 0.4351 -0.5906 1.0031, 0.4715 -0.5906 1.0217, 0.265 -0.5906 1.0036, 0.2466 -0.5906 1.0036, 0.3047 -0.5906 1.0036, 0.299 -0.5906 1.0253, 0.2956 -0.5906 1.0185, 0.2466 -0.5906 1.0704, 0.2657 -0.5906 1.0704, 0.2909 -0.5906 1.013, 0.2903 -0.5906 1.0124, 0.2838 -0.5906 1.0079, 0.3301 -0.5906 1.0704, 0.2768 -0.5906 1.069, 0.2847 -0.5906 1.0659, 0.2979 -0.5906 1.0525, 0.3001 -0.5906 1.0459, 0.301 -0.5906 1.0379, 0.3007 -0.5906 1.0331, 0.2909 -0.5906 1.0615, 0.2939 -0.5906 1.0585, 0.3393 -0.5906 1.0704, 0.3647 -0.5906 1.0036, 0.3552 -0.5906 1.0036, 0.3484 -0.5906 1.0219, 0.3206 -0.5906 1.0219, 0.3142 -0.5906 1.0036, 0.3338 -0.5906 0.9511, 0.3836 -0.5906 0.9767, 0.2403 -0.5906 0.9767, 0.2403 -0.5906 0.9223, 0.2193 -0.5906 0.9767, 0.2193 -0.5906 0.9158, 0.1937 -0.5906 0.9767, 0.1937 -0.5906 0.9079, 0.1859 -0.5906 0.9056, 0.1568 -0.5906 0.9767, 0.1568 -0.5906 0.9019, 0.1412 -0.5906 0.9, 0.1107 -0.5906 0.8962, 0.0543 -0.5906 0.8891, -0.014 -0.5906 0.8888, 0.0324 -0.5906 0.8864, 0.0503 -0.5906 0.9767, 0.0503 -0.5906 0.8886, -0.7811 -0.5906 2.1895, -0.8419 -0.5906 2.0472, -0.8216 -0.5906 1.4405, -0.877 -0.5906 1.8965, -0.8853 -0.5906 1.742, -0.8667 -0.5906 1.5885, -0.7514 -0.5906 1.3026, -0.6965 -0.5906 2.319, -0.0195 -0.5906 1.9566, -0.014 -0.5906 1.9545, 0.0503 -0.5906 2.6527, 0.0151 -0.5906 1.9435, 0.049 -0.5906 1.9243, 0.0503 -0.5906 1.9235, 0.0543 -0.5906 2.6524, 0.0538 -0.5906 1.9211, 0.0543 -0.5906 1.9207, 0.1107 -0.5906 2.6492, 0.1107 -0.5906 1.8708, 0.1108 -0.5906 1.8707, 0.1412 -0.5906 2.645, 0.0868 -0.5906 1.8949, 0.1277 -0.5906 2.6482, 0.2782 -0.5906 2.6127, 0.2403 -0.5906 2.6216, 0.2403 -0.5906 1.7259, 0.2193 -0.5906 2.6266, 0.2193 -0.5906 1.7495, 0.1937 -0.5906 2.6326, 0.1937 -0.5906 1.7781, 0.1568 -0.5906 2.6414, 0.1568 -0.5906 1.8193, 0.1412 -0.5906 1.8367, 0.693 -0.5906 1.2199, 0.7784 -0.5906 1.3489, 0.8401 -0.5906 1.4908, 0.8762 -0.5906 1.6412, 0.8855 -0.5906 1.7957, 0.8678 -0.5906 1.9494, 0.8237 -0.5906 2.0977, 0.7544 -0.5906 2.236, 0.6621 -0.5906 2.3602, 0.5496 -0.5906 2.4664, 0.4203 -0.5906 2.5514, 0.0947 -0.5906 1.1766, 0.1012 -0.5906 1.1746, 0.1012 -0.5906 1.1656, 0.1012 -0.5906 1.1205, 0.1012 -0.5906 1.1123, 0.1001 -0.5906 1.1117, 0.0929 -0.5906 1.1093, 0.0887 -0.5906 1.1089, 0.0875 -0.5906 1.1162, 0.095 -0.5906 1.1177, 0.0603 -0.5906 1.1415, 0.0603 -0.5906 1.1421, 0.0663 -0.5906 1.161, 0.0632 -0.5906 1.1562, 0.0612 -0.5906 1.1502, 0.1 -0.5906 1.1663, 0.0931 -0.5906 1.1687, 0.0682 -0.5906 1.1218, 0.0725 -0.5906 1.1187, 0.0855 -0.5906 1.1696, 0.0826 -0.5906 1.1694, 0.0768 -0.5906 1.1682, 0.0669 -0.5906 1.1231, 0.0614 -0.5906 1.1333, 0.0635 -0.5906 1.1279, 0.0772 -0.5906 1.1169, 0.084 -0.5906 1.116, 0.0716 -0.5906 1.1657, 0.0673 -0.5906 1.1622, 0.0543 -0.5906 1.157, 0.0564 -0.5906 1.1617, 0.07 -0.5906 1.1741, 0.0772 -0.5906 1.1765, 0.0799 -0.5906 1.1768, 0.0854 -0.5906 1.1773, 0.0861 -0.5906 1.1773, 0.0609 -0.5906 1.1675, 0.0633 -0.5906 1.1697, 0.0531 -0.5906 1.1544, 0.0543 -0.5906 1.1264, 0.0526 -0.5906 1.1309, 0.0503 -0.5906 1.1089, 0.0513 -0.5906 1.1416, 0.0515 -0.5906 1.1459, 0.0651 -0.5906 1.1131, 0.0598 -0.5906 1.1175, 0.0543 -0.5906 1.1089, 0.0592 -0.5906 1.1182, 0.0552 -0.5906 1.1239, 0.0828 -0.5906 1.1084, 0.0786 -0.5906 1.1086, 0.0769 -0.5906 1.1089, 0.0714 -0.5906 1.1101, 0.0767 -0.5906 1.003, 0.0724 -0.5906 1.0025, 0.1805 -0.5906 1.0513, 0.1892 -0.5906 1.0513, 0.1937 -0.5906 1.0894, 0.2193 -0.5906 1.0704, 0.2193 -0.5906 1.0894, 0.1701 -0.5906 1.0031, 0.1652 -0.5906 1.0155, 0.1662 -0.5906 1.0116, 0.1664 -0.5906 1.0116, 0.1568 -0.5906 1.0894, 0.1568 -0.5906 1.0397, 0.1675 -0.5906 1.0154, 0.1668 -0.5906 1.0132, 0.1568 -0.5906 1.0173, 0.1434 -0.5906 1.0513, 0.1528 -0.5906 1.0513, 0.1618 -0.5906 1.0031, 0.1621 -0.5906 1.0037, 0.1568 -0.5906 0.9921, 0.1568 -0.5906 0.9921, 0.1568 -0.5906 1.0031, 0.1584 -0.5906 0.9951, 0.1451 -0.5906 0.9893, 0.1451 -0.5906 0.9819, 0.1468 -0.5906 0.9888, 0.1499 -0.5906 0.9884, 0.1519 -0.5906 0.9886, 0.1568 -0.5906 0.9827, 0.1539 -0.5906 0.9816, 0.1505 -0.5906 0.9812, 0.1487 -0.5906 0.9813, 0.1537 -0.5906 0.9893, 0.1552 -0.5906 0.9903, 0.1675 -0.5906 0.9964, 0.1637 -0.5906 0.9891, 0.1607 -0.5906 0.9854, 0.1601 -0.5906 0.9849, 0.1572 -0.5906 0.9828, 0.0486 -0.5906 1.1171, 0.0486 -0.5906 1.1095, 0.0134 -0.5906 1.1095, 0.022 -0.5906 1.1171, 0.022 -0.5906 1.1762, 0.0134 -0.5906 1.1762, 0.0503 -0.5906 1.0031, 0.0493 -0.5906 1.0036, 0.0134 -0.5906 1.0036, 0.0493 -0.5906 1.0113, 0.0477 -0.5906 1.0627, 0.022 -0.5906 1.0337, 0.022 -0.5906 1.0113, 0.0458 -0.5906 1.0337, 0.0458 -0.5906 1.0413, 0.022 -0.5906 1.0413, 0.022 -0.5906 1.0627, 0.0134 -0.5906 1.0704, 0.0477 -0.5906 1.0704, 0.2762 -0.5906 1.005, 1.1773 -0.5099 0.1176, 1.1733 -0.5374 0.1184, 1.1708 -0.5369 0.0936, 1.1639 -0.5665 0.1192, 1.1635 -0.5676 0.1193, 1.1613 -0.5667 0.0943, 1.1329 -0.6156 0.1207, 1.1313 -0.6177 0.1207, 1.1298 -0.6163 0.0955, 1.1106 -0.637 0.1213, 1.0844 -0.6543 0.1219, 1.0835 -0.6526 0.0965, 1.0547 -0.6666 0.1224, 1.028 -0.6733 0.1227, 1.0277 -0.6715 0.0972, 1.023 -0.6737 0.1227, 1.0001 -0.6754 0.1228, 1.0001 -0.6737 0.0973, 0.9902 -0.6745 0.1229, 0.9685 -0.6725 0.1229, 0.9688 -0.6708 0.0974, 0.9569 -0.6694 0.1229, 0.9415 -0.6653 0.1228, 0.9421 -0.6637 0.0973, 0.9248 -0.6576 0.1227, 0.9127 -0.6521 0.1226, 0.9135 -0.6506 0.0972, 0.8979 -0.642 0.1224, 0.8896 -0.6364 0.1223, 0.8907 -0.635 0.0969, 0.8744 -0.6218 0.122, 0.8667 -0.6144 0.1218, 0.8682 -0.6131 0.0965, 0.8548 -0.5983 0.1215, 0.8501 -0.592 0.1213, 0.8519 -0.5909 0.096, 0.8397 -0.5713 0.1208, 0.8358 -0.5636 0.1206, 0.8378 -0.5628 0.0954, 0.8293 -0.5423 0.1201, 0.8276 -0.537 0.1199, 0.8298 -0.5365 0.0949, 1.1657 -0.4792 0.0687, 1.1532 -0.4807 0.0474, 1.1483 -0.457 0.0471, 1.1365 -0.4826 0.0293, 1.1321 -0.4615 0.029, 0.9269 -0.3378 0.1058, 0.9336 -0.3348 0.1082, 0.9347 -0.3375 0.0897, 0.9489 -0.6065 0.0168, 0.9608 -0.6107 0.0168, 0.9542 -0.6294 0.0311, 1.0927 -0.5732 0.0162, 1.1003 -0.561 0.0161, 1.1174 -0.5716 0.0303, 1.1181 -0.4993 0.0155, 1.1164 -0.4849 0.0154, 0.8862 -0.5305 0.0164, 0.8904 -0.542 0.0164, 0.872 -0.5493 0.0305, 0.8979 -0.559 0.0166, 0.8993 -0.5614 0.0166, 0.883 -0.5715 0.0307, 0.9009 -0.5643 0.0166, 0.9107 -0.5763 0.0167, 0.8958 -0.5892 0.0308, 0.9165 -0.5835 0.0167, 0.8941 -0.5522 0.0165, 0.8658 -0.5284 0.0302, 0.8846 -0.5242 0.0163, 0.8852 -0.5279 0.0163, 0.8827 -0.5142 0.0162, 0.8629 -0.5039 0.03, 0.8826 -0.5032 0.0161, 0.8826 -0.5 0.0161, 0.8629 -0.4996 0.0299, 0.8826 -0.4994 0.0161, 0.8825 -0.4883 0.016, 0.8651 -0.4751 0.0297, 0.8841 -0.4783 0.0159, 0.8707 -0.4541 0.0294, 0.8864 -0.4696 0.0158, 0.8847 -0.4746 0.0159, 0.8979 -0.441 0.0156, 0.8978 -0.4412 0.0156, 0.881 -0.4318 0.0292, 0.893 -0.4501 0.0157, 0.8894 -0.4605 0.0158, 0.9229 -0.4108 0.0153, 0.9165 -0.4165 0.0153, 0.9101 -0.3964 0.0287, 0.9155 -0.4174 0.0153, 0.8931 -0.414 0.0289, 0.9087 -0.4262 0.0154, 0.8996 -0.4378 0.0156, 0.9274 -0.3836 0.0285, 0.938 -0.4003 0.0151, 0.9258 -0.4081 0.0152, 0.9604 -0.3887 0.015, 0.9564 -0.3904 0.015, 0.9491 -0.3725 0.0284, 0.9476 -0.3941 0.0151, 0.9413 -0.3982 0.0151, 0.9696 -0.3866 0.0149, 0.9696 -0.3661 0.0283, 0.9741 -0.3855 0.0149, 0.9856 -0.3828 0.0149, 0.9936 -0.3628 0.0282, 0.9946 -0.3822 0.0148, 1.015 -0.3634 0.0282, 1.0 -0.3819 0.0148, 0.9995 -0.3819 0.0148, 1.0333 -0.3869 0.0148, 1.0305 -0.3861 0.0148, 1.0389 -0.3682 0.0282, 1.0252 -0.3846 0.0148, 1.0129 -0.3833 0.0148, 1.0684 -0.404 0.0149, 1.062 -0.3995 0.0148, 1.0799 -0.3881 0.0283, 1.0589 -0.398 0.0148, 1.0589 -0.3758 0.0282, 1.0502 -0.3939 0.0148, 1.0386 -0.3884 0.0148, 1.096 -0.4316 0.015, 1.0918 -0.4257 0.015, 1.1121 -0.4203 0.0286, 1.083 -0.417 0.0149, 1.0963 -0.4018 0.0284, 1.0821 -0.4161 0.0149, 1.0734 -0.4074 0.0149, 1.1232 -0.4387 0.0288, 1.1019 -0.4411 0.0151, 1.0999 -0.437 0.0151, 1.1139 -0.4695 0.0153, 1.1131 -0.4668 0.0153, 1.1112 -0.4602 0.0152, 1.105 -0.4475 0.0151, 1.1151 -0.4736 0.0153, 1.1149 -0.5242 0.0158, 1.1174 -0.5132 0.0157, 1.1374 -0.5072 0.0295, 1.1178 -0.5059 0.0156, 1.1181 -0.5 0.0155, 1.1017 -0.5587 0.0161, 1.1064 -0.5513 0.016, 1.1272 -0.5522 0.03, 1.1092 -0.5445 0.0159, 1.1117 -0.5384 0.0159, 1.0743 -0.5909 0.0164, 1.0834 -0.5836 0.0163, 1.1026 -0.5915 0.0305, 1.0835 -0.5835 0.0163, 1.0881 -0.5783 0.0163, 1.0396 -0.6105 0.0166, 1.0511 -0.6065 0.0166, 1.0662 -0.6204 0.0309, 1.0569 -0.6033 0.0165, 1.059 -0.6021 0.0165, 1.0002 -0.6174 0.0168, 1.0129 -0.6174 0.0168, 1.0221 -0.6356 0.0311, 1.019 -0.6164 0.0167, 1.0266 -0.6151 0.0167, 0.9696 -0.6137 0.0168, 0.9733 -0.6151 0.0168, 0.9754 -0.6351 0.0312, 0.9789 -0.616 0.0168, 0.987 -0.6174 0.0168, 0.926 -0.5911 0.0168, 0.9368 -0.5998 0.0168, 0.9316 -0.619 0.0311, 0.941 -0.6021 0.0168, 0.9412 -0.6022 0.0168, 0.9609 -0.3292 0.0894, 0.9376 -0.333 0.1095, 0.9484 -0.329 0.1136, 0.9599 -0.3259 0.1134, 0.8942 -0.3591 0.0962, 0.907 -0.3517 0.0901, 0.8851 -0.3671 0.0942, 0.885 -0.3682 0.0906, 0.8846 -0.3676 0.0941, 0.9039 -0.3517 0.0987, 0.9065 -0.3499 0.0994, 0.9166 -0.3434 0.1024, 0.8655 -0.3884 0.0912, 0.8683 -0.3849 0.0915, 0.8765 -0.3757 0.0926, 0.8699 -0.3958 0.068, 0.8637 -0.3909 0.0911, 0.8905 -0.3743 0.0675, 0.8456 -0.4187 0.0915, 0.8485 -0.4138 0.0912, 0.8552 -0.4175 0.0685, 0.8516 -0.4083 0.0909, 0.8582 -0.3982 0.0908, 0.8351 -0.442 0.0946, 0.8383 -0.4338 0.0932, 0.8354 -0.4421 0.0926, 0.8404 -0.4292 0.0926, 0.8422 -0.4255 0.0922, 0.8285 -0.4688 0.0933, 0.8278 -0.4657 0.1001, 0.8306 -0.4551 0.0973, 0.8341 -0.4445 0.095, 0.8259 -0.5055 0.0942, 0.8235 -0.4999 0.1126, 0.8258 -0.5 0.094, 0.8239 -0.49 0.1084, 0.8251 -0.4799 0.1046, 0.8257 -0.4761 0.1033, 0.8272 -0.4686 0.101, 0.824 -0.5135 0.1193, 0.8237 -0.5094 0.1172, 0.8236 -0.5056 0.1153, 1.1765 -0.478 0.1168, 1.1736 -0.4783 0.0922, 1.1682 -0.4514 0.0916, 1.157 -0.4223 0.0909, 1.1695 -0.4465 0.1159, 1.1711 -0.4506 0.116, 1.1431 -0.3987 0.0904, 1.158 -0.4178 0.1152, 1.1598 -0.4209 0.1153, 1.1229 -0.375 0.0899, 1.1419 -0.3923 0.1145, 1.1457 -0.3969 0.1146, 1.102 -0.3573 0.0895, 1.1212 -0.3691 0.114, 1.1253 -0.3726 0.114, 1.0752 -0.3416 0.0892, 1.0966 -0.3502 0.1135, 1.104 -0.3546 0.1136, 1.0496 -0.3318 0.0891, 1.0692 -0.3355 0.1132, 1.0767 -0.3384 0.1133, 1.0191 -0.3257 0.0891, 1.0365 -0.3256 0.1131, 1.0506 -0.3284 0.1131, 0.9917 -0.3249 0.0891, 1.0032 -0.3217 0.1131, 1.0195 -0.3222 0.1131, 0.9601 -0.3258 0.1134, 0.9915 -0.3214 0.1132, 0.9922 -0.3214 0.1132, 0.9115 -0.3586 0.0671, 0.9379 -0.3451 0.0668, 0.9628 -0.3373 0.0665, 0.9921 -0.3332 0.0663, 1.0182 -0.334 0.0663, 1.0472 -0.3398 0.0663, 1.0716 -0.3491 0.0664, 1.0971 -0.3641 0.0667, 1.1171 -0.3808 0.0669, 1.1363 -0.4034 0.0673, 1.1497 -0.4258 0.0677, 1.1605 -0.4536 0.0682, 1.1383 -0.4314 0.0467, 1.1259 -0.4107 0.0464, 1.1081 -0.3899 0.0462, 1.0897 -0.3745 0.046, 1.0661 -0.3606 0.0458, 1.0436 -0.3521 0.0457, 1.0168 -0.3468 0.0457, 0.9928 -0.346 0.0457, 0.9657 -0.3498 0.0459, 0.9427 -0.357 0.046, 0.9183 -0.3694 0.0463, 0.8989 -0.3838 0.0466, 0.8799 -0.4036 0.0469, 0.8663 -0.4237 0.0473, 0.8548 -0.4487 0.0477, 0.8486 -0.4722 0.0481, 0.846 -0.4998 0.0485, 0.8461 -0.5046 0.0486, 0.8494 -0.5321 0.049, 0.8429 -0.4447 0.0691, 0.8362 -0.4701 0.0696, 0.8335 -0.4999 0.0702, 0.8336 -0.5051 0.0703, 0.8372 -0.5348 0.0708, 0.8448 -0.5601 0.0713, 0.8564 -0.5555 0.0493, 0.8581 -0.587 0.0718, 0.8687 -0.5804 0.0496, 0.8737 -0.6083 0.0721, 0.8831 -0.6002 0.0499, 0.8953 -0.6293 0.0724, 0.903 -0.6197 0.0501, 0.9136 -0.6066 0.031, 0.9165 -0.5836 0.0167, 0.9171 -0.6443 0.0726, 0.9232 -0.6336 0.0503, 0.9445 -0.6569 0.0728, 0.9486 -0.6453 0.0504, 0.9701 -0.6637 0.0728, 0.9723 -0.6516 0.0504, 1.0001 -0.6665 0.0728, 1.0002 -0.6542 0.0504, 1.0002 -0.6373 0.0311, 1.0 -0.6174 0.0168, 1.0266 -0.6644 0.0727, 1.0247 -0.6522 0.0503, 1.0588 -0.6656 0.1223, 1.0582 -0.6638 0.0969, 1.0558 -0.657 0.0724, 1.0517 -0.6453 0.0501, 1.0462 -0.6294 0.031, 1.0304 -0.6137 0.0167, 1.08 -0.6462 0.0722, 1.0742 -0.6353 0.0499, 1.1109 -0.6368 0.1213, 1.1096 -0.6352 0.096, 1.105 -0.6295 0.0718, 1.0973 -0.6198 0.0496, 1.0868 -0.6066 0.0307, 1.0632 -0.5998 0.0165, 1.1242 -0.6112 0.0714, 1.1151 -0.6029 0.0494, 1.1506 -0.5924 0.12, 1.1486 -0.5912 0.0949, 1.1422 -0.5872 0.0709, 1.1317 -0.5806 0.049, 1.1543 -0.5637 0.0704, 1.1427 -0.5588 0.0486, 1.1632 -0.5351 0.0698, 1.151 -0.5324 0.0482, 1.1345 -0.5287 0.0298, 1.1135 -0.5304 0.0158, 1.1773 -0.5098 0.1176, 1.1746 -0.5096 0.0929, 1.1667 -0.5091 0.0693, 1.1542 -0.5083 0.0479, -1.1773 0.5099 0.1176, -1.1733 0.5374 0.1184, -1.1708 0.5369 0.0936, -1.1639 0.5665 0.1192, -1.1635 0.5676 0.1193, -1.1613 0.5667 0.0943, -1.1329 0.6156 0.1207, -1.1313 0.6177 0.1207, -1.1298 0.6163 0.0955, -1.1106 0.637 0.1213, -1.0844 0.6543 0.1219, -1.0835 0.6526 0.0965, -1.0547 0.6666 0.1224, -1.028 0.6733 0.1227, -1.0277 0.6715 0.0972, -1.023 0.6737 0.1227, -1.0001 0.6754 0.1228, -1.0001 0.6737 0.0973, -0.9902 0.6745 0.1229, -0.9685 0.6725 0.1229, -0.9688 0.6708 0.0974, -0.9569 0.6694 0.1229, -0.9415 0.6653 0.1228, -0.9421 0.6637 0.0973, -0.9248 0.6576 0.1227, -0.9127 0.6521 0.1226, -0.9135 0.6506 0.0972, -0.8979 0.642 0.1224, -0.8896 0.6364 0.1223, -0.8907 0.635 0.0969, -0.8744 0.6218 0.122, -0.8667 0.6144 0.1218, -0.8682 0.6131 0.0965, -0.8548 0.5983 0.1215, -0.8501 0.592 0.1213, -0.8519 0.5909 0.096, -0.8397 0.5713 0.1208, -0.8358 0.5636 0.1206, -0.8378 0.5628 0.0954, -0.8293 0.5423 0.1201, -0.8276 0.537 0.1199, -0.8298 0.5365 0.0949, -1.1657 0.4792 0.0687, -1.1532 0.4807 0.0474, -1.1483 0.457 0.0471, -1.1365 0.4826 0.0293, -1.1321 0.4615 0.029, -0.9269 0.3378 0.1058, -0.9336 0.3348 0.1082, -0.9347 0.3375 0.0897, -0.9231 0.4111 0.0153, -0.9101 0.3964 0.0287, -0.9274 0.3836 0.0285, -0.8887 0.5396 0.0164, -0.89 0.5421 0.0164, -0.872 0.5493 0.0305, -0.9081 0.5742 0.0167, -0.9104 0.5765 0.0167, -0.8958 0.5892 0.0308, -0.9746 0.6153 0.0168, -0.9789 0.6158 0.0168, -0.9754 0.6351 0.0312, -1.0142 0.6173 0.0168, -1.019 0.6161 0.0167, -1.0221 0.6356 0.0311, -1.0522 0.6059 0.0166, -1.0568 0.603 0.0165, -1.0662 0.6204 0.0309, -1.0587 0.6018 0.0165, -1.074 0.592 0.0164, -1.0868 0.6066 0.0307, -1.0843 0.5827 0.0163, -1.0879 0.5781 0.0163, -1.1026 0.5915 0.0305, -1.107 0.5501 0.016, -1.1089 0.5445 0.0159, -1.1272 0.5522 0.03, -1.1175 0.5119 0.0156, -1.1175 0.5059 0.0156, -1.1374 0.5072 0.0295, -1.1174 0.5 0.0156, -1.1173 0.486 0.0154, -1.1121 0.4203 0.0286, -1.0958 0.4317 0.015, -1.0963 0.4018 0.0284, -1.0836 0.4166 0.0149, -1.0835 0.4165 0.0149, -1.1138 0.4695 0.0153, -1.1129 0.4669 0.0153, -1.106 0.448 0.0151, -1.1232 0.4387 0.0288, -1.1021 0.441 0.0151, -1.0992 0.4359 0.0151, -1.1148 0.4723 0.0153, -1.1153 0.5256 0.0158, -1.1021 0.559 0.0161, -1.0835 0.5835 0.0163, -1.0394 0.6113 0.0166, -1.0003 0.6181 0.0168, -0.9542 0.6294 0.0311, -0.9606 0.6113 0.0168, -0.9612 0.6116 0.0168, -0.9695 0.6139 0.0168, -0.9265 0.5924 0.0168, -0.9378 0.6004 0.0168, -0.9316 0.619 0.0311, -0.9411 0.602 0.0168, -0.9412 0.602 0.0168, -0.9 0.5629 0.0166, -0.8861 0.5305 0.0164, -0.8848 0.5263 0.0163, -0.8658 0.5284 0.0302, -0.8846 0.5242 0.0163, -0.8629 0.5039 0.03, -0.8822 0.5031 0.0161, -0.8819 0.5005 0.0161, -0.8629 0.4996 0.0299, -0.8819 0.5 0.0161, -0.8651 0.4751 0.0297, -0.8826 0.4867 0.016, -0.8819 0.4994 0.0161, -0.8707 0.4541 0.0294, -0.8865 0.4696 0.0158, -0.8845 0.4784 0.0159, -0.881 0.4318 0.0292, -0.8937 0.4486 0.0157, -0.8884 0.4614 0.0158, -0.8931 0.414 0.0289, -0.8982 0.4413 0.0156, -0.8982 0.4414 0.0156, -0.9167 0.4163 0.0153, -0.9165 0.4165 0.0153, -0.9074 0.4266 0.0154, -0.9565 0.3908 0.015, -0.9491 0.3934 0.0151, -0.9491 0.3725 0.0284, -0.941 0.3979 0.0151, -0.9369 0.4001 0.0151, -0.9696 0.3863 0.0149, -0.9696 0.3661 0.0283, -0.9736 0.3849 0.0149, -0.9873 0.3826 0.0149, -0.9936 0.3628 0.0282, -0.9946 0.3826 0.0149, -1.0 0.3826 0.0148, -1.015 0.3634 0.0282, -1.0131 0.3826 0.0148, -1.0268 0.385 0.0148, -1.0389 0.3682 0.0282, -1.0304 0.3863 0.0148, -1.0332 0.3872 0.0148, -1.0589 0.3758 0.0282, -1.0505 0.3933 0.0148, -1.0799 0.3881 0.0283, -1.059 0.3979 0.0148, -1.0513 0.3936 0.0148, -1.0825 0.4157 0.0149, -1.0682 0.4042 0.0149, -1.0634 0.4003 0.0148, -0.9609 0.3292 0.0894, -0.9376 0.333 0.1095, -0.9484 0.329 0.1136, -0.9599 0.3259 0.1134, -0.8942 0.3591 0.0962, -0.907 0.3517 0.0901, -0.8851 0.3671 0.0942, -0.885 0.3682 0.0906, -0.8846 0.3676 0.0941, -0.9039 0.3517 0.0987, -0.9065 0.3499 0.0994, -0.9166 0.3434 0.1024, -0.8655 0.3884 0.0912, -0.8683 0.3849 0.0915, -0.8765 0.3757 0.0926, -0.8699 0.3958 0.068, -0.8637 0.3909 0.0911, -0.8905 0.3743 0.0675, -0.8456 0.4187 0.0915, -0.8485 0.4138 0.0912, -0.8552 0.4175 0.0685, -0.8516 0.4083 0.0909, -0.8582 0.3982 0.0908, -0.8351 0.442 0.0946, -0.8383 0.4338 0.0932, -0.8354 0.4421 0.0926, -0.8404 0.4292 0.0926, -0.8422 0.4255 0.0922, -0.8285 0.4688 0.0933, -0.8278 0.4657 0.1001, -0.8306 0.4551 0.0973, -0.8341 0.4445 0.095, -0.8259 0.5055 0.0942, -0.8235 0.4999 0.1126, -0.8258 0.5 0.094, -0.8239 0.49 0.1084, -0.8251 0.4799 0.1046, -0.8257 0.4761 0.1033, -0.8272 0.4686 0.101, -0.824 0.5135 0.1193, -0.8237 0.5094 0.1172, -0.8236 0.5056 0.1153, -1.1765 0.478 0.1168, -1.1736 0.4783 0.0922, -1.1682 0.4514 0.0916, -1.157 0.4223 0.0909, -1.1695 0.4465 0.1159, -1.1711 0.4506 0.116, -1.1431 0.3987 0.0904, -1.158 0.4178 0.1152, -1.1598 0.4209 0.1153, -1.1229 0.375 0.0899, -1.1419 0.3923 0.1145, -1.1457 0.3969 0.1146, -1.102 0.3573 0.0895, -1.1212 0.3691 0.114, -1.1253 0.3726 0.114, -1.0752 0.3416 0.0892, -1.0966 0.3502 0.1135, -1.104 0.3546 0.1136, -1.0496 0.3318 0.0891, -1.0692 0.3355 0.1132, -1.0767 0.3384 0.1133, -1.0191 0.3257 0.0891, -1.0365 0.3256 0.1131, -1.0506 0.3284 0.1131, -0.9917 0.3249 0.0891, -1.0032 0.3217 0.1131, -1.0195 0.3222 0.1131, -0.9601 0.3258 0.1134, -0.9915 0.3214 0.1132, -0.9922 0.3214 0.1132, -0.9115 0.3586 0.0671, -0.9379 0.3451 0.0668, -0.9628 0.3373 0.0665, -0.9921 0.3332 0.0664, -1.0182 0.334 0.0663, -1.0472 0.3398 0.0663, -1.0716 0.3491 0.0664, -1.0971 0.3641 0.0667, -1.1171 0.3808 0.0669, -1.1364 0.4034 0.0673, -1.1497 0.4258 0.0677, -1.1605 0.4536 0.0682, -1.1383 0.4314 0.0467, -1.1259 0.4107 0.0464, -1.1081 0.3899 0.0462, -1.0897 0.3745 0.046, -1.0661 0.3606 0.0458, -1.0436 0.3521 0.0457, -1.0168 0.3468 0.0457, -0.9928 0.346 0.0457, -0.9657 0.3498 0.0459, -0.9427 0.357 0.046, -0.9183 0.3694 0.0463, -0.8989 0.3838 0.0466, -0.8799 0.4036 0.0469, -0.8663 0.4237 0.0473, -0.8548 0.4487 0.0477, -0.8486 0.4722 0.0481, -0.846 0.4998 0.0485, -0.8461 0.5046 0.0486, -0.8494 0.5321 0.049, -0.8429 0.4447 0.0691, -0.8362 0.4701 0.0696, -0.8335 0.4999 0.0702, -0.8336 0.5051 0.0703, -0.8372 0.5348 0.0708, -0.8448 0.5601 0.0713, -0.8564 0.5555 0.0493, -0.8581 0.587 0.0718, -0.8687 0.5804 0.0496, -0.883 0.5715 0.0307, -0.8981 0.5589 0.0166, -0.8737 0.6083 0.0721, -0.8831 0.6002 0.0499, -0.8953 0.6293 0.0724, -0.903 0.6197 0.0501, -0.9136 0.6066 0.031, -0.917 0.583 0.0167, -0.9171 0.6443 0.0727, -0.9232 0.6336 0.0503, -0.9445 0.6569 0.0728, -0.9486 0.6453 0.0504, -0.9701 0.6637 0.0728, -0.9723 0.6516 0.0504, -1.0001 0.6665 0.0728, -1.0002 0.6542 0.0504, -1.0002 0.6373 0.0311, -1.0 0.6181 0.0168, -1.0266 0.6644 0.0727, -1.0247 0.6522 0.0503, -1.0588 0.6656 0.1223, -1.0582 0.6638 0.0969, -1.0558 0.657 0.0724, -1.0517 0.6453 0.0501, -1.0462 0.6294 0.031, -1.0304 0.6134 0.0167, -1.08 0.6462 0.0722, -1.0742 0.6353 0.0499, -1.1109 0.6368 0.1213, -1.1096 0.6352 0.096, -1.105 0.6295 0.0718, -1.0973 0.6198 0.0496, -1.1242 0.6112 0.0714, -1.1151 0.6029 0.0494, -1.1506 0.5924 0.12, -1.1486 0.5912 0.0949, -1.1422 0.5872 0.0709, -1.1317 0.5806 0.049, -1.1174 0.5716 0.0303, -1.1003 0.5623 0.0161, -1.1543 0.5637 0.0704, -1.1427 0.5588 0.0486, -1.1632 0.5351 0.0698, -1.151 0.5324 0.0482, -1.1345 0.5287 0.0298, -1.1137 0.5304 0.0158, -1.1773 0.5098 0.1176, -1.1746 0.5096 0.0929, -1.1667 0.5091 0.0693, -1.1542 0.5083 0.0479, -1.1667 0.2992 1.0069, -1.1675 0.2952 1.0042, -1.1869 0.2953 1.0344, -1.1544 0.1346 0.8764, -1.1528 0.1314 0.8733, -1.1613 0.1314 0.8842, -0.9023 -0.0402 0.6048, -0.8738 -0.0441 0.5837, -0.9779 -0.0441 0.6678, -0.411 0.4582 0.5823, -0.4151 0.4638 0.5915, -0.4044 0.4879 0.6222, -0.4558 0.5172 0.6931, -0.4675 0.532 0.7298, -0.3791 0.5321 0.6943, -0.5021 0.5767 0.8918, -0.5037 0.5806 0.9152, -0.4937 0.584 0.9322, 0.7848 -0.5814 1.1689, 0.7905 -0.5803 1.1676, 0.7738 -0.584 1.1804, 1.1544 -0.1346 0.8764, 1.1528 -0.1314 0.8733, 1.1613 -0.1314 0.8842, 0.9023 0.0402 0.6048, 0.8738 0.0441 0.5837, 0.9779 0.0441 0.6678, 0.6299 0.0204 0.4368, 0.622 0.0176 0.4331, 0.6215 0.0441 0.4343, 0.3711 -0.1955 0.3771, 0.3624 -0.2158 0.3826, 0.3436 -0.2158 0.3778, 0.427 -0.4798 0.618, 0.4331 -0.4877 0.633, 0.4044 -0.4879 0.6222, 0.5037 -0.5808 0.916, 0.5038 -0.584 0.9382, 0.4937 -0.584 0.9322, 0.5038 -0.584 0.9383, 0.502 -0.5864 0.9584, 0.4491 -0.5906 1.0081, 0.4985 -0.5882 0.9762, 0.4974 -0.5885 0.9799, 0.4925 -0.5895 0.9931, 0.4862 -0.5901 1.0047, 0.4784 -0.5905 1.0148, 0.477 -0.5905 1.0164, 0.4743 -0.5905 1.0191, 0.4935 -0.5642 0.8337, 0.499 -0.5716 0.8658, 0.4104 -0.584 0.8885, 0.5021 -0.5767 0.8918, 0.5037 -0.5806 0.9152, 0.4466 -0.5643 0.8105, 0.474 -0.54 0.7516, 0.4745 -0.5407 0.7536, 0.4844 -0.5529 0.7916, 0.4927 -0.5633 0.8295, 0.4684 -0.5331 0.7324, 0.3518 -0.5643 0.7718, 0.4675 -0.532 0.7298, 0.442 -0.4994 0.655, 0.3791 -0.5321 0.6943, 0.4558 -0.5172 0.6931, 0.3936 -0.4327 0.546, 0.402 -0.4456 0.5634, 0.2916 -0.4879 0.5886, 0.411 -0.4582 0.5823, 0.4151 -0.4638 0.5915, 0.3225 -0.3682 0.4633, 0.3601 -0.3681 0.4733, 0.3622 -0.3744 0.4789, 0.3731 -0.3982 0.5035, 0.3081 -0.4329 0.5216, 0.3865 -0.422 0.5315, 0.3461 -0.302 0.422, 0.3476 -0.3204 0.4342, 0.3488 -0.3284 0.4399, 0.354 -0.3505 0.4574, 0.3491 -0.2634 0.401, 0.3467 -0.283 0.411, 0.3344 -0.2953 0.415, 0.3463 -0.2952 0.4181, 0.3555 -0.2361 0.3895, 0.3505 -0.2561 0.3977, 0.3999 -0.146 0.3695, 0.3868 -0.1662 0.3716, 0.3498 -0.1314 0.3526, 0.3817 -0.175 0.3729, 0.4892 -0.0534 0.3813, 0.4764 -0.0633 0.3779, 0.3529 -0.0441 0.3398, 0.4562 -0.0811 0.3734, 0.4491 -0.0879 0.3722, 0.4311 -0.1068 0.3698, 0.4147 -0.1261 0.3689, 0.4107 -0.1314 0.3691, 0.6029 0.0109 0.4241, 0.5768 -0.0002 0.4126, 0.4895 0.0441 0.3805, 0.5514 -0.0129 0.4022, 0.5448 -0.0165 0.3997, 0.5207 -0.0309 0.391, 0.4895 -0.0441 0.3805, 0.5015 -0.0441 0.3849, 0.4979 -0.0466 0.3837, 0.7162 0.04 0.4822, 0.6807 0.0335 0.4626, 0.6575 0.0282 0.4505, 0.8591 0.1314 0.5892, 0.8668 0.0449 0.5787, 0.8358 0.0471 0.5569, 0.741 0.1314 0.5118, 0.8009 0.0475 0.5337, 0.7876 0.047 0.5251, 0.7518 0.0445 0.503, 0.7488 0.0441 0.5012, 0.7476 0.0441 0.5005, 0.7476 0.044 0.5005, 0.9756 0.0213 0.6641, 0.9469 0.0303 0.64, 0.9339 0.0337 0.6294, 1.0641 -0.0248 0.749, 1.0523 -0.0166 0.7364, 1.0799 0.0441 0.7673, 1.0283 -0.0022 0.7123, 1.0028 0.0104 0.6882, 0.9788 0.02 0.6669, 1.1718 0.0441 0.8763, 1.0848 -0.0412 0.7723, 1.0802 -0.0376 0.7671, 1.1435 -0.1128 0.8551, 1.1349 -0.0986 0.8404, 1.1718 -0.0441 0.8763, 1.1202 -0.0782 0.818, 1.1035 -0.059 0.7953, 1.0878 -0.0441 0.776, 1.1734 -0.2043 0.9371, 1.1694 -0.1804 0.9174, 1.2416 -0.1314 1.0005, 1.163 -0.1571 0.8972, 1.1585 -0.1454 0.8864, 1.1718 -0.2749 0.9901, 1.1746 -0.2506 0.9726, 1.2195 -0.2158 1.0142, 1.175 -0.2264 0.9545, 1.1743 -0.2157 0.9461, 1.1272 -0.387 1.0622, 1.1385 -0.3681 1.0509, 1.1447 -0.3682 1.0606, 1.141 -0.364 1.0484, 1.1524 -0.3404 1.0338, 1.1592 -0.3234 1.0229, 1.1869 -0.2953 1.0344, 1.1667 -0.2992 1.0069, 1.1675 -0.2952 1.0042, 1.091 -0.4329 1.0881, 1.0929 -0.4309 1.087, 1.0937 -0.4329 1.0923, 1.1112 -0.4093 1.075, 1.0281 -0.4875 1.1164, 1.053 -0.4685 1.1069, 1.0351 -0.4879 1.1287, 1.0758 -0.4484 1.0964, 0.9405 -0.5363 1.1399, 0.9499 -0.5319 1.1378, 0.9701 -0.5321 1.1691, 0.9719 -0.5215 1.1328, 1.0011 -0.5051 1.1251, 0.9289 -0.5412 1.1422, 0.9003 -0.5643 1.2124, 0.8922 -0.5549 1.149, 0.8613 -0.5642 1.1542, 0.8272 -0.584 1.2578, 0.8162 -0.5754 1.1622, 0.8541 -0.5663 1.1554, 0.755 -0.5858 1.1775, 0.7594 -0.5852 1.176, 0.7684 -0.5838 1.1735, 0.6953 -0.5905 1.2168, 0.7039 -0.5906 1.2338, 0.6977 -0.5905 1.2138, 0.7086 -0.5901 1.2027, 0.7215 -0.5893 1.1932, 0.7367 -0.5879 1.1849, -0.4491 0.5906 1.0081, -0.5038 0.584 0.9383, -0.502 0.5864 0.9584, -0.4985 0.5882 0.9762, -0.4974 0.5885 0.9799, -0.4925 0.5895 0.9931, -0.4862 0.5901 1.0047, -0.4784 0.5905 1.0148, -0.477 0.5905 1.0164, -0.4743 0.5905 1.0191, -0.4715 0.5906 1.0217, -0.5037 0.5808 0.916, -0.5038 0.584 0.9382, -0.4684 0.5331 0.7324, -0.474 0.54 0.7516, -0.4466 0.5643 0.8105, -0.4745 0.5407 0.7536, -0.4844 0.5529 0.7916, -0.499 0.5716 0.8658, -0.4104 0.584 0.8885, -0.4935 0.5642 0.8337, -0.4927 0.5633 0.8295, -0.3518 0.5643 0.7718, -0.427 0.4798 0.618, -0.4331 0.4877 0.633, -0.442 0.4994 0.655, -0.3225 0.3682 0.4633, -0.3622 0.3744 0.4789, -0.3081 0.4329 0.5216, -0.3731 0.3982 0.5035, -0.402 0.4456 0.5634, -0.2916 0.4879 0.5886, -0.3936 0.4327 0.546, -0.3865 0.422 0.5315, -0.3344 0.2953 0.415, -0.3463 0.2952 0.4181, -0.3461 0.302 0.422, -0.3488 0.3284 0.4399, -0.354 0.3505 0.4574, -0.3601 0.3681 0.4733, -0.3476 0.3204 0.4342, -0.3555 0.2361 0.3895, -0.3505 0.2561 0.3977, -0.3436 0.2158 0.3778, -0.3491 0.2634 0.401, -0.3467 0.283 0.411, -0.3498 0.1314 0.3526, -0.3999 0.146 0.3695, -0.3868 0.1662 0.3716, -0.3817 0.175 0.3729, -0.3711 0.1955 0.3771, -0.3624 0.2158 0.3826, -0.4892 0.0534 0.3813, -0.4764 0.0633 0.3779, -0.3529 0.0441 0.3398, -0.4562 0.0811 0.3734, -0.4491 0.0879 0.3722, -0.4311 0.1068 0.3698, -0.4147 0.1261 0.3689, -0.4107 0.1314 0.3691, -0.6215 -0.0441 0.4343, -0.6029 -0.0109 0.4241, -0.4895 -0.0441 0.3805, -0.5768 0.0002 0.4126, -0.5514 0.0129 0.4022, -0.5448 0.0165 0.3997, -0.5207 0.0309 0.391, -0.4895 0.0441 0.3805, -0.5015 0.0441 0.3849, -0.4979 0.0466 0.3837, -0.6575 -0.0282 0.4505, -0.6299 -0.0204 0.4368, -0.622 -0.0176 0.4331, -0.7488 -0.0441 0.5012, -0.7476 -0.044 0.5005, -0.7476 -0.0441 0.5005, -0.7162 -0.04 0.4822, -0.6807 -0.0335 0.4626, -0.8696 -0.0447 0.5806, -0.8668 -0.0449 0.5787, -0.8591 -0.1314 0.5892, -0.8358 -0.0471 0.5569, -0.741 -0.1314 0.5118, -0.8009 -0.0475 0.5337, -0.7876 -0.047 0.5251, -0.7518 -0.0445 0.503, -0.9756 -0.0213 0.6641, -0.9469 -0.0303 0.64, -0.9339 -0.0337 0.6294, -1.0523 0.0166 0.7364, -1.0799 -0.0441 0.7673, -1.0641 0.0248 0.749, -1.0802 0.0376 0.7671, -1.0283 0.0022 0.7123, -1.0028 -0.0104 0.6882, -0.9788 -0.02 0.6669, -1.0848 0.0412 0.7723, -1.1718 -0.0441 0.8763, -1.0878 0.0441 0.776, -1.1435 0.1128 0.8551, -1.1349 0.0986 0.8404, -1.1718 0.0441 0.8763, -1.1202 0.0782 0.818, -1.1035 0.059 0.7953, -1.1743 0.2157 0.9461, -1.1734 0.2043 0.9371, -1.2416 0.1314 1.0005, -1.1694 0.1804 0.9174, -1.163 0.1571 0.8972, -1.1585 0.1454 0.8864, -1.1718 0.2749 0.9901, -1.2195 0.2158 1.0142, -1.1746 0.2506 0.9726, -1.175 0.2264 0.9545, -1.141 0.364 1.0484, -1.1524 0.3404 1.0338, -1.1592 0.3234 1.0229, -1.1112 0.4093 1.075, -1.1272 0.387 1.0622, -1.1447 0.3682 1.0606, -1.1385 0.3681 1.0509, -1.0758 0.4484 1.0964, -1.091 0.4329 1.0881, -1.0937 0.4329 1.0923, -1.0929 0.4309 1.087, -1.0011 0.5051 1.1251, -1.0281 0.4875 1.1164, -1.0351 0.4879 1.1287, -1.053 0.4685 1.1069, -0.9719 0.5215 1.1328, -0.9701 0.5321 1.1691, -0.9289 0.5412 1.1422, -0.9405 0.5363 1.1399, -0.9499 0.5319 1.1378, -0.8541 0.5663 1.1554, -0.8613 0.5642 1.1542, -0.9003 0.5643 1.2124, -0.8922 0.5549 1.149, -0.7684 0.5838 1.1735, -0.7848 0.5814 1.1689, -0.7738 0.584 1.1804, -0.7905 0.5803 1.1676, -0.8272 0.584 1.2578, -0.8162 0.5754 1.1622, -0.7367 0.5879 1.1849, -0.755 0.5858 1.1775, -0.7594 0.5852 1.176, -0.693 0.5906 1.2199, -0.6953 0.5905 1.2168, -0.7039 0.5906 1.2338, -0.6977 0.5905 1.2138, -0.7086 0.5901 1.2027, -0.7215 0.5893 1.1932, -0.3733 0.5906 0.9683, -0.7525 0.5906 1.3043, -0.873 0.584 1.3401, -0.7941 0.5906 1.3791, -0.9106 0.584 1.4263, -0.8283 0.5906 1.4575, -0.9396 0.584 1.5158, -0.8547 0.5906 1.5389, -0.9599 0.584 1.6077, -0.8732 0.5906 1.6225, -0.9713 0.584 1.7011, -0.8835 0.5906 1.7075, -0.9736 0.584 1.7952, -0.8856 0.5906 1.7931, -0.9667 0.584 1.889, -0.8794 0.5906 1.8784, -0.9509 0.584 1.9818, -0.865 0.5906 1.9628, -0.9262 0.584 2.0726, -0.8425 0.5906 2.0454, -0.8928 0.584 2.1606, -0.8121 0.5906 2.1254, -0.8511 0.584 2.2449, -0.7742 0.5906 2.2022, -0.8015 0.584 2.3249, -0.729 0.5906 2.2749, -0.7443 0.584 2.3996, -0.6771 0.5906 2.3429, -0.6802 0.584 2.4685, -0.6188 0.5906 2.4056, -0.6098 0.584 2.5309, -0.5547 0.5906 2.4623, -0.5337 0.584 2.5862, -0.4854 0.5906 2.5126, -0.4526 0.584 2.6339, -0.4117 0.5906 2.556, -0.3672 0.584 2.6736, -0.334 0.5906 2.5921, -0.2785 0.584 2.7048, -0.2533 0.5906 2.6205, -0.1871 0.584 2.7274, -0.1702 0.5906 2.641, -0.094 0.584 2.741, -0.0855 0.5906 2.6533, 0.0 0.584 2.7455, 0.0 0.5906 2.6575, 0.094 0.584 2.741, 0.0855 0.5906 2.6533, 0.1871 0.584 2.7274, 0.1702 0.5906 2.641, 0.2785 0.584 2.7048, 0.2533 0.5906 2.6205, 0.3672 0.584 2.6736, 0.334 0.5906 2.5921, 0.4526 0.584 2.6339, 0.4117 0.5906 2.556, 0.5337 0.584 2.5862, 0.4854 0.5906 2.5126, 0.6098 0.584 2.5309, 0.5547 0.5906 2.4623, 0.6802 0.584 2.4685, 0.6188 0.5906 2.4056, 0.7443 0.584 2.3996, 0.6771 0.5906 2.3429, 0.8015 0.584 2.3249, 0.729 0.5906 2.2749, 0.8511 0.584 2.2449, 0.7742 0.5906 2.2022, 0.8928 0.584 2.1606, 0.8121 0.5906 2.1254, 0.9262 0.584 2.0726, 0.8425 0.5906 2.0454, 0.9509 0.584 1.9818, 0.865 0.5906 1.9628, 0.9667 0.584 1.889, 0.8794 0.5906 1.8784, 0.9736 0.584 1.7952, 0.8856 0.5906 1.7931, 0.9713 0.584 1.7011, 0.8835 0.5906 1.7075, 0.9599 0.584 1.6077, 0.8732 0.5906 1.6225, 0.9396 0.584 1.5158, 0.8547 0.5906 1.5389, 0.9106 0.584 1.4263, 0.8283 0.5906 1.4575, 0.873 0.584 1.3401, 0.7941 0.5906 1.3791, 0.8272 0.584 1.2578, 0.7525 0.5906 1.3043, 0.7738 0.584 1.1804, 0.7039 0.5906 1.2338, 0.7131 0.584 1.1085, 0.6487 0.5906 1.1684, 0.6458 0.584 1.0427, 0.5874 0.5906 1.1086, 0.5724 0.584 0.9838, 0.5207 0.5906 1.055, 0.4937 0.584 0.9322, 0.4491 0.5906 1.0081, -0.294 0.5906 0.936, -0.3232 0.584 0.853, -0.9501 0.5643 1.3019, -0.991 0.5643 1.3958, -1.0227 0.5643 1.4932, -1.0448 0.5643 1.5932, -1.0571 0.5643 1.6949, -1.0596 0.5643 1.7973, -1.0522 0.5643 1.8994, -1.0349 0.5643 2.0004, -1.008 0.5643 2.0992, -0.9717 0.5643 2.1949, -0.9263 0.5643 2.2867, -0.8723 0.5643 2.3737, -0.8101 0.5643 2.4551, -0.7403 0.5643 2.5301, -0.6637 0.5643 2.598, -0.5808 0.5643 2.6582, -0.4926 0.5643 2.7101, -0.3997 0.5643 2.7533, -0.3031 0.5643 2.7873, -0.2036 0.5643 2.8118, -0.1023 0.5643 2.8266, 0.0 0.5643 2.8315, 0.1023 0.5643 2.8266, 0.2036 0.5643 2.8118, 0.3031 0.5643 2.7873, 0.3997 0.5643 2.7533, 0.4926 0.5643 2.7101, 0.5808 0.5643 2.6582, 0.6637 0.5643 2.598, 0.7403 0.5643 2.5301, 0.8101 0.5643 2.4551, 0.8723 0.5643 2.3737, 0.9263 0.5643 2.2867, 0.9717 0.5643 2.1949, 1.008 0.5643 2.0992, 1.0349 0.5643 2.0004, 1.0522 0.5643 1.8994, 1.0596 0.5643 1.7973, 1.0571 0.5643 1.6949, 1.0448 0.5643 1.5932, 1.0227 0.5643 1.4932, 0.991 0.5643 1.3958, 0.9501 0.5643 1.3019, 0.9003 0.5643 1.2124, 0.8422 0.5643 1.1281, 0.7761 0.5643 1.0498, 0.7028 0.5643 0.9783, 0.623 0.5643 0.9142, 0.5373 0.5643 0.8581, -1.0238 0.5321 1.2655, -1.0678 0.5321 1.3667, -1.1019 0.5321 1.4716, -1.1258 0.5321 1.5794, -1.1391 0.5321 1.6889, -1.1417 0.5321 1.7993, -1.1337 0.5321 1.9093, -1.1152 0.5321 2.0181, -1.0862 0.5321 2.1246, -1.047 0.5321 2.2278, -0.9981 0.5321 2.3267, -0.9399 0.5321 2.4204, -0.8729 0.5321 2.5081, -0.7977 0.5321 2.5889, -0.7151 0.5321 2.6621, -0.6259 0.5321 2.727, -0.5307 0.5321 2.7829, -0.4307 0.5321 2.8294, -0.3266 0.5321 2.866, -0.2194 0.5321 2.8924, -0.1102 0.5321 2.9084, 0.0 0.5321 2.9137, 0.1102 0.5321 2.9084, 0.2194 0.5321 2.8924, 0.3266 0.5321 2.866, 0.4307 0.5321 2.8294, 0.5307 0.5321 2.7829, 0.6259 0.5321 2.727, 0.7151 0.5321 2.6621, 0.7977 0.5321 2.5889, 0.8729 0.5321 2.5081, 0.9399 0.5321 2.4204, 0.9981 0.5321 2.3267, 1.047 0.5321 2.2278, 1.0862 0.5321 2.1246, 1.1152 0.5321 2.0181, 1.1337 0.5321 1.9093, 1.1417 0.5321 1.7993, 1.1391 0.5321 1.6889, 1.1258 0.5321 1.5794, 1.1019 0.5321 1.4716, 1.0678 0.5321 1.3667, 1.0238 0.5321 1.2655, 0.9701 0.5321 1.1691, 0.9075 0.5321 1.0782, 0.8363 0.5321 0.9939, 0.7573 0.5321 0.9168, 0.6713 0.5321 0.8477, 0.579 0.5321 0.7872, -0.212 0.5906 0.9116, -0.2331 0.584 0.8261, -0.2536 0.5643 0.7426, -0.2733 0.5321 0.6628, -1.0923 0.4879 1.2316, -1.1393 0.4879 1.3396, -1.1757 0.4879 1.4515, -1.2011 0.4879 1.5665, -1.2153 0.4879 1.6834, -1.2181 0.4879 1.8011, -1.2096 0.4879 1.9185, -1.1898 0.4879 2.0346, -1.1589 0.4879 2.1482, -1.1171 0.4879 2.2583, -1.0649 0.4879 2.3638, -1.0028 0.4879 2.4638, -0.9313 0.4879 2.5574, -0.8511 0.4879 2.6436, -0.763 0.4879 2.7217, -0.6678 0.4879 2.7909, -0.5663 0.4879 2.8506, -0.4595 0.4879 2.9002, -0.3484 0.4879 2.9393, -0.2341 0.4879 2.9674, -0.1176 0.4879 2.9845, 0.0 0.4879 2.9901, 0.1176 0.4879 2.9845, 0.2341 0.4879 2.9674, 0.3484 0.4879 2.9393, 0.4595 0.4879 2.9002, 0.5663 0.4879 2.8506, 0.6678 0.4879 2.7909, 0.763 0.4879 2.7217, 0.8511 0.4879 2.6436, 0.9313 0.4879 2.5574, 1.0028 0.4879 2.4638, 1.0649 0.4879 2.3638, 1.1171 0.4879 2.2583, 1.1589 0.4879 2.1482, 1.1898 0.4879 2.0346, 1.2096 0.4879 1.9185, 1.2181 0.4879 1.8011, 1.2153 0.4879 1.6834, 1.2011 0.4879 1.5665, 1.1757 0.4879 1.4515, 1.1393 0.4879 1.3396, 1.0923 0.4879 1.2316, 1.0351 0.4879 1.1287, 0.9682 0.4879 1.0318, 0.8923 0.4879 0.9418, 0.808 0.4879 0.8596, 0.7162 0.4879 0.7859, 0.6177 0.4879 0.7213, -1.1542 0.4329 1.201, -1.2038 0.4329 1.3151, -1.2423 0.4329 1.4334, -1.2691 0.4329 1.5549, -1.2841 0.4329 1.6784, -1.2871 0.4329 1.8028, -1.2781 0.4329 1.9268, -1.2572 0.4329 2.0495, -1.2245 0.4329 2.1695, -1.1804 0.4329 2.2858, -1.1252 0.4329 2.3974, -1.0596 0.4329 2.503, -0.9841 0.4329 2.6019, -0.8993 0.4329 2.693, -0.8062 0.4329 2.7755, -0.7056 0.4329 2.8486, -0.5983 0.4329 2.9117, -0.4855 0.4329 2.9641, -0.3682 0.4329 3.0054, -0.2474 0.4329 3.0352, -0.1243 0.4329 3.0531, 0.0 0.4329 3.0592, 0.1243 0.4329 3.0531, 0.2474 0.4329 3.0352, 0.3682 0.4329 3.0054, 0.4855 0.4329 2.9641, 0.5983 0.4329 2.9117, 0.7056 0.4329 2.8486, 0.8062 0.4329 2.7755, 0.8993 0.4329 2.693, 0.9841 0.4329 2.6019, 1.0596 0.4329 2.503, 1.1252 0.4329 2.3974, 1.1804 0.4329 2.2858, 1.2245 0.4329 2.1695, 1.2572 0.4329 2.0495, 1.2781 0.4329 1.9268, 1.2871 0.4329 1.8028, 1.2841 0.4329 1.6784, 1.2691 0.4329 1.5549, 1.2423 0.4329 1.4334, 1.2038 0.4329 1.3151, 1.1542 0.4329 1.201, 1.0937 0.4329 1.0923, 1.023 0.4329 0.9899, 0.9428 0.4329 0.8948, 0.8538 0.4329 0.8079, 0.7568 0.4329 0.73, 0.6527 0.4329 0.6619, -1.208 0.3682 1.1744, -1.26 0.3682 1.2938, -1.3002 0.3682 1.4176, -1.3283 0.3682 1.5448, -1.344 0.3682 1.674, -1.3471 0.3682 1.8042, -1.3377 0.3682 1.9341, -1.3158 0.3682 2.0624, -1.2816 0.3682 2.1881, -1.2354 0.3682 2.3098, -1.1777 0.3682 2.4265, -1.109 0.3682 2.5371, -1.0299 0.3682 2.6406, -0.9413 0.3682 2.736, -0.8438 0.3682 2.8223, -0.7385 0.3682 2.8988, -0.6262 0.3682 2.9648, -0.5081 0.3682 3.0197, -0.3853 0.3682 3.0629, -0.2589 0.3682 3.0941, -0.1301 0.3682 3.1129, 0.0 0.3682 3.1192, 0.1301 0.3682 3.1129, 0.2589 0.3682 3.0941, 0.3853 0.3682 3.0629, 0.5081 0.3682 3.0197, 0.6262 0.3682 2.9648, 0.7385 0.3682 2.8988, 0.8438 0.3682 2.8223, 0.9413 0.3682 2.736, 1.0299 0.3682 2.6406, 1.109 0.3682 2.5371, 1.1777 0.3682 2.4265, 1.2354 0.3682 2.3098, 1.2816 0.3682 2.1881, 1.3158 0.3682 2.0624, 1.3377 0.3682 1.9341, 1.3471 0.3682 1.8042, 1.344 0.3682 1.674, 1.3283 0.3682 1.5448, 1.3002 0.3682 1.4176, 1.26 0.3682 1.2938, 1.208 0.3682 1.1744, 1.1447 0.3682 1.0606, 1.0707 0.3682 0.9535, 0.9868 0.3682 0.854, 0.8936 0.3682 0.763, 0.7921 0.3682 0.6815, 0.6831 0.3682 0.6101, -1.2525 0.2953 1.1524, -1.3065 0.2953 1.2762, -1.3482 0.2953 1.4046, -1.3773 0.2953 1.5364, -1.3936 0.2953 1.6704, -1.3969 0.2953 1.8054, -1.3871 0.2953 1.9401, -1.3643 0.2953 2.0732, -1.3289 0.2953 2.2034, -1.281 0.2953 2.3297, -1.2212 0.2953 2.4507, -1.1499 0.2953 2.5654, -1.0679 0.2953 2.6727, -0.976 0.2953 2.7715, -0.8749 0.2953 2.8611, -0.7657 0.2953 2.9404, -0.6493 0.2953 3.0089, -0.5269 0.2953 3.0658, -0.3995 0.2953 3.1106, -0.2685 0.2953 3.1429, -0.1349 0.2953 3.1624, 0.0 0.2953 3.1689, 0.1349 0.2953 3.1624, 0.2685 0.2953 3.1429, 0.3995 0.2953 3.1106, 0.5269 0.2953 3.0658, 0.6493 0.2953 3.0089, 0.7657 0.2953 2.9404, 0.8749 0.2953 2.8611, 0.976 0.2953 2.7715, 1.0679 0.2953 2.6727, 1.1499 0.2953 2.5654, 1.2212 0.2953 2.4507, 1.281 0.2953 2.3297, 1.3289 0.2953 2.2034, 1.3643 0.2953 2.0732, 1.3871 0.2953 1.9401, 1.3969 0.2953 1.8054, 1.3936 0.2953 1.6704, 1.3773 0.2953 1.5364, 1.3482 0.2953 1.4046, 1.3065 0.2953 1.2762, 1.2525 0.2953 1.1524, 1.1869 0.2953 1.0344, 1.1102 0.2953 0.9233, 1.0232 0.2953 0.8201, 0.9266 0.2953 0.7258, 0.8213 0.2953 0.6412, 0.7084 0.2953 0.5673, -1.2869 0.2158 1.1354, -1.3423 0.2158 1.2626, -1.3851 0.2158 1.3945, -1.4151 0.2158 1.53, -1.4318 0.2158 1.6677, -1.4351 0.2158 1.8063, -1.4251 0.2158 1.9447, -1.4017 0.2158 2.0814, -1.3653 0.2158 2.2153, -1.3161 0.2158 2.345, -1.2546 0.2158 2.4693, -1.1814 0.2158 2.5871, -1.0972 0.2158 2.6974, -1.0028 0.2158 2.7989, -0.8989 0.2158 2.8909, -0.7867 0.2158 2.9725, -0.6671 0.2158 3.0428, -0.5413 0.2158 3.1012, -0.4105 0.2158 3.1473, -0.2758 0.2158 3.1805, -0.1386 0.2158 3.2005, 0.0 0.2158 3.2072, 0.1386 0.2158 3.2005, 0.2758 0.2158 3.1805, 0.4105 0.2158 3.1473, 0.5413 0.2158 3.1012, 0.6671 0.2158 3.0428, 0.7867 0.2158 2.9725, 0.8989 0.2158 2.8909, 1.0028 0.2158 2.7989, 1.0972 0.2158 2.6974, 1.1814 0.2158 2.5871, 1.2546 0.2158 2.4693, 1.3161 0.2158 2.345, 1.3653 0.2158 2.2153, 1.4017 0.2158 2.0814, 1.4251 0.2158 1.9447, 1.4351 0.2158 1.8063, 1.4318 0.2158 1.6677, 1.4151 0.2158 1.53, 1.3851 0.2158 1.3945, 1.3423 0.2158 1.2626, 1.2869 0.2158 1.1354, 1.2195 0.2158 1.0142, 1.1407 0.2158 0.9, 1.0512 0.2158 0.794, 0.9519 0.2158 0.6971, 0.8438 0.2158 0.6103, 0.7278 0.2158 0.5342, -1.3102 0.1314 1.1239, -1.3666 0.1314 1.2534, -1.4102 0.1314 1.3877, -1.4407 0.1314 1.5256, -1.4577 0.1314 1.6658, -1.4611 0.1314 1.807, -1.4509 0.1314 1.9478, -1.4271 0.1314 2.087, -1.39 0.1314 2.2233, -1.34 0.1314 2.3554, -1.2774 0.1314 2.482, -1.2028 0.1314 2.6019, -1.1171 0.1314 2.7141, -1.0209 0.1314 2.8176, -0.9152 0.1314 2.9112, -0.801 0.1314 2.9942, -0.6792 0.1314 3.0658, -0.5512 0.1314 3.1253, -0.4179 0.1314 3.1722, -0.2808 0.1314 3.206, -0.1411 0.1314 3.2264, 0.0 0.1314 3.2332, 0.1411 0.1314 3.2264, 0.2808 0.1314 3.206, 0.4179 0.1314 3.1722, 0.5512 0.1314 3.1253, 0.6792 0.1314 3.0658, 0.801 0.1314 2.9942, 0.9152 0.1314 2.9112, 1.0209 0.1314 2.8176, 1.1171 0.1314 2.7141, 1.2028 0.1314 2.6019, 1.2774 0.1314 2.482, 1.34 0.1314 2.3554, 1.39 0.1314 2.2233, 1.4271 0.1314 2.087, 1.4509 0.1314 1.9478, 1.4611 0.1314 1.807, 1.4577 0.1314 1.6658, 1.4407 0.1314 1.5256, 1.4102 0.1314 1.3877, 1.3666 0.1314 1.2534, 1.3102 0.1314 1.1239, 1.2416 0.1314 1.0005, 1.1613 0.1314 0.8842, 1.0703 0.1314 0.7763, 0.9692 0.1314 0.6777, 0.294 0.5906 0.936, 0.3733 0.5906 0.9683, 0.3232 0.584 0.853, 0.4104 0.584 0.8885, 0.3518 0.5643 0.7718, 0.4466 0.5643 0.8105, 0.3791 0.5321 0.6943, 0.4813 0.5321 0.736, 0.4044 0.4879 0.6222, 0.5135 0.4879 0.6666, 0.4273 0.4329 0.5571, 0.5426 0.4329 0.604, 0.4473 0.3682 0.5005, 0.5679 0.3682 0.5496, 0.4638 0.2953 0.4536, 0.5888 0.2953 0.5045, 0.4765 0.2158 0.4175, 0.6049 0.2158 0.4698, 0.4851 0.1314 0.3929, 0.6159 0.1314 0.4462, -1.2527 0.0441 0.9935, -1.322 0.0441 1.1181, -1.3789 0.0441 1.2487, -1.4229 0.0441 1.3842, -1.4537 0.0441 1.5234, -1.4709 0.0441 1.6648, -1.4743 0.0441 1.8073, -1.464 0.0441 1.9494, -1.44 0.0441 2.0899, -1.4025 0.0441 2.2274, -1.352 0.0441 2.3606, -1.2889 0.0441 2.4883, -1.2137 0.0441 2.6094, -1.1272 0.0441 2.7226, -1.0301 0.0441 2.827, -0.9235 0.0441 2.9215, -0.8082 0.0441 3.0052, -0.6853 0.0441 3.0775, -0.5561 0.0441 3.1375, -0.4217 0.0441 3.1848, -0.2833 0.0441 3.2189, -0.1423 0.0441 3.2395, 0.0 0.0441 3.2464, 0.1423 0.0441 3.2395, 0.2833 0.0441 3.2189, 0.4217 0.0441 3.1848, 0.5561 0.0441 3.1375, 0.6853 0.0441 3.0775, 0.8082 0.0441 3.0052, 0.9235 0.0441 2.9215, 1.0301 0.0441 2.827, 1.1272 0.0441 2.7226, 1.2137 0.0441 2.6094, 1.2889 0.0441 2.4883, 1.352 0.0441 2.3606, 1.4025 0.0441 2.2274, 1.44 0.0441 2.0899, 1.464 0.0441 1.9494, 1.4743 0.0441 1.8073, 1.4709 0.0441 1.6648, 1.4537 0.0441 1.5234, 1.4229 0.0441 1.3842, 1.3789 0.0441 1.2487, 1.322 0.0441 1.1181, 1.2527 0.0441 0.9935, 0.8696 0.0447 0.5806, -0.3529 -0.0441 0.3398, 0.212 0.5906 0.9116, 0.2331 0.584 0.8261, 0.2536 0.5643 0.7426, 0.2733 0.5321 0.6628, 0.2916 0.4879 0.5886, 0.3081 0.4329 0.5216, 0.3225 0.3682 0.4633, 0.3344 0.2953 0.415, 0.3436 0.2158 0.3778, 0.3498 0.1314 0.3526, 0.3529 0.0441 0.3398, -1.2527 -0.0441 0.9935, -1.322 -0.0441 1.1181, -1.3789 -0.0441 1.2487, -1.4229 -0.0441 1.3842, -1.4537 -0.0441 1.5234, -1.4709 -0.0441 1.6648, -1.4743 -0.0441 1.8073, -1.464 -0.0441 1.9494, -1.44 -0.0441 2.0899, -1.4025 -0.0441 2.2274, -1.352 -0.0441 2.3606, -1.2889 -0.0441 2.4883, -1.2137 -0.0441 2.6094, -1.1272 -0.0441 2.7226, -1.0301 -0.0441 2.827, -0.9235 -0.0441 2.9215, -0.8082 -0.0441 3.0052, -0.6853 -0.0441 3.0775, -0.5561 -0.0441 3.1375, -0.4217 -0.0441 3.1848, -0.2833 -0.0441 3.2189, -0.1423 -0.0441 3.2395, 0.0 -0.0441 3.2464, 0.1423 -0.0441 3.2395, 0.2833 -0.0441 3.2189, 0.4217 -0.0441 3.1848, 0.5561 -0.0441 3.1375, 0.6853 -0.0441 3.0775, 0.8082 -0.0441 3.0052, 0.9235 -0.0441 2.9215, 1.0301 -0.0441 2.827, 1.1272 -0.0441 2.7226, 1.2137 -0.0441 2.6094, 1.2889 -0.0441 2.4883, 1.352 -0.0441 2.3606, 1.4025 -0.0441 2.2274, 1.44 -0.0441 2.0899, 1.464 -0.0441 1.9494, 1.4743 -0.0441 1.8073, 1.4709 -0.0441 1.6648, 1.4537 -0.0441 1.5234, 1.4229 -0.0441 1.3842, 1.3789 -0.0441 1.2487, 1.322 -0.0441 1.1181, 1.2527 -0.0441 0.9935, -0.6159 -0.1314 0.4462, -0.4851 -0.1314 0.3929, -0.3498 -0.1314 0.3526, -0.128 0.5906 0.8951, -0.1407 0.584 0.808, -0.1531 0.5643 0.7229, -0.165 0.5321 0.6416, -0.1761 0.4879 0.5659, -0.186 0.4329 0.4977, -0.1947 0.3682 0.4383, -0.2019 0.2953 0.3891, -0.2074 0.2158 0.3512, -0.2112 0.1314 0.3254, -0.2131 0.0441 0.3124, -0.2131 -0.0441 0.3124, -0.2112 -0.1314 0.3254, -0.0428 0.5906 0.8869, -0.047 0.584 0.7989, -0.0512 0.5643 0.713, -0.0552 0.5321 0.6309, -0.0589 0.4879 0.5546, -0.0622 0.4329 0.4857, -0.0651 0.3682 0.4257, -0.0675 0.2953 0.376, -0.0694 0.2158 0.3378, -0.0706 0.1314 0.3118, -0.0712 0.0441 0.2986, -0.0712 -0.0441 0.2986, -0.0706 -0.1314 0.3118, 0.0428 0.5906 0.8869, 0.047 0.584 0.7989, 0.0512 0.5643 0.713, 0.0552 0.5321 0.6309, 0.0589 0.4879 0.5546, 0.0622 0.4329 0.4857, 0.0651 0.3682 0.4257, 0.0675 0.2953 0.376, 0.0694 0.2158 0.3378, 0.0706 0.1314 0.3118, 0.0712 0.0441 0.2986, 0.0712 -0.0441 0.2986, 0.0706 -0.1314 0.3118, 0.128 0.5906 0.8951, 0.1407 0.584 0.808, 0.1531 0.5643 0.7229, 0.165 0.5321 0.6416, 0.1761 0.4879 0.5659, 0.186 0.4329 0.4977, 0.1947 0.3682 0.4383, 0.2019 0.2953 0.3891, 0.2074 0.2158 0.3512, 0.2112 0.1314 0.3254, 0.2131 0.0441 0.3124, 0.2131 -0.0441 0.3124, 0.2112 -0.1314 0.3254, -0.9692 -0.1314 0.6777, -1.0703 -0.1314 0.7763, -1.1613 -0.1314 0.8842, -1.2416 -0.1314 1.0005, -1.3102 -0.1314 1.1239, -1.3666 -0.1314 1.2534, -1.4102 -0.1314 1.3877, -1.4407 -0.1314 1.5256, -1.4577 -0.1314 1.6658, -1.4611 -0.1314 1.807, -1.4509 -0.1314 1.9478, -1.4271 -0.1314 2.087, -1.39 -0.1314 2.2233, -1.34 -0.1314 2.3554, -1.2774 -0.1314 2.482, -1.2028 -0.1314 2.6019, -1.1171 -0.1314 2.7141, -1.0209 -0.1314 2.8176, -0.9152 -0.1314 2.9112, -0.801 -0.1314 2.9942, -0.6792 -0.1314 3.0658, -0.5512 -0.1314 3.1253, -0.4179 -0.1314 3.1722, -0.2808 -0.1314 3.206, -0.1411 -0.1314 3.2264, 0.0 -0.1314 3.2332, 0.1411 -0.1314 3.2264, 0.2808 -0.1314 3.206, 0.4179 -0.1314 3.1722, 0.5512 -0.1314 3.1253, 0.6792 -0.1314 3.0658, 0.801 -0.1314 2.9942, 0.9152 -0.1314 2.9112, 1.0209 -0.1314 2.8176, 1.1171 -0.1314 2.7141, 1.2028 -0.1314 2.6019, 1.2774 -0.1314 2.482, 1.34 -0.1314 2.3554, 1.39 -0.1314 2.2233, 1.4271 -0.1314 2.087, 1.4509 -0.1314 1.9478, 1.4611 -0.1314 1.807, 1.4577 -0.1314 1.6658, 1.4407 -0.1314 1.5256, 1.4102 -0.1314 1.3877, 1.3666 -0.1314 1.2534, 1.3102 -0.1314 1.1239, 0.2074 -0.2158 0.3512, 0.0694 -0.2158 0.3378, -0.0694 -0.2158 0.3378, -0.2074 -0.2158 0.3512, -0.3436 -0.2158 0.3778, -0.4765 -0.2158 0.4175, -0.6049 -0.2158 0.4698, -0.7278 -0.2158 0.5342, -0.8438 -0.2158 0.6103, -0.9519 -0.2158 0.6971, -1.0512 -0.2158 0.794, -1.1407 -0.2158 0.9, -1.2195 -0.2158 1.0142, -1.2869 -0.2158 1.1354, -1.3423 -0.2158 1.2626, -1.3851 -0.2158 1.3945, -1.4151 -0.2158 1.53, -1.4318 -0.2158 1.6677, -1.4351 -0.2158 1.8063, -1.4251 -0.2158 1.9447, -1.4017 -0.2158 2.0814, -1.3653 -0.2158 2.2153, -1.3161 -0.2158 2.345, -1.2546 -0.2158 2.4693, -1.1814 -0.2158 2.5871, -1.0972 -0.2158 2.6974, -1.0028 -0.2158 2.7989, -0.8989 -0.2158 2.8909, -0.7867 -0.2158 2.9725, -0.6671 -0.2158 3.0428, -0.5413 -0.2158 3.1012, -0.4105 -0.2158 3.1473, -0.2758 -0.2158 3.1805, -0.1386 -0.2158 3.2005, 0.0 -0.2158 3.2072, 0.1386 -0.2158 3.2005, 0.2758 -0.2158 3.1805, 0.4105 -0.2158 3.1473, 0.5413 -0.2158 3.1012, 0.6671 -0.2158 3.0428, 0.7867 -0.2158 2.9725, 0.8989 -0.2158 2.8909, 1.0028 -0.2158 2.7989, 1.0972 -0.2158 2.6974, 1.1814 -0.2158 2.5871, 1.2546 -0.2158 2.4693, 1.3161 -0.2158 2.345, 1.3653 -0.2158 2.2153, 1.4017 -0.2158 2.0814, 1.4251 -0.2158 1.9447, 1.4351 -0.2158 1.8063, 1.4318 -0.2158 1.6677, 1.4151 -0.2158 1.53, 1.3851 -0.2158 1.3945, 1.3423 -0.2158 1.2626, 1.2869 -0.2158 1.1354, 0.2019 -0.2953 0.3891, 0.0675 -0.2953 0.376, -0.0675 -0.2953 0.376, -0.2019 -0.2953 0.3891, -0.3344 -0.2953 0.415, -0.4638 -0.2953 0.4536, -0.5888 -0.2953 0.5045, -0.7084 -0.2953 0.5673, -0.8213 -0.2953 0.6412, -0.9266 -0.2953 0.7258, -1.0232 -0.2953 0.8201, -1.1102 -0.2953 0.9233, -1.1869 -0.2953 1.0344, -1.2525 -0.2953 1.1524, -1.3065 -0.2953 1.2762, -1.3482 -0.2953 1.4046, -1.3773 -0.2953 1.5364, -1.3936 -0.2953 1.6704, -1.3969 -0.2953 1.8054, -1.3871 -0.2953 1.9401, -1.3643 -0.2953 2.0732, -1.3289 -0.2953 2.2034, -1.281 -0.2953 2.3297, -1.2212 -0.2953 2.4507, -1.1499 -0.2953 2.5654, -1.0679 -0.2953 2.6727, -0.976 -0.2953 2.7715, -0.8749 -0.2953 2.8611, -0.7657 -0.2953 2.9404, -0.6493 -0.2953 3.0089, -0.5269 -0.2953 3.0658, -0.3995 -0.2953 3.1106, -0.2685 -0.2953 3.1429, -0.1349 -0.2953 3.1624, 0.0 -0.2953 3.1689, 0.1349 -0.2953 3.1624, 0.2685 -0.2953 3.1429, 0.3995 -0.2953 3.1106, 0.5269 -0.2953 3.0658, 0.6493 -0.2953 3.0089, 0.7657 -0.2953 2.9404, 0.8749 -0.2953 2.8611, 0.976 -0.2953 2.7715, 1.0679 -0.2953 2.6727, 1.1499 -0.2953 2.5654, 1.2212 -0.2953 2.4507, 1.281 -0.2953 2.3297, 1.3289 -0.2953 2.2034, 1.3643 -0.2953 2.0732, 1.3871 -0.2953 1.9401, 1.3969 -0.2953 1.8054, 1.3936 -0.2953 1.6704, 1.3773 -0.2953 1.5364, 1.3482 -0.2953 1.4046, 1.3065 -0.2953 1.2762, 1.2525 -0.2953 1.1524, 0.1947 -0.3682 0.4383, 0.0651 -0.3682 0.4257, -0.0651 -0.3682 0.4257, -0.1947 -0.3682 0.4383, -0.3225 -0.3682 0.4633, -0.4473 -0.3682 0.5005, -0.5679 -0.3682 0.5496, -0.6831 -0.3682 0.6101, -0.7921 -0.3682 0.6815, -0.8936 -0.3682 0.763, -0.9868 -0.3682 0.854, -1.0707 -0.3682 0.9535, -1.1447 -0.3682 1.0606, -1.208 -0.3682 1.1744, -1.26 -0.3682 1.2938, -1.3002 -0.3682 1.4176, -1.3283 -0.3682 1.5448, -1.344 -0.3682 1.674, -1.3471 -0.3682 1.8042, -1.3377 -0.3682 1.9341, -1.3158 -0.3682 2.0624, -1.2816 -0.3682 2.1881, -1.2354 -0.3682 2.3098, -1.1777 -0.3682 2.4265, -1.109 -0.3682 2.5371, -1.0299 -0.3682 2.6406, -0.9413 -0.3682 2.736, -0.8438 -0.3682 2.8223, -0.7385 -0.3682 2.8988, -0.6262 -0.3682 2.9648, -0.5081 -0.3682 3.0197, -0.3853 -0.3682 3.0629, -0.2589 -0.3682 3.0941, -0.1301 -0.3682 3.1129, 0.0 -0.3682 3.1192, 0.1301 -0.3682 3.1129, 0.2589 -0.3682 3.0941, 0.3853 -0.3682 3.0629, 0.5081 -0.3682 3.0197, 0.6262 -0.3682 2.9648, 0.7385 -0.3682 2.8988, 0.8438 -0.3682 2.8223, 0.9413 -0.3682 2.736, 1.0299 -0.3682 2.6406, 1.109 -0.3682 2.5371, 1.1777 -0.3682 2.4265, 1.2354 -0.3682 2.3098, 1.2816 -0.3682 2.1881, 1.3158 -0.3682 2.0624, 1.3377 -0.3682 1.9341, 1.3471 -0.3682 1.8042, 1.344 -0.3682 1.674, 1.3283 -0.3682 1.5448, 1.3002 -0.3682 1.4176, 1.26 -0.3682 1.2938, 1.208 -0.3682 1.1744, 0.186 -0.4329 0.4977, 0.0622 -0.4329 0.4857, -0.0622 -0.4329 0.4857, -0.186 -0.4329 0.4977, -0.3081 -0.4329 0.5216, -0.4273 -0.4329 0.5571, -0.5426 -0.4329 0.604, -0.6527 -0.4329 0.6619, -0.7568 -0.4329 0.73, -0.8538 -0.4329 0.8079, -0.9428 -0.4329 0.8948, -1.023 -0.4329 0.9899, -1.0937 -0.4329 1.0923, -1.1542 -0.4329 1.201, -1.2038 -0.4329 1.3151, -1.2423 -0.4329 1.4334, -1.2691 -0.4329 1.5549, -1.2841 -0.4329 1.6784, -1.2871 -0.4329 1.8028, -1.2781 -0.4329 1.9268, -1.2572 -0.4329 2.0495, -1.2245 -0.4329 2.1695, -1.1804 -0.4329 2.2858, -1.1252 -0.4329 2.3974, -1.0596 -0.4329 2.503, -0.9841 -0.4329 2.6019, -0.8993 -0.4329 2.693, -0.8062 -0.4329 2.7755, -0.7056 -0.4329 2.8486, -0.5983 -0.4329 2.9117, -0.4855 -0.4329 2.9641, -0.3682 -0.4329 3.0054, -0.2474 -0.4329 3.0352, -0.1243 -0.4329 3.0531, 0.0 -0.4329 3.0592, 0.1243 -0.4329 3.0531, 0.2474 -0.4329 3.0352, 0.3682 -0.4329 3.0054, 0.4855 -0.4329 2.9641, 0.5983 -0.4329 2.9117, 0.7056 -0.4329 2.8486, 0.8062 -0.4329 2.7755, 0.8993 -0.4329 2.693, 0.9841 -0.4329 2.6019, 1.0596 -0.4329 2.503, 1.1252 -0.4329 2.3974, 1.1804 -0.4329 2.2858, 1.2245 -0.4329 2.1695, 1.2572 -0.4329 2.0495, 1.2781 -0.4329 1.9268, 1.2871 -0.4329 1.8028, 1.2841 -0.4329 1.6784, 1.2691 -0.4329 1.5549, 1.2423 -0.4329 1.4334, 1.2038 -0.4329 1.3151, 1.1542 -0.4329 1.201, 0.1761 -0.4879 0.5659, 0.0589 -0.4879 0.5546, -0.0589 -0.4879 0.5546, -0.1761 -0.4879 0.5659, -0.2916 -0.4879 0.5886, -0.4044 -0.4879 0.6222, -0.5135 -0.4879 0.6666, -0.6177 -0.4879 0.7213, -0.7162 -0.4879 0.7859, -0.808 -0.4879 0.8596, -0.8923 -0.4879 0.9418, -0.9682 -0.4879 1.0318, -1.0351 -0.4879 1.1287, -1.0923 -0.4879 1.2316, -1.1393 -0.4879 1.3396, -1.1757 -0.4879 1.4515, -1.2011 -0.4879 1.5665, -1.2153 -0.4879 1.6834, -1.2181 -0.4879 1.8011, -1.2096 -0.4879 1.9185, -1.1898 -0.4879 2.0346, -1.1589 -0.4879 2.1482, -1.1171 -0.4879 2.2583, -1.0649 -0.4879 2.3638, -1.0028 -0.4879 2.4638, -0.9313 -0.4879 2.5574, -0.8511 -0.4879 2.6436, -0.763 -0.4879 2.7217, -0.6678 -0.4879 2.7909, -0.5663 -0.4879 2.8506, -0.4595 -0.4879 2.9002, -0.3484 -0.4879 2.9393, -0.2341 -0.4879 2.9674, -0.1176 -0.4879 2.9845, 0.0 -0.4879 2.9901, 0.1176 -0.4879 2.9845, 0.2341 -0.4879 2.9674, 0.3484 -0.4879 2.9393, 0.4595 -0.4879 2.9002, 0.5663 -0.4879 2.8506, 0.6678 -0.4879 2.7909, 0.763 -0.4879 2.7217, 0.8511 -0.4879 2.6436, 0.9313 -0.4879 2.5574, 1.0028 -0.4879 2.4638, 1.0649 -0.4879 2.3638, 1.1171 -0.4879 2.2583, 1.1589 -0.4879 2.1482, 1.1898 -0.4879 2.0346, 1.2096 -0.4879 1.9185, 1.2181 -0.4879 1.8011, 1.2153 -0.4879 1.6834, 1.2011 -0.4879 1.5665, 1.1757 -0.4879 1.4515, 1.1393 -0.4879 1.3396, 1.0923 -0.4879 1.2316, 0.2733 -0.5321 0.6628, 0.165 -0.5321 0.6416, 0.0552 -0.5321 0.6309, -0.0552 -0.5321 0.6309, -0.165 -0.5321 0.6416, -0.2733 -0.5321 0.6628, -0.3791 -0.5321 0.6943, -0.4813 -0.5321 0.736, -0.579 -0.5321 0.7872, -0.6713 -0.5321 0.8477, -0.7573 -0.5321 0.9168, -0.8363 -0.5321 0.9939, -0.9075 -0.5321 1.0782, -0.9701 -0.5321 1.1691, -1.0238 -0.5321 1.2655, -1.0678 -0.5321 1.3667, -1.1019 -0.5321 1.4716, -1.1258 -0.5321 1.5794, -1.1391 -0.5321 1.6889, -1.1417 -0.5321 1.7993, -1.1337 -0.5321 1.9093, -1.1152 -0.5321 2.0181, -1.0862 -0.5321 2.1246, -1.047 -0.5321 2.2278, -0.9981 -0.5321 2.3267, -0.9399 -0.5321 2.4204, -0.8729 -0.5321 2.5081, -0.7977 -0.5321 2.5889, -0.7151 -0.5321 2.6621, -0.6259 -0.5321 2.727, -0.5307 -0.5321 2.7829, -0.4307 -0.5321 2.8294, -0.3266 -0.5321 2.866, -0.2194 -0.5321 2.8924, -0.1102 -0.5321 2.9084, 0.0 -0.5321 2.9137, 0.1102 -0.5321 2.9084, 0.2194 -0.5321 2.8924, 0.3266 -0.5321 2.866, 0.4307 -0.5321 2.8294, 0.5307 -0.5321 2.7829, 0.6259 -0.5321 2.727, 0.7151 -0.5321 2.6621, 0.7977 -0.5321 2.5889, 0.8729 -0.5321 2.5081, 0.9399 -0.5321 2.4204, 0.9981 -0.5321 2.3267, 1.047 -0.5321 2.2278, 1.0862 -0.5321 2.1246, 1.1152 -0.5321 2.0181, 1.1337 -0.5321 1.9093, 1.1417 -0.5321 1.7993, 1.1391 -0.5321 1.6889, 1.1258 -0.5321 1.5794, 1.1019 -0.5321 1.4716, 1.0678 -0.5321 1.3667, 1.0238 -0.5321 1.2655, 0.2536 -0.5643 0.7426, 0.1531 -0.5643 0.7229, 0.0512 -0.5643 0.713, -0.0512 -0.5643 0.713, -0.1531 -0.5643 0.7229, -0.2536 -0.5643 0.7426, -0.3518 -0.5643 0.7718, -0.4466 -0.5643 0.8105, -0.5373 -0.5643 0.8581, -0.623 -0.5643 0.9142, -0.7028 -0.5643 0.9783, -0.7761 -0.5643 1.0498, -0.8422 -0.5643 1.1281, -0.9003 -0.5643 1.2124, -0.9501 -0.5643 1.3019, -0.991 -0.5643 1.3958, -1.0227 -0.5643 1.4932, -1.0448 -0.5643 1.5932, -1.0571 -0.5643 1.6949, -1.0596 -0.5643 1.7973, -1.0522 -0.5643 1.8994, -1.0349 -0.5643 2.0004, -1.008 -0.5643 2.0992, -0.9717 -0.5643 2.1949, -0.9263 -0.5643 2.2867, -0.8723 -0.5643 2.3737, -0.8101 -0.5643 2.4551, -0.7403 -0.5643 2.5301, -0.6637 -0.5643 2.598, -0.5808 -0.5643 2.6582, -0.4926 -0.5643 2.7101, -0.3997 -0.5643 2.7533, -0.3031 -0.5643 2.7873, -0.2036 -0.5643 2.8118, -0.1023 -0.5643 2.8266, 0.0 -0.5643 2.8315, 0.1023 -0.5643 2.8266, 0.2036 -0.5643 2.8118, 0.3031 -0.5643 2.7873, 0.3997 -0.5643 2.7533, 0.4926 -0.5643 2.7101, 0.5808 -0.5643 2.6582, 0.6637 -0.5643 2.598, 0.7403 -0.5643 2.5301, 0.8101 -0.5643 2.4551, 0.8723 -0.5643 2.3737, 0.9263 -0.5643 2.2867, 0.9717 -0.5643 2.1949, 1.008 -0.5643 2.0992, 1.0349 -0.5643 2.0004, 1.0522 -0.5643 1.8994, 1.0596 -0.5643 1.7973, 1.0571 -0.5643 1.6949, 1.0448 -0.5643 1.5932, 1.0227 -0.5643 1.4932, 0.991 -0.5643 1.3958, 0.9501 -0.5643 1.3019, 0.3232 -0.584 0.853, 0.2331 -0.584 0.8261, 0.1407 -0.584 0.808, 0.047 -0.584 0.7989, -0.047 -0.584 0.7989, -0.1407 -0.584 0.808, -0.2331 -0.584 0.8261, -0.3232 -0.584 0.853, -0.4104 -0.584 0.8885, -0.4937 -0.584 0.9322, -0.5724 -0.584 0.9838, -0.6458 -0.584 1.0427, -0.7131 -0.584 1.1085, -0.7738 -0.584 1.1804, -0.8272 -0.584 1.2578, -0.873 -0.584 1.3401, -0.9106 -0.584 1.4263, -0.9396 -0.584 1.5158, -0.9599 -0.584 1.6077, -0.9713 -0.584 1.7011, -0.9736 -0.584 1.7952, -0.9667 -0.584 1.889, -0.9509 -0.584 1.9818, -0.9262 -0.584 2.0726, -0.8928 -0.584 2.1606, -0.8511 -0.584 2.2449, -0.8015 -0.584 2.3249, -0.7443 -0.584 2.3996, -0.6802 -0.584 2.4685, -0.6098 -0.584 2.5309, -0.5337 -0.584 2.5862, -0.4526 -0.584 2.6339, -0.3672 -0.584 2.6736, -0.2785 -0.584 2.7048, -0.1871 -0.584 2.7274, -0.094 -0.584 2.741, 0.0 -0.584 2.7455, 0.094 -0.584 2.741, 0.1871 -0.584 2.7274, 0.2785 -0.584 2.7048, 0.3672 -0.584 2.6736, 0.4526 -0.584 2.6339, 0.5337 -0.584 2.5862, 0.6098 -0.584 2.5309, 0.6802 -0.584 2.4685, 0.7443 -0.584 2.3996, 0.8015 -0.584 2.3249, 0.8511 -0.584 2.2449, 0.8928 -0.584 2.1606, 0.9262 -0.584 2.0726, 0.9509 -0.584 1.9818, 0.9667 -0.584 1.889, 0.9736 -0.584 1.7952, 0.9713 -0.584 1.7011, 0.9599 -0.584 1.6077, 0.9396 -0.584 1.5158, 0.9106 -0.584 1.4263, 0.873 -0.584 1.3401, 0.3733 -0.5906 0.9683, 0.294 -0.5906 0.936, 0.212 -0.5906 0.9116, 0.128 -0.5906 0.8951, 0.0428 -0.5906 0.8869, -0.0428 -0.5906 0.8869, -0.128 -0.5906 0.8951, -0.212 -0.5906 0.9116, -0.294 -0.5906 0.936, -0.3733 -0.5906 0.9683, -0.4491 -0.5906 1.0081, -0.5207 -0.5906 1.055, -0.5874 -0.5906 1.1086, -0.6487 -0.5906 1.1684, -0.7039 -0.5906 1.2338, -0.7525 -0.5906 1.3043, -0.7941 -0.5906 1.3791, -0.8283 -0.5906 1.4575, -0.8547 -0.5906 1.5389, -0.8732 -0.5906 1.6225, -0.8835 -0.5906 1.7075, -0.8856 -0.5906 1.7931, -0.8794 -0.5906 1.8784, -0.865 -0.5906 1.9628, -0.8425 -0.5906 2.0454, -0.8121 -0.5906 2.1254, -0.7742 -0.5906 2.2022, -0.729 -0.5906 2.2749, -0.6771 -0.5906 2.3429, -0.6188 -0.5906 2.4056, -0.5547 -0.5906 2.4623, -0.4854 -0.5906 2.5126, -0.4117 -0.5906 2.556, -0.334 -0.5906 2.5921, -0.2533 -0.5906 2.6205, -0.1702 -0.5906 2.641, -0.0855 -0.5906 2.6533, 0.0 -0.5906 2.6575, 0.0855 -0.5906 2.6533, 0.1702 -0.5906 2.641, 0.2533 -0.5906 2.6205, 0.334 -0.5906 2.5921, 0.4117 -0.5906 2.556, 0.4854 -0.5906 2.5126, 0.5547 -0.5906 2.4623, 0.6188 -0.5906 2.4056, 0.6771 -0.5906 2.3429, 0.729 -0.5906 2.2749, 0.7742 -0.5906 2.2022, 0.8121 -0.5906 2.1254, 0.8425 -0.5906 2.0454, 0.865 -0.5906 1.9628, 0.8794 -0.5906 1.8784, 0.8856 -0.5906 1.7931, 0.8835 -0.5906 1.7075, 0.8732 -0.5906 1.6225, 0.8547 -0.5906 1.5389, 0.8283 -0.5906 1.4575, 0.7941 -0.5906 1.3791, 0.7525 -0.5906 1.3043, 0.1832 0.5906 1.858, 0.1807 0.5906 1.8747, 0.1773 0.5906 1.8878, 0.1729 0.5906 1.8997, 0.1667 0.5906 1.9118, 0.1604 0.5906 1.9213, 0.1839 0.5906 1.8416, 0.1829 0.5906 1.8243, 0.1534 0.5906 1.9298, 0.1457 0.5906 1.9373, 0.1403 0.5906 1.9417, 0.1312 0.5906 1.9478, 0.1214 0.5906 1.953, 0.1098 0.5906 1.9576, 0.0978 0.5906 1.9609, 0.085 0.5906 1.963, 0.075 0.5906 1.9638, 0.0593 0.5906 1.9637, 0.0428 0.5906 1.9618, 0.1108 0.5906 1.6726, 0.1819 0.5906 1.8164, 0.1779 0.5906 1.7957, 0.1716 0.5906 1.7744, 0.1632 0.5906 1.7529, 0.1567 0.5906 1.7393, 0.1434 0.5906 1.7159, 0.1278 0.5906 1.6933, 0.0252 0.5906 1.9582, 0.0195 0.5906 1.9566, -0.0011 0.5906 1.9496, -0.022 0.5906 1.9401, -0.0433 0.5906 1.928, -0.0538 0.5906 1.9211, -0.0758 0.5906 1.9045, -0.0968 0.5906 1.8854, -0.1108 0.5906 1.8707, 0.69 -0.5969 0.868, 0.6924 -0.5966 0.8628, 0.6994 -0.6004 0.8678, 0.8052 -0.5745 0.5416, 0.8087 -0.5733 0.5234, 0.8213 -0.5874 0.529, 1.1403 -0.3835 0.2446, 1.0718 -0.3228 0.3985, 1.0759 -0.3256 0.4093, 1.0845 -0.3307 0.3566, 1.111 -0.4006 0.5715, 1.1105 -0.406 0.5798, 1.1219 -0.4096 0.5427, 1.1051 -0.4326 0.6195, 1.1072 -0.4331 0.6136, 1.1064 -0.4281 0.613, 0.6427 -0.6039 1.1235, 0.625 -0.6041 1.1423, 0.6138 -0.6068 1.1322, 0.6611 -0.6036 1.1049, 0.6808 -0.603 1.0859, 0.6861 -0.6081 1.0481, 0.7026 -0.6021 1.0655, 0.7373 -0.6001 1.0346, 0.7355 -0.6002 1.0362, 0.7077 -0.6018 1.061, 0.7049 -0.602 1.0635, 0.7678 -0.5977 1.0082, 0.8059 -0.6028 0.9433, 0.805 -0.5938 0.9764, 0.8269 -0.5907 0.9576, 0.8743 -0.5828 0.9166, 0.8408 -0.5888 0.9457, 0.9109 -0.595 0.8343, 0.8373 -0.5893 0.9487, 0.8856 -0.6089 0.8203, 0.9334 -0.5766 0.8464, 0.9103 -0.5744 0.8845, 0.8847 -0.5806 0.9075, 0.9448 -0.5641 0.8523, 0.9379 -0.5665 0.859, 0.9124 -0.5739 0.8826, 0.9612 -0.5584 0.8365, 0.9967 -0.5849 0.7263, 0.9673 -0.5559 0.8304, 1.017 -0.5628 0.734, 0.9825 -0.5496 0.815, 1.0323 -0.5396 0.7393, 1.0094 -0.5361 0.7859, 1.0021 -0.5402 0.7941, 1.0444 -0.5131 0.7429, 1.0327 -0.5218 0.7583, 1.0168 -0.532 0.7775, 1.0597 -0.5003 0.7213, 1.047 -0.5112 0.7396, 1.0721 -0.5176 0.6804, 1.0451 -0.5126 0.742, 1.0593 -0.5447 0.6775, 1.0829 -0.4744 0.681, 1.078 -0.4808 0.6907, 1.0804 -0.4894 0.6813, 1.072 -0.4877 0.7014, 1.0709 -0.489 0.7033, 1.0868 -0.4692 0.6731, 1.1041 -0.495 0.6183, 1.091 -0.4623 0.6631, 1.1081 -0.4664 0.617, 1.0941 -0.4574 0.6559, 1.1 -0.4457 0.6387, 1.1046 -0.434 0.6217, 1.128 -0.4394 0.5473, 1.11 -0.4118 0.5888, 1.1078 -0.4234 0.606, 1.1096 -0.3792 0.5363, 1.1097 -0.3794 0.5367, 1.1107 -0.3813 0.5368, 1.1099 -0.3811 0.5395, 1.1109 -0.3898 0.5542, 1.1116 -0.3624 0.466, 1.1035 -0.3592 0.4989, 1.1272 -0.3877 0.472, 1.1052 -0.363 0.5065, 1.1082 -0.3726 0.5247, 1.0934 -0.342 0.4599, 1.0962 -0.3457 0.4694, 1.1012 -0.354 0.4881, 1.087 -0.3345 0.4398, 1.0904 -0.3382 0.4502, 1.1088 -0.3495 0.3618, 1.092 -0.3402 0.4555, 1.1294 -0.3723 0.3668, 1.0798 -0.3281 0.4194, 1.0524 -0.3146 0.3506, 1.0538 -0.315 0.354, 1.0572 -0.3165 0.3515, 1.056 -0.3158 0.3594, 1.0632 -0.3184 0.3767, 1.0349 -0.317 0.2342, 1.0303 -0.3114 0.2988, 1.0675 -0.3271 0.2366, 1.0389 -0.3119 0.3188, 1.0495 -0.3138 0.3438, 1.0015 -0.3134 0.2324, 1.0033 -0.3131 0.2366, 1.0158 -0.3116 0.2655, 1.0277 -0.3112 0.2928, 1.0015 -0.3135 0.2323, 0.9715 -0.3209 0.1639, 0.96 -0.3248 0.1384, 0.9851 -0.317 0.1948, 0.9912 -0.3156 0.2089, 0.9984 -0.314 0.2254, 0.9576 -0.3256 0.1332, 1.095 -0.3415 0.239, 1.1195 -0.3605 0.2418, 1.1563 -0.4091 0.2475, 1.1679 -0.4376 0.2504, 1.1743 -0.4676 0.2532, 1.1753 -0.5009 0.256, 1.171 -0.5294 0.2582, 1.162 -0.5574 0.2601, 1.1481 -0.584 0.2617, 1.1311 -0.6066 0.2627, 1.0823 -0.6452 0.2637, 1.1086 -0.6279 0.2635, 1.0529 -0.6578 0.2634, 1.0211 -0.665 0.2625, 0.9883 -0.6663 0.2611, 0.9549 -0.6612 0.2591, 0.9227 -0.6497 0.2567, 0.8958 -0.6341 0.2541, 0.8722 -0.614 0.2513, 0.8527 -0.5904 0.2485, 0.8323 -0.5536 0.2832, 0.831 -0.5473 0.2439, 0.8375 -0.5636 0.2455, 0.8305 -0.5448 0.2286, 0.8287 -0.538 0.1985, 0.8279 -0.5348 0.1845, 0.8255 -0.524 0.1477, 0.8439 -0.5812 0.3483, 0.8315 -0.5604 0.3446, 0.8319 -0.5572 0.3159, 0.825 -0.5665 0.4222, 0.8289 -0.5643 0.3906, 0.8314 -0.561 0.3498, 0.8196 -0.5696 0.4673, 0.8493 -0.5969 0.4306, 0.8197 -0.5695 0.4665, 0.8303 -0.5737 0.424, 0.7874 -0.5793 0.6112, 0.7559 -0.5864 0.7095, 0.7672 -0.584 0.6766, 0.8036 -0.5985 0.6372, 0.7828 -0.5803 0.6261, 0.7852 -0.5798 0.6183, 0.7124 -0.594 0.819, 0.773 -0.606 0.7541, 0.7347 -0.5904 0.7657, 0.7361 -0.5901 0.7619, 0.7496 -0.5914 0.7395, 0.7455 -0.5883 0.737, 0.673 -0.5988 0.9025, 0.6206 -0.6025 0.9942, 0.6224 -0.6025 0.9913, 0.6348 -0.6073 1.006, 0.6391 -0.6015 0.9641, 0.6701 -0.5991 0.9079, 0.726 -0.6105 0.887, 0.656 -0.6003 0.9345, 0.5733 -0.6039 1.0602, 0.5645 -0.6061 1.0881, 0.5586 -0.6041 1.0778, 0.5562 -0.6041 1.0806, 0.5878 -0.6037 1.0415, 0.6021 -0.6033 1.0218, 0.6059 -0.6031 1.0164, 0.6023 -0.6095 1.1219, 0.6608 -0.6109 1.0274, 0.5789 -0.6095 1.1009, 0.5895 -0.6095 1.1104, 0.7801 -0.6114 0.9254, 0.7533 -0.6141 0.9065, 0.801 -0.6162 0.7712, 0.8299 -0.6199 0.7883, 0.8582 -0.6173 0.8048, 0.828 -0.6132 0.6498, 0.8574 -0.6236 0.6643, 0.8877 -0.6275 0.6787, 0.9175 -0.6251 0.6924, 0.9463 -0.6168 0.7052, 0.9729 -0.6032 0.7166, 1.0203 -0.6131 0.6001, 1.0451 -0.5951 0.607, 1.0228 -0.5898 0.6665, 1.0664 -0.5732 0.6124, 1.0436 -0.5678 0.6731, 1.0825 -0.5502 0.6158, 1.0956 -0.5232 0.6179, 0.8437 -0.6069 0.5385, 0.8691 -0.6218 0.5486, 0.8997 -0.6325 0.5602, 0.9313 -0.6366 0.5715, 0.9623 -0.6345 0.582, 0.9924 -0.6265 0.5917, 0.9947 -0.6455 0.4679, 1.0258 -0.6378 0.4741, 1.0109 -0.632 0.5327, 1.0546 -0.6247 0.4793, 1.0393 -0.6188 0.5395, 1.0803 -0.607 0.4833, 1.0647 -0.6009 0.5449, 1.1023 -0.5853 0.4861, 1.0864 -0.5791 0.549, 1.1189 -0.5625 0.4875, 1.1027 -0.5562 0.5514, 1.1325 -0.5357 0.4879, 1.1161 -0.5293 0.5526, 1.1414 -0.5076 0.4871, 1.1248 -0.5012 0.5524, 1.1456 -0.4791 0.4852, 1.129 -0.4727 0.5508, 1.1447 -0.4458 0.4817, 1.1385 -0.416 0.4773, 0.8724 -0.6166 0.4377, 0.8986 -0.6318 0.4451, 0.9301 -0.6428 0.4532, 0.9627 -0.6473 0.4609, 0.8632 -0.6046 0.3532, 0.8866 -0.6245 0.3584, 0.9132 -0.6399 0.3635, 0.9452 -0.6511 0.369, 0.9783 -0.6559 0.374, 1.0108 -0.6544 0.3782, 1.0423 -0.647 0.3818, 1.0716 -0.6341 0.3846, 1.0977 -0.6166 0.3864, 1.12 -0.5951 0.3874, 1.1369 -0.5724 0.3874, 1.1507 -0.5457 0.3867, 1.1597 -0.5177 0.3852, 1.1639 -0.4892 0.383, 1.163 -0.456 0.3796, 1.1567 -0.4261 0.3758, 1.1452 -0.3977 0.3715, 0.6166 -0.6041 1.1516, 0.0344 -0.6041 1.8024, 0.0117 -0.6095 1.7822, -0.0344 -0.6041 1.7409, 0.5479 -0.6041 1.0901, 0.552 -0.6041 1.0854, 0.6208 -0.6041 1.1469, -0.0117 -0.6095 1.7612, -0.0117 -0.6095 1.7612, 0.0117 -0.6095 1.7821, -0.1061 -0.5974 1.8706, -0.106 -0.5976 1.8677, -0.0629 -0.606 1.8187, -0.0463 -0.604 1.7548, -0.0807 -0.6022 1.8026, -0.0743 -0.6028 1.7924, -0.0687 -0.6031 1.7841, -0.058 -0.6037 1.7695, -0.1033 -0.5988 1.8508, -0.1005 -0.5995 1.8423, -0.0969 -0.6002 1.8331, -0.0949 -0.6005 1.8288, -0.106 -0.5977 1.8652, -0.1052 -0.5982 1.859, -0.0892 -0.6013 1.8173, -0.0823 -0.6021 1.8051, -0.1042 -0.5968 1.8796, -0.0966 -0.5978 1.8799, -0.1025 -0.5967 1.8827, -0.1002 -0.5967 1.8852, -0.0394 -0.606 1.8396, -0.087 -0.5972 1.8891, -0.0916 -0.597 1.8889, -0.0953 -0.5968 1.888, -0.0985 -0.5967 1.8864, -0.0087 -0.6029 1.845, -0.0211 -0.6022 1.8553, -0.0211 -0.6022 1.8553, -0.0329 -0.6014 1.8642, -0.044 -0.6006 1.8718, -0.047 -0.6004 1.8736, -0.056 -0.5996 1.8788, -0.0642 -0.599 1.8829, -0.0717 -0.5984 1.8859, -0.0763 -0.598 1.8873, -0.0819 -0.5976 1.8886, -0.0827 -0.5975 1.8887, 0.0249 -0.6041 1.8127, 0.0113 -0.6038 1.8266, -0.0024 -0.6032 1.8395, -0.1054 -0.597 1.8758, -0.69 0.5969 0.868, -0.6924 0.5966 0.8628, -0.6994 0.6004 0.8678, -0.8052 0.5745 0.5416, -0.8087 0.5733 0.5234, -0.8213 0.5874 0.529, -1.1403 0.3835 0.2446, -1.0718 0.3228 0.3985, -1.0759 0.3256 0.4093, -1.0845 0.3307 0.3566, -1.111 0.4006 0.5715, -1.1105 0.406 0.5798, -1.1219 0.4096 0.5427, -1.1051 0.4326 0.6195, -1.1072 0.4331 0.6136, -1.1064 0.4281 0.613, -0.6427 0.6039 1.1235, -0.625 0.6041 1.1423, -0.6138 0.6068 1.1322, -0.6611 0.6036 1.1049, -0.6808 0.603 1.0859, -0.6861 0.6081 1.0481, -0.7026 0.6021 1.0655, -0.7373 0.6001 1.0346, -0.7355 0.6002 1.0362, -0.7077 0.6018 1.061, -0.7049 0.602 1.0635, -0.7678 0.5977 1.0082, -0.8059 0.6028 0.9433, -0.805 0.5938 0.9764, -0.8269 0.5907 0.9576, -0.8743 0.5828 0.9166, -0.8408 0.5888 0.9457, -0.9109 0.595 0.8343, -0.8373 0.5893 0.9487, -0.8856 0.6089 0.8203, -0.9334 0.5766 0.8464, -0.9103 0.5744 0.8845, -0.8847 0.5806 0.9075, -0.9448 0.5641 0.8523, -0.9379 0.5665 0.859, -0.9124 0.5739 0.8826, -0.9612 0.5584 0.8365, -0.9967 0.5849 0.7263, -0.9673 0.5559 0.8304, -1.017 0.5628 0.734, -0.9825 0.5496 0.815, -1.0323 0.5396 0.7393, -1.0094 0.5361 0.7859, -1.0021 0.5402 0.7941, -1.0444 0.5131 0.7429, -1.0327 0.5218 0.7583, -1.0168 0.532 0.7775, -1.0597 0.5003 0.7213, -1.047 0.5112 0.7396, -1.0721 0.5176 0.6804, -1.0451 0.5126 0.742, -1.0593 0.5447 0.6775, -1.0829 0.4744 0.681, -1.078 0.4808 0.6907, -1.0804 0.4894 0.6813, -1.072 0.4877 0.7014, -1.0709 0.489 0.7033, -1.0868 0.4692 0.6731, -1.1041 0.495 0.6183, -1.091 0.4623 0.6631, -1.1081 0.4664 0.617, -1.0941 0.4574 0.6559, -1.1 0.4457 0.6387, -1.1046 0.434 0.6217, -1.128 0.4394 0.5473, -1.11 0.4118 0.5888, -1.1078 0.4234 0.606, -1.1096 0.3792 0.5363, -1.1097 0.3794 0.5367, -1.1107 0.3813 0.5368, -1.1099 0.3811 0.5395, -1.1109 0.3898 0.5542, -1.1116 0.3624 0.466, -1.1035 0.3592 0.4989, -1.1272 0.3877 0.472, -1.1052 0.363 0.5065, -1.1082 0.3726 0.5247, -1.0934 0.342 0.4599, -1.0962 0.3457 0.4694, -1.1012 0.354 0.4881, -1.087 0.3345 0.4398, -1.0904 0.3382 0.4502, -1.1088 0.3495 0.3618, -1.092 0.3402 0.4555, -1.1294 0.3723 0.3668, -1.0798 0.3281 0.4194, -1.0524 0.3146 0.3506, -1.0538 0.315 0.354, -1.0572 0.3165 0.3515, -1.056 0.3158 0.3594, -1.0632 0.3184 0.3767, -1.0349 0.317 0.2342, -1.0303 0.3114 0.2988, -1.0675 0.3271 0.2366, -1.0389 0.3119 0.3188, -1.0495 0.3138 0.3438, -1.0015 0.3134 0.2324, -1.0033 0.3131 0.2366, -1.0158 0.3116 0.2655, -1.0277 0.3112 0.2928, -1.0015 0.3135 0.2323, -0.9715 0.3209 0.1639, -0.96 0.3248 0.1384, -0.9851 0.317 0.1948, -0.9912 0.3156 0.2089, -0.9984 0.314 0.2254, -0.9576 0.3256 0.1332, -1.095 0.3415 0.239, -1.1195 0.3605 0.2418, -1.1563 0.4091 0.2475, -1.1679 0.4376 0.2504, -1.1743 0.4676 0.2532, -1.1753 0.5009 0.256, -1.171 0.5294 0.2582, -1.162 0.5574 0.2601, -1.1481 0.584 0.2617, -1.1311 0.6066 0.2627, -1.0823 0.6452 0.2637, -1.1086 0.6279 0.2635, -1.0529 0.6578 0.2634, -1.0211 0.665 0.2625, -0.9883 0.6663 0.2611, -0.9549 0.6612 0.2591, -0.9227 0.6497 0.2567, -0.8958 0.6341 0.2541, -0.8722 0.614 0.2513, -0.8527 0.5904 0.2485, -0.8323 0.5536 0.2832, -0.831 0.5473 0.2439, -0.8375 0.5636 0.2455, -0.8305 0.5448 0.2286, -0.8287 0.538 0.1985, -0.8279 0.5348 0.1845, -0.8255 0.524 0.1477, -0.8439 0.5812 0.3483, -0.8315 0.5604 0.3446, -0.8319 0.5572 0.3159, -0.825 0.5665 0.4222, -0.8289 0.5643 0.3906, -0.8314 0.561 0.3498, -0.8196 0.5696 0.4673, -0.8493 0.5969 0.4306, -0.8197 0.5695 0.4665, -0.8303 0.5737 0.424, -0.7874 0.5793 0.6112, -0.7559 0.5864 0.7095, -0.7672 0.584 0.6766, -0.8036 0.5985 0.6372, -0.7828 0.5803 0.6261, -0.7852 0.5798 0.6183, -0.7124 0.594 0.819, -0.773 0.606 0.7541, -0.7347 0.5904 0.7657, -0.7361 0.5901 0.7619, -0.7496 0.5914 0.7395, -0.7455 0.5883 0.737, -0.673 0.5988 0.9025, -0.6206 0.6025 0.9942, -0.6224 0.6025 0.9913, -0.6348 0.6073 1.006, -0.6391 0.6015 0.9641, -0.6701 0.5991 0.9079, -0.726 0.6105 0.887, -0.656 0.6003 0.9345, -0.5733 0.6039 1.0602, -0.5645 0.6061 1.0881, -0.5586 0.6041 1.0778, -0.5562 0.6041 1.0806, -0.5878 0.6037 1.0415, -0.6021 0.6033 1.0218, -0.6059 0.6031 1.0164, -0.6023 0.6095 1.1219, -0.6608 0.6109 1.0274, -0.5789 0.6095 1.1009, -0.5895 0.6095 1.1104, -0.7801 0.6114 0.9254, -0.7533 0.6141 0.9065, -0.801 0.6162 0.7712, -0.8299 0.6199 0.7883, -0.8582 0.6173 0.8048, -0.828 0.6132 0.6498, -0.8574 0.6236 0.6643, -0.8877 0.6275 0.6787, -0.9175 0.6251 0.6924, -0.9463 0.6168 0.7052, -0.9729 0.6032 0.7166, -1.0203 0.6131 0.6001, -1.0451 0.5951 0.607, -1.0228 0.5898 0.6665, -1.0664 0.5732 0.6124, -1.0436 0.5678 0.6731, -1.0825 0.5502 0.6158, -1.0956 0.5232 0.6179, -0.8437 0.6069 0.5385, -0.8691 0.6218 0.5486, -0.8997 0.6325 0.5602, -0.9313 0.6366 0.5715, -0.9623 0.6345 0.582, -0.9924 0.6265 0.5917, -0.9947 0.6455 0.4679, -1.0258 0.6378 0.4741, -1.0109 0.632 0.5327, -1.0546 0.6247 0.4793, -1.0393 0.6188 0.5395, -1.0803 0.607 0.4833, -1.0647 0.6009 0.5449, -1.1023 0.5853 0.4861, -1.0864 0.5791 0.549, -1.1189 0.5625 0.4875, -1.1027 0.5562 0.5514, -1.1325 0.5357 0.4879, -1.1161 0.5293 0.5526, -1.1414 0.5076 0.4871, -1.1248 0.5012 0.5524, -1.1456 0.4791 0.4852, -1.129 0.4727 0.5508, -1.1447 0.4458 0.4817, -1.1385 0.416 0.4773, -0.8724 0.6166 0.4377, -0.8986 0.6318 0.4451, -0.9301 0.6428 0.4532, -0.9627 0.6473 0.4609, -0.8632 0.6046 0.3532, -0.8866 0.6245 0.3584, -0.9132 0.6399 0.3635, -0.9452 0.6511 0.369, -0.9783 0.6559 0.374, -1.0108 0.6544 0.3782, -1.0423 0.647 0.3818, -1.0716 0.6341 0.3846, -1.0977 0.6166 0.3864, -1.12 0.5951 0.3874, -1.1369 0.5724 0.3874, -1.1507 0.5457 0.3867, -1.1597 0.5177 0.3852, -1.1639 0.4892 0.383, -1.163 0.456 0.3796, -1.1567 0.4261 0.3758, -1.1452 0.3977 0.3715, -0.6166 0.6041 1.1516, -0.0344 0.6041 1.8024, -0.0117 0.6095 1.7822, 0.0344 0.6041 1.7409, -0.5479 0.6041 1.0901, -0.552 0.6041 1.0854, -0.6208 0.6041 1.1469, 0.0117 0.6095 1.7612, 0.0117 0.6095 1.7612, -0.0117 0.6095 1.7821, 0.1061 0.5974 1.8706, 0.106 0.5976 1.8677, 0.0629 0.606 1.8187, 0.0463 0.604 1.7548, 0.0807 0.6022 1.8026, 0.0743 0.6028 1.7924, 0.0687 0.6031 1.7841, 0.058 0.6037 1.7695, 0.1033 0.5988 1.8508, 0.1005 0.5995 1.8423, 0.0969 0.6002 1.8331, 0.0949 0.6005 1.8288, 0.106 0.5977 1.8652, 0.1052 0.5982 1.859, 0.0892 0.6013 1.8173, 0.0823 0.6021 1.8051, 0.1042 0.5968 1.8796, 0.0966 0.5978 1.8799, 0.1025 0.5967 1.8827, 0.1002 0.5967 1.8852, 0.0394 0.606 1.8396, 0.087 0.5972 1.8891, 0.0916 0.597 1.8889, 0.0953 0.5968 1.888, 0.0985 0.5967 1.8864, 0.0087 0.6029 1.845, 0.0211 0.6022 1.8553, 0.0211 0.6022 1.8553, 0.0329 0.6014 1.8642, 0.044 0.6006 1.8718, 0.047 0.6004 1.8736, 0.056 0.5996 1.8788, 0.0642 0.599 1.8829, 0.0717 0.5984 1.8859, 0.0763 0.598 1.8873, 0.0819 0.5976 1.8886, 0.0827 0.5975 1.8887, -0.0249 0.6041 1.8127, -0.0113 0.6038 1.8266, 0.0024 0.6032 1.8395, 0.1054 0.597 1.8758, -0.5135 0.594 1.0525, -0.51 0.594 1.0562, -0.4884 0.5915 1.0256, -0.4998 0.5925 1.0349, -0.5112 0.5935 1.0442, -0.5169 0.594 1.0488, -0.5225 0.5954 1.0534, -0.5337 0.5983 1.0624, -0.5449 0.6012 1.0715, 0.0722 0.594 1.707, -0.8021 0.4894 0.2901, -0.7942 0.5136 0.3962, -0.5492 0.4221 0.5371, -0.5459 0.3971 0.5036, -0.6223 0.4046 0.4737, -0.7783 0.532 0.5004, -0.7637 0.543 0.5669, -0.49 0.466 0.6111, -0.7294 0.563 0.6896, -0.5062 0.5083 0.6893, -0.513 0.5262 0.7301, -0.7015 0.5755 0.7724, -0.5247 0.5602 0.8301, -0.5268 0.5753 0.8942, -0.49 0.5908 1.024, -0.5246 0.595 1.0511, -0.5473 0.6005 1.069, -0.561 0.6003 1.0525, -0.5744 0.5999 1.0349, -0.5874 0.5992 1.0161, -0.5908 0.599 1.0109, -0.4987 0.5904 1.0128, -0.5063 0.5897 1.0002, -0.5125 0.5886 0.9861, -0.514 0.5882 0.9821, -0.5194 0.5862 0.9634, -0.5233 0.5835 0.9424, -0.5257 0.5799 0.9193, -0.6348 0.5939 0.9325, -0.6202 0.5961 0.9609, -0.6055 0.5977 0.987, -0.5015 0.5916 1.0331, -0.5113 0.5913 1.0208, -0.52 0.5905 1.0072, -0.5276 0.5894 0.9923, -0.5294 0.589 0.9881, -0.5367 0.5869 0.9684, -0.5428 0.584 0.9464, -0.5477 0.5802 0.9224, -0.5516 0.5754 0.8964, -0.5131 0.593 1.0421, -0.5238 0.5927 1.0288, -0.5337 0.592 1.0142, -0.5426 0.5908 0.9984, -0.5449 0.5905 0.9939, -0.554 0.5884 0.9732, -0.5623 0.5855 0.9503, -0.5697 0.5818 0.9253, -0.5763 0.577 0.8983, -0.5822 0.5711 0.8694, -0.6638 0.5877 0.8691, -0.6493 0.5911 0.9019, -0.5363 0.5947 1.0368, -0.5473 0.594 1.0212, -0.5576 0.593 1.0044, -0.5603 0.5926 0.9997, -0.5713 0.5907 0.9779, -0.5817 0.5881 0.954, -0.5916 0.5846 0.9279, -0.6009 0.5802 0.8998, -0.6097 0.5748 0.8698, -0.6208 0.5659 0.8276, -0.536 0.5975 1.0601, -0.5487 0.5972 1.0447, -0.5609 0.5966 1.0281, -0.5725 0.5957 1.0103, -0.5756 0.5954 1.0054, -0.5885 0.5938 0.9825, -0.6011 0.5916 0.9575, -0.6133 0.5886 0.9303, -0.6253 0.5849 0.901, -0.637 0.5803 0.8696, -0.6521 0.5728 0.8254, -0.6669 0.5637 0.7782, -0.6827 0.5822 0.8226, -0.7196 0.5678 0.72, -0.6812 0.553 0.7293, -0.6313 0.555 0.7829, -0.589 0.5615 0.8292, -0.5544 0.5694 0.8687, -0.7472 0.5534 0.6298, -0.6889 0.5464 0.7012, -0.6412 0.5422 0.7372, -0.5949 0.5495 0.7867, -0.5569 0.5595 0.83, -0.5266 0.5695 0.8674, -0.7033 0.5328 0.6466, -0.6465 0.5342 0.7111, -0.6001 0.5355 0.7436, -0.5581 0.5474 0.7894, -0.717 0.5178 0.5899, -0.6564 0.5177 0.6611, -0.6027 0.5268 0.7193, -0.5582 0.533 0.7485, -0.5211 0.5485 0.791, -0.7897 0.5202 0.4323, -0.7297 0.5016 0.5309, -0.6659 0.4994 0.6101, -0.6074 0.5086 0.6732, -0.558 0.5241 0.7257, -0.5162 0.5348 0.7519, -0.7405 0.4843 0.4711, -0.675 0.4793 0.5578, -0.6117 0.4882 0.627, -0.557 0.5054 0.6827, -0.4662 0.403 0.5231, -0.4755 0.428 0.5547, -0.4808 0.4418 0.5739, -0.7993 0.5013 0.3375, -0.7453 0.4747 0.4396, -0.683 0.4578 0.5057, -0.6158 0.4658 0.5806, -0.5555 0.4845 0.6403, -0.7518 0.4578 0.3889, -0.6867 0.4459 0.4785, -0.6191 0.4416 0.535, -0.5535 0.4613 0.5985, -0.4985 0.4882 0.6497, -0.6961 0.4068 0.4005, -0.6238 0.3836 0.4439, -0.5432 0.3743 0.4766, -0.4582 0.3792 0.4967, -0.804 0.4782 0.2524, -0.7565 0.4427 0.3484, -0.692 0.4251 0.4349, -0.6205 0.4281 0.5114, -0.5509 0.4362 0.558, -0.7606 0.4294 0.3167, -0.7001 0.3912 0.3739, -0.6257 0.3655 0.4209, -0.5416 0.3539 0.4552, -0.4521 0.3569 0.4749, -0.8059 0.4675 0.2216, -0.7647 0.4179 0.2915, -0.7044 0.3779 0.3531, -0.6284 0.3499 0.403, -0.5412 0.3356 0.4382, -0.448 0.3358 0.4567, -0.8079 0.4584 0.1984, -0.7686 0.4088 0.2728, -0.7086 0.3677 0.3381, -0.6315 0.3376 0.3901, -0.5421 0.3205 0.4257, -0.4459 0.3173 0.4426, -0.0722 0.594 1.8363, -0.0605 0.5939 1.8488, -0.0432 0.5939 1.8652, -0.0254 0.5937 1.88, -0.0171 0.5937 1.8862, -0.0002 0.5935 1.8974, 0.016 0.5933 1.9066, 0.0318 0.5931 1.9139, 0.0361 0.593 1.9156, 0.0494 0.5928 1.9201, 0.0618 0.5927 1.9231, 0.0733 0.5925 1.9247, 0.0806 0.5924 1.925, 0.0899 0.5923 1.9246, 0.0983 0.5922 1.9232, 0.1065 0.5922 1.9208, 0.1132 0.5921 1.9178, 0.1193 0.5921 1.9139, 0.1228 0.5921 1.9111, 0.1278 0.5921 1.9061, 0.1322 0.5921 1.9003, 0.136 0.5922 1.8937, 0.1393 0.5923 1.8851, 0.1415 0.5923 1.8765, 0.1428 0.5925 1.8669, 0.143 0.5926 1.8544, 0.142 0.5928 1.842, 0.1396 0.593 1.8287, 0.1381 0.593 1.8226, 0.1332 0.5932 1.8066, 0.1266 0.5934 1.7899, 0.1184 0.5936 1.7728, 0.1123 0.5937 1.7619, 0.1003 0.5938 1.7429, 0.0867 0.5939 1.7243, -0.6645 0.0639 0.4382, -0.8876 0.3346 0.1882, -0.8786 0.3391 0.1858, -0.8699 0.3442 0.1837, -0.8677 0.3456 0.1832, -0.5589 0.1149 0.3996, -0.577 0.1031 0.4047, -0.6378 0.1724 0.3972, -0.8449 0.3641 0.1797, -0.8304 0.3808 0.1794, -0.821 0.3954 0.1807, -0.4938 0.1739 0.3909, -0.8172 0.4028 0.1818, -0.8129 0.4132 0.1838, -0.8078 0.4341 0.1893, -0.4435 0.2855 0.4228, -0.4448 0.3117 0.4387, -0.8075 0.4557 0.1972, -0.8071 0.4495 0.1947, -0.7682 0.4068 0.2722, -0.807 0.4432 0.1923, -0.7674 0.4025 0.2706, -0.708 0.3658 0.3374, -0.8075 0.4366 0.1901, -0.7671 0.398 0.2691, -0.7071 0.3617 0.3357, -0.6308 0.3352 0.3888, -0.7672 0.3934 0.2676, -0.7066 0.3574 0.3341, -0.6296 0.3296 0.3859, -0.5412 0.3167 0.4233, -0.809 0.4273 0.1873, -0.7673 0.3917 0.2671, -0.7066 0.3531 0.3324, -0.6292 0.3239 0.3831, -0.5399 0.3082 0.4181, -0.8107 0.4203 0.1855, -0.7681 0.3869 0.2656, -0.7068 0.3514 0.3318, -0.6295 0.318 0.3804, -0.5397 0.2994 0.4133, -0.4434 0.2988 0.4304, -0.7693 0.3819 0.2641, -0.7075 0.3469 0.3301, -0.6297 0.3158 0.3795, -0.5405 0.2903 0.4088, -0.8158 0.4059 0.1823, -0.771 0.3767 0.2626, -0.7089 0.3421 0.3284, -0.631 0.3097 0.377, -0.541 0.2869 0.4073, -0.4451 0.2717 0.4159, -0.7733 0.3713 0.2612, -0.7108 0.3371 0.3268, -0.6331 0.3034 0.3746, -0.5432 0.2776 0.4033, -0.446 0.2666 0.4135, -0.7745 0.3689 0.2607, -0.7134 0.3319 0.3252, -0.636 0.2968 0.3724, -0.5465 0.268 0.3998, -0.4495 0.2525 0.4076, -0.8254 0.3881 0.1799, -0.7778 0.3632 0.2595, -0.7148 0.3295 0.3245, -0.6397 0.2901 0.3704, -0.5509 0.2583 0.3967, -0.4545 0.2383 0.4025, -0.7816 0.3575 0.2585, -0.7184 0.324 0.3232, -0.6416 0.2871 0.3696, -0.5565 0.2483 0.3941, -0.4609 0.2238 0.3983, -0.8361 0.3736 0.1793, -0.7862 0.3517 0.2577, -0.7228 0.3183 0.322, -0.6466 0.28 0.368, -0.5592 0.244 0.3931, -0.4687 0.2092 0.395, -0.8383 0.371 0.1793, -0.7914 0.3458 0.2572, -0.728 0.3126 0.3211, -0.6525 0.2729 0.3668, -0.5663 0.2339 0.3914, -0.4726 0.2029 0.3938, -0.7935 0.3437 0.2571, -0.734 0.3067 0.3206, -0.6593 0.2657 0.366, -0.5746 0.2238 0.3902, -0.4825 0.1883 0.3919, -0.852 0.3575 0.1805, -0.7997 0.3379 0.2571, -0.7364 0.3045 0.3205, -0.6671 0.2584 0.3657, -0.584 0.2137 0.3898, -0.5419 0.1275 0.3958, -0.6238 0.1812 0.3941, -0.6998 0.2351 0.3691, -0.526 0.1407 0.393, -0.6108 0.1904 0.3918, -0.6891 0.2417 0.3674, -0.7596 0.2876 0.322, -0.5205 0.1458 0.3923, -0.5987 0.2001 0.3904, -0.6792 0.2486 0.3663, -0.7511 0.293 0.321, -0.8138 0.3271 0.2583, -0.5064 0.1597 0.3911, -0.5945 0.2037 0.3901, -0.6702 0.2557 0.3658, -0.7434 0.2987 0.3205, -0.8065 0.3324 0.2575, -0.8596 0.3513 0.1816, -0.8218 0.3221 0.2595, -0.7687 0.2824 0.3235, -0.7113 0.2288 0.3716, -0.6527 0.1642 0.4013, -0.5962 0.0921 0.4108, -0.824 0.3208 0.2599, -0.7712 0.2811 0.324, -0.7145 0.2273 0.3724, -0.6568 0.1622 0.4025, -0.6014 0.0894 0.4126, -0.8326 0.3164 0.2617, -0.7811 0.2765 0.3262, -0.7268 0.2217 0.3758, -0.6727 0.1549 0.4076, -0.6218 0.0797 0.4201, -0.8416 0.3124 0.264, -0.7913 0.2724 0.329, -0.7396 0.2168 0.3798, -0.6892 0.1485 0.4137, -0.6428 0.0712 0.4287, -0.8969 0.3308 0.1911, -0.7063 0.143 0.4205, -0.7529 0.2126 0.3846, -0.802 0.2689 0.3324, -0.8509 0.3091 0.2667, -0.9064 0.3277 0.1943, -0.8605 0.3063 0.2699, -0.813 0.2661 0.3363, -0.7666 0.2091 0.39, -0.7238 0.1385 0.4282, -0.6868 0.058 0.4487, -0.6545 0.594 1.1854, -0.6455 0.5975 1.1624, -0.6352 0.6005 1.1523, -0.6519 0.6003 1.1346, -0.6767 0.5917 1.1932, -0.6662 0.5931 1.1829, -0.68 0.5927 1.1685, -0.7736 0.5905 1.0297, -0.9417 0.3066 0.2645, -0.9148 0.322 0.211, -0.7062 0.0516 0.4591, -0.7364 0.0431 0.4763, -0.7673 0.0364 0.4949, -0.928 0.3139 0.2375, -0.9556 0.3006 0.2915, -0.7984 0.0315 0.5149, -0.8101 0.0302 0.5227, -0.8407 0.0281 0.5439, -0.8704 0.0282 0.5657, -0.9608 0.2986 0.3015, -0.9744 0.2945 0.3275, -0.9876 0.2919 0.3524, -0.8992 0.0302 0.5879, -1.0003 0.2907 0.3764, -1.0124 0.2909 0.3997, -1.0175 0.2914 0.4093, -0.9271 0.0343 0.6106, -0.9386 0.0366 0.6203, -0.9639 0.0432 0.6426, -0.9878 0.0515 0.6649, -1.0386 0.2968 0.4516, -1.0284 0.2935 0.4308, -1.0481 0.3012 0.4718, -1.0568 0.3067 0.4915, -1.0611 0.31 0.5016, -1.0103 0.0615 0.6872, -1.0314 0.0731 0.7095, -1.0417 0.0798 0.7211, -1.0599 0.0933 0.7427, -1.0763 0.1081 0.7641, -1.0683 0.3169 0.5203, -1.0746 0.3246 0.5386, -1.0844 0.3423 0.5746, -1.08 0.3331 0.5567, -1.0867 0.3488 0.5863, -1.091 0.1242 0.7852, -1.104 0.1414 0.806, -1.1115 0.1534 0.8197, -1.1211 0.1719 0.8396, -1.1288 0.1911 0.859, -1.0907 0.3694 0.6205, -1.0893 0.3589 0.6035, -1.0911 0.3804 0.6374, -1.0902 0.3919 0.6543, -1.1345 0.211 0.8779, -1.1382 0.2316 0.8965, -1.1398 0.2506 0.9129, -1.0884 0.4025 0.6696, -1.0852 0.4142 0.6862, -1.0807 0.4261 0.7028, -1.1396 0.2716 0.9302, -1.1374 0.2928 0.9469, -1.1332 0.3141 0.9631, -1.0749 0.4382 0.7196, -1.0677 0.4503 0.7366, -1.1269 0.3355 0.9788, -1.1211 0.3506 0.9895, -1.1112 0.3718 1.0041, -1.0993 0.3925 1.018, -1.0617 0.4589 0.7487, -1.0521 0.471 0.7659, -1.0409 0.4829 0.7834, -1.0137 0.5061 0.8194, -1.0282 0.4946 0.8011, -1.0852 0.4129 1.0313, -1.0689 0.4328 1.044, -1.0536 0.449 1.0541, -0.982 0.5267 0.8545, -1.0002 0.5156 0.835, -0.9619 0.5374 0.8745, -0.9153 0.5571 0.9168, -0.9398 0.5475 0.8952, -1.0331 0.468 1.0659, -1.0103 0.4861 1.0769, -0.9854 0.5032 1.0873, -0.9581 0.5193 1.0972, -0.9285 0.5341 1.1067, -0.8455 0.5774 0.9738, -0.8783 0.569 0.9476, -0.8884 0.566 0.9394, -0.9176 0.5391 1.11, -0.8824 0.553 1.1199, -0.8455 0.5649 1.1298, -0.8103 0.5846 1.0013, -0.8083 0.5746 1.1401, -0.7771 0.5809 1.1499, -0.7516 0.5851 1.1595, -0.7418 0.5944 1.0549, -0.7146 0.597 1.0772, -0.7471 0.5857 1.1615, -0.7284 0.588 1.1707, -0.7126 0.5895 1.1805, -0.6991 0.5904 1.1913, -0.6872 0.5908 1.2035, -0.6895 0.5913 1.1799, -0.7039 0.5903 1.1678, -0.7202 0.5888 1.1565, -0.7394 0.5864 1.1454, -0.7439 0.5858 1.143, -0.7696 0.5815 1.1308, -0.8007 0.575 1.1179, -0.8374 0.5653 1.104, -0.8733 0.5534 1.0906, -0.9073 0.5396 1.0774, -0.9178 0.5348 1.0731, -0.946 0.5204 1.061, -0.9717 0.5049 1.0488, -0.995 0.4887 1.0364, -1.0161 0.4717 1.0236, -1.035 0.454 1.0105, -1.0489 0.4391 0.9994, -1.0636 0.4209 0.9858, -1.0763 0.4025 0.9718, -1.087 0.3839 0.9575, -1.0957 0.3651 0.9427, -1.1008 0.3518 0.9319, -1.1064 0.333 0.9164, -1.1101 0.3144 0.9005, -1.1121 0.296 0.8842, -1.1123 0.2778 0.8675, -1.1109 0.2615 0.8518, -1.1077 0.2438 0.8341, -1.1028 0.2269 0.8161, -1.0962 0.2105 0.7978, -1.088 0.1949 0.7791, -1.0815 0.1848 0.7662, -1.0703 0.1703 0.7466, -1.0577 0.157 0.7268, -1.0435 0.1447 0.7068, -1.0278 0.1337 0.6865, -1.0189 0.1283 0.6756, -1.0007 0.119 0.6547, -0.9812 0.1113 0.6337, -0.9605 0.1052 0.6127, -0.9385 0.1007 0.5917, -0.9286 0.0993 0.5825, -0.9044 0.0974 0.561, -0.8795 0.0974 0.5399, -0.8538 0.0994 0.5192, -0.8274 0.1035 0.4989, -0.8175 0.1055 0.4914, -0.7909 0.1124 0.4722, -0.7648 0.121 0.4543, -0.7397 0.1312 0.438, -0.6951 0.5918 1.1552, -0.7121 0.5903 1.1422, -0.7317 0.588 1.1293, -0.7363 0.5874 1.1264, -0.7623 0.5832 1.1117, -0.7934 0.5769 1.0957, -0.8297 0.5675 1.0781, -0.8651 0.5561 1.0611, -0.8982 0.543 1.0446, -0.9083 0.5384 1.0393, -0.9355 0.5248 1.0245, -0.9602 0.5103 1.0099, -0.9824 0.4952 0.9954, -1.0023 0.4796 0.9808, -1.0201 0.4634 0.9661, -1.0332 0.4498 0.9539, -1.0469 0.4334 0.9392, -1.0587 0.4168 0.9244, -1.0686 0.4003 0.9094, -1.0768 0.3836 0.8942, -1.0816 0.3718 0.8832, -1.0869 0.3553 0.8676, -1.0905 0.339 0.8518, -1.0925 0.323 0.8357, -1.093 0.3073 0.8194, -1.0921 0.2932 0.8041, -1.0896 0.278 0.787, -1.0857 0.2635 0.7697, -1.0803 0.2495 0.7522, -1.0735 0.2362 0.7343, -1.068 0.2276 0.722, -1.0587 0.2154 0.7033, -1.048 0.2043 0.6845, -1.0361 0.1941 0.6654, -1.0228 0.185 0.6461, -1.0152 0.1806 0.6357, -0.9997 0.1733 0.6157, -0.9832 0.1674 0.5956, -0.9655 0.1629 0.5754, -0.9468 0.1601 0.555, -0.9383 0.1593 0.5461, -0.9177 0.1589 0.5251, -0.8965 0.1604 0.5043, -0.8746 0.1639 0.4837, -0.8523 0.1694 0.4632, -0.8439 0.172 0.4557, -0.8216 0.1802 0.436, -0.8 0.19 0.4175, -0.7794 0.2012 0.4003, -0.661 0.594 1.1778, -0.6706 0.5947 1.1572, -0.6865 0.5938 1.1425, -0.7041 0.5925 1.128, -0.7242 0.5903 1.1132, -0.7289 0.5897 1.1099, -0.7552 0.5859 1.0926, -0.7864 0.5801 1.0736, -0.8227 0.5715 1.0523, -0.8576 0.561 1.0317, -0.8902 0.549 1.0119, -0.9002 0.5448 1.0056, -0.9269 0.5324 0.9881, -0.951 0.5193 0.9711, -0.9726 0.5056 0.9544, -0.992 0.4915 0.9379, -1.0093 0.4769 0.9216, -1.022 0.4647 0.9082, -1.0353 0.45 0.8924, -1.0468 0.4352 0.8766, -1.0566 0.4205 0.8609, -1.0647 0.4057 0.8451, -1.0695 0.3952 0.8338, -1.075 0.3806 0.8179, -1.0789 0.3663 0.8019, -1.0814 0.3522 0.7858, -1.0825 0.3384 0.7696, -1.0823 0.326 0.7545, -1.0807 0.3127 0.7377, -1.0779 0.3 0.7208, -1.0738 0.2879 0.7037, -1.0684 0.2763 0.6864, -1.064 0.2689 0.6745, -1.0564 0.2583 0.6564, -1.0477 0.2487 0.6381, -1.0378 0.24 0.6197, -1.0268 0.2324 0.6009, -1.0204 0.2287 0.5908, -1.0075 0.2226 0.5713, -0.9936 0.2179 0.5516, -0.9788 0.2146 0.5317, -0.9631 0.2127 0.5114, -0.9559 0.2124 0.5025, -0.9386 0.2128 0.4813, -0.9208 0.2151 0.4601, -0.9024 0.2192 0.4387, -0.8837 0.2253 0.4172, -0.8767 0.2281 0.4091, -0.8581 0.2367 0.3878, -0.8402 0.2469 0.3673, -0.8233 0.2582 0.3481, -0.6558 0.595 1.1726, -0.6612 0.5972 1.1459, -0.6779 0.5965 1.1299, -0.6962 0.5953 1.1139, -0.7169 0.5935 1.0972, -0.7217 0.593 1.0935, -0.7484 0.5897 1.0737, -0.7798 0.5846 1.0515, -0.8162 0.5772 1.0266, -0.8511 0.5681 1.0026, -0.8836 0.5577 0.9795, -0.8936 0.554 0.9722, -0.9201 0.5432 0.9521, -0.9441 0.5317 0.9327, -0.9658 0.5197 0.9139, -0.9852 0.5073 0.8956, -1.0026 0.4944 0.8777, -1.0154 0.4836 0.8632, -1.029 0.4705 0.8461, -1.0409 0.4574 0.8294, -1.051 0.4442 0.8128, -1.0596 0.4309 0.7962, -1.0648 0.4216 0.7846, -1.0709 0.4085 0.7682, -1.0756 0.3955 0.7519, -1.0789 0.3828 0.7356, -1.0809 0.3704 0.7193, -1.0816 0.3592 0.7042, -1.0812 0.3471 0.6875, -1.0796 0.3356 0.6707, -1.0768 0.3246 0.6538, -1.0728 0.3142 0.6366, -1.0695 0.3074 0.6249, -1.0636 0.2979 0.6071, -1.0566 0.2892 0.5891, -1.0486 0.2814 0.5709, -1.0397 0.2744 0.5523, -1.0345 0.2711 0.5423, -1.0238 0.2657 0.5229, -1.0123 0.2615 0.5031, -1.0 0.2585 0.483, -0.9869 0.2569 0.4624, -0.9809 0.2567 0.4531, -0.9664 0.2573 0.4312, -0.9515 0.2594 0.4088, -0.9361 0.2633 0.386, -0.9204 0.269 0.3625, -0.9144 0.2715 0.3536, -0.8987 0.2795 0.3298, -0.8835 0.2888 0.3064, -0.8692 0.2991 0.2839, -0.6695 0.5997 1.1174, -0.6884 0.5988 1.0998, -0.7097 0.5974 1.0813, -0.6577 0.594 1.1816, 0.5135 -0.594 1.0525, 0.51 -0.594 1.0562, 0.4884 -0.5915 1.0256, 0.4998 -0.5925 1.0349, 0.5112 -0.5935 1.0442, 0.5169 -0.594 1.0488, 0.5225 -0.5954 1.0534, 0.5337 -0.5983 1.0624, 0.5449 -0.6012 1.0715, -0.0722 -0.594 1.707, 0.8021 -0.4894 0.2901, 0.7942 -0.5136 0.3962, 0.5492 -0.4221 0.5371, 0.5459 -0.3971 0.5036, 0.6223 -0.4046 0.4737, 0.7783 -0.532 0.5004, 0.7637 -0.543 0.5669, 0.49 -0.466 0.6111, 0.7294 -0.563 0.6896, 0.5062 -0.5083 0.6893, 0.513 -0.5262 0.7301, 0.7015 -0.5755 0.7724, 0.5247 -0.5602 0.8301, 0.5268 -0.5753 0.8942, 0.49 -0.5908 1.024, 0.5246 -0.595 1.0511, 0.5473 -0.6005 1.069, 0.561 -0.6003 1.0525, 0.5744 -0.5999 1.0349, 0.5874 -0.5992 1.0161, 0.5908 -0.599 1.0109, 0.4987 -0.5904 1.0128, 0.5063 -0.5897 1.0002, 0.5125 -0.5886 0.9861, 0.514 -0.5882 0.9821, 0.5194 -0.5862 0.9634, 0.5233 -0.5835 0.9424, 0.5257 -0.5799 0.9193, 0.6348 -0.5939 0.9325, 0.6202 -0.5961 0.9609, 0.6055 -0.5977 0.987, 0.5015 -0.5916 1.0331, 0.5113 -0.5913 1.0208, 0.52 -0.5905 1.0072, 0.5276 -0.5894 0.9923, 0.5294 -0.589 0.9881, 0.5367 -0.5869 0.9684, 0.5428 -0.584 0.9464, 0.5477 -0.5802 0.9224, 0.5516 -0.5754 0.8964, 0.5131 -0.593 1.0421, 0.5238 -0.5927 1.0288, 0.5337 -0.592 1.0142, 0.5426 -0.5908 0.9984, 0.5449 -0.5905 0.9939, 0.554 -0.5884 0.9732, 0.5623 -0.5855 0.9503, 0.5697 -0.5818 0.9253, 0.5763 -0.577 0.8983, 0.5822 -0.5711 0.8694, 0.6638 -0.5877 0.8691, 0.6493 -0.5911 0.9019, 0.5363 -0.5947 1.0368, 0.5473 -0.594 1.0212, 0.5576 -0.593 1.0044, 0.5603 -0.5926 0.9997, 0.5713 -0.5907 0.9779, 0.5817 -0.5881 0.954, 0.5916 -0.5846 0.9279, 0.6009 -0.5802 0.8998, 0.6097 -0.5748 0.8698, 0.6208 -0.5659 0.8276, 0.536 -0.5975 1.0601, 0.5487 -0.5972 1.0447, 0.5609 -0.5966 1.0281, 0.5725 -0.5957 1.0103, 0.5756 -0.5954 1.0054, 0.5885 -0.5938 0.9825, 0.6011 -0.5916 0.9575, 0.6133 -0.5886 0.9303, 0.6253 -0.5849 0.901, 0.637 -0.5803 0.8696, 0.6521 -0.5728 0.8254, 0.6669 -0.5637 0.7782, 0.6827 -0.5822 0.8226, 0.7196 -0.5678 0.72, 0.6812 -0.553 0.7293, 0.6313 -0.555 0.7829, 0.589 -0.5615 0.8292, 0.5544 -0.5694 0.8687, 0.7472 -0.5534 0.6298, 0.6889 -0.5464 0.7012, 0.6412 -0.5422 0.7372, 0.5949 -0.5495 0.7867, 0.5569 -0.5595 0.83, 0.5266 -0.5695 0.8674, 0.7033 -0.5328 0.6466, 0.6465 -0.5342 0.7111, 0.6001 -0.5355 0.7436, 0.5581 -0.5474 0.7894, 0.717 -0.5178 0.5899, 0.6564 -0.5177 0.6611, 0.6027 -0.5268 0.7193, 0.5582 -0.533 0.7485, 0.5211 -0.5485 0.791, 0.7897 -0.5202 0.4323, 0.7297 -0.5016 0.5309, 0.6659 -0.4994 0.6101, 0.6074 -0.5086 0.6732, 0.558 -0.5241 0.7257, 0.5162 -0.5348 0.7519, 0.7405 -0.4843 0.4711, 0.675 -0.4793 0.5578, 0.6117 -0.4882 0.627, 0.557 -0.5054 0.6827, 0.4662 -0.403 0.5231, 0.4755 -0.428 0.5547, 0.4808 -0.4418 0.5739, 0.7993 -0.5013 0.3375, 0.7453 -0.4747 0.4396, 0.683 -0.4578 0.5057, 0.6158 -0.4658 0.5806, 0.5555 -0.4845 0.6403, 0.7518 -0.4578 0.3889, 0.6867 -0.4459 0.4785, 0.6191 -0.4416 0.535, 0.5535 -0.4613 0.5985, 0.4985 -0.4882 0.6497, 0.6961 -0.4068 0.4005, 0.6238 -0.3836 0.4439, 0.5432 -0.3743 0.4766, 0.4582 -0.3792 0.4967, 0.804 -0.4782 0.2524, 0.7565 -0.4427 0.3484, 0.692 -0.4251 0.4349, 0.6205 -0.4281 0.5114, 0.5509 -0.4362 0.558, 0.7606 -0.4294 0.3167, 0.7001 -0.3912 0.3739, 0.6257 -0.3655 0.4209, 0.5416 -0.3539 0.4552, 0.4521 -0.3569 0.4749, 0.8059 -0.4675 0.2216, 0.7647 -0.4179 0.2915, 0.7044 -0.3779 0.3531, 0.6284 -0.3499 0.403, 0.5412 -0.3356 0.4382, 0.448 -0.3358 0.4567, 0.8079 -0.4584 0.1984, 0.7686 -0.4088 0.2728, 0.7086 -0.3677 0.3381, 0.6315 -0.3376 0.3901, 0.5421 -0.3205 0.4257, 0.4459 -0.3173 0.4426, 0.0722 -0.594 1.8363, 0.0968 -0.5906 1.8854, 0.0605 -0.5939 1.8488, 0.0432 -0.5939 1.8652, 0.0254 -0.5937 1.88, 0.0171 -0.5937 1.8862, 0.0002 -0.5935 1.8974, -0.016 -0.5933 1.9066, -0.0318 -0.5931 1.9139, -0.0361 -0.593 1.9156, -0.0494 -0.5928 1.9201, -0.0618 -0.5927 1.9231, -0.0733 -0.5925 1.9247, -0.0806 -0.5924 1.925, -0.0899 -0.5923 1.9246, -0.0983 -0.5922 1.9232, -0.1065 -0.5922 1.9208, -0.1132 -0.5921 1.9178, -0.1193 -0.5921 1.9139, -0.1228 -0.5921 1.9111, -0.1278 -0.5921 1.9061, -0.1322 -0.5921 1.9003, -0.136 -0.5922 1.8937, -0.1393 -0.5923 1.8851, -0.1415 -0.5923 1.8765, -0.1428 -0.5925 1.8669, -0.143 -0.5926 1.8544, -0.142 -0.5928 1.842, -0.1396 -0.593 1.8287, -0.1381 -0.593 1.8226, -0.1332 -0.5932 1.8066, -0.1266 -0.5934 1.7899, 0.0758 -0.5906 1.9045, 0.0433 -0.5906 1.928, 0.022 -0.5906 1.9401, 0.0011 -0.5906 1.9496, -0.0252 -0.5906 1.9582, -0.0428 -0.5906 1.9618, -0.0593 -0.5906 1.9637, -0.085 -0.5906 1.963, -0.0978 -0.5906 1.9609, -0.1214 -0.5906 1.953, -0.1312 -0.5906 1.9478, -0.1457 -0.5906 1.9373, -0.1534 -0.5906 1.9298, -0.1604 -0.5906 1.9213, -0.1729 -0.5906 1.8997, -0.1773 -0.5906 1.8878, -0.1832 -0.5906 1.858, -0.1839 -0.5906 1.8416, -0.1819 -0.5906 1.8164, -0.1779 -0.5906 1.7957, -0.1716 -0.5906 1.7744, -0.1184 -0.5936 1.7728, -0.1567 -0.5906 1.7393, -0.1123 -0.5937 1.7619, -0.1434 -0.5906 1.7159, -0.1003 -0.5938 1.7429, -0.1278 -0.5906 1.6933, -0.0867 -0.5939 1.7243, 0.6645 -0.0639 0.4382, 0.8876 -0.3346 0.1882, 0.8786 -0.3391 0.1858, 0.8699 -0.3442 0.1837, 0.8677 -0.3456 0.1832, 0.5589 -0.1149 0.3996, 0.577 -0.1031 0.4047, 0.6378 -0.1724 0.3972, 0.8449 -0.3641 0.1797, 0.8304 -0.3808 0.1794, 0.821 -0.3954 0.1807, 0.4938 -0.1739 0.3909, 0.8172 -0.4028 0.1818, 0.8129 -0.4132 0.1838, 0.8078 -0.4341 0.1893, 0.4435 -0.2855 0.4228, 0.4448 -0.3117 0.4387, 0.8075 -0.4557 0.1972, 0.8071 -0.4495 0.1947, 0.7682 -0.4068 0.2722, 0.807 -0.4432 0.1923, 0.7674 -0.4025 0.2706, 0.708 -0.3658 0.3374, 0.8075 -0.4366 0.1901, 0.7671 -0.398 0.2691, 0.7071 -0.3617 0.3357, 0.6308 -0.3352 0.3888, 0.7672 -0.3934 0.2676, 0.7066 -0.3574 0.3341, 0.6296 -0.3296 0.3859, 0.5412 -0.3167 0.4233, 0.809 -0.4273 0.1873, 0.7673 -0.3917 0.2671, 0.7066 -0.3531 0.3324, 0.6292 -0.3239 0.3831, 0.5399 -0.3082 0.4181, 0.8107 -0.4203 0.1855, 0.7681 -0.3869 0.2656, 0.7068 -0.3514 0.3318, 0.6295 -0.318 0.3804, 0.5397 -0.2994 0.4133, 0.4434 -0.2988 0.4304, 0.7693 -0.3819 0.2641, 0.7075 -0.3469 0.3301, 0.6297 -0.3158 0.3795, 0.5405 -0.2903 0.4088, 0.8158 -0.4059 0.1823, 0.771 -0.3767 0.2626, 0.7089 -0.3421 0.3284, 0.631 -0.3097 0.377, 0.541 -0.2869 0.4073, 0.4451 -0.2717 0.4159, 0.7733 -0.3713 0.2612, 0.7108 -0.3371 0.3268, 0.6331 -0.3034 0.3746, 0.5432 -0.2776 0.4033, 0.446 -0.2666 0.4135, 0.7745 -0.3689 0.2607, 0.7134 -0.3319 0.3252, 0.636 -0.2968 0.3724, 0.5465 -0.268 0.3998, 0.4495 -0.2525 0.4076, 0.8254 -0.3881 0.1799, 0.7778 -0.3632 0.2595, 0.7148 -0.3295 0.3245, 0.6397 -0.2901 0.3704, 0.5509 -0.2583 0.3967, 0.4545 -0.2383 0.4025, 0.7816 -0.3575 0.2585, 0.7184 -0.324 0.3232, 0.6416 -0.2871 0.3696, 0.5565 -0.2483 0.3941, 0.4609 -0.2238 0.3983, 0.8361 -0.3736 0.1793, 0.7862 -0.3517 0.2577, 0.7228 -0.3183 0.322, 0.6466 -0.28 0.368, 0.5592 -0.244 0.3931, 0.4687 -0.2092 0.395, 0.8383 -0.371 0.1793, 0.7914 -0.3458 0.2572, 0.728 -0.3126 0.3211, 0.6525 -0.2729 0.3668, 0.5663 -0.2339 0.3914, 0.4726 -0.2029 0.3938, 0.7935 -0.3437 0.2571, 0.734 -0.3067 0.3206, 0.6593 -0.2657 0.366, 0.5746 -0.2238 0.3902, 0.4825 -0.1883 0.3919, 0.852 -0.3575 0.1805, 0.7997 -0.3379 0.2571, 0.7364 -0.3045 0.3205, 0.6671 -0.2584 0.3657, 0.584 -0.2137 0.3898, 0.5419 -0.1275 0.3958, 0.6238 -0.1812 0.3941, 0.6998 -0.2351 0.3691, 0.526 -0.1407 0.393, 0.6108 -0.1904 0.3918, 0.6891 -0.2417 0.3674, 0.7596 -0.2876 0.322, 0.5205 -0.1458 0.3923, 0.5987 -0.2001 0.3904, 0.6792 -0.2486 0.3663, 0.7511 -0.293 0.321, 0.8138 -0.3271 0.2583, 0.5064 -0.1597 0.3911, 0.5945 -0.2037 0.3901, 0.6702 -0.2557 0.3658, 0.7434 -0.2987 0.3205, 0.8065 -0.3324 0.2575, 0.8596 -0.3513 0.1816, 0.8218 -0.3221 0.2595, 0.7687 -0.2824 0.3235, 0.7113 -0.2288 0.3716, 0.6527 -0.1642 0.4013, 0.5962 -0.0921 0.4108, 0.824 -0.3208 0.2599, 0.7712 -0.2811 0.324, 0.7145 -0.2273 0.3724, 0.6568 -0.1622 0.4025, 0.6014 -0.0894 0.4126, 0.8326 -0.3164 0.2617, 0.7811 -0.2765 0.3262, 0.7268 -0.2217 0.3758, 0.6727 -0.1549 0.4076, 0.6218 -0.0797 0.4201, 0.8416 -0.3124 0.264, 0.7913 -0.2724 0.329, 0.7396 -0.2168 0.3798, 0.6892 -0.1485 0.4137, 0.6428 -0.0712 0.4287, 0.8969 -0.3308 0.1911, 0.7063 -0.143 0.4205, 0.7529 -0.2126 0.3846, 0.802 -0.2689 0.3324, 0.8509 -0.3091 0.2667, 0.9064 -0.3277 0.1943, 0.8605 -0.3063 0.2699, 0.813 -0.2661 0.3363, 0.7666 -0.2091 0.39, 0.7238 -0.1385 0.4282, 0.6868 -0.058 0.4487, 0.6545 -0.594 1.1854, 0.6455 -0.5975 1.1624, 0.6352 -0.6005 1.1523, 0.6519 -0.6003 1.1346, 0.6767 -0.5917 1.1932, 0.6662 -0.5931 1.1829, 0.68 -0.5927 1.1685, 0.7736 -0.5905 1.0297, 0.9417 -0.3066 0.2645, 0.9148 -0.322 0.211, 0.7062 -0.0516 0.4591, 0.7364 -0.0431 0.4763, 0.7673 -0.0364 0.4949, 0.928 -0.3139 0.2375, 0.9556 -0.3006 0.2915, 0.7984 -0.0315 0.5149, 0.8101 -0.0302 0.5227, 0.8407 -0.0281 0.5439, 0.8704 -0.0282 0.5657, 0.9608 -0.2986 0.3015, 0.9744 -0.2945 0.3275, 0.9876 -0.2919 0.3524, 0.8992 -0.0302 0.5879, 1.0003 -0.2907 0.3764, 1.0124 -0.2909 0.3997, 1.0175 -0.2914 0.4093, 0.9271 -0.0343 0.6106, 0.9386 -0.0366 0.6203, 0.9639 -0.0432 0.6426, 0.9878 -0.0515 0.6649, 1.0386 -0.2968 0.4516, 1.0284 -0.2935 0.4308, 1.0481 -0.3012 0.4718, 1.0568 -0.3067 0.4915, 1.0611 -0.31 0.5016, 1.0103 -0.0615 0.6872, 1.0314 -0.0731 0.7095, 1.0417 -0.0798 0.7211, 1.0599 -0.0933 0.7427, 1.0763 -0.1081 0.7641, 1.0683 -0.3169 0.5203, 1.0746 -0.3246 0.5386, 1.0844 -0.3423 0.5746, 1.08 -0.3331 0.5567, 1.0867 -0.3488 0.5863, 1.091 -0.1242 0.7852, 1.104 -0.1414 0.806, 1.1115 -0.1534 0.8197, 1.1211 -0.1719 0.8396, 1.1288 -0.1911 0.859, 1.0907 -0.3694 0.6205, 1.0893 -0.3589 0.6035, 1.0911 -0.3804 0.6374, 1.0902 -0.3919 0.6543, 1.1345 -0.211 0.8779, 1.1382 -0.2316 0.8965, 1.1398 -0.2506 0.9129, 1.0884 -0.4025 0.6696, 1.0852 -0.4142 0.6862, 1.0807 -0.4261 0.7028, 1.1396 -0.2716 0.9302, 1.1374 -0.2928 0.9469, 1.1332 -0.3141 0.9631, 1.0749 -0.4382 0.7196, 1.0677 -0.4503 0.7366, 1.1269 -0.3355 0.9788, 1.1211 -0.3506 0.9895, 1.1112 -0.3718 1.0041, 1.0993 -0.3925 1.018, 1.0617 -0.4589 0.7487, 1.0521 -0.471 0.7659, 1.0409 -0.4829 0.7834, 1.0137 -0.5061 0.8194, 1.0282 -0.4946 0.8011, 1.0852 -0.4129 1.0313, 1.0689 -0.4328 1.044, 1.0536 -0.449 1.0541, 0.982 -0.5267 0.8545, 1.0002 -0.5156 0.835, 0.9619 -0.5374 0.8745, 0.9153 -0.5571 0.9168, 0.9398 -0.5475 0.8952, 1.0331 -0.468 1.0659, 1.0103 -0.4861 1.0769, 0.9854 -0.5032 1.0873, 0.9581 -0.5193 1.0972, 0.9285 -0.5341 1.1067, 0.8455 -0.5774 0.9738, 0.8783 -0.569 0.9476, 0.8884 -0.566 0.9394, 0.9176 -0.5391 1.11, 0.8824 -0.553 1.1199, 0.8455 -0.5649 1.1298, 0.8103 -0.5846 1.0013, 0.8083 -0.5746 1.1401, 0.7771 -0.5809 1.1499, 0.7516 -0.5851 1.1595, 0.7418 -0.5944 1.0549, 0.7146 -0.597 1.0772, 0.7471 -0.5857 1.1615, 0.7284 -0.588 1.1707, 0.7126 -0.5895 1.1805, 0.6991 -0.5904 1.1913, 0.6872 -0.5908 1.2035, 0.6895 -0.5913 1.1799, 0.7039 -0.5903 1.1678, 0.7202 -0.5888 1.1565, 0.7394 -0.5864 1.1454, 0.7439 -0.5858 1.143, 0.7696 -0.5815 1.1308, 0.8007 -0.575 1.1179, 0.8374 -0.5653 1.104, 0.8733 -0.5534 1.0906, 0.9073 -0.5396 1.0774, 0.9178 -0.5348 1.0731, 0.946 -0.5204 1.061, 0.9717 -0.5049 1.0488, 0.995 -0.4887 1.0364, 1.0161 -0.4717 1.0236, 1.035 -0.454 1.0105, 1.0489 -0.4391 0.9994, 1.0636 -0.4209 0.9858, 1.0763 -0.4025 0.9718, 1.087 -0.3839 0.9575, 1.0957 -0.3651 0.9427, 1.1008 -0.3518 0.9319, 1.1064 -0.333 0.9164, 1.1101 -0.3144 0.9005, 1.1121 -0.296 0.8842, 1.1123 -0.2778 0.8675, 1.1109 -0.2615 0.8518, 1.1077 -0.2438 0.8341, 1.1028 -0.2269 0.8161, 1.0962 -0.2105 0.7978, 1.088 -0.1949 0.7791, 1.0815 -0.1848 0.7662, 1.0703 -0.1703 0.7466, 1.0577 -0.157 0.7268, 1.0435 -0.1447 0.7068, 1.0278 -0.1337 0.6865, 1.0189 -0.1283 0.6756, 1.0007 -0.119 0.6547, 0.9812 -0.1113 0.6337, 0.9605 -0.1052 0.6127, 0.9385 -0.1007 0.5917, 0.9286 -0.0993 0.5825, 0.9044 -0.0974 0.561, 0.8795 -0.0974 0.5399, 0.8538 -0.0994 0.5192, 0.8274 -0.1035 0.4989, 0.8175 -0.1055 0.4914, 0.7909 -0.1124 0.4722, 0.7648 -0.121 0.4543, 0.7397 -0.1312 0.438, 0.6951 -0.5918 1.1552, 0.7121 -0.5903 1.1422, 0.7317 -0.588 1.1293, 0.7363 -0.5874 1.1264, 0.7623 -0.5832 1.1117, 0.7934 -0.5769 1.0957, 0.8297 -0.5675 1.0781, 0.8651 -0.5561 1.0611, 0.8982 -0.543 1.0446, 0.9083 -0.5384 1.0393, 0.9355 -0.5248 1.0245, 0.9602 -0.5103 1.0099, 0.9824 -0.4952 0.9954, 1.0023 -0.4796 0.9808, 1.0201 -0.4634 0.9661, 1.0332 -0.4498 0.9539, 1.0469 -0.4334 0.9392, 1.0587 -0.4168 0.9244, 1.0686 -0.4003 0.9094, 1.0768 -0.3836 0.8942, 1.0816 -0.3718 0.8832, 1.0869 -0.3553 0.8676, 1.0905 -0.339 0.8518, 1.0925 -0.323 0.8357, 1.093 -0.3073 0.8194, 1.0921 -0.2932 0.8041, 1.0896 -0.278 0.787, 1.0857 -0.2635 0.7697, 1.0803 -0.2495 0.7522, 1.0735 -0.2362 0.7343, 1.068 -0.2276 0.722, 1.0587 -0.2154 0.7033, 1.048 -0.2043 0.6845, 1.0361 -0.1941 0.6654, 1.0228 -0.185 0.6461, 1.0152 -0.1806 0.6357, 0.9997 -0.1733 0.6157, 0.9832 -0.1674 0.5956, 0.9655 -0.1629 0.5754, 0.9468 -0.1601 0.555, 0.9383 -0.1593 0.5461, 0.9177 -0.1589 0.5251, 0.8965 -0.1604 0.5043, 0.8746 -0.1639 0.4837, 0.8523 -0.1694 0.4632, 0.8439 -0.172 0.4557, 0.8216 -0.1802 0.436, 0.8 -0.19 0.4175, 0.7794 -0.2012 0.4003, 0.661 -0.594 1.1778, 0.6706 -0.5947 1.1572, 0.6865 -0.5938 1.1425, 0.7041 -0.5925 1.128, 0.7242 -0.5903 1.1132, 0.7289 -0.5897 1.1099, 0.7552 -0.5859 1.0926, 0.7864 -0.5801 1.0736, 0.8227 -0.5715 1.0523, 0.8576 -0.561 1.0317, 0.8902 -0.549 1.0119, 0.9002 -0.5448 1.0056, 0.9269 -0.5324 0.9881, 0.951 -0.5193 0.9711, 0.9726 -0.5056 0.9544, 0.992 -0.4915 0.9379, 1.0093 -0.4769 0.9216, 1.022 -0.4647 0.9082, 1.0353 -0.45 0.8924, 1.0468 -0.4352 0.8766, 1.0566 -0.4205 0.8609, 1.0647 -0.4057 0.8451, 1.0695 -0.3952 0.8338, 1.075 -0.3806 0.8179, 1.0789 -0.3663 0.8019, 1.0814 -0.3522 0.7858, 1.0825 -0.3384 0.7696, 1.0823 -0.326 0.7545, 1.0807 -0.3127 0.7377, 1.0779 -0.3 0.7208, 1.0738 -0.2879 0.7037, 1.0684 -0.2763 0.6864, 1.064 -0.2689 0.6745, 1.0564 -0.2583 0.6564, 1.0477 -0.2487 0.6381, 1.0378 -0.24 0.6197, 1.0268 -0.2324 0.6009, 1.0204 -0.2287 0.5908, 1.0075 -0.2226 0.5713, 0.9936 -0.2179 0.5516, 0.9788 -0.2146 0.5317, 0.9631 -0.2127 0.5114, 0.9559 -0.2124 0.5025, 0.9386 -0.2128 0.4813, 0.9208 -0.2151 0.4601, 0.9024 -0.2192 0.4387, 0.8837 -0.2253 0.4172, 0.8767 -0.2281 0.4091, 0.8581 -0.2367 0.3878, 0.8402 -0.2469 0.3673, 0.8233 -0.2582 0.3481, 0.6558 -0.595 1.1726, 0.6612 -0.5972 1.1459, 0.6779 -0.5965 1.1299, 0.6962 -0.5953 1.1139, 0.7169 -0.5935 1.0972, 0.7217 -0.593 1.0935, 0.7484 -0.5897 1.0737, 0.7798 -0.5846 1.0515, 0.8162 -0.5772 1.0266, 0.8511 -0.5681 1.0026, 0.8836 -0.5577 0.9795, 0.8936 -0.554 0.9722, 0.9201 -0.5432 0.9521, 0.9441 -0.5317 0.9327, 0.9658 -0.5197 0.9139, 0.9852 -0.5073 0.8956, 1.0026 -0.4944 0.8777, 1.0154 -0.4836 0.8632, 1.029 -0.4705 0.8461, 1.0409 -0.4574 0.8294, 1.051 -0.4442 0.8128, 1.0596 -0.4309 0.7962, 1.0648 -0.4216 0.7846, 1.0709 -0.4085 0.7682, 1.0756 -0.3955 0.7519, 1.0789 -0.3828 0.7356, 1.0809 -0.3704 0.7193, 1.0816 -0.3592 0.7042, 1.0812 -0.3471 0.6875, 1.0796 -0.3356 0.6707, 1.0768 -0.3246 0.6538, 1.0728 -0.3142 0.6366, 1.0695 -0.3074 0.6249, 1.0636 -0.2979 0.6071, 1.0566 -0.2892 0.5891, 1.0486 -0.2814 0.5709, 1.0397 -0.2744 0.5523, 1.0345 -0.2711 0.5423, 1.0238 -0.2657 0.5229, 1.0123 -0.2615 0.5031, 1.0 -0.2585 0.483, 0.9869 -0.2569 0.4624, 0.9809 -0.2567 0.4531, 0.9664 -0.2573 0.4312, 0.9515 -0.2594 0.4088, 0.9361 -0.2633 0.386, 0.9204 -0.269 0.3625, 0.9144 -0.2715 0.3536, 0.8987 -0.2795 0.3298, 0.8835 -0.2888 0.3064, 0.8692 -0.2991 0.2839, 0.6695 -0.5997 1.1174, 0.6884 -0.5988 1.0998, 0.7097 -0.5974 1.0813, 0.6577 -0.594 1.1816, 0.6577 -0.594 1.1816
            ]
        }
        coordIndex [
            0,1,2,-1,3,4,5,-1,6,7,8,-1,9,10,11,-1,12,13,14,-1,15,16,17,-1,17,16,0,-1,18,19,17,-1,17,19,20,-1,17,20,21,-1,21,22,17,-1,17,22,23,-1,17,23,15,-1,24,25,26,-1,26,25,27,-1,26,27,28,-1,28,27,29,-1,28,29,30,-1,30,31,28,-1,28,31,32,-1,28,32,33,-1,34,35,36,-1,35,37,36,-1,36,37,38,-1,36,38,39,-1,40,41,42,-1,42,41,43,-1,42,43,44,-1,44,43,45,-1,44,45,46,-1,46,45,47,-1,46,47,48,-1,48,47,36,-1,48,36,49,-1,49,36,39,-1,50,51,52,-1,33,34,28,-1,28,34,36,-1,28,36,53,-1,53,36,54,-1,53,54,55,-1,55,54,56,-1,55,56,57,-1,57,56,58,-1,57,58,59,-1,60,61,58,-1,58,61,62,-1,58,62,50,-1,63,64,58,-1,58,64,65,-1,58,65,59,-1,59,65,66,-1,59,66,67,-1,67,66,68,-1,67,68,69,-1,50,52,58,-1,58,52,70,-1,58,70,63,-1,71,72,50,-1,50,72,73,-1,50,73,51,-1,74,75,76,-1,77,78,79,-1,75,80,76,-1,76,80,81,-1,76,81,82,-1,82,81,83,-1,82,83,71,-1,71,83,84,-1,71,84,72,-1,85,86,87,-1,87,86,88,-1,87,88,89,-1,89,88,77,-1,89,77,76,-1,76,77,79,-1,76,79,74,-1,90,91,92,-1,92,91,93,-1,92,93,94,-1,90,95,91,-1,91,95,96,-1,91,96,87,-1,87,96,97,-1,87,97,85,-1,98,99,100,-1,100,99,101,-1,101,102,100,-1,100,102,103,-1,100,103,94,-1,104,105,1,-1,106,107,108,-1,109,110,111,-1,111,110,112,-1,106,108,113,-1,114,115,116,-1,1,105,116,-1,116,105,117,-1,116,117,114,-1,107,118,108,-1,108,118,119,-1,108,119,120,-1,121,122,123,-1,123,122,124,-1,123,124,125,-1,126,127,128,-1,128,127,129,-1,128,129,123,-1,123,129,130,-1,123,130,121,-1,126,131,127,-1,127,131,132,-1,127,132,110,-1,110,132,133,-1,110,133,112,-1,115,134,116,-1,116,134,135,-1,116,135,136,-1,137,138,139,-1,139,138,140,-1,139,140,108,-1,108,140,141,-1,108,141,113,-1,142,143,108,-1,108,143,144,-1,108,144,110,-1,110,144,145,-1,110,145,146,-1,147,148,98,-1,147,98,136,-1,148,149,98,-1,98,149,150,-1,98,150,151,-1,151,152,98,-1,98,152,153,-1,98,153,154,-1,154,153,137,-1,154,137,155,-1,155,137,139,-1,120,156,108,-1,108,156,157,-1,108,157,158,-1,158,159,108,-1,108,159,160,-1,108,160,142,-1,161,162,163,-1,161,163,164,-1,146,165,110,-1,110,165,163,-1,110,163,127,-1,127,163,162,-1,127,162,166,-1,166,162,167,-1,168,169,163,-1,163,169,170,-1,163,170,164,-1,171,172,173,-1,172,174,173,-1,173,174,175,-1,173,175,176,-1,177,173,178,-1,167,162,177,-1,177,162,179,-1,177,179,173,-1,173,179,180,-1,173,180,171,-1,178,181,177,-1,177,181,182,-1,177,182,183,-1,176,175,184,-1,184,175,185,-1,184,185,186,-1,186,185,187,-1,186,187,188,-1,189,190,183,-1,183,190,191,-1,183,191,177,-1,16,192,0,-1,0,192,193,-1,0,193,1,-1,1,193,194,-1,1,194,104,-1,195,196,197,-1,197,196,198,-1,197,198,199,-1,199,198,200,-1,199,200,201,-1,202,203,204,-1,204,203,205,-1,205,203,206,-1,206,203,198,-1,206,198,207,-1,207,198,196,-1,207,196,14,-1,14,196,208,-1,14,208,12,-1,200,209,201,-1,201,209,210,-1,201,210,211,-1,211,210,212,-1,213,214,215,-1,215,214,216,-1,217,218,219,-1,220,221,222,-1,222,221,223,-1,222,223,10,-1,224,225,226,-1,226,225,227,-1,226,227,223,-1,213,228,214,-1,214,228,229,-1,214,229,230,-1,230,229,219,-1,230,219,231,-1,231,219,218,-1,232,233,234,-1,234,233,235,-1,234,235,236,-1,237,238,239,-1,236,240,234,-1,234,240,241,-1,234,241,242,-1,243,244,245,-1,239,238,246,-1,247,248,249,-1,249,248,250,-1,251,252,226,-1,226,252,253,-1,226,253,224,-1,242,254,234,-1,234,254,255,-1,234,255,248,-1,248,255,216,-1,248,216,250,-1,250,216,214,-1,256,221,257,-1,247,258,248,-1,248,258,259,-1,248,259,260,-1,261,262,219,-1,219,262,263,-1,219,263,264,-1,243,245,220,-1,238,265,246,-1,246,265,256,-1,246,256,266,-1,266,256,257,-1,245,267,220,-1,220,267,268,-1,220,268,221,-1,221,268,269,-1,221,269,257,-1,264,270,219,-1,219,270,271,-1,219,271,217,-1,9,11,272,-1,272,11,273,-1,272,273,274,-1,274,273,7,-1,7,273,275,-1,7,275,8,-1,276,277,8,-1,278,279,280,-1,280,279,281,-1,280,281,282,-1,283,284,8,-1,8,284,285,-1,282,286,280,-1,280,286,287,-1,280,287,288,-1,288,287,289,-1,288,289,276,-1,290,291,277,-1,277,291,292,-1,277,292,8,-1,8,292,293,-1,8,293,283,-1,285,294,8,-1,8,294,295,-1,8,295,6,-1,296,297,298,-1,298,297,299,-1,298,299,300,-1,298,301,296,-1,296,301,302,-1,296,302,303,-1,303,304,296,-1,296,304,305,-1,296,305,306,-1,306,305,307,-1,306,307,308,-1,308,307,309,-1,308,309,277,-1,277,309,310,-1,277,310,290,-1,311,312,300,-1,300,312,313,-1,300,313,298,-1,314,315,244,-1,244,315,316,-1,244,316,245,-1,314,317,315,-1,315,317,318,-1,315,318,319,-1,319,318,320,-1,319,321,322,-1,320,323,319,-1,319,323,324,-1,319,324,325,-1,325,326,319,-1,319,326,327,-1,319,327,321,-1,322,328,319,-1,319,328,329,-1,319,329,330,-1,331,332,333,-1,334,335,336,-1,336,335,337,-1,336,337,338,-1,332,331,339,-1,335,340,337,-1,337,340,341,-1,337,341,342,-1,342,341,343,-1,342,343,344,-1,344,343,345,-1,344,345,333,-1,333,345,346,-1,333,346,331,-1,347,348,349,-1,350,351,352,-1,347,349,353,-1,353,349,354,-1,353,354,352,-1,352,354,355,-1,352,355,350,-1,356,357,344,-1,358,359,342,-1,356,344,360,-1,350,361,351,-1,351,361,362,-1,351,362,344,-1,344,362,363,-1,344,363,360,-1,342,364,347,-1,347,364,365,-1,347,365,348,-1,359,366,342,-1,342,366,367,-1,342,367,364,-1,357,368,344,-1,344,368,369,-1,344,369,342,-1,342,369,370,-1,342,370,358,-1,352,371,372,-1,372,371,373,-1,374,375,376,-1,376,375,377,-1,377,375,378,-1,378,375,379,-1,378,379,380,-1,380,379,381,-1,380,381,5,-1,5,381,382,-1,5,382,3,-1,383,384,385,-1,372,381,352,-1,352,381,379,-1,352,379,353,-1,353,379,386,-1,353,386,385,-1,385,386,387,-1,385,387,383,-1,373,371,388,-1,388,371,389,-1,388,389,383,-1,390,391,24,-1,392,393,391,-1,332,394,333,-1,333,394,395,-1,333,395,344,-1,344,395,396,-1,344,396,351,-1,351,396,397,-1,351,397,352,-1,352,397,398,-1,352,398,371,-1,371,398,399,-1,371,399,389,-1,389,399,400,-1,197,401,339,-1,402,403,401,-1,404,405,199,-1,406,407,408,-1,199,405,197,-1,197,405,409,-1,197,409,410,-1,408,411,406,-1,406,411,412,-1,406,412,413,-1,414,415,416,-1,417,418,414,-1,414,418,419,-1,414,419,406,-1,406,419,420,-1,406,420,407,-1,416,421,414,-1,414,421,422,-1,414,422,417,-1,410,415,197,-1,197,415,414,-1,197,414,401,-1,401,414,423,-1,401,423,402,-1,402,423,424,-1,402,424,425,-1,426,427,425,-1,425,427,428,-1,425,428,402,-1,402,428,406,-1,429,430,431,-1,431,430,402,-1,429,431,432,-1,432,431,433,-1,432,433,434,-1,434,433,435,-1,434,435,436,-1,436,435,437,-1,437,435,438,-1,437,438,439,-1,439,438,275,-1,439,275,440,-1,440,275,273,-1,440,273,441,-1,441,273,232,-1,441,232,442,-1,94,93,100,-1,100,93,443,-1,100,443,444,-1,136,98,116,-1,116,98,100,-1,116,100,445,-1,445,100,444,-1,445,444,446,-1,447,448,449,-1,448,450,449,-1,449,450,451,-1,449,451,452,-1,60,58,453,-1,453,58,56,-1,453,56,449,-1,449,56,454,-1,449,454,447,-1,40,455,41,-1,41,455,456,-1,41,456,457,-1,457,456,458,-1,458,459,457,-1,457,459,460,-1,457,460,461,-1,460,462,461,-1,461,462,463,-1,461,463,464,-1,465,466,467,-1,463,468,464,-1,464,468,465,-1,464,465,469,-1,469,465,467,-1,470,471,472,-1,472,471,473,-1,472,473,474,-1,474,473,475,-1,474,475,476,-1,476,475,477,-1,476,477,478,-1,478,477,467,-1,478,467,479,-1,479,467,466,-1,480,481,472,-1,472,481,482,-1,482,483,472,-1,472,483,484,-1,472,484,485,-1,485,486,472,-1,472,486,487,-1,472,487,488,-1,488,489,472,-1,472,489,490,-1,472,490,470,-1,400,491,389,-1,389,491,492,-1,389,492,493,-1,494,495,384,-1,495,496,384,-1,384,496,497,-1,384,497,498,-1,499,500,501,-1,501,500,494,-1,501,494,502,-1,503,504,494,-1,494,504,505,-1,494,505,502,-1,383,389,384,-1,384,389,493,-1,384,493,494,-1,494,493,506,-1,494,506,507,-1,501,508,509,-1,507,510,494,-1,494,510,511,-1,494,511,512,-1,508,501,513,-1,513,501,514,-1,513,514,515,-1,509,516,501,-1,501,516,517,-1,501,517,499,-1,512,518,494,-1,494,518,519,-1,494,519,503,-1,392,520,521,-1,522,523,392,-1,392,523,524,-1,392,524,393,-1,393,524,525,-1,393,525,399,-1,399,525,526,-1,399,526,400,-1,521,527,392,-1,392,527,528,-1,392,528,522,-1,391,390,392,-1,392,390,529,-1,392,529,520,-1,530,531,532,-1,532,531,533,-1,532,533,390,-1,390,533,534,-1,390,534,529,-1,535,536,537,-1,537,536,538,-1,537,538,539,-1,540,541,248,-1,248,541,542,-1,248,542,537,-1,537,542,543,-1,537,543,535,-1,237,239,260,-1,260,239,278,-1,260,278,248,-1,248,278,280,-1,248,280,540,-1,10,223,11,-1,11,223,227,-1,11,227,273,-1,273,227,544,-1,273,544,232,-1,232,544,545,-1,232,545,233,-1,546,547,548,-1,195,197,549,-1,549,197,550,-1,549,550,212,-1,212,550,548,-1,212,548,211,-1,211,548,547,-1,211,547,551,-1,552,553,554,-1,548,555,546,-1,546,555,556,-1,546,556,557,-1,557,556,552,-1,557,552,558,-1,558,552,554,-1,559,560,8,-1,276,8,288,-1,288,8,560,-1,288,560,555,-1,555,560,561,-1,555,561,556,-1,562,563,559,-1,564,565,566,-1,566,565,567,-1,566,567,562,-1,562,559,566,-1,566,559,8,-1,566,8,568,-1,568,8,275,-1,568,275,569,-1,568,570,566,-1,566,570,571,-1,566,571,572,-1,573,574,438,-1,438,574,575,-1,438,575,275,-1,275,575,576,-1,275,576,569,-1,572,577,566,-1,566,577,578,-1,566,578,564,-1,579,580,435,-1,580,581,435,-1,435,581,582,-1,435,582,438,-1,438,582,583,-1,438,583,573,-1,390,584,532,-1,532,584,585,-1,532,585,586,-1,587,584,588,-1,588,584,390,-1,588,390,17,-1,17,390,24,-1,17,24,18,-1,18,24,26,-1,2,532,0,-1,0,532,586,-1,0,586,17,-1,17,586,589,-1,17,589,588,-1,590,591,592,-1,591,590,593,-1,593,590,2,-1,593,2,594,-1,595,596,597,-1,597,596,593,-1,597,593,598,-1,598,593,594,-1,598,594,599,-1,599,594,600,-1,445,590,116,-1,116,590,592,-1,116,592,1,-1,1,592,601,-1,1,601,2,-1,2,601,602,-1,2,602,594,-1,446,442,445,-1,445,442,232,-1,445,232,590,-1,590,232,234,-1,590,234,2,-1,2,234,248,-1,2,248,532,-1,532,248,537,-1,532,537,530,-1,530,537,539,-1,331,338,339,-1,339,338,337,-1,339,337,197,-1,197,337,342,-1,197,342,550,-1,550,342,347,-1,550,347,548,-1,548,347,353,-1,548,353,555,-1,555,353,385,-1,555,385,288,-1,288,385,384,-1,288,384,280,-1,280,384,498,-1,280,498,540,-1,413,603,406,-1,406,603,404,-1,406,404,402,-1,402,404,199,-1,402,199,431,-1,431,199,201,-1,431,201,433,-1,433,201,211,-1,433,211,435,-1,435,211,551,-1,435,551,579,-1,604,605,606,-1,607,608,609,-1,610,611,612,-1,613,614,615,-1,616,617,618,-1,619,620,621,-1,622,623,624,-1,625,626,627,-1,628,629,630,-1,631,632,633,-1,634,635,636,-1,637,638,639,-1,640,641,642,-1,643,644,645,-1,646,647,648,-1,647,649,650,-1,651,652,653,-1,654,655,656,-1,657,658,659,-1,660,661,649,-1,662,663,664,-1,665,666,667,-1,668,669,670,-1,670,669,671,-1,665,667,672,-1,673,674,675,-1,674,673,676,-1,676,673,677,-1,676,677,678,-1,678,677,679,-1,679,677,680,-1,679,680,681,-1,681,680,682,-1,682,680,683,-1,682,683,684,-1,685,686,683,-1,683,686,687,-1,683,687,684,-1,688,689,690,-1,690,689,691,-1,690,691,685,-1,685,691,692,-1,685,692,686,-1,693,694,695,-1,695,694,696,-1,695,696,697,-1,697,696,698,-1,697,698,690,-1,690,698,699,-1,690,699,688,-1,700,701,695,-1,695,701,702,-1,695,702,693,-1,703,704,705,-1,705,704,706,-1,705,706,700,-1,700,706,707,-1,700,707,701,-1,703,705,708,-1,708,705,709,-1,708,709,710,-1,710,709,711,-1,711,709,712,-1,711,712,713,-1,714,715,712,-1,712,715,716,-1,712,716,713,-1,717,718,719,-1,719,718,720,-1,719,720,714,-1,714,720,721,-1,714,721,715,-1,722,723,724,-1,724,723,725,-1,724,725,726,-1,726,725,727,-1,726,727,719,-1,719,727,728,-1,719,728,717,-1,729,730,731,-1,731,730,732,-1,731,732,733,-1,733,732,734,-1,733,734,724,-1,724,734,735,-1,724,735,722,-1,736,737,731,-1,731,737,738,-1,731,738,729,-1,739,740,650,-1,650,740,741,-1,650,741,736,-1,736,741,742,-1,736,742,737,-1,649,661,650,-1,650,661,743,-1,650,743,739,-1,744,745,746,-1,746,745,747,-1,746,747,748,-1,749,750,751,-1,751,750,752,-1,751,752,753,-1,754,755,756,-1,756,755,757,-1,756,757,758,-1,759,760,761,-1,761,760,762,-1,761,762,763,-1,764,765,766,-1,766,765,767,-1,766,767,768,-1,769,770,771,-1,771,770,772,-1,771,772,773,-1,774,775,776,-1,776,775,777,-1,776,777,778,-1,653,652,779,-1,652,780,779,-1,779,780,781,-1,779,781,782,-1,783,784,785,-1,785,784,786,-1,785,786,787,-1,783,788,784,-1,784,788,789,-1,784,789,653,-1,653,789,790,-1,653,790,651,-1,791,792,786,-1,786,792,793,-1,786,793,787,-1,794,795,791,-1,794,791,796,-1,797,798,799,-1,799,798,800,-1,799,800,794,-1,794,800,801,-1,794,801,795,-1,802,803,804,-1,804,803,805,-1,804,805,806,-1,807,808,809,-1,807,809,804,-1,804,809,810,-1,804,810,802,-1,811,812,813,-1,813,812,814,-1,814,815,813,-1,813,815,816,-1,813,816,807,-1,807,816,817,-1,807,817,808,-1,644,818,645,-1,645,818,819,-1,645,819,811,-1,811,819,820,-1,811,820,812,-1,821,822,823,-1,824,825,823,-1,823,825,826,-1,823,826,821,-1,827,828,824,-1,824,828,829,-1,824,829,825,-1,830,831,827,-1,827,831,832,-1,827,832,828,-1,833,834,830,-1,830,834,835,-1,830,835,831,-1,836,837,833,-1,833,837,838,-1,833,838,834,-1,839,840,836,-1,836,840,841,-1,836,841,837,-1,842,843,839,-1,839,843,844,-1,839,844,840,-1,845,846,842,-1,842,846,847,-1,842,847,843,-1,782,848,779,-1,779,848,849,-1,779,849,845,-1,845,849,850,-1,845,850,846,-1,791,786,796,-1,796,786,784,-1,796,784,851,-1,851,784,653,-1,851,653,852,-1,852,653,779,-1,852,779,853,-1,853,779,845,-1,853,845,854,-1,854,845,842,-1,854,842,855,-1,855,842,839,-1,855,839,856,-1,856,839,836,-1,856,836,857,-1,857,836,833,-1,857,833,858,-1,858,833,830,-1,858,830,859,-1,859,830,827,-1,859,827,860,-1,860,827,824,-1,860,824,861,-1,861,824,823,-1,861,823,862,-1,862,823,822,-1,862,822,646,-1,647,650,648,-1,648,650,736,-1,648,736,863,-1,863,736,731,-1,863,731,864,-1,864,731,733,-1,864,733,865,-1,865,733,724,-1,865,724,866,-1,866,724,726,-1,866,726,867,-1,867,726,719,-1,867,719,868,-1,868,719,714,-1,868,714,869,-1,869,714,712,-1,869,712,870,-1,870,712,709,-1,870,709,871,-1,871,709,705,-1,871,705,872,-1,872,705,700,-1,872,700,873,-1,873,700,695,-1,873,695,874,-1,874,695,697,-1,874,697,875,-1,875,697,690,-1,875,690,876,-1,876,690,685,-1,876,685,877,-1,877,685,683,-1,877,683,878,-1,878,683,680,-1,878,680,879,-1,879,680,677,-1,879,677,880,-1,880,677,673,-1,880,673,881,-1,646,648,862,-1,862,648,863,-1,862,863,861,-1,861,863,864,-1,861,864,860,-1,860,864,865,-1,860,865,859,-1,859,865,866,-1,859,866,858,-1,858,866,867,-1,858,867,857,-1,857,867,868,-1,857,868,856,-1,856,868,869,-1,856,869,855,-1,855,869,870,-1,855,870,854,-1,854,870,871,-1,854,871,853,-1,853,871,872,-1,853,872,852,-1,852,872,873,-1,852,873,851,-1,851,873,874,-1,851,874,796,-1,796,874,875,-1,796,875,794,-1,794,875,876,-1,794,876,799,-1,799,876,877,-1,799,877,882,-1,882,877,878,-1,882,878,883,-1,883,878,879,-1,883,879,884,-1,884,879,880,-1,884,880,885,-1,885,880,881,-1,885,881,886,-1,797,799,806,-1,806,799,882,-1,806,882,804,-1,804,882,883,-1,804,883,807,-1,807,883,884,-1,807,884,813,-1,813,884,885,-1,813,885,811,-1,811,885,886,-1,811,886,645,-1,641,643,642,-1,642,643,645,-1,642,645,887,-1,887,645,886,-1,887,886,888,-1,888,886,881,-1,888,881,664,-1,664,881,673,-1,664,673,662,-1,662,673,675,-1,638,640,639,-1,639,640,642,-1,639,642,889,-1,889,642,887,-1,889,887,890,-1,890,887,888,-1,890,888,667,-1,667,888,664,-1,667,664,672,-1,672,664,663,-1,635,637,636,-1,636,637,639,-1,636,639,891,-1,891,639,889,-1,891,889,892,-1,892,889,890,-1,892,890,670,-1,670,890,667,-1,670,667,668,-1,668,667,666,-1,632,634,633,-1,633,634,636,-1,633,636,893,-1,893,636,891,-1,893,891,894,-1,894,891,892,-1,894,892,895,-1,895,892,670,-1,895,670,896,-1,896,670,671,-1,629,631,630,-1,630,631,633,-1,630,633,897,-1,897,633,893,-1,897,893,898,-1,898,893,894,-1,898,894,776,-1,776,894,895,-1,776,895,774,-1,774,895,896,-1,626,628,627,-1,627,628,630,-1,627,630,899,-1,899,630,897,-1,899,897,900,-1,900,897,898,-1,900,898,656,-1,656,898,776,-1,656,776,654,-1,654,776,778,-1,623,625,624,-1,624,625,627,-1,624,627,901,-1,901,627,899,-1,901,899,902,-1,902,899,900,-1,902,900,771,-1,771,900,656,-1,771,656,769,-1,769,656,655,-1,620,622,621,-1,621,622,624,-1,621,624,903,-1,903,624,901,-1,903,901,904,-1,904,901,902,-1,904,902,905,-1,905,902,771,-1,905,771,906,-1,906,771,773,-1,617,619,618,-1,618,619,621,-1,618,621,907,-1,907,621,903,-1,907,903,908,-1,908,903,904,-1,908,904,766,-1,766,904,905,-1,766,905,764,-1,764,905,906,-1,909,616,910,-1,910,616,618,-1,910,618,911,-1,911,618,907,-1,911,907,912,-1,912,907,908,-1,912,908,913,-1,913,908,766,-1,913,766,914,-1,914,766,768,-1,614,909,615,-1,615,909,910,-1,615,910,915,-1,915,910,911,-1,915,911,916,-1,916,911,912,-1,916,912,761,-1,761,912,913,-1,761,913,759,-1,759,913,914,-1,917,613,918,-1,918,613,615,-1,918,615,919,-1,919,615,915,-1,919,915,920,-1,920,915,916,-1,920,916,921,-1,921,916,761,-1,921,761,922,-1,922,761,763,-1,611,917,612,-1,612,917,918,-1,612,918,923,-1,923,918,919,-1,923,919,924,-1,924,919,920,-1,924,920,756,-1,756,920,921,-1,756,921,754,-1,754,921,922,-1,925,610,926,-1,926,610,612,-1,926,612,927,-1,927,612,923,-1,927,923,928,-1,928,923,924,-1,928,924,659,-1,659,924,756,-1,659,756,657,-1,657,756,758,-1,608,925,609,-1,609,925,926,-1,609,926,929,-1,929,926,927,-1,929,927,930,-1,930,927,928,-1,930,928,751,-1,751,928,659,-1,751,659,749,-1,749,659,658,-1,605,607,606,-1,606,607,609,-1,606,609,931,-1,931,609,929,-1,931,929,932,-1,932,929,930,-1,932,930,933,-1,933,930,751,-1,933,751,934,-1,934,751,753,-1,935,604,936,-1,936,604,606,-1,936,606,937,-1,937,606,931,-1,937,931,938,-1,938,931,932,-1,938,932,746,-1,746,932,933,-1,746,933,744,-1,744,933,934,-1,821,935,822,-1,822,935,936,-1,822,936,646,-1,646,936,937,-1,646,937,647,-1,647,937,938,-1,647,938,649,-1,649,938,746,-1,649,746,660,-1,660,746,748,-1,939,940,941,-1,942,943,944,-1,945,946,947,-1,948,949,950,-1,951,952,953,-1,954,955,956,-1,957,958,959,-1,960,961,962,-1,963,964,965,-1,966,967,968,-1,969,970,971,-1,972,973,974,-1,975,976,977,-1,978,979,980,-1,981,982,983,-1,982,984,985,-1,986,987,988,-1,989,990,991,-1,992,993,994,-1,995,996,997,-1,998,999,1000,-1,1001,1002,1003,-1,1004,1005,1006,-1,1007,1008,1009,-1,1010,1011,1012,-1,1013,1014,1015,-1,1016,1017,1018,-1,1019,1020,984,-1,1021,1022,1023,-1,1023,1022,1024,-1,1023,1024,1025,-1,1026,1027,985,-1,985,1027,1028,-1,985,1028,1029,-1,1029,1028,1030,-1,1029,1030,1021,-1,1021,1030,1031,-1,1021,1031,1022,-1,984,1020,985,-1,985,1020,1032,-1,985,1032,1026,-1,1016,1018,1033,-1,1013,1015,1034,-1,1010,1012,1035,-1,1004,1006,1036,-1,1001,1003,1037,-1,1038,1039,1040,-1,998,1000,1041,-1,1042,1043,1044,-1,1044,1043,1045,-1,1044,1045,1046,-1,995,997,1047,-1,992,994,1048,-1,1049,1050,1051,-1,1051,1050,1052,-1,1051,1052,1053,-1,1053,1052,1054,-1,1054,1052,1055,-1,1054,1055,1056,-1,1057,1058,1055,-1,1055,1058,1059,-1,1055,1059,1056,-1,1060,1061,1057,-1,1057,1061,1062,-1,1057,1062,1058,-1,1063,1064,1060,-1,1060,1064,1065,-1,1060,1065,1061,-1,1066,1067,1063,-1,1063,1067,1068,-1,1063,1068,1064,-1,989,1069,990,-1,990,1069,1070,-1,990,1070,1066,-1,1066,1070,1071,-1,1066,1071,1067,-1,1072,1073,1074,-1,1074,1073,1075,-1,1074,1075,991,-1,991,1075,1076,-1,991,1076,989,-1,1072,1074,1077,-1,1077,1074,1078,-1,1077,1078,1079,-1,1079,1078,1080,-1,1080,1078,1081,-1,1080,1081,1082,-1,1082,1081,1083,-1,1083,1081,1084,-1,1083,1084,1085,-1,1085,1084,1086,-1,1086,1084,1087,-1,1086,1087,1088,-1,1088,1087,1089,-1,1089,1087,1090,-1,1089,1090,1091,-1,1092,1093,1090,-1,1090,1093,1094,-1,1090,1094,1091,-1,1025,1095,1023,-1,1023,1095,1096,-1,1023,1096,1092,-1,1092,1096,1097,-1,1092,1097,1093,-1,988,987,1098,-1,987,1099,1098,-1,1098,1099,1100,-1,1098,1100,1101,-1,1102,1103,1104,-1,1104,1103,1105,-1,1104,1105,1106,-1,1102,1107,1103,-1,1103,1107,1108,-1,1103,1108,988,-1,988,1108,1109,-1,988,1109,986,-1,1110,1111,1105,-1,1105,1111,1112,-1,1105,1112,1106,-1,1113,1114,1110,-1,1113,1110,1115,-1,1116,1117,1118,-1,1118,1117,1119,-1,1118,1119,1113,-1,1113,1119,1120,-1,1113,1120,1114,-1,1121,1122,1123,-1,1123,1122,1124,-1,1123,1124,1125,-1,1126,1127,1128,-1,1126,1128,1123,-1,1123,1128,1129,-1,1123,1129,1121,-1,1130,1131,1132,-1,1132,1131,1133,-1,1133,1134,1132,-1,1132,1134,1135,-1,1132,1135,1126,-1,1126,1135,1136,-1,1126,1136,1127,-1,979,1137,980,-1,980,1137,1138,-1,980,1138,1130,-1,1130,1138,1139,-1,1130,1139,1131,-1,1140,1141,1142,-1,1143,1144,1142,-1,1142,1144,1145,-1,1142,1145,1140,-1,1146,1147,1143,-1,1143,1147,1148,-1,1143,1148,1144,-1,1149,1150,1146,-1,1146,1150,1151,-1,1146,1151,1147,-1,1152,1153,1149,-1,1149,1153,1154,-1,1149,1154,1150,-1,1155,1156,1152,-1,1152,1156,1157,-1,1152,1157,1153,-1,1158,1159,1155,-1,1155,1159,1160,-1,1155,1160,1156,-1,1161,1162,1158,-1,1158,1162,1163,-1,1158,1163,1159,-1,1164,1165,1161,-1,1161,1165,1166,-1,1161,1166,1162,-1,1101,1167,1098,-1,1098,1167,1168,-1,1098,1168,1164,-1,1164,1168,1169,-1,1164,1169,1165,-1,1110,1105,1115,-1,1115,1105,1103,-1,1115,1103,1170,-1,1170,1103,988,-1,1170,988,1171,-1,1171,988,1098,-1,1171,1098,1172,-1,1172,1098,1164,-1,1172,1164,1173,-1,1173,1164,1161,-1,1173,1161,1174,-1,1174,1161,1158,-1,1174,1158,1175,-1,1175,1158,1155,-1,1175,1155,1176,-1,1176,1155,1152,-1,1176,1152,1177,-1,1177,1152,1149,-1,1177,1149,1178,-1,1178,1149,1146,-1,1178,1146,1179,-1,1179,1146,1143,-1,1179,1143,1180,-1,1180,1143,1142,-1,1180,1142,1181,-1,1181,1142,1141,-1,1181,1141,981,-1,982,985,983,-1,983,985,1029,-1,983,1029,1182,-1,1182,1029,1021,-1,1182,1021,1183,-1,1183,1021,1023,-1,1183,1023,1184,-1,1184,1023,1092,-1,1184,1092,1185,-1,1185,1092,1090,-1,1185,1090,1186,-1,1186,1090,1087,-1,1186,1087,1187,-1,1187,1087,1084,-1,1187,1084,1188,-1,1188,1084,1081,-1,1188,1081,1189,-1,1189,1081,1078,-1,1189,1078,1190,-1,1190,1078,1074,-1,1190,1074,1191,-1,1191,1074,991,-1,1191,991,1192,-1,1192,991,990,-1,1192,990,1193,-1,1193,990,1066,-1,1193,1066,1194,-1,1194,1066,1063,-1,1194,1063,1195,-1,1195,1063,1060,-1,1195,1060,1196,-1,1196,1060,1057,-1,1196,1057,1197,-1,1197,1057,1055,-1,1197,1055,1198,-1,1198,1055,1052,-1,1198,1052,1199,-1,1199,1052,1050,-1,1199,1050,1200,-1,981,983,1181,-1,1181,983,1182,-1,1181,1182,1180,-1,1180,1182,1183,-1,1180,1183,1179,-1,1179,1183,1184,-1,1179,1184,1178,-1,1178,1184,1185,-1,1178,1185,1177,-1,1177,1185,1186,-1,1177,1186,1176,-1,1176,1186,1187,-1,1176,1187,1175,-1,1175,1187,1188,-1,1175,1188,1174,-1,1174,1188,1189,-1,1174,1189,1173,-1,1173,1189,1190,-1,1173,1190,1172,-1,1172,1190,1191,-1,1172,1191,1171,-1,1171,1191,1192,-1,1171,1192,1170,-1,1170,1192,1193,-1,1170,1193,1115,-1,1115,1193,1194,-1,1115,1194,1113,-1,1113,1194,1195,-1,1113,1195,1118,-1,1118,1195,1196,-1,1118,1196,1201,-1,1201,1196,1197,-1,1201,1197,1202,-1,1202,1197,1198,-1,1202,1198,1203,-1,1203,1198,1199,-1,1203,1199,1204,-1,1204,1199,1200,-1,1204,1200,1205,-1,1116,1118,1125,-1,1125,1118,1201,-1,1125,1201,1123,-1,1123,1201,1202,-1,1123,1202,1126,-1,1126,1202,1203,-1,1126,1203,1132,-1,1132,1203,1204,-1,1132,1204,1130,-1,1130,1204,1205,-1,1130,1205,980,-1,976,978,977,-1,977,978,980,-1,977,980,1206,-1,1206,980,1205,-1,1206,1205,1207,-1,1207,1205,1200,-1,1207,1200,994,-1,994,1200,1050,-1,994,1050,1048,-1,1048,1050,1049,-1,973,975,974,-1,974,975,977,-1,974,977,1208,-1,1208,977,1206,-1,1208,1206,1209,-1,1209,1206,1207,-1,1209,1207,1210,-1,1210,1207,994,-1,1210,994,1211,-1,1211,994,993,-1,970,972,971,-1,971,972,974,-1,971,974,1212,-1,1212,974,1208,-1,1212,1208,1213,-1,1213,1208,1209,-1,1213,1209,997,-1,997,1209,1210,-1,997,1210,1047,-1,1047,1210,1211,-1,967,969,968,-1,968,969,971,-1,968,971,1214,-1,1214,971,1212,-1,1214,1212,1215,-1,1215,1212,1213,-1,1215,1213,1216,-1,1216,1213,997,-1,1216,997,1217,-1,1217,997,996,-1,964,966,965,-1,965,966,968,-1,965,968,1218,-1,1218,968,1214,-1,1218,1214,1219,-1,1219,1214,1215,-1,1219,1215,1044,-1,1044,1215,1216,-1,1044,1216,1042,-1,1042,1216,1217,-1,961,963,962,-1,962,963,965,-1,962,965,1220,-1,1220,965,1218,-1,1220,1218,1221,-1,1221,1218,1219,-1,1221,1219,1038,-1,1038,1219,1044,-1,1038,1044,1039,-1,1039,1044,1046,-1,958,960,959,-1,959,960,962,-1,959,962,1222,-1,1222,962,1220,-1,1222,1220,1223,-1,1223,1220,1221,-1,1223,1221,1000,-1,1000,1221,1038,-1,1000,1038,1041,-1,1041,1038,1040,-1,955,957,956,-1,956,957,959,-1,956,959,1224,-1,1224,959,1222,-1,1224,1222,1225,-1,1225,1222,1223,-1,1225,1223,1226,-1,1226,1223,1000,-1,1226,1000,1227,-1,1227,1000,999,-1,952,954,953,-1,953,954,956,-1,953,956,1228,-1,1228,956,1224,-1,1228,1224,1229,-1,1229,1224,1225,-1,1229,1225,1003,-1,1003,1225,1226,-1,1003,1226,1037,-1,1037,1226,1227,-1,1230,951,1231,-1,1231,951,953,-1,1231,953,1232,-1,1232,953,1228,-1,1232,1228,1233,-1,1233,1228,1229,-1,1233,1229,1234,-1,1234,1229,1003,-1,1234,1003,1235,-1,1235,1003,1002,-1,949,1230,950,-1,950,1230,1231,-1,950,1231,1236,-1,1236,1231,1232,-1,1236,1232,1237,-1,1237,1232,1233,-1,1237,1233,1006,-1,1006,1233,1234,-1,1006,1234,1036,-1,1036,1234,1235,-1,1238,948,1239,-1,1239,948,950,-1,1239,950,1240,-1,1240,950,1236,-1,1240,1236,1241,-1,1241,1236,1237,-1,1241,1237,1009,-1,1009,1237,1006,-1,1009,1006,1007,-1,1007,1006,1005,-1,946,1238,947,-1,947,1238,1239,-1,947,1239,1242,-1,1242,1239,1240,-1,1242,1240,1243,-1,1243,1240,1241,-1,1243,1241,1012,-1,1012,1241,1009,-1,1012,1009,1035,-1,1035,1009,1008,-1,1244,945,1245,-1,1245,945,947,-1,1245,947,1246,-1,1246,947,1242,-1,1246,1242,1247,-1,1247,1242,1243,-1,1247,1243,1248,-1,1248,1243,1012,-1,1248,1012,1249,-1,1249,1012,1011,-1,943,1244,944,-1,944,1244,1245,-1,944,1245,1250,-1,1250,1245,1246,-1,1250,1246,1251,-1,1251,1246,1247,-1,1251,1247,1015,-1,1015,1247,1248,-1,1015,1248,1034,-1,1034,1248,1249,-1,940,942,941,-1,941,942,944,-1,941,944,1252,-1,1252,944,1250,-1,1252,1250,1253,-1,1253,1250,1251,-1,1253,1251,1254,-1,1254,1251,1015,-1,1254,1015,1255,-1,1255,1015,1014,-1,1256,939,1257,-1,1257,939,941,-1,1257,941,1258,-1,1258,941,1252,-1,1258,1252,1259,-1,1259,1252,1253,-1,1259,1253,1018,-1,1018,1253,1254,-1,1018,1254,1033,-1,1033,1254,1255,-1,1140,1256,1141,-1,1141,1256,1257,-1,1141,1257,981,-1,981,1257,1258,-1,981,1258,982,-1,982,1258,1259,-1,982,1259,984,-1,984,1259,1018,-1,984,1018,1019,-1,1019,1018,1017,-1,1260,1261,1262,-1,1263,1264,1265,-1,1266,1267,1268,-1,1269,1270,1271,-1,1272,1273,1274,-1,1275,1276,1277,-1,1278,1279,1280,-1,1281,1282,1283,-1,1284,1285,1286,-1,1287,1288,1289,-1,1290,1291,1292,-1,1293,1294,1295,-1,1296,1297,1298,-1,1298,1297,1299,-1,1299,1300,1301,-1,1301,1300,1302,-1,1301,1302,1303,-1,1303,1304,1301,-1,1301,1304,1305,-1,1301,1305,1306,-1,1306,1307,1301,-1,1301,1307,1308,-1,1301,1308,403,-1,1309,1310,1311,-1,1311,1310,1312,-1,1311,1312,1298,-1,1298,1312,1313,-1,1298,1313,1296,-1,1314,1315,1316,-1,1316,1317,1314,-1,1314,1317,1318,-1,1314,1318,1309,-1,1315,1314,1319,-1,1319,1314,1320,-1,1319,1320,1321,-1,1294,1322,1323,-1,1323,1322,1324,-1,1323,1324,1321,-1,1325,1326,1327,-1,1327,1326,1328,-1,1327,1328,1295,-1,1295,1328,1329,-1,1295,1329,1293,-1,1330,1331,1332,-1,1332,1333,1334,-1,1334,1333,1335,-1,1334,1335,1325,-1,1336,1337,1330,-1,1337,1338,1330,-1,1330,1338,1339,-1,1330,1339,1331,-1,1340,1341,1342,-1,1342,1341,1343,-1,1342,1343,1336,-1,1291,1344,1292,-1,1292,1344,1345,-1,1292,1345,1340,-1,1346,1347,1348,-1,1348,1347,1349,-1,1348,1349,1290,-1,1350,1351,1352,-1,1352,1351,1353,-1,1352,1353,1354,-1,1354,1355,1352,-1,1352,1355,1356,-1,1352,1356,1348,-1,1348,1356,1357,-1,1348,1357,1346,-1,1358,1359,1360,-1,1360,1359,1361,-1,1361,1362,1360,-1,1360,1362,1363,-1,1360,1363,1364,-1,1364,1363,1365,-1,1364,1365,1366,-1,1367,1368,1289,-1,1289,1368,1369,-1,1289,1369,1287,-1,1370,1371,1372,-1,1370,1372,1373,-1,1373,1372,1374,-1,1373,1374,1375,-1,1375,1376,1373,-1,1373,1376,1377,-1,1373,1377,1378,-1,1378,1377,1379,-1,1380,1381,1286,-1,1286,1381,1382,-1,1286,1382,1284,-1,1383,1384,1385,-1,1384,1386,1385,-1,1385,1386,1387,-1,1385,1387,1286,-1,1286,1387,1388,-1,1286,1388,1380,-1,1389,1390,1385,-1,1385,1390,1391,-1,1385,1391,1383,-1,1392,1393,1394,-1,1393,1395,1394,-1,1394,1395,1396,-1,1394,1396,1397,-1,1398,1399,1400,-1,1400,1399,1401,-1,1400,1401,1283,-1,1283,1401,1402,-1,1283,1402,1281,-1,1403,1404,1405,-1,1405,1404,1406,-1,1405,1406,1407,-1,1408,1409,1410,-1,1410,1409,1411,-1,1412,1413,1414,-1,1414,1413,1415,-1,1414,1415,1416,-1,1417,1418,1419,-1,1419,1418,1420,-1,1421,1422,1423,-1,1423,1422,1424,-1,1425,1426,1427,-1,1427,1426,1428,-1,1427,1428,1429,-1,1430,1431,1432,-1,1432,1431,1433,-1,1280,1279,1434,-1,1434,1279,1435,-1,1434,1435,1436,-1,1437,1438,1280,-1,1280,1438,1439,-1,1280,1439,1278,-1,480,1440,1441,-1,1441,1440,1442,-1,1442,1443,1441,-1,1441,1443,1444,-1,1441,1444,1445,-1,1446,1277,1447,-1,1447,1448,1446,-1,1446,1448,1449,-1,1446,1449,1450,-1,1450,1451,1446,-1,1446,1451,1452,-1,1446,1452,1453,-1,1453,1454,1446,-1,1446,1454,1455,-1,1446,1455,1456,-1,1276,1457,1277,-1,1277,1457,1458,-1,1277,1458,1447,-1,1459,1460,1461,-1,1461,1460,1462,-1,1461,1462,1463,-1,1464,1465,1466,-1,1466,1465,1461,-1,1466,1461,1467,-1,1467,1461,1463,-1,1274,1273,1468,-1,1270,1469,1271,-1,1271,1469,1470,-1,1271,1470,1274,-1,1274,1470,1471,-1,1274,1471,1272,-1,1472,1473,1474,-1,1474,1473,1475,-1,1476,1477,1478,-1,1478,1477,1474,-1,1478,1474,1479,-1,1479,1474,1475,-1,1480,1481,1482,-1,1483,1484,1472,-1,1472,1484,1485,-1,1472,1485,1473,-1,1480,1482,1472,-1,1472,1482,1486,-1,1472,1486,1483,-1,1487,1488,1489,-1,1489,1488,1490,-1,1489,1490,1480,-1,1480,1490,1491,-1,1480,1491,1481,-1,1492,1493,1494,-1,1494,1495,1492,-1,1492,1495,1496,-1,1492,1496,1489,-1,1489,1496,1497,-1,1489,1497,1487,-1,1498,1499,1500,-1,1500,1499,1501,-1,1500,1501,1502,-1,1502,1503,1500,-1,1500,1503,1504,-1,1500,1504,1492,-1,1492,1504,1505,-1,1492,1505,1493,-1,1506,1507,1508,-1,1508,1507,1509,-1,1508,1509,1510,-1,1510,1511,1508,-1,1508,1511,1512,-1,1508,1512,1513,-1,1513,1512,1514,-1,1513,1514,1515,-1,1516,1517,1506,-1,1506,1517,1518,-1,1506,1518,1507,-1,1519,1520,1521,-1,1521,1520,1522,-1,1521,1522,1506,-1,1506,1522,1523,-1,1506,1523,1516,-1,1524,1525,1526,-1,1526,1525,1527,-1,1526,1527,1528,-1,1528,1527,1529,-1,1529,1530,1528,-1,1528,1530,1531,-1,1528,1531,1519,-1,1532,1533,1268,-1,1268,1533,1534,-1,1268,1534,1266,-1,1535,1536,1537,-1,1537,1536,1538,-1,1535,1539,1536,-1,1536,1539,1540,-1,1536,1540,1268,-1,1268,1540,1541,-1,1268,1541,1532,-1,1538,1536,1542,-1,1542,1536,1543,-1,1542,1543,1544,-1,1545,1546,1547,-1,1545,1547,1264,-1,1546,1548,1547,-1,1547,1548,1549,-1,1547,1549,1544,-1,1550,1551,1552,-1,1551,1553,1552,-1,1552,1553,1554,-1,1552,1554,1265,-1,1265,1554,1555,-1,1265,1555,1263,-1,1261,1556,1557,-1,1556,1558,1557,-1,1557,1558,1559,-1,1557,1559,1550,-1,1560,1561,1262,-1,1262,1561,1562,-1,1262,1562,1260,-1,1563,1564,1565,-1,1565,1564,1566,-1,1565,1566,1560,-1,1567,1568,1569,-1,1569,1568,1570,-1,1569,1570,1563,-1,1571,1572,1573,-1,1573,1572,1574,-1,1573,1574,1567,-1,1575,1571,1576,-1,1577,1578,1576,-1,1576,1578,1579,-1,1576,1579,1575,-1,1580,1581,1582,-1,1582,1581,1583,-1,1582,1583,1577,-1,1584,1585,1586,-1,1586,1585,1587,-1,1586,1587,1588,-1,1588,1587,1589,-1,1588,1589,1580,-1,1590,1591,1586,-1,1586,1591,1592,-1,1586,1592,1584,-1,1593,1594,1595,-1,1595,1594,1596,-1,1596,1597,1595,-1,1595,1597,1598,-1,1595,1598,1590,-1,1446,1599,1277,-1,1277,1599,1465,-1,1277,1465,1275,-1,1275,1465,1464,-1,1590,1586,1595,-1,1595,1586,1588,-1,1595,1588,1600,-1,1600,1588,1601,-1,1600,1601,1602,-1,1602,1601,1603,-1,1602,1603,1604,-1,1604,1603,1605,-1,1604,1605,1606,-1,1606,1605,1607,-1,1606,1607,1608,-1,1608,1607,1609,-1,1608,1609,1610,-1,1610,1609,1611,-1,1610,1611,1612,-1,1612,1611,1613,-1,1612,1613,1614,-1,1614,1613,1615,-1,1614,1615,1616,-1,1616,1615,1617,-1,1616,1617,1618,-1,1618,1617,1619,-1,1618,1619,1620,-1,1620,1619,1621,-1,1620,1621,1622,-1,1622,1621,1623,-1,1622,1623,1624,-1,1624,1623,1625,-1,1624,1625,1626,-1,1626,1625,1627,-1,1626,1627,1628,-1,1628,1627,1629,-1,1628,1629,1630,-1,1630,1629,1631,-1,1630,1631,1632,-1,1632,1631,1633,-1,1632,1633,1634,-1,1634,1633,1635,-1,1634,1635,1636,-1,1636,1635,1637,-1,1636,1637,1638,-1,1638,1637,1639,-1,1638,1639,1640,-1,1640,1639,1641,-1,1640,1641,1642,-1,1642,1641,1643,-1,1642,1643,1644,-1,1644,1643,1645,-1,1644,1645,1646,-1,1646,1645,1647,-1,1646,1647,1648,-1,1648,1647,1649,-1,1648,1649,1650,-1,1650,1649,1651,-1,1650,1651,1652,-1,1652,1651,1653,-1,1652,1653,1654,-1,1654,1653,1655,-1,1654,1655,1656,-1,1656,1655,1657,-1,1656,1657,1658,-1,1658,1657,1659,-1,1658,1659,1660,-1,1660,1659,1661,-1,1660,1661,1662,-1,1662,1661,1663,-1,1662,1663,1664,-1,1664,1663,1665,-1,1664,1665,1666,-1,1666,1665,1667,-1,1666,1667,1668,-1,1668,1667,1669,-1,1668,1669,1670,-1,1670,1669,1671,-1,1670,1671,1672,-1,1672,1671,1673,-1,1672,1673,1674,-1,1674,1673,1675,-1,1674,1675,1676,-1,1676,1675,1677,-1,1676,1677,1678,-1,1678,1677,1679,-1,1678,1679,1680,-1,1680,1679,1681,-1,1680,1681,1682,-1,1682,1681,1683,-1,1682,1683,1684,-1,1684,1683,1685,-1,1684,1685,1686,-1,1686,1685,1687,-1,1686,1687,1688,-1,1688,1687,1689,-1,1688,1689,1690,-1,1690,1689,1691,-1,1690,1691,1692,-1,1692,1691,1693,-1,1692,1693,1694,-1,1694,1693,1695,-1,1694,1695,1696,-1,1696,1695,1697,-1,1696,1697,1698,-1,1599,1699,1465,-1,1465,1699,1700,-1,1465,1700,1461,-1,1461,1700,1468,-1,1461,1468,1459,-1,1459,1468,1273,-1,1580,1582,1588,-1,1588,1582,1701,-1,1588,1701,1601,-1,1601,1701,1702,-1,1601,1702,1603,-1,1603,1702,1703,-1,1603,1703,1605,-1,1605,1703,1704,-1,1605,1704,1607,-1,1607,1704,1705,-1,1607,1705,1609,-1,1609,1705,1706,-1,1609,1706,1611,-1,1611,1706,1707,-1,1611,1707,1613,-1,1613,1707,1708,-1,1613,1708,1615,-1,1615,1708,1709,-1,1615,1709,1617,-1,1617,1709,1710,-1,1617,1710,1619,-1,1619,1710,1711,-1,1619,1711,1621,-1,1621,1711,1712,-1,1621,1712,1623,-1,1623,1712,1713,-1,1623,1713,1625,-1,1625,1713,1714,-1,1625,1714,1627,-1,1627,1714,1715,-1,1627,1715,1629,-1,1629,1715,1716,-1,1629,1716,1631,-1,1631,1716,1717,-1,1631,1717,1633,-1,1633,1717,1718,-1,1633,1718,1635,-1,1635,1718,1719,-1,1635,1719,1637,-1,1637,1719,1720,-1,1637,1720,1639,-1,1639,1720,1721,-1,1639,1721,1641,-1,1641,1721,1722,-1,1641,1722,1643,-1,1643,1722,1723,-1,1643,1723,1645,-1,1645,1723,1724,-1,1645,1724,1647,-1,1647,1724,1725,-1,1647,1725,1649,-1,1649,1725,1726,-1,1649,1726,1651,-1,1651,1726,1727,-1,1651,1727,1653,-1,1653,1727,1728,-1,1653,1728,1655,-1,1655,1728,1729,-1,1655,1729,1657,-1,1657,1729,1730,-1,1657,1730,1659,-1,1659,1730,1731,-1,1659,1731,1661,-1,1661,1731,1732,-1,1661,1732,1663,-1,1663,1732,1733,-1,1663,1733,1665,-1,1665,1733,1734,-1,1665,1734,1667,-1,1667,1734,1735,-1,1667,1735,1669,-1,1669,1735,1736,-1,1669,1736,1671,-1,1671,1736,1737,-1,1671,1737,1673,-1,1673,1737,1738,-1,1673,1738,1675,-1,1675,1738,1739,-1,1675,1739,1677,-1,1677,1739,1740,-1,1677,1740,1679,-1,1679,1740,1741,-1,1679,1741,1681,-1,1681,1741,1742,-1,1681,1742,1683,-1,1683,1742,1743,-1,1683,1743,1685,-1,1685,1743,1744,-1,1685,1744,1687,-1,1687,1744,1745,-1,1687,1745,1689,-1,1689,1745,1746,-1,1689,1746,1691,-1,1691,1746,1747,-1,1691,1747,1693,-1,1693,1747,1748,-1,1693,1748,1695,-1,1695,1748,1749,-1,1695,1749,1697,-1,1577,1576,1582,-1,1582,1576,1750,-1,1582,1750,1701,-1,1701,1750,1751,-1,1701,1751,1702,-1,1702,1751,1752,-1,1702,1752,1703,-1,1703,1752,1753,-1,1703,1753,1704,-1,1704,1753,1754,-1,1704,1754,1705,-1,1705,1754,1755,-1,1705,1755,1706,-1,1706,1755,1756,-1,1706,1756,1707,-1,1707,1756,1757,-1,1707,1757,1708,-1,1708,1757,1758,-1,1708,1758,1709,-1,1709,1758,1759,-1,1709,1759,1710,-1,1710,1759,1760,-1,1710,1760,1711,-1,1711,1760,1761,-1,1711,1761,1712,-1,1712,1761,1762,-1,1712,1762,1713,-1,1713,1762,1763,-1,1713,1763,1714,-1,1714,1763,1764,-1,1714,1764,1715,-1,1715,1764,1765,-1,1715,1765,1716,-1,1716,1765,1766,-1,1716,1766,1717,-1,1717,1766,1767,-1,1717,1767,1718,-1,1718,1767,1768,-1,1718,1768,1719,-1,1719,1768,1769,-1,1719,1769,1720,-1,1720,1769,1770,-1,1720,1770,1721,-1,1721,1770,1771,-1,1721,1771,1722,-1,1722,1771,1772,-1,1722,1772,1723,-1,1723,1772,1773,-1,1723,1773,1724,-1,1724,1773,1774,-1,1724,1774,1725,-1,1725,1774,1775,-1,1725,1775,1726,-1,1726,1775,1776,-1,1726,1776,1727,-1,1727,1776,1777,-1,1727,1777,1728,-1,1728,1777,1778,-1,1728,1778,1729,-1,1729,1778,1779,-1,1729,1779,1730,-1,1730,1779,1780,-1,1730,1780,1731,-1,1731,1780,1781,-1,1731,1781,1732,-1,1732,1781,1782,-1,1732,1782,1733,-1,1733,1782,1783,-1,1733,1783,1734,-1,1734,1783,1784,-1,1734,1784,1735,-1,1735,1784,1785,-1,1735,1785,1736,-1,1736,1785,1786,-1,1736,1786,1737,-1,1737,1786,1787,-1,1737,1787,1738,-1,1738,1787,1788,-1,1738,1788,1739,-1,1739,1788,1789,-1,1739,1789,1740,-1,1740,1789,1790,-1,1740,1790,1741,-1,1741,1790,1791,-1,1741,1791,1742,-1,1742,1791,1792,-1,1742,1792,1743,-1,1743,1792,1793,-1,1743,1793,1744,-1,1744,1793,1794,-1,1744,1794,1745,-1,1745,1794,1795,-1,1745,1795,1746,-1,1746,1795,1796,-1,1746,1796,1747,-1,1747,1796,1797,-1,1747,1797,1748,-1,1748,1797,1798,-1,1748,1798,1749,-1,1699,1799,1700,-1,1700,1799,1800,-1,1700,1800,1468,-1,1468,1800,1801,-1,1468,1801,1274,-1,1274,1801,1802,-1,1274,1802,1271,-1,1271,1802,1477,-1,1271,1477,1269,-1,1269,1477,1476,-1,1571,1573,1576,-1,1576,1573,1803,-1,1576,1803,1750,-1,1750,1803,1804,-1,1750,1804,1751,-1,1751,1804,1805,-1,1751,1805,1752,-1,1752,1805,1806,-1,1752,1806,1753,-1,1753,1806,1807,-1,1753,1807,1754,-1,1754,1807,1808,-1,1754,1808,1755,-1,1755,1808,1809,-1,1755,1809,1756,-1,1756,1809,1810,-1,1756,1810,1757,-1,1757,1810,1811,-1,1757,1811,1758,-1,1758,1811,1812,-1,1758,1812,1759,-1,1759,1812,1813,-1,1759,1813,1760,-1,1760,1813,1814,-1,1760,1814,1761,-1,1761,1814,1815,-1,1761,1815,1762,-1,1762,1815,1816,-1,1762,1816,1763,-1,1763,1816,1817,-1,1763,1817,1764,-1,1764,1817,1818,-1,1764,1818,1765,-1,1765,1818,1819,-1,1765,1819,1766,-1,1766,1819,1820,-1,1766,1820,1767,-1,1767,1820,1821,-1,1767,1821,1768,-1,1768,1821,1822,-1,1768,1822,1769,-1,1769,1822,1823,-1,1769,1823,1770,-1,1770,1823,1824,-1,1770,1824,1771,-1,1771,1824,1825,-1,1771,1825,1772,-1,1772,1825,1826,-1,1772,1826,1773,-1,1773,1826,1827,-1,1773,1827,1774,-1,1774,1827,1828,-1,1774,1828,1775,-1,1775,1828,1829,-1,1775,1829,1776,-1,1776,1829,1830,-1,1776,1830,1777,-1,1777,1830,1831,-1,1777,1831,1778,-1,1778,1831,1832,-1,1778,1832,1779,-1,1779,1832,1833,-1,1779,1833,1780,-1,1780,1833,1834,-1,1780,1834,1781,-1,1781,1834,1835,-1,1781,1835,1782,-1,1782,1835,1836,-1,1782,1836,1783,-1,1783,1836,1837,-1,1783,1837,1784,-1,1784,1837,1838,-1,1784,1838,1785,-1,1785,1838,1839,-1,1785,1839,1786,-1,1786,1839,1840,-1,1786,1840,1787,-1,1787,1840,1841,-1,1787,1841,1788,-1,1788,1841,1842,-1,1788,1842,1789,-1,1789,1842,1843,-1,1789,1843,1790,-1,1790,1843,1844,-1,1790,1844,1791,-1,1791,1844,1845,-1,1791,1845,1792,-1,1792,1845,1846,-1,1792,1846,1793,-1,1793,1846,1847,-1,1793,1847,1794,-1,1794,1847,1848,-1,1794,1848,1795,-1,1795,1848,1849,-1,1795,1849,1796,-1,1796,1849,1850,-1,1796,1850,1797,-1,1797,1850,1851,-1,1797,1851,1798,-1,1567,1569,1573,-1,1573,1569,1852,-1,1573,1852,1803,-1,1803,1852,1853,-1,1803,1853,1804,-1,1804,1853,1854,-1,1804,1854,1805,-1,1805,1854,1855,-1,1805,1855,1806,-1,1806,1855,1856,-1,1806,1856,1807,-1,1807,1856,1857,-1,1807,1857,1808,-1,1808,1857,1858,-1,1808,1858,1809,-1,1809,1858,1859,-1,1809,1859,1810,-1,1810,1859,1860,-1,1810,1860,1811,-1,1811,1860,1861,-1,1811,1861,1812,-1,1812,1861,1862,-1,1812,1862,1813,-1,1813,1862,1863,-1,1813,1863,1814,-1,1814,1863,1864,-1,1814,1864,1815,-1,1815,1864,1865,-1,1815,1865,1816,-1,1816,1865,1866,-1,1816,1866,1817,-1,1817,1866,1867,-1,1817,1867,1818,-1,1818,1867,1868,-1,1818,1868,1819,-1,1819,1868,1869,-1,1819,1869,1820,-1,1820,1869,1870,-1,1820,1870,1821,-1,1821,1870,1871,-1,1821,1871,1822,-1,1822,1871,1872,-1,1822,1872,1823,-1,1823,1872,1873,-1,1823,1873,1824,-1,1824,1873,1874,-1,1824,1874,1825,-1,1825,1874,1875,-1,1825,1875,1826,-1,1826,1875,1876,-1,1826,1876,1827,-1,1827,1876,1877,-1,1827,1877,1828,-1,1828,1877,1878,-1,1828,1878,1829,-1,1829,1878,1879,-1,1829,1879,1830,-1,1830,1879,1880,-1,1830,1880,1831,-1,1831,1880,1881,-1,1831,1881,1832,-1,1832,1881,1882,-1,1832,1882,1833,-1,1833,1882,1883,-1,1833,1883,1834,-1,1834,1883,1884,-1,1834,1884,1835,-1,1835,1884,1885,-1,1835,1885,1836,-1,1836,1885,1886,-1,1836,1886,1837,-1,1837,1886,1887,-1,1837,1887,1838,-1,1838,1887,1888,-1,1838,1888,1839,-1,1839,1888,1889,-1,1839,1889,1840,-1,1840,1889,1890,-1,1840,1890,1841,-1,1841,1890,1891,-1,1841,1891,1842,-1,1842,1891,1892,-1,1842,1892,1843,-1,1843,1892,1893,-1,1843,1893,1844,-1,1844,1893,1894,-1,1844,1894,1845,-1,1845,1894,1895,-1,1845,1895,1846,-1,1846,1895,1896,-1,1846,1896,1847,-1,1847,1896,1897,-1,1847,1897,1848,-1,1848,1897,1898,-1,1848,1898,1849,-1,1849,1898,1899,-1,1849,1899,1850,-1,1850,1899,1900,-1,1850,1900,1851,-1,1563,1565,1569,-1,1569,1565,1901,-1,1569,1901,1852,-1,1852,1901,1902,-1,1852,1902,1853,-1,1853,1902,1903,-1,1853,1903,1854,-1,1854,1903,1904,-1,1854,1904,1855,-1,1855,1904,1905,-1,1855,1905,1856,-1,1856,1905,1906,-1,1856,1906,1857,-1,1857,1906,1907,-1,1857,1907,1858,-1,1858,1907,1908,-1,1858,1908,1859,-1,1859,1908,1909,-1,1859,1909,1860,-1,1860,1909,1910,-1,1860,1910,1861,-1,1861,1910,1911,-1,1861,1911,1862,-1,1862,1911,1912,-1,1862,1912,1863,-1,1863,1912,1913,-1,1863,1913,1864,-1,1864,1913,1914,-1,1864,1914,1865,-1,1865,1914,1915,-1,1865,1915,1866,-1,1866,1915,1916,-1,1866,1916,1867,-1,1867,1916,1917,-1,1867,1917,1868,-1,1868,1917,1918,-1,1868,1918,1869,-1,1869,1918,1919,-1,1869,1919,1870,-1,1870,1919,1920,-1,1870,1920,1871,-1,1871,1920,1921,-1,1871,1921,1872,-1,1872,1921,1922,-1,1872,1922,1873,-1,1873,1922,1923,-1,1873,1923,1874,-1,1874,1923,1924,-1,1874,1924,1875,-1,1875,1924,1925,-1,1875,1925,1876,-1,1876,1925,1926,-1,1876,1926,1877,-1,1877,1926,1927,-1,1877,1927,1878,-1,1878,1927,1928,-1,1878,1928,1879,-1,1879,1928,1929,-1,1879,1929,1880,-1,1880,1929,1930,-1,1880,1930,1881,-1,1881,1930,1931,-1,1881,1931,1882,-1,1882,1931,1932,-1,1882,1932,1883,-1,1883,1932,1933,-1,1883,1933,1884,-1,1884,1933,1934,-1,1884,1934,1885,-1,1885,1934,1935,-1,1885,1935,1886,-1,1886,1935,1936,-1,1886,1936,1887,-1,1887,1936,1937,-1,1887,1937,1888,-1,1888,1937,1938,-1,1888,1938,1889,-1,1889,1938,1939,-1,1889,1939,1890,-1,1890,1939,1940,-1,1890,1940,1891,-1,1891,1940,1941,-1,1891,1941,1892,-1,1892,1941,1942,-1,1892,1942,1893,-1,1893,1942,1943,-1,1893,1943,1894,-1,1894,1943,1944,-1,1894,1944,1895,-1,1895,1944,1945,-1,1895,1945,1896,-1,1896,1945,1946,-1,1896,1946,1897,-1,1897,1946,1947,-1,1897,1947,1898,-1,1898,1947,1948,-1,1898,1948,1899,-1,1899,1948,1949,-1,1899,1949,1900,-1,1560,1262,1565,-1,1565,1262,1950,-1,1565,1950,1901,-1,1901,1950,1951,-1,1901,1951,1902,-1,1902,1951,1952,-1,1902,1952,1903,-1,1903,1952,1953,-1,1903,1953,1904,-1,1904,1953,1954,-1,1904,1954,1905,-1,1905,1954,1955,-1,1905,1955,1906,-1,1906,1955,1956,-1,1906,1956,1907,-1,1907,1956,1957,-1,1907,1957,1908,-1,1908,1957,1958,-1,1908,1958,1909,-1,1909,1958,1959,-1,1909,1959,1910,-1,1910,1959,1960,-1,1910,1960,1911,-1,1911,1960,1961,-1,1911,1961,1912,-1,1912,1961,1962,-1,1912,1962,1913,-1,1913,1962,1963,-1,1913,1963,1914,-1,1914,1963,1964,-1,1914,1964,1915,-1,1915,1964,1965,-1,1915,1965,1916,-1,1916,1965,1966,-1,1916,1966,1917,-1,1917,1966,1967,-1,1917,1967,1918,-1,1918,1967,1968,-1,1918,1968,1919,-1,1919,1968,1969,-1,1919,1969,1920,-1,1920,1969,1970,-1,1920,1970,1921,-1,1921,1970,1971,-1,1921,1971,1922,-1,1922,1971,1972,-1,1922,1972,1923,-1,1923,1972,1973,-1,1923,1973,1924,-1,1924,1973,1974,-1,1924,1974,1925,-1,1925,1974,1975,-1,1925,1975,1926,-1,1926,1975,1976,-1,1926,1976,1927,-1,1927,1976,1977,-1,1927,1977,1928,-1,1928,1977,1978,-1,1928,1978,1929,-1,1929,1978,1979,-1,1929,1979,1930,-1,1930,1979,1980,-1,1930,1980,1931,-1,1931,1980,1981,-1,1931,1981,1932,-1,1932,1981,1982,-1,1932,1982,1933,-1,1933,1982,1983,-1,1933,1983,1934,-1,1934,1983,1984,-1,1934,1984,1935,-1,1935,1984,1985,-1,1935,1985,1936,-1,1936,1985,1986,-1,1936,1986,1937,-1,1937,1986,1987,-1,1937,1987,1938,-1,1938,1987,1988,-1,1938,1988,1939,-1,1939,1988,1989,-1,1939,1989,1940,-1,1940,1989,1990,-1,1940,1990,1941,-1,1941,1990,1991,-1,1941,1991,1942,-1,1942,1991,1992,-1,1942,1992,1943,-1,1943,1992,1993,-1,1943,1993,1944,-1,1944,1993,1994,-1,1944,1994,1945,-1,1945,1994,1995,-1,1945,1995,1946,-1,1946,1995,1996,-1,1946,1996,1947,-1,1947,1996,1997,-1,1947,1997,1948,-1,1948,1997,1998,-1,1948,1998,1949,-1,1261,1557,1262,-1,1262,1557,1999,-1,1262,1999,1950,-1,1950,1999,2000,-1,1950,2000,1951,-1,1951,2000,2001,-1,1951,2001,1952,-1,1952,2001,2002,-1,1952,2002,1953,-1,1953,2002,2003,-1,1953,2003,1954,-1,1954,2003,2004,-1,1954,2004,1955,-1,1955,2004,2005,-1,1955,2005,1956,-1,1956,2005,2006,-1,1956,2006,1957,-1,1957,2006,2007,-1,1957,2007,1958,-1,1958,2007,2008,-1,1958,2008,1959,-1,1959,2008,2009,-1,1959,2009,1960,-1,1960,2009,2010,-1,1960,2010,1961,-1,1961,2010,2011,-1,1961,2011,1962,-1,1962,2011,2012,-1,1962,2012,1963,-1,1963,2012,2013,-1,1963,2013,1964,-1,1964,2013,2014,-1,1964,2014,1965,-1,1965,2014,2015,-1,1965,2015,1966,-1,1966,2015,2016,-1,1966,2016,1967,-1,1967,2016,2017,-1,1967,2017,1968,-1,1968,2017,2018,-1,1968,2018,1969,-1,1969,2018,2019,-1,1969,2019,1970,-1,1970,2019,2020,-1,1970,2020,1971,-1,1971,2020,2021,-1,1971,2021,1972,-1,1972,2021,2022,-1,1972,2022,1973,-1,1973,2022,2023,-1,1973,2023,1974,-1,1974,2023,2024,-1,1974,2024,1975,-1,1975,2024,2025,-1,1975,2025,1976,-1,1976,2025,2026,-1,1976,2026,1977,-1,1977,2026,2027,-1,1977,2027,1978,-1,1978,2027,2028,-1,1978,2028,1979,-1,1979,2028,2029,-1,1979,2029,1980,-1,1980,2029,2030,-1,1980,2030,1981,-1,1981,2030,2031,-1,1981,2031,1982,-1,1982,2031,2032,-1,1982,2032,1983,-1,1983,2032,2033,-1,1983,2033,1984,-1,1984,2033,2034,-1,1984,2034,1985,-1,1985,2034,2035,-1,1985,2035,1986,-1,1986,2035,2036,-1,1986,2036,1987,-1,1987,2036,2037,-1,1987,2037,1988,-1,1988,2037,2038,-1,1988,2038,1989,-1,1989,2038,2039,-1,1989,2039,1990,-1,1990,2039,2040,-1,1990,2040,1991,-1,1991,2040,2041,-1,1991,2041,1992,-1,1992,2041,2042,-1,1992,2042,1993,-1,1993,2042,2043,-1,1993,2043,1994,-1,1994,2043,2044,-1,1994,2044,1995,-1,1995,2044,2045,-1,1995,2045,1996,-1,1996,2045,2046,-1,1996,2046,1997,-1,1997,2046,2047,-1,1997,2047,1998,-1,1550,1552,1557,-1,1557,1552,2048,-1,1557,2048,1999,-1,1999,2048,2049,-1,1999,2049,2000,-1,2000,2049,2050,-1,2000,2050,2001,-1,2001,2050,2051,-1,2001,2051,2002,-1,2002,2051,2052,-1,2002,2052,2003,-1,2003,2052,2053,-1,2003,2053,2004,-1,2004,2053,2054,-1,2004,2054,2005,-1,2005,2054,2055,-1,2005,2055,2006,-1,2006,2055,2056,-1,2006,2056,2007,-1,2007,2056,2057,-1,2007,2057,2008,-1,2008,2057,2058,-1,2008,2058,2009,-1,2009,2058,2059,-1,2009,2059,2010,-1,2010,2059,2060,-1,2010,2060,2011,-1,2011,2060,2061,-1,2011,2061,2012,-1,2012,2061,2062,-1,2012,2062,2013,-1,2013,2062,2063,-1,2013,2063,2014,-1,2014,2063,2064,-1,2014,2064,2015,-1,2015,2064,2065,-1,2015,2065,2016,-1,2016,2065,2066,-1,2016,2066,2017,-1,2017,2066,2067,-1,2017,2067,2018,-1,2018,2067,2068,-1,2018,2068,2019,-1,2019,2068,2069,-1,2019,2069,2020,-1,2020,2069,2070,-1,2020,2070,2021,-1,2021,2070,2071,-1,2021,2071,2022,-1,2022,2071,2072,-1,2022,2072,2023,-1,2023,2072,2073,-1,2023,2073,2024,-1,2024,2073,2074,-1,2024,2074,2025,-1,2025,2074,2075,-1,2025,2075,2026,-1,2026,2075,2076,-1,2026,2076,2027,-1,2027,2076,2077,-1,2027,2077,2028,-1,2028,2077,2078,-1,2028,2078,2029,-1,2029,2078,2079,-1,2029,2079,2030,-1,2030,2079,2080,-1,2030,2080,2031,-1,2031,2080,2081,-1,2031,2081,2032,-1,2032,2081,2082,-1,2032,2082,2033,-1,2033,2082,2083,-1,2033,2083,2034,-1,2034,2083,2084,-1,2034,2084,2035,-1,2035,2084,2085,-1,2035,2085,2036,-1,2036,2085,2086,-1,2036,2086,2037,-1,2037,2086,2087,-1,2037,2087,2038,-1,2038,2087,2088,-1,2038,2088,2039,-1,2039,2088,2089,-1,2039,2089,2040,-1,2040,2089,2090,-1,2040,2090,2041,-1,2041,2090,2091,-1,2041,2091,2042,-1,2042,2091,2092,-1,2042,2092,2043,-1,2043,2092,2093,-1,2043,2093,2044,-1,2044,2093,2094,-1,2044,2094,2045,-1,2045,2094,1370,-1,2045,1370,2046,-1,2046,1370,1373,-1,2046,1373,2047,-1,2095,2096,2097,-1,2097,2096,2098,-1,2097,2098,2099,-1,2099,2098,2100,-1,2099,2100,2101,-1,2101,2100,2102,-1,2101,2102,2103,-1,2103,2102,2104,-1,2103,2104,2105,-1,2105,2104,2106,-1,2105,2106,2107,-1,2107,2106,2108,-1,2107,2108,2109,-1,2109,2108,2110,-1,2109,2110,2111,-1,2111,2110,2112,-1,2111,2112,2113,-1,2113,2112,2114,-1,2113,2114,1360,-1,1360,2114,1289,-1,1360,1289,1358,-1,1358,1289,1288,-1,2096,1698,2098,-1,2098,1698,1697,-1,2098,1697,2100,-1,2100,1697,1749,-1,2100,1749,2102,-1,2102,1749,1798,-1,2102,1798,2104,-1,2104,1798,1851,-1,2104,1851,2106,-1,2106,1851,1900,-1,2106,1900,2108,-1,2108,1900,1949,-1,2108,1949,2110,-1,2110,1949,1998,-1,2110,1998,2112,-1,2112,1998,2047,-1,2112,2047,2114,-1,2114,2047,1373,-1,2114,1373,1289,-1,1289,1373,1378,-1,1289,1378,1367,-1,1367,1378,1379,-1,1264,1547,1265,-1,1265,1547,2115,-1,1265,2115,1552,-1,1552,2115,2116,-1,1552,2116,2048,-1,2048,2116,2117,-1,2048,2117,2049,-1,2049,2117,2118,-1,2049,2118,2050,-1,2050,2118,2119,-1,2050,2119,2051,-1,2051,2119,2120,-1,2051,2120,2052,-1,2052,2120,2121,-1,2052,2121,2053,-1,2053,2121,2122,-1,2053,2122,2054,-1,2054,2122,2123,-1,2054,2123,2055,-1,2055,2123,2124,-1,2055,2124,2056,-1,2056,2124,2125,-1,2056,2125,2057,-1,2057,2125,2126,-1,2057,2126,2058,-1,2058,2126,2127,-1,2058,2127,2059,-1,2059,2127,2128,-1,2059,2128,2060,-1,2060,2128,2129,-1,2060,2129,2061,-1,2061,2129,2130,-1,2061,2130,2062,-1,2062,2130,2131,-1,2062,2131,2063,-1,2063,2131,2132,-1,2063,2132,2064,-1,2064,2132,2133,-1,2064,2133,2065,-1,2065,2133,2134,-1,2065,2134,2066,-1,2066,2134,2135,-1,2066,2135,2067,-1,2067,2135,2136,-1,2067,2136,2068,-1,2068,2136,2137,-1,2068,2137,2069,-1,2069,2137,2138,-1,2069,2138,2070,-1,2070,2138,2139,-1,2070,2139,2071,-1,2071,2139,2140,-1,2071,2140,2072,-1,2072,2140,2141,-1,2072,2141,2073,-1,2073,2141,2142,-1,2073,2142,2074,-1,2074,2142,2143,-1,2074,2143,2075,-1,2075,2143,2144,-1,2075,2144,2076,-1,2076,2144,2145,-1,2076,2145,2077,-1,2077,2145,2146,-1,2077,2146,2078,-1,2078,2146,2147,-1,2078,2147,2079,-1,2079,2147,2148,-1,2079,2148,2080,-1,2080,2148,2149,-1,2080,2149,2081,-1,2081,2149,2150,-1,2081,2150,2082,-1,2082,2150,2151,-1,2082,2151,2083,-1,2083,2151,2152,-1,2083,2152,2084,-1,2084,2152,2153,-1,2084,2153,2085,-1,2085,2153,2154,-1,2085,2154,2086,-1,2086,2154,2155,-1,2086,2155,2087,-1,2087,2155,2156,-1,2087,2156,2088,-1,2088,2156,2157,-1,2088,2157,2089,-1,2089,2157,2158,-1,2089,2158,2090,-1,2090,2158,2159,-1,2090,2159,2091,-1,2091,2159,1389,-1,2091,1389,2092,-1,2092,1389,1385,-1,2092,1385,2093,-1,2093,1385,1286,-1,2093,1286,2094,-1,2094,1286,1285,-1,2094,1285,1370,-1,1370,1285,2160,-1,1370,2160,1371,-1,1515,1498,1513,-1,1513,1498,1500,-1,1513,1500,1508,-1,1508,1500,2161,-1,2162,2095,2163,-1,2163,2095,2097,-1,2163,2097,2164,-1,2164,2097,2099,-1,2164,2099,2165,-1,2165,2099,2101,-1,2165,2101,2166,-1,2166,2101,2103,-1,2166,2103,2167,-1,2167,2103,2105,-1,2167,2105,2168,-1,2168,2105,2107,-1,2168,2107,2169,-1,2169,2107,2109,-1,2169,2109,2170,-1,2170,2109,2111,-1,2170,2111,2171,-1,2171,2111,2113,-1,2171,2113,2172,-1,2172,2113,1360,-1,2172,1360,1352,-1,1352,1360,1364,-1,1352,1364,1350,-1,1350,1364,1366,-1,1544,1543,1547,-1,1547,1543,2173,-1,1547,2173,2115,-1,2115,2173,2174,-1,2115,2174,2116,-1,2116,2174,2175,-1,2116,2175,2117,-1,2117,2175,2176,-1,2117,2176,2118,-1,2118,2176,2177,-1,2118,2177,2119,-1,2119,2177,2178,-1,2119,2178,2120,-1,2120,2178,2179,-1,2120,2179,2121,-1,2121,2179,2180,-1,2121,2180,2122,-1,2122,2180,2181,-1,2122,2181,2123,-1,2123,2181,2182,-1,2123,2182,2124,-1,2124,2182,2183,-1,2124,2183,2125,-1,2125,2183,2184,-1,2125,2184,2126,-1,2126,2184,2185,-1,2126,2185,2127,-1,2127,2185,2186,-1,2127,2186,2128,-1,2128,2186,2187,-1,2128,2187,2129,-1,2129,2187,2188,-1,2129,2188,2130,-1,2130,2188,2189,-1,2130,2189,2131,-1,2131,2189,2190,-1,2131,2190,2132,-1,2132,2190,2191,-1,2132,2191,2133,-1,2133,2191,2192,-1,2133,2192,2134,-1,2134,2192,2193,-1,2134,2193,2135,-1,2135,2193,2194,-1,2135,2194,2136,-1,2136,2194,2195,-1,2136,2195,2137,-1,2137,2195,2196,-1,2137,2196,2138,-1,2138,2196,2197,-1,2138,2197,2139,-1,2139,2197,2198,-1,2139,2198,2140,-1,2140,2198,2199,-1,2140,2199,2141,-1,2141,2199,2200,-1,2141,2200,2142,-1,2142,2200,2201,-1,2142,2201,2143,-1,2143,2201,2202,-1,2143,2202,2144,-1,2144,2202,2203,-1,2144,2203,2145,-1,2145,2203,2204,-1,2145,2204,2146,-1,2146,2204,2205,-1,2146,2205,2147,-1,2147,2205,2206,-1,2147,2206,2148,-1,2148,2206,2207,-1,2148,2207,2149,-1,2149,2207,2208,-1,2149,2208,2150,-1,2150,2208,2209,-1,2150,2209,2151,-1,2151,2209,2210,-1,2151,2210,2152,-1,2152,2210,2211,-1,2152,2211,2153,-1,2153,2211,2212,-1,2153,2212,2154,-1,2154,2212,2213,-1,2154,2213,2155,-1,2155,2213,2214,-1,2155,2214,2156,-1,2156,2214,2215,-1,2156,2215,2157,-1,2157,2215,2216,-1,2157,2216,2158,-1,2158,2216,2217,-1,2158,2217,2159,-1,2159,2217,1394,-1,2159,1394,1389,-1,1389,1394,1397,-1,1389,1397,1390,-1,1519,1521,1528,-1,1528,1521,1506,-1,1528,1506,2218,-1,2218,1506,1508,-1,2218,1508,2219,-1,2219,1508,2161,-1,2219,2161,2220,-1,1799,2221,1800,-1,1800,2221,2222,-1,1800,2222,1801,-1,1801,2222,2223,-1,1801,2223,1802,-1,1802,2223,2224,-1,1802,2224,1477,-1,1477,2224,2225,-1,1477,2225,1474,-1,1474,2225,2226,-1,1474,2226,1472,-1,1472,2226,2227,-1,1472,2227,1480,-1,1480,2227,2228,-1,1480,2228,1489,-1,1489,2228,2229,-1,1489,2229,1492,-1,1492,2229,2230,-1,1492,2230,1500,-1,1500,2230,2231,-1,1500,2231,2161,-1,2161,2231,2232,-1,2161,2232,2220,-1,2220,2232,2233,-1,2221,2234,2222,-1,2222,2234,2235,-1,2222,2235,2223,-1,2223,2235,2236,-1,2223,2236,2224,-1,2224,2236,2237,-1,2224,2237,2225,-1,2225,2237,2238,-1,2225,2238,2226,-1,2226,2238,2239,-1,2226,2239,2227,-1,2227,2239,2240,-1,2227,2240,2228,-1,2228,2240,2241,-1,2228,2241,2229,-1,2229,2241,2242,-1,2229,2242,2230,-1,2230,2242,2243,-1,2230,2243,2231,-1,2231,2243,2244,-1,2231,2244,2232,-1,2232,2244,2245,-1,2232,2245,2233,-1,2233,2245,2246,-1,2234,2247,2235,-1,2235,2247,2248,-1,2235,2248,2236,-1,2236,2248,2249,-1,2236,2249,2237,-1,2237,2249,2250,-1,2237,2250,2238,-1,2238,2250,2251,-1,2238,2251,2239,-1,2239,2251,2252,-1,2239,2252,2240,-1,2240,2252,2253,-1,2240,2253,2241,-1,2241,2253,2254,-1,2241,2254,2242,-1,2242,2254,2255,-1,2242,2255,2243,-1,2243,2255,2256,-1,2243,2256,2244,-1,2244,2256,2257,-1,2244,2257,2245,-1,2245,2257,2258,-1,2245,2258,2246,-1,2246,2258,2259,-1,2247,2260,2248,-1,2248,2260,2261,-1,2248,2261,2249,-1,2249,2261,2262,-1,2249,2262,2250,-1,2250,2262,2263,-1,2250,2263,2251,-1,2251,2263,2264,-1,2251,2264,2252,-1,2252,2264,2265,-1,2252,2265,2253,-1,2253,2265,2266,-1,2253,2266,2254,-1,2254,2266,2267,-1,2254,2267,2255,-1,2255,2267,2268,-1,2255,2268,2256,-1,2256,2268,2269,-1,2256,2269,2257,-1,2257,2269,2270,-1,2257,2270,2258,-1,2258,2270,2271,-1,2258,2271,2259,-1,2259,2271,2272,-1,2260,2162,2261,-1,2261,2162,2163,-1,2261,2163,2262,-1,2262,2163,2164,-1,2262,2164,2263,-1,2263,2164,2165,-1,2263,2165,2264,-1,2264,2165,2166,-1,2264,2166,2265,-1,2265,2166,2167,-1,2265,2167,2266,-1,2266,2167,2168,-1,2266,2168,2267,-1,2267,2168,2169,-1,2267,2169,2268,-1,2268,2169,2170,-1,2268,2170,2269,-1,2269,2170,2171,-1,2269,2171,2270,-1,2270,2171,2172,-1,2270,2172,2271,-1,2271,2172,1352,-1,2271,1352,2272,-1,2272,1352,1348,-1,1524,1526,1267,-1,1267,1526,2273,-1,1267,2273,1268,-1,1268,2273,2274,-1,1268,2274,1536,-1,1536,2274,2275,-1,1536,2275,1543,-1,1543,2275,2276,-1,1543,2276,2173,-1,2173,2276,2277,-1,2173,2277,2174,-1,2174,2277,2278,-1,2174,2278,2175,-1,2175,2278,2279,-1,2175,2279,2176,-1,2176,2279,2280,-1,2176,2280,2177,-1,2177,2280,2281,-1,2177,2281,2178,-1,2178,2281,2282,-1,2178,2282,2179,-1,2179,2282,2283,-1,2179,2283,2180,-1,2180,2283,2284,-1,2180,2284,2181,-1,2181,2284,2285,-1,2181,2285,2182,-1,2182,2285,2286,-1,2182,2286,2183,-1,2183,2286,2287,-1,2183,2287,2184,-1,2184,2287,2288,-1,2184,2288,2185,-1,2185,2288,2289,-1,2185,2289,2186,-1,2186,2289,2290,-1,2186,2290,2187,-1,2187,2290,2291,-1,2187,2291,2188,-1,2188,2291,2292,-1,2188,2292,2189,-1,2189,2292,2293,-1,2189,2293,2190,-1,2190,2293,2294,-1,2190,2294,2191,-1,2191,2294,2295,-1,2191,2295,2192,-1,2192,2295,2296,-1,2192,2296,2193,-1,2193,2296,2297,-1,2193,2297,2194,-1,2194,2297,2298,-1,2194,2298,2195,-1,2195,2298,2299,-1,2195,2299,2196,-1,2196,2299,2300,-1,2196,2300,2197,-1,2197,2300,2301,-1,2197,2301,2198,-1,2198,2301,2302,-1,2198,2302,2199,-1,2199,2302,2303,-1,2199,2303,2200,-1,2200,2303,2304,-1,2200,2304,2201,-1,2201,2304,2305,-1,2201,2305,2202,-1,2202,2305,2306,-1,2202,2306,2203,-1,2203,2306,2307,-1,2203,2307,2204,-1,2204,2307,2308,-1,2204,2308,2205,-1,2205,2308,2309,-1,2205,2309,2206,-1,2206,2309,2310,-1,2206,2310,2207,-1,2207,2310,2311,-1,2207,2311,2208,-1,2208,2311,2312,-1,2208,2312,2209,-1,2209,2312,2313,-1,2209,2313,2210,-1,2210,2313,2314,-1,2210,2314,2211,-1,2211,2314,2315,-1,2211,2315,2212,-1,2212,2315,2316,-1,2212,2316,2213,-1,2213,2316,2317,-1,2213,2317,2214,-1,2214,2317,2318,-1,2214,2318,2215,-1,2215,2318,2319,-1,2215,2319,2216,-1,2216,2319,1400,-1,2216,1400,2217,-1,2217,1400,1283,-1,2217,1283,1394,-1,1394,1283,1282,-1,1394,1282,1392,-1,1290,1292,1348,-1,1348,1292,2320,-1,1348,2320,2272,-1,2272,2320,2321,-1,2272,2321,2259,-1,2259,2321,2322,-1,2259,2322,2246,-1,2246,2322,2323,-1,2246,2323,2233,-1,2233,2323,2324,-1,2233,2324,2220,-1,2220,2324,2325,-1,2220,2325,2219,-1,2219,2325,2326,-1,2219,2326,2218,-1,2218,2326,2327,-1,2218,2327,1528,-1,1528,2327,2328,-1,1528,2328,1526,-1,1526,2328,2329,-1,1526,2329,2273,-1,2273,2329,2330,-1,2273,2330,2274,-1,2274,2330,2331,-1,2274,2331,2275,-1,2275,2331,2332,-1,2275,2332,2276,-1,2276,2332,2333,-1,2276,2333,2277,-1,2277,2333,2334,-1,2277,2334,2278,-1,2278,2334,2335,-1,2278,2335,2279,-1,2279,2335,2336,-1,2279,2336,2280,-1,2280,2336,2337,-1,2280,2337,2281,-1,2281,2337,2338,-1,2281,2338,2282,-1,2282,2338,2339,-1,2282,2339,2283,-1,2283,2339,2340,-1,2283,2340,2284,-1,2284,2340,2341,-1,2284,2341,2285,-1,2285,2341,2342,-1,2285,2342,2286,-1,2286,2342,2343,-1,2286,2343,2287,-1,2287,2343,2344,-1,2287,2344,2288,-1,2288,2344,2345,-1,2288,2345,2289,-1,2289,2345,2346,-1,2289,2346,2290,-1,2290,2346,2347,-1,2290,2347,2291,-1,2291,2347,2348,-1,2291,2348,2292,-1,2292,2348,2349,-1,2292,2349,2293,-1,2293,2349,2350,-1,2293,2350,2294,-1,2294,2350,2351,-1,2294,2351,2295,-1,2295,2351,2352,-1,2295,2352,2296,-1,2296,2352,2353,-1,2296,2353,2297,-1,2297,2353,2354,-1,2297,2354,2298,-1,2298,2354,2355,-1,2298,2355,2299,-1,2299,2355,2356,-1,2299,2356,2300,-1,2300,2356,2357,-1,2300,2357,2301,-1,2301,2357,2358,-1,2301,2358,2302,-1,2302,2358,2359,-1,2302,2359,2303,-1,2303,2359,2360,-1,2303,2360,2304,-1,2304,2360,2361,-1,2304,2361,2305,-1,2305,2361,2362,-1,2305,2362,2306,-1,2306,2362,2363,-1,2306,2363,2307,-1,2307,2363,2364,-1,2307,2364,2308,-1,2308,2364,2365,-1,2308,2365,2309,-1,2309,2365,2366,-1,2309,2366,2310,-1,2310,2366,2367,-1,2310,2367,2311,-1,2311,2367,2368,-1,2311,2368,2312,-1,2312,2368,2369,-1,2312,2369,2313,-1,2313,2369,2370,-1,2313,2370,2314,-1,2314,2370,2371,-1,2314,2371,2315,-1,2315,2371,2372,-1,2315,2372,2316,-1,2316,2372,2373,-1,2316,2373,2317,-1,2317,2373,2374,-1,2317,2374,2318,-1,2318,2374,2375,-1,2318,2375,2319,-1,2319,2375,1405,-1,2319,1405,1400,-1,1400,1405,1407,-1,1400,1407,1398,-1,1340,1342,1292,-1,1292,1342,2376,-1,1292,2376,2320,-1,2320,2376,2377,-1,2320,2377,2321,-1,2321,2377,2378,-1,2321,2378,2322,-1,2322,2378,2379,-1,2322,2379,2323,-1,2323,2379,2380,-1,2323,2380,2324,-1,2324,2380,2381,-1,2324,2381,2325,-1,2325,2381,2382,-1,2325,2382,2326,-1,2326,2382,2383,-1,2326,2383,2327,-1,2327,2383,2384,-1,2327,2384,2328,-1,2328,2384,2385,-1,2328,2385,2329,-1,2329,2385,2386,-1,2329,2386,2330,-1,2330,2386,2387,-1,2330,2387,2331,-1,2331,2387,2388,-1,2331,2388,2332,-1,2332,2388,2389,-1,2332,2389,2333,-1,2333,2389,2390,-1,2333,2390,2334,-1,2334,2390,2391,-1,2334,2391,2335,-1,2335,2391,2392,-1,2335,2392,2336,-1,2336,2392,2393,-1,2336,2393,2337,-1,2337,2393,2394,-1,2337,2394,2338,-1,2338,2394,2395,-1,2338,2395,2339,-1,2339,2395,2396,-1,2339,2396,2340,-1,2340,2396,2397,-1,2340,2397,2341,-1,2341,2397,2398,-1,2341,2398,2342,-1,2342,2398,2399,-1,2342,2399,2343,-1,2343,2399,2400,-1,2343,2400,2344,-1,2344,2400,2401,-1,2344,2401,2345,-1,2345,2401,2402,-1,2345,2402,2346,-1,2346,2402,2403,-1,2346,2403,2347,-1,2347,2403,2404,-1,2347,2404,2348,-1,2348,2404,2405,-1,2348,2405,2349,-1,2349,2405,2406,-1,2349,2406,2350,-1,2350,2406,2407,-1,2350,2407,2351,-1,2351,2407,2408,-1,2351,2408,2352,-1,2352,2408,2409,-1,2352,2409,2353,-1,2353,2409,2410,-1,2353,2410,2354,-1,2354,2410,2411,-1,2354,2411,2355,-1,2355,2411,2412,-1,2355,2412,2356,-1,2356,2412,2413,-1,2356,2413,2357,-1,2357,2413,2414,-1,2357,2414,2358,-1,2358,2414,2415,-1,2358,2415,2359,-1,2359,2415,2416,-1,2359,2416,2360,-1,2360,2416,2417,-1,2360,2417,2361,-1,2361,2417,2418,-1,2361,2418,2362,-1,2362,2418,2419,-1,2362,2419,2363,-1,2363,2419,2420,-1,2363,2420,2364,-1,2364,2420,2421,-1,2364,2421,2365,-1,2365,2421,2422,-1,2365,2422,2366,-1,2366,2422,2423,-1,2366,2423,2367,-1,2367,2423,2424,-1,2367,2424,2368,-1,2368,2424,2425,-1,2368,2425,2369,-1,2369,2425,2426,-1,2369,2426,2370,-1,2370,2426,2427,-1,2370,2427,2371,-1,2371,2427,2428,-1,2371,2428,2372,-1,2372,2428,2429,-1,2372,2429,2373,-1,2373,2429,2430,-1,2373,2430,2374,-1,2374,2430,2431,-1,2374,2431,2375,-1,2375,2431,1414,-1,2375,1414,1405,-1,1405,1414,1416,-1,1405,1416,1403,-1,1336,1330,1342,-1,1342,1330,2432,-1,1342,2432,2376,-1,2376,2432,2433,-1,2376,2433,2377,-1,2377,2433,2434,-1,2377,2434,2378,-1,2378,2434,2435,-1,2378,2435,2379,-1,2379,2435,2436,-1,2379,2436,2380,-1,2380,2436,2437,-1,2380,2437,2381,-1,2381,2437,2438,-1,2381,2438,2382,-1,2382,2438,2439,-1,2382,2439,2383,-1,2383,2439,2440,-1,2383,2440,2384,-1,2384,2440,2441,-1,2384,2441,2385,-1,2385,2441,2442,-1,2385,2442,2386,-1,2386,2442,2443,-1,2386,2443,2387,-1,2387,2443,2444,-1,2387,2444,2388,-1,2388,2444,2445,-1,2388,2445,2389,-1,2389,2445,2446,-1,2389,2446,2390,-1,2390,2446,2447,-1,2390,2447,2391,-1,2391,2447,2448,-1,2391,2448,2392,-1,2392,2448,2449,-1,2392,2449,2393,-1,2393,2449,2450,-1,2393,2450,2394,-1,2394,2450,2451,-1,2394,2451,2395,-1,2395,2451,2452,-1,2395,2452,2396,-1,2396,2452,2453,-1,2396,2453,2397,-1,2397,2453,2454,-1,2397,2454,2398,-1,2398,2454,2455,-1,2398,2455,2399,-1,2399,2455,2456,-1,2399,2456,2400,-1,2400,2456,2457,-1,2400,2457,2401,-1,2401,2457,2458,-1,2401,2458,2402,-1,2402,2458,2459,-1,2402,2459,2403,-1,2403,2459,2460,-1,2403,2460,2404,-1,2404,2460,2461,-1,2404,2461,2405,-1,2405,2461,2462,-1,2405,2462,2406,-1,2406,2462,2463,-1,2406,2463,2407,-1,2407,2463,2464,-1,2407,2464,2408,-1,2408,2464,2465,-1,2408,2465,2409,-1,2409,2465,2466,-1,2409,2466,2410,-1,2410,2466,2467,-1,2410,2467,2411,-1,2411,2467,2468,-1,2411,2468,2412,-1,2412,2468,2469,-1,2412,2469,2413,-1,2413,2469,2470,-1,2413,2470,2414,-1,2414,2470,2471,-1,2414,2471,2415,-1,2415,2471,2472,-1,2415,2472,2416,-1,2416,2472,2473,-1,2416,2473,2417,-1,2417,2473,2474,-1,2417,2474,2418,-1,2418,2474,2475,-1,2418,2475,2419,-1,2419,2475,2476,-1,2419,2476,2420,-1,2420,2476,2477,-1,2420,2477,2421,-1,2421,2477,2478,-1,2421,2478,2422,-1,2422,2478,2479,-1,2422,2479,2423,-1,2423,2479,2480,-1,2423,2480,2424,-1,2424,2480,2481,-1,2424,2481,2425,-1,2425,2481,2482,-1,2425,2482,2426,-1,2426,2482,2483,-1,2426,2483,2427,-1,2427,2483,2484,-1,2427,2484,2428,-1,2428,2484,2485,-1,2428,2485,2429,-1,2429,2485,2486,-1,2429,2486,2430,-1,2430,2486,2487,-1,2430,2487,2431,-1,2431,2487,1410,-1,2431,1410,1414,-1,1414,1410,1411,-1,1414,1411,1412,-1,1332,1334,1330,-1,1330,1334,2488,-1,1330,2488,2432,-1,2432,2488,2489,-1,2432,2489,2433,-1,2433,2489,2490,-1,2433,2490,2434,-1,2434,2490,2491,-1,2434,2491,2435,-1,2435,2491,2492,-1,2435,2492,2436,-1,2436,2492,2493,-1,2436,2493,2437,-1,2437,2493,2494,-1,2437,2494,2438,-1,2438,2494,2495,-1,2438,2495,2439,-1,2439,2495,2496,-1,2439,2496,2440,-1,2440,2496,2497,-1,2440,2497,2441,-1,2441,2497,2498,-1,2441,2498,2442,-1,2442,2498,2499,-1,2442,2499,2443,-1,2443,2499,2500,-1,2443,2500,2444,-1,2444,2500,2501,-1,2444,2501,2445,-1,2445,2501,2502,-1,2445,2502,2446,-1,2446,2502,2503,-1,2446,2503,2447,-1,2447,2503,2504,-1,2447,2504,2448,-1,2448,2504,2505,-1,2448,2505,2449,-1,2449,2505,2506,-1,2449,2506,2450,-1,2450,2506,2507,-1,2450,2507,2451,-1,2451,2507,2508,-1,2451,2508,2452,-1,2452,2508,2509,-1,2452,2509,2453,-1,2453,2509,2510,-1,2453,2510,2454,-1,2454,2510,2511,-1,2454,2511,2455,-1,2455,2511,2512,-1,2455,2512,2456,-1,2456,2512,2513,-1,2456,2513,2457,-1,2457,2513,2514,-1,2457,2514,2458,-1,2458,2514,2515,-1,2458,2515,2459,-1,2459,2515,2516,-1,2459,2516,2460,-1,2460,2516,2517,-1,2460,2517,2461,-1,2461,2517,2518,-1,2461,2518,2462,-1,2462,2518,2519,-1,2462,2519,2463,-1,2463,2519,2520,-1,2463,2520,2464,-1,2464,2520,2521,-1,2464,2521,2465,-1,2465,2521,2522,-1,2465,2522,2466,-1,2466,2522,2523,-1,2466,2523,2467,-1,2467,2523,2524,-1,2467,2524,2468,-1,2468,2524,2525,-1,2468,2525,2469,-1,2469,2525,2526,-1,2469,2526,2470,-1,2470,2526,2527,-1,2470,2527,2471,-1,2471,2527,2528,-1,2471,2528,2472,-1,2472,2528,2529,-1,2472,2529,2473,-1,2473,2529,2530,-1,2473,2530,2474,-1,2474,2530,2531,-1,2474,2531,2475,-1,2475,2531,2532,-1,2475,2532,2476,-1,2476,2532,2533,-1,2476,2533,2477,-1,2477,2533,2534,-1,2477,2534,2478,-1,2478,2534,2535,-1,2478,2535,2479,-1,2479,2535,2536,-1,2479,2536,2480,-1,2480,2536,2537,-1,2480,2537,2481,-1,2481,2537,2538,-1,2481,2538,2482,-1,2482,2538,2539,-1,2482,2539,2483,-1,2483,2539,2540,-1,2483,2540,2484,-1,2484,2540,2541,-1,2484,2541,2485,-1,2485,2541,2542,-1,2485,2542,2486,-1,2486,2542,2543,-1,2486,2543,2487,-1,2487,2543,1419,-1,2487,1419,1410,-1,1410,1419,1420,-1,1410,1420,1408,-1,1325,1327,1334,-1,1334,1327,2544,-1,1334,2544,2488,-1,2488,2544,2545,-1,2488,2545,2489,-1,2489,2545,2546,-1,2489,2546,2490,-1,2490,2546,2547,-1,2490,2547,2491,-1,2491,2547,2548,-1,2491,2548,2492,-1,2492,2548,2549,-1,2492,2549,2493,-1,2493,2549,2550,-1,2493,2550,2494,-1,2494,2550,2551,-1,2494,2551,2495,-1,2495,2551,2552,-1,2495,2552,2496,-1,2496,2552,2553,-1,2496,2553,2497,-1,2497,2553,2554,-1,2497,2554,2498,-1,2498,2554,2555,-1,2498,2555,2499,-1,2499,2555,2556,-1,2499,2556,2500,-1,2500,2556,2557,-1,2500,2557,2501,-1,2501,2557,2558,-1,2501,2558,2502,-1,2502,2558,2559,-1,2502,2559,2503,-1,2503,2559,2560,-1,2503,2560,2504,-1,2504,2560,2561,-1,2504,2561,2505,-1,2505,2561,2562,-1,2505,2562,2506,-1,2506,2562,2563,-1,2506,2563,2507,-1,2507,2563,2564,-1,2507,2564,2508,-1,2508,2564,2565,-1,2508,2565,2509,-1,2509,2565,2566,-1,2509,2566,2510,-1,2510,2566,2567,-1,2510,2567,2511,-1,2511,2567,2568,-1,2511,2568,2512,-1,2512,2568,2569,-1,2512,2569,2513,-1,2513,2569,2570,-1,2513,2570,2514,-1,2514,2570,2571,-1,2514,2571,2515,-1,2515,2571,2572,-1,2515,2572,2516,-1,2516,2572,2573,-1,2516,2573,2517,-1,2517,2573,2574,-1,2517,2574,2518,-1,2518,2574,2575,-1,2518,2575,2519,-1,2519,2575,2576,-1,2519,2576,2520,-1,2520,2576,2577,-1,2520,2577,2521,-1,2521,2577,2578,-1,2521,2578,2522,-1,2522,2578,2579,-1,2522,2579,2523,-1,2523,2579,2580,-1,2523,2580,2524,-1,2524,2580,2581,-1,2524,2581,2525,-1,2525,2581,2582,-1,2525,2582,2526,-1,2526,2582,2583,-1,2526,2583,2527,-1,2527,2583,2584,-1,2527,2584,2528,-1,2528,2584,2585,-1,2528,2585,2529,-1,2529,2585,2586,-1,2529,2586,2530,-1,2530,2586,2587,-1,2530,2587,2531,-1,2531,2587,2588,-1,2531,2588,2532,-1,2532,2588,2589,-1,2532,2589,2533,-1,2533,2589,2590,-1,2533,2590,2534,-1,2534,2590,2591,-1,2534,2591,2535,-1,2535,2591,2592,-1,2535,2592,2536,-1,2536,2592,2593,-1,2536,2593,2537,-1,2537,2593,2594,-1,2537,2594,2538,-1,2538,2594,2595,-1,2538,2595,2539,-1,2539,2595,2596,-1,2539,2596,2540,-1,2540,2596,2597,-1,2540,2597,2541,-1,2541,2597,2598,-1,2541,2598,2542,-1,2542,2598,2599,-1,2542,2599,2543,-1,2543,2599,1423,-1,2543,1423,1419,-1,1419,1423,1424,-1,1419,1424,1417,-1,1294,1323,1295,-1,1295,1323,2600,-1,1295,2600,1327,-1,1327,2600,2601,-1,1327,2601,2544,-1,2544,2601,2602,-1,2544,2602,2545,-1,2545,2602,2603,-1,2545,2603,2546,-1,2546,2603,2604,-1,2546,2604,2547,-1,2547,2604,2605,-1,2547,2605,2548,-1,2548,2605,2606,-1,2548,2606,2549,-1,2549,2606,2607,-1,2549,2607,2550,-1,2550,2607,2608,-1,2550,2608,2551,-1,2551,2608,2609,-1,2551,2609,2552,-1,2552,2609,2610,-1,2552,2610,2553,-1,2553,2610,2611,-1,2553,2611,2554,-1,2554,2611,2612,-1,2554,2612,2555,-1,2555,2612,2613,-1,2555,2613,2556,-1,2556,2613,2614,-1,2556,2614,2557,-1,2557,2614,2615,-1,2557,2615,2558,-1,2558,2615,2616,-1,2558,2616,2559,-1,2559,2616,2617,-1,2559,2617,2560,-1,2560,2617,2618,-1,2560,2618,2561,-1,2561,2618,2619,-1,2561,2619,2562,-1,2562,2619,2620,-1,2562,2620,2563,-1,2563,2620,2621,-1,2563,2621,2564,-1,2564,2621,2622,-1,2564,2622,2565,-1,2565,2622,2623,-1,2565,2623,2566,-1,2566,2623,2624,-1,2566,2624,2567,-1,2567,2624,2625,-1,2567,2625,2568,-1,2568,2625,2626,-1,2568,2626,2569,-1,2569,2626,2627,-1,2569,2627,2570,-1,2570,2627,2628,-1,2570,2628,2571,-1,2571,2628,2629,-1,2571,2629,2572,-1,2572,2629,2630,-1,2572,2630,2573,-1,2573,2630,2631,-1,2573,2631,2574,-1,2574,2631,2632,-1,2574,2632,2575,-1,2575,2632,2633,-1,2575,2633,2576,-1,2576,2633,2634,-1,2576,2634,2577,-1,2577,2634,2635,-1,2577,2635,2578,-1,2578,2635,2636,-1,2578,2636,2579,-1,2579,2636,2637,-1,2579,2637,2580,-1,2580,2637,2638,-1,2580,2638,2581,-1,2581,2638,2639,-1,2581,2639,2582,-1,2582,2639,2640,-1,2582,2640,2583,-1,2583,2640,2641,-1,2583,2641,2584,-1,2584,2641,2642,-1,2584,2642,2585,-1,2585,2642,2643,-1,2585,2643,2586,-1,2586,2643,2644,-1,2586,2644,2587,-1,2587,2644,2645,-1,2587,2645,2588,-1,2588,2645,2646,-1,2588,2646,2589,-1,2589,2646,2647,-1,2589,2647,2590,-1,2590,2647,2648,-1,2590,2648,2591,-1,2591,2648,2649,-1,2591,2649,2592,-1,2592,2649,2650,-1,2592,2650,2593,-1,2593,2650,2651,-1,2593,2651,2594,-1,2594,2651,2652,-1,2594,2652,2595,-1,2595,2652,2653,-1,2595,2653,2596,-1,2596,2653,2654,-1,2596,2654,2597,-1,2597,2654,2655,-1,2597,2655,2598,-1,2598,2655,2656,-1,2598,2656,2599,-1,2599,2656,1427,-1,2599,1427,1423,-1,1423,1427,1429,-1,1423,1429,1421,-1,1321,1320,1323,-1,1323,1320,2657,-1,1323,2657,2600,-1,2600,2657,2658,-1,2600,2658,2601,-1,2601,2658,2659,-1,2601,2659,2602,-1,2602,2659,2660,-1,2602,2660,2603,-1,2603,2660,2661,-1,2603,2661,2604,-1,2604,2661,2662,-1,2604,2662,2605,-1,2605,2662,2663,-1,2605,2663,2606,-1,2606,2663,2664,-1,2606,2664,2607,-1,2607,2664,2665,-1,2607,2665,2608,-1,2608,2665,2666,-1,2608,2666,2609,-1,2609,2666,2667,-1,2609,2667,2610,-1,2610,2667,2668,-1,2610,2668,2611,-1,2611,2668,2669,-1,2611,2669,2612,-1,2612,2669,2670,-1,2612,2670,2613,-1,2613,2670,2671,-1,2613,2671,2614,-1,2614,2671,2672,-1,2614,2672,2615,-1,2615,2672,2673,-1,2615,2673,2616,-1,2616,2673,2674,-1,2616,2674,2617,-1,2617,2674,2675,-1,2617,2675,2618,-1,2618,2675,2676,-1,2618,2676,2619,-1,2619,2676,2677,-1,2619,2677,2620,-1,2620,2677,2678,-1,2620,2678,2621,-1,2621,2678,2679,-1,2621,2679,2622,-1,2622,2679,2680,-1,2622,2680,2623,-1,2623,2680,2681,-1,2623,2681,2624,-1,2624,2681,2682,-1,2624,2682,2625,-1,2625,2682,2683,-1,2625,2683,2626,-1,2626,2683,2684,-1,2626,2684,2627,-1,2627,2684,2685,-1,2627,2685,2628,-1,2628,2685,2686,-1,2628,2686,2629,-1,2629,2686,2687,-1,2629,2687,2630,-1,2630,2687,2688,-1,2630,2688,2631,-1,2631,2688,2689,-1,2631,2689,2632,-1,2632,2689,2690,-1,2632,2690,2633,-1,2633,2690,2691,-1,2633,2691,2634,-1,2634,2691,2692,-1,2634,2692,2635,-1,2635,2692,2693,-1,2635,2693,2636,-1,2636,2693,2694,-1,2636,2694,2637,-1,2637,2694,2695,-1,2637,2695,2638,-1,2638,2695,2696,-1,2638,2696,2639,-1,2639,2696,2697,-1,2639,2697,2640,-1,2640,2697,2698,-1,2640,2698,2641,-1,2641,2698,2699,-1,2641,2699,2642,-1,2642,2699,2700,-1,2642,2700,2643,-1,2643,2700,2701,-1,2643,2701,2644,-1,2644,2701,2702,-1,2644,2702,2645,-1,2645,2702,2703,-1,2645,2703,2646,-1,2646,2703,2704,-1,2646,2704,2647,-1,2647,2704,2705,-1,2647,2705,2648,-1,2648,2705,2706,-1,2648,2706,2649,-1,2649,2706,2707,-1,2649,2707,2650,-1,2650,2707,2708,-1,2650,2708,2651,-1,2651,2708,2709,-1,2651,2709,2652,-1,2652,2709,2710,-1,2652,2710,2653,-1,2653,2710,2711,-1,2653,2711,2654,-1,2654,2711,2712,-1,2654,2712,2655,-1,2655,2712,2713,-1,2655,2713,2656,-1,2656,2713,1431,-1,2656,1431,1427,-1,1427,1431,1430,-1,1427,1430,1425,-1,1309,1311,1314,-1,1314,1311,2714,-1,1314,2714,1320,-1,1320,2714,2715,-1,1320,2715,2657,-1,2657,2715,2716,-1,2657,2716,2658,-1,2658,2716,2717,-1,2658,2717,2659,-1,2659,2717,2718,-1,2659,2718,2660,-1,2660,2718,2719,-1,2660,2719,2661,-1,2661,2719,2720,-1,2661,2720,2662,-1,2662,2720,2721,-1,2662,2721,2663,-1,2663,2721,2722,-1,2663,2722,2664,-1,2664,2722,2723,-1,2664,2723,2665,-1,2665,2723,2724,-1,2665,2724,2666,-1,2666,2724,2725,-1,2666,2725,2667,-1,2667,2725,2726,-1,2667,2726,2668,-1,2668,2726,2727,-1,2668,2727,2669,-1,2669,2727,2728,-1,2669,2728,2670,-1,2670,2728,2729,-1,2670,2729,2671,-1,2671,2729,2730,-1,2671,2730,2672,-1,2672,2730,2731,-1,2672,2731,2673,-1,2673,2731,2732,-1,2673,2732,2674,-1,2674,2732,2733,-1,2674,2733,2675,-1,2675,2733,2734,-1,2675,2734,2676,-1,2676,2734,2735,-1,2676,2735,2677,-1,2677,2735,2736,-1,2677,2736,2678,-1,2678,2736,2737,-1,2678,2737,2679,-1,2679,2737,2738,-1,2679,2738,2680,-1,2680,2738,2739,-1,2680,2739,2681,-1,2681,2739,2740,-1,2681,2740,2682,-1,2682,2740,2741,-1,2682,2741,2683,-1,2683,2741,2742,-1,2683,2742,2684,-1,2684,2742,2743,-1,2684,2743,2685,-1,2685,2743,2744,-1,2685,2744,2686,-1,2686,2744,2745,-1,2686,2745,2687,-1,2687,2745,2746,-1,2687,2746,2688,-1,2688,2746,2747,-1,2688,2747,2689,-1,2689,2747,2748,-1,2689,2748,2690,-1,2690,2748,2749,-1,2690,2749,2691,-1,2691,2749,2750,-1,2691,2750,2692,-1,2692,2750,2751,-1,2692,2751,2693,-1,2693,2751,2752,-1,2693,2752,2694,-1,2694,2752,2753,-1,2694,2753,2695,-1,2695,2753,2754,-1,2695,2754,2696,-1,2696,2754,2755,-1,2696,2755,2697,-1,2697,2755,2756,-1,2697,2756,2698,-1,2698,2756,2757,-1,2698,2757,2699,-1,2699,2757,2758,-1,2699,2758,2700,-1,2700,2758,2759,-1,2700,2759,2701,-1,2701,2759,2760,-1,2701,2760,2702,-1,2702,2760,2761,-1,2702,2761,2703,-1,2703,2761,2762,-1,2703,2762,2704,-1,2704,2762,2763,-1,2704,2763,2705,-1,2705,2763,2764,-1,2705,2764,2706,-1,2706,2764,2765,-1,2706,2765,2707,-1,2707,2765,2766,-1,2707,2766,2708,-1,2708,2766,2767,-1,2708,2767,2709,-1,2709,2767,2768,-1,2709,2768,2710,-1,2710,2768,2769,-1,2710,2769,2711,-1,2711,2769,2770,-1,2711,2770,2712,-1,2712,2770,2771,-1,2712,2771,2713,-1,2713,2771,1434,-1,2713,1434,1431,-1,1431,1434,1436,-1,1431,1436,1433,-1,1299,1301,1298,-1,1298,1301,2772,-1,1298,2772,1311,-1,1311,2772,2773,-1,1311,2773,2714,-1,2714,2773,2774,-1,2714,2774,2715,-1,2715,2774,2775,-1,2715,2775,2716,-1,2716,2775,2776,-1,2716,2776,2717,-1,2717,2776,2777,-1,2717,2777,2718,-1,2718,2777,2778,-1,2718,2778,2719,-1,2719,2778,2779,-1,2719,2779,2720,-1,2720,2779,2780,-1,2720,2780,2721,-1,2721,2780,2781,-1,2721,2781,2722,-1,2722,2781,2782,-1,2722,2782,2723,-1,2723,2782,2783,-1,2723,2783,2724,-1,2724,2783,2784,-1,2724,2784,2725,-1,2725,2784,2785,-1,2725,2785,2726,-1,2726,2785,2786,-1,2726,2786,2727,-1,2727,2786,2787,-1,2727,2787,2728,-1,2728,2787,2788,-1,2728,2788,2729,-1,2729,2788,2789,-1,2729,2789,2730,-1,2730,2789,2790,-1,2730,2790,2731,-1,2731,2790,2791,-1,2731,2791,2732,-1,2732,2791,2792,-1,2732,2792,2733,-1,2733,2792,2793,-1,2733,2793,2734,-1,2734,2793,2794,-1,2734,2794,2735,-1,2735,2794,2795,-1,2735,2795,2736,-1,2736,2795,2796,-1,2736,2796,2737,-1,2737,2796,2797,-1,2737,2797,2738,-1,2738,2797,2798,-1,2738,2798,2739,-1,2739,2798,2799,-1,2739,2799,2740,-1,2740,2799,2800,-1,2740,2800,2741,-1,2741,2800,2801,-1,2741,2801,2742,-1,2742,2801,2802,-1,2742,2802,2743,-1,2743,2802,2803,-1,2743,2803,2744,-1,2744,2803,2804,-1,2744,2804,2745,-1,2745,2804,2805,-1,2745,2805,2746,-1,2746,2805,2806,-1,2746,2806,2747,-1,2747,2806,2807,-1,2747,2807,2748,-1,2748,2807,2808,-1,2748,2808,2749,-1,2749,2808,2809,-1,2749,2809,2750,-1,2750,2809,2810,-1,2750,2810,2751,-1,2751,2810,2811,-1,2751,2811,2752,-1,2752,2811,2812,-1,2752,2812,2753,-1,2753,2812,2813,-1,2753,2813,2754,-1,2754,2813,2814,-1,2754,2814,2755,-1,2755,2814,2815,-1,2755,2815,2756,-1,2756,2815,2816,-1,2756,2816,2757,-1,2757,2816,2817,-1,2757,2817,2758,-1,2758,2817,2818,-1,2758,2818,2759,-1,2759,2818,2819,-1,2759,2819,2760,-1,2760,2819,2820,-1,2760,2820,2761,-1,2761,2820,2821,-1,2761,2821,2762,-1,2762,2821,2822,-1,2762,2822,2763,-1,2763,2822,2823,-1,2763,2823,2764,-1,2764,2823,2824,-1,2764,2824,2765,-1,2765,2824,2825,-1,2765,2825,2766,-1,2766,2825,2826,-1,2766,2826,2767,-1,2767,2826,2827,-1,2767,2827,2768,-1,2768,2827,2828,-1,2768,2828,2769,-1,2769,2828,2829,-1,2769,2829,2770,-1,2770,2829,2830,-1,2770,2830,2771,-1,2771,2830,2831,-1,2771,2831,1434,-1,1434,2831,1441,-1,1434,1441,1280,-1,1280,1441,1445,-1,1280,1445,1437,-1,2832,2833,1670,-1,1670,2833,1668,-1,1668,2833,2834,-1,1668,2834,1666,-1,1666,2834,2835,-1,1666,2835,1664,-1,1664,2835,2836,-1,1664,2836,1662,-1,1662,2836,2837,-1,1662,2837,1660,-1,1670,1672,2832,-1,2832,1672,1674,-1,2832,1674,2838,-1,2838,1674,1676,-1,2838,1676,2839,-1,2837,2840,1660,-1,1660,2840,2841,-1,1660,2841,1658,-1,1658,2841,2842,-1,1658,2842,1656,-1,1656,2842,2843,-1,1656,2843,1654,-1,1654,2843,2844,-1,1654,2844,1652,-1,1652,2844,2845,-1,1652,2845,1650,-1,1650,2845,2846,-1,1650,2846,1648,-1,1648,2846,2847,-1,1648,2847,1646,-1,1646,2847,2848,-1,1646,2848,1644,-1,1644,2848,2849,-1,1644,2849,1642,-1,1642,2849,2850,-1,1642,2850,1640,-1,1446,1456,2851,-1,2839,1676,2852,-1,2852,1676,1678,-1,2852,1678,2853,-1,2853,1678,1680,-1,2853,1680,2854,-1,2854,1680,1682,-1,2854,1682,2855,-1,2855,1682,1684,-1,2855,1684,2856,-1,2856,1684,1686,-1,2856,1686,2857,-1,2857,1686,1688,-1,2857,1688,2858,-1,2858,1688,1690,-1,2858,1690,2851,-1,2850,2859,1640,-1,1640,2859,2860,-1,1640,2860,1638,-1,1638,2860,2861,-1,1638,2861,1636,-1,1636,2861,2862,-1,1636,2862,1634,-1,1634,2862,2863,-1,1634,2863,1632,-1,1632,2863,2864,-1,1632,2864,1630,-1,1630,2864,2865,-1,1630,2865,1628,-1,1628,2865,2866,-1,1628,2866,1626,-1,1626,2866,2867,-1,1690,1692,2851,-1,2851,1692,1694,-1,2851,1694,1696,-1,1696,1698,2851,-1,2851,1698,2096,-1,2851,2096,2095,-1,2095,2162,2851,-1,2851,2162,2260,-1,2851,2260,2247,-1,2247,2234,2851,-1,2851,2234,2221,-1,2851,2221,1799,-1,1799,1699,2851,-1,2851,1699,1599,-1,2851,1599,1446,-1,1593,1595,2867,-1,2867,1595,1600,-1,2867,1618,1620,-1,1620,1622,2867,-1,2867,1622,1624,-1,2867,1624,1626,-1,1600,1602,2867,-1,2867,1602,1604,-1,2867,1604,1606,-1,1606,1608,2867,-1,2867,1608,1610,-1,2867,1610,1612,-1,1612,1614,2867,-1,2867,1614,1616,-1,2867,1616,1618,-1,2868,2869,2870,-1,2871,2872,2873,-1,832,831,2874,-1,2875,2876,2877,-1,2878,2879,2880,-1,2881,2882,2883,-1,2884,2885,2886,-1,2884,2886,2887,-1,2888,2887,2889,-1,2888,2889,2890,-1,2891,2892,2889,-1,2892,2893,2889,-1,2889,2893,2894,-1,2889,2894,2890,-1,2895,2896,2897,-1,2897,2896,2898,-1,2899,2900,2901,-1,2901,2900,2902,-1,2901,2902,2903,-1,2904,2905,2901,-1,2901,2905,2906,-1,2901,2906,2899,-1,2907,2908,2904,-1,2904,2908,2909,-1,2904,2909,2905,-1,2910,2911,2912,-1,2912,2911,2913,-1,2912,2913,2914,-1,2915,2916,2913,-1,2913,2916,2917,-1,2913,2917,2914,-1,2918,2919,2915,-1,2915,2919,2920,-1,2915,2920,2916,-1,2921,2922,2923,-1,2923,2922,2924,-1,2923,2924,2925,-1,2926,2927,2928,-1,2928,2927,2929,-1,2928,2929,2923,-1,2923,2929,2930,-1,2923,2930,2921,-1,2931,2932,2933,-1,2933,2932,2934,-1,2933,2934,2935,-1,2935,2934,2936,-1,2882,2881,2934,-1,2934,2881,2937,-1,2934,2937,2936,-1,2880,2879,2938,-1,2938,2879,2939,-1,2938,2939,2940,-1,2941,2942,2943,-1,2943,2942,2944,-1,2943,2944,2880,-1,2880,2944,2945,-1,2880,2945,2878,-1,2946,2947,2948,-1,2948,2947,2949,-1,2948,2949,2950,-1,2951,2952,2946,-1,2946,2952,2953,-1,2946,2953,2947,-1,2954,2955,2956,-1,2956,2955,2957,-1,2956,2957,2958,-1,2877,2876,2956,-1,2956,2876,2959,-1,2956,2959,2954,-1,2960,2961,2962,-1,2962,2961,2963,-1,2962,2963,2877,-1,2877,2963,2964,-1,2877,2964,2875,-1,2965,2966,2967,-1,2967,2966,2968,-1,2967,2968,2969,-1,2965,2970,2971,-1,2971,2972,2965,-1,2965,2972,2973,-1,2965,2973,2966,-1,2965,843,847,-1,2970,2965,2974,-1,2974,2965,847,-1,2974,847,846,-1,2975,850,849,-1,2975,849,2976,-1,2975,2977,850,-1,850,2977,2978,-1,850,2978,846,-1,846,2978,2979,-1,846,2979,2974,-1,849,848,2976,-1,2976,848,782,-1,2976,782,2980,-1,2980,782,781,-1,843,2965,844,-1,844,2965,2967,-1,844,2967,840,-1,2981,837,2967,-1,2967,837,841,-1,2967,841,840,-1,2874,831,2982,-1,831,835,2982,-1,2982,835,834,-1,2982,834,2981,-1,2981,834,838,-1,2981,838,837,-1,832,2874,828,-1,828,2874,2983,-1,828,2983,829,-1,829,2983,2984,-1,829,2984,825,-1,825,2984,826,-1,826,2984,2985,-1,826,2985,821,-1,821,2985,935,-1,935,2985,2986,-1,935,2986,604,-1,604,2986,2987,-1,604,2987,605,-1,605,2987,2988,-1,605,2988,607,-1,607,2988,608,-1,608,2988,2989,-1,608,2989,925,-1,925,2989,2990,-1,925,2990,610,-1,2991,613,2992,-1,2992,613,917,-1,2992,917,2990,-1,2990,917,611,-1,2990,611,610,-1,2993,909,2991,-1,2991,909,614,-1,2991,614,613,-1,2994,617,2993,-1,2993,617,616,-1,2993,616,909,-1,2995,620,2994,-1,2994,620,619,-1,2994,619,617,-1,2996,623,2995,-1,2995,623,622,-1,2995,622,620,-1,2997,626,2996,-1,2996,626,625,-1,2996,625,623,-1,2998,629,2997,-1,2997,629,628,-1,2997,628,626,-1,2999,632,2998,-1,2998,632,631,-1,2998,631,629,-1,638,637,3000,-1,3000,637,635,-1,3000,635,2999,-1,2999,635,634,-1,2999,634,632,-1,3001,3002,3003,-1,3003,3002,3004,-1,3003,3004,3005,-1,638,3000,640,-1,640,3000,3003,-1,640,3003,641,-1,641,3003,3005,-1,641,3005,643,-1,3005,3006,643,-1,643,3006,3007,-1,643,3007,644,-1,644,3007,818,-1,3008,3009,3010,-1,3011,3012,3008,-1,3008,3012,3013,-1,3008,3013,3009,-1,2872,3014,3015,-1,3015,3014,3016,-1,3015,3016,3017,-1,3017,3016,3011,-1,2871,2873,3018,-1,3019,3020,3021,-1,3021,3020,3022,-1,3021,3022,3023,-1,2869,3024,3025,-1,3024,3026,3025,-1,3025,3026,3027,-1,3025,3027,3028,-1,3028,3027,3029,-1,3028,3029,3019,-1,2868,2870,3030,-1,3031,3032,3033,-1,3033,3032,3034,-1,3030,2870,3035,-1,3035,2870,3036,-1,3035,3036,3037,-1,3038,3039,3040,-1,3040,3039,3041,-1,3042,3043,3033,-1,3033,3043,3044,-1,3033,3044,3031,-1,2887,2886,2889,-1,2889,2886,3045,-1,2889,3045,3046,-1,3038,3042,3039,-1,3039,3042,3033,-1,3039,3033,3047,-1,3047,3033,3046,-1,3047,3046,3048,-1,3048,3046,3045,-1,2895,2891,2896,-1,2896,2891,2889,-1,2896,2889,3049,-1,3049,2889,3046,-1,3049,3046,3050,-1,3050,3046,3033,-1,3050,3033,3036,-1,3036,3033,3034,-1,3036,3034,3037,-1,2869,3025,2870,-1,2870,3025,3051,-1,2870,3051,3036,-1,3036,3051,3052,-1,3036,3052,3050,-1,3050,3052,3053,-1,3050,3053,3049,-1,3049,3053,2903,-1,3049,2903,2896,-1,2896,2903,2902,-1,2896,2902,2898,-1,3019,3021,3028,-1,3028,3021,3054,-1,3028,3054,3025,-1,3025,3054,3055,-1,3025,3055,3051,-1,3051,3055,3056,-1,3051,3056,3052,-1,3052,3056,3057,-1,3052,3057,3053,-1,3053,3057,3058,-1,3053,3058,2903,-1,2903,3058,3059,-1,2903,3059,2901,-1,2901,3059,2911,-1,2901,2911,2904,-1,2904,2911,2910,-1,2904,2910,2907,-1,3060,3061,3062,-1,3062,3061,3063,-1,3062,3063,3064,-1,3064,3063,3065,-1,3064,3065,2925,-1,2925,3065,3066,-1,2925,3066,2923,-1,2923,3066,2932,-1,2923,2932,2928,-1,2928,2932,2931,-1,2928,2931,2926,-1,3018,2873,3023,-1,3023,2873,3067,-1,3023,3067,3021,-1,3021,3067,3068,-1,3021,3068,3054,-1,3054,3068,3069,-1,3054,3069,3055,-1,3055,3069,3070,-1,3055,3070,3056,-1,3056,3070,3071,-1,3056,3071,3057,-1,3057,3071,3072,-1,3057,3072,3058,-1,3058,3072,3060,-1,3058,3060,3059,-1,3059,3060,3062,-1,3059,3062,2911,-1,2911,3062,3064,-1,2911,3064,2913,-1,2913,3064,2925,-1,2913,2925,2915,-1,2915,2925,2924,-1,2915,2924,2918,-1,3073,3074,3075,-1,3075,3074,3076,-1,3075,3076,3077,-1,3077,3076,3078,-1,3077,3078,3079,-1,3079,3078,3080,-1,3079,3080,3081,-1,3081,3080,3082,-1,3081,3082,3083,-1,3083,3082,3084,-1,3083,3084,3085,-1,3085,3084,3086,-1,3085,3086,3087,-1,3087,3086,3088,-1,3087,3088,3089,-1,3089,3088,3090,-1,3089,3090,2938,-1,2938,3090,3091,-1,2938,3091,2880,-1,2880,3091,2948,-1,2880,2948,2943,-1,2943,2948,2950,-1,2943,2950,2941,-1,2872,3015,2873,-1,2873,3015,3092,-1,2873,3092,3067,-1,3067,3092,3093,-1,3067,3093,3068,-1,3068,3093,3094,-1,3068,3094,3069,-1,3069,3094,3095,-1,3069,3095,3070,-1,3070,3095,3073,-1,3070,3073,3071,-1,3071,3073,3075,-1,3071,3075,3072,-1,3072,3075,3077,-1,3072,3077,3060,-1,3060,3077,3079,-1,3060,3079,3061,-1,3061,3079,3081,-1,3061,3081,3063,-1,3063,3081,3083,-1,3063,3083,3065,-1,3065,3083,3085,-1,3065,3085,3066,-1,3066,3085,3087,-1,3066,3087,2932,-1,2932,3087,3089,-1,2932,3089,2934,-1,2934,3089,2938,-1,2934,2938,2882,-1,2882,2938,2940,-1,2882,2940,2883,-1,3011,3008,3017,-1,3017,3008,3096,-1,3017,3096,3015,-1,3015,3096,3097,-1,3015,3097,3092,-1,3092,3097,3098,-1,3092,3098,3093,-1,3093,3098,3099,-1,3093,3099,3094,-1,3094,3099,3100,-1,3094,3100,3095,-1,3095,3100,3101,-1,3095,3101,3073,-1,3073,3101,3102,-1,3073,3102,3074,-1,3074,3102,3103,-1,3074,3103,3076,-1,3076,3103,3104,-1,3076,3104,3078,-1,3078,3104,3105,-1,3078,3105,3080,-1,3080,3105,3106,-1,3080,3106,3082,-1,3082,3106,3107,-1,3082,3107,3084,-1,3084,3107,3108,-1,3084,3108,3086,-1,3086,3108,3109,-1,3086,3109,3088,-1,3088,3109,3110,-1,3088,3110,3090,-1,3090,3110,3111,-1,3090,3111,3091,-1,3091,3111,3112,-1,3091,3112,2948,-1,2948,3112,2958,-1,2948,2958,2946,-1,2946,2958,2957,-1,2946,2957,2951,-1,3001,3003,3010,-1,3010,3003,3000,-1,3010,3000,3008,-1,3008,3000,2999,-1,3008,2999,3096,-1,3096,2999,2998,-1,3096,2998,3097,-1,3097,2998,2997,-1,3097,2997,3098,-1,3098,2997,2996,-1,3098,2996,3099,-1,3099,2996,2995,-1,3099,2995,3100,-1,3100,2995,2994,-1,3100,2994,3101,-1,3101,2994,2993,-1,3101,2993,3102,-1,3102,2993,2991,-1,3102,2991,3103,-1,3103,2991,2992,-1,3103,2992,3104,-1,3104,2992,2990,-1,3104,2990,3105,-1,3105,2990,2989,-1,3105,2989,3106,-1,3106,2989,2988,-1,3106,2988,3107,-1,3107,2988,2987,-1,3107,2987,3108,-1,3108,2987,2986,-1,3108,2986,3109,-1,3109,2986,2985,-1,3109,2985,3110,-1,3110,2985,2984,-1,3110,2984,3111,-1,3111,2984,2983,-1,3111,2983,3112,-1,3112,2983,2874,-1,3112,2874,2958,-1,2958,2874,2982,-1,2958,2982,2956,-1,2956,2982,2981,-1,2956,2981,2877,-1,2877,2981,2967,-1,2877,2967,2962,-1,2962,2967,2969,-1,2962,2969,2960,-1,3113,3114,3115,-1,3116,3117,3047,-1,3047,3117,3118,-1,3047,3118,3039,-1,3039,3118,3041,-1,2885,3119,2886,-1,2886,3119,3045,-1,3048,3120,3047,-1,3047,3120,3121,-1,3047,3121,3116,-1,3119,3113,3045,-1,3045,3113,3115,-1,3045,3115,3048,-1,3048,3115,3122,-1,3048,3122,3120,-1,3123,3124,3125,-1,3121,3120,3125,-1,3126,3116,3121,-1,3127,3128,3125,-1,3125,3128,3129,-1,3125,3129,3121,-1,3121,3129,3130,-1,3121,3130,3126,-1,3131,3132,3125,-1,3125,3132,3133,-1,3125,3133,3134,-1,3124,3135,3125,-1,3125,3135,3136,-1,3125,3136,3131,-1,3134,3137,3125,-1,3125,3137,3138,-1,3125,3138,3127,-1,3139,3140,3141,-1,3141,3140,3142,-1,3143,3144,3140,-1,3140,3144,3145,-1,3145,3146,3140,-1,3140,3146,3147,-1,3140,3147,3142,-1,3148,3149,3143,-1,3143,3149,3150,-1,3143,3150,3151,-1,3151,3152,3143,-1,3143,3152,3153,-1,3143,3153,3154,-1,3154,3155,3143,-1,3143,3155,3156,-1,3143,3156,3157,-1,3157,3158,3143,-1,3143,3158,3159,-1,3143,3159,3144,-1,3143,3122,3115,-1,3114,3160,3115,-1,3115,3160,3161,-1,3115,3161,3143,-1,3143,3161,3162,-1,3143,3162,3148,-1,3139,3163,3140,-1,3140,3163,3123,-1,3140,3123,3143,-1,3143,3123,3125,-1,3143,3125,3122,-1,3122,3125,3120,-1,3164,3165,3166,-1,3167,3168,3169,-1,1151,1150,3170,-1,3171,3172,3173,-1,3174,3175,3176,-1,3177,3178,3179,-1,3180,3181,3182,-1,3180,3182,3183,-1,3184,3183,3185,-1,3184,3185,3186,-1,3187,3188,3185,-1,3188,3189,3185,-1,3185,3189,3190,-1,3185,3190,3186,-1,3191,3192,3193,-1,3193,3192,3194,-1,3195,3196,3197,-1,3197,3196,3198,-1,3197,3198,3199,-1,3200,3201,3197,-1,3197,3201,3202,-1,3197,3202,3195,-1,3203,3204,3200,-1,3200,3204,3205,-1,3200,3205,3201,-1,3206,3207,3208,-1,3208,3207,3209,-1,3208,3209,3210,-1,3211,3212,3209,-1,3209,3212,3213,-1,3209,3213,3210,-1,3214,3215,3211,-1,3211,3215,3216,-1,3211,3216,3212,-1,3217,3218,3219,-1,3219,3218,3220,-1,3219,3220,3221,-1,3222,3223,3224,-1,3224,3223,3225,-1,3224,3225,3219,-1,3219,3225,3226,-1,3219,3226,3217,-1,3227,3228,3229,-1,3229,3228,3230,-1,3229,3230,3231,-1,3231,3230,3232,-1,3178,3177,3230,-1,3230,3177,3233,-1,3230,3233,3232,-1,3176,3175,3234,-1,3234,3175,3235,-1,3234,3235,3236,-1,3237,3238,3239,-1,3239,3238,3240,-1,3239,3240,3176,-1,3176,3240,3241,-1,3176,3241,3174,-1,3242,3243,3244,-1,3244,3243,3245,-1,3244,3245,3246,-1,3247,3248,3242,-1,3242,3248,3249,-1,3242,3249,3243,-1,3250,3251,3252,-1,3252,3251,3253,-1,3252,3253,3254,-1,3173,3172,3252,-1,3252,3172,3255,-1,3252,3255,3250,-1,3256,3257,3258,-1,3258,3257,3259,-1,3258,3259,3173,-1,3173,3259,3260,-1,3173,3260,3171,-1,3261,3262,3263,-1,3263,3262,3264,-1,3263,3264,3265,-1,3261,3266,3267,-1,3267,3268,3261,-1,3261,3268,3269,-1,3261,3269,3262,-1,3261,1162,1166,-1,3266,3261,3270,-1,3270,3261,1166,-1,3270,1166,1165,-1,3271,1169,1168,-1,3271,1168,3272,-1,3271,3273,1169,-1,1169,3273,3274,-1,1169,3274,1165,-1,1165,3274,3275,-1,1165,3275,3270,-1,1168,1167,3272,-1,3272,1167,1101,-1,3272,1101,3276,-1,3276,1101,1100,-1,1162,3261,1163,-1,1163,3261,3263,-1,1163,3263,1159,-1,3277,1156,3263,-1,3263,1156,1160,-1,3263,1160,1159,-1,3170,1150,3278,-1,1150,1154,3278,-1,3278,1154,1153,-1,3278,1153,3277,-1,3277,1153,1157,-1,3277,1157,1156,-1,1151,3170,1147,-1,1147,3170,3279,-1,1147,3279,1148,-1,1148,3279,3280,-1,1148,3280,1144,-1,1144,3280,1145,-1,1145,3280,3281,-1,1145,3281,1140,-1,1140,3281,1256,-1,1256,3281,3282,-1,1256,3282,939,-1,939,3282,3283,-1,939,3283,940,-1,940,3283,3284,-1,940,3284,942,-1,942,3284,943,-1,943,3284,3285,-1,943,3285,1244,-1,1244,3285,3286,-1,1244,3286,945,-1,3287,948,3288,-1,3288,948,1238,-1,3288,1238,3286,-1,3286,1238,946,-1,3286,946,945,-1,3289,1230,3287,-1,3287,1230,949,-1,3287,949,948,-1,3290,952,3289,-1,3289,952,951,-1,3289,951,1230,-1,3291,955,3290,-1,3290,955,954,-1,3290,954,952,-1,3292,958,3291,-1,3291,958,957,-1,3291,957,955,-1,3293,961,3292,-1,3292,961,960,-1,3292,960,958,-1,3294,964,3293,-1,3293,964,963,-1,3293,963,961,-1,3295,967,3294,-1,3294,967,966,-1,3294,966,964,-1,973,972,3296,-1,3296,972,970,-1,3296,970,3295,-1,3295,970,969,-1,3295,969,967,-1,3297,3298,3299,-1,3299,3298,3300,-1,3299,3300,3301,-1,973,3296,975,-1,975,3296,3299,-1,975,3299,976,-1,976,3299,3301,-1,976,3301,978,-1,3301,3302,978,-1,978,3302,3303,-1,978,3303,979,-1,979,3303,1137,-1,3304,3305,3306,-1,3307,3308,3304,-1,3304,3308,3309,-1,3304,3309,3305,-1,3168,3310,3311,-1,3311,3310,3312,-1,3311,3312,3313,-1,3313,3312,3307,-1,3167,3169,3314,-1,3315,3316,3317,-1,3317,3316,3318,-1,3317,3318,3319,-1,3165,3320,3321,-1,3320,3322,3321,-1,3321,3322,3323,-1,3321,3323,3324,-1,3324,3323,3325,-1,3324,3325,3315,-1,3164,3166,3326,-1,3327,3328,3329,-1,3329,3328,3330,-1,3326,3166,3331,-1,3331,3166,3332,-1,3331,3332,3333,-1,3334,3335,3336,-1,3336,3335,3337,-1,3338,3339,3329,-1,3329,3339,3340,-1,3329,3340,3327,-1,3183,3182,3185,-1,3185,3182,3341,-1,3185,3341,3342,-1,3334,3338,3335,-1,3335,3338,3329,-1,3335,3329,3343,-1,3343,3329,3342,-1,3343,3342,3344,-1,3344,3342,3341,-1,3191,3187,3192,-1,3192,3187,3185,-1,3192,3185,3345,-1,3345,3185,3342,-1,3345,3342,3346,-1,3346,3342,3329,-1,3346,3329,3332,-1,3332,3329,3330,-1,3332,3330,3333,-1,3165,3321,3166,-1,3166,3321,3347,-1,3166,3347,3332,-1,3332,3347,3348,-1,3332,3348,3346,-1,3346,3348,3349,-1,3346,3349,3345,-1,3345,3349,3199,-1,3345,3199,3192,-1,3192,3199,3198,-1,3192,3198,3194,-1,3315,3317,3324,-1,3324,3317,3350,-1,3324,3350,3321,-1,3321,3350,3351,-1,3321,3351,3347,-1,3347,3351,3352,-1,3347,3352,3348,-1,3348,3352,3353,-1,3348,3353,3349,-1,3349,3353,3354,-1,3349,3354,3199,-1,3199,3354,3355,-1,3199,3355,3197,-1,3197,3355,3207,-1,3197,3207,3200,-1,3200,3207,3206,-1,3200,3206,3203,-1,3356,3357,3358,-1,3358,3357,3359,-1,3358,3359,3360,-1,3360,3359,3361,-1,3360,3361,3221,-1,3221,3361,3362,-1,3221,3362,3219,-1,3219,3362,3228,-1,3219,3228,3224,-1,3224,3228,3227,-1,3224,3227,3222,-1,3314,3169,3319,-1,3319,3169,3363,-1,3319,3363,3317,-1,3317,3363,3364,-1,3317,3364,3350,-1,3350,3364,3365,-1,3350,3365,3351,-1,3351,3365,3366,-1,3351,3366,3352,-1,3352,3366,3367,-1,3352,3367,3353,-1,3353,3367,3368,-1,3353,3368,3354,-1,3354,3368,3356,-1,3354,3356,3355,-1,3355,3356,3358,-1,3355,3358,3207,-1,3207,3358,3360,-1,3207,3360,3209,-1,3209,3360,3221,-1,3209,3221,3211,-1,3211,3221,3220,-1,3211,3220,3214,-1,3369,3370,3371,-1,3371,3370,3372,-1,3371,3372,3373,-1,3373,3372,3374,-1,3373,3374,3375,-1,3375,3374,3376,-1,3375,3376,3377,-1,3377,3376,3378,-1,3377,3378,3379,-1,3379,3378,3380,-1,3379,3380,3381,-1,3381,3380,3382,-1,3381,3382,3383,-1,3383,3382,3384,-1,3383,3384,3385,-1,3385,3384,3386,-1,3385,3386,3234,-1,3234,3386,3387,-1,3234,3387,3176,-1,3176,3387,3244,-1,3176,3244,3239,-1,3239,3244,3246,-1,3239,3246,3237,-1,3168,3311,3169,-1,3169,3311,3388,-1,3169,3388,3363,-1,3363,3388,3389,-1,3363,3389,3364,-1,3364,3389,3390,-1,3364,3390,3365,-1,3365,3390,3391,-1,3365,3391,3366,-1,3366,3391,3369,-1,3366,3369,3367,-1,3367,3369,3371,-1,3367,3371,3368,-1,3368,3371,3373,-1,3368,3373,3356,-1,3356,3373,3375,-1,3356,3375,3357,-1,3357,3375,3377,-1,3357,3377,3359,-1,3359,3377,3379,-1,3359,3379,3361,-1,3361,3379,3381,-1,3361,3381,3362,-1,3362,3381,3383,-1,3362,3383,3228,-1,3228,3383,3385,-1,3228,3385,3230,-1,3230,3385,3234,-1,3230,3234,3178,-1,3178,3234,3236,-1,3178,3236,3179,-1,3307,3304,3313,-1,3313,3304,3392,-1,3313,3392,3311,-1,3311,3392,3393,-1,3311,3393,3388,-1,3388,3393,3394,-1,3388,3394,3389,-1,3389,3394,3395,-1,3389,3395,3390,-1,3390,3395,3396,-1,3390,3396,3391,-1,3391,3396,3397,-1,3391,3397,3369,-1,3369,3397,3398,-1,3369,3398,3370,-1,3370,3398,3399,-1,3370,3399,3372,-1,3372,3399,3400,-1,3372,3400,3374,-1,3374,3400,3401,-1,3374,3401,3376,-1,3376,3401,3402,-1,3376,3402,3378,-1,3378,3402,3403,-1,3378,3403,3380,-1,3380,3403,3404,-1,3380,3404,3382,-1,3382,3404,3405,-1,3382,3405,3384,-1,3384,3405,3406,-1,3384,3406,3386,-1,3386,3406,3407,-1,3386,3407,3387,-1,3387,3407,3408,-1,3387,3408,3244,-1,3244,3408,3254,-1,3244,3254,3242,-1,3242,3254,3253,-1,3242,3253,3247,-1,3297,3299,3306,-1,3306,3299,3296,-1,3306,3296,3304,-1,3304,3296,3295,-1,3304,3295,3392,-1,3392,3295,3294,-1,3392,3294,3393,-1,3393,3294,3293,-1,3393,3293,3394,-1,3394,3293,3292,-1,3394,3292,3395,-1,3395,3292,3291,-1,3395,3291,3396,-1,3396,3291,3290,-1,3396,3290,3397,-1,3397,3290,3289,-1,3397,3289,3398,-1,3398,3289,3287,-1,3398,3287,3399,-1,3399,3287,3288,-1,3399,3288,3400,-1,3400,3288,3286,-1,3400,3286,3401,-1,3401,3286,3285,-1,3401,3285,3402,-1,3402,3285,3284,-1,3402,3284,3403,-1,3403,3284,3283,-1,3403,3283,3404,-1,3404,3283,3282,-1,3404,3282,3405,-1,3405,3282,3281,-1,3405,3281,3406,-1,3406,3281,3280,-1,3406,3280,3407,-1,3407,3280,3279,-1,3407,3279,3408,-1,3408,3279,3170,-1,3408,3170,3254,-1,3254,3170,3278,-1,3254,3278,3252,-1,3252,3278,3277,-1,3252,3277,3173,-1,3173,3277,3263,-1,3173,3263,3258,-1,3258,3263,3265,-1,3258,3265,3256,-1,3409,3410,3411,-1,3412,3413,3343,-1,3343,3413,3414,-1,3343,3414,3335,-1,3335,3414,3337,-1,3181,3415,3182,-1,3182,3415,3341,-1,3344,3416,3343,-1,3343,3416,3417,-1,3343,3417,3412,-1,3415,3409,3341,-1,3341,3409,3411,-1,3341,3411,3344,-1,3344,3411,3418,-1,3344,3418,3416,-1,3419,3420,3421,-1,3417,3416,3421,-1,3422,3412,3417,-1,3423,3424,3421,-1,3421,3424,3425,-1,3421,3425,3417,-1,3417,3425,3426,-1,3417,3426,3422,-1,3427,3428,3421,-1,3421,3428,3429,-1,3421,3429,3430,-1,3420,3431,3421,-1,3421,3431,3432,-1,3421,3432,3427,-1,3430,3433,3421,-1,3421,3433,3434,-1,3421,3434,3423,-1,3435,3436,3437,-1,3437,3436,3438,-1,3439,3440,3436,-1,3436,3440,3441,-1,3441,3442,3436,-1,3436,3442,3443,-1,3436,3443,3438,-1,3444,3445,3439,-1,3439,3445,3446,-1,3439,3446,3447,-1,3447,3448,3439,-1,3439,3448,3449,-1,3439,3449,3450,-1,3450,3451,3439,-1,3439,3451,3452,-1,3439,3452,3453,-1,3453,3454,3439,-1,3439,3454,3455,-1,3439,3455,3440,-1,3439,3418,3411,-1,3410,3456,3411,-1,3411,3456,3457,-1,3411,3457,3439,-1,3439,3457,3458,-1,3439,3458,3444,-1,3435,3459,3436,-1,3436,3459,3419,-1,3436,3419,3439,-1,3439,3419,3421,-1,3439,3421,3418,-1,3418,3421,3416,-1,3414,3413,3460,-1,3460,3413,3461,-1,3460,3461,1455,-1,1455,3461,1456,-1,1454,3462,1455,-1,1455,3462,3463,-1,1455,3463,3460,-1,3460,3463,3464,-1,3460,3464,3465,-1,3465,3466,3460,-1,3460,3466,3467,-1,3460,3467,3414,-1,3414,3467,3468,-1,3414,3468,3337,-1,3413,3412,3461,-1,3461,3412,3469,-1,3461,3469,1456,-1,1456,3469,2851,-1,3301,3300,3470,-1,3305,3309,3471,-1,3472,3473,3474,-1,3312,3310,3475,-1,3168,3167,3476,-1,1470,1469,3477,-1,3318,3316,3478,-1,1273,1272,3479,-1,1460,1459,3480,-1,3481,3322,3320,-1,1466,1467,3482,-1,1276,1275,3483,-1,3462,1454,1453,-1,3463,3462,3484,-1,3467,3466,3485,-1,3337,3486,3336,-1,3336,3486,3487,-1,3336,3487,3334,-1,3334,3487,3488,-1,3334,3488,3338,-1,3338,3488,3489,-1,3338,3489,3339,-1,3339,3489,3490,-1,3462,1453,3484,-1,3484,1453,1452,-1,3484,1452,3491,-1,3491,1452,1451,-1,3491,1451,3492,-1,3492,1451,1450,-1,3492,1450,3493,-1,3493,1450,1449,-1,3493,1449,3494,-1,3494,1449,1448,-1,3494,1448,3495,-1,3495,1448,1447,-1,3495,1447,3496,-1,3496,1447,3497,-1,3497,1447,1458,-1,3497,1458,1457,-1,3498,3330,3499,-1,3499,3330,3328,-1,3499,3328,3500,-1,3500,3328,3327,-1,3500,3327,3490,-1,3490,3327,3340,-1,3490,3340,3339,-1,3464,3463,3501,-1,3501,3463,3484,-1,3501,3484,3502,-1,3502,3484,3491,-1,3502,3491,3503,-1,3503,3491,3492,-1,3503,3492,3504,-1,3504,3492,3493,-1,3504,3493,3505,-1,3505,3493,3494,-1,3505,3494,3506,-1,3506,3494,3495,-1,3506,3495,3507,-1,3507,3495,3496,-1,3507,3496,3508,-1,3508,3496,3497,-1,3508,3497,3509,-1,3465,3464,3510,-1,3510,3464,3501,-1,3510,3501,3511,-1,3511,3501,3502,-1,3511,3502,3512,-1,3512,3502,3503,-1,3512,3503,3513,-1,3513,3503,3504,-1,3513,3504,3514,-1,3514,3504,3505,-1,3514,3505,3515,-1,3515,3505,3506,-1,3515,3506,3516,-1,3516,3506,3507,-1,3516,3507,3517,-1,3517,3507,3508,-1,3517,3508,3518,-1,3518,3508,3509,-1,3518,3509,3519,-1,3165,3164,3520,-1,3520,3164,3326,-1,3520,3326,3521,-1,3521,3326,3331,-1,3521,3331,3498,-1,3498,3331,3333,-1,3498,3333,3330,-1,3466,3465,3485,-1,3485,3465,3510,-1,3485,3510,3522,-1,3522,3510,3511,-1,3522,3511,3523,-1,3523,3511,3512,-1,3523,3512,3524,-1,3524,3512,3513,-1,3524,3513,3525,-1,3525,3513,3514,-1,3525,3514,3526,-1,3526,3514,3515,-1,3526,3515,3527,-1,3527,3515,3516,-1,3527,3516,3528,-1,3528,3516,3517,-1,3528,3517,3529,-1,3529,3517,3518,-1,3529,3518,3530,-1,3530,3518,3519,-1,3530,3519,3531,-1,3468,3467,3532,-1,3532,3467,3485,-1,3532,3485,3533,-1,3533,3485,3522,-1,3533,3522,3534,-1,3534,3522,3523,-1,3534,3523,3535,-1,3535,3523,3524,-1,3535,3524,3536,-1,3536,3524,3525,-1,3536,3525,3537,-1,3537,3525,3526,-1,3537,3526,3538,-1,3538,3526,3527,-1,3538,3527,3539,-1,3539,3527,3528,-1,3539,3528,3540,-1,3540,3528,3529,-1,3540,3529,3541,-1,3541,3529,3530,-1,3541,3530,3542,-1,3542,3530,3531,-1,3542,3531,3543,-1,3165,3520,3320,-1,3320,3520,3544,-1,3320,3544,3481,-1,3337,3468,3486,-1,3486,3468,3532,-1,3486,3532,3487,-1,3487,3532,3533,-1,3487,3533,3488,-1,3488,3533,3534,-1,3488,3534,3489,-1,3489,3534,3535,-1,3489,3535,3490,-1,3490,3535,3536,-1,3490,3536,3500,-1,3500,3536,3537,-1,3500,3537,3499,-1,3499,3537,3538,-1,3499,3538,3498,-1,3498,3538,3539,-1,3498,3539,3521,-1,3521,3539,3540,-1,3521,3540,3520,-1,3520,3540,3541,-1,3520,3541,3544,-1,3544,3541,3542,-1,3544,3542,3481,-1,3481,3542,3543,-1,3481,3543,3545,-1,3545,3315,3325,-1,3545,3325,3481,-1,3481,3325,3323,-1,3481,3323,3322,-1,3316,3315,3478,-1,3478,3315,3545,-1,3478,3545,3546,-1,3546,3545,3543,-1,3546,3543,3547,-1,3547,3543,3531,-1,3547,3531,3548,-1,3548,3531,3519,-1,3548,3519,3549,-1,3549,3519,3509,-1,3549,3509,3483,-1,3483,3509,3497,-1,3483,3497,1276,-1,1276,3497,1457,-1,3550,3314,3319,-1,3319,3318,3550,-1,3550,3318,3478,-1,3550,3478,3551,-1,3551,3478,3546,-1,3551,3546,3552,-1,3552,3546,3547,-1,3552,3547,3553,-1,3553,3547,3548,-1,3553,3548,3554,-1,3554,3548,3549,-1,3554,3549,3555,-1,3555,3549,3483,-1,3555,3483,1464,-1,1464,3483,1275,-1,3167,3314,3476,-1,3476,3314,3550,-1,3476,3550,3556,-1,3556,3550,3551,-1,3556,3551,3557,-1,3557,3551,3552,-1,3557,3552,3558,-1,3558,3552,3553,-1,3558,3553,3559,-1,3559,3553,3554,-1,3559,3554,3482,-1,3482,3554,3555,-1,3482,3555,1466,-1,1466,3555,1464,-1,3310,3168,3475,-1,3475,3168,3476,-1,3475,3476,3560,-1,3560,3476,3556,-1,3560,3556,3561,-1,3561,3556,3557,-1,3561,3557,3562,-1,3562,3557,3558,-1,3562,3558,3563,-1,3563,3558,3559,-1,3563,3559,3564,-1,3564,3559,3482,-1,3564,3482,1463,-1,1463,3482,1467,-1,3565,3308,3307,-1,3307,3312,3565,-1,3565,3312,3475,-1,3565,3475,3566,-1,3566,3475,3560,-1,3566,3560,3567,-1,3567,3560,3561,-1,3567,3561,3568,-1,3568,3561,3562,-1,3568,3562,3569,-1,3569,3562,3563,-1,3569,3563,3570,-1,3570,3563,3564,-1,3570,3564,1462,-1,1462,3564,1463,-1,3309,3308,3471,-1,3471,3308,3565,-1,3471,3565,3571,-1,3571,3565,3566,-1,3571,3566,3572,-1,3572,3566,3567,-1,3572,3567,3573,-1,3573,3567,3568,-1,3573,3568,3574,-1,3574,3568,3569,-1,3574,3569,3480,-1,3480,3569,3570,-1,3480,3570,1460,-1,1460,3570,1462,-1,3575,3473,3576,-1,3576,3473,3472,-1,3576,3472,3577,-1,3298,3297,3578,-1,3578,3297,3306,-1,3306,3305,3578,-1,3578,3305,3471,-1,3578,3471,3579,-1,3579,3471,3571,-1,3579,3571,3580,-1,3580,3571,3572,-1,3580,3572,3581,-1,3581,3572,3573,-1,3581,3573,3582,-1,3582,3573,3574,-1,3582,3574,3479,-1,3479,3574,3480,-1,3479,3480,1273,-1,1273,3480,1459,-1,1270,1269,3577,-1,3577,1269,1476,-1,3577,1476,3576,-1,3576,1476,1478,-1,3576,1478,3575,-1,3575,1478,1479,-1,3575,1479,1475,-1,3300,3298,3470,-1,3470,3298,3578,-1,3470,3578,3583,-1,3583,3578,3579,-1,3583,3579,3584,-1,3584,3579,3580,-1,3584,3580,3585,-1,3585,3580,3581,-1,3585,3581,3586,-1,3586,3581,3582,-1,3586,3582,3587,-1,3587,3582,3479,-1,3587,3479,1471,-1,1471,3479,1272,-1,3588,3474,3589,-1,3589,3474,3473,-1,3589,3473,3590,-1,3590,3473,3575,-1,3590,3575,3591,-1,3591,3575,1475,-1,3591,1475,1473,-1,3302,3301,3592,-1,3592,3301,3470,-1,3592,3470,3593,-1,3593,3470,3583,-1,3593,3583,3594,-1,3594,3583,3584,-1,3594,3584,3595,-1,3595,3584,3585,-1,3595,3585,3596,-1,3596,3585,3586,-1,3596,3586,3477,-1,3477,3586,3587,-1,3477,3587,1470,-1,1470,3587,1471,-1,3597,3588,3598,-1,3598,3588,3589,-1,3598,3589,3599,-1,3599,3589,3590,-1,3599,3590,3600,-1,3600,3590,3591,-1,3600,3591,3601,-1,3601,3591,1473,-1,3601,1473,1485,-1,3602,3597,3603,-1,3603,3597,3598,-1,3603,3598,3604,-1,3604,3598,3599,-1,3604,3599,3605,-1,3605,3599,3600,-1,3605,3600,3606,-1,3606,3600,3601,-1,3606,3601,3607,-1,3607,3601,1485,-1,3607,1485,1484,-1,3303,3302,3602,-1,3602,3302,3592,-1,3602,3592,3597,-1,3597,3592,3593,-1,3597,3593,3588,-1,3588,3593,3594,-1,3588,3594,3474,-1,3474,3594,3595,-1,3474,3595,3472,-1,3472,3595,3596,-1,3472,3596,3577,-1,3577,3596,3477,-1,3577,3477,1270,-1,1270,3477,1469,-1,1137,3303,3608,-1,3608,3303,3602,-1,3608,3602,3609,-1,3609,3602,3603,-1,3609,3603,3610,-1,3610,3603,3604,-1,3610,3604,3611,-1,3611,3604,3605,-1,3611,3605,3612,-1,3612,3605,3606,-1,3612,3606,3613,-1,3613,3606,3607,-1,3613,3607,1483,-1,1483,3607,1484,-1,3614,2867,2866,-1,3410,3614,3615,-1,3410,3615,3456,-1,3456,3615,3616,-1,3456,3616,3457,-1,3457,3616,3617,-1,3457,3617,3458,-1,3458,3617,3618,-1,3458,3618,3444,-1,3444,3618,3445,-1,3445,3618,3619,-1,3445,3619,3446,-1,3446,3619,3620,-1,3446,3620,3447,-1,3447,3620,3621,-1,3447,3621,3448,-1,3448,3621,3622,-1,3448,3622,3449,-1,3449,3622,3623,-1,3449,3623,3450,-1,3450,3623,3624,-1,3450,3624,3451,-1,3451,3624,3625,-1,3451,3625,3452,-1,3452,3625,3626,-1,3452,3626,3453,-1,3453,3626,3627,-1,3453,3627,3454,-1,3454,3627,3455,-1,3455,3627,3628,-1,3455,3628,3440,-1,3440,3628,3629,-1,3440,3629,3441,-1,3441,3629,3630,-1,3441,3630,3442,-1,3442,3630,3631,-1,3442,3631,3443,-1,3443,3631,3632,-1,3443,3632,3438,-1,3438,3632,3633,-1,3438,3633,3437,-1,3437,3633,3634,-1,3437,3634,3435,-1,3435,3634,3635,-1,3435,3635,3459,-1,3459,3635,3636,-1,3459,3636,3419,-1,3419,3636,3420,-1,3420,3636,3637,-1,3420,3637,3431,-1,3431,3637,3638,-1,3431,3638,3432,-1,3432,3638,3639,-1,3432,3639,3427,-1,3427,3639,3640,-1,3427,3640,3428,-1,3428,3640,3641,-1,3428,3641,3429,-1,3429,3641,3642,-1,3429,3642,3430,-1,3430,3642,3643,-1,3430,3643,3433,-1,3433,3643,3644,-1,3433,3644,3434,-1,3614,2866,3615,-1,3615,2866,2865,-1,3615,2865,3616,-1,3616,2865,2864,-1,3616,2864,3617,-1,3617,2864,2863,-1,3617,2863,3618,-1,3618,2863,2862,-1,3618,2862,3619,-1,3619,2862,2861,-1,3619,2861,3620,-1,3620,2861,2860,-1,3620,2860,3621,-1,3621,2860,2859,-1,3621,2859,3622,-1,3622,2859,2850,-1,3622,2850,3623,-1,3623,2850,2849,-1,3623,2849,3624,-1,3624,2849,2848,-1,3624,2848,3625,-1,3625,2848,2847,-1,3625,2847,3626,-1,3626,2847,2846,-1,3626,2846,3627,-1,3627,2846,2845,-1,3627,2845,3628,-1,3628,2845,2844,-1,3628,2844,3629,-1,3629,2844,2843,-1,3629,2843,3630,-1,3630,2843,2842,-1,3630,2842,3631,-1,3631,2842,2841,-1,3631,2841,3632,-1,3632,2841,2840,-1,3632,2840,3633,-1,3633,2840,2837,-1,3633,2837,3634,-1,3634,2837,2836,-1,3634,2836,3635,-1,3635,2836,2835,-1,3635,2835,3636,-1,3636,2835,2834,-1,3636,2834,3637,-1,3637,2834,2833,-1,3637,2833,3638,-1,3638,2833,2832,-1,3638,2832,3639,-1,3639,2832,2838,-1,3639,2838,3640,-1,3640,2838,2839,-1,3640,2839,3641,-1,3641,2839,2852,-1,3641,2852,3642,-1,3642,2852,2853,-1,3642,2853,3643,-1,3643,2853,2854,-1,3643,2854,3644,-1,3644,2854,2855,-1,3644,2855,3645,-1,3645,2855,2856,-1,3645,2856,3646,-1,3646,2856,2857,-1,3646,2857,3647,-1,3647,2857,2858,-1,3647,2858,3648,-1,3648,2858,2851,-1,3648,2851,3469,-1,3434,3644,3423,-1,3423,3644,3645,-1,3423,3645,3424,-1,3424,3645,3646,-1,3424,3646,3425,-1,3425,3646,3647,-1,3425,3647,3426,-1,3426,3647,3648,-1,3426,3648,3422,-1,3422,3648,3469,-1,3422,3469,3412,-1,1518,1517,3649,-1,3650,986,1109,-1,3651,1109,1108,-1,3652,1108,1107,-1,3653,1107,1102,-1,3654,3655,3656,-1,1106,1112,3657,-1,1114,1120,3658,-1,1117,1116,3659,-1,1505,1504,3660,-1,1125,1124,3661,-1,1121,1129,3662,-1,1136,1135,3663,-1,1481,1491,3664,-1,3665,3613,1486,-1,1486,3613,1483,-1,1139,1138,3666,-1,3666,1138,1137,-1,3666,1137,3608,-1,1131,1139,3667,-1,3667,1139,3666,-1,3667,3666,3668,-1,3668,3666,3608,-1,3668,3608,3609,-1,1133,1131,3669,-1,3669,1131,3667,-1,3669,3667,3670,-1,3670,3667,3668,-1,3670,3668,3671,-1,3671,3668,3609,-1,3671,3609,3610,-1,1134,1133,3672,-1,3672,1133,3669,-1,3672,3669,3673,-1,3673,3669,3670,-1,3673,3670,3674,-1,3674,3670,3671,-1,3674,3671,3675,-1,3675,3671,3610,-1,3675,3610,3611,-1,1135,1134,3663,-1,3663,1134,3672,-1,3663,3672,3676,-1,3676,3672,3673,-1,3676,3673,3677,-1,3677,3673,3674,-1,3677,3674,3678,-1,3678,3674,3675,-1,3678,3675,3679,-1,3679,3675,3611,-1,3679,3611,3612,-1,1127,1136,3680,-1,3680,1136,3663,-1,3680,3663,3681,-1,3681,3663,3676,-1,3681,3676,3682,-1,3682,3676,3677,-1,3682,3677,3683,-1,3683,3677,3678,-1,3683,3678,3684,-1,3684,3678,3679,-1,3684,3679,3665,-1,3665,3679,3612,-1,3665,3612,3613,-1,1128,1127,3685,-1,3685,1127,3680,-1,3685,3680,3686,-1,3686,3680,3681,-1,3686,3681,3687,-1,3687,3681,3682,-1,3687,3682,3688,-1,3688,3682,3683,-1,3688,3683,3689,-1,3689,3683,3684,-1,3689,3684,3690,-1,3690,3684,3665,-1,3690,3665,1482,-1,1482,3665,1486,-1,1129,1128,3662,-1,3662,1128,3685,-1,3662,3685,3691,-1,3691,3685,3686,-1,3691,3686,3692,-1,3692,3686,3687,-1,3692,3687,3693,-1,3693,3687,3688,-1,3693,3688,3694,-1,3694,3688,3689,-1,3694,3689,3664,-1,3664,3689,3690,-1,3664,3690,1481,-1,1481,3690,1482,-1,1122,1121,3695,-1,3695,1121,3662,-1,3695,3662,3696,-1,3696,3662,3691,-1,3696,3691,3697,-1,3697,3691,3692,-1,3697,3692,3698,-1,3698,3692,3693,-1,3698,3693,3699,-1,3699,3693,3694,-1,3699,3694,3700,-1,3700,3694,3664,-1,3700,3664,1490,-1,1490,3664,1491,-1,1124,1122,3661,-1,3661,1122,3695,-1,3661,3695,3701,-1,3701,3695,3696,-1,3701,3696,3702,-1,3702,3696,3697,-1,3702,3697,3703,-1,3703,3697,3698,-1,3703,3698,3704,-1,3704,3698,3699,-1,3704,3699,3705,-1,3705,3699,3700,-1,3705,3700,1488,-1,1488,3700,1490,-1,1116,1125,3659,-1,3659,1125,3661,-1,3659,3661,3706,-1,3706,3661,3701,-1,3706,3701,3707,-1,3707,3701,3702,-1,3707,3702,3708,-1,3708,3702,3703,-1,3708,3703,3709,-1,3709,3703,3704,-1,3709,3704,3710,-1,3710,3704,3705,-1,3710,3705,1487,-1,1487,3705,1488,-1,1119,1117,3711,-1,3711,1117,3659,-1,3711,3659,3712,-1,3712,3659,3706,-1,3712,3706,3713,-1,3713,3706,3707,-1,3713,3707,3714,-1,3714,3707,3708,-1,3714,3708,3715,-1,3715,3708,3709,-1,3715,3709,3716,-1,3716,3709,3710,-1,3716,3710,1497,-1,1497,3710,1487,-1,1120,1119,3658,-1,3658,1119,3711,-1,3658,3711,3717,-1,3717,3711,3712,-1,3717,3712,3718,-1,3718,3712,3713,-1,3718,3713,3719,-1,3719,3713,3714,-1,3719,3714,3720,-1,3720,3714,3715,-1,3720,3715,3721,-1,3721,3715,3716,-1,3721,3716,1496,-1,1496,3716,1497,-1,1110,1114,3722,-1,3722,1114,3658,-1,3722,3658,3723,-1,3723,3658,3717,-1,3723,3717,3724,-1,3724,3717,3718,-1,3724,3718,3725,-1,3725,3718,3719,-1,3725,3719,3726,-1,3726,3719,3720,-1,3726,3720,3727,-1,3727,3720,3721,-1,3727,3721,1495,-1,1495,3721,1496,-1,1111,1110,3728,-1,3728,1110,3722,-1,3728,3722,3729,-1,3729,3722,3723,-1,3729,3723,3730,-1,3730,3723,3724,-1,3730,3724,3731,-1,3731,3724,3725,-1,3731,3725,3732,-1,3732,3725,3726,-1,3732,3726,3733,-1,3733,3726,3727,-1,3733,3727,1494,-1,1494,3727,1495,-1,1112,1111,3657,-1,3657,1111,3728,-1,3657,3728,3734,-1,3734,3728,3729,-1,3734,3729,3735,-1,3735,3729,3730,-1,3735,3730,3736,-1,3736,3730,3731,-1,3736,3731,3737,-1,3737,3731,3732,-1,3737,3732,3738,-1,3738,3732,3733,-1,3738,3733,1493,-1,1493,3733,1494,-1,1104,1106,3739,-1,3739,1106,3657,-1,3739,3657,3740,-1,3740,3657,3734,-1,3740,3734,3741,-1,3741,3734,3735,-1,3741,3735,3742,-1,3742,3735,3736,-1,3742,3736,3743,-1,3743,3736,3737,-1,3743,3737,3660,-1,3660,3737,3738,-1,3660,3738,1505,-1,1505,3738,1493,-1,1499,1498,3744,-1,3744,1498,3654,-1,3744,3654,3745,-1,3745,3654,3656,-1,3745,3656,3746,-1,1501,1499,3747,-1,3747,1499,3744,-1,3747,3744,3748,-1,3748,3744,3745,-1,3748,3745,3749,-1,3749,3745,3746,-1,3749,3746,3750,-1,1502,1501,3751,-1,3751,1501,3747,-1,3751,3747,3752,-1,3752,3747,3748,-1,3752,3748,3753,-1,3753,3748,3749,-1,3753,3749,3754,-1,3754,3749,3750,-1,3754,3750,3755,-1,1503,1502,3756,-1,3756,1502,3751,-1,3756,3751,3757,-1,3757,3751,3752,-1,3757,3752,3758,-1,3758,3752,3753,-1,3758,3753,3759,-1,3759,3753,3754,-1,3759,3754,3760,-1,3760,3754,3755,-1,3760,3755,3761,-1,1102,1104,3761,-1,3761,1104,3739,-1,3761,3739,3760,-1,3760,3739,3740,-1,3760,3740,3759,-1,3759,3740,3741,-1,3759,3741,3758,-1,3758,3741,3742,-1,3758,3742,3757,-1,3757,3742,3743,-1,3757,3743,3756,-1,3756,3743,3660,-1,3756,3660,1503,-1,1503,3660,1504,-1,1498,1515,3654,-1,3654,1515,1514,-1,3654,1514,3655,-1,3655,1514,1512,-1,3655,1512,1511,-1,1102,3761,3653,-1,3653,3761,3755,-1,3653,3755,3762,-1,3762,3755,3750,-1,3762,3750,3763,-1,3763,3750,3746,-1,3763,3746,3764,-1,3764,3746,3656,-1,3764,3656,3765,-1,3765,3656,3655,-1,3765,3655,3766,-1,3766,3655,1511,-1,3766,1511,1510,-1,1107,3653,3652,-1,3652,3653,3762,-1,3652,3762,3767,-1,3767,3762,3763,-1,3767,3763,3768,-1,3768,3763,3764,-1,3768,3764,3769,-1,3769,3764,3765,-1,3769,3765,3770,-1,3770,3765,3766,-1,3770,3766,3771,-1,3771,3766,1510,-1,3771,1510,1509,-1,1108,3652,3651,-1,3651,3652,3767,-1,3651,3767,3772,-1,3772,3767,3768,-1,3772,3768,3773,-1,3773,3768,3769,-1,3773,3769,3774,-1,3774,3769,3770,-1,3774,3770,3775,-1,3775,3770,3771,-1,3775,3771,3776,-1,3776,3771,1509,-1,3776,1509,1507,-1,1109,3651,3650,-1,3650,3651,3772,-1,3650,3772,3777,-1,3777,3772,3773,-1,3777,3773,3778,-1,3778,3773,3774,-1,3778,3774,3779,-1,3779,3774,3775,-1,3779,3775,3780,-1,3780,3775,3776,-1,3780,3776,3781,-1,3781,3776,1507,-1,3781,1507,1518,-1,3782,1099,987,-1,1518,3649,3781,-1,3781,3649,3783,-1,3781,3783,3780,-1,3780,3783,3784,-1,3780,3784,3779,-1,3779,3784,3785,-1,3779,3785,3778,-1,3778,3785,3786,-1,3778,3786,3777,-1,3777,3786,3782,-1,3777,3782,3650,-1,3650,3782,987,-1,3650,987,986,-1,1100,1099,3787,-1,3787,1099,3782,-1,3787,3782,3788,-1,3788,3782,3786,-1,3788,3786,3789,-1,3789,3786,3785,-1,3789,3785,3790,-1,3790,3785,3784,-1,3790,3784,3791,-1,3791,3784,3783,-1,3791,3783,3792,-1,3792,3783,3649,-1,3792,3649,1516,-1,1516,3649,1517,-1,1593,2867,3793,-1,3793,2867,3614,-1,3793,3614,3409,-1,3409,3614,3410,-1,3794,3795,3796,-1,3797,3798,3799,-1,3800,3191,3193,-1,3801,3273,3271,-1,3272,3276,3802,-1,3802,3276,1100,-1,3792,1516,1523,-1,3791,3792,3803,-1,3792,1523,3803,-1,3803,1523,1522,-1,3803,1522,3804,-1,3804,1522,3805,-1,3805,1522,1520,-1,3805,1520,1519,-1,3272,3802,3271,-1,3271,3802,3806,-1,3271,3806,3801,-1,3807,3275,3801,-1,3801,3275,3274,-1,3801,3274,3273,-1,3267,3266,3807,-1,3807,3266,3270,-1,3807,3270,3275,-1,1519,1531,3805,-1,3805,1531,1530,-1,3805,1530,3808,-1,3808,1530,1529,-1,3808,1529,3809,-1,3809,1529,1527,-1,3809,1527,3810,-1,3810,1527,1525,-1,3810,1525,3811,-1,3807,3812,3267,-1,3267,3812,3813,-1,3267,3813,3268,-1,3268,3813,3814,-1,3268,3814,3269,-1,3269,3814,3262,-1,1525,1524,3811,-1,3811,1524,1267,-1,3811,1267,3815,-1,3262,3814,3264,-1,3264,3814,3816,-1,3264,3816,3817,-1,3818,3256,3817,-1,3817,3256,3265,-1,3817,3265,3264,-1,1267,1266,3815,-1,3815,1266,1534,-1,3815,1534,3819,-1,3819,1534,1533,-1,3819,1533,3820,-1,3820,1533,1532,-1,3820,1532,3821,-1,3821,1532,1541,-1,3821,1541,3822,-1,3823,3260,3824,-1,3824,3260,3259,-1,3824,3259,3818,-1,3818,3259,3257,-1,3818,3257,3256,-1,3255,3172,3823,-1,3823,3172,3171,-1,3823,3171,3260,-1,3823,3825,3255,-1,3255,3825,3826,-1,3255,3826,3250,-1,3250,3826,3827,-1,1541,1540,3822,-1,3822,1540,1539,-1,3822,1539,3828,-1,3828,1539,1535,-1,3828,1535,3829,-1,3829,1535,1537,-1,3829,1537,3830,-1,3830,1537,1538,-1,3830,1538,3831,-1,3247,3253,3827,-1,3827,3253,3251,-1,3827,3251,3250,-1,1538,1542,3831,-1,3831,1542,1544,-1,3831,1544,3832,-1,3247,3827,3248,-1,3248,3827,3833,-1,3248,3833,3834,-1,3835,3245,3836,-1,3836,3245,3243,-1,3836,3243,3834,-1,3834,3243,3249,-1,3834,3249,3248,-1,3837,3237,3835,-1,3835,3237,3246,-1,3835,3246,3245,-1,1544,1549,3832,-1,3832,1549,1548,-1,3832,1548,3838,-1,3838,1548,1546,-1,3838,1546,3839,-1,3839,1546,1545,-1,3839,1545,3840,-1,3840,1545,1264,-1,3840,1264,3841,-1,1264,1263,3841,-1,3841,1263,1555,-1,3841,1555,3842,-1,3175,3174,3843,-1,3843,3174,3241,-1,3843,3241,3844,-1,3844,3241,3240,-1,3844,3240,3837,-1,3837,3240,3238,-1,3837,3238,3237,-1,3175,3843,3235,-1,3235,3843,3845,-1,3235,3845,3846,-1,1555,1554,3842,-1,3842,1554,1553,-1,3842,1553,3847,-1,3847,1553,1551,-1,3847,1551,3848,-1,3848,1551,1550,-1,3848,1550,3849,-1,3233,3177,3846,-1,3177,3179,3846,-1,3846,3179,3236,-1,3846,3236,3235,-1,3846,3850,3233,-1,3233,3850,3851,-1,3233,3851,3232,-1,3232,3851,3852,-1,3232,3852,3231,-1,1550,1559,3849,-1,3849,1559,1558,-1,3849,1558,3853,-1,3853,1558,1556,-1,3853,1556,3854,-1,3854,1556,1261,-1,3854,1261,3855,-1,3231,3852,3229,-1,3229,3852,3856,-1,3229,3856,3227,-1,3227,3856,3222,-1,3222,3856,3857,-1,3222,3857,3223,-1,1261,1260,3855,-1,3855,1260,1562,-1,3855,1562,3858,-1,3858,1562,1561,-1,3858,1561,3859,-1,3859,1561,1560,-1,3859,1560,3860,-1,3860,1560,1566,-1,3860,1566,3861,-1,3223,3857,3225,-1,3225,3857,3862,-1,3225,3862,3226,-1,3226,3862,3863,-1,3226,3863,3217,-1,3217,3863,3864,-1,3217,3864,3218,-1,3865,3215,3866,-1,3866,3215,3214,-1,3866,3214,3864,-1,3864,3214,3220,-1,3864,3220,3218,-1,1566,1564,3861,-1,3861,1564,1563,-1,3861,1563,3867,-1,3867,1563,1570,-1,3867,1570,3868,-1,3868,1570,1568,-1,3868,1568,3869,-1,3870,3213,3871,-1,3871,3213,3212,-1,3871,3212,3865,-1,3865,3212,3216,-1,3865,3216,3215,-1,3872,3208,3870,-1,3870,3208,3210,-1,3870,3210,3213,-1,3873,3204,3874,-1,3874,3204,3203,-1,3874,3203,3872,-1,3872,3203,3206,-1,3872,3206,3208,-1,1568,1567,3869,-1,3869,1567,1574,-1,3869,1574,3875,-1,3875,1574,1572,-1,3875,1572,3876,-1,3876,1572,1571,-1,3876,1571,3877,-1,3877,1571,1575,-1,3877,1575,3878,-1,3878,1575,1579,-1,3878,1579,3879,-1,3880,3195,3881,-1,3881,3195,3202,-1,3881,3202,3882,-1,3882,3202,3201,-1,3882,3201,3873,-1,3873,3201,3205,-1,3873,3205,3204,-1,1579,1578,3879,-1,3879,1578,1577,-1,3879,1577,3883,-1,3883,1577,1583,-1,3883,1583,3884,-1,3884,1583,1581,-1,3884,1581,3885,-1,3194,3198,3880,-1,3880,3198,3196,-1,3880,3196,3195,-1,3194,3880,3193,-1,3193,3880,3886,-1,3193,3886,3800,-1,1581,1580,3885,-1,3885,1580,1589,-1,3885,1589,3887,-1,3887,1589,1587,-1,3887,1587,3888,-1,3888,1587,1585,-1,3888,1585,3889,-1,3889,1585,1584,-1,3191,3800,3187,-1,3187,3800,3890,-1,3187,3890,3188,-1,3188,3890,3891,-1,3188,3891,3189,-1,1584,1592,3889,-1,3889,1592,1591,-1,3889,1591,3892,-1,3892,1591,1590,-1,3892,1590,3893,-1,3893,1590,1598,-1,3893,1598,3894,-1,3894,1598,1597,-1,3894,1597,3895,-1,3895,1597,1596,-1,1596,3896,3895,-1,3895,3896,3897,-1,3895,3897,3894,-1,3894,3897,3898,-1,3894,3898,3893,-1,3893,3898,3899,-1,3893,3899,3892,-1,3892,3899,3900,-1,3892,3900,3889,-1,3889,3900,3901,-1,3889,3901,3888,-1,3888,3901,3902,-1,3888,3902,3887,-1,3887,3902,3903,-1,3887,3903,3885,-1,3885,3903,3904,-1,3885,3904,3884,-1,3884,3904,3905,-1,3884,3905,3883,-1,3883,3905,3906,-1,3883,3906,3879,-1,3879,3906,3907,-1,3879,3907,3878,-1,3878,3907,3908,-1,3878,3908,3877,-1,3877,3908,3909,-1,3877,3909,3876,-1,3876,3909,3910,-1,3876,3910,3875,-1,3875,3910,3911,-1,3875,3911,3869,-1,3869,3911,3912,-1,3869,3912,3868,-1,3868,3912,3913,-1,3868,3913,3867,-1,3867,3913,3914,-1,3867,3914,3861,-1,3861,3914,3915,-1,3861,3915,3860,-1,3860,3915,3916,-1,3860,3916,3859,-1,3859,3916,3917,-1,3859,3917,3858,-1,3858,3917,3918,-1,3858,3918,3855,-1,3855,3918,3919,-1,3855,3919,3854,-1,3854,3919,3920,-1,3854,3920,3853,-1,3853,3920,3921,-1,3853,3921,3849,-1,3849,3921,3922,-1,3849,3922,3848,-1,3848,3922,3923,-1,3848,3923,3847,-1,3847,3923,3924,-1,3847,3924,3842,-1,3842,3924,3925,-1,3842,3925,3841,-1,3841,3925,3926,-1,3841,3926,3840,-1,3840,3926,3927,-1,3840,3927,3839,-1,3839,3927,3928,-1,3839,3928,3838,-1,3838,3928,3929,-1,3838,3929,3832,-1,3832,3929,3930,-1,3832,3930,3831,-1,3831,3930,3931,-1,3831,3931,3830,-1,3830,3931,3932,-1,3830,3932,3829,-1,3829,3932,3933,-1,3829,3933,3828,-1,3828,3933,3934,-1,3828,3934,3822,-1,3822,3934,3935,-1,3822,3935,3821,-1,3821,3935,3936,-1,3821,3936,3820,-1,3820,3936,3937,-1,3820,3937,3819,-1,3819,3937,3938,-1,3819,3938,3815,-1,3815,3938,3939,-1,3815,3939,3811,-1,3811,3939,3940,-1,3811,3940,3810,-1,3810,3940,3941,-1,3810,3941,3809,-1,3809,3941,3942,-1,3809,3942,3808,-1,3808,3942,3943,-1,3808,3943,3805,-1,3805,3943,3944,-1,3805,3944,3804,-1,3804,3944,3945,-1,3804,3945,3803,-1,3803,3945,3946,-1,3803,3946,3791,-1,3791,3946,3790,-1,3896,3797,3897,-1,3897,3797,3799,-1,3897,3799,3898,-1,3898,3799,3947,-1,3898,3947,3899,-1,3899,3947,3948,-1,3899,3948,3900,-1,3900,3948,3949,-1,3900,3949,3901,-1,3901,3949,3950,-1,3901,3950,3902,-1,3902,3950,3951,-1,3902,3951,3903,-1,3903,3951,3952,-1,3903,3952,3904,-1,3904,3952,3953,-1,3904,3953,3905,-1,3905,3953,3954,-1,3905,3954,3906,-1,3906,3954,3955,-1,3906,3955,3907,-1,3907,3955,3956,-1,3907,3956,3908,-1,3908,3956,3957,-1,3908,3957,3909,-1,3909,3957,3958,-1,3909,3958,3910,-1,3910,3958,3959,-1,3910,3959,3911,-1,3911,3959,3960,-1,3911,3960,3912,-1,3912,3960,3961,-1,3912,3961,3913,-1,3913,3961,3962,-1,3913,3962,3914,-1,3914,3962,3963,-1,3914,3963,3915,-1,3915,3963,3964,-1,3915,3964,3916,-1,3916,3964,3965,-1,3916,3965,3917,-1,3917,3965,3966,-1,3917,3966,3918,-1,3918,3966,3967,-1,3918,3967,3919,-1,3919,3967,3968,-1,3919,3968,3920,-1,3920,3968,3969,-1,3920,3969,3921,-1,3921,3969,3970,-1,3921,3970,3922,-1,3922,3970,3971,-1,3922,3971,3923,-1,3923,3971,3972,-1,3923,3972,3924,-1,3924,3972,3973,-1,3924,3973,3925,-1,3925,3973,3974,-1,3925,3974,3926,-1,3926,3974,3975,-1,3926,3975,3927,-1,3927,3975,3976,-1,3927,3976,3928,-1,3928,3976,3977,-1,3928,3977,3929,-1,3929,3977,3978,-1,3929,3978,3930,-1,3930,3978,3979,-1,3930,3979,3931,-1,3931,3979,3980,-1,3931,3980,3932,-1,3932,3980,3981,-1,3932,3981,3933,-1,3933,3981,3982,-1,3933,3982,3934,-1,3934,3982,3983,-1,3934,3983,3935,-1,3935,3983,3984,-1,3935,3984,3936,-1,3936,3984,3985,-1,3936,3985,3937,-1,3937,3985,3986,-1,3937,3986,3938,-1,3938,3986,3987,-1,3938,3987,3939,-1,3939,3987,3988,-1,3939,3988,3940,-1,3940,3988,3989,-1,3940,3989,3941,-1,3941,3989,3990,-1,3941,3990,3942,-1,3942,3990,3991,-1,3942,3991,3943,-1,3943,3991,3992,-1,3943,3992,3944,-1,3944,3992,3993,-1,3944,3993,3945,-1,3945,3993,3994,-1,3945,3994,3946,-1,3946,3994,3995,-1,3946,3995,3790,-1,3790,3995,3789,-1,3798,3996,3799,-1,3799,3996,3997,-1,3799,3997,3947,-1,3947,3997,3998,-1,3947,3998,3948,-1,3948,3998,3999,-1,3948,3999,3949,-1,3949,3999,4000,-1,3949,4000,3950,-1,3950,4000,4001,-1,3950,4001,3951,-1,3951,4001,4002,-1,3951,4002,3952,-1,3952,4002,4003,-1,3952,4003,3953,-1,3953,4003,4004,-1,3953,4004,3954,-1,3954,4004,4005,-1,3954,4005,3955,-1,3955,4005,4006,-1,3955,4006,3956,-1,3956,4006,4007,-1,3956,4007,3957,-1,3957,4007,4008,-1,3957,4008,3958,-1,3958,4008,4009,-1,3958,4009,3959,-1,3959,4009,4010,-1,3959,4010,3960,-1,3960,4010,4011,-1,3960,4011,3961,-1,3961,4011,4012,-1,3961,4012,3962,-1,3962,4012,4013,-1,3962,4013,3963,-1,3963,4013,4014,-1,3963,4014,3964,-1,3964,4014,4015,-1,3964,4015,3965,-1,3965,4015,4016,-1,3965,4016,3966,-1,3966,4016,4017,-1,3966,4017,3967,-1,3967,4017,4018,-1,3967,4018,3968,-1,3968,4018,4019,-1,3968,4019,3969,-1,3969,4019,4020,-1,3969,4020,3970,-1,3970,4020,4021,-1,3970,4021,3971,-1,3971,4021,4022,-1,3971,4022,3972,-1,3972,4022,4023,-1,3972,4023,3973,-1,3973,4023,4024,-1,3973,4024,3974,-1,3974,4024,4025,-1,3974,4025,3975,-1,3975,4025,4026,-1,3975,4026,3976,-1,3976,4026,4027,-1,3976,4027,3977,-1,3977,4027,4028,-1,3977,4028,3978,-1,3978,4028,4029,-1,3978,4029,3979,-1,3979,4029,4030,-1,3979,4030,3980,-1,3980,4030,4031,-1,3980,4031,3981,-1,3981,4031,4032,-1,3981,4032,3982,-1,3982,4032,4033,-1,3982,4033,3983,-1,3983,4033,4034,-1,3983,4034,3984,-1,3984,4034,4035,-1,3984,4035,3985,-1,3985,4035,4036,-1,3985,4036,3986,-1,3986,4036,4037,-1,3986,4037,3987,-1,3987,4037,4038,-1,3987,4038,3988,-1,3988,4038,4039,-1,3988,4039,3989,-1,3989,4039,4040,-1,3989,4040,3990,-1,3990,4040,4041,-1,3990,4041,3991,-1,3991,4041,4042,-1,3991,4042,3992,-1,3992,4042,4043,-1,3992,4043,3993,-1,3993,4043,4044,-1,3993,4044,3994,-1,3994,4044,4045,-1,3994,4045,3995,-1,3995,4045,4046,-1,3995,4046,3789,-1,3789,4046,3788,-1,3996,4047,3997,-1,3997,4047,4048,-1,3997,4048,3998,-1,3998,4048,4049,-1,3998,4049,3999,-1,3999,4049,4050,-1,3999,4050,4000,-1,4000,4050,4051,-1,4000,4051,4001,-1,4001,4051,4052,-1,4001,4052,4002,-1,4002,4052,4053,-1,4002,4053,4003,-1,4003,4053,4054,-1,4003,4054,4004,-1,4004,4054,4055,-1,4004,4055,4005,-1,4005,4055,4056,-1,4005,4056,4006,-1,4006,4056,4057,-1,4006,4057,4007,-1,4007,4057,4058,-1,4007,4058,4008,-1,4008,4058,4059,-1,4008,4059,4009,-1,4009,4059,4060,-1,4009,4060,4010,-1,4010,4060,4061,-1,4010,4061,4011,-1,4011,4061,4062,-1,4011,4062,4012,-1,4012,4062,4063,-1,4012,4063,4013,-1,4013,4063,4064,-1,4013,4064,4014,-1,4014,4064,4065,-1,4014,4065,4015,-1,4015,4065,4066,-1,4015,4066,4016,-1,4016,4066,4067,-1,4016,4067,4017,-1,4017,4067,4068,-1,4017,4068,4018,-1,4018,4068,4069,-1,4018,4069,4019,-1,4019,4069,4070,-1,4019,4070,4020,-1,4020,4070,4071,-1,4020,4071,4021,-1,4021,4071,4072,-1,4021,4072,4022,-1,4022,4072,4073,-1,4022,4073,4023,-1,4023,4073,4074,-1,4023,4074,4024,-1,4024,4074,4075,-1,4024,4075,4025,-1,4025,4075,4076,-1,4025,4076,4026,-1,4026,4076,4077,-1,4026,4077,4027,-1,4027,4077,4078,-1,4027,4078,4028,-1,4028,4078,4079,-1,4028,4079,4029,-1,4029,4079,4080,-1,4029,4080,4030,-1,4030,4080,4081,-1,4030,4081,4031,-1,4031,4081,4082,-1,4031,4082,4032,-1,4032,4082,4083,-1,4032,4083,4033,-1,4033,4083,4084,-1,4033,4084,4034,-1,4034,4084,4085,-1,4034,4085,4035,-1,4035,4085,4086,-1,4035,4086,4036,-1,4036,4086,4087,-1,4036,4087,4037,-1,4037,4087,4088,-1,4037,4088,4038,-1,4038,4088,4089,-1,4038,4089,4039,-1,4039,4089,4090,-1,4039,4090,4040,-1,4040,4090,4091,-1,4040,4091,4041,-1,4041,4091,4092,-1,4041,4092,4042,-1,4042,4092,4093,-1,4042,4093,4043,-1,4043,4093,4094,-1,4043,4094,4044,-1,4044,4094,4095,-1,4044,4095,4045,-1,4045,4095,4096,-1,4045,4096,4046,-1,4046,4096,4097,-1,4046,4097,3788,-1,3788,4097,3787,-1,4047,3794,4048,-1,4048,3794,3796,-1,4048,3796,4049,-1,4049,3796,4098,-1,4049,4098,4050,-1,4050,4098,4099,-1,4050,4099,4051,-1,4051,4099,4100,-1,4051,4100,4052,-1,4052,4100,3891,-1,4052,3891,4053,-1,4053,3891,3890,-1,4053,3890,4054,-1,4054,3890,3800,-1,4054,3800,4055,-1,4055,3800,3886,-1,4055,3886,4056,-1,4056,3886,3880,-1,4056,3880,4057,-1,4057,3880,3881,-1,4057,3881,4058,-1,4058,3881,3882,-1,4058,3882,4059,-1,4059,3882,3873,-1,4059,3873,4060,-1,4060,3873,3874,-1,4060,3874,4061,-1,4061,3874,3872,-1,4061,3872,4062,-1,4062,3872,3870,-1,4062,3870,4063,-1,4063,3870,3871,-1,4063,3871,4064,-1,4064,3871,3865,-1,4064,3865,4065,-1,4065,3865,3866,-1,4065,3866,4066,-1,4066,3866,3864,-1,4066,3864,4067,-1,4067,3864,3863,-1,4067,3863,4068,-1,4068,3863,3862,-1,4068,3862,4069,-1,4069,3862,3857,-1,4069,3857,4070,-1,4070,3857,3856,-1,4070,3856,4071,-1,4071,3856,3852,-1,4071,3852,4072,-1,4072,3852,3851,-1,4072,3851,4073,-1,4073,3851,3850,-1,4073,3850,4074,-1,4074,3850,3846,-1,4074,3846,4075,-1,4075,3846,3845,-1,4075,3845,4076,-1,4076,3845,3843,-1,4076,3843,4077,-1,4077,3843,3844,-1,4077,3844,4078,-1,4078,3844,3837,-1,4078,3837,4079,-1,4079,3837,3835,-1,4079,3835,4080,-1,4080,3835,3836,-1,4080,3836,4081,-1,4081,3836,3834,-1,4081,3834,4082,-1,4082,3834,3833,-1,4082,3833,4083,-1,4083,3833,3827,-1,4083,3827,4084,-1,4084,3827,3826,-1,4084,3826,4085,-1,4085,3826,3825,-1,4085,3825,4086,-1,4086,3825,3823,-1,4086,3823,4087,-1,4087,3823,3824,-1,4087,3824,4088,-1,4088,3824,3818,-1,4088,3818,4089,-1,4089,3818,3817,-1,4089,3817,4090,-1,4090,3817,3816,-1,4090,3816,4091,-1,4091,3816,3814,-1,4091,3814,4092,-1,4092,3814,3813,-1,4092,3813,4093,-1,4093,3813,3812,-1,4093,3812,4094,-1,4094,3812,3807,-1,4094,3807,4095,-1,4095,3807,3801,-1,4095,3801,4096,-1,4096,3801,3806,-1,4096,3806,4097,-1,4097,3806,3802,-1,4097,3802,3787,-1,3787,3802,1100,-1,3189,3891,3190,-1,3190,3891,4100,-1,3190,4100,3186,-1,3186,4100,4099,-1,3186,4099,3184,-1,3184,4099,4098,-1,3184,4098,3183,-1,3183,4098,3796,-1,3183,3796,3180,-1,3180,3796,3795,-1,3180,3795,3181,-1,3996,3798,4101,-1,4101,3798,3797,-1,4101,3797,1594,-1,1594,3797,3896,-1,1594,3896,1596,-1,3181,3795,3415,-1,3415,3795,3794,-1,3415,3794,4101,-1,4101,3794,4047,-1,4101,4047,3996,-1,3409,3415,3793,-1,3793,3415,4101,-1,3793,4101,1593,-1,1593,4101,1594,-1,3118,3117,4102,-1,4102,3117,4103,-1,4102,4103,1308,-1,1308,4103,403,-1,1307,4104,1308,-1,1308,4104,4105,-1,1308,4105,4102,-1,4102,4105,4106,-1,4102,4106,4107,-1,4107,4108,4102,-1,4102,4108,4109,-1,4102,4109,3118,-1,3118,4109,4110,-1,3118,4110,3041,-1,3117,3116,4103,-1,4103,3116,4111,-1,4103,4111,403,-1,403,4111,25,-1,3005,3004,4112,-1,3009,3013,4113,-1,4114,4115,4116,-1,3016,3014,4117,-1,2872,2871,4118,-1,1294,1293,4119,-1,3022,3020,4120,-1,1321,1324,4121,-1,1315,1319,4122,-1,4123,3026,3024,-1,1309,1318,4124,-1,1313,1312,4125,-1,4104,1307,1306,-1,4105,4104,4126,-1,4109,4108,4127,-1,3041,4128,3040,-1,3040,4128,4129,-1,3040,4129,3038,-1,3038,4129,4130,-1,3038,4130,3042,-1,3042,4130,4131,-1,3042,4131,3043,-1,3043,4131,4132,-1,4104,1306,4126,-1,4126,1306,1305,-1,4126,1305,4133,-1,4133,1305,1304,-1,4133,1304,4134,-1,4134,1304,1303,-1,4134,1303,4135,-1,4135,1303,1302,-1,4135,1302,4136,-1,4136,1302,1300,-1,4136,1300,4137,-1,4137,1300,1299,-1,4137,1299,4138,-1,4138,1299,4139,-1,4139,1299,1297,-1,4139,1297,1296,-1,4140,3034,4141,-1,4141,3034,3032,-1,4141,3032,4142,-1,4142,3032,3031,-1,4142,3031,4132,-1,4132,3031,3044,-1,4132,3044,3043,-1,4106,4105,4143,-1,4143,4105,4126,-1,4143,4126,4144,-1,4144,4126,4133,-1,4144,4133,4145,-1,4145,4133,4134,-1,4145,4134,4146,-1,4146,4134,4135,-1,4146,4135,4147,-1,4147,4135,4136,-1,4147,4136,4148,-1,4148,4136,4137,-1,4148,4137,4149,-1,4149,4137,4138,-1,4149,4138,4150,-1,4150,4138,4139,-1,4150,4139,4151,-1,4107,4106,4152,-1,4152,4106,4143,-1,4152,4143,4153,-1,4153,4143,4144,-1,4153,4144,4154,-1,4154,4144,4145,-1,4154,4145,4155,-1,4155,4145,4146,-1,4155,4146,4156,-1,4156,4146,4147,-1,4156,4147,4157,-1,4157,4147,4148,-1,4157,4148,4158,-1,4158,4148,4149,-1,4158,4149,4159,-1,4159,4149,4150,-1,4159,4150,4160,-1,4160,4150,4151,-1,4160,4151,4161,-1,2869,2868,4162,-1,4162,2868,3030,-1,4162,3030,4163,-1,4163,3030,3035,-1,4163,3035,4140,-1,4140,3035,3037,-1,4140,3037,3034,-1,4108,4107,4127,-1,4127,4107,4152,-1,4127,4152,4164,-1,4164,4152,4153,-1,4164,4153,4165,-1,4165,4153,4154,-1,4165,4154,4166,-1,4166,4154,4155,-1,4166,4155,4167,-1,4167,4155,4156,-1,4167,4156,4168,-1,4168,4156,4157,-1,4168,4157,4169,-1,4169,4157,4158,-1,4169,4158,4170,-1,4170,4158,4159,-1,4170,4159,4171,-1,4171,4159,4160,-1,4171,4160,4172,-1,4172,4160,4161,-1,4172,4161,4173,-1,4110,4109,4174,-1,4174,4109,4127,-1,4174,4127,4175,-1,4175,4127,4164,-1,4175,4164,4176,-1,4176,4164,4165,-1,4176,4165,4177,-1,4177,4165,4166,-1,4177,4166,4178,-1,4178,4166,4167,-1,4178,4167,4179,-1,4179,4167,4168,-1,4179,4168,4180,-1,4180,4168,4169,-1,4180,4169,4181,-1,4181,4169,4170,-1,4181,4170,4182,-1,4182,4170,4171,-1,4182,4171,4183,-1,4183,4171,4172,-1,4183,4172,4184,-1,4184,4172,4173,-1,4184,4173,4185,-1,2869,4162,3024,-1,3024,4162,4186,-1,3024,4186,4123,-1,3041,4110,4128,-1,4128,4110,4174,-1,4128,4174,4129,-1,4129,4174,4175,-1,4129,4175,4130,-1,4130,4175,4176,-1,4130,4176,4131,-1,4131,4176,4177,-1,4131,4177,4132,-1,4132,4177,4178,-1,4132,4178,4142,-1,4142,4178,4179,-1,4142,4179,4141,-1,4141,4179,4180,-1,4141,4180,4140,-1,4140,4180,4181,-1,4140,4181,4163,-1,4163,4181,4182,-1,4163,4182,4162,-1,4162,4182,4183,-1,4162,4183,4186,-1,4186,4183,4184,-1,4186,4184,4123,-1,4123,4184,4185,-1,4123,4185,4187,-1,4187,3019,3029,-1,4187,3029,4123,-1,4123,3029,3027,-1,4123,3027,3026,-1,3020,3019,4120,-1,4120,3019,4187,-1,4120,4187,4188,-1,4188,4187,4185,-1,4188,4185,4189,-1,4189,4185,4173,-1,4189,4173,4190,-1,4190,4173,4161,-1,4190,4161,4191,-1,4191,4161,4151,-1,4191,4151,4125,-1,4125,4151,4139,-1,4125,4139,1313,-1,1313,4139,1296,-1,4192,3018,3023,-1,3023,3022,4192,-1,4192,3022,4120,-1,4192,4120,4193,-1,4193,4120,4188,-1,4193,4188,4194,-1,4194,4188,4189,-1,4194,4189,4195,-1,4195,4189,4190,-1,4195,4190,4196,-1,4196,4190,4191,-1,4196,4191,4197,-1,4197,4191,4125,-1,4197,4125,1310,-1,1310,4125,1312,-1,2871,3018,4118,-1,4118,3018,4192,-1,4118,4192,4198,-1,4198,4192,4193,-1,4198,4193,4199,-1,4199,4193,4194,-1,4199,4194,4200,-1,4200,4194,4195,-1,4200,4195,4201,-1,4201,4195,4196,-1,4201,4196,4124,-1,4124,4196,4197,-1,4124,4197,1309,-1,1309,4197,1310,-1,3014,2872,4117,-1,4117,2872,4118,-1,4117,4118,4202,-1,4202,4118,4198,-1,4202,4198,4203,-1,4203,4198,4199,-1,4203,4199,4204,-1,4204,4199,4200,-1,4204,4200,4205,-1,4205,4200,4201,-1,4205,4201,4206,-1,4206,4201,4124,-1,4206,4124,1317,-1,1317,4124,1318,-1,4207,3012,3011,-1,3011,3016,4207,-1,4207,3016,4117,-1,4207,4117,4208,-1,4208,4117,4202,-1,4208,4202,4209,-1,4209,4202,4203,-1,4209,4203,4210,-1,4210,4203,4204,-1,4210,4204,4211,-1,4211,4204,4205,-1,4211,4205,4212,-1,4212,4205,4206,-1,4212,4206,1316,-1,1316,4206,1317,-1,3013,3012,4113,-1,4113,3012,4207,-1,4113,4207,4213,-1,4213,4207,4208,-1,4213,4208,4214,-1,4214,4208,4209,-1,4214,4209,4215,-1,4215,4209,4210,-1,4215,4210,4216,-1,4216,4210,4211,-1,4216,4211,4122,-1,4122,4211,4212,-1,4122,4212,1315,-1,1315,4212,1316,-1,4217,4115,4218,-1,4218,4115,4114,-1,4218,4114,4219,-1,3002,3001,4220,-1,4220,3001,3010,-1,3010,3009,4220,-1,4220,3009,4113,-1,4220,4113,4221,-1,4221,4113,4213,-1,4221,4213,4222,-1,4222,4213,4214,-1,4222,4214,4223,-1,4223,4214,4215,-1,4223,4215,4224,-1,4224,4215,4216,-1,4224,4216,4121,-1,4121,4216,4122,-1,4121,4122,1321,-1,1321,4122,1319,-1,1329,1328,4219,-1,4219,1328,1326,-1,4219,1326,4218,-1,4218,1326,1325,-1,4218,1325,4217,-1,4217,1325,1335,-1,4217,1335,1333,-1,3004,3002,4112,-1,4112,3002,4220,-1,4112,4220,4225,-1,4225,4220,4221,-1,4225,4221,4226,-1,4226,4221,4222,-1,4226,4222,4227,-1,4227,4222,4223,-1,4227,4223,4228,-1,4228,4223,4224,-1,4228,4224,4229,-1,4229,4224,4121,-1,4229,4121,1322,-1,1322,4121,1324,-1,4230,4116,4231,-1,4231,4116,4115,-1,4231,4115,4232,-1,4232,4115,4217,-1,4232,4217,4233,-1,4233,4217,1333,-1,4233,1333,1332,-1,3006,3005,4234,-1,4234,3005,4112,-1,4234,4112,4235,-1,4235,4112,4225,-1,4235,4225,4236,-1,4236,4225,4226,-1,4236,4226,4237,-1,4237,4226,4227,-1,4237,4227,4238,-1,4238,4227,4228,-1,4238,4228,4119,-1,4119,4228,4229,-1,4119,4229,1294,-1,1294,4229,1322,-1,4239,4230,4240,-1,4240,4230,4231,-1,4240,4231,4241,-1,4241,4231,4232,-1,4241,4232,4242,-1,4242,4232,4233,-1,4242,4233,4243,-1,4243,4233,1332,-1,4243,1332,1331,-1,4244,4239,4245,-1,4245,4239,4240,-1,4245,4240,4246,-1,4246,4240,4241,-1,4246,4241,4247,-1,4247,4241,4242,-1,4247,4242,4248,-1,4248,4242,4243,-1,4248,4243,4249,-1,4249,4243,1331,-1,4249,1331,1339,-1,3007,3006,4244,-1,4244,3006,4234,-1,4244,4234,4239,-1,4239,4234,4235,-1,4239,4235,4230,-1,4230,4235,4236,-1,4230,4236,4116,-1,4116,4236,4237,-1,4116,4237,4114,-1,4114,4237,4238,-1,4114,4238,4219,-1,4219,4238,4119,-1,4219,4119,1329,-1,1329,4119,1293,-1,818,3007,4250,-1,4250,3007,4244,-1,4250,4244,4251,-1,4251,4244,4245,-1,4251,4245,4252,-1,4252,4245,4246,-1,4252,4246,4253,-1,4253,4246,4247,-1,4253,4247,4254,-1,4254,4247,4248,-1,4254,4248,4255,-1,4255,4248,4249,-1,4255,4249,1338,-1,1338,4249,1339,-1,4256,466,4257,-1,3114,4256,4258,-1,3114,4258,3160,-1,3160,4258,4259,-1,3160,4259,3161,-1,3161,4259,4260,-1,3161,4260,3162,-1,3162,4260,4261,-1,3162,4261,3148,-1,3148,4261,3149,-1,3149,4261,4262,-1,3149,4262,3150,-1,3150,4262,4263,-1,3150,4263,3151,-1,3151,4263,4264,-1,3151,4264,3152,-1,3152,4264,4265,-1,3152,4265,3153,-1,3153,4265,4266,-1,3153,4266,3154,-1,3154,4266,4267,-1,3154,4267,3155,-1,3155,4267,4268,-1,3155,4268,3156,-1,3156,4268,4269,-1,3156,4269,3157,-1,3157,4269,4270,-1,3157,4270,3158,-1,3158,4270,3159,-1,3159,4270,4271,-1,3159,4271,3144,-1,3144,4271,4272,-1,3144,4272,3145,-1,3145,4272,4273,-1,3145,4273,3146,-1,3146,4273,4274,-1,3146,4274,3147,-1,3147,4274,4275,-1,3147,4275,3142,-1,3142,4275,4276,-1,3142,4276,3141,-1,3141,4276,4277,-1,3141,4277,3139,-1,3139,4277,4278,-1,3139,4278,3163,-1,3163,4278,4279,-1,3163,4279,3123,-1,3123,4279,3124,-1,3124,4279,4280,-1,3124,4280,3135,-1,3135,4280,4281,-1,3135,4281,3136,-1,3136,4281,4282,-1,3136,4282,3131,-1,3131,4282,4283,-1,3131,4283,3132,-1,3132,4283,4284,-1,3132,4284,3133,-1,3133,4284,4285,-1,3133,4285,3134,-1,3134,4285,4286,-1,3134,4286,3137,-1,3137,4286,4287,-1,3137,4287,3138,-1,4256,4257,4258,-1,4258,4257,4288,-1,4258,4288,4259,-1,4259,4288,462,-1,4259,462,4260,-1,4260,462,4289,-1,4260,4289,4261,-1,4261,4289,4290,-1,4261,4290,4262,-1,4262,4290,4291,-1,4262,4291,4263,-1,4263,4291,455,-1,4263,455,4264,-1,4264,455,4292,-1,4264,4292,4265,-1,4265,4292,4293,-1,4265,4293,4266,-1,4266,4293,4294,-1,4266,4294,4267,-1,4267,4294,42,-1,4267,42,4268,-1,4268,42,4295,-1,4268,4295,4269,-1,4269,4295,4296,-1,4269,4296,4270,-1,4270,4296,46,-1,4270,46,4271,-1,4271,46,4297,-1,4271,4297,4272,-1,4272,4297,4298,-1,4272,4298,4273,-1,4273,4298,49,-1,4273,49,4274,-1,4274,49,4299,-1,4274,4299,4275,-1,4275,4299,4300,-1,4275,4300,4276,-1,4276,4300,4301,-1,4276,4301,4277,-1,4277,4301,38,-1,4277,38,4278,-1,4278,38,4302,-1,4278,4302,4279,-1,4279,4302,4303,-1,4279,4303,4280,-1,4280,4303,35,-1,4280,35,4281,-1,4281,35,4304,-1,4281,4304,4282,-1,4282,4304,4305,-1,4282,4305,4283,-1,4283,4305,33,-1,4283,33,4284,-1,4284,33,4306,-1,4284,4306,4285,-1,4285,4306,4307,-1,4285,4307,4286,-1,4286,4307,4308,-1,4286,4308,4287,-1,4287,4308,30,-1,4287,30,4309,-1,4309,30,4310,-1,4309,4310,4311,-1,4311,4310,4312,-1,4311,4312,4313,-1,4313,4312,4314,-1,4313,4314,4315,-1,4315,4314,25,-1,4315,25,4111,-1,3138,4287,3127,-1,3127,4287,4309,-1,3127,4309,3128,-1,3128,4309,4311,-1,3128,4311,3129,-1,3129,4311,4313,-1,3129,4313,3130,-1,3130,4313,4315,-1,3130,4315,3126,-1,3126,4315,4111,-1,3126,4111,3116,-1,1288,1287,4316,-1,4317,651,790,-1,4318,790,789,-1,4319,789,788,-1,4320,788,783,-1,4321,4322,4323,-1,787,793,4324,-1,795,801,4325,-1,798,797,4326,-1,1357,1356,4327,-1,806,805,4328,-1,802,810,4329,-1,817,816,4330,-1,1343,1341,4331,-1,4332,4255,1337,-1,1337,4255,1338,-1,820,819,4333,-1,4333,819,818,-1,4333,818,4250,-1,812,820,4334,-1,4334,820,4333,-1,4334,4333,4335,-1,4335,4333,4250,-1,4335,4250,4251,-1,814,812,4336,-1,4336,812,4334,-1,4336,4334,4337,-1,4337,4334,4335,-1,4337,4335,4338,-1,4338,4335,4251,-1,4338,4251,4252,-1,815,814,4339,-1,4339,814,4336,-1,4339,4336,4340,-1,4340,4336,4337,-1,4340,4337,4341,-1,4341,4337,4338,-1,4341,4338,4342,-1,4342,4338,4252,-1,4342,4252,4253,-1,816,815,4330,-1,4330,815,4339,-1,4330,4339,4343,-1,4343,4339,4340,-1,4343,4340,4344,-1,4344,4340,4341,-1,4344,4341,4345,-1,4345,4341,4342,-1,4345,4342,4346,-1,4346,4342,4253,-1,4346,4253,4254,-1,808,817,4347,-1,4347,817,4330,-1,4347,4330,4348,-1,4348,4330,4343,-1,4348,4343,4349,-1,4349,4343,4344,-1,4349,4344,4350,-1,4350,4344,4345,-1,4350,4345,4351,-1,4351,4345,4346,-1,4351,4346,4332,-1,4332,4346,4254,-1,4332,4254,4255,-1,809,808,4352,-1,4352,808,4347,-1,4352,4347,4353,-1,4353,4347,4348,-1,4353,4348,4354,-1,4354,4348,4349,-1,4354,4349,4355,-1,4355,4349,4350,-1,4355,4350,4356,-1,4356,4350,4351,-1,4356,4351,4357,-1,4357,4351,4332,-1,4357,4332,1336,-1,1336,4332,1337,-1,810,809,4329,-1,4329,809,4352,-1,4329,4352,4358,-1,4358,4352,4353,-1,4358,4353,4359,-1,4359,4353,4354,-1,4359,4354,4360,-1,4360,4354,4355,-1,4360,4355,4361,-1,4361,4355,4356,-1,4361,4356,4331,-1,4331,4356,4357,-1,4331,4357,1343,-1,1343,4357,1336,-1,803,802,4362,-1,4362,802,4329,-1,4362,4329,4363,-1,4363,4329,4358,-1,4363,4358,4364,-1,4364,4358,4359,-1,4364,4359,4365,-1,4365,4359,4360,-1,4365,4360,4366,-1,4366,4360,4361,-1,4366,4361,4367,-1,4367,4361,4331,-1,4367,4331,1340,-1,1340,4331,1341,-1,805,803,4328,-1,4328,803,4362,-1,4328,4362,4368,-1,4368,4362,4363,-1,4368,4363,4369,-1,4369,4363,4364,-1,4369,4364,4370,-1,4370,4364,4365,-1,4370,4365,4371,-1,4371,4365,4366,-1,4371,4366,4372,-1,4372,4366,4367,-1,4372,4367,1345,-1,1345,4367,1340,-1,797,806,4326,-1,4326,806,4328,-1,4326,4328,4373,-1,4373,4328,4368,-1,4373,4368,4374,-1,4374,4368,4369,-1,4374,4369,4375,-1,4375,4369,4370,-1,4375,4370,4376,-1,4376,4370,4371,-1,4376,4371,4377,-1,4377,4371,4372,-1,4377,4372,1344,-1,1344,4372,1345,-1,800,798,4378,-1,4378,798,4326,-1,4378,4326,4379,-1,4379,4326,4373,-1,4379,4373,4380,-1,4380,4373,4374,-1,4380,4374,4381,-1,4381,4374,4375,-1,4381,4375,4382,-1,4382,4375,4376,-1,4382,4376,4383,-1,4383,4376,4377,-1,4383,4377,1291,-1,1291,4377,1344,-1,801,800,4325,-1,4325,800,4378,-1,4325,4378,4384,-1,4384,4378,4379,-1,4384,4379,4385,-1,4385,4379,4380,-1,4385,4380,4386,-1,4386,4380,4381,-1,4386,4381,4387,-1,4387,4381,4382,-1,4387,4382,4388,-1,4388,4382,4383,-1,4388,4383,1290,-1,1290,4383,1291,-1,791,795,4389,-1,4389,795,4325,-1,4389,4325,4390,-1,4390,4325,4384,-1,4390,4384,4391,-1,4391,4384,4385,-1,4391,4385,4392,-1,4392,4385,4386,-1,4392,4386,4393,-1,4393,4386,4387,-1,4393,4387,4394,-1,4394,4387,4388,-1,4394,4388,1349,-1,1349,4388,1290,-1,792,791,4395,-1,4395,791,4389,-1,4395,4389,4396,-1,4396,4389,4390,-1,4396,4390,4397,-1,4397,4390,4391,-1,4397,4391,4398,-1,4398,4391,4392,-1,4398,4392,4399,-1,4399,4392,4393,-1,4399,4393,4400,-1,4400,4393,4394,-1,4400,4394,1347,-1,1347,4394,1349,-1,793,792,4324,-1,4324,792,4395,-1,4324,4395,4401,-1,4401,4395,4396,-1,4401,4396,4402,-1,4402,4396,4397,-1,4402,4397,4403,-1,4403,4397,4398,-1,4403,4398,4404,-1,4404,4398,4399,-1,4404,4399,4405,-1,4405,4399,4400,-1,4405,4400,1346,-1,1346,4400,1347,-1,785,787,4406,-1,4406,787,4324,-1,4406,4324,4407,-1,4407,4324,4401,-1,4407,4401,4408,-1,4408,4401,4402,-1,4408,4402,4409,-1,4409,4402,4403,-1,4409,4403,4410,-1,4410,4403,4404,-1,4410,4404,4327,-1,4327,4404,4405,-1,4327,4405,1357,-1,1357,4405,1346,-1,1351,1350,4411,-1,4411,1350,4321,-1,4411,4321,4412,-1,4412,4321,4323,-1,4412,4323,4413,-1,1353,1351,4414,-1,4414,1351,4411,-1,4414,4411,4415,-1,4415,4411,4412,-1,4415,4412,4416,-1,4416,4412,4413,-1,4416,4413,4417,-1,1354,1353,4418,-1,4418,1353,4414,-1,4418,4414,4419,-1,4419,4414,4415,-1,4419,4415,4420,-1,4420,4415,4416,-1,4420,4416,4421,-1,4421,4416,4417,-1,4421,4417,4422,-1,1355,1354,4423,-1,4423,1354,4418,-1,4423,4418,4424,-1,4424,4418,4419,-1,4424,4419,4425,-1,4425,4419,4420,-1,4425,4420,4426,-1,4426,4420,4421,-1,4426,4421,4427,-1,4427,4421,4422,-1,4427,4422,4428,-1,783,785,4428,-1,4428,785,4406,-1,4428,4406,4427,-1,4427,4406,4407,-1,4427,4407,4426,-1,4426,4407,4408,-1,4426,4408,4425,-1,4425,4408,4409,-1,4425,4409,4424,-1,4424,4409,4410,-1,4424,4410,4423,-1,4423,4410,4327,-1,4423,4327,1355,-1,1355,4327,1356,-1,1350,1366,4321,-1,4321,1366,1365,-1,4321,1365,4322,-1,4322,1365,1363,-1,4322,1363,1362,-1,783,4428,4320,-1,4320,4428,4422,-1,4320,4422,4429,-1,4429,4422,4417,-1,4429,4417,4430,-1,4430,4417,4413,-1,4430,4413,4431,-1,4431,4413,4323,-1,4431,4323,4432,-1,4432,4323,4322,-1,4432,4322,4433,-1,4433,4322,1362,-1,4433,1362,1361,-1,788,4320,4319,-1,4319,4320,4429,-1,4319,4429,4434,-1,4434,4429,4430,-1,4434,4430,4435,-1,4435,4430,4431,-1,4435,4431,4436,-1,4436,4431,4432,-1,4436,4432,4437,-1,4437,4432,4433,-1,4437,4433,4438,-1,4438,4433,1361,-1,4438,1361,1359,-1,789,4319,4318,-1,4318,4319,4434,-1,4318,4434,4439,-1,4439,4434,4435,-1,4439,4435,4440,-1,4440,4435,4436,-1,4440,4436,4441,-1,4441,4436,4437,-1,4441,4437,4442,-1,4442,4437,4438,-1,4442,4438,4443,-1,4443,4438,1359,-1,4443,1359,1358,-1,790,4318,4317,-1,4317,4318,4439,-1,4317,4439,4444,-1,4444,4439,4440,-1,4444,4440,4445,-1,4445,4440,4441,-1,4445,4441,4446,-1,4446,4441,4442,-1,4446,4442,4447,-1,4447,4442,4443,-1,4447,4443,4448,-1,4448,4443,1358,-1,4448,1358,1288,-1,4449,780,652,-1,1288,4316,4448,-1,4448,4316,4450,-1,4448,4450,4447,-1,4447,4450,4451,-1,4447,4451,4446,-1,4446,4451,4452,-1,4446,4452,4445,-1,4445,4452,4453,-1,4445,4453,4444,-1,4444,4453,4449,-1,4444,4449,4317,-1,4317,4449,652,-1,4317,652,651,-1,781,780,4454,-1,4454,780,4449,-1,4454,4449,4455,-1,4455,4449,4453,-1,4455,4453,4456,-1,4456,4453,4452,-1,4456,4452,4457,-1,4457,4452,4451,-1,4457,4451,4458,-1,4458,4451,4450,-1,4458,4450,4459,-1,4459,4450,4316,-1,4459,4316,1369,-1,1369,4316,1287,-1,480,466,4460,-1,4460,466,4256,-1,4460,4256,3113,-1,3113,4256,3114,-1,4461,4462,4463,-1,4464,4465,4466,-1,4467,2895,2897,-1,4468,2977,2975,-1,2976,2980,4469,-1,4469,2980,781,-1,4459,1369,1368,-1,4458,4459,4470,-1,4459,1368,4470,-1,4470,1368,1367,-1,4470,1367,4471,-1,4471,1367,4472,-1,4472,1367,1379,-1,4472,1379,1377,-1,2976,4469,2975,-1,2975,4469,4473,-1,2975,4473,4468,-1,4474,2979,4468,-1,4468,2979,2978,-1,4468,2978,2977,-1,2971,2970,4474,-1,4474,2970,2974,-1,4474,2974,2979,-1,1377,1376,4472,-1,4472,1376,1375,-1,4472,1375,4475,-1,4475,1375,1374,-1,4475,1374,4476,-1,4476,1374,1372,-1,4476,1372,4477,-1,4477,1372,1371,-1,4477,1371,4478,-1,4474,4479,2971,-1,2971,4479,4480,-1,2971,4480,2972,-1,2972,4480,4481,-1,2972,4481,2973,-1,2973,4481,2966,-1,1371,2160,4478,-1,4478,2160,1285,-1,4478,1285,4482,-1,2966,4481,2968,-1,2968,4481,4483,-1,2968,4483,4484,-1,4485,2960,4484,-1,4484,2960,2969,-1,4484,2969,2968,-1,1285,1284,4482,-1,4482,1284,1382,-1,4482,1382,4486,-1,4486,1382,1381,-1,4486,1381,4487,-1,4487,1381,1380,-1,4487,1380,4488,-1,4488,1380,1388,-1,4488,1388,4489,-1,4490,2964,4491,-1,4491,2964,2963,-1,4491,2963,4485,-1,4485,2963,2961,-1,4485,2961,2960,-1,2959,2876,4490,-1,4490,2876,2875,-1,4490,2875,2964,-1,4490,4492,2959,-1,2959,4492,4493,-1,2959,4493,2954,-1,2954,4493,4494,-1,1388,1387,4489,-1,4489,1387,1386,-1,4489,1386,4495,-1,4495,1386,1384,-1,4495,1384,4496,-1,4496,1384,1383,-1,4496,1383,4497,-1,4497,1383,1391,-1,4497,1391,4498,-1,2951,2957,4494,-1,4494,2957,2955,-1,4494,2955,2954,-1,1391,1390,4498,-1,4498,1390,1397,-1,4498,1397,4499,-1,2951,4494,2952,-1,2952,4494,4500,-1,2952,4500,4501,-1,4502,2949,4503,-1,4503,2949,2947,-1,4503,2947,4501,-1,4501,2947,2953,-1,4501,2953,2952,-1,4504,2941,4502,-1,4502,2941,2950,-1,4502,2950,2949,-1,1397,1396,4499,-1,4499,1396,1395,-1,4499,1395,4505,-1,4505,1395,1393,-1,4505,1393,4506,-1,4506,1393,1392,-1,4506,1392,4507,-1,4507,1392,1282,-1,4507,1282,4508,-1,1282,1281,4508,-1,4508,1281,1402,-1,4508,1402,4509,-1,2879,2878,4510,-1,4510,2878,2945,-1,4510,2945,4511,-1,4511,2945,2944,-1,4511,2944,4504,-1,4504,2944,2942,-1,4504,2942,2941,-1,2879,4510,2939,-1,2939,4510,4512,-1,2939,4512,4513,-1,1402,1401,4509,-1,4509,1401,1399,-1,4509,1399,4514,-1,4514,1399,1398,-1,4514,1398,4515,-1,4515,1398,1407,-1,4515,1407,4516,-1,2937,2881,4513,-1,2881,2883,4513,-1,4513,2883,2940,-1,4513,2940,2939,-1,4513,4517,2937,-1,2937,4517,4518,-1,2937,4518,2936,-1,2936,4518,4519,-1,2936,4519,2935,-1,1407,1406,4516,-1,4516,1406,1404,-1,4516,1404,4520,-1,4520,1404,1403,-1,4520,1403,4521,-1,4521,1403,1416,-1,4521,1416,4522,-1,2935,4519,2933,-1,2933,4519,4523,-1,2933,4523,2931,-1,2931,4523,2926,-1,2926,4523,4524,-1,2926,4524,2927,-1,1416,1415,4522,-1,4522,1415,1413,-1,4522,1413,4525,-1,4525,1413,1412,-1,4525,1412,4526,-1,4526,1412,1411,-1,4526,1411,4527,-1,4527,1411,1409,-1,4527,1409,4528,-1,2927,4524,2929,-1,2929,4524,4529,-1,2929,4529,2930,-1,2930,4529,4530,-1,2930,4530,2921,-1,2921,4530,4531,-1,2921,4531,2922,-1,4532,2919,4533,-1,4533,2919,2918,-1,4533,2918,4531,-1,4531,2918,2924,-1,4531,2924,2922,-1,1409,1408,4528,-1,4528,1408,1420,-1,4528,1420,4534,-1,4534,1420,1418,-1,4534,1418,4535,-1,4535,1418,1417,-1,4535,1417,4536,-1,4537,2917,4538,-1,4538,2917,2916,-1,4538,2916,4532,-1,4532,2916,2920,-1,4532,2920,2919,-1,4539,2912,4537,-1,4537,2912,2914,-1,4537,2914,2917,-1,4540,2908,4541,-1,4541,2908,2907,-1,4541,2907,4539,-1,4539,2907,2910,-1,4539,2910,2912,-1,1417,1424,4536,-1,4536,1424,1422,-1,4536,1422,4542,-1,4542,1422,1421,-1,4542,1421,4543,-1,4543,1421,1429,-1,4543,1429,4544,-1,4544,1429,1428,-1,4544,1428,4545,-1,4545,1428,1426,-1,4545,1426,4546,-1,4547,2899,4548,-1,4548,2899,2906,-1,4548,2906,4549,-1,4549,2906,2905,-1,4549,2905,4540,-1,4540,2905,2909,-1,4540,2909,2908,-1,1426,1425,4546,-1,4546,1425,1430,-1,4546,1430,4550,-1,4550,1430,1432,-1,4550,1432,4551,-1,4551,1432,1433,-1,4551,1433,4552,-1,2898,2902,4547,-1,4547,2902,2900,-1,4547,2900,2899,-1,2898,4547,2897,-1,2897,4547,4553,-1,2897,4553,4467,-1,1433,1436,4552,-1,4552,1436,1435,-1,4552,1435,4554,-1,4554,1435,1279,-1,4554,1279,4555,-1,4555,1279,1278,-1,4555,1278,4556,-1,4556,1278,1439,-1,2895,4467,2891,-1,2891,4467,4557,-1,2891,4557,2892,-1,2892,4557,4558,-1,2892,4558,2893,-1,1439,1438,4556,-1,4556,1438,1437,-1,4556,1437,4559,-1,4559,1437,1445,-1,4559,1445,4560,-1,4560,1445,1444,-1,4560,1444,4561,-1,4561,1444,1443,-1,4561,1443,4562,-1,4562,1443,1442,-1,1442,4563,4562,-1,4562,4563,4564,-1,4562,4564,4561,-1,4561,4564,4565,-1,4561,4565,4560,-1,4560,4565,4566,-1,4560,4566,4559,-1,4559,4566,4567,-1,4559,4567,4556,-1,4556,4567,4568,-1,4556,4568,4555,-1,4555,4568,4569,-1,4555,4569,4554,-1,4554,4569,4570,-1,4554,4570,4552,-1,4552,4570,4571,-1,4552,4571,4551,-1,4551,4571,4572,-1,4551,4572,4550,-1,4550,4572,4573,-1,4550,4573,4546,-1,4546,4573,4574,-1,4546,4574,4545,-1,4545,4574,4575,-1,4545,4575,4544,-1,4544,4575,4576,-1,4544,4576,4543,-1,4543,4576,4577,-1,4543,4577,4542,-1,4542,4577,4578,-1,4542,4578,4536,-1,4536,4578,4579,-1,4536,4579,4535,-1,4535,4579,4580,-1,4535,4580,4534,-1,4534,4580,4581,-1,4534,4581,4528,-1,4528,4581,4582,-1,4528,4582,4527,-1,4527,4582,4583,-1,4527,4583,4526,-1,4526,4583,4584,-1,4526,4584,4525,-1,4525,4584,4585,-1,4525,4585,4522,-1,4522,4585,4586,-1,4522,4586,4521,-1,4521,4586,4587,-1,4521,4587,4520,-1,4520,4587,4588,-1,4520,4588,4516,-1,4516,4588,4589,-1,4516,4589,4515,-1,4515,4589,4590,-1,4515,4590,4514,-1,4514,4590,4591,-1,4514,4591,4509,-1,4509,4591,4592,-1,4509,4592,4508,-1,4508,4592,4593,-1,4508,4593,4507,-1,4507,4593,4594,-1,4507,4594,4506,-1,4506,4594,4595,-1,4506,4595,4505,-1,4505,4595,4596,-1,4505,4596,4499,-1,4499,4596,4597,-1,4499,4597,4498,-1,4498,4597,4598,-1,4498,4598,4497,-1,4497,4598,4599,-1,4497,4599,4496,-1,4496,4599,4600,-1,4496,4600,4495,-1,4495,4600,4601,-1,4495,4601,4489,-1,4489,4601,4602,-1,4489,4602,4488,-1,4488,4602,4603,-1,4488,4603,4487,-1,4487,4603,4604,-1,4487,4604,4486,-1,4486,4604,4605,-1,4486,4605,4482,-1,4482,4605,4606,-1,4482,4606,4478,-1,4478,4606,4607,-1,4478,4607,4477,-1,4477,4607,4608,-1,4477,4608,4476,-1,4476,4608,4609,-1,4476,4609,4475,-1,4475,4609,4610,-1,4475,4610,4472,-1,4472,4610,4611,-1,4472,4611,4471,-1,4471,4611,4612,-1,4471,4612,4470,-1,4470,4612,4613,-1,4470,4613,4458,-1,4458,4613,4457,-1,4563,4464,4564,-1,4564,4464,4466,-1,4564,4466,4565,-1,4565,4466,4614,-1,4565,4614,4566,-1,4566,4614,4615,-1,4566,4615,4567,-1,4567,4615,4616,-1,4567,4616,4568,-1,4568,4616,4617,-1,4568,4617,4569,-1,4569,4617,4618,-1,4569,4618,4570,-1,4570,4618,4619,-1,4570,4619,4571,-1,4571,4619,4620,-1,4571,4620,4572,-1,4572,4620,4621,-1,4572,4621,4573,-1,4573,4621,4622,-1,4573,4622,4574,-1,4574,4622,4623,-1,4574,4623,4575,-1,4575,4623,4624,-1,4575,4624,4576,-1,4576,4624,4625,-1,4576,4625,4577,-1,4577,4625,4626,-1,4577,4626,4578,-1,4578,4626,4627,-1,4578,4627,4579,-1,4579,4627,4628,-1,4579,4628,4580,-1,4580,4628,4629,-1,4580,4629,4581,-1,4581,4629,4630,-1,4581,4630,4582,-1,4582,4630,4631,-1,4582,4631,4583,-1,4583,4631,4632,-1,4583,4632,4584,-1,4584,4632,4633,-1,4584,4633,4585,-1,4585,4633,4634,-1,4585,4634,4586,-1,4586,4634,4635,-1,4586,4635,4587,-1,4587,4635,4636,-1,4587,4636,4588,-1,4588,4636,4637,-1,4588,4637,4589,-1,4589,4637,4638,-1,4589,4638,4590,-1,4590,4638,4639,-1,4590,4639,4591,-1,4591,4639,4640,-1,4591,4640,4592,-1,4592,4640,4641,-1,4592,4641,4593,-1,4593,4641,4642,-1,4593,4642,4594,-1,4594,4642,4643,-1,4594,4643,4595,-1,4595,4643,4644,-1,4595,4644,4596,-1,4596,4644,4645,-1,4596,4645,4597,-1,4597,4645,4646,-1,4597,4646,4598,-1,4598,4646,4647,-1,4598,4647,4599,-1,4599,4647,4648,-1,4599,4648,4600,-1,4600,4648,4649,-1,4600,4649,4601,-1,4601,4649,4650,-1,4601,4650,4602,-1,4602,4650,4651,-1,4602,4651,4603,-1,4603,4651,4652,-1,4603,4652,4604,-1,4604,4652,4653,-1,4604,4653,4605,-1,4605,4653,4654,-1,4605,4654,4606,-1,4606,4654,4655,-1,4606,4655,4607,-1,4607,4655,4656,-1,4607,4656,4608,-1,4608,4656,4657,-1,4608,4657,4609,-1,4609,4657,4658,-1,4609,4658,4610,-1,4610,4658,4659,-1,4610,4659,4611,-1,4611,4659,4660,-1,4611,4660,4612,-1,4612,4660,4661,-1,4612,4661,4613,-1,4613,4661,4662,-1,4613,4662,4457,-1,4457,4662,4456,-1,4465,4663,4466,-1,4466,4663,4664,-1,4466,4664,4614,-1,4614,4664,4665,-1,4614,4665,4615,-1,4615,4665,4666,-1,4615,4666,4616,-1,4616,4666,4667,-1,4616,4667,4617,-1,4617,4667,4668,-1,4617,4668,4618,-1,4618,4668,4669,-1,4618,4669,4619,-1,4619,4669,4670,-1,4619,4670,4620,-1,4620,4670,4671,-1,4620,4671,4621,-1,4621,4671,4672,-1,4621,4672,4622,-1,4622,4672,4673,-1,4622,4673,4623,-1,4623,4673,4674,-1,4623,4674,4624,-1,4624,4674,4675,-1,4624,4675,4625,-1,4625,4675,4676,-1,4625,4676,4626,-1,4626,4676,4677,-1,4626,4677,4627,-1,4627,4677,4678,-1,4627,4678,4628,-1,4628,4678,4679,-1,4628,4679,4629,-1,4629,4679,4680,-1,4629,4680,4630,-1,4630,4680,4681,-1,4630,4681,4631,-1,4631,4681,4682,-1,4631,4682,4632,-1,4632,4682,4683,-1,4632,4683,4633,-1,4633,4683,4684,-1,4633,4684,4634,-1,4634,4684,4685,-1,4634,4685,4635,-1,4635,4685,4686,-1,4635,4686,4636,-1,4636,4686,4687,-1,4636,4687,4637,-1,4637,4687,4688,-1,4637,4688,4638,-1,4638,4688,4689,-1,4638,4689,4639,-1,4639,4689,4690,-1,4639,4690,4640,-1,4640,4690,4691,-1,4640,4691,4641,-1,4641,4691,4692,-1,4641,4692,4642,-1,4642,4692,4693,-1,4642,4693,4643,-1,4643,4693,4694,-1,4643,4694,4644,-1,4644,4694,4695,-1,4644,4695,4645,-1,4645,4695,4696,-1,4645,4696,4646,-1,4646,4696,4697,-1,4646,4697,4647,-1,4647,4697,4698,-1,4647,4698,4648,-1,4648,4698,4699,-1,4648,4699,4649,-1,4649,4699,4700,-1,4649,4700,4650,-1,4650,4700,4701,-1,4650,4701,4651,-1,4651,4701,4702,-1,4651,4702,4652,-1,4652,4702,4703,-1,4652,4703,4653,-1,4653,4703,4704,-1,4653,4704,4654,-1,4654,4704,4705,-1,4654,4705,4655,-1,4655,4705,4706,-1,4655,4706,4656,-1,4656,4706,4707,-1,4656,4707,4657,-1,4657,4707,4708,-1,4657,4708,4658,-1,4658,4708,4709,-1,4658,4709,4659,-1,4659,4709,4710,-1,4659,4710,4660,-1,4660,4710,4711,-1,4660,4711,4661,-1,4661,4711,4712,-1,4661,4712,4662,-1,4662,4712,4713,-1,4662,4713,4456,-1,4456,4713,4455,-1,4663,4714,4664,-1,4664,4714,4715,-1,4664,4715,4665,-1,4665,4715,4716,-1,4665,4716,4666,-1,4666,4716,4717,-1,4666,4717,4667,-1,4667,4717,4718,-1,4667,4718,4668,-1,4668,4718,4719,-1,4668,4719,4669,-1,4669,4719,4720,-1,4669,4720,4670,-1,4670,4720,4721,-1,4670,4721,4671,-1,4671,4721,4722,-1,4671,4722,4672,-1,4672,4722,4723,-1,4672,4723,4673,-1,4673,4723,4724,-1,4673,4724,4674,-1,4674,4724,4725,-1,4674,4725,4675,-1,4675,4725,4726,-1,4675,4726,4676,-1,4676,4726,4727,-1,4676,4727,4677,-1,4677,4727,4728,-1,4677,4728,4678,-1,4678,4728,4729,-1,4678,4729,4679,-1,4679,4729,4730,-1,4679,4730,4680,-1,4680,4730,4731,-1,4680,4731,4681,-1,4681,4731,4732,-1,4681,4732,4682,-1,4682,4732,4733,-1,4682,4733,4683,-1,4683,4733,4734,-1,4683,4734,4684,-1,4684,4734,4735,-1,4684,4735,4685,-1,4685,4735,4736,-1,4685,4736,4686,-1,4686,4736,4737,-1,4686,4737,4687,-1,4687,4737,4738,-1,4687,4738,4688,-1,4688,4738,4739,-1,4688,4739,4689,-1,4689,4739,4740,-1,4689,4740,4690,-1,4690,4740,4741,-1,4690,4741,4691,-1,4691,4741,4742,-1,4691,4742,4692,-1,4692,4742,4743,-1,4692,4743,4693,-1,4693,4743,4744,-1,4693,4744,4694,-1,4694,4744,4745,-1,4694,4745,4695,-1,4695,4745,4746,-1,4695,4746,4696,-1,4696,4746,4747,-1,4696,4747,4697,-1,4697,4747,4748,-1,4697,4748,4698,-1,4698,4748,4749,-1,4698,4749,4699,-1,4699,4749,4750,-1,4699,4750,4700,-1,4700,4750,4751,-1,4700,4751,4701,-1,4701,4751,4752,-1,4701,4752,4702,-1,4702,4752,4753,-1,4702,4753,4703,-1,4703,4753,4754,-1,4703,4754,4704,-1,4704,4754,4755,-1,4704,4755,4705,-1,4705,4755,4756,-1,4705,4756,4706,-1,4706,4756,4757,-1,4706,4757,4707,-1,4707,4757,4758,-1,4707,4758,4708,-1,4708,4758,4759,-1,4708,4759,4709,-1,4709,4759,4760,-1,4709,4760,4710,-1,4710,4760,4761,-1,4710,4761,4711,-1,4711,4761,4762,-1,4711,4762,4712,-1,4712,4762,4763,-1,4712,4763,4713,-1,4713,4763,4764,-1,4713,4764,4455,-1,4455,4764,4454,-1,4714,4461,4715,-1,4715,4461,4463,-1,4715,4463,4716,-1,4716,4463,4765,-1,4716,4765,4717,-1,4717,4765,4766,-1,4717,4766,4718,-1,4718,4766,4767,-1,4718,4767,4719,-1,4719,4767,4558,-1,4719,4558,4720,-1,4720,4558,4557,-1,4720,4557,4721,-1,4721,4557,4467,-1,4721,4467,4722,-1,4722,4467,4553,-1,4722,4553,4723,-1,4723,4553,4547,-1,4723,4547,4724,-1,4724,4547,4548,-1,4724,4548,4725,-1,4725,4548,4549,-1,4725,4549,4726,-1,4726,4549,4540,-1,4726,4540,4727,-1,4727,4540,4541,-1,4727,4541,4728,-1,4728,4541,4539,-1,4728,4539,4729,-1,4729,4539,4537,-1,4729,4537,4730,-1,4730,4537,4538,-1,4730,4538,4731,-1,4731,4538,4532,-1,4731,4532,4732,-1,4732,4532,4533,-1,4732,4533,4733,-1,4733,4533,4531,-1,4733,4531,4734,-1,4734,4531,4530,-1,4734,4530,4735,-1,4735,4530,4529,-1,4735,4529,4736,-1,4736,4529,4524,-1,4736,4524,4737,-1,4737,4524,4523,-1,4737,4523,4738,-1,4738,4523,4519,-1,4738,4519,4739,-1,4739,4519,4518,-1,4739,4518,4740,-1,4740,4518,4517,-1,4740,4517,4741,-1,4741,4517,4513,-1,4741,4513,4742,-1,4742,4513,4512,-1,4742,4512,4743,-1,4743,4512,4510,-1,4743,4510,4744,-1,4744,4510,4511,-1,4744,4511,4745,-1,4745,4511,4504,-1,4745,4504,4746,-1,4746,4504,4502,-1,4746,4502,4747,-1,4747,4502,4503,-1,4747,4503,4748,-1,4748,4503,4501,-1,4748,4501,4749,-1,4749,4501,4500,-1,4749,4500,4750,-1,4750,4500,4494,-1,4750,4494,4751,-1,4751,4494,4493,-1,4751,4493,4752,-1,4752,4493,4492,-1,4752,4492,4753,-1,4753,4492,4490,-1,4753,4490,4754,-1,4754,4490,4491,-1,4754,4491,4755,-1,4755,4491,4485,-1,4755,4485,4756,-1,4756,4485,4484,-1,4756,4484,4757,-1,4757,4484,4483,-1,4757,4483,4758,-1,4758,4483,4481,-1,4758,4481,4759,-1,4759,4481,4480,-1,4759,4480,4760,-1,4760,4480,4479,-1,4760,4479,4761,-1,4761,4479,4474,-1,4761,4474,4762,-1,4762,4474,4468,-1,4762,4468,4763,-1,4763,4468,4473,-1,4763,4473,4764,-1,4764,4473,4469,-1,4764,4469,4454,-1,4454,4469,781,-1,2893,4558,2894,-1,2894,4558,4767,-1,2894,4767,2890,-1,2890,4767,4766,-1,2890,4766,2888,-1,2888,4766,4765,-1,2888,4765,2887,-1,2887,4765,4463,-1,2887,4463,2884,-1,2884,4463,4462,-1,2884,4462,2885,-1,4663,4465,4768,-1,4768,4465,4464,-1,4768,4464,1440,-1,1440,4464,4563,-1,1440,4563,1442,-1,2885,4462,3119,-1,3119,4462,4461,-1,3119,4461,4768,-1,4768,4461,4714,-1,4768,4714,4663,-1,3113,3119,4460,-1,4460,3119,4768,-1,4460,4768,480,-1,480,4768,1440,-1,
        ]
    }
}
Shape{
    appearance Appearance {
        material  Material 	{
            diffuseColor 0.8509803921568627 0.8509803921568627 0.8509803921568627
            specularColor 0.4235294117647059 0.4235294117647059 0.4235294117647059
            ambientIntensity 0.2
            transparency 0
            shininess 0.5
        }
    }
    geometry IndexedFaceSet {
        ccw TRUE
        solid FALSE
        coord DEF co Coordinate {
            point [
                -0.8977 0.5591 -1.378, -0.8859 0.5306 -1.378, -1.0 0.5 -1.378, -0.8819 0.5 -1.378, -0.8859 0.4694 -1.378, -0.9694 0.6141 -1.378, -0.9409 0.6023 -1.378, -0.9165 0.5835 -1.378, -1.0591 0.6023 -1.378, -1.0306 0.6141 -1.378, -1.0 0.6181 -1.378, -1.1141 0.5306 -1.378, -1.1023 0.5591 -1.378, -1.0835 0.5835 -1.378, -1.1023 0.4409 -1.378, -1.1141 0.4694 -1.378, -1.1181 0.5 -1.378, -1.0306 0.3859 -1.378, -1.0591 0.3977 -1.378, -1.0835 0.4165 -1.378, -0.9409 0.3977 -1.378, -0.9694 0.3859 -1.378, -1.0 0.3819 -1.378, -0.8977 0.4409 -1.378, -0.9165 0.4165 -1.378, -1.1153 0.5256 0.0158, -1.1137 0.5304 0.0158, -0.9746 0.6153 0.0168, -0.9695 0.6139 0.0168, -1.0835 0.4165 0.0149, -1.0836 0.4166 0.0149, -1.0958 0.4317 0.015, -1.059 0.3979 0.0148, -1.0634 0.4003 0.0148, -1.0682 0.4042 0.0149, -1.0825 0.4157 0.0149, -1.0304 0.3863 0.0148, -1.0332 0.3872 0.0148, -1.0505 0.3933 0.0148, -1.0513 0.3936 0.0148, -1.0131 0.3826 0.0148, -1.0268 0.385 0.0148, -0.9736 0.3849 0.0149, -0.9873 0.3826 0.0149, -0.9946 0.3826 0.0149, -1.0 0.3826 0.0148, -0.9696 0.3863 0.0149, -0.9565 0.3908 0.015, -0.9491 0.3934 0.0151, -0.9231 0.4111 0.0153, -0.9369 0.4001 0.0151, -0.941 0.3979 0.0151, -0.9074 0.4266 0.0154, -0.9165 0.4165 0.0153, -0.9167 0.4163 0.0153, -0.8884 0.4614 0.0158, -0.8937 0.4486 0.0157, -0.8982 0.4414 0.0156, -0.8982 0.4413 0.0156, -0.8819 0.4994 0.0161, -0.8826 0.4867 0.016, -0.8845 0.4784 0.0159, -0.8865 0.4696 0.0158, -0.8861 0.5305 0.0164, -0.8848 0.5263 0.0163, -0.8846 0.5242 0.0163, -0.8822 0.5031 0.0161, -0.8819 0.5005 0.0161, -0.8819 0.5 0.0161, -0.8887 0.5396 0.0164, -0.89 0.5421 0.0164, -0.9104 0.5765 0.0167, -0.9081 0.5742 0.0167, -0.9 0.5629 0.0166, -0.8981 0.5589 0.0166, -0.9411 0.602 0.0168, -0.9378 0.6004 0.0168, -0.9265 0.5924 0.0168, -0.917 0.583 0.0167, -0.9612 0.6116 0.0168, -0.9606 0.6113 0.0168, -0.9412 0.602 0.0168, -1.0142 0.6173 0.0168, -1.0003 0.6181 0.0168, -1.0 0.6181 0.0168, -0.9789 0.6158 0.0168, -1.0522 0.6059 0.0166, -1.0394 0.6113 0.0166, -1.0304 0.6134 0.0167, -1.019 0.6161 0.0167, -1.0843 0.5827 0.0163, -1.0835 0.5835 0.0163, -1.074 0.592 0.0164, -1.0587 0.6018 0.0165, -1.0568 0.603 0.0165, -1.107 0.5501 0.016, -1.1021 0.559 0.0161, -1.1003 0.5623 0.0161, -1.0879 0.5781 0.0163, -1.1089 0.5445 0.0159, -1.1173 0.486 0.0154, -1.1174 0.5 0.0156, -1.1175 0.5059 0.0156, -1.1175 0.5119 0.0156, -1.0992 0.4359 0.0151, -1.1021 0.441 0.0151, -1.106 0.448 0.0151, -1.1129 0.4669 0.0153, -1.1138 0.4695 0.0153, -1.1148 0.4723 0.0153, 0.8977 -0.5591 -1.378, 0.8859 -0.5306 -1.378, 1.0 -0.5 -1.378, 0.8819 -0.5 -1.378, 0.8859 -0.4694 -1.378, 0.9694 -0.6141 -1.378, 0.9409 -0.6023 -1.378, 0.9165 -0.5835 -1.378, 1.0591 -0.6023 -1.378, 1.0306 -0.6141 -1.378, 1.0 -0.6181 -1.378, 1.1141 -0.5306 -1.378, 1.1023 -0.5591 -1.378, 1.0835 -0.5835 -1.378, 1.1023 -0.4409 -1.378, 1.1141 -0.4694 -1.378, 1.1181 -0.5 -1.378, 1.0306 -0.3859 -1.378, 1.0591 -0.3977 -1.378, 1.0835 -0.4165 -1.378, 0.9409 -0.3977 -1.378, 0.9694 -0.3859 -1.378, 1.0 -0.3819 -1.378, 0.8977 -0.4409 -1.378, 0.9165 -0.4165 -1.378, 0.9733 -0.6151 0.0168, 0.9696 -0.6137 0.0168, 0.941 -0.6021 0.0168, 0.9368 -0.5998 0.0168, 0.9165 -0.5835 0.0167, 0.9165 -0.5836 0.0167, 0.926 -0.5911 0.0168, 0.9608 -0.6107 0.0168, 0.9489 -0.6065 0.0168, 0.9412 -0.6022 0.0168, 1.0 -0.6174 0.0168, 0.987 -0.6174 0.0168, 0.9789 -0.616 0.0168, 1.019 -0.6164 0.0167, 1.0266 -0.6151 0.0167, 1.0129 -0.6174 0.0168, 1.0002 -0.6174 0.0168, 1.0511 -0.6065 0.0166, 1.0396 -0.6105 0.0166, 1.0304 -0.6137 0.0167, 1.0743 -0.5909 0.0164, 1.0834 -0.5836 0.0163, 1.0632 -0.5998 0.0165, 1.059 -0.6021 0.0165, 1.0569 -0.6033 0.0165, 1.0927 -0.5732 0.0162, 1.0881 -0.5783 0.0163, 1.0835 -0.5835 0.0163, 1.1092 -0.5445 0.0159, 1.1117 -0.5384 0.0159, 1.1064 -0.5513 0.016, 1.1017 -0.5587 0.0161, 1.1003 -0.561 0.0161, 1.1174 -0.5132 0.0157, 1.1178 -0.5059 0.0156, 1.1149 -0.5242 0.0158, 1.1135 -0.5304 0.0158, 1.1164 -0.4849 0.0154, 1.1181 -0.4993 0.0155, 1.1181 -0.5 0.0155, 1.1112 -0.4602 0.0152, 1.105 -0.4475 0.0151, 1.1131 -0.4668 0.0153, 1.1139 -0.4695 0.0153, 1.1151 -0.4736 0.0153, 1.096 -0.4316 0.015, 1.0999 -0.437 0.0151, 1.1019 -0.4411 0.0151, 1.0684 -0.404 0.0149, 1.0734 -0.4074 0.0149, 1.0821 -0.4161 0.0149, 1.083 -0.417 0.0149, 1.0918 -0.4257 0.015, 1.0252 -0.3846 0.0148, 1.0305 -0.3861 0.0148, 1.0333 -0.3869 0.0148, 1.0386 -0.3884 0.0148, 1.0502 -0.3939 0.0148, 1.0589 -0.398 0.0148, 1.062 -0.3995 0.0148, 1.0129 -0.3833 0.0148, 1.0 -0.3819 0.0148, 0.9741 -0.3855 0.0149, 0.9856 -0.3828 0.0149, 0.9946 -0.3822 0.0148, 0.9995 -0.3819 0.0148, 0.9476 -0.3941 0.0151, 0.9564 -0.3904 0.015, 0.9604 -0.3887 0.015, 0.9696 -0.3866 0.0149, 0.9229 -0.4108 0.0153, 0.9258 -0.4081 0.0152, 0.938 -0.4003 0.0151, 0.9413 -0.3982 0.0151, 0.9087 -0.4262 0.0154, 0.9155 -0.4174 0.0153, 0.9165 -0.4165 0.0153, 0.8894 -0.4605 0.0158, 0.893 -0.4501 0.0157, 0.8978 -0.4412 0.0156, 0.8979 -0.441 0.0156, 0.8996 -0.4378 0.0156, 0.8826 -0.5 0.0161, 0.8826 -0.4994 0.0161, 0.8825 -0.4883 0.016, 0.8841 -0.4783 0.0159, 0.8847 -0.4746 0.0159, 0.8864 -0.4696 0.0158, 0.8846 -0.5242 0.0163, 0.8852 -0.5279 0.0163, 0.8827 -0.5142 0.0162, 0.8826 -0.5032 0.0161, 0.8979 -0.559 0.0166, 0.8941 -0.5522 0.0165, 0.8904 -0.542 0.0164, 0.8862 -0.5305 0.0164, 0.9107 -0.5763 0.0167, 0.9009 -0.5643 0.0166, 0.8993 -0.5614 0.0166, 0.8993 -0.5614 0.0166
            ]
        }
        coordIndex [
            0,1,2,-1,2,1,3,-1,2,3,4,-1,5,6,2,-1,2,6,7,-1,2,7,0,-1,8,9,2,-1,2,9,10,-1,2,10,5,-1,11,12,2,-1,2,12,13,-1,2,13,8,-1,14,15,2,-1,2,15,16,-1,2,16,11,-1,17,18,2,-1,2,18,19,-1,2,19,14,-1,20,21,2,-1,2,21,22,-1,2,22,17,-1,4,23,2,-1,2,23,24,-1,2,24,20,-1,25,26,11,-1,27,28,5,-1,19,29,14,-1,14,29,30,-1,14,30,31,-1,18,32,19,-1,19,32,33,-1,33,34,19,-1,19,34,35,-1,19,35,29,-1,17,36,18,-1,18,36,37,-1,37,38,18,-1,18,38,39,-1,18,39,32,-1,22,40,17,-1,17,40,41,-1,17,41,36,-1,22,42,43,-1,43,44,22,-1,22,44,45,-1,22,45,40,-1,42,22,46,-1,46,22,21,-1,46,21,47,-1,47,21,20,-1,47,20,48,-1,49,50,20,-1,20,50,51,-1,20,51,48,-1,23,52,24,-1,24,52,53,-1,24,53,20,-1,20,53,54,-1,20,54,49,-1,55,56,4,-1,4,56,57,-1,4,57,23,-1,23,57,58,-1,23,58,52,-1,59,60,3,-1,3,60,61,-1,3,61,4,-1,4,61,62,-1,4,62,55,-1,1,63,64,-1,1,64,3,-1,3,64,65,-1,3,65,66,-1,66,67,3,-1,3,67,68,-1,3,68,59,-1,63,1,69,-1,69,1,0,-1,69,0,70,-1,71,72,7,-1,7,72,73,-1,7,73,0,-1,0,73,74,-1,0,74,70,-1,75,76,6,-1,6,76,77,-1,6,77,7,-1,7,77,78,-1,7,78,71,-1,28,79,5,-1,5,79,80,-1,5,80,6,-1,6,80,81,-1,6,81,75,-1,82,83,10,-1,10,83,84,-1,10,84,5,-1,5,84,85,-1,5,85,27,-1,86,87,9,-1,9,87,88,-1,9,88,10,-1,10,88,89,-1,10,89,82,-1,90,91,13,-1,13,91,92,-1,13,92,8,-1,8,92,93,-1,8,93,9,-1,9,93,94,-1,9,94,86,-1,95,96,12,-1,12,96,97,-1,12,97,13,-1,13,97,98,-1,13,98,90,-1,11,26,12,-1,12,26,99,-1,12,99,95,-1,100,101,16,-1,16,101,102,-1,16,102,11,-1,11,102,103,-1,11,103,25,-1,31,104,14,-1,14,104,105,-1,14,105,15,-1,15,105,106,-1,106,107,15,-1,15,107,108,-1,15,108,16,-1,16,108,109,-1,16,109,100,-1,110,111,112,-1,112,111,113,-1,112,113,114,-1,115,116,112,-1,112,116,117,-1,112,117,110,-1,118,119,112,-1,112,119,120,-1,112,120,115,-1,121,122,112,-1,112,122,123,-1,112,123,118,-1,124,125,112,-1,112,125,126,-1,112,126,121,-1,127,128,112,-1,112,128,129,-1,112,129,124,-1,130,131,112,-1,112,131,132,-1,112,132,127,-1,114,133,112,-1,112,133,134,-1,112,134,130,-1,135,136,115,-1,116,137,138,-1,139,117,140,-1,140,117,116,-1,140,116,141,-1,141,116,138,-1,136,142,115,-1,115,142,143,-1,115,143,116,-1,116,143,144,-1,116,144,137,-1,120,145,146,-1,120,146,115,-1,115,146,147,-1,115,147,135,-1,148,120,149,-1,149,120,119,-1,148,150,120,-1,120,150,151,-1,120,151,145,-1,152,153,119,-1,119,153,154,-1,119,154,149,-1,155,118,156,-1,156,118,123,-1,155,157,118,-1,118,157,158,-1,118,158,119,-1,119,158,159,-1,119,159,152,-1,160,161,123,-1,123,161,162,-1,123,162,156,-1,163,122,164,-1,164,122,121,-1,163,165,122,-1,122,165,166,-1,122,166,123,-1,123,166,167,-1,123,167,160,-1,168,121,169,-1,169,121,126,-1,168,170,121,-1,121,170,171,-1,121,171,164,-1,172,173,126,-1,126,173,174,-1,126,174,169,-1,175,125,176,-1,176,125,124,-1,175,177,125,-1,125,177,178,-1,125,178,126,-1,126,178,179,-1,126,179,172,-1,180,181,124,-1,124,181,182,-1,124,182,176,-1,183,184,129,-1,184,185,129,-1,129,185,186,-1,129,186,124,-1,124,186,187,-1,124,187,180,-1,188,189,127,-1,127,189,190,-1,190,191,127,-1,127,191,192,-1,127,192,128,-1,128,192,193,-1,128,193,129,-1,129,193,194,-1,129,194,183,-1,188,127,195,-1,195,127,132,-1,195,132,196,-1,197,198,131,-1,131,198,199,-1,131,199,132,-1,132,199,200,-1,132,200,196,-1,201,202,130,-1,130,202,203,-1,130,203,131,-1,131,203,204,-1,131,204,197,-1,205,206,134,-1,134,206,207,-1,134,207,130,-1,130,207,208,-1,130,208,201,-1,209,210,134,-1,134,210,211,-1,134,211,205,-1,212,213,114,-1,114,213,133,-1,213,214,133,-1,133,214,215,-1,133,215,134,-1,134,215,216,-1,134,216,209,-1,114,113,217,-1,217,218,114,-1,114,218,219,-1,114,219,220,-1,220,221,114,-1,114,221,222,-1,114,222,212,-1,223,113,224,-1,224,113,111,-1,223,225,113,-1,113,225,226,-1,113,226,217,-1,227,228,110,-1,110,228,229,-1,110,229,111,-1,111,229,230,-1,111,230,224,-1,139,231,117,-1,117,231,232,-1,117,232,110,-1,110,232,233,-1,110,233,227,-1,
        ]
    }
}
Shape{
    appearance Appearance {
        material  Material 	{
            diffuseColor 0.07058823529411765 0.07058823529411765 0.07058823529411765
            specularColor 0.00392156862745098 0.00392156862745098 0.00392156862745098
            ambientIntensity 0.2
            transparency 0
            shininess 0.5
        }
    }
    geometry IndexedFaceSet {
        ccw TRUE
        solid FALSE
        coord DEF co Coordinate {
            point [
                0.0486 -0.5945 1.1171, 0.0486 -0.5945 1.1095, 0.0486 -0.5906 1.1171, 0.0486 -0.5906 1.1095, 0.022 -0.5945 1.1171, 0.022 -0.5906 1.1171, 0.022 -0.5945 1.1762, 0.022 -0.5906 1.1762, 0.0134 -0.5945 1.1762, 0.0134 -0.5906 1.1762, 0.0134 -0.5945 1.1095, 0.0134 -0.5906 1.1095, 0.0828 -0.5945 1.1084, 0.0828 -0.5906 1.1084, 0.0929 -0.5945 1.1093, 0.0887 -0.5906 1.1089, 0.0929 -0.5906 1.1093, 0.1001 -0.5906 1.1117, 0.1001 -0.5945 1.1117, 0.1012 -0.5906 1.1123, 0.1012 -0.5945 1.1123, 0.1012 -0.5945 1.1205, 0.1012 -0.5906 1.1205, 0.095 -0.5906 1.1177, 0.095 -0.5945 1.1177, 0.0875 -0.5906 1.1162, 0.0875 -0.5945 1.1162, 0.084 -0.5906 1.116, 0.084 -0.5945 1.116, 0.0772 -0.5906 1.1169, 0.0772 -0.5945 1.1169, 0.0725 -0.5906 1.1187, 0.0725 -0.5945 1.1187, 0.0682 -0.5906 1.1218, 0.0682 -0.5945 1.1218, 0.0669 -0.5906 1.1231, 0.0669 -0.5945 1.1231, 0.0635 -0.5906 1.1279, 0.0635 -0.5945 1.1279, 0.0614 -0.5906 1.1333, 0.0614 -0.5945 1.1333, 0.0603 -0.5906 1.1415, 0.0603 -0.5945 1.1415, 0.0603 -0.5906 1.1421, 0.0603 -0.5945 1.1421, 0.0612 -0.5906 1.1502, 0.0612 -0.5945 1.1502, 0.0632 -0.5906 1.1562, 0.0632 -0.5945 1.1562, 0.0663 -0.5906 1.161, 0.0663 -0.5945 1.161, 0.0673 -0.5906 1.1622, 0.0673 -0.5945 1.1622, 0.0716 -0.5906 1.1657, 0.0716 -0.5945 1.1657, 0.0768 -0.5906 1.1682, 0.0768 -0.5945 1.1682, 0.0826 -0.5906 1.1694, 0.0826 -0.5945 1.1694, 0.0855 -0.5906 1.1696, 0.0855 -0.5945 1.1696, 0.0931 -0.5906 1.1687, 0.0931 -0.5945 1.1687, 0.1 -0.5906 1.1663, 0.1 -0.5945 1.1663, 0.1012 -0.5906 1.1656, 0.1012 -0.5945 1.1656, 0.1012 -0.5945 1.1746, 0.1012 -0.5906 1.1746, 0.0854 -0.5906 1.1773, 0.0854 -0.5945 1.1773, 0.0861 -0.5945 1.1773, 0.0947 -0.5906 1.1766, 0.0947 -0.5945 1.1766, 0.0923 -0.5906 1.1768, 0.0861 -0.5906 1.1773, 0.0772 -0.5945 1.1765, 0.0799 -0.5906 1.1768, 0.0772 -0.5906 1.1765, 0.07 -0.5906 1.1741, 0.07 -0.5945 1.1741, 0.0633 -0.5906 1.1697, 0.0633 -0.5945 1.1697, 0.0609 -0.5906 1.1675, 0.0609 -0.5945 1.1675, 0.0564 -0.5906 1.1617, 0.0543 -0.5906 1.157, 0.0531 -0.5945 1.1544, 0.0564 -0.5945 1.1617, 0.0531 -0.5906 1.1544, 0.0515 -0.5906 1.1459, 0.0515 -0.5945 1.1459, 0.0513 -0.5906 1.1416, 0.0513 -0.5945 1.1416, 0.0526 -0.5906 1.1309, 0.0543 -0.5906 1.1264, 0.0552 -0.5945 1.1239, 0.0526 -0.5945 1.1309, 0.0552 -0.5906 1.1239, 0.0592 -0.5906 1.1182, 0.0592 -0.5945 1.1182, 0.0598 -0.5906 1.1175, 0.0598 -0.5945 1.1175, 0.0786 -0.5945 1.1086, 0.0651 -0.5906 1.1131, 0.0651 -0.5945 1.1131, 0.0714 -0.5906 1.1101, 0.0714 -0.5945 1.1101, 0.0769 -0.5906 1.1089, 0.0786 -0.5906 1.1086, 0.1505 -0.5945 1.1171, 0.1505 -0.5945 1.1095, 0.1505 -0.5906 1.1171, 0.1505 -0.5906 1.1095, 0.1232 -0.5906 1.1171, 0.1232 -0.5945 1.1171, 0.1412 -0.5906 1.1171, 0.1232 -0.5945 1.1396, 0.1232 -0.5906 1.1396, 0.1471 -0.5945 1.1396, 0.1412 -0.5906 1.1396, 0.1471 -0.5906 1.1396, 0.1471 -0.5945 1.1472, 0.1471 -0.5906 1.1472, 0.1232 -0.5906 1.1472, 0.1232 -0.5945 1.1472, 0.1412 -0.5906 1.1472, 0.1232 -0.5945 1.1685, 0.1232 -0.5906 1.1685, 0.149 -0.5945 1.1685, 0.1412 -0.5906 1.1685, 0.149 -0.5906 1.1685, 0.149 -0.5945 1.1762, 0.149 -0.5906 1.1762, 0.1146 -0.5906 1.1762, 0.1146 -0.5945 1.1762, 0.1412 -0.5906 1.1762, 0.1146 -0.5945 1.1095, 0.1146 -0.5906 1.1095, 0.1412 -0.5906 1.1095, 0.2082 -0.5945 1.1397, 0.2172 -0.5945 1.1389, 0.2084 -0.5945 1.1435, 0.2174 -0.5945 1.1437, 0.2075 -0.5945 1.1512, 0.2166 -0.5945 1.1518, 0.2057 -0.5945 1.1563, 0.2143 -0.5945 1.1583, 0.2032 -0.5945 1.1601, 0.2103 -0.5945 1.1644, 0.201 -0.5945 1.1623, 0.2074 -0.5945 1.1674, 0.1959 -0.5945 1.1656, 0.2012 -0.5945 1.1717, 0.1901 -0.5945 1.1677, 0.1932 -0.5945 1.1749, 0.1818 -0.5945 1.1685, 0.1821 -0.5945 1.1762, 0.1717 -0.5945 1.1685, 0.1631 -0.5945 1.1762, 0.1717 -0.5945 1.1171, 0.1631 -0.5945 1.1095, 0.1814 -0.5945 1.1171, 0.1814 -0.5945 1.1095, 0.1896 -0.5945 1.1179, 0.1926 -0.5945 1.1108, 0.1953 -0.5945 1.1199, 0.2003 -0.5945 1.1138, 0.1998 -0.5945 1.1228, 0.2067 -0.5945 1.1182, 0.2012 -0.5945 1.1241, 0.2074 -0.5945 1.1188, 0.2047 -0.5945 1.1285, 0.2121 -0.5945 1.1244, 0.2069 -0.5945 1.1335, 0.2154 -0.5945 1.1312, 0.1814 -0.5906 1.1095, 0.1631 -0.5906 1.1095, 0.1926 -0.5906 1.1108, 0.1937 -0.5906 1.1112, 0.2003 -0.5906 1.1138, 0.2067 -0.5906 1.1182, 0.2074 -0.5906 1.1188, 0.2121 -0.5906 1.1244, 0.2154 -0.5906 1.1312, 0.2172 -0.5906 1.1389, 0.2174 -0.5906 1.1437, 0.2166 -0.5906 1.1518, 0.2143 -0.5906 1.1583, 0.2103 -0.5906 1.1644, 0.2074 -0.5906 1.1674, 0.1821 -0.5906 1.1762, 0.2012 -0.5906 1.1717, 0.1937 -0.5906 1.1747, 0.1932 -0.5906 1.1749, 0.1631 -0.5906 1.1762, 0.1818 -0.5906 1.1685, 0.1717 -0.5906 1.1685, 0.1717 -0.5906 1.1171, 0.1814 -0.5906 1.1171, 0.2012 -0.5906 1.1241, 0.1998 -0.5906 1.1228, 0.1953 -0.5906 1.1199, 0.1896 -0.5906 1.1179, 0.2084 -0.5906 1.1435, 0.2082 -0.5906 1.1397, 0.2069 -0.5906 1.1335, 0.2047 -0.5906 1.1285, 0.201 -0.5906 1.1623, 0.2032 -0.5906 1.1601, 0.2057 -0.5906 1.1563, 0.2075 -0.5906 1.1512, 0.1901 -0.5906 1.1677, 0.1959 -0.5906 1.1656, 0.1959 -0.5906 1.1656
            ]
        }
        coordIndex [
            0,1,2,-1,2,1,3,-1,4,0,5,-1,5,0,2,-1,6,4,7,-1,7,4,5,-1,8,6,9,-1,9,6,7,-1,10,8,11,-1,11,8,9,-1,1,10,3,-1,3,10,11,-1,6,8,4,-1,4,8,10,-1,4,10,0,-1,0,10,1,-1,12,13,14,-1,14,13,15,-1,15,16,14,-1,14,16,17,-1,14,17,18,-1,18,17,19,-1,18,19,20,-1,21,20,22,-1,22,20,19,-1,21,22,23,-1,21,23,24,-1,24,23,25,-1,24,25,26,-1,26,25,27,-1,26,27,28,-1,28,27,29,-1,28,29,30,-1,30,29,31,-1,30,31,32,-1,32,31,33,-1,32,33,34,-1,34,33,35,-1,34,35,36,-1,36,35,37,-1,36,37,38,-1,38,37,39,-1,38,39,40,-1,40,39,41,-1,40,41,42,-1,42,41,43,-1,42,43,44,-1,44,43,45,-1,44,45,46,-1,46,45,47,-1,46,47,48,-1,48,47,49,-1,48,49,50,-1,50,49,51,-1,50,51,52,-1,52,51,53,-1,52,53,54,-1,54,53,55,-1,54,55,56,-1,56,55,57,-1,56,57,58,-1,58,57,59,-1,58,59,60,-1,60,59,61,-1,60,61,62,-1,62,61,63,-1,62,63,64,-1,64,63,65,-1,64,65,66,-1,67,66,68,-1,68,66,65,-1,69,70,71,-1,67,68,72,-1,67,72,73,-1,73,72,74,-1,73,74,71,-1,71,74,75,-1,71,75,69,-1,70,69,76,-1,76,69,77,-1,77,78,76,-1,76,78,79,-1,76,79,80,-1,80,79,81,-1,80,81,82,-1,82,81,83,-1,82,83,84,-1,84,83,85,-1,86,87,85,-1,85,87,88,-1,85,88,84,-1,86,89,87,-1,87,89,90,-1,87,90,91,-1,91,90,92,-1,91,92,93,-1,93,92,94,-1,95,96,94,-1,94,96,97,-1,94,97,93,-1,95,98,96,-1,96,98,99,-1,96,99,100,-1,100,99,101,-1,100,101,102,-1,13,12,103,-1,102,101,104,-1,102,104,105,-1,105,104,106,-1,105,106,107,-1,107,106,108,-1,107,108,103,-1,103,108,109,-1,103,109,13,-1,64,66,67,-1,54,56,76,-1,46,48,88,-1,76,56,70,-1,64,67,62,-1,20,21,18,-1,18,21,24,-1,18,24,14,-1,14,24,26,-1,14,26,12,-1,12,26,28,-1,12,28,103,-1,103,28,30,-1,103,30,107,-1,107,30,32,-1,107,32,105,-1,105,32,34,-1,105,34,102,-1,102,34,36,-1,102,36,100,-1,100,36,38,-1,100,38,96,-1,96,38,97,-1,97,38,40,-1,97,40,93,-1,88,48,84,-1,56,58,70,-1,70,58,60,-1,70,60,71,-1,71,60,62,-1,71,62,73,-1,73,62,67,-1,76,80,54,-1,54,80,82,-1,54,82,52,-1,52,82,84,-1,52,84,50,-1,50,84,48,-1,40,42,93,-1,93,42,44,-1,93,44,91,-1,91,44,46,-1,91,46,87,-1,87,46,88,-1,110,111,112,-1,112,111,113,-1,114,115,116,-1,116,115,110,-1,116,110,112,-1,117,115,118,-1,118,115,114,-1,117,118,119,-1,119,118,120,-1,119,120,121,-1,122,119,123,-1,123,119,121,-1,124,125,126,-1,126,125,122,-1,126,122,123,-1,127,125,128,-1,128,125,124,-1,127,128,129,-1,129,128,130,-1,129,130,131,-1,132,129,133,-1,133,129,131,-1,134,135,136,-1,136,135,132,-1,136,132,133,-1,137,135,138,-1,138,135,134,-1,137,138,111,-1,111,138,139,-1,111,139,113,-1,137,111,110,-1,110,115,137,-1,137,115,117,-1,137,117,135,-1,129,132,127,-1,127,132,135,-1,127,135,125,-1,125,135,117,-1,125,117,122,-1,122,117,119,-1,140,141,142,-1,142,141,143,-1,142,143,144,-1,144,143,145,-1,144,145,146,-1,146,145,147,-1,146,147,148,-1,148,147,149,-1,148,149,150,-1,150,149,151,-1,150,151,152,-1,152,151,153,-1,152,153,154,-1,154,153,155,-1,154,155,156,-1,156,155,157,-1,156,157,158,-1,158,157,159,-1,158,159,160,-1,160,159,161,-1,160,161,162,-1,162,161,163,-1,162,163,164,-1,164,163,165,-1,164,165,166,-1,166,165,167,-1,166,167,168,-1,168,167,169,-1,168,169,170,-1,170,169,171,-1,170,171,172,-1,172,171,173,-1,172,173,174,-1,174,173,175,-1,174,175,140,-1,140,175,141,-1,163,161,176,-1,176,161,177,-1,163,176,178,-1,163,178,165,-1,165,178,179,-1,165,179,167,-1,179,180,167,-1,167,180,181,-1,167,181,169,-1,169,181,182,-1,169,182,171,-1,171,182,183,-1,171,183,173,-1,173,183,184,-1,173,184,175,-1,175,184,185,-1,175,185,141,-1,141,185,186,-1,141,186,143,-1,143,186,187,-1,143,187,145,-1,145,187,188,-1,145,188,147,-1,147,188,189,-1,147,189,149,-1,149,189,190,-1,149,190,151,-1,191,157,155,-1,151,190,192,-1,151,192,153,-1,153,192,193,-1,153,193,155,-1,155,193,194,-1,155,194,191,-1,159,157,195,-1,195,157,191,-1,161,159,177,-1,177,159,195,-1,156,158,196,-1,196,158,197,-1,158,160,197,-1,197,160,198,-1,160,162,198,-1,198,162,199,-1,170,200,201,-1,170,201,168,-1,168,201,202,-1,168,202,166,-1,166,202,203,-1,166,203,164,-1,164,203,199,-1,164,199,162,-1,142,204,205,-1,142,205,140,-1,140,205,206,-1,140,206,174,-1,174,206,207,-1,174,207,172,-1,172,207,200,-1,172,200,170,-1,150,208,209,-1,150,209,148,-1,148,209,210,-1,148,210,146,-1,146,210,211,-1,146,211,144,-1,144,211,204,-1,144,204,142,-1,156,196,212,-1,156,212,154,-1,154,212,213,-1,154,213,152,-1,152,213,208,-1,152,208,150,-1,
        ]
    }
}
Shape{
    appearance Appearance {
        material  Material 	{
            diffuseColor 1.0 0.5490196078431373 0.0
            specularColor 0.30196078431372547 0.16470588235294117 0.0
            ambientIntensity 0.2
            transparency 0
            shininess 0.5
        }
    }
    geometry IndexedFaceSet {
        ccw TRUE
        solid FALSE
        coord DEF co Coordinate {
            point [
                0.1717 -0.5906 1.1685, 0.1717 -0.5906 1.1171, 0.1818 -0.5906 1.1685, 0.1814 -0.5906 1.1171, 0.1896 -0.5906 1.1179, 0.1953 -0.5906 1.1199, 0.1998 -0.5906 1.1228, 0.2012 -0.5906 1.1241, 0.2047 -0.5906 1.1285, 0.2069 -0.5906 1.1335, 0.2082 -0.5906 1.1397, 0.2084 -0.5906 1.1435, 0.2075 -0.5906 1.1512, 0.2057 -0.5906 1.1563, 0.2032 -0.5906 1.1601, 0.201 -0.5906 1.1623, 0.1901 -0.5906 1.1677, 0.1959 -0.5906 1.1656, 0.1959 -0.5906 1.1656
            ]
        }
        coordIndex [
            0,1,2,-1,2,1,3,-1,2,3,4,-1,4,5,2,-1,2,5,6,-1,2,6,7,-1,7,8,2,-1,2,8,9,-1,2,9,10,-1,10,11,2,-1,2,11,12,-1,2,12,13,-1,13,14,2,-1,2,14,15,-1,2,15,16,-1,16,15,17,-1,
        ]
    }
}
Shape{
    appearance Appearance {
        material  Material 	{
            diffuseColor 0.07058823529411765 0.07058823529411765 0.07058823529411765
            specularColor 0.00392156862745098 0.00392156862745098 0.00392156862745098
            ambientIntensity 0.2
            transparency 0
            shininess 0.5
        }
    }
    geometry IndexedFaceSet {
        ccw TRUE
        solid FALSE
        coord DEF co Coordinate {
            point [
                0.2398 -0.5945 1.1353, 0.237 -0.5945 1.1277, 0.2622 -0.5945 1.1353, 0.2648 -0.5945 1.1277, 0.2498 -0.5945 1.163, 0.2465 -0.5945 1.1762, 0.2211 -0.5945 1.1095, 0.2306 -0.5945 1.1095, 0.2503 -0.5945 1.165, 0.2508 -0.5945 1.1677, 0.2557 -0.5945 1.1762, 0.251 -0.5945 1.1677, 0.2516 -0.5945 1.1649, 0.2521 -0.5945 1.163, 0.2812 -0.5945 1.1095, 0.2716 -0.5945 1.1095, 0.2557 -0.5906 1.1762, 0.2812 -0.5906 1.1095, 0.2465 -0.5906 1.1762, 0.2211 -0.5906 1.1095, 0.2403 -0.5906 1.16, 0.2306 -0.5906 1.1095, 0.237 -0.5906 1.1277, 0.2648 -0.5906 1.1277, 0.2403 -0.5906 1.1277, 0.2716 -0.5906 1.1095, 0.2398 -0.5906 1.1353, 0.2622 -0.5906 1.1353, 0.2521 -0.5906 1.163, 0.251 -0.5906 1.1677, 0.2516 -0.5906 1.1649, 0.2508 -0.5906 1.1677, 0.2498 -0.5906 1.163, 0.2503 -0.5906 1.165, 0.2503 -0.5906 1.165
            ]
        }
        coordIndex [
            0,1,2,-1,2,1,3,-1,4,5,0,-1,0,5,6,-1,0,6,1,-1,1,6,7,-1,4,8,5,-1,5,8,9,-1,5,9,10,-1,10,9,11,-1,10,11,12,-1,12,13,10,-1,10,13,2,-1,10,2,14,-1,14,2,3,-1,14,3,15,-1,10,14,16,-1,16,14,17,-1,5,10,18,-1,18,10,16,-1,19,6,20,-1,20,6,5,-1,20,5,18,-1,7,6,21,-1,21,6,19,-1,1,7,22,-1,22,7,21,-1,23,3,24,-1,24,3,1,-1,24,1,22,-1,15,3,25,-1,25,3,23,-1,14,15,17,-1,17,15,25,-1,0,2,26,-1,26,2,27,-1,2,13,27,-1,27,13,28,-1,11,29,30,-1,11,30,12,-1,12,30,28,-1,12,28,13,-1,11,9,29,-1,29,9,31,-1,4,32,33,-1,4,33,8,-1,8,33,31,-1,8,31,9,-1,4,0,32,-1,32,0,26,-1,
        ]
    }
}
Shape{
    appearance Appearance {
        material  Material 	{
            diffuseColor 1.0 0.5490196078431373 0.0
            specularColor 0.30196078431372547 0.16470588235294117 0.0
            ambientIntensity 0.2
            transparency 0
            shininess 0.5
        }
    }
    geometry IndexedFaceSet {
        ccw TRUE
        solid FALSE
        coord DEF co Coordinate {
            point [
                0.251 -0.5906 1.1677, 0.2508 -0.5906 1.1677, 0.2516 -0.5906 1.1649, 0.2503 -0.5906 1.165, 0.2521 -0.5906 1.163, 0.2498 -0.5906 1.163, 0.2622 -0.5906 1.1353, 0.2398 -0.5906 1.1353, 0.2398 -0.5906 1.1353
            ]
        }
        coordIndex [
            0,1,2,-1,2,1,3,-1,2,3,4,-1,4,3,5,-1,4,5,6,-1,6,5,7,-1,
        ]
    }
}
Shape{
    appearance Appearance {
        material  Material 	{
            diffuseColor 0.07058823529411765 0.07058823529411765 0.07058823529411765
            specularColor 0.00392156862745098 0.00392156862745098 0.00392156862745098
            ambientIntensity 0.2
            transparency 0
            shininess 0.5
        }
    }
    geometry IndexedFaceSet {
        ccw TRUE
        solid FALSE
        coord DEF co Coordinate {
            point [
                0.0493 -0.5945 1.0113, 0.0493 -0.5945 1.0036, 0.0493 -0.5906 1.0113, 0.0493 -0.5906 1.0036, 0.022 -0.5945 1.0113, 0.022 -0.5906 1.0113, 0.022 -0.5945 1.0337, 0.022 -0.5906 1.0337, 0.0458 -0.5945 1.0337, 0.0458 -0.5906 1.0337, 0.0458 -0.5945 1.0413, 0.0458 -0.5906 1.0413, 0.022 -0.5945 1.0413, 0.022 -0.5906 1.0413, 0.022 -0.5945 1.0627, 0.022 -0.5906 1.0627, 0.0477 -0.5945 1.0627, 0.0477 -0.5906 1.0627, 0.0477 -0.5945 1.0704, 0.0477 -0.5906 1.0704, 0.0134 -0.5945 1.0704, 0.0134 -0.5906 1.0704, 0.0134 -0.5945 1.0036, 0.0134 -0.5906 1.0036, 0.087 -0.5945 1.011, 0.0872 -0.5945 1.011, 0.0866 -0.5945 1.0187, 0.0872 -0.5945 1.0224, 0.0955 -0.5945 1.0343, 0.0872 -0.5945 1.023, 0.0872 -0.5945 1.0276, 0.0872 -0.5945 1.0036, 0.0955 -0.5945 1.0036, 0.0661 -0.5945 1.0302, 0.0691 -0.5945 1.024, 0.0712 -0.5945 1.025, 0.0854 -0.5945 1.0157, 0.0836 -0.5945 1.0133, 0.0857 -0.5945 1.009, 0.0826 -0.5945 1.0122, 0.083 -0.5945 1.0062, 0.0802 -0.5945 1.0106, 0.0801 -0.5945 1.0042, 0.0777 -0.5945 1.0097, 0.0767 -0.5945 1.003, 0.0745 -0.5945 1.0094, 0.0724 -0.5945 1.0025, 0.0717 -0.5945 1.0097, 0.0674 -0.5945 1.0031, 0.0698 -0.5945 1.0104, 0.0642 -0.5945 1.0043, 0.0682 -0.5945 1.0115, 0.0613 -0.5945 1.0063, 0.0674 -0.5945 1.0122, 0.0731 -0.5945 1.032, 0.076 -0.5945 1.0261, 0.0872 -0.5945 1.0339, 0.0619 -0.5945 1.048, 0.0619 -0.5945 1.0398, 0.0643 -0.5945 1.0493, 0.0677 -0.5945 1.0435, 0.0706 -0.5945 1.0516, 0.0729 -0.5945 1.0452, 0.0783 -0.5945 1.0524, 0.0775 -0.5945 1.0456, 0.0833 -0.5945 1.052, 0.0804 -0.5945 1.0453, 0.0868 -0.5945 1.0509, 0.0823 -0.5945 1.0446, 0.0896 -0.5945 1.0493, 0.0838 -0.5945 1.0437, 0.0918 -0.5945 1.0472, 0.0851 -0.5945 1.0423, 0.0936 -0.5945 1.0445, 0.086 -0.5945 1.0406, 0.0949 -0.5945 1.0408, 0.0869 -0.5945 1.0376, 0.0679 -0.5945 1.0231, 0.0628 -0.5945 1.0283, 0.0669 -0.5945 1.0219, 0.0603 -0.5945 1.026, 0.0662 -0.5945 1.0203, 0.0586 -0.5945 1.0233, 0.0658 -0.5945 1.0184, 0.0576 -0.5945 1.0202, 0.0657 -0.5945 1.0171, 0.0573 -0.5945 1.0164, 0.0659 -0.5945 1.0152, 0.0577 -0.5945 1.0126, 0.0665 -0.5945 1.0136, 0.0587 -0.5945 1.0098, 0.0604 -0.5945 1.0072, 0.0783 -0.5906 1.0524, 0.0706 -0.5906 1.0516, 0.0643 -0.5906 1.0493, 0.0619 -0.5906 1.048, 0.0619 -0.5906 1.0398, 0.0677 -0.5906 1.0435, 0.0729 -0.5906 1.0452, 0.0775 -0.5906 1.0456, 0.0804 -0.5906 1.0453, 0.0823 -0.5906 1.0446, 0.0838 -0.5906 1.0437, 0.0851 -0.5906 1.0423, 0.086 -0.5906 1.0406, 0.0869 -0.5906 1.0376, 0.0872 -0.5906 1.0339, 0.0731 -0.5906 1.032, 0.0661 -0.5906 1.0302, 0.0628 -0.5906 1.0283, 0.0603 -0.5906 1.026, 0.0586 -0.5906 1.0233, 0.0576 -0.5906 1.0202, 0.0573 -0.5906 1.0164, 0.0577 -0.5906 1.0126, 0.0587 -0.5906 1.0098, 0.0604 -0.5906 1.0072, 0.0613 -0.5906 1.0063, 0.0724 -0.5906 1.0025, 0.0675 -0.5906 1.0031, 0.0674 -0.5906 1.0031, 0.0642 -0.5906 1.0043, 0.0767 -0.5906 1.003, 0.0769 -0.5906 1.0031, 0.0801 -0.5906 1.0042, 0.083 -0.5906 1.0062, 0.0857 -0.5906 1.009, 0.087 -0.5906 1.011, 0.0872 -0.5906 1.011, 0.0872 -0.5906 1.0036, 0.0955 -0.5906 1.0036, 0.0955 -0.5906 1.0343, 0.0949 -0.5906 1.0408, 0.0936 -0.5906 1.0445, 0.0918 -0.5906 1.0472, 0.0896 -0.5906 1.0493, 0.0868 -0.5906 1.0509, 0.0833 -0.5906 1.052, 0.0679 -0.5906 1.0231, 0.0691 -0.5906 1.024, 0.0712 -0.5906 1.025, 0.076 -0.5906 1.0261, 0.0657 -0.5906 1.0171, 0.0658 -0.5906 1.0184, 0.0662 -0.5906 1.0203, 0.0669 -0.5906 1.0219, 0.0682 -0.5906 1.0115, 0.0674 -0.5906 1.0122, 0.0665 -0.5906 1.0136, 0.0659 -0.5906 1.0152, 0.0745 -0.5906 1.0094, 0.0717 -0.5906 1.0097, 0.0698 -0.5906 1.0104, 0.0836 -0.5906 1.0133, 0.0826 -0.5906 1.0122, 0.0802 -0.5906 1.0106, 0.0777 -0.5906 1.0097, 0.0872 -0.5906 1.023, 0.0872 -0.5906 1.0224, 0.0866 -0.5906 1.0187, 0.0854 -0.5906 1.0157, 0.0872 -0.5906 1.0276, 0.0872 -0.5906 1.0276
            ]
        }
        coordIndex [
            0,1,2,-1,2,1,3,-1,4,0,5,-1,5,0,2,-1,6,4,7,-1,7,4,5,-1,8,6,9,-1,9,6,7,-1,10,8,11,-1,11,8,9,-1,12,10,13,-1,13,10,11,-1,14,12,15,-1,15,12,13,-1,16,14,17,-1,17,14,15,-1,18,16,19,-1,19,16,17,-1,20,18,21,-1,21,18,19,-1,22,20,23,-1,23,20,21,-1,1,22,3,-1,3,22,23,-1,22,1,0,-1,0,4,22,-1,22,4,6,-1,22,6,20,-1,16,18,14,-1,14,18,20,-1,14,20,12,-1,12,20,6,-1,12,6,10,-1,10,6,8,-1,24,25,26,-1,27,28,29,-1,29,28,30,-1,31,32,25,-1,25,32,28,-1,25,28,26,-1,26,28,27,-1,33,34,35,-1,26,36,24,-1,24,36,37,-1,24,37,38,-1,38,37,39,-1,38,39,40,-1,40,39,41,-1,40,41,42,-1,42,41,43,-1,42,43,44,-1,44,43,45,-1,44,45,46,-1,46,45,47,-1,46,47,48,-1,48,47,49,-1,48,49,50,-1,50,49,51,-1,50,51,52,-1,52,51,53,-1,33,35,54,-1,54,35,55,-1,54,55,56,-1,57,58,59,-1,59,58,60,-1,59,60,61,-1,61,60,62,-1,61,62,63,-1,63,62,64,-1,63,64,65,-1,65,64,66,-1,65,66,67,-1,67,66,68,-1,67,68,69,-1,69,68,70,-1,69,70,71,-1,71,70,72,-1,71,72,73,-1,73,72,74,-1,73,74,75,-1,75,74,76,-1,75,76,28,-1,28,76,56,-1,28,56,30,-1,30,56,55,-1,34,33,77,-1,77,33,78,-1,77,78,79,-1,79,78,80,-1,79,80,81,-1,81,80,82,-1,81,82,83,-1,83,82,84,-1,83,84,85,-1,85,84,86,-1,85,86,87,-1,87,86,88,-1,87,88,89,-1,89,88,90,-1,89,90,53,-1,53,90,91,-1,53,91,52,-1,63,92,93,-1,63,93,61,-1,61,93,94,-1,61,94,59,-1,59,94,95,-1,59,95,57,-1,58,57,96,-1,96,57,95,-1,58,96,97,-1,58,97,60,-1,60,97,98,-1,60,98,62,-1,62,98,99,-1,62,99,64,-1,64,99,100,-1,64,100,66,-1,66,100,101,-1,66,101,68,-1,68,101,102,-1,68,102,70,-1,70,102,103,-1,70,103,72,-1,72,103,104,-1,72,104,74,-1,74,104,105,-1,74,105,76,-1,76,105,106,-1,76,106,56,-1,54,56,107,-1,107,56,106,-1,54,107,108,-1,54,108,33,-1,33,108,109,-1,33,109,78,-1,78,109,110,-1,78,110,80,-1,80,110,111,-1,80,111,82,-1,82,111,112,-1,82,112,84,-1,84,112,113,-1,84,113,86,-1,86,113,114,-1,86,114,88,-1,88,114,115,-1,88,115,90,-1,90,115,116,-1,90,116,91,-1,91,116,117,-1,91,117,52,-1,118,46,119,-1,119,46,48,-1,119,48,120,-1,120,48,50,-1,120,50,121,-1,121,50,52,-1,121,52,117,-1,46,118,122,-1,46,122,44,-1,44,122,123,-1,44,123,42,-1,123,124,42,-1,42,124,125,-1,42,125,40,-1,40,125,126,-1,40,126,38,-1,38,126,127,-1,38,127,24,-1,25,24,128,-1,128,24,127,-1,31,25,129,-1,129,25,128,-1,32,31,130,-1,130,31,129,-1,28,32,131,-1,131,32,130,-1,28,131,132,-1,28,132,75,-1,75,132,133,-1,75,133,73,-1,73,133,134,-1,73,134,71,-1,71,134,135,-1,71,135,69,-1,69,135,136,-1,69,136,67,-1,67,136,137,-1,67,137,65,-1,65,137,92,-1,65,92,63,-1,77,138,139,-1,77,139,34,-1,34,139,140,-1,34,140,35,-1,35,140,141,-1,35,141,55,-1,85,142,143,-1,85,143,83,-1,83,143,144,-1,83,144,81,-1,81,144,145,-1,81,145,79,-1,79,145,138,-1,79,138,77,-1,51,146,147,-1,51,147,53,-1,53,147,148,-1,53,148,89,-1,89,148,149,-1,89,149,87,-1,87,149,142,-1,87,142,85,-1,45,150,151,-1,45,151,47,-1,47,151,152,-1,47,152,49,-1,49,152,146,-1,49,146,51,-1,37,153,154,-1,37,154,39,-1,39,154,155,-1,39,155,41,-1,41,155,156,-1,41,156,43,-1,43,156,150,-1,43,150,45,-1,29,157,158,-1,29,158,27,-1,27,158,159,-1,27,159,26,-1,26,159,160,-1,26,160,36,-1,36,160,153,-1,36,153,37,-1,29,30,157,-1,157,30,161,-1,30,55,161,-1,161,55,141,-1,
        ]
    }
}
Shape{
    appearance Appearance {
        material  Material 	{
            diffuseColor 1.0 0.5490196078431373 0.0
            specularColor 0.30196078431372547 0.16470588235294117 0.0
            ambientIntensity 0.2
            transparency 0
            shininess 0.5
        }
    }
    geometry IndexedFaceSet {
        ccw TRUE
        solid FALSE
        coord DEF co Coordinate {
            point [
                0.0872 -0.5906 1.0276, 0.076 -0.5906 1.0261, 0.0872 -0.5906 1.023, 0.0712 -0.5906 1.025, 0.0691 -0.5906 1.024, 0.0679 -0.5906 1.0231, 0.0872 -0.5906 1.0224, 0.0866 -0.5906 1.0187, 0.0669 -0.5906 1.0219, 0.0854 -0.5906 1.0157, 0.0674 -0.5906 1.0122, 0.0682 -0.5906 1.0115, 0.0826 -0.5906 1.0122, 0.0665 -0.5906 1.0136, 0.0802 -0.5906 1.0106, 0.0777 -0.5906 1.0097, 0.0745 -0.5906 1.0094, 0.0662 -0.5906 1.0203, 0.0658 -0.5906 1.0184, 0.0836 -0.5906 1.0133, 0.0657 -0.5906 1.0171, 0.0659 -0.5906 1.0152, 0.0698 -0.5906 1.0104, 0.0717 -0.5906 1.0097, 0.0717 -0.5906 1.0097
            ]
        }
        coordIndex [
            0,1,2,-1,2,1,3,-1,3,4,2,-1,2,4,5,-1,2,5,6,-1,6,5,7,-1,7,5,8,-1,7,8,9,-1,10,11,12,-1,10,12,13,-1,14,12,15,-1,15,12,16,-1,8,17,9,-1,9,17,18,-1,9,18,19,-1,19,18,20,-1,19,20,12,-1,12,20,21,-1,12,21,13,-1,11,22,12,-1,12,22,23,-1,12,23,16,-1,
        ]
    }
}
Shape{
    appearance Appearance {
        material  Material 	{
            diffuseColor 0.07058823529411765 0.07058823529411765 0.07058823529411765
            specularColor 0.00392156862745098 0.00392156862745098 0.00392156862745098
            ambientIntensity 0.2
            transparency 0
            shininess 0.5
        }
    }
    geometry IndexedFaceSet {
        ccw TRUE
        solid FALSE
        coord DEF co Coordinate {
            point [
                0.1069 -0.5906 1.0139, 0.1069 -0.5945 1.0139, 0.1101 -0.5945 1.0119, 0.1206 -0.5945 1.0093, 0.1206 -0.5906 1.0093, 0.1154 -0.5906 1.01, 0.1154 -0.5945 1.01, 0.1107 -0.5906 1.0117, 0.1101 -0.5906 1.0119, 0.1069 -0.5945 1.0053, 0.1069 -0.5906 1.0053, 0.1107 -0.5906 1.004, 0.1129 -0.5945 1.0032, 0.1198 -0.5906 1.0025, 0.1198 -0.5945 1.0025, 0.1143 -0.5906 1.0031, 0.1129 -0.5906 1.0032, 0.1271 -0.5945 1.0034, 0.1247 -0.5906 1.0031, 0.1271 -0.5906 1.0034, 0.1316 -0.5906 1.005, 0.1316 -0.5945 1.005, 0.1337 -0.5906 1.0063, 0.1337 -0.5945 1.0063, 0.1361 -0.5906 1.0084, 0.1361 -0.5945 1.0084, 0.1376 -0.5906 1.0106, 0.1376 -0.5945 1.0106, 0.1387 -0.5906 1.0133, 0.1387 -0.5945 1.0133, 0.1391 -0.5906 1.0166, 0.1391 -0.5945 1.0166, 0.1387 -0.5906 1.0197, 0.1387 -0.5945 1.0197, 0.1378 -0.5906 1.0222, 0.1378 -0.5945 1.0222, 0.1363 -0.5906 1.0245, 0.1363 -0.5945 1.0245, 0.1343 -0.5906 1.0263, 0.1343 -0.5945 1.0263, 0.1287 -0.5906 1.0294, 0.1287 -0.5945 1.0294, 0.1255 -0.5906 1.0307, 0.1255 -0.5945 1.0307, 0.1203 -0.5906 1.0329, 0.1203 -0.5945 1.0329, 0.1174 -0.5906 1.0348, 0.1174 -0.5945 1.0348, 0.1165 -0.5906 1.0357, 0.1165 -0.5945 1.0357, 0.1159 -0.5906 1.0368, 0.1159 -0.5945 1.0368, 0.1156 -0.5906 1.0381, 0.1156 -0.5945 1.0381, 0.1155 -0.5906 1.0392, 0.1155 -0.5945 1.0392, 0.1157 -0.5906 1.0405, 0.1157 -0.5945 1.0405, 0.1161 -0.5906 1.0417, 0.1161 -0.5945 1.0417, 0.1168 -0.5906 1.0427, 0.1168 -0.5945 1.0427, 0.1181 -0.5906 1.0438, 0.1181 -0.5945 1.0438, 0.12 -0.5906 1.0448, 0.12 -0.5945 1.0448, 0.1222 -0.5906 1.0454, 0.1222 -0.5945 1.0454, 0.1247 -0.5906 1.0456, 0.1247 -0.5945 1.0456, 0.1302 -0.5906 1.045, 0.1302 -0.5945 1.045, 0.1349 -0.5906 1.0433, 0.1349 -0.5945 1.0433, 0.1368 -0.5906 1.0422, 0.1368 -0.5945 1.0422, 0.1368 -0.5945 1.0503, 0.1368 -0.5906 1.0503, 0.1304 -0.5906 1.052, 0.1304 -0.5945 1.052, 0.1255 -0.5906 1.0524, 0.1255 -0.5945 1.0524, 0.1187 -0.5906 1.0516, 0.1187 -0.5945 1.0516, 0.1142 -0.5906 1.0498, 0.1142 -0.5945 1.0498, 0.1123 -0.5906 1.0486, 0.1123 -0.5945 1.0486, 0.1107 -0.5906 1.0472, 0.1098 -0.5945 1.0464, 0.1098 -0.5906 1.0464, 0.1082 -0.5906 1.0441, 0.1082 -0.5945 1.0441, 0.1073 -0.5906 1.0414, 0.1073 -0.5945 1.0414, 0.1069 -0.5906 1.0384, 0.1069 -0.5945 1.0384, 0.1073 -0.5906 1.0352, 0.1073 -0.5945 1.0352, 0.1082 -0.5906 1.0326, 0.1082 -0.5945 1.0326, 0.1093 -0.5906 1.0309, 0.1093 -0.5945 1.0309, 0.1196 -0.5906 1.0246, 0.1196 -0.5945 1.0246, 0.1146 -0.5945 1.0269, 0.1107 -0.5906 1.0295, 0.1107 -0.5945 1.0295, 0.1107 -0.5906 1.0294, 0.1146 -0.5906 1.0269, 0.1251 -0.5906 1.0223, 0.1251 -0.5945 1.0223, 0.1283 -0.5906 1.0203, 0.1283 -0.5945 1.0203, 0.1294 -0.5906 1.0192, 0.1294 -0.5945 1.0192, 0.13 -0.5906 1.0181, 0.13 -0.5945 1.0181, 0.1304 -0.5906 1.0168, 0.1304 -0.5945 1.0168, 0.1305 -0.5906 1.0158, 0.1305 -0.5945 1.0158, 0.1303 -0.5906 1.0142, 0.1303 -0.5945 1.0142, 0.1299 -0.5906 1.013, 0.1299 -0.5945 1.013, 0.1291 -0.5906 1.0119, 0.1291 -0.5945 1.0119, 0.1282 -0.5906 1.0111, 0.1282 -0.5945 1.0111, 0.1274 -0.5906 1.0106, 0.1274 -0.5945 1.0106, 0.1253 -0.5906 1.0098, 0.1253 -0.5945 1.0098, 0.121 -0.5906 1.0093, 0.121 -0.5945 1.0093, 0.1805 -0.5945 1.0513, 0.1892 -0.5945 1.0513, 0.1805 -0.5906 1.0513, 0.1892 -0.5906 1.0513, 0.1675 -0.5945 1.0154, 0.1675 -0.5906 1.0154, 0.1668 -0.5906 1.0132, 0.1668 -0.5945 1.0132, 0.1664 -0.5906 1.0116, 0.1664 -0.5945 1.0116, 0.1662 -0.5945 1.0116, 0.1662 -0.5906 1.0116, 0.1652 -0.5945 1.0155, 0.1652 -0.5906 1.0155, 0.1528 -0.5906 1.0513, 0.1528 -0.5945 1.0513, 0.1568 -0.5906 1.0397, 0.1434 -0.5945 1.0513, 0.1434 -0.5906 1.0513, 0.1621 -0.5906 1.0037, 0.1621 -0.5945 1.0037, 0.1568 -0.5906 1.0173, 0.1584 -0.5906 0.9951, 0.1584 -0.5945 0.9951, 0.1618 -0.5906 1.0031, 0.1568 -0.5906 0.9921, 0.1568 -0.5906 0.9921, 0.1552 -0.5945 0.9903, 0.1568 -0.5945 0.9921, 0.1552 -0.5906 0.9903, 0.1537 -0.5906 0.9893, 0.1537 -0.5945 0.9893, 0.1519 -0.5906 0.9886, 0.1519 -0.5945 0.9886, 0.1499 -0.5906 0.9884, 0.1499 -0.5945 0.9884, 0.1468 -0.5906 0.9888, 0.1468 -0.5945 0.9888, 0.1451 -0.5906 0.9893, 0.1451 -0.5945 0.9893, 0.1451 -0.5945 0.9819, 0.1451 -0.5906 0.9819, 0.1487 -0.5906 0.9813, 0.1487 -0.5945 0.9813, 0.1505 -0.5906 0.9812, 0.1505 -0.5945 0.9812, 0.1539 -0.5906 0.9816, 0.1539 -0.5945 0.9816, 0.1568 -0.5906 0.9827, 0.1572 -0.5945 0.9828, 0.1572 -0.5906 0.9828, 0.1601 -0.5906 0.9849, 0.1601 -0.5945 0.9849, 0.1607 -0.5906 0.9854, 0.1607 -0.5945 0.9854, 0.1637 -0.5906 0.9891, 0.1637 -0.5945 0.9891, 0.1675 -0.5906 0.9964, 0.1675 -0.5945 0.9964, 0.1701 -0.5906 1.0031, 0.234 -0.5945 1.0113, 0.234 -0.5945 1.0036, 0.234 -0.5906 1.0113, 0.234 -0.5906 1.0036, 0.2068 -0.5906 1.0113, 0.2068 -0.5945 1.0113, 0.2193 -0.5906 1.0113, 0.2068 -0.5945 1.0337, 0.2068 -0.5906 1.0337, 0.2306 -0.5945 1.0337, 0.2193 -0.5906 1.0337, 0.2306 -0.5906 1.0337, 0.2306 -0.5945 1.0413, 0.2306 -0.5906 1.0413, 0.2068 -0.5906 1.0413, 0.2068 -0.5945 1.0413, 0.2193 -0.5906 1.0413, 0.2068 -0.5945 1.0627, 0.2068 -0.5906 1.0627, 0.2325 -0.5906 1.0627, 0.2325 -0.5945 1.0627, 0.2193 -0.5906 1.0627, 0.2325 -0.5945 1.0704, 0.2325 -0.5906 1.0704, 0.1982 -0.5906 1.0704, 0.1982 -0.5945 1.0704, 0.2193 -0.5906 1.0704, 0.1982 -0.5945 1.0036, 0.1982 -0.5906 1.0036, 0.2193 -0.5906 1.0036, 0.2917 -0.5945 1.0338, 0.3007 -0.5945 1.0331, 0.2919 -0.5945 1.0376, 0.301 -0.5945 1.0379, 0.2911 -0.5945 1.0454, 0.3001 -0.5945 1.0459, 0.2893 -0.5945 1.0504, 0.2979 -0.5945 1.0525, 0.2868 -0.5945 1.0542, 0.2939 -0.5945 1.0585, 0.2846 -0.5945 1.0564, 0.2909 -0.5945 1.0615, 0.2795 -0.5945 1.0598, 0.2847 -0.5945 1.0659, 0.2736 -0.5945 1.0618, 0.2768 -0.5945 1.069, 0.2653 -0.5945 1.0627, 0.2657 -0.5945 1.0704, 0.2553 -0.5945 1.0627, 0.2466 -0.5945 1.0704, 0.2553 -0.5945 1.0113, 0.2466 -0.5945 1.0036, 0.2649 -0.5945 1.0113, 0.265 -0.5945 1.0036, 0.2731 -0.5945 1.0121, 0.2762 -0.5945 1.005, 0.2789 -0.5945 1.0141, 0.2838 -0.5945 1.0079, 0.2834 -0.5945 1.0169, 0.2903 -0.5945 1.0124, 0.2848 -0.5945 1.0182, 0.2909 -0.5945 1.013, 0.2883 -0.5945 1.0226, 0.2956 -0.5945 1.0185, 0.2905 -0.5945 1.0276, 0.299 -0.5945 1.0253, 0.265 -0.5906 1.0036, 0.2466 -0.5906 1.0036, 0.2762 -0.5906 1.005, 0.2838 -0.5906 1.0079, 0.2903 -0.5906 1.0124, 0.2909 -0.5906 1.013, 0.2956 -0.5906 1.0185, 0.299 -0.5906 1.0253, 0.3007 -0.5906 1.0331, 0.301 -0.5906 1.0379, 0.3001 -0.5906 1.0459, 0.2979 -0.5906 1.0525, 0.2939 -0.5906 1.0585, 0.2909 -0.5906 1.0615, 0.2847 -0.5906 1.0659, 0.2768 -0.5906 1.069, 0.2657 -0.5906 1.0704, 0.2466 -0.5906 1.0704, 0.2653 -0.5906 1.0627, 0.2553 -0.5906 1.0627, 0.2553 -0.5906 1.0113, 0.2649 -0.5906 1.0113, 0.2848 -0.5906 1.0182, 0.2834 -0.5906 1.0169, 0.2789 -0.5906 1.0141, 0.2731 -0.5906 1.0121, 0.2919 -0.5906 1.0376, 0.2917 -0.5906 1.0338, 0.2905 -0.5906 1.0276, 0.2883 -0.5906 1.0226, 0.2846 -0.5906 1.0564, 0.2868 -0.5906 1.0542, 0.2893 -0.5906 1.0504, 0.2911 -0.5906 1.0454, 0.2736 -0.5906 1.0618, 0.2795 -0.5906 1.0598, 0.2795 -0.5906 1.0598
            ]
        }
        coordIndex [
            0,1,2,-1,3,4,5,-1,3,5,6,-1,6,5,7,-1,6,7,2,-1,2,7,8,-1,2,8,0,-1,9,1,10,-1,10,1,0,-1,10,11,9,-1,9,11,12,-1,13,14,15,-1,15,14,12,-1,15,12,16,-1,16,12,11,-1,14,13,17,-1,17,13,18,-1,18,19,17,-1,17,19,20,-1,17,20,21,-1,21,20,22,-1,21,22,23,-1,23,22,24,-1,23,24,25,-1,25,24,26,-1,25,26,27,-1,27,26,28,-1,27,28,29,-1,29,28,30,-1,29,30,31,-1,31,30,32,-1,31,32,33,-1,33,32,34,-1,33,34,35,-1,35,34,36,-1,35,36,37,-1,37,36,38,-1,37,38,39,-1,39,38,40,-1,39,40,41,-1,41,40,42,-1,41,42,43,-1,43,42,44,-1,43,44,45,-1,45,44,46,-1,45,46,47,-1,47,46,48,-1,47,48,49,-1,49,48,50,-1,49,50,51,-1,51,50,52,-1,51,52,53,-1,53,52,54,-1,53,54,55,-1,55,54,56,-1,55,56,57,-1,57,56,58,-1,57,58,59,-1,59,58,60,-1,59,60,61,-1,61,60,62,-1,61,62,63,-1,63,62,64,-1,63,64,65,-1,65,64,66,-1,65,66,67,-1,67,66,68,-1,67,68,69,-1,69,68,70,-1,69,70,71,-1,71,70,72,-1,71,72,73,-1,73,72,74,-1,73,74,75,-1,76,75,77,-1,77,75,74,-1,76,77,78,-1,76,78,79,-1,79,78,80,-1,79,80,81,-1,81,80,82,-1,81,82,83,-1,83,82,84,-1,83,84,85,-1,85,84,86,-1,85,86,87,-1,86,88,87,-1,87,88,89,-1,88,90,89,-1,89,90,91,-1,89,91,92,-1,92,91,93,-1,92,93,94,-1,94,93,95,-1,94,95,96,-1,96,95,97,-1,96,97,98,-1,98,97,99,-1,98,99,100,-1,100,99,101,-1,100,101,102,-1,103,104,105,-1,102,101,106,-1,102,106,107,-1,107,106,108,-1,107,108,105,-1,105,108,109,-1,105,109,103,-1,104,103,110,-1,104,110,111,-1,111,110,112,-1,111,112,113,-1,113,112,114,-1,113,114,115,-1,115,114,116,-1,115,116,117,-1,117,116,118,-1,117,118,119,-1,119,118,120,-1,119,120,121,-1,121,120,122,-1,121,122,123,-1,123,122,124,-1,123,124,125,-1,125,124,126,-1,125,126,127,-1,127,126,128,-1,127,128,129,-1,129,128,130,-1,129,130,131,-1,131,130,132,-1,131,132,133,-1,133,132,134,-1,133,134,135,-1,135,134,4,-1,135,4,3,-1,61,63,85,-1,85,63,83,-1,111,43,104,-1,104,43,45,-1,21,23,127,-1,127,23,25,-1,127,25,125,-1,125,25,27,-1,125,27,123,-1,123,27,29,-1,123,29,121,-1,121,29,31,-1,121,31,119,-1,119,31,33,-1,119,33,117,-1,117,33,35,-1,117,35,115,-1,115,35,37,-1,115,37,113,-1,113,37,39,-1,113,39,111,-1,111,39,41,-1,111,41,43,-1,14,3,12,-1,12,3,6,-1,12,6,9,-1,9,6,2,-1,9,2,1,-1,63,65,83,-1,83,65,67,-1,83,67,81,-1,81,67,69,-1,81,69,79,-1,79,69,71,-1,79,71,76,-1,76,71,73,-1,76,73,75,-1,127,129,21,-1,21,129,131,-1,21,131,17,-1,17,131,133,-1,17,133,14,-1,14,133,135,-1,14,135,3,-1,85,87,61,-1,61,87,89,-1,61,89,59,-1,59,89,92,-1,59,92,57,-1,57,92,94,-1,57,94,55,-1,55,94,96,-1,55,96,53,-1,53,96,98,-1,53,98,51,-1,51,98,100,-1,51,100,49,-1,49,100,102,-1,49,102,47,-1,47,102,107,-1,47,107,45,-1,45,107,105,-1,45,105,104,-1,136,137,138,-1,138,137,139,-1,140,136,141,-1,141,136,138,-1,140,141,142,-1,140,142,143,-1,143,142,144,-1,143,144,145,-1,146,145,147,-1,147,145,144,-1,148,146,149,-1,149,146,147,-1,150,151,152,-1,152,151,148,-1,152,148,149,-1,153,151,154,-1,154,151,150,-1,155,156,157,-1,157,156,153,-1,157,153,154,-1,158,159,160,-1,160,159,156,-1,160,156,155,-1,159,158,161,-1,162,163,161,-1,161,163,164,-1,161,164,159,-1,162,165,163,-1,163,165,166,-1,163,166,167,-1,167,166,168,-1,167,168,169,-1,169,168,170,-1,169,170,171,-1,171,170,172,-1,171,172,173,-1,173,172,174,-1,173,174,175,-1,176,175,177,-1,177,175,174,-1,176,177,178,-1,176,178,179,-1,179,178,180,-1,179,180,181,-1,181,180,182,-1,181,182,183,-1,183,182,184,-1,183,184,185,-1,184,186,185,-1,185,186,187,-1,185,187,188,-1,188,187,189,-1,188,189,190,-1,190,189,191,-1,190,191,192,-1,192,191,193,-1,192,193,194,-1,139,137,195,-1,195,137,194,-1,195,194,193,-1,143,145,194,-1,137,136,194,-1,194,136,140,-1,194,140,143,-1,151,153,148,-1,148,153,156,-1,148,156,146,-1,192,164,190,-1,190,164,163,-1,175,176,173,-1,173,176,179,-1,173,179,171,-1,171,179,181,-1,171,181,169,-1,169,181,183,-1,169,183,167,-1,167,183,185,-1,167,185,163,-1,163,185,188,-1,163,188,190,-1,145,146,194,-1,194,146,156,-1,194,156,192,-1,192,156,159,-1,192,159,164,-1,196,197,198,-1,198,197,199,-1,200,201,202,-1,202,201,196,-1,202,196,198,-1,203,201,204,-1,204,201,200,-1,203,204,205,-1,205,204,206,-1,205,206,207,-1,208,205,209,-1,209,205,207,-1,210,211,212,-1,212,211,208,-1,212,208,209,-1,213,211,214,-1,214,211,210,-1,215,216,217,-1,217,216,213,-1,217,213,214,-1,218,216,219,-1,219,216,215,-1,220,221,222,-1,222,221,218,-1,222,218,219,-1,223,221,224,-1,224,221,220,-1,199,197,225,-1,225,197,223,-1,225,223,224,-1,223,197,196,-1,196,201,223,-1,223,201,203,-1,223,203,221,-1,216,218,213,-1,213,218,221,-1,213,221,211,-1,211,221,203,-1,211,203,208,-1,208,203,205,-1,226,227,228,-1,228,227,229,-1,228,229,230,-1,230,229,231,-1,230,231,232,-1,232,231,233,-1,232,233,234,-1,234,233,235,-1,234,235,236,-1,236,235,237,-1,236,237,238,-1,238,237,239,-1,238,239,240,-1,240,239,241,-1,240,241,242,-1,242,241,243,-1,242,243,244,-1,244,243,245,-1,244,245,246,-1,246,245,247,-1,246,247,248,-1,248,247,249,-1,248,249,250,-1,250,249,251,-1,250,251,252,-1,252,251,253,-1,252,253,254,-1,254,253,255,-1,254,255,256,-1,256,255,257,-1,256,257,258,-1,258,257,259,-1,258,259,260,-1,260,259,261,-1,260,261,226,-1,226,261,227,-1,249,247,262,-1,262,247,263,-1,249,262,264,-1,249,264,251,-1,251,264,265,-1,251,265,253,-1,253,265,266,-1,253,266,255,-1,255,266,267,-1,255,267,257,-1,257,267,268,-1,257,268,259,-1,259,268,269,-1,259,269,261,-1,261,269,270,-1,261,270,227,-1,227,270,271,-1,227,271,229,-1,229,271,272,-1,229,272,231,-1,231,272,273,-1,231,273,233,-1,233,273,274,-1,233,274,235,-1,235,274,275,-1,235,275,237,-1,237,275,276,-1,237,276,239,-1,239,276,277,-1,239,277,241,-1,241,277,278,-1,241,278,243,-1,245,243,279,-1,279,243,278,-1,247,245,263,-1,263,245,279,-1,242,244,280,-1,280,244,281,-1,244,246,281,-1,281,246,282,-1,246,248,282,-1,282,248,283,-1,256,284,285,-1,256,285,254,-1,254,285,286,-1,254,286,252,-1,252,286,287,-1,252,287,250,-1,250,287,283,-1,250,283,248,-1,228,288,289,-1,228,289,226,-1,226,289,290,-1,226,290,260,-1,260,290,291,-1,260,291,258,-1,258,291,284,-1,258,284,256,-1,236,292,293,-1,236,293,234,-1,234,293,294,-1,234,294,232,-1,232,294,295,-1,232,295,230,-1,230,295,288,-1,230,288,228,-1,242,280,296,-1,242,296,240,-1,240,296,297,-1,240,297,238,-1,238,297,292,-1,238,292,236,-1,
        ]
    }
}
Shape{
    appearance Appearance {
        material  Material 	{
            diffuseColor 1.0 0.5490196078431373 0.0
            specularColor 0.30196078431372547 0.16470588235294117 0.0
            ambientIntensity 0.2
            transparency 0
            shininess 0.5
        }
    }
    geometry IndexedFaceSet {
        ccw TRUE
        solid FALSE
        coord DEF co Coordinate {
            point [
                0.2553 -0.5906 1.0627, 0.2553 -0.5906 1.0113, 0.2653 -0.5906 1.0627, 0.2649 -0.5906 1.0113, 0.2731 -0.5906 1.0121, 0.2789 -0.5906 1.0141, 0.2834 -0.5906 1.0169, 0.2848 -0.5906 1.0182, 0.2883 -0.5906 1.0226, 0.2905 -0.5906 1.0276, 0.2917 -0.5906 1.0338, 0.2919 -0.5906 1.0376, 0.2911 -0.5906 1.0454, 0.2893 -0.5906 1.0504, 0.2868 -0.5906 1.0542, 0.2846 -0.5906 1.0564, 0.2736 -0.5906 1.0618, 0.2795 -0.5906 1.0598, 0.2795 -0.5906 1.0598
            ]
        }
        coordIndex [
            0,1,2,-1,2,1,3,-1,2,3,4,-1,4,5,2,-1,2,5,6,-1,2,6,7,-1,7,8,2,-1,2,8,9,-1,2,9,10,-1,10,11,2,-1,2,11,12,-1,2,12,13,-1,13,14,2,-1,2,14,15,-1,2,15,16,-1,16,15,17,-1,
        ]
    }
}
Shape{
    appearance Appearance {
        material  Material 	{
            diffuseColor 0.07058823529411765 0.07058823529411765 0.07058823529411765
            specularColor 0.00392156862745098 0.00392156862745098 0.00392156862745098
            ambientIntensity 0.2
            transparency 0
            shininess 0.5
        }
    }
    geometry IndexedFaceSet {
        ccw TRUE
        solid FALSE
        coord DEF co Coordinate {
            point [
                0.3233 -0.5945 1.0294, 0.3206 -0.5945 1.0219, 0.3457 -0.5945 1.0294, 0.3484 -0.5945 1.0219, 0.3333 -0.5945 1.0572, 0.3301 -0.5945 1.0704, 0.3047 -0.5945 1.0036, 0.3142 -0.5945 1.0036, 0.3339 -0.5945 1.0592, 0.3344 -0.5945 1.0618, 0.3393 -0.5945 1.0704, 0.3346 -0.5945 1.0618, 0.3351 -0.5945 1.059, 0.3356 -0.5945 1.0572, 0.3647 -0.5945 1.0036, 0.3552 -0.5945 1.0036, 0.3393 -0.5906 1.0704, 0.3647 -0.5906 1.0036, 0.3301 -0.5906 1.0704, 0.3047 -0.5906 1.0036, 0.3142 -0.5906 1.0036, 0.3206 -0.5906 1.0219, 0.3484 -0.5906 1.0219, 0.3552 -0.5906 1.0036, 0.3233 -0.5906 1.0294, 0.3457 -0.5906 1.0294, 0.3356 -0.5906 1.0572, 0.3346 -0.5906 1.0618, 0.3351 -0.5906 1.059, 0.3344 -0.5906 1.0618, 0.3333 -0.5906 1.0572, 0.3339 -0.5906 1.0592, 0.3339 -0.5906 1.0592
            ]
        }
        coordIndex [
            0,1,2,-1,2,1,3,-1,4,5,0,-1,0,5,6,-1,0,6,1,-1,1,6,7,-1,4,8,5,-1,5,8,9,-1,5,9,10,-1,10,9,11,-1,10,11,12,-1,12,13,10,-1,10,13,2,-1,10,2,14,-1,14,2,3,-1,14,3,15,-1,10,14,16,-1,16,14,17,-1,5,10,18,-1,18,10,16,-1,6,5,19,-1,19,5,18,-1,7,6,20,-1,20,6,19,-1,1,7,21,-1,21,7,20,-1,3,1,22,-1,22,1,21,-1,15,3,23,-1,23,3,22,-1,14,15,17,-1,17,15,23,-1,0,2,24,-1,24,2,25,-1,2,13,25,-1,25,13,26,-1,11,27,28,-1,11,28,12,-1,12,28,26,-1,12,26,13,-1,11,9,27,-1,27,9,29,-1,4,30,31,-1,4,31,8,-1,8,31,29,-1,8,29,9,-1,4,0,30,-1,30,0,24,-1,
        ]
    }
}
Shape{
    appearance Appearance {
        material  Material 	{
            diffuseColor 1.0 0.5490196078431373 0.0
            specularColor 0.30196078431372547 0.16470588235294117 0.0
            ambientIntensity 0.2
            transparency 0
            shininess 0.5
        }
    }
    geometry IndexedFaceSet {
        ccw TRUE
        solid FALSE
        coord DEF co Coordinate {
            point [
                0.3346 -0.5906 1.0618, 0.3344 -0.5906 1.0618, 0.3351 -0.5906 1.059, 0.3339 -0.5906 1.0592, 0.3356 -0.5906 1.0572, 0.3333 -0.5906 1.0572, 0.3457 -0.5906 1.0294, 0.3233 -0.5906 1.0294, 0.3233 -0.5906 1.0294
            ]
        }
        coordIndex [
            0,1,2,-1,2,1,3,-1,2,3,4,-1,4,3,5,-1,4,5,6,-1,6,5,7,-1,
        ]
    }
}
Shape{
    appearance Appearance {
        material  Material 	{
            diffuseColor 0.07058823529411765 0.07058823529411765 0.07058823529411765
            specularColor 0.00392156862745098 0.00392156862745098 0.00392156862745098
            ambientIntensity 0.2
            transparency 0
            shininess 0.5
        }
    }
    geometry IndexedFaceSet {
        ccw TRUE
        solid FALSE
        coord DEF co Coordinate {
            point [
                -0.2939 -0.5945 1.1185, -0.2834 -0.5945 1.1242, -0.2858 -0.5945 1.1534, -0.2023 -0.5945 0.9922, -0.1966 -0.5945 1.0028, -0.1938 -0.5945 1.0145, -0.2562 -0.5945 1.1547, -0.2415 -0.5945 1.1201, -0.2342 -0.5945 1.1351, -0.2591 -0.5945 1.0133, -0.2599 -0.5945 1.0177, -0.2856 -0.5945 1.0361, -0.2861 -0.5945 1.0044, -0.2921 -0.5945 1.0062, -0.296 -0.5945 1.0425, -0.2671 -0.5945 1.1557, -0.1271 -0.5945 1.0594, -0.1419 -0.5945 1.0845, -0.1936 -0.5945 1.0243, -0.2054 -0.5945 1.0513, -0.1936 -0.5945 1.0195, -0.2189 -0.5945 0.9776, -0.2095 -0.5945 0.9842, -0.2572 -0.5945 1.0093, -0.2742 -0.5945 0.9855, -0.2813 -0.5945 0.9942, -0.2465 -0.5945 1.1661, -0.2236 -0.5945 1.1479, -0.2353 -0.5945 1.1756, -0.2109 -0.5945 1.1571, -0.2237 -0.5945 1.1828, -0.2717 -0.5945 1.127, -0.2666 -0.5945 1.1272, -0.2616 -0.5945 1.1554, -0.2554 -0.5945 1.1258, -0.2448 -0.5945 1.1219, -0.2264 -0.5945 1.0083, -0.229 -0.5945 1.0054, -0.2326 -0.5945 1.0028, -0.2295 -0.5945 0.9735, -0.2367 -0.5945 1.0012, -0.241 -0.5945 0.9721, -0.2415 -0.5945 1.0006, -0.2428 -0.5945 0.9721, -0.2423 -0.5945 1.0006, -0.254 -0.5945 0.9739, -0.2465 -0.5945 1.0013, -0.2649 -0.5945 0.9785, -0.2508 -0.5945 1.0031, -0.2545 -0.5945 1.0059, -0.2242 -0.5945 1.0257, -0.2231 -0.5945 1.0213, -0.2231 -0.5945 1.0169, -0.2242 -0.5945 1.0124, -0.0588 -0.5945 1.0248, -0.0809 -0.5945 1.0436, -0.0717 -0.5945 1.0138, -0.0879 -0.5945 1.0379, -0.0862 -0.5945 1.0068, -0.0963 -0.5945 1.034, -0.102 -0.5945 1.0034, -0.1048 -0.5945 1.0324, -0.13 -0.5945 1.0034, -0.1262 -0.5945 1.0324, -0.1327 -0.5945 1.0038, -0.2597 -0.5945 1.0223, -0.2583 -0.5945 1.0268, -0.2804 -0.5945 1.0463, -0.2558 -0.5945 1.0307, -0.2725 -0.5945 1.0553, -0.254 -0.5945 1.0327, -0.2628 -0.5945 1.062, -0.2503 -0.5945 1.0353, -0.2524 -0.5945 1.0661, -0.2461 -0.5945 1.037, -0.241 -0.5945 1.0675, -0.2415 -0.5945 1.0376, -0.2353 -0.5945 1.0671, -0.2375 -0.5945 1.0371, -0.2238 -0.5945 1.0643, -0.2331 -0.5945 1.0356, -0.2137 -0.5945 1.0589, -0.2293 -0.5945 1.033, -0.2262 -0.5945 1.0296, -0.1115 -0.5945 1.1064, -0.1077 -0.5945 1.1064, -0.0882 -0.5945 1.132, -0.1 -0.5945 1.1056, -0.086 -0.5945 1.1312, -0.0916 -0.5945 1.1027, -0.0718 -0.5945 1.1242, -0.0841 -0.5945 1.0978, -0.059 -0.5945 1.1133, -0.0778 -0.5945 1.0911, -0.0493 -0.5945 1.0998, -0.0733 -0.5945 1.083, -0.0435 -0.5945 1.0854, -0.071 -0.5945 1.0739, -0.0413 -0.5945 1.0698, -0.0707 -0.5945 1.0694, -0.0434 -0.5945 1.0529, -0.0718 -0.5945 1.0601, -0.0494 -0.5945 1.0379, -0.0751 -0.5945 1.0516, -0.0803 -0.5945 1.0442, -0.1139 -0.5945 1.1695, -0.1325 -0.5945 1.1477, -0.0981 -0.5945 1.1512, -0.1218 -0.5945 1.1349, -0.1144 -0.5945 1.1197, -0.3126 -0.5945 1.0913, -0.3438 -0.5945 1.0834, -0.3141 -0.5945 1.0798, -0.3439 -0.5945 1.0788, -0.3135 -0.5945 1.0724, -0.3416 -0.5945 1.0602, -0.3101 -0.5945 1.0608, -0.3348 -0.5945 1.0426, -0.3045 -0.5945 1.0513, -0.324 -0.5945 1.0271, -0.3092 -0.5945 1.0145, -0.2018 -0.5945 1.1912, -0.1954 -0.5945 1.1634, -0.1784 -0.5945 1.1941, -0.1779 -0.5945 1.1657, -0.1588 -0.5945 1.1921, -0.1618 -0.5945 1.1637, -0.135 -0.5945 1.1837, -0.1469 -0.5945 1.158, -0.1336 -0.5945 1.1487, -0.3034 -0.5945 1.1466, -0.3185 -0.5945 1.1359, -0.302 -0.5945 1.1113, -0.3217 -0.5945 1.1329, -0.3086 -0.5945 1.1019, -0.3331 -0.5945 1.1183, -0.3406 -0.5945 1.1012, -0.1286 -0.5945 1.0328, -0.14 -0.5945 1.0084, -0.1389 -0.5945 1.0073, -0.1272 -0.5945 1.0325, -0.1358 -0.5945 1.0051, -0.1437 -0.5945 1.0181, -0.1433 -0.5945 1.0146, -0.1421 -0.5945 1.0114, -0.1327 -0.5945 1.0324, -0.136 -0.5945 1.0311, -0.1436 -0.5945 1.02, -0.1389 -0.5945 1.029, -0.1409 -0.5945 1.0268, -0.1427 -0.5945 1.0236, -0.129 -0.5945 1.0328, -0.0558 -0.5906 1.1089, -0.0493 -0.5906 1.0998, -0.0451 -0.5906 1.0894, -0.0435 -0.5906 1.0854, -0.0413 -0.5906 1.0698, -0.059 -0.5906 1.1133, -0.0718 -0.5906 1.1242, -0.086 -0.5906 1.1312, -0.0882 -0.5906 1.132, -0.0981 -0.5906 1.1512, -0.1139 -0.5906 1.1695, -0.1248 -0.5906 1.1768, -0.135 -0.5906 1.1837, -0.1588 -0.5906 1.1921, -0.1784 -0.5906 1.1941, -0.2353 -0.5906 1.1756, -0.2334 -0.5906 1.1768, -0.2237 -0.5906 1.1828, -0.2018 -0.5906 1.1912, -0.2465 -0.5906 1.1661, -0.2562 -0.5906 1.1547, -0.2616 -0.5906 1.1554, -0.2671 -0.5906 1.1557, -0.2858 -0.5906 1.1534, -0.3034 -0.5906 1.1466, -0.3185 -0.5906 1.1359, -0.3217 -0.5906 1.1329, -0.3331 -0.5906 1.1183, -0.3372 -0.5906 1.1089, -0.3406 -0.5906 1.1012, -0.3427 -0.5906 1.0894, -0.3438 -0.5906 1.0834, -0.3439 -0.5906 1.0788, -0.3416 -0.5906 1.0602, -0.3348 -0.5906 1.0426, -0.324 -0.5906 1.0271, -0.3092 -0.5906 1.0145, -0.2921 -0.5906 1.0062, -0.2861 -0.5906 1.0044, -0.2855 -0.5906 1.0031, -0.2813 -0.5906 0.9942, -0.2742 -0.5906 0.9855, -0.2649 -0.5906 0.9785, -0.2606 -0.5906 0.9767, -0.254 -0.5906 0.9739, -0.2428 -0.5906 0.9721, -0.241 -0.5906 0.9721, -0.1936 -0.5906 1.0195, -0.2295 -0.5906 0.9735, -0.2214 -0.5906 0.9767, -0.2189 -0.5906 0.9776, -0.2095 -0.5906 0.9842, -0.2023 -0.5906 0.9922, -0.1966 -0.5906 1.0028, -0.1966 -0.5906 1.0031, -0.1938 -0.5906 1.0145, -0.1936 -0.5906 1.0243, -0.1271 -0.5906 1.0594, -0.1419 -0.5906 1.0845, -0.2054 -0.5906 1.0513, -0.2137 -0.5906 1.0589, -0.2238 -0.5906 1.0643, -0.2353 -0.5906 1.0671, -0.241 -0.5906 1.0675, -0.2524 -0.5906 1.0661, -0.2628 -0.5906 1.062, -0.2725 -0.5906 1.0553, -0.2804 -0.5906 1.0463, -0.2856 -0.5906 1.0361, -0.296 -0.5906 1.0425, -0.3045 -0.5906 1.0513, -0.3101 -0.5906 1.0608, -0.3135 -0.5906 1.0724, -0.3141 -0.5906 1.0798, -0.3129 -0.5906 1.0894, -0.3126 -0.5906 1.0913, -0.3086 -0.5906 1.1019, -0.3037 -0.5906 1.1089, -0.302 -0.5906 1.1113, -0.2939 -0.5906 1.1185, -0.2834 -0.5906 1.1242, -0.2717 -0.5906 1.127, -0.2666 -0.5906 1.1272, -0.2554 -0.5906 1.1258, -0.2448 -0.5906 1.1219, -0.2415 -0.5906 1.1201, -0.2342 -0.5906 1.1351, -0.2236 -0.5906 1.1479, -0.2109 -0.5906 1.1571, -0.1954 -0.5906 1.1634, -0.1779 -0.5906 1.1657, -0.1618 -0.5906 1.1637, -0.1469 -0.5906 1.158, -0.1336 -0.5906 1.1487, -0.1325 -0.5906 1.1477, -0.1218 -0.5906 1.1349, -0.1144 -0.5906 1.1197, -0.1121 -0.5906 1.1089, -0.1115 -0.5906 1.1064, -0.1077 -0.5906 1.1064, -0.1 -0.5906 1.1056, -0.0916 -0.5906 1.1027, -0.0841 -0.5906 1.0978, -0.0778 -0.5906 1.0911, -0.0768 -0.5906 1.0894, -0.0733 -0.5906 1.083, -0.071 -0.5906 1.0739, -0.0707 -0.5906 1.0694, -0.0718 -0.5906 1.0601, -0.0751 -0.5906 1.0516, -0.0803 -0.5906 1.0442, -0.0809 -0.5906 1.0436, -0.0879 -0.5906 1.0379, -0.0963 -0.5906 1.034, -0.1048 -0.5906 1.0324, -0.1262 -0.5906 1.0324, -0.1272 -0.5906 1.0325, -0.1286 -0.5906 1.0328, -0.129 -0.5906 1.0328, -0.1327 -0.5906 1.0324, -0.136 -0.5906 1.0311, -0.1389 -0.5906 1.029, -0.1409 -0.5906 1.0268, -0.1427 -0.5906 1.0236, -0.1436 -0.5906 1.02, -0.1437 -0.5906 1.0181, -0.1433 -0.5906 1.0146, -0.1421 -0.5906 1.0114, -0.14 -0.5906 1.0084, -0.1389 -0.5906 1.0073, -0.1358 -0.5906 1.0051, -0.1327 -0.5906 1.0038, -0.13 -0.5906 1.0034, -0.102 -0.5906 1.0034, -0.0862 -0.5906 1.0068, -0.0717 -0.5906 1.0138, -0.0588 -0.5906 1.0248, -0.0494 -0.5906 1.0379, -0.0434 -0.5906 1.0529, -0.2415 -0.5906 1.0376, -0.2375 -0.5906 1.0371, -0.2331 -0.5906 1.0356, -0.2293 -0.5906 1.033, -0.2262 -0.5906 1.0296, -0.2242 -0.5906 1.0257, -0.2231 -0.5906 1.0213, -0.2231 -0.5906 1.0169, -0.2242 -0.5906 1.0124, -0.2264 -0.5906 1.0083, -0.229 -0.5906 1.0054, -0.2326 -0.5906 1.0028, -0.2367 -0.5906 1.0012, -0.2415 -0.5906 1.0006, -0.2423 -0.5906 1.0006, -0.2465 -0.5906 1.0013, -0.2508 -0.5906 1.0031, -0.2545 -0.5906 1.0059, -0.2572 -0.5906 1.0093, -0.2591 -0.5906 1.0133, -0.2599 -0.5906 1.0177, -0.2597 -0.5906 1.0223, -0.2583 -0.5906 1.0268, -0.2558 -0.5906 1.0307, -0.254 -0.5906 1.0327, -0.2503 -0.5906 1.0353, -0.2461 -0.5906 1.037, -0.2461 -0.5906 1.037
            ]
        }
        coordIndex [
            0,1,2,-1,3,4,5,-1,6,7,8,-1,9,10,11,-1,12,11,13,-1,13,11,14,-1,2,1,15,-1,16,17,18,-1,18,17,19,-1,18,19,20,-1,20,19,21,-1,20,21,5,-1,5,21,22,-1,5,22,3,-1,23,9,24,-1,24,9,11,-1,24,11,25,-1,25,11,12,-1,6,8,26,-1,26,8,27,-1,26,27,28,-1,28,27,29,-1,28,29,30,-1,1,31,15,-1,15,31,32,-1,15,32,33,-1,33,32,34,-1,33,34,6,-1,6,34,35,-1,6,35,7,-1,36,37,21,-1,21,37,38,-1,21,38,39,-1,39,38,40,-1,39,40,41,-1,41,40,42,-1,41,42,43,-1,43,42,44,-1,43,44,45,-1,45,44,46,-1,45,46,47,-1,47,46,48,-1,47,48,24,-1,24,48,49,-1,24,49,23,-1,50,51,19,-1,19,51,52,-1,19,52,21,-1,21,52,53,-1,21,53,36,-1,54,55,56,-1,56,55,57,-1,56,57,58,-1,58,57,59,-1,58,59,60,-1,60,59,61,-1,60,61,62,-1,62,61,63,-1,62,63,64,-1,10,65,11,-1,11,65,66,-1,11,66,67,-1,67,66,68,-1,67,68,69,-1,69,68,70,-1,69,70,71,-1,71,70,72,-1,71,72,73,-1,73,72,74,-1,73,74,75,-1,75,74,76,-1,75,76,77,-1,77,76,78,-1,77,78,79,-1,79,78,80,-1,79,80,81,-1,81,80,82,-1,81,82,19,-1,19,82,83,-1,19,83,50,-1,84,85,86,-1,86,85,87,-1,86,87,88,-1,88,87,89,-1,88,89,90,-1,90,89,91,-1,90,91,92,-1,92,91,93,-1,92,93,94,-1,94,93,95,-1,94,95,96,-1,96,95,97,-1,96,97,98,-1,98,97,99,-1,98,99,100,-1,100,99,101,-1,100,101,102,-1,102,101,103,-1,102,103,54,-1,54,103,104,-1,54,104,55,-1,105,106,107,-1,107,106,108,-1,107,108,86,-1,86,108,109,-1,86,109,84,-1,110,111,112,-1,112,111,113,-1,112,113,114,-1,114,113,115,-1,114,115,116,-1,116,115,117,-1,116,117,118,-1,118,117,119,-1,118,119,14,-1,14,119,120,-1,14,120,13,-1,30,29,121,-1,121,29,122,-1,121,122,123,-1,123,122,124,-1,123,124,125,-1,125,124,126,-1,125,126,127,-1,127,126,128,-1,127,128,105,-1,105,128,129,-1,105,129,106,-1,2,130,0,-1,0,130,131,-1,0,131,132,-1,132,131,133,-1,132,133,134,-1,134,133,135,-1,134,135,110,-1,110,135,136,-1,110,136,111,-1,137,138,139,-1,63,140,64,-1,64,140,137,-1,64,137,141,-1,141,137,139,-1,142,143,137,-1,137,143,144,-1,137,144,138,-1,145,146,147,-1,146,148,147,-1,147,148,149,-1,147,149,150,-1,142,137,147,-1,147,137,151,-1,147,151,145,-1,152,92,153,-1,153,92,94,-1,153,94,154,-1,154,94,96,-1,154,96,155,-1,155,96,98,-1,155,98,156,-1,152,157,92,-1,92,157,158,-1,92,158,90,-1,90,158,159,-1,90,159,88,-1,88,159,160,-1,88,160,86,-1,86,160,161,-1,86,161,107,-1,107,161,162,-1,107,162,105,-1,127,105,163,-1,163,105,162,-1,163,164,127,-1,127,164,165,-1,127,165,125,-1,125,165,166,-1,125,166,123,-1,167,28,168,-1,168,28,30,-1,168,30,169,-1,169,30,121,-1,169,121,170,-1,170,121,123,-1,170,123,166,-1,28,167,171,-1,28,171,26,-1,26,171,172,-1,26,172,6,-1,6,172,173,-1,6,173,33,-1,33,173,174,-1,33,174,15,-1,15,174,175,-1,15,175,2,-1,2,175,176,-1,2,176,130,-1,130,176,177,-1,130,177,131,-1,131,177,178,-1,131,178,133,-1,136,135,179,-1,179,135,133,-1,179,133,178,-1,179,180,136,-1,136,180,181,-1,136,181,111,-1,111,181,182,-1,182,183,111,-1,111,183,184,-1,111,184,113,-1,113,184,185,-1,113,185,115,-1,115,185,186,-1,115,186,117,-1,117,186,187,-1,117,187,119,-1,119,187,188,-1,119,188,120,-1,120,188,189,-1,120,189,13,-1,13,189,190,-1,13,190,12,-1,12,190,191,-1,12,191,25,-1,191,192,25,-1,25,192,193,-1,25,193,24,-1,24,193,194,-1,24,194,47,-1,47,194,195,-1,47,195,45,-1,195,196,45,-1,45,196,197,-1,45,197,43,-1,43,197,198,-1,43,198,41,-1,199,20,5,-1,41,198,200,-1,201,21,200,-1,200,21,39,-1,200,39,41,-1,201,202,21,-1,21,202,203,-1,21,203,22,-1,22,203,204,-1,22,204,3,-1,3,204,205,-1,3,205,4,-1,4,205,206,-1,4,206,5,-1,5,206,207,-1,5,207,199,-1,18,20,208,-1,208,20,199,-1,16,18,209,-1,209,18,208,-1,17,16,210,-1,210,16,209,-1,19,17,211,-1,211,17,210,-1,19,211,212,-1,19,212,81,-1,81,212,213,-1,81,213,79,-1,79,213,214,-1,79,214,77,-1,77,214,215,-1,77,215,75,-1,75,215,216,-1,75,216,73,-1,73,216,217,-1,73,217,71,-1,71,217,218,-1,71,218,69,-1,69,218,219,-1,69,219,67,-1,67,219,220,-1,67,220,11,-1,11,220,221,-1,11,221,14,-1,14,221,222,-1,14,222,118,-1,118,222,223,-1,118,223,116,-1,116,223,224,-1,116,224,114,-1,114,224,225,-1,114,225,112,-1,112,225,226,-1,112,226,110,-1,110,226,227,-1,110,227,228,-1,229,132,228,-1,228,132,134,-1,228,134,110,-1,229,230,132,-1,132,230,231,-1,132,231,0,-1,0,231,232,-1,0,232,1,-1,1,232,233,-1,1,233,31,-1,31,233,234,-1,31,234,32,-1,32,234,235,-1,32,235,34,-1,34,235,236,-1,34,236,35,-1,35,236,237,-1,35,237,7,-1,7,237,238,-1,7,238,8,-1,8,238,239,-1,8,239,27,-1,27,239,240,-1,27,240,29,-1,29,240,241,-1,29,241,122,-1,122,241,242,-1,122,242,124,-1,124,242,243,-1,124,243,126,-1,126,243,244,-1,126,244,128,-1,128,244,245,-1,128,245,129,-1,129,245,246,-1,129,246,106,-1,106,246,247,-1,106,247,108,-1,108,247,248,-1,108,248,109,-1,109,248,84,-1,84,248,249,-1,84,249,250,-1,85,84,251,-1,251,84,250,-1,85,251,252,-1,85,252,87,-1,87,252,253,-1,87,253,89,-1,89,253,254,-1,89,254,91,-1,91,254,255,-1,91,255,93,-1,93,255,256,-1,93,256,95,-1,256,257,95,-1,95,257,258,-1,95,258,97,-1,97,258,259,-1,97,259,99,-1,99,259,260,-1,99,260,101,-1,101,260,261,-1,101,261,103,-1,103,261,262,-1,103,262,104,-1,104,262,263,-1,104,263,55,-1,55,263,264,-1,55,264,57,-1,57,264,265,-1,57,265,59,-1,59,265,266,-1,59,266,61,-1,63,61,267,-1,267,61,266,-1,63,267,268,-1,63,268,140,-1,140,268,269,-1,140,269,137,-1,137,269,270,-1,137,270,151,-1,151,270,271,-1,151,271,145,-1,145,271,272,-1,145,272,146,-1,146,272,273,-1,146,273,148,-1,148,273,274,-1,148,274,149,-1,149,274,275,-1,149,275,150,-1,150,275,276,-1,150,276,147,-1,147,276,277,-1,147,277,142,-1,142,277,278,-1,142,278,143,-1,143,278,279,-1,143,279,144,-1,144,279,280,-1,144,280,138,-1,138,280,281,-1,138,281,139,-1,139,281,282,-1,139,282,141,-1,141,282,283,-1,141,283,64,-1,64,283,284,-1,64,284,62,-1,60,62,285,-1,285,62,284,-1,60,285,286,-1,60,286,58,-1,58,286,287,-1,58,287,56,-1,56,287,288,-1,56,288,54,-1,54,288,289,-1,54,289,102,-1,102,289,290,-1,102,290,100,-1,100,290,156,-1,100,156,98,-1,76,291,292,-1,76,292,78,-1,78,292,293,-1,78,293,80,-1,80,293,294,-1,80,294,82,-1,82,294,295,-1,82,295,83,-1,83,295,296,-1,83,296,50,-1,50,296,297,-1,50,297,51,-1,51,297,298,-1,51,298,52,-1,52,298,299,-1,52,299,53,-1,53,299,300,-1,53,300,36,-1,36,300,301,-1,36,301,37,-1,37,301,302,-1,37,302,38,-1,38,302,303,-1,38,303,40,-1,40,303,304,-1,40,304,42,-1,42,304,305,-1,42,305,44,-1,44,305,306,-1,44,306,46,-1,46,306,307,-1,46,307,48,-1,48,307,308,-1,48,308,49,-1,49,308,309,-1,49,309,23,-1,23,309,310,-1,23,310,9,-1,9,310,311,-1,9,311,10,-1,10,311,312,-1,10,312,65,-1,65,312,313,-1,65,313,66,-1,66,313,314,-1,66,314,68,-1,68,314,315,-1,68,315,70,-1,70,315,316,-1,70,316,72,-1,72,316,317,-1,72,317,74,-1,74,317,291,-1,74,291,76,-1,
        ]
    }
}
Shape{
    appearance Appearance {
        material  Material 	{
            diffuseColor 1.0 0.5490196078431373 0.0
            specularColor 0.30196078431372547 0.16470588235294117 0.0
            ambientIntensity 0.2
            transparency 0
            shininess 0.5
        }
    }
    geometry IndexedFaceSet {
        ccw TRUE
        solid FALSE
        coord DEF co Coordinate {
            point [
                -0.2423 -0.5906 1.0006, -0.254 -0.5906 1.0327, -0.2558 -0.5906 1.0307, -0.2367 -0.5906 1.0012, -0.2326 -0.5906 1.0028, -0.2375 -0.5906 1.0371, -0.2415 -0.5906 1.0376, -0.2461 -0.5906 1.037, -0.2503 -0.5906 1.0353, -0.2591 -0.5906 1.0133, -0.2572 -0.5906 1.0093, -0.2545 -0.5906 1.0059, -0.2415 -0.5906 1.0006, -0.2583 -0.5906 1.0268, -0.2597 -0.5906 1.0223, -0.2599 -0.5906 1.0177, -0.2508 -0.5906 1.0031, -0.2465 -0.5906 1.0013, -0.229 -0.5906 1.0054, -0.2264 -0.5906 1.0083, -0.2242 -0.5906 1.0124, -0.2231 -0.5906 1.0169, -0.2231 -0.5906 1.0213, -0.2242 -0.5906 1.0257, -0.2262 -0.5906 1.0296, -0.2293 -0.5906 1.033, -0.2331 -0.5906 1.0356, -0.2331 -0.5906 1.0356
            ]
        }
        coordIndex [
            0,1,2,-1,3,4,5,-1,6,7,0,-1,0,7,8,-1,0,8,1,-1,9,10,2,-1,2,10,11,-1,6,0,5,-1,5,0,12,-1,5,12,3,-1,13,14,2,-1,2,14,15,-1,2,15,9,-1,11,16,2,-1,2,16,17,-1,2,17,0,-1,4,18,5,-1,5,18,19,-1,5,19,20,-1,20,21,5,-1,5,21,22,-1,5,22,23,-1,23,24,5,-1,5,24,25,-1,5,25,26,-1,
        ]
    }
}