#VRML V2.0 utf8
# 3D model generated by easyeda2kicad.py (https://github.com/uPesy/easyeda2kicad.py)

Shape{
    appearance Appearance {
        material  Material 	{
            diffuseColor 0.10588235294117647 0.4823529411764706 0.8117647058823529
            specularColor 0.050980392156862744 0.23921568627450981 0.403921568627451
            ambientIntensity 0.2
            transparency 0
            shininess 0.5
        }
    }
    geometry IndexedFaceSet {
        ccw TRUE
        solid FALSE
        coord DEF co Coordinate {
            point [
                -0.4331 0.748 -0.748, -0.3902 0.748 -0.748, -0.3902 0.748 -1.1229, -0.1811 0.748 -1.1772, -0.1686 0.748 -1.1772, -0.1686 0.748 -1.1928, -0.0162 0.748 -1.1844, -0.0196 0.748 -1.1928, -0.0445 0.748 -1.1928, -0.0085 0.748 -1.1737, -0.011 0.748 -1.1772, -0.0445 0.748 -1.1772, 0.0524 0.748 -1.1174, 0.0442 0.748 -1.1229, -0.0445 0.748 -1.1229, 0.0354 0.748 -1.1288, 0.0229 0.748 -1.1433, 0.0149 0.748 -1.1587, 0.0131 0.748 -1.1594, 0.0018 0.748 -1.165, 0.1233 0.748 -1.1181, 0.1058 0.748 -1.1113, 0.4331 0.748 -0.748, -0.0445 0.748 -0.748, 0.087 0.748 -1.109, 0.0714 0.748 -1.1107, 0.1311 0.748 -1.1229, 0.4331 0.748 -1.1229, 0.1326 0.748 -1.1238, 0.4331 0.748 -1.1772, 0.2141 0.748 -1.1772, 0.2108 0.748 -1.1697, 0.2017 0.748 -1.158, 0.173 0.748 -1.1416, 0.158 0.748 -1.1398, 0.1415 0.748 -1.1315, 0.1537 0.748 -1.14, 0.1493 0.748 -1.1405, 0.1991 0.748 -1.1556, 0.187 0.748 -1.1471, 0.1917 0.748 -1.2527, 0.2036 0.748 -1.2426, 0.4331 0.748 -1.2619, 0.178 0.748 -1.2594, 0.2122 0.748 -1.2303, 0.2177 0.748 -1.2161, 0.4331 0.748 -1.1928, 0.2195 0.748 -1.2013, 0.2194 0.748 -1.1976, 0.2185 0.748 -1.1928, 0.2169 0.748 -1.1834, 0.1732 0.748 -1.2608, 0.1727 0.748 -1.2619, 0.1694 0.748 -1.269, 0.4331 0.748 -1.283, 0.1637 0.748 -1.276, 0.1563 0.748 -1.2816, 0.4331 0.748 -1.5748, 0.1475 0.748 -1.2852, 0.1528 0.748 -1.283, 0.1214 0.748 -1.283, 0.1279 0.748 -1.2855, -0.0445 0.748 -1.5748, 0.1371 0.748 -1.2866, 0.1386 0.748 -1.2866, 0.1016 0.748 -1.2619, 0.1017 0.748 -1.2621, -0.0445 0.748 -1.283, 0.1062 0.748 -1.2705, 0.1119 0.748 -1.277, 0.1195 0.748 -1.2822, 0.0531 0.748 -1.2395, 0.0505 0.748 -1.2384, 0.0461 0.748 -1.2168, 0.1087 0.748 -1.2233, 0.0578 0.748 -1.1967, 0.1153 0.748 -1.2172, 0.1234 0.748 -1.2129, 0.0555 0.748 -1.2411, -0.0161 0.748 -1.234, -0.0086 0.748 -1.2445, -0.0445 0.748 -1.2619, -0.0209 0.748 -1.196, -0.0226 0.748 -1.2085, -0.0209 0.748 -1.222, 0.0476 0.748 -1.2381, 0.0472 0.748 -1.2381, 0.0461 0.748 -1.2383, 0.1924 0.748 -1.2157, 0.1879 0.748 -1.2233, 0.1686 0.748 -1.2273, 0.1811 0.748 -1.2303, 0.1728 0.748 -1.2354, 0.1546 0.748 -1.2147, 0.1946 0.748 -1.1928, 0.1624 0.748 -1.2201, 0.1956 0.748 -1.2005, 0.1951 0.748 -1.2064, 0.1462 0.748 -1.2115, 0.1371 0.748 -1.2104, 0.1326 0.748 -1.2106, 0.0017 0.748 -1.2532, 0.0133 0.748 -1.2589, 0.0259 0.748 -1.2616, 0.0593 0.748 -1.2498, 0.0592 0.748 -1.2483, 0.0992 0.748 -1.2449, 0.0585 0.748 -1.2454, 0.057 0.748 -1.2429, 0.0453 0.748 -1.2384, 0.0282 0.748 -1.2384, 0.0243 0.748 -1.2379, 0.0483 0.748 -1.2616, 0.0505 0.748 -1.2612, 0.053 0.748 -1.2603, 0.0554 0.748 -1.2585, 0.0563 0.748 -1.2576, 0.058 0.748 -1.2552, 0.059 0.748 -1.2527, 0.0994 0.748 -1.2527, 0.0992 0.748 -1.2487, 0.008 0.748 -1.2282, 0.004 0.748 -1.2222, 0.0016 0.748 -1.2153, 0.0009 0.748 -1.2088, 0.0011 0.748 -1.2055, 0.0173 0.748 -1.2355, 0.0112 0.748 -1.2314, 0.0305 0.748 -1.1792, 0.0335 0.748 -1.1792, 0.0058 0.748 -1.1928, 0.0241 0.748 -1.1799, 0.0029 0.748 -1.1982, 0.1945 0.748 -1.1913, 0.1912 0.748 -1.1828, 0.0064 0.748 -1.1916, 0.0114 0.748 -1.1862, 0.0174 0.748 -1.1823, 0.0418 0.748 -1.1563, 0.0504 0.748 -1.1461, 0.1375 0.748 -1.1682, 0.0512 0.748 -1.1454, 0.0619 0.748 -1.138, 0.1317 0.748 -1.1562, 0.1873 0.748 -1.1772, 0.1401 0.748 -1.1668, 0.034 0.748 -1.1772, 0.0359 0.748 -1.1686, 0.1486 0.748 -1.1637, 0.1576 0.748 -1.1625, 0.1617 0.748 -1.1628, 0.1232 0.748 -1.146, 0.0738 0.748 -1.1334, 0.1131 0.748 -1.1386, 0.0867 0.748 -1.1318, 0.1007 0.748 -1.1336, 0.1711 0.748 -1.165, 0.1795 0.748 -1.1695, 0.1859 0.748 -1.1753, -0.2979 0.748 -1.1772, -0.2806 0.748 -1.1767, -0.273 0.748 -1.1767, -0.2602 0.748 -1.1233, -0.2979 0.748 -1.1229, -0.2479 0.748 -1.1229, -0.2402 0.748 -1.1767, -0.2325 0.748 -1.1767, -0.2311 0.748 -1.1772, -0.2479 0.748 -1.1772, -0.2479 0.748 -1.1621, -0.2453 0.748 -1.1621, -0.2311 0.748 -1.1229, -0.2479 0.748 -1.1363, -0.2529 0.748 -1.1233, -0.176 0.748 -1.1706, -0.176 0.748 -1.1767, -0.1686 0.748 -1.1229, -0.1748 0.748 -1.1233, -0.1811 0.748 -1.1229, -0.1748 0.748 -1.1295, -0.1542 0.748 -1.1527, -0.1542 0.748 -1.1706, -0.1686 0.748 -1.1527, -0.1686 0.748 -1.1706, -0.1733 0.748 -1.1527, -0.1733 0.748 -1.1466, -0.1542 0.748 -1.1295, -0.1542 0.748 -1.1466, -0.1686 0.748 -1.1295, -0.1686 0.748 -1.1466, -0.1686 0.748 -1.1767, -0.1473 0.748 -1.1767, -0.1367 0.748 -1.1318, -0.1442 0.748 -1.1772, -0.1442 0.748 -1.1229, -0.1367 0.748 -1.1679, -0.1367 0.748 -1.1745, -0.1357 0.748 -1.175, -0.1046 0.748 -1.1439, -0.1344 0.748 -1.1689, -0.1063 0.748 -1.1392, -0.1088 0.748 -1.1354, -0.1039 0.748 -1.1506, -0.1039 0.748 -1.1511, -0.1314 0.748 -1.1703, -0.1254 0.748 -1.1714, -0.1304 0.748 -1.1294, -0.1241 0.748 -1.1287, -0.1217 0.748 -1.1288, -0.1171 0.748 -1.1297, -0.1358 0.748 -1.1314, -0.1344 0.748 -1.1309, -0.1129 0.748 -1.1317, -0.1095 0.748 -1.1346, -0.1048 0.748 -1.1577, -0.1064 0.748 -1.162, -0.1092 0.748 -1.1659, -0.114 0.748 -1.1695, -0.1179 0.748 -1.1709, -0.1229 0.748 -1.1715, -0.1104 0.748 -1.1671, -0.1295 0.748 -1.1229, -0.1314 0.748 -1.1231, -0.1344 0.748 -1.1229, -0.1344 0.748 -1.124, -0.1367 0.748 -1.1246, -0.1245 0.748 -1.1224, -0.1344 0.748 -0.748, -0.124 0.748 -1.1224, -0.0991 0.748 -0.748, -0.1197 0.748 -1.1229, -0.0991 0.748 -1.1229, -0.1115 0.748 -1.1252, -0.1172 0.748 -1.1232, -0.1007 0.748 -1.1351, -0.1044 0.748 -1.1303, -0.1062 0.748 -1.1287, -0.0959 0.748 -1.1772, -0.0991 0.748 -1.1772, -0.0991 0.748 -1.1633, -0.0959 0.748 -1.1229, -0.0981 0.748 -1.141, -0.0991 0.748 -1.1387, -0.0974 0.748 -1.1584, -0.0967 0.748 -1.151, -0.0968 0.748 -1.1479, -0.1172 0.748 -1.1772, -0.113 0.748 -1.1763, -0.1079 0.748 -1.174, -0.1035 0.748 -1.1703, -0.1024 0.748 -1.169, -0.0994 0.748 -1.1642, -0.1188 0.748 -1.1775, -0.0991 0.748 -1.1928, -0.1219 0.748 -1.1776, -0.1344 0.748 -1.1928, -0.1266 0.748 -1.1772, -0.1344 0.748 -1.1772, -0.13 0.748 -1.1769, -0.1344 0.748 -1.1754, -0.1028 0.748 -1.2451, -0.1042 0.748 -1.2432, -0.1052 0.748 -1.2325, -0.1344 0.748 -1.2619, -0.1321 0.748 -1.2614, -0.1254 0.748 -1.2614, -0.107 0.748 -1.2609, -0.0991 0.748 -1.2619, -0.1095 0.748 -1.2618, -0.1097 0.748 -1.2619, -0.1026 0.748 -1.2565, -0.1018 0.748 -1.2542, -0.1015 0.748 -1.2512, -0.1223 0.748 -1.2228, -0.1251 0.748 -1.2236, -0.1274 0.748 -1.2249, -0.1291 0.748 -1.2266, -0.1062 0.748 -1.2415, -0.1091 0.748 -1.24, -0.1095 0.748 -1.2297, -0.1141 0.748 -1.2388, -0.1199 0.748 -1.2281, -0.1177 0.748 -1.2278, -0.1137 0.748 -1.2283, -0.1047 0.748 -1.2593, -0.104 0.748 -1.2586, -0.1254 0.748 -1.2555, -0.1252 0.748 -1.2555, -0.1242 0.748 -1.2571, -0.1221 0.748 -1.2594, -0.1015 0.748 -1.2504, -0.1019 0.748 -1.2475, -0.1305 0.748 -1.2287, -0.1316 0.748 -1.2318, -0.1321 0.748 -1.2369, -0.1052 0.748 -1.226, -0.1069 0.748 -1.225, -0.1119 0.748 -1.2231, -0.1183 0.748 -1.2224, -0.1254 0.748 -1.2372, -0.1252 0.748 -1.2342, -0.1245 0.748 -1.2318, -0.1237 0.748 -1.2305, -0.1227 0.748 -1.2294, -0.1215 0.748 -1.2286, -0.1135 0.748 -1.2623, -0.0991 0.748 -1.283, -0.117 0.748 -1.2619, -0.1344 0.748 -1.283, -0.1172 0.748 -1.2619, -0.1412 0.748 -1.2336, -0.1415 0.748 -1.2312, -0.1423 0.748 -1.229, -0.1435 0.748 -1.2272, -0.1422 0.748 -1.2382, -0.1415 0.748 -1.2362, -0.1412 0.748 -1.2532, -0.1438 0.748 -1.2548, -0.1442 0.748 -1.255, -0.1442 0.748 -1.2408, -0.1431 0.748 -1.2396, -0.1442 0.748 -1.2407, -0.1471 0.748 -1.2619, -0.1459 0.748 -1.2617, -0.1442 0.748 -1.2619, -0.1442 0.748 -1.2612, -0.1412 0.748 -1.2601, -0.1515 0.748 -1.2623, -0.1442 0.748 -1.283, -0.1553 0.748 -1.2619, -0.1686 0.748 -1.283, -0.1647 0.748 -1.2447, -0.1659 0.748 -1.2466, -0.1651 0.748 -1.2306, -0.1442 0.748 -1.2266, -0.1442 0.748 -1.1928, -0.1455 0.748 -1.2254, -0.1474 0.748 -1.2243, -0.1511 0.748 -1.223, -0.156 0.748 -1.2224, -0.1666 0.748 -1.2485, -0.1669 0.748 -1.251, -0.1686 0.748 -1.2619, -0.1666 0.748 -1.2537, -0.1658 0.748 -1.2558, -0.1645 0.748 -1.2576, -0.1651 0.748 -1.2241, -0.1598 0.748 -1.2227, -0.1626 0.748 -1.2593, -0.1611 0.748 -1.2602, -0.1575 0.748 -1.2616, -0.1554 0.748 -1.2278, -0.1534 0.748 -1.228, -0.1481 0.748 -1.233, -0.1516 0.748 -1.2285, -0.1501 0.748 -1.2293, -0.1481 0.748 -1.2339, -0.1484 0.748 -1.2349, -0.1489 0.748 -1.2358, -0.1495 0.748 -1.2365, -0.1519 0.748 -1.238, -0.1598 0.748 -1.2283, -0.156 0.748 -1.2398, -0.1635 0.748 -1.2297, -0.1586 0.748 -1.2408, -0.1631 0.748 -1.2433, -0.1491 0.748 -1.2302, -0.1485 0.748 -1.231, -0.1482 0.748 -1.2319, -0.148 0.748 -1.2564, -0.1513 0.748 -1.2447, -0.1473 0.748 -1.2428, -0.1522 0.748 -1.2569, -0.1524 0.748 -1.2569, -0.1557 0.748 -1.2465, -0.1559 0.748 -1.2565, -0.16 0.748 -1.2517, -0.16 0.748 -1.2509, -0.1576 0.748 -1.2558, -0.1582 0.748 -1.2555, -0.159 0.748 -1.2548, -0.1596 0.748 -1.2539, -0.1599 0.748 -1.253, -0.1597 0.748 -1.2498, -0.1592 0.748 -1.2489, -0.1583 0.748 -1.2481, -0.2142 0.748 -1.208, -0.2311 0.748 -1.208, -0.2311 0.748 -1.1928, -0.1811 0.748 -1.2326, -0.1878 0.748 -1.2519, -0.1896 0.748 -1.252, -0.1811 0.748 -1.1928, -0.2 0.748 -1.2233, -0.207 0.748 -1.2233, -0.1886 0.748 -1.2551, -0.1888 0.748 -1.2551, -0.1891 0.748 -1.2538, -0.1779 0.748 -1.2233, -0.1704 0.748 -1.2233, -0.1851 0.748 -1.2619, -0.1853 0.748 -1.2613, -0.1811 0.748 -1.2505, -0.1824 0.748 -1.2683, -0.1811 0.748 -1.2619, -0.1811 0.748 -1.2707, -0.1811 0.748 -1.2707, -0.1718 0.748 -1.2729, -0.1718 0.748 -1.2788, -0.1731 0.748 -1.2733, -0.1756 0.748 -1.2736, -0.1772 0.748 -1.2735, -0.1811 0.748 -1.2782, -0.1788 0.748 -1.2791, -0.1811 0.748 -1.283, -0.1761 0.748 -1.2794, -0.1746 0.748 -1.2793, -0.1786 0.748 -1.2729, -0.1798 0.748 -1.2721, -0.1897 0.748 -1.2672, -0.1866 0.748 -1.2731, -0.2311 0.748 -1.283, -0.1918 0.748 -1.2619, -0.1842 0.748 -1.276, -0.1837 0.748 -1.2764, -0.1814 0.748 -1.2781, -0.2417 0.748 -1.208, -0.2417 0.748 -1.2142, -0.2479 0.748 -1.1928, -0.2429 0.748 -1.2553, -0.2479 0.748 -1.2619, -0.2429 0.748 -1.2614, -0.2311 0.748 -1.2619, -0.2311 0.748 -1.2614, -0.2142 0.748 -1.2614, -0.2211 0.748 -1.2142, -0.2211 0.748 -1.2313, -0.2311 0.748 -1.2142, -0.2311 0.748 -1.2313, -0.2402 0.748 -1.2313, -0.2402 0.748 -1.2374, -0.2311 0.748 -1.2553, -0.2311 0.748 -1.2374, -0.2211 0.748 -1.2553, -0.2211 0.748 -1.2374, -0.0732 0.748 -1.1233, -0.0732 0.748 -1.1706, -0.0945 0.748 -1.1706, -0.0664 0.748 -1.1767, -0.0664 0.748 -1.1233, -0.0945 0.748 -1.1767, -0.0959 0.748 -1.1928, -0.0938 0.748 -1.208, -0.0938 0.748 -1.2142, -0.0732 0.748 -1.2142, -0.0732 0.748 -1.2313, -0.0951 0.748 -1.2553, -0.0951 0.748 -1.2614, -0.0959 0.748 -1.2619, -0.0664 0.748 -1.2614, -0.0664 0.748 -1.208, -0.0732 0.748 -1.2374, -0.0732 0.748 -1.2553, -0.0923 0.748 -1.2374, -0.0923 0.748 -1.2313, -0.0959 0.748 -0.748, -0.0959 0.748 -1.283, -0.1197 0.748 -1.2609, -0.1473 0.748 -1.1233, -0.1686 0.748 -1.1233, -0.2008 0.748 -1.1767, -0.1861 0.748 -1.1767, -0.1861 0.748 -1.1233, -0.2014 0.748 -1.1233, -0.21 0.748 -1.1244, -0.2164 0.748 -1.1268, -0.2281 0.748 -1.1592, -0.2254 0.748 -1.1647, -0.2215 0.748 -1.1693, -0.2097 0.748 -1.1757, -0.221 0.748 -1.1697, -0.2158 0.748 -1.1733, -0.2215 0.748 -1.1304, -0.2238 0.748 -1.1327, -0.227 0.748 -1.1375, -0.2289 0.748 -1.1427, -0.2296 0.748 -1.1494, -0.2294 0.748 -1.1529, -0.1442 0.748 -0.748, -0.1686 0.748 -0.748, -0.1811 0.748 -0.748, -0.2311 0.748 -0.748, -0.2479 0.748 -0.748, -0.2979 0.748 -0.748, -0.2675 0.748 -1.1621, -0.2979 0.748 -1.1928, -0.253 0.748 -1.208, -0.2682 0.748 -1.208, -0.2769 0.748 -1.2091, -0.2832 0.748 -1.2115, -0.2949 0.748 -1.2438, -0.2923 0.748 -1.2493, -0.2979 0.748 -1.2619, -0.2884 0.748 -1.2539, -0.253 0.748 -1.2614, -0.2677 0.748 -1.2614, -0.2766 0.748 -1.2603, -0.2878 0.748 -1.2544, -0.2827 0.748 -1.258, -0.2884 0.748 -1.2151, -0.2907 0.748 -1.2174, -0.2939 0.748 -1.2221, -0.2957 0.748 -1.2274, -0.2964 0.748 -1.234, -0.2963 0.748 -1.2376, -0.307 0.748 -1.2614, -0.2994 0.748 -1.2614, -0.3197 0.748 -1.208, -0.3271 0.748 -1.208, -0.3902 0.748 -1.1772, -0.3902 0.748 -1.1928, -0.3902 0.748 -1.2619, -0.3474 0.748 -1.2614, -0.3398 0.748 -1.2614, -0.3344 0.748 -1.2468, -0.3121 0.748 -1.2468, -0.4331 0.748 -1.1229, -0.4331 0.748 -1.1772, -0.4331 0.748 -1.1928, -0.4331 0.748 -1.2619, -0.2479 0.748 -1.283, -0.2979 0.748 -1.283, -0.3902 0.748 -1.283, -0.4331 0.748 -1.283, -0.0959 0.748 -1.5748, -0.0991 0.748 -1.5748, -0.1344 0.748 -1.5748, -0.1442 0.748 -1.5748, -0.1686 0.748 -1.5748, -0.1811 0.748 -1.5748, -0.2311 0.748 -1.5748, -0.2479 0.748 -1.5748, -0.2979 0.748 -1.5748, -0.3902 0.748 -1.5748, -0.4331 0.748 -1.5748, -0.5977 -0.3137 -1.9685, -0.5984 -0.3134 -1.9685, -0.5416 -0.3023 -1.9685, -0.4878 -0.2811 -1.9685, -0.4388 -0.2503 -1.9685, -0.3615 -0.3543 -1.9685, -0.3962 -0.2111 -1.9685, -0.3615 -0.1648 -1.9685, -0.5587 -0.3313 -1.9685, -0.4331 -0.3543 -1.9685, -0.4758 -0.3517 -1.9685, -0.5179 -0.344 -1.9685, 0.4878 0.2811 -1.9685, 0.4388 0.2503 -1.9685, 0.3615 0.3543 -1.9685, 0.3962 0.2111 -1.9685, 0.3615 0.1648 -1.9685, 0.5977 0.3137 -1.9685, 0.5984 0.3134 -1.9685, 0.5416 0.3023 -1.9685, 0.5587 0.3313 -1.9685, 0.4331 0.3543 -1.9685, 0.4758 0.3517 -1.9685, 0.5179 0.344 -1.9685, 0.4878 -0.2811 -1.9685, 0.4331 -0.3543 -1.9685, 0.4388 -0.2503 -1.9685, 0.3615 -0.3543 -1.9685, 0.3962 -0.2111 -1.9685, 0.3615 -0.1648 -1.9685, 0.5416 -0.3023 -1.9685, 0.5984 -0.3134 -1.9685, 0.5977 -0.3137 -1.9685, 0.5587 -0.3313 -1.9685, 0.5179 -0.344 -1.9685, 0.4758 -0.3517 -1.9685, 0.4331 -0.748 -1.5748, 0.4331 -0.748 -0.748, -0.4331 -0.748 -1.5748, -0.4331 -0.748 -0.748, -0.4878 0.2811 -1.9685, -0.4331 0.3543 -1.9685, -0.4388 0.2503 -1.9685, -0.3615 0.3543 -1.9685, -0.3962 0.2111 -1.9685, -0.3615 0.1648 -1.9685, -0.5416 0.3023 -1.9685, -0.5984 0.3134 -1.9685, -0.5977 0.3137 -1.9685, -0.5587 0.3313 -1.9685, -0.5179 0.344 -1.9685, -0.4758 0.3517 -1.9685, 0.5232 -0.7426 -1.5748, 0.563 -0.7366 -0.6865, 0.5627 -0.7353 -1.5748, 0.5641 -0.7365 -0.686, 0.6121 -0.7263 -1.5748, 0.6889 -0.7027 -0.6269, 0.6888 -0.7024 -1.5748, 0.6909 -0.7022 -0.6259, 0.6983 -0.6994 -1.5748, 0.7807 -0.6623 -1.5748, 0.807 -0.6477 -0.5709, 0.8065 -0.6468 -1.5748, 0.8088 -0.6468 -0.5701, 0.858 -0.6156 -1.5748, 0.9136 -0.5733 -0.5204, 0.9133 -0.5723 -1.5748, 0.9139 -0.573 -0.5203, 0.9291 -0.5599 -1.5748, 1.0022 -0.4855 -0.4785, 0.993 -0.496 -1.5748, 1.0057 -0.4806 -0.4768, 1.0054 -0.4802 -1.5748, 1.0728 -0.3877 -0.445, 1.0487 -0.4249 -1.5748, 1.0799 -0.3735 -0.4416, 1.1811 -0.0 -1.5748, 1.1811 0.0 -0.3937, 1.1756 -0.0902 -1.5748, 1.1774 -0.0739 -0.3954, 1.1684 -0.1297 -1.5748, 1.1679 -0.1296 -0.4, 1.1594 -0.179 -1.5748, 1.1594 -0.1791 -0.404, 1.1355 -0.2557 -1.5748, 1.1344 -0.2553 -0.4158, 1.1325 -0.2653 -1.5748, 1.1249 -0.2844 -0.4203, 1.0954 -0.3476 -1.5748, 1.0798 -0.3734 -1.5748, 1.1774 0.0739 -0.3954, 1.1756 0.0902 -1.5748, 1.1679 0.1296 -0.4, 1.1684 0.1297 -1.5748, 1.1594 0.1791 -0.404, 1.1594 0.179 -1.5748, 1.1344 0.2553 -0.4158, 1.1355 0.2557 -1.5748, 1.1325 0.2653 -1.5748, 1.1249 0.2844 -0.4203, 1.0954 0.3476 -1.5748, 1.0799 0.3735 -0.4416, 1.0798 0.3734 -1.5748, 1.0728 0.3877 -0.445, 1.0487 0.4249 -1.5748, 1.0057 0.4806 -0.4768, 1.0054 0.4802 -1.5748, 1.0022 0.4855 -0.4785, 0.993 0.496 -1.5748, 0.9291 0.5599 -1.5748, 0.9139 0.573 -0.5203, 0.9133 0.5723 -1.5748, 0.9136 0.5733 -0.5204, 0.858 0.6156 -1.5748, 0.8088 0.6468 -0.5701, 0.807 0.6477 -0.5709, 0.8065 0.6468 -1.5748, 0.7807 0.6623 -1.5748, 0.6909 0.7022 -0.6259, 0.6983 0.6994 -1.5748, 0.6889 0.7027 -0.6269, 0.6888 0.7024 -1.5748, 0.5641 0.7365 -0.686, 0.6121 0.7263 -1.5748, 0.563 0.7366 -0.6865, 0.5232 0.7426 -1.5748, 0.5627 0.7353 -1.5748, 0.7874 0.0 0.0, -0.7874 0.0 0.0, 0.7857 -0.0739 -0.0037, -0.7841 -0.1021 -0.007, 0.7811 -0.1296 -0.0132, -0.7814 -0.1296 -0.0127, -0.7742 -0.2026 -0.0279, 0.7771 -0.1791 -0.0217, -0.7652 -0.2552 -0.0468, 0.7653 -0.2553 -0.0467, -0.7575 -0.3008 -0.0631, 0.7608 -0.2844 -0.0562, -0.7393 -0.3734 -0.1014, 0.7395 -0.3735 -0.1012, -0.7338 -0.3957 -0.1132, 0.7361 -0.3877 -0.1083, -0.7043 -0.4806 -0.1754, 0.7043 -0.4806 -0.1754, 0.6102 -0.6477 -0.3741, 0.611 -0.6468 -0.3723, -0.6177 -0.6385 -0.3583, -0.7026 -0.4856 -0.1791, -0.6638 -0.5677 -0.2609, 0.7026 -0.4855 -0.1789, -0.6607 -0.5725 -0.2676, 0.6608 -0.573 -0.2672, 0.6607 -0.5733 -0.2675, -0.4461 -0.7475 -0.7205, 0.4946 -0.7366 -0.6181, -0.4945 -0.7348 -0.6184, 0.4951 -0.7365 -0.617, -0.5072 -0.7315 -0.5915, 0.5542 -0.7027 -0.4922, -0.554 -0.7013 -0.4927, 0.5552 -0.7022 -0.4902, -0.565 -0.6942 -0.4695, -0.61 -0.6467 -0.3746, -1.1811 0.0 -0.3937, -1.1811 0.0 -1.5748, -1.1741 -0.1021 -0.397, -1.1756 -0.0902 -1.5748, -1.1684 -0.1296 -0.3997, -1.1684 -0.1297 -1.5748, -1.1532 -0.2026 -0.4069, -1.1594 -0.179 -1.5748, -1.1343 -0.2552 -0.4159, -1.1355 -0.2557 -1.5748, -1.1325 -0.2653 -1.5748, -1.118 -0.3008 -0.4236, -1.0954 -0.3476 -1.5748, -1.0797 -0.3734 -0.4418, -1.0798 -0.3734 -1.5748, -1.0679 -0.3957 -0.4473, -1.0487 -0.4249 -1.5748, -1.0057 -0.4806 -0.4768, -1.0054 -0.4802 -1.5748, -1.002 -0.4856 -0.4785, -0.993 -0.496 -1.5748, -0.9202 -0.5677 -0.5173, -0.9291 -0.5599 -1.5748, -0.9135 -0.5725 -0.5204, -0.9133 -0.5723 -1.5748, -0.8228 -0.6385 -0.5634, -0.858 -0.6156 -1.5748, -0.8065 -0.6467 -0.5711, -0.8065 -0.6468 -1.5748, -0.7807 -0.6623 -1.5748, -0.7116 -0.6942 -0.6161, -0.6983 -0.6994 -1.5748, -0.6884 -0.7013 -0.6271, -0.6888 -0.7024 -1.5748, -0.5896 -0.7315 -0.6739, -0.6121 -0.7263 -1.5748, -0.5627 -0.7348 -0.6866, -0.5627 -0.7353 -1.5748, -0.5232 -0.7426 -1.5748, -0.4606 -0.7475 -0.735, -0.7857 0.0739 -0.0037, 0.7857 0.0739 -0.0037, -0.7811 0.1296 -0.0132, 0.7811 0.1296 -0.0132, 0.7771 0.1791 -0.0217, -0.7771 0.1791 -0.0217, 0.7653 0.2553 -0.0467, -0.7653 0.2553 -0.0467, 0.7608 0.2844 -0.0562, -0.7608 0.2844 -0.0562, 0.7395 0.3735 -0.1012, 0.6608 0.573 -0.2672, -0.6608 0.573 -0.2672, 0.7026 0.4855 -0.1789, -0.7026 0.4855 -0.1789, 0.7043 0.4806 -0.1754, -0.7043 0.4806 -0.1754, 0.7361 0.3877 -0.1083, -0.7361 0.3877 -0.1083, -0.7395 0.3735 -0.1012, -0.6102 0.6477 -0.3741, -0.611 0.6468 -0.3723, 0.611 0.6468 -0.3723, 0.6607 0.5733 -0.2675, -0.6607 0.5733 -0.2675, 0.6102 0.6477 -0.3741, 0.5552 0.7022 -0.4902, -0.5552 0.7022 -0.4902, 0.5542 0.7027 -0.4922, -0.5542 0.7027 -0.4922, -0.4951 0.7365 -0.617, 0.4951 0.7365 -0.617, -0.4946 0.7366 -0.6181, 0.4946 0.7366 -0.6181, -0.5232 0.7426 -1.5748, -0.563 0.7366 -0.6865, -0.5627 0.7353 -1.5748, -0.5641 0.7365 -0.686, -0.6121 0.7263 -1.5748, -0.6889 0.7027 -0.6269, -0.6888 0.7024 -1.5748, -0.6909 0.7022 -0.6259, -0.6983 0.6994 -1.5748, -0.7807 0.6623 -1.5748, -0.807 0.6477 -0.5709, -0.8065 0.6468 -1.5748, -0.8088 0.6468 -0.5701, -0.858 0.6156 -1.5748, -0.9136 0.5733 -0.5204, -0.9133 0.5723 -1.5748, -0.9139 0.573 -0.5203, -0.9291 0.5599 -1.5748, -1.0022 0.4855 -0.4785, -0.993 0.496 -1.5748, -1.0057 0.4806 -0.4768, -1.0054 0.4802 -1.5748, -1.0728 0.3877 -0.445, -1.0487 0.4249 -1.5748, -1.0799 0.3735 -0.4416, -1.1756 0.0902 -1.5748, -1.1774 0.0739 -0.3954, -1.1684 0.1297 -1.5748, -1.1679 0.1296 -0.4, -1.1594 0.179 -1.5748, -1.1594 0.1791 -0.404, -1.1355 0.2557 -1.5748, -1.1344 0.2553 -0.4158, -1.1325 0.2653 -1.5748, -1.1249 0.2844 -0.4203, -1.0954 0.3476 -1.5748, -1.0798 0.3734 -1.5748, -1.0798 0.3734 -1.5748
            ]
        }
        coordIndex [
            0,1,2,-1,3,4,5,-1,6,7,8,-1,9,10,11,-1,12,13,14,-1,14,13,15,-1,14,15,16,-1,16,17,14,-1,14,17,18,-1,14,18,19,-1,20,21,22,-1,22,21,23,-1,23,21,24,-1,23,24,25,-1,20,22,26,-1,26,22,27,-1,26,27,28,-1,29,30,27,-1,27,30,31,-1,27,31,32,-1,27,33,28,-1,28,33,34,-1,28,34,35,-1,35,34,36,-1,35,36,37,-1,32,38,27,-1,27,38,39,-1,27,39,33,-1,40,41,42,-1,40,42,43,-1,41,44,42,-1,42,44,45,-1,42,45,46,-1,46,45,47,-1,47,48,46,-1,46,48,49,-1,46,49,29,-1,29,49,50,-1,29,50,30,-1,51,43,52,-1,52,43,42,-1,52,42,53,-1,53,42,54,-1,53,54,55,-1,55,54,56,-1,57,58,54,-1,54,58,59,-1,54,59,56,-1,60,61,62,-1,62,61,63,-1,62,63,57,-1,57,63,64,-1,57,64,58,-1,65,66,67,-1,66,68,67,-1,67,68,69,-1,67,69,70,-1,71,72,73,-1,74,75,76,-1,76,75,77,-1,71,73,78,-1,79,80,81,-1,7,82,8,-1,8,82,83,-1,8,83,81,-1,81,83,84,-1,81,84,79,-1,72,85,73,-1,73,85,86,-1,73,86,87,-1,88,89,90,-1,90,89,91,-1,90,91,92,-1,93,94,95,-1,95,94,96,-1,95,96,90,-1,90,96,97,-1,90,97,88,-1,93,98,94,-1,94,98,99,-1,94,99,75,-1,75,99,100,-1,75,100,77,-1,80,101,81,-1,81,101,102,-1,81,102,103,-1,104,105,106,-1,106,105,107,-1,106,107,73,-1,73,107,108,-1,73,108,78,-1,87,109,73,-1,73,109,110,-1,73,110,111,-1,112,113,65,-1,113,114,65,-1,65,114,115,-1,65,115,116,-1,116,117,65,-1,65,117,118,-1,65,118,119,-1,119,118,104,-1,119,104,120,-1,120,104,106,-1,121,122,73,-1,73,122,123,-1,73,123,75,-1,75,123,124,-1,75,124,125,-1,111,126,73,-1,73,126,127,-1,73,127,121,-1,128,129,130,-1,128,130,131,-1,125,132,75,-1,75,132,130,-1,75,130,94,-1,94,130,129,-1,94,129,133,-1,133,129,134,-1,135,136,130,-1,130,136,137,-1,130,137,131,-1,138,139,140,-1,139,141,140,-1,140,141,142,-1,140,142,143,-1,144,140,145,-1,134,129,144,-1,144,129,146,-1,144,146,140,-1,140,146,147,-1,140,147,138,-1,145,148,144,-1,144,148,149,-1,144,149,150,-1,143,142,151,-1,151,142,152,-1,151,152,153,-1,153,152,154,-1,153,154,155,-1,156,157,150,-1,150,157,158,-1,150,158,144,-1,159,160,161,-1,160,159,162,-1,162,159,163,-1,162,163,164,-1,165,166,167,-1,168,169,170,-1,167,166,171,-1,171,166,172,-1,171,172,164,-1,164,172,173,-1,164,173,162,-1,174,175,3,-1,176,177,178,-1,178,177,179,-1,180,181,182,-1,182,181,183,-1,182,183,184,-1,184,183,174,-1,184,174,185,-1,186,187,188,-1,188,187,189,-1,188,189,179,-1,3,175,4,-1,4,175,190,-1,4,190,191,-1,192,193,194,-1,195,196,193,-1,193,196,197,-1,198,199,200,-1,200,199,201,-1,198,202,199,-1,199,202,203,-1,199,203,204,-1,204,203,205,-1,206,207,199,-1,199,207,208,-1,199,208,209,-1,193,192,195,-1,195,192,210,-1,195,210,199,-1,199,210,211,-1,199,211,206,-1,209,212,199,-1,199,212,213,-1,199,213,201,-1,214,215,216,-1,217,218,203,-1,203,218,219,-1,203,219,205,-1,214,216,203,-1,203,216,220,-1,203,220,217,-1,221,222,223,-1,223,222,224,-1,223,224,194,-1,194,224,225,-1,194,225,192,-1,226,227,228,-1,228,227,229,-1,228,229,230,-1,231,232,233,-1,234,235,231,-1,231,235,236,-1,231,236,232,-1,237,238,239,-1,240,241,231,-1,231,241,242,-1,231,242,234,-1,239,243,237,-1,237,243,244,-1,237,244,240,-1,240,244,245,-1,240,245,241,-1,246,247,238,-1,238,247,248,-1,238,248,249,-1,249,250,238,-1,238,250,251,-1,238,251,239,-1,252,253,254,-1,254,253,255,-1,254,255,256,-1,256,255,257,-1,256,257,258,-1,258,257,259,-1,260,261,262,-1,263,264,265,-1,266,267,268,-1,268,267,269,-1,270,271,267,-1,267,271,272,-1,273,274,255,-1,255,274,275,-1,255,275,276,-1,261,277,262,-1,262,277,278,-1,262,278,279,-1,279,278,280,-1,281,282,280,-1,280,282,283,-1,280,283,279,-1,266,284,267,-1,267,284,285,-1,267,285,270,-1,286,287,265,-1,265,287,288,-1,265,288,289,-1,253,290,291,-1,276,292,255,-1,255,292,293,-1,255,293,294,-1,260,262,291,-1,291,262,295,-1,291,295,253,-1,295,296,253,-1,253,296,297,-1,253,297,255,-1,255,297,298,-1,255,298,273,-1,299,300,280,-1,280,300,301,-1,280,301,302,-1,302,303,280,-1,280,303,304,-1,280,304,281,-1,305,306,307,-1,307,306,308,-1,307,308,309,-1,310,311,255,-1,255,311,312,-1,255,312,313,-1,314,315,316,-1,317,318,319,-1,314,316,320,-1,315,310,316,-1,316,310,255,-1,316,255,263,-1,263,255,294,-1,263,294,264,-1,317,319,316,-1,316,319,321,-1,316,321,320,-1,322,323,324,-1,324,323,325,-1,324,325,263,-1,263,325,326,-1,263,326,316,-1,327,328,329,-1,329,328,330,-1,331,332,333,-1,313,334,335,-1,335,334,336,-1,336,337,335,-1,335,337,338,-1,335,338,339,-1,340,341,342,-1,341,343,342,-1,342,343,344,-1,342,344,345,-1,332,340,333,-1,333,340,342,-1,333,342,346,-1,346,342,5,-1,346,5,347,-1,347,5,339,-1,345,348,342,-1,342,348,349,-1,342,349,350,-1,351,352,353,-1,353,352,354,-1,353,354,355,-1,353,356,351,-1,351,356,357,-1,351,357,358,-1,358,359,351,-1,351,359,360,-1,351,360,361,-1,361,360,362,-1,361,362,363,-1,363,362,364,-1,363,364,333,-1,333,364,365,-1,333,365,331,-1,366,367,355,-1,355,367,368,-1,355,368,353,-1,369,370,318,-1,318,370,371,-1,318,371,319,-1,369,372,370,-1,370,372,373,-1,370,373,374,-1,374,373,375,-1,374,376,377,-1,375,378,374,-1,374,378,379,-1,374,379,380,-1,380,381,374,-1,374,381,382,-1,374,382,376,-1,377,383,374,-1,374,383,384,-1,374,384,385,-1,386,387,388,-1,389,390,391,-1,392,393,394,-1,395,396,390,-1,390,396,397,-1,390,397,391,-1,391,393,389,-1,389,393,392,-1,389,392,398,-1,398,392,399,-1,400,401,402,-1,403,404,405,-1,405,404,406,-1,404,342,407,-1,350,329,342,-1,342,329,330,-1,342,330,407,-1,407,330,408,-1,407,409,404,-1,404,409,410,-1,404,410,411,-1,412,413,414,-1,414,413,415,-1,414,415,330,-1,330,415,416,-1,330,416,408,-1,411,417,404,-1,404,417,418,-1,404,418,406,-1,419,420,421,-1,419,421,422,-1,420,423,421,-1,421,423,424,-1,421,424,414,-1,414,424,425,-1,414,425,412,-1,426,427,428,-1,428,427,429,-1,428,429,430,-1,430,429,431,-1,430,431,432,-1,432,431,433,-1,432,433,434,-1,435,436,437,-1,437,436,438,-1,437,438,427,-1,427,438,439,-1,427,439,429,-1,429,439,440,-1,429,440,441,-1,441,440,442,-1,441,442,443,-1,443,442,444,-1,445,446,447,-1,448,449,14,-1,14,449,445,-1,14,445,240,-1,240,445,447,-1,240,447,237,-1,447,450,237,-1,237,450,448,-1,237,448,11,-1,11,448,14,-1,11,14,9,-1,9,14,19,-1,451,452,453,-1,453,454,455,-1,456,457,458,-1,458,457,459,-1,452,451,460,-1,460,451,8,-1,460,8,459,-1,459,8,81,-1,459,81,458,-1,461,462,463,-1,463,462,456,-1,463,456,464,-1,25,12,23,-1,23,12,14,-1,23,14,465,-1,465,14,240,-1,465,240,229,-1,229,240,231,-1,229,231,230,-1,230,231,233,-1,10,6,11,-1,11,6,8,-1,11,8,237,-1,237,8,451,-1,237,451,238,-1,238,451,253,-1,238,253,246,-1,246,253,252,-1,455,464,453,-1,453,464,456,-1,453,456,451,-1,451,456,458,-1,451,458,253,-1,253,458,267,-1,253,267,290,-1,290,267,272,-1,305,269,306,-1,306,269,267,-1,306,267,466,-1,466,267,458,-1,466,458,67,-1,67,458,81,-1,67,81,65,-1,65,81,103,-1,65,103,112,-1,313,335,255,-1,255,335,193,-1,255,193,257,-1,257,193,197,-1,257,197,259,-1,289,467,265,-1,265,467,309,-1,265,309,263,-1,263,309,308,-1,263,308,324,-1,324,308,328,-1,324,328,322,-1,322,328,327,-1,339,5,335,-1,335,5,4,-1,335,4,193,-1,193,4,191,-1,193,191,194,-1,194,191,468,-1,194,468,176,-1,176,468,469,-1,176,469,177,-1,470,471,3,-1,3,471,178,-1,3,178,174,-1,174,178,179,-1,174,179,185,-1,185,179,189,-1,471,472,178,-1,178,472,473,-1,178,473,171,-1,171,473,474,-1,171,474,475,-1,476,477,167,-1,167,477,478,-1,479,470,167,-1,167,470,3,-1,167,3,392,-1,392,3,5,-1,392,5,399,-1,399,5,342,-1,399,342,402,-1,402,342,404,-1,402,404,400,-1,400,404,403,-1,478,480,167,-1,167,480,481,-1,167,481,479,-1,475,482,171,-1,171,482,483,-1,171,483,484,-1,484,485,171,-1,171,485,486,-1,171,486,167,-1,167,486,487,-1,167,487,476,-1,168,388,428,-1,428,388,387,-1,428,387,426,-1,226,221,227,-1,227,221,223,-1,227,223,488,-1,488,223,194,-1,488,194,489,-1,489,194,176,-1,489,176,490,-1,490,176,178,-1,490,178,491,-1,491,178,171,-1,491,171,492,-1,492,171,164,-1,492,164,493,-1,493,164,163,-1,493,163,1,-1,494,169,161,-1,161,169,168,-1,161,168,159,-1,159,168,428,-1,159,428,495,-1,428,496,497,-1,428,497,495,-1,495,497,498,-1,495,498,499,-1,500,501,502,-1,502,501,503,-1,496,428,504,-1,504,428,430,-1,504,430,505,-1,505,430,502,-1,505,502,506,-1,503,507,502,-1,502,507,508,-1,502,508,506,-1,499,509,495,-1,495,509,510,-1,495,510,511,-1,511,512,495,-1,495,512,513,-1,495,513,502,-1,502,513,514,-1,502,514,500,-1,515,516,502,-1,502,516,495,-1,495,516,517,-1,495,517,518,-1,1,163,2,-1,2,163,159,-1,2,159,519,-1,519,159,495,-1,519,495,520,-1,520,495,518,-1,520,518,521,-1,521,518,522,-1,521,522,523,-1,524,525,523,-1,523,525,515,-1,523,515,521,-1,521,515,502,-1,0,2,526,-1,526,2,519,-1,526,519,527,-1,527,519,520,-1,527,520,528,-1,528,520,521,-1,528,521,529,-1,170,165,168,-1,168,165,167,-1,168,167,388,-1,388,167,392,-1,388,392,386,-1,386,392,394,-1,386,394,434,-1,434,394,422,-1,434,422,432,-1,432,422,421,-1,432,421,430,-1,430,421,530,-1,430,530,502,-1,502,530,531,-1,502,531,521,-1,521,531,532,-1,521,532,529,-1,529,532,533,-1,70,60,67,-1,67,60,62,-1,67,62,466,-1,466,62,534,-1,466,534,306,-1,306,534,535,-1,306,535,308,-1,308,535,536,-1,308,536,328,-1,328,536,537,-1,328,537,330,-1,330,537,538,-1,330,538,414,-1,414,538,539,-1,414,539,421,-1,421,539,540,-1,421,540,530,-1,530,540,541,-1,530,541,531,-1,531,541,542,-1,531,542,532,-1,532,542,543,-1,532,543,533,-1,533,543,544,-1,545,546,547,-1,548,549,550,-1,550,549,551,-1,550,551,552,-1,545,547,553,-1,550,554,548,-1,548,554,555,-1,548,555,547,-1,547,555,556,-1,547,556,553,-1,557,558,559,-1,559,558,560,-1,559,560,561,-1,562,563,564,-1,562,564,565,-1,559,566,557,-1,557,566,567,-1,557,567,564,-1,564,567,568,-1,564,568,565,-1,569,570,571,-1,571,570,572,-1,571,572,573,-1,573,572,574,-1,575,576,577,-1,577,578,575,-1,575,578,579,-1,575,579,569,-1,569,579,580,-1,569,580,570,-1,581,582,583,-1,583,582,584,-1,585,586,587,-1,587,586,588,-1,587,588,589,-1,589,588,590,-1,591,592,593,-1,593,594,591,-1,591,594,595,-1,591,595,585,-1,585,595,596,-1,585,596,586,-1,582,581,597,-1,582,597,598,-1,598,597,599,-1,598,599,600,-1,600,599,601,-1,600,601,602,-1,602,601,603,-1,602,603,604,-1,603,605,604,-1,604,605,606,-1,604,606,607,-1,607,606,608,-1,607,608,609,-1,609,608,610,-1,609,610,611,-1,611,610,612,-1,611,612,613,-1,613,612,614,-1,613,614,615,-1,615,614,616,-1,615,616,617,-1,617,616,618,-1,617,618,619,-1,619,618,620,-1,619,620,621,-1,622,623,624,-1,624,623,625,-1,624,625,626,-1,626,625,627,-1,626,627,628,-1,628,627,629,-1,628,629,630,-1,630,629,631,-1,630,631,632,-1,632,631,633,-1,632,633,634,-1,634,633,621,-1,634,621,635,-1,635,621,620,-1,623,622,636,-1,636,622,637,-1,636,637,638,-1,638,637,639,-1,638,639,640,-1,640,639,641,-1,640,641,642,-1,641,643,642,-1,642,643,644,-1,642,644,645,-1,645,644,646,-1,645,646,647,-1,647,646,648,-1,647,648,649,-1,649,648,650,-1,649,650,651,-1,651,650,652,-1,651,652,653,-1,652,654,653,-1,653,654,655,-1,653,655,656,-1,656,655,657,-1,656,657,658,-1,658,657,659,-1,658,659,660,-1,660,659,661,-1,659,662,661,-1,661,662,663,-1,661,663,664,-1,664,663,665,-1,664,665,666,-1,666,665,667,-1,666,667,668,-1,668,667,669,-1,668,669,670,-1,57,22,671,-1,671,22,670,-1,671,670,672,-1,672,670,669,-1,673,674,675,-1,675,674,676,-1,675,676,677,-1,676,678,677,-1,677,678,679,-1,677,679,680,-1,680,679,681,-1,680,681,682,-1,682,681,683,-1,682,683,684,-1,684,683,685,-1,684,685,686,-1,686,685,687,-1,686,687,688,-1,688,687,689,-1,688,689,690,-1,691,692,693,-1,689,694,690,-1,690,694,695,-1,690,695,696,-1,696,695,697,-1,696,697,698,-1,698,697,693,-1,698,693,699,-1,699,693,692,-1,584,582,700,-1,700,582,701,-1,700,701,702,-1,702,701,703,-1,702,703,704,-1,704,703,705,-1,704,705,706,-1,706,705,707,-1,706,707,708,-1,708,707,691,-1,708,691,709,-1,709,691,693,-1,710,711,712,-1,712,711,713,-1,712,713,714,-1,714,713,715,-1,714,715,716,-1,716,715,717,-1,716,717,718,-1,717,719,718,-1,718,719,720,-1,718,720,721,-1,721,720,722,-1,721,722,723,-1,723,722,724,-1,723,724,725,-1,725,724,726,-1,725,726,727,-1,727,726,728,-1,727,728,729,-1,729,728,730,-1,729,730,731,-1,731,730,732,-1,731,732,733,-1,733,732,734,-1,733,734,735,-1,735,734,736,-1,735,736,737,-1,736,738,737,-1,737,738,739,-1,737,739,740,-1,740,739,741,-1,740,741,742,-1,742,741,743,-1,742,743,744,-1,744,743,745,-1,744,745,746,-1,745,747,746,-1,746,747,748,-1,746,748,749,-1,749,748,583,-1,749,583,584,-1,674,673,750,-1,750,673,751,-1,750,751,752,-1,751,753,752,-1,752,753,754,-1,752,754,755,-1,755,754,756,-1,755,756,757,-1,757,756,758,-1,757,758,759,-1,759,758,760,-1,761,762,763,-1,763,762,764,-1,763,764,765,-1,765,764,766,-1,765,766,767,-1,767,766,768,-1,767,768,760,-1,760,768,769,-1,760,769,759,-1,770,771,772,-1,761,773,762,-1,762,773,772,-1,762,772,774,-1,774,772,771,-1,772,775,770,-1,770,775,776,-1,770,776,777,-1,777,776,778,-1,777,778,779,-1,779,778,780,-1,780,778,781,-1,780,781,782,-1,781,783,782,-1,782,783,22,-1,782,22,0,-1,0,544,784,-1,0,784,785,-1,785,784,786,-1,785,786,787,-1,787,786,788,-1,787,788,789,-1,789,788,790,-1,789,790,791,-1,790,792,791,-1,791,792,793,-1,791,793,794,-1,794,793,795,-1,794,795,796,-1,796,795,797,-1,796,797,798,-1,798,797,799,-1,798,799,800,-1,800,799,801,-1,800,801,802,-1,802,801,803,-1,802,803,804,-1,804,803,805,-1,804,805,806,-1,806,805,807,-1,806,807,808,-1,711,710,809,-1,809,710,810,-1,809,810,811,-1,811,810,812,-1,811,812,813,-1,813,812,814,-1,813,814,815,-1,815,814,816,-1,815,816,817,-1,817,816,818,-1,817,818,819,-1,819,818,808,-1,819,808,820,-1,820,808,807,-1,
        ]
    }
}
Shape{
    appearance Appearance {
        material  Material 	{
            diffuseColor 0.7529411764705882 0.7529411764705882 0.7529411764705882
            specularColor 0.3764705882352941 0.3764705882352941 0.3764705882352941
            ambientIntensity 0.2
            transparency 0
            shininess 0.5
        }
    }
    geometry IndexedFaceSet {
        ccw TRUE
        solid FALSE
        coord DEF co Coordinate {
            point [
                -0.8977 0.0591 -3.937, -0.8859 0.0306 -3.937, -1.0 0.0 -3.937, -0.8819 0.0 -3.937, -0.8859 -0.0306 -3.937, -0.9694 0.1141 -3.937, -0.9409 0.1023 -3.937, -0.9165 0.0835 -3.937, -1.0591 0.1023 -3.937, -1.0306 0.1141 -3.937, -1.0 0.1181 -3.937, -1.1141 0.0306 -3.937, -1.1023 0.0591 -3.937, -1.0835 0.0835 -3.937, -1.1023 -0.0591 -3.937, -1.1141 -0.0306 -3.937, -1.1181 0.0 -3.937, -1.0306 -0.1141 -3.937, -1.0591 -0.1023 -3.937, -1.0835 -0.0835 -3.937, -0.9409 -0.1023 -3.937, -0.9694 -0.1141 -3.937, -1.0 -0.1181 -3.937, -0.8977 -0.0591 -3.937, -0.9165 -0.0835 -3.937, -0.5239 -0.0521 -2.1648, -0.5277 -0.059 -2.1652, -0.5276 -0.0591 -2.227, -0.7371 -0.0497 -2.147, -0.744 -0.0306 -2.227, -0.7322 -0.0591 -2.227, -0.7414 -0.0389 -2.1458, -0.743 -0.0341 -2.1454, -0.7439 -0.0305 -2.1451, -0.7134 -0.0835 -2.227, -0.7147 -0.0822 -2.1526, -0.7224 -0.0735 -2.1508, -0.7254 -0.0695 -2.15, -0.7317 -0.0599 -2.1484, -0.7322 -0.059 -2.1483, -0.6971 -0.0971 -2.1564, -0.7063 -0.0901 -2.1545, -0.7134 -0.0835 -2.1529, -0.6723 -0.1103 -2.1609, -0.689 -0.1023 -2.227, -0.6614 -0.1139 -2.1624, -0.6605 -0.1141 -2.227, -0.6828 -0.1056 -2.1591, -0.6889 -0.1022 -2.158, -0.6929 -0.0999 -2.1573, -0.6299 -0.1181 -2.227, -0.6334 -0.1181 -2.1649, -0.6449 -0.1172 -2.1642, -0.6562 -0.1151 -2.163, -0.6605 -0.1141 -2.1625, -0.6181 -0.1175 -2.1654, -0.622 -0.1178 -2.1653, -0.6299 -0.118 -2.1651, -0.5994 -0.1139 -2.1654, -0.5994 -0.1141 -2.227, -0.5968 -0.1134 -2.1654, -0.5709 -0.1023 -2.227, -0.5766 -0.1054 -2.1654, -0.5464 -0.0835 -2.227, -0.5582 -0.0939 -2.1654, -0.5711 -0.1019 -2.1654, -0.5293 -0.0618 -2.1654, -0.5423 -0.0792 -2.1654, -0.5467 -0.0832 -2.1654, -0.5206 -0.0446 -2.164, -0.5158 -0.0306 -2.227, -0.5167 -0.0337 -2.1625, -0.5118 0.0021 -2.1598, -0.5119 0.0 -2.1598, -0.5118 0.0 -2.227, -0.5122 -0.0093 -2.16, -0.5124 -0.0113 -2.1601, -0.514 -0.0226 -2.1611, -0.5159 -0.0305 -2.1621, -0.5159 0.0306 -2.1621, -0.5157 0.0301 -2.162, -0.5158 0.0306 -2.227, -0.5144 0.0247 -2.1613, -0.5126 0.0135 -2.1603, -0.5276 0.0591 -2.227, -0.5277 0.059 -2.1652, -0.5236 0.0514 -2.1648, -0.5191 0.041 -2.1635, -0.5464 0.0835 -2.227, -0.5423 0.0792 -2.1654, -0.5293 0.0618 -2.1654, -0.5709 0.1023 -2.227, -0.5582 0.0939 -2.1654, -0.5467 0.0832 -2.1654, -0.5994 0.1139 -2.1654, -0.5968 0.1134 -2.1654, -0.5994 0.1141 -2.227, -0.5766 0.1054 -2.1654, -0.5711 0.1019 -2.1654, -0.6181 0.1175 -2.1654, -0.6299 0.1181 -2.227, -0.6296 0.1181 -2.1651, -0.6605 0.114 -2.1625, -0.6516 0.1161 -2.1635, -0.6605 0.1141 -2.227, -0.641 0.1176 -2.1645, -0.6299 0.1181 -2.1651, -0.689 0.1023 -2.227, -0.689 0.1023 -2.158, -0.6885 0.1026 -2.1581, -0.6843 0.1049 -2.1589, -0.6738 0.1097 -2.1606, -0.6629 0.1134 -2.1622, -0.6983 0.0963 -2.1562, -0.7134 0.0835 -2.227, -0.7074 0.0892 -2.1543, -0.7263 0.0683 -2.1498, -0.7191 0.0774 -2.1516, -0.7322 0.0591 -2.227, -0.7157 0.0812 -2.1524, -0.7134 0.0834 -2.1529, -0.7435 0.0325 -2.1452, -0.7397 0.0435 -2.1463, -0.744 0.0306 -2.227, -0.7377 0.0484 -2.1468, -0.7325 0.0586 -2.1482, -0.7322 0.059 -2.1483, -0.7458 -0.0229 -2.1446, -0.7475 -0.0116 -2.1441, -0.748 0.0 -2.227, -0.748 0.0 -2.144, -0.7479 0.0047 -2.144, -0.7476 0.0099 -2.1441, -0.7461 0.0213 -2.1445, -0.7439 0.0306 -2.1451, -0.7865 -0.0 -2.2946, -0.7755 -0.0 -2.2867, -0.7845 0.0306 -2.2981, -0.7729 0.0306 -2.2898, -0.7784 0.0591 -2.3082, -0.7652 0.0591 -2.2987, -0.7688 0.0835 -2.3244, -0.753 0.0835 -2.313, -0.7563 0.1023 -2.3454, -0.7371 0.1023 -2.3316, -0.7418 0.1141 -2.3699, -0.7185 0.1141 -2.3532, -0.7261 0.1181 -2.3962, -0.6986 0.1181 -2.3764, -0.7105 0.1141 -2.4224, -0.6787 0.1141 -2.3996, -0.6959 0.1023 -2.4469, -0.6602 0.1023 -2.4212, -0.6834 0.0835 -2.4679, -0.6442 0.0835 -2.4398, -0.6738 0.0591 -2.4841, -0.632 0.0591 -2.454, -0.6678 0.0306 -2.4942, -0.6243 0.0306 -2.463, -0.6658 -0.0 -2.4977, -0.6217 -0.0 -2.466, -0.6678 -0.0306 -2.4942, -0.6243 -0.0306 -2.463, -0.6738 -0.0591 -2.4841, -0.632 -0.0591 -2.454, -0.6834 -0.0835 -2.4679, -0.6442 -0.0835 -2.4398, -0.6959 -0.1023 -2.4469, -0.6602 -0.1023 -2.4212, -0.7105 -0.1141 -2.4224, -0.6787 -0.1141 -2.3996, -0.7261 -0.1181 -2.3962, -0.6986 -0.1181 -2.3764, -0.7418 -0.1141 -2.3699, -0.7185 -0.1141 -2.3532, -0.7563 -0.1023 -2.3454, -0.7371 -0.1023 -2.3316, -0.7688 -0.0835 -2.3244, -0.753 -0.0835 -2.313, -0.7784 -0.0591 -2.3082, -0.7652 -0.0591 -2.2987, -0.7845 -0.0306 -2.2981, -0.7729 -0.0306 -2.2898, -0.766 -0.0 -2.2771, -0.7629 0.0306 -2.2796, -0.7538 0.0591 -2.2871, -0.7393 0.0835 -2.2991, -0.7205 0.1023 -2.3146, -0.6985 0.1141 -2.3327, -0.6749 0.1181 -2.3522, -0.6513 0.1141 -2.3716, -0.6293 0.1023 -2.3898, -0.6104 0.0835 -2.4053, -0.596 0.0591 -2.4173, -0.5869 0.0306 -2.4248, -0.5838 -0.0 -2.4273, -0.5869 -0.0306 -2.4248, -0.596 -0.0591 -2.4173, -0.6104 -0.0835 -2.4053, -0.6293 -0.1023 -2.3898, -0.6513 -0.1141 -2.3716, -0.6749 -0.1181 -2.3522, -0.6985 -0.1141 -2.3327, -0.7205 -0.1023 -2.3146, -0.7393 -0.0835 -2.2991, -0.7538 -0.0591 -2.2871, -0.7629 -0.0306 -2.2796, -0.7583 -0.0 -2.2659, -0.7548 0.0306 -2.2679, -0.7446 0.0591 -2.2737, -0.7283 0.0835 -2.283, -0.707 0.1023 -2.2951, -0.6822 0.1141 -2.3092, -0.6557 0.1181 -2.3243, -0.6291 0.1141 -2.3394, -0.6043 0.1023 -2.3535, -0.5831 0.0835 -2.3656, -0.5667 0.0591 -2.3749, -0.5565 0.0306 -2.3807, -0.553 -0.0 -2.3827, -0.5565 -0.0306 -2.3807, -0.5667 -0.0591 -2.3749, -0.5831 -0.0835 -2.3656, -0.6043 -0.1023 -2.3535, -0.6291 -0.1141 -2.3394, -0.6557 -0.1181 -2.3243, -0.6822 -0.1141 -2.3092, -0.707 -0.1023 -2.2951, -0.7283 -0.0835 -2.283, -0.7446 -0.0591 -2.2737, -0.7548 -0.0306 -2.2679, -0.7527 -0.0 -2.2536, -0.7489 0.0306 -2.2549, -0.7378 0.0591 -2.2589, -0.7201 0.0835 -2.2653, -0.6971 0.1023 -2.2735, -0.6703 0.1141 -2.2832, -0.6415 0.1181 -2.2935, -0.6127 0.1141 -2.3038, -0.5859 0.1023 -2.3135, -0.5629 0.0835 -2.3217, -0.5452 0.0591 -2.3281, -0.5341 0.0306 -2.332, -0.5303 -0.0 -2.3334, -0.5341 -0.0306 -2.332, -0.5452 -0.0591 -2.3281, -0.5629 -0.0835 -2.3217, -0.5859 -0.1023 -2.3135, -0.6127 -0.1141 -2.3038, -0.6415 -0.1181 -2.2935, -0.6703 -0.1141 -2.2832, -0.6971 -0.1023 -2.2735, -0.7201 -0.0835 -2.2653, -0.7378 -0.0591 -2.2589, -0.7489 -0.0306 -2.2549, -0.7492 -0.0 -2.2405, -0.7452 0.0306 -2.2412, -0.7336 0.0591 -2.2432, -0.7151 0.0835 -2.2464, -0.691 0.1023 -2.2506, -0.663 0.1141 -2.2555, -0.6328 0.1181 -2.2607, -0.6027 0.1141 -2.266, -0.5747 0.1023 -2.2709, -0.5506 0.0835 -2.2751, -0.5321 0.0591 -2.2783, -0.5204 0.0306 -2.2803, -0.5165 -0.0 -2.281, -0.5204 -0.0306 -2.2803, -0.5321 -0.0591 -2.2783, -0.5506 -0.0835 -2.2751, -0.5747 -0.1023 -2.2709, -0.6027 -0.1141 -2.266, -0.6328 -0.1181 -2.2607, -0.663 -0.1141 -2.2555, -0.691 -0.1023 -2.2506, -0.7151 -0.0835 -2.2464, -0.7336 -0.0591 -2.2432, -0.7452 -0.0306 -2.2412, -0.9642 0.0 -2.4003, -0.9621 0.0306 -2.4038, -0.9561 0.0591 -2.4139, -0.9465 0.0835 -2.43, -0.934 0.1023 -2.4511, -0.9194 0.1141 -2.4756, -0.9038 0.1181 -2.5018, -0.8882 0.1141 -2.5281, -0.8736 0.1023 -2.5526, -0.8611 0.0835 -2.5736, -0.8515 0.0591 -2.5897, -0.8455 0.0306 -2.5999, -0.8434 0.0 -2.6033, -0.8455 -0.0306 -2.5999, -0.8515 -0.0591 -2.5897, -0.8611 -0.0835 -2.5736, -0.8736 -0.1023 -2.5526, -0.8882 -0.1141 -2.5281, -0.9038 -0.1181 -2.5018, -0.9194 -0.1141 -2.4756, -0.934 -0.1023 -2.4511, -0.9465 -0.0835 -2.43, -0.9561 -0.0591 -2.4139, -0.9621 -0.0306 -2.4038, -0.8819 0.0 -2.671, -0.8807 0.0 -2.6575, -0.8859 -0.0306 -2.671, -0.8847 -0.0306 -2.6568, -0.8977 -0.0591 -2.671, -0.8963 -0.0591 -2.6548, -0.9165 -0.0835 -2.671, -0.9148 -0.0835 -2.6516, -0.9409 -0.1023 -2.671, -0.9389 -0.1023 -2.6474, -0.9694 -0.1141 -2.671, -0.967 -0.1141 -2.6425, -1.0 -0.1181 -2.671, -0.9971 -0.1181 -2.6372, -1.0306 -0.1141 -2.671, -1.0272 -0.1141 -2.632, -1.0591 -0.1023 -2.671, -1.0553 -0.1023 -2.6271, -1.0835 -0.0835 -2.671, -1.0794 -0.0835 -2.6229, -1.1023 -0.0591 -2.671, -1.0979 -0.0591 -2.6197, -1.1141 -0.0306 -2.671, -1.1095 -0.0306 -2.6177, -1.1181 0.0 -2.671, -1.1134 0.0 -2.617, -1.1141 0.0306 -2.671, -1.1095 0.0306 -2.6177, -1.1023 0.0591 -2.671, -1.0979 0.0591 -2.6197, -1.0835 0.0835 -2.671, -1.0794 0.0835 -2.6229, -1.0591 0.1023 -2.671, -1.0553 0.1023 -2.6271, -1.0306 0.1141 -2.671, -1.0272 0.1141 -2.632, -1.0 0.1181 -2.671, -0.9971 0.1181 -2.6372, -0.9694 0.1141 -2.671, -0.967 0.1141 -2.6425, -0.9409 0.1023 -2.671, -0.9389 0.1023 -2.6474, -0.9165 0.0835 -2.671, -0.9148 0.0835 -2.6516, -0.8977 0.0591 -2.671, -0.8963 0.0591 -2.6548, -0.8859 0.0306 -2.671, -0.8847 0.0306 -2.6568, -0.8773 0.0 -2.6444, -0.881 -0.0306 -2.643, -0.8921 -0.0591 -2.639, -0.9098 -0.0835 -2.6327, -0.9328 -0.1023 -2.6244, -0.9596 -0.1141 -2.6148, -0.9884 -0.1181 -2.6045, -1.0172 -0.1141 -2.5942, -1.044 -0.1023 -2.5845, -1.067 -0.0835 -2.5763, -1.0847 -0.0591 -2.5699, -1.0958 -0.0306 -2.5659, -1.0996 0.0 -2.5646, -1.0958 0.0306 -2.5659, -1.0847 0.0591 -2.5699, -1.067 0.0835 -2.5763, -1.044 0.1023 -2.5845, -1.0172 0.1141 -2.5942, -0.9884 0.1181 -2.6045, -0.9596 0.1141 -2.6148, -0.9328 0.1023 -2.6244, -0.9098 0.0835 -2.6327, -0.8921 0.0591 -2.639, -0.881 0.0306 -2.643, -0.8716 0.0 -2.6321, -0.8751 -0.0306 -2.6301, -0.8854 -0.0591 -2.6243, -0.9017 -0.0835 -2.615, -0.9229 -0.1023 -2.6029, -0.9477 -0.1141 -2.5888, -0.9743 -0.1181 -2.5737, -1.0008 -0.1141 -2.5586, -1.0256 -0.1023 -2.5445, -1.0469 -0.0835 -2.5324, -1.0632 -0.0591 -2.5231, -1.0734 -0.0306 -2.5173, -1.0769 0.0 -2.5153, -1.0734 0.0306 -2.5173, -1.0632 0.0591 -2.5231, -1.0469 0.0835 -2.5324, -1.0256 0.1023 -2.5445, -1.0008 0.1141 -2.5586, -0.9743 0.1181 -2.5737, -0.9477 0.1141 -2.5888, -0.9229 0.1023 -2.6029, -0.9017 0.0835 -2.615, -0.8854 0.0591 -2.6243, -0.8751 0.0306 -2.6301, -0.8639 0.0 -2.6209, -0.867 -0.0306 -2.6184, -0.8761 -0.0591 -2.6109, -0.8906 -0.0835 -2.5989, -0.9095 -0.1023 -2.5834, -0.9315 -0.1141 -2.5652, -0.955 -0.1181 -2.5458, -0.9786 -0.1141 -2.5263, -1.0006 -0.1023 -2.5082, -1.0195 -0.0835 -2.4927, -1.034 -0.0591 -2.4807, -1.0431 -0.0306 -2.4732, -1.0462 0.0 -2.4707, -1.0431 0.0306 -2.4732, -1.034 0.0591 -2.4807, -1.0195 0.0835 -2.4927, -1.0006 0.1023 -2.5082, -0.9786 0.1141 -2.5263, -0.955 0.1181 -2.5458, -0.9315 0.1141 -2.5652, -0.9095 0.1023 -2.5834, -0.8906 0.0835 -2.5989, -0.8761 0.0591 -2.6109, -0.867 0.0306 -2.6184, -0.8544 0.0 -2.6112, -0.857 -0.0306 -2.6082, -0.8647 -0.0591 -2.5992, -0.8769 -0.0835 -2.585, -0.8929 -0.1023 -2.5664, -0.9114 -0.1141 -2.5448, -0.9313 -0.1181 -2.5216, -0.9512 -0.1141 -2.4984, -0.9698 -0.1023 -2.4768, -0.9857 -0.0835 -2.4582, -0.9979 -0.0591 -2.444, -1.0056 -0.0306 -2.435, -1.0082 0.0 -2.4319, -1.0056 0.0306 -2.435, -0.9979 0.0591 -2.444, -0.9857 0.0835 -2.4582, -0.9698 0.1023 -2.4768, -0.9512 0.1141 -2.4984, -0.9313 0.1181 -2.5216, -0.9114 0.1141 -2.5448, -0.8929 0.1023 -2.5664, -0.8769 0.0835 -2.585, -0.8647 0.0591 -2.5992, -0.857 0.0306 -2.6082, 0.8977 -0.0591 -3.937, 0.8859 -0.0306 -3.937, 1.0 0.0 -3.937, 0.8819 -0.0 -3.937, 0.8859 0.0306 -3.937, 0.9694 -0.1141 -3.937, 0.9409 -0.1023 -3.937, 0.9165 -0.0835 -3.937, 1.0591 -0.1023 -3.937, 1.0306 -0.1141 -3.937, 1.0 -0.1181 -3.937, 1.1141 -0.0306 -3.937, 1.1023 -0.0591 -3.937, 1.0835 -0.0835 -3.937, 1.1023 0.0591 -3.937, 1.1141 0.0306 -3.937, 1.1181 0.0 -3.937, 1.0306 0.1141 -3.937, 1.0591 0.1023 -3.937, 1.0835 0.0835 -3.937, 0.9409 0.1023 -3.937, 0.9694 0.1141 -3.937, 1.0 0.1181 -3.937, 0.8977 0.0591 -3.937, 0.9165 0.0835 -3.937, 0.5239 0.0521 -2.1648, 0.5277 0.059 -2.1652, 0.5276 0.0591 -2.227, 0.7371 0.0497 -2.147, 0.744 0.0306 -2.227, 0.7322 0.0591 -2.227, 0.7414 0.0389 -2.1458, 0.743 0.0341 -2.1454, 0.7439 0.0305 -2.1451, 0.7134 0.0835 -2.227, 0.7147 0.0822 -2.1526, 0.7224 0.0735 -2.1508, 0.7254 0.0695 -2.15, 0.7317 0.0599 -2.1484, 0.7322 0.059 -2.1483, 0.6971 0.0971 -2.1564, 0.7063 0.0901 -2.1545, 0.7134 0.0835 -2.1529, 0.6723 0.1103 -2.1609, 0.689 0.1023 -2.227, 0.6614 0.1139 -2.1624, 0.6605 0.1141 -2.227, 0.6828 0.1056 -2.1591, 0.6889 0.1022 -2.158, 0.6929 0.0999 -2.1573, 0.6299 0.1181 -2.227, 0.6334 0.1181 -2.1649, 0.6449 0.1172 -2.1642, 0.6562 0.1151 -2.163, 0.6605 0.1141 -2.1625, 0.6181 0.1175 -2.1654, 0.622 0.1178 -2.1653, 0.6299 0.118 -2.1651, 0.5994 0.1139 -2.1654, 0.5994 0.1141 -2.227, 0.5968 0.1134 -2.1654, 0.5709 0.1023 -2.227, 0.5766 0.1054 -2.1654, 0.5464 0.0835 -2.227, 0.5582 0.0939 -2.1654, 0.5711 0.1019 -2.1654, 0.5293 0.0618 -2.1654, 0.5423 0.0792 -2.1654, 0.5467 0.0832 -2.1654, 0.5206 0.0446 -2.164, 0.5158 0.0306 -2.227, 0.5167 0.0337 -2.1625, 0.5118 -0.0021 -2.1598, 0.5119 -0.0 -2.1598, 0.5118 0.0 -2.227, 0.5122 0.0093 -2.16, 0.5124 0.0113 -2.1601, 0.514 0.0226 -2.1611, 0.5159 0.0305 -2.1621, 0.5159 -0.0306 -2.1621, 0.5157 -0.0301 -2.162, 0.5158 -0.0306 -2.227, 0.5144 -0.0247 -2.1613, 0.5126 -0.0135 -2.1603, 0.5276 -0.0591 -2.227, 0.5277 -0.059 -2.1652, 0.5236 -0.0514 -2.1648, 0.5191 -0.041 -2.1635, 0.5464 -0.0835 -2.227, 0.5423 -0.0792 -2.1654, 0.5293 -0.0618 -2.1654, 0.5709 -0.1023 -2.227, 0.5582 -0.0939 -2.1654, 0.5467 -0.0832 -2.1654, 0.5994 -0.1139 -2.1654, 0.5968 -0.1134 -2.1654, 0.5994 -0.1141 -2.227, 0.5766 -0.1054 -2.1654, 0.5711 -0.1019 -2.1654, 0.6181 -0.1175 -2.1654, 0.6299 -0.1181 -2.227, 0.6296 -0.1181 -2.1651, 0.6605 -0.114 -2.1625, 0.6516 -0.1161 -2.1635, 0.6605 -0.1141 -2.227, 0.641 -0.1176 -2.1645, 0.6299 -0.1181 -2.1651, 0.689 -0.1023 -2.227, 0.689 -0.1023 -2.158, 0.6885 -0.1026 -2.1581, 0.6843 -0.1049 -2.1589, 0.6738 -0.1097 -2.1606, 0.6629 -0.1134 -2.1622, 0.6983 -0.0963 -2.1562, 0.7134 -0.0835 -2.227, 0.7074 -0.0892 -2.1543, 0.7263 -0.0683 -2.1498, 0.7191 -0.0774 -2.1516, 0.7322 -0.0591 -2.227, 0.7157 -0.0812 -2.1524, 0.7134 -0.0834 -2.1529, 0.7435 -0.0325 -2.1452, 0.7397 -0.0435 -2.1463, 0.744 -0.0306 -2.227, 0.7377 -0.0484 -2.1468, 0.7325 -0.0586 -2.1482, 0.7322 -0.059 -2.1483, 0.7458 0.0229 -2.1446, 0.7475 0.0116 -2.1441, 0.748 0.0 -2.227, 0.748 0.0 -2.144, 0.7479 -0.0047 -2.144, 0.7476 -0.0099 -2.1441, 0.7461 -0.0213 -2.1445, 0.7439 -0.0306 -2.1451, 0.7865 0.0 -2.2946, 0.7755 0.0 -2.2867, 0.7845 -0.0306 -2.2981, 0.7729 -0.0306 -2.2898, 0.7784 -0.0591 -2.3082, 0.7652 -0.0591 -2.2987, 0.7688 -0.0835 -2.3244, 0.753 -0.0835 -2.313, 0.7563 -0.1023 -2.3454, 0.7371 -0.1023 -2.3316, 0.7418 -0.1141 -2.3699, 0.7185 -0.1141 -2.3532, 0.7261 -0.1181 -2.3962, 0.6986 -0.1181 -2.3764, 0.7105 -0.1141 -2.4224, 0.6787 -0.1141 -2.3996, 0.6959 -0.1023 -2.4469, 0.6602 -0.1023 -2.4212, 0.6834 -0.0835 -2.4679, 0.6442 -0.0835 -2.4398, 0.6738 -0.0591 -2.4841, 0.632 -0.0591 -2.454, 0.6678 -0.0306 -2.4942, 0.6243 -0.0306 -2.463, 0.6658 0.0 -2.4977, 0.6217 0.0 -2.466, 0.6678 0.0306 -2.4942, 0.6243 0.0306 -2.463, 0.6738 0.0591 -2.4841, 0.632 0.0591 -2.454, 0.6834 0.0835 -2.4679, 0.6442 0.0835 -2.4398, 0.6959 0.1023 -2.4469, 0.6602 0.1023 -2.4212, 0.7105 0.1141 -2.4224, 0.6787 0.1141 -2.3996, 0.7261 0.1181 -2.3962, 0.6986 0.1181 -2.3764, 0.7418 0.1141 -2.3699, 0.7185 0.1141 -2.3532, 0.7563 0.1023 -2.3454, 0.7371 0.1023 -2.3316, 0.7688 0.0835 -2.3244, 0.753 0.0835 -2.313, 0.7784 0.0591 -2.3082, 0.7652 0.0591 -2.2987, 0.7845 0.0306 -2.2981, 0.7729 0.0306 -2.2898, 0.766 0.0 -2.2771, 0.7629 -0.0306 -2.2796, 0.7538 -0.0591 -2.2871, 0.7393 -0.0835 -2.2991, 0.7205 -0.1023 -2.3146, 0.6985 -0.1141 -2.3327, 0.6749 -0.1181 -2.3522, 0.6513 -0.1141 -2.3716, 0.6293 -0.1023 -2.3898, 0.6104 -0.0835 -2.4053, 0.596 -0.0591 -2.4173, 0.5869 -0.0306 -2.4248, 0.5838 0.0 -2.4273, 0.5869 0.0306 -2.4248, 0.596 0.0591 -2.4173, 0.6104 0.0835 -2.4053, 0.6293 0.1023 -2.3898, 0.6513 0.1141 -2.3716, 0.6749 0.1181 -2.3522, 0.6985 0.1141 -2.3327, 0.7205 0.1023 -2.3146, 0.7393 0.0835 -2.2991, 0.7538 0.0591 -2.2871, 0.7629 0.0306 -2.2796, 0.7583 0.0 -2.2659, 0.7548 -0.0306 -2.2679, 0.7446 -0.0591 -2.2737, 0.7283 -0.0835 -2.283, 0.707 -0.1023 -2.2951, 0.6822 -0.1141 -2.3092, 0.6557 -0.1181 -2.3243, 0.6291 -0.1141 -2.3394, 0.6043 -0.1023 -2.3535, 0.5831 -0.0835 -2.3656, 0.5667 -0.0591 -2.3749, 0.5565 -0.0306 -2.3807, 0.553 0.0 -2.3827, 0.5565 0.0306 -2.3807, 0.5667 0.0591 -2.3749, 0.5831 0.0835 -2.3656, 0.6043 0.1023 -2.3535, 0.6291 0.1141 -2.3394, 0.6557 0.1181 -2.3243, 0.6822 0.1141 -2.3092, 0.707 0.1023 -2.2951, 0.7283 0.0835 -2.283, 0.7446 0.0591 -2.2737, 0.7548 0.0306 -2.2679, 0.7527 0.0 -2.2536, 0.7489 -0.0306 -2.2549, 0.7378 -0.0591 -2.2589, 0.7201 -0.0835 -2.2653, 0.6971 -0.1023 -2.2735, 0.6703 -0.1141 -2.2832, 0.6415 -0.1181 -2.2935, 0.6127 -0.1141 -2.3038, 0.5859 -0.1023 -2.3135, 0.5629 -0.0835 -2.3217, 0.5452 -0.0591 -2.3281, 0.5341 -0.0306 -2.332, 0.5303 0.0 -2.3334, 0.5341 0.0306 -2.332, 0.5452 0.0591 -2.3281, 0.5629 0.0835 -2.3217, 0.5859 0.1023 -2.3135, 0.6127 0.1141 -2.3038, 0.6415 0.1181 -2.2935, 0.6703 0.1141 -2.2832, 0.6971 0.1023 -2.2735, 0.7201 0.0835 -2.2653, 0.7378 0.0591 -2.2589, 0.7489 0.0306 -2.2549, 0.7492 0.0 -2.2405, 0.7452 -0.0306 -2.2412, 0.7336 -0.0591 -2.2432, 0.7151 -0.0835 -2.2464, 0.691 -0.1023 -2.2506, 0.663 -0.1141 -2.2555, 0.6328 -0.1181 -2.2607, 0.6027 -0.1141 -2.266, 0.5747 -0.1023 -2.2709, 0.5506 -0.0835 -2.2751, 0.5321 -0.0591 -2.2783, 0.5204 -0.0306 -2.2803, 0.5165 0.0 -2.281, 0.5204 0.0306 -2.2803, 0.5321 0.0591 -2.2783, 0.5506 0.0835 -2.2751, 0.5747 0.1023 -2.2709, 0.6027 0.1141 -2.266, 0.6328 0.1181 -2.2607, 0.663 0.1141 -2.2555, 0.691 0.1023 -2.2506, 0.7151 0.0835 -2.2464, 0.7336 0.0591 -2.2432, 0.7452 0.0306 -2.2412, 0.8434 0.0 -2.6033, 0.8455 0.0306 -2.5999, 0.8515 0.0591 -2.5897, 0.8611 0.0835 -2.5736, 0.8736 0.1023 -2.5526, 0.8882 0.1141 -2.5281, 0.9038 0.1181 -2.5018, 0.9194 0.1141 -2.4756, 0.934 0.1023 -2.4511, 0.9465 0.0835 -2.43, 0.9561 0.0591 -2.4139, 0.9621 0.0306 -2.4038, 0.9642 0.0 -2.4003, 0.9621 -0.0306 -2.4038, 0.9561 -0.0591 -2.4139, 0.9465 -0.0835 -2.43, 0.934 -0.1023 -2.4511, 0.9194 -0.1141 -2.4756, 0.9038 -0.1181 -2.5018, 0.8882 -0.1141 -2.5281, 0.8736 -0.1023 -2.5526, 0.8611 -0.0835 -2.5736, 0.8515 -0.0591 -2.5897, 0.8455 -0.0306 -2.5999, 0.8819 -0.0 -2.671, 0.8807 -0.0 -2.6575, 0.8859 0.0306 -2.671, 0.8847 0.0306 -2.6568, 0.8977 0.0591 -2.671, 0.8963 0.0591 -2.6548, 0.9165 0.0835 -2.671, 0.9148 0.0835 -2.6516, 0.9409 0.1023 -2.671, 0.9389 0.1023 -2.6474, 0.9694 0.1141 -2.671, 0.967 0.1141 -2.6425, 1.0 0.1181 -2.671, 0.9971 0.1181 -2.6372, 1.0306 0.1141 -2.671, 1.0272 0.1141 -2.632, 1.0591 0.1023 -2.671, 1.0553 0.1023 -2.6271, 1.0835 0.0835 -2.671, 1.0794 0.0835 -2.6229, 1.1023 0.0591 -2.671, 1.0979 0.0591 -2.6197, 1.1141 0.0306 -2.671, 1.1095 0.0306 -2.6177, 1.1181 -0.0 -2.671, 1.1134 -0.0 -2.617, 1.1141 -0.0306 -2.671, 1.1095 -0.0306 -2.6177, 1.1023 -0.0591 -2.671, 1.0979 -0.0591 -2.6197, 1.0835 -0.0835 -2.671, 1.0794 -0.0835 -2.6229, 1.0591 -0.1023 -2.671, 1.0553 -0.1023 -2.6271, 1.0306 -0.1141 -2.671, 1.0272 -0.1141 -2.632, 1.0 -0.1181 -2.671, 0.9971 -0.1181 -2.6372, 0.9694 -0.1141 -2.671, 0.967 -0.1141 -2.6425, 0.9409 -0.1023 -2.671, 0.9389 -0.1023 -2.6474, 0.9165 -0.0835 -2.671, 0.9148 -0.0835 -2.6516, 0.8977 -0.0591 -2.671, 0.8963 -0.0591 -2.6548, 0.8859 -0.0306 -2.671, 0.8847 -0.0306 -2.6568, 0.8773 -0.0 -2.6444, 0.881 0.0306 -2.643, 0.8921 0.0591 -2.639, 0.9098 0.0835 -2.6327, 0.9328 0.1023 -2.6244, 0.9596 0.1141 -2.6148, 0.9884 0.1181 -2.6045, 1.0172 0.1141 -2.5942, 1.044 0.1023 -2.5845, 1.067 0.0835 -2.5763, 1.0847 0.0591 -2.5699, 1.0958 0.0306 -2.5659, 1.0996 -0.0 -2.5646, 1.0958 -0.0306 -2.5659, 1.0847 -0.0591 -2.5699, 1.067 -0.0835 -2.5763, 1.044 -0.1023 -2.5845, 1.0172 -0.1141 -2.5942, 0.9884 -0.1181 -2.6045, 0.9596 -0.1141 -2.6148, 0.9328 -0.1023 -2.6244, 0.9098 -0.0835 -2.6327, 0.8921 -0.0591 -2.639, 0.881 -0.0306 -2.643, 0.8716 -0.0 -2.6321, 0.8751 0.0306 -2.6301, 0.8854 0.0591 -2.6243, 0.9017 0.0835 -2.615, 0.9229 0.1023 -2.6029, 0.9477 0.1141 -2.5888, 0.9743 0.1181 -2.5737, 1.0008 0.1141 -2.5586, 1.0256 0.1023 -2.5445, 1.0469 0.0835 -2.5324, 1.0632 0.0591 -2.5231, 1.0734 0.0306 -2.5173, 1.0769 -0.0 -2.5153, 1.0734 -0.0306 -2.5173, 1.0632 -0.0591 -2.5231, 1.0469 -0.0835 -2.5324, 1.0256 -0.1023 -2.5445, 1.0008 -0.1141 -2.5586, 0.9743 -0.1181 -2.5737, 0.9477 -0.1141 -2.5888, 0.9229 -0.1023 -2.6029, 0.9017 -0.0835 -2.615, 0.8854 -0.0591 -2.6243, 0.8751 -0.0306 -2.6301, 0.8639 -0.0 -2.6209, 0.867 0.0306 -2.6184, 0.8761 0.0591 -2.6109, 0.8906 0.0835 -2.5989, 0.9095 0.1023 -2.5834, 0.9315 0.1141 -2.5652, 0.955 0.1181 -2.5458, 0.9786 0.1141 -2.5263, 1.0006 0.1023 -2.5082, 1.0195 0.0835 -2.4927, 1.034 0.0591 -2.4807, 1.0431 0.0306 -2.4732, 1.0462 -0.0 -2.4707, 1.0431 -0.0306 -2.4732, 1.034 -0.0591 -2.4807, 1.0195 -0.0835 -2.4927, 1.0006 -0.1023 -2.5082, 0.9786 -0.1141 -2.5263, 0.955 -0.1181 -2.5458, 0.9315 -0.1141 -2.5652, 0.9095 -0.1023 -2.5834, 0.8906 -0.0835 -2.5989, 0.8761 -0.0591 -2.6109, 0.867 -0.0306 -2.6184, 0.8544 -0.0 -2.6112, 0.857 0.0306 -2.6082, 0.8647 0.0591 -2.5992, 0.8769 0.0835 -2.585, 0.8929 0.1023 -2.5664, 0.9114 0.1141 -2.5448, 0.9313 0.1181 -2.5216, 0.9512 0.1141 -2.4984, 0.9698 0.1023 -2.4768, 0.9857 0.0835 -2.4582, 0.9979 0.0591 -2.444, 1.0056 0.0306 -2.435, 1.0082 -0.0 -2.4319, 1.0056 -0.0306 -2.435, 0.9979 -0.0591 -2.444, 0.9857 -0.0835 -2.4582, 0.9698 -0.1023 -2.4768, 0.9512 -0.1141 -2.4984, 0.9313 -0.1181 -2.5216, 0.9114 -0.1141 -2.5448, 0.8929 -0.1023 -2.5664, 0.8769 -0.0835 -2.585, 0.8647 -0.0591 -2.5992, 0.857 -0.0306 -2.6082, 0.857 -0.0306 -2.6082
            ]
        }
        coordIndex [
            0,1,2,-1,2,1,3,-1,2,3,4,-1,5,6,2,-1,2,6,7,-1,2,7,0,-1,8,9,2,-1,2,9,10,-1,2,10,5,-1,11,12,2,-1,2,12,13,-1,2,13,8,-1,14,15,2,-1,2,15,16,-1,2,16,11,-1,17,18,2,-1,2,18,19,-1,2,19,14,-1,20,21,2,-1,2,21,22,-1,2,22,17,-1,4,23,2,-1,2,23,24,-1,2,24,20,-1,25,26,27,-1,28,29,30,-1,28,31,29,-1,29,31,32,-1,29,32,33,-1,34,35,30,-1,30,35,36,-1,30,36,37,-1,37,38,30,-1,30,38,39,-1,30,39,28,-1,40,41,34,-1,34,41,42,-1,34,42,35,-1,43,44,45,-1,45,44,46,-1,43,47,44,-1,44,47,48,-1,44,48,34,-1,34,48,49,-1,34,49,40,-1,50,51,46,-1,46,51,52,-1,52,53,46,-1,46,53,54,-1,46,54,45,-1,55,56,50,-1,50,56,57,-1,50,57,51,-1,55,50,58,-1,58,50,59,-1,58,59,60,-1,60,59,61,-1,60,61,62,-1,63,64,61,-1,61,64,65,-1,61,65,62,-1,26,66,27,-1,27,66,67,-1,27,67,63,-1,63,67,68,-1,63,68,64,-1,25,27,69,-1,69,27,70,-1,69,70,71,-1,72,73,74,-1,74,73,75,-1,75,76,74,-1,74,76,77,-1,74,77,70,-1,70,77,78,-1,70,78,71,-1,79,80,81,-1,81,80,82,-1,81,82,74,-1,74,82,83,-1,74,83,72,-1,84,85,86,-1,84,86,81,-1,81,86,87,-1,81,87,79,-1,88,89,84,-1,84,89,90,-1,84,90,85,-1,91,92,88,-1,88,92,93,-1,88,93,89,-1,94,95,96,-1,96,95,97,-1,96,97,91,-1,91,97,98,-1,91,98,92,-1,94,96,99,-1,99,96,100,-1,99,100,101,-1,102,103,104,-1,104,103,105,-1,104,105,100,-1,100,105,106,-1,100,106,101,-1,107,108,109,-1,109,110,107,-1,107,110,111,-1,107,111,104,-1,104,111,112,-1,104,112,102,-1,108,107,113,-1,113,107,114,-1,113,114,115,-1,116,117,118,-1,118,117,119,-1,118,119,114,-1,114,119,120,-1,114,120,115,-1,121,122,123,-1,122,124,123,-1,123,124,125,-1,123,125,118,-1,118,125,126,-1,118,126,116,-1,33,127,29,-1,29,127,128,-1,29,128,129,-1,129,128,130,-1,129,130,131,-1,131,132,129,-1,129,132,133,-1,129,133,123,-1,123,133,134,-1,123,134,121,-1,135,136,137,-1,137,136,138,-1,137,138,139,-1,139,138,140,-1,139,140,141,-1,141,140,142,-1,141,142,143,-1,143,142,144,-1,143,144,145,-1,145,144,146,-1,145,146,147,-1,147,146,148,-1,147,148,149,-1,149,148,150,-1,149,150,151,-1,151,150,152,-1,151,152,153,-1,153,152,154,-1,153,154,155,-1,155,154,156,-1,155,156,157,-1,157,156,158,-1,157,158,159,-1,159,158,160,-1,159,160,161,-1,161,160,162,-1,161,162,163,-1,163,162,164,-1,163,164,165,-1,165,164,166,-1,165,166,167,-1,167,166,168,-1,167,168,169,-1,169,168,170,-1,169,170,171,-1,171,170,172,-1,171,172,173,-1,173,172,174,-1,173,174,175,-1,175,174,176,-1,175,176,177,-1,177,176,178,-1,177,178,179,-1,179,178,180,-1,179,180,181,-1,181,180,182,-1,181,182,135,-1,135,182,136,-1,136,183,138,-1,138,183,184,-1,138,184,140,-1,140,184,185,-1,140,185,142,-1,142,185,186,-1,142,186,144,-1,144,186,187,-1,144,187,146,-1,146,187,188,-1,146,188,148,-1,148,188,189,-1,148,189,150,-1,150,189,190,-1,150,190,152,-1,152,190,191,-1,152,191,154,-1,154,191,192,-1,154,192,156,-1,156,192,193,-1,156,193,158,-1,158,193,194,-1,158,194,160,-1,160,194,195,-1,160,195,162,-1,162,195,196,-1,162,196,164,-1,164,196,197,-1,164,197,166,-1,166,197,198,-1,166,198,168,-1,168,198,199,-1,168,199,170,-1,170,199,200,-1,170,200,172,-1,172,200,201,-1,172,201,174,-1,174,201,202,-1,174,202,176,-1,176,202,203,-1,176,203,178,-1,178,203,204,-1,178,204,180,-1,180,204,205,-1,180,205,182,-1,182,205,206,-1,182,206,136,-1,136,206,183,-1,183,207,184,-1,184,207,208,-1,184,208,185,-1,185,208,209,-1,185,209,186,-1,186,209,210,-1,186,210,187,-1,187,210,211,-1,187,211,188,-1,188,211,212,-1,188,212,189,-1,189,212,213,-1,189,213,190,-1,190,213,214,-1,190,214,191,-1,191,214,215,-1,191,215,192,-1,192,215,216,-1,192,216,193,-1,193,216,217,-1,193,217,194,-1,194,217,218,-1,194,218,195,-1,195,218,219,-1,195,219,196,-1,196,219,220,-1,196,220,197,-1,197,220,221,-1,197,221,198,-1,198,221,222,-1,198,222,199,-1,199,222,223,-1,199,223,200,-1,200,223,224,-1,200,224,201,-1,201,224,225,-1,201,225,202,-1,202,225,226,-1,202,226,203,-1,203,226,227,-1,203,227,204,-1,204,227,228,-1,204,228,205,-1,205,228,229,-1,205,229,206,-1,206,229,230,-1,206,230,183,-1,183,230,207,-1,207,231,208,-1,208,231,232,-1,208,232,209,-1,209,232,233,-1,209,233,210,-1,210,233,234,-1,210,234,211,-1,211,234,235,-1,211,235,212,-1,212,235,236,-1,212,236,213,-1,213,236,237,-1,213,237,214,-1,214,237,238,-1,214,238,215,-1,215,238,239,-1,215,239,216,-1,216,239,240,-1,216,240,217,-1,217,240,241,-1,217,241,218,-1,218,241,242,-1,218,242,219,-1,219,242,243,-1,219,243,220,-1,220,243,244,-1,220,244,221,-1,221,244,245,-1,221,245,222,-1,222,245,246,-1,222,246,223,-1,223,246,247,-1,223,247,224,-1,224,247,248,-1,224,248,225,-1,225,248,249,-1,225,249,226,-1,226,249,250,-1,226,250,227,-1,227,250,251,-1,227,251,228,-1,228,251,252,-1,228,252,229,-1,229,252,253,-1,229,253,230,-1,230,253,254,-1,230,254,207,-1,207,254,231,-1,231,255,232,-1,232,255,256,-1,232,256,233,-1,233,256,257,-1,233,257,234,-1,234,257,258,-1,234,258,235,-1,235,258,259,-1,235,259,236,-1,236,259,260,-1,236,260,237,-1,237,260,261,-1,237,261,238,-1,238,261,262,-1,238,262,239,-1,239,262,263,-1,239,263,240,-1,240,263,264,-1,240,264,241,-1,241,264,265,-1,241,265,242,-1,242,265,266,-1,242,266,243,-1,243,266,267,-1,243,267,244,-1,244,267,268,-1,244,268,245,-1,245,268,269,-1,245,269,246,-1,246,269,270,-1,246,270,247,-1,247,270,271,-1,247,271,248,-1,248,271,272,-1,248,272,249,-1,249,272,273,-1,249,273,250,-1,250,273,274,-1,250,274,251,-1,251,274,275,-1,251,275,252,-1,252,275,276,-1,252,276,253,-1,253,276,277,-1,253,277,254,-1,254,277,278,-1,254,278,231,-1,231,278,255,-1,255,129,256,-1,256,129,123,-1,256,123,257,-1,257,123,118,-1,257,118,258,-1,258,118,114,-1,258,114,259,-1,259,114,107,-1,259,107,260,-1,260,107,104,-1,260,104,261,-1,261,104,100,-1,261,100,262,-1,262,100,96,-1,262,96,263,-1,263,96,91,-1,263,91,264,-1,264,91,88,-1,264,88,265,-1,265,88,84,-1,265,84,266,-1,266,84,81,-1,266,81,267,-1,267,81,74,-1,267,74,268,-1,268,74,70,-1,268,70,269,-1,269,70,27,-1,269,27,270,-1,270,27,63,-1,270,63,271,-1,271,63,61,-1,271,61,272,-1,272,61,59,-1,272,59,273,-1,273,59,50,-1,273,50,274,-1,274,50,46,-1,274,46,275,-1,275,46,44,-1,275,44,276,-1,276,44,34,-1,276,34,277,-1,277,34,30,-1,277,30,278,-1,278,30,29,-1,278,29,255,-1,255,29,129,-1,279,137,280,-1,280,137,139,-1,280,139,281,-1,281,139,141,-1,281,141,282,-1,282,141,143,-1,282,143,283,-1,283,143,145,-1,283,145,284,-1,284,145,147,-1,284,147,285,-1,285,147,149,-1,285,149,286,-1,286,149,151,-1,286,151,287,-1,287,151,153,-1,287,153,288,-1,288,153,155,-1,288,155,289,-1,289,155,157,-1,289,157,290,-1,290,157,159,-1,290,159,291,-1,291,159,161,-1,291,161,292,-1,292,161,163,-1,292,163,293,-1,293,163,165,-1,293,165,294,-1,294,165,167,-1,294,167,295,-1,295,167,169,-1,295,169,296,-1,296,169,171,-1,296,171,297,-1,297,171,173,-1,297,173,298,-1,298,173,175,-1,298,175,299,-1,299,175,177,-1,299,177,300,-1,300,177,179,-1,300,179,301,-1,301,179,181,-1,301,181,302,-1,302,181,135,-1,302,135,279,-1,279,135,137,-1,303,304,305,-1,305,304,306,-1,305,306,307,-1,307,306,308,-1,307,308,309,-1,309,308,310,-1,309,310,311,-1,311,310,312,-1,311,312,313,-1,313,312,314,-1,313,314,315,-1,315,314,316,-1,315,316,317,-1,317,316,318,-1,317,318,319,-1,319,318,320,-1,319,320,321,-1,321,320,322,-1,321,322,323,-1,323,322,324,-1,323,324,325,-1,325,324,326,-1,325,326,327,-1,327,326,328,-1,327,328,329,-1,329,328,330,-1,329,330,331,-1,331,330,332,-1,331,332,333,-1,333,332,334,-1,333,334,335,-1,335,334,336,-1,335,336,337,-1,337,336,338,-1,337,338,339,-1,339,338,340,-1,339,340,341,-1,341,340,342,-1,341,342,343,-1,343,342,344,-1,343,344,345,-1,345,344,346,-1,345,346,347,-1,347,346,348,-1,347,348,349,-1,349,348,350,-1,349,350,303,-1,303,350,304,-1,304,351,306,-1,306,351,352,-1,306,352,308,-1,308,352,353,-1,308,353,310,-1,310,353,354,-1,310,354,312,-1,312,354,355,-1,312,355,314,-1,314,355,356,-1,314,356,316,-1,316,356,357,-1,316,357,318,-1,318,357,358,-1,318,358,320,-1,320,358,359,-1,320,359,322,-1,322,359,360,-1,322,360,324,-1,324,360,361,-1,324,361,326,-1,326,361,362,-1,326,362,328,-1,328,362,363,-1,328,363,330,-1,330,363,364,-1,330,364,332,-1,332,364,365,-1,332,365,334,-1,334,365,366,-1,334,366,336,-1,336,366,367,-1,336,367,338,-1,338,367,368,-1,338,368,340,-1,340,368,369,-1,340,369,342,-1,342,369,370,-1,342,370,344,-1,344,370,371,-1,344,371,346,-1,346,371,372,-1,346,372,348,-1,348,372,373,-1,348,373,350,-1,350,373,374,-1,350,374,304,-1,304,374,351,-1,351,375,352,-1,352,375,376,-1,352,376,353,-1,353,376,377,-1,353,377,354,-1,354,377,378,-1,354,378,355,-1,355,378,379,-1,355,379,356,-1,356,379,380,-1,356,380,357,-1,357,380,381,-1,357,381,358,-1,358,381,382,-1,358,382,359,-1,359,382,383,-1,359,383,360,-1,360,383,384,-1,360,384,361,-1,361,384,385,-1,361,385,362,-1,362,385,386,-1,362,386,363,-1,363,386,387,-1,363,387,364,-1,364,387,388,-1,364,388,365,-1,365,388,389,-1,365,389,366,-1,366,389,390,-1,366,390,367,-1,367,390,391,-1,367,391,368,-1,368,391,392,-1,368,392,369,-1,369,392,393,-1,369,393,370,-1,370,393,394,-1,370,394,371,-1,371,394,395,-1,371,395,372,-1,372,395,396,-1,372,396,373,-1,373,396,397,-1,373,397,374,-1,374,397,398,-1,374,398,351,-1,351,398,375,-1,375,399,376,-1,376,399,400,-1,376,400,377,-1,377,400,401,-1,377,401,378,-1,378,401,402,-1,378,402,379,-1,379,402,403,-1,379,403,380,-1,380,403,404,-1,380,404,381,-1,381,404,405,-1,381,405,382,-1,382,405,406,-1,382,406,383,-1,383,406,407,-1,383,407,384,-1,384,407,408,-1,384,408,385,-1,385,408,409,-1,385,409,386,-1,386,409,410,-1,386,410,387,-1,387,410,411,-1,387,411,388,-1,388,411,412,-1,388,412,389,-1,389,412,413,-1,389,413,390,-1,390,413,414,-1,390,414,391,-1,391,414,415,-1,391,415,392,-1,392,415,416,-1,392,416,393,-1,393,416,417,-1,393,417,394,-1,394,417,418,-1,394,418,395,-1,395,418,419,-1,395,419,396,-1,396,419,420,-1,396,420,397,-1,397,420,421,-1,397,421,398,-1,398,421,422,-1,398,422,375,-1,375,422,399,-1,399,423,400,-1,400,423,424,-1,400,424,401,-1,401,424,425,-1,401,425,402,-1,402,425,426,-1,402,426,403,-1,403,426,427,-1,403,427,404,-1,404,427,428,-1,404,428,405,-1,405,428,429,-1,405,429,406,-1,406,429,430,-1,406,430,407,-1,407,430,431,-1,407,431,408,-1,408,431,432,-1,408,432,409,-1,409,432,433,-1,409,433,410,-1,410,433,434,-1,410,434,411,-1,411,434,435,-1,411,435,412,-1,412,435,436,-1,412,436,413,-1,413,436,437,-1,413,437,414,-1,414,437,438,-1,414,438,415,-1,415,438,439,-1,415,439,416,-1,416,439,440,-1,416,440,417,-1,417,440,441,-1,417,441,418,-1,418,441,442,-1,418,442,419,-1,419,442,443,-1,419,443,420,-1,420,443,444,-1,420,444,421,-1,421,444,445,-1,421,445,422,-1,422,445,446,-1,422,446,399,-1,399,446,423,-1,423,291,424,-1,424,291,292,-1,424,292,425,-1,425,292,293,-1,425,293,426,-1,426,293,294,-1,426,294,427,-1,427,294,295,-1,427,295,428,-1,428,295,296,-1,428,296,429,-1,429,296,297,-1,429,297,430,-1,430,297,298,-1,430,298,431,-1,431,298,299,-1,431,299,432,-1,432,299,300,-1,432,300,433,-1,433,300,301,-1,433,301,434,-1,434,301,302,-1,434,302,435,-1,435,302,279,-1,435,279,436,-1,436,279,280,-1,436,280,437,-1,437,280,281,-1,437,281,438,-1,438,281,282,-1,438,282,439,-1,439,282,283,-1,439,283,440,-1,440,283,284,-1,440,284,441,-1,441,284,285,-1,441,285,442,-1,442,285,286,-1,442,286,443,-1,443,286,287,-1,443,287,444,-1,444,287,288,-1,444,288,445,-1,445,288,289,-1,445,289,446,-1,446,289,290,-1,446,290,423,-1,423,290,291,-1,16,329,11,-1,11,329,331,-1,11,331,12,-1,12,331,333,-1,12,333,13,-1,13,333,335,-1,13,335,8,-1,8,335,337,-1,8,337,9,-1,9,337,339,-1,9,339,10,-1,10,339,341,-1,10,341,5,-1,5,341,343,-1,5,343,6,-1,6,343,345,-1,6,345,7,-1,7,345,347,-1,7,347,0,-1,0,347,349,-1,0,349,1,-1,1,349,303,-1,1,303,3,-1,3,303,305,-1,3,305,4,-1,4,305,307,-1,4,307,23,-1,23,307,309,-1,23,309,24,-1,24,309,311,-1,24,311,20,-1,20,311,313,-1,20,313,21,-1,21,313,315,-1,21,315,22,-1,22,315,317,-1,22,317,17,-1,17,317,319,-1,17,319,18,-1,18,319,321,-1,18,321,19,-1,19,321,323,-1,19,323,14,-1,14,323,325,-1,14,325,15,-1,15,325,327,-1,15,327,16,-1,16,327,329,-1,447,448,449,-1,449,448,450,-1,449,450,451,-1,452,453,449,-1,449,453,454,-1,449,454,447,-1,455,456,449,-1,449,456,457,-1,449,457,452,-1,458,459,449,-1,449,459,460,-1,449,460,455,-1,461,462,449,-1,449,462,463,-1,449,463,458,-1,464,465,449,-1,449,465,466,-1,449,466,461,-1,467,468,449,-1,449,468,469,-1,449,469,464,-1,451,470,449,-1,449,470,471,-1,449,471,467,-1,472,473,474,-1,475,476,477,-1,475,478,476,-1,476,478,479,-1,476,479,480,-1,481,482,477,-1,477,482,483,-1,477,483,484,-1,484,485,477,-1,477,485,486,-1,477,486,475,-1,487,488,481,-1,481,488,489,-1,481,489,482,-1,490,491,492,-1,492,491,493,-1,490,494,491,-1,491,494,495,-1,491,495,481,-1,481,495,496,-1,481,496,487,-1,497,498,493,-1,493,498,499,-1,499,500,493,-1,493,500,501,-1,493,501,492,-1,502,503,497,-1,497,503,504,-1,497,504,498,-1,502,497,505,-1,505,497,506,-1,505,506,507,-1,507,506,508,-1,507,508,509,-1,510,511,508,-1,508,511,512,-1,508,512,509,-1,473,513,474,-1,474,513,514,-1,474,514,510,-1,510,514,515,-1,510,515,511,-1,472,474,516,-1,516,474,517,-1,516,517,518,-1,519,520,521,-1,521,520,522,-1,522,523,521,-1,521,523,524,-1,521,524,517,-1,517,524,525,-1,517,525,518,-1,526,527,528,-1,528,527,529,-1,528,529,521,-1,521,529,530,-1,521,530,519,-1,531,532,533,-1,531,533,528,-1,528,533,534,-1,528,534,526,-1,535,536,531,-1,531,536,537,-1,531,537,532,-1,538,539,535,-1,535,539,540,-1,535,540,536,-1,541,542,543,-1,543,542,544,-1,543,544,538,-1,538,544,545,-1,538,545,539,-1,541,543,546,-1,546,543,547,-1,546,547,548,-1,549,550,551,-1,551,550,552,-1,551,552,547,-1,547,552,553,-1,547,553,548,-1,554,555,556,-1,556,557,554,-1,554,557,558,-1,554,558,551,-1,551,558,559,-1,551,559,549,-1,555,554,560,-1,560,554,561,-1,560,561,562,-1,563,564,565,-1,565,564,566,-1,565,566,561,-1,561,566,567,-1,561,567,562,-1,568,569,570,-1,569,571,570,-1,570,571,572,-1,570,572,565,-1,565,572,573,-1,565,573,563,-1,480,574,476,-1,476,574,575,-1,476,575,576,-1,576,575,577,-1,576,577,578,-1,578,579,576,-1,576,579,580,-1,576,580,570,-1,570,580,581,-1,570,581,568,-1,582,583,584,-1,584,583,585,-1,584,585,586,-1,586,585,587,-1,586,587,588,-1,588,587,589,-1,588,589,590,-1,590,589,591,-1,590,591,592,-1,592,591,593,-1,592,593,594,-1,594,593,595,-1,594,595,596,-1,596,595,597,-1,596,597,598,-1,598,597,599,-1,598,599,600,-1,600,599,601,-1,600,601,602,-1,602,601,603,-1,602,603,604,-1,604,603,605,-1,604,605,606,-1,606,605,607,-1,606,607,608,-1,608,607,609,-1,608,609,610,-1,610,609,611,-1,610,611,612,-1,612,611,613,-1,612,613,614,-1,614,613,615,-1,614,615,616,-1,616,615,617,-1,616,617,618,-1,618,617,619,-1,618,619,620,-1,620,619,621,-1,620,621,622,-1,622,621,623,-1,622,623,624,-1,624,623,625,-1,624,625,626,-1,626,625,627,-1,626,627,628,-1,628,627,629,-1,628,629,582,-1,582,629,583,-1,583,630,585,-1,585,630,631,-1,585,631,587,-1,587,631,632,-1,587,632,589,-1,589,632,633,-1,589,633,591,-1,591,633,634,-1,591,634,593,-1,593,634,635,-1,593,635,595,-1,595,635,636,-1,595,636,597,-1,597,636,637,-1,597,637,599,-1,599,637,638,-1,599,638,601,-1,601,638,639,-1,601,639,603,-1,603,639,640,-1,603,640,605,-1,605,640,641,-1,605,641,607,-1,607,641,642,-1,607,642,609,-1,609,642,643,-1,609,643,611,-1,611,643,644,-1,611,644,613,-1,613,644,645,-1,613,645,615,-1,615,645,646,-1,615,646,617,-1,617,646,647,-1,617,647,619,-1,619,647,648,-1,619,648,621,-1,621,648,649,-1,621,649,623,-1,623,649,650,-1,623,650,625,-1,625,650,651,-1,625,651,627,-1,627,651,652,-1,627,652,629,-1,629,652,653,-1,629,653,583,-1,583,653,630,-1,630,654,631,-1,631,654,655,-1,631,655,632,-1,632,655,656,-1,632,656,633,-1,633,656,657,-1,633,657,634,-1,634,657,658,-1,634,658,635,-1,635,658,659,-1,635,659,636,-1,636,659,660,-1,636,660,637,-1,637,660,661,-1,637,661,638,-1,638,661,662,-1,638,662,639,-1,639,662,663,-1,639,663,640,-1,640,663,664,-1,640,664,641,-1,641,664,665,-1,641,665,642,-1,642,665,666,-1,642,666,643,-1,643,666,667,-1,643,667,644,-1,644,667,668,-1,644,668,645,-1,645,668,669,-1,645,669,646,-1,646,669,670,-1,646,670,647,-1,647,670,671,-1,647,671,648,-1,648,671,672,-1,648,672,649,-1,649,672,673,-1,649,673,650,-1,650,673,674,-1,650,674,651,-1,651,674,675,-1,651,675,652,-1,652,675,676,-1,652,676,653,-1,653,676,677,-1,653,677,630,-1,630,677,654,-1,654,678,655,-1,655,678,679,-1,655,679,656,-1,656,679,680,-1,656,680,657,-1,657,680,681,-1,657,681,658,-1,658,681,682,-1,658,682,659,-1,659,682,683,-1,659,683,660,-1,660,683,684,-1,660,684,661,-1,661,684,685,-1,661,685,662,-1,662,685,686,-1,662,686,663,-1,663,686,687,-1,663,687,664,-1,664,687,688,-1,664,688,665,-1,665,688,689,-1,665,689,666,-1,666,689,690,-1,666,690,667,-1,667,690,691,-1,667,691,668,-1,668,691,692,-1,668,692,669,-1,669,692,693,-1,669,693,670,-1,670,693,694,-1,670,694,671,-1,671,694,695,-1,671,695,672,-1,672,695,696,-1,672,696,673,-1,673,696,697,-1,673,697,674,-1,674,697,698,-1,674,698,675,-1,675,698,699,-1,675,699,676,-1,676,699,700,-1,676,700,677,-1,677,700,701,-1,677,701,654,-1,654,701,678,-1,678,702,679,-1,679,702,703,-1,679,703,680,-1,680,703,704,-1,680,704,681,-1,681,704,705,-1,681,705,682,-1,682,705,706,-1,682,706,683,-1,683,706,707,-1,683,707,684,-1,684,707,708,-1,684,708,685,-1,685,708,709,-1,685,709,686,-1,686,709,710,-1,686,710,687,-1,687,710,711,-1,687,711,688,-1,688,711,712,-1,688,712,689,-1,689,712,713,-1,689,713,690,-1,690,713,714,-1,690,714,691,-1,691,714,715,-1,691,715,692,-1,692,715,716,-1,692,716,693,-1,693,716,717,-1,693,717,694,-1,694,717,718,-1,694,718,695,-1,695,718,719,-1,695,719,696,-1,696,719,720,-1,696,720,697,-1,697,720,721,-1,697,721,698,-1,698,721,722,-1,698,722,699,-1,699,722,723,-1,699,723,700,-1,700,723,724,-1,700,724,701,-1,701,724,725,-1,701,725,678,-1,678,725,702,-1,702,576,703,-1,703,576,570,-1,703,570,704,-1,704,570,565,-1,704,565,705,-1,705,565,561,-1,705,561,706,-1,706,561,554,-1,706,554,707,-1,707,554,551,-1,707,551,708,-1,708,551,547,-1,708,547,709,-1,709,547,543,-1,709,543,710,-1,710,543,538,-1,710,538,711,-1,711,538,535,-1,711,535,712,-1,712,535,531,-1,712,531,713,-1,713,531,528,-1,713,528,714,-1,714,528,521,-1,714,521,715,-1,715,521,517,-1,715,517,716,-1,716,517,474,-1,716,474,717,-1,717,474,510,-1,717,510,718,-1,718,510,508,-1,718,508,719,-1,719,508,506,-1,719,506,720,-1,720,506,497,-1,720,497,721,-1,721,497,493,-1,721,493,722,-1,722,493,491,-1,722,491,723,-1,723,491,481,-1,723,481,724,-1,724,481,477,-1,724,477,725,-1,725,477,476,-1,725,476,702,-1,702,476,576,-1,726,608,727,-1,727,608,610,-1,727,610,728,-1,728,610,612,-1,728,612,729,-1,729,612,614,-1,729,614,730,-1,730,614,616,-1,730,616,731,-1,731,616,618,-1,731,618,732,-1,732,618,620,-1,732,620,733,-1,733,620,622,-1,733,622,734,-1,734,622,624,-1,734,624,735,-1,735,624,626,-1,735,626,736,-1,736,626,628,-1,736,628,737,-1,737,628,582,-1,737,582,738,-1,738,582,584,-1,738,584,739,-1,739,584,586,-1,739,586,740,-1,740,586,588,-1,740,588,741,-1,741,588,590,-1,741,590,742,-1,742,590,592,-1,742,592,743,-1,743,592,594,-1,743,594,744,-1,744,594,596,-1,744,596,745,-1,745,596,598,-1,745,598,746,-1,746,598,600,-1,746,600,747,-1,747,600,602,-1,747,602,748,-1,748,602,604,-1,748,604,749,-1,749,604,606,-1,749,606,726,-1,726,606,608,-1,750,751,752,-1,752,751,753,-1,752,753,754,-1,754,753,755,-1,754,755,756,-1,756,755,757,-1,756,757,758,-1,758,757,759,-1,758,759,760,-1,760,759,761,-1,760,761,762,-1,762,761,763,-1,762,763,764,-1,764,763,765,-1,764,765,766,-1,766,765,767,-1,766,767,768,-1,768,767,769,-1,768,769,770,-1,770,769,771,-1,770,771,772,-1,772,771,773,-1,772,773,774,-1,774,773,775,-1,774,775,776,-1,776,775,777,-1,776,777,778,-1,778,777,779,-1,778,779,780,-1,780,779,781,-1,780,781,782,-1,782,781,783,-1,782,783,784,-1,784,783,785,-1,784,785,786,-1,786,785,787,-1,786,787,788,-1,788,787,789,-1,788,789,790,-1,790,789,791,-1,790,791,792,-1,792,791,793,-1,792,793,794,-1,794,793,795,-1,794,795,796,-1,796,795,797,-1,796,797,750,-1,750,797,751,-1,751,798,753,-1,753,798,799,-1,753,799,755,-1,755,799,800,-1,755,800,757,-1,757,800,801,-1,757,801,759,-1,759,801,802,-1,759,802,761,-1,761,802,803,-1,761,803,763,-1,763,803,804,-1,763,804,765,-1,765,804,805,-1,765,805,767,-1,767,805,806,-1,767,806,769,-1,769,806,807,-1,769,807,771,-1,771,807,808,-1,771,808,773,-1,773,808,809,-1,773,809,775,-1,775,809,810,-1,775,810,777,-1,777,810,811,-1,777,811,779,-1,779,811,812,-1,779,812,781,-1,781,812,813,-1,781,813,783,-1,783,813,814,-1,783,814,785,-1,785,814,815,-1,785,815,787,-1,787,815,816,-1,787,816,789,-1,789,816,817,-1,789,817,791,-1,791,817,818,-1,791,818,793,-1,793,818,819,-1,793,819,795,-1,795,819,820,-1,795,820,797,-1,797,820,821,-1,797,821,751,-1,751,821,798,-1,798,822,799,-1,799,822,823,-1,799,823,800,-1,800,823,824,-1,800,824,801,-1,801,824,825,-1,801,825,802,-1,802,825,826,-1,802,826,803,-1,803,826,827,-1,803,827,804,-1,804,827,828,-1,804,828,805,-1,805,828,829,-1,805,829,806,-1,806,829,830,-1,806,830,807,-1,807,830,831,-1,807,831,808,-1,808,831,832,-1,808,832,809,-1,809,832,833,-1,809,833,810,-1,810,833,834,-1,810,834,811,-1,811,834,835,-1,811,835,812,-1,812,835,836,-1,812,836,813,-1,813,836,837,-1,813,837,814,-1,814,837,838,-1,814,838,815,-1,815,838,839,-1,815,839,816,-1,816,839,840,-1,816,840,817,-1,817,840,841,-1,817,841,818,-1,818,841,842,-1,818,842,819,-1,819,842,843,-1,819,843,820,-1,820,843,844,-1,820,844,821,-1,821,844,845,-1,821,845,798,-1,798,845,822,-1,822,846,823,-1,823,846,847,-1,823,847,824,-1,824,847,848,-1,824,848,825,-1,825,848,849,-1,825,849,826,-1,826,849,850,-1,826,850,827,-1,827,850,851,-1,827,851,828,-1,828,851,852,-1,828,852,829,-1,829,852,853,-1,829,853,830,-1,830,853,854,-1,830,854,831,-1,831,854,855,-1,831,855,832,-1,832,855,856,-1,832,856,833,-1,833,856,857,-1,833,857,834,-1,834,857,858,-1,834,858,835,-1,835,858,859,-1,835,859,836,-1,836,859,860,-1,836,860,837,-1,837,860,861,-1,837,861,838,-1,838,861,862,-1,838,862,839,-1,839,862,863,-1,839,863,840,-1,840,863,864,-1,840,864,841,-1,841,864,865,-1,841,865,842,-1,842,865,866,-1,842,866,843,-1,843,866,867,-1,843,867,844,-1,844,867,868,-1,844,868,845,-1,845,868,869,-1,845,869,822,-1,822,869,846,-1,846,870,847,-1,847,870,871,-1,847,871,848,-1,848,871,872,-1,848,872,849,-1,849,872,873,-1,849,873,850,-1,850,873,874,-1,850,874,851,-1,851,874,875,-1,851,875,852,-1,852,875,876,-1,852,876,853,-1,853,876,877,-1,853,877,854,-1,854,877,878,-1,854,878,855,-1,855,878,879,-1,855,879,856,-1,856,879,880,-1,856,880,857,-1,857,880,881,-1,857,881,858,-1,858,881,882,-1,858,882,859,-1,859,882,883,-1,859,883,860,-1,860,883,884,-1,860,884,861,-1,861,884,885,-1,861,885,862,-1,862,885,886,-1,862,886,863,-1,863,886,887,-1,863,887,864,-1,864,887,888,-1,864,888,865,-1,865,888,889,-1,865,889,866,-1,866,889,890,-1,866,890,867,-1,867,890,891,-1,867,891,868,-1,868,891,892,-1,868,892,869,-1,869,892,893,-1,869,893,846,-1,846,893,870,-1,870,726,871,-1,871,726,727,-1,871,727,872,-1,872,727,728,-1,872,728,873,-1,873,728,729,-1,873,729,874,-1,874,729,730,-1,874,730,875,-1,875,730,731,-1,875,731,876,-1,876,731,732,-1,876,732,877,-1,877,732,733,-1,877,733,878,-1,878,733,734,-1,878,734,879,-1,879,734,735,-1,879,735,880,-1,880,735,736,-1,880,736,881,-1,881,736,737,-1,881,737,882,-1,882,737,738,-1,882,738,883,-1,883,738,739,-1,883,739,884,-1,884,739,740,-1,884,740,885,-1,885,740,741,-1,885,741,886,-1,886,741,742,-1,886,742,887,-1,887,742,743,-1,887,743,888,-1,888,743,744,-1,888,744,889,-1,889,744,745,-1,889,745,890,-1,890,745,746,-1,890,746,891,-1,891,746,747,-1,891,747,892,-1,892,747,748,-1,892,748,893,-1,893,748,749,-1,893,749,870,-1,870,749,726,-1,450,752,451,-1,451,752,754,-1,451,754,470,-1,470,754,756,-1,470,756,471,-1,471,756,758,-1,471,758,467,-1,467,758,760,-1,467,760,468,-1,468,760,762,-1,468,762,469,-1,469,762,764,-1,469,764,464,-1,464,764,766,-1,464,766,465,-1,465,766,768,-1,465,768,466,-1,466,768,770,-1,466,770,461,-1,461,770,772,-1,461,772,462,-1,462,772,774,-1,462,774,463,-1,463,774,776,-1,463,776,458,-1,458,776,778,-1,458,778,459,-1,459,778,780,-1,459,780,460,-1,460,780,782,-1,460,782,455,-1,455,782,784,-1,455,784,456,-1,456,784,786,-1,456,786,457,-1,457,786,788,-1,457,788,452,-1,452,788,790,-1,452,790,453,-1,453,790,792,-1,453,792,454,-1,454,792,794,-1,454,794,447,-1,447,794,796,-1,447,796,448,-1,448,796,750,-1,448,750,450,-1,450,750,752,-1,
        ]
    }
}
Shape{
    appearance Appearance {
        material  Material 	{
            diffuseColor 0.10588235294117647 0.4823529411764706 0.8117647058823529
            specularColor 0.050980392156862744 0.23921568627450981 0.403921568627451
            ambientIntensity 0.2
            transparency 0
            shininess 0.5
        }
    }
    geometry IndexedFaceSet {
        ccw TRUE
        solid FALSE
        coord DEF co Coordinate {
            point [
                -0.2852 0.6329 -1.853, -0.2529 0.6597 -1.823, -0.3107 -0.5998 -1.8826, -0.1044 0.709 -1.7456, -0.0908 0.7111 -1.7413, -0.0906 -0.7106 -1.7423, 0.2155 -0.6807 -1.795, 0.1767 -0.6947 -1.7726, 0.2495 0.662 -1.8202, 0.3571 0.4419 -1.9586, 0.3604 0.3985 -1.966, 0.341 0.4727 -1.9276, 0.3158 0.5911 -1.8893, 0.3306 0.5598 -1.9107, 0.3421 0.5252 -1.9295, 0.3511 0.4847 -1.9463, 0.3615 0.3543 -1.9685, 0.3615 0.1648 -1.9685, 0.3615 0.139 -1.9685, 0.3615 0.1189 -1.9685, 0.3615 0.09 -1.9685, 0.3615 0.0604 -1.9685, 0.3615 0.0303 -1.9685, 0.3615 0.0248 -1.9685, 0.3615 -0.0057 -1.9685, 0.3156 -0.59 -1.8895, 0.3615 -0.0359 -1.9685, 0.3615 -0.0658 -1.9685, 0.3615 -0.0802 -1.9685, 0.3615 -0.1093 -1.9685, 0.341 -0.4721 -1.9276, 0.3307 -0.5595 -1.9108, 0.3421 -0.5252 -1.9295, 0.3615 -0.137 -1.9685, 0.3615 -0.1648 -1.9685, 0.3615 -0.3543 -1.9685, 0.3604 -0.3986 -1.966, 0.3571 -0.4419 -1.9586, 0.3511 -0.4848 -1.9463, 0.2531 0.6601 -1.8228, 0.2849 0.6332 -1.8527, 0.2529 -0.6597 -1.823, 0.3107 0.5998 -1.8826, 0.2852 -0.6329 -1.853, 0.3107 -0.5998 -1.8826, 0.25 -0.6621 -1.8203, 0.1044 -0.709 -1.7456, 0.143 0.703 -1.7576, 0.1429 -0.703 -1.7576, 0.1767 0.6947 -1.7726, 0.2152 0.6808 -1.7948, -0.0459 -0.7147 -1.7334, -0.0458 0.7147 -1.7334, 0.0 -0.7158 -1.7307, -0.0 0.7158 -1.7307, 0.0458 -0.7147 -1.7334, 0.0459 0.7147 -1.7334, 0.0908 -0.7111 -1.7413, 0.0906 0.7106 -1.7423, 0.1073 0.709 -1.7456, -0.1073 -0.709 -1.7456, -0.143 -0.703 -1.7576, -0.1429 0.703 -1.7576, -0.1767 -0.6947 -1.7726, -0.1767 0.6947 -1.7726, -0.2152 -0.6808 -1.7948, -0.2495 -0.662 -1.8202, -0.2155 0.6807 -1.795, -0.25 0.6621 -1.8203, -0.2849 -0.6332 -1.8527, -0.2531 -0.6601 -1.8228, -0.3158 -0.5911 -1.8893, -0.3156 0.59 -1.8895, -0.3107 0.5998 -1.8826, -0.3571 -0.4419 -1.9586, -0.3604 -0.3985 -1.966, -0.341 -0.4727 -1.9276, -0.3306 -0.5598 -1.9107, -0.3421 -0.5252 -1.9295, -0.3511 -0.4847 -1.9463, -0.3615 -0.139 -1.9685, -0.3615 -0.1648 -1.9685, -0.3615 -0.3543 -1.9685, -0.3615 -0.1189 -1.9685, -0.3615 -0.09 -1.9685, -0.3615 -0.0604 -1.9685, -0.3615 -0.0303 -1.9685, -0.3615 -0.0248 -1.9685, -0.3615 0.0057 -1.9685, -0.3615 0.0359 -1.9685, -0.3615 0.0658 -1.9685, -0.3615 0.0802 -1.9685, -0.3615 0.1093 -1.9685, -0.341 0.4721 -1.9276, -0.3307 0.5595 -1.9108, -0.3421 0.5252 -1.9295, -0.3615 0.137 -1.9685, -0.3615 0.1648 -1.9685, -0.3615 0.3543 -1.9685, -0.3604 0.3986 -1.966, -0.3571 0.4419 -1.9586, -0.3511 0.4848 -1.9463, -0.4331 0.3543 -1.9685, -0.4331 0.4227 -1.9625, -0.4331 0.4416 -1.9575, -0.4331 0.489 -1.9448, -0.4331 0.5994 -1.882, -0.4331 0.5512 -1.9158, -0.4331 0.5245 -1.9282, -0.4331 0.6615 -1.8199, -0.4331 0.6559 -1.8279, -0.4331 0.6074 -1.8764, -0.4331 0.7077 -1.745, -0.4331 0.6953 -1.7717, 0.4331 0.737 -1.6621, 0.4331 0.7243 -1.7095, 0.4331 0.7077 -1.745, -0.4331 0.737 -1.6621, -0.4331 0.7243 -1.7095, 0.4331 0.6615 -1.8199, 0.4331 0.6953 -1.7717, 0.4331 0.5994 -1.882, 0.4331 0.6074 -1.8764, 0.4331 0.6559 -1.8279, 0.4331 0.3543 -1.9685, 0.4331 0.4227 -1.9625, 0.4331 0.4416 -1.9575, 0.4331 0.489 -1.9448, 0.4331 0.5245 -1.9282, 0.4331 0.5512 -1.9158, 0.4331 0.7421 -1.6432, -0.4331 0.7421 -1.6432, 0.4331 0.748 -1.5748, -0.4331 0.748 -1.5748, -1.1684 0.1297 -1.5748, -1.1594 0.179 -1.5748, -1.1536 0.1776 -1.6432, -1.1355 0.2557 -1.5748, -1.1325 0.2653 -1.5748, -1.1269 0.2631 -1.6432, -1.0798 0.3734 -1.5748, -1.0487 0.4249 -1.5748, -1.0438 0.4215 -1.6432, -1.0054 0.4802 -1.5748, -0.993 0.496 -1.5748, -0.9885 0.4921 -1.6432, -0.9133 0.5723 -1.5748, -0.858 0.6156 -1.5748, -0.8546 0.6107 -1.6432, -0.8065 0.6468 -1.5748, -0.7807 0.6623 -1.5748, -0.7779 0.6571 -1.6432, -0.6888 0.7024 -1.5748, -0.6121 0.7263 -1.5748, -0.6107 0.7205 -1.6432, -0.678 0.2976 -1.9673, -0.692 0.2922 -1.9668, -0.7134 0.3164 -1.9625, -0.8452 0.1654 -1.9581, -0.8495 0.1579 -1.9578, -0.8903 0.1734 -1.9448, -0.8825 0.078 -1.9551, -0.8873 0.0551 -1.9547, -0.9185 0.0589 -1.9448, -0.8882 0.051 -1.9546, -0.8915 0.0238 -1.9543, -0.9221 0.0 -1.9448, -0.8922 0.0111 -1.9543, -0.8924 0.0 -1.9542, -0.8587 0.1414 -1.9571, -0.87 0.1164 -1.9562, -0.9078 0.117 -1.9448, -0.873 0.1084 -1.9559, -0.8745 0.1045 -1.9558, -0.8295 0.1884 -1.9593, -0.8037 0.2185 -1.9611, -0.8183 0.2021 -1.9601, -0.866 0.2272 -1.9448, -0.8221 0.1979 -1.9598, -0.7618 0.2547 -1.9637, -0.7806 0.2398 -1.9626, -0.7809 0.2401 -1.9625, -0.7815 0.2391 -1.9625, -0.8355 0.2778 -1.9448, -0.7837 0.2374 -1.9624, -0.704 0.2876 -1.9664, -0.7287 0.2754 -1.9653, -0.7495 0.2803 -1.9625, -0.7379 0.2699 -1.9649, -0.7524 0.2612 -1.9642, -0.6261 0.3103 -1.9683, -0.6447 0.3065 -1.968, -0.6732 0.3479 -1.9625, -0.6533 0.3048 -1.9679, -0.6295 0.3743 -1.9625, -0.5977 0.3137 -1.9685, -0.5984 0.3134 -1.9685, -0.4758 0.3517 -1.9685, -0.484 0.4196 -1.9625, -0.492 0.4854 -1.9448, -0.4995 0.5472 -1.9158, -0.5063 0.603 -1.8764, -0.5169 0.6902 -1.7717, -0.5121 0.6511 -1.8279, -0.5204 0.719 -1.7095, -0.5225 0.7366 -1.6432, -0.5179 0.344 -1.9685, -0.5342 0.4104 -1.9625, -0.5501 0.4748 -1.9448, -0.565 0.5352 -1.9158, -0.5784 0.5897 -1.8764, -0.59 0.6369 -1.8279, -0.5995 0.6751 -1.7717, -0.6064 0.7032 -1.7095, -0.5232 0.7426 -1.5748, -0.5627 0.7353 -1.5748, -0.6983 0.6994 -1.5748, -0.6962 0.6938 -1.6432, -0.6899 0.6772 -1.7095, -0.6796 0.6501 -1.7717, -0.6657 0.6133 -1.8279, -0.6485 0.5679 -1.8764, -0.6285 0.5154 -1.9158, -0.6065 0.4572 -1.9448, -0.583 0.3952 -1.9625, -0.5587 0.3313 -1.9685, -0.6603 0.433 -1.9448, -0.6892 0.488 -1.9158, -0.7153 0.5378 -1.8764, -0.7379 0.5808 -1.8279, -0.7562 0.6156 -1.7717, -0.7697 0.6413 -1.7095, -0.8445 0.5961 -1.7095, -0.828 0.5722 -1.7717, -0.8057 0.5398 -1.8279, -0.7781 0.4999 -1.8764, -0.7462 0.4536 -1.9158, -0.7108 0.4024 -1.9448, -0.9291 0.5599 -1.5748, -0.9251 0.5554 -1.6432, -0.9134 0.5421 -1.7095, -0.8941 0.5204 -1.7717, -0.868 0.491 -1.8279, -0.8358 0.4546 -1.8764, -0.7986 0.4126 -1.9158, -0.7573 0.366 -1.9448, -0.7991 0.3243 -1.9448, -0.8456 0.3655 -1.9158, -0.8877 0.4028 -1.8764, -0.924 0.435 -1.8279, -0.9535 0.4611 -1.7717, -0.9752 0.4803 -1.7095, -1.0291 0.4114 -1.7095, -1.0053 0.395 -1.7717, -0.9729 0.3726 -1.8279, -0.9329 0.345 -1.8764, -0.8867 0.3131 -1.9158, -1.0954 0.3476 -1.5748, -1.0901 0.3448 -1.6432, -1.0744 0.3366 -1.7095, -1.0487 0.3231 -1.7717, -1.0139 0.3048 -1.8279, -0.9709 0.2823 -1.8764, -0.9211 0.2561 -1.9158, -0.9484 0.1955 -1.9158, -1.001 0.2154 -1.8764, -1.0464 0.2326 -1.8279, -1.0832 0.2466 -1.7717, -1.1103 0.2568 -1.7095, -1.1363 0.1733 -1.7095, -1.1082 0.1664 -1.7717, -1.0699 0.157 -1.8279, -1.0228 0.1454 -1.8764, -0.9682 0.1319 -1.9158, -1.1756 0.0902 -1.5748, -1.1697 0.0894 -1.6432, -1.1521 0.0873 -1.7095, -1.1233 0.0838 -1.7717, -1.0842 0.0791 -1.8279, -1.036 0.0732 -1.8764, -0.9802 0.0664 -1.9158, -0.9843 0.0 -1.9158, -1.0405 0.0 -1.8764, -1.089 0.0 -1.8279, -1.1284 0.0 -1.7717, -1.1574 0.0 -1.7095, -1.1751 0.0 -1.6432, -1.1811 0.0 -1.5748, -0.5627 -0.7353 -1.5748, -0.6121 -0.7263 -1.5748, -0.6107 -0.7205 -1.6432, -0.6888 -0.7024 -1.5748, -0.6983 -0.6994 -1.5748, -0.6962 -0.6938 -1.6432, -0.8065 -0.6468 -1.5748, -0.858 -0.6156 -1.5748, -0.8546 -0.6107 -1.6432, -0.9133 -0.5723 -1.5748, -0.9291 -0.5599 -1.5748, -0.9251 -0.5554 -1.6432, -1.0054 -0.4802 -1.5748, -1.0487 -0.4249 -1.5748, -1.0438 -0.4215 -1.6432, -1.0798 -0.3734 -1.5748, -1.0954 -0.3476 -1.5748, -1.0901 -0.3448 -1.6432, -1.1355 -0.2557 -1.5748, -1.1594 -0.179 -1.5748, -1.1536 -0.1776 -1.6432, -0.484 -0.4196 -1.9625, -0.4758 -0.3517 -1.9685, -0.4331 -0.3543 -1.9685, -0.8571 -0.1446 -1.9572, -0.8494 -0.1579 -1.9578, -0.8903 -0.1734 -1.9448, -0.5984 -0.3134 -1.9685, -0.5977 -0.3137 -1.9685, -0.6079 -0.3126 -1.9685, -0.6295 -0.3743 -1.9625, -0.6353 -0.3087 -1.9682, -0.6447 -0.3065 -1.968, -0.6886 -0.2938 -1.9669, -0.6622 -0.3024 -1.9677, -0.6732 -0.3479 -1.9625, -0.7379 -0.2699 -1.9649, -0.7253 -0.2773 -1.9655, -0.7134 -0.3164 -1.9625, -0.7004 -0.2891 -1.9665, -0.6921 -0.2924 -1.9668, -0.7717 -0.2472 -1.9631, -0.7491 -0.2634 -1.9644, -0.7495 -0.2803 -1.9625, -0.8184 -0.2022 -1.9601, -0.8014 -0.2209 -1.9613, -0.8355 -0.2778 -1.9448, -0.7815 -0.2392 -1.9625, -0.7809 -0.2401 -1.9625, -0.7811 -0.2396 -1.9626, -0.7807 -0.2399 -1.9626, -0.8367 -0.1784 -1.9588, -0.8199 -0.2005 -1.96, -0.866 -0.2272 -1.9448, -0.8433 -0.1684 -1.9583, -0.8687 -0.1196 -1.9563, -0.8875 -0.0552 -1.9547, -0.8815 -0.0818 -1.9552, -0.9078 -0.117 -1.9448, -0.8781 -0.0935 -1.9555, -0.8728 -0.1084 -1.9559, -0.8912 -0.0277 -1.9544, -0.9185 -0.0589 -1.9448, -0.8875 -0.055 -1.9547, -0.4331 -0.4227 -1.9625, -0.4331 -0.4416 -1.9575, -0.492 -0.4854 -1.9448, -0.4331 -0.489 -1.9448, -0.4331 -0.5245 -1.9282, -0.4995 -0.5472 -1.9158, -0.4331 -0.5512 -1.9158, -0.4331 -0.5994 -1.882, -0.5063 -0.603 -1.8764, -0.4331 -0.6074 -1.8764, -0.5121 -0.6511 -1.8279, -0.4331 -0.6559 -1.8279, -0.4331 -0.6615 -1.8199, -0.5169 -0.6902 -1.7717, -0.4331 -0.6953 -1.7717, -0.4331 -0.7077 -1.745, -0.5204 -0.719 -1.7095, -0.9802 -0.0664 -1.9158, -0.9682 -0.1319 -1.9158, -1.036 -0.0732 -1.8764, -1.0228 -0.1454 -1.8764, -1.0842 -0.0791 -1.8279, -1.0699 -0.157 -1.8279, -1.1233 -0.0838 -1.7717, -1.1082 -0.1664 -1.7717, -1.1521 -0.0873 -1.7095, -1.1363 -0.1733 -1.7095, -1.1697 -0.0894 -1.6432, -1.1756 -0.0902 -1.5748, -1.1684 -0.1297 -1.5748, -1.1325 -0.2653 -1.5748, -1.1269 -0.2631 -1.6432, -1.1103 -0.2568 -1.7095, -1.0832 -0.2466 -1.7717, -1.0464 -0.2326 -1.8279, -1.001 -0.2154 -1.8764, -0.9484 -0.1955 -1.9158, -0.9211 -0.2561 -1.9158, -0.9709 -0.2823 -1.8764, -1.0139 -0.3048 -1.8279, -1.0487 -0.3231 -1.7717, -1.0744 -0.3366 -1.7095, -1.0291 -0.4114 -1.7095, -1.0053 -0.395 -1.7717, -0.9729 -0.3726 -1.8279, -0.9329 -0.345 -1.8764, -0.8867 -0.3131 -1.9158, -0.993 -0.496 -1.5748, -0.9885 -0.4921 -1.6432, -0.9752 -0.4803 -1.7095, -0.9535 -0.4611 -1.7717, -0.924 -0.435 -1.8279, -0.8877 -0.4028 -1.8764, -0.8456 -0.3655 -1.9158, -0.7991 -0.3243 -1.9448, -0.7573 -0.366 -1.9448, -0.7986 -0.4126 -1.9158, -0.8358 -0.4546 -1.8764, -0.868 -0.491 -1.8279, -0.8941 -0.5204 -1.7717, -0.9134 -0.5421 -1.7095, -0.8445 -0.5961 -1.7095, -0.828 -0.5722 -1.7717, -0.8057 -0.5398 -1.8279, -0.7781 -0.4999 -1.8764, -0.7462 -0.4536 -1.9158, -0.7108 -0.4024 -1.9448, -0.7807 -0.6623 -1.5748, -0.7779 -0.6571 -1.6432, -0.7697 -0.6413 -1.7095, -0.7562 -0.6156 -1.7717, -0.7379 -0.5808 -1.8279, -0.7153 -0.5378 -1.8764, -0.6892 -0.488 -1.9158, -0.6603 -0.433 -1.9448, -0.5587 -0.3313 -1.9685, -0.583 -0.3952 -1.9625, -0.6065 -0.4572 -1.9448, -0.6285 -0.5154 -1.9158, -0.6485 -0.5679 -1.8764, -0.6657 -0.6133 -1.8279, -0.6796 -0.6501 -1.7717, -0.6899 -0.6772 -1.7095, -0.6064 -0.7032 -1.7095, -0.5995 -0.6751 -1.7717, -0.59 -0.6369 -1.8279, -0.5784 -0.5897 -1.8764, -0.565 -0.5352 -1.9158, -0.5501 -0.4748 -1.9448, -0.5342 -0.4104 -1.9625, -0.5179 -0.344 -1.9685, -0.5232 -0.7426 -1.5748, -0.5225 -0.7366 -1.6432, -0.4331 -0.7243 -1.7095, -0.4331 -0.737 -1.6621, -0.4331 -0.7421 -1.6432, -0.4331 -0.748 -1.5748, 0.4331 -0.3543 -1.9685, 0.4331 -0.4227 -1.9625, 0.4331 -0.4416 -1.9575, 0.4331 -0.489 -1.9448, 0.4331 -0.5994 -1.882, 0.4331 -0.5512 -1.9158, 0.4331 -0.5245 -1.9282, 0.4331 -0.6615 -1.8199, 0.4331 -0.6559 -1.8279, 0.4331 -0.6074 -1.8764, 0.4331 -0.7077 -1.745, 0.4331 -0.6953 -1.7717, 0.4331 -0.737 -1.6621, 0.4331 -0.7243 -1.7095, 0.4331 -0.7421 -1.6432, 0.4331 -0.748 -1.5748, 0.9582 -0.0 -0.039, 0.875 -0.0 -0.0099, 0.8723 -0.0815 -0.0142, 1.1421 -0.0 -0.2229, 1.0952 -0.0 -0.1482, 1.0906 -0.0894 -0.1524, 1.1712 -0.0 -0.3061, 1.1375 -0.0867 -0.2264, 1.1774 -0.0739 -0.3954, 1.1811 0.0 -0.3937, 1.1669 -0.0815 -0.3088, 0.7653 -0.2553 -0.0467, 0.8352 -0.3075 -0.0745, 0.7771 -0.1791 -0.0217, 0.8592 -0.196 -0.0354, 0.7811 -0.1296 -0.0132, 0.7857 -0.0739 -0.0037, 0.7874 0.0 0.0, 1.1066 -0.3075 -0.3459, 1.1344 -0.2553 -0.4158, 1.1457 -0.196 -0.3219, 1.1594 -0.1791 -0.404, 1.1679 -0.1296 -0.4, 0.7608 -0.2844 -0.0562, 0.7395 -0.3735 -0.1012, 0.8006 -0.4128 -0.1314, 1.0497 -0.4128 -0.3805, 1.0799 -0.3735 -0.4416, 1.1249 -0.2844 -0.4203, 0.7361 -0.3877 -0.1083, 0.7043 -0.4806 -0.1754, 0.756 -0.5084 -0.2053, 0.9758 -0.5084 -0.4251, 1.0057 -0.4806 -0.4768, 1.0728 -0.3877 -0.445, 0.7026 -0.4855 -0.1789, 0.6608 -0.573 -0.2672, 0.7026 -0.5912 -0.2945, 0.7847 -0.6584 -0.5392, 0.9136 -0.5733 -0.5204, 0.8866 -0.5912 -0.4785, 0.9139 -0.573 -0.5203, 1.0022 -0.4855 -0.4785, 0.6607 -0.5733 -0.2675, 0.611 -0.6468 -0.3723, 0.6419 -0.6584 -0.3965, 0.6102 -0.6477 -0.3741, 0.5754 -0.7078 -0.5083, 0.6728 -0.7078 -0.6057, 0.807 -0.6477 -0.5709, 0.8088 -0.6468 -0.5701, 0.4951 -0.7365 -0.617, 0.5051 -0.7379 -0.6267, 0.5542 -0.7027 -0.4922, 0.5552 -0.7022 -0.4902, 0.4331 -0.748 -0.748, 0.5249 -0.7394 -0.6463, 0.515 -0.7389 -0.6365, 0.6153 -0.7135 -0.5462, 0.5954 -0.7116 -0.527, 0.7022 -0.6701 -0.45, 0.6724 -0.6662 -0.4224, 0.7836 -0.6095 -0.3601, 0.7439 -0.6034 -0.3255, 0.8572 -0.5321 -0.2788, 0.808 -0.5241 -0.2389, 0.9207 -0.4388 -0.2088, 0.8628 -0.43 -0.1653, 0.9719 -0.3316 -0.1526, 0.9066 -0.3235 -0.1071, 1.0084 -0.2137 -0.1126, 0.9376 -0.2077 -0.0661, 1.0287 -0.0894 -0.0905, 0.9547 -0.0867 -0.0436, 1.0329 -0.0 -0.0859, 0.5348 -0.7394 -0.6562, 0.6349 -0.7135 -0.5658, 0.7311 -0.6701 -0.4789, 0.821 -0.6095 -0.3975, 0.9023 -0.5321 -0.3239, 0.9723 -0.4388 -0.2604, 1.0285 -0.3316 -0.2092, 1.0685 -0.2137 -0.1727, 0.5544 -0.7379 -0.676, 0.6889 -0.7027 -0.6269, 0.6909 -0.7022 -0.6259, 0.4946 -0.7366 -0.6181, 0.563 -0.7366 -0.6865, 0.5641 -0.7365 -0.686, 1.115 -0.2077 -0.2435, 1.074 -0.3235 -0.2745, 1.0158 -0.43 -0.3183, 0.9422 -0.5241 -0.3731, 0.8556 -0.6034 -0.4372, 0.7587 -0.6662 -0.5087, 0.6541 -0.7116 -0.5857, 0.5446 -0.7389 -0.6661, 1.1669 0.0815 -0.3088, 1.0287 0.0894 -0.0905, 0.9547 0.0867 -0.0436, 0.7857 0.0739 -0.0037, 0.8723 0.0815 -0.0142, 1.1344 0.2553 -0.4158, 1.1066 0.3075 -0.3459, 1.1594 0.1791 -0.404, 1.1457 0.196 -0.3219, 1.1679 0.1296 -0.4, 1.1774 0.0739 -0.3954, 0.8352 0.3075 -0.0745, 0.7653 0.2553 -0.0467, 0.8592 0.196 -0.0354, 0.7771 0.1791 -0.0217, 0.7811 0.1296 -0.0132, 1.1249 0.2844 -0.4203, 1.0799 0.3735 -0.4416, 1.0497 0.4128 -0.3805, 0.8006 0.4128 -0.1314, 0.7395 0.3735 -0.1012, 0.7608 0.2844 -0.0562, 1.0728 0.3877 -0.445, 1.0057 0.4806 -0.4768, 0.9758 0.5084 -0.4251, 0.756 0.5084 -0.2053, 0.7043 0.4806 -0.1754, 0.7361 0.3877 -0.1083, 1.0022 0.4855 -0.4785, 0.9139 0.573 -0.5203, 0.8866 0.5912 -0.4785, 0.6419 0.6584 -0.3965, 0.6607 0.5733 -0.2675, 0.7026 0.5912 -0.2945, 0.6608 0.573 -0.2672, 0.7026 0.4855 -0.1789, 0.9136 0.5733 -0.5204, 0.8088 0.6468 -0.5701, 0.7847 0.6584 -0.5392, 0.807 0.6477 -0.5709, 0.6728 0.7078 -0.6057, 0.5754 0.7078 -0.5083, 0.6102 0.6477 -0.3741, 0.611 0.6468 -0.3723, 0.5641 0.7365 -0.686, 0.5544 0.7379 -0.676, 0.6889 0.7027 -0.6269, 0.6909 0.7022 -0.6259, 0.4331 0.748 -0.748, 0.5348 0.7394 -0.6562, 0.5446 0.7389 -0.6661, 0.6349 0.7135 -0.5658, 0.6541 0.7116 -0.5857, 0.7311 0.6701 -0.4789, 0.7587 0.6662 -0.5087, 0.821 0.6095 -0.3975, 0.8556 0.6034 -0.4372, 0.9023 0.5321 -0.3239, 0.9422 0.5241 -0.3731, 0.9723 0.4388 -0.2604, 1.0158 0.43 -0.3183, 1.0285 0.3316 -0.2092, 1.074 0.3235 -0.2745, 1.0685 0.2137 -0.1727, 1.115 0.2077 -0.2435, 1.0906 0.0894 -0.1524, 1.1375 0.0867 -0.2264, 0.5249 0.7394 -0.6463, 0.6153 0.7135 -0.5462, 0.7022 0.6701 -0.45, 0.7836 0.6095 -0.3601, 0.8572 0.5321 -0.2788, 0.9207 0.4388 -0.2088, 0.9719 0.3316 -0.1526, 1.0084 0.2137 -0.1126, 0.5051 0.7379 -0.6267, 0.5542 0.7027 -0.4922, 0.5552 0.7022 -0.4902, 0.563 0.7366 -0.6865, 0.4946 0.7366 -0.6181, 0.4951 0.7365 -0.617, 0.9376 0.2077 -0.0661, 0.9066 0.3235 -0.1071, 0.8628 0.43 -0.1653, 0.808 0.5241 -0.2389, 0.7439 0.6034 -0.3255, 0.6724 0.6662 -0.4224, 0.5954 0.7116 -0.527, 0.515 0.7389 -0.6365, -0.9582 0.0 -0.039, -0.875 0.0 -0.0099, -0.8723 0.0815 -0.0142, -1.1421 0.0 -0.2229, -1.0952 0.0 -0.1482, -1.0906 0.0894 -0.1524, -1.1712 0.0 -0.3061, -1.1375 0.0867 -0.2264, -1.1774 0.0739 -0.3954, -1.1811 0.0 -0.3937, -1.1669 0.0815 -0.3088, -0.7653 0.2553 -0.0467, -0.8352 0.3075 -0.0745, -0.7771 0.1791 -0.0217, -0.8592 0.196 -0.0354, -0.7811 0.1296 -0.0132, -0.7857 0.0739 -0.0037, -0.7874 0.0 0.0, -1.1066 0.3075 -0.3459, -1.1344 0.2553 -0.4158, -1.1457 0.196 -0.3219, -1.1594 0.1791 -0.404, -1.1679 0.1296 -0.4, -0.7608 0.2844 -0.0562, -0.7395 0.3735 -0.1012, -0.8006 0.4128 -0.1314, -1.0497 0.4128 -0.3805, -1.0799 0.3735 -0.4416, -1.1249 0.2844 -0.4203, -0.7361 0.3877 -0.1083, -0.7043 0.4806 -0.1754, -0.756 0.5084 -0.2053, -0.9758 0.5084 -0.4251, -1.0057 0.4806 -0.4768, -1.0728 0.3877 -0.445, -0.7026 0.4855 -0.1789, -0.6608 0.573 -0.2672, -0.7026 0.5912 -0.2945, -0.7847 0.6584 -0.5392, -0.9136 0.5733 -0.5204, -0.8866 0.5912 -0.4785, -0.9139 0.573 -0.5203, -1.0022 0.4855 -0.4785, -0.6607 0.5733 -0.2675, -0.611 0.6468 -0.3723, -0.6419 0.6584 -0.3965, -0.6102 0.6477 -0.3741, -0.5754 0.7078 -0.5083, -0.6728 0.7078 -0.6057, -0.807 0.6477 -0.5709, -0.8088 0.6468 -0.5701, -0.4951 0.7365 -0.617, -0.5051 0.7379 -0.6267, -0.5542 0.7027 -0.4922, -0.5552 0.7022 -0.4902, -0.4331 0.748 -0.748, -0.5249 0.7394 -0.6463, -0.515 0.7389 -0.6365, -0.6153 0.7135 -0.5462, -0.5954 0.7116 -0.527, -0.7022 0.6701 -0.45, -0.6724 0.6662 -0.4224, -0.7836 0.6095 -0.3601, -0.7439 0.6034 -0.3255, -0.8572 0.5321 -0.2788, -0.808 0.5241 -0.2389, -0.9207 0.4388 -0.2088, -0.8628 0.43 -0.1653, -0.9719 0.3316 -0.1526, -0.9066 0.3235 -0.1071, -1.0084 0.2137 -0.1126, -0.9376 0.2077 -0.0661, -1.0287 0.0894 -0.0905, -0.9547 0.0867 -0.0436, -1.0329 0.0 -0.0859, -0.5348 0.7394 -0.6562, -0.6349 0.7135 -0.5658, -0.7311 0.6701 -0.4789, -0.821 0.6095 -0.3975, -0.9023 0.5321 -0.3239, -0.9723 0.4388 -0.2604, -1.0285 0.3316 -0.2092, -1.0685 0.2137 -0.1727, -0.5544 0.7379 -0.676, -0.6889 0.7027 -0.6269, -0.6909 0.7022 -0.6259, -0.4946 0.7366 -0.6181, -0.563 0.7366 -0.6865, -0.5641 0.7365 -0.686, -1.115 0.2077 -0.2435, -1.074 0.3235 -0.2745, -1.0158 0.43 -0.3183, -0.9422 0.5241 -0.3731, -0.8556 0.6034 -0.4372, -0.7587 0.6662 -0.5087, -0.6541 0.7116 -0.5857, -0.5446 0.7389 -0.6661, -1.1684 -0.1296 -0.3997, -1.1532 -0.2026 -0.4069, -1.1386 -0.2212 -0.3263, -0.7814 -0.1296 -0.0127, -0.7841 -0.1021 -0.007, -0.8699 -0.1124 -0.0181, -1.1343 -0.2552 -0.4159, -1.118 -0.3008 -0.4236, -1.0989 -0.3244 -0.3506, -0.7652 -0.2552 -0.0468, -0.7742 -0.2026 -0.0279, -0.8548 -0.2212 -0.0425, -0.4503 -0.7476 -0.7246, -0.4482 -0.7476 -0.7225, -0.5191 -0.7336 -0.603, -0.4586 -0.7476 -0.7329, -0.4606 -0.7475 -0.735, -0.4331 -0.748 -0.748, -0.4461 -0.7475 -0.7205, -0.4945 -0.7348 -0.6184, -0.5072 -0.7315 -0.5915, -0.5627 -0.7348 -0.6866, -0.5781 -0.7336 -0.662, -0.5896 -0.7315 -0.6739, -0.587 -0.7008 -0.4888, -0.531 -0.735 -0.6147, -0.4523 -0.7477 -0.7267, -0.6884 -0.7013 -0.6271, -0.6923 -0.7008 -0.5941, -0.7116 -0.6942 -0.6161, -0.554 -0.7013 -0.4927, -0.565 -0.6942 -0.4695, -0.61 -0.6467 -0.3746, -0.8065 -0.6467 -0.5711, -0.7981 -0.6509 -0.5312, -0.8228 -0.6385 -0.5634, -0.6177 -0.6385 -0.3583, -0.6499 -0.6509 -0.383, -0.6607 -0.5725 -0.2676, -0.7066 -0.586 -0.2879, -0.9135 -0.5725 -0.5204, -0.8932 -0.586 -0.4745, -0.9202 -0.5677 -0.5173, -0.9756 -0.5086 -0.4252, -1.002 -0.4856 -0.4785, -0.6638 -0.5677 -0.2609, -0.7026 -0.4856 -0.1791, -0.7559 -0.5086 -0.2055, -0.7043 -0.4806 -0.1754, -0.7974 -0.4208 -0.1367, -1.0057 -0.4806 -0.4768, -1.0444 -0.4208 -0.3837, -1.0679 -0.3957 -0.4473, -0.7575 -0.3008 -0.0631, -0.8305 -0.3244 -0.0822, -0.7393 -0.3734 -0.1014, -0.7338 -0.3957 -0.1132, -0.6088 -0.7051 -0.5089, -0.6817 -0.6592 -0.4097, -0.7485 -0.5984 -0.3192, -0.8079 -0.5243 -0.2391, -0.8589 -0.438 -0.1706, -0.9006 -0.3408 -0.115, -0.5429 -0.7357 -0.6264, -0.6304 -0.7073 -0.5296, -0.7128 -0.6634 -0.4383, -0.7889 -0.6047 -0.3542, -0.857 -0.5322 -0.2789, -0.9161 -0.4467 -0.2138, -0.9648 -0.3491 -0.1603, -0.4544 -0.7477 -0.7288, -0.5547 -0.7357 -0.6382, -0.6515 -0.7073 -0.5508, -0.7428 -0.6634 -0.4683, -0.8269 -0.6047 -0.3922, -0.9022 -0.5322 -0.3241, -0.9673 -0.4467 -0.265, -1.0208 -0.3491 -0.2163, -0.4565 -0.7476 -0.7308, -0.5665 -0.735 -0.6501, -0.6722 -0.7051 -0.5723, -0.7714 -0.6592 -0.4994, -0.8619 -0.5984 -0.4326, -0.942 -0.5243 -0.3732, -1.0105 -0.438 -0.3222, -1.0661 -0.3408 -0.2805, -1.0797 -0.3734 -0.4418, -1.1074 -0.2341 -0.2493, -1.0611 -0.2406 -0.1795, -1.0016 -0.2406 -0.12, -0.9318 -0.2341 -0.0737, -1.1741 -0.1021 -0.397, -1.163 -0.1124 -0.3112, -1.1333 -0.1195 -0.2296, -1.0865 -0.1232 -0.1562, -1.0249 -0.1232 -0.0946, -0.9515 -0.1195 -0.0478, 1.1684 -0.1297 -1.5748, 1.1594 -0.179 -1.5748, 1.1536 -0.1776 -1.6432, 1.1355 -0.2557 -1.5748, 1.1325 -0.2653 -1.5748, 1.1269 -0.2631 -1.6432, 1.0798 -0.3734 -1.5748, 1.0487 -0.4249 -1.5748, 1.0438 -0.4215 -1.6432, 1.0054 -0.4802 -1.5748, 0.993 -0.496 -1.5748, 0.9885 -0.4921 -1.6432, 0.9133 -0.5723 -1.5748, 0.858 -0.6156 -1.5748, 0.8546 -0.6107 -1.6432, 0.8065 -0.6468 -1.5748, 0.7807 -0.6623 -1.5748, 0.7779 -0.6571 -1.6432, 0.6888 -0.7024 -1.5748, 0.6121 -0.7263 -1.5748, 0.6107 -0.7205 -1.6432, 0.678 -0.2976 -1.9673, 0.692 -0.2922 -1.9668, 0.7134 -0.3164 -1.9625, 0.8452 -0.1654 -1.9581, 0.8495 -0.1579 -1.9578, 0.8903 -0.1734 -1.9448, 0.8825 -0.078 -1.9551, 0.8873 -0.0551 -1.9547, 0.9185 -0.0589 -1.9448, 0.8882 -0.051 -1.9546, 0.8915 -0.0238 -1.9543, 0.9221 0.0 -1.9448, 0.8922 -0.0111 -1.9543, 0.8924 0.0 -1.9542, 0.8587 -0.1414 -1.9571, 0.87 -0.1164 -1.9562, 0.9078 -0.117 -1.9448, 0.873 -0.1084 -1.9559, 0.8745 -0.1045 -1.9558, 0.8295 -0.1884 -1.9593, 0.8037 -0.2185 -1.9611, 0.8183 -0.2021 -1.9601, 0.866 -0.2272 -1.9448, 0.8221 -0.1979 -1.9598, 0.7618 -0.2547 -1.9637, 0.7806 -0.2398 -1.9626, 0.7809 -0.2401 -1.9625, 0.7815 -0.2391 -1.9625, 0.8355 -0.2778 -1.9448, 0.7837 -0.2374 -1.9624, 0.704 -0.2876 -1.9664, 0.7287 -0.2754 -1.9653, 0.7495 -0.2803 -1.9625, 0.7379 -0.2699 -1.9649, 0.7524 -0.2612 -1.9642, 0.6261 -0.3103 -1.9683, 0.6447 -0.3065 -1.968, 0.6732 -0.3479 -1.9625, 0.6533 -0.3048 -1.9679, 0.6295 -0.3743 -1.9625, 0.5977 -0.3137 -1.9685, 0.5984 -0.3134 -1.9685, 0.4758 -0.3517 -1.9685, 0.484 -0.4196 -1.9625, 0.492 -0.4854 -1.9448, 0.4995 -0.5472 -1.9158, 0.5063 -0.603 -1.8764, 0.5169 -0.6902 -1.7717, 0.5121 -0.6511 -1.8279, 0.5204 -0.719 -1.7095, 0.5225 -0.7366 -1.6432, 0.5179 -0.344 -1.9685, 0.5342 -0.4104 -1.9625, 0.5501 -0.4748 -1.9448, 0.565 -0.5352 -1.9158, 0.5784 -0.5897 -1.8764, 0.59 -0.6369 -1.8279, 0.5995 -0.6751 -1.7717, 0.6064 -0.7032 -1.7095, 0.5232 -0.7426 -1.5748, 0.5627 -0.7353 -1.5748, 0.6983 -0.6994 -1.5748, 0.6962 -0.6938 -1.6432, 0.6899 -0.6772 -1.7095, 0.6796 -0.6501 -1.7717, 0.6657 -0.6133 -1.8279, 0.6485 -0.5679 -1.8764, 0.6285 -0.5154 -1.9158, 0.6065 -0.4572 -1.9448, 0.583 -0.3952 -1.9625, 0.5587 -0.3313 -1.9685, 0.6603 -0.433 -1.9448, 0.6892 -0.488 -1.9158, 0.7153 -0.5378 -1.8764, 0.7379 -0.5808 -1.8279, 0.7562 -0.6156 -1.7717, 0.7697 -0.6413 -1.7095, 0.8445 -0.5961 -1.7095, 0.828 -0.5722 -1.7717, 0.8057 -0.5398 -1.8279, 0.7781 -0.4999 -1.8764, 0.7462 -0.4536 -1.9158, 0.7108 -0.4024 -1.9448, 0.9291 -0.5599 -1.5748, 0.9251 -0.5554 -1.6432, 0.9134 -0.5421 -1.7095, 0.8941 -0.5204 -1.7717, 0.868 -0.491 -1.8279, 0.8358 -0.4546 -1.8764, 0.7986 -0.4126 -1.9158, 0.7573 -0.366 -1.9448, 0.7991 -0.3243 -1.9448, 0.8456 -0.3655 -1.9158, 0.8877 -0.4028 -1.8764, 0.924 -0.435 -1.8279, 0.9535 -0.4611 -1.7717, 0.9752 -0.4803 -1.7095, 1.0291 -0.4114 -1.7095, 1.0053 -0.395 -1.7717, 0.9729 -0.3726 -1.8279, 0.9329 -0.345 -1.8764, 0.8867 -0.3131 -1.9158, 1.0954 -0.3476 -1.5748, 1.0901 -0.3448 -1.6432, 1.0744 -0.3366 -1.7095, 1.0487 -0.3231 -1.7717, 1.0139 -0.3048 -1.8279, 0.9709 -0.2823 -1.8764, 0.9211 -0.2561 -1.9158, 0.9484 -0.1955 -1.9158, 1.001 -0.2154 -1.8764, 1.0464 -0.2326 -1.8279, 1.0832 -0.2466 -1.7717, 1.1103 -0.2568 -1.7095, 1.1363 -0.1733 -1.7095, 1.1082 -0.1664 -1.7717, 1.0699 -0.157 -1.8279, 1.0228 -0.1454 -1.8764, 0.9682 -0.1319 -1.9158, 1.1756 -0.0902 -1.5748, 1.1697 -0.0894 -1.6432, 1.1521 -0.0873 -1.7095, 1.1233 -0.0838 -1.7717, 1.0842 -0.0791 -1.8279, 1.036 -0.0732 -1.8764, 0.9802 -0.0664 -1.9158, 0.9843 0.0 -1.9158, 1.0405 0.0 -1.8764, 1.089 0.0 -1.8279, 1.1284 0.0 -1.7717, 1.1574 0.0 -1.7095, 1.1751 0.0 -1.6432, 1.1811 -0.0 -1.5748, 0.5627 0.7353 -1.5748, 0.6121 0.7263 -1.5748, 0.6107 0.7205 -1.6432, 0.6888 0.7024 -1.5748, 0.6983 0.6994 -1.5748, 0.6962 0.6938 -1.6432, 0.8065 0.6468 -1.5748, 0.858 0.6156 -1.5748, 0.8546 0.6107 -1.6432, 0.9133 0.5723 -1.5748, 0.9291 0.5599 -1.5748, 0.9251 0.5554 -1.6432, 1.0054 0.4802 -1.5748, 1.0487 0.4249 -1.5748, 1.0438 0.4215 -1.6432, 1.0798 0.3734 -1.5748, 1.0954 0.3476 -1.5748, 1.0901 0.3448 -1.6432, 1.1355 0.2557 -1.5748, 1.1594 0.179 -1.5748, 1.1536 0.1776 -1.6432, 0.484 0.4196 -1.9625, 0.4758 0.3517 -1.9685, 0.8571 0.1446 -1.9572, 0.8494 0.1579 -1.9578, 0.8903 0.1734 -1.9448, 0.5984 0.3134 -1.9685, 0.5977 0.3137 -1.9685, 0.6079 0.3126 -1.9685, 0.6295 0.3743 -1.9625, 0.6353 0.3087 -1.9682, 0.6447 0.3065 -1.968, 0.6886 0.2938 -1.9669, 0.6622 0.3024 -1.9677, 0.6732 0.3479 -1.9625, 0.7379 0.2699 -1.9649, 0.7253 0.2773 -1.9655, 0.7134 0.3164 -1.9625, 0.7004 0.2891 -1.9665, 0.6921 0.2924 -1.9668, 0.7717 0.2472 -1.9631, 0.7491 0.2634 -1.9644, 0.7495 0.2803 -1.9625, 0.8184 0.2022 -1.9601, 0.8014 0.2209 -1.9613, 0.8355 0.2778 -1.9448, 0.7815 0.2392 -1.9625, 0.7809 0.2401 -1.9625, 0.7811 0.2396 -1.9626, 0.7807 0.2399 -1.9626, 0.8367 0.1784 -1.9588, 0.8199 0.2005 -1.96, 0.866 0.2272 -1.9448, 0.8433 0.1684 -1.9583, 0.8687 0.1196 -1.9563, 0.8875 0.0552 -1.9547, 0.8815 0.0818 -1.9552, 0.9078 0.117 -1.9448, 0.8781 0.0935 -1.9555, 0.8728 0.1084 -1.9559, 0.8912 0.0277 -1.9544, 0.9185 0.0589 -1.9448, 0.8875 0.055 -1.9547, 0.492 0.4854 -1.9448, 0.4995 0.5472 -1.9158, 0.5063 0.603 -1.8764, 0.5121 0.6511 -1.8279, 0.5169 0.6902 -1.7717, 0.5204 0.719 -1.7095, 0.9802 0.0664 -1.9158, 0.9682 0.1319 -1.9158, 1.036 0.0732 -1.8764, 1.0228 0.1454 -1.8764, 1.0842 0.0791 -1.8279, 1.0699 0.157 -1.8279, 1.1233 0.0838 -1.7717, 1.1082 0.1664 -1.7717, 1.1521 0.0873 -1.7095, 1.1363 0.1733 -1.7095, 1.1697 0.0894 -1.6432, 1.1756 0.0902 -1.5748, 1.1684 0.1297 -1.5748, 1.1325 0.2653 -1.5748, 1.1269 0.2631 -1.6432, 1.1103 0.2568 -1.7095, 1.0832 0.2466 -1.7717, 1.0464 0.2326 -1.8279, 1.001 0.2154 -1.8764, 0.9484 0.1955 -1.9158, 0.9211 0.2561 -1.9158, 0.9709 0.2823 -1.8764, 1.0139 0.3048 -1.8279, 1.0487 0.3231 -1.7717, 1.0744 0.3366 -1.7095, 1.0291 0.4114 -1.7095, 1.0053 0.395 -1.7717, 0.9729 0.3726 -1.8279, 0.9329 0.345 -1.8764, 0.8867 0.3131 -1.9158, 0.993 0.496 -1.5748, 0.9885 0.4921 -1.6432, 0.9752 0.4803 -1.7095, 0.9535 0.4611 -1.7717, 0.924 0.435 -1.8279, 0.8877 0.4028 -1.8764, 0.8456 0.3655 -1.9158, 0.7991 0.3243 -1.9448, 0.7573 0.366 -1.9448, 0.7986 0.4126 -1.9158, 0.8358 0.4546 -1.8764, 0.868 0.491 -1.8279, 0.8941 0.5204 -1.7717, 0.9134 0.5421 -1.7095, 0.8445 0.5961 -1.7095, 0.828 0.5722 -1.7717, 0.8057 0.5398 -1.8279, 0.7781 0.4999 -1.8764, 0.7462 0.4536 -1.9158, 0.7108 0.4024 -1.9448, 0.7807 0.6623 -1.5748, 0.7779 0.6571 -1.6432, 0.7697 0.6413 -1.7095, 0.7562 0.6156 -1.7717, 0.7379 0.5808 -1.8279, 0.7153 0.5378 -1.8764, 0.6892 0.488 -1.9158, 0.6603 0.433 -1.9448, 0.5587 0.3313 -1.9685, 0.583 0.3952 -1.9625, 0.6065 0.4572 -1.9448, 0.6285 0.5154 -1.9158, 0.6485 0.5679 -1.8764, 0.6657 0.6133 -1.8279, 0.6796 0.6501 -1.7717, 0.6899 0.6772 -1.7095, 0.6064 0.7032 -1.7095, 0.5995 0.6751 -1.7717, 0.59 0.6369 -1.8279, 0.5784 0.5897 -1.8764, 0.565 0.5352 -1.9158, 0.5501 0.4748 -1.9448, 0.5342 0.4104 -1.9625, 0.5179 0.344 -1.9685, 0.5232 0.7426 -1.5748, 0.5225 0.7366 -1.6432, 0.4652 0.1011 -2.0128, 0.4801 0.092 -2.0262, 0.4781 0.0795 -2.0303, 0.4338 0.1204 -1.9893, 0.4454 0.1133 -1.9949, 0.4445 0.0971 -1.9989, 0.3987 0.1419 -1.9743, 0.4049 0.1381 -1.9752, 0.4048 0.1174 -1.9778, 0.3987 -0.1419 -1.9743, 0.4454 -0.1133 -1.9949, 0.4338 -0.1204 -1.9893, 0.4048 -0.1157 -1.978, 0.4049 -0.1381 -1.9752, 0.4801 -0.092 -2.0262, 0.4652 -0.1011 -2.0128, 0.4444 -0.0958 -1.9991, 0.5068 -0.0756 -2.0669, 0.4916 -0.0849 -2.0436, 0.4779 -0.0784 -2.0306, 0.5236 -0.0653 -2.1144, 0.5116 -0.0727 -2.0805, 0.5032 -0.0647 -2.0704, 0.5277 -0.059 -2.1652, 0.5244 -0.0648 -2.1217, 0.5293 -0.0618 -2.1654, 0.5191 -0.041 -2.1635, 0.5236 -0.0514 -2.1648, 0.5146 -0.045 -2.1167, 0.5188 -0.0555 -2.1161, 0.5159 -0.0306 -2.1621, 0.5111 -0.0335 -2.1168, 0.5157 -0.0301 -2.162, 0.5098 -0.0276 -2.1167, 0.5144 -0.0247 -2.1613, 0.5078 -0.0152 -2.1165, 0.5126 -0.0135 -2.1603, 0.507 -0.0024 -2.1164, 0.5118 -0.0021 -2.1598, 0.5119 -0.0 -2.1598, 0.5074 0.0105 -2.1165, 0.5122 0.0093 -2.16, 0.5076 0.0128 -2.1165, 0.5124 0.0113 -2.1601, 0.5094 0.0254 -2.1167, 0.514 0.0226 -2.1611, 0.5035 0.0656 -2.0702, 0.5191 0.0563 -2.116, 0.5009 0.0571 -2.0719, 0.516 0.0488 -2.1166, 0.4976 0.044 -2.0736, 0.5122 0.0374 -2.1168, 0.495 0.0299 -2.0746, 0.4933 0.0151 -2.0751, 0.4931 0.0124 -2.0751, 0.4927 -0.0028 -2.0752, 0.4935 -0.0179 -2.075, 0.4954 -0.0326 -2.0744, 0.4966 -0.0394 -2.074, 0.4997 -0.0528 -2.0726, 0.5159 0.0305 -2.1621, 0.5167 0.0337 -2.1625, 0.5206 0.0446 -2.164, 0.5239 0.0521 -2.1648, 0.4042 -0.0929 -1.9801, 0.4035 -0.0685 -1.9817, 0.4032 -0.0563 -1.9823, 0.4027 -0.0308 -1.9831, 0.4025 -0.0049 -1.9834, 0.4026 0.0213 -1.9833, 0.4026 0.026 -1.9832, 0.4031 0.0517 -1.9825, 0.4037 0.0767 -1.9812, 0.4044 0.1009 -1.9795, 0.4434 0.0839 -2.0013, 0.4418 0.0642 -2.0039, 0.4404 0.0434 -2.0057, 0.4395 0.0219 -2.0067, 0.4394 0.0179 -2.0068, 0.4392 -0.0041 -2.007, 0.4396 -0.0259 -2.0066, 0.4407 -0.0473 -2.0054, 0.4413 -0.0574 -2.0046, 0.4429 -0.0774 -2.0023, 0.4763 0.069 -2.0327, 0.4737 0.0531 -2.0353, 0.4716 0.036 -2.0369, 0.4702 0.0182 -2.0379, 0.4701 0.0149 -2.0379, 0.4698 -0.0034 -2.0381, 0.4704 -0.0216 -2.0377, 0.4719 -0.0392 -2.0367, 0.4729 -0.0475 -2.0359, 0.4754 -0.0638 -2.0337, 0.4916 0.0849 -2.0436, 0.5068 0.0756 -2.0669, 0.5116 0.0727 -2.0805, 0.5236 0.0653 -2.1144, 0.5244 0.0648 -2.1217, 0.5277 0.059 -2.1652, 0.5293 0.0618 -2.1654, 0.4287 0.1818 -1.9734, 0.6035 0.2627 -1.9752, 0.6069 0.2289 -1.9893, 0.5656 0.2203 -1.988, 0.4596 0.1539 -1.988, 0.6083 0.2155 -1.9949, 0.6106 0.1923 -2.0128, 0.576 0.1845 -2.0115, 0.4873 0.1288 -2.0115, 0.6123 0.1749 -2.0262, 0.6137 0.1616 -2.0436, 0.5848 0.1546 -2.0426, 0.6155 0.1438 -2.0669, 0.616 0.1382 -2.0805, 0.5913 0.1321 -2.0799, 0.5552 0.0978 -2.1216, 0.5386 0.0825 -2.1216, 0.5278 0.0922 -2.0799, 0.5423 0.0792 -2.1654, 0.5968 0.1134 -2.1654, 0.5766 0.1054 -2.1654, 0.5744 0.1098 -2.1216, 0.5467 0.0832 -2.1654, 0.5582 0.0939 -2.1654, 0.5711 0.1019 -2.1654, 0.6181 0.1175 -2.1654, 0.5994 0.1139 -2.1654, 0.6175 0.1232 -2.1217, 0.5954 0.1181 -2.1216, 0.6174 0.1242 -2.1144, 0.5464 0.1094 -2.0799, 0.5104 0.108 -2.0426, 0.5432 0.1715 -2.0115, 0.5678 0.1228 -2.0799, 0.5322 0.128 -2.0426, 0.5263 0.2048 -1.988, 0.4906 0.1824 -1.988, 0.5572 0.1437 -2.0426, 0.5133 0.1528 -2.0115, 0.6028 0.2699 -1.9743, 0.5539 0.2603 -1.9734, 0.5076 0.242 -1.9734, 0.4653 0.2155 -1.9734, 0.3962 0.2111 -1.9685, 0.4388 0.2503 -1.9685, 0.4878 0.2811 -1.9685, 0.5416 0.3023 -1.9685, 0.6035 -0.2627 -1.9752, 0.6028 -0.2699 -1.9743, 0.5539 -0.2603 -1.9734, 0.4596 -0.1539 -1.988, 0.6083 -0.2155 -1.9949, 0.6069 -0.2289 -1.9893, 0.5656 -0.2203 -1.988, 0.4873 -0.1288 -2.0115, 0.6123 -0.1749 -2.0262, 0.6106 -0.1923 -2.0128, 0.576 -0.1845 -2.0115, 0.5104 -0.108 -2.0426, 0.5278 -0.0922 -2.0799, 0.5744 -0.1098 -2.1216, 0.5954 -0.1181 -2.1216, 0.5913 -0.1321 -2.0799, 0.5994 -0.1139 -2.1654, 0.6181 -0.1175 -2.1654, 0.6175 -0.1232 -2.1217, 0.5711 -0.1019 -2.1654, 0.5766 -0.1054 -2.1654, 0.5467 -0.0832 -2.1654, 0.5582 -0.0939 -2.1654, 0.5552 -0.0978 -2.1216, 0.5423 -0.0792 -2.1654, 0.5386 -0.0825 -2.1216, 0.5968 -0.1134 -2.1654, 0.6174 -0.1242 -2.1144, 0.616 -0.1382 -2.0805, 0.6155 -0.1438 -2.0669, 0.5678 -0.1228 -2.0799, 0.5848 -0.1546 -2.0426, 0.6137 -0.1616 -2.0436, 0.5133 -0.1528 -2.0115, 0.5464 -0.1094 -2.0799, 0.5572 -0.1437 -2.0426, 0.4906 -0.1824 -1.988, 0.5263 -0.2048 -1.988, 0.5322 -0.128 -2.0426, 0.5432 -0.1715 -2.0115, 0.4287 -0.1818 -1.9734, 0.4653 -0.2155 -1.9734, 0.5076 -0.242 -1.9734, 0.5416 -0.3023 -1.9685, 0.4878 -0.2811 -1.9685, 0.4388 -0.2503 -1.9685, 0.3962 -0.2111 -1.9685, 0.7439 0.0305 -2.1451, 0.743 0.0341 -2.1454, 0.7471 0.0367 -2.1027, 0.8486 0.0469 -1.9703, 0.8403 0.0797 -1.9709, 0.7322 0.059 -2.1483, 0.7317 0.0599 -2.1484, 0.7348 0.0642 -2.105, 0.822 0.1231 -1.972, 0.7134 0.0835 -2.1529, 0.7063 0.0901 -2.1545, 0.7075 0.0959 -2.1094, 0.7898 0.1702 -1.9738, 0.7739 0.1872 -1.9746, 0.7565 0.2028 -1.9753, 0.6889 0.1022 -2.158, 0.6828 0.1056 -2.1591, 0.6829 0.1119 -2.1125, 0.7293 0.2223 -1.9761, 0.6605 0.1141 -2.1625, 0.6562 0.1151 -2.163, 0.6556 0.1215 -2.1146, 0.6882 0.2433 -1.9767, 0.6563 0.254 -1.9767, 0.6299 0.118 -2.1651, 0.622 0.1178 -2.1653, 0.6213 0.1245 -2.1146, 0.6113 0.2621 -1.9755, 0.6146 0.2151 -1.9954, 0.6174 0.1748 -2.0267, 0.6197 0.1439 -2.0674, 0.6334 0.1181 -2.1649, 0.6327 0.1245 -2.115, 0.6449 0.1172 -2.1642, 0.6441 0.1236 -2.115, 0.6323 0.1434 -2.0683, 0.645 0.1419 -2.0689, 0.6324 0.1736 -2.028, 0.6614 0.1139 -2.1624, 0.6608 0.1202 -2.1143, 0.6577 0.1393 -2.0692, 0.6474 0.1711 -2.0289, 0.633 0.2129 -1.9966, 0.6723 0.1103 -2.1609, 0.672 0.1166 -2.1135, 0.6635 0.1377 -2.0692, 0.6624 0.1674 -2.0295, 0.6513 0.2093 -1.9975, 0.634 0.259 -1.9763, 0.6759 0.1333 -2.069, 0.6692 0.1652 -2.0297, 0.6694 0.2041 -1.9981, 0.6929 0.0999 -2.1573, 0.6935 0.106 -2.1113, 0.688 0.1278 -2.0685, 0.6837 0.1595 -2.0298, 0.6776 0.2012 -1.9982, 0.6783 0.2471 -1.9768, 0.6971 0.0971 -2.1564, 0.6979 0.1032 -2.1107, 0.6998 0.1211 -2.0679, 0.6979 0.1525 -2.0297, 0.695 0.1937 -1.9984, 0.7047 0.1178 -2.0676, 0.7115 0.1442 -2.0294, 0.7119 0.1847 -1.9983, 0.7092 0.2337 -1.9765, 0.7147 0.0822 -2.1526, 0.7165 0.0877 -2.1081, 0.7155 0.1095 -2.0667, 0.7173 0.1401 -2.0292, 0.7281 0.174 -1.9981, 0.7224 0.0735 -2.1508, 0.7247 0.0786 -2.1067, 0.7256 0.1001 -2.0659, 0.7298 0.13 -2.0288, 0.7349 0.169 -1.9979, 0.7485 0.209 -1.9755, 0.7254 0.0695 -2.15, 0.728 0.0744 -2.1062, 0.7348 0.0896 -2.065, 0.7414 0.1186 -2.0282, 0.7496 0.1564 -1.9975, 0.7385 0.0848 -2.0646, 0.7521 0.1061 -2.0275, 0.7632 0.1424 -1.9969, 0.7371 0.0497 -2.147, 0.7406 0.0533 -2.1039, 0.7461 0.0732 -2.0637, 0.7563 0.1004 -2.0273, 0.7756 0.1271 -1.9964, 0.7414 0.0389 -2.1458, 0.7454 0.0419 -2.103, 0.7527 0.0608 -2.063, 0.7651 0.0865 -2.0266, 0.7806 0.1202 -1.9961, 0.8044 0.1516 -1.9731, 0.7581 0.0477 -2.0623, 0.7727 0.0718 -2.0261, 0.7908 0.1034 -1.9956, 0.8101 0.1432 -1.9727, 0.7458 0.0229 -2.1446, 0.7502 0.0247 -2.1021, 0.76 0.0418 -2.0621, 0.7788 0.0563 -2.0256, 0.7996 0.0857 -1.995, 0.8517 0.0237 -1.9701, 0.8166 0.0199 -1.9939, 0.8433 0.0698 -1.9706, 0.8138 0.0395 -1.9941, 0.7874 0.0167 -2.0248, 0.8093 0.0588 -1.9944, 0.785 0.0332 -2.0251, 0.7655 0.0142 -2.0614, 0.8321 0.1019 -1.9714, 0.8067 0.0672 -1.9946, 0.7811 0.0493 -2.0254, 0.7635 0.0282 -2.0616, 0.752 0.0125 -2.1017, 0.7475 0.0116 -2.1441, 0.748 0.0 -2.144, 0.7526 0.0 -2.1016, 0.7662 0.0 -2.0613, 0.7882 0.0 -2.0248, 0.8175 0.0 -1.9939, 0.8528 0.0 -1.97, 0.6274 -0.1741 -2.0276, 0.7587 -0.2009 -1.9752, 0.7759 -0.1852 -1.9745, 0.8526 -0.0095 -1.97, 0.7525 -0.005 -2.1016, 0.7479 -0.0047 -2.144, 0.7522 -0.0107 -2.1017, 0.7476 -0.0099 -2.1441, 0.7505 -0.0229 -2.102, 0.7461 -0.0213 -2.1445, 0.852 -0.0203 -1.97, 0.8491 -0.0436 -1.9702, 0.8442 -0.0665 -1.9706, 0.8371 -0.0891 -1.9711, 0.8333 -0.0992 -1.9713, 0.7439 -0.0306 -2.1451, 0.7476 -0.035 -2.1026, 0.7435 -0.0325 -2.1452, 0.7436 -0.0467 -2.1034, 0.7397 -0.0435 -2.1463, 0.7413 -0.0519 -2.1038, 0.7377 -0.0484 -2.1468, 0.7356 -0.0628 -2.1049, 0.7325 -0.0586 -2.1482, 0.8234 -0.1204 -1.9719, 0.8117 -0.1407 -1.9726, 0.7322 -0.059 -2.1483, 0.7289 -0.0731 -2.106, 0.7263 -0.0683 -2.1498, 0.7212 -0.0827 -2.1073, 0.7191 -0.0774 -2.1516, 0.7176 -0.0867 -2.1079, 0.7157 -0.0812 -2.1524, 0.7981 -0.16 -1.9734, 0.7917 -0.168 -1.9737, 0.7134 -0.0834 -2.1529, 0.7087 -0.095 -2.1093, 0.7074 -0.0892 -2.1543, 0.6991 -0.1023 -2.1106, 0.6983 -0.0963 -2.1562, 0.7401 -0.2152 -1.9758, 0.7321 -0.2205 -1.976, 0.7121 -0.2322 -1.9765, 0.689 -0.1023 -2.158, 0.6888 -0.1088 -2.1118, 0.6885 -0.1026 -2.1581, 0.6844 -0.1111 -2.1123, 0.6843 -0.1049 -2.1589, 0.6736 -0.116 -2.1134, 0.6738 -0.1097 -2.1606, 0.6624 -0.1198 -2.1142, 0.6629 -0.1134 -2.1622, 0.6912 -0.2421 -1.9767, 0.6695 -0.2501 -1.9768, 0.6605 -0.114 -2.1625, 0.6509 -0.1225 -2.1148, 0.6516 -0.1161 -2.1635, 0.6403 -0.124 -2.115, 0.641 -0.1176 -2.1645, 0.6264 -0.2602 -1.976, 0.6489 -0.2559 -1.9766, 0.6268 -0.2138 -1.9963, 0.6452 -0.2107 -1.9972, 0.6621 -0.2064 -1.9979, 0.6801 -0.2002 -1.9983, 0.6975 -0.1925 -1.9984, 0.7142 -0.1833 -1.9983, 0.721 -0.179 -1.9982, 0.7367 -0.1675 -1.9979, 0.7513 -0.1547 -1.9974, 0.7648 -0.1406 -1.9969, 0.7703 -0.134 -1.9966, 0.782 -0.1181 -1.9961, 0.792 -0.1012 -1.9955, 0.8006 -0.0834 -1.995, 0.8039 -0.075 -1.9948, 0.81 -0.056 -1.9944, 0.8143 -0.0367 -1.9941, 0.8168 -0.0171 -1.9939, 0.8174 -0.008 -1.9939, 0.6281 -0.1437 -2.0681, 0.6288 -0.1246 -2.1149, 0.6407 -0.1426 -2.0688, 0.6525 -0.1405 -2.0691, 0.6652 -0.1371 -2.0692, 0.6776 -0.1326 -2.0689, 0.6897 -0.1269 -2.0684, 0.6946 -0.1242 -2.0682, 0.7061 -0.1168 -2.0675, 0.7168 -0.1084 -2.0666, 0.7267 -0.0989 -2.0658, 0.7308 -0.0944 -2.0654, 0.7395 -0.0834 -2.0645, 0.7471 -0.0717 -2.0636, 0.7534 -0.0592 -2.0629, 0.756 -0.0533 -2.0626, 0.7606 -0.0399 -2.062, 0.7638 -0.0262 -2.0616, 0.7657 -0.0122 -2.0613, 0.7661 -0.0057 -2.0613, 0.6424 -0.1721 -2.0287, 0.6563 -0.1691 -2.0293, 0.6713 -0.1645 -2.0297, 0.6858 -0.1586 -2.0298, 0.6998 -0.1514 -2.0297, 0.7055 -0.1481 -2.0296, 0.7188 -0.1389 -2.0292, 0.7313 -0.1286 -2.0287, 0.7428 -0.1172 -2.0281, 0.7475 -0.1118 -2.0278, 0.7575 -0.0986 -2.0272, 0.7662 -0.0847 -2.0266, 0.7735 -0.0699 -2.026, 0.7764 -0.0629 -2.0258, 0.7817 -0.047 -2.0253, 0.7855 -0.0308 -2.025, 0.7876 -0.0144 -2.0248, 0.7881 -0.0067 -2.0248, 0.6299 -0.1181 -2.1651, 0.6296 -0.1181 -2.1651, -0.4652 -0.1011 -2.0128, -0.4801 -0.092 -2.0262, -0.4781 -0.0795 -2.0303, -0.4338 -0.1204 -1.9893, -0.4454 -0.1133 -1.9949, -0.4445 -0.0971 -1.9989, -0.3987 -0.1419 -1.9743, -0.4049 -0.1381 -1.9752, -0.4048 -0.1174 -1.9778, -0.3987 0.1419 -1.9743, -0.4454 0.1133 -1.9949, -0.4338 0.1204 -1.9893, -0.4048 0.1157 -1.978, -0.4049 0.1381 -1.9752, -0.4801 0.092 -2.0262, -0.4652 0.1011 -2.0128, -0.4444 0.0958 -1.9991, -0.5068 0.0756 -2.0669, -0.4916 0.0849 -2.0436, -0.4779 0.0784 -2.0306, -0.5236 0.0653 -2.1144, -0.5116 0.0727 -2.0805, -0.5032 0.0647 -2.0704, -0.5277 0.059 -2.1652, -0.5244 0.0648 -2.1217, -0.5293 0.0618 -2.1654, -0.5191 0.041 -2.1635, -0.5236 0.0514 -2.1648, -0.5146 0.045 -2.1167, -0.5188 0.0555 -2.1161, -0.5159 0.0306 -2.1621, -0.5111 0.0335 -2.1168, -0.5157 0.0301 -2.162, -0.5098 0.0276 -2.1167, -0.5144 0.0247 -2.1613, -0.5078 0.0152 -2.1165, -0.5126 0.0135 -2.1603, -0.507 0.0024 -2.1164, -0.5118 0.0021 -2.1598, -0.5119 0.0 -2.1598, -0.5074 -0.0105 -2.1165, -0.5122 -0.0093 -2.16, -0.5076 -0.0128 -2.1165, -0.5124 -0.0113 -2.1601, -0.5094 -0.0254 -2.1167, -0.514 -0.0226 -2.1611, -0.5035 -0.0656 -2.0702, -0.5191 -0.0563 -2.116, -0.5009 -0.0571 -2.0719, -0.516 -0.0488 -2.1166, -0.4976 -0.044 -2.0736, -0.5122 -0.0374 -2.1168, -0.495 -0.0299 -2.0746, -0.4933 -0.0151 -2.0751, -0.4931 -0.0124 -2.0751, -0.4927 0.0028 -2.0752, -0.4935 0.0179 -2.075, -0.4954 0.0326 -2.0744, -0.4966 0.0394 -2.074, -0.4997 0.0528 -2.0726, -0.5159 -0.0305 -2.1621, -0.5167 -0.0337 -2.1625, -0.5206 -0.0446 -2.164, -0.5239 -0.0521 -2.1648, -0.4042 0.0929 -1.9801, -0.4035 0.0685 -1.9817, -0.4032 0.0563 -1.9823, -0.4027 0.0308 -1.9831, -0.4025 0.0049 -1.9834, -0.4026 -0.0213 -1.9833, -0.4026 -0.026 -1.9832, -0.4031 -0.0517 -1.9825, -0.4037 -0.0767 -1.9812, -0.4044 -0.1009 -1.9795, -0.4434 -0.0839 -2.0013, -0.4418 -0.0642 -2.0039, -0.4404 -0.0434 -2.0057, -0.4395 -0.0219 -2.0067, -0.4394 -0.0179 -2.0068, -0.4392 0.0041 -2.007, -0.4396 0.0259 -2.0066, -0.4407 0.0473 -2.0054, -0.4413 0.0574 -2.0046, -0.4429 0.0774 -2.0023, -0.4763 -0.069 -2.0327, -0.4737 -0.0531 -2.0353, -0.4716 -0.036 -2.0369, -0.4702 -0.0182 -2.0379, -0.4701 -0.0149 -2.0379, -0.4698 0.0034 -2.0381, -0.4704 0.0216 -2.0377, -0.4719 0.0392 -2.0367, -0.4729 0.0475 -2.0359, -0.4754 0.0638 -2.0337, -0.4916 -0.0849 -2.0436, -0.5068 -0.0756 -2.0669, -0.5116 -0.0727 -2.0805, -0.5236 -0.0653 -2.1144, -0.5244 -0.0648 -2.1217, -0.5277 -0.059 -2.1652, -0.5293 -0.0618 -2.1654, -0.4287 -0.1818 -1.9734, -0.6035 -0.2627 -1.9752, -0.6069 -0.2289 -1.9893, -0.5656 -0.2203 -1.988, -0.4596 -0.1539 -1.988, -0.6083 -0.2155 -1.9949, -0.6106 -0.1923 -2.0128, -0.576 -0.1845 -2.0115, -0.4873 -0.1288 -2.0115, -0.6123 -0.1749 -2.0262, -0.6137 -0.1616 -2.0436, -0.5848 -0.1546 -2.0426, -0.6155 -0.1438 -2.0669, -0.616 -0.1382 -2.0805, -0.5913 -0.1321 -2.0799, -0.5552 -0.0978 -2.1216, -0.5386 -0.0825 -2.1216, -0.5278 -0.0922 -2.0799, -0.5423 -0.0792 -2.1654, -0.5968 -0.1134 -2.1654, -0.5766 -0.1054 -2.1654, -0.5744 -0.1098 -2.1216, -0.5467 -0.0832 -2.1654, -0.5582 -0.0939 -2.1654, -0.5711 -0.1019 -2.1654, -0.6181 -0.1175 -2.1654, -0.5994 -0.1139 -2.1654, -0.6175 -0.1232 -2.1217, -0.5954 -0.1181 -2.1216, -0.6174 -0.1242 -2.1144, -0.5464 -0.1094 -2.0799, -0.5104 -0.108 -2.0426, -0.5432 -0.1715 -2.0115, -0.5678 -0.1228 -2.0799, -0.5322 -0.128 -2.0426, -0.5263 -0.2048 -1.988, -0.4906 -0.1824 -1.988, -0.5572 -0.1437 -2.0426, -0.5133 -0.1528 -2.0115, -0.6028 -0.2699 -1.9743, -0.5539 -0.2603 -1.9734, -0.5076 -0.242 -1.9734, -0.4653 -0.2155 -1.9734, -0.3962 -0.2111 -1.9685, -0.4388 -0.2503 -1.9685, -0.4878 -0.2811 -1.9685, -0.5416 -0.3023 -1.9685, -0.6035 0.2627 -1.9752, -0.6028 0.2699 -1.9743, -0.5539 0.2603 -1.9734, -0.4596 0.1539 -1.988, -0.6083 0.2155 -1.9949, -0.6069 0.2289 -1.9893, -0.5656 0.2203 -1.988, -0.4873 0.1288 -2.0115, -0.6123 0.1749 -2.0262, -0.6106 0.1923 -2.0128, -0.576 0.1845 -2.0115, -0.5104 0.108 -2.0426, -0.5278 0.0922 -2.0799, -0.5744 0.1098 -2.1216, -0.5954 0.1181 -2.1216, -0.5913 0.1321 -2.0799, -0.5994 0.1139 -2.1654, -0.6181 0.1175 -2.1654, -0.6175 0.1232 -2.1217, -0.5711 0.1019 -2.1654, -0.5766 0.1054 -2.1654, -0.5467 0.0832 -2.1654, -0.5582 0.0939 -2.1654, -0.5552 0.0978 -2.1216, -0.5423 0.0792 -2.1654, -0.5386 0.0825 -2.1216, -0.5968 0.1134 -2.1654, -0.6174 0.1242 -2.1144, -0.616 0.1382 -2.0805, -0.6155 0.1438 -2.0669, -0.5678 0.1228 -2.0799, -0.5848 0.1546 -2.0426, -0.6137 0.1616 -2.0436, -0.5133 0.1528 -2.0115, -0.5464 0.1094 -2.0799, -0.5572 0.1437 -2.0426, -0.4906 0.1824 -1.988, -0.5263 0.2048 -1.988, -0.5322 0.128 -2.0426, -0.5432 0.1715 -2.0115, -0.4287 0.1818 -1.9734, -0.4653 0.2155 -1.9734, -0.5076 0.242 -1.9734, -0.5416 0.3023 -1.9685, -0.4878 0.2811 -1.9685, -0.4388 0.2503 -1.9685, -0.3962 0.2111 -1.9685, -0.7439 -0.0305 -2.1451, -0.743 -0.0341 -2.1454, -0.7471 -0.0367 -2.1027, -0.8486 -0.0469 -1.9703, -0.8403 -0.0797 -1.9709, -0.7322 -0.059 -2.1483, -0.7317 -0.0599 -2.1484, -0.7348 -0.0642 -2.105, -0.822 -0.1231 -1.972, -0.7134 -0.0835 -2.1529, -0.7063 -0.0901 -2.1545, -0.7075 -0.0959 -2.1094, -0.7898 -0.1702 -1.9738, -0.7739 -0.1872 -1.9746, -0.7565 -0.2028 -1.9753, -0.6889 -0.1022 -2.158, -0.6828 -0.1056 -2.1591, -0.6829 -0.1119 -2.1125, -0.7293 -0.2223 -1.9761, -0.6605 -0.1141 -2.1625, -0.6562 -0.1151 -2.163, -0.6556 -0.1215 -2.1146, -0.6882 -0.2433 -1.9767, -0.6563 -0.254 -1.9767, -0.6299 -0.118 -2.1651, -0.622 -0.1178 -2.1653, -0.6213 -0.1245 -2.1146, -0.6113 -0.2621 -1.9755, -0.6146 -0.2151 -1.9954, -0.6174 -0.1748 -2.0267, -0.6197 -0.1439 -2.0674, -0.6334 -0.1181 -2.1649, -0.6327 -0.1245 -2.115, -0.6449 -0.1172 -2.1642, -0.6441 -0.1236 -2.115, -0.6323 -0.1434 -2.0683, -0.645 -0.1419 -2.0689, -0.6324 -0.1736 -2.028, -0.6614 -0.1139 -2.1624, -0.6608 -0.1202 -2.1143, -0.6577 -0.1393 -2.0692, -0.6474 -0.1711 -2.0289, -0.633 -0.2129 -1.9966, -0.6723 -0.1103 -2.1609, -0.672 -0.1166 -2.1135, -0.6635 -0.1377 -2.0692, -0.6624 -0.1674 -2.0295, -0.6513 -0.2093 -1.9975, -0.634 -0.259 -1.9763, -0.6759 -0.1333 -2.069, -0.6692 -0.1652 -2.0297, -0.6694 -0.2041 -1.9981, -0.6929 -0.0999 -2.1573, -0.6935 -0.106 -2.1113, -0.688 -0.1278 -2.0685, -0.6837 -0.1595 -2.0298, -0.6776 -0.2012 -1.9982, -0.6783 -0.2471 -1.9768, -0.6971 -0.0971 -2.1564, -0.6979 -0.1032 -2.1107, -0.6998 -0.1211 -2.0679, -0.6979 -0.1525 -2.0297, -0.695 -0.1937 -1.9984, -0.7047 -0.1178 -2.0676, -0.7115 -0.1442 -2.0294, -0.7119 -0.1847 -1.9983, -0.7092 -0.2337 -1.9765, -0.7147 -0.0822 -2.1526, -0.7165 -0.0877 -2.1081, -0.7155 -0.1095 -2.0667, -0.7173 -0.1401 -2.0292, -0.7281 -0.174 -1.9981, -0.7224 -0.0735 -2.1508, -0.7247 -0.0786 -2.1067, -0.7256 -0.1001 -2.0659, -0.7298 -0.13 -2.0288, -0.7349 -0.169 -1.9979, -0.7485 -0.209 -1.9755, -0.7254 -0.0695 -2.15, -0.728 -0.0744 -2.1062, -0.7348 -0.0896 -2.065, -0.7414 -0.1186 -2.0282, -0.7496 -0.1564 -1.9975, -0.7385 -0.0848 -2.0646, -0.7521 -0.1061 -2.0275, -0.7632 -0.1424 -1.9969, -0.7371 -0.0497 -2.147, -0.7406 -0.0533 -2.1039, -0.7461 -0.0732 -2.0637, -0.7563 -0.1004 -2.0273, -0.7756 -0.1271 -1.9964, -0.7414 -0.0389 -2.1458, -0.7454 -0.0419 -2.103, -0.7527 -0.0608 -2.063, -0.7651 -0.0865 -2.0266, -0.7806 -0.1202 -1.9961, -0.8044 -0.1516 -1.9731, -0.7581 -0.0477 -2.0623, -0.7727 -0.0718 -2.0261, -0.7908 -0.1034 -1.9956, -0.8101 -0.1432 -1.9727, -0.7458 -0.0229 -2.1446, -0.7502 -0.0247 -2.1021, -0.76 -0.0418 -2.0621, -0.7788 -0.0563 -2.0256, -0.7996 -0.0857 -1.995, -0.8517 -0.0237 -1.9701, -0.8166 -0.0199 -1.9939, -0.8433 -0.0698 -1.9706, -0.8138 -0.0395 -1.9941, -0.7874 -0.0167 -2.0248, -0.8093 -0.0588 -1.9944, -0.785 -0.0332 -2.0251, -0.7655 -0.0142 -2.0614, -0.8321 -0.1019 -1.9714, -0.8067 -0.0672 -1.9946, -0.7811 -0.0493 -2.0254, -0.7635 -0.0282 -2.0616, -0.752 -0.0125 -2.1017, -0.7475 -0.0116 -2.1441, -0.748 0.0 -2.144, -0.7526 0.0 -2.1016, -0.7662 0.0 -2.0613, -0.7882 0.0 -2.0248, -0.8175 0.0 -1.9939, -0.8528 0.0 -1.97, -0.6274 0.1741 -2.0276, -0.7587 0.2009 -1.9752, -0.7759 0.1852 -1.9745, -0.8526 0.0095 -1.97, -0.7525 0.005 -2.1016, -0.7479 0.0047 -2.144, -0.7522 0.0107 -2.1017, -0.7476 0.0099 -2.1441, -0.7505 0.0229 -2.102, -0.7461 0.0213 -2.1445, -0.852 0.0203 -1.97, -0.8491 0.0436 -1.9702, -0.8442 0.0665 -1.9706, -0.8371 0.0891 -1.9711, -0.8333 0.0992 -1.9713, -0.7439 0.0306 -2.1451, -0.7476 0.035 -2.1026, -0.7435 0.0325 -2.1452, -0.7436 0.0467 -2.1034, -0.7397 0.0435 -2.1463, -0.7413 0.0519 -2.1038, -0.7377 0.0484 -2.1468, -0.7356 0.0628 -2.1049, -0.7325 0.0586 -2.1482, -0.8234 0.1204 -1.9719, -0.8117 0.1407 -1.9726, -0.7322 0.059 -2.1483, -0.7289 0.0731 -2.106, -0.7263 0.0683 -2.1498, -0.7212 0.0827 -2.1073, -0.7191 0.0774 -2.1516, -0.7176 0.0867 -2.1079, -0.7157 0.0812 -2.1524, -0.7981 0.16 -1.9734, -0.7917 0.168 -1.9737, -0.7134 0.0834 -2.1529, -0.7087 0.095 -2.1093, -0.7074 0.0892 -2.1543, -0.6991 0.1023 -2.1106, -0.6983 0.0963 -2.1562, -0.7401 0.2152 -1.9758, -0.7321 0.2205 -1.976, -0.7121 0.2322 -1.9765, -0.689 0.1023 -2.158, -0.6888 0.1088 -2.1118, -0.6885 0.1026 -2.1581, -0.6844 0.1111 -2.1123, -0.6843 0.1049 -2.1589, -0.6736 0.116 -2.1134, -0.6738 0.1097 -2.1606, -0.6624 0.1198 -2.1142, -0.6629 0.1134 -2.1622, -0.6912 0.2421 -1.9767, -0.6695 0.2501 -1.9768, -0.6605 0.114 -2.1625, -0.6509 0.1225 -2.1148, -0.6516 0.1161 -2.1635, -0.6403 0.124 -2.115, -0.641 0.1176 -2.1645, -0.6264 0.2602 -1.976, -0.6489 0.2559 -1.9766, -0.6268 0.2138 -1.9963, -0.6452 0.2107 -1.9972, -0.6621 0.2064 -1.9979, -0.6801 0.2002 -1.9983, -0.6975 0.1925 -1.9984, -0.7142 0.1833 -1.9983, -0.721 0.179 -1.9982, -0.7367 0.1675 -1.9979, -0.7513 0.1547 -1.9974, -0.7648 0.1406 -1.9969, -0.7703 0.134 -1.9966, -0.782 0.1181 -1.9961, -0.792 0.1012 -1.9955, -0.8006 0.0834 -1.995, -0.8039 0.075 -1.9948, -0.81 0.056 -1.9944, -0.8143 0.0367 -1.9941, -0.8168 0.0171 -1.9939, -0.8174 0.008 -1.9939, -0.6281 0.1437 -2.0681, -0.6288 0.1246 -2.1149, -0.6407 0.1426 -2.0688, -0.6525 0.1405 -2.0691, -0.6652 0.1371 -2.0692, -0.6776 0.1326 -2.0689, -0.6897 0.1269 -2.0684, -0.6946 0.1242 -2.0682, -0.7061 0.1168 -2.0675, -0.7168 0.1084 -2.0666, -0.7267 0.0989 -2.0658, -0.7308 0.0944 -2.0654, -0.7395 0.0834 -2.0645, -0.7471 0.0717 -2.0636, -0.7534 0.0592 -2.0629, -0.756 0.0533 -2.0626, -0.7606 0.0399 -2.062, -0.7638 0.0262 -2.0616, -0.7657 0.0122 -2.0613, -0.7661 0.0057 -2.0613, -0.6424 0.1721 -2.0287, -0.6563 0.1691 -2.0293, -0.6713 0.1645 -2.0297, -0.6858 0.1586 -2.0298, -0.6998 0.1514 -2.0297, -0.7055 0.1481 -2.0296, -0.7188 0.1389 -2.0292, -0.7313 0.1286 -2.0287, -0.7428 0.1172 -2.0281, -0.7475 0.1118 -2.0278, -0.7575 0.0986 -2.0272, -0.7662 0.0847 -2.0266, -0.7735 0.0699 -2.026, -0.7764 0.0629 -2.0258, -0.7817 0.047 -2.0253, -0.7855 0.0308 -2.025, -0.7876 0.0144 -2.0248, -0.7881 0.0067 -2.0248, -0.6299 0.1181 -2.1651, -0.6296 0.1181 -2.1651, -0.6296 0.1181 -2.1651
            ]
        }
        coordIndex [
            0,1,2,-1,3,4,5,-1,6,7,8,-1,9,10,11,-1,11,12,13,-1,13,14,11,-1,11,14,15,-1,11,15,9,-1,10,16,11,-1,11,16,17,-1,11,17,12,-1,12,17,18,-1,12,18,19,-1,19,20,12,-1,12,20,21,-1,12,21,22,-1,23,24,25,-1,25,24,26,-1,26,27,25,-1,25,27,28,-1,25,28,29,-1,25,30,31,-1,31,30,32,-1,29,33,25,-1,25,33,34,-1,25,34,30,-1,30,34,35,-1,30,35,36,-1,36,37,30,-1,30,37,38,-1,30,38,32,-1,39,40,41,-1,41,40,42,-1,41,42,43,-1,22,23,12,-1,12,23,25,-1,12,25,42,-1,42,25,44,-1,42,44,43,-1,39,41,8,-1,8,41,45,-1,8,45,6,-1,46,47,48,-1,48,47,49,-1,48,49,7,-1,7,49,50,-1,7,50,8,-1,5,4,51,-1,51,4,52,-1,51,52,53,-1,53,52,54,-1,53,54,55,-1,55,54,56,-1,55,56,57,-1,57,56,58,-1,57,58,46,-1,46,58,59,-1,46,59,47,-1,5,60,3,-1,3,60,61,-1,3,61,62,-1,62,61,63,-1,62,63,64,-1,63,65,64,-1,64,65,66,-1,64,66,67,-1,67,66,68,-1,2,1,69,-1,68,66,1,-1,1,66,70,-1,1,70,69,-1,71,72,2,-1,2,72,73,-1,2,73,0,-1,74,75,76,-1,76,71,77,-1,77,78,76,-1,76,78,79,-1,76,79,74,-1,80,71,81,-1,81,71,76,-1,81,76,82,-1,82,76,75,-1,80,83,71,-1,71,83,84,-1,71,84,85,-1,85,86,71,-1,71,86,87,-1,71,87,72,-1,72,87,88,-1,72,88,89,-1,89,90,72,-1,72,90,91,-1,72,91,92,-1,72,93,94,-1,94,93,95,-1,92,96,72,-1,72,96,97,-1,72,97,93,-1,93,97,98,-1,93,98,99,-1,99,100,93,-1,93,100,101,-1,93,101,95,-1,98,102,99,-1,99,102,103,-1,99,103,100,-1,100,103,104,-1,100,104,101,-1,101,104,105,-1,101,105,95,-1,73,72,106,-1,106,72,94,-1,106,94,107,-1,107,94,95,-1,107,95,108,-1,108,95,105,-1,68,1,109,-1,109,1,0,-1,109,0,110,-1,110,0,73,-1,110,73,111,-1,111,73,106,-1,3,62,112,-1,112,62,64,-1,112,64,67,-1,68,109,67,-1,67,109,113,-1,67,113,112,-1,56,114,58,-1,58,114,115,-1,58,115,59,-1,59,115,116,-1,59,116,47,-1,52,4,117,-1,52,117,54,-1,3,112,4,-1,4,112,118,-1,4,118,117,-1,40,39,119,-1,119,39,8,-1,119,8,120,-1,120,8,50,-1,120,50,116,-1,116,50,49,-1,116,49,47,-1,121,42,122,-1,122,42,40,-1,122,40,123,-1,123,40,119,-1,124,16,125,-1,125,16,10,-1,125,10,126,-1,126,10,9,-1,126,9,127,-1,127,9,15,-1,127,15,128,-1,128,15,14,-1,128,14,129,-1,129,14,13,-1,129,13,121,-1,121,13,12,-1,121,12,42,-1,56,54,114,-1,114,54,117,-1,114,117,130,-1,130,117,131,-1,130,131,132,-1,132,131,133,-1,134,135,136,-1,137,138,139,-1,140,141,142,-1,143,144,145,-1,146,147,148,-1,149,150,151,-1,152,153,154,-1,155,156,157,-1,158,159,160,-1,161,162,163,-1,164,165,166,-1,166,165,167,-1,166,167,168,-1,169,170,171,-1,171,170,172,-1,171,172,173,-1,158,160,174,-1,175,176,177,-1,177,176,178,-1,179,180,181,-1,181,180,182,-1,181,182,183,-1,183,182,184,-1,185,186,187,-1,187,186,188,-1,187,188,189,-1,190,191,192,-1,192,191,193,-1,194,195,196,-1,102,197,103,-1,103,197,198,-1,103,198,104,-1,104,198,199,-1,200,108,199,-1,199,108,105,-1,199,105,104,-1,201,106,200,-1,200,106,107,-1,200,107,108,-1,202,109,203,-1,203,109,110,-1,203,110,201,-1,201,110,111,-1,201,111,106,-1,204,112,202,-1,202,112,113,-1,202,113,109,-1,205,117,204,-1,204,117,118,-1,204,118,112,-1,197,206,198,-1,198,206,207,-1,198,207,199,-1,199,207,208,-1,199,208,200,-1,200,208,209,-1,200,209,201,-1,201,209,210,-1,201,210,203,-1,203,210,211,-1,203,211,202,-1,202,211,212,-1,202,212,204,-1,204,212,213,-1,204,213,205,-1,205,213,154,-1,214,133,205,-1,205,133,131,-1,205,131,117,-1,154,153,205,-1,205,153,215,-1,205,215,214,-1,216,152,217,-1,217,152,154,-1,217,154,218,-1,218,154,213,-1,218,213,219,-1,219,213,212,-1,219,212,220,-1,220,212,211,-1,220,211,221,-1,221,211,210,-1,221,210,222,-1,222,210,209,-1,222,209,223,-1,223,209,208,-1,223,208,224,-1,224,208,207,-1,224,207,225,-1,225,207,206,-1,225,195,224,-1,224,195,194,-1,224,194,223,-1,223,194,226,-1,223,226,222,-1,222,226,227,-1,222,227,221,-1,221,227,228,-1,221,228,220,-1,220,228,229,-1,220,229,219,-1,219,229,230,-1,219,230,218,-1,218,230,231,-1,218,231,217,-1,217,231,151,-1,217,151,216,-1,216,151,150,-1,147,149,148,-1,148,149,151,-1,148,151,232,-1,232,151,231,-1,232,231,233,-1,233,231,230,-1,233,230,234,-1,234,230,229,-1,234,229,235,-1,235,229,228,-1,235,228,236,-1,236,228,227,-1,236,227,237,-1,237,227,226,-1,237,226,192,-1,192,226,194,-1,192,194,190,-1,190,194,196,-1,238,146,239,-1,239,146,148,-1,239,148,240,-1,240,148,232,-1,240,232,241,-1,241,232,233,-1,241,233,242,-1,242,233,234,-1,242,234,243,-1,243,234,235,-1,243,235,244,-1,244,235,236,-1,244,236,245,-1,245,236,237,-1,245,237,157,-1,157,237,192,-1,157,192,155,-1,155,192,193,-1,156,185,157,-1,157,185,187,-1,157,187,245,-1,245,187,246,-1,245,246,244,-1,244,246,247,-1,244,247,243,-1,243,247,248,-1,243,248,242,-1,242,248,249,-1,242,249,241,-1,241,249,250,-1,241,250,240,-1,240,250,251,-1,240,251,239,-1,239,251,145,-1,239,145,238,-1,238,145,144,-1,141,143,142,-1,142,143,145,-1,142,145,252,-1,252,145,251,-1,252,251,253,-1,253,251,250,-1,253,250,254,-1,254,250,249,-1,254,249,255,-1,255,249,248,-1,255,248,256,-1,256,248,247,-1,256,247,183,-1,183,247,246,-1,183,246,181,-1,181,246,187,-1,181,187,179,-1,179,187,189,-1,257,140,258,-1,258,140,142,-1,258,142,259,-1,259,142,252,-1,259,252,260,-1,260,252,253,-1,260,253,261,-1,261,253,254,-1,261,254,262,-1,262,254,255,-1,262,255,263,-1,263,255,256,-1,263,256,177,-1,177,256,183,-1,177,183,175,-1,175,183,184,-1,178,174,177,-1,177,174,160,-1,177,160,263,-1,263,160,264,-1,263,264,262,-1,262,264,265,-1,262,265,261,-1,261,265,266,-1,261,266,260,-1,260,266,267,-1,260,267,259,-1,259,267,268,-1,259,268,258,-1,258,268,139,-1,258,139,257,-1,257,139,138,-1,135,137,136,-1,136,137,139,-1,136,139,269,-1,269,139,268,-1,269,268,270,-1,270,268,267,-1,270,267,271,-1,271,267,266,-1,271,266,272,-1,272,266,265,-1,272,265,273,-1,273,265,264,-1,273,264,171,-1,171,264,160,-1,171,160,169,-1,169,160,159,-1,274,134,275,-1,275,134,136,-1,275,136,276,-1,276,136,269,-1,276,269,277,-1,277,269,270,-1,277,270,278,-1,278,270,271,-1,278,271,279,-1,279,271,272,-1,279,272,280,-1,280,272,273,-1,280,273,163,-1,163,273,171,-1,163,171,161,-1,161,171,173,-1,162,164,163,-1,163,164,166,-1,163,166,280,-1,280,166,281,-1,280,281,279,-1,279,281,282,-1,279,282,278,-1,278,282,283,-1,278,283,277,-1,277,283,284,-1,277,284,276,-1,276,284,285,-1,276,285,275,-1,275,285,286,-1,275,286,274,-1,274,286,287,-1,288,289,290,-1,291,292,293,-1,294,295,296,-1,297,298,299,-1,300,301,302,-1,303,304,305,-1,306,307,308,-1,309,310,311,-1,312,313,314,-1,315,316,317,-1,317,316,318,-1,317,318,319,-1,319,318,320,-1,321,322,323,-1,324,325,326,-1,326,325,327,-1,326,327,328,-1,329,330,331,-1,332,333,334,-1,334,333,335,-1,334,335,336,-1,336,335,337,-1,336,337,338,-1,339,340,341,-1,339,341,342,-1,312,314,343,-1,344,345,346,-1,346,345,347,-1,346,347,348,-1,168,349,350,-1,350,349,351,-1,311,352,309,-1,309,352,353,-1,309,353,354,-1,353,355,354,-1,354,355,356,-1,354,356,357,-1,356,358,357,-1,357,358,359,-1,357,359,360,-1,360,359,361,-1,360,361,362,-1,361,363,362,-1,362,363,364,-1,362,364,365,-1,364,366,365,-1,365,366,367,-1,365,367,368,-1,351,344,350,-1,350,344,346,-1,350,346,369,-1,369,346,370,-1,369,370,371,-1,371,370,372,-1,371,372,373,-1,373,372,374,-1,373,374,375,-1,375,374,376,-1,375,376,377,-1,377,376,378,-1,377,378,379,-1,379,378,308,-1,380,287,379,-1,379,287,286,-1,379,286,377,-1,377,286,285,-1,377,285,375,-1,375,285,284,-1,375,284,373,-1,373,284,283,-1,373,283,371,-1,371,283,282,-1,371,282,369,-1,369,282,281,-1,369,281,350,-1,350,281,166,-1,350,166,168,-1,308,307,379,-1,379,307,381,-1,379,381,380,-1,382,306,383,-1,383,306,308,-1,383,308,384,-1,384,308,378,-1,384,378,385,-1,385,378,376,-1,385,376,386,-1,386,376,374,-1,386,374,387,-1,387,374,372,-1,387,372,388,-1,388,372,370,-1,388,370,314,-1,314,370,346,-1,314,346,343,-1,343,346,348,-1,313,342,314,-1,314,342,341,-1,314,341,388,-1,388,341,389,-1,388,389,387,-1,387,389,390,-1,387,390,386,-1,386,390,391,-1,386,391,385,-1,385,391,392,-1,385,392,384,-1,384,392,393,-1,384,393,383,-1,383,393,305,-1,383,305,382,-1,382,305,304,-1,301,303,302,-1,302,303,305,-1,302,305,394,-1,394,305,393,-1,394,393,395,-1,395,393,392,-1,395,392,396,-1,396,392,391,-1,396,391,397,-1,397,391,390,-1,397,390,398,-1,398,390,389,-1,398,389,334,-1,334,389,341,-1,334,341,332,-1,332,341,340,-1,399,300,400,-1,400,300,302,-1,400,302,401,-1,401,302,394,-1,401,394,402,-1,402,394,395,-1,402,395,403,-1,403,395,396,-1,403,396,404,-1,404,396,397,-1,404,397,405,-1,405,397,398,-1,405,398,406,-1,406,398,334,-1,406,334,331,-1,331,334,336,-1,331,336,329,-1,329,336,338,-1,330,324,331,-1,331,324,326,-1,331,326,406,-1,406,326,407,-1,406,407,405,-1,405,407,408,-1,405,408,404,-1,404,408,409,-1,404,409,403,-1,403,409,410,-1,403,410,402,-1,402,410,411,-1,402,411,401,-1,401,411,412,-1,401,412,400,-1,400,412,299,-1,400,299,399,-1,399,299,298,-1,295,297,296,-1,296,297,299,-1,296,299,413,-1,413,299,412,-1,413,412,414,-1,414,412,411,-1,414,411,415,-1,415,411,410,-1,415,410,416,-1,416,410,409,-1,416,409,417,-1,417,409,408,-1,417,408,418,-1,418,408,407,-1,418,407,323,-1,323,407,326,-1,323,326,321,-1,321,326,328,-1,419,294,420,-1,420,294,296,-1,420,296,421,-1,421,296,413,-1,421,413,422,-1,422,413,414,-1,422,414,423,-1,423,414,415,-1,423,415,424,-1,424,415,416,-1,424,416,425,-1,425,416,417,-1,425,417,426,-1,426,417,418,-1,426,418,318,-1,318,418,323,-1,318,323,320,-1,320,323,322,-1,316,427,318,-1,318,427,428,-1,318,428,426,-1,426,428,429,-1,426,429,425,-1,425,429,430,-1,425,430,424,-1,424,430,431,-1,424,431,423,-1,423,431,432,-1,423,432,422,-1,422,432,433,-1,422,433,421,-1,421,433,434,-1,421,434,420,-1,420,434,293,-1,420,293,419,-1,419,293,292,-1,289,291,290,-1,290,291,293,-1,290,293,435,-1,435,293,434,-1,435,434,436,-1,436,434,433,-1,436,433,437,-1,437,433,432,-1,437,432,438,-1,438,432,431,-1,438,431,439,-1,439,431,430,-1,439,430,440,-1,440,430,429,-1,440,429,441,-1,441,429,428,-1,441,428,442,-1,442,428,427,-1,443,288,444,-1,444,288,290,-1,444,290,368,-1,368,290,435,-1,368,435,365,-1,365,435,436,-1,365,436,362,-1,362,436,437,-1,362,437,360,-1,360,437,438,-1,360,438,357,-1,357,438,439,-1,357,439,354,-1,354,439,440,-1,354,440,309,-1,309,440,441,-1,309,441,310,-1,310,441,442,-1,367,445,368,-1,368,445,446,-1,368,446,444,-1,444,446,447,-1,444,447,443,-1,443,447,448,-1,35,449,36,-1,36,449,450,-1,36,450,37,-1,37,450,451,-1,37,451,38,-1,38,451,452,-1,38,452,32,-1,44,25,453,-1,453,25,31,-1,453,31,454,-1,454,31,32,-1,454,32,455,-1,455,32,452,-1,45,41,456,-1,456,41,43,-1,456,43,457,-1,457,43,44,-1,457,44,458,-1,458,44,453,-1,46,48,459,-1,459,48,7,-1,459,7,6,-1,45,456,6,-1,6,456,460,-1,6,460,459,-1,5,51,445,-1,445,51,446,-1,5,445,60,-1,60,445,367,-1,60,367,61,-1,55,57,461,-1,55,461,53,-1,46,459,57,-1,57,459,462,-1,57,462,461,-1,69,70,364,-1,364,70,66,-1,364,66,366,-1,366,66,65,-1,366,65,367,-1,367,65,63,-1,367,63,61,-1,359,2,361,-1,361,2,69,-1,361,69,363,-1,363,69,364,-1,311,82,352,-1,352,82,75,-1,352,75,353,-1,353,75,74,-1,353,74,355,-1,355,74,79,-1,355,79,356,-1,356,79,78,-1,356,78,358,-1,358,78,77,-1,358,77,359,-1,359,77,71,-1,359,71,2,-1,51,53,446,-1,446,53,461,-1,446,461,447,-1,447,461,463,-1,447,463,448,-1,448,463,464,-1,465,466,467,-1,468,469,470,-1,471,468,472,-1,473,474,475,-1,475,474,471,-1,476,477,478,-1,478,477,479,-1,478,479,480,-1,480,479,467,-1,480,467,481,-1,481,467,466,-1,481,466,482,-1,483,484,485,-1,485,484,486,-1,485,486,475,-1,475,486,487,-1,475,487,473,-1,476,488,477,-1,477,488,489,-1,477,489,490,-1,491,492,483,-1,483,492,493,-1,483,493,484,-1,489,494,490,-1,490,494,495,-1,490,495,496,-1,497,498,491,-1,491,498,499,-1,491,499,492,-1,495,500,496,-1,496,500,501,-1,496,501,502,-1,503,504,505,-1,505,504,506,-1,505,506,497,-1,497,506,507,-1,497,507,498,-1,501,508,502,-1,502,508,509,-1,502,509,510,-1,510,509,511,-1,510,511,512,-1,513,514,503,-1,503,514,515,-1,503,515,504,-1,516,517,518,-1,518,517,512,-1,518,512,519,-1,519,512,511,-1,520,521,522,-1,522,521,523,-1,522,523,524,-1,524,523,525,-1,524,525,526,-1,526,525,527,-1,526,527,528,-1,528,527,529,-1,528,529,530,-1,530,529,531,-1,530,531,532,-1,532,531,533,-1,532,533,534,-1,534,533,535,-1,534,535,536,-1,536,535,537,-1,536,537,538,-1,538,537,539,-1,538,539,465,-1,520,540,521,-1,521,540,541,-1,521,541,523,-1,523,541,542,-1,523,542,525,-1,525,542,543,-1,525,543,527,-1,527,543,544,-1,527,544,529,-1,529,544,545,-1,529,545,531,-1,531,545,546,-1,531,546,533,-1,533,546,547,-1,533,547,535,-1,535,547,470,-1,535,470,537,-1,537,470,469,-1,537,469,539,-1,465,467,538,-1,538,467,479,-1,538,479,536,-1,536,479,477,-1,536,477,534,-1,534,477,490,-1,534,490,532,-1,532,490,496,-1,532,496,530,-1,530,496,502,-1,530,502,528,-1,528,502,510,-1,528,510,526,-1,526,510,512,-1,526,512,524,-1,524,512,517,-1,524,517,522,-1,522,517,520,-1,548,549,513,-1,513,549,550,-1,513,550,514,-1,516,551,517,-1,517,551,520,-1,520,552,548,-1,548,552,553,-1,548,553,549,-1,471,472,475,-1,475,472,554,-1,475,554,485,-1,485,554,555,-1,485,555,483,-1,483,555,556,-1,483,556,491,-1,491,556,557,-1,491,557,497,-1,497,557,558,-1,497,558,505,-1,505,558,559,-1,505,559,503,-1,503,559,560,-1,503,560,513,-1,513,560,561,-1,513,561,548,-1,548,561,520,-1,468,470,472,-1,472,470,547,-1,472,547,554,-1,554,547,546,-1,554,546,555,-1,555,546,545,-1,555,545,556,-1,556,545,544,-1,556,544,557,-1,557,544,543,-1,557,543,558,-1,558,543,542,-1,558,542,559,-1,559,542,541,-1,559,541,560,-1,560,541,540,-1,560,540,561,-1,561,540,520,-1,468,471,562,-1,465,539,563,-1,466,465,564,-1,565,482,566,-1,566,482,466,-1,567,568,569,-1,569,568,570,-1,569,570,571,-1,571,570,562,-1,571,562,572,-1,572,562,471,-1,572,471,474,-1,573,574,575,-1,575,574,576,-1,575,576,566,-1,566,576,577,-1,566,577,565,-1,567,578,568,-1,568,578,579,-1,568,579,580,-1,581,582,573,-1,573,582,583,-1,573,583,574,-1,579,584,580,-1,580,584,585,-1,580,585,586,-1,587,588,581,-1,581,588,589,-1,581,589,582,-1,585,590,586,-1,586,590,591,-1,586,591,592,-1,593,594,595,-1,595,594,596,-1,595,596,587,-1,587,596,597,-1,587,597,588,-1,591,598,592,-1,592,598,599,-1,592,599,600,-1,600,599,601,-1,600,601,602,-1,603,604,593,-1,593,604,605,-1,593,605,594,-1,606,607,608,-1,608,607,602,-1,608,602,609,-1,609,602,601,-1,610,611,612,-1,612,611,613,-1,612,613,614,-1,614,613,615,-1,614,615,616,-1,616,615,617,-1,616,617,618,-1,618,617,619,-1,618,619,620,-1,620,619,621,-1,620,621,622,-1,622,621,623,-1,622,623,624,-1,624,623,625,-1,624,625,626,-1,626,625,627,-1,626,627,628,-1,628,627,469,-1,628,469,468,-1,610,629,611,-1,611,629,630,-1,611,630,613,-1,613,630,631,-1,613,631,615,-1,615,631,632,-1,615,632,617,-1,617,632,633,-1,617,633,619,-1,619,633,634,-1,619,634,621,-1,621,634,635,-1,621,635,623,-1,623,635,636,-1,623,636,625,-1,625,636,563,-1,625,563,627,-1,627,563,539,-1,627,539,469,-1,468,562,628,-1,628,562,570,-1,628,570,626,-1,626,570,568,-1,626,568,624,-1,624,568,580,-1,624,580,622,-1,622,580,586,-1,622,586,620,-1,620,586,592,-1,620,592,618,-1,618,592,600,-1,618,600,616,-1,616,600,602,-1,616,602,614,-1,614,602,607,-1,614,607,612,-1,612,607,610,-1,637,638,603,-1,603,638,639,-1,603,639,604,-1,606,640,607,-1,607,640,610,-1,610,641,637,-1,637,641,642,-1,637,642,638,-1,466,564,566,-1,566,564,643,-1,566,643,575,-1,575,643,644,-1,575,644,573,-1,573,644,645,-1,573,645,581,-1,581,645,646,-1,581,646,587,-1,587,646,647,-1,587,647,595,-1,595,647,648,-1,595,648,593,-1,593,648,649,-1,593,649,603,-1,603,649,650,-1,603,650,637,-1,637,650,610,-1,465,563,564,-1,564,563,636,-1,564,636,643,-1,643,636,635,-1,643,635,644,-1,644,635,634,-1,644,634,645,-1,645,634,633,-1,645,633,646,-1,646,633,632,-1,646,632,647,-1,647,632,631,-1,647,631,648,-1,648,631,630,-1,648,630,649,-1,649,630,629,-1,649,629,650,-1,650,629,610,-1,651,652,653,-1,654,655,656,-1,657,654,658,-1,659,660,661,-1,661,660,657,-1,662,663,664,-1,664,663,665,-1,664,665,666,-1,666,665,653,-1,666,653,667,-1,667,653,652,-1,667,652,668,-1,669,670,671,-1,671,670,672,-1,671,672,661,-1,661,672,673,-1,661,673,659,-1,662,674,663,-1,663,674,675,-1,663,675,676,-1,677,678,669,-1,669,678,679,-1,669,679,670,-1,675,680,676,-1,676,680,681,-1,676,681,682,-1,683,684,677,-1,677,684,685,-1,677,685,678,-1,681,686,682,-1,682,686,687,-1,682,687,688,-1,689,690,691,-1,691,690,692,-1,691,692,683,-1,683,692,693,-1,683,693,684,-1,687,694,688,-1,688,694,695,-1,688,695,696,-1,696,695,697,-1,696,697,698,-1,699,700,689,-1,689,700,701,-1,689,701,690,-1,702,703,704,-1,704,703,698,-1,704,698,705,-1,705,698,697,-1,706,707,708,-1,708,707,709,-1,708,709,710,-1,710,709,711,-1,710,711,712,-1,712,711,713,-1,712,713,714,-1,714,713,715,-1,714,715,716,-1,716,715,717,-1,716,717,718,-1,718,717,719,-1,718,719,720,-1,720,719,721,-1,720,721,722,-1,722,721,723,-1,722,723,724,-1,724,723,725,-1,724,725,651,-1,706,726,707,-1,707,726,727,-1,707,727,709,-1,709,727,728,-1,709,728,711,-1,711,728,729,-1,711,729,713,-1,713,729,730,-1,713,730,715,-1,715,730,731,-1,715,731,717,-1,717,731,732,-1,717,732,719,-1,719,732,733,-1,719,733,721,-1,721,733,656,-1,721,656,723,-1,723,656,655,-1,723,655,725,-1,651,653,724,-1,724,653,665,-1,724,665,722,-1,722,665,663,-1,722,663,720,-1,720,663,676,-1,720,676,718,-1,718,676,682,-1,718,682,716,-1,716,682,688,-1,716,688,714,-1,714,688,696,-1,714,696,712,-1,712,696,698,-1,712,698,710,-1,710,698,703,-1,710,703,708,-1,708,703,706,-1,734,735,699,-1,699,735,736,-1,699,736,700,-1,702,737,703,-1,703,737,706,-1,706,738,734,-1,734,738,739,-1,734,739,735,-1,657,658,661,-1,661,658,740,-1,661,740,671,-1,671,740,741,-1,671,741,669,-1,669,741,742,-1,669,742,677,-1,677,742,743,-1,677,743,683,-1,683,743,744,-1,683,744,691,-1,691,744,745,-1,691,745,689,-1,689,745,746,-1,689,746,699,-1,699,746,747,-1,699,747,734,-1,734,747,706,-1,654,656,658,-1,658,656,733,-1,658,733,740,-1,740,733,732,-1,740,732,741,-1,741,732,731,-1,741,731,742,-1,742,731,730,-1,742,730,743,-1,743,730,729,-1,743,729,744,-1,744,729,728,-1,744,728,745,-1,745,728,727,-1,745,727,746,-1,746,727,726,-1,746,726,747,-1,747,726,706,-1,748,749,750,-1,751,752,753,-1,754,755,756,-1,757,758,759,-1,760,761,762,-1,763,764,765,-1,766,761,765,-1,761,766,762,-1,762,766,767,-1,762,767,768,-1,760,765,761,-1,764,763,769,-1,769,763,770,-1,769,770,771,-1,768,772,762,-1,762,772,773,-1,762,773,760,-1,760,773,774,-1,760,774,765,-1,771,770,775,-1,775,770,776,-1,775,776,777,-1,768,778,772,-1,772,778,779,-1,772,779,780,-1,777,776,781,-1,781,776,782,-1,781,782,783,-1,780,784,785,-1,785,784,786,-1,785,786,787,-1,783,782,788,-1,788,782,789,-1,788,789,790,-1,790,789,791,-1,790,791,792,-1,786,793,787,-1,787,793,794,-1,787,794,795,-1,795,794,796,-1,795,796,797,-1,792,791,798,-1,798,791,799,-1,798,799,800,-1,801,802,803,-1,803,802,797,-1,803,797,804,-1,804,797,796,-1,805,785,806,-1,806,785,787,-1,806,787,807,-1,807,787,795,-1,807,795,808,-1,808,795,797,-1,808,797,809,-1,809,797,802,-1,809,802,810,-1,811,805,812,-1,812,805,806,-1,812,806,813,-1,813,806,807,-1,813,807,814,-1,814,807,808,-1,814,808,815,-1,815,808,809,-1,815,809,816,-1,816,809,810,-1,816,810,817,-1,818,811,819,-1,819,811,812,-1,819,812,820,-1,820,812,813,-1,820,813,821,-1,821,813,814,-1,821,814,822,-1,822,814,815,-1,822,815,823,-1,823,815,816,-1,823,816,824,-1,824,816,817,-1,824,817,825,-1,765,818,826,-1,826,818,819,-1,826,819,827,-1,827,819,820,-1,827,820,828,-1,828,820,821,-1,828,821,829,-1,829,821,822,-1,829,822,830,-1,830,822,823,-1,830,823,831,-1,831,823,824,-1,831,824,832,-1,832,824,825,-1,832,825,833,-1,765,826,763,-1,763,826,827,-1,763,827,770,-1,770,827,828,-1,770,828,776,-1,776,828,829,-1,776,829,782,-1,782,829,830,-1,782,830,789,-1,789,830,831,-1,789,831,791,-1,791,831,832,-1,791,832,799,-1,799,832,833,-1,799,833,756,-1,780,785,772,-1,772,785,805,-1,772,805,773,-1,773,805,811,-1,773,811,774,-1,774,811,818,-1,774,818,765,-1,756,755,799,-1,799,755,834,-1,799,834,800,-1,749,754,750,-1,750,754,756,-1,750,756,835,-1,835,756,833,-1,835,833,836,-1,836,833,825,-1,836,825,837,-1,837,825,817,-1,837,817,838,-1,838,817,810,-1,838,810,759,-1,759,810,802,-1,759,802,757,-1,757,802,801,-1,839,748,840,-1,840,748,750,-1,840,750,841,-1,841,750,835,-1,841,835,842,-1,842,835,836,-1,842,836,843,-1,843,836,837,-1,843,837,844,-1,844,837,838,-1,844,838,753,-1,753,838,759,-1,753,759,751,-1,751,759,758,-1,660,839,657,-1,657,839,840,-1,657,840,654,-1,654,840,841,-1,654,841,655,-1,655,841,842,-1,655,842,725,-1,725,842,843,-1,725,843,651,-1,651,843,844,-1,651,844,652,-1,652,844,753,-1,652,753,668,-1,668,753,752,-1,845,846,847,-1,848,849,850,-1,851,852,853,-1,854,855,856,-1,857,858,859,-1,860,861,862,-1,863,864,865,-1,866,867,868,-1,869,870,871,-1,872,873,874,-1,875,876,877,-1,877,876,878,-1,877,878,879,-1,880,881,882,-1,882,881,883,-1,882,883,884,-1,869,871,885,-1,886,887,888,-1,888,887,889,-1,890,891,892,-1,892,891,893,-1,892,893,894,-1,894,893,895,-1,896,897,898,-1,898,897,899,-1,898,899,900,-1,901,902,903,-1,903,902,904,-1,905,906,907,-1,449,908,450,-1,450,908,909,-1,450,909,451,-1,451,909,910,-1,911,455,910,-1,910,455,452,-1,910,452,451,-1,912,453,911,-1,911,453,454,-1,911,454,455,-1,913,456,914,-1,914,456,457,-1,914,457,912,-1,912,457,458,-1,912,458,453,-1,915,459,913,-1,913,459,460,-1,913,460,456,-1,916,461,915,-1,915,461,462,-1,915,462,459,-1,908,917,909,-1,909,917,918,-1,909,918,910,-1,910,918,919,-1,910,919,911,-1,911,919,920,-1,911,920,912,-1,912,920,921,-1,912,921,914,-1,914,921,922,-1,914,922,913,-1,913,922,923,-1,913,923,915,-1,915,923,924,-1,915,924,916,-1,916,924,865,-1,925,464,916,-1,916,464,463,-1,916,463,461,-1,865,864,916,-1,916,864,926,-1,916,926,925,-1,927,863,928,-1,928,863,865,-1,928,865,929,-1,929,865,924,-1,929,924,930,-1,930,924,923,-1,930,923,931,-1,931,923,922,-1,931,922,932,-1,932,922,921,-1,932,921,933,-1,933,921,920,-1,933,920,934,-1,934,920,919,-1,934,919,935,-1,935,919,918,-1,935,918,936,-1,936,918,917,-1,936,906,935,-1,935,906,905,-1,935,905,934,-1,934,905,937,-1,934,937,933,-1,933,937,938,-1,933,938,932,-1,932,938,939,-1,932,939,931,-1,931,939,940,-1,931,940,930,-1,930,940,941,-1,930,941,929,-1,929,941,942,-1,929,942,928,-1,928,942,862,-1,928,862,927,-1,927,862,861,-1,858,860,859,-1,859,860,862,-1,859,862,943,-1,943,862,942,-1,943,942,944,-1,944,942,941,-1,944,941,945,-1,945,941,940,-1,945,940,946,-1,946,940,939,-1,946,939,947,-1,947,939,938,-1,947,938,948,-1,948,938,937,-1,948,937,903,-1,903,937,905,-1,903,905,901,-1,901,905,907,-1,949,857,950,-1,950,857,859,-1,950,859,951,-1,951,859,943,-1,951,943,952,-1,952,943,944,-1,952,944,953,-1,953,944,945,-1,953,945,954,-1,954,945,946,-1,954,946,955,-1,955,946,947,-1,955,947,956,-1,956,947,948,-1,956,948,868,-1,868,948,903,-1,868,903,866,-1,866,903,904,-1,867,896,868,-1,868,896,898,-1,868,898,956,-1,956,898,957,-1,956,957,955,-1,955,957,958,-1,955,958,954,-1,954,958,959,-1,954,959,953,-1,953,959,960,-1,953,960,952,-1,952,960,961,-1,952,961,951,-1,951,961,962,-1,951,962,950,-1,950,962,856,-1,950,856,949,-1,949,856,855,-1,852,854,853,-1,853,854,856,-1,853,856,963,-1,963,856,962,-1,963,962,964,-1,964,962,961,-1,964,961,965,-1,965,961,960,-1,965,960,966,-1,966,960,959,-1,966,959,967,-1,967,959,958,-1,967,958,894,-1,894,958,957,-1,894,957,892,-1,892,957,898,-1,892,898,890,-1,890,898,900,-1,968,851,969,-1,969,851,853,-1,969,853,970,-1,970,853,963,-1,970,963,971,-1,971,963,964,-1,971,964,972,-1,972,964,965,-1,972,965,973,-1,973,965,966,-1,973,966,974,-1,974,966,967,-1,974,967,888,-1,888,967,894,-1,888,894,886,-1,886,894,895,-1,889,885,888,-1,888,885,871,-1,888,871,974,-1,974,871,975,-1,974,975,973,-1,973,975,976,-1,973,976,972,-1,972,976,977,-1,972,977,971,-1,971,977,978,-1,971,978,970,-1,970,978,979,-1,970,979,969,-1,969,979,850,-1,969,850,968,-1,968,850,849,-1,846,848,847,-1,847,848,850,-1,847,850,980,-1,980,850,979,-1,980,979,981,-1,981,979,978,-1,981,978,982,-1,982,978,977,-1,982,977,983,-1,983,977,976,-1,983,976,984,-1,984,976,975,-1,984,975,882,-1,882,975,871,-1,882,871,880,-1,880,871,870,-1,985,845,986,-1,986,845,847,-1,986,847,987,-1,987,847,980,-1,987,980,988,-1,988,980,981,-1,988,981,989,-1,989,981,982,-1,989,982,990,-1,990,982,983,-1,990,983,991,-1,991,983,984,-1,991,984,874,-1,874,984,882,-1,874,882,872,-1,872,882,884,-1,873,875,874,-1,874,875,877,-1,874,877,991,-1,991,877,992,-1,991,992,990,-1,990,992,993,-1,990,993,989,-1,989,993,994,-1,989,994,988,-1,988,994,995,-1,988,995,987,-1,987,995,996,-1,987,996,986,-1,986,996,997,-1,986,997,985,-1,985,997,998,-1,999,1000,1001,-1,1002,1003,1004,-1,1005,1006,1007,-1,1008,1009,1010,-1,1011,1012,1013,-1,1014,1015,1016,-1,1017,1018,1019,-1,1020,1021,124,-1,1022,1023,1024,-1,1025,1026,1027,-1,1027,1026,1028,-1,1027,1028,1029,-1,1029,1028,1030,-1,1031,1032,1033,-1,1034,1035,1036,-1,1036,1035,1037,-1,1036,1037,1038,-1,1039,1040,1041,-1,1042,1043,1044,-1,1044,1043,1045,-1,1044,1045,1046,-1,1046,1045,1047,-1,1046,1047,1048,-1,1049,1050,1051,-1,1049,1051,1052,-1,1022,1024,1053,-1,1054,1055,1056,-1,1056,1055,1057,-1,1056,1057,1058,-1,879,1059,1060,-1,1060,1059,1061,-1,124,125,1020,-1,1020,125,126,-1,1020,126,1062,-1,126,127,1062,-1,1062,127,128,-1,1062,128,1063,-1,128,129,1063,-1,1063,129,121,-1,1063,121,1064,-1,1064,121,122,-1,1064,122,1065,-1,122,123,1065,-1,1065,123,119,-1,1065,119,1066,-1,119,120,1066,-1,1066,120,116,-1,1066,116,1067,-1,1061,1054,1060,-1,1060,1054,1056,-1,1060,1056,1068,-1,1068,1056,1069,-1,1068,1069,1070,-1,1070,1069,1071,-1,1070,1071,1072,-1,1072,1071,1073,-1,1072,1073,1074,-1,1074,1073,1075,-1,1074,1075,1076,-1,1076,1075,1077,-1,1076,1077,1078,-1,1078,1077,1019,-1,1079,998,1078,-1,1078,998,997,-1,1078,997,1076,-1,1076,997,996,-1,1076,996,1074,-1,1074,996,995,-1,1074,995,1072,-1,1072,995,994,-1,1072,994,1070,-1,1070,994,993,-1,1070,993,1068,-1,1068,993,992,-1,1068,992,1060,-1,1060,992,877,-1,1060,877,879,-1,1019,1018,1078,-1,1078,1018,1080,-1,1078,1080,1079,-1,1081,1017,1082,-1,1082,1017,1019,-1,1082,1019,1083,-1,1083,1019,1077,-1,1083,1077,1084,-1,1084,1077,1075,-1,1084,1075,1085,-1,1085,1075,1073,-1,1085,1073,1086,-1,1086,1073,1071,-1,1086,1071,1087,-1,1087,1071,1069,-1,1087,1069,1024,-1,1024,1069,1056,-1,1024,1056,1053,-1,1053,1056,1058,-1,1023,1052,1024,-1,1024,1052,1051,-1,1024,1051,1087,-1,1087,1051,1088,-1,1087,1088,1086,-1,1086,1088,1089,-1,1086,1089,1085,-1,1085,1089,1090,-1,1085,1090,1084,-1,1084,1090,1091,-1,1084,1091,1083,-1,1083,1091,1092,-1,1083,1092,1082,-1,1082,1092,1016,-1,1082,1016,1081,-1,1081,1016,1015,-1,1012,1014,1013,-1,1013,1014,1016,-1,1013,1016,1093,-1,1093,1016,1092,-1,1093,1092,1094,-1,1094,1092,1091,-1,1094,1091,1095,-1,1095,1091,1090,-1,1095,1090,1096,-1,1096,1090,1089,-1,1096,1089,1097,-1,1097,1089,1088,-1,1097,1088,1044,-1,1044,1088,1051,-1,1044,1051,1042,-1,1042,1051,1050,-1,1098,1011,1099,-1,1099,1011,1013,-1,1099,1013,1100,-1,1100,1013,1093,-1,1100,1093,1101,-1,1101,1093,1094,-1,1101,1094,1102,-1,1102,1094,1095,-1,1102,1095,1103,-1,1103,1095,1096,-1,1103,1096,1104,-1,1104,1096,1097,-1,1104,1097,1105,-1,1105,1097,1044,-1,1105,1044,1041,-1,1041,1044,1046,-1,1041,1046,1039,-1,1039,1046,1048,-1,1040,1034,1041,-1,1041,1034,1036,-1,1041,1036,1105,-1,1105,1036,1106,-1,1105,1106,1104,-1,1104,1106,1107,-1,1104,1107,1103,-1,1103,1107,1108,-1,1103,1108,1102,-1,1102,1108,1109,-1,1102,1109,1101,-1,1101,1109,1110,-1,1101,1110,1100,-1,1100,1110,1111,-1,1100,1111,1099,-1,1099,1111,1010,-1,1099,1010,1098,-1,1098,1010,1009,-1,1006,1008,1007,-1,1007,1008,1010,-1,1007,1010,1112,-1,1112,1010,1111,-1,1112,1111,1113,-1,1113,1111,1110,-1,1113,1110,1114,-1,1114,1110,1109,-1,1114,1109,1115,-1,1115,1109,1108,-1,1115,1108,1116,-1,1116,1108,1107,-1,1116,1107,1117,-1,1117,1107,1106,-1,1117,1106,1033,-1,1033,1106,1036,-1,1033,1036,1031,-1,1031,1036,1038,-1,1118,1005,1119,-1,1119,1005,1007,-1,1119,1007,1120,-1,1120,1007,1112,-1,1120,1112,1121,-1,1121,1112,1113,-1,1121,1113,1122,-1,1122,1113,1114,-1,1122,1114,1123,-1,1123,1114,1115,-1,1123,1115,1124,-1,1124,1115,1116,-1,1124,1116,1125,-1,1125,1116,1117,-1,1125,1117,1028,-1,1028,1117,1033,-1,1028,1033,1030,-1,1030,1033,1032,-1,1026,1126,1028,-1,1028,1126,1127,-1,1028,1127,1125,-1,1125,1127,1128,-1,1125,1128,1124,-1,1124,1128,1129,-1,1124,1129,1123,-1,1123,1129,1130,-1,1123,1130,1122,-1,1122,1130,1131,-1,1122,1131,1121,-1,1121,1131,1132,-1,1121,1132,1120,-1,1120,1132,1133,-1,1120,1133,1119,-1,1119,1133,1004,-1,1119,1004,1118,-1,1118,1004,1003,-1,1000,1002,1001,-1,1001,1002,1004,-1,1001,1004,1134,-1,1134,1004,1133,-1,1134,1133,1135,-1,1135,1133,1132,-1,1135,1132,1136,-1,1136,1132,1131,-1,1136,1131,1137,-1,1137,1131,1130,-1,1137,1130,1138,-1,1138,1130,1129,-1,1138,1129,1139,-1,1139,1129,1128,-1,1139,1128,1140,-1,1140,1128,1127,-1,1140,1127,1141,-1,1141,1127,1126,-1,1142,999,1143,-1,1143,999,1001,-1,1143,1001,1067,-1,1067,1001,1134,-1,1067,1134,1066,-1,1066,1134,1135,-1,1066,1135,1065,-1,1065,1135,1136,-1,1065,1136,1064,-1,1064,1136,1137,-1,1064,1137,1063,-1,1063,1137,1138,-1,1063,1138,1062,-1,1062,1138,1139,-1,1062,1139,1020,-1,1020,1139,1140,-1,1020,1140,1021,-1,1021,1140,1141,-1,116,115,1067,-1,1067,115,114,-1,1067,114,1143,-1,1143,114,130,-1,1143,130,1142,-1,1142,130,132,-1,1144,1145,1146,-1,1147,1148,1149,-1,1150,1151,1152,-1,1153,34,33,-1,1154,1155,1156,-1,1156,1155,1157,-1,1156,1157,1153,-1,1158,1159,1160,-1,1161,1162,1163,-1,1164,1165,1166,-1,1164,1167,1168,-1,1168,1167,1169,-1,1170,1171,1172,-1,1172,1171,1173,-1,1170,1172,1174,-1,1174,1172,1175,-1,1174,1175,1176,-1,1176,1175,1177,-1,1176,1177,1178,-1,1178,1177,1179,-1,1178,1179,1180,-1,1180,1179,1181,-1,1180,1181,1182,-1,1182,1181,1183,-1,1183,1181,1184,-1,1183,1184,1185,-1,1185,1184,1186,-1,1185,1186,1187,-1,1187,1186,1188,-1,1187,1188,1189,-1,1190,1191,1192,-1,1192,1191,1193,-1,1192,1193,1194,-1,1194,1193,1195,-1,1194,1195,1196,-1,1196,1195,1188,-1,1196,1188,1197,-1,1197,1188,1186,-1,1197,1186,1198,-1,1198,1186,1184,-1,1198,1184,1199,-1,1199,1184,1181,-1,1199,1181,1200,-1,1200,1181,1179,-1,1200,1179,1201,-1,1201,1179,1177,-1,1201,1177,1202,-1,1202,1177,1175,-1,1202,1175,1203,-1,1203,1175,1172,-1,1203,1172,1166,-1,1166,1172,1173,-1,1166,1173,1164,-1,1164,1173,1171,-1,1164,1171,1167,-1,1189,1188,1204,-1,1204,1188,1195,-1,1204,1195,1205,-1,1205,1195,1193,-1,1205,1193,1206,-1,1206,1193,1191,-1,1206,1191,1207,-1,1153,33,1156,-1,1156,33,29,-1,1156,29,1208,-1,1208,29,28,-1,1208,28,1209,-1,1209,28,27,-1,1209,27,1210,-1,1210,27,26,-1,1210,26,1211,-1,1211,26,24,-1,1211,24,1212,-1,1212,24,23,-1,1212,23,1213,-1,1213,23,22,-1,1213,22,1214,-1,1214,22,21,-1,1214,21,1215,-1,1215,21,20,-1,1215,20,1216,-1,1216,20,19,-1,1216,19,1217,-1,1217,19,18,-1,1217,18,1152,-1,1152,18,17,-1,1152,17,1150,-1,1151,1147,1152,-1,1152,1147,1149,-1,1152,1149,1217,-1,1217,1149,1218,-1,1217,1218,1216,-1,1216,1218,1219,-1,1216,1219,1215,-1,1215,1219,1220,-1,1215,1220,1214,-1,1214,1220,1221,-1,1214,1221,1213,-1,1213,1221,1222,-1,1213,1222,1212,-1,1212,1222,1223,-1,1212,1223,1211,-1,1211,1223,1224,-1,1211,1224,1210,-1,1210,1224,1225,-1,1210,1225,1209,-1,1209,1225,1226,-1,1209,1226,1208,-1,1208,1226,1227,-1,1208,1227,1156,-1,1156,1227,1160,-1,1156,1160,1154,-1,1154,1160,1159,-1,1148,1144,1149,-1,1149,1144,1146,-1,1149,1146,1218,-1,1218,1146,1228,-1,1218,1228,1219,-1,1219,1228,1229,-1,1219,1229,1220,-1,1220,1229,1230,-1,1220,1230,1221,-1,1221,1230,1231,-1,1221,1231,1222,-1,1222,1231,1232,-1,1222,1232,1223,-1,1223,1232,1233,-1,1223,1233,1224,-1,1224,1233,1234,-1,1224,1234,1225,-1,1225,1234,1235,-1,1225,1235,1226,-1,1226,1235,1236,-1,1226,1236,1227,-1,1227,1236,1237,-1,1227,1237,1160,-1,1160,1237,1163,-1,1160,1163,1158,-1,1158,1163,1162,-1,1145,1238,1146,-1,1146,1238,1190,-1,1146,1190,1228,-1,1228,1190,1192,-1,1228,1192,1229,-1,1229,1192,1194,-1,1229,1194,1230,-1,1230,1194,1196,-1,1230,1196,1231,-1,1231,1196,1197,-1,1231,1197,1232,-1,1232,1197,1198,-1,1232,1198,1233,-1,1233,1198,1199,-1,1233,1199,1234,-1,1234,1199,1200,-1,1234,1200,1235,-1,1235,1200,1201,-1,1235,1201,1236,-1,1236,1201,1202,-1,1236,1202,1237,-1,1237,1202,1203,-1,1237,1203,1163,-1,1163,1203,1166,-1,1163,1166,1161,-1,1161,1166,1165,-1,1238,1239,1190,-1,1190,1239,1240,-1,1190,1240,1191,-1,1191,1240,1241,-1,1191,1241,1242,-1,1207,1191,1243,-1,1243,1191,1242,-1,1243,1242,1244,-1,1151,1150,1245,-1,1246,1247,1248,-1,1148,1147,1249,-1,1250,1251,1252,-1,1145,1144,1253,-1,1254,1255,1256,-1,1257,1258,1259,-1,1260,1261,1262,-1,1263,1244,1242,-1,1264,1265,1266,-1,1263,1261,1267,-1,1267,1261,1260,-1,1267,1260,1268,-1,1268,1260,1269,-1,1270,1271,1272,-1,1272,1271,1273,-1,1272,1273,1274,-1,1274,1273,1258,-1,1257,1259,1255,-1,1263,1242,1261,-1,1261,1242,1241,-1,1261,1241,1262,-1,1262,1241,1240,-1,1262,1240,1239,-1,1265,1269,1266,-1,1266,1269,1260,-1,1266,1260,1275,-1,1275,1260,1262,-1,1275,1262,1276,-1,1276,1262,1239,-1,1276,1239,1238,-1,1251,1254,1252,-1,1252,1254,1256,-1,1252,1256,1277,-1,1271,1264,1273,-1,1273,1264,1266,-1,1273,1266,1278,-1,1278,1266,1275,-1,1278,1275,1279,-1,1279,1275,1276,-1,1279,1276,1253,-1,1253,1276,1238,-1,1253,1238,1145,-1,1247,1250,1248,-1,1248,1250,1252,-1,1248,1252,1280,-1,1280,1252,1277,-1,1280,1277,1281,-1,1258,1273,1259,-1,1259,1273,1278,-1,1259,1278,1282,-1,1282,1278,1279,-1,1282,1279,1283,-1,1283,1279,1253,-1,1283,1253,1249,-1,1249,1253,1144,-1,1249,1144,1148,-1,1284,1246,1285,-1,1285,1246,1248,-1,1285,1248,1286,-1,1286,1248,1280,-1,1286,1280,1287,-1,1287,1280,1281,-1,1287,1281,1245,-1,1255,1259,1256,-1,1256,1259,1282,-1,1256,1282,1277,-1,1277,1282,1283,-1,1277,1283,1281,-1,1281,1283,1249,-1,1281,1249,1245,-1,1245,1249,1147,-1,1245,1147,1151,-1,1150,17,1245,-1,1245,17,1288,-1,1245,1288,1287,-1,1287,1288,1289,-1,1287,1289,1286,-1,1286,1289,1290,-1,1286,1290,1285,-1,1285,1290,1291,-1,1285,1291,1284,-1,1284,1291,1025,-1,1292,1293,1294,-1,1157,1155,1295,-1,1296,1297,1298,-1,1154,1159,1299,-1,1300,1301,1302,-1,1158,1162,1303,-1,1161,1165,1304,-1,1305,1306,1307,-1,1308,1309,1310,-1,1311,1312,1305,-1,1313,1314,1315,-1,1169,1316,1317,-1,1305,1312,1306,-1,1306,1312,1318,-1,1306,1318,1308,-1,1165,1164,1317,-1,1317,1164,1168,-1,1317,1168,1169,-1,1161,1304,1162,-1,1308,1310,1306,-1,1306,1310,1319,-1,1306,1319,1307,-1,1307,1319,1320,-1,1307,1320,1321,-1,1314,1311,1315,-1,1315,1311,1305,-1,1315,1305,1322,-1,1322,1305,1307,-1,1322,1307,1323,-1,1323,1307,1321,-1,1323,1321,1324,-1,1159,1158,1299,-1,1299,1158,1303,-1,1299,1303,1325,-1,1316,1313,1317,-1,1317,1313,1315,-1,1317,1315,1326,-1,1326,1315,1322,-1,1326,1322,1327,-1,1327,1322,1323,-1,1327,1323,1302,-1,1302,1323,1324,-1,1302,1324,1300,-1,1155,1154,1295,-1,1295,1154,1299,-1,1295,1299,1328,-1,1328,1299,1325,-1,1328,1325,1329,-1,1165,1317,1304,-1,1304,1317,1326,-1,1304,1326,1330,-1,1330,1326,1327,-1,1330,1327,1331,-1,1331,1327,1302,-1,1331,1302,1298,-1,1298,1302,1301,-1,1298,1301,1296,-1,1153,1157,1332,-1,1332,1157,1295,-1,1332,1295,1333,-1,1333,1295,1328,-1,1333,1328,1334,-1,1334,1328,1329,-1,1334,1329,1294,-1,1162,1304,1303,-1,1303,1304,1330,-1,1303,1330,1325,-1,1325,1330,1331,-1,1325,1331,1329,-1,1329,1331,1298,-1,1329,1298,1294,-1,1294,1298,1297,-1,1294,1297,1292,-1,1293,907,1294,-1,1294,907,1335,-1,1294,1335,1334,-1,1334,1335,1336,-1,1334,1336,1333,-1,1333,1336,1337,-1,1333,1337,1332,-1,1332,1337,1338,-1,1332,1338,1153,-1,1153,1338,34,-1,1339,1340,1341,-1,1054,1061,1342,-1,1058,1057,1343,-1,1344,1345,1346,-1,1023,1022,1347,-1,1348,1349,1350,-1,1042,1050,1351,-1,1045,1043,1352,-1,1048,1047,1353,-1,1354,1355,1356,-1,1034,1040,1357,-1,1358,1359,1360,-1,1038,1037,1361,-1,1030,1032,1362,-1,1363,1364,1365,-1,1025,1027,1284,-1,1284,1027,1366,-1,1284,1366,1246,-1,1367,1250,1247,-1,1368,1254,1251,-1,1369,1257,1255,-1,1365,1274,1258,-1,1364,1270,1365,-1,1365,1270,1272,-1,1365,1272,1274,-1,1370,1363,1371,-1,1371,1363,1365,-1,1371,1365,1369,-1,1369,1365,1258,-1,1369,1258,1257,-1,1372,1370,1373,-1,1373,1370,1371,-1,1373,1371,1374,-1,1374,1371,1369,-1,1374,1369,1368,-1,1368,1369,1255,-1,1368,1255,1254,-1,1359,1372,1360,-1,1360,1372,1373,-1,1360,1373,1375,-1,1375,1373,1374,-1,1375,1374,1376,-1,1376,1374,1368,-1,1376,1368,1367,-1,1367,1368,1251,-1,1367,1251,1250,-1,1377,1358,1378,-1,1378,1358,1360,-1,1378,1360,1379,-1,1379,1360,1375,-1,1379,1375,1380,-1,1380,1375,1376,-1,1380,1376,1381,-1,1381,1376,1367,-1,1381,1367,1366,-1,1366,1367,1247,-1,1366,1247,1246,-1,1382,1377,1383,-1,1383,1377,1378,-1,1383,1378,1384,-1,1384,1378,1379,-1,1384,1379,1385,-1,1385,1379,1380,-1,1385,1380,1386,-1,1386,1380,1381,-1,1386,1381,1387,-1,1387,1381,1366,-1,1387,1366,1029,-1,1029,1366,1027,-1,1355,1382,1356,-1,1356,1382,1383,-1,1356,1383,1388,-1,1388,1383,1384,-1,1388,1384,1389,-1,1389,1384,1385,-1,1389,1385,1390,-1,1390,1385,1386,-1,1390,1386,1362,-1,1362,1386,1387,-1,1362,1387,1030,-1,1030,1387,1029,-1,1391,1354,1392,-1,1392,1354,1356,-1,1392,1356,1393,-1,1393,1356,1388,-1,1393,1388,1394,-1,1394,1388,1389,-1,1394,1389,1395,-1,1395,1389,1390,-1,1395,1390,1396,-1,1396,1390,1362,-1,1396,1362,1031,-1,1031,1362,1032,-1,1397,1391,1398,-1,1398,1391,1392,-1,1398,1392,1399,-1,1399,1392,1393,-1,1399,1393,1400,-1,1400,1393,1394,-1,1400,1394,1401,-1,1401,1394,1395,-1,1401,1395,1361,-1,1361,1395,1396,-1,1361,1396,1038,-1,1038,1396,1031,-1,1349,1397,1350,-1,1350,1397,1398,-1,1350,1398,1402,-1,1402,1398,1399,-1,1402,1399,1403,-1,1403,1399,1400,-1,1403,1400,1404,-1,1404,1400,1401,-1,1404,1401,1405,-1,1405,1401,1361,-1,1405,1361,1035,-1,1035,1361,1037,-1,1406,1348,1407,-1,1407,1348,1350,-1,1407,1350,1408,-1,1408,1350,1402,-1,1408,1402,1409,-1,1409,1402,1403,-1,1409,1403,1410,-1,1410,1403,1404,-1,1410,1404,1357,-1,1357,1404,1405,-1,1357,1405,1034,-1,1034,1405,1035,-1,1411,1406,1412,-1,1412,1406,1407,-1,1412,1407,1413,-1,1413,1407,1408,-1,1413,1408,1414,-1,1414,1408,1409,-1,1414,1409,1415,-1,1415,1409,1410,-1,1415,1410,1416,-1,1416,1410,1357,-1,1416,1357,1039,-1,1039,1357,1040,-1,1417,1411,1418,-1,1418,1411,1412,-1,1418,1412,1419,-1,1419,1412,1413,-1,1419,1413,1420,-1,1420,1413,1414,-1,1420,1414,1421,-1,1421,1414,1415,-1,1421,1415,1353,-1,1353,1415,1416,-1,1353,1416,1048,-1,1048,1416,1039,-1,1345,1417,1346,-1,1346,1417,1418,-1,1346,1418,1422,-1,1422,1418,1419,-1,1422,1419,1423,-1,1423,1419,1420,-1,1423,1420,1424,-1,1424,1420,1421,-1,1424,1421,1352,-1,1352,1421,1353,-1,1352,1353,1045,-1,1045,1353,1047,-1,1425,1344,1426,-1,1426,1344,1346,-1,1426,1346,1427,-1,1427,1346,1422,-1,1427,1422,1428,-1,1428,1422,1423,-1,1428,1423,1429,-1,1429,1423,1424,-1,1429,1424,1351,-1,1351,1424,1352,-1,1351,1352,1042,-1,1042,1352,1043,-1,1430,1425,1431,-1,1431,1425,1426,-1,1431,1426,1432,-1,1432,1426,1427,-1,1432,1427,1433,-1,1433,1427,1428,-1,1433,1428,1434,-1,1434,1428,1429,-1,1434,1429,1435,-1,1435,1429,1351,-1,1435,1351,1049,-1,1049,1351,1050,-1,1340,1430,1341,-1,1341,1430,1431,-1,1341,1431,1436,-1,1436,1431,1432,-1,1436,1432,1437,-1,1437,1432,1433,-1,1437,1433,1438,-1,1438,1433,1434,-1,1438,1434,1439,-1,1439,1434,1435,-1,1439,1435,1052,-1,1052,1435,1049,-1,1440,1339,1441,-1,1441,1339,1341,-1,1441,1341,1442,-1,1442,1341,1436,-1,1442,1436,1443,-1,1443,1436,1437,-1,1443,1437,1444,-1,1444,1437,1438,-1,1444,1438,1347,-1,1347,1438,1439,-1,1347,1439,1023,-1,1023,1439,1052,-1,1061,1059,1342,-1,1342,1059,1445,-1,1342,1445,1446,-1,1055,1054,1447,-1,1447,1054,1342,-1,1447,1342,1448,-1,1448,1342,1446,-1,1448,1446,1449,-1,1057,1055,1343,-1,1343,1055,1447,-1,1343,1447,1450,-1,1450,1447,1448,-1,1450,1448,1451,-1,1451,1448,1449,-1,1451,1449,1452,-1,1053,1058,1453,-1,1453,1058,1343,-1,1453,1343,1454,-1,1454,1343,1450,-1,1454,1450,1455,-1,1455,1450,1451,-1,1455,1451,1456,-1,1456,1451,1452,-1,1456,1452,1457,-1,1458,1440,1457,-1,1457,1440,1441,-1,1457,1441,1456,-1,1456,1441,1442,-1,1456,1442,1455,-1,1455,1442,1443,-1,1455,1443,1454,-1,1454,1443,1444,-1,1454,1444,1453,-1,1453,1444,1347,-1,1453,1347,1053,-1,1053,1347,1022,-1,1459,1458,1460,-1,1460,1458,1457,-1,1460,1457,1461,-1,1461,1457,1452,-1,1461,1452,1462,-1,1462,1452,1449,-1,1462,1449,1463,-1,1463,1449,1446,-1,1463,1446,1464,-1,1464,1446,1445,-1,1464,1445,879,-1,879,1445,1059,-1,1301,1300,1465,-1,895,1466,1467,-1,1464,879,878,-1,1463,1464,1468,-1,1459,1469,1470,-1,1470,1469,1471,-1,1470,1471,1472,-1,1472,1471,1473,-1,1472,1473,1474,-1,1464,878,1468,-1,1468,878,876,-1,1468,876,1475,-1,1475,876,875,-1,1475,875,1476,-1,1476,875,873,-1,1476,873,1477,-1,873,872,1477,-1,1477,872,884,-1,1477,884,1478,-1,1478,884,883,-1,1478,883,1479,-1,1474,1473,1480,-1,1480,1473,1481,-1,1480,1481,1482,-1,1482,1481,1483,-1,1482,1483,1484,-1,1484,1483,1485,-1,1484,1485,1486,-1,1486,1485,1487,-1,1486,1487,1488,-1,883,881,1479,-1,1479,881,880,-1,1479,880,1489,-1,1489,880,870,-1,1489,870,1490,-1,1488,1487,1491,-1,1491,1487,1492,-1,1491,1492,1493,-1,1493,1492,1494,-1,1493,1494,1495,-1,1495,1494,1496,-1,1495,1496,1497,-1,870,869,1490,-1,1490,869,885,-1,1490,885,1498,-1,1498,885,889,-1,1498,889,1499,-1,1499,889,887,-1,1499,887,1467,-1,1467,887,886,-1,1467,886,895,-1,1497,1496,1500,-1,1500,1496,1501,-1,1500,1501,1502,-1,1502,1501,1503,-1,1502,1503,1504,-1,895,893,1466,-1,1466,893,891,-1,1466,891,1505,-1,891,890,1505,-1,1505,890,900,-1,1505,900,1506,-1,1506,900,899,-1,1506,899,1507,-1,1504,1503,1508,-1,1508,1503,1509,-1,1508,1509,1510,-1,1510,1509,1511,-1,1510,1511,1512,-1,1512,1511,1513,-1,1512,1513,1514,-1,1514,1513,1515,-1,1514,1515,1516,-1,899,897,1507,-1,1507,897,896,-1,1507,896,1517,-1,1517,896,867,-1,1517,867,1518,-1,1516,1515,1519,-1,1519,1515,1520,-1,1519,1520,1521,-1,1521,1520,1522,-1,1521,1522,1523,-1,901,1524,902,-1,902,1524,1525,-1,902,1525,904,-1,904,1525,1518,-1,904,1518,866,-1,866,1518,867,-1,1524,1526,1525,-1,1525,1526,1527,-1,1525,1527,1518,-1,1518,1527,1528,-1,1518,1528,1517,-1,1517,1528,1529,-1,1517,1529,1507,-1,1507,1529,1530,-1,1507,1530,1506,-1,1506,1530,1531,-1,1506,1531,1505,-1,1505,1531,1532,-1,1505,1532,1466,-1,1466,1532,1533,-1,1466,1533,1467,-1,1467,1533,1534,-1,1467,1534,1499,-1,1499,1534,1535,-1,1499,1535,1498,-1,1498,1535,1536,-1,1498,1536,1490,-1,1490,1536,1537,-1,1490,1537,1489,-1,1489,1537,1538,-1,1489,1538,1479,-1,1479,1538,1539,-1,1479,1539,1478,-1,1478,1539,1540,-1,1478,1540,1477,-1,1477,1540,1541,-1,1477,1541,1476,-1,1476,1541,1542,-1,1476,1542,1475,-1,1475,1542,1543,-1,1475,1543,1468,-1,1468,1543,1544,-1,1468,1544,1463,-1,1463,1544,1462,-1,1545,1546,1547,-1,1547,1546,1522,-1,1547,1522,1548,-1,1548,1522,1520,-1,1548,1520,1549,-1,1549,1520,1515,-1,1549,1515,1550,-1,1550,1515,1513,-1,1550,1513,1551,-1,1551,1513,1511,-1,1551,1511,1552,-1,1552,1511,1509,-1,1552,1509,1553,-1,1553,1509,1503,-1,1553,1503,1554,-1,1554,1503,1501,-1,1554,1501,1555,-1,1555,1501,1496,-1,1555,1496,1556,-1,1556,1496,1494,-1,1556,1494,1557,-1,1557,1494,1492,-1,1557,1492,1558,-1,1558,1492,1487,-1,1558,1487,1559,-1,1559,1487,1485,-1,1559,1485,1560,-1,1560,1485,1483,-1,1560,1483,1561,-1,1561,1483,1481,-1,1561,1481,1562,-1,1562,1481,1473,-1,1562,1473,1563,-1,1563,1473,1471,-1,1563,1471,1564,-1,1564,1471,1469,-1,1564,1469,1460,-1,1460,1469,1459,-1,901,907,1293,-1,901,1293,1524,-1,1524,1293,1292,-1,1524,1292,1526,-1,1526,1292,1297,-1,1526,1297,1296,-1,1296,1301,1526,-1,1526,1301,1465,-1,1526,1465,1527,-1,1527,1465,1565,-1,1527,1565,1528,-1,1528,1565,1566,-1,1528,1566,1529,-1,1529,1566,1567,-1,1529,1567,1530,-1,1530,1567,1568,-1,1530,1568,1531,-1,1531,1568,1569,-1,1531,1569,1532,-1,1532,1569,1570,-1,1532,1570,1533,-1,1533,1570,1571,-1,1533,1571,1534,-1,1534,1571,1572,-1,1534,1572,1535,-1,1535,1572,1573,-1,1535,1573,1536,-1,1536,1573,1574,-1,1536,1574,1537,-1,1537,1574,1575,-1,1537,1575,1538,-1,1538,1575,1576,-1,1538,1576,1539,-1,1539,1576,1577,-1,1539,1577,1540,-1,1540,1577,1578,-1,1540,1578,1541,-1,1541,1578,1579,-1,1541,1579,1542,-1,1542,1579,1580,-1,1542,1580,1543,-1,1543,1580,1581,-1,1543,1581,1544,-1,1544,1581,1582,-1,1544,1582,1462,-1,1462,1582,1461,-1,1300,1324,1465,-1,1465,1324,1545,-1,1465,1545,1565,-1,1565,1545,1547,-1,1565,1547,1566,-1,1566,1547,1548,-1,1566,1548,1567,-1,1567,1548,1549,-1,1567,1549,1568,-1,1568,1549,1550,-1,1568,1550,1569,-1,1569,1550,1551,-1,1569,1551,1570,-1,1570,1551,1552,-1,1570,1552,1571,-1,1571,1552,1553,-1,1571,1553,1572,-1,1572,1553,1554,-1,1572,1554,1573,-1,1573,1554,1555,-1,1573,1555,1574,-1,1574,1555,1556,-1,1574,1556,1575,-1,1575,1556,1557,-1,1575,1557,1576,-1,1576,1557,1558,-1,1576,1558,1577,-1,1577,1558,1559,-1,1577,1559,1578,-1,1578,1559,1560,-1,1578,1560,1579,-1,1579,1560,1561,-1,1579,1561,1580,-1,1580,1561,1562,-1,1580,1562,1581,-1,1581,1562,1563,-1,1581,1563,1582,-1,1582,1563,1564,-1,1582,1564,1461,-1,1461,1564,1460,-1,1324,1321,1545,-1,1545,1321,1320,-1,1545,1320,1546,-1,1546,1320,1319,-1,1546,1319,1310,-1,1523,1522,1583,-1,1583,1522,1546,-1,1583,1546,1584,-1,1584,1546,1310,-1,1584,1310,1309,-1,1585,1586,1587,-1,1588,1589,1590,-1,1591,1592,1593,-1,1594,97,96,-1,1595,1596,1597,-1,1597,1596,1598,-1,1597,1598,1594,-1,1599,1600,1601,-1,1602,1603,1604,-1,1605,1606,1607,-1,1605,1608,1609,-1,1609,1608,1610,-1,1611,1612,1613,-1,1613,1612,1614,-1,1611,1613,1615,-1,1615,1613,1616,-1,1615,1616,1617,-1,1617,1616,1618,-1,1617,1618,1619,-1,1619,1618,1620,-1,1619,1620,1621,-1,1621,1620,1622,-1,1621,1622,1623,-1,1623,1622,1624,-1,1624,1622,1625,-1,1624,1625,1626,-1,1626,1625,1627,-1,1626,1627,1628,-1,1628,1627,1629,-1,1628,1629,1630,-1,1631,1632,1633,-1,1633,1632,1634,-1,1633,1634,1635,-1,1635,1634,1636,-1,1635,1636,1637,-1,1637,1636,1629,-1,1637,1629,1638,-1,1638,1629,1627,-1,1638,1627,1639,-1,1639,1627,1625,-1,1639,1625,1640,-1,1640,1625,1622,-1,1640,1622,1641,-1,1641,1622,1620,-1,1641,1620,1642,-1,1642,1620,1618,-1,1642,1618,1643,-1,1643,1618,1616,-1,1643,1616,1644,-1,1644,1616,1613,-1,1644,1613,1607,-1,1607,1613,1614,-1,1607,1614,1605,-1,1605,1614,1612,-1,1605,1612,1608,-1,1630,1629,1645,-1,1645,1629,1636,-1,1645,1636,1646,-1,1646,1636,1634,-1,1646,1634,1647,-1,1647,1634,1632,-1,1647,1632,1648,-1,1594,96,1597,-1,1597,96,92,-1,1597,92,1649,-1,1649,92,91,-1,1649,91,1650,-1,1650,91,90,-1,1650,90,1651,-1,1651,90,89,-1,1651,89,1652,-1,1652,89,88,-1,1652,88,1653,-1,1653,88,87,-1,1653,87,1654,-1,1654,87,86,-1,1654,86,1655,-1,1655,86,85,-1,1655,85,1656,-1,1656,85,84,-1,1656,84,1657,-1,1657,84,83,-1,1657,83,1658,-1,1658,83,80,-1,1658,80,1593,-1,1593,80,81,-1,1593,81,1591,-1,1592,1588,1593,-1,1593,1588,1590,-1,1593,1590,1658,-1,1658,1590,1659,-1,1658,1659,1657,-1,1657,1659,1660,-1,1657,1660,1656,-1,1656,1660,1661,-1,1656,1661,1655,-1,1655,1661,1662,-1,1655,1662,1654,-1,1654,1662,1663,-1,1654,1663,1653,-1,1653,1663,1664,-1,1653,1664,1652,-1,1652,1664,1665,-1,1652,1665,1651,-1,1651,1665,1666,-1,1651,1666,1650,-1,1650,1666,1667,-1,1650,1667,1649,-1,1649,1667,1668,-1,1649,1668,1597,-1,1597,1668,1601,-1,1597,1601,1595,-1,1595,1601,1600,-1,1589,1585,1590,-1,1590,1585,1587,-1,1590,1587,1659,-1,1659,1587,1669,-1,1659,1669,1660,-1,1660,1669,1670,-1,1660,1670,1661,-1,1661,1670,1671,-1,1661,1671,1662,-1,1662,1671,1672,-1,1662,1672,1663,-1,1663,1672,1673,-1,1663,1673,1664,-1,1664,1673,1674,-1,1664,1674,1665,-1,1665,1674,1675,-1,1665,1675,1666,-1,1666,1675,1676,-1,1666,1676,1667,-1,1667,1676,1677,-1,1667,1677,1668,-1,1668,1677,1678,-1,1668,1678,1601,-1,1601,1678,1604,-1,1601,1604,1599,-1,1599,1604,1603,-1,1586,1679,1587,-1,1587,1679,1631,-1,1587,1631,1669,-1,1669,1631,1633,-1,1669,1633,1670,-1,1670,1633,1635,-1,1670,1635,1671,-1,1671,1635,1637,-1,1671,1637,1672,-1,1672,1637,1638,-1,1672,1638,1673,-1,1673,1638,1639,-1,1673,1639,1674,-1,1674,1639,1640,-1,1674,1640,1675,-1,1675,1640,1641,-1,1675,1641,1676,-1,1676,1641,1642,-1,1676,1642,1677,-1,1677,1642,1643,-1,1677,1643,1678,-1,1678,1643,1644,-1,1678,1644,1604,-1,1604,1644,1607,-1,1604,1607,1602,-1,1602,1607,1606,-1,1679,1680,1631,-1,1631,1680,1681,-1,1631,1681,1632,-1,1632,1681,1682,-1,1632,1682,1683,-1,1648,1632,1684,-1,1684,1632,1683,-1,1684,1683,1685,-1,1592,1591,1686,-1,1687,1688,1689,-1,1589,1588,1690,-1,1691,1692,1693,-1,1586,1585,1694,-1,1695,1696,1697,-1,1698,1699,1700,-1,1701,1702,1703,-1,1704,1685,1683,-1,1705,1706,1707,-1,1704,1702,1708,-1,1708,1702,1701,-1,1708,1701,1709,-1,1709,1701,1710,-1,1711,1712,1713,-1,1713,1712,1714,-1,1713,1714,1715,-1,1715,1714,1699,-1,1698,1700,1696,-1,1704,1683,1702,-1,1702,1683,1682,-1,1702,1682,1703,-1,1703,1682,1681,-1,1703,1681,1680,-1,1706,1710,1707,-1,1707,1710,1701,-1,1707,1701,1716,-1,1716,1701,1703,-1,1716,1703,1717,-1,1717,1703,1680,-1,1717,1680,1679,-1,1692,1695,1693,-1,1693,1695,1697,-1,1693,1697,1718,-1,1712,1705,1714,-1,1714,1705,1707,-1,1714,1707,1719,-1,1719,1707,1716,-1,1719,1716,1720,-1,1720,1716,1717,-1,1720,1717,1694,-1,1694,1717,1679,-1,1694,1679,1586,-1,1688,1691,1689,-1,1689,1691,1693,-1,1689,1693,1721,-1,1721,1693,1718,-1,1721,1718,1722,-1,1699,1714,1700,-1,1700,1714,1719,-1,1700,1719,1723,-1,1723,1719,1720,-1,1723,1720,1724,-1,1724,1720,1694,-1,1724,1694,1690,-1,1690,1694,1585,-1,1690,1585,1589,-1,1725,1687,1726,-1,1726,1687,1689,-1,1726,1689,1727,-1,1727,1689,1721,-1,1727,1721,1728,-1,1728,1721,1722,-1,1728,1722,1686,-1,1696,1700,1697,-1,1697,1700,1723,-1,1697,1723,1718,-1,1718,1723,1724,-1,1718,1724,1722,-1,1722,1724,1690,-1,1722,1690,1686,-1,1686,1690,1588,-1,1686,1588,1592,-1,1591,81,1686,-1,1686,81,1729,-1,1686,1729,1728,-1,1728,1729,1730,-1,1728,1730,1727,-1,1727,1730,1731,-1,1727,1731,1726,-1,1726,1731,1732,-1,1726,1732,1725,-1,1725,1732,315,-1,1733,1734,1735,-1,1598,1596,1736,-1,1737,1738,1739,-1,1595,1600,1740,-1,1741,1742,1743,-1,1599,1603,1744,-1,1602,1606,1745,-1,1746,1747,1748,-1,1749,1750,1751,-1,1752,1753,1746,-1,1754,1755,1756,-1,1610,1757,1758,-1,1746,1753,1747,-1,1747,1753,1759,-1,1747,1759,1749,-1,1606,1605,1758,-1,1758,1605,1609,-1,1758,1609,1610,-1,1602,1745,1603,-1,1749,1751,1747,-1,1747,1751,1760,-1,1747,1760,1748,-1,1748,1760,1761,-1,1748,1761,1762,-1,1755,1752,1756,-1,1756,1752,1746,-1,1756,1746,1763,-1,1763,1746,1748,-1,1763,1748,1764,-1,1764,1748,1762,-1,1764,1762,1765,-1,1600,1599,1740,-1,1740,1599,1744,-1,1740,1744,1766,-1,1757,1754,1758,-1,1758,1754,1756,-1,1758,1756,1767,-1,1767,1756,1763,-1,1767,1763,1768,-1,1768,1763,1764,-1,1768,1764,1743,-1,1743,1764,1765,-1,1743,1765,1741,-1,1596,1595,1736,-1,1736,1595,1740,-1,1736,1740,1769,-1,1769,1740,1766,-1,1769,1766,1770,-1,1606,1758,1745,-1,1745,1758,1767,-1,1745,1767,1771,-1,1771,1767,1768,-1,1771,1768,1772,-1,1772,1768,1743,-1,1772,1743,1739,-1,1739,1743,1742,-1,1739,1742,1737,-1,1594,1598,1773,-1,1773,1598,1736,-1,1773,1736,1774,-1,1774,1736,1769,-1,1774,1769,1775,-1,1775,1769,1770,-1,1775,1770,1735,-1,1603,1745,1744,-1,1744,1745,1771,-1,1744,1771,1766,-1,1766,1771,1772,-1,1766,1772,1770,-1,1770,1772,1739,-1,1770,1739,1735,-1,1735,1739,1738,-1,1735,1738,1733,-1,1734,196,1735,-1,1735,196,1776,-1,1735,1776,1775,-1,1775,1776,1777,-1,1775,1777,1774,-1,1774,1777,1778,-1,1774,1778,1773,-1,1773,1778,1779,-1,1773,1779,1594,-1,1594,1779,97,-1,1780,1781,1782,-1,344,351,1783,-1,348,347,1784,-1,1785,1786,1787,-1,313,312,1788,-1,1789,1790,1791,-1,332,340,1792,-1,335,333,1793,-1,338,337,1794,-1,1795,1796,1797,-1,324,330,1798,-1,1799,1800,1801,-1,328,327,1802,-1,320,322,1803,-1,1804,1805,1806,-1,315,317,1725,-1,1725,317,1807,-1,1725,1807,1687,-1,1808,1691,1688,-1,1809,1695,1692,-1,1810,1698,1696,-1,1806,1715,1699,-1,1805,1711,1806,-1,1806,1711,1713,-1,1806,1713,1715,-1,1811,1804,1812,-1,1812,1804,1806,-1,1812,1806,1810,-1,1810,1806,1699,-1,1810,1699,1698,-1,1813,1811,1814,-1,1814,1811,1812,-1,1814,1812,1815,-1,1815,1812,1810,-1,1815,1810,1809,-1,1809,1810,1696,-1,1809,1696,1695,-1,1800,1813,1801,-1,1801,1813,1814,-1,1801,1814,1816,-1,1816,1814,1815,-1,1816,1815,1817,-1,1817,1815,1809,-1,1817,1809,1808,-1,1808,1809,1692,-1,1808,1692,1691,-1,1818,1799,1819,-1,1819,1799,1801,-1,1819,1801,1820,-1,1820,1801,1816,-1,1820,1816,1821,-1,1821,1816,1817,-1,1821,1817,1822,-1,1822,1817,1808,-1,1822,1808,1807,-1,1807,1808,1688,-1,1807,1688,1687,-1,1823,1818,1824,-1,1824,1818,1819,-1,1824,1819,1825,-1,1825,1819,1820,-1,1825,1820,1826,-1,1826,1820,1821,-1,1826,1821,1827,-1,1827,1821,1822,-1,1827,1822,1828,-1,1828,1822,1807,-1,1828,1807,319,-1,319,1807,317,-1,1796,1823,1797,-1,1797,1823,1824,-1,1797,1824,1829,-1,1829,1824,1825,-1,1829,1825,1830,-1,1830,1825,1826,-1,1830,1826,1831,-1,1831,1826,1827,-1,1831,1827,1803,-1,1803,1827,1828,-1,1803,1828,320,-1,320,1828,319,-1,1832,1795,1833,-1,1833,1795,1797,-1,1833,1797,1834,-1,1834,1797,1829,-1,1834,1829,1835,-1,1835,1829,1830,-1,1835,1830,1836,-1,1836,1830,1831,-1,1836,1831,1837,-1,1837,1831,1803,-1,1837,1803,321,-1,321,1803,322,-1,1838,1832,1839,-1,1839,1832,1833,-1,1839,1833,1840,-1,1840,1833,1834,-1,1840,1834,1841,-1,1841,1834,1835,-1,1841,1835,1842,-1,1842,1835,1836,-1,1842,1836,1802,-1,1802,1836,1837,-1,1802,1837,328,-1,328,1837,321,-1,1790,1838,1791,-1,1791,1838,1839,-1,1791,1839,1843,-1,1843,1839,1840,-1,1843,1840,1844,-1,1844,1840,1841,-1,1844,1841,1845,-1,1845,1841,1842,-1,1845,1842,1846,-1,1846,1842,1802,-1,1846,1802,325,-1,325,1802,327,-1,1847,1789,1848,-1,1848,1789,1791,-1,1848,1791,1849,-1,1849,1791,1843,-1,1849,1843,1850,-1,1850,1843,1844,-1,1850,1844,1851,-1,1851,1844,1845,-1,1851,1845,1798,-1,1798,1845,1846,-1,1798,1846,324,-1,324,1846,325,-1,1852,1847,1853,-1,1853,1847,1848,-1,1853,1848,1854,-1,1854,1848,1849,-1,1854,1849,1855,-1,1855,1849,1850,-1,1855,1850,1856,-1,1856,1850,1851,-1,1856,1851,1857,-1,1857,1851,1798,-1,1857,1798,329,-1,329,1798,330,-1,1858,1852,1859,-1,1859,1852,1853,-1,1859,1853,1860,-1,1860,1853,1854,-1,1860,1854,1861,-1,1861,1854,1855,-1,1861,1855,1862,-1,1862,1855,1856,-1,1862,1856,1794,-1,1794,1856,1857,-1,1794,1857,338,-1,338,1857,329,-1,1786,1858,1787,-1,1787,1858,1859,-1,1787,1859,1863,-1,1863,1859,1860,-1,1863,1860,1864,-1,1864,1860,1861,-1,1864,1861,1865,-1,1865,1861,1862,-1,1865,1862,1793,-1,1793,1862,1794,-1,1793,1794,335,-1,335,1794,337,-1,1866,1785,1867,-1,1867,1785,1787,-1,1867,1787,1868,-1,1868,1787,1863,-1,1868,1863,1869,-1,1869,1863,1864,-1,1869,1864,1870,-1,1870,1864,1865,-1,1870,1865,1792,-1,1792,1865,1793,-1,1792,1793,332,-1,332,1793,333,-1,1871,1866,1872,-1,1872,1866,1867,-1,1872,1867,1873,-1,1873,1867,1868,-1,1873,1868,1874,-1,1874,1868,1869,-1,1874,1869,1875,-1,1875,1869,1870,-1,1875,1870,1876,-1,1876,1870,1792,-1,1876,1792,339,-1,339,1792,340,-1,1781,1871,1782,-1,1782,1871,1872,-1,1782,1872,1877,-1,1877,1872,1873,-1,1877,1873,1878,-1,1878,1873,1874,-1,1878,1874,1879,-1,1879,1874,1875,-1,1879,1875,1880,-1,1880,1875,1876,-1,1880,1876,342,-1,342,1876,339,-1,1881,1780,1882,-1,1882,1780,1782,-1,1882,1782,1883,-1,1883,1782,1877,-1,1883,1877,1884,-1,1884,1877,1878,-1,1884,1878,1885,-1,1885,1878,1879,-1,1885,1879,1788,-1,1788,1879,1880,-1,1788,1880,313,-1,313,1880,342,-1,351,349,1783,-1,1783,349,1886,-1,1783,1886,1887,-1,345,344,1888,-1,1888,344,1783,-1,1888,1783,1889,-1,1889,1783,1887,-1,1889,1887,1890,-1,347,345,1784,-1,1784,345,1888,-1,1784,1888,1891,-1,1891,1888,1889,-1,1891,1889,1892,-1,1892,1889,1890,-1,1892,1890,1893,-1,343,348,1894,-1,1894,348,1784,-1,1894,1784,1895,-1,1895,1784,1891,-1,1895,1891,1896,-1,1896,1891,1892,-1,1896,1892,1897,-1,1897,1892,1893,-1,1897,1893,1898,-1,1899,1881,1898,-1,1898,1881,1882,-1,1898,1882,1897,-1,1897,1882,1883,-1,1897,1883,1896,-1,1896,1883,1884,-1,1896,1884,1895,-1,1895,1884,1885,-1,1895,1885,1894,-1,1894,1885,1788,-1,1894,1788,343,-1,343,1788,312,-1,1900,1899,1901,-1,1901,1899,1898,-1,1901,1898,1902,-1,1902,1898,1893,-1,1902,1893,1903,-1,1903,1893,1890,-1,1903,1890,1904,-1,1904,1890,1887,-1,1904,1887,1905,-1,1905,1887,1886,-1,1905,1886,168,-1,168,1886,349,-1,1742,1741,1906,-1,184,1907,1908,-1,1905,168,167,-1,1904,1905,1909,-1,1900,1910,1911,-1,1911,1910,1912,-1,1911,1912,1913,-1,1913,1912,1914,-1,1913,1914,1915,-1,1905,167,1909,-1,1909,167,165,-1,1909,165,1916,-1,1916,165,164,-1,1916,164,1917,-1,1917,164,162,-1,1917,162,1918,-1,162,161,1918,-1,1918,161,173,-1,1918,173,1919,-1,1919,173,172,-1,1919,172,1920,-1,1915,1914,1921,-1,1921,1914,1922,-1,1921,1922,1923,-1,1923,1922,1924,-1,1923,1924,1925,-1,1925,1924,1926,-1,1925,1926,1927,-1,1927,1926,1928,-1,1927,1928,1929,-1,172,170,1920,-1,1920,170,169,-1,1920,169,1930,-1,1930,169,159,-1,1930,159,1931,-1,1929,1928,1932,-1,1932,1928,1933,-1,1932,1933,1934,-1,1934,1933,1935,-1,1934,1935,1936,-1,1936,1935,1937,-1,1936,1937,1938,-1,159,158,1931,-1,1931,158,174,-1,1931,174,1939,-1,1939,174,178,-1,1939,178,1940,-1,1940,178,176,-1,1940,176,1908,-1,1908,176,175,-1,1908,175,184,-1,1938,1937,1941,-1,1941,1937,1942,-1,1941,1942,1943,-1,1943,1942,1944,-1,1943,1944,1945,-1,184,182,1907,-1,1907,182,180,-1,1907,180,1946,-1,180,179,1946,-1,1946,179,189,-1,1946,189,1947,-1,1947,189,188,-1,1947,188,1948,-1,1945,1944,1949,-1,1949,1944,1950,-1,1949,1950,1951,-1,1951,1950,1952,-1,1951,1952,1953,-1,1953,1952,1954,-1,1953,1954,1955,-1,1955,1954,1956,-1,1955,1956,1957,-1,188,186,1948,-1,1948,186,185,-1,1948,185,1958,-1,1958,185,156,-1,1958,156,1959,-1,1957,1956,1960,-1,1960,1956,1961,-1,1960,1961,1962,-1,1962,1961,1963,-1,1962,1963,1964,-1,190,1965,191,-1,191,1965,1966,-1,191,1966,193,-1,193,1966,1959,-1,193,1959,155,-1,155,1959,156,-1,1965,1967,1966,-1,1966,1967,1968,-1,1966,1968,1959,-1,1959,1968,1969,-1,1959,1969,1958,-1,1958,1969,1970,-1,1958,1970,1948,-1,1948,1970,1971,-1,1948,1971,1947,-1,1947,1971,1972,-1,1947,1972,1946,-1,1946,1972,1973,-1,1946,1973,1907,-1,1907,1973,1974,-1,1907,1974,1908,-1,1908,1974,1975,-1,1908,1975,1940,-1,1940,1975,1976,-1,1940,1976,1939,-1,1939,1976,1977,-1,1939,1977,1931,-1,1931,1977,1978,-1,1931,1978,1930,-1,1930,1978,1979,-1,1930,1979,1920,-1,1920,1979,1980,-1,1920,1980,1919,-1,1919,1980,1981,-1,1919,1981,1918,-1,1918,1981,1982,-1,1918,1982,1917,-1,1917,1982,1983,-1,1917,1983,1916,-1,1916,1983,1984,-1,1916,1984,1909,-1,1909,1984,1985,-1,1909,1985,1904,-1,1904,1985,1903,-1,1986,1987,1988,-1,1988,1987,1963,-1,1988,1963,1989,-1,1989,1963,1961,-1,1989,1961,1990,-1,1990,1961,1956,-1,1990,1956,1991,-1,1991,1956,1954,-1,1991,1954,1992,-1,1992,1954,1952,-1,1992,1952,1993,-1,1993,1952,1950,-1,1993,1950,1994,-1,1994,1950,1944,-1,1994,1944,1995,-1,1995,1944,1942,-1,1995,1942,1996,-1,1996,1942,1937,-1,1996,1937,1997,-1,1997,1937,1935,-1,1997,1935,1998,-1,1998,1935,1933,-1,1998,1933,1999,-1,1999,1933,1928,-1,1999,1928,2000,-1,2000,1928,1926,-1,2000,1926,2001,-1,2001,1926,1924,-1,2001,1924,2002,-1,2002,1924,1922,-1,2002,1922,2003,-1,2003,1922,1914,-1,2003,1914,2004,-1,2004,1914,1912,-1,2004,1912,2005,-1,2005,1912,1910,-1,2005,1910,1901,-1,1901,1910,1900,-1,190,196,1734,-1,190,1734,1965,-1,1965,1734,1733,-1,1965,1733,1967,-1,1967,1733,1738,-1,1967,1738,1737,-1,1737,1742,1967,-1,1967,1742,1906,-1,1967,1906,1968,-1,1968,1906,2006,-1,1968,2006,1969,-1,1969,2006,2007,-1,1969,2007,1970,-1,1970,2007,2008,-1,1970,2008,1971,-1,1971,2008,2009,-1,1971,2009,1972,-1,1972,2009,2010,-1,1972,2010,1973,-1,1973,2010,2011,-1,1973,2011,1974,-1,1974,2011,2012,-1,1974,2012,1975,-1,1975,2012,2013,-1,1975,2013,1976,-1,1976,2013,2014,-1,1976,2014,1977,-1,1977,2014,2015,-1,1977,2015,1978,-1,1978,2015,2016,-1,1978,2016,1979,-1,1979,2016,2017,-1,1979,2017,1980,-1,1980,2017,2018,-1,1980,2018,1981,-1,1981,2018,2019,-1,1981,2019,1982,-1,1982,2019,2020,-1,1982,2020,1983,-1,1983,2020,2021,-1,1983,2021,1984,-1,1984,2021,2022,-1,1984,2022,1985,-1,1985,2022,2023,-1,1985,2023,1903,-1,1903,2023,1902,-1,1741,1765,1906,-1,1906,1765,1986,-1,1906,1986,2006,-1,2006,1986,1988,-1,2006,1988,2007,-1,2007,1988,1989,-1,2007,1989,2008,-1,2008,1989,1990,-1,2008,1990,2009,-1,2009,1990,1991,-1,2009,1991,2010,-1,2010,1991,1992,-1,2010,1992,2011,-1,2011,1992,1993,-1,2011,1993,2012,-1,2012,1993,1994,-1,2012,1994,2013,-1,2013,1994,1995,-1,2013,1995,2014,-1,2014,1995,1996,-1,2014,1996,2015,-1,2015,1996,1997,-1,2015,1997,2016,-1,2016,1997,1998,-1,2016,1998,2017,-1,2017,1998,1999,-1,2017,1999,2018,-1,2018,1999,2000,-1,2018,2000,2019,-1,2019,2000,2001,-1,2019,2001,2020,-1,2020,2001,2002,-1,2020,2002,2021,-1,2021,2002,2003,-1,2021,2003,2022,-1,2022,2003,2004,-1,2022,2004,2023,-1,2023,2004,2005,-1,2023,2005,1902,-1,1902,2005,1901,-1,1765,1762,1986,-1,1986,1762,1761,-1,1986,1761,1987,-1,1987,1761,1760,-1,1987,1760,1751,-1,1964,1963,2024,-1,2024,1963,1987,-1,2024,1987,2025,-1,2025,1987,1751,-1,2025,1751,1750,-1,
        ]
    }
}
Shape{
    appearance Appearance {
        material  Material 	{
            diffuseColor 0.0 0.0 0.0
            specularColor 0.0 0.0 0.0
            ambientIntensity 0.2
            transparency 0
            shininess 0.5
        }
    }
    geometry IndexedFaceSet {
        ccw TRUE
        solid FALSE
        coord DEF co Coordinate {
            point [
                -0.0945 0.7484 -1.1706, -0.0945 0.7484 -1.1767, -0.0945 0.748 -1.1706, -0.0945 0.748 -1.1767, -0.0732 0.7484 -1.1706, -0.0732 0.748 -1.1706, -0.0732 0.7484 -1.1233, -0.0732 0.748 -1.1233, -0.0664 0.7484 -1.1233, -0.0664 0.748 -1.1233, -0.0664 0.7484 -1.1767, -0.0664 0.748 -1.1767, -0.1367 0.748 -1.1745, -0.1367 0.7484 -1.1745, -0.1357 0.7484 -1.175, -0.13 0.7484 -1.1769, -0.1219 0.7484 -1.1776, -0.1266 0.748 -1.1772, -0.1219 0.748 -1.1776, -0.13 0.748 -1.1769, -0.1344 0.748 -1.1754, -0.1357 0.748 -1.175, -0.1367 0.7484 -1.1679, -0.1367 0.748 -1.1679, -0.1344 0.748 -1.1689, -0.1314 0.7484 -1.1703, -0.1314 0.748 -1.1703, -0.1254 0.748 -1.1714, -0.1254 0.7484 -1.1714, -0.1229 0.748 -1.1715, -0.1229 0.7484 -1.1715, -0.1179 0.748 -1.1709, -0.1179 0.7484 -1.1709, -0.114 0.748 -1.1695, -0.114 0.7484 -1.1695, -0.1104 0.748 -1.1671, -0.1104 0.7484 -1.1671, -0.1092 0.748 -1.1659, -0.1092 0.7484 -1.1659, -0.1064 0.748 -1.162, -0.1064 0.7484 -1.162, -0.1048 0.748 -1.1577, -0.1048 0.7484 -1.1577, -0.1039 0.748 -1.1511, -0.1039 0.7484 -1.1511, -0.1039 0.748 -1.1506, -0.1039 0.7484 -1.1506, -0.1046 0.748 -1.1439, -0.1046 0.7484 -1.1439, -0.1063 0.748 -1.1392, -0.1063 0.7484 -1.1392, -0.1088 0.748 -1.1354, -0.1088 0.7484 -1.1354, -0.1095 0.748 -1.1346, -0.1095 0.7484 -1.1346, -0.1129 0.748 -1.1317, -0.1129 0.7484 -1.1317, -0.1171 0.748 -1.1297, -0.1171 0.7484 -1.1297, -0.1217 0.748 -1.1288, -0.1217 0.7484 -1.1288, -0.1241 0.748 -1.1287, -0.1241 0.7484 -1.1287, -0.1367 0.748 -1.1318, -0.1367 0.7484 -1.1318, -0.1358 0.7484 -1.1314, -0.1304 0.748 -1.1294, -0.1304 0.7484 -1.1294, -0.1344 0.748 -1.1309, -0.1358 0.748 -1.1314, -0.1367 0.7484 -1.1246, -0.1367 0.748 -1.1246, -0.124 0.748 -1.1224, -0.124 0.7484 -1.1224, -0.1245 0.7484 -1.1224, -0.1344 0.748 -1.124, -0.1314 0.7484 -1.1231, -0.1314 0.748 -1.1231, -0.1295 0.748 -1.1229, -0.1245 0.748 -1.1224, -0.1172 0.7484 -1.1232, -0.1197 0.748 -1.1229, -0.1172 0.748 -1.1232, -0.1115 0.748 -1.1252, -0.1115 0.7484 -1.1252, -0.1062 0.748 -1.1287, -0.1062 0.7484 -1.1287, -0.1044 0.748 -1.1303, -0.1044 0.7484 -1.1303, -0.1007 0.748 -1.1351, -0.1007 0.7484 -1.1351, -0.0991 0.748 -1.1387, -0.0981 0.7484 -1.141, -0.0981 0.748 -1.141, -0.0968 0.748 -1.1479, -0.0968 0.7484 -1.1479, -0.0967 0.748 -1.151, -0.0967 0.7484 -1.151, -0.0974 0.748 -1.1584, -0.0991 0.748 -1.1633, -0.0994 0.7484 -1.1642, -0.0974 0.7484 -1.1584, -0.0994 0.748 -1.1642, -0.1024 0.748 -1.169, -0.1024 0.7484 -1.169, -0.1035 0.748 -1.1703, -0.1035 0.7484 -1.1703, -0.1188 0.7484 -1.1775, -0.1079 0.748 -1.174, -0.1079 0.7484 -1.174, -0.113 0.748 -1.1763, -0.113 0.7484 -1.1763, -0.1172 0.748 -1.1772, -0.1188 0.748 -1.1775, -0.176 0.7484 -1.1706, -0.176 0.7484 -1.1767, -0.176 0.748 -1.1706, -0.176 0.748 -1.1767, -0.1542 0.748 -1.1706, -0.1542 0.7484 -1.1706, -0.1686 0.748 -1.1706, -0.1542 0.7484 -1.1527, -0.1542 0.748 -1.1527, -0.1733 0.748 -1.1527, -0.1733 0.7484 -1.1527, -0.1686 0.748 -1.1527, -0.1733 0.7484 -1.1466, -0.1733 0.748 -1.1466, -0.1542 0.748 -1.1466, -0.1542 0.7484 -1.1466, -0.1686 0.748 -1.1466, -0.1542 0.7484 -1.1295, -0.1542 0.748 -1.1295, -0.1748 0.748 -1.1295, -0.1748 0.7484 -1.1295, -0.1686 0.748 -1.1295, -0.1748 0.7484 -1.1233, -0.1748 0.748 -1.1233, -0.1473 0.748 -1.1233, -0.1473 0.7484 -1.1233, -0.1686 0.748 -1.1233, -0.1473 0.7484 -1.1767, -0.1473 0.748 -1.1767, -0.1686 0.748 -1.1767, -0.2222 0.7484 -1.1526, -0.2294 0.7484 -1.1529, -0.2223 0.7484 -1.1495, -0.2296 0.7484 -1.1494, -0.2216 0.7484 -1.1431, -0.2289 0.7484 -1.1427, -0.2202 0.7484 -1.1392, -0.227 0.7484 -1.1375, -0.2181 0.7484 -1.1361, -0.2238 0.7484 -1.1327, -0.2165 0.7484 -1.1345, -0.2215 0.7484 -1.1304, -0.2124 0.7484 -1.1318, -0.2164 0.7484 -1.1268, -0.2077 0.7484 -1.1302, -0.21 0.7484 -1.1244, -0.2011 0.7484 -1.1295, -0.2014 0.7484 -1.1233, -0.193 0.7484 -1.1295, -0.1861 0.7484 -1.1233, -0.193 0.7484 -1.1706, -0.1861 0.7484 -1.1767, -0.2008 0.7484 -1.1706, -0.2008 0.7484 -1.1767, -0.2075 0.7484 -1.1699, -0.2097 0.7484 -1.1757, -0.2121 0.7484 -1.1683, -0.2158 0.7484 -1.1733, -0.2156 0.7484 -1.166, -0.221 0.7484 -1.1697, -0.2166 0.7484 -1.1651, -0.2215 0.7484 -1.1693, -0.2194 0.7484 -1.1616, -0.2254 0.7484 -1.1647, -0.2212 0.7484 -1.1576, -0.2281 0.7484 -1.1592, -0.2008 0.748 -1.1767, -0.1861 0.748 -1.1767, -0.2097 0.748 -1.1757, -0.2158 0.748 -1.1733, -0.221 0.748 -1.1697, -0.2215 0.748 -1.1693, -0.2254 0.748 -1.1647, -0.2281 0.748 -1.1592, -0.2294 0.748 -1.1529, -0.2296 0.748 -1.1494, -0.2289 0.748 -1.1427, -0.227 0.748 -1.1375, -0.2238 0.748 -1.1327, -0.2215 0.748 -1.1304, -0.2164 0.748 -1.1268, -0.21 0.748 -1.1244, -0.2014 0.748 -1.1233, -0.1861 0.748 -1.1233, -0.2011 0.748 -1.1295, -0.193 0.748 -1.1295, -0.193 0.748 -1.1706, -0.2008 0.748 -1.1706, -0.2166 0.748 -1.1651, -0.2156 0.748 -1.166, -0.2121 0.748 -1.1683, -0.2075 0.748 -1.1699, -0.2223 0.748 -1.1495, -0.2222 0.748 -1.1526, -0.2212 0.748 -1.1576, -0.2194 0.748 -1.1616, -0.2165 0.748 -1.1345, -0.2181 0.748 -1.1361, -0.2202 0.748 -1.1392, -0.2216 0.748 -1.1431, -0.2077 0.748 -1.1302, -0.2124 0.748 -1.1318, -0.2124 0.748 -1.1318
            ]
        }
        coordIndex [
            0,1,2,-1,2,1,3,-1,4,0,5,-1,5,0,2,-1,6,4,7,-1,7,4,5,-1,8,6,9,-1,9,6,7,-1,10,8,11,-1,11,8,9,-1,1,10,3,-1,3,10,11,-1,6,8,4,-1,4,8,10,-1,4,10,0,-1,0,10,1,-1,12,13,14,-1,15,16,17,-1,17,16,18,-1,17,19,15,-1,15,19,20,-1,15,20,14,-1,14,20,21,-1,14,21,12,-1,22,13,23,-1,23,13,12,-1,22,23,24,-1,22,24,25,-1,24,26,25,-1,25,26,27,-1,25,27,28,-1,28,27,29,-1,28,29,30,-1,30,29,31,-1,30,31,32,-1,32,31,33,-1,32,33,34,-1,34,33,35,-1,34,35,36,-1,36,35,37,-1,36,37,38,-1,38,37,39,-1,38,39,40,-1,40,39,41,-1,40,41,42,-1,42,41,43,-1,42,43,44,-1,44,43,45,-1,44,45,46,-1,46,45,47,-1,46,47,48,-1,48,47,49,-1,48,49,50,-1,50,49,51,-1,50,51,52,-1,52,51,53,-1,52,53,54,-1,54,53,55,-1,54,55,56,-1,56,55,57,-1,56,57,58,-1,58,57,59,-1,58,59,60,-1,60,59,61,-1,60,61,62,-1,63,64,65,-1,62,61,66,-1,62,66,67,-1,67,66,68,-1,67,68,65,-1,65,68,69,-1,65,69,63,-1,70,64,71,-1,71,64,63,-1,72,73,74,-1,70,71,75,-1,70,75,76,-1,75,77,76,-1,76,77,78,-1,76,78,74,-1,74,78,79,-1,74,79,72,-1,80,73,81,-1,81,73,72,-1,81,82,80,-1,80,82,83,-1,80,83,84,-1,84,83,85,-1,84,85,86,-1,86,85,87,-1,86,87,88,-1,88,87,89,-1,88,89,90,-1,90,89,91,-1,90,91,92,-1,91,93,92,-1,92,93,94,-1,92,94,95,-1,95,94,96,-1,95,96,97,-1,97,96,98,-1,99,100,98,-1,98,100,101,-1,98,101,97,-1,99,102,100,-1,100,102,103,-1,100,103,104,-1,104,103,105,-1,104,105,106,-1,18,16,107,-1,106,105,108,-1,106,108,109,-1,109,108,110,-1,109,110,111,-1,111,110,112,-1,111,112,107,-1,107,112,113,-1,107,113,18,-1,65,64,70,-1,40,42,101,-1,48,50,90,-1,101,42,97,-1,90,50,88,-1,65,70,67,-1,67,70,76,-1,67,76,62,-1,62,76,74,-1,62,74,60,-1,60,74,73,-1,60,73,58,-1,58,73,80,-1,58,80,56,-1,80,84,56,-1,56,84,86,-1,56,86,54,-1,54,86,88,-1,54,88,52,-1,52,88,50,-1,101,100,40,-1,40,100,104,-1,40,104,38,-1,38,104,106,-1,38,106,36,-1,36,106,109,-1,36,109,34,-1,34,109,111,-1,34,111,32,-1,32,111,107,-1,32,107,30,-1,30,107,16,-1,30,16,28,-1,28,16,15,-1,28,15,25,-1,25,15,14,-1,25,14,22,-1,22,14,13,-1,42,44,97,-1,97,44,46,-1,97,46,95,-1,95,46,48,-1,95,48,92,-1,92,48,90,-1,114,115,116,-1,116,115,117,-1,118,119,120,-1,120,119,114,-1,120,114,116,-1,121,119,122,-1,122,119,118,-1,123,124,125,-1,125,124,121,-1,125,121,122,-1,126,124,127,-1,127,124,123,-1,128,129,130,-1,130,129,126,-1,130,126,127,-1,131,129,132,-1,132,129,128,-1,133,134,135,-1,135,134,131,-1,135,131,132,-1,136,134,137,-1,137,134,133,-1,138,139,140,-1,140,139,136,-1,140,136,137,-1,141,139,142,-1,142,139,138,-1,117,115,143,-1,143,115,141,-1,143,141,142,-1,134,136,131,-1,131,136,139,-1,131,139,129,-1,115,114,141,-1,141,114,119,-1,141,119,121,-1,124,126,121,-1,121,126,129,-1,121,129,141,-1,141,129,139,-1,144,145,146,-1,146,145,147,-1,146,147,148,-1,148,147,149,-1,148,149,150,-1,150,149,151,-1,150,151,152,-1,152,151,153,-1,152,153,154,-1,154,153,155,-1,154,155,156,-1,156,155,157,-1,156,157,158,-1,158,157,159,-1,158,159,160,-1,160,159,161,-1,160,161,162,-1,162,161,163,-1,162,163,164,-1,164,163,165,-1,164,165,166,-1,166,165,167,-1,166,167,168,-1,168,167,169,-1,168,169,170,-1,170,169,171,-1,170,171,172,-1,172,171,173,-1,172,173,174,-1,174,173,175,-1,174,175,176,-1,176,175,177,-1,176,177,178,-1,178,177,179,-1,178,179,144,-1,144,179,145,-1,167,165,180,-1,180,165,181,-1,167,180,182,-1,167,182,169,-1,169,182,183,-1,169,183,171,-1,171,183,184,-1,171,184,173,-1,173,184,185,-1,173,185,175,-1,175,185,186,-1,175,186,177,-1,177,186,187,-1,177,187,179,-1,179,187,188,-1,179,188,145,-1,145,188,189,-1,145,189,147,-1,147,189,190,-1,147,190,149,-1,149,190,191,-1,149,191,151,-1,151,191,192,-1,151,192,153,-1,153,192,193,-1,153,193,155,-1,155,193,194,-1,155,194,157,-1,157,194,195,-1,157,195,159,-1,159,195,196,-1,159,196,161,-1,163,161,197,-1,197,161,196,-1,165,163,181,-1,181,163,197,-1,160,162,198,-1,198,162,199,-1,162,164,199,-1,199,164,200,-1,164,166,200,-1,200,166,201,-1,174,202,203,-1,174,203,172,-1,172,203,204,-1,172,204,170,-1,170,204,205,-1,170,205,168,-1,168,205,201,-1,168,201,166,-1,146,206,207,-1,146,207,144,-1,144,207,208,-1,144,208,178,-1,178,208,209,-1,178,209,176,-1,176,209,202,-1,176,202,174,-1,154,210,211,-1,154,211,152,-1,152,211,212,-1,152,212,150,-1,150,212,213,-1,150,213,148,-1,148,213,206,-1,148,206,146,-1,160,198,214,-1,160,214,158,-1,158,214,215,-1,158,215,156,-1,156,215,210,-1,156,210,154,-1,
        ]
    }
}
Shape{
    appearance Appearance {
        material  Material 	{
            diffuseColor 0.10588235294117647 0.4823529411764706 0.8117647058823529
            specularColor 0.050980392156862744 0.23921568627450981 0.403921568627451
            ambientIntensity 0.2
            transparency 0
            shininess 0.5
        }
    }
    geometry IndexedFaceSet {
        ccw TRUE
        solid FALSE
        coord DEF co Coordinate {
            point [
                -0.193 0.748 -1.1295, -0.193 0.748 -1.1706, -0.2011 0.748 -1.1295, -0.2008 0.748 -1.1706, -0.2075 0.748 -1.1699, -0.2121 0.748 -1.1683, -0.2156 0.748 -1.166, -0.2166 0.748 -1.1651, -0.2194 0.748 -1.1616, -0.2212 0.748 -1.1576, -0.2222 0.748 -1.1526, -0.2223 0.748 -1.1495, -0.2216 0.748 -1.1431, -0.2202 0.748 -1.1392, -0.2181 0.748 -1.1361, -0.2165 0.748 -1.1345, -0.2077 0.748 -1.1302, -0.2124 0.748 -1.1318, -0.2124 0.748 -1.1318
            ]
        }
        coordIndex [
            0,1,2,-1,2,1,3,-1,2,3,4,-1,4,5,2,-1,2,5,6,-1,2,6,7,-1,7,8,2,-1,2,8,9,-1,2,9,10,-1,10,11,2,-1,2,11,12,-1,2,12,13,-1,13,14,2,-1,2,14,15,-1,2,15,16,-1,16,15,17,-1,
        ]
    }
}
Shape{
    appearance Appearance {
        material  Material 	{
            diffuseColor 0.0 0.0 0.0
            specularColor 0.0 0.0 0.0
            ambientIntensity 0.2
            transparency 0
            shininess 0.5
        }
    }
    geometry IndexedFaceSet {
        ccw TRUE
        solid FALSE
        coord DEF co Coordinate {
            point [
                -0.2475 0.7484 -1.1561, -0.2555 0.7484 -1.1339, -0.2529 0.7484 -1.1233, -0.2325 0.7484 -1.1767, -0.2402 0.7484 -1.1767, -0.2453 0.7484 -1.1621, -0.2559 0.7484 -1.1323, -0.2563 0.7484 -1.1302, -0.2602 0.7484 -1.1233, -0.2565 0.7484 -1.1302, -0.2569 0.7484 -1.1324, -0.2573 0.7484 -1.1339, -0.2654 0.7484 -1.1561, -0.2806 0.7484 -1.1767, -0.273 0.7484 -1.1767, -0.2675 0.7484 -1.1621, -0.2602 0.748 -1.1233, -0.2806 0.748 -1.1767, -0.2529 0.748 -1.1233, -0.2325 0.748 -1.1767, -0.2479 0.748 -1.1363, -0.2402 0.748 -1.1767, -0.2453 0.748 -1.1621, -0.2675 0.748 -1.1621, -0.2479 0.748 -1.1621, -0.273 0.748 -1.1767, -0.2475 0.748 -1.1561, -0.2654 0.748 -1.1561, -0.2573 0.748 -1.1339, -0.2565 0.748 -1.1302, -0.2569 0.748 -1.1324, -0.2563 0.748 -1.1302, -0.2555 0.748 -1.1339, -0.2559 0.748 -1.1323, -0.2559 0.748 -1.1323
            ]
        }
        coordIndex [
            0,1,2,-1,3,4,5,-1,1,6,2,-1,2,6,7,-1,2,7,8,-1,8,7,9,-1,8,9,10,-1,10,11,8,-1,8,11,12,-1,8,12,13,-1,14,13,15,-1,15,13,12,-1,15,12,5,-1,5,12,0,-1,5,0,3,-1,3,0,2,-1,8,13,16,-1,16,13,17,-1,2,8,18,-1,18,8,16,-1,19,3,20,-1,20,3,2,-1,20,2,18,-1,4,3,21,-1,21,3,19,-1,5,4,22,-1,22,4,21,-1,23,15,24,-1,24,15,5,-1,24,5,22,-1,14,15,25,-1,25,15,23,-1,13,14,17,-1,17,14,25,-1,0,12,26,-1,26,12,27,-1,12,11,27,-1,27,11,28,-1,9,29,30,-1,9,30,10,-1,10,30,28,-1,10,28,11,-1,9,7,29,-1,29,7,31,-1,1,32,33,-1,1,33,6,-1,6,33,31,-1,6,31,7,-1,1,0,32,-1,32,0,26,-1,
        ]
    }
}
Shape{
    appearance Appearance {
        material  Material 	{
            diffuseColor 0.10588235294117647 0.4823529411764706 0.8117647058823529
            specularColor 0.050980392156862744 0.23921568627450981 0.403921568627451
            ambientIntensity 0.2
            transparency 0
            shininess 0.5
        }
    }
    geometry IndexedFaceSet {
        ccw TRUE
        solid FALSE
        coord DEF co Coordinate {
            point [
                -0.2565 0.748 -1.1302, -0.2563 0.748 -1.1302, -0.2569 0.748 -1.1324, -0.2559 0.748 -1.1323, -0.2573 0.748 -1.1339, -0.2555 0.748 -1.1339, -0.2654 0.748 -1.1561, -0.2475 0.748 -1.1561, -0.2475 0.748 -1.1561
            ]
        }
        coordIndex [
            0,1,2,-1,2,1,3,-1,2,3,4,-1,4,3,5,-1,4,5,6,-1,6,5,7,-1,
        ]
    }
}
Shape{
    appearance Appearance {
        material  Material 	{
            diffuseColor 0.0 0.0 0.0
            specularColor 0.0 0.0 0.0
            ambientIntensity 0.2
            transparency 0
            shininess 0.5
        }
    }
    geometry IndexedFaceSet {
        ccw TRUE
        solid FALSE
        coord DEF co Coordinate {
            point [
                -0.0951 0.7484 -1.2553, -0.0951 0.7484 -1.2614, -0.0951 0.748 -1.2553, -0.0951 0.748 -1.2614, -0.0732 0.7484 -1.2553, -0.0732 0.748 -1.2553, -0.0732 0.7484 -1.2374, -0.0732 0.748 -1.2374, -0.0923 0.7484 -1.2374, -0.0923 0.748 -1.2374, -0.0923 0.7484 -1.2313, -0.0923 0.748 -1.2313, -0.0732 0.7484 -1.2313, -0.0732 0.748 -1.2313, -0.0732 0.7484 -1.2142, -0.0732 0.748 -1.2142, -0.0938 0.7484 -1.2142, -0.0938 0.748 -1.2142, -0.0938 0.7484 -1.208, -0.0938 0.748 -1.208, -0.0664 0.7484 -1.208, -0.0664 0.748 -1.208, -0.0664 0.7484 -1.2614, -0.0664 0.748 -1.2614, -0.1254 0.7484 -1.2614, -0.1321 0.7484 -1.2614, -0.1254 0.7484 -1.2555, -0.1321 0.7484 -1.2369, -0.1254 0.7484 -1.2372, -0.111 0.7484 -1.2451, -0.1127 0.7484 -1.2443, -0.1165 0.7484 -1.2435, -0.1254 0.7484 -1.2423, -0.1254 0.7484 -1.2459, -0.1252 0.7484 -1.2555, -0.1217 0.7484 -1.2545, -0.1242 0.7484 -1.2571, -0.1198 0.7484 -1.2558, -0.1254 0.7484 -1.2464, -0.125 0.7484 -1.2494, -0.124 0.7484 -1.2517, -0.1225 0.7484 -1.2537, -0.1252 0.7484 -1.2342, -0.1316 0.7484 -1.2318, -0.1245 0.7484 -1.2318, -0.1305 0.7484 -1.2287, -0.1237 0.7484 -1.2305, -0.1291 0.7484 -1.2266, -0.1227 0.7484 -1.2294, -0.1274 0.7484 -1.2249, -0.1215 0.7484 -1.2286, -0.1251 0.7484 -1.2236, -0.1199 0.7484 -1.2281, -0.1223 0.7484 -1.2228, -0.1177 0.7484 -1.2278, -0.1183 0.7484 -1.2224, -0.1137 0.7484 -1.2283, -0.1119 0.7484 -1.2231, -0.1095 0.7484 -1.2297, -0.1069 0.7484 -1.225, -0.1052 0.7484 -1.2325, -0.1052 0.7484 -1.226, -0.1096 0.7484 -1.2545, -0.1047 0.7484 -1.2593, -0.1102 0.7484 -1.2551, -0.107 0.7484 -1.2609, -0.1115 0.7484 -1.256, -0.1095 0.7484 -1.2618, -0.113 0.7484 -1.2566, -0.1135 0.7484 -1.2623, -0.1153 0.7484 -1.2568, -0.117 0.7484 -1.2619, -0.1178 0.7484 -1.2565, -0.1197 0.7484 -1.2609, -0.1221 0.7484 -1.2594, -0.1083 0.7484 -1.2496, -0.1015 0.7484 -1.2504, -0.1082 0.7484 -1.2507, -0.1015 0.7484 -1.2512, -0.1084 0.7484 -1.2522, -0.1018 0.7484 -1.2542, -0.1089 0.7484 -1.2534, -0.1026 0.7484 -1.2565, -0.104 0.7484 -1.2586, -0.1141 0.7484 -1.2388, -0.1091 0.7484 -1.24, -0.11 0.7484 -1.2458, -0.1062 0.7484 -1.2415, -0.1092 0.7484 -1.2468, -0.1042 0.7484 -1.2432, -0.1086 0.7484 -1.2481, -0.1028 0.7484 -1.2451, -0.1019 0.7484 -1.2475, -0.1183 0.748 -1.2224, -0.1119 0.748 -1.2231, -0.1069 0.748 -1.225, -0.1052 0.748 -1.226, -0.1052 0.748 -1.2325, -0.1095 0.748 -1.2297, -0.1137 0.748 -1.2283, -0.1177 0.748 -1.2278, -0.1199 0.748 -1.2281, -0.1215 0.748 -1.2286, -0.1227 0.748 -1.2294, -0.1237 0.748 -1.2305, -0.1245 0.748 -1.2318, -0.1252 0.748 -1.2342, -0.1254 0.748 -1.2372, -0.1141 0.748 -1.2388, -0.1091 0.748 -1.24, -0.1062 0.748 -1.2415, -0.1042 0.748 -1.2432, -0.1028 0.748 -1.2451, -0.1019 0.748 -1.2475, -0.1015 0.748 -1.2504, -0.1015 0.748 -1.2512, -0.1018 0.748 -1.2542, -0.1026 0.748 -1.2565, -0.104 0.748 -1.2586, -0.1047 0.748 -1.2593, -0.1135 0.748 -1.2623, -0.1097 0.748 -1.2619, -0.1095 0.748 -1.2618, -0.107 0.748 -1.2609, -0.117 0.748 -1.2619, -0.1172 0.748 -1.2619, -0.1197 0.748 -1.2609, -0.1221 0.748 -1.2594, -0.1242 0.748 -1.2571, -0.1252 0.748 -1.2555, -0.1254 0.748 -1.2555, -0.1254 0.748 -1.2614, -0.1321 0.748 -1.2614, -0.1321 0.748 -1.2369, -0.1316 0.748 -1.2318, -0.1305 0.748 -1.2287, -0.1291 0.748 -1.2266, -0.1274 0.748 -1.2249, -0.1251 0.748 -1.2236, -0.1223 0.748 -1.2228, -0.11 0.748 -1.2458, -0.111 0.748 -1.2451, -0.1127 0.748 -1.2443, -0.1165 0.748 -1.2435, -0.1082 0.748 -1.2507, -0.1083 0.748 -1.2496, -0.1086 0.748 -1.2481, -0.1092 0.748 -1.2468, -0.1102 0.748 -1.2551, -0.1096 0.748 -1.2545, -0.1089 0.748 -1.2534, -0.1084 0.748 -1.2522, -0.1153 0.748 -1.2568, -0.113 0.748 -1.2566, -0.1115 0.748 -1.256, -0.1225 0.748 -1.2537, -0.1217 0.748 -1.2545, -0.1198 0.748 -1.2558, -0.1178 0.748 -1.2565, -0.1254 0.748 -1.2459, -0.1254 0.748 -1.2464, -0.125 0.748 -1.2494, -0.124 0.748 -1.2517, -0.1254 0.748 -1.2423, -0.1254 0.748 -1.2423
            ]
        }
        coordIndex [
            0,1,2,-1,2,1,3,-1,4,0,5,-1,5,0,2,-1,6,4,7,-1,7,4,5,-1,8,6,9,-1,9,6,7,-1,10,8,11,-1,11,8,9,-1,12,10,13,-1,13,10,11,-1,14,12,15,-1,15,12,13,-1,16,14,17,-1,17,14,15,-1,18,16,19,-1,19,16,17,-1,20,18,21,-1,21,18,19,-1,22,20,23,-1,23,20,21,-1,1,22,3,-1,3,22,23,-1,22,1,0,-1,0,4,22,-1,22,4,6,-1,22,6,20,-1,16,18,14,-1,14,18,20,-1,14,20,12,-1,12,20,6,-1,12,6,10,-1,10,6,8,-1,24,25,26,-1,26,25,27,-1,28,29,30,-1,31,32,27,-1,27,32,33,-1,34,35,36,-1,36,35,37,-1,33,38,27,-1,27,38,39,-1,27,39,26,-1,26,39,40,-1,26,40,34,-1,34,40,41,-1,34,41,35,-1,30,31,28,-1,28,31,27,-1,28,27,42,-1,42,27,43,-1,42,43,44,-1,44,43,45,-1,44,45,46,-1,46,45,47,-1,46,47,48,-1,48,47,49,-1,48,49,50,-1,50,49,51,-1,50,51,52,-1,52,51,53,-1,52,53,54,-1,54,53,55,-1,54,55,56,-1,56,55,57,-1,56,57,58,-1,58,57,59,-1,58,59,60,-1,60,59,61,-1,62,63,64,-1,64,63,65,-1,64,65,66,-1,66,65,67,-1,66,67,68,-1,68,67,69,-1,68,69,70,-1,70,69,71,-1,70,71,72,-1,72,71,73,-1,72,73,37,-1,37,73,74,-1,37,74,36,-1,75,76,77,-1,77,76,78,-1,77,78,79,-1,79,78,80,-1,79,80,81,-1,81,80,82,-1,81,82,62,-1,62,82,83,-1,62,83,63,-1,28,84,29,-1,29,84,85,-1,29,85,86,-1,86,85,87,-1,86,87,88,-1,88,87,89,-1,88,89,90,-1,90,89,91,-1,90,91,75,-1,75,91,92,-1,75,92,76,-1,55,93,94,-1,55,94,57,-1,57,94,95,-1,57,95,59,-1,59,95,96,-1,59,96,61,-1,60,61,97,-1,97,61,96,-1,60,97,98,-1,60,98,58,-1,58,98,99,-1,58,99,56,-1,56,99,100,-1,56,100,54,-1,54,100,101,-1,54,101,52,-1,52,101,102,-1,52,102,50,-1,50,102,103,-1,50,103,48,-1,48,103,104,-1,48,104,46,-1,46,104,105,-1,46,105,44,-1,44,105,106,-1,44,106,42,-1,42,106,107,-1,42,107,28,-1,84,28,108,-1,108,28,107,-1,84,108,109,-1,84,109,85,-1,85,109,110,-1,85,110,87,-1,87,110,111,-1,87,111,89,-1,89,111,112,-1,89,112,91,-1,91,112,113,-1,91,113,92,-1,92,113,114,-1,92,114,76,-1,76,114,115,-1,76,115,78,-1,78,115,116,-1,78,116,80,-1,80,116,117,-1,80,117,82,-1,82,117,118,-1,82,118,83,-1,83,118,119,-1,83,119,63,-1,120,69,121,-1,121,69,67,-1,121,67,122,-1,122,67,65,-1,122,65,123,-1,123,65,63,-1,123,63,119,-1,69,120,124,-1,69,124,71,-1,71,124,125,-1,71,125,73,-1,125,126,73,-1,73,126,127,-1,73,127,74,-1,74,127,128,-1,74,128,36,-1,36,128,129,-1,36,129,34,-1,26,34,130,-1,130,34,129,-1,24,26,131,-1,131,26,130,-1,25,24,132,-1,132,24,131,-1,27,25,133,-1,133,25,132,-1,27,133,134,-1,27,134,43,-1,43,134,135,-1,43,135,45,-1,45,135,136,-1,45,136,47,-1,47,136,137,-1,47,137,49,-1,49,137,138,-1,49,138,51,-1,51,138,139,-1,51,139,53,-1,53,139,93,-1,53,93,55,-1,86,140,141,-1,86,141,29,-1,29,141,142,-1,29,142,30,-1,30,142,143,-1,30,143,31,-1,77,144,145,-1,77,145,75,-1,75,145,146,-1,75,146,90,-1,90,146,147,-1,90,147,88,-1,88,147,140,-1,88,140,86,-1,64,148,149,-1,64,149,62,-1,62,149,150,-1,62,150,81,-1,81,150,151,-1,81,151,79,-1,79,151,144,-1,79,144,77,-1,70,152,153,-1,70,153,68,-1,68,153,154,-1,68,154,66,-1,66,154,148,-1,66,148,64,-1,41,155,156,-1,41,156,35,-1,35,156,157,-1,35,157,37,-1,37,157,158,-1,37,158,72,-1,72,158,152,-1,72,152,70,-1,33,159,160,-1,33,160,38,-1,38,160,161,-1,38,161,39,-1,39,161,162,-1,39,162,40,-1,40,162,155,-1,40,155,41,-1,33,32,159,-1,159,32,163,-1,32,31,163,-1,163,31,143,-1,
        ]
    }
}
Shape{
    appearance Appearance {
        material  Material 	{
            diffuseColor 0.10588235294117647 0.4823529411764706 0.8117647058823529
            specularColor 0.050980392156862744 0.23921568627450981 0.403921568627451
            ambientIntensity 0.2
            transparency 0
            shininess 0.5
        }
    }
    geometry IndexedFaceSet {
        ccw TRUE
        solid FALSE
        coord DEF co Coordinate {
            point [
                -0.1254 0.748 -1.2423, -0.1165 0.748 -1.2435, -0.1254 0.748 -1.2459, -0.1127 0.748 -1.2443, -0.111 0.748 -1.2451, -0.11 0.748 -1.2458, -0.1254 0.748 -1.2464, -0.125 0.748 -1.2494, -0.1092 0.748 -1.2468, -0.124 0.748 -1.2517, -0.1096 0.748 -1.2545, -0.1102 0.748 -1.2551, -0.1217 0.748 -1.2545, -0.1089 0.748 -1.2534, -0.1198 0.748 -1.2558, -0.1178 0.748 -1.2565, -0.1153 0.748 -1.2568, -0.1086 0.748 -1.2481, -0.1083 0.748 -1.2496, -0.1225 0.748 -1.2537, -0.1082 0.748 -1.2507, -0.1084 0.748 -1.2522, -0.1115 0.748 -1.256, -0.113 0.748 -1.2566, -0.113 0.748 -1.2566
            ]
        }
        coordIndex [
            0,1,2,-1,2,1,3,-1,3,4,2,-1,2,4,5,-1,2,5,6,-1,6,5,7,-1,7,5,8,-1,7,8,9,-1,10,11,12,-1,10,12,13,-1,14,12,15,-1,15,12,16,-1,8,17,9,-1,9,17,18,-1,9,18,19,-1,19,18,20,-1,19,20,12,-1,12,20,21,-1,12,21,13,-1,11,22,12,-1,12,22,23,-1,12,23,16,-1,
        ]
    }
}
Shape{
    appearance Appearance {
        material  Material 	{
            diffuseColor 0.0 0.0 0.0
            specularColor 0.0 0.0 0.0
            ambientIntensity 0.2
            transparency 0
            shininess 0.5
        }
    }
    geometry IndexedFaceSet {
        ccw TRUE
        solid FALSE
        coord DEF co Coordinate {
            point [
                -0.1522 0.7484 -1.2569, -0.1522 0.748 -1.2569, -0.148 0.748 -1.2564, -0.1442 0.748 -1.255, -0.1438 0.7484 -1.2548, -0.148 0.7484 -1.2564, -0.1438 0.748 -1.2548, -0.1412 0.748 -1.2532, -0.1412 0.7484 -1.2532, -0.1412 0.7484 -1.2601, -0.1412 0.748 -1.2601, -0.1459 0.7484 -1.2617, -0.1442 0.748 -1.2612, -0.1515 0.748 -1.2623, -0.1515 0.7484 -1.2623, -0.1471 0.748 -1.2619, -0.1459 0.748 -1.2617, -0.1575 0.7484 -1.2616, -0.1553 0.748 -1.2619, -0.1575 0.748 -1.2616, -0.1611 0.748 -1.2602, -0.1611 0.7484 -1.2602, -0.1626 0.748 -1.2593, -0.1626 0.7484 -1.2593, -0.1645 0.748 -1.2576, -0.1645 0.7484 -1.2576, -0.1658 0.748 -1.2558, -0.1658 0.7484 -1.2558, -0.1666 0.748 -1.2537, -0.1666 0.7484 -1.2537, -0.1669 0.748 -1.251, -0.1669 0.7484 -1.251, -0.1666 0.748 -1.2485, -0.1666 0.7484 -1.2485, -0.1659 0.748 -1.2466, -0.1659 0.7484 -1.2466, -0.1647 0.748 -1.2447, -0.1647 0.7484 -1.2447, -0.1631 0.748 -1.2433, -0.1631 0.7484 -1.2433, -0.1586 0.748 -1.2408, -0.1586 0.7484 -1.2408, -0.156 0.748 -1.2398, -0.156 0.7484 -1.2398, -0.1519 0.748 -1.238, -0.1519 0.7484 -1.238, -0.1495 0.748 -1.2365, -0.1495 0.7484 -1.2365, -0.1489 0.748 -1.2358, -0.1489 0.7484 -1.2358, -0.1484 0.748 -1.2349, -0.1484 0.7484 -1.2349, -0.1481 0.748 -1.2339, -0.1481 0.7484 -1.2339, -0.1481 0.748 -1.233, -0.1481 0.7484 -1.233, -0.1482 0.748 -1.2319, -0.1482 0.7484 -1.2319, -0.1485 0.748 -1.231, -0.1485 0.7484 -1.231, -0.1491 0.748 -1.2302, -0.1491 0.7484 -1.2302, -0.1501 0.748 -1.2293, -0.1501 0.7484 -1.2293, -0.1516 0.748 -1.2285, -0.1516 0.7484 -1.2285, -0.1534 0.748 -1.228, -0.1534 0.7484 -1.228, -0.1554 0.748 -1.2278, -0.1554 0.7484 -1.2278, -0.1598 0.748 -1.2283, -0.1598 0.7484 -1.2283, -0.1635 0.748 -1.2297, -0.1635 0.7484 -1.2297, -0.1651 0.748 -1.2306, -0.1651 0.7484 -1.2306, -0.1651 0.7484 -1.2241, -0.1651 0.748 -1.2241, -0.1598 0.748 -1.2227, -0.1598 0.7484 -1.2227, -0.156 0.748 -1.2224, -0.156 0.7484 -1.2224, -0.1511 0.748 -1.223, -0.1511 0.7484 -1.223, -0.1474 0.748 -1.2243, -0.1474 0.7484 -1.2243, -0.1455 0.748 -1.2254, -0.1455 0.7484 -1.2254, -0.1435 0.7484 -1.2272, -0.1442 0.748 -1.2266, -0.1435 0.748 -1.2272, -0.1423 0.748 -1.229, -0.1423 0.7484 -1.229, -0.1415 0.748 -1.2312, -0.1415 0.7484 -1.2312, -0.1412 0.748 -1.2336, -0.1412 0.7484 -1.2336, -0.1415 0.748 -1.2362, -0.1415 0.7484 -1.2362, -0.1422 0.748 -1.2382, -0.1422 0.7484 -1.2382, -0.1431 0.748 -1.2396, -0.1431 0.7484 -1.2396, -0.1513 0.748 -1.2447, -0.1513 0.7484 -1.2447, -0.1473 0.7484 -1.2428, -0.1442 0.748 -1.2407, -0.1442 0.7484 -1.2407, -0.1442 0.748 -1.2408, -0.1473 0.748 -1.2428, -0.1557 0.748 -1.2465, -0.1557 0.7484 -1.2465, -0.1583 0.748 -1.2481, -0.1583 0.7484 -1.2481, -0.1592 0.748 -1.2489, -0.1592 0.7484 -1.2489, -0.1597 0.748 -1.2498, -0.1597 0.7484 -1.2498, -0.16 0.748 -1.2509, -0.16 0.7484 -1.2509, -0.16 0.748 -1.2517, -0.16 0.7484 -1.2517, -0.1599 0.748 -1.253, -0.1599 0.7484 -1.253, -0.1596 0.748 -1.2539, -0.1596 0.7484 -1.2539, -0.159 0.748 -1.2548, -0.159 0.7484 -1.2548, -0.1582 0.748 -1.2555, -0.1582 0.7484 -1.2555, -0.1576 0.748 -1.2558, -0.1576 0.7484 -1.2558, -0.1559 0.748 -1.2565, -0.1559 0.7484 -1.2565, -0.1524 0.748 -1.2569, -0.1524 0.7484 -1.2569, -0.2 0.7484 -1.2233, -0.207 0.7484 -1.2233, -0.2 0.748 -1.2233, -0.207 0.748 -1.2233, -0.1896 0.7484 -1.252, -0.1896 0.748 -1.252, -0.1891 0.748 -1.2538, -0.1891 0.7484 -1.2538, -0.1888 0.748 -1.2551, -0.1888 0.7484 -1.2551, -0.1886 0.7484 -1.2551, -0.1886 0.748 -1.2551, -0.1878 0.7484 -1.2519, -0.1878 0.748 -1.2519, -0.1779 0.748 -1.2233, -0.1779 0.7484 -1.2233, -0.1811 0.748 -1.2326, -0.1704 0.7484 -1.2233, -0.1704 0.748 -1.2233, -0.1853 0.748 -1.2613, -0.1853 0.7484 -1.2613, -0.1811 0.748 -1.2505, -0.1824 0.748 -1.2683, -0.1824 0.7484 -1.2683, -0.1851 0.748 -1.2619, -0.1811 0.748 -1.2707, -0.1811 0.7484 -1.2707, -0.1811 0.748 -1.2707, -0.1798 0.7484 -1.2721, -0.1798 0.748 -1.2721, -0.1786 0.748 -1.2729, -0.1786 0.7484 -1.2729, -0.1772 0.748 -1.2735, -0.1772 0.7484 -1.2735, -0.1756 0.748 -1.2736, -0.1756 0.7484 -1.2736, -0.1731 0.748 -1.2733, -0.1731 0.7484 -1.2733, -0.1718 0.748 -1.2729, -0.1718 0.7484 -1.2729, -0.1718 0.7484 -1.2788, -0.1718 0.748 -1.2788, -0.1746 0.748 -1.2793, -0.1746 0.7484 -1.2793, -0.1761 0.748 -1.2794, -0.1761 0.7484 -1.2794, -0.1788 0.748 -1.2791, -0.1811 0.748 -1.2782, -0.1814 0.7484 -1.2781, -0.1788 0.7484 -1.2791, -0.1814 0.748 -1.2781, -0.1837 0.748 -1.2764, -0.1837 0.7484 -1.2764, -0.1842 0.748 -1.276, -0.1842 0.7484 -1.276, -0.1866 0.748 -1.2731, -0.1866 0.7484 -1.2731, -0.1897 0.748 -1.2672, -0.1897 0.7484 -1.2672, -0.1918 0.748 -1.2619, -0.2429 0.7484 -1.2553, -0.2429 0.7484 -1.2614, -0.2429 0.748 -1.2553, -0.2429 0.748 -1.2614, -0.2211 0.748 -1.2553, -0.2211 0.7484 -1.2553, -0.2311 0.748 -1.2553, -0.2211 0.7484 -1.2374, -0.2211 0.748 -1.2374, -0.2402 0.748 -1.2374, -0.2402 0.7484 -1.2374, -0.2311 0.748 -1.2374, -0.2402 0.7484 -1.2313, -0.2402 0.748 -1.2313, -0.2211 0.748 -1.2313, -0.2211 0.7484 -1.2313, -0.2311 0.748 -1.2313, -0.2211 0.7484 -1.2142, -0.2211 0.748 -1.2142, -0.2417 0.748 -1.2142, -0.2417 0.7484 -1.2142, -0.2311 0.748 -1.2142, -0.2417 0.7484 -1.208, -0.2417 0.748 -1.208, -0.2142 0.748 -1.208, -0.2142 0.7484 -1.208, -0.2311 0.748 -1.208, -0.2142 0.7484 -1.2614, -0.2142 0.748 -1.2614, -0.2311 0.748 -1.2614, -0.289 0.7484 -1.2373, -0.2963 0.7484 -1.2376, -0.2892 0.7484 -1.2342, -0.2964 0.7484 -1.234, -0.2885 0.7484 -1.2278, -0.2957 0.7484 -1.2274, -0.287 0.7484 -1.2239, -0.2939 0.7484 -1.2221, -0.285 0.7484 -1.2208, -0.2907 0.7484 -1.2174, -0.2833 0.7484 -1.2192, -0.2884 0.7484 -1.2151, -0.2792 0.7484 -1.2165, -0.2832 0.7484 -1.2115, -0.2746 0.7484 -1.2149, -0.2769 0.7484 -1.2091, -0.2679 0.7484 -1.2142, -0.2682 0.7484 -1.208, -0.2599 0.7484 -1.2142, -0.253 0.7484 -1.208, -0.2599 0.7484 -1.2553, -0.253 0.7484 -1.2614, -0.2676 0.7484 -1.2553, -0.2677 0.7484 -1.2614, -0.2744 0.7484 -1.2546, -0.2766 0.7484 -1.2603, -0.2789 0.7484 -1.253, -0.2827 0.7484 -1.258, -0.2825 0.7484 -1.2507, -0.2878 0.7484 -1.2544, -0.2835 0.7484 -1.2498, -0.2884 0.7484 -1.2539, -0.2863 0.7484 -1.2462, -0.2923 0.7484 -1.2493, -0.2881 0.7484 -1.2422, -0.2949 0.7484 -1.2438, -0.2677 0.748 -1.2614, -0.253 0.748 -1.2614, -0.2766 0.748 -1.2603, -0.2827 0.748 -1.258, -0.2878 0.748 -1.2544, -0.2884 0.748 -1.2539, -0.2923 0.748 -1.2493, -0.2949 0.748 -1.2438, -0.2963 0.748 -1.2376, -0.2964 0.748 -1.234, -0.2957 0.748 -1.2274, -0.2939 0.748 -1.2221, -0.2907 0.748 -1.2174, -0.2884 0.748 -1.2151, -0.2832 0.748 -1.2115, -0.2769 0.748 -1.2091, -0.2682 0.748 -1.208, -0.253 0.748 -1.208, -0.2679 0.748 -1.2142, -0.2599 0.748 -1.2142, -0.2599 0.748 -1.2553, -0.2676 0.748 -1.2553, -0.2835 0.748 -1.2498, -0.2825 0.748 -1.2507, -0.2789 0.748 -1.253, -0.2744 0.748 -1.2546, -0.2892 0.748 -1.2342, -0.289 0.748 -1.2373, -0.2881 0.748 -1.2422, -0.2863 0.748 -1.2462, -0.2833 0.748 -1.2192, -0.285 0.748 -1.2208, -0.287 0.748 -1.2239, -0.2885 0.748 -1.2278, -0.2746 0.748 -1.2149, -0.2792 0.748 -1.2165, -0.2792 0.748 -1.2165
            ]
        }
        coordIndex [
            0,1,2,-1,3,4,2,-1,2,4,5,-1,2,5,0,-1,3,6,4,-1,4,6,7,-1,4,7,8,-1,9,8,10,-1,10,8,7,-1,11,9,12,-1,12,9,10,-1,13,14,15,-1,15,14,11,-1,15,11,16,-1,16,11,12,-1,17,14,18,-1,18,14,13,-1,18,19,17,-1,17,19,20,-1,17,20,21,-1,21,20,22,-1,21,22,23,-1,23,22,24,-1,23,24,25,-1,25,24,26,-1,25,26,27,-1,27,26,28,-1,27,28,29,-1,29,28,30,-1,29,30,31,-1,31,30,32,-1,31,32,33,-1,33,32,34,-1,33,34,35,-1,35,34,36,-1,35,36,37,-1,37,36,38,-1,37,38,39,-1,39,38,40,-1,39,40,41,-1,41,40,42,-1,41,42,43,-1,43,42,44,-1,43,44,45,-1,45,44,46,-1,45,46,47,-1,47,46,48,-1,47,48,49,-1,49,48,50,-1,49,50,51,-1,51,50,52,-1,51,52,53,-1,53,52,54,-1,53,54,55,-1,55,54,56,-1,55,56,57,-1,57,56,58,-1,57,58,59,-1,59,58,60,-1,59,60,61,-1,61,60,62,-1,61,62,63,-1,63,62,64,-1,63,64,65,-1,65,64,66,-1,65,66,67,-1,67,66,68,-1,67,68,69,-1,69,68,70,-1,69,70,71,-1,71,70,72,-1,71,72,73,-1,73,72,74,-1,73,74,75,-1,76,75,77,-1,77,75,74,-1,76,77,78,-1,76,78,79,-1,79,78,80,-1,79,80,81,-1,81,80,82,-1,81,82,83,-1,83,82,84,-1,83,84,85,-1,85,84,86,-1,85,86,87,-1,87,86,88,-1,88,86,89,-1,89,90,88,-1,88,90,91,-1,88,91,92,-1,92,91,93,-1,92,93,94,-1,94,93,95,-1,94,95,96,-1,96,95,97,-1,96,97,98,-1,98,97,99,-1,98,99,100,-1,100,99,101,-1,100,101,102,-1,103,104,105,-1,102,101,106,-1,102,106,107,-1,107,106,108,-1,107,108,105,-1,105,108,109,-1,105,109,103,-1,104,103,110,-1,104,110,111,-1,111,110,112,-1,111,112,113,-1,113,112,114,-1,113,114,115,-1,115,114,116,-1,115,116,117,-1,117,116,118,-1,117,118,119,-1,119,118,120,-1,119,120,121,-1,121,120,122,-1,121,122,123,-1,123,122,124,-1,123,124,125,-1,125,124,126,-1,125,126,127,-1,127,126,128,-1,127,128,129,-1,129,128,130,-1,129,130,131,-1,131,130,132,-1,131,132,133,-1,133,132,134,-1,133,134,135,-1,135,134,1,-1,135,1,0,-1,61,63,85,-1,85,63,83,-1,111,43,104,-1,104,43,45,-1,21,23,127,-1,127,23,25,-1,127,25,125,-1,125,25,27,-1,125,27,123,-1,123,27,29,-1,123,29,121,-1,121,29,31,-1,121,31,119,-1,119,31,33,-1,119,33,117,-1,117,33,35,-1,117,35,115,-1,115,35,37,-1,115,37,113,-1,113,37,39,-1,113,39,111,-1,111,39,41,-1,111,41,43,-1,14,0,11,-1,11,0,5,-1,11,5,9,-1,9,5,4,-1,9,4,8,-1,63,65,83,-1,83,65,67,-1,83,67,81,-1,81,67,69,-1,81,69,79,-1,79,69,71,-1,79,71,76,-1,76,71,73,-1,76,73,75,-1,127,129,21,-1,21,129,131,-1,21,131,17,-1,17,131,133,-1,17,133,14,-1,14,133,135,-1,14,135,0,-1,85,87,61,-1,61,87,88,-1,61,88,59,-1,59,88,92,-1,59,92,57,-1,57,92,94,-1,57,94,55,-1,55,94,96,-1,55,96,53,-1,53,96,98,-1,53,98,51,-1,51,98,100,-1,51,100,49,-1,49,100,102,-1,49,102,47,-1,47,102,107,-1,47,107,45,-1,45,107,105,-1,45,105,104,-1,136,137,138,-1,138,137,139,-1,140,136,141,-1,141,136,138,-1,140,141,142,-1,140,142,143,-1,143,142,144,-1,143,144,145,-1,146,145,147,-1,147,145,144,-1,148,146,149,-1,149,146,147,-1,150,151,152,-1,152,151,148,-1,152,148,149,-1,153,151,154,-1,154,151,150,-1,155,156,157,-1,157,156,153,-1,157,153,154,-1,158,159,160,-1,160,159,156,-1,160,156,155,-1,159,158,161,-1,159,161,162,-1,162,161,163,-1,162,163,164,-1,163,165,164,-1,164,165,166,-1,164,166,167,-1,167,166,168,-1,167,168,169,-1,169,168,170,-1,169,170,171,-1,171,170,172,-1,171,172,173,-1,173,172,174,-1,173,174,175,-1,176,175,177,-1,177,175,174,-1,176,177,178,-1,176,178,179,-1,179,178,180,-1,179,180,181,-1,181,180,182,-1,183,184,182,-1,182,184,185,-1,182,185,181,-1,183,186,184,-1,184,186,187,-1,184,187,188,-1,188,187,189,-1,188,189,190,-1,190,189,191,-1,190,191,192,-1,192,191,193,-1,192,193,194,-1,139,137,195,-1,195,137,194,-1,195,194,193,-1,143,145,194,-1,137,136,194,-1,194,136,140,-1,194,140,143,-1,151,153,148,-1,148,153,156,-1,148,156,146,-1,192,162,190,-1,190,162,164,-1,175,176,173,-1,173,176,179,-1,173,179,171,-1,171,179,181,-1,171,181,169,-1,169,181,185,-1,169,185,167,-1,167,185,184,-1,167,184,164,-1,164,184,188,-1,164,188,190,-1,145,146,194,-1,194,146,156,-1,194,156,192,-1,192,156,159,-1,192,159,162,-1,196,197,198,-1,198,197,199,-1,200,201,202,-1,202,201,196,-1,202,196,198,-1,203,201,204,-1,204,201,200,-1,205,206,207,-1,207,206,203,-1,207,203,204,-1,208,206,209,-1,209,206,205,-1,210,211,212,-1,212,211,208,-1,212,208,209,-1,213,211,214,-1,214,211,210,-1,215,216,217,-1,217,216,213,-1,217,213,214,-1,218,216,219,-1,219,216,215,-1,220,221,222,-1,222,221,218,-1,222,218,219,-1,223,221,224,-1,224,221,220,-1,199,197,225,-1,225,197,223,-1,225,223,224,-1,223,197,196,-1,196,201,223,-1,223,201,203,-1,223,203,221,-1,216,218,213,-1,213,218,221,-1,213,221,211,-1,211,221,203,-1,211,203,208,-1,208,203,206,-1,226,227,228,-1,228,227,229,-1,228,229,230,-1,230,229,231,-1,230,231,232,-1,232,231,233,-1,232,233,234,-1,234,233,235,-1,234,235,236,-1,236,235,237,-1,236,237,238,-1,238,237,239,-1,238,239,240,-1,240,239,241,-1,240,241,242,-1,242,241,243,-1,242,243,244,-1,244,243,245,-1,244,245,246,-1,246,245,247,-1,246,247,248,-1,248,247,249,-1,248,249,250,-1,250,249,251,-1,250,251,252,-1,252,251,253,-1,252,253,254,-1,254,253,255,-1,254,255,256,-1,256,255,257,-1,256,257,258,-1,258,257,259,-1,258,259,260,-1,260,259,261,-1,260,261,226,-1,226,261,227,-1,249,247,262,-1,262,247,263,-1,249,262,264,-1,249,264,251,-1,251,264,265,-1,251,265,253,-1,253,265,266,-1,253,266,255,-1,255,266,267,-1,255,267,257,-1,257,267,268,-1,257,268,259,-1,259,268,269,-1,259,269,261,-1,261,269,270,-1,261,270,227,-1,227,270,271,-1,227,271,229,-1,229,271,272,-1,229,272,231,-1,231,272,273,-1,231,273,233,-1,233,273,274,-1,233,274,235,-1,235,274,275,-1,235,275,237,-1,237,275,276,-1,237,276,239,-1,239,276,277,-1,239,277,241,-1,241,277,278,-1,241,278,243,-1,245,243,279,-1,279,243,278,-1,247,245,263,-1,263,245,279,-1,242,244,280,-1,280,244,281,-1,244,246,281,-1,281,246,282,-1,246,248,282,-1,282,248,283,-1,256,284,285,-1,256,285,254,-1,254,285,286,-1,254,286,252,-1,252,286,287,-1,252,287,250,-1,250,287,283,-1,250,283,248,-1,228,288,289,-1,228,289,226,-1,226,289,290,-1,226,290,260,-1,260,290,291,-1,260,291,258,-1,258,291,284,-1,258,284,256,-1,236,292,293,-1,236,293,234,-1,234,293,294,-1,234,294,232,-1,232,294,295,-1,232,295,230,-1,230,295,288,-1,230,288,228,-1,242,280,296,-1,242,296,240,-1,240,296,297,-1,240,297,238,-1,238,297,292,-1,238,292,236,-1,
        ]
    }
}
Shape{
    appearance Appearance {
        material  Material 	{
            diffuseColor 0.10588235294117647 0.4823529411764706 0.8117647058823529
            specularColor 0.050980392156862744 0.23921568627450981 0.403921568627451
            ambientIntensity 0.2
            transparency 0
            shininess 0.5
        }
    }
    geometry IndexedFaceSet {
        ccw TRUE
        solid FALSE
        coord DEF co Coordinate {
            point [
                -0.2599 0.748 -1.2142, -0.2599 0.748 -1.2553, -0.2679 0.748 -1.2142, -0.2676 0.748 -1.2553, -0.2744 0.748 -1.2546, -0.2789 0.748 -1.253, -0.2825 0.748 -1.2507, -0.2835 0.748 -1.2498, -0.2863 0.748 -1.2462, -0.2881 0.748 -1.2422, -0.289 0.748 -1.2373, -0.2892 0.748 -1.2342, -0.2885 0.748 -1.2278, -0.287 0.748 -1.2239, -0.285 0.748 -1.2208, -0.2833 0.748 -1.2192, -0.2746 0.748 -1.2149, -0.2792 0.748 -1.2165, -0.2792 0.748 -1.2165
            ]
        }
        coordIndex [
            0,1,2,-1,2,1,3,-1,2,3,4,-1,4,5,2,-1,2,5,6,-1,2,6,7,-1,7,8,2,-1,2,8,9,-1,2,9,10,-1,10,11,2,-1,2,11,12,-1,2,12,13,-1,13,14,2,-1,2,14,15,-1,2,15,16,-1,16,15,17,-1,
        ]
    }
}
Shape{
    appearance Appearance {
        material  Material 	{
            diffuseColor 0.0 0.0 0.0
            specularColor 0.0 0.0 0.0
            ambientIntensity 0.2
            transparency 0
            shininess 0.5
        }
    }
    geometry IndexedFaceSet {
        ccw TRUE
        solid FALSE
        coord DEF co Coordinate {
            point [
                -0.3143 0.7484 -1.2408, -0.3223 0.7484 -1.2186, -0.3197 0.7484 -1.208, -0.2994 0.7484 -1.2614, -0.307 0.7484 -1.2614, -0.3121 0.7484 -1.2468, -0.3228 0.7484 -1.217, -0.3232 0.7484 -1.2149, -0.3271 0.7484 -1.208, -0.3233 0.7484 -1.2149, -0.3238 0.7484 -1.2171, -0.3242 0.7484 -1.2186, -0.3322 0.7484 -1.2408, -0.3474 0.7484 -1.2614, -0.3398 0.7484 -1.2614, -0.3344 0.7484 -1.2468, -0.3271 0.748 -1.208, -0.3474 0.748 -1.2614, -0.3197 0.748 -1.208, -0.2994 0.748 -1.2614, -0.307 0.748 -1.2614, -0.3121 0.748 -1.2468, -0.3344 0.748 -1.2468, -0.3398 0.748 -1.2614, -0.3143 0.748 -1.2408, -0.3322 0.748 -1.2408, -0.3242 0.748 -1.2186, -0.3233 0.748 -1.2149, -0.3238 0.748 -1.2171, -0.3232 0.748 -1.2149, -0.3223 0.748 -1.2186, -0.3228 0.748 -1.217, -0.3228 0.748 -1.217
            ]
        }
        coordIndex [
            0,1,2,-1,3,4,5,-1,1,6,2,-1,2,6,7,-1,2,7,8,-1,8,7,9,-1,8,9,10,-1,10,11,8,-1,8,11,12,-1,8,12,13,-1,14,13,15,-1,15,13,12,-1,15,12,5,-1,5,12,0,-1,5,0,3,-1,3,0,2,-1,8,13,16,-1,16,13,17,-1,2,8,18,-1,18,8,16,-1,3,2,19,-1,19,2,18,-1,4,3,20,-1,20,3,19,-1,5,4,21,-1,21,4,20,-1,15,5,22,-1,22,5,21,-1,14,15,23,-1,23,15,22,-1,13,14,17,-1,17,14,23,-1,0,12,24,-1,24,12,25,-1,12,11,25,-1,25,11,26,-1,9,27,28,-1,9,28,10,-1,10,28,26,-1,10,26,11,-1,9,7,27,-1,27,7,29,-1,1,30,31,-1,1,31,6,-1,6,31,29,-1,6,29,7,-1,1,0,30,-1,30,0,24,-1,
        ]
    }
}
Shape{
    appearance Appearance {
        material  Material 	{
            diffuseColor 0.10588235294117647 0.4823529411764706 0.8117647058823529
            specularColor 0.050980392156862744 0.23921568627450981 0.403921568627451
            ambientIntensity 0.2
            transparency 0
            shininess 0.5
        }
    }
    geometry IndexedFaceSet {
        ccw TRUE
        solid FALSE
        coord DEF co Coordinate {
            point [
                -0.3233 0.748 -1.2149, -0.3232 0.748 -1.2149, -0.3238 0.748 -1.2171, -0.3228 0.748 -1.217, -0.3242 0.748 -1.2186, -0.3223 0.748 -1.2186, -0.3322 0.748 -1.2408, -0.3143 0.748 -1.2408, -0.3143 0.748 -1.2408
            ]
        }
        coordIndex [
            0,1,2,-1,2,1,3,-1,2,3,4,-1,4,3,5,-1,4,5,6,-1,6,5,7,-1,
        ]
    }
}
Shape{
    appearance Appearance {
        material  Material 	{
            diffuseColor 0.0 0.0 0.0
            specularColor 0.0 0.0 0.0
            ambientIntensity 0.2
            transparency 0
            shininess 0.5
        }
    }
    geometry IndexedFaceSet {
        ccw TRUE
        solid FALSE
        coord DEF co Coordinate {
            point [
                0.1694 0.7484 -1.269, 0.1637 0.7484 -1.276, 0.1728 0.7484 -1.2354, 0.0461 0.7484 -1.2168, 0.0578 0.7484 -1.1967, 0.1087 0.7484 -1.2233, 0.1344 0.7484 -1.2346, 0.1308 0.7484 -1.2359, 0.1795 0.7484 -1.1695, 0.1711 0.7484 -1.165, 0.173 0.7484 -1.1416, 0.1493 0.7484 -1.1405, 0.1375 0.7484 -1.1682, 0.1317 0.7484 -1.1562, 0.1811 0.7484 -1.2303, 0.178 0.7484 -1.2594, 0.1732 0.7484 -1.2608, 0.158 0.7484 -1.1398, 0.1278 0.7484 -1.2379, 0.1253 0.7484 -1.2407, 0.0992 0.7484 -1.2449, 0.1412 0.7484 -1.2347, 0.1462 0.7484 -1.2115, 0.1446 0.7484 -1.2361, 0.1546 0.7484 -1.2147, 0.1475 0.7484 -1.2382, 0.1624 0.7484 -1.2201, 0.149 0.7484 -1.2397, 0.1686 0.7484 -1.2273, 0.151 0.7484 -1.2429, 0.1521 0.7484 -1.2465, 0.1523 0.7484 -1.2502, 0.1234 0.7484 -1.2129, 0.1326 0.7484 -1.2106, 0.1371 0.7484 -1.2104, 0.1415 0.7484 -1.1315, 0.1232 0.7484 -1.146, 0.1326 0.7484 -1.1238, 0.1131 0.7484 -1.1386, 0.1233 0.7484 -1.1181, 0.1617 0.7484 -1.1628, 0.1576 0.7484 -1.1625, 0.1537 0.7484 -1.14, 0.1486 0.7484 -1.1637, 0.1401 0.7484 -1.1668, 0.1237 0.7484 -1.2438, 0.1228 0.7484 -1.2473, 0.0992 0.7484 -1.2487, 0.1228 0.7484 -1.2508, 0.0994 0.7484 -1.2527, 0.0017 0.7484 -1.2532, 0.0173 0.7484 -1.2355, 0.0133 0.7484 -1.2589, 0.0243 0.7484 -1.2379, 0.0259 0.7484 -1.2616, 0.0282 0.7484 -1.2384, 0.0483 0.7484 -1.2616, 0.0453 0.7484 -1.2384, 0.0505 0.7484 -1.2612, 0.1375 0.7484 -1.2343, 0.1153 0.7484 -1.2172, 0.0335 0.7484 -1.1792, 0.0305 0.7484 -1.1792, 0.0149 0.7484 -1.1587, 0.0241 0.7484 -1.1799, 0.0131 0.7484 -1.1594, 0.0174 0.7484 -1.1823, 0.0018 0.7484 -1.165, 0.0114 0.7484 -1.1862, -0.0085 0.7484 -1.1737, 0.0064 0.7484 -1.1916, -0.0162 0.7484 -1.1844, 0.0029 0.7484 -1.1982, -0.0209 0.7484 -1.196, 0.0011 0.7484 -1.2055, -0.0226 0.7484 -1.2085, 0.0009 0.7484 -1.2088, -0.0209 0.7484 -1.222, 0.0016 0.7484 -1.2153, -0.0161 0.7484 -1.234, 0.004 0.7484 -1.2222, -0.0086 0.7484 -1.2445, 0.008 0.7484 -1.2282, 0.0112 0.7484 -1.2314, 0.0354 0.7484 -1.1288, 0.0504 0.7484 -1.1461, 0.0229 0.7484 -1.1433, 0.0418 0.7484 -1.1563, 0.0359 0.7484 -1.1686, 0.1945 0.7484 -1.1913, 0.2194 0.7484 -1.1976, 0.1956 0.7484 -1.2005, 0.2195 0.7484 -1.2013, 0.1951 0.7484 -1.2064, 0.2177 0.7484 -1.2161, 0.1924 0.7484 -1.2157, 0.2122 0.7484 -1.2303, 0.1879 0.7484 -1.2233, 0.2036 0.7484 -1.2426, 0.1917 0.7484 -1.2527, 0.187 0.7484 -1.1471, 0.1991 0.7484 -1.1556, 0.1859 0.7484 -1.1753, 0.2017 0.7484 -1.158, 0.1912 0.7484 -1.1828, 0.2108 0.7484 -1.1697, 0.2169 0.7484 -1.1834, 0.1516 0.7484 -1.2537, 0.1501 0.7484 -1.2569, 0.1058 0.7484 -1.1113, 0.1007 0.7484 -1.1336, 0.087 0.7484 -1.109, 0.0867 0.7484 -1.1318, 0.0714 0.7484 -1.1107, 0.0738 0.7484 -1.1334, 0.0524 0.7484 -1.1174, 0.0619 0.7484 -1.138, 0.0512 0.7484 -1.1454, 0.1017 0.7484 -1.2621, 0.1237 0.7484 -1.2544, 0.1062 0.7484 -1.2705, 0.1255 0.7484 -1.2577, 0.1119 0.7484 -1.277, 0.1276 0.7484 -1.26, 0.1195 0.7484 -1.2822, 0.1304 0.7484 -1.2621, 0.1279 0.7484 -1.2855, 0.1337 0.7484 -1.2634, 0.1371 0.7484 -1.2866, 0.1375 0.7484 -1.2639, 0.1386 0.7484 -1.2866, 0.1382 0.7484 -1.2639, 0.1475 0.7484 -1.2852, 0.1416 0.7484 -1.2633, 0.1563 0.7484 -1.2816, 0.145 0.7484 -1.2618, 0.1479 0.7484 -1.2596, 0.0472 0.7484 -1.2381, 0.0563 0.7484 -1.2576, 0.0554 0.7484 -1.2585, 0.0461 0.7484 -1.2383, 0.053 0.7484 -1.2603, 0.0593 0.7484 -1.2498, 0.059 0.7484 -1.2527, 0.058 0.7484 -1.2552, 0.0505 0.7484 -1.2384, 0.0531 0.7484 -1.2395, 0.0592 0.7484 -1.2483, 0.0555 0.7484 -1.2411, 0.057 0.7484 -1.2429, 0.0585 0.7484 -1.2454, 0.0476 0.7484 -1.2381, -0.0226 0.748 -1.2085, -0.0209 0.748 -1.196, -0.011 0.748 -1.1772, -0.0196 0.748 -1.1928, -0.0162 0.748 -1.1844, -0.0085 0.748 -1.1737, 0.0018 0.748 -1.165, 0.0131 0.748 -1.1594, 0.0149 0.748 -1.1587, 0.0229 0.748 -1.1433, 0.0354 0.748 -1.1288, 0.0442 0.748 -1.1229, 0.0524 0.748 -1.1174, 0.0714 0.748 -1.1107, 0.087 0.748 -1.109, 0.1326 0.748 -1.1238, 0.1311 0.748 -1.1229, 0.1233 0.748 -1.1181, 0.1058 0.748 -1.1113, 0.1415 0.748 -1.1315, 0.1493 0.748 -1.1405, 0.1537 0.748 -1.14, 0.158 0.748 -1.1398, 0.173 0.748 -1.1416, 0.187 0.748 -1.1471, 0.1991 0.748 -1.1556, 0.2017 0.748 -1.158, 0.2195 0.748 -1.2013, 0.2108 0.748 -1.1697, 0.2141 0.748 -1.1772, 0.2169 0.748 -1.1834, 0.2185 0.748 -1.1928, 0.2194 0.748 -1.1976, 0.2177 0.748 -1.2161, 0.2122 0.748 -1.2303, 0.2036 0.748 -1.2426, 0.1917 0.748 -1.2527, 0.178 0.748 -1.2594, 0.1732 0.748 -1.2608, 0.1727 0.748 -1.2619, 0.1694 0.748 -1.269, 0.1637 0.748 -1.276, 0.1563 0.748 -1.2816, 0.1528 0.748 -1.283, 0.1475 0.748 -1.2852, 0.1386 0.748 -1.2866, 0.1371 0.748 -1.2866, 0.0992 0.748 -1.2487, 0.1279 0.748 -1.2855, 0.1214 0.748 -1.283, 0.1195 0.748 -1.2822, 0.1119 0.748 -1.277, 0.1062 0.748 -1.2705, 0.1017 0.748 -1.2621, 0.1016 0.748 -1.2619, 0.0994 0.748 -1.2527, 0.0992 0.748 -1.2449, 0.0461 0.748 -1.2168, 0.0578 0.748 -1.1967, 0.1087 0.748 -1.2233, 0.1153 0.748 -1.2172, 0.1234 0.748 -1.2129, 0.1326 0.748 -1.2106, 0.1371 0.748 -1.2104, 0.1462 0.748 -1.2115, 0.1546 0.748 -1.2147, 0.1624 0.748 -1.2201, 0.1686 0.748 -1.2273, 0.1728 0.748 -1.2354, 0.1811 0.748 -1.2303, 0.1879 0.748 -1.2233, 0.1924 0.748 -1.2157, 0.1951 0.748 -1.2064, 0.1956 0.748 -1.2005, 0.1946 0.748 -1.1928, 0.1945 0.748 -1.1913, 0.1912 0.748 -1.1828, 0.1873 0.748 -1.1772, 0.1859 0.748 -1.1753, 0.1795 0.748 -1.1695, 0.1711 0.748 -1.165, 0.1617 0.748 -1.1628, 0.1576 0.748 -1.1625, 0.1486 0.748 -1.1637, 0.1401 0.748 -1.1668, 0.1375 0.748 -1.1682, 0.1317 0.748 -1.1562, 0.1232 0.748 -1.146, 0.1131 0.748 -1.1386, 0.1007 0.748 -1.1336, 0.0867 0.748 -1.1318, 0.0335 0.748 -1.1792, 0.034 0.748 -1.1772, 0.0359 0.748 -1.1686, 0.0418 0.748 -1.1563, 0.0504 0.748 -1.1461, 0.0512 0.748 -1.1454, 0.0619 0.748 -1.138, 0.0738 0.748 -1.1334, 0.0305 0.748 -1.1792, 0.0241 0.748 -1.1799, 0.0174 0.748 -1.1823, 0.0114 0.748 -1.1862, 0.0064 0.748 -1.1916, 0.0058 0.748 -1.1928, 0.0029 0.748 -1.1982, 0.0011 0.748 -1.2055, 0.0009 0.748 -1.2088, 0.0016 0.748 -1.2153, 0.004 0.748 -1.2222, 0.008 0.748 -1.2282, 0.0112 0.748 -1.2314, 0.0173 0.748 -1.2355, 0.0243 0.748 -1.2379, 0.0282 0.748 -1.2384, 0.0453 0.748 -1.2384, 0.0461 0.748 -1.2383, 0.0472 0.748 -1.2381, 0.0476 0.748 -1.2381, 0.0505 0.748 -1.2384, 0.0531 0.748 -1.2395, 0.0555 0.748 -1.2411, 0.057 0.748 -1.2429, 0.0585 0.748 -1.2454, 0.0592 0.748 -1.2483, 0.0593 0.748 -1.2498, 0.059 0.748 -1.2527, 0.058 0.748 -1.2552, 0.0563 0.748 -1.2576, 0.0554 0.748 -1.2585, 0.053 0.748 -1.2603, 0.0505 0.748 -1.2612, 0.0483 0.748 -1.2616, 0.0259 0.748 -1.2616, 0.0133 0.748 -1.2589, 0.0017 0.748 -1.2532, -0.0086 0.748 -1.2445, -0.0161 0.748 -1.234, -0.0209 0.748 -1.222, 0.1375 0.748 -1.2343, 0.1344 0.748 -1.2346, 0.1308 0.748 -1.2359, 0.1278 0.748 -1.2379, 0.1253 0.748 -1.2407, 0.1237 0.748 -1.2438, 0.1228 0.748 -1.2473, 0.1228 0.748 -1.2508, 0.1237 0.748 -1.2544, 0.1255 0.748 -1.2577, 0.1276 0.748 -1.26, 0.1304 0.748 -1.2621, 0.1337 0.748 -1.2634, 0.1375 0.748 -1.2639, 0.1382 0.748 -1.2639, 0.1416 0.748 -1.2633, 0.145 0.748 -1.2618, 0.1479 0.748 -1.2596, 0.1501 0.748 -1.2569, 0.1516 0.748 -1.2537, 0.1523 0.748 -1.2502, 0.1521 0.748 -1.2465, 0.151 0.748 -1.2429, 0.149 0.748 -1.2397, 0.1475 0.748 -1.2382, 0.1446 0.748 -1.2361, 0.1412 0.748 -1.2347, 0.1412 0.748 -1.2347
            ]
        }
        coordIndex [
            0,1,2,-1,3,4,5,-1,6,7,3,-1,8,9,10,-1,11,12,13,-1,14,15,2,-1,2,15,16,-1,2,16,0,-1,10,9,17,-1,7,18,3,-1,3,18,19,-1,3,19,20,-1,21,22,23,-1,23,22,24,-1,23,24,25,-1,25,24,26,-1,25,26,27,-1,27,26,28,-1,27,28,29,-1,29,28,2,-1,29,2,30,-1,30,2,31,-1,32,33,21,-1,21,33,34,-1,21,34,22,-1,11,13,35,-1,35,13,36,-1,35,36,37,-1,37,36,38,-1,37,38,39,-1,9,40,17,-1,17,40,41,-1,17,41,42,-1,42,41,43,-1,42,43,11,-1,11,43,44,-1,11,44,12,-1,19,45,20,-1,20,45,46,-1,20,46,47,-1,47,46,48,-1,47,48,49,-1,50,51,52,-1,52,51,53,-1,52,53,54,-1,54,53,55,-1,54,55,56,-1,56,55,57,-1,56,57,58,-1,6,3,59,-1,59,3,5,-1,59,5,21,-1,21,5,60,-1,21,60,32,-1,61,62,63,-1,63,62,64,-1,63,64,65,-1,65,64,66,-1,65,66,67,-1,67,66,68,-1,67,68,69,-1,69,68,70,-1,69,70,71,-1,71,70,72,-1,71,72,73,-1,73,72,74,-1,73,74,75,-1,75,74,76,-1,75,76,77,-1,77,76,78,-1,77,78,79,-1,79,78,80,-1,79,80,81,-1,81,80,82,-1,81,82,50,-1,50,82,83,-1,50,83,51,-1,84,85,86,-1,86,85,87,-1,86,87,63,-1,63,87,88,-1,63,88,61,-1,89,90,91,-1,91,90,92,-1,91,92,93,-1,93,92,94,-1,93,94,95,-1,95,94,96,-1,95,96,97,-1,97,96,98,-1,97,98,14,-1,14,98,99,-1,14,99,15,-1,10,100,8,-1,8,100,101,-1,8,101,102,-1,102,101,103,-1,102,103,104,-1,104,103,105,-1,104,105,89,-1,89,105,106,-1,89,106,90,-1,31,2,107,-1,107,2,1,-1,107,1,108,-1,39,38,109,-1,109,38,110,-1,109,110,111,-1,111,110,112,-1,111,112,113,-1,113,112,114,-1,113,114,115,-1,115,114,116,-1,115,116,84,-1,84,116,117,-1,84,117,85,-1,49,48,118,-1,118,48,119,-1,118,119,120,-1,120,119,121,-1,120,121,122,-1,122,121,123,-1,122,123,124,-1,124,123,125,-1,124,125,126,-1,126,125,127,-1,126,127,128,-1,128,127,129,-1,128,129,130,-1,130,129,131,-1,130,131,132,-1,132,131,133,-1,132,133,134,-1,134,133,135,-1,134,135,1,-1,1,135,136,-1,1,136,108,-1,137,138,139,-1,57,140,58,-1,58,140,137,-1,58,137,141,-1,141,137,139,-1,142,143,137,-1,137,143,144,-1,137,144,138,-1,145,146,147,-1,146,148,147,-1,147,148,149,-1,147,149,150,-1,142,137,147,-1,147,137,151,-1,147,151,145,-1,75,152,153,-1,154,69,71,-1,75,153,73,-1,73,153,155,-1,73,155,71,-1,71,155,156,-1,71,156,154,-1,154,157,69,-1,69,157,158,-1,69,158,67,-1,67,158,159,-1,67,159,65,-1,65,159,160,-1,65,160,63,-1,63,160,161,-1,63,161,86,-1,86,161,162,-1,86,162,84,-1,115,84,163,-1,163,84,162,-1,163,164,115,-1,115,164,165,-1,115,165,113,-1,113,165,166,-1,113,166,111,-1,167,37,168,-1,168,37,39,-1,168,39,169,-1,169,39,109,-1,169,109,170,-1,170,109,111,-1,170,111,166,-1,37,167,171,-1,37,171,35,-1,35,171,172,-1,35,172,11,-1,11,172,173,-1,11,173,42,-1,42,173,174,-1,42,174,17,-1,17,174,175,-1,17,175,10,-1,10,175,176,-1,10,176,100,-1,100,176,177,-1,100,177,101,-1,101,177,178,-1,101,178,103,-1,179,92,90,-1,103,178,180,-1,103,180,105,-1,105,180,181,-1,105,181,106,-1,181,182,106,-1,106,182,183,-1,106,183,90,-1,90,183,184,-1,90,184,179,-1,92,179,185,-1,92,185,94,-1,94,185,186,-1,94,186,96,-1,96,186,187,-1,96,187,98,-1,98,187,188,-1,98,188,99,-1,99,188,189,-1,99,189,15,-1,15,189,190,-1,15,190,16,-1,16,190,191,-1,16,191,0,-1,191,192,0,-1,0,192,193,-1,0,193,1,-1,1,193,194,-1,1,194,134,-1,134,194,195,-1,134,195,132,-1,195,196,132,-1,132,196,197,-1,132,197,130,-1,130,197,198,-1,130,198,128,-1,199,47,49,-1,128,198,200,-1,128,200,126,-1,126,200,201,-1,126,201,124,-1,201,202,124,-1,124,202,203,-1,124,203,122,-1,122,203,204,-1,122,204,120,-1,120,204,205,-1,120,205,118,-1,118,205,206,-1,118,206,49,-1,49,206,207,-1,49,207,199,-1,20,47,208,-1,208,47,199,-1,3,20,209,-1,209,20,208,-1,4,3,210,-1,210,3,209,-1,5,4,211,-1,211,4,210,-1,5,211,212,-1,5,212,60,-1,60,212,213,-1,60,213,32,-1,32,213,214,-1,32,214,33,-1,33,214,215,-1,33,215,34,-1,34,215,216,-1,34,216,22,-1,22,216,217,-1,22,217,24,-1,24,217,218,-1,24,218,26,-1,26,218,219,-1,26,219,28,-1,28,219,220,-1,28,220,2,-1,2,220,221,-1,2,221,14,-1,14,221,222,-1,14,222,97,-1,97,222,223,-1,97,223,95,-1,95,223,224,-1,95,224,93,-1,93,224,225,-1,93,225,91,-1,89,91,226,-1,226,91,225,-1,226,227,89,-1,89,227,228,-1,89,228,104,-1,104,228,229,-1,104,229,102,-1,229,230,102,-1,102,230,231,-1,102,231,8,-1,8,231,232,-1,8,232,9,-1,9,232,233,-1,9,233,40,-1,40,233,234,-1,40,234,41,-1,41,234,235,-1,41,235,43,-1,43,235,236,-1,43,236,44,-1,44,236,237,-1,44,237,12,-1,12,237,238,-1,12,238,13,-1,13,238,239,-1,13,239,36,-1,36,239,240,-1,36,240,38,-1,38,240,241,-1,38,241,110,-1,110,241,242,-1,110,242,112,-1,243,61,244,-1,244,61,88,-1,244,88,245,-1,245,88,87,-1,245,87,246,-1,246,87,85,-1,246,85,247,-1,247,85,117,-1,247,117,248,-1,248,117,116,-1,248,116,249,-1,249,116,114,-1,249,114,250,-1,250,114,112,-1,250,112,242,-1,62,61,251,-1,251,61,243,-1,62,251,252,-1,62,252,64,-1,64,252,253,-1,64,253,66,-1,66,253,254,-1,66,254,68,-1,68,254,255,-1,68,255,70,-1,70,255,256,-1,70,256,72,-1,256,257,72,-1,72,257,258,-1,72,258,74,-1,74,258,259,-1,74,259,76,-1,76,259,260,-1,76,260,78,-1,78,260,261,-1,78,261,80,-1,80,261,262,-1,80,262,82,-1,82,262,263,-1,82,263,83,-1,83,263,264,-1,83,264,51,-1,51,264,265,-1,51,265,53,-1,53,265,266,-1,53,266,55,-1,57,55,267,-1,267,55,266,-1,57,267,268,-1,57,268,140,-1,140,268,269,-1,140,269,137,-1,137,269,270,-1,137,270,151,-1,151,270,271,-1,151,271,145,-1,145,271,272,-1,145,272,146,-1,146,272,273,-1,146,273,148,-1,148,273,274,-1,148,274,149,-1,149,274,275,-1,149,275,150,-1,150,275,276,-1,150,276,147,-1,147,276,277,-1,147,277,142,-1,142,277,278,-1,142,278,143,-1,143,278,279,-1,143,279,144,-1,144,279,280,-1,144,280,138,-1,138,280,281,-1,138,281,139,-1,139,281,282,-1,139,282,141,-1,141,282,283,-1,141,283,58,-1,58,283,284,-1,58,284,56,-1,54,56,285,-1,285,56,284,-1,54,285,286,-1,54,286,52,-1,52,286,287,-1,52,287,50,-1,50,287,288,-1,50,288,81,-1,81,288,289,-1,81,289,79,-1,79,289,290,-1,79,290,77,-1,77,290,152,-1,77,152,75,-1,59,291,292,-1,59,292,6,-1,6,292,293,-1,6,293,7,-1,7,293,294,-1,7,294,18,-1,18,294,295,-1,18,295,19,-1,19,295,296,-1,19,296,45,-1,45,296,297,-1,45,297,46,-1,46,297,298,-1,46,298,48,-1,48,298,299,-1,48,299,119,-1,119,299,300,-1,119,300,121,-1,121,300,301,-1,121,301,123,-1,123,301,302,-1,123,302,125,-1,125,302,303,-1,125,303,127,-1,127,303,304,-1,127,304,129,-1,129,304,305,-1,129,305,131,-1,131,305,306,-1,131,306,133,-1,133,306,307,-1,133,307,135,-1,135,307,308,-1,135,308,136,-1,136,308,309,-1,136,309,108,-1,108,309,310,-1,108,310,107,-1,107,310,311,-1,107,311,31,-1,31,311,312,-1,31,312,30,-1,30,312,313,-1,30,313,29,-1,29,313,314,-1,29,314,27,-1,27,314,315,-1,27,315,25,-1,25,315,316,-1,25,316,23,-1,23,316,317,-1,23,317,21,-1,21,317,291,-1,21,291,59,-1,
        ]
    }
}
Shape{
    appearance Appearance {
        material  Material 	{
            diffuseColor 0.10588235294117647 0.4823529411764706 0.8117647058823529
            specularColor 0.050980392156862744 0.23921568627450981 0.403921568627451
            ambientIntensity 0.2
            transparency 0
            shininess 0.5
        }
    }
    geometry IndexedFaceSet {
        ccw TRUE
        solid FALSE
        coord DEF co Coordinate {
            point [
                0.1382 0.748 -1.2639, 0.1475 0.748 -1.2382, 0.149 0.748 -1.2397, 0.1337 0.748 -1.2634, 0.1304 0.748 -1.2621, 0.1344 0.748 -1.2346, 0.1375 0.748 -1.2343, 0.1412 0.748 -1.2347, 0.1446 0.748 -1.2361, 0.1516 0.748 -1.2537, 0.1501 0.748 -1.2569, 0.1479 0.748 -1.2596, 0.1375 0.748 -1.2639, 0.151 0.748 -1.2429, 0.1521 0.748 -1.2465, 0.1523 0.748 -1.2502, 0.145 0.748 -1.2618, 0.1416 0.748 -1.2633, 0.1276 0.748 -1.26, 0.1255 0.748 -1.2577, 0.1237 0.748 -1.2544, 0.1228 0.748 -1.2508, 0.1228 0.748 -1.2473, 0.1237 0.748 -1.2438, 0.1253 0.748 -1.2407, 0.1278 0.748 -1.2379, 0.1308 0.748 -1.2359, 0.1308 0.748 -1.2359
            ]
        }
        coordIndex [
            0,1,2,-1,3,4,5,-1,6,7,0,-1,0,7,8,-1,0,8,1,-1,9,10,2,-1,2,10,11,-1,6,0,5,-1,5,0,12,-1,5,12,3,-1,13,14,2,-1,2,14,15,-1,2,15,9,-1,11,16,2,-1,2,16,17,-1,2,17,0,-1,4,18,5,-1,5,18,19,-1,5,19,20,-1,20,21,5,-1,5,21,22,-1,5,22,23,-1,23,24,5,-1,5,24,25,-1,5,25,26,-1,
        ]
    }
}