#VRML V2.0 utf8
# 3D model generated by easyeda2kicad.py (https://github.com/uPesy/easyeda2kicad.py)

Shape{
    appearance Appearance {
        material  Material 	{
            diffuseColor 0.8509803921568627 0.8509803921568627 0.8509803921568627
            specularColor 0.4235294117647059 0.4235294117647059 0.4235294117647059
            ambientIntensity 0.2
            transparency 0
            shininess 0.5
        }
    }
    geometry IndexedFaceSet {
        ccw TRUE
        solid FALSE
        coord DEF co Coordinate {
            point [
                1.2047 -0.4927 1.2871, 1.2047 -0.4533 1.2871, 1.7953 -0.4927 1.2871, 1.7953 -0.4533 1.2871, 1.2047 -0.2565 1.2871, 1.2047 -0.2171 1.2871, 1.7953 -0.2565 1.2871, 1.7953 -0.2171 1.2871, 1.2047 -0.0202 1.2871, 1.2047 0.0191 1.2871, 1.7953 -0.0202 1.2871, 1.7953 0.0191 1.2871, 1.2047 0.216 1.2871, 1.2047 0.2554 1.2871, 1.7953 0.216 1.2871, 1.7953 0.2554 1.2871, 1.2047 0.4522 1.2871, 1.2047 0.4916 1.2871, 1.7953 0.4522 1.2871, 1.7953 0.4916 1.2871, 1.2047 0.6884 1.2871, 1.2047 0.783 1.2871, 1.7953 0.6884 1.2871, 1.7953 0.783 1.2871, 1.4409 -0.0394 -1.378, 1.5591 -0.0394 -1.378, 1.3425 -0.0394 -0.9149, 1.6575 -0.0394 -0.9149, 1.3425 -0.0394 0.0, 1.6575 -0.0394 0.0, 1.4409 0.1575 -1.378, 1.5591 0.1575 -1.378, 1.3425 0.1575 0.0, 1.6575 0.1575 0.0, 1.3425 0.1575 -0.9149, 1.6575 0.1575 -0.9149, 1.6575 0.159 0.0115, 1.3425 0.159 0.0115, 1.6575 0.1634 0.0222, 1.3425 0.1634 0.0222, 1.6575 0.1705 0.0313, 1.3425 0.1705 0.0313, 1.6575 0.1796 0.0384, 1.3425 0.1796 0.0384, 1.6575 0.1903 0.0428, 1.3425 0.1903 0.0428, 1.6575 0.2018 0.0443, 1.3425 0.2018 0.0443, 1.2047 0.783 0.0443, 1.7953 0.783 0.0443, 1.6575 0.6452 0.0443, 1.3425 0.6452 0.0443, 1.2047 0.847 0.0527, 1.7953 0.847 0.0527, 1.2047 0.9066 0.0774, 1.7953 0.9066 0.0774, 1.2047 0.9578 0.1167, 1.7953 0.9578 0.1167, 1.2047 0.997 0.1679, 1.7953 0.997 0.1679, 1.2047 1.0217 0.2275, 1.7953 1.0217 0.2275, 1.2047 1.0302 0.2915, 1.7953 1.0302 0.2915, 1.2047 1.0302 1.2368, 1.3425 1.0302 1.1261, 1.3425 1.0302 0.8795, 1.6575 1.0302 1.1261, 1.7953 1.0302 1.2368, 1.6575 1.0302 0.8795, 1.2047 1.0217 1.3008, 1.7953 1.0217 1.3008, 1.2047 0.997 1.3604, 1.7953 0.997 1.3604, 1.2047 0.9578 1.4116, 1.7953 0.9578 1.4116, 1.2047 0.9066 1.4508, 1.7953 0.9066 1.4508, 1.2047 0.847 1.4755, 1.7953 0.847 1.4755, 1.2047 0.783 1.4839, 1.7953 0.783 1.4839, 1.7953 -0.8273 1.4839, 1.2047 -0.8273 1.4839, 1.7953 -0.8273 1.3855, 1.2047 -0.8273 1.3855, 1.2047 -0.7289 1.2871, 1.2047 -0.6895 1.2871, 1.7953 -0.7289 1.2871, 1.7953 -0.6895 1.2871, 1.7953 0.796 1.2854, 1.2047 0.796 1.2854, 1.7953 0.8082 1.2804, 1.2047 0.8082 1.2804, 1.7953 0.8186 1.2724, 1.2047 0.8186 1.2724, 1.7953 0.8266 1.2619, 1.2047 0.8266 1.2619, 1.7953 0.8316 1.2498, 1.2047 0.8316 1.2498, 1.7953 0.8333 1.2368, 1.2047 0.8333 1.2368, 1.7953 0.8333 0.2915, 1.2047 0.8333 0.2915, 1.7953 0.8316 0.2784, 1.2047 0.8316 0.2784, 1.7953 0.8266 0.2663, 1.2047 0.8266 0.2663, 1.7953 0.8186 0.2559, 1.2047 0.8186 0.2559, 1.7953 0.8082 0.2479, 1.2047 0.8082 0.2479, 1.7953 0.796 0.2429, 1.2047 0.796 0.2429, 1.7953 0.783 0.2412, 1.2047 0.783 0.2412, 1.3425 0.6452 0.2412, 1.3425 0.2018 0.2412, 1.6575 0.2018 0.2412, 1.6575 0.6452 0.2412, 1.3425 0.1394 0.2329, 1.6575 0.1394 0.2329, 1.3425 0.0812 0.2088, 1.6575 0.0812 0.2088, 1.3425 0.0313 0.1705, 1.6575 0.0313 0.1705, 1.3425 -0.0071 0.1206, 1.6575 -0.0071 0.1206, 1.3425 -0.0312 0.0624, 1.6575 -0.0312 0.0624, 1.7953 -0.5911 1.3855, 1.7953 -0.3549 1.3855, 1.7953 -0.1187 1.3855, 1.7953 0.1176 1.3855, 1.7953 0.3538 1.3855, 1.7953 0.59 1.3855, 1.2047 0.59 1.3855, 1.2047 0.3538 1.3855, 1.2047 0.1176 1.3855, 1.2047 -0.1187 1.3855, 1.2047 -0.3549 1.3855, 1.2047 -0.5911 1.3855, 1.6575 1.1439 0.8795, 1.3425 1.1439 0.8795, 1.6575 1.1439 0.9242, 1.3425 1.1439 0.9242, 1.3177 0.0822 3.2136, 1.3077 0.0551 3.2136, 1.559 0.1911 3.2136, 1.3018 0.0268 3.2136, 1.3 -0.0021 3.2136, 1.3143 -0.0744 3.2136, 1.5744 0.1857 3.2136, 1.3089 -0.059 3.2136, 1.3024 -0.0309 3.2136, 1.3923 0.1686 3.2136, 1.3691 0.1513 3.2136, 1.5021 0.2 3.2136, 1.4732 0.1982 3.2136, 1.4449 0.1923 3.2136, 1.3487 0.1309 3.2136, 1.3314 0.1077 3.2136, 1.5309 0.1976 3.2136, 1.4178 0.1823 3.2136, 1.2983 -0.0904 3.2123, 1.702 0.3134 3.0445, 1.7021 0.3134 3.0407, 1.6603 0.3367 3.0407, 1.7005 0.3119 3.0677, 1.6588 0.3337 3.0745, 1.6994 0.3108 3.0744, 1.6923 0.3037 3.1068, 1.694 0.3054 3.1017, 1.6546 0.3248 3.1069, 1.6968 0.3081 3.0904, 1.6716 0.283 3.1536, 1.678 0.2894 3.1425, 1.6477 0.3104 3.1368, 1.6807 0.2921 3.1366, 1.687 0.2984 3.1228, 1.6272 0.2673 3.1845, 1.6464 0.2577 3.1842, 1.6598 0.2712 3.17, 1.6203 0.2317 3.2025, 1.624 0.2354 3.2002, 1.6144 0.2403 3.2004, 1.6358 0.2472 3.1929, 1.569 0.2233 3.2103, 1.5999 0.2113 3.2101, 1.6013 0.2126 3.2098, 1.5919 0.2032 3.2121, 1.2871 -0.1015 3.2095, 1.2888 -0.0998 3.2099, 1.2767 -0.069 3.2103, 1.2579 -0.1307 3.1964, 1.2647 -0.124 3.2001, 1.2597 -0.1144 3.2004, 1.2739 -0.1148 3.2051, 1.281 -0.1077 3.2079, 1.2457 -0.0786 3.2004, 1.237 -0.1516 3.1792, 1.243 -0.1457 3.1849, 1.2327 -0.1273 3.1845, 1.2128 -0.1758 3.1466, 1.2234 -0.1652 3.1629, 1.209 -0.1385 3.163, 1.2242 -0.1645 3.1641, 1.1999 -0.1887 3.1183, 1.2078 -0.1809 3.1367, 1.1896 -0.1477 3.1368, 1.2085 -0.1802 3.1383, 1.1934 -0.1953 3.0968, 1.1964 -0.1923 3.1067, 1.1752 -0.1546 3.1069, 1.1877 -0.2009 3.0641, 1.1893 -0.1994 3.0744, 1.1663 -0.1588 3.0745, 1.1911 -0.1975 3.0868, 1.6468 0.342 3.0407, 1.6091 0.3531 3.0745, 1.6101 0.3563 3.0407, 1.5749 0.3644 3.0407, 1.557 0.3651 3.0745, 1.5575 0.3684 3.0407, 1.5038 0.3729 3.0407, 1.5038 0.3696 3.0745, 1.5 0.3726 3.0407, 1.4505 0.3662 3.0745, 1.45 0.3695 3.0407, 1.4251 0.3643 3.0407, 1.3982 0.3553 3.0745, 1.3973 0.3585 3.0407, 1.3531 0.3423 3.0407, 1.348 0.3369 3.0745, 1.3467 0.3399 3.0407, 1.2993 0.3143 3.0407, 1.3011 0.3115 3.0745, 1.2874 0.3054 3.0407, 1.2582 0.2795 3.0745, 1.2561 0.282 3.0407, 1.2303 0.2563 3.0407, 1.2205 0.2418 3.0745, 1.218 0.2439 3.0407, 1.1857 0.2007 3.0407, 1.1885 0.1989 3.0745, 1.1838 0.1971 3.0407, 1.1631 0.152 3.0745, 1.1601 0.1533 3.0407, 1.1512 0.1292 3.0407, 1.1447 0.1018 3.0745, 1.1415 0.1027 3.0407, 1.1318 0.0564 3.0407, 1.1338 0.0495 3.0745, 1.1305 0.05 3.0407, 1.1271 -0.0038 3.0407, 1.1304 -0.0038 3.0745, 1.1284 -0.0188 3.0407, 1.1349 -0.057 3.0745, 1.1316 -0.0575 3.0407, 1.1398 -0.0933 3.0407, 1.1469 -0.1091 3.0745, 1.1866 -0.2021 3.0407, 1.1654 -0.1641 3.0407, 1.1633 -0.1603 3.0407, 1.1437 -0.1101 3.0407, 1.1563 -0.1062 3.1069, 1.1446 -0.0555 3.1069, 1.1403 -0.0037 3.1069, 1.1435 0.0482 3.1069, 1.1542 0.0991 3.1069, 1.1721 0.1479 3.1069, 1.1968 0.1936 3.1069, 1.2279 0.2353 3.1069, 1.2647 0.2721 3.1069, 1.3064 0.3032 3.1069, 1.3521 0.3279 3.1069, 1.4009 0.3458 3.1069, 1.4518 0.3565 3.1069, 1.5037 0.3597 3.1069, 1.5555 0.3554 3.1069, 1.6062 0.3437 3.1069, 1.1716 -0.1015 3.1368, 1.1604 -0.053 3.1368, 1.1563 -0.0035 3.1368, 1.1593 0.0461 3.1368, 1.1695 0.0947 3.1368, 1.1866 0.1413 3.1368, 1.2103 0.185 3.1368, 1.24 0.2249 3.1368, 1.2751 0.26 3.1368, 1.315 0.2897 3.1368, 1.3587 0.3134 3.1368, 1.4053 0.3305 3.1368, 1.4539 0.3407 3.1368, 1.5035 0.3437 3.1368, 1.553 0.3396 3.1368, 1.6015 0.3284 3.1368, 1.1921 -0.0951 3.163, 1.1816 -0.0497 3.163, 1.1778 -0.0033 3.163, 1.1806 0.0432 3.163, 1.1902 0.0888 3.163, 1.2062 0.1325 3.163, 1.2284 0.1735 3.163, 1.2563 0.2108 3.163, 1.2892 0.2437 3.163, 1.3265 0.2716 3.163, 1.3675 0.2938 3.163, 1.4112 0.3098 3.163, 1.4568 0.3194 3.163, 1.5033 0.3222 3.163, 1.5497 0.3184 3.163, 1.5951 0.3079 3.163, 1.6385 0.291 3.163, 1.6651 0.2764 3.1627, 1.2171 -0.0874 3.1845, 1.2075 -0.0457 3.1845, 1.2039 -0.003 3.1845, 1.2066 0.0397 3.1845, 1.2154 0.0816 3.1845, 1.2301 0.1217 3.1845, 1.2505 0.1594 3.1845, 1.2761 0.1937 3.1845, 1.3063 0.2239 3.1845, 1.3406 0.2495 3.1845, 1.3783 0.2699 3.1845, 1.4184 0.2846 3.1845, 1.4603 0.2934 3.1845, 1.503 0.2961 3.1845, 1.5457 0.2925 3.1845, 1.5874 0.2829 3.1845, 1.237 -0.0411 3.2004, 1.2338 -0.0027 3.2004, 1.2362 0.0357 3.2004, 1.2441 0.0733 3.2004, 1.2574 0.1094 3.2004, 1.2757 0.1433 3.2004, 1.2987 0.1741 3.2004, 1.3259 0.2013 3.2004, 1.3567 0.2243 3.2004, 1.3906 0.2426 3.2004, 1.4267 0.2559 3.2004, 1.4643 0.2638 3.2004, 1.5027 0.2662 3.2004, 1.5411 0.263 3.2004, 1.5786 0.2543 3.2004, 1.269 -0.0361 3.2103, 1.2663 -0.0024 3.2103, 1.2683 0.0313 3.2103, 1.2753 0.0644 3.2103, 1.2869 0.0961 3.2103, 1.303 0.1258 3.2103, 1.3232 0.1529 3.2103, 1.3471 0.1768 3.2103, 1.3742 0.197 3.2103, 1.4039 0.2131 3.2103, 1.4356 0.2247 3.2103, 1.4687 0.2317 3.2103, 1.5024 0.2337 3.2103, 1.5361 0.231 3.2103, 1.6039 0.2153 3.2091, 1.815 0.6 1.4979, 1.9134 0.6 1.7283, 1.815 0.6 0.4881, 1.9134 0.6 0.3503, 1.185 0.6 0.4881, 1.0866 0.6 0.3503, 1.185 0.6 1.4979, 1.0866 0.6 1.7283, 1.185 -0.5811 0.4881, 1.0866 -0.5811 0.3503, 1.815 -0.5811 0.4881, 1.9134 -0.5811 0.3503, 1.815 -0.5811 1.4979, 1.9134 -0.5811 1.7283, 1.185 -0.5811 1.4979, 1.0866 -0.5811 1.7283, 1.727 0.0 1.7283, 1.7193 -0.0588 1.7283, 1.6966 -0.1135 1.7283, 1.6605 -0.1605 1.7283, 1.6135 -0.1966 1.7283, 1.3865 -0.1966 1.7283, 1.3395 -0.1605 1.7283, 1.3034 -0.1135 1.7283, 1.5588 -0.2193 1.7283, 1.5 -0.227 1.7283, 1.4412 -0.2193 1.7283, 1.2807 0.0588 1.7283, 1.273 -0.0 1.7283, 1.2807 -0.0588 1.7283, 1.3034 0.1135 1.7283, 1.3395 0.1605 1.7283, 1.3865 0.1966 1.7283, 1.4412 0.2193 1.7283, 1.5 0.227 1.7283, 1.5588 0.2193 1.7283, 1.6135 0.1966 1.7283, 1.6605 0.1605 1.7283, 1.6966 0.1135 1.7283, 1.7193 0.0588 1.7283, 1.4736 0.2255 1.8322, 1.4224 0.2133 1.8322, 1.4416 0.2179 1.8322, 1.3753 0.1897 1.8322, 1.387 0.1956 1.8322, 1.3349 0.1558 1.8322, 1.3399 0.16 1.8322, 1.2825 0.0651 1.8322, 1.3034 0.1135 1.8322, 1.2734 0.0132 1.8322, 1.2814 0.0586 1.8322, 1.2764 -0.0394 1.8322, 1.2741 0.0001 1.8322, 1.2915 -0.0899 1.8322, 1.2821 -0.0583 1.8322, 1.3179 -0.1356 1.8322, 1.3047 -0.1127 1.8322, 1.3541 -0.1739 1.8322, 1.3405 -0.1595 1.8322, 1.3981 -0.2029 1.8322, 1.3871 -0.1956 1.8322, 1.4476 -0.2209 1.8322, 1.4415 -0.2186 1.8322, 1.5524 -0.2209 1.8322, 1.5 -0.227 1.8322, 1.6019 -0.2029 1.8322, 1.5585 -0.2186 1.8322, 1.6459 -0.1739 1.8322, 1.6129 -0.1956 1.8322, 1.6821 -0.1356 1.8322, 1.6595 -0.1595 1.8322, 1.7085 -0.0899 1.8322, 1.6953 -0.1127 1.8322, 1.7236 -0.0394 1.8322, 1.7179 -0.0583 1.8322, 1.7266 0.0132 1.8322, 1.7259 0.0001 1.8322, 1.7175 0.0651 1.8322, 1.7186 0.0586 1.8322, 1.6651 0.1558 1.8322, 1.6966 0.1135 1.8322, 1.6247 0.1897 1.8322, 1.6601 0.16 1.8322, 1.5776 0.2133 1.8322, 1.613 0.1956 1.8322, 1.5 0.227 1.8322, 1.5264 0.2255 1.8322, 1.5584 0.2179 1.8322, 1.6857 0.0744 3.2136, 1.4256 -0.1857 3.2136, 1.6911 0.059 3.2136, 1.441 -0.1911 3.2136, 1.6976 0.0309 3.2136, 1.6923 -0.0551 3.2136, 1.6982 -0.0268 3.2136, 1.7 0.0021 3.2136, 1.5822 -0.1823 3.2136, 1.4691 -0.1976 3.2136, 1.6513 -0.1309 3.2136, 1.6686 -0.1077 3.2136, 1.6823 -0.0822 3.2136, 1.6077 -0.1686 3.2136, 1.6309 -0.1513 3.2136, 1.4979 -0.2 3.2136, 1.5268 -0.1982 3.2136, 1.5551 -0.1923 3.2136, 1.7017 0.0904 3.2123, 1.298 -0.3134 3.0445, 1.2979 -0.3134 3.0407, 1.3194 -0.3254 3.0407, 1.2995 -0.3119 3.0677, 1.3412 -0.3337 3.0745, 1.3006 -0.3108 3.0744, 1.3077 -0.3037 3.1068, 1.306 -0.3054 3.1017, 1.3454 -0.3248 3.1069, 1.3032 -0.3081 3.0904, 1.3284 -0.283 3.1536, 1.322 -0.2894 3.1425, 1.3523 -0.3104 3.1368, 1.3193 -0.2921 3.1366, 1.313 -0.2984 3.1228, 1.3727 -0.2673 3.1845, 1.3536 -0.2577 3.1842, 1.3402 -0.2712 3.17, 1.3797 -0.2317 3.2025, 1.376 -0.2354 3.2002, 1.3856 -0.2403 3.2004, 1.3642 -0.2472 3.1929, 1.431 -0.2233 3.2103, 1.4001 -0.2113 3.2101, 1.3987 -0.2126 3.2098, 1.4081 -0.2032 3.2121, 1.7129 0.1015 3.2095, 1.7112 0.0998 3.2099, 1.7233 0.069 3.2103, 1.7421 0.1307 3.1964, 1.7353 0.124 3.2001, 1.7403 0.1144 3.2004, 1.7261 0.1148 3.2051, 1.719 0.1077 3.2079, 1.7543 0.0786 3.2004, 1.763 0.1516 3.1792, 1.757 0.1457 3.1849, 1.7673 0.1273 3.1845, 1.7872 0.1758 3.1466, 1.7766 0.1652 3.1629, 1.791 0.1385 3.163, 1.7758 0.1645 3.1641, 1.8001 0.1887 3.1183, 1.7922 0.1809 3.1367, 1.8104 0.1477 3.1368, 1.7915 0.1802 3.1383, 1.8066 0.1953 3.0968, 1.8036 0.1923 3.1067, 1.8248 0.1546 3.1069, 1.8107 0.1994 3.0744, 1.8089 0.1975 3.0868, 1.8337 0.1588 3.0745, 1.3397 -0.3367 3.0407, 1.3884 -0.3557 3.0407, 1.3909 -0.3531 3.0745, 1.3899 -0.3563 3.0407, 1.4425 -0.3684 3.0407, 1.443 -0.3651 3.0745, 1.4624 -0.3701 3.0407, 1.4962 -0.3696 3.0745, 1.4962 -0.3729 3.0407, 1.5377 -0.3703 3.0407, 1.5495 -0.3662 3.0745, 1.55 -0.3695 3.0407, 1.6027 -0.3585 3.0407, 1.6018 -0.3553 3.0745, 1.6114 -0.3553 3.0407, 1.652 -0.3369 3.0745, 1.6533 -0.3399 3.0407, 1.6989 -0.3115 3.0745, 1.6805 -0.3252 3.0407, 1.7007 -0.3143 3.0407, 1.7428 -0.2829 3.0407, 1.7418 -0.2795 3.0745, 1.7439 -0.282 3.0407, 1.782 -0.2439 3.0407, 1.7795 -0.2418 3.0745, 1.7941 -0.2277 3.0407, 1.8115 -0.1989 3.0745, 1.8143 -0.2007 3.0407, 1.8342 -0.1639 3.0407, 1.8369 -0.152 3.0745, 1.8399 -0.1533 3.0407, 1.8585 -0.1027 3.0407, 1.8553 -0.1018 3.0745, 1.8604 -0.0933 3.0407, 1.8662 -0.0495 3.0745, 1.8695 -0.05 3.0407, 1.8696 0.0038 3.0745, 1.8715 -0.0188 3.0407, 1.8729 0.0038 3.0407, 1.8685 0.0565 3.0407, 1.8651 0.057 3.0745, 1.8134 0.2021 3.0407, 1.8123 0.2009 3.0641, 1.8162 0.1971 3.0407, 1.8367 0.1603 3.0407, 1.8488 0.1292 3.0407, 1.8531 0.1091 3.0745, 1.8563 0.1101 3.0407, 1.8684 0.0575 3.0407, 1.8437 0.1062 3.1069, 1.8554 0.0555 3.1069, 1.8597 0.0037 3.1069, 1.8565 -0.0482 3.1069, 1.8458 -0.0991 3.1069, 1.8279 -0.1479 3.1069, 1.8032 -0.1936 3.1069, 1.7721 -0.2353 3.1069, 1.7353 -0.2721 3.1069, 1.6936 -0.3032 3.1069, 1.6479 -0.3279 3.1069, 1.5991 -0.3458 3.1069, 1.5482 -0.3565 3.1069, 1.4963 -0.3597 3.1069, 1.4445 -0.3554 3.1069, 1.3938 -0.3437 3.1069, 1.8284 0.1015 3.1368, 1.8396 0.053 3.1368, 1.8437 0.0035 3.1368, 1.8407 -0.0461 3.1368, 1.8305 -0.0947 3.1368, 1.8134 -0.1413 3.1368, 1.7897 -0.185 3.1368, 1.76 -0.2249 3.1368, 1.7249 -0.26 3.1368, 1.685 -0.2897 3.1368, 1.6413 -0.3134 3.1368, 1.5947 -0.3305 3.1368, 1.5461 -0.3407 3.1368, 1.4965 -0.3437 3.1368, 1.447 -0.3396 3.1368, 1.3985 -0.3284 3.1368, 1.8079 0.0951 3.163, 1.8184 0.0497 3.163, 1.8222 0.0033 3.163, 1.8194 -0.0432 3.163, 1.8098 -0.0888 3.163, 1.7938 -0.1325 3.163, 1.7716 -0.1735 3.163, 1.7437 -0.2108 3.163, 1.7108 -0.2437 3.163, 1.6735 -0.2716 3.163, 1.6325 -0.2938 3.163, 1.5888 -0.3098 3.163, 1.5432 -0.3194 3.163, 1.4967 -0.3222 3.163, 1.4503 -0.3184 3.163, 1.4049 -0.3079 3.163, 1.3615 -0.291 3.163, 1.3349 -0.2764 3.1627, 1.7829 0.0874 3.1845, 1.7925 0.0457 3.1845, 1.7961 0.003 3.1845, 1.7934 -0.0397 3.1845, 1.7846 -0.0816 3.1845, 1.7699 -0.1217 3.1845, 1.7495 -0.1594 3.1845, 1.7239 -0.1937 3.1845, 1.6937 -0.2239 3.1845, 1.6594 -0.2495 3.1845, 1.6217 -0.2699 3.1845, 1.5816 -0.2846 3.1845, 1.5397 -0.2934 3.1845, 1.497 -0.2961 3.1845, 1.4543 -0.2925 3.1845, 1.4126 -0.2829 3.1845, 1.763 0.0411 3.2004, 1.7662 0.0027 3.2004, 1.7638 -0.0357 3.2004, 1.7559 -0.0733 3.2004, 1.7426 -0.1094 3.2004, 1.7243 -0.1433 3.2004, 1.7013 -0.1741 3.2004, 1.6741 -0.2013 3.2004, 1.6433 -0.2243 3.2004, 1.6094 -0.2426 3.2004, 1.5733 -0.2559 3.2004, 1.5357 -0.2638 3.2004, 1.4973 -0.2662 3.2004, 1.4589 -0.263 3.2004, 1.4214 -0.2543 3.2004, 1.731 0.0361 3.2103, 1.7337 0.0024 3.2103, 1.7317 -0.0313 3.2103, 1.7247 -0.0644 3.2103, 1.7131 -0.0961 3.2103, 1.697 -0.1258 3.2103, 1.6768 -0.1529 3.2103, 1.6529 -0.1768 3.2103, 1.6258 -0.197 3.2103, 1.5961 -0.2131 3.2103, 1.5644 -0.2247 3.2103, 1.5313 -0.2317 3.2103, 1.4976 -0.2337 3.2103, 1.4639 -0.231 3.2103, 1.3961 -0.2153 3.2091, 1.1866 -0.2021 3.0167, 1.1652 -0.1642 2.7398, 1.2051 -0.2282 3.0167, 1.2051 -0.2282 2.7398, 1.2571 -0.2829 2.7398, 1.319 -0.326 2.7398, 1.2979 -0.3134 3.0167, 1.2571 -0.2829 3.0167, 1.7703 0.2569 3.0167, 1.8134 0.2021 3.0167, 1.8165 0.1972 2.7398, 1.7703 0.2569 2.7398, 1.713 0.3061 2.7398, 1.713 0.3061 3.0167, 1.7021 0.3134 3.0167, 1.6471 0.3427 2.7398, 1.5 0.3729 2.7398, 1.4249 0.3653 2.7398, 1.3529 0.3427 2.7398, 1.287 0.3061 2.7398, 1.2297 0.2569 2.7398, 1.1835 0.1972 2.7398, 1.1503 0.1295 2.7398, 1.1314 0.0565 2.7398, 1.1276 -0.0189 2.7398, 1.139 -0.0935 2.7398, 1.3884 -0.3558 2.7398, 1.4623 -0.371 2.7398, 1.5377 -0.371 2.7398, 1.6116 -0.3558 2.7398, 1.681 -0.326 2.7398, 1.7429 -0.2829 2.7398, 1.7949 -0.2282 2.7398, 1.8348 -0.1642 2.7398, 1.861 -0.0935 2.7398, 1.8724 -0.0189 2.7398, 1.8686 0.0565 2.7398, 1.8497 0.1295 2.7398, 1.5751 0.3653 2.7398, 1.6874 0.2233 2.7398, 1.7339 0.1741 2.7398, 1.7677 0.1155 2.7398, 1.7871 0.0506 2.7398, 1.7911 -0.017 2.7398, 1.7793 -0.0836 2.7398, 1.7525 -0.1458 2.7398, 1.7121 -0.2001 2.7398, 1.2661 0.1741 2.7398, 1.3126 0.2233 2.7398, 1.3692 0.2605 2.7398, 1.4328 0.2837 2.7398, 1.5 0.2915 2.7398, 1.5672 0.2837 2.7398, 1.6308 0.2605 2.7398, 1.3398 -0.2436 2.7398, 1.2879 -0.2001 2.7398, 1.2475 -0.1458 2.7398, 1.2207 -0.0836 2.7398, 1.2089 -0.017 2.7398, 1.2129 0.0506 2.7398, 1.2323 0.1155 2.7398, 1.6602 -0.2436 2.7398, 1.5997 -0.274 2.7398, 1.5338 -0.2896 2.7398, 1.4662 -0.2896 2.7398, 1.4003 -0.274 2.7398, 1.4662 0.2896 1.8968, 1.4332 0.2818 1.8968, 1.4003 0.274 1.8968, 1.37 0.2588 1.8968, 1.3398 0.2436 1.8968, 1.3139 0.2218 1.8968, 1.2879 0.2001 1.8968, 1.2677 0.1729 1.8968, 1.2475 0.1458 1.8968, 1.2341 0.1147 1.8968, 1.2207 0.0836 1.8968, 1.2148 0.0503 1.8968, 1.2089 0.017 1.8968, 1.2109 -0.0168 1.8968, 1.2129 -0.0506 1.8968, 1.2226 -0.0831 1.8968, 1.2323 -0.1155 1.8968, 1.2492 -0.1448 1.8968, 1.2661 -0.1741 1.8968, 1.2894 -0.1987 1.8968, 1.3126 -0.2233 1.8968, 1.3409 -0.2419 1.8968, 1.3692 -0.2605 1.8968, 1.401 -0.2721 1.8968, 1.4328 -0.2837 1.8968, 1.4664 -0.2876 1.8968, 1.5 -0.2915 1.8968, 1.5336 -0.2876 1.8968, 1.5672 -0.2837 1.8968, 1.599 -0.2721 1.8968, 1.6308 -0.2605 1.8968, 1.6591 -0.2419 1.8968, 1.6874 -0.2233 1.8968, 1.7106 -0.1987 1.8968, 1.7339 -0.1741 1.8968, 1.7508 -0.1448 1.8968, 1.7677 -0.1155 1.8968, 1.7774 -0.0831 1.8968, 1.7871 -0.0506 1.8968, 1.7891 -0.0168 1.8968, 1.7911 0.017 1.8968, 1.7852 0.0503 1.8968, 1.7793 0.0836 1.8968, 1.7659 0.1147 1.8968, 1.7525 0.1458 1.8968, 1.7323 0.1729 1.8968, 1.7121 0.2001 1.8968, 1.6861 0.2218 1.8968, 1.6602 0.2436 1.8968, 1.63 0.2588 1.8968, 1.5997 0.274 1.8968, 1.5668 0.2818 1.8968, 1.5338 0.2896 1.8968, 1.5 0.2915 1.8968, 0.3143 -0.0744 3.2136, 0.5744 0.1857 3.2136, 0.3089 -0.059 3.2136, 0.559 0.1911 3.2136, 0.3077 0.0551 3.2136, 0.3018 0.0268 3.2136, 0.3 -0.0021 3.2136, 0.5309 0.1976 3.2136, 0.5021 0.2 3.2136, 0.4732 0.1982 3.2136, 0.4449 0.1923 3.2136, 0.4178 0.1823 3.2136, 0.3923 0.1686 3.2136, 0.3691 0.1513 3.2136, 0.3487 0.1309 3.2136, 0.3314 0.1077 3.2136, 0.3177 0.0822 3.2136, 0.3024 -0.0309 3.2136, 0.2983 -0.0904 3.2123, 0.702 0.3134 3.0445, 0.7021 0.3134 3.0407, 0.6603 0.3367 3.0407, 0.7005 0.3119 3.0677, 0.6588 0.3337 3.0745, 0.6994 0.3108 3.0744, 0.6923 0.3037 3.1068, 0.694 0.3054 3.1017, 0.6546 0.3248 3.1069, 0.6968 0.3081 3.0904, 0.6716 0.283 3.1536, 0.678 0.2894 3.1425, 0.6477 0.3104 3.1368, 0.6807 0.2921 3.1366, 0.687 0.2984 3.1228, 0.6272 0.2673 3.1845, 0.6464 0.2577 3.1842, 0.6598 0.2712 3.17, 0.6203 0.2317 3.2025, 0.624 0.2354 3.2002, 0.6144 0.2403 3.2004, 0.6358 0.2472 3.1929, 0.569 0.2233 3.2103, 0.5999 0.2113 3.2101, 0.6013 0.2126 3.2098, 0.5919 0.2032 3.2121, 0.2871 -0.1015 3.2095, 0.2888 -0.0998 3.2099, 0.2767 -0.069 3.2103, 0.2579 -0.1307 3.1964, 0.2647 -0.124 3.2001, 0.2597 -0.1144 3.2004, 0.2739 -0.1148 3.2051, 0.281 -0.1077 3.2079, 0.2457 -0.0786 3.2004, 0.237 -0.1516 3.1792, 0.243 -0.1457 3.1849, 0.2327 -0.1273 3.1845, 0.2128 -0.1758 3.1466, 0.2234 -0.1652 3.1629, 0.209 -0.1385 3.163, 0.2242 -0.1645 3.1641, 0.1999 -0.1887 3.1183, 0.2078 -0.1809 3.1367, 0.1896 -0.1477 3.1368, 0.2085 -0.1802 3.1383, 0.1934 -0.1953 3.0968, 0.1964 -0.1923 3.1067, 0.1752 -0.1546 3.1069, 0.1877 -0.2009 3.0641, 0.1893 -0.1994 3.0744, 0.1663 -0.1588 3.0745, 0.1911 -0.1975 3.0868, 0.6468 0.342 3.0407, 0.6091 0.3531 3.0745, 0.6101 0.3563 3.0407, 0.5749 0.3644 3.0407, 0.557 0.3651 3.0745, 0.5575 0.3684 3.0407, 0.5038 0.3729 3.0407, 0.5038 0.3696 3.0745, 0.5 0.3726 3.0407, 0.4505 0.3662 3.0745, 0.45 0.3695 3.0407, 0.4251 0.3643 3.0407, 0.3982 0.3553 3.0745, 0.3973 0.3585 3.0407, 0.3531 0.3423 3.0407, 0.348 0.3369 3.0745, 0.3467 0.3399 3.0407, 0.2993 0.3143 3.0407, 0.3011 0.3115 3.0745, 0.2874 0.3054 3.0407, 0.2582 0.2795 3.0745, 0.2561 0.282 3.0407, 0.2303 0.2563 3.0407, 0.2205 0.2418 3.0745, 0.218 0.2439 3.0407, 0.1857 0.2007 3.0407, 0.1885 0.1989 3.0745, 0.1838 0.1971 3.0407, 0.1631 0.152 3.0745, 0.1601 0.1533 3.0407, 0.1512 0.1292 3.0407, 0.1447 0.1018 3.0745, 0.1415 0.1027 3.0407, 0.1318 0.0564 3.0407, 0.1338 0.0495 3.0745, 0.1305 0.05 3.0407, 0.1271 -0.0038 3.0407, 0.1304 -0.0038 3.0745, 0.1284 -0.0188 3.0407, 0.1349 -0.057 3.0745, 0.1316 -0.0575 3.0407, 0.1398 -0.0933 3.0407, 0.1469 -0.1091 3.0745, 0.1866 -0.2021 3.0407, 0.1654 -0.1641 3.0407, 0.1633 -0.1603 3.0407, 0.1437 -0.1101 3.0407, 0.1563 -0.1062 3.1069, 0.1446 -0.0555 3.1069, 0.1403 -0.0037 3.1069, 0.1435 0.0482 3.1069, 0.1542 0.0991 3.1069, 0.1721 0.1479 3.1069, 0.1968 0.1936 3.1069, 0.2279 0.2353 3.1069, 0.2647 0.2721 3.1069, 0.3064 0.3032 3.1069, 0.3521 0.3279 3.1069, 0.4009 0.3458 3.1069, 0.4518 0.3565 3.1069, 0.5037 0.3597 3.1069, 0.5555 0.3554 3.1069, 0.6062 0.3437 3.1069, 0.1716 -0.1015 3.1368, 0.1604 -0.053 3.1368, 0.1563 -0.0035 3.1368, 0.1593 0.0461 3.1368, 0.1695 0.0947 3.1368, 0.1866 0.1413 3.1368, 0.2103 0.185 3.1368, 0.24 0.2249 3.1368, 0.2751 0.26 3.1368, 0.315 0.2897 3.1368, 0.3587 0.3134 3.1368, 0.4053 0.3305 3.1368, 0.4539 0.3407 3.1368, 0.5035 0.3437 3.1368, 0.553 0.3396 3.1368, 0.6015 0.3284 3.1368, 0.1921 -0.0951 3.163, 0.1816 -0.0497 3.163, 0.1778 -0.0033 3.163, 0.1806 0.0432 3.163, 0.1902 0.0888 3.163, 0.2062 0.1325 3.163, 0.2284 0.1735 3.163, 0.2563 0.2108 3.163, 0.2892 0.2437 3.163, 0.3265 0.2716 3.163, 0.3675 0.2938 3.163, 0.4112 0.3098 3.163, 0.4568 0.3194 3.163, 0.5033 0.3222 3.163, 0.5497 0.3184 3.163, 0.5951 0.3079 3.163, 0.6385 0.291 3.163, 0.6651 0.2764 3.1627, 0.2171 -0.0874 3.1845, 0.2075 -0.0457 3.1845, 0.2039 -0.003 3.1845, 0.2066 0.0397 3.1845, 0.2154 0.0816 3.1845, 0.2301 0.1217 3.1845, 0.2505 0.1594 3.1845, 0.2761 0.1937 3.1845, 0.3063 0.2239 3.1845, 0.3406 0.2495 3.1845, 0.3783 0.2699 3.1845, 0.4184 0.2846 3.1845, 0.4603 0.2934 3.1845, 0.503 0.2961 3.1845, 0.5457 0.2925 3.1845, 0.5874 0.2829 3.1845, 0.237 -0.0411 3.2004, 0.2338 -0.0027 3.2004, 0.2362 0.0357 3.2004, 0.2441 0.0733 3.2004, 0.2574 0.1094 3.2004, 0.2757 0.1433 3.2004, 0.2987 0.1741 3.2004, 0.3259 0.2013 3.2004, 0.3567 0.2243 3.2004, 0.3906 0.2426 3.2004, 0.4267 0.2559 3.2004, 0.4643 0.2638 3.2004, 0.5027 0.2662 3.2004, 0.5411 0.263 3.2004, 0.5786 0.2543 3.2004, 0.269 -0.0361 3.2103, 0.2663 -0.0024 3.2103, 0.2683 0.0313 3.2103, 0.2753 0.0644 3.2103, 0.2869 0.0961 3.2103, 0.303 0.1258 3.2103, 0.3232 0.1529 3.2103, 0.3471 0.1768 3.2103, 0.3742 0.197 3.2103, 0.4039 0.2131 3.2103, 0.4356 0.2247 3.2103, 0.4687 0.2317 3.2103, 0.5024 0.2337 3.2103, 0.5361 0.231 3.2103, 0.6039 0.2153 3.2091, 0.815 0.6 1.4979, 0.9134 0.6 1.7283, 0.815 0.6 0.4881, 0.9134 0.6 0.3503, 0.185 0.6 0.4881, 0.0866 0.6 0.3503, 0.185 0.6 1.4979, 0.0866 0.6 1.7283, 0.185 -0.5811 0.4881, 0.0866 -0.5811 0.3503, 0.815 -0.5811 0.4881, 0.9134 -0.5811 0.3503, 0.815 -0.5811 1.4979, 0.9134 -0.5811 1.7283, 0.185 -0.5811 1.4979, 0.0866 -0.5811 1.7283, 0.4412 -0.2193 1.7283, 0.3865 -0.1966 1.7283, 0.3395 -0.1605 1.7283, 0.3034 -0.1135 1.7283, 0.3034 0.1135 1.7283, 0.3395 0.1605 1.7283, 0.3865 0.1966 1.7283, 0.727 0.0 1.7283, 0.7193 -0.0588 1.7283, 0.6966 -0.1135 1.7283, 0.5 -0.227 1.7283, 0.5588 -0.2193 1.7283, 0.6605 -0.1605 1.7283, 0.6135 -0.1966 1.7283, 0.2807 -0.0588 1.7283, 0.273 0.0 1.7283, 0.2807 0.0588 1.7283, 0.6135 0.1966 1.7283, 0.6605 0.1605 1.7283, 0.4412 0.2193 1.7283, 0.5 0.227 1.7283, 0.5588 0.2193 1.7283, 0.6966 0.1135 1.7283, 0.7193 0.0588 1.7283, 0.4736 0.2255 1.8322, 0.4224 0.2133 1.8322, 0.4416 0.2179 1.8322, 0.3753 0.1897 1.8322, 0.387 0.1956 1.8322, 0.3349 0.1558 1.8322, 0.3399 0.16 1.8322, 0.2825 0.0651 1.8322, 0.3034 0.1135 1.8322, 0.2734 0.0132 1.8322, 0.2814 0.0586 1.8322, 0.2764 -0.0394 1.8322, 0.2741 0.0001 1.8322, 0.2916 -0.0899 1.8322, 0.2821 -0.0583 1.8322, 0.3179 -0.1356 1.8322, 0.3047 -0.1127 1.8322, 0.3541 -0.1739 1.8322, 0.3405 -0.1595 1.8322, 0.3981 -0.2029 1.8322, 0.3871 -0.1956 1.8322, 0.4476 -0.2209 1.8322, 0.4415 -0.2186 1.8322, 0.5524 -0.2209 1.8322, 0.5 -0.227 1.8322, 0.6019 -0.2029 1.8322, 0.5585 -0.2186 1.8322, 0.6459 -0.1739 1.8322, 0.6129 -0.1956 1.8322, 0.6821 -0.1356 1.8322, 0.6595 -0.1595 1.8322, 0.7084 -0.0899 1.8322, 0.6953 -0.1127 1.8322, 0.7236 -0.0394 1.8322, 0.7179 -0.0583 1.8322, 0.7266 0.0132 1.8322, 0.7259 0.0001 1.8322, 0.7175 0.0651 1.8322, 0.7186 0.0586 1.8322, 0.6651 0.1558 1.8322, 0.6966 0.1135 1.8322, 0.6247 0.1897 1.8322, 0.6601 0.16 1.8322, 0.5776 0.2133 1.8322, 0.613 0.1956 1.8322, 0.5 0.227 1.8322, 0.5264 0.2255 1.8322, 0.5584 0.2179 1.8322, 0.6911 0.059 3.2136, 0.6857 0.0744 3.2136, 0.4256 -0.1857 3.2136, 0.441 -0.1911 3.2136, 0.4691 -0.1976 3.2136, 0.4979 -0.2 3.2136, 0.5268 -0.1982 3.2136, 0.5551 -0.1923 3.2136, 0.5822 -0.1823 3.2136, 0.6513 -0.1309 3.2136, 0.6686 -0.1077 3.2136, 0.6823 -0.0822 3.2136, 0.6923 -0.0551 3.2136, 0.6077 -0.1686 3.2136, 0.6309 -0.1513 3.2136, 0.6982 -0.0268 3.2136, 0.7 0.0021 3.2136, 0.6976 0.0309 3.2136, 0.7017 0.0904 3.2123, 0.298 -0.3134 3.0445, 0.2979 -0.3134 3.0407, 0.3194 -0.3254 3.0407, 0.2995 -0.3119 3.0677, 0.3412 -0.3337 3.0745, 0.3006 -0.3108 3.0744, 0.3077 -0.3037 3.1068, 0.306 -0.3054 3.1017, 0.3454 -0.3248 3.1069, 0.3032 -0.3081 3.0904, 0.3284 -0.283 3.1536, 0.322 -0.2894 3.1425, 0.3523 -0.3104 3.1368, 0.3193 -0.2921 3.1366, 0.313 -0.2984 3.1228, 0.3727 -0.2673 3.1845, 0.3536 -0.2577 3.1842, 0.3402 -0.2712 3.17, 0.3797 -0.2317 3.2025, 0.376 -0.2354 3.2002, 0.3856 -0.2403 3.2004, 0.3642 -0.2472 3.1929, 0.431 -0.2233 3.2103, 0.4001 -0.2113 3.2101, 0.3987 -0.2126 3.2098, 0.4081 -0.2032 3.2121, 0.7129 0.1015 3.2095, 0.7112 0.0998 3.2099, 0.7233 0.069 3.2103, 0.7421 0.1307 3.1964, 0.7353 0.124 3.2001, 0.7403 0.1144 3.2004, 0.7261 0.1148 3.2051, 0.719 0.1077 3.2079, 0.7543 0.0786 3.2004, 0.763 0.1516 3.1792, 0.757 0.1457 3.1849, 0.7673 0.1273 3.1845, 0.7872 0.1758 3.1466, 0.7766 0.1652 3.1629, 0.791 0.1385 3.163, 0.7758 0.1645 3.1641, 0.8001 0.1887 3.1183, 0.7922 0.1809 3.1367, 0.8104 0.1477 3.1368, 0.7915 0.1802 3.1383, 0.8066 0.1953 3.0968, 0.8036 0.1923 3.1067, 0.8248 0.1546 3.1069, 0.8107 0.1994 3.0744, 0.8089 0.1975 3.0868, 0.8337 0.1588 3.0745, 0.3397 -0.3367 3.0407, 0.3884 -0.3557 3.0407, 0.3909 -0.3531 3.0745, 0.3899 -0.3563 3.0407, 0.4425 -0.3684 3.0407, 0.443 -0.3651 3.0745, 0.4623 -0.3701 3.0407, 0.4962 -0.3696 3.0745, 0.4962 -0.3729 3.0407, 0.5377 -0.3703 3.0407, 0.5495 -0.3662 3.0745, 0.55 -0.3695 3.0407, 0.6027 -0.3585 3.0407, 0.6018 -0.3553 3.0745, 0.6114 -0.3553 3.0407, 0.652 -0.3369 3.0745, 0.6533 -0.3399 3.0407, 0.6989 -0.3115 3.0745, 0.6805 -0.3252 3.0407, 0.7007 -0.3143 3.0407, 0.7428 -0.2829 3.0407, 0.7418 -0.2795 3.0745, 0.7439 -0.282 3.0407, 0.782 -0.2439 3.0407, 0.7795 -0.2418 3.0745, 0.7941 -0.2277 3.0407, 0.8115 -0.1989 3.0745, 0.8143 -0.2007 3.0407, 0.8342 -0.1639 3.0407, 0.8369 -0.152 3.0745, 0.8399 -0.1533 3.0407, 0.8585 -0.1027 3.0407, 0.8553 -0.1018 3.0745, 0.8604 -0.0933 3.0407, 0.8662 -0.0495 3.0745, 0.8695 -0.05 3.0407, 0.8696 0.0038 3.0745, 0.8715 -0.0188 3.0407, 0.8729 0.0038 3.0407, 0.8685 0.0565 3.0407, 0.8651 0.057 3.0745, 0.8134 0.2021 3.0407, 0.8123 0.2009 3.0641, 0.8162 0.1971 3.0407, 0.8367 0.1603 3.0407, 0.8488 0.1292 3.0407, 0.8531 0.1091 3.0745, 0.8563 0.1101 3.0407, 0.8684 0.0575 3.0407, 0.8437 0.1062 3.1069, 0.8554 0.0555 3.1069, 0.8597 0.0037 3.1069, 0.8565 -0.0482 3.1069, 0.8458 -0.0991 3.1069, 0.8279 -0.1479 3.1069, 0.8032 -0.1936 3.1069, 0.7721 -0.2353 3.1069, 0.7353 -0.2721 3.1069, 0.6936 -0.3032 3.1069, 0.6479 -0.3279 3.1069, 0.5991 -0.3458 3.1069, 0.5482 -0.3565 3.1069, 0.4963 -0.3597 3.1069, 0.4445 -0.3554 3.1069, 0.3938 -0.3437 3.1069, 0.8284 0.1015 3.1368, 0.8396 0.053 3.1368, 0.8437 0.0035 3.1368, 0.8407 -0.0461 3.1368, 0.8305 -0.0947 3.1368, 0.8134 -0.1413 3.1368, 0.7897 -0.185 3.1368, 0.76 -0.2249 3.1368, 0.7249 -0.26 3.1368, 0.685 -0.2897 3.1368, 0.6413 -0.3134 3.1368, 0.5947 -0.3305 3.1368, 0.5461 -0.3407 3.1368, 0.4965 -0.3437 3.1368, 0.447 -0.3396 3.1368, 0.3985 -0.3284 3.1368, 0.8079 0.0951 3.163, 0.8184 0.0497 3.163, 0.8222 0.0033 3.163, 0.8194 -0.0432 3.163, 0.8098 -0.0888 3.163, 0.7938 -0.1325 3.163, 0.7716 -0.1735 3.163, 0.7437 -0.2108 3.163, 0.7108 -0.2437 3.163, 0.6735 -0.2716 3.163, 0.6325 -0.2938 3.163, 0.5888 -0.3098 3.163, 0.5432 -0.3194 3.163, 0.4967 -0.3222 3.163, 0.4503 -0.3184 3.163, 0.4049 -0.3079 3.163, 0.3615 -0.291 3.163, 0.3349 -0.2764 3.1627, 0.7829 0.0874 3.1845, 0.7925 0.0457 3.1845, 0.7961 0.003 3.1845, 0.7934 -0.0397 3.1845, 0.7846 -0.0816 3.1845, 0.7699 -0.1217 3.1845, 0.7495 -0.1594 3.1845, 0.7239 -0.1937 3.1845, 0.6937 -0.2239 3.1845, 0.6594 -0.2495 3.1845, 0.6217 -0.2699 3.1845, 0.5816 -0.2846 3.1845, 0.5397 -0.2934 3.1845, 0.497 -0.2961 3.1845, 0.4543 -0.2925 3.1845, 0.4126 -0.2829 3.1845, 0.763 0.0411 3.2004, 0.7662 0.0027 3.2004, 0.7638 -0.0357 3.2004, 0.7559 -0.0733 3.2004, 0.7426 -0.1094 3.2004, 0.7243 -0.1433 3.2004, 0.7013 -0.1741 3.2004, 0.6741 -0.2013 3.2004, 0.6433 -0.2243 3.2004, 0.6094 -0.2426 3.2004, 0.5733 -0.2559 3.2004, 0.5357 -0.2638 3.2004, 0.4973 -0.2662 3.2004, 0.4589 -0.263 3.2004, 0.4214 -0.2543 3.2004, 0.731 0.0361 3.2103, 0.7337 0.0024 3.2103, 0.7317 -0.0313 3.2103, 0.7247 -0.0644 3.2103, 0.7131 -0.0961 3.2103, 0.697 -0.1258 3.2103, 0.6768 -0.1529 3.2103, 0.6529 -0.1768 3.2103, 0.6258 -0.197 3.2103, 0.5961 -0.2131 3.2103, 0.5644 -0.2247 3.2103, 0.5313 -0.2317 3.2103, 0.4976 -0.2337 3.2103, 0.4639 -0.231 3.2103, 0.3961 -0.2153 3.2091, 0.1866 -0.2021 3.0167, 0.1652 -0.1642 2.7398, 0.2051 -0.2282 3.0167, 0.2051 -0.2282 2.7398, 0.2571 -0.2829 2.7398, 0.319 -0.326 2.7398, 0.2979 -0.3134 3.0167, 0.2571 -0.2829 3.0167, 0.7703 0.2569 3.0167, 0.8134 0.2021 3.0167, 0.8165 0.1972 2.7398, 0.7703 0.2569 2.7398, 0.713 0.3061 2.7398, 0.713 0.3061 3.0167, 0.7021 0.3134 3.0167, 0.6471 0.3427 2.7398, 0.5 0.3729 2.7398, 0.4249 0.3653 2.7398, 0.3529 0.3427 2.7398, 0.287 0.3061 2.7398, 0.2297 0.2569 2.7398, 0.1835 0.1972 2.7398, 0.1503 0.1295 2.7398, 0.1314 0.0565 2.7398, 0.1276 -0.0189 2.7398, 0.139 -0.0935 2.7398, 0.3884 -0.3558 2.7398, 0.4623 -0.371 2.7398, 0.5377 -0.371 2.7398, 0.6116 -0.3558 2.7398, 0.681 -0.326 2.7398, 0.7429 -0.2829 2.7398, 0.7949 -0.2282 2.7398, 0.8348 -0.1642 2.7398, 0.861 -0.0935 2.7398, 0.8724 -0.0189 2.7398, 0.8686 0.0565 2.7398, 0.8497 0.1295 2.7398, 0.5751 0.3653 2.7398, 0.6874 0.2233 2.7398, 0.7339 0.1741 2.7398, 0.7677 0.1155 2.7398, 0.7871 0.0506 2.7398, 0.7911 -0.017 2.7398, 0.7793 -0.0836 2.7398, 0.7525 -0.1458 2.7398, 0.7121 -0.2001 2.7398, 0.2661 0.1741 2.7398, 0.3126 0.2233 2.7398, 0.3692 0.2605 2.7398, 0.4328 0.2837 2.7398, 0.5 0.2915 2.7398, 0.5672 0.2837 2.7398, 0.6308 0.2605 2.7398, 0.3398 -0.2436 2.7398, 0.2879 -0.2001 2.7398, 0.2475 -0.1458 2.7398, 0.2207 -0.0836 2.7398, 0.2089 -0.017 2.7398, 0.2129 0.0506 2.7398, 0.2323 0.1155 2.7398, 0.6602 -0.2436 2.7398, 0.5997 -0.274 2.7398, 0.5338 -0.2896 2.7398, 0.4662 -0.2896 2.7398, 0.4003 -0.274 2.7398, 0.4662 0.2896 1.8968, 0.4332 0.2818 1.8968, 0.4003 0.274 1.8968, 0.37 0.2588 1.8968, 0.3398 0.2436 1.8968, 0.3139 0.2218 1.8968, 0.2879 0.2001 1.8968, 0.2677 0.1729 1.8968, 0.2475 0.1458 1.8968, 0.2341 0.1147 1.8968, 0.2207 0.0836 1.8968, 0.2148 0.0503 1.8968, 0.2089 0.017 1.8968, 0.2109 -0.0168 1.8968, 0.2129 -0.0506 1.8968, 0.2226 -0.0831 1.8968, 0.2323 -0.1155 1.8968, 0.2492 -0.1448 1.8968, 0.2661 -0.1741 1.8968, 0.2894 -0.1987 1.8968, 0.3126 -0.2233 1.8968, 0.3409 -0.2419 1.8968, 0.3692 -0.2605 1.8968, 0.401 -0.2721 1.8968, 0.4328 -0.2837 1.8968, 0.4664 -0.2876 1.8968, 0.5 -0.2915 1.8968, 0.5336 -0.2876 1.8968, 0.5672 -0.2837 1.8968, 0.599 -0.2721 1.8968, 0.6308 -0.2605 1.8968, 0.6591 -0.2419 1.8968, 0.6874 -0.2233 1.8968, 0.7106 -0.1987 1.8968, 0.7339 -0.1741 1.8968, 0.7508 -0.1448 1.8968, 0.7677 -0.1155 1.8968, 0.7774 -0.0831 1.8968, 0.7871 -0.0506 1.8968, 0.7891 -0.0168 1.8968, 0.7911 0.017 1.8968, 0.7852 0.0503 1.8968, 0.7793 0.0836 1.8968, 0.7659 0.1147 1.8968, 0.7525 0.1458 1.8968, 0.7323 0.1729 1.8968, 0.7121 0.2001 1.8968, 0.6861 0.2218 1.8968, 0.6602 0.2436 1.8968, 0.63 0.2588 1.8968, 0.5997 0.274 1.8968, 0.5668 0.2818 1.8968, 0.5338 0.2896 1.8968, 0.5 0.2915 1.8968, -0.6309 0.1513 3.2136, -0.441 0.1911 3.2136, -0.6077 0.1686 3.2136, -0.4691 0.1976 3.2136, -0.4979 0.2 3.2136, -0.6513 0.1309 3.2136, -0.6686 0.1077 3.2136, -0.6823 0.0822 3.2136, -0.6923 0.0551 3.2136, -0.6982 0.0268 3.2136, -0.7 -0.0021 3.2136, -0.6857 -0.0744 3.2136, -0.4256 0.1857 3.2136, -0.6911 -0.059 3.2136, -0.6976 -0.0309 3.2136, -0.5268 0.1982 3.2136, -0.5551 0.1923 3.2136, -0.5822 0.1823 3.2136, -0.7017 -0.0904 3.2123, -0.298 0.3134 3.0445, -0.2979 0.3134 3.0407, -0.3397 0.3367 3.0407, -0.2995 0.3119 3.0677, -0.3412 0.3337 3.0745, -0.3006 0.3108 3.0744, -0.3077 0.3037 3.1068, -0.306 0.3054 3.1017, -0.3454 0.3248 3.1069, -0.3032 0.3081 3.0904, -0.3284 0.283 3.1536, -0.322 0.2894 3.1425, -0.3523 0.3104 3.1368, -0.3193 0.2921 3.1366, -0.313 0.2984 3.1228, -0.3727 0.2673 3.1845, -0.3536 0.2577 3.1842, -0.3402 0.2712 3.17, -0.3797 0.2317 3.2025, -0.376 0.2354 3.2002, -0.3856 0.2403 3.2004, -0.3642 0.2472 3.1929, -0.431 0.2233 3.2103, -0.4001 0.2113 3.2101, -0.3987 0.2126 3.2098, -0.4081 0.2032 3.2121, -0.7129 -0.1015 3.2095, -0.7112 -0.0998 3.2099, -0.7233 -0.069 3.2103, -0.7421 -0.1307 3.1964, -0.7353 -0.124 3.2001, -0.7403 -0.1144 3.2004, -0.7261 -0.1148 3.2051, -0.719 -0.1077 3.2079, -0.7543 -0.0786 3.2004, -0.763 -0.1516 3.1792, -0.757 -0.1457 3.1849, -0.7673 -0.1273 3.1845, -0.7872 -0.1758 3.1466, -0.7766 -0.1652 3.1629, -0.791 -0.1385 3.163, -0.7758 -0.1645 3.1641, -0.8001 -0.1887 3.1183, -0.7922 -0.1809 3.1367, -0.8104 -0.1477 3.1368, -0.7915 -0.1802 3.1383, -0.8066 -0.1953 3.0968, -0.8036 -0.1923 3.1067, -0.8248 -0.1546 3.1069, -0.8123 -0.2009 3.0641, -0.8107 -0.1994 3.0744, -0.8337 -0.1588 3.0745, -0.8089 -0.1975 3.0868, -0.3532 0.342 3.0407, -0.3909 0.3531 3.0745, -0.3899 0.3563 3.0407, -0.4251 0.3644 3.0407, -0.443 0.3651 3.0745, -0.4425 0.3684 3.0407, -0.4962 0.3729 3.0407, -0.4962 0.3696 3.0745, -0.5 0.3726 3.0407, -0.5495 0.3662 3.0745, -0.55 0.3695 3.0407, -0.5749 0.3643 3.0407, -0.6018 0.3553 3.0745, -0.6027 0.3585 3.0407, -0.6469 0.3423 3.0407, -0.652 0.3369 3.0745, -0.6533 0.3399 3.0407, -0.7007 0.3143 3.0407, -0.6989 0.3115 3.0745, -0.7126 0.3054 3.0407, -0.7418 0.2795 3.0745, -0.7439 0.282 3.0407, -0.7697 0.2563 3.0407, -0.7795 0.2418 3.0745, -0.782 0.2439 3.0407, -0.8143 0.2007 3.0407, -0.8115 0.1989 3.0745, -0.8162 0.1971 3.0407, -0.8369 0.152 3.0745, -0.8399 0.1533 3.0407, -0.8488 0.1292 3.0407, -0.8553 0.1018 3.0745, -0.8585 0.1027 3.0407, -0.8682 0.0564 3.0407, -0.8662 0.0495 3.0745, -0.8695 0.05 3.0407, -0.8729 -0.0038 3.0407, -0.8696 -0.0038 3.0745, -0.8716 -0.0188 3.0407, -0.8651 -0.057 3.0745, -0.8684 -0.0575 3.0407, -0.8602 -0.0933 3.0407, -0.8531 -0.1091 3.0745, -0.8134 -0.2021 3.0407, -0.8346 -0.1641 3.0407, -0.8367 -0.1603 3.0407, -0.8563 -0.1101 3.0407, -0.8437 -0.1062 3.1069, -0.8554 -0.0555 3.1069, -0.8597 -0.0037 3.1069, -0.8565 0.0482 3.1069, -0.8458 0.0991 3.1069, -0.8279 0.1479 3.1069, -0.8032 0.1936 3.1069, -0.7721 0.2353 3.1069, -0.7353 0.2721 3.1069, -0.6936 0.3032 3.1069, -0.6479 0.3279 3.1069, -0.5991 0.3458 3.1069, -0.5482 0.3565 3.1069, -0.4963 0.3597 3.1069, -0.4445 0.3554 3.1069, -0.3938 0.3437 3.1069, -0.8284 -0.1015 3.1368, -0.8396 -0.053 3.1368, -0.8437 -0.0035 3.1368, -0.8407 0.0461 3.1368, -0.8305 0.0947 3.1368, -0.8134 0.1413 3.1368, -0.7897 0.185 3.1368, -0.76 0.2249 3.1368, -0.7249 0.26 3.1368, -0.685 0.2897 3.1368, -0.6413 0.3134 3.1368, -0.5947 0.3305 3.1368, -0.5461 0.3407 3.1368, -0.4965 0.3437 3.1368, -0.447 0.3396 3.1368, -0.3985 0.3284 3.1368, -0.8079 -0.0951 3.163, -0.8184 -0.0497 3.163, -0.8222 -0.0033 3.163, -0.8194 0.0432 3.163, -0.8098 0.0888 3.163, -0.7938 0.1325 3.163, -0.7716 0.1735 3.163, -0.7437 0.2108 3.163, -0.7108 0.2437 3.163, -0.6735 0.2716 3.163, -0.6325 0.2938 3.163, -0.5888 0.3098 3.163, -0.5432 0.3194 3.163, -0.4967 0.3222 3.163, -0.4503 0.3184 3.163, -0.4049 0.3079 3.163, -0.3615 0.291 3.163, -0.3349 0.2764 3.1627, -0.7829 -0.0874 3.1845, -0.7925 -0.0457 3.1845, -0.7961 -0.003 3.1845, -0.7934 0.0397 3.1845, -0.7846 0.0816 3.1845, -0.7699 0.1217 3.1845, -0.7495 0.1594 3.1845, -0.7239 0.1937 3.1845, -0.6937 0.2239 3.1845, -0.6594 0.2495 3.1845, -0.6217 0.2699 3.1845, -0.5816 0.2846 3.1845, -0.5397 0.2934 3.1845, -0.497 0.2961 3.1845, -0.4543 0.2925 3.1845, -0.4126 0.2829 3.1845, -0.763 -0.0411 3.2004, -0.7662 -0.0027 3.2004, -0.7638 0.0357 3.2004, -0.7559 0.0733 3.2004, -0.7426 0.1094 3.2004, -0.7243 0.1433 3.2004, -0.7013 0.1741 3.2004, -0.6741 0.2013 3.2004, -0.6433 0.2243 3.2004, -0.6094 0.2426 3.2004, -0.5733 0.2559 3.2004, -0.5357 0.2638 3.2004, -0.4973 0.2662 3.2004, -0.4589 0.263 3.2004, -0.4214 0.2543 3.2004, -0.731 -0.0361 3.2103, -0.7337 -0.0024 3.2103, -0.7317 0.0313 3.2103, -0.7247 0.0644 3.2103, -0.7131 0.0961 3.2103, -0.697 0.1258 3.2103, -0.6768 0.1529 3.2103, -0.6529 0.1768 3.2103, -0.6258 0.197 3.2103, -0.5961 0.2131 3.2103, -0.5644 0.2247 3.2103, -0.5313 0.2317 3.2103, -0.4976 0.2337 3.2103, -0.4639 0.231 3.2103, -0.3961 0.2153 3.2091, -0.185 0.6 1.4979, -0.0866 0.6 1.7283, -0.185 0.6 0.4881, -0.0866 0.6 0.3503, -0.815 0.6 0.4881, -0.9134 0.6 0.3503, -0.815 0.6 1.4979, -0.9134 0.6 1.7283, -0.815 -0.5811 0.4881, -0.9134 -0.5811 0.3503, -0.185 -0.5811 0.4881, -0.0866 -0.5811 0.3503, -0.185 -0.5811 1.4979, -0.0866 -0.5811 1.7283, -0.815 -0.5811 1.4979, -0.9134 -0.5811 1.7283, -0.3034 -0.1135 1.7283, -0.3395 -0.1605 1.7283, -0.3865 -0.1966 1.7283, -0.6135 -0.1966 1.7283, -0.6605 -0.1605 1.7283, -0.6966 -0.1135 1.7283, -0.4412 -0.2193 1.7283, -0.5 -0.227 1.7283, -0.5588 -0.2193 1.7283, -0.6966 0.1135 1.7283, -0.6605 0.1605 1.7283, -0.6135 0.1966 1.7283, -0.7193 -0.0588 1.7283, -0.727 0.0 1.7283, -0.7193 0.0588 1.7283, -0.5588 0.2193 1.7283, -0.5 0.227 1.7283, -0.4412 0.2193 1.7283, -0.3865 0.1966 1.7283, -0.3395 0.1605 1.7283, -0.3034 0.1135 1.7283, -0.2807 0.0588 1.7283, -0.273 0.0 1.7283, -0.2807 -0.0588 1.7283, -0.5264 0.2255 1.8322, -0.5776 0.2133 1.8322, -0.5584 0.2179 1.8322, -0.6247 0.1897 1.8322, -0.613 0.1956 1.8322, -0.6651 0.1558 1.8322, -0.6601 0.16 1.8322, -0.7175 0.0651 1.8322, -0.6966 0.1135 1.8322, -0.7266 0.0132 1.8322, -0.7186 0.0586 1.8322, -0.7236 -0.0394 1.8322, -0.7259 0.0001 1.8322, -0.7084 -0.0899 1.8322, -0.7179 -0.0583 1.8322, -0.6821 -0.1356 1.8322, -0.6953 -0.1127 1.8322, -0.6459 -0.1739 1.8322, -0.6595 -0.1595 1.8322, -0.6019 -0.2029 1.8322, -0.6129 -0.1956 1.8322, -0.5524 -0.2209 1.8322, -0.5585 -0.2186 1.8322, -0.4476 -0.2209 1.8322, -0.5 -0.227 1.8322, -0.3981 -0.2029 1.8322, -0.4415 -0.2186 1.8322, -0.3541 -0.1739 1.8322, -0.3871 -0.1956 1.8322, -0.3179 -0.1356 1.8322, -0.3405 -0.1595 1.8322, -0.2916 -0.0899 1.8322, -0.3047 -0.1127 1.8322, -0.2764 -0.0394 1.8322, -0.2821 -0.0583 1.8322, -0.2734 0.0132 1.8322, -0.2741 0.0001 1.8322, -0.2825 0.0651 1.8322, -0.2814 0.0586 1.8322, -0.3349 0.1558 1.8322, -0.3034 0.1135 1.8322, -0.3753 0.1897 1.8322, -0.3399 0.16 1.8322, -0.4224 0.2133 1.8322, -0.387 0.1956 1.8322, -0.5 0.227 1.8322, -0.4736 0.2255 1.8322, -0.4416 0.2179 1.8322, -0.3 0.0021 3.2136, -0.559 -0.1911 3.2136, -0.3018 -0.0268 3.2136, -0.3077 -0.0551 3.2136, -0.3143 0.0744 3.2136, -0.5744 -0.1857 3.2136, -0.3089 0.059 3.2136, -0.3024 0.0309 3.2136, -0.5309 -0.1976 3.2136, -0.5021 -0.2 3.2136, -0.4732 -0.1982 3.2136, -0.4449 -0.1923 3.2136, -0.4178 -0.1823 3.2136, -0.3923 -0.1686 3.2136, -0.3691 -0.1513 3.2136, -0.3487 -0.1309 3.2136, -0.3177 -0.0822 3.2136, -0.3314 -0.1077 3.2136, -0.2983 0.0904 3.2123, -0.702 -0.3134 3.0445, -0.7021 -0.3134 3.0407, -0.6806 -0.3254 3.0407, -0.7005 -0.3119 3.0677, -0.6588 -0.3337 3.0745, -0.6994 -0.3108 3.0744, -0.6923 -0.3037 3.1068, -0.694 -0.3054 3.1017, -0.6546 -0.3248 3.1069, -0.6968 -0.3081 3.0904, -0.6716 -0.283 3.1536, -0.678 -0.2894 3.1425, -0.6477 -0.3104 3.1368, -0.6807 -0.2921 3.1366, -0.687 -0.2984 3.1228, -0.6272 -0.2673 3.1845, -0.6464 -0.2577 3.1842, -0.6598 -0.2712 3.17, -0.6203 -0.2317 3.2025, -0.624 -0.2354 3.2002, -0.6144 -0.2403 3.2004, -0.6358 -0.2472 3.1929, -0.569 -0.2233 3.2103, -0.5999 -0.2113 3.2101, -0.6013 -0.2126 3.2098, -0.5919 -0.2032 3.2121, -0.2871 0.1015 3.2095, -0.2888 0.0998 3.2099, -0.2767 0.069 3.2103, -0.2579 0.1307 3.1964, -0.2647 0.124 3.2001, -0.2597 0.1144 3.2004, -0.2739 0.1148 3.2051, -0.281 0.1077 3.2079, -0.2457 0.0786 3.2004, -0.237 0.1516 3.1792, -0.243 0.1457 3.1849, -0.2327 0.1273 3.1845, -0.2128 0.1758 3.1466, -0.2234 0.1652 3.1629, -0.209 0.1385 3.163, -0.2242 0.1645 3.1641, -0.1999 0.1887 3.1183, -0.2078 0.1809 3.1367, -0.1896 0.1477 3.1368, -0.2085 0.1802 3.1383, -0.1934 0.1953 3.0968, -0.1964 0.1923 3.1067, -0.1752 0.1546 3.1069, -0.1893 0.1994 3.0744, -0.1911 0.1975 3.0868, -0.1663 0.1588 3.0745, -0.6603 -0.3367 3.0407, -0.6116 -0.3557 3.0407, -0.6091 -0.3531 3.0745, -0.6101 -0.3563 3.0407, -0.5575 -0.3684 3.0407, -0.557 -0.3651 3.0745, -0.5376 -0.3701 3.0407, -0.5038 -0.3696 3.0745, -0.5038 -0.3729 3.0407, -0.4623 -0.3703 3.0407, -0.4505 -0.3662 3.0745, -0.45 -0.3695 3.0407, -0.3973 -0.3585 3.0407, -0.3982 -0.3553 3.0745, -0.3886 -0.3553 3.0407, -0.348 -0.3369 3.0745, -0.3467 -0.3399 3.0407, -0.3011 -0.3115 3.0745, -0.3195 -0.3252 3.0407, -0.2993 -0.3143 3.0407, -0.2572 -0.2829 3.0407, -0.2582 -0.2795 3.0745, -0.2561 -0.282 3.0407, -0.218 -0.2439 3.0407, -0.2205 -0.2418 3.0745, -0.2059 -0.2277 3.0407, -0.1885 -0.1989 3.0745, -0.1857 -0.2007 3.0407, -0.1658 -0.1639 3.0407, -0.1631 -0.152 3.0745, -0.1601 -0.1533 3.0407, -0.1415 -0.1027 3.0407, -0.1447 -0.1018 3.0745, -0.1396 -0.0933 3.0407, -0.1338 -0.0495 3.0745, -0.1305 -0.05 3.0407, -0.1304 0.0038 3.0745, -0.1285 -0.0188 3.0407, -0.1271 0.0038 3.0407, -0.1315 0.0565 3.0407, -0.1349 0.057 3.0745, -0.1866 0.2021 3.0407, -0.1877 0.2009 3.0641, -0.1838 0.1971 3.0407, -0.1633 0.1603 3.0407, -0.1512 0.1292 3.0407, -0.1469 0.1091 3.0745, -0.1437 0.1101 3.0407, -0.1316 0.0575 3.0407, -0.1563 0.1062 3.1069, -0.1446 0.0555 3.1069, -0.1403 0.0037 3.1069, -0.1435 -0.0482 3.1069, -0.1542 -0.0991 3.1069, -0.1721 -0.1479 3.1069, -0.1968 -0.1936 3.1069, -0.2279 -0.2353 3.1069, -0.2647 -0.2721 3.1069, -0.3064 -0.3032 3.1069, -0.3521 -0.3279 3.1069, -0.4009 -0.3458 3.1069, -0.4518 -0.3565 3.1069, -0.5037 -0.3597 3.1069, -0.5555 -0.3554 3.1069, -0.6062 -0.3437 3.1069, -0.1716 0.1015 3.1368, -0.1604 0.053 3.1368, -0.1563 0.0035 3.1368, -0.1593 -0.0461 3.1368, -0.1695 -0.0947 3.1368, -0.1866 -0.1413 3.1368, -0.2103 -0.185 3.1368, -0.24 -0.2249 3.1368, -0.2751 -0.26 3.1368, -0.315 -0.2897 3.1368, -0.3587 -0.3134 3.1368, -0.4053 -0.3305 3.1368, -0.4539 -0.3407 3.1368, -0.5035 -0.3437 3.1368, -0.553 -0.3396 3.1368, -0.6015 -0.3284 3.1368, -0.1921 0.0951 3.163, -0.1816 0.0497 3.163, -0.1778 0.0033 3.163, -0.1806 -0.0432 3.163, -0.1902 -0.0888 3.163, -0.2062 -0.1325 3.163, -0.2284 -0.1735 3.163, -0.2563 -0.2108 3.163, -0.2892 -0.2437 3.163, -0.3265 -0.2716 3.163, -0.3675 -0.2938 3.163, -0.4112 -0.3098 3.163, -0.4568 -0.3194 3.163, -0.5033 -0.3222 3.163, -0.5497 -0.3184 3.163, -0.5951 -0.3079 3.163, -0.6385 -0.291 3.163, -0.6651 -0.2764 3.1627, -0.2171 0.0874 3.1845, -0.2075 0.0457 3.1845, -0.2039 0.003 3.1845, -0.2066 -0.0397 3.1845, -0.2154 -0.0816 3.1845, -0.2301 -0.1217 3.1845, -0.2505 -0.1594 3.1845, -0.2761 -0.1937 3.1845, -0.3063 -0.2239 3.1845, -0.3406 -0.2495 3.1845, -0.3783 -0.2699 3.1845, -0.4184 -0.2846 3.1845, -0.4603 -0.2934 3.1845, -0.503 -0.2961 3.1845, -0.5457 -0.2925 3.1845, -0.5874 -0.2829 3.1845, -0.237 0.0411 3.2004, -0.2338 0.0027 3.2004, -0.2362 -0.0357 3.2004, -0.2441 -0.0733 3.2004, -0.2574 -0.1094 3.2004, -0.2757 -0.1433 3.2004, -0.2987 -0.1741 3.2004, -0.3259 -0.2013 3.2004, -0.3567 -0.2243 3.2004, -0.3906 -0.2426 3.2004, -0.4267 -0.2559 3.2004, -0.4643 -0.2638 3.2004, -0.5027 -0.2662 3.2004, -0.5411 -0.263 3.2004, -0.5786 -0.2543 3.2004, -0.269 0.0361 3.2103, -0.2663 0.0024 3.2103, -0.2683 -0.0313 3.2103, -0.2753 -0.0644 3.2103, -0.2869 -0.0961 3.2103, -0.303 -0.1258 3.2103, -0.3232 -0.1529 3.2103, -0.3471 -0.1768 3.2103, -0.3742 -0.197 3.2103, -0.4039 -0.2131 3.2103, -0.4356 -0.2247 3.2103, -0.4687 -0.2317 3.2103, -0.5024 -0.2337 3.2103, -0.5361 -0.231 3.2103, -0.6039 -0.2153 3.2091, -0.8134 -0.2021 3.0167, -0.8348 -0.1642 2.7398, -0.7949 -0.2282 3.0167, -0.7949 -0.2282 2.7398, -0.7429 -0.2829 2.7398, -0.681 -0.326 2.7398, -0.7021 -0.3134 3.0167, -0.7429 -0.2829 3.0167, -0.2297 0.2569 3.0167, -0.1866 0.2021 3.0167, -0.1835 0.1972 2.7398, -0.2297 0.2569 2.7398, -0.287 0.3061 2.7398, -0.287 0.3061 3.0167, -0.2979 0.3134 3.0167, -0.3529 0.3427 2.7398, -0.5 0.3729 2.7398, -0.5751 0.3653 2.7398, -0.6471 0.3427 2.7398, -0.713 0.3061 2.7398, -0.7703 0.2569 2.7398, -0.8165 0.1972 2.7398, -0.8497 0.1295 2.7398, -0.8686 0.0565 2.7398, -0.8724 -0.0189 2.7398, -0.861 -0.0935 2.7398, -0.6116 -0.3558 2.7398, -0.5377 -0.371 2.7398, -0.4623 -0.371 2.7398, -0.3884 -0.3558 2.7398, -0.319 -0.326 2.7398, -0.2571 -0.2829 2.7398, -0.2051 -0.2282 2.7398, -0.1652 -0.1642 2.7398, -0.139 -0.0935 2.7398, -0.1276 -0.0189 2.7398, -0.1314 0.0565 2.7398, -0.1503 0.1295 2.7398, -0.4249 0.3653 2.7398, -0.6602 -0.2436 2.7398, -0.7121 -0.2001 2.7398, -0.7525 -0.1458 2.7398, -0.7793 -0.0836 2.7398, -0.7911 -0.017 2.7398, -0.7871 0.0506 2.7398, -0.7677 0.1155 2.7398, -0.7339 0.1741 2.7398, -0.6874 0.2233 2.7398, -0.6308 0.2605 2.7398, -0.5672 0.2837 2.7398, -0.5 0.2915 2.7398, -0.4328 0.2837 2.7398, -0.3692 0.2605 2.7398, -0.3126 0.2233 2.7398, -0.2661 0.1741 2.7398, -0.2323 0.1155 2.7398, -0.2129 0.0506 2.7398, -0.2089 -0.017 2.7398, -0.2207 -0.0836 2.7398, -0.2475 -0.1458 2.7398, -0.2879 -0.2001 2.7398, -0.3398 -0.2436 2.7398, -0.4003 -0.274 2.7398, -0.4662 -0.2896 2.7398, -0.5338 -0.2896 2.7398, -0.5997 -0.274 2.7398, -0.5338 0.2896 1.8968, -0.5668 0.2818 1.8968, -0.5997 0.274 1.8968, -0.63 0.2588 1.8968, -0.6602 0.2436 1.8968, -0.6861 0.2218 1.8968, -0.7121 0.2001 1.8968, -0.7323 0.1729 1.8968, -0.7525 0.1458 1.8968, -0.7659 0.1147 1.8968, -0.7793 0.0836 1.8968, -0.7852 0.0503 1.8968, -0.7911 0.017 1.8968, -0.7891 -0.0168 1.8968, -0.7871 -0.0506 1.8968, -0.7774 -0.0831 1.8968, -0.7677 -0.1155 1.8968, -0.7508 -0.1448 1.8968, -0.7339 -0.1741 1.8968, -0.7106 -0.1987 1.8968, -0.6874 -0.2233 1.8968, -0.6591 -0.2419 1.8968, -0.6308 -0.2605 1.8968, -0.599 -0.2721 1.8968, -0.5672 -0.2837 1.8968, -0.5336 -0.2876 1.8968, -0.5 -0.2915 1.8968, -0.4664 -0.2876 1.8968, -0.4328 -0.2837 1.8968, -0.401 -0.2721 1.8968, -0.3692 -0.2605 1.8968, -0.3409 -0.2419 1.8968, -0.3126 -0.2233 1.8968, -0.2894 -0.1987 1.8968, -0.2661 -0.1741 1.8968, -0.2492 -0.1448 1.8968, -0.2323 -0.1155 1.8968, -0.2226 -0.0831 1.8968, -0.2129 -0.0506 1.8968, -0.2109 -0.0168 1.8968, -0.2089 0.017 1.8968, -0.2148 0.0503 1.8968, -0.2207 0.0836 1.8968, -0.2341 0.1147 1.8968, -0.2475 0.1458 1.8968, -0.2677 0.1729 1.8968, -0.2879 0.2001 1.8968, -0.3139 0.2218 1.8968, -0.3398 0.2436 1.8968, -0.37 0.2588 1.8968, -0.4003 0.274 1.8968, -0.4332 0.2818 1.8968, -0.4662 0.2896 1.8968, -0.5 0.2915 1.8968, -1.6857 -0.0744 3.2136, -1.4256 0.1857 3.2136, -1.441 0.1911 3.2136, -1.7 -0.0021 3.2136, -1.6976 -0.0309 3.2136, -1.6911 -0.059 3.2136, -1.4691 0.1976 3.2136, -1.4979 0.2 3.2136, -1.5822 0.1823 3.2136, -1.5268 0.1982 3.2136, -1.5551 0.1923 3.2136, -1.6077 0.1686 3.2136, -1.6309 0.1513 3.2136, -1.6823 0.0822 3.2136, -1.6923 0.0551 3.2136, -1.6982 0.0268 3.2136, -1.6513 0.1309 3.2136, -1.6686 0.1077 3.2136, -1.7017 -0.0904 3.2123, -1.298 0.3134 3.0445, -1.2979 0.3134 3.0407, -1.3397 0.3367 3.0407, -1.2995 0.3119 3.0677, -1.3412 0.3337 3.0745, -1.3006 0.3108 3.0744, -1.3077 0.3037 3.1068, -1.306 0.3054 3.1017, -1.3454 0.3248 3.1069, -1.3032 0.3081 3.0904, -1.3284 0.283 3.1536, -1.322 0.2894 3.1425, -1.3523 0.3104 3.1368, -1.3193 0.2921 3.1366, -1.313 0.2984 3.1228, -1.3727 0.2673 3.1845, -1.3536 0.2577 3.1842, -1.3402 0.2712 3.17, -1.3797 0.2317 3.2025, -1.376 0.2354 3.2002, -1.3856 0.2403 3.2004, -1.3642 0.2472 3.1929, -1.431 0.2233 3.2103, -1.4001 0.2113 3.2101, -1.3987 0.2126 3.2098, -1.4081 0.2032 3.2121, -1.7129 -0.1015 3.2095, -1.7112 -0.0998 3.2099, -1.7233 -0.069 3.2103, -1.7421 -0.1307 3.1964, -1.7353 -0.124 3.2001, -1.7403 -0.1144 3.2004, -1.7261 -0.1148 3.2051, -1.719 -0.1077 3.2079, -1.7543 -0.0786 3.2004, -1.763 -0.1516 3.1792, -1.757 -0.1457 3.1849, -1.7673 -0.1273 3.1845, -1.7872 -0.1758 3.1466, -1.7766 -0.1652 3.1629, -1.791 -0.1385 3.163, -1.7758 -0.1645 3.1641, -1.8001 -0.1887 3.1183, -1.7922 -0.1809 3.1367, -1.8104 -0.1477 3.1368, -1.7915 -0.1802 3.1383, -1.8066 -0.1953 3.0968, -1.8036 -0.1923 3.1067, -1.8248 -0.1546 3.1069, -1.8123 -0.2009 3.0641, -1.8107 -0.1994 3.0744, -1.8337 -0.1588 3.0745, -1.8089 -0.1975 3.0868, -1.3532 0.342 3.0407, -1.3909 0.3531 3.0745, -1.3899 0.3563 3.0407, -1.4251 0.3644 3.0407, -1.443 0.3651 3.0745, -1.4425 0.3684 3.0407, -1.4962 0.3729 3.0407, -1.4962 0.3696 3.0745, -1.5 0.3726 3.0407, -1.5495 0.3662 3.0745, -1.55 0.3695 3.0407, -1.5749 0.3643 3.0407, -1.6018 0.3553 3.0745, -1.6027 0.3585 3.0407, -1.6469 0.3423 3.0407, -1.652 0.3369 3.0745, -1.6533 0.3399 3.0407, -1.7007 0.3143 3.0407, -1.6989 0.3115 3.0745, -1.7126 0.3054 3.0407, -1.7418 0.2795 3.0745, -1.7439 0.282 3.0407, -1.7697 0.2563 3.0407, -1.7795 0.2418 3.0745, -1.782 0.2439 3.0407, -1.8143 0.2007 3.0407, -1.8115 0.1989 3.0745, -1.8162 0.1971 3.0407, -1.8369 0.152 3.0745, -1.8399 0.1533 3.0407, -1.8488 0.1292 3.0407, -1.8553 0.1018 3.0745, -1.8585 0.1027 3.0407, -1.8682 0.0564 3.0407, -1.8662 0.0495 3.0745, -1.8695 0.05 3.0407, -1.8729 -0.0038 3.0407, -1.8696 -0.0038 3.0745, -1.8716 -0.0188 3.0407, -1.8651 -0.057 3.0745, -1.8684 -0.0575 3.0407, -1.8602 -0.0933 3.0407, -1.8531 -0.1091 3.0745, -1.8134 -0.2021 3.0407, -1.8346 -0.1641 3.0407, -1.8367 -0.1603 3.0407, -1.8563 -0.1101 3.0407, -1.8437 -0.1062 3.1069, -1.8554 -0.0555 3.1069, -1.8597 -0.0037 3.1069, -1.8565 0.0482 3.1069, -1.8458 0.0991 3.1069, -1.8279 0.1479 3.1069, -1.8032 0.1936 3.1069, -1.7721 0.2353 3.1069, -1.7353 0.2721 3.1069, -1.6936 0.3032 3.1069, -1.6479 0.3279 3.1069, -1.5991 0.3458 3.1069, -1.5482 0.3565 3.1069, -1.4963 0.3597 3.1069, -1.4445 0.3554 3.1069, -1.3938 0.3437 3.1069, -1.8284 -0.1015 3.1368, -1.8396 -0.053 3.1368, -1.8437 -0.0035 3.1368, -1.8407 0.0461 3.1368, -1.8305 0.0947 3.1368, -1.8134 0.1413 3.1368, -1.7897 0.185 3.1368, -1.76 0.2249 3.1368, -1.7249 0.26 3.1368, -1.685 0.2897 3.1368, -1.6413 0.3134 3.1368, -1.5947 0.3305 3.1368, -1.5461 0.3407 3.1368, -1.4965 0.3437 3.1368, -1.447 0.3396 3.1368, -1.3985 0.3284 3.1368, -1.8079 -0.0951 3.163, -1.8184 -0.0497 3.163, -1.8222 -0.0033 3.163, -1.8194 0.0432 3.163, -1.8098 0.0888 3.163, -1.7938 0.1325 3.163, -1.7716 0.1735 3.163, -1.7437 0.2108 3.163, -1.7108 0.2437 3.163, -1.6735 0.2716 3.163, -1.6325 0.2938 3.163, -1.5888 0.3098 3.163, -1.5432 0.3194 3.163, -1.4967 0.3222 3.163, -1.4503 0.3184 3.163, -1.4049 0.3079 3.163, -1.3615 0.291 3.163, -1.3349 0.2764 3.1627, -1.7829 -0.0874 3.1845, -1.7925 -0.0457 3.1845, -1.7961 -0.003 3.1845, -1.7934 0.0397 3.1845, -1.7846 0.0816 3.1845, -1.7699 0.1217 3.1845, -1.7495 0.1594 3.1845, -1.7239 0.1937 3.1845, -1.6937 0.2239 3.1845, -1.6594 0.2495 3.1845, -1.6217 0.2699 3.1845, -1.5816 0.2846 3.1845, -1.5397 0.2934 3.1845, -1.497 0.2961 3.1845, -1.4543 0.2925 3.1845, -1.4126 0.2829 3.1845, -1.763 -0.0411 3.2004, -1.7662 -0.0027 3.2004, -1.7638 0.0357 3.2004, -1.7559 0.0733 3.2004, -1.7426 0.1094 3.2004, -1.7243 0.1433 3.2004, -1.7013 0.1741 3.2004, -1.6741 0.2013 3.2004, -1.6433 0.2243 3.2004, -1.6094 0.2426 3.2004, -1.5733 0.2559 3.2004, -1.5357 0.2638 3.2004, -1.4973 0.2662 3.2004, -1.4589 0.263 3.2004, -1.4214 0.2543 3.2004, -1.731 -0.0361 3.2103, -1.7337 -0.0024 3.2103, -1.7317 0.0313 3.2103, -1.7247 0.0644 3.2103, -1.7131 0.0961 3.2103, -1.697 0.1258 3.2103, -1.6768 0.1529 3.2103, -1.6529 0.1768 3.2103, -1.6258 0.197 3.2103, -1.5961 0.2131 3.2103, -1.5644 0.2247 3.2103, -1.5313 0.2317 3.2103, -1.4976 0.2337 3.2103, -1.4639 0.231 3.2103, -1.3961 0.2153 3.2091, -1.185 0.6 1.4979, -1.0866 0.6 1.7283, -1.185 0.6 0.4881, -1.0866 0.6 0.3503, -1.815 0.6 0.4881, -1.9134 0.6 0.3503, -1.815 0.6 1.4979, -1.9134 0.6 1.7283, -1.815 -0.5811 0.4881, -1.9134 -0.5811 0.3503, -1.185 -0.5811 0.4881, -1.0866 -0.5811 0.3503, -1.185 -0.5811 1.4979, -1.0866 -0.5811 1.7283, -1.815 -0.5811 1.4979, -1.9134 -0.5811 1.7283, -1.6605 -0.1605 1.7283, -1.6966 -0.1135 1.7283, -1.6966 0.1135 1.7283, -1.6605 0.1605 1.7283, -1.6135 0.1966 1.7283, -1.3395 -0.1605 1.7283, -1.3865 -0.1966 1.7283, -1.6135 -0.1966 1.7283, -1.7193 -0.0588 1.7283, -1.727 0.0 1.7283, -1.7193 0.0588 1.7283, -1.3034 -0.1135 1.7283, -1.4412 -0.2193 1.7283, -1.5 -0.227 1.7283, -1.5588 -0.2193 1.7283, -1.5588 0.2193 1.7283, -1.5 0.227 1.7283, -1.4412 0.2193 1.7283, -1.3865 0.1966 1.7283, -1.3395 0.1605 1.7283, -1.3034 0.1135 1.7283, -1.2807 0.0588 1.7283, -1.273 0.0 1.7283, -1.2807 -0.0588 1.7283, -1.5264 0.2255 1.8322, -1.5776 0.2133 1.8322, -1.5584 0.2179 1.8322, -1.6247 0.1897 1.8322, -1.613 0.1956 1.8322, -1.6651 0.1558 1.8322, -1.6601 0.16 1.8322, -1.7175 0.0651 1.8322, -1.6966 0.1135 1.8322, -1.7266 0.0132 1.8322, -1.7186 0.0586 1.8322, -1.7236 -0.0394 1.8322, -1.7259 0.0001 1.8322, -1.7085 -0.0899 1.8322, -1.7179 -0.0583 1.8322, -1.6821 -0.1356 1.8322, -1.6953 -0.1127 1.8322, -1.6459 -0.1739 1.8322, -1.6595 -0.1595 1.8322, -1.6019 -0.2029 1.8322, -1.6129 -0.1956 1.8322, -1.5524 -0.2209 1.8322, -1.5585 -0.2186 1.8322, -1.4476 -0.2209 1.8322, -1.5 -0.227 1.8322, -1.3981 -0.2029 1.8322, -1.4415 -0.2186 1.8322, -1.3541 -0.1739 1.8322, -1.3871 -0.1956 1.8322, -1.3179 -0.1356 1.8322, -1.3405 -0.1595 1.8322, -1.2915 -0.0899 1.8322, -1.3047 -0.1127 1.8322, -1.2764 -0.0394 1.8322, -1.2821 -0.0583 1.8322, -1.2734 0.0132 1.8322, -1.2741 0.0001 1.8322, -1.2825 0.0651 1.8322, -1.2814 0.0586 1.8322, -1.3349 0.1558 1.8322, -1.3034 0.1135 1.8322, -1.3753 0.1897 1.8322, -1.3399 0.16 1.8322, -1.4224 0.2133 1.8322, -1.387 0.1956 1.8322, -1.5 0.227 1.8322, -1.4736 0.2255 1.8322, -1.4416 0.2179 1.8322, -1.3018 -0.0268 3.2136, -1.3 0.0021 3.2136, -1.559 -0.1911 3.2136, -1.3487 -0.1309 3.2136, -1.3314 -0.1077 3.2136, -1.3143 0.0744 3.2136, -1.5744 -0.1857 3.2136, -1.3089 0.059 3.2136, -1.3024 0.0309 3.2136, -1.3177 -0.0822 3.2136, -1.3077 -0.0551 3.2136, -1.3691 -0.1513 3.2136, -1.5309 -0.1976 3.2136, -1.5021 -0.2 3.2136, -1.4178 -0.1823 3.2136, -1.3923 -0.1686 3.2136, -1.4449 -0.1923 3.2136, -1.4732 -0.1982 3.2136, -1.2983 0.0904 3.2123, -1.702 -0.3134 3.0445, -1.7021 -0.3134 3.0407, -1.6806 -0.3254 3.0407, -1.7005 -0.3119 3.0677, -1.6588 -0.3337 3.0745, -1.6994 -0.3108 3.0744, -1.6923 -0.3037 3.1068, -1.694 -0.3054 3.1017, -1.6546 -0.3248 3.1069, -1.6968 -0.3081 3.0904, -1.6716 -0.283 3.1536, -1.678 -0.2894 3.1425, -1.6477 -0.3104 3.1368, -1.6807 -0.2921 3.1366, -1.687 -0.2984 3.1228, -1.6272 -0.2673 3.1845, -1.6464 -0.2577 3.1842, -1.6598 -0.2712 3.17, -1.6203 -0.2317 3.2025, -1.624 -0.2354 3.2002, -1.6144 -0.2403 3.2004, -1.6358 -0.2472 3.1929, -1.569 -0.2233 3.2103, -1.5999 -0.2113 3.2101, -1.6013 -0.2126 3.2098, -1.5919 -0.2032 3.2121, -1.2871 0.1015 3.2095, -1.2888 0.0998 3.2099, -1.2767 0.069 3.2103, -1.2579 0.1307 3.1964, -1.2647 0.124 3.2001, -1.2597 0.1144 3.2004, -1.2739 0.1148 3.2051, -1.281 0.1077 3.2079, -1.2457 0.0786 3.2004, -1.237 0.1516 3.1792, -1.243 0.1457 3.1849, -1.2327 0.1273 3.1845, -1.2128 0.1758 3.1466, -1.2234 0.1652 3.1629, -1.209 0.1385 3.163, -1.2242 0.1645 3.1641, -1.1999 0.1887 3.1183, -1.2078 0.1809 3.1367, -1.1896 0.1477 3.1368, -1.2085 0.1802 3.1383, -1.1934 0.1953 3.0968, -1.1964 0.1923 3.1067, -1.1752 0.1546 3.1069, -1.1893 0.1994 3.0744, -1.1911 0.1975 3.0868, -1.1663 0.1588 3.0745, -1.6603 -0.3367 3.0407, -1.6116 -0.3557 3.0407, -1.6091 -0.3531 3.0745, -1.6101 -0.3563 3.0407, -1.5575 -0.3684 3.0407, -1.557 -0.3651 3.0745, -1.5376 -0.3701 3.0407, -1.5038 -0.3696 3.0745, -1.5038 -0.3729 3.0407, -1.4623 -0.3703 3.0407, -1.4505 -0.3662 3.0745, -1.45 -0.3695 3.0407, -1.3973 -0.3585 3.0407, -1.3982 -0.3553 3.0745, -1.3886 -0.3553 3.0407, -1.348 -0.3369 3.0745, -1.3467 -0.3399 3.0407, -1.3011 -0.3115 3.0745, -1.3195 -0.3252 3.0407, -1.2993 -0.3143 3.0407, -1.2572 -0.2829 3.0407, -1.2582 -0.2795 3.0745, -1.2561 -0.282 3.0407, -1.218 -0.2439 3.0407, -1.2205 -0.2418 3.0745, -1.2059 -0.2277 3.0407, -1.1885 -0.1989 3.0745, -1.1857 -0.2007 3.0407, -1.1658 -0.1639 3.0407, -1.1631 -0.152 3.0745, -1.1601 -0.1533 3.0407, -1.1415 -0.1027 3.0407, -1.1447 -0.1018 3.0745, -1.1396 -0.0933 3.0407, -1.1338 -0.0495 3.0745, -1.1305 -0.05 3.0407, -1.1304 0.0038 3.0745, -1.1285 -0.0188 3.0407, -1.1271 0.0038 3.0407, -1.1315 0.0565 3.0407, -1.1349 0.057 3.0745, -1.1866 0.2021 3.0407, -1.1877 0.2009 3.0641, -1.1838 0.1971 3.0407, -1.1633 0.1603 3.0407, -1.1512 0.1292 3.0407, -1.1469 0.1091 3.0745, -1.1437 0.1101 3.0407, -1.1316 0.0575 3.0407, -1.1563 0.1062 3.1069, -1.1446 0.0555 3.1069, -1.1403 0.0037 3.1069, -1.1435 -0.0482 3.1069, -1.1542 -0.0991 3.1069, -1.1721 -0.1479 3.1069, -1.1968 -0.1936 3.1069, -1.2279 -0.2353 3.1069, -1.2647 -0.2721 3.1069, -1.3064 -0.3032 3.1069, -1.3521 -0.3279 3.1069, -1.4009 -0.3458 3.1069, -1.4518 -0.3565 3.1069, -1.5037 -0.3597 3.1069, -1.5555 -0.3554 3.1069, -1.6062 -0.3437 3.1069, -1.1716 0.1015 3.1368, -1.1604 0.053 3.1368, -1.1563 0.0035 3.1368, -1.1593 -0.0461 3.1368, -1.1695 -0.0947 3.1368, -1.1866 -0.1413 3.1368, -1.2103 -0.185 3.1368, -1.24 -0.2249 3.1368, -1.2751 -0.26 3.1368, -1.315 -0.2897 3.1368, -1.3587 -0.3134 3.1368, -1.4053 -0.3305 3.1368, -1.4539 -0.3407 3.1368, -1.5035 -0.3437 3.1368, -1.553 -0.3396 3.1368, -1.6015 -0.3284 3.1368, -1.1921 0.0951 3.163, -1.1816 0.0497 3.163, -1.1778 0.0033 3.163, -1.1806 -0.0432 3.163, -1.1902 -0.0888 3.163, -1.2062 -0.1325 3.163, -1.2284 -0.1735 3.163, -1.2563 -0.2108 3.163, -1.2892 -0.2437 3.163, -1.3265 -0.2716 3.163, -1.3675 -0.2938 3.163, -1.4112 -0.3098 3.163, -1.4568 -0.3194 3.163, -1.5033 -0.3222 3.163, -1.5497 -0.3184 3.163, -1.5951 -0.3079 3.163, -1.6385 -0.291 3.163, -1.6651 -0.2764 3.1627, -1.2171 0.0874 3.1845, -1.2075 0.0457 3.1845, -1.2039 0.003 3.1845, -1.2066 -0.0397 3.1845, -1.2154 -0.0816 3.1845, -1.2301 -0.1217 3.1845, -1.2505 -0.1594 3.1845, -1.2761 -0.1937 3.1845, -1.3063 -0.2239 3.1845, -1.3406 -0.2495 3.1845, -1.3783 -0.2699 3.1845, -1.4184 -0.2846 3.1845, -1.4603 -0.2934 3.1845, -1.503 -0.2961 3.1845, -1.5457 -0.2925 3.1845, -1.5874 -0.2829 3.1845, -1.237 0.0411 3.2004, -1.2338 0.0027 3.2004, -1.2362 -0.0357 3.2004, -1.2441 -0.0733 3.2004, -1.2574 -0.1094 3.2004, -1.2757 -0.1433 3.2004, -1.2987 -0.1741 3.2004, -1.3259 -0.2013 3.2004, -1.3567 -0.2243 3.2004, -1.3906 -0.2426 3.2004, -1.4267 -0.2559 3.2004, -1.4643 -0.2638 3.2004, -1.5027 -0.2662 3.2004, -1.5411 -0.263 3.2004, -1.5786 -0.2543 3.2004, -1.269 0.0361 3.2103, -1.2663 0.0024 3.2103, -1.2683 -0.0313 3.2103, -1.2753 -0.0644 3.2103, -1.2869 -0.0961 3.2103, -1.303 -0.1258 3.2103, -1.3232 -0.1529 3.2103, -1.3471 -0.1768 3.2103, -1.3742 -0.197 3.2103, -1.4039 -0.2131 3.2103, -1.4356 -0.2247 3.2103, -1.4687 -0.2317 3.2103, -1.5024 -0.2337 3.2103, -1.5361 -0.231 3.2103, -1.6039 -0.2153 3.2091, -1.8134 -0.2021 3.0167, -1.8348 -0.1642 2.7398, -1.7949 -0.2282 3.0167, -1.7949 -0.2282 2.7398, -1.7429 -0.2829 2.7398, -1.681 -0.326 2.7398, -1.7021 -0.3134 3.0167, -1.7429 -0.2829 3.0167, -1.2297 0.2569 3.0167, -1.1866 0.2021 3.0167, -1.1835 0.1972 2.7398, -1.2297 0.2569 2.7398, -1.287 0.3061 2.7398, -1.287 0.3061 3.0167, -1.2979 0.3134 3.0167, -1.3529 0.3427 2.7398, -1.5 0.3729 2.7398, -1.5751 0.3653 2.7398, -1.6471 0.3427 2.7398, -1.713 0.3061 2.7398, -1.7703 0.2569 2.7398, -1.8165 0.1972 2.7398, -1.8497 0.1295 2.7398, -1.8686 0.0565 2.7398, -1.8724 -0.0189 2.7398, -1.861 -0.0935 2.7398, -1.6116 -0.3558 2.7398, -1.5377 -0.371 2.7398, -1.4623 -0.371 2.7398, -1.3884 -0.3558 2.7398, -1.319 -0.326 2.7398, -1.2571 -0.2829 2.7398, -1.2051 -0.2282 2.7398, -1.1652 -0.1642 2.7398, -1.139 -0.0935 2.7398, -1.1276 -0.0189 2.7398, -1.1314 0.0565 2.7398, -1.1503 0.1295 2.7398, -1.4249 0.3653 2.7398, -1.6602 -0.2436 2.7398, -1.7121 -0.2001 2.7398, -1.7525 -0.1458 2.7398, -1.7793 -0.0836 2.7398, -1.7911 -0.017 2.7398, -1.7871 0.0506 2.7398, -1.7677 0.1155 2.7398, -1.7339 0.1741 2.7398, -1.6874 0.2233 2.7398, -1.6308 0.2605 2.7398, -1.5672 0.2837 2.7398, -1.5 0.2915 2.7398, -1.4328 0.2837 2.7398, -1.3692 0.2605 2.7398, -1.3126 0.2233 2.7398, -1.2661 0.1741 2.7398, -1.2323 0.1155 2.7398, -1.2129 0.0506 2.7398, -1.2089 -0.017 2.7398, -1.2207 -0.0836 2.7398, -1.2475 -0.1458 2.7398, -1.2879 -0.2001 2.7398, -1.3398 -0.2436 2.7398, -1.4003 -0.274 2.7398, -1.4662 -0.2896 2.7398, -1.5338 -0.2896 2.7398, -1.5997 -0.274 2.7398, -1.5338 0.2896 1.8968, -1.5668 0.2818 1.8968, -1.5997 0.274 1.8968, -1.63 0.2588 1.8968, -1.6602 0.2436 1.8968, -1.6861 0.2218 1.8968, -1.7121 0.2001 1.8968, -1.7323 0.1729 1.8968, -1.7525 0.1458 1.8968, -1.7659 0.1147 1.8968, -1.7793 0.0836 1.8968, -1.7852 0.0503 1.8968, -1.7911 0.017 1.8968, -1.7891 -0.0168 1.8968, -1.7871 -0.0506 1.8968, -1.7774 -0.0831 1.8968, -1.7677 -0.1155 1.8968, -1.7508 -0.1448 1.8968, -1.7339 -0.1741 1.8968, -1.7106 -0.1987 1.8968, -1.6874 -0.2233 1.8968, -1.6591 -0.2419 1.8968, -1.6308 -0.2605 1.8968, -1.599 -0.2721 1.8968, -1.5672 -0.2837 1.8968, -1.5336 -0.2876 1.8968, -1.5 -0.2915 1.8968, -1.4664 -0.2876 1.8968, -1.4328 -0.2837 1.8968, -1.401 -0.2721 1.8968, -1.3692 -0.2605 1.8968, -1.3409 -0.2419 1.8968, -1.3126 -0.2233 1.8968, -1.2894 -0.1987 1.8968, -1.2661 -0.1741 1.8968, -1.2492 -0.1448 1.8968, -1.2323 -0.1155 1.8968, -1.2226 -0.0831 1.8968, -1.2129 -0.0506 1.8968, -1.2109 -0.0168 1.8968, -1.2089 0.017 1.8968, -1.2148 0.0503 1.8968, -1.2207 0.0836 1.8968, -1.2341 0.1147 1.8968, -1.2475 0.1458 1.8968, -1.2677 0.1729 1.8968, -1.2879 0.2001 1.8968, -1.3139 0.2218 1.8968, -1.3398 0.2436 1.8968, -1.37 0.2588 1.8968, -1.4003 0.274 1.8968, -1.4332 0.2818 1.8968, -1.4662 0.2896 1.8968, -1.5 0.2915 1.8968, 0.2047 -0.4927 1.2871, 0.2047 -0.4533 1.2871, 0.7953 -0.4927 1.2871, 0.7953 -0.4533 1.2871, 0.2047 -0.2565 1.2871, 0.2047 -0.2171 1.2871, 0.7953 -0.2565 1.2871, 0.7953 -0.2171 1.2871, 0.2047 -0.0202 1.2871, 0.2047 0.0191 1.2871, 0.7953 -0.0202 1.2871, 0.7953 0.0191 1.2871, 0.2047 0.216 1.2871, 0.2047 0.2554 1.2871, 0.7953 0.216 1.2871, 0.7953 0.2554 1.2871, 0.2047 0.4522 1.2871, 0.2047 0.4916 1.2871, 0.7953 0.4522 1.2871, 0.7953 0.4916 1.2871, 0.2047 0.6884 1.2871, 0.2047 0.783 1.2871, 0.7953 0.6884 1.2871, 0.7953 0.783 1.2871, 0.4409 -0.0394 -1.378, 0.5591 -0.0394 -1.378, 0.3425 -0.0394 -0.9149, 0.6575 -0.0394 -0.9149, 0.3425 -0.0394 0.0, 0.6575 -0.0394 0.0, 0.4409 0.1575 -1.378, 0.5591 0.1575 -1.378, 0.3425 0.1575 0.0, 0.6575 0.1575 0.0, 0.3425 0.1575 -0.9149, 0.6575 0.1575 -0.9149, 0.6575 0.159 0.0115, 0.3425 0.159 0.0115, 0.6575 0.1634 0.0222, 0.3425 0.1634 0.0222, 0.6575 0.1705 0.0313, 0.3425 0.1705 0.0313, 0.6575 0.1796 0.0384, 0.3425 0.1796 0.0384, 0.6575 0.1903 0.0428, 0.3425 0.1903 0.0428, 0.6575 0.2018 0.0443, 0.3425 0.2018 0.0443, 0.6575 0.6452 0.0443, 0.3425 0.6452 0.0443, 0.7953 0.783 0.0443, 0.2047 0.783 0.0443, 0.2047 0.847 0.0527, 0.7953 0.847 0.0527, 0.2047 0.9066 0.0774, 0.7953 0.9066 0.0774, 0.2047 0.9578 0.1167, 0.7953 0.9578 0.1167, 0.2047 0.997 0.1679, 0.7953 0.997 0.1679, 0.2047 1.0217 0.2275, 0.7953 1.0217 0.2275, 0.2047 1.0302 0.2915, 0.7953 1.0302 0.2915, 0.2047 1.0302 1.2368, 0.3425 1.0302 1.1261, 0.3425 1.0302 0.8795, 0.6575 1.0302 1.1261, 0.7953 1.0302 1.2368, 0.6575 1.0302 0.8795, 0.2047 1.0217 1.3008, 0.7953 1.0217 1.3008, 0.2047 0.997 1.3604, 0.7953 0.997 1.3604, 0.2047 0.9578 1.4116, 0.7953 0.9578 1.4116, 0.2047 0.9066 1.4508, 0.7953 0.9066 1.4508, 0.2047 0.847 1.4755, 0.7953 0.847 1.4755, 0.2047 0.783 1.4839, 0.7953 0.783 1.4839, 0.7953 -0.8273 1.4839, 0.2047 -0.8273 1.4839, 0.7953 -0.8273 1.3855, 0.2047 -0.8273 1.3855, 0.2047 -0.7289 1.2871, 0.2047 -0.6895 1.2871, 0.7953 -0.7289 1.2871, 0.7953 -0.6895 1.2871, 0.7953 0.796 1.2854, 0.2047 0.796 1.2854, 0.7953 0.8082 1.2804, 0.2047 0.8082 1.2804, 0.7953 0.8186 1.2724, 0.2047 0.8186 1.2724, 0.7953 0.8266 1.2619, 0.2047 0.8266 1.2619, 0.7953 0.8316 1.2498, 0.2047 0.8316 1.2498, 0.7953 0.8333 1.2368, 0.2047 0.8333 1.2368, 0.7953 0.8333 0.2915, 0.2047 0.8333 0.2915, 0.7953 0.8316 0.2784, 0.2047 0.8316 0.2784, 0.7953 0.8266 0.2663, 0.2047 0.8266 0.2663, 0.7953 0.8186 0.2559, 0.2047 0.8186 0.2559, 0.7953 0.8082 0.2479, 0.2047 0.8082 0.2479, 0.7953 0.796 0.2429, 0.2047 0.796 0.2429, 0.7953 0.783 0.2412, 0.2047 0.783 0.2412, 0.3425 0.6452 0.2412, 0.3425 0.2018 0.2412, 0.6575 0.2018 0.2412, 0.6575 0.6452 0.2412, 0.3425 0.1394 0.2329, 0.6575 0.1394 0.2329, 0.3425 0.0812 0.2088, 0.6575 0.0812 0.2088, 0.3425 0.0313 0.1705, 0.6575 0.0313 0.1705, 0.3425 -0.0071 0.1206, 0.6575 -0.0071 0.1206, 0.3425 -0.0312 0.0624, 0.6575 -0.0312 0.0624, 0.7953 -0.5911 1.3855, 0.7953 -0.3549 1.3855, 0.7953 -0.1187 1.3855, 0.7953 0.1176 1.3855, 0.7953 0.3538 1.3855, 0.7953 0.59 1.3855, 0.2047 0.59 1.3855, 0.2047 0.3538 1.3855, 0.2047 0.1176 1.3855, 0.2047 -0.1187 1.3855, 0.2047 -0.3549 1.3855, 0.2047 -0.5911 1.3855, 0.6575 1.1439 0.8795, 0.3425 1.1439 0.8795, 0.6575 1.1439 0.9242, 0.3425 1.1439 0.9242, -0.7953 -0.4927 1.2871, -0.7953 -0.4533 1.2871, -0.2047 -0.4927 1.2871, -0.2047 -0.4533 1.2871, -0.7953 -0.2565 1.2871, -0.7953 -0.2171 1.2871, -0.2047 -0.2565 1.2871, -0.2047 -0.2171 1.2871, -0.7953 -0.0202 1.2871, -0.7953 0.0191 1.2871, -0.2047 -0.0202 1.2871, -0.2047 0.0191 1.2871, -0.7953 0.216 1.2871, -0.7953 0.2554 1.2871, -0.2047 0.216 1.2871, -0.2047 0.2554 1.2871, -0.7953 0.4522 1.2871, -0.7953 0.4916 1.2871, -0.2047 0.4522 1.2871, -0.2047 0.4916 1.2871, -0.7953 0.6884 1.2871, -0.7953 0.783 1.2871, -0.2047 0.6884 1.2871, -0.2047 0.783 1.2871, -0.5591 -0.0394 -1.378, -0.4409 -0.0394 -1.378, -0.6575 -0.0394 -0.9149, -0.3425 -0.0394 -0.9149, -0.6575 -0.0394 0.0, -0.3425 -0.0394 0.0, -0.5591 0.1575 -1.378, -0.4409 0.1575 -1.378, -0.6575 0.1575 0.0, -0.3425 0.1575 0.0, -0.6575 0.1575 -0.9149, -0.3425 0.1575 -0.9149, -0.3425 0.159 0.0115, -0.6575 0.159 0.0115, -0.3425 0.1634 0.0222, -0.6575 0.1634 0.0222, -0.3425 0.1705 0.0313, -0.6575 0.1705 0.0313, -0.3425 0.1796 0.0384, -0.6575 0.1796 0.0384, -0.3425 0.1903 0.0428, -0.6575 0.1903 0.0428, -0.3425 0.2018 0.0443, -0.6575 0.2018 0.0443, -0.7953 0.783 0.0443, -0.2047 0.783 0.0443, -0.3425 0.6452 0.0443, -0.6575 0.6452 0.0443, -0.7953 0.847 0.0527, -0.2047 0.847 0.0527, -0.7953 0.9066 0.0774, -0.2047 0.9066 0.0774, -0.7953 0.9578 0.1167, -0.2047 0.9578 0.1167, -0.7953 0.997 0.1679, -0.2047 0.997 0.1679, -0.7953 1.0217 0.2275, -0.2047 1.0217 0.2275, -0.7953 1.0302 0.2915, -0.2047 1.0302 0.2915, -0.7953 1.0302 1.2368, -0.6575 1.0302 1.1261, -0.6575 1.0302 0.8795, -0.3425 1.0302 1.1261, -0.2047 1.0302 1.2368, -0.3425 1.0302 0.8795, -0.7953 1.0217 1.3008, -0.2047 1.0217 1.3008, -0.7953 0.997 1.3604, -0.2047 0.997 1.3604, -0.7953 0.9578 1.4116, -0.2047 0.9578 1.4116, -0.7953 0.9066 1.4508, -0.2047 0.9066 1.4508, -0.7953 0.847 1.4755, -0.2047 0.847 1.4755, -0.7953 0.783 1.4839, -0.2047 0.783 1.4839, -0.2047 -0.8273 1.4839, -0.7953 -0.8273 1.4839, -0.2047 -0.8273 1.3855, -0.7953 -0.8273 1.3855, -0.7953 -0.7289 1.2871, -0.7953 -0.6895 1.2871, -0.2047 -0.7289 1.2871, -0.2047 -0.6895 1.2871, -0.2047 0.796 1.2854, -0.7953 0.796 1.2854, -0.2047 0.8082 1.2804, -0.7953 0.8082 1.2804, -0.2047 0.8186 1.2724, -0.7953 0.8186 1.2724, -0.2047 0.8266 1.2619, -0.7953 0.8266 1.2619, -0.2047 0.8316 1.2498, -0.7953 0.8316 1.2498, -0.2047 0.8333 1.2368, -0.7953 0.8333 1.2368, -0.2047 0.8333 0.2915, -0.7953 0.8333 0.2915, -0.2047 0.8316 0.2784, -0.7953 0.8316 0.2784, -0.2047 0.8266 0.2663, -0.7953 0.8266 0.2663, -0.2047 0.8186 0.2559, -0.7953 0.8186 0.2559, -0.2047 0.8082 0.2479, -0.7953 0.8082 0.2479, -0.2047 0.796 0.2429, -0.7953 0.796 0.2429, -0.2047 0.783 0.2412, -0.7953 0.783 0.2412, -0.6575 0.6452 0.2412, -0.6575 0.2018 0.2412, -0.3425 0.2018 0.2412, -0.3425 0.6452 0.2412, -0.6575 0.1394 0.2329, -0.3425 0.1394 0.2329, -0.6575 0.0812 0.2088, -0.3425 0.0812 0.2088, -0.6575 0.0313 0.1705, -0.3425 0.0313 0.1705, -0.6575 -0.0071 0.1206, -0.3425 -0.0071 0.1206, -0.6575 -0.0312 0.0624, -0.3425 -0.0312 0.0624, -0.2047 -0.5911 1.3855, -0.2047 -0.3549 1.3855, -0.2047 -0.1187 1.3855, -0.2047 0.1176 1.3855, -0.2047 0.3538 1.3855, -0.2047 0.59 1.3855, -0.7953 0.59 1.3855, -0.7953 0.3538 1.3855, -0.7953 0.1176 1.3855, -0.7953 -0.1187 1.3855, -0.7953 -0.3549 1.3855, -0.7953 -0.5911 1.3855, -0.3425 1.1439 0.8795, -0.6575 1.1439 0.8795, -0.3425 1.1439 0.9242, -0.6575 1.1439 0.9242, -1.7953 -0.4927 1.2871, -1.7953 -0.4533 1.2871, -1.2047 -0.4927 1.2871, -1.2047 -0.4533 1.2871, -1.7953 -0.2565 1.2871, -1.7953 -0.2171 1.2871, -1.2047 -0.2565 1.2871, -1.2047 -0.2171 1.2871, -1.7953 -0.0202 1.2871, -1.7953 0.0191 1.2871, -1.2047 -0.0202 1.2871, -1.2047 0.0191 1.2871, -1.7953 0.216 1.2871, -1.7953 0.2554 1.2871, -1.2047 0.216 1.2871, -1.2047 0.2554 1.2871, -1.7953 0.4522 1.2871, -1.7953 0.4916 1.2871, -1.2047 0.4522 1.2871, -1.2047 0.4916 1.2871, -1.7953 0.6884 1.2871, -1.7953 0.783 1.2871, -1.2047 0.6884 1.2871, -1.2047 0.783 1.2871, -1.5591 -0.0394 -1.378, -1.4409 -0.0394 -1.378, -1.6575 -0.0394 -0.9149, -1.3425 -0.0394 -0.9149, -1.6575 -0.0394 0.0, -1.3425 -0.0394 0.0, -1.5591 0.1575 -1.378, -1.4409 0.1575 -1.378, -1.6575 0.1575 0.0, -1.3425 0.1575 0.0, -1.6575 0.1575 -0.9149, -1.3425 0.1575 -0.9149, -1.3425 0.159 0.0115, -1.6575 0.159 0.0115, -1.3425 0.1634 0.0222, -1.6575 0.1634 0.0222, -1.3425 0.1705 0.0313, -1.6575 0.1705 0.0313, -1.3425 0.1796 0.0384, -1.6575 0.1796 0.0384, -1.3425 0.1903 0.0428, -1.6575 0.1903 0.0428, -1.3425 0.2018 0.0443, -1.6575 0.2018 0.0443, -1.7953 0.783 0.0443, -1.2047 0.783 0.0443, -1.3425 0.6452 0.0443, -1.6575 0.6452 0.0443, -1.7953 0.847 0.0527, -1.2047 0.847 0.0527, -1.7953 0.9066 0.0774, -1.2047 0.9066 0.0774, -1.7953 0.9578 0.1167, -1.2047 0.9578 0.1167, -1.7953 0.997 0.1679, -1.2047 0.997 0.1679, -1.7953 1.0217 0.2275, -1.2047 1.0217 0.2275, -1.7953 1.0302 0.2915, -1.2047 1.0302 0.2915, -1.7953 1.0302 1.2368, -1.6575 1.0302 1.1261, -1.6575 1.0302 0.8795, -1.3425 1.0302 1.1261, -1.2047 1.0302 1.2368, -1.3425 1.0302 0.8795, -1.7953 1.0217 1.3008, -1.2047 1.0217 1.3008, -1.7953 0.997 1.3604, -1.2047 0.997 1.3604, -1.7953 0.9578 1.4116, -1.2047 0.9578 1.4116, -1.7953 0.9066 1.4508, -1.2047 0.9066 1.4508, -1.7953 0.847 1.4755, -1.2047 0.847 1.4755, -1.7953 0.783 1.4839, -1.2047 0.783 1.4839, -1.2047 -0.8273 1.4839, -1.7953 -0.8273 1.4839, -1.2047 -0.8273 1.3855, -1.7953 -0.8273 1.3855, -1.7953 -0.7289 1.2871, -1.7953 -0.6895 1.2871, -1.2047 -0.7289 1.2871, -1.2047 -0.6895 1.2871, -1.2047 0.796 1.2854, -1.7953 0.796 1.2854, -1.2047 0.8082 1.2804, -1.7953 0.8082 1.2804, -1.2047 0.8186 1.2724, -1.7953 0.8186 1.2724, -1.2047 0.8266 1.2619, -1.7953 0.8266 1.2619, -1.2047 0.8316 1.2498, -1.7953 0.8316 1.2498, -1.2047 0.8333 1.2368, -1.7953 0.8333 1.2368, -1.2047 0.8333 0.2915, -1.7953 0.8333 0.2915, -1.2047 0.8316 0.2784, -1.7953 0.8316 0.2784, -1.2047 0.8266 0.2663, -1.7953 0.8266 0.2663, -1.2047 0.8186 0.2559, -1.7953 0.8186 0.2559, -1.2047 0.8082 0.2479, -1.7953 0.8082 0.2479, -1.2047 0.796 0.2429, -1.7953 0.796 0.2429, -1.2047 0.783 0.2412, -1.7953 0.783 0.2412, -1.6575 0.6452 0.2412, -1.6575 0.2018 0.2412, -1.3425 0.2018 0.2412, -1.3425 0.6452 0.2412, -1.6575 0.1394 0.2329, -1.3425 0.1394 0.2329, -1.6575 0.0812 0.2088, -1.3425 0.0812 0.2088, -1.6575 0.0313 0.1705, -1.3425 0.0313 0.1705, -1.6575 -0.0071 0.1206, -1.3425 -0.0071 0.1206, -1.6575 -0.0312 0.0624, -1.3425 -0.0312 0.0624, -1.2047 -0.5911 1.3855, -1.2047 -0.3549 1.3855, -1.2047 -0.1187 1.3855, -1.2047 0.1176 1.3855, -1.2047 0.3538 1.3855, -1.2047 0.59 1.3855, -1.7953 0.59 1.3855, -1.7953 0.3538 1.3855, -1.7953 0.1176 1.3855, -1.7953 -0.1187 1.3855, -1.7953 -0.3549 1.3855, -1.7953 -0.5911 1.3855, -1.3425 1.1439 0.8795, -1.6575 1.1439 0.8795, -1.3425 1.1439 0.9242, -1.6575 1.1439 0.9242, -1.6575 1.1439 0.9242
            ]
        }
        coordIndex [
            0,1,2,-1,2,1,3,-1,4,5,6,-1,6,5,7,-1,8,9,10,-1,10,9,11,-1,12,13,14,-1,14,13,15,-1,16,17,18,-1,18,17,19,-1,20,21,22,-1,22,21,23,-1,24,25,26,-1,26,25,27,-1,26,27,28,-1,28,27,29,-1,30,31,24,-1,24,31,25,-1,32,33,34,-1,34,33,35,-1,34,35,30,-1,30,35,31,-1,33,32,36,-1,36,32,37,-1,36,37,38,-1,38,37,39,-1,38,39,40,-1,40,39,41,-1,40,41,42,-1,42,41,43,-1,42,43,44,-1,44,43,45,-1,44,45,46,-1,46,45,47,-1,48,49,50,-1,46,47,50,-1,50,47,51,-1,50,51,48,-1,49,48,52,-1,49,52,53,-1,53,52,54,-1,53,54,55,-1,55,54,56,-1,55,56,57,-1,57,56,58,-1,57,58,59,-1,59,58,60,-1,59,60,61,-1,61,60,62,-1,61,62,63,-1,64,65,66,-1,65,64,67,-1,67,64,68,-1,67,68,69,-1,69,68,63,-1,69,63,66,-1,66,63,62,-1,66,62,64,-1,68,64,70,-1,68,70,71,-1,71,70,72,-1,71,72,73,-1,73,72,74,-1,73,74,75,-1,75,74,76,-1,75,76,77,-1,77,76,78,-1,77,78,79,-1,79,78,80,-1,79,80,81,-1,82,81,83,-1,83,81,80,-1,82,83,84,-1,84,83,85,-1,86,87,88,-1,88,87,89,-1,23,21,90,-1,90,21,91,-1,90,91,92,-1,92,91,93,-1,92,93,94,-1,94,93,95,-1,94,95,96,-1,96,95,97,-1,96,97,98,-1,98,97,99,-1,98,99,100,-1,100,99,101,-1,102,100,103,-1,103,100,101,-1,102,103,104,-1,104,103,105,-1,104,105,106,-1,106,105,107,-1,106,107,108,-1,108,107,109,-1,108,109,110,-1,110,109,111,-1,110,111,112,-1,112,111,113,-1,112,113,114,-1,114,113,115,-1,114,115,116,-1,117,118,116,-1,116,118,119,-1,116,119,114,-1,118,117,120,-1,118,120,121,-1,121,120,122,-1,121,122,123,-1,123,122,124,-1,123,124,125,-1,125,124,126,-1,125,126,127,-1,127,126,128,-1,127,128,129,-1,129,128,28,-1,129,28,29,-1,84,88,82,-1,82,88,89,-1,82,89,130,-1,6,7,131,-1,131,7,132,-1,2,3,130,-1,130,3,131,-1,130,131,82,-1,82,131,132,-1,82,132,81,-1,14,15,133,-1,133,15,134,-1,134,18,19,-1,10,11,132,-1,132,11,133,-1,132,133,81,-1,81,133,134,-1,81,134,135,-1,135,134,19,-1,114,49,112,-1,112,49,53,-1,112,53,110,-1,110,53,55,-1,110,55,108,-1,108,55,57,-1,108,57,106,-1,106,57,59,-1,106,59,104,-1,104,59,61,-1,104,61,102,-1,102,61,63,-1,102,63,100,-1,100,63,68,-1,100,68,98,-1,98,68,71,-1,98,71,96,-1,96,71,73,-1,96,73,94,-1,94,73,75,-1,94,75,92,-1,92,75,77,-1,92,77,90,-1,90,77,79,-1,90,79,23,-1,23,79,81,-1,23,81,22,-1,22,81,135,-1,17,16,136,-1,136,16,137,-1,136,137,80,-1,9,8,138,-1,138,8,139,-1,140,1,0,-1,86,85,87,-1,87,85,83,-1,87,83,141,-1,5,4,139,-1,139,4,140,-1,13,12,137,-1,137,12,138,-1,137,138,80,-1,80,138,139,-1,80,139,83,-1,83,139,140,-1,83,140,141,-1,141,140,0,-1,20,136,21,-1,21,136,80,-1,21,80,91,-1,91,80,78,-1,91,78,93,-1,93,78,76,-1,93,76,95,-1,95,76,74,-1,95,74,97,-1,97,74,72,-1,97,72,99,-1,99,72,70,-1,99,70,101,-1,101,70,64,-1,101,64,103,-1,103,64,62,-1,103,62,105,-1,105,62,60,-1,105,60,107,-1,107,60,58,-1,107,58,109,-1,109,58,56,-1,109,56,111,-1,111,56,54,-1,111,54,113,-1,113,54,52,-1,113,52,115,-1,115,52,48,-1,142,69,143,-1,143,69,66,-1,144,142,145,-1,145,142,143,-1,67,144,65,-1,65,144,145,-1,142,144,69,-1,69,144,67,-1,145,143,65,-1,65,143,66,-1,34,26,32,-1,32,26,28,-1,32,28,37,-1,37,28,128,-1,37,128,39,-1,39,128,126,-1,39,126,41,-1,41,126,124,-1,41,124,43,-1,43,124,122,-1,43,122,45,-1,45,122,120,-1,45,120,47,-1,47,120,117,-1,47,117,51,-1,51,117,116,-1,116,115,51,-1,51,115,48,-1,50,119,46,-1,46,119,118,-1,46,118,44,-1,44,118,121,-1,44,121,42,-1,42,121,123,-1,42,123,40,-1,40,123,125,-1,40,125,38,-1,38,125,127,-1,38,127,36,-1,36,127,129,-1,36,129,33,-1,33,129,29,-1,33,29,35,-1,35,29,27,-1,114,119,49,-1,49,119,50,-1,24,26,30,-1,30,26,34,-1,31,35,25,-1,25,35,27,-1,136,20,135,-1,135,20,22,-1,17,136,19,-1,19,136,135,-1,137,16,134,-1,134,16,18,-1,13,137,15,-1,15,137,134,-1,138,12,133,-1,133,12,14,-1,9,138,11,-1,11,138,133,-1,139,8,132,-1,132,8,10,-1,5,139,7,-1,7,139,132,-1,140,4,131,-1,131,4,6,-1,1,140,3,-1,3,140,131,-1,141,0,130,-1,130,0,2,-1,87,141,89,-1,89,141,130,-1,85,86,84,-1,84,86,88,-1,146,147,148,-1,148,147,149,-1,148,149,150,-1,151,152,153,-1,153,152,148,-1,153,148,154,-1,154,148,150,-1,148,155,156,-1,157,158,159,-1,156,160,148,-1,148,160,161,-1,148,161,146,-1,148,162,155,-1,155,162,157,-1,155,157,163,-1,163,157,159,-1,164,151,153,-1,165,166,167,-1,165,167,168,-1,169,170,168,-1,171,172,173,-1,173,172,174,-1,175,176,177,-1,177,176,178,-1,177,178,179,-1,180,181,182,-1,183,184,185,-1,185,184,186,-1,187,188,189,-1,148,152,190,-1,191,192,193,-1,193,192,164,-1,194,195,196,-1,196,195,197,-1,197,198,196,-1,196,198,191,-1,196,191,199,-1,200,201,202,-1,202,201,194,-1,203,204,205,-1,205,204,206,-1,205,206,200,-1,207,208,209,-1,209,208,210,-1,209,210,203,-1,211,212,213,-1,213,212,207,-1,214,215,216,-1,216,215,217,-1,216,217,211,-1,168,167,169,-1,169,167,218,-1,169,218,219,-1,218,220,219,-1,219,220,221,-1,219,221,222,-1,221,223,222,-1,222,223,224,-1,222,224,225,-1,225,224,226,-1,225,226,227,-1,226,228,227,-1,227,228,229,-1,227,229,230,-1,229,231,230,-1,230,231,232,-1,230,232,233,-1,232,234,233,-1,233,234,235,-1,233,235,236,-1,236,235,237,-1,236,237,238,-1,237,239,238,-1,238,239,240,-1,238,240,241,-1,240,242,241,-1,241,242,243,-1,241,243,244,-1,244,243,245,-1,244,245,246,-1,245,247,246,-1,246,247,248,-1,246,248,249,-1,248,250,249,-1,249,250,251,-1,249,251,252,-1,251,253,252,-1,252,253,254,-1,252,254,255,-1,255,254,256,-1,255,256,257,-1,256,258,257,-1,257,258,259,-1,257,259,260,-1,261,214,262,-1,262,214,216,-1,262,216,263,-1,263,216,260,-1,263,260,264,-1,264,260,259,-1,211,213,216,-1,216,213,265,-1,216,265,260,-1,260,265,266,-1,260,266,257,-1,257,266,267,-1,257,267,255,-1,255,267,268,-1,255,268,252,-1,252,268,269,-1,252,269,249,-1,249,269,270,-1,249,270,246,-1,246,270,271,-1,246,271,244,-1,244,271,272,-1,244,272,241,-1,241,272,273,-1,241,273,238,-1,238,273,274,-1,238,274,236,-1,236,274,275,-1,236,275,233,-1,233,275,276,-1,233,276,230,-1,230,276,277,-1,230,277,227,-1,227,277,278,-1,227,278,225,-1,225,278,279,-1,225,279,222,-1,222,279,280,-1,222,280,219,-1,219,280,173,-1,219,173,169,-1,169,173,174,-1,169,174,170,-1,207,209,213,-1,213,209,281,-1,213,281,265,-1,265,281,282,-1,265,282,266,-1,266,282,283,-1,266,283,267,-1,267,283,284,-1,267,284,268,-1,268,284,285,-1,268,285,269,-1,269,285,286,-1,269,286,270,-1,270,286,287,-1,270,287,271,-1,271,287,288,-1,271,288,272,-1,272,288,289,-1,272,289,273,-1,273,289,290,-1,273,290,274,-1,274,290,291,-1,274,291,275,-1,275,291,292,-1,275,292,276,-1,276,292,293,-1,276,293,277,-1,277,293,294,-1,277,294,278,-1,278,294,295,-1,278,295,279,-1,279,295,296,-1,279,296,280,-1,280,296,177,-1,280,177,173,-1,173,177,179,-1,173,179,171,-1,203,205,209,-1,209,205,297,-1,209,297,281,-1,281,297,298,-1,281,298,282,-1,282,298,299,-1,282,299,283,-1,283,299,300,-1,283,300,284,-1,284,300,301,-1,284,301,285,-1,285,301,302,-1,285,302,286,-1,286,302,303,-1,286,303,287,-1,287,303,304,-1,287,304,288,-1,288,304,305,-1,288,305,289,-1,289,305,306,-1,289,306,290,-1,290,306,307,-1,290,307,291,-1,291,307,308,-1,291,308,292,-1,292,308,309,-1,292,309,293,-1,293,309,310,-1,293,310,294,-1,294,310,311,-1,294,311,295,-1,295,311,312,-1,295,312,296,-1,296,312,313,-1,296,313,177,-1,177,313,314,-1,177,314,175,-1,200,202,205,-1,205,202,315,-1,205,315,297,-1,297,315,316,-1,297,316,298,-1,298,316,317,-1,298,317,299,-1,299,317,318,-1,299,318,300,-1,300,318,319,-1,300,319,301,-1,301,319,320,-1,301,320,302,-1,302,320,321,-1,302,321,303,-1,303,321,322,-1,303,322,304,-1,304,322,323,-1,304,323,305,-1,305,323,324,-1,305,324,306,-1,306,324,325,-1,306,325,307,-1,307,325,326,-1,307,326,308,-1,308,326,327,-1,308,327,309,-1,309,327,328,-1,309,328,310,-1,310,328,329,-1,310,329,311,-1,311,329,330,-1,311,330,312,-1,312,330,180,-1,312,180,313,-1,313,180,182,-1,313,182,314,-1,194,196,202,-1,202,196,199,-1,202,199,315,-1,315,199,331,-1,315,331,316,-1,316,331,332,-1,316,332,317,-1,317,332,333,-1,317,333,318,-1,318,333,334,-1,318,334,319,-1,319,334,335,-1,319,335,320,-1,320,335,336,-1,320,336,321,-1,321,336,337,-1,321,337,322,-1,322,337,338,-1,322,338,323,-1,323,338,339,-1,323,339,324,-1,324,339,340,-1,324,340,325,-1,325,340,341,-1,325,341,326,-1,326,341,342,-1,326,342,327,-1,327,342,343,-1,327,343,328,-1,328,343,344,-1,328,344,329,-1,329,344,345,-1,329,345,330,-1,330,345,185,-1,330,185,180,-1,180,185,186,-1,180,186,181,-1,191,193,199,-1,199,193,346,-1,199,346,331,-1,331,346,347,-1,331,347,332,-1,332,347,348,-1,332,348,333,-1,333,348,349,-1,333,349,334,-1,334,349,350,-1,334,350,335,-1,335,350,351,-1,335,351,336,-1,336,351,352,-1,336,352,337,-1,337,352,353,-1,337,353,338,-1,338,353,354,-1,338,354,339,-1,339,354,355,-1,339,355,340,-1,340,355,356,-1,340,356,341,-1,341,356,357,-1,341,357,342,-1,342,357,358,-1,342,358,343,-1,343,358,359,-1,343,359,344,-1,344,359,187,-1,344,187,345,-1,345,187,189,-1,345,189,185,-1,185,189,360,-1,185,360,183,-1,164,153,193,-1,193,153,154,-1,193,154,346,-1,346,154,150,-1,346,150,347,-1,347,150,149,-1,347,149,348,-1,348,149,147,-1,348,147,349,-1,349,147,146,-1,349,146,350,-1,350,146,161,-1,350,161,351,-1,351,161,160,-1,351,160,352,-1,352,160,156,-1,352,156,353,-1,353,156,155,-1,353,155,354,-1,354,155,163,-1,354,163,355,-1,355,163,159,-1,355,159,356,-1,356,159,158,-1,356,158,357,-1,357,158,157,-1,357,157,358,-1,358,157,162,-1,358,162,359,-1,359,162,148,-1,359,148,187,-1,187,148,190,-1,187,190,188,-1,361,362,363,-1,363,362,364,-1,363,364,365,-1,365,364,366,-1,365,366,367,-1,367,366,368,-1,367,368,361,-1,361,368,362,-1,369,370,371,-1,371,370,372,-1,371,372,373,-1,373,372,374,-1,373,374,375,-1,375,374,376,-1,375,376,369,-1,369,376,370,-1,362,377,374,-1,374,377,378,-1,378,379,374,-1,374,379,380,-1,374,380,381,-1,382,383,376,-1,376,383,384,-1,381,385,374,-1,374,385,386,-1,374,386,376,-1,376,386,387,-1,376,387,382,-1,388,368,389,-1,389,368,376,-1,389,376,390,-1,390,376,384,-1,388,391,368,-1,368,391,392,-1,368,392,393,-1,393,394,368,-1,368,394,395,-1,368,395,362,-1,395,396,362,-1,362,396,397,-1,362,397,398,-1,398,399,362,-1,362,399,400,-1,362,400,377,-1,364,372,366,-1,366,372,370,-1,374,372,362,-1,362,372,364,-1,370,376,366,-1,366,376,368,-1,365,369,363,-1,363,369,371,-1,375,367,373,-1,373,367,361,-1,367,375,365,-1,365,375,369,-1,373,361,371,-1,371,361,363,-1,401,395,394,-1,393,402,394,-1,394,402,403,-1,394,403,401,-1,392,404,393,-1,393,404,405,-1,393,405,402,-1,391,406,392,-1,392,406,407,-1,392,407,404,-1,388,408,391,-1,391,408,409,-1,391,409,406,-1,389,410,388,-1,388,410,411,-1,388,411,408,-1,390,412,389,-1,389,412,413,-1,389,413,410,-1,384,414,390,-1,390,414,415,-1,390,415,412,-1,383,416,384,-1,384,416,417,-1,384,417,414,-1,382,418,383,-1,383,418,419,-1,383,419,416,-1,387,420,382,-1,382,420,421,-1,382,421,418,-1,386,422,387,-1,387,422,423,-1,387,423,420,-1,385,424,386,-1,386,424,425,-1,386,425,422,-1,381,426,385,-1,385,426,427,-1,385,427,424,-1,380,428,381,-1,381,428,429,-1,381,429,426,-1,379,430,380,-1,380,430,431,-1,380,431,428,-1,378,432,379,-1,379,432,433,-1,379,433,430,-1,377,434,378,-1,378,434,435,-1,378,435,432,-1,400,436,377,-1,377,436,437,-1,377,437,434,-1,399,438,400,-1,400,438,439,-1,400,439,436,-1,398,440,399,-1,399,440,441,-1,399,441,438,-1,397,442,398,-1,398,442,443,-1,398,443,440,-1,396,444,397,-1,397,444,445,-1,397,445,442,-1,401,446,395,-1,395,446,447,-1,395,447,396,-1,396,447,448,-1,396,448,444,-1,449,450,451,-1,451,450,452,-1,451,452,453,-1,454,455,452,-1,452,455,456,-1,452,456,453,-1,457,452,458,-1,459,460,452,-1,452,460,461,-1,452,461,454,-1,457,462,452,-1,452,462,463,-1,452,463,459,-1,458,464,457,-1,457,464,465,-1,457,465,466,-1,467,449,451,-1,468,469,470,-1,468,470,471,-1,471,470,472,-1,471,472,473,-1,474,475,476,-1,476,475,477,-1,478,479,480,-1,480,479,481,-1,480,481,482,-1,483,484,485,-1,486,487,488,-1,488,487,489,-1,490,491,492,-1,452,450,493,-1,494,495,496,-1,496,495,467,-1,497,498,499,-1,499,498,500,-1,500,501,499,-1,499,501,494,-1,499,494,502,-1,503,504,505,-1,505,504,497,-1,506,507,508,-1,508,507,509,-1,508,509,503,-1,510,511,512,-1,512,511,513,-1,512,513,506,-1,514,515,516,-1,516,515,510,-1,517,518,519,-1,519,518,514,-1,470,520,472,-1,472,520,521,-1,472,521,522,-1,521,523,522,-1,522,523,524,-1,522,524,525,-1,525,524,526,-1,525,526,527,-1,526,528,527,-1,527,528,529,-1,527,529,530,-1,529,531,530,-1,530,531,532,-1,530,532,533,-1,533,532,534,-1,533,534,535,-1,535,534,536,-1,535,536,537,-1,537,536,538,-1,538,539,537,-1,537,539,540,-1,537,540,541,-1,540,542,541,-1,541,542,543,-1,541,543,544,-1,544,543,545,-1,544,545,546,-1,545,547,546,-1,546,547,548,-1,546,548,549,-1,548,550,549,-1,549,550,551,-1,549,551,552,-1,552,551,553,-1,552,553,554,-1,554,553,555,-1,554,555,556,-1,556,555,557,-1,557,558,556,-1,556,558,559,-1,556,559,560,-1,561,562,563,-1,563,562,517,-1,563,517,564,-1,564,517,519,-1,564,519,565,-1,565,519,566,-1,565,566,567,-1,567,566,560,-1,567,560,568,-1,568,560,559,-1,514,516,519,-1,519,516,569,-1,519,569,566,-1,566,569,570,-1,566,570,560,-1,560,570,571,-1,560,571,556,-1,556,571,572,-1,556,572,554,-1,554,572,573,-1,554,573,552,-1,552,573,574,-1,552,574,549,-1,549,574,575,-1,549,575,546,-1,546,575,576,-1,546,576,544,-1,544,576,577,-1,544,577,541,-1,541,577,578,-1,541,578,537,-1,537,578,579,-1,537,579,535,-1,535,579,580,-1,535,580,533,-1,533,580,581,-1,533,581,530,-1,530,581,582,-1,530,582,527,-1,527,582,583,-1,527,583,525,-1,525,583,584,-1,525,584,522,-1,522,584,476,-1,522,476,472,-1,472,476,477,-1,472,477,473,-1,510,512,516,-1,516,512,585,-1,516,585,569,-1,569,585,586,-1,569,586,570,-1,570,586,587,-1,570,587,571,-1,571,587,588,-1,571,588,572,-1,572,588,589,-1,572,589,573,-1,573,589,590,-1,573,590,574,-1,574,590,591,-1,574,591,575,-1,575,591,592,-1,575,592,576,-1,576,592,593,-1,576,593,577,-1,577,593,594,-1,577,594,578,-1,578,594,595,-1,578,595,579,-1,579,595,596,-1,579,596,580,-1,580,596,597,-1,580,597,581,-1,581,597,598,-1,581,598,582,-1,582,598,599,-1,582,599,583,-1,583,599,600,-1,583,600,584,-1,584,600,480,-1,584,480,476,-1,476,480,482,-1,476,482,474,-1,506,508,512,-1,512,508,601,-1,512,601,585,-1,585,601,602,-1,585,602,586,-1,586,602,603,-1,586,603,587,-1,587,603,604,-1,587,604,588,-1,588,604,605,-1,588,605,589,-1,589,605,606,-1,589,606,590,-1,590,606,607,-1,590,607,591,-1,591,607,608,-1,591,608,592,-1,592,608,609,-1,592,609,593,-1,593,609,610,-1,593,610,594,-1,594,610,611,-1,594,611,595,-1,595,611,612,-1,595,612,596,-1,596,612,613,-1,596,613,597,-1,597,613,614,-1,597,614,598,-1,598,614,615,-1,598,615,599,-1,599,615,616,-1,599,616,600,-1,600,616,617,-1,600,617,480,-1,480,617,618,-1,480,618,478,-1,503,505,508,-1,508,505,619,-1,508,619,601,-1,601,619,620,-1,601,620,602,-1,602,620,621,-1,602,621,603,-1,603,621,622,-1,603,622,604,-1,604,622,623,-1,604,623,605,-1,605,623,624,-1,605,624,606,-1,606,624,625,-1,606,625,607,-1,607,625,626,-1,607,626,608,-1,608,626,627,-1,608,627,609,-1,609,627,628,-1,609,628,610,-1,610,628,629,-1,610,629,611,-1,611,629,630,-1,611,630,612,-1,612,630,631,-1,612,631,613,-1,613,631,632,-1,613,632,614,-1,614,632,633,-1,614,633,615,-1,615,633,634,-1,615,634,616,-1,616,634,483,-1,616,483,617,-1,617,483,485,-1,617,485,618,-1,497,499,505,-1,505,499,502,-1,505,502,619,-1,619,502,635,-1,619,635,620,-1,620,635,636,-1,620,636,621,-1,621,636,637,-1,621,637,622,-1,622,637,638,-1,622,638,623,-1,623,638,639,-1,623,639,624,-1,624,639,640,-1,624,640,625,-1,625,640,641,-1,625,641,626,-1,626,641,642,-1,626,642,627,-1,627,642,643,-1,627,643,628,-1,628,643,644,-1,628,644,629,-1,629,644,645,-1,629,645,630,-1,630,645,646,-1,630,646,631,-1,631,646,647,-1,631,647,632,-1,632,647,648,-1,632,648,633,-1,633,648,649,-1,633,649,634,-1,634,649,488,-1,634,488,483,-1,483,488,489,-1,483,489,484,-1,494,496,502,-1,502,496,650,-1,502,650,635,-1,635,650,651,-1,635,651,636,-1,636,651,652,-1,636,652,637,-1,637,652,653,-1,637,653,638,-1,638,653,654,-1,638,654,639,-1,639,654,655,-1,639,655,640,-1,640,655,656,-1,640,656,641,-1,641,656,657,-1,641,657,642,-1,642,657,658,-1,642,658,643,-1,643,658,659,-1,643,659,644,-1,644,659,660,-1,644,660,645,-1,645,660,661,-1,645,661,646,-1,646,661,662,-1,646,662,647,-1,647,662,663,-1,647,663,648,-1,648,663,490,-1,648,490,649,-1,649,490,492,-1,649,492,488,-1,488,492,664,-1,488,664,486,-1,467,451,496,-1,496,451,453,-1,496,453,650,-1,650,453,456,-1,650,456,651,-1,651,456,455,-1,651,455,652,-1,652,455,454,-1,652,454,653,-1,653,454,461,-1,653,461,654,-1,654,461,460,-1,654,460,655,-1,655,460,459,-1,655,459,656,-1,656,459,463,-1,656,463,657,-1,657,463,462,-1,657,462,658,-1,658,462,457,-1,658,457,659,-1,659,457,466,-1,659,466,660,-1,660,466,465,-1,660,465,661,-1,661,465,464,-1,661,464,662,-1,662,464,458,-1,662,458,663,-1,663,458,452,-1,663,452,490,-1,490,452,493,-1,490,493,491,-1,261,262,665,-1,665,262,666,-1,665,666,667,-1,667,666,668,-1,667,668,669,-1,670,671,669,-1,669,671,672,-1,669,672,667,-1,673,674,675,-1,675,676,673,-1,673,676,677,-1,673,677,678,-1,167,166,679,-1,678,677,679,-1,679,677,680,-1,679,680,167,-1,226,681,228,-1,228,681,682,-1,228,682,229,-1,229,682,231,-1,231,682,683,-1,231,683,232,-1,232,683,234,-1,234,683,684,-1,234,684,235,-1,685,239,684,-1,684,239,237,-1,684,237,235,-1,245,243,686,-1,686,243,242,-1,686,242,685,-1,685,242,240,-1,685,240,239,-1,245,686,247,-1,247,686,687,-1,247,687,248,-1,248,687,250,-1,250,687,688,-1,250,688,251,-1,251,688,253,-1,253,688,689,-1,253,689,254,-1,690,258,689,-1,689,258,256,-1,689,256,254,-1,262,263,666,-1,666,263,264,-1,666,264,690,-1,690,264,259,-1,690,259,258,-1,469,671,470,-1,470,671,670,-1,470,670,520,-1,520,670,691,-1,526,524,692,-1,692,524,523,-1,692,523,691,-1,691,523,521,-1,691,521,520,-1,526,692,528,-1,528,692,693,-1,528,693,529,-1,529,693,531,-1,531,693,694,-1,531,694,532,-1,695,536,694,-1,694,536,534,-1,694,534,532,-1,696,539,695,-1,695,539,538,-1,695,538,536,-1,545,543,697,-1,697,543,542,-1,697,542,696,-1,696,542,540,-1,696,540,539,-1,545,697,547,-1,547,697,698,-1,547,698,548,-1,548,698,550,-1,550,698,699,-1,550,699,551,-1,700,555,699,-1,699,555,553,-1,699,553,551,-1,701,558,700,-1,700,558,557,-1,700,557,555,-1,565,567,702,-1,702,567,568,-1,702,568,701,-1,701,568,559,-1,701,559,558,-1,565,702,564,-1,564,702,675,-1,564,675,563,-1,563,675,674,-1,563,674,561,-1,703,220,680,-1,680,220,218,-1,680,218,167,-1,226,224,681,-1,681,224,223,-1,681,223,703,-1,703,223,221,-1,703,221,220,-1,704,676,705,-1,705,676,675,-1,705,675,706,-1,706,675,702,-1,706,702,707,-1,707,702,701,-1,707,701,708,-1,708,701,700,-1,708,700,709,-1,709,700,699,-1,709,699,710,-1,710,699,698,-1,710,698,711,-1,712,685,713,-1,713,685,684,-1,713,684,714,-1,714,684,683,-1,714,683,715,-1,715,683,682,-1,715,682,716,-1,716,682,681,-1,716,681,717,-1,717,681,703,-1,717,703,718,-1,718,703,680,-1,718,680,704,-1,704,680,677,-1,704,677,676,-1,719,669,720,-1,720,669,668,-1,720,668,721,-1,721,668,666,-1,721,666,722,-1,722,666,690,-1,722,690,723,-1,723,690,689,-1,723,689,724,-1,724,689,688,-1,724,688,725,-1,725,688,687,-1,725,687,712,-1,712,687,686,-1,712,686,685,-1,698,697,711,-1,711,697,696,-1,711,696,726,-1,726,696,695,-1,726,695,727,-1,727,695,694,-1,727,694,728,-1,728,694,693,-1,728,693,729,-1,729,693,692,-1,729,692,730,-1,730,692,691,-1,730,691,719,-1,719,691,670,-1,719,670,669,-1,731,715,716,-1,731,732,715,-1,715,732,733,-1,715,733,714,-1,733,734,714,-1,714,734,735,-1,714,735,713,-1,735,736,713,-1,713,736,737,-1,713,737,712,-1,737,738,712,-1,712,738,739,-1,712,739,725,-1,739,740,725,-1,725,740,741,-1,725,741,724,-1,741,742,724,-1,724,742,743,-1,724,743,723,-1,743,744,723,-1,723,744,745,-1,723,745,722,-1,745,746,722,-1,722,746,747,-1,722,747,721,-1,747,748,721,-1,721,748,749,-1,721,749,720,-1,749,750,720,-1,720,750,751,-1,720,751,719,-1,751,752,719,-1,719,752,753,-1,719,753,730,-1,753,754,730,-1,730,754,755,-1,730,755,729,-1,755,756,729,-1,729,756,757,-1,729,757,728,-1,757,758,728,-1,728,758,759,-1,728,759,727,-1,759,760,727,-1,727,760,761,-1,727,761,726,-1,761,762,726,-1,726,762,763,-1,726,763,711,-1,763,764,711,-1,711,764,765,-1,711,765,710,-1,765,766,710,-1,710,766,767,-1,710,767,709,-1,767,768,709,-1,709,768,769,-1,709,769,708,-1,769,770,708,-1,708,770,771,-1,708,771,707,-1,771,772,707,-1,707,772,773,-1,707,773,706,-1,773,774,706,-1,706,774,775,-1,706,775,705,-1,775,776,705,-1,705,776,777,-1,705,777,704,-1,777,778,704,-1,704,778,779,-1,704,779,718,-1,779,780,718,-1,718,780,781,-1,718,781,717,-1,781,782,717,-1,717,782,783,-1,717,783,716,-1,716,783,784,-1,716,784,731,-1,425,756,422,-1,422,756,755,-1,422,755,423,-1,423,755,754,-1,423,754,420,-1,420,754,753,-1,420,753,421,-1,421,753,752,-1,421,752,418,-1,418,752,751,-1,418,751,419,-1,419,751,750,-1,419,750,416,-1,416,750,749,-1,416,749,417,-1,417,749,748,-1,417,748,414,-1,414,748,747,-1,414,747,415,-1,415,747,746,-1,415,746,412,-1,412,746,745,-1,412,745,413,-1,413,745,744,-1,413,744,410,-1,744,743,410,-1,410,743,742,-1,410,742,411,-1,411,742,741,-1,411,741,408,-1,408,741,740,-1,408,740,409,-1,740,739,409,-1,409,739,738,-1,409,738,406,-1,406,738,737,-1,406,737,407,-1,407,737,736,-1,407,736,404,-1,404,736,735,-1,404,735,405,-1,405,735,734,-1,405,734,402,-1,402,734,733,-1,402,733,403,-1,403,733,732,-1,403,732,401,-1,401,732,731,-1,401,731,446,-1,446,731,784,-1,446,784,447,-1,447,784,783,-1,447,783,448,-1,448,783,782,-1,448,782,444,-1,444,782,781,-1,444,781,445,-1,445,781,780,-1,445,780,442,-1,780,779,442,-1,442,779,778,-1,442,778,443,-1,443,778,777,-1,443,777,440,-1,440,777,776,-1,440,776,441,-1,776,775,441,-1,441,775,774,-1,441,774,438,-1,438,774,773,-1,438,773,439,-1,439,773,772,-1,439,772,436,-1,436,772,771,-1,436,771,437,-1,437,771,770,-1,437,770,434,-1,434,770,769,-1,434,769,435,-1,435,769,768,-1,435,768,432,-1,432,768,767,-1,432,767,433,-1,433,767,766,-1,433,766,430,-1,430,766,765,-1,430,765,431,-1,431,765,764,-1,431,764,428,-1,428,764,763,-1,428,763,429,-1,429,763,762,-1,429,762,426,-1,762,761,426,-1,426,761,760,-1,426,760,427,-1,427,760,759,-1,427,759,424,-1,424,759,758,-1,424,758,425,-1,425,758,757,-1,425,757,756,-1,215,214,679,-1,679,214,261,-1,679,261,665,-1,201,200,184,-1,210,208,679,-1,679,208,207,-1,679,207,212,-1,212,211,679,-1,679,211,217,-1,679,217,215,-1,166,165,204,-1,204,165,168,-1,168,170,204,-1,204,170,174,-1,204,174,172,-1,172,171,204,-1,204,171,179,-1,204,179,178,-1,181,204,182,-1,182,204,314,-1,181,186,204,-1,204,186,184,-1,204,184,206,-1,206,184,200,-1,166,204,679,-1,679,204,203,-1,679,203,210,-1,178,176,204,-1,204,176,175,-1,204,175,314,-1,151,164,192,-1,183,360,195,-1,195,360,189,-1,195,189,197,-1,183,195,184,-1,184,195,194,-1,184,194,201,-1,151,192,152,-1,190,152,188,-1,188,152,192,-1,188,192,189,-1,189,192,191,-1,189,191,197,-1,197,191,198,-1,517,562,671,-1,671,562,561,-1,671,561,674,-1,504,503,487,-1,513,511,671,-1,671,511,510,-1,671,510,515,-1,515,514,671,-1,671,514,518,-1,671,518,517,-1,469,468,507,-1,507,468,471,-1,471,473,507,-1,507,473,477,-1,507,477,475,-1,475,474,507,-1,507,474,482,-1,507,482,481,-1,484,507,485,-1,485,507,618,-1,449,467,495,-1,504,487,497,-1,484,489,507,-1,507,489,487,-1,507,487,509,-1,509,487,503,-1,469,507,671,-1,671,507,506,-1,671,506,513,-1,481,479,507,-1,507,479,478,-1,507,478,618,-1,497,487,498,-1,498,487,486,-1,498,486,664,-1,491,495,494,-1,449,495,450,-1,450,495,491,-1,450,491,493,-1,664,492,498,-1,498,492,491,-1,498,491,500,-1,500,491,494,-1,500,494,501,-1,671,674,673,-1,671,673,672,-1,672,673,678,-1,672,678,667,-1,667,678,679,-1,667,679,665,-1,785,786,787,-1,787,786,788,-1,789,790,791,-1,788,792,787,-1,787,792,793,-1,787,793,794,-1,794,795,787,-1,787,795,796,-1,787,796,797,-1,797,798,787,-1,787,798,799,-1,787,799,800,-1,800,801,787,-1,787,801,789,-1,787,789,802,-1,802,789,791,-1,803,785,787,-1,804,805,806,-1,804,806,807,-1,808,809,807,-1,810,811,812,-1,812,811,813,-1,814,815,816,-1,816,815,817,-1,816,817,818,-1,819,820,821,-1,822,823,824,-1,824,823,825,-1,826,827,828,-1,788,786,829,-1,830,831,832,-1,832,831,803,-1,833,834,835,-1,835,834,836,-1,836,837,835,-1,835,837,830,-1,835,830,838,-1,839,840,841,-1,841,840,833,-1,842,843,844,-1,844,843,845,-1,844,845,839,-1,846,847,848,-1,848,847,849,-1,848,849,842,-1,850,851,852,-1,852,851,846,-1,853,854,855,-1,855,854,856,-1,855,856,850,-1,807,806,808,-1,808,806,857,-1,808,857,858,-1,857,859,858,-1,858,859,860,-1,858,860,861,-1,860,862,861,-1,861,862,863,-1,861,863,864,-1,864,863,865,-1,864,865,866,-1,865,867,866,-1,866,867,868,-1,866,868,869,-1,868,870,869,-1,869,870,871,-1,869,871,872,-1,871,873,872,-1,872,873,874,-1,872,874,875,-1,875,874,876,-1,875,876,877,-1,876,878,877,-1,877,878,879,-1,877,879,880,-1,879,881,880,-1,880,881,882,-1,880,882,883,-1,883,882,884,-1,883,884,885,-1,884,886,885,-1,885,886,887,-1,885,887,888,-1,887,889,888,-1,888,889,890,-1,888,890,891,-1,890,892,891,-1,891,892,893,-1,891,893,894,-1,894,893,895,-1,894,895,896,-1,895,897,896,-1,896,897,898,-1,896,898,899,-1,900,853,901,-1,901,853,855,-1,901,855,902,-1,902,855,899,-1,902,899,903,-1,903,899,898,-1,850,852,855,-1,855,852,904,-1,855,904,899,-1,899,904,905,-1,899,905,896,-1,896,905,906,-1,896,906,894,-1,894,906,907,-1,894,907,891,-1,891,907,908,-1,891,908,888,-1,888,908,909,-1,888,909,885,-1,885,909,910,-1,885,910,883,-1,883,910,911,-1,883,911,880,-1,880,911,912,-1,880,912,877,-1,877,912,913,-1,877,913,875,-1,875,913,914,-1,875,914,872,-1,872,914,915,-1,872,915,869,-1,869,915,916,-1,869,916,866,-1,866,916,917,-1,866,917,864,-1,864,917,918,-1,864,918,861,-1,861,918,919,-1,861,919,858,-1,858,919,812,-1,858,812,808,-1,808,812,813,-1,808,813,809,-1,846,848,852,-1,852,848,920,-1,852,920,904,-1,904,920,921,-1,904,921,905,-1,905,921,922,-1,905,922,906,-1,906,922,923,-1,906,923,907,-1,907,923,924,-1,907,924,908,-1,908,924,925,-1,908,925,909,-1,909,925,926,-1,909,926,910,-1,910,926,927,-1,910,927,911,-1,911,927,928,-1,911,928,912,-1,912,928,929,-1,912,929,913,-1,913,929,930,-1,913,930,914,-1,914,930,931,-1,914,931,915,-1,915,931,932,-1,915,932,916,-1,916,932,933,-1,916,933,917,-1,917,933,934,-1,917,934,918,-1,918,934,935,-1,918,935,919,-1,919,935,816,-1,919,816,812,-1,812,816,818,-1,812,818,810,-1,842,844,848,-1,848,844,936,-1,848,936,920,-1,920,936,937,-1,920,937,921,-1,921,937,938,-1,921,938,922,-1,922,938,939,-1,922,939,923,-1,923,939,940,-1,923,940,924,-1,924,940,941,-1,924,941,925,-1,925,941,942,-1,925,942,926,-1,926,942,943,-1,926,943,927,-1,927,943,944,-1,927,944,928,-1,928,944,945,-1,928,945,929,-1,929,945,946,-1,929,946,930,-1,930,946,947,-1,930,947,931,-1,931,947,948,-1,931,948,932,-1,932,948,949,-1,932,949,933,-1,933,949,950,-1,933,950,934,-1,934,950,951,-1,934,951,935,-1,935,951,952,-1,935,952,816,-1,816,952,953,-1,816,953,814,-1,839,841,844,-1,844,841,954,-1,844,954,936,-1,936,954,955,-1,936,955,937,-1,937,955,956,-1,937,956,938,-1,938,956,957,-1,938,957,939,-1,939,957,958,-1,939,958,940,-1,940,958,959,-1,940,959,941,-1,941,959,960,-1,941,960,942,-1,942,960,961,-1,942,961,943,-1,943,961,962,-1,943,962,944,-1,944,962,963,-1,944,963,945,-1,945,963,964,-1,945,964,946,-1,946,964,965,-1,946,965,947,-1,947,965,966,-1,947,966,948,-1,948,966,967,-1,948,967,949,-1,949,967,968,-1,949,968,950,-1,950,968,969,-1,950,969,951,-1,951,969,819,-1,951,819,952,-1,952,819,821,-1,952,821,953,-1,833,835,841,-1,841,835,838,-1,841,838,954,-1,954,838,970,-1,954,970,955,-1,955,970,971,-1,955,971,956,-1,956,971,972,-1,956,972,957,-1,957,972,973,-1,957,973,958,-1,958,973,974,-1,958,974,959,-1,959,974,975,-1,959,975,960,-1,960,975,976,-1,960,976,961,-1,961,976,977,-1,961,977,962,-1,962,977,978,-1,962,978,963,-1,963,978,979,-1,963,979,964,-1,964,979,980,-1,964,980,965,-1,965,980,981,-1,965,981,966,-1,966,981,982,-1,966,982,967,-1,967,982,983,-1,967,983,968,-1,968,983,984,-1,968,984,969,-1,969,984,824,-1,969,824,819,-1,819,824,825,-1,819,825,820,-1,830,832,838,-1,838,832,985,-1,838,985,970,-1,970,985,986,-1,970,986,971,-1,971,986,987,-1,971,987,972,-1,972,987,988,-1,972,988,973,-1,973,988,989,-1,973,989,974,-1,974,989,990,-1,974,990,975,-1,975,990,991,-1,975,991,976,-1,976,991,992,-1,976,992,977,-1,977,992,993,-1,977,993,978,-1,978,993,994,-1,978,994,979,-1,979,994,995,-1,979,995,980,-1,980,995,996,-1,980,996,981,-1,981,996,997,-1,981,997,982,-1,982,997,998,-1,982,998,983,-1,983,998,826,-1,983,826,984,-1,984,826,828,-1,984,828,824,-1,824,828,999,-1,824,999,822,-1,803,787,832,-1,832,787,802,-1,832,802,985,-1,985,802,791,-1,985,791,986,-1,986,791,790,-1,986,790,987,-1,987,790,789,-1,987,789,988,-1,988,789,801,-1,988,801,989,-1,989,801,800,-1,989,800,990,-1,990,800,799,-1,990,799,991,-1,991,799,798,-1,991,798,992,-1,992,798,797,-1,992,797,993,-1,993,797,796,-1,993,796,994,-1,994,796,795,-1,994,795,995,-1,995,795,794,-1,995,794,996,-1,996,794,793,-1,996,793,997,-1,997,793,792,-1,997,792,998,-1,998,792,788,-1,998,788,826,-1,826,788,829,-1,826,829,827,-1,1000,1001,1002,-1,1002,1001,1003,-1,1002,1003,1004,-1,1004,1003,1005,-1,1004,1005,1006,-1,1006,1005,1007,-1,1006,1007,1000,-1,1000,1007,1001,-1,1008,1009,1010,-1,1010,1009,1011,-1,1010,1011,1012,-1,1012,1011,1013,-1,1012,1013,1014,-1,1014,1013,1015,-1,1014,1015,1008,-1,1008,1015,1009,-1,1016,1017,1015,-1,1015,1017,1018,-1,1015,1018,1019,-1,1020,1021,1007,-1,1007,1021,1022,-1,1001,1023,1013,-1,1013,1023,1024,-1,1013,1024,1025,-1,1016,1015,1026,-1,1026,1015,1013,-1,1026,1013,1027,-1,1025,1028,1013,-1,1013,1028,1029,-1,1013,1029,1027,-1,1019,1030,1015,-1,1015,1030,1031,-1,1015,1031,1007,-1,1007,1031,1032,-1,1007,1032,1020,-1,1001,1033,1034,-1,1022,1035,1007,-1,1007,1035,1036,-1,1007,1036,1001,-1,1001,1036,1037,-1,1001,1037,1033,-1,1034,1038,1001,-1,1001,1038,1039,-1,1001,1039,1023,-1,1003,1011,1005,-1,1005,1011,1009,-1,1013,1011,1001,-1,1001,1011,1003,-1,1009,1015,1005,-1,1005,1015,1007,-1,1004,1008,1002,-1,1002,1008,1010,-1,1014,1006,1012,-1,1012,1006,1000,-1,1006,1014,1004,-1,1004,1014,1008,-1,1012,1000,1010,-1,1010,1000,1002,-1,1040,1036,1035,-1,1022,1041,1035,-1,1035,1041,1042,-1,1035,1042,1040,-1,1021,1043,1022,-1,1022,1043,1044,-1,1022,1044,1041,-1,1020,1045,1021,-1,1021,1045,1046,-1,1021,1046,1043,-1,1032,1047,1020,-1,1020,1047,1048,-1,1020,1048,1045,-1,1031,1049,1032,-1,1032,1049,1050,-1,1032,1050,1047,-1,1030,1051,1031,-1,1031,1051,1052,-1,1031,1052,1049,-1,1019,1053,1030,-1,1030,1053,1054,-1,1030,1054,1051,-1,1018,1055,1019,-1,1019,1055,1056,-1,1019,1056,1053,-1,1017,1057,1018,-1,1018,1057,1058,-1,1018,1058,1055,-1,1016,1059,1017,-1,1017,1059,1060,-1,1017,1060,1057,-1,1026,1061,1016,-1,1016,1061,1062,-1,1016,1062,1059,-1,1027,1063,1026,-1,1026,1063,1064,-1,1026,1064,1061,-1,1029,1065,1027,-1,1027,1065,1066,-1,1027,1066,1063,-1,1028,1067,1029,-1,1029,1067,1068,-1,1029,1068,1065,-1,1025,1069,1028,-1,1028,1069,1070,-1,1028,1070,1067,-1,1024,1071,1025,-1,1025,1071,1072,-1,1025,1072,1069,-1,1023,1073,1024,-1,1024,1073,1074,-1,1024,1074,1071,-1,1039,1075,1023,-1,1023,1075,1076,-1,1023,1076,1073,-1,1038,1077,1039,-1,1039,1077,1078,-1,1039,1078,1075,-1,1034,1079,1038,-1,1038,1079,1080,-1,1038,1080,1077,-1,1033,1081,1034,-1,1034,1081,1082,-1,1034,1082,1079,-1,1037,1083,1033,-1,1033,1083,1084,-1,1033,1084,1081,-1,1040,1085,1036,-1,1036,1085,1086,-1,1036,1086,1037,-1,1037,1086,1087,-1,1037,1087,1083,-1,1088,1089,1090,-1,1090,1091,1088,-1,1088,1091,1092,-1,1088,1092,1093,-1,1093,1094,1088,-1,1088,1094,1095,-1,1088,1095,1096,-1,1097,1098,1088,-1,1088,1098,1099,-1,1088,1099,1100,-1,1096,1101,1088,-1,1088,1101,1102,-1,1088,1102,1097,-1,1100,1103,1088,-1,1088,1103,1104,-1,1088,1104,1105,-1,1106,1089,1088,-1,1107,1108,1109,-1,1107,1109,1110,-1,1110,1109,1111,-1,1110,1111,1112,-1,1113,1114,1115,-1,1115,1114,1116,-1,1117,1118,1119,-1,1119,1118,1120,-1,1119,1120,1121,-1,1122,1123,1124,-1,1125,1126,1127,-1,1127,1126,1128,-1,1129,1130,1131,-1,1091,1090,1132,-1,1133,1134,1135,-1,1135,1134,1106,-1,1136,1137,1138,-1,1138,1137,1139,-1,1139,1140,1138,-1,1138,1140,1133,-1,1138,1133,1141,-1,1142,1143,1144,-1,1144,1143,1136,-1,1145,1146,1147,-1,1147,1146,1148,-1,1147,1148,1142,-1,1149,1150,1151,-1,1151,1150,1152,-1,1151,1152,1145,-1,1153,1154,1155,-1,1155,1154,1149,-1,1156,1157,1158,-1,1158,1157,1153,-1,1109,1159,1111,-1,1111,1159,1160,-1,1111,1160,1161,-1,1160,1162,1161,-1,1161,1162,1163,-1,1161,1163,1164,-1,1164,1163,1165,-1,1164,1165,1166,-1,1165,1167,1166,-1,1166,1167,1168,-1,1166,1168,1169,-1,1168,1170,1169,-1,1169,1170,1171,-1,1169,1171,1172,-1,1172,1171,1173,-1,1172,1173,1174,-1,1174,1173,1175,-1,1174,1175,1176,-1,1176,1175,1177,-1,1177,1178,1176,-1,1176,1178,1179,-1,1176,1179,1180,-1,1179,1181,1180,-1,1180,1181,1182,-1,1180,1182,1183,-1,1183,1182,1184,-1,1183,1184,1185,-1,1184,1186,1185,-1,1185,1186,1187,-1,1185,1187,1188,-1,1187,1189,1188,-1,1188,1189,1190,-1,1188,1190,1191,-1,1191,1190,1192,-1,1191,1192,1193,-1,1193,1192,1194,-1,1193,1194,1195,-1,1195,1194,1196,-1,1196,1197,1195,-1,1195,1197,1198,-1,1195,1198,1199,-1,1200,1201,1202,-1,1202,1201,1156,-1,1202,1156,1203,-1,1203,1156,1158,-1,1203,1158,1204,-1,1204,1158,1205,-1,1204,1205,1206,-1,1206,1205,1199,-1,1206,1199,1207,-1,1207,1199,1198,-1,1153,1155,1158,-1,1158,1155,1208,-1,1158,1208,1205,-1,1205,1208,1209,-1,1205,1209,1199,-1,1199,1209,1210,-1,1199,1210,1195,-1,1195,1210,1211,-1,1195,1211,1193,-1,1193,1211,1212,-1,1193,1212,1191,-1,1191,1212,1213,-1,1191,1213,1188,-1,1188,1213,1214,-1,1188,1214,1185,-1,1185,1214,1215,-1,1185,1215,1183,-1,1183,1215,1216,-1,1183,1216,1180,-1,1180,1216,1217,-1,1180,1217,1176,-1,1176,1217,1218,-1,1176,1218,1174,-1,1174,1218,1219,-1,1174,1219,1172,-1,1172,1219,1220,-1,1172,1220,1169,-1,1169,1220,1221,-1,1169,1221,1166,-1,1166,1221,1222,-1,1166,1222,1164,-1,1164,1222,1223,-1,1164,1223,1161,-1,1161,1223,1115,-1,1161,1115,1111,-1,1111,1115,1116,-1,1111,1116,1112,-1,1149,1151,1155,-1,1155,1151,1224,-1,1155,1224,1208,-1,1208,1224,1225,-1,1208,1225,1209,-1,1209,1225,1226,-1,1209,1226,1210,-1,1210,1226,1227,-1,1210,1227,1211,-1,1211,1227,1228,-1,1211,1228,1212,-1,1212,1228,1229,-1,1212,1229,1213,-1,1213,1229,1230,-1,1213,1230,1214,-1,1214,1230,1231,-1,1214,1231,1215,-1,1215,1231,1232,-1,1215,1232,1216,-1,1216,1232,1233,-1,1216,1233,1217,-1,1217,1233,1234,-1,1217,1234,1218,-1,1218,1234,1235,-1,1218,1235,1219,-1,1219,1235,1236,-1,1219,1236,1220,-1,1220,1236,1237,-1,1220,1237,1221,-1,1221,1237,1238,-1,1221,1238,1222,-1,1222,1238,1239,-1,1222,1239,1223,-1,1223,1239,1119,-1,1223,1119,1115,-1,1115,1119,1121,-1,1115,1121,1113,-1,1145,1147,1151,-1,1151,1147,1240,-1,1151,1240,1224,-1,1224,1240,1241,-1,1224,1241,1225,-1,1225,1241,1242,-1,1225,1242,1226,-1,1226,1242,1243,-1,1226,1243,1227,-1,1227,1243,1244,-1,1227,1244,1228,-1,1228,1244,1245,-1,1228,1245,1229,-1,1229,1245,1246,-1,1229,1246,1230,-1,1230,1246,1247,-1,1230,1247,1231,-1,1231,1247,1248,-1,1231,1248,1232,-1,1232,1248,1249,-1,1232,1249,1233,-1,1233,1249,1250,-1,1233,1250,1234,-1,1234,1250,1251,-1,1234,1251,1235,-1,1235,1251,1252,-1,1235,1252,1236,-1,1236,1252,1253,-1,1236,1253,1237,-1,1237,1253,1254,-1,1237,1254,1238,-1,1238,1254,1255,-1,1238,1255,1239,-1,1239,1255,1256,-1,1239,1256,1119,-1,1119,1256,1257,-1,1119,1257,1117,-1,1142,1144,1147,-1,1147,1144,1258,-1,1147,1258,1240,-1,1240,1258,1259,-1,1240,1259,1241,-1,1241,1259,1260,-1,1241,1260,1242,-1,1242,1260,1261,-1,1242,1261,1243,-1,1243,1261,1262,-1,1243,1262,1244,-1,1244,1262,1263,-1,1244,1263,1245,-1,1245,1263,1264,-1,1245,1264,1246,-1,1246,1264,1265,-1,1246,1265,1247,-1,1247,1265,1266,-1,1247,1266,1248,-1,1248,1266,1267,-1,1248,1267,1249,-1,1249,1267,1268,-1,1249,1268,1250,-1,1250,1268,1269,-1,1250,1269,1251,-1,1251,1269,1270,-1,1251,1270,1252,-1,1252,1270,1271,-1,1252,1271,1253,-1,1253,1271,1272,-1,1253,1272,1254,-1,1254,1272,1273,-1,1254,1273,1255,-1,1255,1273,1122,-1,1255,1122,1256,-1,1256,1122,1124,-1,1256,1124,1257,-1,1136,1138,1144,-1,1144,1138,1141,-1,1144,1141,1258,-1,1258,1141,1274,-1,1258,1274,1259,-1,1259,1274,1275,-1,1259,1275,1260,-1,1260,1275,1276,-1,1260,1276,1261,-1,1261,1276,1277,-1,1261,1277,1262,-1,1262,1277,1278,-1,1262,1278,1263,-1,1263,1278,1279,-1,1263,1279,1264,-1,1264,1279,1280,-1,1264,1280,1265,-1,1265,1280,1281,-1,1265,1281,1266,-1,1266,1281,1282,-1,1266,1282,1267,-1,1267,1282,1283,-1,1267,1283,1268,-1,1268,1283,1284,-1,1268,1284,1269,-1,1269,1284,1285,-1,1269,1285,1270,-1,1270,1285,1286,-1,1270,1286,1271,-1,1271,1286,1287,-1,1271,1287,1272,-1,1272,1287,1288,-1,1272,1288,1273,-1,1273,1288,1127,-1,1273,1127,1122,-1,1122,1127,1128,-1,1122,1128,1123,-1,1133,1135,1141,-1,1141,1135,1289,-1,1141,1289,1274,-1,1274,1289,1290,-1,1274,1290,1275,-1,1275,1290,1291,-1,1275,1291,1276,-1,1276,1291,1292,-1,1276,1292,1277,-1,1277,1292,1293,-1,1277,1293,1278,-1,1278,1293,1294,-1,1278,1294,1279,-1,1279,1294,1295,-1,1279,1295,1280,-1,1280,1295,1296,-1,1280,1296,1281,-1,1281,1296,1297,-1,1281,1297,1282,-1,1282,1297,1298,-1,1282,1298,1283,-1,1283,1298,1299,-1,1283,1299,1284,-1,1284,1299,1300,-1,1284,1300,1285,-1,1285,1300,1301,-1,1285,1301,1286,-1,1286,1301,1302,-1,1286,1302,1287,-1,1287,1302,1129,-1,1287,1129,1288,-1,1288,1129,1131,-1,1288,1131,1127,-1,1127,1131,1303,-1,1127,1303,1125,-1,1106,1088,1135,-1,1135,1088,1105,-1,1135,1105,1289,-1,1289,1105,1104,-1,1289,1104,1290,-1,1290,1104,1103,-1,1290,1103,1291,-1,1291,1103,1100,-1,1291,1100,1292,-1,1292,1100,1099,-1,1292,1099,1293,-1,1293,1099,1098,-1,1293,1098,1294,-1,1294,1098,1097,-1,1294,1097,1295,-1,1295,1097,1102,-1,1295,1102,1296,-1,1296,1102,1101,-1,1296,1101,1297,-1,1297,1101,1096,-1,1297,1096,1298,-1,1298,1096,1095,-1,1298,1095,1299,-1,1299,1095,1094,-1,1299,1094,1300,-1,1300,1094,1093,-1,1300,1093,1301,-1,1301,1093,1092,-1,1301,1092,1302,-1,1302,1092,1091,-1,1302,1091,1129,-1,1129,1091,1132,-1,1129,1132,1130,-1,900,901,1304,-1,1304,901,1305,-1,1304,1305,1306,-1,1306,1305,1307,-1,1306,1307,1308,-1,1309,1310,1308,-1,1308,1310,1311,-1,1308,1311,1306,-1,1312,1313,1314,-1,1314,1315,1312,-1,1312,1315,1316,-1,1312,1316,1317,-1,806,805,1318,-1,1317,1316,1318,-1,1318,1316,1319,-1,1318,1319,806,-1,865,1320,867,-1,867,1320,1321,-1,867,1321,868,-1,868,1321,870,-1,870,1321,1322,-1,870,1322,871,-1,871,1322,873,-1,873,1322,1323,-1,873,1323,874,-1,1324,878,1323,-1,1323,878,876,-1,1323,876,874,-1,884,882,1325,-1,1325,882,881,-1,1325,881,1324,-1,1324,881,879,-1,1324,879,878,-1,884,1325,886,-1,886,1325,1326,-1,886,1326,887,-1,887,1326,889,-1,889,1326,1327,-1,889,1327,890,-1,890,1327,892,-1,892,1327,1328,-1,892,1328,893,-1,1329,897,1328,-1,1328,897,895,-1,1328,895,893,-1,901,902,1305,-1,1305,902,903,-1,1305,903,1329,-1,1329,903,898,-1,1329,898,897,-1,1108,1310,1109,-1,1109,1310,1309,-1,1109,1309,1159,-1,1159,1309,1330,-1,1165,1163,1331,-1,1331,1163,1162,-1,1331,1162,1330,-1,1330,1162,1160,-1,1330,1160,1159,-1,1165,1331,1167,-1,1167,1331,1332,-1,1167,1332,1168,-1,1168,1332,1170,-1,1170,1332,1333,-1,1170,1333,1171,-1,1334,1175,1333,-1,1333,1175,1173,-1,1333,1173,1171,-1,1335,1178,1334,-1,1334,1178,1177,-1,1334,1177,1175,-1,1184,1182,1336,-1,1336,1182,1181,-1,1336,1181,1335,-1,1335,1181,1179,-1,1335,1179,1178,-1,1184,1336,1186,-1,1186,1336,1337,-1,1186,1337,1187,-1,1187,1337,1189,-1,1189,1337,1338,-1,1189,1338,1190,-1,1339,1194,1338,-1,1338,1194,1192,-1,1338,1192,1190,-1,1340,1197,1339,-1,1339,1197,1196,-1,1339,1196,1194,-1,1204,1206,1341,-1,1341,1206,1207,-1,1341,1207,1340,-1,1340,1207,1198,-1,1340,1198,1197,-1,1204,1341,1203,-1,1203,1341,1314,-1,1203,1314,1202,-1,1202,1314,1313,-1,1202,1313,1200,-1,1342,859,1319,-1,1319,859,857,-1,1319,857,806,-1,865,863,1320,-1,1320,863,862,-1,1320,862,1342,-1,1342,862,860,-1,1342,860,859,-1,1343,1315,1344,-1,1344,1315,1314,-1,1344,1314,1345,-1,1345,1314,1341,-1,1345,1341,1346,-1,1346,1341,1340,-1,1346,1340,1347,-1,1347,1340,1339,-1,1347,1339,1348,-1,1348,1339,1338,-1,1348,1338,1349,-1,1349,1338,1337,-1,1349,1337,1350,-1,1351,1324,1352,-1,1352,1324,1323,-1,1352,1323,1353,-1,1353,1323,1322,-1,1353,1322,1354,-1,1354,1322,1321,-1,1354,1321,1355,-1,1355,1321,1320,-1,1355,1320,1356,-1,1356,1320,1342,-1,1356,1342,1357,-1,1357,1342,1319,-1,1357,1319,1343,-1,1343,1319,1316,-1,1343,1316,1315,-1,1358,1308,1359,-1,1359,1308,1307,-1,1359,1307,1360,-1,1360,1307,1305,-1,1360,1305,1361,-1,1361,1305,1329,-1,1361,1329,1362,-1,1362,1329,1328,-1,1362,1328,1363,-1,1363,1328,1327,-1,1363,1327,1364,-1,1364,1327,1326,-1,1364,1326,1351,-1,1351,1326,1325,-1,1351,1325,1324,-1,1337,1336,1350,-1,1350,1336,1335,-1,1350,1335,1365,-1,1365,1335,1334,-1,1365,1334,1366,-1,1366,1334,1333,-1,1366,1333,1367,-1,1367,1333,1332,-1,1367,1332,1368,-1,1368,1332,1331,-1,1368,1331,1369,-1,1369,1331,1330,-1,1369,1330,1358,-1,1358,1330,1309,-1,1358,1309,1308,-1,1354,1355,1370,-1,1370,1371,1354,-1,1354,1371,1372,-1,1354,1372,1353,-1,1372,1373,1353,-1,1353,1373,1374,-1,1353,1374,1352,-1,1374,1375,1352,-1,1352,1375,1376,-1,1352,1376,1351,-1,1376,1377,1351,-1,1351,1377,1378,-1,1351,1378,1364,-1,1378,1379,1364,-1,1364,1379,1380,-1,1364,1380,1363,-1,1380,1381,1363,-1,1363,1381,1382,-1,1363,1382,1362,-1,1382,1383,1362,-1,1362,1383,1384,-1,1362,1384,1361,-1,1384,1385,1361,-1,1361,1385,1386,-1,1361,1386,1360,-1,1386,1387,1360,-1,1360,1387,1388,-1,1360,1388,1359,-1,1388,1389,1359,-1,1359,1389,1390,-1,1359,1390,1358,-1,1390,1391,1358,-1,1358,1391,1392,-1,1358,1392,1369,-1,1392,1393,1369,-1,1369,1393,1394,-1,1369,1394,1368,-1,1394,1395,1368,-1,1368,1395,1396,-1,1368,1396,1367,-1,1396,1397,1367,-1,1367,1397,1398,-1,1367,1398,1366,-1,1398,1399,1366,-1,1366,1399,1400,-1,1366,1400,1365,-1,1400,1401,1365,-1,1365,1401,1402,-1,1365,1402,1350,-1,1402,1403,1350,-1,1350,1403,1404,-1,1350,1404,1349,-1,1404,1405,1349,-1,1349,1405,1406,-1,1349,1406,1348,-1,1406,1407,1348,-1,1348,1407,1408,-1,1348,1408,1347,-1,1408,1409,1347,-1,1347,1409,1410,-1,1347,1410,1346,-1,1410,1411,1346,-1,1346,1411,1412,-1,1346,1412,1345,-1,1412,1413,1345,-1,1345,1413,1414,-1,1345,1414,1344,-1,1414,1415,1344,-1,1344,1415,1416,-1,1344,1416,1343,-1,1416,1417,1343,-1,1343,1417,1418,-1,1343,1418,1357,-1,1418,1419,1357,-1,1357,1419,1420,-1,1357,1420,1356,-1,1420,1421,1356,-1,1356,1421,1422,-1,1356,1422,1355,-1,1355,1422,1423,-1,1355,1423,1370,-1,1064,1395,1061,-1,1061,1395,1394,-1,1061,1394,1062,-1,1062,1394,1393,-1,1062,1393,1059,-1,1059,1393,1392,-1,1059,1392,1060,-1,1060,1392,1391,-1,1060,1391,1057,-1,1057,1391,1390,-1,1057,1390,1058,-1,1058,1390,1389,-1,1058,1389,1055,-1,1055,1389,1388,-1,1055,1388,1056,-1,1056,1388,1387,-1,1056,1387,1053,-1,1053,1387,1386,-1,1053,1386,1054,-1,1054,1386,1385,-1,1054,1385,1051,-1,1051,1385,1384,-1,1051,1384,1052,-1,1052,1384,1383,-1,1052,1383,1049,-1,1383,1382,1049,-1,1049,1382,1381,-1,1049,1381,1050,-1,1050,1381,1380,-1,1050,1380,1047,-1,1047,1380,1379,-1,1047,1379,1048,-1,1379,1378,1048,-1,1048,1378,1377,-1,1048,1377,1045,-1,1045,1377,1376,-1,1045,1376,1046,-1,1046,1376,1375,-1,1046,1375,1043,-1,1043,1375,1374,-1,1043,1374,1044,-1,1044,1374,1373,-1,1044,1373,1041,-1,1041,1373,1372,-1,1041,1372,1042,-1,1042,1372,1371,-1,1042,1371,1040,-1,1040,1371,1370,-1,1040,1370,1085,-1,1085,1370,1423,-1,1085,1423,1086,-1,1086,1423,1422,-1,1086,1422,1087,-1,1087,1422,1421,-1,1087,1421,1083,-1,1083,1421,1420,-1,1083,1420,1084,-1,1084,1420,1419,-1,1084,1419,1081,-1,1419,1418,1081,-1,1081,1418,1417,-1,1081,1417,1082,-1,1082,1417,1416,-1,1082,1416,1079,-1,1079,1416,1415,-1,1079,1415,1080,-1,1415,1414,1080,-1,1080,1414,1413,-1,1080,1413,1077,-1,1077,1413,1412,-1,1077,1412,1078,-1,1078,1412,1411,-1,1078,1411,1075,-1,1075,1411,1410,-1,1075,1410,1076,-1,1076,1410,1409,-1,1076,1409,1073,-1,1073,1409,1408,-1,1073,1408,1074,-1,1074,1408,1407,-1,1074,1407,1071,-1,1071,1407,1406,-1,1071,1406,1072,-1,1072,1406,1405,-1,1072,1405,1069,-1,1069,1405,1404,-1,1069,1404,1070,-1,1070,1404,1403,-1,1070,1403,1067,-1,1067,1403,1402,-1,1067,1402,1068,-1,1068,1402,1401,-1,1068,1401,1065,-1,1401,1400,1065,-1,1065,1400,1399,-1,1065,1399,1066,-1,1066,1399,1398,-1,1066,1398,1063,-1,1063,1398,1397,-1,1063,1397,1064,-1,1064,1397,1396,-1,1064,1396,1395,-1,854,853,1318,-1,1318,853,900,-1,1318,900,1304,-1,840,839,823,-1,849,847,1318,-1,1318,847,846,-1,1318,846,851,-1,851,850,1318,-1,1318,850,856,-1,1318,856,854,-1,805,804,843,-1,843,804,807,-1,807,809,843,-1,843,809,813,-1,843,813,811,-1,811,810,843,-1,843,810,818,-1,843,818,817,-1,820,843,821,-1,821,843,953,-1,820,825,843,-1,843,825,823,-1,843,823,845,-1,845,823,839,-1,805,843,1318,-1,1318,843,842,-1,1318,842,849,-1,817,815,843,-1,843,815,814,-1,843,814,953,-1,785,803,831,-1,822,999,834,-1,834,999,828,-1,834,828,836,-1,822,834,823,-1,823,834,833,-1,823,833,840,-1,785,831,786,-1,829,786,827,-1,827,786,831,-1,827,831,828,-1,828,831,830,-1,828,830,836,-1,836,830,837,-1,1156,1201,1310,-1,1310,1201,1200,-1,1310,1200,1313,-1,1143,1142,1126,-1,1152,1150,1310,-1,1310,1150,1149,-1,1310,1149,1154,-1,1154,1153,1310,-1,1310,1153,1157,-1,1310,1157,1156,-1,1108,1107,1146,-1,1146,1107,1110,-1,1110,1112,1146,-1,1146,1112,1116,-1,1146,1116,1114,-1,1114,1113,1146,-1,1146,1113,1121,-1,1146,1121,1120,-1,1123,1146,1124,-1,1124,1146,1257,-1,1089,1106,1134,-1,1143,1126,1136,-1,1123,1128,1146,-1,1146,1128,1126,-1,1146,1126,1148,-1,1148,1126,1142,-1,1108,1146,1310,-1,1310,1146,1145,-1,1310,1145,1152,-1,1120,1118,1146,-1,1146,1118,1117,-1,1146,1117,1257,-1,1136,1126,1137,-1,1137,1126,1125,-1,1137,1125,1303,-1,1130,1134,1133,-1,1089,1134,1090,-1,1090,1134,1130,-1,1090,1130,1132,-1,1303,1131,1137,-1,1137,1131,1130,-1,1137,1130,1139,-1,1139,1130,1133,-1,1139,1133,1140,-1,1310,1313,1312,-1,1310,1312,1311,-1,1311,1312,1317,-1,1311,1317,1306,-1,1306,1317,1318,-1,1306,1318,1304,-1,1424,1425,1426,-1,1426,1425,1427,-1,1426,1427,1428,-1,1424,1429,1425,-1,1425,1429,1430,-1,1425,1430,1431,-1,1431,1432,1425,-1,1425,1432,1433,-1,1425,1433,1434,-1,1435,1436,1437,-1,1437,1436,1425,-1,1437,1425,1438,-1,1438,1425,1434,-1,1428,1439,1426,-1,1426,1439,1440,-1,1426,1440,1441,-1,1442,1435,1437,-1,1443,1444,1445,-1,1443,1445,1446,-1,1447,1448,1446,-1,1449,1450,1451,-1,1451,1450,1452,-1,1453,1454,1455,-1,1455,1454,1456,-1,1455,1456,1457,-1,1458,1459,1460,-1,1461,1462,1463,-1,1463,1462,1464,-1,1465,1466,1467,-1,1425,1436,1468,-1,1469,1470,1471,-1,1471,1470,1442,-1,1472,1473,1474,-1,1474,1473,1475,-1,1475,1476,1474,-1,1474,1476,1469,-1,1474,1469,1477,-1,1478,1479,1480,-1,1480,1479,1472,-1,1481,1482,1483,-1,1483,1482,1484,-1,1483,1484,1478,-1,1485,1486,1487,-1,1487,1486,1488,-1,1487,1488,1481,-1,1489,1490,1491,-1,1491,1490,1485,-1,1492,1493,1494,-1,1494,1493,1495,-1,1494,1495,1489,-1,1446,1445,1447,-1,1447,1445,1496,-1,1447,1496,1497,-1,1496,1498,1497,-1,1497,1498,1499,-1,1497,1499,1500,-1,1499,1501,1500,-1,1500,1501,1502,-1,1500,1502,1503,-1,1503,1502,1504,-1,1503,1504,1505,-1,1504,1506,1505,-1,1505,1506,1507,-1,1505,1507,1508,-1,1507,1509,1508,-1,1508,1509,1510,-1,1508,1510,1511,-1,1510,1512,1511,-1,1511,1512,1513,-1,1511,1513,1514,-1,1514,1513,1515,-1,1514,1515,1516,-1,1515,1517,1516,-1,1516,1517,1518,-1,1516,1518,1519,-1,1518,1520,1519,-1,1519,1520,1521,-1,1519,1521,1522,-1,1522,1521,1523,-1,1522,1523,1524,-1,1523,1525,1524,-1,1524,1525,1526,-1,1524,1526,1527,-1,1526,1528,1527,-1,1527,1528,1529,-1,1527,1529,1530,-1,1529,1531,1530,-1,1530,1531,1532,-1,1530,1532,1533,-1,1533,1532,1534,-1,1533,1534,1535,-1,1534,1536,1535,-1,1535,1536,1537,-1,1535,1537,1538,-1,1539,1492,1540,-1,1540,1492,1494,-1,1540,1494,1541,-1,1541,1494,1538,-1,1541,1538,1542,-1,1542,1538,1537,-1,1489,1491,1494,-1,1494,1491,1543,-1,1494,1543,1538,-1,1538,1543,1544,-1,1538,1544,1535,-1,1535,1544,1545,-1,1535,1545,1533,-1,1533,1545,1546,-1,1533,1546,1530,-1,1530,1546,1547,-1,1530,1547,1527,-1,1527,1547,1548,-1,1527,1548,1524,-1,1524,1548,1549,-1,1524,1549,1522,-1,1522,1549,1550,-1,1522,1550,1519,-1,1519,1550,1551,-1,1519,1551,1516,-1,1516,1551,1552,-1,1516,1552,1514,-1,1514,1552,1553,-1,1514,1553,1511,-1,1511,1553,1554,-1,1511,1554,1508,-1,1508,1554,1555,-1,1508,1555,1505,-1,1505,1555,1556,-1,1505,1556,1503,-1,1503,1556,1557,-1,1503,1557,1500,-1,1500,1557,1558,-1,1500,1558,1497,-1,1497,1558,1451,-1,1497,1451,1447,-1,1447,1451,1452,-1,1447,1452,1448,-1,1485,1487,1491,-1,1491,1487,1559,-1,1491,1559,1543,-1,1543,1559,1560,-1,1543,1560,1544,-1,1544,1560,1561,-1,1544,1561,1545,-1,1545,1561,1562,-1,1545,1562,1546,-1,1546,1562,1563,-1,1546,1563,1547,-1,1547,1563,1564,-1,1547,1564,1548,-1,1548,1564,1565,-1,1548,1565,1549,-1,1549,1565,1566,-1,1549,1566,1550,-1,1550,1566,1567,-1,1550,1567,1551,-1,1551,1567,1568,-1,1551,1568,1552,-1,1552,1568,1569,-1,1552,1569,1553,-1,1553,1569,1570,-1,1553,1570,1554,-1,1554,1570,1571,-1,1554,1571,1555,-1,1555,1571,1572,-1,1555,1572,1556,-1,1556,1572,1573,-1,1556,1573,1557,-1,1557,1573,1574,-1,1557,1574,1558,-1,1558,1574,1455,-1,1558,1455,1451,-1,1451,1455,1457,-1,1451,1457,1449,-1,1481,1483,1487,-1,1487,1483,1575,-1,1487,1575,1559,-1,1559,1575,1576,-1,1559,1576,1560,-1,1560,1576,1577,-1,1560,1577,1561,-1,1561,1577,1578,-1,1561,1578,1562,-1,1562,1578,1579,-1,1562,1579,1563,-1,1563,1579,1580,-1,1563,1580,1564,-1,1564,1580,1581,-1,1564,1581,1565,-1,1565,1581,1582,-1,1565,1582,1566,-1,1566,1582,1583,-1,1566,1583,1567,-1,1567,1583,1584,-1,1567,1584,1568,-1,1568,1584,1585,-1,1568,1585,1569,-1,1569,1585,1586,-1,1569,1586,1570,-1,1570,1586,1587,-1,1570,1587,1571,-1,1571,1587,1588,-1,1571,1588,1572,-1,1572,1588,1589,-1,1572,1589,1573,-1,1573,1589,1590,-1,1573,1590,1574,-1,1574,1590,1591,-1,1574,1591,1455,-1,1455,1591,1592,-1,1455,1592,1453,-1,1478,1480,1483,-1,1483,1480,1593,-1,1483,1593,1575,-1,1575,1593,1594,-1,1575,1594,1576,-1,1576,1594,1595,-1,1576,1595,1577,-1,1577,1595,1596,-1,1577,1596,1578,-1,1578,1596,1597,-1,1578,1597,1579,-1,1579,1597,1598,-1,1579,1598,1580,-1,1580,1598,1599,-1,1580,1599,1581,-1,1581,1599,1600,-1,1581,1600,1582,-1,1582,1600,1601,-1,1582,1601,1583,-1,1583,1601,1602,-1,1583,1602,1584,-1,1584,1602,1603,-1,1584,1603,1585,-1,1585,1603,1604,-1,1585,1604,1586,-1,1586,1604,1605,-1,1586,1605,1587,-1,1587,1605,1606,-1,1587,1606,1588,-1,1588,1606,1607,-1,1588,1607,1589,-1,1589,1607,1608,-1,1589,1608,1590,-1,1590,1608,1458,-1,1590,1458,1591,-1,1591,1458,1460,-1,1591,1460,1592,-1,1472,1474,1480,-1,1480,1474,1477,-1,1480,1477,1593,-1,1593,1477,1609,-1,1593,1609,1594,-1,1594,1609,1610,-1,1594,1610,1595,-1,1595,1610,1611,-1,1595,1611,1596,-1,1596,1611,1612,-1,1596,1612,1597,-1,1597,1612,1613,-1,1597,1613,1598,-1,1598,1613,1614,-1,1598,1614,1599,-1,1599,1614,1615,-1,1599,1615,1600,-1,1600,1615,1616,-1,1600,1616,1601,-1,1601,1616,1617,-1,1601,1617,1602,-1,1602,1617,1618,-1,1602,1618,1603,-1,1603,1618,1619,-1,1603,1619,1604,-1,1604,1619,1620,-1,1604,1620,1605,-1,1605,1620,1621,-1,1605,1621,1606,-1,1606,1621,1622,-1,1606,1622,1607,-1,1607,1622,1623,-1,1607,1623,1608,-1,1608,1623,1463,-1,1608,1463,1458,-1,1458,1463,1464,-1,1458,1464,1459,-1,1469,1471,1477,-1,1477,1471,1624,-1,1477,1624,1609,-1,1609,1624,1625,-1,1609,1625,1610,-1,1610,1625,1626,-1,1610,1626,1611,-1,1611,1626,1627,-1,1611,1627,1612,-1,1612,1627,1628,-1,1612,1628,1613,-1,1613,1628,1629,-1,1613,1629,1614,-1,1614,1629,1630,-1,1614,1630,1615,-1,1615,1630,1631,-1,1615,1631,1616,-1,1616,1631,1632,-1,1616,1632,1617,-1,1617,1632,1633,-1,1617,1633,1618,-1,1618,1633,1634,-1,1618,1634,1619,-1,1619,1634,1635,-1,1619,1635,1620,-1,1620,1635,1636,-1,1620,1636,1621,-1,1621,1636,1637,-1,1621,1637,1622,-1,1622,1637,1465,-1,1622,1465,1623,-1,1623,1465,1467,-1,1623,1467,1463,-1,1463,1467,1638,-1,1463,1638,1461,-1,1442,1437,1471,-1,1471,1437,1438,-1,1471,1438,1624,-1,1624,1438,1434,-1,1624,1434,1625,-1,1625,1434,1433,-1,1625,1433,1626,-1,1626,1433,1432,-1,1626,1432,1627,-1,1627,1432,1431,-1,1627,1431,1628,-1,1628,1431,1430,-1,1628,1430,1629,-1,1629,1430,1429,-1,1629,1429,1630,-1,1630,1429,1424,-1,1630,1424,1631,-1,1631,1424,1426,-1,1631,1426,1632,-1,1632,1426,1441,-1,1632,1441,1633,-1,1633,1441,1440,-1,1633,1440,1634,-1,1634,1440,1439,-1,1634,1439,1635,-1,1635,1439,1428,-1,1635,1428,1636,-1,1636,1428,1427,-1,1636,1427,1637,-1,1637,1427,1425,-1,1637,1425,1465,-1,1465,1425,1468,-1,1465,1468,1466,-1,1639,1640,1641,-1,1641,1640,1642,-1,1641,1642,1643,-1,1643,1642,1644,-1,1643,1644,1645,-1,1645,1644,1646,-1,1645,1646,1639,-1,1639,1646,1640,-1,1647,1648,1649,-1,1649,1648,1650,-1,1649,1650,1651,-1,1651,1650,1652,-1,1651,1652,1653,-1,1653,1652,1654,-1,1653,1654,1647,-1,1647,1654,1648,-1,1655,1656,1652,-1,1652,1656,1657,-1,1658,1659,1654,-1,1654,1659,1660,-1,1657,1661,1652,-1,1652,1661,1662,-1,1652,1662,1654,-1,1654,1662,1663,-1,1654,1663,1658,-1,1664,1665,1646,-1,1646,1665,1666,-1,1660,1667,1654,-1,1654,1667,1668,-1,1654,1668,1646,-1,1646,1668,1669,-1,1646,1669,1664,-1,1666,1670,1646,-1,1646,1670,1671,-1,1646,1671,1640,-1,1640,1671,1672,-1,1672,1673,1640,-1,1640,1673,1674,-1,1640,1674,1675,-1,1675,1676,1640,-1,1640,1676,1677,-1,1640,1677,1652,-1,1652,1677,1678,-1,1652,1678,1655,-1,1642,1650,1644,-1,1644,1650,1648,-1,1652,1650,1640,-1,1640,1650,1642,-1,1648,1654,1644,-1,1644,1654,1646,-1,1643,1647,1641,-1,1641,1647,1649,-1,1653,1645,1651,-1,1651,1645,1639,-1,1645,1653,1643,-1,1643,1653,1647,-1,1651,1639,1649,-1,1649,1639,1641,-1,1679,1671,1670,-1,1666,1680,1670,-1,1670,1680,1681,-1,1670,1681,1679,-1,1665,1682,1666,-1,1666,1682,1683,-1,1666,1683,1680,-1,1664,1684,1665,-1,1665,1684,1685,-1,1665,1685,1682,-1,1669,1686,1664,-1,1664,1686,1687,-1,1664,1687,1684,-1,1668,1688,1669,-1,1669,1688,1689,-1,1669,1689,1686,-1,1667,1690,1668,-1,1668,1690,1691,-1,1668,1691,1688,-1,1660,1692,1667,-1,1667,1692,1693,-1,1667,1693,1690,-1,1659,1694,1660,-1,1660,1694,1695,-1,1660,1695,1692,-1,1658,1696,1659,-1,1659,1696,1697,-1,1659,1697,1694,-1,1663,1698,1658,-1,1658,1698,1699,-1,1658,1699,1696,-1,1662,1700,1663,-1,1663,1700,1701,-1,1663,1701,1698,-1,1661,1702,1662,-1,1662,1702,1703,-1,1662,1703,1700,-1,1657,1704,1661,-1,1661,1704,1705,-1,1661,1705,1702,-1,1656,1706,1657,-1,1657,1706,1707,-1,1657,1707,1704,-1,1655,1708,1656,-1,1656,1708,1709,-1,1656,1709,1706,-1,1678,1710,1655,-1,1655,1710,1711,-1,1655,1711,1708,-1,1677,1712,1678,-1,1678,1712,1713,-1,1678,1713,1710,-1,1676,1714,1677,-1,1677,1714,1715,-1,1677,1715,1712,-1,1675,1716,1676,-1,1676,1716,1717,-1,1676,1717,1714,-1,1674,1718,1675,-1,1675,1718,1719,-1,1675,1719,1716,-1,1673,1720,1674,-1,1674,1720,1721,-1,1674,1721,1718,-1,1672,1722,1673,-1,1673,1722,1723,-1,1673,1723,1720,-1,1679,1724,1671,-1,1671,1724,1725,-1,1671,1725,1672,-1,1672,1725,1726,-1,1672,1726,1722,-1,1727,1728,1729,-1,1729,1728,1730,-1,1731,1732,1733,-1,1733,1732,1728,-1,1733,1728,1734,-1,1734,1728,1727,-1,1728,1735,1730,-1,1730,1735,1736,-1,1730,1736,1737,-1,1737,1738,1730,-1,1730,1738,1739,-1,1730,1739,1740,-1,1740,1741,1730,-1,1730,1741,1742,-1,1730,1742,1743,-1,1743,1742,1744,-1,1745,1731,1733,-1,1746,1747,1748,-1,1746,1748,1749,-1,1749,1748,1750,-1,1749,1750,1751,-1,1752,1753,1754,-1,1754,1753,1755,-1,1756,1757,1758,-1,1758,1757,1759,-1,1758,1759,1760,-1,1761,1762,1763,-1,1764,1765,1766,-1,1766,1765,1767,-1,1768,1769,1770,-1,1728,1732,1771,-1,1772,1773,1774,-1,1774,1773,1745,-1,1775,1776,1777,-1,1777,1776,1778,-1,1778,1779,1777,-1,1777,1779,1772,-1,1777,1772,1780,-1,1781,1782,1783,-1,1783,1782,1775,-1,1784,1785,1786,-1,1786,1785,1787,-1,1786,1787,1781,-1,1788,1789,1790,-1,1790,1789,1791,-1,1790,1791,1784,-1,1792,1793,1794,-1,1794,1793,1788,-1,1795,1796,1797,-1,1797,1796,1792,-1,1748,1798,1750,-1,1750,1798,1799,-1,1750,1799,1800,-1,1799,1801,1800,-1,1800,1801,1802,-1,1800,1802,1803,-1,1803,1802,1804,-1,1803,1804,1805,-1,1804,1806,1805,-1,1805,1806,1807,-1,1805,1807,1808,-1,1807,1809,1808,-1,1808,1809,1810,-1,1808,1810,1811,-1,1811,1810,1812,-1,1811,1812,1813,-1,1813,1812,1814,-1,1813,1814,1815,-1,1815,1814,1816,-1,1816,1817,1815,-1,1815,1817,1818,-1,1815,1818,1819,-1,1818,1820,1819,-1,1819,1820,1821,-1,1819,1821,1822,-1,1822,1821,1823,-1,1822,1823,1824,-1,1823,1825,1824,-1,1824,1825,1826,-1,1824,1826,1827,-1,1826,1828,1827,-1,1827,1828,1829,-1,1827,1829,1830,-1,1830,1829,1831,-1,1830,1831,1832,-1,1832,1831,1833,-1,1832,1833,1834,-1,1834,1833,1835,-1,1835,1836,1834,-1,1834,1836,1837,-1,1834,1837,1838,-1,1839,1840,1841,-1,1841,1840,1795,-1,1841,1795,1842,-1,1842,1795,1797,-1,1842,1797,1843,-1,1843,1797,1844,-1,1843,1844,1845,-1,1845,1844,1838,-1,1845,1838,1846,-1,1846,1838,1837,-1,1792,1794,1797,-1,1797,1794,1847,-1,1797,1847,1844,-1,1844,1847,1848,-1,1844,1848,1838,-1,1838,1848,1849,-1,1838,1849,1834,-1,1834,1849,1850,-1,1834,1850,1832,-1,1832,1850,1851,-1,1832,1851,1830,-1,1830,1851,1852,-1,1830,1852,1827,-1,1827,1852,1853,-1,1827,1853,1824,-1,1824,1853,1854,-1,1824,1854,1822,-1,1822,1854,1855,-1,1822,1855,1819,-1,1819,1855,1856,-1,1819,1856,1815,-1,1815,1856,1857,-1,1815,1857,1813,-1,1813,1857,1858,-1,1813,1858,1811,-1,1811,1858,1859,-1,1811,1859,1808,-1,1808,1859,1860,-1,1808,1860,1805,-1,1805,1860,1861,-1,1805,1861,1803,-1,1803,1861,1862,-1,1803,1862,1800,-1,1800,1862,1754,-1,1800,1754,1750,-1,1750,1754,1755,-1,1750,1755,1751,-1,1788,1790,1794,-1,1794,1790,1863,-1,1794,1863,1847,-1,1847,1863,1864,-1,1847,1864,1848,-1,1848,1864,1865,-1,1848,1865,1849,-1,1849,1865,1866,-1,1849,1866,1850,-1,1850,1866,1867,-1,1850,1867,1851,-1,1851,1867,1868,-1,1851,1868,1852,-1,1852,1868,1869,-1,1852,1869,1853,-1,1853,1869,1870,-1,1853,1870,1854,-1,1854,1870,1871,-1,1854,1871,1855,-1,1855,1871,1872,-1,1855,1872,1856,-1,1856,1872,1873,-1,1856,1873,1857,-1,1857,1873,1874,-1,1857,1874,1858,-1,1858,1874,1875,-1,1858,1875,1859,-1,1859,1875,1876,-1,1859,1876,1860,-1,1860,1876,1877,-1,1860,1877,1861,-1,1861,1877,1878,-1,1861,1878,1862,-1,1862,1878,1758,-1,1862,1758,1754,-1,1754,1758,1760,-1,1754,1760,1752,-1,1784,1786,1790,-1,1790,1786,1879,-1,1790,1879,1863,-1,1863,1879,1880,-1,1863,1880,1864,-1,1864,1880,1881,-1,1864,1881,1865,-1,1865,1881,1882,-1,1865,1882,1866,-1,1866,1882,1883,-1,1866,1883,1867,-1,1867,1883,1884,-1,1867,1884,1868,-1,1868,1884,1885,-1,1868,1885,1869,-1,1869,1885,1886,-1,1869,1886,1870,-1,1870,1886,1887,-1,1870,1887,1871,-1,1871,1887,1888,-1,1871,1888,1872,-1,1872,1888,1889,-1,1872,1889,1873,-1,1873,1889,1890,-1,1873,1890,1874,-1,1874,1890,1891,-1,1874,1891,1875,-1,1875,1891,1892,-1,1875,1892,1876,-1,1876,1892,1893,-1,1876,1893,1877,-1,1877,1893,1894,-1,1877,1894,1878,-1,1878,1894,1895,-1,1878,1895,1758,-1,1758,1895,1896,-1,1758,1896,1756,-1,1781,1783,1786,-1,1786,1783,1897,-1,1786,1897,1879,-1,1879,1897,1898,-1,1879,1898,1880,-1,1880,1898,1899,-1,1880,1899,1881,-1,1881,1899,1900,-1,1881,1900,1882,-1,1882,1900,1901,-1,1882,1901,1883,-1,1883,1901,1902,-1,1883,1902,1884,-1,1884,1902,1903,-1,1884,1903,1885,-1,1885,1903,1904,-1,1885,1904,1886,-1,1886,1904,1905,-1,1886,1905,1887,-1,1887,1905,1906,-1,1887,1906,1888,-1,1888,1906,1907,-1,1888,1907,1889,-1,1889,1907,1908,-1,1889,1908,1890,-1,1890,1908,1909,-1,1890,1909,1891,-1,1891,1909,1910,-1,1891,1910,1892,-1,1892,1910,1911,-1,1892,1911,1893,-1,1893,1911,1912,-1,1893,1912,1894,-1,1894,1912,1761,-1,1894,1761,1895,-1,1895,1761,1763,-1,1895,1763,1896,-1,1775,1777,1783,-1,1783,1777,1780,-1,1783,1780,1897,-1,1897,1780,1913,-1,1897,1913,1898,-1,1898,1913,1914,-1,1898,1914,1899,-1,1899,1914,1915,-1,1899,1915,1900,-1,1900,1915,1916,-1,1900,1916,1901,-1,1901,1916,1917,-1,1901,1917,1902,-1,1902,1917,1918,-1,1902,1918,1903,-1,1903,1918,1919,-1,1903,1919,1904,-1,1904,1919,1920,-1,1904,1920,1905,-1,1905,1920,1921,-1,1905,1921,1906,-1,1906,1921,1922,-1,1906,1922,1907,-1,1907,1922,1923,-1,1907,1923,1908,-1,1908,1923,1924,-1,1908,1924,1909,-1,1909,1924,1925,-1,1909,1925,1910,-1,1910,1925,1926,-1,1910,1926,1911,-1,1911,1926,1927,-1,1911,1927,1912,-1,1912,1927,1766,-1,1912,1766,1761,-1,1761,1766,1767,-1,1761,1767,1762,-1,1772,1774,1780,-1,1780,1774,1928,-1,1780,1928,1913,-1,1913,1928,1929,-1,1913,1929,1914,-1,1914,1929,1930,-1,1914,1930,1915,-1,1915,1930,1931,-1,1915,1931,1916,-1,1916,1931,1932,-1,1916,1932,1917,-1,1917,1932,1933,-1,1917,1933,1918,-1,1918,1933,1934,-1,1918,1934,1919,-1,1919,1934,1935,-1,1919,1935,1920,-1,1920,1935,1936,-1,1920,1936,1921,-1,1921,1936,1937,-1,1921,1937,1922,-1,1922,1937,1938,-1,1922,1938,1923,-1,1923,1938,1939,-1,1923,1939,1924,-1,1924,1939,1940,-1,1924,1940,1925,-1,1925,1940,1941,-1,1925,1941,1926,-1,1926,1941,1768,-1,1926,1768,1927,-1,1927,1768,1770,-1,1927,1770,1766,-1,1766,1770,1942,-1,1766,1942,1764,-1,1745,1733,1774,-1,1774,1733,1734,-1,1774,1734,1928,-1,1928,1734,1727,-1,1928,1727,1929,-1,1929,1727,1729,-1,1929,1729,1930,-1,1930,1729,1730,-1,1930,1730,1931,-1,1931,1730,1743,-1,1931,1743,1932,-1,1932,1743,1744,-1,1932,1744,1933,-1,1933,1744,1742,-1,1933,1742,1934,-1,1934,1742,1741,-1,1934,1741,1935,-1,1935,1741,1740,-1,1935,1740,1936,-1,1936,1740,1739,-1,1936,1739,1937,-1,1937,1739,1738,-1,1937,1738,1938,-1,1938,1738,1737,-1,1938,1737,1939,-1,1939,1737,1736,-1,1939,1736,1940,-1,1940,1736,1735,-1,1940,1735,1941,-1,1941,1735,1728,-1,1941,1728,1768,-1,1768,1728,1771,-1,1768,1771,1769,-1,1539,1540,1943,-1,1943,1540,1944,-1,1943,1944,1945,-1,1945,1944,1946,-1,1945,1946,1947,-1,1948,1949,1947,-1,1947,1949,1950,-1,1947,1950,1945,-1,1951,1952,1953,-1,1953,1954,1951,-1,1951,1954,1955,-1,1951,1955,1956,-1,1445,1444,1957,-1,1956,1955,1957,-1,1957,1955,1958,-1,1957,1958,1445,-1,1504,1959,1506,-1,1506,1959,1960,-1,1506,1960,1507,-1,1507,1960,1509,-1,1509,1960,1961,-1,1509,1961,1510,-1,1510,1961,1512,-1,1512,1961,1962,-1,1512,1962,1513,-1,1963,1517,1962,-1,1962,1517,1515,-1,1962,1515,1513,-1,1523,1521,1964,-1,1964,1521,1520,-1,1964,1520,1963,-1,1963,1520,1518,-1,1963,1518,1517,-1,1523,1964,1525,-1,1525,1964,1965,-1,1525,1965,1526,-1,1526,1965,1528,-1,1528,1965,1966,-1,1528,1966,1529,-1,1529,1966,1531,-1,1531,1966,1967,-1,1531,1967,1532,-1,1968,1536,1967,-1,1967,1536,1534,-1,1967,1534,1532,-1,1540,1541,1944,-1,1944,1541,1542,-1,1944,1542,1968,-1,1968,1542,1537,-1,1968,1537,1536,-1,1747,1949,1748,-1,1748,1949,1948,-1,1748,1948,1798,-1,1798,1948,1969,-1,1804,1802,1970,-1,1970,1802,1801,-1,1970,1801,1969,-1,1969,1801,1799,-1,1969,1799,1798,-1,1804,1970,1806,-1,1806,1970,1971,-1,1806,1971,1807,-1,1807,1971,1809,-1,1809,1971,1972,-1,1809,1972,1810,-1,1973,1814,1972,-1,1972,1814,1812,-1,1972,1812,1810,-1,1974,1817,1973,-1,1973,1817,1816,-1,1973,1816,1814,-1,1823,1821,1975,-1,1975,1821,1820,-1,1975,1820,1974,-1,1974,1820,1818,-1,1974,1818,1817,-1,1823,1975,1825,-1,1825,1975,1976,-1,1825,1976,1826,-1,1826,1976,1828,-1,1828,1976,1977,-1,1828,1977,1829,-1,1978,1833,1977,-1,1977,1833,1831,-1,1977,1831,1829,-1,1979,1836,1978,-1,1978,1836,1835,-1,1978,1835,1833,-1,1843,1845,1980,-1,1980,1845,1846,-1,1980,1846,1979,-1,1979,1846,1837,-1,1979,1837,1836,-1,1843,1980,1842,-1,1842,1980,1953,-1,1842,1953,1841,-1,1841,1953,1952,-1,1841,1952,1839,-1,1981,1498,1958,-1,1958,1498,1496,-1,1958,1496,1445,-1,1504,1502,1959,-1,1959,1502,1501,-1,1959,1501,1981,-1,1981,1501,1499,-1,1981,1499,1498,-1,1982,1947,1983,-1,1983,1947,1946,-1,1983,1946,1984,-1,1984,1946,1944,-1,1984,1944,1985,-1,1985,1944,1968,-1,1985,1968,1986,-1,1986,1968,1967,-1,1986,1967,1987,-1,1987,1967,1966,-1,1987,1966,1988,-1,1988,1966,1965,-1,1988,1965,1989,-1,1965,1964,1989,-1,1989,1964,1963,-1,1989,1963,1990,-1,1990,1963,1962,-1,1990,1962,1991,-1,1991,1962,1961,-1,1991,1961,1992,-1,1992,1961,1960,-1,1992,1960,1993,-1,1993,1960,1959,-1,1993,1959,1994,-1,1994,1959,1981,-1,1994,1981,1995,-1,1995,1981,1958,-1,1995,1958,1996,-1,1958,1955,1996,-1,1996,1955,1954,-1,1996,1954,1997,-1,1997,1954,1953,-1,1997,1953,1998,-1,1998,1953,1980,-1,1998,1980,1999,-1,1999,1980,1979,-1,1999,1979,2000,-1,2000,1979,1978,-1,2000,1978,2001,-1,2001,1978,1977,-1,2001,1977,2002,-1,2002,1977,1976,-1,2002,1976,2003,-1,1976,1975,2003,-1,2003,1975,1974,-1,2003,1974,2004,-1,2004,1974,1973,-1,2004,1973,2005,-1,2005,1973,1972,-1,2005,1972,2006,-1,2006,1972,1971,-1,2006,1971,2007,-1,2007,1971,1970,-1,2007,1970,2008,-1,2008,1970,1969,-1,2008,1969,1982,-1,1982,1969,1948,-1,1982,1948,1947,-1,1992,1993,2009,-1,2009,2010,1992,-1,1992,2010,2011,-1,1992,2011,1991,-1,2011,2012,1991,-1,1991,2012,2013,-1,1991,2013,1990,-1,2013,2014,1990,-1,1990,2014,2015,-1,1990,2015,1989,-1,2015,2016,1989,-1,1989,2016,2017,-1,1989,2017,1988,-1,2017,2018,1988,-1,1988,2018,2019,-1,1988,2019,1987,-1,2019,2020,1987,-1,1987,2020,2021,-1,1987,2021,1986,-1,2021,2022,1986,-1,1986,2022,2023,-1,1986,2023,1985,-1,2023,2024,1985,-1,1985,2024,2025,-1,1985,2025,1984,-1,2025,2026,1984,-1,1984,2026,2027,-1,1984,2027,1983,-1,2027,2028,1983,-1,1983,2028,2029,-1,1983,2029,1982,-1,2029,2030,1982,-1,1982,2030,2031,-1,1982,2031,2008,-1,2031,2032,2008,-1,2008,2032,2033,-1,2008,2033,2007,-1,2033,2034,2007,-1,2007,2034,2035,-1,2007,2035,2006,-1,2035,2036,2006,-1,2006,2036,2037,-1,2006,2037,2005,-1,2037,2038,2005,-1,2005,2038,2039,-1,2005,2039,2004,-1,2039,2040,2004,-1,2004,2040,2041,-1,2004,2041,2003,-1,2041,2042,2003,-1,2003,2042,2043,-1,2003,2043,2002,-1,2043,2044,2002,-1,2002,2044,2045,-1,2002,2045,2001,-1,2045,2046,2001,-1,2001,2046,2047,-1,2001,2047,2000,-1,2047,2048,2000,-1,2000,2048,2049,-1,2000,2049,1999,-1,2049,2050,1999,-1,1999,2050,2051,-1,1999,2051,1998,-1,2051,2052,1998,-1,1998,2052,2053,-1,1998,2053,1997,-1,2053,2054,1997,-1,1997,2054,2055,-1,1997,2055,1996,-1,2055,2056,1996,-1,1996,2056,2057,-1,1996,2057,1995,-1,2057,2058,1995,-1,1995,2058,2059,-1,1995,2059,1994,-1,2059,2060,1994,-1,1994,2060,2061,-1,1994,2061,1993,-1,1993,2061,2062,-1,1993,2062,2009,-1,1703,2034,1700,-1,1700,2034,2033,-1,1700,2033,1701,-1,1701,2033,2032,-1,1701,2032,1698,-1,1698,2032,2031,-1,1698,2031,1699,-1,1699,2031,2030,-1,1699,2030,1696,-1,1696,2030,2029,-1,1696,2029,1697,-1,1697,2029,2028,-1,1697,2028,1694,-1,1694,2028,2027,-1,1694,2027,1695,-1,1695,2027,2026,-1,1695,2026,1692,-1,1692,2026,2025,-1,1692,2025,1693,-1,1693,2025,2024,-1,1693,2024,1690,-1,1690,2024,2023,-1,1690,2023,1691,-1,1691,2023,2022,-1,1691,2022,1688,-1,2022,2021,1688,-1,1688,2021,2020,-1,1688,2020,1689,-1,1689,2020,2019,-1,1689,2019,1686,-1,1686,2019,2018,-1,1686,2018,1687,-1,2018,2017,1687,-1,1687,2017,2016,-1,1687,2016,1684,-1,1684,2016,2015,-1,1684,2015,1685,-1,1685,2015,2014,-1,1685,2014,1682,-1,1682,2014,2013,-1,1682,2013,1683,-1,1683,2013,2012,-1,1683,2012,1680,-1,1680,2012,2011,-1,1680,2011,1681,-1,1681,2011,2010,-1,1681,2010,1679,-1,1679,2010,2009,-1,1679,2009,1724,-1,1724,2009,2062,-1,1724,2062,1725,-1,1725,2062,2061,-1,1725,2061,1726,-1,1726,2061,2060,-1,1726,2060,1722,-1,1722,2060,2059,-1,1722,2059,1723,-1,1723,2059,2058,-1,1723,2058,1720,-1,2058,2057,1720,-1,1720,2057,2056,-1,1720,2056,1721,-1,1721,2056,2055,-1,1721,2055,1718,-1,1718,2055,2054,-1,1718,2054,1719,-1,2054,2053,1719,-1,1719,2053,2052,-1,1719,2052,1716,-1,1716,2052,2051,-1,1716,2051,1717,-1,1717,2051,2050,-1,1717,2050,1714,-1,1714,2050,2049,-1,1714,2049,1715,-1,1715,2049,2048,-1,1715,2048,1712,-1,1712,2048,2047,-1,1712,2047,1713,-1,1713,2047,2046,-1,1713,2046,1710,-1,1710,2046,2045,-1,1710,2045,1711,-1,1711,2045,2044,-1,1711,2044,1708,-1,1708,2044,2043,-1,1708,2043,1709,-1,1709,2043,2042,-1,1709,2042,1706,-1,1706,2042,2041,-1,1706,2041,1707,-1,1707,2041,2040,-1,1707,2040,1704,-1,2040,2039,1704,-1,1704,2039,2038,-1,1704,2038,1705,-1,1705,2038,2037,-1,1705,2037,1702,-1,1702,2037,2036,-1,1702,2036,1703,-1,1703,2036,2035,-1,1703,2035,2034,-1,1493,1492,1957,-1,1957,1492,1539,-1,1957,1539,1943,-1,1479,1478,1462,-1,1488,1486,1957,-1,1957,1486,1485,-1,1957,1485,1490,-1,1490,1489,1957,-1,1957,1489,1495,-1,1957,1495,1493,-1,1444,1443,1482,-1,1482,1443,1446,-1,1446,1448,1482,-1,1482,1448,1452,-1,1482,1452,1450,-1,1450,1449,1482,-1,1482,1449,1457,-1,1482,1457,1456,-1,1459,1482,1460,-1,1460,1482,1592,-1,1459,1464,1482,-1,1482,1464,1462,-1,1482,1462,1484,-1,1484,1462,1478,-1,1444,1482,1957,-1,1957,1482,1481,-1,1957,1481,1488,-1,1456,1454,1482,-1,1482,1454,1453,-1,1482,1453,1592,-1,1435,1442,1470,-1,1461,1638,1473,-1,1473,1638,1467,-1,1473,1467,1475,-1,1461,1473,1462,-1,1462,1473,1472,-1,1462,1472,1479,-1,1435,1470,1436,-1,1468,1436,1466,-1,1466,1436,1470,-1,1466,1470,1467,-1,1467,1470,1469,-1,1467,1469,1475,-1,1475,1469,1476,-1,1795,1840,1949,-1,1949,1840,1839,-1,1949,1839,1952,-1,1782,1781,1765,-1,1791,1789,1949,-1,1949,1789,1788,-1,1949,1788,1793,-1,1793,1792,1949,-1,1949,1792,1796,-1,1949,1796,1795,-1,1747,1746,1785,-1,1785,1746,1749,-1,1749,1751,1785,-1,1785,1751,1755,-1,1785,1755,1753,-1,1753,1752,1785,-1,1785,1752,1760,-1,1785,1760,1759,-1,1762,1785,1763,-1,1763,1785,1896,-1,1731,1745,1773,-1,1782,1765,1775,-1,1762,1767,1785,-1,1785,1767,1765,-1,1785,1765,1787,-1,1787,1765,1781,-1,1747,1785,1949,-1,1949,1785,1784,-1,1949,1784,1791,-1,1759,1757,1785,-1,1785,1757,1756,-1,1785,1756,1896,-1,1775,1765,1776,-1,1776,1765,1764,-1,1776,1764,1942,-1,1769,1773,1772,-1,1731,1773,1732,-1,1732,1773,1769,-1,1732,1769,1771,-1,1942,1770,1776,-1,1776,1770,1769,-1,1776,1769,1778,-1,1778,1769,1772,-1,1778,1772,1779,-1,1949,1952,1951,-1,1949,1951,1950,-1,1950,1951,1956,-1,1950,1956,1945,-1,1945,1956,1957,-1,1945,1957,1943,-1,2063,2064,2065,-1,2066,2067,2065,-1,2065,2067,2068,-1,2065,2068,2063,-1,2069,2070,2071,-1,2071,2070,2072,-1,2071,2072,2073,-1,2069,2071,2065,-1,2065,2071,2074,-1,2065,2074,2075,-1,2076,2077,2065,-1,2065,2077,2078,-1,2065,2078,2066,-1,2075,2079,2065,-1,2065,2079,2080,-1,2065,2080,2076,-1,2081,2063,2068,-1,2082,2083,2084,-1,2082,2084,2085,-1,2086,2087,2085,-1,2088,2089,2090,-1,2090,2089,2091,-1,2092,2093,2094,-1,2094,2093,2095,-1,2094,2095,2096,-1,2097,2098,2099,-1,2100,2101,2102,-1,2102,2101,2103,-1,2104,2105,2106,-1,2065,2064,2107,-1,2108,2109,2110,-1,2110,2109,2081,-1,2111,2112,2113,-1,2113,2112,2114,-1,2114,2115,2113,-1,2113,2115,2108,-1,2113,2108,2116,-1,2117,2118,2119,-1,2119,2118,2111,-1,2120,2121,2122,-1,2122,2121,2123,-1,2122,2123,2117,-1,2124,2125,2126,-1,2126,2125,2127,-1,2126,2127,2120,-1,2128,2129,2130,-1,2130,2129,2124,-1,2131,2132,2133,-1,2133,2132,2134,-1,2133,2134,2128,-1,2085,2084,2086,-1,2086,2084,2135,-1,2086,2135,2136,-1,2135,2137,2136,-1,2136,2137,2138,-1,2136,2138,2139,-1,2138,2140,2139,-1,2139,2140,2141,-1,2139,2141,2142,-1,2142,2141,2143,-1,2142,2143,2144,-1,2143,2145,2144,-1,2144,2145,2146,-1,2144,2146,2147,-1,2146,2148,2147,-1,2147,2148,2149,-1,2147,2149,2150,-1,2149,2151,2150,-1,2150,2151,2152,-1,2150,2152,2153,-1,2153,2152,2154,-1,2153,2154,2155,-1,2154,2156,2155,-1,2155,2156,2157,-1,2155,2157,2158,-1,2157,2159,2158,-1,2158,2159,2160,-1,2158,2160,2161,-1,2161,2160,2162,-1,2161,2162,2163,-1,2162,2164,2163,-1,2163,2164,2165,-1,2163,2165,2166,-1,2165,2167,2166,-1,2166,2167,2168,-1,2166,2168,2169,-1,2168,2170,2169,-1,2169,2170,2171,-1,2169,2171,2172,-1,2172,2171,2173,-1,2172,2173,2174,-1,2173,2175,2174,-1,2174,2175,2176,-1,2174,2176,2177,-1,2178,2131,2179,-1,2179,2131,2133,-1,2179,2133,2180,-1,2180,2133,2177,-1,2180,2177,2181,-1,2181,2177,2176,-1,2128,2130,2133,-1,2133,2130,2182,-1,2133,2182,2177,-1,2177,2182,2183,-1,2177,2183,2174,-1,2174,2183,2184,-1,2174,2184,2172,-1,2172,2184,2185,-1,2172,2185,2169,-1,2169,2185,2186,-1,2169,2186,2166,-1,2166,2186,2187,-1,2166,2187,2163,-1,2163,2187,2188,-1,2163,2188,2161,-1,2161,2188,2189,-1,2161,2189,2158,-1,2158,2189,2190,-1,2158,2190,2155,-1,2155,2190,2191,-1,2155,2191,2153,-1,2153,2191,2192,-1,2153,2192,2150,-1,2150,2192,2193,-1,2150,2193,2147,-1,2147,2193,2194,-1,2147,2194,2144,-1,2144,2194,2195,-1,2144,2195,2142,-1,2142,2195,2196,-1,2142,2196,2139,-1,2139,2196,2197,-1,2139,2197,2136,-1,2136,2197,2090,-1,2136,2090,2086,-1,2086,2090,2091,-1,2086,2091,2087,-1,2124,2126,2130,-1,2130,2126,2198,-1,2130,2198,2182,-1,2182,2198,2199,-1,2182,2199,2183,-1,2183,2199,2200,-1,2183,2200,2184,-1,2184,2200,2201,-1,2184,2201,2185,-1,2185,2201,2202,-1,2185,2202,2186,-1,2186,2202,2203,-1,2186,2203,2187,-1,2187,2203,2204,-1,2187,2204,2188,-1,2188,2204,2205,-1,2188,2205,2189,-1,2189,2205,2206,-1,2189,2206,2190,-1,2190,2206,2207,-1,2190,2207,2191,-1,2191,2207,2208,-1,2191,2208,2192,-1,2192,2208,2209,-1,2192,2209,2193,-1,2193,2209,2210,-1,2193,2210,2194,-1,2194,2210,2211,-1,2194,2211,2195,-1,2195,2211,2212,-1,2195,2212,2196,-1,2196,2212,2213,-1,2196,2213,2197,-1,2197,2213,2094,-1,2197,2094,2090,-1,2090,2094,2096,-1,2090,2096,2088,-1,2120,2122,2126,-1,2126,2122,2214,-1,2126,2214,2198,-1,2198,2214,2215,-1,2198,2215,2199,-1,2199,2215,2216,-1,2199,2216,2200,-1,2200,2216,2217,-1,2200,2217,2201,-1,2201,2217,2218,-1,2201,2218,2202,-1,2202,2218,2219,-1,2202,2219,2203,-1,2203,2219,2220,-1,2203,2220,2204,-1,2204,2220,2221,-1,2204,2221,2205,-1,2205,2221,2222,-1,2205,2222,2206,-1,2206,2222,2223,-1,2206,2223,2207,-1,2207,2223,2224,-1,2207,2224,2208,-1,2208,2224,2225,-1,2208,2225,2209,-1,2209,2225,2226,-1,2209,2226,2210,-1,2210,2226,2227,-1,2210,2227,2211,-1,2211,2227,2228,-1,2211,2228,2212,-1,2212,2228,2229,-1,2212,2229,2213,-1,2213,2229,2230,-1,2213,2230,2094,-1,2094,2230,2231,-1,2094,2231,2092,-1,2117,2119,2122,-1,2122,2119,2232,-1,2122,2232,2214,-1,2214,2232,2233,-1,2214,2233,2215,-1,2215,2233,2234,-1,2215,2234,2216,-1,2216,2234,2235,-1,2216,2235,2217,-1,2217,2235,2236,-1,2217,2236,2218,-1,2218,2236,2237,-1,2218,2237,2219,-1,2219,2237,2238,-1,2219,2238,2220,-1,2220,2238,2239,-1,2220,2239,2221,-1,2221,2239,2240,-1,2221,2240,2222,-1,2222,2240,2241,-1,2222,2241,2223,-1,2223,2241,2242,-1,2223,2242,2224,-1,2224,2242,2243,-1,2224,2243,2225,-1,2225,2243,2244,-1,2225,2244,2226,-1,2226,2244,2245,-1,2226,2245,2227,-1,2227,2245,2246,-1,2227,2246,2228,-1,2228,2246,2247,-1,2228,2247,2229,-1,2229,2247,2097,-1,2229,2097,2230,-1,2230,2097,2099,-1,2230,2099,2231,-1,2111,2113,2119,-1,2119,2113,2116,-1,2119,2116,2232,-1,2232,2116,2248,-1,2232,2248,2233,-1,2233,2248,2249,-1,2233,2249,2234,-1,2234,2249,2250,-1,2234,2250,2235,-1,2235,2250,2251,-1,2235,2251,2236,-1,2236,2251,2252,-1,2236,2252,2237,-1,2237,2252,2253,-1,2237,2253,2238,-1,2238,2253,2254,-1,2238,2254,2239,-1,2239,2254,2255,-1,2239,2255,2240,-1,2240,2255,2256,-1,2240,2256,2241,-1,2241,2256,2257,-1,2241,2257,2242,-1,2242,2257,2258,-1,2242,2258,2243,-1,2243,2258,2259,-1,2243,2259,2244,-1,2244,2259,2260,-1,2244,2260,2245,-1,2245,2260,2261,-1,2245,2261,2246,-1,2246,2261,2262,-1,2246,2262,2247,-1,2247,2262,2102,-1,2247,2102,2097,-1,2097,2102,2103,-1,2097,2103,2098,-1,2108,2110,2116,-1,2116,2110,2263,-1,2116,2263,2248,-1,2248,2263,2264,-1,2248,2264,2249,-1,2249,2264,2265,-1,2249,2265,2250,-1,2250,2265,2266,-1,2250,2266,2251,-1,2251,2266,2267,-1,2251,2267,2252,-1,2252,2267,2268,-1,2252,2268,2253,-1,2253,2268,2269,-1,2253,2269,2254,-1,2254,2269,2270,-1,2254,2270,2255,-1,2255,2270,2271,-1,2255,2271,2256,-1,2256,2271,2272,-1,2256,2272,2257,-1,2257,2272,2273,-1,2257,2273,2258,-1,2258,2273,2274,-1,2258,2274,2259,-1,2259,2274,2275,-1,2259,2275,2260,-1,2260,2275,2276,-1,2260,2276,2261,-1,2261,2276,2104,-1,2261,2104,2262,-1,2262,2104,2106,-1,2262,2106,2102,-1,2102,2106,2277,-1,2102,2277,2100,-1,2081,2068,2110,-1,2110,2068,2067,-1,2110,2067,2263,-1,2263,2067,2066,-1,2263,2066,2264,-1,2264,2066,2078,-1,2264,2078,2265,-1,2265,2078,2077,-1,2265,2077,2266,-1,2266,2077,2076,-1,2266,2076,2267,-1,2267,2076,2080,-1,2267,2080,2268,-1,2268,2080,2079,-1,2268,2079,2269,-1,2269,2079,2075,-1,2269,2075,2270,-1,2270,2075,2074,-1,2270,2074,2271,-1,2271,2074,2071,-1,2271,2071,2272,-1,2272,2071,2073,-1,2272,2073,2273,-1,2273,2073,2072,-1,2273,2072,2274,-1,2274,2072,2070,-1,2274,2070,2275,-1,2275,2070,2069,-1,2275,2069,2276,-1,2276,2069,2065,-1,2276,2065,2104,-1,2104,2065,2107,-1,2104,2107,2105,-1,2278,2279,2280,-1,2280,2279,2281,-1,2280,2281,2282,-1,2282,2281,2283,-1,2282,2283,2284,-1,2284,2283,2285,-1,2284,2285,2278,-1,2278,2285,2279,-1,2286,2287,2288,-1,2288,2287,2289,-1,2288,2289,2290,-1,2290,2289,2291,-1,2290,2291,2292,-1,2292,2291,2293,-1,2292,2293,2286,-1,2286,2293,2287,-1,2294,2295,2293,-1,2296,2297,2285,-1,2285,2297,2298,-1,2299,2300,2291,-1,2294,2293,2301,-1,2295,2302,2293,-1,2293,2302,2303,-1,2293,2303,2285,-1,2285,2303,2304,-1,2285,2304,2296,-1,2299,2291,2305,-1,2300,2306,2291,-1,2291,2306,2307,-1,2291,2307,2293,-1,2293,2307,2308,-1,2293,2308,2301,-1,2298,2309,2285,-1,2285,2309,2310,-1,2285,2310,2279,-1,2279,2310,2311,-1,2311,2312,2279,-1,2279,2312,2313,-1,2279,2313,2314,-1,2314,2315,2279,-1,2279,2315,2316,-1,2279,2316,2291,-1,2291,2316,2317,-1,2291,2317,2305,-1,2281,2289,2283,-1,2283,2289,2287,-1,2291,2289,2279,-1,2279,2289,2281,-1,2287,2293,2283,-1,2283,2293,2285,-1,2282,2286,2280,-1,2280,2286,2288,-1,2292,2284,2290,-1,2290,2284,2278,-1,2284,2292,2282,-1,2282,2292,2286,-1,2290,2278,2288,-1,2288,2278,2280,-1,2318,2310,2309,-1,2298,2319,2309,-1,2309,2319,2320,-1,2309,2320,2318,-1,2297,2321,2298,-1,2298,2321,2322,-1,2298,2322,2319,-1,2296,2323,2297,-1,2297,2323,2324,-1,2297,2324,2321,-1,2304,2325,2296,-1,2296,2325,2326,-1,2296,2326,2323,-1,2303,2327,2304,-1,2304,2327,2328,-1,2304,2328,2325,-1,2302,2329,2303,-1,2303,2329,2330,-1,2303,2330,2327,-1,2295,2331,2302,-1,2302,2331,2332,-1,2302,2332,2329,-1,2294,2333,2295,-1,2295,2333,2334,-1,2295,2334,2331,-1,2301,2335,2294,-1,2294,2335,2336,-1,2294,2336,2333,-1,2308,2337,2301,-1,2301,2337,2338,-1,2301,2338,2335,-1,2307,2339,2308,-1,2308,2339,2340,-1,2308,2340,2337,-1,2306,2341,2307,-1,2307,2341,2342,-1,2307,2342,2339,-1,2300,2343,2306,-1,2306,2343,2344,-1,2306,2344,2341,-1,2299,2345,2300,-1,2300,2345,2346,-1,2300,2346,2343,-1,2305,2347,2299,-1,2299,2347,2348,-1,2299,2348,2345,-1,2317,2349,2305,-1,2305,2349,2350,-1,2305,2350,2347,-1,2316,2351,2317,-1,2317,2351,2352,-1,2317,2352,2349,-1,2315,2353,2316,-1,2316,2353,2354,-1,2316,2354,2351,-1,2314,2355,2315,-1,2315,2355,2356,-1,2315,2356,2353,-1,2313,2357,2314,-1,2314,2357,2358,-1,2314,2358,2355,-1,2312,2359,2313,-1,2313,2359,2360,-1,2313,2360,2357,-1,2311,2361,2312,-1,2312,2361,2362,-1,2312,2362,2359,-1,2318,2363,2310,-1,2310,2363,2364,-1,2310,2364,2311,-1,2311,2364,2365,-1,2311,2365,2361,-1,2366,2367,2368,-1,2369,2370,2368,-1,2371,2372,2373,-1,2373,2372,2368,-1,2373,2368,2374,-1,2374,2368,2367,-1,2370,2375,2368,-1,2368,2375,2376,-1,2368,2376,2366,-1,2369,2368,2377,-1,2377,2368,2378,-1,2377,2378,2379,-1,2380,2381,2382,-1,2382,2381,2377,-1,2382,2377,2383,-1,2383,2377,2379,-1,2384,2371,2373,-1,2385,2386,2387,-1,2385,2387,2388,-1,2388,2387,2389,-1,2388,2389,2390,-1,2391,2392,2393,-1,2393,2392,2394,-1,2395,2396,2397,-1,2397,2396,2398,-1,2397,2398,2399,-1,2400,2401,2402,-1,2403,2404,2405,-1,2405,2404,2406,-1,2407,2408,2409,-1,2368,2372,2410,-1,2411,2412,2413,-1,2413,2412,2384,-1,2414,2415,2416,-1,2416,2415,2417,-1,2417,2418,2416,-1,2416,2418,2411,-1,2416,2411,2419,-1,2420,2421,2422,-1,2422,2421,2414,-1,2423,2424,2425,-1,2425,2424,2426,-1,2425,2426,2420,-1,2427,2428,2429,-1,2429,2428,2430,-1,2429,2430,2423,-1,2431,2432,2433,-1,2433,2432,2427,-1,2434,2435,2436,-1,2436,2435,2431,-1,2387,2437,2389,-1,2389,2437,2438,-1,2389,2438,2439,-1,2438,2440,2439,-1,2439,2440,2441,-1,2439,2441,2442,-1,2442,2441,2443,-1,2442,2443,2444,-1,2443,2445,2444,-1,2444,2445,2446,-1,2444,2446,2447,-1,2446,2448,2447,-1,2447,2448,2449,-1,2447,2449,2450,-1,2450,2449,2451,-1,2450,2451,2452,-1,2452,2451,2453,-1,2452,2453,2454,-1,2454,2453,2455,-1,2455,2456,2454,-1,2454,2456,2457,-1,2454,2457,2458,-1,2457,2459,2458,-1,2458,2459,2460,-1,2458,2460,2461,-1,2461,2460,2462,-1,2461,2462,2463,-1,2462,2464,2463,-1,2463,2464,2465,-1,2463,2465,2466,-1,2465,2467,2466,-1,2466,2467,2468,-1,2466,2468,2469,-1,2469,2468,2470,-1,2469,2470,2471,-1,2471,2470,2472,-1,2471,2472,2473,-1,2473,2472,2474,-1,2474,2475,2473,-1,2473,2475,2476,-1,2473,2476,2477,-1,2478,2479,2480,-1,2480,2479,2434,-1,2480,2434,2481,-1,2481,2434,2436,-1,2481,2436,2482,-1,2482,2436,2483,-1,2482,2483,2484,-1,2484,2483,2477,-1,2484,2477,2485,-1,2485,2477,2476,-1,2431,2433,2436,-1,2436,2433,2486,-1,2436,2486,2483,-1,2483,2486,2487,-1,2483,2487,2477,-1,2477,2487,2488,-1,2477,2488,2473,-1,2473,2488,2489,-1,2473,2489,2471,-1,2471,2489,2490,-1,2471,2490,2469,-1,2469,2490,2491,-1,2469,2491,2466,-1,2466,2491,2492,-1,2466,2492,2463,-1,2463,2492,2493,-1,2463,2493,2461,-1,2461,2493,2494,-1,2461,2494,2458,-1,2458,2494,2495,-1,2458,2495,2454,-1,2454,2495,2496,-1,2454,2496,2452,-1,2452,2496,2497,-1,2452,2497,2450,-1,2450,2497,2498,-1,2450,2498,2447,-1,2447,2498,2499,-1,2447,2499,2444,-1,2444,2499,2500,-1,2444,2500,2442,-1,2442,2500,2501,-1,2442,2501,2439,-1,2439,2501,2393,-1,2439,2393,2389,-1,2389,2393,2394,-1,2389,2394,2390,-1,2427,2429,2433,-1,2433,2429,2502,-1,2433,2502,2486,-1,2486,2502,2503,-1,2486,2503,2487,-1,2487,2503,2504,-1,2487,2504,2488,-1,2488,2504,2505,-1,2488,2505,2489,-1,2489,2505,2506,-1,2489,2506,2490,-1,2490,2506,2507,-1,2490,2507,2491,-1,2491,2507,2508,-1,2491,2508,2492,-1,2492,2508,2509,-1,2492,2509,2493,-1,2493,2509,2510,-1,2493,2510,2494,-1,2494,2510,2511,-1,2494,2511,2495,-1,2495,2511,2512,-1,2495,2512,2496,-1,2496,2512,2513,-1,2496,2513,2497,-1,2497,2513,2514,-1,2497,2514,2498,-1,2498,2514,2515,-1,2498,2515,2499,-1,2499,2515,2516,-1,2499,2516,2500,-1,2500,2516,2517,-1,2500,2517,2501,-1,2501,2517,2397,-1,2501,2397,2393,-1,2393,2397,2399,-1,2393,2399,2391,-1,2423,2425,2429,-1,2429,2425,2518,-1,2429,2518,2502,-1,2502,2518,2519,-1,2502,2519,2503,-1,2503,2519,2520,-1,2503,2520,2504,-1,2504,2520,2521,-1,2504,2521,2505,-1,2505,2521,2522,-1,2505,2522,2506,-1,2506,2522,2523,-1,2506,2523,2507,-1,2507,2523,2524,-1,2507,2524,2508,-1,2508,2524,2525,-1,2508,2525,2509,-1,2509,2525,2526,-1,2509,2526,2510,-1,2510,2526,2527,-1,2510,2527,2511,-1,2511,2527,2528,-1,2511,2528,2512,-1,2512,2528,2529,-1,2512,2529,2513,-1,2513,2529,2530,-1,2513,2530,2514,-1,2514,2530,2531,-1,2514,2531,2515,-1,2515,2531,2532,-1,2515,2532,2516,-1,2516,2532,2533,-1,2516,2533,2517,-1,2517,2533,2534,-1,2517,2534,2397,-1,2397,2534,2535,-1,2397,2535,2395,-1,2420,2422,2425,-1,2425,2422,2536,-1,2425,2536,2518,-1,2518,2536,2537,-1,2518,2537,2519,-1,2519,2537,2538,-1,2519,2538,2520,-1,2520,2538,2539,-1,2520,2539,2521,-1,2521,2539,2540,-1,2521,2540,2522,-1,2522,2540,2541,-1,2522,2541,2523,-1,2523,2541,2542,-1,2523,2542,2524,-1,2524,2542,2543,-1,2524,2543,2525,-1,2525,2543,2544,-1,2525,2544,2526,-1,2526,2544,2545,-1,2526,2545,2527,-1,2527,2545,2546,-1,2527,2546,2528,-1,2528,2546,2547,-1,2528,2547,2529,-1,2529,2547,2548,-1,2529,2548,2530,-1,2530,2548,2549,-1,2530,2549,2531,-1,2531,2549,2550,-1,2531,2550,2532,-1,2532,2550,2551,-1,2532,2551,2533,-1,2533,2551,2400,-1,2533,2400,2534,-1,2534,2400,2402,-1,2534,2402,2535,-1,2414,2416,2422,-1,2422,2416,2419,-1,2422,2419,2536,-1,2536,2419,2552,-1,2536,2552,2537,-1,2537,2552,2553,-1,2537,2553,2538,-1,2538,2553,2554,-1,2538,2554,2539,-1,2539,2554,2555,-1,2539,2555,2540,-1,2540,2555,2556,-1,2540,2556,2541,-1,2541,2556,2557,-1,2541,2557,2542,-1,2542,2557,2558,-1,2542,2558,2543,-1,2543,2558,2559,-1,2543,2559,2544,-1,2544,2559,2560,-1,2544,2560,2545,-1,2545,2560,2561,-1,2545,2561,2546,-1,2546,2561,2562,-1,2546,2562,2547,-1,2547,2562,2563,-1,2547,2563,2548,-1,2548,2563,2564,-1,2548,2564,2549,-1,2549,2564,2565,-1,2549,2565,2550,-1,2550,2565,2566,-1,2550,2566,2551,-1,2551,2566,2405,-1,2551,2405,2400,-1,2400,2405,2406,-1,2400,2406,2401,-1,2411,2413,2419,-1,2419,2413,2567,-1,2419,2567,2552,-1,2552,2567,2568,-1,2552,2568,2553,-1,2553,2568,2569,-1,2553,2569,2554,-1,2554,2569,2570,-1,2554,2570,2555,-1,2555,2570,2571,-1,2555,2571,2556,-1,2556,2571,2572,-1,2556,2572,2557,-1,2557,2572,2573,-1,2557,2573,2558,-1,2558,2573,2574,-1,2558,2574,2559,-1,2559,2574,2575,-1,2559,2575,2560,-1,2560,2575,2576,-1,2560,2576,2561,-1,2561,2576,2577,-1,2561,2577,2562,-1,2562,2577,2578,-1,2562,2578,2563,-1,2563,2578,2579,-1,2563,2579,2564,-1,2564,2579,2580,-1,2564,2580,2565,-1,2565,2580,2407,-1,2565,2407,2566,-1,2566,2407,2409,-1,2566,2409,2405,-1,2405,2409,2581,-1,2405,2581,2403,-1,2384,2373,2413,-1,2413,2373,2374,-1,2413,2374,2567,-1,2567,2374,2367,-1,2567,2367,2568,-1,2568,2367,2366,-1,2568,2366,2569,-1,2569,2366,2376,-1,2569,2376,2570,-1,2570,2376,2375,-1,2570,2375,2571,-1,2571,2375,2370,-1,2571,2370,2572,-1,2572,2370,2369,-1,2572,2369,2573,-1,2573,2369,2377,-1,2573,2377,2574,-1,2574,2377,2381,-1,2574,2381,2575,-1,2575,2381,2380,-1,2575,2380,2576,-1,2576,2380,2382,-1,2576,2382,2577,-1,2577,2382,2383,-1,2577,2383,2578,-1,2578,2383,2379,-1,2578,2379,2579,-1,2579,2379,2378,-1,2579,2378,2580,-1,2580,2378,2368,-1,2580,2368,2407,-1,2407,2368,2410,-1,2407,2410,2408,-1,2178,2179,2582,-1,2582,2179,2583,-1,2582,2583,2584,-1,2584,2583,2585,-1,2584,2585,2586,-1,2587,2588,2586,-1,2586,2588,2589,-1,2586,2589,2584,-1,2590,2591,2592,-1,2592,2593,2590,-1,2590,2593,2594,-1,2590,2594,2595,-1,2084,2083,2596,-1,2595,2594,2596,-1,2596,2594,2597,-1,2596,2597,2084,-1,2143,2598,2145,-1,2145,2598,2599,-1,2145,2599,2146,-1,2146,2599,2148,-1,2148,2599,2600,-1,2148,2600,2149,-1,2149,2600,2151,-1,2151,2600,2601,-1,2151,2601,2152,-1,2602,2156,2601,-1,2601,2156,2154,-1,2601,2154,2152,-1,2162,2160,2603,-1,2603,2160,2159,-1,2603,2159,2602,-1,2602,2159,2157,-1,2602,2157,2156,-1,2162,2603,2164,-1,2164,2603,2604,-1,2164,2604,2165,-1,2165,2604,2167,-1,2167,2604,2605,-1,2167,2605,2168,-1,2168,2605,2170,-1,2170,2605,2606,-1,2170,2606,2171,-1,2607,2175,2606,-1,2606,2175,2173,-1,2606,2173,2171,-1,2179,2180,2583,-1,2583,2180,2181,-1,2583,2181,2607,-1,2607,2181,2176,-1,2607,2176,2175,-1,2386,2588,2387,-1,2387,2588,2587,-1,2387,2587,2437,-1,2437,2587,2608,-1,2443,2441,2609,-1,2609,2441,2440,-1,2609,2440,2608,-1,2608,2440,2438,-1,2608,2438,2437,-1,2443,2609,2445,-1,2445,2609,2610,-1,2445,2610,2446,-1,2446,2610,2448,-1,2448,2610,2611,-1,2448,2611,2449,-1,2612,2453,2611,-1,2611,2453,2451,-1,2611,2451,2449,-1,2613,2456,2612,-1,2612,2456,2455,-1,2612,2455,2453,-1,2462,2460,2614,-1,2614,2460,2459,-1,2614,2459,2613,-1,2613,2459,2457,-1,2613,2457,2456,-1,2462,2614,2464,-1,2464,2614,2615,-1,2464,2615,2465,-1,2465,2615,2467,-1,2467,2615,2616,-1,2467,2616,2468,-1,2617,2472,2616,-1,2616,2472,2470,-1,2616,2470,2468,-1,2618,2475,2617,-1,2617,2475,2474,-1,2617,2474,2472,-1,2482,2484,2619,-1,2619,2484,2485,-1,2619,2485,2618,-1,2618,2485,2476,-1,2618,2476,2475,-1,2482,2619,2481,-1,2481,2619,2592,-1,2481,2592,2480,-1,2480,2592,2591,-1,2480,2591,2478,-1,2620,2137,2597,-1,2597,2137,2135,-1,2597,2135,2084,-1,2143,2141,2598,-1,2598,2141,2140,-1,2598,2140,2620,-1,2620,2140,2138,-1,2620,2138,2137,-1,2621,2586,2622,-1,2622,2586,2585,-1,2622,2585,2623,-1,2623,2585,2583,-1,2623,2583,2624,-1,2624,2583,2607,-1,2624,2607,2625,-1,2625,2607,2606,-1,2625,2606,2626,-1,2626,2606,2605,-1,2626,2605,2627,-1,2627,2605,2604,-1,2627,2604,2628,-1,2604,2603,2628,-1,2628,2603,2602,-1,2628,2602,2629,-1,2629,2602,2601,-1,2629,2601,2630,-1,2630,2601,2600,-1,2630,2600,2631,-1,2631,2600,2599,-1,2631,2599,2632,-1,2632,2599,2598,-1,2632,2598,2633,-1,2633,2598,2620,-1,2633,2620,2634,-1,2634,2620,2597,-1,2634,2597,2635,-1,2597,2594,2635,-1,2635,2594,2593,-1,2635,2593,2636,-1,2636,2593,2592,-1,2636,2592,2637,-1,2637,2592,2619,-1,2637,2619,2638,-1,2638,2619,2618,-1,2638,2618,2639,-1,2639,2618,2617,-1,2639,2617,2640,-1,2640,2617,2616,-1,2640,2616,2641,-1,2641,2616,2615,-1,2641,2615,2642,-1,2615,2614,2642,-1,2642,2614,2613,-1,2642,2613,2643,-1,2643,2613,2612,-1,2643,2612,2644,-1,2644,2612,2611,-1,2644,2611,2645,-1,2645,2611,2610,-1,2645,2610,2646,-1,2646,2610,2609,-1,2646,2609,2647,-1,2647,2609,2608,-1,2647,2608,2621,-1,2621,2608,2587,-1,2621,2587,2586,-1,2648,2631,2632,-1,2648,2649,2631,-1,2631,2649,2650,-1,2631,2650,2630,-1,2650,2651,2630,-1,2630,2651,2652,-1,2630,2652,2629,-1,2652,2653,2629,-1,2629,2653,2654,-1,2629,2654,2628,-1,2654,2655,2628,-1,2628,2655,2656,-1,2628,2656,2627,-1,2656,2657,2627,-1,2627,2657,2658,-1,2627,2658,2626,-1,2658,2659,2626,-1,2626,2659,2660,-1,2626,2660,2625,-1,2660,2661,2625,-1,2625,2661,2662,-1,2625,2662,2624,-1,2662,2663,2624,-1,2624,2663,2664,-1,2624,2664,2623,-1,2664,2665,2623,-1,2623,2665,2666,-1,2623,2666,2622,-1,2666,2667,2622,-1,2622,2667,2668,-1,2622,2668,2621,-1,2668,2669,2621,-1,2621,2669,2670,-1,2621,2670,2647,-1,2670,2671,2647,-1,2647,2671,2672,-1,2647,2672,2646,-1,2672,2673,2646,-1,2646,2673,2674,-1,2646,2674,2645,-1,2674,2675,2645,-1,2645,2675,2676,-1,2645,2676,2644,-1,2676,2677,2644,-1,2644,2677,2678,-1,2644,2678,2643,-1,2678,2679,2643,-1,2643,2679,2680,-1,2643,2680,2642,-1,2680,2681,2642,-1,2642,2681,2682,-1,2642,2682,2641,-1,2682,2683,2641,-1,2641,2683,2684,-1,2641,2684,2640,-1,2684,2685,2640,-1,2640,2685,2686,-1,2640,2686,2639,-1,2686,2687,2639,-1,2639,2687,2688,-1,2639,2688,2638,-1,2688,2689,2638,-1,2638,2689,2690,-1,2638,2690,2637,-1,2690,2691,2637,-1,2637,2691,2692,-1,2637,2692,2636,-1,2692,2693,2636,-1,2636,2693,2694,-1,2636,2694,2635,-1,2694,2695,2635,-1,2635,2695,2696,-1,2635,2696,2634,-1,2696,2697,2634,-1,2634,2697,2698,-1,2634,2698,2633,-1,2698,2699,2633,-1,2633,2699,2700,-1,2633,2700,2632,-1,2632,2700,2701,-1,2632,2701,2648,-1,2342,2673,2339,-1,2339,2673,2672,-1,2339,2672,2340,-1,2340,2672,2671,-1,2340,2671,2337,-1,2337,2671,2670,-1,2337,2670,2338,-1,2338,2670,2669,-1,2338,2669,2335,-1,2335,2669,2668,-1,2335,2668,2336,-1,2336,2668,2667,-1,2336,2667,2333,-1,2333,2667,2666,-1,2333,2666,2334,-1,2334,2666,2665,-1,2334,2665,2331,-1,2331,2665,2664,-1,2331,2664,2332,-1,2332,2664,2663,-1,2332,2663,2329,-1,2329,2663,2662,-1,2329,2662,2330,-1,2330,2662,2661,-1,2330,2661,2327,-1,2661,2660,2327,-1,2327,2660,2659,-1,2327,2659,2328,-1,2328,2659,2658,-1,2328,2658,2325,-1,2325,2658,2657,-1,2325,2657,2326,-1,2657,2656,2326,-1,2326,2656,2655,-1,2326,2655,2323,-1,2323,2655,2654,-1,2323,2654,2324,-1,2324,2654,2653,-1,2324,2653,2321,-1,2321,2653,2652,-1,2321,2652,2322,-1,2322,2652,2651,-1,2322,2651,2319,-1,2319,2651,2650,-1,2319,2650,2320,-1,2320,2650,2649,-1,2320,2649,2318,-1,2318,2649,2648,-1,2318,2648,2363,-1,2363,2648,2701,-1,2363,2701,2364,-1,2364,2701,2700,-1,2364,2700,2365,-1,2365,2700,2699,-1,2365,2699,2361,-1,2361,2699,2698,-1,2361,2698,2362,-1,2362,2698,2697,-1,2362,2697,2359,-1,2697,2696,2359,-1,2359,2696,2695,-1,2359,2695,2360,-1,2360,2695,2694,-1,2360,2694,2357,-1,2357,2694,2693,-1,2357,2693,2358,-1,2693,2692,2358,-1,2358,2692,2691,-1,2358,2691,2355,-1,2355,2691,2690,-1,2355,2690,2356,-1,2356,2690,2689,-1,2356,2689,2353,-1,2353,2689,2688,-1,2353,2688,2354,-1,2354,2688,2687,-1,2354,2687,2351,-1,2351,2687,2686,-1,2351,2686,2352,-1,2352,2686,2685,-1,2352,2685,2349,-1,2349,2685,2684,-1,2349,2684,2350,-1,2350,2684,2683,-1,2350,2683,2347,-1,2347,2683,2682,-1,2347,2682,2348,-1,2348,2682,2681,-1,2348,2681,2345,-1,2345,2681,2680,-1,2345,2680,2346,-1,2346,2680,2679,-1,2346,2679,2343,-1,2679,2678,2343,-1,2343,2678,2677,-1,2343,2677,2344,-1,2344,2677,2676,-1,2344,2676,2341,-1,2341,2676,2675,-1,2341,2675,2342,-1,2342,2675,2674,-1,2342,2674,2673,-1,2132,2131,2596,-1,2596,2131,2178,-1,2596,2178,2582,-1,2118,2117,2101,-1,2127,2125,2596,-1,2596,2125,2124,-1,2596,2124,2129,-1,2129,2128,2596,-1,2596,2128,2134,-1,2596,2134,2132,-1,2083,2082,2121,-1,2121,2082,2085,-1,2085,2087,2121,-1,2121,2087,2091,-1,2121,2091,2089,-1,2089,2088,2121,-1,2121,2088,2096,-1,2121,2096,2095,-1,2098,2121,2099,-1,2099,2121,2231,-1,2098,2103,2121,-1,2121,2103,2101,-1,2121,2101,2123,-1,2123,2101,2117,-1,2083,2121,2596,-1,2596,2121,2120,-1,2596,2120,2127,-1,2095,2093,2121,-1,2121,2093,2092,-1,2121,2092,2231,-1,2063,2081,2109,-1,2100,2277,2112,-1,2112,2277,2106,-1,2112,2106,2114,-1,2100,2112,2101,-1,2101,2112,2111,-1,2101,2111,2118,-1,2063,2109,2064,-1,2107,2064,2105,-1,2105,2064,2109,-1,2105,2109,2106,-1,2106,2109,2108,-1,2106,2108,2114,-1,2114,2108,2115,-1,2434,2479,2588,-1,2588,2479,2478,-1,2588,2478,2591,-1,2421,2420,2404,-1,2430,2428,2588,-1,2588,2428,2427,-1,2588,2427,2432,-1,2432,2431,2588,-1,2588,2431,2435,-1,2588,2435,2434,-1,2386,2385,2424,-1,2424,2385,2388,-1,2388,2390,2424,-1,2424,2390,2394,-1,2424,2394,2392,-1,2392,2391,2424,-1,2424,2391,2399,-1,2424,2399,2398,-1,2401,2424,2402,-1,2402,2424,2535,-1,2371,2384,2412,-1,2421,2404,2414,-1,2401,2406,2424,-1,2424,2406,2404,-1,2424,2404,2426,-1,2426,2404,2420,-1,2386,2424,2588,-1,2588,2424,2423,-1,2588,2423,2430,-1,2398,2396,2424,-1,2424,2396,2395,-1,2424,2395,2535,-1,2414,2404,2415,-1,2415,2404,2403,-1,2415,2403,2581,-1,2408,2412,2411,-1,2371,2412,2372,-1,2372,2412,2408,-1,2372,2408,2410,-1,2581,2409,2415,-1,2415,2409,2408,-1,2415,2408,2417,-1,2417,2408,2411,-1,2417,2411,2418,-1,2588,2591,2590,-1,2588,2590,2589,-1,2589,2590,2595,-1,2589,2595,2584,-1,2584,2595,2596,-1,2584,2596,2582,-1,2702,2703,2704,-1,2704,2703,2705,-1,2706,2707,2708,-1,2708,2707,2709,-1,2710,2711,2712,-1,2712,2711,2713,-1,2714,2715,2716,-1,2716,2715,2717,-1,2718,2719,2720,-1,2720,2719,2721,-1,2722,2723,2724,-1,2724,2723,2725,-1,2726,2727,2728,-1,2728,2727,2729,-1,2728,2729,2730,-1,2730,2729,2731,-1,2732,2733,2726,-1,2726,2733,2727,-1,2734,2735,2736,-1,2736,2735,2737,-1,2736,2737,2732,-1,2732,2737,2733,-1,2735,2734,2738,-1,2738,2734,2739,-1,2738,2739,2740,-1,2740,2739,2741,-1,2740,2741,2742,-1,2742,2741,2743,-1,2742,2743,2744,-1,2744,2743,2745,-1,2744,2745,2746,-1,2746,2745,2747,-1,2746,2747,2748,-1,2748,2747,2749,-1,2748,2749,2750,-1,2750,2749,2751,-1,2750,2751,2752,-1,2752,2751,2753,-1,2752,2753,2754,-1,2752,2754,2755,-1,2755,2754,2756,-1,2755,2756,2757,-1,2757,2756,2758,-1,2757,2758,2759,-1,2759,2758,2760,-1,2759,2760,2761,-1,2761,2760,2762,-1,2761,2762,2763,-1,2763,2762,2764,-1,2763,2764,2765,-1,2766,2767,2768,-1,2767,2766,2769,-1,2769,2766,2770,-1,2769,2770,2771,-1,2771,2770,2765,-1,2771,2765,2768,-1,2768,2765,2764,-1,2768,2764,2766,-1,2770,2766,2772,-1,2770,2772,2773,-1,2773,2772,2774,-1,2773,2774,2775,-1,2775,2774,2776,-1,2775,2776,2777,-1,2777,2776,2778,-1,2777,2778,2779,-1,2779,2778,2780,-1,2779,2780,2781,-1,2781,2780,2782,-1,2781,2782,2783,-1,2784,2783,2785,-1,2785,2783,2782,-1,2784,2785,2786,-1,2786,2785,2787,-1,2788,2789,2790,-1,2790,2789,2791,-1,2725,2723,2792,-1,2792,2723,2793,-1,2792,2793,2794,-1,2794,2793,2795,-1,2794,2795,2796,-1,2796,2795,2797,-1,2796,2797,2798,-1,2798,2797,2799,-1,2798,2799,2800,-1,2800,2799,2801,-1,2800,2801,2802,-1,2802,2801,2803,-1,2804,2802,2805,-1,2805,2802,2803,-1,2804,2805,2806,-1,2806,2805,2807,-1,2806,2807,2808,-1,2808,2807,2809,-1,2808,2809,2810,-1,2810,2809,2811,-1,2810,2811,2812,-1,2812,2811,2813,-1,2812,2813,2814,-1,2814,2813,2815,-1,2814,2815,2816,-1,2816,2815,2817,-1,2816,2817,2818,-1,2819,2820,2818,-1,2818,2820,2821,-1,2818,2821,2816,-1,2820,2819,2822,-1,2820,2822,2823,-1,2823,2822,2824,-1,2823,2824,2825,-1,2825,2824,2826,-1,2825,2826,2827,-1,2827,2826,2828,-1,2827,2828,2829,-1,2829,2828,2830,-1,2829,2830,2831,-1,2831,2830,2730,-1,2831,2730,2731,-1,2784,2786,2790,-1,2832,2704,2705,-1,2790,2791,2784,-1,2784,2791,2832,-1,2784,2832,2833,-1,2833,2832,2705,-1,2708,2709,2833,-1,2833,2709,2834,-1,2833,2834,2784,-1,2784,2834,2783,-1,2716,2717,2835,-1,2835,2717,2836,-1,2836,2720,2721,-1,2712,2713,2834,-1,2834,2713,2835,-1,2834,2835,2783,-1,2783,2835,2836,-1,2783,2836,2837,-1,2837,2836,2721,-1,2816,2752,2814,-1,2814,2752,2755,-1,2814,2755,2812,-1,2812,2755,2757,-1,2812,2757,2810,-1,2810,2757,2759,-1,2810,2759,2808,-1,2808,2759,2761,-1,2808,2761,2806,-1,2806,2761,2763,-1,2806,2763,2804,-1,2804,2763,2765,-1,2804,2765,2802,-1,2802,2765,2770,-1,2802,2770,2800,-1,2800,2770,2773,-1,2800,2773,2798,-1,2798,2773,2775,-1,2798,2775,2796,-1,2796,2775,2777,-1,2796,2777,2794,-1,2794,2777,2779,-1,2794,2779,2792,-1,2792,2779,2781,-1,2792,2781,2725,-1,2725,2781,2783,-1,2725,2783,2724,-1,2724,2783,2837,-1,2719,2718,2838,-1,2838,2718,2839,-1,2838,2839,2782,-1,2711,2710,2840,-1,2840,2710,2841,-1,2842,2703,2702,-1,2788,2787,2789,-1,2789,2787,2785,-1,2789,2785,2843,-1,2707,2706,2841,-1,2841,2706,2842,-1,2715,2714,2839,-1,2839,2714,2840,-1,2839,2840,2782,-1,2782,2840,2841,-1,2782,2841,2785,-1,2785,2841,2842,-1,2785,2842,2843,-1,2843,2842,2702,-1,2722,2838,2723,-1,2723,2838,2782,-1,2723,2782,2793,-1,2793,2782,2780,-1,2793,2780,2795,-1,2795,2780,2778,-1,2795,2778,2797,-1,2797,2778,2776,-1,2797,2776,2799,-1,2799,2776,2774,-1,2799,2774,2801,-1,2801,2774,2772,-1,2801,2772,2803,-1,2803,2772,2766,-1,2803,2766,2805,-1,2805,2766,2764,-1,2805,2764,2807,-1,2807,2764,2762,-1,2807,2762,2809,-1,2809,2762,2760,-1,2809,2760,2811,-1,2811,2760,2758,-1,2811,2758,2813,-1,2813,2758,2756,-1,2813,2756,2815,-1,2815,2756,2754,-1,2815,2754,2817,-1,2817,2754,2753,-1,2844,2771,2845,-1,2845,2771,2768,-1,2846,2844,2847,-1,2847,2844,2845,-1,2769,2846,2767,-1,2767,2846,2847,-1,2844,2846,2771,-1,2771,2846,2769,-1,2847,2845,2767,-1,2767,2845,2768,-1,2736,2728,2734,-1,2734,2728,2730,-1,2734,2730,2739,-1,2739,2730,2830,-1,2739,2830,2741,-1,2741,2830,2828,-1,2741,2828,2743,-1,2743,2828,2826,-1,2743,2826,2745,-1,2745,2826,2824,-1,2745,2824,2747,-1,2747,2824,2822,-1,2747,2822,2749,-1,2749,2822,2819,-1,2749,2819,2751,-1,2751,2819,2818,-1,2818,2817,2751,-1,2751,2817,2753,-1,2750,2821,2748,-1,2748,2821,2820,-1,2748,2820,2746,-1,2746,2820,2823,-1,2746,2823,2744,-1,2744,2823,2825,-1,2744,2825,2742,-1,2742,2825,2827,-1,2742,2827,2740,-1,2740,2827,2829,-1,2740,2829,2738,-1,2738,2829,2831,-1,2738,2831,2735,-1,2735,2831,2731,-1,2735,2731,2737,-1,2737,2731,2729,-1,2816,2821,2752,-1,2752,2821,2750,-1,2726,2728,2732,-1,2732,2728,2736,-1,2733,2737,2727,-1,2727,2737,2729,-1,2838,2722,2837,-1,2837,2722,2724,-1,2719,2838,2721,-1,2721,2838,2837,-1,2839,2718,2836,-1,2836,2718,2720,-1,2715,2839,2717,-1,2717,2839,2836,-1,2840,2714,2835,-1,2835,2714,2716,-1,2711,2840,2713,-1,2713,2840,2835,-1,2841,2710,2834,-1,2834,2710,2712,-1,2707,2841,2709,-1,2709,2841,2834,-1,2842,2706,2833,-1,2833,2706,2708,-1,2703,2842,2705,-1,2705,2842,2833,-1,2843,2702,2832,-1,2832,2702,2704,-1,2789,2843,2791,-1,2791,2843,2832,-1,2787,2788,2786,-1,2786,2788,2790,-1,2848,2849,2850,-1,2850,2849,2851,-1,2852,2853,2854,-1,2854,2853,2855,-1,2856,2857,2858,-1,2858,2857,2859,-1,2860,2861,2862,-1,2862,2861,2863,-1,2864,2865,2866,-1,2866,2865,2867,-1,2868,2869,2870,-1,2870,2869,2871,-1,2872,2873,2874,-1,2874,2873,2875,-1,2874,2875,2876,-1,2876,2875,2877,-1,2878,2879,2872,-1,2872,2879,2873,-1,2880,2881,2882,-1,2882,2881,2883,-1,2882,2883,2878,-1,2878,2883,2879,-1,2881,2880,2884,-1,2884,2880,2885,-1,2884,2885,2886,-1,2886,2885,2887,-1,2886,2887,2888,-1,2888,2887,2889,-1,2888,2889,2890,-1,2890,2889,2891,-1,2890,2891,2892,-1,2892,2891,2893,-1,2892,2893,2894,-1,2894,2893,2895,-1,2896,2897,2898,-1,2894,2895,2898,-1,2898,2895,2899,-1,2898,2899,2896,-1,2897,2896,2900,-1,2897,2900,2901,-1,2901,2900,2902,-1,2901,2902,2903,-1,2903,2902,2904,-1,2903,2904,2905,-1,2905,2904,2906,-1,2905,2906,2907,-1,2907,2906,2908,-1,2907,2908,2909,-1,2909,2908,2910,-1,2909,2910,2911,-1,2912,2913,2914,-1,2913,2912,2915,-1,2915,2912,2916,-1,2915,2916,2917,-1,2917,2916,2911,-1,2917,2911,2914,-1,2914,2911,2910,-1,2914,2910,2912,-1,2916,2912,2918,-1,2916,2918,2919,-1,2919,2918,2920,-1,2919,2920,2921,-1,2921,2920,2922,-1,2921,2922,2923,-1,2923,2922,2924,-1,2923,2924,2925,-1,2925,2924,2926,-1,2925,2926,2927,-1,2927,2926,2928,-1,2927,2928,2929,-1,2930,2929,2931,-1,2931,2929,2928,-1,2930,2931,2932,-1,2932,2931,2933,-1,2934,2935,2936,-1,2936,2935,2937,-1,2871,2869,2938,-1,2938,2869,2939,-1,2938,2939,2940,-1,2940,2939,2941,-1,2940,2941,2942,-1,2942,2941,2943,-1,2942,2943,2944,-1,2944,2943,2945,-1,2944,2945,2946,-1,2946,2945,2947,-1,2946,2947,2948,-1,2948,2947,2949,-1,2950,2948,2951,-1,2951,2948,2949,-1,2950,2951,2952,-1,2952,2951,2953,-1,2952,2953,2954,-1,2954,2953,2955,-1,2954,2955,2956,-1,2956,2955,2957,-1,2956,2957,2958,-1,2958,2957,2959,-1,2958,2959,2960,-1,2960,2959,2961,-1,2960,2961,2962,-1,2962,2961,2963,-1,2962,2963,2964,-1,2965,2966,2964,-1,2964,2966,2967,-1,2964,2967,2962,-1,2966,2965,2968,-1,2966,2968,2969,-1,2969,2968,2970,-1,2969,2970,2971,-1,2971,2970,2972,-1,2971,2972,2973,-1,2973,2972,2974,-1,2973,2974,2975,-1,2975,2974,2976,-1,2975,2976,2977,-1,2977,2976,2876,-1,2977,2876,2877,-1,2932,2936,2930,-1,2930,2936,2937,-1,2930,2937,2978,-1,2854,2855,2979,-1,2979,2855,2980,-1,2850,2851,2978,-1,2978,2851,2979,-1,2978,2979,2930,-1,2930,2979,2980,-1,2930,2980,2929,-1,2862,2863,2981,-1,2981,2863,2982,-1,2982,2866,2867,-1,2858,2859,2980,-1,2980,2859,2981,-1,2980,2981,2929,-1,2929,2981,2982,-1,2929,2982,2983,-1,2983,2982,2867,-1,2962,2897,2960,-1,2960,2897,2901,-1,2960,2901,2958,-1,2958,2901,2903,-1,2958,2903,2956,-1,2956,2903,2905,-1,2956,2905,2954,-1,2954,2905,2907,-1,2954,2907,2952,-1,2952,2907,2909,-1,2952,2909,2950,-1,2950,2909,2911,-1,2950,2911,2948,-1,2948,2911,2916,-1,2948,2916,2946,-1,2946,2916,2919,-1,2946,2919,2944,-1,2944,2919,2921,-1,2944,2921,2942,-1,2942,2921,2923,-1,2942,2923,2940,-1,2940,2923,2925,-1,2940,2925,2938,-1,2938,2925,2927,-1,2938,2927,2871,-1,2871,2927,2929,-1,2871,2929,2870,-1,2870,2929,2983,-1,2865,2864,2984,-1,2984,2864,2985,-1,2984,2985,2928,-1,2857,2856,2986,-1,2986,2856,2987,-1,2988,2849,2848,-1,2934,2933,2935,-1,2935,2933,2931,-1,2935,2931,2989,-1,2853,2852,2987,-1,2987,2852,2988,-1,2861,2860,2985,-1,2985,2860,2986,-1,2985,2986,2928,-1,2928,2986,2987,-1,2928,2987,2931,-1,2931,2987,2988,-1,2931,2988,2989,-1,2989,2988,2848,-1,2868,2984,2869,-1,2869,2984,2928,-1,2869,2928,2939,-1,2939,2928,2926,-1,2939,2926,2941,-1,2941,2926,2924,-1,2941,2924,2943,-1,2943,2924,2922,-1,2943,2922,2945,-1,2945,2922,2920,-1,2945,2920,2947,-1,2947,2920,2918,-1,2947,2918,2949,-1,2949,2918,2912,-1,2949,2912,2951,-1,2951,2912,2910,-1,2951,2910,2953,-1,2953,2910,2908,-1,2953,2908,2955,-1,2955,2908,2906,-1,2955,2906,2957,-1,2957,2906,2904,-1,2957,2904,2959,-1,2959,2904,2902,-1,2959,2902,2961,-1,2961,2902,2900,-1,2961,2900,2963,-1,2963,2900,2896,-1,2990,2917,2991,-1,2991,2917,2914,-1,2992,2990,2993,-1,2993,2990,2991,-1,2915,2992,2913,-1,2913,2992,2993,-1,2990,2992,2917,-1,2917,2992,2915,-1,2993,2991,2913,-1,2913,2991,2914,-1,2882,2874,2880,-1,2880,2874,2876,-1,2880,2876,2885,-1,2885,2876,2976,-1,2885,2976,2887,-1,2887,2976,2974,-1,2887,2974,2889,-1,2889,2974,2972,-1,2889,2972,2891,-1,2891,2972,2970,-1,2891,2970,2893,-1,2893,2970,2968,-1,2893,2968,2895,-1,2895,2968,2965,-1,2895,2965,2899,-1,2899,2965,2964,-1,2964,2963,2899,-1,2899,2963,2896,-1,2898,2967,2894,-1,2894,2967,2966,-1,2894,2966,2892,-1,2892,2966,2969,-1,2892,2969,2890,-1,2890,2969,2971,-1,2890,2971,2888,-1,2888,2971,2973,-1,2888,2973,2886,-1,2886,2973,2975,-1,2886,2975,2884,-1,2884,2975,2977,-1,2884,2977,2881,-1,2881,2977,2877,-1,2881,2877,2883,-1,2883,2877,2875,-1,2962,2967,2897,-1,2897,2967,2898,-1,2872,2874,2878,-1,2878,2874,2882,-1,2879,2883,2873,-1,2873,2883,2875,-1,2984,2868,2983,-1,2983,2868,2870,-1,2865,2984,2867,-1,2867,2984,2983,-1,2985,2864,2982,-1,2982,2864,2866,-1,2861,2985,2863,-1,2863,2985,2982,-1,2986,2860,2981,-1,2981,2860,2862,-1,2857,2986,2859,-1,2859,2986,2981,-1,2987,2856,2980,-1,2980,2856,2858,-1,2853,2987,2855,-1,2855,2987,2980,-1,2988,2852,2979,-1,2979,2852,2854,-1,2849,2988,2851,-1,2851,2988,2979,-1,2989,2848,2978,-1,2978,2848,2850,-1,2935,2989,2937,-1,2937,2989,2978,-1,2933,2934,2932,-1,2932,2934,2936,-1,2994,2995,2996,-1,2996,2995,2997,-1,2998,2999,3000,-1,3000,2999,3001,-1,3002,3003,3004,-1,3004,3003,3005,-1,3006,3007,3008,-1,3008,3007,3009,-1,3010,3011,3012,-1,3012,3011,3013,-1,3014,3015,3016,-1,3016,3015,3017,-1,3018,3019,3020,-1,3020,3019,3021,-1,3020,3021,3022,-1,3022,3021,3023,-1,3024,3025,3018,-1,3018,3025,3019,-1,3026,3027,3028,-1,3028,3027,3029,-1,3028,3029,3024,-1,3024,3029,3025,-1,3027,3026,3030,-1,3030,3026,3031,-1,3030,3031,3032,-1,3032,3031,3033,-1,3032,3033,3034,-1,3034,3033,3035,-1,3034,3035,3036,-1,3036,3035,3037,-1,3036,3037,3038,-1,3038,3037,3039,-1,3038,3039,3040,-1,3040,3039,3041,-1,3042,3043,3044,-1,3040,3041,3044,-1,3044,3041,3045,-1,3044,3045,3042,-1,3043,3042,3046,-1,3043,3046,3047,-1,3047,3046,3048,-1,3047,3048,3049,-1,3049,3048,3050,-1,3049,3050,3051,-1,3051,3050,3052,-1,3051,3052,3053,-1,3053,3052,3054,-1,3053,3054,3055,-1,3055,3054,3056,-1,3055,3056,3057,-1,3058,3059,3060,-1,3059,3058,3061,-1,3061,3058,3062,-1,3061,3062,3063,-1,3063,3062,3057,-1,3063,3057,3060,-1,3060,3057,3056,-1,3060,3056,3058,-1,3062,3058,3064,-1,3062,3064,3065,-1,3065,3064,3066,-1,3065,3066,3067,-1,3067,3066,3068,-1,3067,3068,3069,-1,3069,3068,3070,-1,3069,3070,3071,-1,3071,3070,3072,-1,3071,3072,3073,-1,3073,3072,3074,-1,3073,3074,3075,-1,3076,3075,3077,-1,3077,3075,3074,-1,3076,3077,3078,-1,3078,3077,3079,-1,3080,3081,3082,-1,3082,3081,3083,-1,3017,3015,3084,-1,3084,3015,3085,-1,3084,3085,3086,-1,3086,3085,3087,-1,3086,3087,3088,-1,3088,3087,3089,-1,3088,3089,3090,-1,3090,3089,3091,-1,3090,3091,3092,-1,3092,3091,3093,-1,3092,3093,3094,-1,3094,3093,3095,-1,3096,3094,3097,-1,3097,3094,3095,-1,3096,3097,3098,-1,3098,3097,3099,-1,3098,3099,3100,-1,3100,3099,3101,-1,3100,3101,3102,-1,3102,3101,3103,-1,3102,3103,3104,-1,3104,3103,3105,-1,3104,3105,3106,-1,3106,3105,3107,-1,3106,3107,3108,-1,3108,3107,3109,-1,3108,3109,3110,-1,3111,3112,3110,-1,3110,3112,3113,-1,3110,3113,3108,-1,3112,3111,3114,-1,3112,3114,3115,-1,3115,3114,3116,-1,3115,3116,3117,-1,3117,3116,3118,-1,3117,3118,3119,-1,3119,3118,3120,-1,3119,3120,3121,-1,3121,3120,3122,-1,3121,3122,3123,-1,3123,3122,3022,-1,3123,3022,3023,-1,3078,3082,3076,-1,3076,3082,3083,-1,3076,3083,3124,-1,3000,3001,3125,-1,3125,3001,3126,-1,2996,2997,3124,-1,3124,2997,3125,-1,3124,3125,3076,-1,3076,3125,3126,-1,3076,3126,3075,-1,3008,3009,3127,-1,3127,3009,3128,-1,3128,3012,3013,-1,3004,3005,3126,-1,3126,3005,3127,-1,3126,3127,3075,-1,3075,3127,3128,-1,3075,3128,3129,-1,3129,3128,3013,-1,3108,3043,3106,-1,3106,3043,3047,-1,3106,3047,3104,-1,3104,3047,3049,-1,3104,3049,3102,-1,3102,3049,3051,-1,3102,3051,3100,-1,3100,3051,3053,-1,3100,3053,3098,-1,3098,3053,3055,-1,3098,3055,3096,-1,3096,3055,3057,-1,3096,3057,3094,-1,3094,3057,3062,-1,3094,3062,3092,-1,3092,3062,3065,-1,3092,3065,3090,-1,3090,3065,3067,-1,3090,3067,3088,-1,3088,3067,3069,-1,3088,3069,3086,-1,3086,3069,3071,-1,3086,3071,3084,-1,3084,3071,3073,-1,3084,3073,3017,-1,3017,3073,3075,-1,3017,3075,3016,-1,3016,3075,3129,-1,3011,3010,3130,-1,3130,3010,3131,-1,3130,3131,3074,-1,3003,3002,3132,-1,3132,3002,3133,-1,3134,2995,2994,-1,3080,3079,3081,-1,3081,3079,3077,-1,3081,3077,3135,-1,2999,2998,3133,-1,3133,2998,3134,-1,3007,3006,3131,-1,3131,3006,3132,-1,3131,3132,3074,-1,3074,3132,3133,-1,3074,3133,3077,-1,3077,3133,3134,-1,3077,3134,3135,-1,3135,3134,2994,-1,3014,3130,3015,-1,3015,3130,3074,-1,3015,3074,3085,-1,3085,3074,3072,-1,3085,3072,3087,-1,3087,3072,3070,-1,3087,3070,3089,-1,3089,3070,3068,-1,3089,3068,3091,-1,3091,3068,3066,-1,3091,3066,3093,-1,3093,3066,3064,-1,3093,3064,3095,-1,3095,3064,3058,-1,3095,3058,3097,-1,3097,3058,3056,-1,3097,3056,3099,-1,3099,3056,3054,-1,3099,3054,3101,-1,3101,3054,3052,-1,3101,3052,3103,-1,3103,3052,3050,-1,3103,3050,3105,-1,3105,3050,3048,-1,3105,3048,3107,-1,3107,3048,3046,-1,3107,3046,3109,-1,3109,3046,3042,-1,3136,3063,3137,-1,3137,3063,3060,-1,3138,3136,3139,-1,3139,3136,3137,-1,3061,3138,3059,-1,3059,3138,3139,-1,3136,3138,3063,-1,3063,3138,3061,-1,3139,3137,3059,-1,3059,3137,3060,-1,3028,3020,3026,-1,3026,3020,3022,-1,3026,3022,3031,-1,3031,3022,3122,-1,3031,3122,3033,-1,3033,3122,3120,-1,3033,3120,3035,-1,3035,3120,3118,-1,3035,3118,3037,-1,3037,3118,3116,-1,3037,3116,3039,-1,3039,3116,3114,-1,3039,3114,3041,-1,3041,3114,3111,-1,3041,3111,3045,-1,3045,3111,3110,-1,3110,3109,3045,-1,3045,3109,3042,-1,3044,3113,3040,-1,3040,3113,3112,-1,3040,3112,3038,-1,3038,3112,3115,-1,3038,3115,3036,-1,3036,3115,3117,-1,3036,3117,3034,-1,3034,3117,3119,-1,3034,3119,3032,-1,3032,3119,3121,-1,3032,3121,3030,-1,3030,3121,3123,-1,3030,3123,3027,-1,3027,3123,3023,-1,3027,3023,3029,-1,3029,3023,3021,-1,3108,3113,3043,-1,3043,3113,3044,-1,3018,3020,3024,-1,3024,3020,3028,-1,3025,3029,3019,-1,3019,3029,3021,-1,3130,3014,3129,-1,3129,3014,3016,-1,3011,3130,3013,-1,3013,3130,3129,-1,3131,3010,3128,-1,3128,3010,3012,-1,3007,3131,3009,-1,3009,3131,3128,-1,3132,3006,3127,-1,3127,3006,3008,-1,3003,3132,3005,-1,3005,3132,3127,-1,3133,3002,3126,-1,3126,3002,3004,-1,2999,3133,3001,-1,3001,3133,3126,-1,3134,2998,3125,-1,3125,2998,3000,-1,2995,3134,2997,-1,2997,3134,3125,-1,3135,2994,3124,-1,3124,2994,2996,-1,3081,3135,3083,-1,3083,3135,3124,-1,3079,3080,3078,-1,3078,3080,3082,-1,
        ]
    }
}
Shape{
    appearance Appearance {
        material  Material 	{
            diffuseColor 0.1843137254901961 1.0 0.5372549019607843
            specularColor 0.09411764705882353 0.5019607843137255 0.26666666666666666
            ambientIntensity 0.2
            transparency 0
            shininess 0.5
        }
    }
    geometry IndexedFaceSet {
        ccw TRUE
        solid FALSE
        coord DEF co Coordinate {
            point [
                2.0984 -0.0879 0.6029, 2.0984 -0.0879 0.5553, 2.0984 0.0277 0.5553, 2.0984 -0.0879 0.7934, 2.0984 -0.0879 0.7582, 2.0984 0.0277 0.7582, 2.0984 0.0735 0.9144, 2.0984 0.0827 0.9155, 2.0984 0.0349 0.9155, 2.0984 0.1045 0.7941, 2.0984 0.0968 0.7934, 2.0984 0.1365 0.7934, 2.0984 1.2795 1.2008, 2.0984 0.6201 3.3465, 2.0984 0.3698 3.3465, 2.0984 0.159 0.9007, 2.0984 0.159 0.8623, 2.0984 0.1914 0.8623, 2.0984 0.1665 0.6035, 2.0984 0.1614 0.6029, 2.0984 0.1914 0.6029, 2.0984 0.1401 0.6032, 2.0984 0.1365 0.6044, 2.0984 0.1365 0.6029, 2.0984 0.3094 0.658, 2.0984 0.3094 0.6176, 2.0984 0.3319 0.6176, 2.0984 -0.6816 0.748, 2.0984 -0.6797 0.7582, 2.0984 -0.9807 0.7582, 2.0984 -0.192 0.8208, 2.0984 -0.1688 0.8012, 2.0984 -0.0879 0.9155, 2.0984 -0.2678 0.9023, 2.0984 -0.2399 0.8703, 2.0984 -0.2216 0.8349, 2.0984 -0.2174 0.8334, 2.0984 -0.9646 2.0866, 2.0984 -0.3058 0.9279, 2.0984 -0.2874 0.9155, 2.0984 -0.4263 0.9415, 2.0984 -0.3839 0.9467, 2.0984 -0.3487 0.943, 2.0984 -0.6418 0.8366, 2.0984 -0.6351 0.8429, 2.0984 -0.9807 0.9155, 2.0984 -0.4657 0.9263, 2.0984 -0.9807 2.0866, 2.0984 -0.483 0.9155, 2.0984 -0.4864 0.9134, 2.0984 -0.6065 0.8623, 2.0984 -0.5747 0.874, 2.0984 -0.5436 0.8776, 2.0984 -0.5064 0.8963, 2.0984 -0.5338 0.877, 2.0984 -0.5239 0.8759, 2.0984 -0.9807 0.7934, 2.0984 -0.6752 0.7818, 2.0984 -0.6698 0.7934, 2.0984 -0.6611 0.8122, 2.0984 -0.5777 0.6052, 2.0984 -0.5914 0.6094, 2.0984 -0.9807 0.6029, 2.0984 -0.6219 0.6251, 2.0984 -0.646 0.6462, 2.0984 -0.6485 0.6489, 2.0984 -0.6667 0.6763, 2.0984 -0.6784 0.7082, 2.0984 -0.6819 0.7392, 2.0984 -0.5398 0.5586, 2.0984 -0.5565 0.5712, 2.0984 -0.9807 0.5553, 2.0984 -0.5692 0.5869, 2.0984 -0.5767 0.6029, 2.0984 -0.9807 0.0, 2.0984 -0.5201 0.5503, 2.0984 -0.5319 0.5553, 2.0984 -0.4612 0.5553, 2.0984 -0.476 0.5496, 2.0984 -0.0879 0.0, 2.0984 -0.4966 0.5471, 2.0984 -0.4999 0.5472, 2.0984 -0.4166 0.6029, 2.0984 -0.4166 0.6026, 2.0984 -0.4267 0.5836, 2.0984 -0.4399 0.5688, 2.0984 -0.4569 0.5569, 2.0984 -0.141 0.7508, 2.0984 -0.1371 0.723, 2.0984 -0.3074 0.6533, 2.0984 -0.3016 0.6556, 2.0984 -0.2917 0.7042, 2.0984 -0.1687 0.6419, 2.0984 -0.192 0.6222, 2.0984 -0.4326 0.6897, 2.0984 -0.3181 0.7495, 2.0984 -0.4475 0.7033, 2.0984 -0.4656 0.713, 2.0984 -0.3127 0.6496, 2.0984 -0.1518 0.6653, 2.0984 -0.1905 0.7296, 2.0984 -0.1944 0.746, 2.0984 -0.201 0.7582, 2.0984 -0.626 0.7582, 2.0984 -0.1411 0.6924, 2.0984 -0.2951 0.6564, 2.0984 -0.2942 0.6563, 2.0984 -0.2917 0.6558, 2.0984 -0.621 0.707, 2.0984 -0.6108 0.6895, 2.0984 -0.5674 0.6808, 2.0984 -0.5955 0.6738, 2.0984 -0.5769 0.6624, 2.0984 -0.5358 0.709, 2.0984 -0.5533 0.6969, 2.0984 -0.6281 0.7409, 2.0984 -0.6271 0.7279, 2.0984 -0.517 0.7162, 2.0984 -0.4966 0.7187, 2.0984 -0.4862 0.7181, 2.0984 -0.3215 0.6299, 2.0984 -0.3214 0.6329, 2.0984 -0.4112 0.641, 2.0984 -0.3198 0.6394, 2.0984 -0.3166 0.6453, 2.0984 -0.2074 0.677, 2.0984 -0.198 0.6903, 2.0984 -0.1921 0.7055, 2.0984 -0.19 0.7222, 2.0984 -0.3016 0.6042, 2.0984 -0.3072 0.6065, 2.0984 -0.3128 0.6104, 2.0984 -0.3148 0.6124, 2.0984 -0.3185 0.6178, 2.0984 -0.3207 0.6236, 2.0984 -0.4117 0.6237, 2.0984 -0.4112 0.6325, 2.0984 -0.2181 0.6094, 2.0984 -0.2464 0.6035, 2.0984 -0.2968 0.6035, 2.0984 -0.29 0.6555, 2.0984 -0.2515 0.6555, 2.0984 -0.2363 0.6585, 2.0984 -0.2212 0.6654, 2.0984 -0.2086 0.6757, 2.0984 -0.2635 0.7888, 2.0984 -0.6183 0.7806, 2.0984 -0.6256 0.7616, 2.0984 -0.2567 0.7888, 2.0984 -0.2024 0.7607, 2.0984 -0.2123 0.7718, 2.0984 -0.2255 0.781, 2.0984 -0.2404 0.7868, 2.0984 -0.3004 0.8623, 2.0984 -0.3036 0.8653, 2.0984 -0.4975 0.8135, 2.0984 -0.2813 0.8391, 2.0984 -0.6094 0.7934, 2.0984 -0.5037 0.8169, 2.0984 -0.2645 0.7934, 2.0984 -0.2684 0.8115, 2.0984 -0.5228 0.8239, 2.0984 -0.5427 0.8263, 2.0984 -0.5515 0.8259, 2.0984 -0.3276 0.8819, 2.0984 -0.3544 0.892, 2.0984 -0.4847 0.84, 2.0984 -0.383 0.8955, 2.0984 -0.5726 0.8209, 2.0984 -0.5916 0.8108, 2.0984 -0.6064 0.7976, 2.0984 -0.4139 0.8916, 2.0984 -0.4419 0.8804, 2.0984 -0.4657 0.863, 2.0984 -0.1632 0.7934, 2.0984 -0.1514 0.7769, 2.0984 -0.1439 0.7582, 2.0984 0.3585 0.6176, 2.0984 0.3585 0.6039, 2.0984 0.3698 0.6029, 2.0984 0.3319 0.6029, 2.0984 0.3698 0.7582, 2.0984 0.3557 0.724, 2.0984 0.3557 0.7102, 2.0984 0.3523 0.6717, 2.0984 0.3523 0.658, 2.0984 0.3319 0.658, 2.0984 0.3319 0.7102, 2.0984 0.3319 0.6717, 2.0984 0.3094 0.7102, 2.0984 0.3094 0.6717, 2.0984 0.3319 0.6039, 2.0984 0.2939 0.6039, 2.0984 0.2858 0.6029, 2.0984 0.2939 0.724, 2.0984 0.0458 0.6442, 2.0984 0.0486 0.669, 2.0984 0.0427 0.6393, 2.0984 0.0409 0.6338, 2.0984 0.0819 0.6789, 2.0984 0.0768 0.6794, 2.0984 0.0687 0.6548, 2.0984 0.1296 0.6224, 2.0984 0.1092 0.6591, 2.0984 0.1296 0.6069, 2.0984 0.1092 0.6039, 2.0984 0.0865 0.6083, 2.0984 0.0814 0.6049, 2.0984 0.0941 0.6039, 2.0984 0.0757 0.6029, 2.0984 0.0502 0.6483, 2.0984 0.0562 0.6516, 2.0984 0.059 0.6756, 2.0984 0.0685 0.6786, 2.0984 0.0349 0.5553, 2.0984 0.0587 0.6029, 2.0984 0.0349 0.6029, 2.0984 0.0585 0.6029, 2.0984 0.0527 0.6051, 2.0984 0.0629 0.6898, 2.0984 0.0349 0.7582, 2.0984 0.0517 0.6854, 2.0984 0.0486 0.6836, 2.0984 0.0476 0.6086, 2.0984 0.0462 0.61, 2.0984 0.043 0.6145, 2.0984 0.1364 0.6183, 2.0984 0.1365 0.6183, 2.0984 0.1365 0.6503, 2.0984 0.0941 0.6171, 2.0984 0.0937 0.6171, 2.0984 0.0913 0.6134, 2.0984 0.0411 0.6195, 2.0984 0.0403 0.6268, 2.0984 0.1303 0.6606, 2.0984 0.1077 0.6718, 2.0984 0.1297 0.6665, 2.0984 0.0941 0.6584, 2.0984 0.0936 0.665, 2.0984 0.0921 0.6704, 2.0984 0.0903 0.6735, 2.0984 0.0782 0.6916, 2.0984 0.0887 0.6905, 2.0984 0.0947 0.6884, 2.0984 0.1364 0.6504, 2.0984 0.1339 0.6529, 2.0984 0.132 0.656, 2.0984 0.088 0.6759, 2.0984 0.0854 0.6776, 2.0984 0.1302 0.6719, 2.0984 0.132 0.6767, 2.0984 0.1052 0.6782, 2.0984 0.1348 0.6808, 2.0984 0.102 0.6828, 2.0984 0.0994 0.6854, 2.0984 0.1431 0.6029, 2.0984 0.1365 0.5553, 2.0984 0.1528 0.6019, 2.0984 0.1834 0.6878, 2.0984 0.1834 0.6732, 2.0984 0.1365 0.6823, 2.0984 0.1365 0.7582, 2.0984 0.1393 0.6848, 2.0984 0.143 0.6871, 2.0984 0.1868 0.6212, 2.0984 0.1849 0.6164, 2.0984 0.1821 0.6124, 2.0984 0.151 0.6902, 2.0984 0.1631 0.6916, 2.0984 0.1914 0.7582, 2.0984 0.1736 0.6907, 2.0984 0.1825 0.6414, 2.0984 0.1853 0.6373, 2.0984 0.1869 0.6328, 2.0984 0.1875 0.6272, 2.0984 0.1778 0.6087, 2.0984 0.1744 0.6065, 2.0984 0.1616 0.6794, 2.0984 0.1571 0.6791, 2.0984 0.1452 0.6679, 2.0984 0.1531 0.678, 2.0984 0.1497 0.6762, 2.0984 0.1453 0.6659, 2.0984 0.1459 0.6635, 2.0984 0.147 0.6615, 2.0984 0.1484 0.6599, 2.0984 0.1538 0.6566, 2.0984 0.1721 0.6781, 2.0984 0.1631 0.6525, 2.0984 0.1806 0.6748, 2.0984 0.1689 0.6502, 2.0984 0.1789 0.6446, 2.0984 0.1475 0.6742, 2.0984 0.1462 0.6723, 2.0984 0.1454 0.6703, 2.0984 0.1459 0.615, 2.0984 0.1524 0.6416, 2.0984 0.1435 0.6457, 2.0984 0.1543 0.6141, 2.0984 0.155 0.6141, 2.0984 0.1623 0.6374, 2.0984 0.1627 0.615, 2.0984 0.1721 0.6257, 2.0984 0.1719 0.6276, 2.0984 0.1666 0.6164, 2.0984 0.1679 0.6173, 2.0984 0.1697 0.6188, 2.0984 0.171 0.6207, 2.0984 0.1717 0.6229, 2.0984 0.1712 0.63, 2.0984 0.1701 0.632, 2.0984 0.1682 0.6339, 2.0984 0.4139 0.8273, 2.0984 0.3698 0.8273, 2.0984 0.4261 0.7944, 2.0984 0.3698 0.7934, 2.0984 0.4433 0.7944, 2.0984 0.3639 0.8273, 2.0984 0.3523 0.7944, 2.0984 0.3319 0.7934, 2.0984 0.3352 0.7944, 2.0984 0.3319 0.9155, 2.0984 0.3698 0.8853, 2.0984 0.3698 0.9155, 2.0984 0.381 0.9145, 2.0984 0.3975 0.9145, 2.0984 0.2858 0.7934, 2.0984 0.2843 0.7969, 2.0984 0.2638 0.7944, 2.0984 0.265 0.9145, 2.0984 0.2858 0.9155, 2.0984 0.2194 0.9155, 2.0984 0.2194 0.7934, 2.0984 0.2308 0.7944, 2.0984 0.2308 0.9145, 2.0984 0.3253 0.8343, 2.0984 0.3194 0.8219, 2.0984 0.3146 0.8945, 2.0984 0.3221 0.8841, 2.0984 0.3104 0.8112, 2.0984 0.298 0.8023, 2.0984 0.2858 0.7975, 2.0984 0.3104 0.8986, 2.0984 0.2834 0.9125, 2.0984 0.2858 0.9116, 2.0984 0.2979 0.9072, 2.0984 0.3265 0.8726, 2.0984 0.3285 0.856, 2.0984 0.3282 0.8484, 2.0984 0.1914 0.9155, 2.0984 0.2053 0.9145, 2.0984 0.1914 0.9145, 2.0984 0.2053 0.9007, 2.0984 0.2081 0.8081, 2.0984 0.2081 0.7944, 2.0984 0.1914 0.7934, 2.0984 0.159 0.8081, 2.0984 0.1914 0.8081, 2.0984 0.159 0.8485, 2.0984 0.1914 0.8485, 2.0984 0.2019 0.8485, 2.0984 0.2019 0.8623, 2.0984 0.1914 0.9007, 2.0984 0.1435 0.9145, 2.0984 0.1365 0.9155, 2.0984 0.1435 0.7944, 2.0984 -1.2205 2.0708, 2.0984 -1.2449 2.052, 2.0984 -1.2637 2.0276, 2.0984 -1.1614 2.0866, 2.0984 -1.192 2.0826, 2.0984 -1.2795 1.9685, 2.0984 -1.2755 1.9991, 2.0984 1.2795 0.9155, 2.0984 1.2795 0.7934, 2.0984 0.1068 0.9153, 2.0984 0.1194 0.9116, 2.0984 0.1914 0.7944, 2.0984 0.1194 0.8954, 2.0984 0.1174 0.7984, 2.0984 0.0941 0.8064, 2.0984 0.1076 0.8089, 2.0984 0.1194 0.8142, 2.0984 0.1194 0.7994, 2.0984 0.1059 0.9008, 2.0984 0.0911 0.9025, 2.0984 0.0458 0.8531, 2.0984 0.0517 0.827, 2.0984 0.0576 0.8188, 2.0984 0.0599 0.8165, 2.0984 0.0678 0.811, 2.0984 0.0764 0.8077, 2.0984 0.0884 0.8062, 2.0984 0.0584 0.8892, 2.0984 0.0518 0.8801, 2.0984 0.0666 0.896, 2.0984 0.076 0.9003, 2.0984 0.0865 0.9024, 2.0984 0.0478 0.8697, 2.0984 0.1181 0.8961, 2.0984 0.0459 0.8487, 2.0984 0.0478 0.8367, 2.0984 0.091 0.9165, 2.0984 0.0349 3.3465, 2.0984 0.1365 3.3465, 2.0984 0.0911 0.9165, 2.0984 0.1038 0.9155, 2.0984 0.0381 0.8875, 2.0984 0.0469 0.8989, 2.0984 0.0498 0.9016, 2.0984 0.061 0.9095, 2.0984 0.0349 0.8249, 2.0984 0.0319 0.8325, 2.0984 0.0277 0.7934, 2.0984 0.0295 0.8522, 2.0984 0.0297 0.8585, 2.0984 0.0277 0.9155, 2.0984 0.0324 0.8741, 2.0984 0.0349 0.8798, 2.0984 0.0546 0.8008, 2.0984 0.0449 0.8088, 2.0984 0.0349 0.7934, 2.0984 0.0368 0.82, 2.0984 0.0862 0.7924, 2.0984 0.0789 0.7927, 2.0984 0.0757 0.7934, 2.0984 0.0659 0.7954, 2.0984 0.0753 0.6027, 2.0984 0.0675 0.6019, 2.0984 0.2621 0.6897, 2.0984 0.2777 0.6897, 2.0984 0.2858 0.7582, 2.0984 0.3319 0.724, 2.0984 0.3319 0.7582, 2.0984 0.2435 0.6029, 2.0984 0.2346 0.6252, 2.0984 0.2364 0.6181, 2.0984 0.2368 0.6181, 2.0984 0.2194 0.7582, 2.0984 0.2194 0.6688, 2.0984 0.2387 0.6251, 2.0984 0.2375 0.6211, 2.0984 0.2194 0.6029, 2.0984 0.2194 0.6284, 2.0984 0.1953 0.6897, 2.0984 0.2122 0.6897, 2.0984 0.229 0.6041, 2.0984 0.2285 0.6029, 2.0984 0.2224 0.5885, 2.0984 0.1914 0.5553, 2.0984 0.1984 0.5647, 2.0984 0.1984 0.5781, 2.0984 0.2165 0.5798, 2.0984 0.2193 0.5829, 2.0984 0.2194 0.5831, 2.0984 0.2015 0.5771, 2.0984 0.207 0.5764, 2.0984 0.2194 0.5662, 2.0984 0.2148 0.5643, 2.0984 0.2194 0.5553, 2.0984 0.2081 0.5635, 2.0984 0.2048 0.5636, 2.0984 0.211 0.5769, 2.0984 0.2142 0.5782, 2.0984 0.2387 0.5909, 2.0984 0.2858 0.5553, 2.0984 0.2318 0.5775, 2.0984 0.2257 0.5703, 2.0984 0.2207 0.5667, 2.0984 -1.2795 0.0, 2.0984 -1.2795 0.5553, 2.0984 -1.2795 0.6029, 2.0984 -1.2795 0.7582, 2.0984 -1.2795 0.7934, 2.0984 -1.2795 0.9155, 2.0984 0.0246 0.8081, 2.0984 0.0246 0.7944, 2.0984 -0.0387 0.7944, 2.0984 -0.0232 0.9145, 2.0984 -0.0232 0.8081, 2.0984 -0.0387 0.9145, 2.0984 0.0277 0.6029, 2.0984 0.0259 0.6039, 2.0984 -0.0387 0.6039, 2.0984 0.0259 0.6176, 2.0984 0.0231 0.7102, 2.0984 -0.0232 0.658, 2.0984 -0.0232 0.6176, 2.0984 0.0197 0.658, 2.0984 0.0197 0.6717, 2.0984 -0.0232 0.6717, 2.0984 -0.0232 0.7102, 2.0984 -0.0387 0.724, 2.0984 0.0231 0.724, 2.0984 0.0277 3.3465, 2.0984 -0.0879 3.3465, 2.0984 -0.5807 3.3465, 2.0984 0.3319 3.3465, 2.0984 0.2858 3.3465, 2.0984 0.2194 3.3465, 2.0984 0.1914 3.3465, 2.0984 0.3812 0.6039, 2.0984 0.3812 0.724, 2.0984 0.4142 0.6039, 2.0984 0.5766 0.6039, 2.0984 0.5937 0.6039, 2.0984 1.2795 0.6029, 2.0984 0.5479 0.724, 2.0984 1.2795 0.7582, 2.0984 0.5643 0.6367, 2.0984 0.5143 0.6367, 2.0984 0.5027 0.6039, 2.0984 0.4856 0.6039, 2.0984 0.5314 0.724, 2.0984 0.4698 0.6313, 2.0984 0.4608 0.6207, 2.0984 0.4484 0.6118, 2.0984 0.4347 0.6064, 2.0984 0.4608 0.7081, 2.0984 0.465 0.704, 2.0984 0.4725 0.6935, 2.0984 0.4769 0.6821, 2.0984 0.4154 0.724, 2.0984 0.4338 0.722, 2.0984 0.4483 0.7167, 2.0984 0.479 0.6655, 2.0984 0.4786 0.6578, 2.0984 0.4757 0.6438, 2.0984 0.3319 0.5553, 2.0984 0.3698 0.5553, 2.0984 1.2795 0.5553, 2.0984 0.0277 0.0, 2.0984 0.0349 0.0, 2.0984 0.1365 0.0, 2.0984 0.1914 0.0, 2.0984 0.2194 0.0, 2.0984 0.2858 0.0, 2.0984 0.3319 0.0, 2.0984 0.3698 0.0, 2.0984 1.2795 0.0, -1.1063 -1.2795 0.2222, -1.8937 -1.2795 0.2222, -2.0984 -1.2795 0.0, -2.0984 -1.2795 1.9685, -1.8937 -1.2795 1.8126, -1.1063 -1.2795 1.8126, 0.1063 -1.2795 0.2222, 0.1063 -1.2795 1.8126, -0.1063 -1.2795 1.8126, -0.1063 -1.2795 0.2222, -0.8937 -1.2795 0.2222, -0.8937 -1.2795 1.8126, 0.8937 -1.2795 1.8126, 1.8937 -1.2795 0.2222, 1.1063 -1.2795 0.2222, 0.8937 -1.2795 0.2222, 1.1063 -1.2795 1.8126, 1.8937 -1.2795 1.8126, -1.2047 1.0806 0.8565, -1.0669 1.0806 0.8565, -1.2047 1.0605 1.4777, -1.0669 1.0605 1.4777, -0.2047 1.0806 0.8565, -0.0669 1.0806 0.8565, -0.2047 1.0605 1.4777, -0.0669 1.0605 1.4777, 0.7953 1.0806 0.8565, 0.9331 1.0806 0.8565, 0.7953 1.0605 1.4777, 0.9331 1.0605 1.4777, -2.0984 1.2795 0.0, -2.0984 1.2795 1.2008, -1.7953 1.2795 1.2008, -1.7953 1.2795 0.8565, -1.2047 1.2795 0.8565, -0.2047 1.2795 0.8565, -0.2047 1.2795 1.2008, 0.2047 1.2795 1.2008, 0.2047 1.2795 0.8565, -0.7953 1.2795 0.8565, -0.7953 1.2795 1.2008, -1.2047 1.2795 1.2008, 0.7953 1.2795 1.2008, 1.2047 1.2795 1.2008, 0.7953 1.2795 0.8565, 1.2047 1.2795 0.8565, 1.7953 1.2795 0.8565, 1.7953 1.2795 1.2008, 1.7953 1.0447 1.9647, 1.2047 1.0447 1.9647, -2.0984 0.6201 3.3465, 0.2047 1.0447 1.9647, -0.2047 1.0447 1.9647, -0.7953 1.0447 1.9647, 0.7953 1.0447 1.9647, -1.7953 1.0447 1.9647, -1.2047 1.0447 1.9647, 0.1457 -0.8833 1.4995, 0.2047 -0.8833 1.2192, 0.2047 -0.8833 0.5122, 0.7953 -0.8833 1.2192, 0.8543 -0.8833 1.4995, 0.7953 -0.8833 0.5122, 0.8543 -0.8833 -0.0, 0.1457 -0.8833 -0.0, -0.7953 -0.8833 0.5122, -0.8543 -0.8833 -0.0, -0.8543 -0.8833 1.4995, -0.1457 -0.8833 -0.0, -0.2047 -0.8833 0.5122, -0.1457 -0.8833 1.4995, -0.2047 -0.8833 1.2192, -0.7953 -0.8833 1.2192, -1.7953 -0.8833 0.5122, -1.8543 -0.8833 -0.0, -1.8543 -0.8833 1.4995, -1.1457 -0.8833 -0.0, -1.2047 -0.8833 0.5122, -1.1457 -0.8833 1.4995, -1.2047 -0.8833 1.2192, -1.7953 -0.8833 1.2192, 0.0669 1.0806 0.0, 0.0669 0.8145 0.0, -0.0669 0.8145 0.0, 1.1457 -0.8833 0.0, 1.8543 -0.8833 0.0, -0.9331 0.6306 0.0, -1.1457 0.8145 0.0, -0.8543 0.6306 0.0, -1.0669 0.8145 0.0, 0.1457 0.8145 0.0, 0.1457 0.6306 0.0, 0.0669 0.6306 0.0, -0.1457 0.8145 0.0, -1.8543 0.8145 0.0, -1.8543 0.6306 0.0, -1.9331 0.8145 0.0, -1.9331 0.6306 0.0, 1.8543 -0.6253 0.0, 1.9331 -0.6253 0.0, -0.0669 1.0806 0.0, -0.9331 1.0806 0.0, -1.0669 1.0806 0.0, -1.9331 1.0806 0.0, -1.9331 -0.6253 0.0, 1.0669 -0.6253 0.0, 1.1457 -0.6253 0.0, 1.8543 0.6306 0.0, 1.8543 0.8145 0.0, 1.9331 0.6306 0.0, 1.9331 0.8145 0.0, -0.9331 0.8145 0.0, -0.8543 0.8145 0.0, -1.1457 -0.6253 0.0, -1.0669 -0.6253 0.0, 0.9331 0.6306 0.0, 0.8543 0.6306 0.0, 0.8543 0.8145 0.0, -0.1457 -0.6253 0.0, -0.0669 -0.6253 0.0, 0.9331 1.0806 0.0, 1.0669 1.0806 0.0, 0.9331 0.8145 0.0, -1.8543 -0.6253 0.0, -0.8543 -0.6253 0.0, -0.9331 -0.6253 0.0, -1.0669 0.6306 0.0, -1.1457 0.6306 0.0, 1.9331 1.0806 0.0, 0.8543 -0.6253 0.0, 0.9331 -0.6253 0.0, 1.0669 0.8145 0.0, 0.1457 -0.6253 0.0, 0.0669 -0.6253 0.0, -0.0669 0.6306 0.0, -0.1457 0.6306 0.0, 1.0669 0.6306 0.0, 1.1457 0.6306 0.0, 1.1457 0.8145 0.0, -1.1457 -0.6253 1.4995, -1.8543 -0.6253 1.4995, -1.9331 -0.6253 2.5644, -1.0669 -0.6253 2.5644, -1.9331 0.8145 1.2561, -1.8543 0.8145 1.2561, -1.9331 0.6306 1.2561, -1.8543 0.6306 1.2561, -0.1457 -0.6253 1.4995, -0.8543 -0.6253 1.4995, -0.9331 -0.6253 2.5644, -0.0669 -0.6253 2.5644, -0.9331 0.8145 1.2561, -0.8543 0.8145 1.2561, -0.9331 0.6306 1.2561, -0.8543 0.6306 1.2561, 0.8543 -0.6253 1.4995, 0.1457 -0.6253 1.4995, 0.0669 -0.6253 2.5644, 0.9331 -0.6253 2.5644, 0.0669 0.8145 1.2561, 0.1457 0.8145 1.2561, 0.0669 0.6306 1.2561, 0.1457 0.6306 1.2561, 1.7953 1.0806 0.8565, 1.9331 1.0806 0.8565, 1.7953 1.0605 1.4777, 1.9331 1.0605 1.4777, 1.2047 -0.8833 0.5122, 1.1457 -0.8833 1.4995, 1.7953 -0.8833 0.5122, 1.8543 -0.8833 1.4995, 1.7953 -0.8833 1.2192, 1.2047 -0.8833 1.2192, 1.8543 -0.6253 1.4995, 1.1457 -0.6253 1.4995, 1.0669 -0.6253 2.5644, 1.9331 -0.6253 2.5644, 1.0669 0.8145 1.2561, 1.1457 0.8145 1.2561, 1.0669 0.6306 1.2561, 1.1457 0.6306 1.2561, -2.0984 -0.9646 2.0866, -2.0984 -0.5807 3.3465, -2.0984 -1.1614 2.0866, -2.0984 -1.2755 1.9991, -2.0984 -1.2637 2.0276, -2.0984 -1.2449 2.052, -2.0984 -1.2205 2.0708, -2.0984 -1.192 2.0826, -0.7065 -0.3576 3.3465, -0.792 -0.292 3.3465, 0.5 -0.4129 3.3465, 0.3931 -0.3989 3.3465, -0.8989 -0.1069 3.3465, -0.9129 0.0 3.3465, -1.0871 0.0 3.3465, 1.9129 -0.0 3.3465, 1.8989 -0.1069 3.3465, -1.1011 0.1069 3.3465, -0.8989 0.1069 3.3465, -1.1424 0.2065 3.3465, 0.9129 -0.0 3.3465, 1.208 -0.292 3.3465, 1.1424 -0.2065 3.3465, -1.792 0.292 3.3465, -1.7065 0.3576 3.3465, 0.8576 -0.2065 3.3465, 0.792 -0.292 3.3465, 1.3931 -0.3989 3.3465, 0.7065 -0.3576 3.3465, 0.6069 -0.3989 3.3465, -0.1424 -0.2065 3.3465, -0.208 -0.292 3.3465, -0.2935 -0.3576 3.3465, -1.6069 -0.3989 3.3465, -1.7065 -0.3576 3.3465, -1.792 -0.292 3.3465, -1.8576 -0.2065 3.3465, -1.8576 0.2065 3.3465, 1.8576 -0.2065 3.3465, 1.792 -0.292 3.3465, 1.7065 -0.3576 3.3465, -0.3931 -0.3989 3.3465, -0.5 -0.4129 3.3465, -0.6069 -0.3989 3.3465, -0.8576 -0.2065 3.3465, -1.1011 -0.1069 3.3465, -1.1424 -0.2065 3.3465, -1.208 -0.292 3.3465, -1.8989 -0.1069 3.3465, -1.9129 0.0 3.3465, -1.8989 0.1069 3.3465, -0.0871 0.0 3.3465, 0.208 -0.292 3.3465, 0.1424 -0.2065 3.3465, 1.5 -0.4129 3.3465, 1.6069 -0.3989 3.3465, 1.2935 -0.3576 3.3465, 0.8989 -0.1069 3.3465, 0.2935 -0.3576 3.3465, -0.1011 -0.1069 3.3465, 0.792 0.292 3.3465, 0.8576 0.2065 3.3465, 1.1011 0.1069 3.3465, 0.8989 0.1069 3.3465, 1.0871 0.0 3.3465, 1.1011 -0.1069 3.3465, -1.6069 0.3989 3.3465, -1.5 0.4129 3.3465, -1.3931 0.3989 3.3465, 0.1011 -0.1069 3.3465, 0.0871 0.0 3.3465, -0.1011 0.1069 3.3465, 0.1011 0.1069 3.3465, -0.1424 0.2065 3.3465, -0.7065 0.3576 3.3465, -0.792 0.292 3.3465, -0.8576 0.2065 3.3465, -1.2935 0.3576 3.3465, -1.208 0.292 3.3465, 0.7065 0.3576 3.3465, 1.1424 0.2065 3.3465, 0.6069 0.3989 3.3465, 1.6069 0.3989 3.3465, 1.7065 0.3576 3.3465, 1.792 0.292 3.3465, 1.8576 0.2065 3.3465, -0.6069 0.3989 3.3465, -0.5 0.4129 3.3465, -0.3931 0.3989 3.3465, -0.2935 0.3576 3.3465, -0.208 0.292 3.3465, 0.1424 0.2065 3.3465, 0.208 0.292 3.3465, 1.8989 0.1069 3.3465, -1.2935 -0.3576 3.3465, -1.3931 -0.3989 3.3465, -1.5 -0.4129 3.3465, 0.2935 0.3576 3.3465, 0.3931 0.3989 3.3465, 0.5 0.4129 3.3465, 1.208 0.292 3.3465, 1.2935 0.3576 3.3465, 1.3931 0.3989 3.3465, 1.5 0.4129 3.3465, 1.5 -0.3329 2.5644, 1.5 -0.3329 2.7214, 1.5862 -0.3215 2.5644, 1.5862 -0.3215 2.7214, 1.6664 -0.2883 2.5644, 1.6664 -0.2883 2.7214, 1.7354 -0.2354 2.5644, 1.7354 -0.2354 2.7214, 1.7883 -0.1664 2.5644, 1.7883 -0.1664 2.7214, 1.8215 -0.0862 2.5644, 1.8215 -0.0862 2.7214, 1.8329 -0.0 2.5644, 1.8329 -0.0 2.7214, 1.8215 0.0862 2.5644, 1.8215 0.0862 2.7214, 1.7883 0.1664 2.5644, 1.7883 0.1664 2.7214, 1.7354 0.2354 2.5644, 1.7354 0.2354 2.7214, 1.6664 0.2883 2.5644, 1.6664 0.2883 2.7214, 1.5862 0.3215 2.5644, 1.5862 0.3215 2.7214, 1.5 0.3329 2.5644, 1.5 0.3329 2.7214, 1.4138 0.3215 2.5644, 1.4138 0.3215 2.7214, 1.3336 0.2883 2.5644, 1.3336 0.2883 2.7214, 1.2646 0.2354 2.5644, 1.2646 0.2354 2.7214, 1.2117 0.1664 2.5644, 1.2117 0.1664 2.7214, 1.1785 0.0862 2.5644, 1.1785 0.0862 2.7214, 1.1671 0.0 2.5644, 1.1671 0.0 2.7214, 1.1785 -0.0862 2.5644, 1.1785 -0.0862 2.7214, 1.2117 -0.1664 2.5644, 1.2117 -0.1664 2.7214, 1.2646 -0.2354 2.5644, 1.2646 -0.2354 2.7214, 1.3336 -0.2883 2.5644, 1.3336 -0.2883 2.7214, 1.4138 -0.3215 2.5644, 1.4138 -0.3215 2.7214, 1.6056 0.3941 2.7214, 1.5 0.408 2.7214, 1.3944 0.3941 2.7214, 1.296 0.3534 2.7214, 1.2115 0.2885 2.7214, 1.1466 0.204 2.7214, 1.1059 0.1056 2.7214, 1.092 0.0 2.7214, 1.1059 -0.1056 2.7214, 1.1466 -0.204 2.7214, 1.2115 -0.2885 2.7214, 1.296 -0.3534 2.7214, 1.3944 -0.3941 2.7214, 1.5 -0.408 2.7214, 1.6056 -0.3941 2.7214, 1.704 -0.3534 2.7214, 1.7885 -0.2885 2.7214, 1.8534 -0.204 2.7214, 1.8941 -0.1056 2.7214, 1.908 -0.0 2.7214, 1.8941 0.1056 2.7214, 1.8534 0.204 2.7214, 1.7885 0.2885 2.7214, 1.704 0.3534 2.7214, 1.5 -0.408 3.104, 1.6056 -0.3941 3.104, 1.704 -0.3534 3.104, 1.7885 -0.2885 3.104, 1.8534 -0.204 3.104, 1.8941 -0.1056 3.104, 1.908 -0.0 3.104, 1.8941 0.1056 3.104, 1.8534 0.204 3.104, 1.7885 0.2885 3.104, 1.704 0.3534 3.104, 1.6056 0.3941 3.104, 1.5 0.408 3.104, 1.3944 0.3941 3.104, 1.296 0.3534 3.104, 1.2115 0.2885 3.104, 1.1466 0.204 3.104, 1.1059 0.1056 3.104, 1.092 0.0 3.104, 1.1059 -0.1056 3.104, 1.1466 -0.204 3.104, 1.2115 -0.2885 3.104, 1.296 -0.3534 3.104, 1.3944 -0.3941 3.104, 1.5 0.3771 3.2386, 1.464 0.3771 3.2386, 1.4021 0.3652 3.2386, 1.3933 0.3635 3.2386, 1.3264 0.3367 3.2386, 1.3113 0.327 3.2386, 1.2658 0.2978 3.2386, 1.2332 0.2667 3.2386, 1.2137 0.2481 3.2386, 1.1719 0.1894 3.2386, 1.142 0.1239 3.2386, 1.1357 0.0977 3.2386, 1.125 0.0539 3.2386, 1.1225 -0.0001 3.2386, 1.1216 -0.018 3.2386, 1.1319 -0.0893 3.2386, 1.1348 -0.0978 3.2386, 1.1554 -0.1574 3.2386, 1.1734 -0.1886 3.2386, 1.1914 -0.2197 3.2386, 1.2327 -0.2674 3.2386, 1.2386 -0.2742 3.2386, 1.2952 -0.3187 3.2386, 1.3112 -0.3269 3.2386, 1.3592 -0.3517 3.2386, 1.4024 -0.3644 3.2386, 1.4283 -0.372 3.2386, 1.5 -0.3788 3.2386, 1.5717 -0.372 3.2386, 1.5976 -0.3644 3.2386, 1.6408 -0.3517 3.2386, 1.6888 -0.3269 3.2386, 1.7048 -0.3187 3.2386, 1.7614 -0.2742 3.2386, 1.7673 -0.2674 3.2386, 1.8086 -0.2197 3.2386, 1.8266 -0.1886 3.2386, 1.8446 -0.1574 3.2386, 1.8652 -0.0978 3.2386, 1.8681 -0.0893 3.2386, 1.8784 -0.018 3.2386, 1.8775 -0.0001 3.2386, 1.875 0.0539 3.2386, 1.8643 0.0977 3.2386, 1.858 0.1239 3.2386, 1.8281 0.1894 3.2386, 1.7863 0.2481 3.2386, 1.7668 0.2667 3.2386, 1.7342 0.2978 3.2386, 1.6887 0.327 3.2386, 1.6736 0.3367 3.2386, 1.6067 0.3635 3.2386, 1.5979 0.3652 3.2386, 1.536 0.3771 3.2386, 1.7731 -0.2731 3.2663, 1.8152 -0.2245 3.2663, 1.8115 -0.2218 3.2604, 1.8336 -0.1926 3.2663, 1.852 -0.1608 3.2663, 1.8478 -0.1588 3.2604, 1.8857 -0.0001 3.2663, 1.883 0.0551 3.2663, 1.8785 0.0544 3.2604, 1.6 0.373 3.2663, 1.5368 0.3852 3.2663, 1.5363 0.3806 3.2604, 1.5 0.3852 3.2663, 1.4632 0.3852 3.2663, 1.4637 0.3806 3.2604, 1.3072 0.334 3.2663, 1.2608 0.3042 3.2663, 1.2636 0.3006 3.2604, 1.1269 -0.0999 3.2663, 1.148 -0.1608 3.2663, 1.1522 -0.1588 3.2604, 1.1664 -0.1926 3.2663, 1.1848 -0.2245 3.2663, 1.1885 -0.2218 3.2604, 1.3071 -0.334 3.2663, 1.3562 -0.3593 3.2663, 1.3579 -0.355 3.2604, 1.6752 0.3399 3.2604, 1.6738 0.3372 3.2535, 1.7345 0.2982 3.2535, 1.1181 -0.0182 3.2604, 1.1211 -0.0181 3.2535, 1.1245 0.054 3.2535, 1.6733 0.3361 3.2461, 1.7338 0.2972 3.2461, 1.1223 -0.018 3.2461, 1.1257 0.0538 3.2461, 1.761 -0.2737 3.2461, 1.844 -0.1571 3.2461, 1.8777 -0.018 3.2461, 1.6065 0.3628 3.2461, 1.4641 0.3764 3.2461, 1.3267 0.3361 3.2461, 1.1325 -0.0892 3.2461, 1.192 -0.2193 3.2461, 1.2956 -0.3181 3.2461, 1.1426 0.1237 3.2461, 1.1725 0.1891 3.2461, 1.2142 0.2476 3.2461, 1.7858 0.2476 3.2461, 1.8275 0.1891 3.2461, 1.8574 0.1237 3.2461, 1.7044 -0.3181 3.2461, 1.5716 -0.3713 3.2461, 1.6405 -0.3511 3.2461, 1.5 -0.3781 3.2461, 1.4284 -0.3713 3.2461, 1.4282 -0.3725 3.2535, 1.5 -0.3794 3.2535, 1.1415 0.1241 3.2535, 1.1715 0.1897 3.2535, 1.2133 0.2484 3.2535, 1.7867 0.2484 3.2535, 1.8285 0.1897 3.2535, 1.8585 0.1241 3.2535, 1.5718 -0.3725 3.2535, 1.641 -0.3522 3.2535, 1.7051 -0.3191 3.2535, 1.4276 -0.3754 3.2604, 1.5 -0.3824 3.2604, 1.239 -0.2737 3.2461, 1.2382 -0.2746 3.2535, 1.191 -0.22 3.2535, 1.2361 -0.2767 3.2604, 1.1215 0.0544 3.2604, 1.1387 0.1251 3.2604, 1.1689 0.1912 3.2604, 1.211 0.2504 3.2604, 1.3935 0.3628 3.2461, 1.3931 0.364 3.2535, 1.4639 0.3776 3.2535, 1.3923 0.3669 3.2604, 1.7364 0.3006 3.2604, 1.789 0.2504 3.2604, 1.8311 0.1912 3.2604, 1.8613 0.1251 3.2604, 1.8675 -0.0892 3.2461, 1.8687 -0.0894 3.2535, 1.8451 -0.1576 3.2535, 1.8716 -0.0901 3.2604, 1.5724 -0.3754 3.2604, 1.6421 -0.355 3.2604, 1.7067 -0.3217 3.2604, 1.3595 -0.3511 3.2461, 1.359 -0.3522 3.2535, 1.4003 -0.3722 3.2663, 1.2908 -0.3255 3.2663, 1.2933 -0.3217 3.2604, 1.2949 -0.3191 3.2535, 1.233 -0.2801 3.2663, 1.2269 -0.2731 3.2663, 1.156 -0.1571 3.2461, 1.1549 -0.1576 3.2535, 1.1239 -0.0912 3.2663, 1.1284 -0.0901 3.2604, 1.1313 -0.0894 3.2535, 1.1135 -0.0184 3.2663, 1.2275 0.2724 3.2663, 1.2075 0.2534 3.2663, 1.1649 0.1935 3.2663, 1.1343 0.1266 3.2663, 1.1278 0.0998 3.2663, 1.117 0.0551 3.2663, 1.1143 -0.0001 3.2663, 1.2662 0.2972 3.2461, 1.2655 0.2982 3.2535, 1.3227 0.344 3.2663, 1.3248 0.3399 3.2604, 1.3262 0.3372 3.2535, 1.391 0.3713 3.2663, 1.4 0.373 3.2663, 1.5361 0.3776 3.2535, 1.5359 0.3764 3.2461, 1.609 0.3713 3.2663, 1.6077 0.3669 3.2604, 1.6069 0.364 3.2535, 1.6773 0.344 3.2663, 1.8722 0.0998 3.2663, 1.8657 0.1266 3.2663, 1.8351 0.1935 3.2663, 1.7925 0.2534 3.2663, 1.7725 0.2724 3.2663, 1.7392 0.3042 3.2663, 1.6928 0.334 3.2663, 1.8743 0.0538 3.2461, 1.8755 0.054 3.2535, 1.8865 -0.0184 3.2663, 1.8819 -0.0182 3.2604, 1.8789 -0.0181 3.2535, 1.8761 -0.0912 3.2663, 1.8731 -0.0999 3.2663, 1.809 -0.22 3.2535, 1.808 -0.2193 3.2461, 1.767 -0.2801 3.2663, 1.7639 -0.2767 3.2604, 1.7618 -0.2746 3.2535, 1.7092 -0.3255 3.2663, 1.4268 -0.38 3.2663, 1.5 -0.387 3.2663, 1.5732 -0.38 3.2663, 1.5997 -0.3722 3.2663, 1.6438 -0.3593 3.2663, 1.6929 -0.334 3.2663, 1.3931 -0.3989 3.2923, 1.2935 -0.3576 3.2923, 1.208 -0.292 3.2923, 1.1424 -0.2065 3.2923, 1.1011 -0.1069 3.2923, 1.0871 0.0 3.2923, 1.1011 0.1069 3.2923, 1.1424 0.2065 3.2923, 1.208 0.292 3.2923, 1.2935 0.3576 3.2923, 1.3931 0.3989 3.2923, 1.5 0.4129 3.2923, 1.6069 0.3989 3.2923, 1.7065 0.3576 3.2923, 1.792 0.292 3.2923, 1.8576 0.2065 3.2923, 1.8989 0.1069 3.2923, 1.9129 -0.0 3.2923, 1.8989 -0.1069 3.2923, 1.8576 -0.2065 3.2923, 1.792 -0.292 3.2923, 1.7065 -0.3576 3.2923, 1.6069 -0.3989 3.2923, 1.5 -0.4129 3.2923, 1.0669 0.6306 2.5644, 1.9331 0.6306 2.5644, 1.0669 0.6306 1.4777, 1.9331 0.6306 1.4777, 1.2047 1.0605 1.4777, 1.0669 1.0605 1.4777, 1.0669 1.0806 0.8565, 1.2047 1.0806 0.8565, 1.8543 0.8145 1.2561, 1.9331 0.8145 1.2561, 1.8543 0.6306 1.2561, 1.9331 0.6306 1.2561, 1.2047 -0.9909 1.2192, 1.7953 -0.9909 1.2192, 1.2029 -0.9941 1.2192, 1.7971 -0.9941 1.2192, 1.7953 -0.9909 0.5122, 1.2047 -0.9909 0.5122, 1.7971 -0.9941 0.5122, 1.2029 -0.9941 0.5122, 1.8937 -1.1614 0.3422, 1.1063 -1.1614 0.3422, 1.8937 -1.1614 1.8126, 1.1063 -1.1614 1.8126, 0.5 -0.3329 2.5644, 0.5 -0.3329 2.7214, 0.5862 -0.3215 2.5644, 0.5862 -0.3215 2.7214, 0.6664 -0.2883 2.5644, 0.6664 -0.2883 2.7214, 0.7354 -0.2354 2.5644, 0.7354 -0.2354 2.7214, 0.7883 -0.1664 2.5644, 0.7883 -0.1664 2.7214, 0.8215 -0.0862 2.5644, 0.8215 -0.0862 2.7214, 0.8329 -0.0 2.5644, 0.8329 -0.0 2.7214, 0.8215 0.0862 2.5644, 0.8215 0.0862 2.7214, 0.7883 0.1664 2.5644, 0.7883 0.1664 2.7214, 0.7354 0.2354 2.5644, 0.7354 0.2354 2.7214, 0.6664 0.2883 2.5644, 0.6664 0.2883 2.7214, 0.5862 0.3215 2.5644, 0.5862 0.3215 2.7214, 0.5 0.3329 2.5644, 0.5 0.3329 2.7214, 0.4138 0.3215 2.5644, 0.4138 0.3215 2.7214, 0.3336 0.2883 2.5644, 0.3336 0.2883 2.7214, 0.2646 0.2354 2.5644, 0.2646 0.2354 2.7214, 0.2117 0.1664 2.5644, 0.2117 0.1664 2.7214, 0.1785 0.0862 2.5644, 0.1785 0.0862 2.7214, 0.1671 0.0 2.5644, 0.1671 0.0 2.7214, 0.1785 -0.0862 2.5644, 0.1785 -0.0862 2.7214, 0.2117 -0.1664 2.5644, 0.2117 -0.1664 2.7214, 0.2646 -0.2354 2.5644, 0.2646 -0.2354 2.7214, 0.3336 -0.2883 2.5644, 0.3336 -0.2883 2.7214, 0.4138 -0.3215 2.5644, 0.4138 -0.3215 2.7214, 0.8534 0.204 2.7214, 0.7885 0.2885 2.7214, 0.704 0.3534 2.7214, 0.6056 0.3941 2.7214, 0.5 0.408 2.7214, 0.3944 0.3941 2.7214, 0.296 0.3534 2.7214, 0.2115 0.2885 2.7214, 0.1466 0.204 2.7214, 0.1059 0.1056 2.7214, 0.092 0.0 2.7214, 0.1059 -0.1056 2.7214, 0.1466 -0.204 2.7214, 0.2115 -0.2885 2.7214, 0.296 -0.3534 2.7214, 0.3944 -0.3941 2.7214, 0.5 -0.408 2.7214, 0.6056 -0.3941 2.7214, 0.704 -0.3534 2.7214, 0.7885 -0.2885 2.7214, 0.8534 -0.204 2.7214, 0.8941 -0.1056 2.7214, 0.908 -0.0 2.7214, 0.8941 0.1056 2.7214, 0.5 -0.408 3.104, 0.6056 -0.3941 3.104, 0.704 -0.3534 3.104, 0.7885 -0.2885 3.104, 0.8534 -0.204 3.104, 0.8941 -0.1056 3.104, 0.908 -0.0 3.104, 0.8941 0.1056 3.104, 0.8534 0.204 3.104, 0.7885 0.2885 3.104, 0.704 0.3534 3.104, 0.6056 0.3941 3.104, 0.5 0.408 3.104, 0.3944 0.3941 3.104, 0.296 0.3534 3.104, 0.2115 0.2885 3.104, 0.1466 0.204 3.104, 0.1059 0.1056 3.104, 0.092 0.0 3.104, 0.1059 -0.1056 3.104, 0.1466 -0.204 3.104, 0.2115 -0.2885 3.104, 0.296 -0.3534 3.104, 0.3944 -0.3941 3.104, 0.5 0.3771 3.2386, 0.464 0.3771 3.2386, 0.4021 0.3652 3.2386, 0.3933 0.3635 3.2386, 0.3264 0.3367 3.2386, 0.3113 0.327 3.2386, 0.2658 0.2978 3.2386, 0.2332 0.2667 3.2386, 0.2137 0.2481 3.2386, 0.1719 0.1894 3.2386, 0.142 0.1239 3.2386, 0.1357 0.0977 3.2386, 0.125 0.0539 3.2386, 0.1225 -0.0001 3.2386, 0.1216 -0.018 3.2386, 0.1319 -0.0893 3.2386, 0.1348 -0.0978 3.2386, 0.1554 -0.1574 3.2386, 0.1734 -0.1886 3.2386, 0.1914 -0.2197 3.2386, 0.2327 -0.2674 3.2386, 0.2386 -0.2742 3.2386, 0.2952 -0.3187 3.2386, 0.3112 -0.3269 3.2386, 0.3592 -0.3517 3.2386, 0.4024 -0.3644 3.2386, 0.4283 -0.372 3.2386, 0.5 -0.3788 3.2386, 0.5717 -0.372 3.2386, 0.5976 -0.3644 3.2386, 0.6408 -0.3517 3.2386, 0.6888 -0.3269 3.2386, 0.7048 -0.3187 3.2386, 0.7614 -0.2742 3.2386, 0.7673 -0.2674 3.2386, 0.8086 -0.2197 3.2386, 0.8266 -0.1886 3.2386, 0.8446 -0.1574 3.2386, 0.8652 -0.0978 3.2386, 0.8681 -0.0893 3.2386, 0.8784 -0.018 3.2386, 0.8775 -0.0001 3.2386, 0.875 0.0539 3.2386, 0.8643 0.0977 3.2386, 0.858 0.1239 3.2386, 0.8281 0.1894 3.2386, 0.7863 0.2481 3.2386, 0.7668 0.2667 3.2386, 0.7342 0.2978 3.2386, 0.6887 0.327 3.2386, 0.6736 0.3367 3.2386, 0.6067 0.3635 3.2386, 0.5979 0.3652 3.2386, 0.536 0.3771 3.2386, 0.7731 -0.2731 3.2663, 0.8152 -0.2245 3.2663, 0.8115 -0.2218 3.2604, 0.8336 -0.1926 3.2663, 0.852 -0.1608 3.2663, 0.8478 -0.1588 3.2604, 0.8857 -0.0001 3.2663, 0.883 0.0551 3.2663, 0.8785 0.0544 3.2604, 0.6 0.373 3.2663, 0.5368 0.3852 3.2663, 0.5363 0.3806 3.2604, 0.5 0.3852 3.2663, 0.4632 0.3852 3.2663, 0.4637 0.3806 3.2604, 0.3072 0.334 3.2663, 0.2608 0.3042 3.2663, 0.2636 0.3006 3.2604, 0.1269 -0.0999 3.2663, 0.148 -0.1608 3.2663, 0.1522 -0.1588 3.2604, 0.1664 -0.1926 3.2663, 0.1848 -0.2245 3.2663, 0.1885 -0.2218 3.2604, 0.3071 -0.334 3.2663, 0.3562 -0.3593 3.2663, 0.3579 -0.355 3.2604, 0.6752 0.3399 3.2604, 0.6738 0.3372 3.2535, 0.7345 0.2982 3.2535, 0.1181 -0.0182 3.2604, 0.1211 -0.0181 3.2535, 0.1245 0.054 3.2535, 0.6733 0.3361 3.2461, 0.7338 0.2972 3.2461, 0.1223 -0.018 3.2461, 0.1257 0.0538 3.2461, 0.761 -0.2737 3.2461, 0.844 -0.1571 3.2461, 0.8777 -0.018 3.2461, 0.6065 0.3628 3.2461, 0.4641 0.3764 3.2461, 0.3267 0.3361 3.2461, 0.1325 -0.0892 3.2461, 0.192 -0.2193 3.2461, 0.2956 -0.3181 3.2461, 0.1426 0.1237 3.2461, 0.1725 0.1891 3.2461, 0.2142 0.2476 3.2461, 0.7858 0.2476 3.2461, 0.8275 0.1891 3.2461, 0.8574 0.1237 3.2461, 0.7044 -0.3181 3.2461, 0.5716 -0.3713 3.2461, 0.6405 -0.3511 3.2461, 0.5 -0.3781 3.2461, 0.4284 -0.3713 3.2461, 0.4282 -0.3725 3.2535, 0.5 -0.3794 3.2535, 0.1415 0.1241 3.2535, 0.1715 0.1897 3.2535, 0.2133 0.2484 3.2535, 0.7867 0.2484 3.2535, 0.8285 0.1897 3.2535, 0.8585 0.1241 3.2535, 0.5718 -0.3725 3.2535, 0.641 -0.3522 3.2535, 0.7051 -0.3191 3.2535, 0.4276 -0.3754 3.2604, 0.5 -0.3824 3.2604, 0.239 -0.2737 3.2461, 0.2382 -0.2746 3.2535, 0.191 -0.22 3.2535, 0.2361 -0.2767 3.2604, 0.1215 0.0544 3.2604, 0.1387 0.1251 3.2604, 0.1689 0.1912 3.2604, 0.211 0.2504 3.2604, 0.3935 0.3628 3.2461, 0.3931 0.364 3.2535, 0.4639 0.3776 3.2535, 0.3923 0.3669 3.2604, 0.7364 0.3006 3.2604, 0.789 0.2504 3.2604, 0.8311 0.1912 3.2604, 0.8613 0.1251 3.2604, 0.8675 -0.0892 3.2461, 0.8687 -0.0894 3.2535, 0.8451 -0.1576 3.2535, 0.8716 -0.0901 3.2604, 0.5724 -0.3754 3.2604, 0.6421 -0.355 3.2604, 0.7067 -0.3217 3.2604, 0.3595 -0.3511 3.2461, 0.359 -0.3522 3.2535, 0.4003 -0.3722 3.2663, 0.2908 -0.3255 3.2663, 0.2933 -0.3217 3.2604, 0.2949 -0.3191 3.2535, 0.233 -0.2801 3.2663, 0.2269 -0.2731 3.2663, 0.156 -0.1571 3.2461, 0.1549 -0.1576 3.2535, 0.1239 -0.0912 3.2663, 0.1284 -0.0901 3.2604, 0.1313 -0.0894 3.2535, 0.1135 -0.0184 3.2663, 0.2275 0.2724 3.2663, 0.2075 0.2534 3.2663, 0.1649 0.1935 3.2663, 0.1343 0.1266 3.2663, 0.1278 0.0998 3.2663, 0.117 0.0551 3.2663, 0.1143 -0.0001 3.2663, 0.2662 0.2972 3.2461, 0.2655 0.2982 3.2535, 0.3227 0.344 3.2663, 0.3248 0.3399 3.2604, 0.3262 0.3372 3.2535, 0.391 0.3713 3.2663, 0.4 0.373 3.2663, 0.5361 0.3776 3.2535, 0.5359 0.3764 3.2461, 0.609 0.3713 3.2663, 0.6077 0.3669 3.2604, 0.6069 0.364 3.2535, 0.6773 0.344 3.2663, 0.8722 0.0998 3.2663, 0.8657 0.1266 3.2663, 0.8351 0.1935 3.2663, 0.7925 0.2534 3.2663, 0.7725 0.2724 3.2663, 0.7392 0.3042 3.2663, 0.6928 0.334 3.2663, 0.8743 0.0538 3.2461, 0.8755 0.054 3.2535, 0.8865 -0.0184 3.2663, 0.8819 -0.0182 3.2604, 0.8789 -0.0181 3.2535, 0.8761 -0.0912 3.2663, 0.8731 -0.0999 3.2663, 0.808 -0.2193 3.2461, 0.809 -0.22 3.2535, 0.767 -0.2801 3.2663, 0.7639 -0.2767 3.2604, 0.7618 -0.2746 3.2535, 0.7092 -0.3255 3.2663, 0.4268 -0.38 3.2663, 0.5 -0.387 3.2663, 0.5732 -0.38 3.2663, 0.5997 -0.3722 3.2663, 0.6438 -0.3593 3.2663, 0.6929 -0.334 3.2663, 0.3931 -0.3989 3.2923, 0.2935 -0.3576 3.2923, 0.208 -0.292 3.2923, 0.1424 -0.2065 3.2923, 0.1011 -0.1069 3.2923, 0.0871 0.0 3.2923, 0.1011 0.1069 3.2923, 0.1424 0.2065 3.2923, 0.208 0.292 3.2923, 0.2935 0.3576 3.2923, 0.3931 0.3989 3.2923, 0.5 0.4129 3.2923, 0.6069 0.3989 3.2923, 0.7065 0.3576 3.2923, 0.792 0.292 3.2923, 0.8576 0.2065 3.2923, 0.8989 0.1069 3.2923, 0.9129 -0.0 3.2923, 0.8989 -0.1069 3.2923, 0.8576 -0.2065 3.2923, 0.792 -0.292 3.2923, 0.7065 -0.3576 3.2923, 0.6069 -0.3989 3.2923, 0.5 -0.4129 3.2923, -0.5 -0.3329 2.5644, -0.5 -0.3329 2.7214, -0.4138 -0.3215 2.5644, -0.4138 -0.3215 2.7214, -0.3336 -0.2883 2.5644, -0.3336 -0.2883 2.7214, -0.2646 -0.2354 2.5644, -0.2646 -0.2354 2.7214, -0.2117 -0.1664 2.5644, -0.2117 -0.1664 2.7214, -0.1785 -0.0862 2.5644, -0.1785 -0.0862 2.7214, -0.1671 0.0 2.5644, -0.1671 0.0 2.7214, -0.1785 0.0862 2.5644, -0.1785 0.0862 2.7214, -0.2117 0.1664 2.5644, -0.2117 0.1664 2.7214, -0.2646 0.2354 2.5644, -0.2646 0.2354 2.7214, -0.3336 0.2883 2.5644, -0.3336 0.2883 2.7214, -0.4138 0.3215 2.5644, -0.4138 0.3215 2.7214, -0.5 0.3329 2.5644, -0.5 0.3329 2.7214, -0.5862 0.3215 2.5644, -0.5862 0.3215 2.7214, -0.6664 0.2883 2.5644, -0.6664 0.2883 2.7214, -0.7354 0.2354 2.5644, -0.7354 0.2354 2.7214, -0.7883 0.1664 2.5644, -0.7883 0.1664 2.7214, -0.8215 0.0862 2.5644, -0.8215 0.0862 2.7214, -0.8329 0.0 2.5644, -0.8329 0.0 2.7214, -0.8215 -0.0862 2.5644, -0.8215 -0.0862 2.7214, -0.7883 -0.1664 2.5644, -0.7883 -0.1664 2.7214, -0.7354 -0.2354 2.5644, -0.7354 -0.2354 2.7214, -0.6664 -0.2883 2.5644, -0.6664 -0.2883 2.7214, -0.5862 -0.3215 2.5644, -0.5862 -0.3215 2.7214, -0.1466 0.204 2.7214, -0.2115 0.2885 2.7214, -0.296 0.3534 2.7214, -0.3944 0.3941 2.7214, -0.5 0.408 2.7214, -0.6056 0.3941 2.7214, -0.704 0.3534 2.7214, -0.7885 0.2885 2.7214, -0.8534 0.204 2.7214, -0.8941 0.1056 2.7214, -0.908 0.0 2.7214, -0.8941 -0.1056 2.7214, -0.8534 -0.204 2.7214, -0.7885 -0.2885 2.7214, -0.704 -0.3534 2.7214, -0.6056 -0.3941 2.7214, -0.5 -0.408 2.7214, -0.3944 -0.3941 2.7214, -0.296 -0.3534 2.7214, -0.2115 -0.2885 2.7214, -0.1466 -0.204 2.7214, -0.1059 -0.1056 2.7214, -0.092 0.0 2.7214, -0.1059 0.1056 2.7214, -0.5 -0.408 3.104, -0.3944 -0.3941 3.104, -0.296 -0.3534 3.104, -0.2115 -0.2885 3.104, -0.1466 -0.204 3.104, -0.1059 -0.1056 3.104, -0.092 0.0 3.104, -0.1059 0.1056 3.104, -0.1466 0.204 3.104, -0.2115 0.2885 3.104, -0.296 0.3534 3.104, -0.3944 0.3941 3.104, -0.5 0.408 3.104, -0.6056 0.3941 3.104, -0.704 0.3534 3.104, -0.7885 0.2885 3.104, -0.8534 0.204 3.104, -0.8941 0.1056 3.104, -0.908 0.0 3.104, -0.8941 -0.1056 3.104, -0.8534 -0.204 3.104, -0.7885 -0.2885 3.104, -0.704 -0.3534 3.104, -0.6056 -0.3941 3.104, -0.5 0.3771 3.2386, -0.536 0.3771 3.2386, -0.5979 0.3652 3.2386, -0.6067 0.3635 3.2386, -0.6736 0.3367 3.2386, -0.6887 0.327 3.2386, -0.7342 0.2978 3.2386, -0.7668 0.2667 3.2386, -0.7863 0.2481 3.2386, -0.8281 0.1894 3.2386, -0.858 0.1239 3.2386, -0.8643 0.0977 3.2386, -0.875 0.0539 3.2386, -0.8775 -0.0001 3.2386, -0.8784 -0.018 3.2386, -0.8681 -0.0893 3.2386, -0.8652 -0.0978 3.2386, -0.8446 -0.1574 3.2386, -0.8266 -0.1886 3.2386, -0.8086 -0.2197 3.2386, -0.7673 -0.2674 3.2386, -0.7614 -0.2742 3.2386, -0.7048 -0.3187 3.2386, -0.6888 -0.3269 3.2386, -0.6408 -0.3517 3.2386, -0.5976 -0.3644 3.2386, -0.5717 -0.372 3.2386, -0.5 -0.3788 3.2386, -0.4283 -0.372 3.2386, -0.4024 -0.3644 3.2386, -0.3592 -0.3517 3.2386, -0.3112 -0.3269 3.2386, -0.2952 -0.3187 3.2386, -0.2386 -0.2742 3.2386, -0.2327 -0.2674 3.2386, -0.1914 -0.2197 3.2386, -0.1734 -0.1886 3.2386, -0.1554 -0.1574 3.2386, -0.1348 -0.0978 3.2386, -0.1319 -0.0893 3.2386, -0.1216 -0.018 3.2386, -0.1225 -0.0001 3.2386, -0.125 0.0539 3.2386, -0.1357 0.0977 3.2386, -0.142 0.1239 3.2386, -0.1719 0.1894 3.2386, -0.2137 0.2481 3.2386, -0.2332 0.2667 3.2386, -0.2658 0.2978 3.2386, -0.3113 0.327 3.2386, -0.3264 0.3367 3.2386, -0.3933 0.3635 3.2386, -0.4021 0.3652 3.2386, -0.464 0.3771 3.2386, -0.2269 -0.2731 3.2663, -0.1848 -0.2245 3.2663, -0.1885 -0.2218 3.2604, -0.1664 -0.1926 3.2663, -0.148 -0.1608 3.2663, -0.1522 -0.1588 3.2604, -0.1143 -0.0001 3.2663, -0.117 0.0551 3.2663, -0.1215 0.0544 3.2604, -0.4 0.373 3.2663, -0.4632 0.3852 3.2663, -0.4637 0.3806 3.2604, -0.5 0.3852 3.2663, -0.5368 0.3852 3.2663, -0.5363 0.3806 3.2604, -0.6928 0.334 3.2663, -0.7392 0.3042 3.2663, -0.7364 0.3006 3.2604, -0.8731 -0.0999 3.2663, -0.852 -0.1608 3.2663, -0.8478 -0.1588 3.2604, -0.8336 -0.1926 3.2663, -0.8152 -0.2245 3.2663, -0.8115 -0.2218 3.2604, -0.6929 -0.334 3.2663, -0.6438 -0.3593 3.2663, -0.6421 -0.355 3.2604, -0.3248 0.3399 3.2604, -0.3262 0.3372 3.2535, -0.2655 0.2982 3.2535, -0.8819 -0.0182 3.2604, -0.8789 -0.0181 3.2535, -0.8755 0.054 3.2535, -0.3267 0.3361 3.2461, -0.2662 0.2972 3.2461, -0.8777 -0.018 3.2461, -0.8743 0.0538 3.2461, -0.239 -0.2737 3.2461, -0.156 -0.1571 3.2461, -0.1223 -0.018 3.2461, -0.3935 0.3628 3.2461, -0.5359 0.3764 3.2461, -0.6733 0.3361 3.2461, -0.8675 -0.0892 3.2461, -0.808 -0.2193 3.2461, -0.7044 -0.3181 3.2461, -0.8574 0.1237 3.2461, -0.8275 0.1891 3.2461, -0.7858 0.2476 3.2461, -0.2142 0.2476 3.2461, -0.1725 0.1891 3.2461, -0.1426 0.1237 3.2461, -0.2956 -0.3181 3.2461, -0.4284 -0.3713 3.2461, -0.3595 -0.3511 3.2461, -0.5 -0.3781 3.2461, -0.5716 -0.3713 3.2461, -0.5718 -0.3725 3.2535, -0.5 -0.3794 3.2535, -0.8585 0.1241 3.2535, -0.8285 0.1897 3.2535, -0.7867 0.2484 3.2535, -0.2133 0.2484 3.2535, -0.1715 0.1897 3.2535, -0.1415 0.1241 3.2535, -0.4282 -0.3725 3.2535, -0.359 -0.3522 3.2535, -0.2949 -0.3191 3.2535, -0.5724 -0.3754 3.2604, -0.5 -0.3824 3.2604, -0.761 -0.2737 3.2461, -0.7618 -0.2746 3.2535, -0.809 -0.22 3.2535, -0.7639 -0.2767 3.2604, -0.8785 0.0544 3.2604, -0.8613 0.1251 3.2604, -0.8311 0.1912 3.2604, -0.789 0.2504 3.2604, -0.6065 0.3628 3.2461, -0.6069 0.364 3.2535, -0.5361 0.3776 3.2535, -0.6077 0.3669 3.2604, -0.2636 0.3006 3.2604, -0.211 0.2504 3.2604, -0.1689 0.1912 3.2604, -0.1387 0.1251 3.2604, -0.1325 -0.0892 3.2461, -0.1313 -0.0894 3.2535, -0.1549 -0.1576 3.2535, -0.1284 -0.0901 3.2604, -0.4276 -0.3754 3.2604, -0.3579 -0.355 3.2604, -0.2933 -0.3217 3.2604, -0.6405 -0.3511 3.2461, -0.641 -0.3522 3.2535, -0.5997 -0.3722 3.2663, -0.7092 -0.3255 3.2663, -0.7067 -0.3217 3.2604, -0.7051 -0.3191 3.2535, -0.767 -0.2801 3.2663, -0.7731 -0.2731 3.2663, -0.844 -0.1571 3.2461, -0.8451 -0.1576 3.2535, -0.8761 -0.0912 3.2663, -0.8716 -0.0901 3.2604, -0.8687 -0.0894 3.2535, -0.8865 -0.0184 3.2663, -0.7725 0.2724 3.2663, -0.7925 0.2534 3.2663, -0.8351 0.1935 3.2663, -0.8657 0.1266 3.2663, -0.8722 0.0998 3.2663, -0.883 0.0551 3.2663, -0.8857 -0.0001 3.2663, -0.7338 0.2972 3.2461, -0.7345 0.2982 3.2535, -0.6773 0.344 3.2663, -0.6752 0.3399 3.2604, -0.6738 0.3372 3.2535, -0.609 0.3713 3.2663, -0.6 0.373 3.2663, -0.4639 0.3776 3.2535, -0.4641 0.3764 3.2461, -0.391 0.3713 3.2663, -0.3923 0.3669 3.2604, -0.3931 0.364 3.2535, -0.3227 0.344 3.2663, -0.1278 0.0998 3.2663, -0.1343 0.1266 3.2663, -0.1649 0.1935 3.2663, -0.2075 0.2534 3.2663, -0.2275 0.2724 3.2663, -0.2608 0.3042 3.2663, -0.3072 0.334 3.2663, -0.1257 0.0538 3.2461, -0.1245 0.054 3.2535, -0.1135 -0.0184 3.2663, -0.1181 -0.0182 3.2604, -0.1211 -0.0181 3.2535, -0.1239 -0.0912 3.2663, -0.1269 -0.0999 3.2663, -0.192 -0.2193 3.2461, -0.191 -0.22 3.2535, -0.233 -0.2801 3.2663, -0.2361 -0.2767 3.2604, -0.2382 -0.2746 3.2535, -0.2908 -0.3255 3.2663, -0.5732 -0.38 3.2663, -0.5 -0.387 3.2663, -0.4268 -0.38 3.2663, -0.4003 -0.3722 3.2663, -0.3562 -0.3593 3.2663, -0.3071 -0.334 3.2663, -0.6069 -0.3989 3.2923, -0.7065 -0.3576 3.2923, -0.792 -0.292 3.2923, -0.8576 -0.2065 3.2923, -0.8989 -0.1069 3.2923, -0.9129 0.0 3.2923, -0.8989 0.1069 3.2923, -0.8576 0.2065 3.2923, -0.792 0.292 3.2923, -0.7065 0.3576 3.2923, -0.6069 0.3989 3.2923, -0.5 0.4129 3.2923, -0.3931 0.3989 3.2923, -0.2935 0.3576 3.2923, -0.208 0.292 3.2923, -0.1424 0.2065 3.2923, -0.1011 0.1069 3.2923, -0.0871 0.0 3.2923, -0.1011 -0.1069 3.2923, -0.1424 -0.2065 3.2923, -0.208 -0.292 3.2923, -0.2935 -0.3576 3.2923, -0.3931 -0.3989 3.2923, -0.5 -0.4129 3.2923, -1.5 -0.3329 2.5644, -1.5 -0.3329 2.7214, -1.4138 -0.3215 2.5644, -1.4138 -0.3215 2.7214, -1.3336 -0.2883 2.5644, -1.3336 -0.2883 2.7214, -1.2646 -0.2354 2.5644, -1.2646 -0.2354 2.7214, -1.2117 -0.1664 2.5644, -1.2117 -0.1664 2.7214, -1.1785 -0.0862 2.5644, -1.1785 -0.0862 2.7214, -1.1671 0.0 2.5644, -1.1671 0.0 2.7214, -1.1785 0.0862 2.5644, -1.1785 0.0862 2.7214, -1.2117 0.1664 2.5644, -1.2117 0.1664 2.7214, -1.2646 0.2354 2.5644, -1.2646 0.2354 2.7214, -1.3336 0.2883 2.5644, -1.3336 0.2883 2.7214, -1.4138 0.3215 2.5644, -1.4138 0.3215 2.7214, -1.5 0.3329 2.5644, -1.5 0.3329 2.7214, -1.5862 0.3215 2.5644, -1.5862 0.3215 2.7214, -1.6664 0.2883 2.5644, -1.6664 0.2883 2.7214, -1.7354 0.2354 2.5644, -1.7354 0.2354 2.7214, -1.7883 0.1664 2.5644, -1.7883 0.1664 2.7214, -1.8215 0.0862 2.5644, -1.8215 0.0862 2.7214, -1.8329 0.0 2.5644, -1.8329 0.0 2.7214, -1.8215 -0.0862 2.5644, -1.8215 -0.0862 2.7214, -1.7883 -0.1664 2.5644, -1.7883 -0.1664 2.7214, -1.7354 -0.2354 2.5644, -1.7354 -0.2354 2.7214, -1.6664 -0.2883 2.5644, -1.6664 -0.2883 2.7214, -1.5862 -0.3215 2.5644, -1.5862 -0.3215 2.7214, -1.296 0.3534 2.7214, -1.3944 0.3941 2.7214, -1.5 0.408 2.7214, -1.6056 0.3941 2.7214, -1.704 0.3534 2.7214, -1.7885 0.2885 2.7214, -1.8534 0.204 2.7214, -1.8941 0.1056 2.7214, -1.908 0.0 2.7214, -1.8941 -0.1056 2.7214, -1.8534 -0.204 2.7214, -1.7885 -0.2885 2.7214, -1.704 -0.3534 2.7214, -1.6056 -0.3941 2.7214, -1.5 -0.408 2.7214, -1.3944 -0.3941 2.7214, -1.296 -0.3534 2.7214, -1.2115 -0.2885 2.7214, -1.1466 -0.204 2.7214, -1.1059 -0.1056 2.7214, -1.092 0.0 2.7214, -1.1059 0.1056 2.7214, -1.1466 0.204 2.7214, -1.2115 0.2885 2.7214, -1.5 -0.408 3.104, -1.3944 -0.3941 3.104, -1.296 -0.3534 3.104, -1.2115 -0.2885 3.104, -1.1466 -0.204 3.104, -1.1059 -0.1056 3.104, -1.092 0.0 3.104, -1.1059 0.1056 3.104, -1.1466 0.204 3.104, -1.2115 0.2885 3.104, -1.296 0.3534 3.104, -1.3944 0.3941 3.104, -1.5 0.408 3.104, -1.6056 0.3941 3.104, -1.704 0.3534 3.104, -1.7885 0.2885 3.104, -1.8534 0.204 3.104, -1.8941 0.1056 3.104, -1.908 0.0 3.104, -1.8941 -0.1056 3.104, -1.8534 -0.204 3.104, -1.7885 -0.2885 3.104, -1.704 -0.3534 3.104, -1.6056 -0.3941 3.104, -1.5 0.3771 3.2386, -1.536 0.3771 3.2386, -1.5979 0.3652 3.2386, -1.6067 0.3635 3.2386, -1.6736 0.3367 3.2386, -1.6887 0.327 3.2386, -1.7342 0.2978 3.2386, -1.7668 0.2667 3.2386, -1.7863 0.2481 3.2386, -1.8281 0.1894 3.2386, -1.858 0.1239 3.2386, -1.8643 0.0977 3.2386, -1.875 0.0539 3.2386, -1.8775 -0.0001 3.2386, -1.8784 -0.018 3.2386, -1.8681 -0.0893 3.2386, -1.8652 -0.0978 3.2386, -1.8446 -0.1574 3.2386, -1.8266 -0.1886 3.2386, -1.8086 -0.2197 3.2386, -1.7673 -0.2674 3.2386, -1.7614 -0.2742 3.2386, -1.7048 -0.3187 3.2386, -1.6888 -0.3269 3.2386, -1.6408 -0.3517 3.2386, -1.5976 -0.3644 3.2386, -1.5717 -0.372 3.2386, -1.5 -0.3788 3.2386, -1.4283 -0.372 3.2386, -1.4024 -0.3644 3.2386, -1.3592 -0.3517 3.2386, -1.3112 -0.3269 3.2386, -1.2952 -0.3187 3.2386, -1.2386 -0.2742 3.2386, -1.2327 -0.2674 3.2386, -1.1914 -0.2197 3.2386, -1.1734 -0.1886 3.2386, -1.1554 -0.1574 3.2386, -1.1348 -0.0978 3.2386, -1.1319 -0.0893 3.2386, -1.1216 -0.018 3.2386, -1.1225 -0.0001 3.2386, -1.125 0.0539 3.2386, -1.1357 0.0977 3.2386, -1.142 0.1239 3.2386, -1.1719 0.1894 3.2386, -1.2137 0.2481 3.2386, -1.2332 0.2667 3.2386, -1.2658 0.2978 3.2386, -1.3113 0.327 3.2386, -1.3264 0.3367 3.2386, -1.3933 0.3635 3.2386, -1.4021 0.3652 3.2386, -1.464 0.3771 3.2386, -1.2269 -0.2731 3.2663, -1.1848 -0.2245 3.2663, -1.1885 -0.2218 3.2604, -1.1664 -0.1926 3.2663, -1.148 -0.1608 3.2663, -1.1522 -0.1588 3.2604, -1.1143 -0.0001 3.2663, -1.117 0.0551 3.2663, -1.1215 0.0544 3.2604, -1.4 0.373 3.2663, -1.4632 0.3852 3.2663, -1.4637 0.3806 3.2604, -1.5 0.3852 3.2663, -1.5368 0.3852 3.2663, -1.5363 0.3806 3.2604, -1.6928 0.334 3.2663, -1.7392 0.3042 3.2663, -1.7364 0.3006 3.2604, -1.8731 -0.0999 3.2663, -1.852 -0.1608 3.2663, -1.8478 -0.1588 3.2604, -1.8336 -0.1926 3.2663, -1.8152 -0.2245 3.2663, -1.8115 -0.2218 3.2604, -1.6929 -0.334 3.2663, -1.6438 -0.3593 3.2663, -1.6421 -0.355 3.2604, -1.3248 0.3399 3.2604, -1.3262 0.3372 3.2535, -1.2655 0.2982 3.2535, -1.8819 -0.0182 3.2604, -1.8789 -0.0181 3.2535, -1.8755 0.054 3.2535, -1.3267 0.3361 3.2461, -1.2662 0.2972 3.2461, -1.8777 -0.018 3.2461, -1.8743 0.0538 3.2461, -1.239 -0.2737 3.2461, -1.156 -0.1571 3.2461, -1.1223 -0.018 3.2461, -1.3935 0.3628 3.2461, -1.5359 0.3764 3.2461, -1.6733 0.3361 3.2461, -1.8675 -0.0892 3.2461, -1.808 -0.2193 3.2461, -1.7044 -0.3181 3.2461, -1.8574 0.1237 3.2461, -1.8275 0.1891 3.2461, -1.7858 0.2476 3.2461, -1.2142 0.2476 3.2461, -1.1725 0.1891 3.2461, -1.1426 0.1237 3.2461, -1.2956 -0.3181 3.2461, -1.4284 -0.3713 3.2461, -1.3595 -0.3511 3.2461, -1.5 -0.3781 3.2461, -1.5716 -0.3713 3.2461, -1.5718 -0.3725 3.2535, -1.5 -0.3794 3.2535, -1.8585 0.1241 3.2535, -1.8285 0.1897 3.2535, -1.7867 0.2484 3.2535, -1.2133 0.2484 3.2535, -1.1715 0.1897 3.2535, -1.1415 0.1241 3.2535, -1.4282 -0.3725 3.2535, -1.359 -0.3522 3.2535, -1.2949 -0.3191 3.2535, -1.5724 -0.3754 3.2604, -1.5 -0.3824 3.2604, -1.761 -0.2737 3.2461, -1.7618 -0.2746 3.2535, -1.809 -0.22 3.2535, -1.7639 -0.2767 3.2604, -1.8785 0.0544 3.2604, -1.8613 0.1251 3.2604, -1.8311 0.1912 3.2604, -1.789 0.2504 3.2604, -1.6065 0.3628 3.2461, -1.6069 0.364 3.2535, -1.5361 0.3776 3.2535, -1.6077 0.3669 3.2604, -1.2636 0.3006 3.2604, -1.211 0.2504 3.2604, -1.1689 0.1912 3.2604, -1.1387 0.1251 3.2604, -1.1325 -0.0892 3.2461, -1.1313 -0.0894 3.2535, -1.1549 -0.1576 3.2535, -1.1284 -0.0901 3.2604, -1.4276 -0.3754 3.2604, -1.3579 -0.355 3.2604, -1.2933 -0.3217 3.2604, -1.6405 -0.3511 3.2461, -1.641 -0.3522 3.2535, -1.5997 -0.3722 3.2663, -1.7092 -0.3255 3.2663, -1.7067 -0.3217 3.2604, -1.7051 -0.3191 3.2535, -1.767 -0.2801 3.2663, -1.7731 -0.2731 3.2663, -1.844 -0.1571 3.2461, -1.8451 -0.1576 3.2535, -1.8761 -0.0912 3.2663, -1.8716 -0.0901 3.2604, -1.8687 -0.0894 3.2535, -1.8865 -0.0184 3.2663, -1.7725 0.2724 3.2663, -1.7925 0.2534 3.2663, -1.8351 0.1935 3.2663, -1.8657 0.1266 3.2663, -1.8722 0.0998 3.2663, -1.883 0.0551 3.2663, -1.8857 -0.0001 3.2663, -1.7338 0.2972 3.2461, -1.7345 0.2982 3.2535, -1.6773 0.344 3.2663, -1.6752 0.3399 3.2604, -1.6738 0.3372 3.2535, -1.609 0.3713 3.2663, -1.6 0.373 3.2663, -1.4639 0.3776 3.2535, -1.4641 0.3764 3.2461, -1.391 0.3713 3.2663, -1.3923 0.3669 3.2604, -1.3931 0.364 3.2535, -1.3227 0.344 3.2663, -1.1278 0.0998 3.2663, -1.1343 0.1266 3.2663, -1.1649 0.1935 3.2663, -1.2075 0.2534 3.2663, -1.2275 0.2724 3.2663, -1.2608 0.3042 3.2663, -1.3072 0.334 3.2663, -1.1257 0.0538 3.2461, -1.1245 0.054 3.2535, -1.1135 -0.0184 3.2663, -1.1181 -0.0182 3.2604, -1.1211 -0.0181 3.2535, -1.1239 -0.0912 3.2663, -1.1269 -0.0999 3.2663, -1.191 -0.22 3.2535, -1.192 -0.2193 3.2461, -1.233 -0.2801 3.2663, -1.2361 -0.2767 3.2604, -1.2382 -0.2746 3.2535, -1.2908 -0.3255 3.2663, -1.5732 -0.38 3.2663, -1.5 -0.387 3.2663, -1.4268 -0.38 3.2663, -1.4003 -0.3722 3.2663, -1.3562 -0.3593 3.2663, -1.3071 -0.334 3.2663, -1.6069 -0.3989 3.2923, -1.7065 -0.3576 3.2923, -1.792 -0.292 3.2923, -1.8576 -0.2065 3.2923, -1.8989 -0.1069 3.2923, -1.9129 0.0 3.2923, -1.8989 0.1069 3.2923, -1.8576 0.2065 3.2923, -1.792 0.292 3.2923, -1.7065 0.3576 3.2923, -1.6069 0.3989 3.2923, -1.5 0.4129 3.2923, -1.3931 0.3989 3.2923, -1.2935 0.3576 3.2923, -1.208 0.292 3.2923, -1.1424 0.2065 3.2923, -1.1011 0.1069 3.2923, -1.0871 0.0 3.2923, -1.1011 -0.1069 3.2923, -1.1424 -0.2065 3.2923, -1.208 -0.292 3.2923, -1.2935 -0.3576 3.2923, -1.3931 -0.3989 3.2923, -1.5 -0.4129 3.2923, -1.9331 0.6306 2.5644, -1.0669 0.6306 2.5644, -1.9331 0.6306 1.4777, -1.0669 0.6306 1.4777, -1.7953 1.0605 1.4777, -1.9331 1.0605 1.4777, -1.9331 1.0806 0.8565, -1.7953 1.0806 0.8565, -1.1457 0.8145 1.2561, -1.0669 0.8145 1.2561, -1.1457 0.6306 1.2561, -1.0669 0.6306 1.2561, -0.0669 0.6306 2.5644, -0.9331 0.6306 2.5644, -0.9331 0.6306 1.4777, -0.0669 0.6306 1.4777, -0.7953 1.0605 1.4777, -0.9331 1.0605 1.4777, -0.9331 1.0806 0.8565, -0.7953 1.0806 0.8565, -0.1457 0.8145 1.2561, -0.0669 0.8145 1.2561, -0.1457 0.6306 1.2561, -0.0669 0.6306 1.2561, 0.0669 0.6306 2.5644, 0.9331 0.6306 2.5644, 0.0669 0.6306 1.4777, 0.9331 0.6306 1.4777, 0.2047 1.0605 1.4777, 0.0669 1.0605 1.4777, 0.0669 1.0806 0.8565, 0.2047 1.0806 0.8565, 0.8543 0.8145 1.2561, 0.9331 0.8145 1.2561, 0.8543 0.6306 1.2561, 0.9331 0.6306 1.2561, -1.2029 -0.9941 1.2192, -1.7971 -0.9941 1.2192, -1.7953 -0.9909 1.2192, -1.2047 -0.9909 1.2192, -1.7971 -0.9941 0.5122, -1.2029 -0.9941 0.5122, -1.2047 -0.9909 0.5122, -1.7953 -0.9909 0.5122, -1.1063 -1.1614 0.3422, -1.8937 -1.1614 0.3422, -1.1063 -1.1614 1.8126, -1.8937 -1.1614 1.8126, -0.2029 -0.9941 1.2192, -0.7971 -0.9941 1.2192, -0.7953 -0.9909 1.2192, -0.2047 -0.9909 1.2192, -0.2047 -0.9909 0.5122, -0.7953 -0.9909 0.5122, -0.2029 -0.9941 0.5122, -0.7971 -0.9941 0.5122, -0.1063 -1.1614 0.3422, -0.8937 -1.1614 0.3422, -0.1063 -1.1614 1.8126, -0.8937 -1.1614 1.8126, 0.7971 -0.9941 1.2192, 0.2029 -0.9941 1.2192, 0.2047 -0.9909 1.2192, 0.7953 -0.9909 1.2192, 0.7953 -0.9909 0.5122, 0.2047 -0.9909 0.5122, 0.7971 -0.9941 0.5122, 0.2029 -0.9941 0.5122, 0.8937 -1.1614 0.3422, 0.1063 -1.1614 0.3422, 0.8937 -1.1614 1.8126, 0.1063 -1.1614 1.8126, 0.1063 -1.1614 1.8126
            ]
        }
        coordIndex [
            0,1,2,-1,3,4,5,-1,6,7,8,-1,9,10,11,-1,12,13,14,-1,15,16,17,-1,18,19,20,-1,21,22,23,-1,24,25,26,-1,27,28,29,-1,30,31,32,-1,32,31,3,-1,32,33,34,-1,34,35,32,-1,32,35,36,-1,32,36,30,-1,37,38,32,-1,32,38,39,-1,32,39,33,-1,40,41,37,-1,37,41,42,-1,37,42,38,-1,43,44,45,-1,40,37,46,-1,46,37,47,-1,46,47,48,-1,48,47,45,-1,48,45,49,-1,44,50,45,-1,45,50,51,-1,45,51,49,-1,49,51,52,-1,49,52,53,-1,53,52,54,-1,53,54,55,-1,29,28,56,-1,28,57,56,-1,56,57,58,-1,56,58,45,-1,45,58,59,-1,45,59,43,-1,60,61,62,-1,61,63,62,-1,62,63,64,-1,62,64,65,-1,65,66,62,-1,62,66,67,-1,62,67,29,-1,29,67,68,-1,29,68,27,-1,69,70,71,-1,71,70,72,-1,71,72,62,-1,62,72,73,-1,62,73,60,-1,74,75,71,-1,71,75,76,-1,71,76,69,-1,77,78,79,-1,79,78,80,-1,79,80,74,-1,74,80,81,-1,74,81,75,-1,0,82,1,-1,1,82,83,-1,1,83,84,-1,84,85,1,-1,1,85,86,-1,1,86,77,-1,87,88,4,-1,89,90,91,-1,92,93,0,-1,94,95,96,-1,96,95,97,-1,89,91,98,-1,92,0,99,-1,100,101,95,-1,95,101,102,-1,95,102,103,-1,4,88,0,-1,0,88,104,-1,0,104,99,-1,90,105,91,-1,91,105,106,-1,91,106,107,-1,108,109,110,-1,110,109,111,-1,110,111,112,-1,113,103,114,-1,114,103,115,-1,114,115,110,-1,110,115,116,-1,110,116,108,-1,113,117,103,-1,103,117,118,-1,103,118,95,-1,95,118,119,-1,95,119,97,-1,120,121,122,-1,122,121,123,-1,122,123,91,-1,91,123,124,-1,91,124,98,-1,125,126,91,-1,91,126,127,-1,91,127,95,-1,95,127,128,-1,95,128,100,-1,129,130,82,-1,82,130,131,-1,82,131,132,-1,132,133,82,-1,82,133,134,-1,82,134,135,-1,135,134,120,-1,135,120,136,-1,136,120,122,-1,93,137,0,-1,0,137,138,-1,0,138,82,-1,82,138,139,-1,82,139,129,-1,107,140,91,-1,91,140,141,-1,91,141,142,-1,142,143,91,-1,91,143,144,-1,91,144,125,-1,145,146,147,-1,147,103,145,-1,145,103,102,-1,145,102,148,-1,148,102,149,-1,149,150,148,-1,148,150,151,-1,148,151,152,-1,153,154,155,-1,153,155,156,-1,157,155,158,-1,146,145,157,-1,157,145,159,-1,157,159,155,-1,155,159,160,-1,155,160,156,-1,158,161,157,-1,157,161,162,-1,157,162,163,-1,154,164,155,-1,155,164,165,-1,155,165,166,-1,166,165,167,-1,168,169,163,-1,163,169,170,-1,163,170,157,-1,171,172,167,-1,167,172,173,-1,167,173,166,-1,31,174,3,-1,3,174,175,-1,3,175,4,-1,4,175,176,-1,4,176,87,-1,177,178,179,-1,179,178,180,-1,181,182,183,-1,184,185,177,-1,177,185,26,-1,26,185,186,-1,26,186,24,-1,183,187,188,-1,188,187,189,-1,188,189,190,-1,178,191,180,-1,180,191,192,-1,180,192,193,-1,193,192,194,-1,195,196,197,-1,197,196,198,-1,199,200,201,-1,202,203,204,-1,204,203,205,-1,204,205,22,-1,206,207,208,-1,208,207,209,-1,208,209,205,-1,195,210,196,-1,196,210,211,-1,196,211,212,-1,212,211,201,-1,212,201,213,-1,213,201,200,-1,214,215,216,-1,216,215,217,-1,216,217,218,-1,219,220,221,-1,221,220,222,-1,218,223,216,-1,216,223,224,-1,216,224,225,-1,226,227,228,-1,229,230,208,-1,208,230,231,-1,208,231,206,-1,225,232,216,-1,216,232,233,-1,216,233,220,-1,220,233,198,-1,220,198,222,-1,222,198,196,-1,203,234,235,-1,235,234,236,-1,237,238,201,-1,201,238,239,-1,201,239,240,-1,219,241,220,-1,220,241,242,-1,220,242,243,-1,226,228,202,-1,228,244,202,-1,202,244,245,-1,202,245,203,-1,203,245,246,-1,203,246,234,-1,240,247,201,-1,201,247,248,-1,201,248,199,-1,236,249,235,-1,235,249,250,-1,235,250,251,-1,251,250,252,-1,251,252,253,-1,253,252,254,-1,21,23,255,-1,255,23,256,-1,255,256,257,-1,258,259,20,-1,252,260,261,-1,261,260,262,-1,261,262,263,-1,264,265,20,-1,20,265,266,-1,263,267,261,-1,261,267,268,-1,261,268,269,-1,269,268,270,-1,269,270,258,-1,271,272,259,-1,259,272,273,-1,259,273,20,-1,20,273,274,-1,20,274,264,-1,266,275,20,-1,20,275,276,-1,20,276,18,-1,277,278,279,-1,279,278,280,-1,279,280,281,-1,279,282,277,-1,277,282,283,-1,277,283,284,-1,284,285,277,-1,277,285,286,-1,277,286,287,-1,287,286,288,-1,287,288,289,-1,289,288,290,-1,289,290,259,-1,259,290,291,-1,259,291,271,-1,292,293,281,-1,281,293,294,-1,281,294,279,-1,295,296,227,-1,227,296,297,-1,227,297,228,-1,295,298,296,-1,296,298,299,-1,296,299,300,-1,300,299,301,-1,300,302,303,-1,301,304,300,-1,300,304,305,-1,300,305,306,-1,306,307,300,-1,300,307,308,-1,300,308,302,-1,303,309,300,-1,300,309,310,-1,300,310,311,-1,312,313,314,-1,314,313,315,-1,314,315,316,-1,313,317,315,-1,315,317,318,-1,315,318,319,-1,319,318,320,-1,319,320,321,-1,321,320,322,-1,321,322,323,-1,323,322,324,-1,323,324,325,-1,326,327,328,-1,329,330,331,-1,326,328,332,-1,332,328,333,-1,332,333,331,-1,331,333,334,-1,331,334,329,-1,335,336,319,-1,337,338,321,-1,336,339,319,-1,319,339,340,-1,319,340,326,-1,326,340,341,-1,326,341,327,-1,337,321,342,-1,329,343,330,-1,330,343,344,-1,330,344,321,-1,321,344,345,-1,321,345,342,-1,338,346,321,-1,321,346,347,-1,321,347,319,-1,319,347,348,-1,319,348,335,-1,331,349,350,-1,350,349,351,-1,350,352,331,-1,331,352,353,-1,331,353,332,-1,332,353,354,-1,332,354,355,-1,356,357,358,-1,358,357,359,-1,359,357,360,-1,360,357,353,-1,360,353,361,-1,361,353,352,-1,361,352,17,-1,17,352,362,-1,17,362,15,-1,351,349,363,-1,363,349,364,-1,363,364,365,-1,366,367,368,-1,369,370,371,-1,371,370,366,-1,371,366,372,-1,372,366,368,-1,12,323,373,-1,373,323,325,-1,373,325,374,-1,375,376,364,-1,354,377,355,-1,355,377,365,-1,355,365,11,-1,11,365,364,-1,11,364,378,-1,378,364,376,-1,9,11,379,-1,380,381,378,-1,378,381,382,-1,378,382,11,-1,11,382,383,-1,11,383,379,-1,384,385,386,-1,387,388,378,-1,378,388,389,-1,378,389,390,-1,390,391,378,-1,378,391,392,-1,378,392,380,-1,393,394,395,-1,395,394,396,-1,385,397,386,-1,386,397,396,-1,386,396,398,-1,398,396,394,-1,384,386,399,-1,399,386,400,-1,399,400,378,-1,378,400,401,-1,378,401,387,-1,7,402,403,-1,403,402,404,-1,404,402,405,-1,404,405,406,-1,8,407,408,-1,408,409,8,-1,8,409,410,-1,8,410,6,-1,411,412,413,-1,414,415,416,-1,416,415,417,-1,416,417,8,-1,8,417,418,-1,8,418,407,-1,419,420,421,-1,421,420,422,-1,423,424,220,-1,220,424,425,-1,220,425,421,-1,421,425,426,-1,421,426,419,-1,10,423,261,-1,261,423,220,-1,261,220,252,-1,252,220,243,-1,252,243,254,-1,22,205,23,-1,23,205,209,-1,23,209,256,-1,256,209,427,-1,256,427,214,-1,214,427,428,-1,214,428,215,-1,429,430,431,-1,182,181,432,-1,432,181,433,-1,432,433,194,-1,194,433,431,-1,194,431,193,-1,193,431,430,-1,193,430,434,-1,435,436,437,-1,431,438,429,-1,429,438,439,-1,429,439,440,-1,440,439,435,-1,440,435,441,-1,441,435,437,-1,442,443,20,-1,20,443,444,-1,258,20,269,-1,269,20,444,-1,269,444,438,-1,438,444,445,-1,438,445,439,-1,446,443,447,-1,447,443,442,-1,447,442,448,-1,449,450,451,-1,452,453,442,-1,442,453,454,-1,442,454,448,-1,257,256,19,-1,19,256,449,-1,19,449,20,-1,20,449,451,-1,20,451,442,-1,442,451,455,-1,442,455,456,-1,457,458,459,-1,459,458,460,-1,459,460,449,-1,449,460,461,-1,449,461,450,-1,456,462,442,-1,442,462,463,-1,442,463,452,-1,434,464,465,-1,464,466,465,-1,465,466,467,-1,465,467,459,-1,459,467,468,-1,459,468,457,-1,469,74,470,-1,470,74,71,-1,470,71,471,-1,471,71,62,-1,471,62,472,-1,472,62,29,-1,472,29,473,-1,473,29,56,-1,473,56,474,-1,474,56,45,-1,474,45,371,-1,371,45,47,-1,371,47,369,-1,475,476,413,-1,413,476,477,-1,478,416,32,-1,412,414,413,-1,413,414,416,-1,413,416,475,-1,475,416,478,-1,475,478,479,-1,5,413,3,-1,3,413,477,-1,3,477,32,-1,32,477,480,-1,32,480,478,-1,481,482,483,-1,482,481,484,-1,484,481,5,-1,484,5,485,-1,486,487,488,-1,488,487,484,-1,488,484,489,-1,489,484,485,-1,489,485,490,-1,490,485,491,-1,2,481,0,-1,0,481,483,-1,0,483,4,-1,4,483,492,-1,4,492,5,-1,5,492,493,-1,5,493,485,-1,7,403,8,-1,8,403,494,-1,8,494,416,-1,416,494,495,-1,416,495,32,-1,32,495,496,-1,32,496,37,-1,2,214,481,-1,481,214,216,-1,481,216,5,-1,5,216,220,-1,5,220,413,-1,413,220,421,-1,413,421,411,-1,411,421,422,-1,12,14,323,-1,323,14,497,-1,323,497,321,-1,321,497,498,-1,321,498,330,-1,330,498,499,-1,330,499,331,-1,331,499,500,-1,331,500,349,-1,349,500,404,-1,349,404,364,-1,364,404,406,-1,364,406,375,-1,10,261,11,-1,11,261,269,-1,11,269,355,-1,355,269,438,-1,355,438,332,-1,332,438,431,-1,332,431,326,-1,326,431,433,-1,326,433,319,-1,319,433,181,-1,319,181,315,-1,501,502,181,-1,188,184,183,-1,183,184,177,-1,183,177,181,-1,181,177,179,-1,181,179,501,-1,501,179,503,-1,504,179,505,-1,505,179,506,-1,505,506,507,-1,507,506,508,-1,509,510,504,-1,504,510,511,-1,504,511,179,-1,179,511,512,-1,179,512,503,-1,325,316,374,-1,374,316,315,-1,374,315,508,-1,508,315,181,-1,508,181,507,-1,507,181,513,-1,512,514,515,-1,515,516,512,-1,512,516,517,-1,512,517,503,-1,518,519,513,-1,513,519,520,-1,513,520,521,-1,502,522,181,-1,181,522,523,-1,181,523,513,-1,513,523,524,-1,513,524,518,-1,521,525,513,-1,513,525,526,-1,513,526,512,-1,512,526,527,-1,512,527,514,-1,434,465,193,-1,193,465,528,-1,193,528,180,-1,180,528,529,-1,180,529,179,-1,179,529,530,-1,179,530,506,-1,77,79,1,-1,1,79,531,-1,1,531,2,-1,2,531,532,-1,2,532,214,-1,214,532,533,-1,214,533,256,-1,256,533,534,-1,256,534,449,-1,449,534,535,-1,449,535,459,-1,459,535,536,-1,459,536,465,-1,465,536,537,-1,465,537,528,-1,528,537,538,-1,528,538,529,-1,529,538,539,-1,529,539,530,-1,540,541,542,-1,542,541,543,-1,543,541,544,-1,543,544,545,-1,546,547,548,-1,469,549,550,-1,542,469,540,-1,540,469,550,-1,540,550,545,-1,545,550,551,-1,545,551,543,-1,543,551,548,-1,543,548,371,-1,371,548,547,-1,371,547,552,-1,469,553,554,-1,469,470,553,-1,553,470,471,-1,553,471,472,-1,548,549,546,-1,546,549,469,-1,546,469,555,-1,555,469,554,-1,555,554,552,-1,552,554,556,-1,552,556,371,-1,371,556,557,-1,371,557,474,-1,474,557,553,-1,474,553,473,-1,473,553,472,-1,558,559,560,-1,560,559,561,-1,562,563,564,-1,564,563,565,-1,566,567,568,-1,568,567,569,-1,570,571,572,-1,572,573,570,-1,570,573,574,-1,570,574,539,-1,575,576,577,-1,577,578,575,-1,575,578,539,-1,575,539,579,-1,579,539,574,-1,579,574,580,-1,580,574,581,-1,582,583,584,-1,584,583,585,-1,586,587,12,-1,12,373,586,-1,586,373,374,-1,586,374,508,-1,578,584,539,-1,539,584,585,-1,539,585,530,-1,530,585,586,-1,530,586,506,-1,506,586,508,-1,12,587,588,-1,589,590,588,-1,588,590,13,-1,588,13,12,-1,591,577,576,-1,592,593,590,-1,576,592,591,-1,591,592,590,-1,591,590,594,-1,594,590,589,-1,594,589,582,-1,582,589,583,-1,572,571,595,-1,595,571,590,-1,595,590,596,-1,596,590,593,-1,596,593,581,-1,581,593,580,-1,597,598,599,-1,598,597,600,-1,600,597,601,-1,600,601,602,-1,602,601,603,-1,602,603,599,-1,599,603,604,-1,599,604,597,-1,605,606,607,-1,606,605,608,-1,608,605,609,-1,608,609,610,-1,610,609,611,-1,610,611,607,-1,607,611,612,-1,607,612,605,-1,613,614,615,-1,614,613,616,-1,616,613,617,-1,616,617,618,-1,618,617,619,-1,618,619,615,-1,615,619,620,-1,615,620,613,-1,621,622,623,-1,624,625,469,-1,626,627,628,-1,628,627,629,-1,630,631,622,-1,622,631,632,-1,622,632,623,-1,623,632,633,-1,634,635,636,-1,636,635,637,-1,469,625,74,-1,74,625,638,-1,74,638,639,-1,539,640,641,-1,642,643,570,-1,570,643,636,-1,570,636,542,-1,542,636,637,-1,542,637,644,-1,645,646,624,-1,647,648,649,-1,649,648,650,-1,570,539,642,-1,642,539,641,-1,642,641,629,-1,629,641,651,-1,629,651,628,-1,628,651,652,-1,653,654,606,-1,649,537,536,-1,655,656,657,-1,658,659,604,-1,623,640,621,-1,621,640,539,-1,621,539,660,-1,660,539,661,-1,660,661,662,-1,616,542,614,-1,614,542,644,-1,614,644,663,-1,604,603,542,-1,664,606,665,-1,665,606,654,-1,665,654,626,-1,626,654,666,-1,626,666,627,-1,627,666,667,-1,537,649,538,-1,538,649,650,-1,538,650,539,-1,539,650,668,-1,539,668,661,-1,658,604,608,-1,608,604,542,-1,608,542,606,-1,606,542,616,-1,606,616,653,-1,603,669,670,-1,657,662,655,-1,655,662,661,-1,655,661,670,-1,670,661,671,-1,672,604,673,-1,673,604,659,-1,673,659,632,-1,632,659,674,-1,632,674,633,-1,633,674,675,-1,536,535,649,-1,649,535,534,-1,649,534,533,-1,469,542,624,-1,624,542,603,-1,624,603,645,-1,645,603,670,-1,645,670,676,-1,676,670,671,-1,676,671,677,-1,677,671,678,-1,533,532,649,-1,649,532,531,-1,649,531,639,-1,639,531,79,-1,639,79,74,-1,654,653,679,-1,663,644,680,-1,680,644,681,-1,680,681,679,-1,679,681,682,-1,679,682,654,-1,636,683,634,-1,634,683,684,-1,683,685,684,-1,684,685,686,-1,686,685,635,-1,635,685,637,-1,659,658,687,-1,664,665,688,-1,688,665,689,-1,688,689,687,-1,687,689,690,-1,687,690,659,-1,651,691,652,-1,652,691,692,-1,691,693,692,-1,692,693,694,-1,694,693,628,-1,628,693,626,-1,670,669,695,-1,672,673,696,-1,696,673,697,-1,696,697,695,-1,695,697,698,-1,695,698,670,-1,622,699,630,-1,630,699,700,-1,699,701,700,-1,700,701,702,-1,702,701,631,-1,631,701,632,-1,703,704,705,-1,705,704,706,-1,707,624,708,-1,624,707,625,-1,625,707,709,-1,625,709,710,-1,710,709,711,-1,710,711,708,-1,708,711,712,-1,708,712,707,-1,639,638,713,-1,646,645,714,-1,714,645,715,-1,714,715,713,-1,713,715,716,-1,713,716,639,-1,671,717,678,-1,678,717,718,-1,717,719,718,-1,718,719,720,-1,720,719,677,-1,677,719,676,-1,570,721,571,-1,571,721,722,-1,571,722,590,-1,570,542,721,-1,721,542,543,-1,721,543,723,-1,723,543,724,-1,723,724,725,-1,726,727,725,-1,725,727,728,-1,725,728,723,-1,729,730,722,-1,731,732,722,-1,733,734,735,-1,736,737,495,-1,735,734,738,-1,738,734,739,-1,738,739,740,-1,741,742,743,-1,495,737,496,-1,744,745,590,-1,746,747,748,-1,748,747,749,-1,748,749,750,-1,751,752,732,-1,732,752,753,-1,754,755,722,-1,722,755,756,-1,722,756,757,-1,744,590,758,-1,737,759,496,-1,496,759,760,-1,496,760,761,-1,753,762,732,-1,732,762,763,-1,732,763,722,-1,722,763,764,-1,722,764,729,-1,733,735,765,-1,765,735,766,-1,765,766,730,-1,730,766,767,-1,730,767,768,-1,757,769,722,-1,722,769,770,-1,722,770,590,-1,590,770,771,-1,590,771,758,-1,772,773,774,-1,750,731,748,-1,748,731,722,-1,748,722,775,-1,775,722,496,-1,775,496,776,-1,776,496,761,-1,748,777,746,-1,746,777,742,-1,746,742,778,-1,778,742,741,-1,732,779,751,-1,751,779,773,-1,751,773,780,-1,780,773,772,-1,781,782,783,-1,783,782,784,-1,783,784,785,-1,785,784,741,-1,785,741,786,-1,786,741,743,-1,745,787,590,-1,590,787,788,-1,590,788,789,-1,774,790,772,-1,772,790,791,-1,772,791,792,-1,792,791,793,-1,792,793,794,-1,795,590,796,-1,796,590,789,-1,796,789,797,-1,797,789,798,-1,797,798,739,-1,739,798,799,-1,739,799,740,-1,781,783,800,-1,800,783,801,-1,800,801,802,-1,803,804,13,-1,13,804,805,-1,13,805,14,-1,14,805,806,-1,795,807,590,-1,590,807,808,-1,590,808,13,-1,13,808,809,-1,13,809,810,-1,794,793,811,-1,811,793,812,-1,811,812,813,-1,495,494,736,-1,736,494,403,-1,736,403,814,-1,814,403,404,-1,814,404,806,-1,806,404,500,-1,806,500,499,-1,768,815,730,-1,730,815,816,-1,730,816,722,-1,722,816,817,-1,722,817,754,-1,813,818,811,-1,811,818,819,-1,811,819,810,-1,810,819,820,-1,810,820,13,-1,801,821,802,-1,802,821,822,-1,802,822,820,-1,820,822,823,-1,820,823,13,-1,13,823,824,-1,13,824,803,-1,499,498,806,-1,806,498,497,-1,806,497,14,-1,722,721,496,-1,496,721,37,-1,37,721,47,-1,47,721,723,-1,47,723,369,-1,543,371,372,-1,543,372,724,-1,724,372,368,-1,724,368,725,-1,725,368,367,-1,725,367,726,-1,726,367,366,-1,726,366,727,-1,727,366,370,-1,727,370,728,-1,728,370,369,-1,728,369,723,-1,825,826,827,-1,827,826,828,-1,827,828,829,-1,829,828,830,-1,829,830,831,-1,831,830,832,-1,831,832,833,-1,833,832,834,-1,833,834,835,-1,835,834,836,-1,835,836,837,-1,837,836,838,-1,837,838,839,-1,839,838,840,-1,839,840,841,-1,841,840,842,-1,841,842,843,-1,843,842,844,-1,843,844,845,-1,845,844,846,-1,845,846,847,-1,847,846,848,-1,847,848,849,-1,849,848,850,-1,849,850,851,-1,851,850,852,-1,851,852,853,-1,853,852,854,-1,853,854,855,-1,855,854,856,-1,855,856,857,-1,857,856,858,-1,857,858,859,-1,859,858,860,-1,859,860,861,-1,861,860,862,-1,861,862,863,-1,863,862,864,-1,863,864,865,-1,865,864,866,-1,865,866,867,-1,867,866,868,-1,867,868,869,-1,869,868,870,-1,869,870,871,-1,871,870,872,-1,871,872,825,-1,825,872,826,-1,848,873,850,-1,850,873,874,-1,850,874,852,-1,852,874,875,-1,852,875,854,-1,854,875,876,-1,854,876,856,-1,856,876,877,-1,856,877,858,-1,858,877,878,-1,858,878,860,-1,860,878,879,-1,860,879,862,-1,862,879,880,-1,862,880,864,-1,864,880,881,-1,864,881,866,-1,866,881,882,-1,866,882,868,-1,868,882,883,-1,868,883,870,-1,870,883,884,-1,870,884,872,-1,872,884,885,-1,872,885,826,-1,826,885,886,-1,826,886,828,-1,828,886,887,-1,828,887,830,-1,830,887,888,-1,830,888,832,-1,832,888,889,-1,832,889,834,-1,834,889,890,-1,834,890,836,-1,836,890,891,-1,836,891,838,-1,838,891,892,-1,838,892,840,-1,840,892,893,-1,840,893,842,-1,842,893,894,-1,842,894,844,-1,844,894,895,-1,844,895,846,-1,846,895,896,-1,846,896,848,-1,848,896,873,-1,886,897,887,-1,887,897,898,-1,887,898,888,-1,888,898,899,-1,888,899,889,-1,889,899,900,-1,889,900,890,-1,890,900,901,-1,890,901,891,-1,891,901,902,-1,891,902,892,-1,892,902,903,-1,892,903,893,-1,893,903,904,-1,893,904,894,-1,894,904,905,-1,894,905,895,-1,895,905,906,-1,895,906,896,-1,896,906,907,-1,896,907,873,-1,873,907,908,-1,873,908,874,-1,874,908,909,-1,874,909,875,-1,875,909,910,-1,875,910,876,-1,876,910,911,-1,876,911,877,-1,877,911,912,-1,877,912,878,-1,878,912,913,-1,878,913,879,-1,879,913,914,-1,879,914,880,-1,880,914,915,-1,880,915,881,-1,881,915,916,-1,881,916,882,-1,882,916,917,-1,882,917,883,-1,883,917,918,-1,883,918,884,-1,884,918,919,-1,884,919,885,-1,885,919,920,-1,885,920,886,-1,886,920,897,-1,909,921,922,-1,909,922,910,-1,922,923,910,-1,910,923,924,-1,910,924,911,-1,924,925,911,-1,911,925,926,-1,911,926,912,-1,912,926,927,-1,927,928,912,-1,912,928,929,-1,912,929,913,-1,913,929,930,-1,913,930,914,-1,914,930,931,-1,931,932,914,-1,914,932,933,-1,914,933,915,-1,933,934,915,-1,915,934,935,-1,915,935,916,-1,935,936,916,-1,916,936,937,-1,916,937,917,-1,917,937,938,-1,938,939,917,-1,917,939,940,-1,917,940,918,-1,940,941,918,-1,918,941,942,-1,918,942,919,-1,942,943,919,-1,919,943,944,-1,919,944,920,-1,920,944,945,-1,945,946,920,-1,920,946,947,-1,920,947,897,-1,897,947,948,-1,897,948,898,-1,898,948,949,-1,949,950,898,-1,898,950,951,-1,898,951,899,-1,951,952,899,-1,899,952,953,-1,899,953,900,-1,953,954,900,-1,900,954,955,-1,900,955,901,-1,901,955,956,-1,956,957,901,-1,901,957,958,-1,901,958,902,-1,958,959,902,-1,902,959,960,-1,902,960,903,-1,960,961,903,-1,903,961,962,-1,903,962,904,-1,904,962,963,-1,963,964,904,-1,904,964,965,-1,904,965,905,-1,905,965,966,-1,905,966,906,-1,906,966,967,-1,967,968,906,-1,906,968,969,-1,906,969,907,-1,969,970,907,-1,907,970,971,-1,907,971,908,-1,971,972,908,-1,908,972,973,-1,908,973,909,-1,909,973,974,-1,909,974,921,-1,975,976,977,-1,978,979,980,-1,981,982,983,-1,984,985,986,-1,987,988,989,-1,990,991,992,-1,993,994,995,-1,996,997,998,-1,999,1000,1001,-1,1002,1003,1004,-1,1005,1006,1007,-1,1003,1008,1009,-1,1006,1010,1011,-1,955,954,1012,-1,959,958,1013,-1,962,961,1014,-1,973,972,1015,-1,923,922,1016,-1,926,925,1017,-1,937,936,1018,-1,941,940,1019,-1,944,943,1020,-1,944,1020,945,-1,937,1018,938,-1,1010,935,934,-1,932,1021,1011,-1,1010,934,1011,-1,1011,934,933,-1,1011,933,932,-1,932,931,1021,-1,1021,931,930,-1,1021,930,1022,-1,1022,930,929,-1,1022,929,1023,-1,926,1017,927,-1,973,1015,974,-1,1008,971,970,-1,968,1024,1009,-1,1008,970,1009,-1,1009,970,969,-1,1009,969,968,-1,968,967,1024,-1,1024,967,966,-1,1024,966,1025,-1,1025,966,965,-1,1025,965,1026,-1,962,1014,963,-1,955,1012,956,-1,1027,953,952,-1,950,1028,1029,-1,1027,952,1029,-1,1029,952,951,-1,1029,951,950,-1,950,949,1028,-1,1028,949,948,-1,1028,948,1030,-1,1030,948,947,-1,1030,947,1031,-1,1031,1032,1033,-1,1006,1011,1007,-1,1007,1011,1021,-1,1007,1021,1034,-1,1034,1021,1022,-1,1034,1022,1035,-1,1035,1022,1023,-1,1035,1023,1036,-1,1003,1009,1004,-1,1004,1009,1024,-1,1004,1024,1037,-1,1037,1024,1025,-1,1037,1025,1038,-1,1038,1025,1026,-1,1038,1026,1039,-1,1031,1033,1030,-1,1030,1033,1040,-1,1030,1040,1028,-1,1028,1040,1041,-1,1028,1041,1029,-1,1029,1041,1042,-1,1029,1042,1027,-1,1032,1043,1044,-1,942,941,1045,-1,1045,941,1019,-1,1045,1019,1046,-1,1046,1019,1047,-1,1046,1047,1048,-1,1048,1047,998,-1,1005,1007,1049,-1,1049,1007,1034,-1,1049,1034,1050,-1,1050,1034,1035,-1,1050,1035,1051,-1,1051,1035,1036,-1,1051,1036,1052,-1,924,923,1053,-1,1053,923,1016,-1,1053,1016,1054,-1,1054,1016,1055,-1,1054,1055,1056,-1,1056,1055,989,-1,1002,1004,1057,-1,1057,1004,1037,-1,1057,1037,1058,-1,1058,1037,1038,-1,1058,1038,1059,-1,1059,1038,1039,-1,1059,1039,1060,-1,960,959,1061,-1,1061,959,1013,-1,1061,1013,1062,-1,1062,1013,1063,-1,1062,1063,1064,-1,1064,1063,980,-1,1032,1044,1033,-1,1033,1044,1065,-1,1033,1065,1040,-1,1040,1065,1066,-1,1040,1066,1041,-1,1041,1066,1067,-1,1041,1067,1042,-1,947,946,1031,-1,1031,946,1068,-1,1031,1068,1032,-1,1032,1068,1069,-1,1032,1069,1043,-1,1043,1069,1001,-1,1043,1001,1070,-1,1070,1001,1000,-1,1071,999,1072,-1,1072,999,1001,-1,1072,1001,1073,-1,1073,1001,1069,-1,1073,1069,1020,-1,1020,1069,1068,-1,1020,1068,945,-1,945,1068,946,-1,943,942,1020,-1,1020,942,1045,-1,1020,1045,1073,-1,1073,1045,1046,-1,1073,1046,1072,-1,1072,1046,1048,-1,1072,1048,1071,-1,1071,1048,1074,-1,998,997,1048,-1,1048,997,1075,-1,1048,1075,1074,-1,940,939,1019,-1,1019,939,1076,-1,1019,1076,1047,-1,1047,1076,1077,-1,1047,1077,998,-1,998,1077,995,-1,998,995,996,-1,996,995,994,-1,1078,993,1079,-1,1079,993,995,-1,1079,995,1080,-1,1080,995,1077,-1,1080,1077,1018,-1,1018,1077,1076,-1,1018,1076,938,-1,938,1076,939,-1,936,935,1018,-1,1018,935,1010,-1,1018,1010,1080,-1,1080,1010,1006,-1,1080,1006,1079,-1,1079,1006,1005,-1,1079,1005,1078,-1,1078,1005,1081,-1,1082,1083,1052,-1,1052,1083,1084,-1,1052,1084,1051,-1,1051,1084,1085,-1,1051,1085,1050,-1,1050,1085,1086,-1,1050,1086,1049,-1,1049,1086,1087,-1,1049,1087,1005,-1,1005,1087,1088,-1,1005,1088,1081,-1,929,928,1023,-1,1023,928,1089,-1,1023,1089,1036,-1,1036,1089,1090,-1,1036,1090,1052,-1,1052,1090,992,-1,1052,992,1082,-1,1082,992,991,-1,1091,990,1092,-1,1092,990,992,-1,1092,992,1093,-1,1093,992,1090,-1,1093,1090,1017,-1,1017,1090,1089,-1,1017,1089,927,-1,927,1089,928,-1,925,924,1017,-1,1017,924,1053,-1,1017,1053,1093,-1,1093,1053,1054,-1,1093,1054,1092,-1,1092,1054,1056,-1,1092,1056,1091,-1,1091,1056,1094,-1,989,988,1056,-1,1056,988,1095,-1,1056,1095,1094,-1,985,987,986,-1,986,987,989,-1,986,989,1096,-1,1096,989,1055,-1,1096,1055,1097,-1,1097,1055,1016,-1,1097,1016,921,-1,921,1016,922,-1,1098,984,1099,-1,1099,984,986,-1,1099,986,1100,-1,1100,986,1096,-1,1100,1096,1015,-1,1015,1096,1097,-1,1015,1097,974,-1,974,1097,921,-1,972,971,1015,-1,1015,971,1008,-1,1015,1008,1100,-1,1100,1008,1003,-1,1100,1003,1099,-1,1099,1003,1002,-1,1099,1002,1098,-1,1098,1002,1101,-1,1102,1103,1060,-1,1060,1103,1104,-1,1060,1104,1059,-1,1059,1104,1105,-1,1059,1105,1058,-1,1058,1105,1106,-1,1058,1106,1057,-1,1057,1106,1107,-1,1057,1107,1002,-1,1002,1107,1108,-1,1002,1108,1101,-1,965,964,1026,-1,1026,964,1109,-1,1026,1109,1039,-1,1039,1109,1110,-1,1039,1110,1060,-1,1060,1110,983,-1,1060,983,1102,-1,1102,983,982,-1,1111,981,1112,-1,1112,981,983,-1,1112,983,1113,-1,1113,983,1110,-1,1113,1110,1014,-1,1014,1110,1109,-1,1014,1109,963,-1,963,1109,964,-1,961,960,1014,-1,1014,960,1061,-1,1014,1061,1113,-1,1113,1061,1062,-1,1113,1062,1112,-1,1112,1062,1064,-1,1112,1064,1111,-1,1111,1064,1114,-1,980,979,1064,-1,1064,979,1115,-1,1064,1115,1114,-1,976,978,977,-1,977,978,980,-1,977,980,1116,-1,1116,980,1063,-1,1116,1063,1117,-1,1117,1063,1013,-1,1117,1013,957,-1,957,1013,958,-1,1118,975,1119,-1,1119,975,977,-1,1119,977,1120,-1,1120,977,1116,-1,1120,1116,1012,-1,1012,1116,1117,-1,1012,1117,956,-1,956,1117,957,-1,954,953,1012,-1,1012,953,1027,-1,1012,1027,1120,-1,1120,1027,1042,-1,1120,1042,1119,-1,1119,1042,1067,-1,1119,1067,1118,-1,1118,1067,1121,-1,1070,1122,1043,-1,1043,1122,1123,-1,1043,1123,1044,-1,1044,1123,1124,-1,1044,1124,1065,-1,1065,1124,1125,-1,1065,1125,1066,-1,1066,1125,1126,-1,1066,1126,1067,-1,1067,1126,1127,-1,1067,1127,1121,-1,1128,1070,1000,-1,1128,1000,1129,-1,1000,999,1129,-1,1129,999,1071,-1,1129,1071,1130,-1,1071,1074,1130,-1,1130,1074,1075,-1,1130,1075,1131,-1,1131,1075,997,-1,997,996,1131,-1,1131,996,994,-1,1131,994,1132,-1,994,993,1132,-1,1132,993,1078,-1,1132,1078,1133,-1,1078,1081,1133,-1,1133,1081,1088,-1,1133,1088,1134,-1,1134,1088,1087,-1,1087,1086,1134,-1,1134,1086,1085,-1,1134,1085,1135,-1,1135,1085,1084,-1,1135,1084,1136,-1,1136,1084,1083,-1,1083,1082,1136,-1,1136,1082,991,-1,1136,991,1137,-1,991,990,1137,-1,1137,990,1091,-1,1137,1091,1138,-1,1091,1094,1138,-1,1138,1094,1095,-1,1138,1095,1139,-1,1139,1095,988,-1,988,987,1139,-1,1139,987,985,-1,1139,985,1140,-1,985,984,1140,-1,1140,984,1098,-1,1140,1098,1141,-1,1098,1101,1141,-1,1141,1101,1108,-1,1141,1108,1142,-1,1142,1108,1107,-1,1107,1106,1142,-1,1142,1106,1105,-1,1142,1105,1143,-1,1143,1105,1104,-1,1143,1104,1144,-1,1144,1104,1103,-1,1103,1102,1144,-1,1144,1102,982,-1,1144,982,1145,-1,982,981,1145,-1,1145,981,1111,-1,1145,1111,1146,-1,1111,1114,1146,-1,1146,1114,1115,-1,1146,1115,1147,-1,1147,1115,979,-1,979,978,1147,-1,1147,978,976,-1,1147,976,1148,-1,976,975,1148,-1,1148,975,1118,-1,1148,1118,1149,-1,1118,1121,1149,-1,1149,1121,1127,-1,1149,1127,1150,-1,1150,1127,1126,-1,1126,1125,1150,-1,1150,1125,1124,-1,1150,1124,1151,-1,1151,1124,1123,-1,1151,1123,1128,-1,1128,1123,1122,-1,1128,1122,1070,-1,1151,775,1150,-1,1150,775,776,-1,1150,776,1149,-1,1149,776,761,-1,1149,761,1148,-1,1148,761,760,-1,1148,760,1147,-1,1147,760,759,-1,1147,759,1146,-1,1146,759,737,-1,1146,737,1145,-1,1145,737,736,-1,1145,736,1144,-1,1144,736,814,-1,1144,814,1143,-1,1143,814,806,-1,1143,806,1142,-1,1142,806,805,-1,1142,805,1141,-1,1141,805,804,-1,1141,804,1140,-1,1140,804,803,-1,1140,803,1139,-1,1139,803,824,-1,1139,824,1138,-1,1138,824,823,-1,1138,823,1137,-1,1137,823,822,-1,1137,822,1136,-1,1136,822,821,-1,1136,821,1135,-1,1135,821,801,-1,1135,801,1134,-1,1134,801,783,-1,1134,783,1133,-1,1133,783,785,-1,1133,785,1132,-1,1132,785,786,-1,1132,786,1131,-1,1131,786,743,-1,1131,743,1130,-1,1130,743,742,-1,1130,742,1129,-1,1129,742,777,-1,1129,777,1128,-1,1128,777,748,-1,1128,748,1151,-1,1151,748,775,-1,861,715,1152,-1,867,869,715,-1,715,869,871,-1,715,871,716,-1,716,871,825,-1,716,825,827,-1,861,863,715,-1,715,863,865,-1,715,865,867,-1,1152,853,855,-1,827,829,716,-1,716,829,831,-1,716,831,833,-1,845,1153,843,-1,843,1153,841,-1,855,857,1152,-1,1152,857,859,-1,1152,859,861,-1,833,835,716,-1,716,835,837,-1,716,837,1153,-1,1153,837,839,-1,1153,839,841,-1,845,847,1153,-1,1153,847,849,-1,1153,849,1152,-1,1152,849,851,-1,1152,851,853,-1,1152,1154,1153,-1,1153,1154,1155,-1,706,1155,705,-1,705,1155,1154,-1,705,1154,1156,-1,1156,1154,1157,-1,1157,1158,1156,-1,1156,1158,1159,-1,1158,661,1159,-1,1159,661,668,-1,1159,668,703,-1,703,668,704,-1,1160,1161,648,-1,648,1161,650,-1,1162,1163,1160,-1,1160,1163,1161,-1,649,1163,647,-1,647,1163,1162,-1,645,676,715,-1,715,676,719,-1,717,671,661,-1,1152,715,1154,-1,1154,715,719,-1,1154,719,1157,-1,1157,719,717,-1,1157,717,1158,-1,1158,717,661,-1,716,1153,639,-1,639,1153,1155,-1,668,650,704,-1,704,650,1161,-1,649,639,1163,-1,1163,639,1155,-1,1163,1155,1161,-1,1161,1155,706,-1,1161,706,704,-1,1160,648,1162,-1,1162,648,647,-1,678,718,677,-1,677,718,720,-1,708,714,710,-1,710,714,713,-1,646,714,624,-1,624,714,708,-1,713,638,710,-1,710,638,625,-1,712,711,1164,-1,1164,711,1165,-1,1164,1165,1166,-1,1166,1165,1167,-1,709,707,1168,-1,1168,707,1169,-1,1168,1169,1170,-1,1170,1169,1171,-1,554,553,1172,-1,554,1172,1173,-1,1173,1172,1170,-1,1173,1170,1171,-1,1174,1175,1167,-1,1167,1175,1166,-1,1169,707,1164,-1,1164,707,712,-1,1165,711,1168,-1,1168,711,709,-1,588,705,589,-1,589,705,1156,-1,585,1159,586,-1,586,1159,703,-1,1159,585,1156,-1,1156,585,583,-1,1156,583,589,-1,586,703,587,-1,587,703,705,-1,587,705,588,-1,556,1175,557,-1,557,1175,1174,-1,554,1173,556,-1,556,1173,1175,-1,1172,553,1174,-1,1174,553,557,-1,1172,1174,1167,-1,1165,1168,1167,-1,1167,1168,1170,-1,1167,1170,1172,-1,1169,1164,1171,-1,1171,1164,1166,-1,1171,1166,1173,-1,1173,1166,1175,-1,1176,1177,1178,-1,1178,1177,1179,-1,1178,1179,1180,-1,1180,1179,1181,-1,1180,1181,1182,-1,1182,1181,1183,-1,1182,1183,1184,-1,1184,1183,1185,-1,1184,1185,1186,-1,1186,1185,1187,-1,1186,1187,1188,-1,1188,1187,1189,-1,1188,1189,1190,-1,1190,1189,1191,-1,1190,1191,1192,-1,1192,1191,1193,-1,1192,1193,1194,-1,1194,1193,1195,-1,1194,1195,1196,-1,1196,1195,1197,-1,1196,1197,1198,-1,1198,1197,1199,-1,1198,1199,1200,-1,1200,1199,1201,-1,1200,1201,1202,-1,1202,1201,1203,-1,1202,1203,1204,-1,1204,1203,1205,-1,1204,1205,1206,-1,1206,1205,1207,-1,1206,1207,1208,-1,1208,1207,1209,-1,1208,1209,1210,-1,1210,1209,1211,-1,1210,1211,1212,-1,1212,1211,1213,-1,1212,1213,1214,-1,1214,1213,1215,-1,1214,1215,1216,-1,1216,1215,1217,-1,1216,1217,1218,-1,1218,1217,1219,-1,1218,1219,1220,-1,1220,1219,1221,-1,1220,1221,1222,-1,1222,1221,1223,-1,1222,1223,1176,-1,1176,1223,1177,-1,1193,1224,1195,-1,1195,1224,1225,-1,1195,1225,1197,-1,1197,1225,1226,-1,1197,1226,1199,-1,1199,1226,1227,-1,1199,1227,1201,-1,1201,1227,1228,-1,1201,1228,1203,-1,1203,1228,1229,-1,1203,1229,1205,-1,1205,1229,1230,-1,1205,1230,1207,-1,1207,1230,1231,-1,1207,1231,1209,-1,1209,1231,1232,-1,1209,1232,1211,-1,1211,1232,1233,-1,1211,1233,1213,-1,1213,1233,1234,-1,1213,1234,1215,-1,1215,1234,1235,-1,1215,1235,1217,-1,1217,1235,1236,-1,1217,1236,1219,-1,1219,1236,1237,-1,1219,1237,1221,-1,1221,1237,1238,-1,1221,1238,1223,-1,1223,1238,1239,-1,1223,1239,1177,-1,1177,1239,1240,-1,1177,1240,1179,-1,1179,1240,1241,-1,1179,1241,1181,-1,1181,1241,1242,-1,1181,1242,1183,-1,1183,1242,1243,-1,1183,1243,1185,-1,1185,1243,1244,-1,1185,1244,1187,-1,1187,1244,1245,-1,1187,1245,1189,-1,1189,1245,1246,-1,1189,1246,1191,-1,1191,1246,1247,-1,1191,1247,1193,-1,1193,1247,1224,-1,1240,1248,1241,-1,1241,1248,1249,-1,1241,1249,1242,-1,1242,1249,1250,-1,1242,1250,1243,-1,1243,1250,1251,-1,1243,1251,1244,-1,1244,1251,1252,-1,1244,1252,1245,-1,1245,1252,1253,-1,1245,1253,1246,-1,1246,1253,1254,-1,1246,1254,1247,-1,1247,1254,1255,-1,1247,1255,1224,-1,1224,1255,1256,-1,1224,1256,1225,-1,1225,1256,1257,-1,1225,1257,1226,-1,1226,1257,1258,-1,1226,1258,1227,-1,1227,1258,1259,-1,1227,1259,1228,-1,1228,1259,1260,-1,1228,1260,1229,-1,1229,1260,1261,-1,1229,1261,1230,-1,1230,1261,1262,-1,1230,1262,1231,-1,1231,1262,1263,-1,1231,1263,1232,-1,1232,1263,1264,-1,1232,1264,1233,-1,1233,1264,1265,-1,1233,1265,1234,-1,1234,1265,1266,-1,1234,1266,1235,-1,1235,1266,1267,-1,1235,1267,1236,-1,1236,1267,1268,-1,1236,1268,1237,-1,1237,1268,1269,-1,1237,1269,1238,-1,1238,1269,1270,-1,1238,1270,1239,-1,1239,1270,1271,-1,1239,1271,1240,-1,1240,1271,1248,-1,1260,1272,1273,-1,1260,1273,1261,-1,1273,1274,1261,-1,1261,1274,1275,-1,1261,1275,1262,-1,1275,1276,1262,-1,1262,1276,1277,-1,1262,1277,1263,-1,1263,1277,1278,-1,1278,1279,1263,-1,1263,1279,1280,-1,1263,1280,1264,-1,1264,1280,1281,-1,1264,1281,1265,-1,1265,1281,1282,-1,1282,1283,1265,-1,1265,1283,1284,-1,1265,1284,1266,-1,1284,1285,1266,-1,1266,1285,1286,-1,1266,1286,1267,-1,1286,1287,1267,-1,1267,1287,1288,-1,1267,1288,1268,-1,1268,1288,1289,-1,1289,1290,1268,-1,1268,1290,1291,-1,1268,1291,1269,-1,1291,1292,1269,-1,1269,1292,1293,-1,1269,1293,1270,-1,1293,1294,1270,-1,1270,1294,1295,-1,1270,1295,1271,-1,1271,1295,1296,-1,1296,1297,1271,-1,1271,1297,1298,-1,1271,1298,1248,-1,1248,1298,1299,-1,1248,1299,1249,-1,1249,1299,1300,-1,1300,1301,1249,-1,1249,1301,1302,-1,1249,1302,1250,-1,1302,1303,1250,-1,1250,1303,1304,-1,1250,1304,1251,-1,1304,1305,1251,-1,1251,1305,1306,-1,1251,1306,1252,-1,1252,1306,1307,-1,1307,1308,1252,-1,1252,1308,1309,-1,1252,1309,1253,-1,1309,1310,1253,-1,1253,1310,1311,-1,1253,1311,1254,-1,1311,1312,1254,-1,1254,1312,1313,-1,1254,1313,1255,-1,1255,1313,1314,-1,1314,1315,1255,-1,1255,1315,1316,-1,1255,1316,1256,-1,1256,1316,1317,-1,1256,1317,1257,-1,1257,1317,1318,-1,1318,1319,1257,-1,1257,1319,1320,-1,1257,1320,1258,-1,1320,1321,1258,-1,1258,1321,1322,-1,1258,1322,1259,-1,1322,1323,1259,-1,1259,1323,1324,-1,1259,1324,1260,-1,1260,1324,1325,-1,1260,1325,1272,-1,1326,1327,1328,-1,1329,1330,1331,-1,1332,1333,1334,-1,1335,1336,1337,-1,1338,1339,1340,-1,1341,1342,1343,-1,1344,1345,1346,-1,1347,1348,1349,-1,1350,1351,1352,-1,1353,1354,1355,-1,1356,1357,1358,-1,1354,1359,1360,-1,1357,1361,1362,-1,1306,1305,1363,-1,1310,1309,1364,-1,1313,1312,1365,-1,1324,1323,1366,-1,1274,1273,1367,-1,1277,1276,1368,-1,1288,1287,1369,-1,1292,1291,1370,-1,1295,1294,1371,-1,1295,1371,1296,-1,1288,1369,1289,-1,1361,1286,1285,-1,1283,1372,1362,-1,1361,1285,1362,-1,1362,1285,1284,-1,1362,1284,1283,-1,1283,1282,1372,-1,1372,1282,1281,-1,1372,1281,1373,-1,1373,1281,1280,-1,1373,1280,1374,-1,1277,1368,1278,-1,1324,1366,1325,-1,1359,1322,1321,-1,1319,1375,1360,-1,1359,1321,1360,-1,1360,1321,1320,-1,1360,1320,1319,-1,1319,1318,1375,-1,1375,1318,1317,-1,1375,1317,1376,-1,1376,1317,1316,-1,1376,1316,1377,-1,1313,1365,1314,-1,1306,1363,1307,-1,1378,1304,1303,-1,1301,1379,1380,-1,1378,1303,1380,-1,1380,1303,1302,-1,1380,1302,1301,-1,1301,1300,1379,-1,1379,1300,1299,-1,1379,1299,1381,-1,1381,1299,1298,-1,1381,1298,1382,-1,1382,1383,1384,-1,1357,1362,1358,-1,1358,1362,1372,-1,1358,1372,1385,-1,1385,1372,1373,-1,1385,1373,1386,-1,1386,1373,1374,-1,1386,1374,1387,-1,1354,1360,1355,-1,1355,1360,1375,-1,1355,1375,1388,-1,1388,1375,1376,-1,1388,1376,1389,-1,1389,1376,1377,-1,1389,1377,1390,-1,1382,1384,1381,-1,1381,1384,1391,-1,1381,1391,1379,-1,1379,1391,1392,-1,1379,1392,1380,-1,1380,1392,1393,-1,1380,1393,1378,-1,1383,1394,1395,-1,1293,1292,1396,-1,1396,1292,1370,-1,1396,1370,1397,-1,1397,1370,1398,-1,1397,1398,1399,-1,1399,1398,1349,-1,1356,1358,1400,-1,1400,1358,1385,-1,1400,1385,1401,-1,1401,1385,1386,-1,1401,1386,1402,-1,1402,1386,1387,-1,1402,1387,1403,-1,1275,1274,1404,-1,1404,1274,1367,-1,1404,1367,1405,-1,1405,1367,1406,-1,1405,1406,1407,-1,1407,1406,1340,-1,1353,1355,1408,-1,1408,1355,1388,-1,1408,1388,1409,-1,1409,1388,1389,-1,1409,1389,1410,-1,1410,1389,1390,-1,1410,1390,1411,-1,1311,1310,1412,-1,1412,1310,1364,-1,1412,1364,1413,-1,1413,1364,1414,-1,1413,1414,1415,-1,1415,1414,1331,-1,1383,1395,1384,-1,1384,1395,1416,-1,1384,1416,1391,-1,1391,1416,1417,-1,1391,1417,1392,-1,1392,1417,1418,-1,1392,1418,1393,-1,1298,1297,1382,-1,1382,1297,1419,-1,1382,1419,1383,-1,1383,1419,1420,-1,1383,1420,1394,-1,1394,1420,1352,-1,1394,1352,1421,-1,1421,1352,1351,-1,1422,1350,1423,-1,1423,1350,1352,-1,1423,1352,1424,-1,1424,1352,1420,-1,1424,1420,1371,-1,1371,1420,1419,-1,1371,1419,1296,-1,1296,1419,1297,-1,1294,1293,1371,-1,1371,1293,1396,-1,1371,1396,1424,-1,1424,1396,1397,-1,1424,1397,1423,-1,1423,1397,1399,-1,1423,1399,1422,-1,1422,1399,1425,-1,1349,1348,1399,-1,1399,1348,1426,-1,1399,1426,1425,-1,1291,1290,1370,-1,1370,1290,1427,-1,1370,1427,1398,-1,1398,1427,1428,-1,1398,1428,1349,-1,1349,1428,1346,-1,1349,1346,1347,-1,1347,1346,1345,-1,1429,1344,1430,-1,1430,1344,1346,-1,1430,1346,1431,-1,1431,1346,1428,-1,1431,1428,1369,-1,1369,1428,1427,-1,1369,1427,1289,-1,1289,1427,1290,-1,1287,1286,1369,-1,1369,1286,1361,-1,1369,1361,1431,-1,1431,1361,1357,-1,1431,1357,1430,-1,1430,1357,1356,-1,1430,1356,1429,-1,1429,1356,1432,-1,1433,1434,1403,-1,1403,1434,1435,-1,1403,1435,1402,-1,1402,1435,1436,-1,1402,1436,1401,-1,1401,1436,1437,-1,1401,1437,1400,-1,1400,1437,1438,-1,1400,1438,1356,-1,1356,1438,1439,-1,1356,1439,1432,-1,1280,1279,1374,-1,1374,1279,1440,-1,1374,1440,1387,-1,1387,1440,1441,-1,1387,1441,1403,-1,1403,1441,1343,-1,1403,1343,1433,-1,1433,1343,1342,-1,1442,1341,1443,-1,1443,1341,1343,-1,1443,1343,1444,-1,1444,1343,1441,-1,1444,1441,1368,-1,1368,1441,1440,-1,1368,1440,1278,-1,1278,1440,1279,-1,1276,1275,1368,-1,1368,1275,1404,-1,1368,1404,1444,-1,1444,1404,1405,-1,1444,1405,1443,-1,1443,1405,1407,-1,1443,1407,1442,-1,1442,1407,1445,-1,1340,1339,1407,-1,1407,1339,1446,-1,1407,1446,1445,-1,1336,1338,1337,-1,1337,1338,1340,-1,1337,1340,1447,-1,1447,1340,1406,-1,1447,1406,1448,-1,1448,1406,1367,-1,1448,1367,1272,-1,1272,1367,1273,-1,1449,1335,1450,-1,1450,1335,1337,-1,1450,1337,1451,-1,1451,1337,1447,-1,1451,1447,1366,-1,1366,1447,1448,-1,1366,1448,1325,-1,1325,1448,1272,-1,1323,1322,1366,-1,1366,1322,1359,-1,1366,1359,1451,-1,1451,1359,1354,-1,1451,1354,1450,-1,1450,1354,1353,-1,1450,1353,1449,-1,1449,1353,1452,-1,1453,1454,1411,-1,1411,1454,1455,-1,1411,1455,1410,-1,1410,1455,1456,-1,1410,1456,1409,-1,1409,1456,1457,-1,1409,1457,1408,-1,1408,1457,1458,-1,1408,1458,1353,-1,1353,1458,1459,-1,1353,1459,1452,-1,1316,1315,1377,-1,1377,1315,1460,-1,1377,1460,1390,-1,1390,1460,1461,-1,1390,1461,1411,-1,1411,1461,1334,-1,1411,1334,1453,-1,1453,1334,1333,-1,1462,1332,1463,-1,1463,1332,1334,-1,1463,1334,1464,-1,1464,1334,1461,-1,1464,1461,1365,-1,1365,1461,1460,-1,1365,1460,1314,-1,1314,1460,1315,-1,1312,1311,1365,-1,1365,1311,1412,-1,1365,1412,1464,-1,1464,1412,1413,-1,1464,1413,1463,-1,1463,1413,1415,-1,1463,1415,1462,-1,1462,1415,1465,-1,1331,1330,1415,-1,1415,1330,1466,-1,1415,1466,1465,-1,1309,1308,1364,-1,1364,1308,1467,-1,1364,1467,1414,-1,1414,1467,1468,-1,1414,1468,1331,-1,1331,1468,1328,-1,1331,1328,1329,-1,1329,1328,1327,-1,1469,1326,1470,-1,1470,1326,1328,-1,1470,1328,1471,-1,1471,1328,1468,-1,1471,1468,1363,-1,1363,1468,1467,-1,1363,1467,1307,-1,1307,1467,1308,-1,1305,1304,1363,-1,1363,1304,1378,-1,1363,1378,1471,-1,1471,1378,1393,-1,1471,1393,1470,-1,1470,1393,1418,-1,1470,1418,1469,-1,1469,1418,1472,-1,1421,1473,1394,-1,1394,1473,1474,-1,1394,1474,1395,-1,1395,1474,1475,-1,1395,1475,1416,-1,1416,1475,1476,-1,1416,1476,1417,-1,1417,1476,1477,-1,1417,1477,1418,-1,1418,1477,1478,-1,1418,1478,1472,-1,1479,1421,1351,-1,1479,1351,1480,-1,1351,1350,1480,-1,1480,1350,1422,-1,1480,1422,1481,-1,1422,1425,1481,-1,1481,1425,1426,-1,1481,1426,1482,-1,1482,1426,1348,-1,1348,1347,1482,-1,1482,1347,1345,-1,1482,1345,1483,-1,1345,1344,1483,-1,1483,1344,1429,-1,1483,1429,1484,-1,1429,1432,1484,-1,1484,1432,1439,-1,1484,1439,1485,-1,1485,1439,1438,-1,1438,1437,1485,-1,1485,1437,1436,-1,1485,1436,1486,-1,1486,1436,1435,-1,1486,1435,1487,-1,1487,1435,1434,-1,1434,1433,1487,-1,1487,1433,1342,-1,1487,1342,1488,-1,1342,1341,1488,-1,1488,1341,1442,-1,1488,1442,1489,-1,1442,1445,1489,-1,1489,1445,1446,-1,1489,1446,1490,-1,1490,1446,1339,-1,1339,1338,1490,-1,1490,1338,1336,-1,1490,1336,1491,-1,1336,1335,1491,-1,1491,1335,1449,-1,1491,1449,1492,-1,1449,1452,1492,-1,1492,1452,1459,-1,1492,1459,1493,-1,1493,1459,1458,-1,1458,1457,1493,-1,1493,1457,1456,-1,1493,1456,1494,-1,1494,1456,1455,-1,1494,1455,1495,-1,1495,1455,1454,-1,1454,1453,1495,-1,1495,1453,1333,-1,1495,1333,1496,-1,1333,1332,1496,-1,1496,1332,1462,-1,1496,1462,1497,-1,1462,1465,1497,-1,1497,1465,1466,-1,1497,1466,1498,-1,1498,1466,1330,-1,1330,1329,1498,-1,1498,1329,1327,-1,1498,1327,1499,-1,1327,1326,1499,-1,1499,1326,1469,-1,1499,1469,1500,-1,1469,1472,1500,-1,1500,1472,1478,-1,1500,1478,1501,-1,1501,1478,1477,-1,1477,1476,1501,-1,1501,1476,1475,-1,1501,1475,1502,-1,1502,1475,1474,-1,1502,1474,1479,-1,1479,1474,1473,-1,1479,1473,1421,-1,1502,731,1501,-1,1501,731,750,-1,1501,750,1500,-1,1500,750,749,-1,1500,749,1499,-1,1499,749,747,-1,1499,747,1498,-1,1498,747,746,-1,1498,746,1497,-1,1497,746,778,-1,1497,778,1496,-1,1496,778,741,-1,1496,741,1495,-1,1495,741,784,-1,1495,784,1494,-1,1494,784,782,-1,1494,782,1493,-1,1493,782,781,-1,1493,781,1492,-1,1492,781,800,-1,1492,800,1491,-1,1491,800,802,-1,1491,802,1490,-1,1490,802,820,-1,1490,820,1489,-1,1489,820,819,-1,1489,819,1488,-1,1488,819,818,-1,1488,818,1487,-1,1487,818,813,-1,1487,813,1486,-1,1486,813,812,-1,1486,812,1485,-1,1485,812,793,-1,1485,793,1484,-1,1484,793,791,-1,1484,791,1483,-1,1483,791,790,-1,1483,790,1482,-1,1482,790,774,-1,1482,774,1481,-1,1481,774,773,-1,1481,773,1480,-1,1480,773,779,-1,1480,779,1479,-1,1479,779,732,-1,1479,732,1502,-1,1502,732,731,-1,1503,1504,1505,-1,1505,1504,1506,-1,1505,1506,1507,-1,1507,1506,1508,-1,1507,1508,1509,-1,1509,1508,1510,-1,1509,1510,1511,-1,1511,1510,1512,-1,1511,1512,1513,-1,1513,1512,1514,-1,1513,1514,1515,-1,1515,1514,1516,-1,1515,1516,1517,-1,1517,1516,1518,-1,1517,1518,1519,-1,1519,1518,1520,-1,1519,1520,1521,-1,1521,1520,1522,-1,1521,1522,1523,-1,1523,1522,1524,-1,1523,1524,1525,-1,1525,1524,1526,-1,1525,1526,1527,-1,1527,1526,1528,-1,1527,1528,1529,-1,1529,1528,1530,-1,1529,1530,1531,-1,1531,1530,1532,-1,1531,1532,1533,-1,1533,1532,1534,-1,1533,1534,1535,-1,1535,1534,1536,-1,1535,1536,1537,-1,1537,1536,1538,-1,1537,1538,1539,-1,1539,1538,1540,-1,1539,1540,1541,-1,1541,1540,1542,-1,1541,1542,1543,-1,1543,1542,1544,-1,1543,1544,1545,-1,1545,1544,1546,-1,1545,1546,1547,-1,1547,1546,1548,-1,1547,1548,1549,-1,1549,1548,1550,-1,1549,1550,1503,-1,1503,1550,1504,-1,1520,1551,1522,-1,1522,1551,1552,-1,1522,1552,1524,-1,1524,1552,1553,-1,1524,1553,1526,-1,1526,1553,1554,-1,1526,1554,1528,-1,1528,1554,1555,-1,1528,1555,1530,-1,1530,1555,1556,-1,1530,1556,1532,-1,1532,1556,1557,-1,1532,1557,1534,-1,1534,1557,1558,-1,1534,1558,1536,-1,1536,1558,1559,-1,1536,1559,1538,-1,1538,1559,1560,-1,1538,1560,1540,-1,1540,1560,1561,-1,1540,1561,1542,-1,1542,1561,1562,-1,1542,1562,1544,-1,1544,1562,1563,-1,1544,1563,1546,-1,1546,1563,1564,-1,1546,1564,1548,-1,1548,1564,1565,-1,1548,1565,1550,-1,1550,1565,1566,-1,1550,1566,1504,-1,1504,1566,1567,-1,1504,1567,1506,-1,1506,1567,1568,-1,1506,1568,1508,-1,1508,1568,1569,-1,1508,1569,1510,-1,1510,1569,1570,-1,1510,1570,1512,-1,1512,1570,1571,-1,1512,1571,1514,-1,1514,1571,1572,-1,1514,1572,1516,-1,1516,1572,1573,-1,1516,1573,1518,-1,1518,1573,1574,-1,1518,1574,1520,-1,1520,1574,1551,-1,1567,1575,1568,-1,1568,1575,1576,-1,1568,1576,1569,-1,1569,1576,1577,-1,1569,1577,1570,-1,1570,1577,1578,-1,1570,1578,1571,-1,1571,1578,1579,-1,1571,1579,1572,-1,1572,1579,1580,-1,1572,1580,1573,-1,1573,1580,1581,-1,1573,1581,1574,-1,1574,1581,1582,-1,1574,1582,1551,-1,1551,1582,1583,-1,1551,1583,1552,-1,1552,1583,1584,-1,1552,1584,1553,-1,1553,1584,1585,-1,1553,1585,1554,-1,1554,1585,1586,-1,1554,1586,1555,-1,1555,1586,1587,-1,1555,1587,1556,-1,1556,1587,1588,-1,1556,1588,1557,-1,1557,1588,1589,-1,1557,1589,1558,-1,1558,1589,1590,-1,1558,1590,1559,-1,1559,1590,1591,-1,1559,1591,1560,-1,1560,1591,1592,-1,1560,1592,1561,-1,1561,1592,1593,-1,1561,1593,1562,-1,1562,1593,1594,-1,1562,1594,1563,-1,1563,1594,1595,-1,1563,1595,1564,-1,1564,1595,1596,-1,1564,1596,1565,-1,1565,1596,1597,-1,1565,1597,1566,-1,1566,1597,1598,-1,1566,1598,1567,-1,1567,1598,1575,-1,1587,1599,1600,-1,1587,1600,1588,-1,1600,1601,1588,-1,1588,1601,1602,-1,1588,1602,1589,-1,1602,1603,1589,-1,1589,1603,1604,-1,1589,1604,1590,-1,1590,1604,1605,-1,1605,1606,1590,-1,1590,1606,1607,-1,1590,1607,1591,-1,1591,1607,1608,-1,1591,1608,1592,-1,1592,1608,1609,-1,1609,1610,1592,-1,1592,1610,1611,-1,1592,1611,1593,-1,1611,1612,1593,-1,1593,1612,1613,-1,1593,1613,1594,-1,1613,1614,1594,-1,1594,1614,1615,-1,1594,1615,1595,-1,1595,1615,1616,-1,1616,1617,1595,-1,1595,1617,1618,-1,1595,1618,1596,-1,1618,1619,1596,-1,1596,1619,1620,-1,1596,1620,1597,-1,1620,1621,1597,-1,1597,1621,1622,-1,1597,1622,1598,-1,1598,1622,1623,-1,1623,1624,1598,-1,1598,1624,1625,-1,1598,1625,1575,-1,1575,1625,1626,-1,1575,1626,1576,-1,1576,1626,1627,-1,1627,1628,1576,-1,1576,1628,1629,-1,1576,1629,1577,-1,1629,1630,1577,-1,1577,1630,1631,-1,1577,1631,1578,-1,1631,1632,1578,-1,1578,1632,1633,-1,1578,1633,1579,-1,1579,1633,1634,-1,1634,1635,1579,-1,1579,1635,1636,-1,1579,1636,1580,-1,1636,1637,1580,-1,1580,1637,1638,-1,1580,1638,1581,-1,1638,1639,1581,-1,1581,1639,1640,-1,1581,1640,1582,-1,1582,1640,1641,-1,1641,1642,1582,-1,1582,1642,1643,-1,1582,1643,1583,-1,1583,1643,1644,-1,1583,1644,1584,-1,1584,1644,1645,-1,1645,1646,1584,-1,1584,1646,1647,-1,1584,1647,1585,-1,1647,1648,1585,-1,1585,1648,1649,-1,1585,1649,1586,-1,1649,1650,1586,-1,1586,1650,1651,-1,1586,1651,1587,-1,1587,1651,1652,-1,1587,1652,1599,-1,1653,1654,1655,-1,1656,1657,1658,-1,1659,1660,1661,-1,1662,1663,1664,-1,1665,1666,1667,-1,1668,1669,1670,-1,1671,1672,1673,-1,1674,1675,1676,-1,1677,1678,1679,-1,1680,1681,1682,-1,1683,1684,1685,-1,1681,1686,1687,-1,1684,1688,1689,-1,1633,1632,1690,-1,1637,1636,1691,-1,1640,1639,1692,-1,1651,1650,1693,-1,1601,1600,1694,-1,1604,1603,1695,-1,1615,1614,1696,-1,1619,1618,1697,-1,1622,1621,1698,-1,1622,1698,1623,-1,1615,1696,1616,-1,1688,1613,1612,-1,1610,1699,1689,-1,1688,1612,1689,-1,1689,1612,1611,-1,1689,1611,1610,-1,1610,1609,1699,-1,1699,1609,1608,-1,1699,1608,1700,-1,1700,1608,1607,-1,1700,1607,1701,-1,1604,1695,1605,-1,1651,1693,1652,-1,1686,1649,1648,-1,1646,1702,1687,-1,1686,1648,1687,-1,1687,1648,1647,-1,1687,1647,1646,-1,1646,1645,1702,-1,1702,1645,1644,-1,1702,1644,1703,-1,1703,1644,1643,-1,1703,1643,1704,-1,1640,1692,1641,-1,1633,1690,1634,-1,1705,1631,1630,-1,1628,1706,1707,-1,1705,1630,1707,-1,1707,1630,1629,-1,1707,1629,1628,-1,1628,1627,1706,-1,1706,1627,1626,-1,1706,1626,1708,-1,1708,1626,1625,-1,1708,1625,1709,-1,1709,1710,1711,-1,1684,1689,1685,-1,1685,1689,1699,-1,1685,1699,1712,-1,1712,1699,1700,-1,1712,1700,1713,-1,1713,1700,1701,-1,1713,1701,1714,-1,1681,1687,1682,-1,1682,1687,1702,-1,1682,1702,1715,-1,1715,1702,1703,-1,1715,1703,1716,-1,1716,1703,1704,-1,1716,1704,1717,-1,1709,1711,1708,-1,1708,1711,1718,-1,1708,1718,1706,-1,1706,1718,1719,-1,1706,1719,1707,-1,1707,1719,1720,-1,1707,1720,1705,-1,1710,1721,1722,-1,1620,1619,1723,-1,1723,1619,1697,-1,1723,1697,1724,-1,1724,1697,1725,-1,1724,1725,1726,-1,1726,1725,1676,-1,1683,1685,1727,-1,1727,1685,1712,-1,1727,1712,1728,-1,1728,1712,1713,-1,1728,1713,1729,-1,1729,1713,1714,-1,1729,1714,1730,-1,1602,1601,1731,-1,1731,1601,1694,-1,1731,1694,1732,-1,1732,1694,1733,-1,1732,1733,1734,-1,1734,1733,1667,-1,1680,1682,1735,-1,1735,1682,1715,-1,1735,1715,1736,-1,1736,1715,1716,-1,1736,1716,1737,-1,1737,1716,1717,-1,1737,1717,1738,-1,1638,1637,1739,-1,1739,1637,1691,-1,1739,1691,1740,-1,1740,1691,1741,-1,1740,1741,1742,-1,1742,1741,1658,-1,1710,1722,1711,-1,1711,1722,1743,-1,1711,1743,1718,-1,1718,1743,1744,-1,1718,1744,1719,-1,1719,1744,1745,-1,1719,1745,1720,-1,1625,1624,1709,-1,1709,1624,1746,-1,1709,1746,1710,-1,1710,1746,1747,-1,1710,1747,1721,-1,1721,1747,1679,-1,1721,1679,1748,-1,1748,1679,1678,-1,1749,1677,1750,-1,1750,1677,1679,-1,1750,1679,1751,-1,1751,1679,1747,-1,1751,1747,1698,-1,1698,1747,1746,-1,1698,1746,1623,-1,1623,1746,1624,-1,1621,1620,1698,-1,1698,1620,1723,-1,1698,1723,1751,-1,1751,1723,1724,-1,1751,1724,1750,-1,1750,1724,1726,-1,1750,1726,1749,-1,1749,1726,1752,-1,1676,1675,1726,-1,1726,1675,1753,-1,1726,1753,1752,-1,1618,1617,1697,-1,1697,1617,1754,-1,1697,1754,1725,-1,1725,1754,1755,-1,1725,1755,1676,-1,1676,1755,1673,-1,1676,1673,1674,-1,1674,1673,1672,-1,1756,1671,1757,-1,1757,1671,1673,-1,1757,1673,1758,-1,1758,1673,1755,-1,1758,1755,1696,-1,1696,1755,1754,-1,1696,1754,1616,-1,1616,1754,1617,-1,1614,1613,1696,-1,1696,1613,1688,-1,1696,1688,1758,-1,1758,1688,1684,-1,1758,1684,1757,-1,1757,1684,1683,-1,1757,1683,1756,-1,1756,1683,1759,-1,1760,1761,1730,-1,1730,1761,1762,-1,1730,1762,1729,-1,1729,1762,1763,-1,1729,1763,1728,-1,1728,1763,1764,-1,1728,1764,1727,-1,1727,1764,1765,-1,1727,1765,1683,-1,1683,1765,1766,-1,1683,1766,1759,-1,1607,1606,1701,-1,1701,1606,1767,-1,1701,1767,1714,-1,1714,1767,1768,-1,1714,1768,1730,-1,1730,1768,1670,-1,1730,1670,1760,-1,1760,1670,1669,-1,1769,1668,1770,-1,1770,1668,1670,-1,1770,1670,1771,-1,1771,1670,1768,-1,1771,1768,1695,-1,1695,1768,1767,-1,1695,1767,1605,-1,1605,1767,1606,-1,1603,1602,1695,-1,1695,1602,1731,-1,1695,1731,1771,-1,1771,1731,1732,-1,1771,1732,1770,-1,1770,1732,1734,-1,1770,1734,1769,-1,1769,1734,1772,-1,1667,1666,1734,-1,1734,1666,1773,-1,1734,1773,1772,-1,1663,1665,1664,-1,1664,1665,1667,-1,1664,1667,1774,-1,1774,1667,1733,-1,1774,1733,1775,-1,1775,1733,1694,-1,1775,1694,1599,-1,1599,1694,1600,-1,1776,1662,1777,-1,1777,1662,1664,-1,1777,1664,1778,-1,1778,1664,1774,-1,1778,1774,1693,-1,1693,1774,1775,-1,1693,1775,1652,-1,1652,1775,1599,-1,1650,1649,1693,-1,1693,1649,1686,-1,1693,1686,1778,-1,1778,1686,1681,-1,1778,1681,1777,-1,1777,1681,1680,-1,1777,1680,1776,-1,1776,1680,1779,-1,1780,1781,1738,-1,1738,1781,1782,-1,1738,1782,1737,-1,1737,1782,1783,-1,1737,1783,1736,-1,1736,1783,1784,-1,1736,1784,1735,-1,1735,1784,1785,-1,1735,1785,1680,-1,1680,1785,1786,-1,1680,1786,1779,-1,1643,1642,1704,-1,1704,1642,1787,-1,1704,1787,1717,-1,1717,1787,1788,-1,1717,1788,1738,-1,1738,1788,1661,-1,1738,1661,1780,-1,1780,1661,1660,-1,1789,1659,1790,-1,1790,1659,1661,-1,1790,1661,1791,-1,1791,1661,1788,-1,1791,1788,1692,-1,1692,1788,1787,-1,1692,1787,1641,-1,1641,1787,1642,-1,1639,1638,1692,-1,1692,1638,1739,-1,1692,1739,1791,-1,1791,1739,1740,-1,1791,1740,1790,-1,1790,1740,1742,-1,1790,1742,1789,-1,1789,1742,1792,-1,1658,1657,1742,-1,1742,1657,1793,-1,1742,1793,1792,-1,1636,1635,1691,-1,1691,1635,1794,-1,1691,1794,1741,-1,1741,1794,1795,-1,1741,1795,1658,-1,1658,1795,1655,-1,1658,1655,1656,-1,1656,1655,1654,-1,1796,1653,1797,-1,1797,1653,1655,-1,1797,1655,1798,-1,1798,1655,1795,-1,1798,1795,1690,-1,1690,1795,1794,-1,1690,1794,1634,-1,1634,1794,1635,-1,1632,1631,1690,-1,1690,1631,1705,-1,1690,1705,1798,-1,1798,1705,1720,-1,1798,1720,1797,-1,1797,1720,1745,-1,1797,1745,1796,-1,1796,1745,1799,-1,1748,1800,1721,-1,1721,1800,1801,-1,1721,1801,1722,-1,1722,1801,1802,-1,1722,1802,1743,-1,1743,1802,1803,-1,1743,1803,1744,-1,1744,1803,1804,-1,1744,1804,1745,-1,1745,1804,1805,-1,1745,1805,1799,-1,1806,1748,1678,-1,1806,1678,1807,-1,1678,1677,1807,-1,1807,1677,1749,-1,1807,1749,1808,-1,1749,1752,1808,-1,1808,1752,1753,-1,1808,1753,1809,-1,1809,1753,1675,-1,1675,1674,1809,-1,1809,1674,1672,-1,1809,1672,1810,-1,1672,1671,1810,-1,1810,1671,1756,-1,1810,1756,1811,-1,1756,1759,1811,-1,1811,1759,1766,-1,1811,1766,1812,-1,1812,1766,1765,-1,1765,1764,1812,-1,1812,1764,1763,-1,1812,1763,1813,-1,1813,1763,1762,-1,1813,1762,1814,-1,1814,1762,1761,-1,1761,1760,1814,-1,1814,1760,1669,-1,1814,1669,1815,-1,1669,1668,1815,-1,1815,1668,1769,-1,1815,1769,1816,-1,1769,1772,1816,-1,1816,1772,1773,-1,1816,1773,1817,-1,1817,1773,1666,-1,1666,1665,1817,-1,1817,1665,1663,-1,1817,1663,1818,-1,1663,1662,1818,-1,1818,1662,1776,-1,1818,1776,1819,-1,1776,1779,1819,-1,1819,1779,1786,-1,1819,1786,1820,-1,1820,1786,1785,-1,1785,1784,1820,-1,1820,1784,1783,-1,1820,1783,1821,-1,1821,1783,1782,-1,1821,1782,1822,-1,1822,1782,1781,-1,1781,1780,1822,-1,1822,1780,1660,-1,1822,1660,1823,-1,1660,1659,1823,-1,1823,1659,1789,-1,1823,1789,1824,-1,1789,1792,1824,-1,1824,1792,1793,-1,1824,1793,1825,-1,1825,1793,1657,-1,1657,1656,1825,-1,1825,1656,1654,-1,1825,1654,1826,-1,1654,1653,1826,-1,1826,1653,1796,-1,1826,1796,1827,-1,1796,1799,1827,-1,1827,1799,1805,-1,1827,1805,1828,-1,1828,1805,1804,-1,1804,1803,1828,-1,1828,1803,1802,-1,1828,1802,1829,-1,1829,1802,1801,-1,1829,1801,1806,-1,1806,1801,1800,-1,1806,1800,1748,-1,1829,763,1828,-1,1828,763,762,-1,1828,762,1827,-1,1827,762,753,-1,1827,753,1826,-1,1826,753,752,-1,1826,752,1825,-1,1825,752,751,-1,1825,751,1824,-1,1824,751,780,-1,1824,780,1823,-1,1823,780,772,-1,1823,772,1822,-1,1822,772,792,-1,1822,792,1821,-1,1821,792,794,-1,1821,794,1820,-1,1820,794,811,-1,1820,811,1819,-1,1819,811,810,-1,1819,810,1818,-1,1818,810,809,-1,1818,809,1817,-1,1817,809,808,-1,1817,808,1816,-1,1816,808,807,-1,1816,807,1815,-1,1815,807,795,-1,1815,795,1814,-1,1814,795,796,-1,1814,796,1813,-1,1813,796,797,-1,1813,797,1812,-1,1812,797,739,-1,1812,739,1811,-1,1811,739,734,-1,1811,734,1810,-1,1810,734,733,-1,1810,733,1809,-1,1809,733,765,-1,1809,765,1808,-1,1808,765,730,-1,1808,730,1807,-1,1807,730,729,-1,1807,729,1806,-1,1806,729,764,-1,1806,764,1829,-1,1829,764,763,-1,1830,1831,1832,-1,1832,1831,1833,-1,1832,1833,1834,-1,1834,1833,1835,-1,1834,1835,1836,-1,1836,1835,1837,-1,1836,1837,1838,-1,1838,1837,1839,-1,1838,1839,1840,-1,1840,1839,1841,-1,1840,1841,1842,-1,1842,1841,1843,-1,1842,1843,1844,-1,1844,1843,1845,-1,1844,1845,1846,-1,1846,1845,1847,-1,1846,1847,1848,-1,1848,1847,1849,-1,1848,1849,1850,-1,1850,1849,1851,-1,1850,1851,1852,-1,1852,1851,1853,-1,1852,1853,1854,-1,1854,1853,1855,-1,1854,1855,1856,-1,1856,1855,1857,-1,1856,1857,1858,-1,1858,1857,1859,-1,1858,1859,1860,-1,1860,1859,1861,-1,1860,1861,1862,-1,1862,1861,1863,-1,1862,1863,1864,-1,1864,1863,1865,-1,1864,1865,1866,-1,1866,1865,1867,-1,1866,1867,1868,-1,1868,1867,1869,-1,1868,1869,1870,-1,1870,1869,1871,-1,1870,1871,1872,-1,1872,1871,1873,-1,1872,1873,1874,-1,1874,1873,1875,-1,1874,1875,1876,-1,1876,1875,1877,-1,1876,1877,1830,-1,1830,1877,1831,-1,1851,1878,1853,-1,1853,1878,1879,-1,1853,1879,1855,-1,1855,1879,1880,-1,1855,1880,1857,-1,1857,1880,1881,-1,1857,1881,1859,-1,1859,1881,1882,-1,1859,1882,1861,-1,1861,1882,1883,-1,1861,1883,1863,-1,1863,1883,1884,-1,1863,1884,1865,-1,1865,1884,1885,-1,1865,1885,1867,-1,1867,1885,1886,-1,1867,1886,1869,-1,1869,1886,1887,-1,1869,1887,1871,-1,1871,1887,1888,-1,1871,1888,1873,-1,1873,1888,1889,-1,1873,1889,1875,-1,1875,1889,1890,-1,1875,1890,1877,-1,1877,1890,1891,-1,1877,1891,1831,-1,1831,1891,1892,-1,1831,1892,1833,-1,1833,1892,1893,-1,1833,1893,1835,-1,1835,1893,1894,-1,1835,1894,1837,-1,1837,1894,1895,-1,1837,1895,1839,-1,1839,1895,1896,-1,1839,1896,1841,-1,1841,1896,1897,-1,1841,1897,1843,-1,1843,1897,1898,-1,1843,1898,1845,-1,1845,1898,1899,-1,1845,1899,1847,-1,1847,1899,1900,-1,1847,1900,1849,-1,1849,1900,1901,-1,1849,1901,1851,-1,1851,1901,1878,-1,1892,1902,1893,-1,1893,1902,1903,-1,1893,1903,1894,-1,1894,1903,1904,-1,1894,1904,1895,-1,1895,1904,1905,-1,1895,1905,1896,-1,1896,1905,1906,-1,1896,1906,1897,-1,1897,1906,1907,-1,1897,1907,1898,-1,1898,1907,1908,-1,1898,1908,1899,-1,1899,1908,1909,-1,1899,1909,1900,-1,1900,1909,1910,-1,1900,1910,1901,-1,1901,1910,1911,-1,1901,1911,1878,-1,1878,1911,1912,-1,1878,1912,1879,-1,1879,1912,1913,-1,1879,1913,1880,-1,1880,1913,1914,-1,1880,1914,1881,-1,1881,1914,1915,-1,1881,1915,1882,-1,1882,1915,1916,-1,1882,1916,1883,-1,1883,1916,1917,-1,1883,1917,1884,-1,1884,1917,1918,-1,1884,1918,1885,-1,1885,1918,1919,-1,1885,1919,1886,-1,1886,1919,1920,-1,1886,1920,1887,-1,1887,1920,1921,-1,1887,1921,1888,-1,1888,1921,1922,-1,1888,1922,1889,-1,1889,1922,1923,-1,1889,1923,1890,-1,1890,1923,1924,-1,1890,1924,1891,-1,1891,1924,1925,-1,1891,1925,1892,-1,1892,1925,1902,-1,1914,1926,1927,-1,1914,1927,1915,-1,1927,1928,1915,-1,1915,1928,1929,-1,1915,1929,1916,-1,1929,1930,1916,-1,1916,1930,1931,-1,1916,1931,1917,-1,1917,1931,1932,-1,1932,1933,1917,-1,1917,1933,1934,-1,1917,1934,1918,-1,1918,1934,1935,-1,1918,1935,1919,-1,1919,1935,1936,-1,1936,1937,1919,-1,1919,1937,1938,-1,1919,1938,1920,-1,1938,1939,1920,-1,1920,1939,1940,-1,1920,1940,1921,-1,1940,1941,1921,-1,1921,1941,1942,-1,1921,1942,1922,-1,1922,1942,1943,-1,1943,1944,1922,-1,1922,1944,1945,-1,1922,1945,1923,-1,1945,1946,1923,-1,1923,1946,1947,-1,1923,1947,1924,-1,1947,1948,1924,-1,1924,1948,1949,-1,1924,1949,1925,-1,1925,1949,1950,-1,1950,1951,1925,-1,1925,1951,1952,-1,1925,1952,1902,-1,1902,1952,1953,-1,1902,1953,1903,-1,1903,1953,1954,-1,1954,1955,1903,-1,1903,1955,1956,-1,1903,1956,1904,-1,1956,1957,1904,-1,1904,1957,1958,-1,1904,1958,1905,-1,1958,1959,1905,-1,1905,1959,1960,-1,1905,1960,1906,-1,1906,1960,1961,-1,1961,1962,1906,-1,1906,1962,1963,-1,1906,1963,1907,-1,1963,1964,1907,-1,1907,1964,1965,-1,1907,1965,1908,-1,1965,1966,1908,-1,1908,1966,1967,-1,1908,1967,1909,-1,1909,1967,1968,-1,1968,1969,1909,-1,1909,1969,1970,-1,1909,1970,1910,-1,1910,1970,1971,-1,1910,1971,1911,-1,1911,1971,1972,-1,1972,1973,1911,-1,1911,1973,1974,-1,1911,1974,1912,-1,1974,1975,1912,-1,1912,1975,1976,-1,1912,1976,1913,-1,1976,1977,1913,-1,1913,1977,1978,-1,1913,1978,1914,-1,1914,1978,1979,-1,1914,1979,1926,-1,1980,1981,1982,-1,1983,1984,1985,-1,1986,1987,1988,-1,1989,1990,1991,-1,1992,1993,1994,-1,1995,1996,1997,-1,1998,1999,2000,-1,2001,2002,2003,-1,2004,2005,2006,-1,2007,2008,2009,-1,2010,2011,2012,-1,2008,2013,2014,-1,2011,2015,2016,-1,1960,1959,2017,-1,1964,1963,2018,-1,1967,1966,2019,-1,1978,1977,2020,-1,1928,1927,2021,-1,1931,1930,2022,-1,1942,1941,2023,-1,1946,1945,2024,-1,1949,1948,2025,-1,1949,2025,1950,-1,1942,2023,1943,-1,2015,1940,1939,-1,1937,2026,2016,-1,2015,1939,2016,-1,2016,1939,1938,-1,2016,1938,1937,-1,1937,1936,2026,-1,2026,1936,1935,-1,2026,1935,2027,-1,2027,1935,1934,-1,2027,1934,2028,-1,1931,2022,1932,-1,1978,2020,1979,-1,2013,1976,1975,-1,1973,2029,2014,-1,2013,1975,2014,-1,2014,1975,1974,-1,2014,1974,1973,-1,1973,1972,2029,-1,2029,1972,1971,-1,2029,1971,2030,-1,2030,1971,1970,-1,2030,1970,2031,-1,1967,2019,1968,-1,1960,2017,1961,-1,2032,1958,1957,-1,1955,2033,2034,-1,2032,1957,2034,-1,2034,1957,1956,-1,2034,1956,1955,-1,1955,1954,2033,-1,2033,1954,1953,-1,2033,1953,2035,-1,2035,1953,1952,-1,2035,1952,2036,-1,2036,2037,2038,-1,2011,2016,2012,-1,2012,2016,2026,-1,2012,2026,2039,-1,2039,2026,2027,-1,2039,2027,2040,-1,2040,2027,2028,-1,2040,2028,2041,-1,2008,2014,2009,-1,2009,2014,2029,-1,2009,2029,2042,-1,2042,2029,2030,-1,2042,2030,2043,-1,2043,2030,2031,-1,2043,2031,2044,-1,2036,2038,2035,-1,2035,2038,2045,-1,2035,2045,2033,-1,2033,2045,2046,-1,2033,2046,2034,-1,2034,2046,2047,-1,2034,2047,2032,-1,2037,2048,2049,-1,1947,1946,2050,-1,2050,1946,2024,-1,2050,2024,2051,-1,2051,2024,2052,-1,2051,2052,2053,-1,2053,2052,2003,-1,2010,2012,2054,-1,2054,2012,2039,-1,2054,2039,2055,-1,2055,2039,2040,-1,2055,2040,2056,-1,2056,2040,2041,-1,2056,2041,2057,-1,1929,1928,2058,-1,2058,1928,2021,-1,2058,2021,2059,-1,2059,2021,2060,-1,2059,2060,2061,-1,2061,2060,1994,-1,2007,2009,2062,-1,2062,2009,2042,-1,2062,2042,2063,-1,2063,2042,2043,-1,2063,2043,2064,-1,2064,2043,2044,-1,2064,2044,2065,-1,1965,1964,2066,-1,2066,1964,2018,-1,2066,2018,2067,-1,2067,2018,2068,-1,2067,2068,2069,-1,2069,2068,1985,-1,2037,2049,2038,-1,2038,2049,2070,-1,2038,2070,2045,-1,2045,2070,2071,-1,2045,2071,2046,-1,2046,2071,2072,-1,2046,2072,2047,-1,1952,1951,2036,-1,2036,1951,2073,-1,2036,2073,2037,-1,2037,2073,2074,-1,2037,2074,2048,-1,2048,2074,2006,-1,2048,2006,2075,-1,2075,2006,2005,-1,2076,2004,2077,-1,2077,2004,2006,-1,2077,2006,2078,-1,2078,2006,2074,-1,2078,2074,2025,-1,2025,2074,2073,-1,2025,2073,1950,-1,1950,2073,1951,-1,1948,1947,2025,-1,2025,1947,2050,-1,2025,2050,2078,-1,2078,2050,2051,-1,2078,2051,2077,-1,2077,2051,2053,-1,2077,2053,2076,-1,2076,2053,2079,-1,2003,2002,2053,-1,2053,2002,2080,-1,2053,2080,2079,-1,1945,1944,2024,-1,2024,1944,2081,-1,2024,2081,2052,-1,2052,2081,2082,-1,2052,2082,2003,-1,2003,2082,2000,-1,2003,2000,2001,-1,2001,2000,1999,-1,2083,1998,2084,-1,2084,1998,2000,-1,2084,2000,2085,-1,2085,2000,2082,-1,2085,2082,2023,-1,2023,2082,2081,-1,2023,2081,1943,-1,1943,2081,1944,-1,1941,1940,2023,-1,2023,1940,2015,-1,2023,2015,2085,-1,2085,2015,2011,-1,2085,2011,2084,-1,2084,2011,2010,-1,2084,2010,2083,-1,2083,2010,2086,-1,2087,2088,2057,-1,2057,2088,2089,-1,2057,2089,2056,-1,2056,2089,2090,-1,2056,2090,2055,-1,2055,2090,2091,-1,2055,2091,2054,-1,2054,2091,2092,-1,2054,2092,2010,-1,2010,2092,2093,-1,2010,2093,2086,-1,1934,1933,2028,-1,2028,1933,2094,-1,2028,2094,2041,-1,2041,2094,2095,-1,2041,2095,2057,-1,2057,2095,1997,-1,2057,1997,2087,-1,2087,1997,1996,-1,2096,1995,2097,-1,2097,1995,1997,-1,2097,1997,2098,-1,2098,1997,2095,-1,2098,2095,2022,-1,2022,2095,2094,-1,2022,2094,1932,-1,1932,2094,1933,-1,1930,1929,2022,-1,2022,1929,2058,-1,2022,2058,2098,-1,2098,2058,2059,-1,2098,2059,2097,-1,2097,2059,2061,-1,2097,2061,2096,-1,2096,2061,2099,-1,1994,1993,2061,-1,2061,1993,2100,-1,2061,2100,2099,-1,1990,1992,1991,-1,1991,1992,1994,-1,1991,1994,2101,-1,2101,1994,2060,-1,2101,2060,2102,-1,2102,2060,2021,-1,2102,2021,1926,-1,1926,2021,1927,-1,2103,1989,2104,-1,2104,1989,1991,-1,2104,1991,2105,-1,2105,1991,2101,-1,2105,2101,2020,-1,2020,2101,2102,-1,2020,2102,1979,-1,1979,2102,1926,-1,1977,1976,2020,-1,2020,1976,2013,-1,2020,2013,2105,-1,2105,2013,2008,-1,2105,2008,2104,-1,2104,2008,2007,-1,2104,2007,2103,-1,2103,2007,2106,-1,2107,2108,2065,-1,2065,2108,2109,-1,2065,2109,2064,-1,2064,2109,2110,-1,2064,2110,2063,-1,2063,2110,2111,-1,2063,2111,2062,-1,2062,2111,2112,-1,2062,2112,2007,-1,2007,2112,2113,-1,2007,2113,2106,-1,1970,1969,2031,-1,2031,1969,2114,-1,2031,2114,2044,-1,2044,2114,2115,-1,2044,2115,2065,-1,2065,2115,1988,-1,2065,1988,2107,-1,2107,1988,1987,-1,2116,1986,2117,-1,2117,1986,1988,-1,2117,1988,2118,-1,2118,1988,2115,-1,2118,2115,2019,-1,2019,2115,2114,-1,2019,2114,1968,-1,1968,2114,1969,-1,1966,1965,2019,-1,2019,1965,2066,-1,2019,2066,2118,-1,2118,2066,2067,-1,2118,2067,2117,-1,2117,2067,2069,-1,2117,2069,2116,-1,2116,2069,2119,-1,1985,1984,2069,-1,2069,1984,2120,-1,2069,2120,2119,-1,1981,1983,1982,-1,1982,1983,1985,-1,1982,1985,2121,-1,2121,1985,2068,-1,2121,2068,2122,-1,2122,2068,2018,-1,2122,2018,1962,-1,1962,2018,1963,-1,2123,1980,2124,-1,2124,1980,1982,-1,2124,1982,2125,-1,2125,1982,2121,-1,2125,2121,2017,-1,2017,2121,2122,-1,2017,2122,1961,-1,1961,2122,1962,-1,1959,1958,2017,-1,2017,1958,2032,-1,2017,2032,2125,-1,2125,2032,2047,-1,2125,2047,2124,-1,2124,2047,2072,-1,2124,2072,2123,-1,2123,2072,2126,-1,2075,2127,2048,-1,2048,2127,2128,-1,2048,2128,2049,-1,2049,2128,2129,-1,2049,2129,2070,-1,2070,2129,2130,-1,2070,2130,2071,-1,2071,2130,2131,-1,2071,2131,2072,-1,2072,2131,2132,-1,2072,2132,2126,-1,2133,2075,2005,-1,2133,2005,2134,-1,2005,2004,2134,-1,2134,2004,2076,-1,2134,2076,2135,-1,2076,2079,2135,-1,2135,2079,2080,-1,2135,2080,2136,-1,2136,2080,2002,-1,2002,2001,2136,-1,2136,2001,1999,-1,2136,1999,2137,-1,1999,1998,2137,-1,2137,1998,2083,-1,2137,2083,2138,-1,2083,2086,2138,-1,2138,2086,2093,-1,2138,2093,2139,-1,2139,2093,2092,-1,2092,2091,2139,-1,2139,2091,2090,-1,2139,2090,2140,-1,2140,2090,2089,-1,2140,2089,2141,-1,2141,2089,2088,-1,2088,2087,2141,-1,2141,2087,1996,-1,2141,1996,2142,-1,1996,1995,2142,-1,2142,1995,2096,-1,2142,2096,2143,-1,2096,2099,2143,-1,2143,2099,2100,-1,2143,2100,2144,-1,2144,2100,1993,-1,1993,1992,2144,-1,2144,1992,1990,-1,2144,1990,2145,-1,1990,1989,2145,-1,2145,1989,2103,-1,2145,2103,2146,-1,2103,2106,2146,-1,2146,2106,2113,-1,2146,2113,2147,-1,2147,2113,2112,-1,2112,2111,2147,-1,2147,2111,2110,-1,2147,2110,2148,-1,2148,2110,2109,-1,2148,2109,2149,-1,2149,2109,2108,-1,2108,2107,2149,-1,2149,2107,1987,-1,2149,1987,2150,-1,1987,1986,2150,-1,2150,1986,2116,-1,2150,2116,2151,-1,2116,2119,2151,-1,2151,2119,2120,-1,2151,2120,2152,-1,2152,2120,1984,-1,1984,1983,2152,-1,2152,1983,1981,-1,2152,1981,2153,-1,1981,1980,2153,-1,2153,1980,2123,-1,2153,2123,2154,-1,2123,2126,2154,-1,2154,2126,2132,-1,2154,2132,2155,-1,2155,2132,2131,-1,2131,2130,2155,-1,2155,2130,2129,-1,2155,2129,2156,-1,2156,2129,2128,-1,2156,2128,2133,-1,2133,2128,2127,-1,2133,2127,2075,-1,2156,817,2155,-1,2155,817,816,-1,2155,816,2154,-1,2154,816,815,-1,2154,815,2153,-1,2153,815,768,-1,2153,768,2152,-1,2152,768,767,-1,2152,767,2151,-1,2151,767,766,-1,2151,766,2150,-1,2150,766,735,-1,2150,735,2149,-1,2149,735,738,-1,2149,738,2148,-1,2148,738,740,-1,2148,740,2147,-1,2147,740,799,-1,2147,799,2146,-1,2146,799,798,-1,2146,798,2145,-1,2145,798,789,-1,2145,789,2144,-1,2144,789,788,-1,2144,788,2143,-1,2143,788,787,-1,2143,787,2142,-1,2142,787,745,-1,2142,745,2141,-1,2141,745,744,-1,2141,744,2140,-1,2140,744,758,-1,2140,758,2139,-1,2139,758,771,-1,2139,771,2138,-1,2138,771,770,-1,2138,770,2137,-1,2137,770,769,-1,2137,769,2136,-1,2136,769,757,-1,2136,757,2135,-1,2135,757,756,-1,2135,756,2134,-1,2134,756,755,-1,2134,755,2133,-1,2133,755,754,-1,2133,754,2156,-1,2156,754,817,-1,2157,1866,681,-1,681,1866,1868,-1,1858,1860,2157,-1,1860,1862,2157,-1,2157,1862,1864,-1,2157,1864,1866,-1,1868,1870,681,-1,681,1870,1872,-1,681,1872,1874,-1,1874,1876,681,-1,681,1876,1830,-1,681,1830,682,-1,682,1830,1832,-1,1832,1834,682,-1,682,1834,1836,-1,682,1836,1838,-1,1844,2158,1842,-1,1842,2158,682,-1,1842,682,1840,-1,1840,682,1838,-1,1844,1846,2158,-1,2158,1846,1848,-1,2158,1848,1850,-1,1850,1852,2158,-1,2158,1852,1854,-1,2158,1854,2157,-1,2157,1854,1856,-1,2157,1856,1858,-1,2157,2159,2158,-1,2158,2159,2160,-1,561,2160,560,-1,560,2160,2159,-1,560,2159,2161,-1,2161,2159,2162,-1,2162,2163,2161,-1,2161,2163,2164,-1,2163,643,2164,-1,2164,643,642,-1,2164,642,558,-1,558,642,559,-1,2165,2166,627,-1,627,2166,629,-1,2167,2168,2165,-1,2165,2168,2166,-1,666,2168,667,-1,667,2168,2167,-1,644,637,681,-1,681,637,685,-1,683,636,643,-1,2157,681,2159,-1,2159,681,685,-1,2159,685,2162,-1,2162,685,683,-1,2162,683,2163,-1,2163,683,643,-1,682,2158,654,-1,654,2158,2160,-1,642,629,559,-1,559,629,2166,-1,666,654,2168,-1,2168,654,2160,-1,2168,2160,2166,-1,2166,2160,561,-1,2166,561,559,-1,1543,1545,689,-1,689,1545,1547,-1,1547,1549,689,-1,689,1549,1503,-1,689,1503,690,-1,690,1503,1505,-1,1519,1521,2169,-1,2169,1521,1523,-1,1505,1507,690,-1,690,1507,1509,-1,690,1509,1511,-1,1511,1513,690,-1,690,1513,1515,-1,690,1515,2169,-1,2169,1515,1517,-1,2169,1517,1519,-1,1523,1525,2169,-1,2169,1525,1527,-1,2169,1527,2170,-1,2170,1527,1529,-1,1529,1531,2170,-1,2170,1531,1533,-1,2170,1533,1535,-1,1535,1537,2170,-1,2170,1537,1539,-1,2170,1539,689,-1,689,1539,1541,-1,689,1541,1543,-1,2170,2171,2169,-1,2169,2171,2172,-1,565,2172,564,-1,564,2172,2171,-1,564,2171,2173,-1,2173,2171,2174,-1,2174,2175,2173,-1,2173,2175,2176,-1,2175,641,2176,-1,2176,641,640,-1,2176,640,562,-1,562,640,563,-1,2177,2178,633,-1,633,2178,623,-1,2179,2180,2177,-1,2177,2180,2178,-1,674,2180,675,-1,675,2180,2179,-1,665,626,689,-1,689,626,693,-1,691,651,641,-1,2170,689,2171,-1,2171,689,693,-1,2171,693,2174,-1,2174,693,691,-1,2174,691,2175,-1,2175,691,641,-1,690,2169,659,-1,659,2169,2172,-1,640,623,563,-1,563,623,2178,-1,674,659,2180,-1,2180,659,2172,-1,2180,2172,2178,-1,2178,2172,565,-1,2178,565,563,-1,1212,697,2181,-1,1192,1194,2182,-1,2182,1194,1196,-1,1212,1214,697,-1,697,1214,1216,-1,697,1216,1218,-1,2181,1204,1206,-1,1218,1220,697,-1,697,1220,1222,-1,697,1222,698,-1,698,1222,1176,-1,698,1176,1178,-1,1178,1180,698,-1,698,1180,1182,-1,698,1182,1184,-1,1196,1198,2182,-1,2182,1198,1200,-1,2182,1200,2181,-1,2181,1200,1202,-1,2181,1202,1204,-1,1206,1208,2181,-1,2181,1208,1210,-1,2181,1210,1212,-1,1184,1186,698,-1,698,1186,1188,-1,698,1188,2182,-1,2182,1188,1190,-1,2182,1190,1192,-1,2181,2183,2182,-1,2182,2183,2184,-1,569,2184,568,-1,568,2184,2183,-1,568,2183,2185,-1,2185,2183,2186,-1,2186,2187,2185,-1,2185,2187,2188,-1,2187,621,2188,-1,2188,621,660,-1,2188,660,566,-1,566,660,567,-1,2189,2190,657,-1,657,2190,662,-1,2191,2192,2189,-1,2189,2192,2190,-1,655,2192,656,-1,656,2192,2191,-1,673,632,697,-1,697,632,701,-1,699,622,621,-1,2181,697,2183,-1,2183,697,701,-1,2183,701,2186,-1,2186,701,699,-1,2186,699,2187,-1,2187,699,621,-1,698,2182,670,-1,670,2182,2184,-1,660,662,567,-1,567,662,2190,-1,655,670,2192,-1,2192,670,2184,-1,2192,2184,2190,-1,2190,2184,569,-1,2190,569,567,-1,2189,657,2191,-1,2191,657,656,-1,630,700,631,-1,631,700,702,-1,597,696,601,-1,601,696,695,-1,672,696,604,-1,604,696,597,-1,695,669,601,-1,601,669,603,-1,2177,633,2179,-1,2179,633,675,-1,652,692,628,-1,628,692,694,-1,607,688,610,-1,610,688,687,-1,664,688,606,-1,606,688,607,-1,687,658,610,-1,610,658,608,-1,2165,627,2167,-1,2167,627,667,-1,634,684,635,-1,635,684,686,-1,615,680,618,-1,618,680,679,-1,663,680,614,-1,614,680,615,-1,679,653,618,-1,618,653,616,-1,2193,2194,2195,-1,620,619,2195,-1,2195,619,2196,-1,2195,2196,2193,-1,2197,2198,2199,-1,617,613,2199,-1,2199,613,2200,-1,2199,2200,2197,-1,2198,2197,2201,-1,2201,2197,2202,-1,2201,2202,540,-1,540,2202,541,-1,2203,2204,2193,-1,2193,2204,2194,-1,2200,613,2195,-1,2195,613,620,-1,2196,619,2199,-1,2199,619,617,-1,2205,2206,2207,-1,612,611,2207,-1,2207,611,2208,-1,2207,2208,2205,-1,609,605,2209,-1,2209,605,2210,-1,2209,2210,2211,-1,2211,2210,2212,-1,2211,2212,2213,-1,2213,2212,2214,-1,2213,2214,549,-1,549,2214,550,-1,2215,2216,2205,-1,2205,2216,2206,-1,2210,605,2207,-1,2207,605,612,-1,2208,611,2209,-1,2209,611,609,-1,2217,2218,2219,-1,598,600,2219,-1,2219,600,2220,-1,2219,2220,2217,-1,602,599,2221,-1,2221,599,2222,-1,2221,2222,2223,-1,2223,2222,2224,-1,546,555,2225,-1,546,2225,2226,-1,2226,2225,2223,-1,2226,2223,2224,-1,2227,2228,2217,-1,2217,2228,2218,-1,2222,599,2219,-1,2219,599,598,-1,2220,600,2221,-1,2221,600,602,-1,594,568,591,-1,591,568,2185,-1,578,2188,584,-1,584,2188,566,-1,2188,578,2185,-1,2185,578,577,-1,2185,577,591,-1,584,566,582,-1,582,566,568,-1,582,568,594,-1,592,564,593,-1,593,564,2173,-1,579,2176,575,-1,575,2176,562,-1,2176,579,2173,-1,2173,579,580,-1,2173,580,593,-1,575,562,576,-1,576,562,564,-1,576,564,592,-1,596,560,595,-1,595,560,2161,-1,573,2164,574,-1,574,2164,558,-1,2164,573,2161,-1,2161,573,572,-1,2161,572,595,-1,574,558,581,-1,581,558,560,-1,581,560,596,-1,544,2204,545,-1,545,2204,2203,-1,541,2202,544,-1,544,2202,2204,-1,2201,540,2203,-1,2203,540,545,-1,551,2216,548,-1,548,2216,2215,-1,550,2214,551,-1,551,2214,2216,-1,2213,549,2215,-1,2215,549,548,-1,547,2228,552,-1,552,2228,2227,-1,546,2226,547,-1,547,2226,2228,-1,2225,555,2227,-1,2227,555,552,-1,2225,2227,2217,-1,2220,2221,2217,-1,2217,2221,2223,-1,2217,2223,2225,-1,2222,2219,2224,-1,2224,2219,2218,-1,2224,2218,2226,-1,2226,2218,2228,-1,2213,2215,2205,-1,2208,2209,2205,-1,2205,2209,2211,-1,2205,2211,2213,-1,2210,2207,2212,-1,2212,2207,2206,-1,2212,2206,2214,-1,2214,2206,2216,-1,2201,2203,2193,-1,2196,2199,2193,-1,2193,2199,2198,-1,2193,2198,2201,-1,2200,2195,2197,-1,2197,2195,2194,-1,2197,2194,2202,-1,2202,2194,2204,-1,
        ]
    }
}
Shape{
    appearance Appearance {
        material  Material 	{
            diffuseColor 0.0 0.0 0.0
            specularColor 0.0 0.0 0.0
            ambientIntensity 0.2
            transparency 0
            shininess 0.5
        }
    }
    geometry IndexedFaceSet {
        ccw TRUE
        solid FALSE
        coord DEF co Coordinate {
            point [
                2.0985 0.0246 0.8081, 2.0985 0.0246 0.7944, 2.0984 0.0246 0.8081, 2.0984 0.0246 0.7944, 2.0985 -0.0232 0.8081, 2.0984 -0.0232 0.8081, 2.0985 -0.0232 0.9145, 2.0984 -0.0232 0.9145, 2.0985 -0.0387 0.9145, 2.0984 -0.0387 0.9145, 2.0985 -0.0387 0.7944, 2.0984 -0.0387 0.7944, 2.0985 0.1045 0.7941, 2.0985 0.0862 0.7924, 2.0984 0.0968 0.7934, 2.0984 0.0862 0.7924, 2.0984 0.1045 0.7941, 2.0984 0.1174 0.7984, 2.0985 0.1174 0.7984, 2.0984 0.1194 0.7994, 2.0985 0.1194 0.7994, 2.0985 0.1194 0.8142, 2.0984 0.1194 0.8142, 2.0984 0.1076 0.8089, 2.0985 0.1076 0.8089, 2.0984 0.0941 0.8064, 2.0985 0.0941 0.8064, 2.0984 0.0884 0.8062, 2.0985 0.0884 0.8062, 2.0984 0.0764 0.8077, 2.0985 0.0764 0.8077, 2.0984 0.0678 0.811, 2.0985 0.0678 0.811, 2.0984 0.0599 0.8165, 2.0985 0.0599 0.8165, 2.0984 0.0576 0.8188, 2.0985 0.0576 0.8188, 2.0984 0.0517 0.827, 2.0985 0.0517 0.827, 2.0984 0.0478 0.8367, 2.0985 0.0478 0.8367, 2.0984 0.0459 0.8487, 2.0985 0.0459 0.8487, 2.0984 0.0458 0.8531, 2.0985 0.0458 0.8531, 2.0984 0.0478 0.8697, 2.0985 0.0478 0.8697, 2.0984 0.0518 0.8801, 2.0985 0.0518 0.8801, 2.0984 0.0584 0.8892, 2.0985 0.0584 0.8892, 2.0984 0.0666 0.896, 2.0985 0.0666 0.896, 2.0984 0.076 0.9003, 2.0985 0.076 0.9003, 2.0984 0.0865 0.9024, 2.0985 0.0865 0.9024, 2.0984 0.0911 0.9025, 2.0985 0.0911 0.9025, 2.0984 0.1059 0.9008, 2.0985 0.1059 0.9008, 2.0984 0.1181 0.8961, 2.0985 0.1181 0.8961, 2.0984 0.1194 0.8954, 2.0985 0.1194 0.8954, 2.0985 0.1194 0.9116, 2.0984 0.1194 0.9116, 2.0984 0.091 0.9165, 2.0985 0.091 0.9165, 2.0985 0.0911 0.9165, 2.0984 0.1068 0.9153, 2.0985 0.1068 0.9153, 2.0984 0.1038 0.9155, 2.0984 0.0911 0.9165, 2.0984 0.0827 0.9155, 2.0985 0.0735 0.9144, 2.0984 0.0735 0.9144, 2.0984 0.061 0.9095, 2.0985 0.061 0.9095, 2.0984 0.0498 0.9016, 2.0985 0.0498 0.9016, 2.0984 0.0469 0.8989, 2.0985 0.0469 0.8989, 2.0984 0.0381 0.8875, 2.0985 0.0381 0.8875, 2.0984 0.0349 0.8798, 2.0985 0.0324 0.8741, 2.0984 0.0324 0.8741, 2.0984 0.0297 0.8585, 2.0985 0.0297 0.8585, 2.0984 0.0295 0.8522, 2.0985 0.0295 0.8522, 2.0984 0.0449 0.8088, 2.0985 0.0449 0.8088, 2.0985 0.0368 0.82, 2.0984 0.0319 0.8325, 2.0985 0.0319 0.8325, 2.0984 0.0349 0.8249, 2.0984 0.0368 0.82, 2.0985 0.0789 0.7927, 2.0984 0.0546 0.8008, 2.0985 0.0546 0.8008, 2.0984 0.0659 0.7954, 2.0985 0.0659 0.7954, 2.0984 0.0757 0.7934, 2.0984 0.0789 0.7927, 2.0985 0.2081 0.8081, 2.0985 0.2081 0.7944, 2.0984 0.2081 0.8081, 2.0984 0.2081 0.7944, 2.0984 0.159 0.8081, 2.0985 0.159 0.8081, 2.0984 0.1914 0.8081, 2.0985 0.159 0.8485, 2.0984 0.159 0.8485, 2.0984 0.2019 0.8485, 2.0985 0.2019 0.8485, 2.0984 0.1914 0.8485, 2.0985 0.2019 0.8623, 2.0984 0.2019 0.8623, 2.0984 0.159 0.8623, 2.0985 0.159 0.8623, 2.0984 0.1914 0.8623, 2.0985 0.159 0.9007, 2.0984 0.159 0.9007, 2.0984 0.2053 0.9007, 2.0985 0.2053 0.9007, 2.0984 0.1914 0.9007, 2.0985 0.2053 0.9145, 2.0984 0.2053 0.9145, 2.0984 0.1435 0.9145, 2.0985 0.1435 0.9145, 2.0984 0.1914 0.9145, 2.0985 0.1435 0.7944, 2.0984 0.1435 0.7944, 2.0984 0.1914 0.7944, 2.0985 0.3047 0.8269, 2.0985 0.2994 0.8206, 2.0985 0.3104 0.8112, 2.0985 0.2981 0.8194, 2.0985 0.298 0.8023, 2.0985 0.2904 0.814, 2.0985 0.2843 0.7969, 2.0985 0.2805 0.8101, 2.0985 0.2638 0.7944, 2.0985 0.2637 0.8081, 2.0985 0.2308 0.7944, 2.0985 0.2463 0.8081, 2.0985 0.2308 0.9145, 2.0985 0.2463 0.9007, 2.0985 0.265 0.9145, 2.0985 0.2644 0.9007, 2.0985 0.2834 0.9125, 2.0985 0.2798 0.899, 2.0985 0.2979 0.9072, 2.0985 0.2903 0.8952, 2.0985 0.3104 0.8986, 2.0985 0.2991 0.8894, 2.0985 0.3146 0.8945, 2.0985 0.3024 0.8862, 2.0985 0.3221 0.8841, 2.0985 0.307 0.8795, 2.0985 0.3265 0.8726, 2.0985 0.3104 0.8707, 2.0985 0.3285 0.856, 2.0985 0.3122 0.8556, 2.0985 0.3282 0.8484, 2.0985 0.3116 0.8463, 2.0985 0.3253 0.8343, 2.0985 0.3091 0.8356, 2.0985 0.3194 0.8219, 2.0984 0.2638 0.7944, 2.0984 0.2308 0.7944, 2.0984 0.3104 0.8112, 2.0984 0.2843 0.7969, 2.0984 0.2858 0.7975, 2.0984 0.298 0.8023, 2.0984 0.3194 0.8219, 2.0984 0.3253 0.8343, 2.0984 0.3282 0.8484, 2.0984 0.3285 0.856, 2.0984 0.3265 0.8726, 2.0984 0.3221 0.8841, 2.0984 0.3146 0.8945, 2.0984 0.3104 0.8986, 2.0984 0.265 0.9145, 2.0984 0.2979 0.9072, 2.0984 0.2858 0.9116, 2.0984 0.2834 0.9125, 2.0984 0.2308 0.9145, 2.0984 0.2644 0.9007, 2.0984 0.2463 0.9007, 2.0984 0.2463 0.8081, 2.0984 0.2637 0.8081, 2.0984 0.2994 0.8206, 2.0984 0.2981 0.8194, 2.0984 0.2904 0.814, 2.0984 0.2805 0.8101, 2.0984 0.3122 0.8556, 2.0984 0.3116 0.8463, 2.0984 0.3091 0.8356, 2.0984 0.3047 0.8269, 2.0984 0.2991 0.8894, 2.0984 0.3024 0.8862, 2.0984 0.307 0.8795, 2.0984 0.3104 0.8707, 2.0984 0.2798 0.899, 2.0984 0.2903 0.8952, 2.0984 0.2903 0.8952
            ]
        }
        coordIndex [
            0,1,2,-1,2,1,3,-1,4,0,5,-1,5,0,2,-1,6,4,7,-1,7,4,5,-1,8,6,9,-1,9,6,7,-1,10,8,11,-1,11,8,9,-1,1,10,3,-1,3,10,11,-1,6,8,4,-1,4,8,10,-1,4,10,0,-1,0,10,1,-1,12,13,14,-1,14,13,15,-1,14,16,12,-1,12,16,17,-1,12,17,18,-1,18,17,19,-1,18,19,20,-1,21,20,22,-1,22,20,19,-1,21,22,23,-1,21,23,24,-1,24,23,25,-1,24,25,26,-1,26,25,27,-1,26,27,28,-1,28,27,29,-1,28,29,30,-1,30,29,31,-1,30,31,32,-1,32,31,33,-1,32,33,34,-1,34,33,35,-1,34,35,36,-1,36,35,37,-1,36,37,38,-1,38,37,39,-1,38,39,40,-1,40,39,41,-1,40,41,42,-1,42,41,43,-1,42,43,44,-1,44,43,45,-1,44,45,46,-1,46,45,47,-1,46,47,48,-1,48,47,49,-1,48,49,50,-1,50,49,51,-1,50,51,52,-1,52,51,53,-1,52,53,54,-1,54,53,55,-1,54,55,56,-1,56,55,57,-1,56,57,58,-1,58,57,59,-1,58,59,60,-1,60,59,61,-1,60,61,62,-1,62,61,63,-1,62,63,64,-1,65,64,66,-1,66,64,63,-1,67,68,69,-1,65,66,70,-1,65,70,71,-1,71,70,72,-1,71,72,69,-1,69,72,73,-1,69,73,67,-1,68,67,74,-1,68,74,75,-1,74,76,75,-1,75,76,77,-1,75,77,78,-1,78,77,79,-1,78,79,80,-1,80,79,81,-1,80,81,82,-1,82,81,83,-1,82,83,84,-1,84,83,85,-1,84,85,86,-1,85,87,86,-1,86,87,88,-1,86,88,89,-1,89,88,90,-1,89,90,91,-1,92,93,94,-1,91,90,95,-1,91,95,96,-1,96,95,97,-1,96,97,94,-1,94,97,98,-1,94,98,92,-1,15,13,99,-1,93,92,100,-1,93,100,101,-1,101,100,102,-1,101,102,103,-1,103,102,104,-1,103,104,99,-1,99,104,105,-1,99,105,15,-1,62,64,65,-1,52,80,50,-1,50,80,82,-1,50,82,48,-1,48,82,84,-1,48,84,46,-1,62,65,60,-1,60,65,71,-1,60,71,58,-1,58,71,69,-1,58,69,56,-1,56,69,68,-1,56,68,54,-1,54,68,75,-1,54,75,52,-1,52,75,78,-1,52,78,80,-1,91,44,89,-1,89,44,46,-1,89,46,86,-1,86,46,84,-1,20,21,18,-1,18,21,24,-1,18,24,12,-1,12,24,26,-1,12,26,13,-1,13,26,28,-1,13,28,99,-1,99,28,30,-1,99,30,103,-1,103,30,32,-1,103,32,101,-1,101,32,34,-1,101,34,93,-1,93,34,36,-1,93,36,94,-1,94,36,38,-1,94,38,96,-1,96,38,40,-1,96,40,91,-1,91,40,42,-1,91,42,44,-1,106,107,108,-1,108,107,109,-1,110,111,112,-1,112,111,106,-1,112,106,108,-1,113,111,114,-1,114,111,110,-1,115,116,117,-1,117,116,113,-1,117,113,114,-1,118,116,119,-1,119,116,115,-1,120,121,122,-1,122,121,118,-1,122,118,119,-1,123,121,124,-1,124,121,120,-1,125,126,127,-1,127,126,123,-1,127,123,124,-1,128,126,129,-1,129,126,125,-1,130,131,132,-1,132,131,128,-1,132,128,129,-1,133,131,134,-1,134,131,130,-1,109,107,135,-1,135,107,133,-1,135,133,134,-1,133,107,106,-1,106,111,133,-1,133,111,113,-1,133,113,131,-1,126,128,123,-1,123,128,131,-1,123,131,121,-1,121,131,113,-1,121,113,118,-1,118,113,116,-1,136,137,138,-1,138,137,139,-1,138,139,140,-1,140,139,141,-1,140,141,142,-1,142,141,143,-1,142,143,144,-1,144,143,145,-1,144,145,146,-1,146,145,147,-1,146,147,148,-1,148,147,149,-1,148,149,150,-1,150,149,151,-1,150,151,152,-1,152,151,153,-1,152,153,154,-1,154,153,155,-1,154,155,156,-1,156,155,157,-1,156,157,158,-1,158,157,159,-1,158,159,160,-1,160,159,161,-1,160,161,162,-1,162,161,163,-1,162,163,164,-1,164,163,165,-1,164,165,166,-1,166,165,167,-1,166,167,168,-1,168,167,169,-1,168,169,170,-1,170,169,136,-1,170,136,138,-1,144,146,171,-1,171,146,172,-1,173,138,140,-1,144,171,174,-1,144,174,142,-1,142,174,175,-1,142,175,140,-1,140,175,176,-1,140,176,173,-1,138,173,177,-1,138,177,170,-1,170,177,178,-1,170,178,168,-1,168,178,179,-1,168,179,166,-1,166,179,180,-1,166,180,164,-1,164,180,181,-1,164,181,162,-1,162,181,182,-1,162,182,160,-1,160,182,183,-1,160,183,158,-1,158,183,184,-1,158,184,156,-1,185,150,152,-1,156,184,186,-1,156,186,154,-1,154,186,187,-1,154,187,152,-1,152,187,188,-1,152,188,185,-1,148,150,189,-1,189,150,185,-1,146,148,172,-1,172,148,189,-1,151,149,190,-1,190,149,191,-1,149,147,191,-1,191,147,192,-1,147,145,192,-1,192,145,193,-1,137,194,195,-1,137,195,139,-1,139,195,196,-1,139,196,141,-1,141,196,197,-1,141,197,143,-1,143,197,193,-1,143,193,145,-1,165,198,199,-1,165,199,167,-1,167,199,200,-1,167,200,169,-1,169,200,201,-1,169,201,136,-1,136,201,194,-1,136,194,137,-1,157,202,203,-1,157,203,159,-1,159,203,204,-1,159,204,161,-1,161,204,205,-1,161,205,163,-1,163,205,198,-1,163,198,165,-1,151,190,206,-1,151,206,153,-1,153,206,207,-1,153,207,155,-1,155,207,202,-1,155,202,157,-1,
        ]
    }
}
Shape{
    appearance Appearance {
        material  Material 	{
            diffuseColor 0.1843137254901961 1.0 0.5372549019607843
            specularColor 0.09411764705882353 0.5019607843137255 0.26666666666666666
            ambientIntensity 0.2
            transparency 0
            shininess 0.5
        }
    }
    geometry IndexedFaceSet {
        ccw TRUE
        solid FALSE
        coord DEF co Coordinate {
            point [
                2.0984 0.2981 0.8194, 2.0984 0.2994 0.8206, 2.0984 0.2644 0.9007, 2.0984 0.2463 0.9007, 2.0984 0.2463 0.8081, 2.0984 0.2637 0.8081, 2.0984 0.2805 0.8101, 2.0984 0.2904 0.814, 2.0984 0.3047 0.8269, 2.0984 0.3091 0.8356, 2.0984 0.3116 0.8463, 2.0984 0.3122 0.8556, 2.0984 0.3104 0.8707, 2.0984 0.307 0.8795, 2.0984 0.3024 0.8862, 2.0984 0.2991 0.8894, 2.0984 0.2798 0.899, 2.0984 0.2903 0.8952, 2.0984 0.2903 0.8952
            ]
        }
        coordIndex [
            0,1,2,-1,3,4,2,-1,2,4,5,-1,5,6,2,-1,2,6,7,-1,2,7,0,-1,1,8,2,-1,2,8,9,-1,2,9,10,-1,10,11,2,-1,2,11,12,-1,2,12,13,-1,13,14,2,-1,2,14,15,-1,2,15,16,-1,16,15,17,-1,
        ]
    }
}
Shape{
    appearance Appearance {
        material  Material 	{
            diffuseColor 0.0 0.0 0.0
            specularColor 0.0 0.0 0.0
            ambientIntensity 0.2
            transparency 0
            shininess 0.5
        }
    }
    geometry IndexedFaceSet {
        ccw TRUE
        solid FALSE
        coord DEF co Coordinate {
            point [
                2.0985 0.3688 0.8408, 2.0985 0.3639 0.8273, 2.0985 0.4091 0.8408, 2.0985 0.4139 0.8273, 2.0985 0.3868 0.8908, 2.0985 0.381 0.9145, 2.0985 0.3352 0.7944, 2.0985 0.3523 0.7944, 2.0985 0.3878 0.8943, 2.0985 0.3887 0.8992, 2.0985 0.3975 0.9145, 2.0985 0.3891 0.8992, 2.0985 0.3901 0.8941, 2.0985 0.391 0.8908, 2.0985 0.4433 0.7944, 2.0985 0.4261 0.7944, 2.0984 0.3975 0.9145, 2.0984 0.4433 0.7944, 2.0984 0.381 0.9145, 2.0984 0.3352 0.7944, 2.0984 0.3698 0.8853, 2.0984 0.3523 0.7944, 2.0984 0.3639 0.8273, 2.0984 0.4139 0.8273, 2.0984 0.3698 0.8273, 2.0984 0.4261 0.7944, 2.0984 0.3688 0.8408, 2.0984 0.4091 0.8408, 2.0984 0.391 0.8908, 2.0984 0.3891 0.8992, 2.0984 0.3901 0.8941, 2.0984 0.3887 0.8992, 2.0984 0.3868 0.8908, 2.0984 0.3878 0.8943, 2.0984 0.3878 0.8943
            ]
        }
        coordIndex [
            0,1,2,-1,2,1,3,-1,4,5,0,-1,0,5,6,-1,0,6,1,-1,1,6,7,-1,4,8,5,-1,5,8,9,-1,5,9,10,-1,10,9,11,-1,10,11,12,-1,12,13,10,-1,10,13,2,-1,10,2,14,-1,14,2,3,-1,14,3,15,-1,10,14,16,-1,16,14,17,-1,5,10,18,-1,18,10,16,-1,19,6,20,-1,20,6,5,-1,20,5,18,-1,7,6,21,-1,21,6,19,-1,1,7,22,-1,22,7,21,-1,23,3,24,-1,24,3,1,-1,24,1,22,-1,15,3,25,-1,25,3,23,-1,14,15,17,-1,17,15,25,-1,0,2,26,-1,26,2,27,-1,2,13,27,-1,27,13,28,-1,11,29,30,-1,11,30,12,-1,12,30,28,-1,12,28,13,-1,11,9,29,-1,29,9,31,-1,4,32,33,-1,4,33,8,-1,8,33,31,-1,8,31,9,-1,4,0,32,-1,32,0,26,-1,
        ]
    }
}
Shape{
    appearance Appearance {
        material  Material 	{
            diffuseColor 0.1843137254901961 1.0 0.5372549019607843
            specularColor 0.09411764705882353 0.5019607843137255 0.26666666666666666
            ambientIntensity 0.2
            transparency 0
            shininess 0.5
        }
    }
    geometry IndexedFaceSet {
        ccw TRUE
        solid FALSE
        coord DEF co Coordinate {
            point [
                2.0984 0.3891 0.8992, 2.0984 0.3887 0.8992, 2.0984 0.3901 0.8941, 2.0984 0.3878 0.8943, 2.0984 0.391 0.8908, 2.0984 0.3868 0.8908, 2.0984 0.4091 0.8408, 2.0984 0.3688 0.8408, 2.0984 0.3688 0.8408
            ]
        }
        coordIndex [
            0,1,2,-1,2,1,3,-1,2,3,4,-1,4,3,5,-1,4,5,6,-1,6,5,7,-1,
        ]
    }
}
Shape{
    appearance Appearance {
        material  Material 	{
            diffuseColor 0.0 0.0 0.0
            specularColor 0.0 0.0 0.0
            ambientIntensity 0.2
            transparency 0
            shininess 0.5
        }
    }
    geometry IndexedFaceSet {
        ccw TRUE
        solid FALSE
        coord DEF co Coordinate {
            point [
                2.0985 0.0259 0.6176, 2.0985 0.0259 0.6039, 2.0984 0.0259 0.6176, 2.0984 0.0259 0.6039, 2.0985 -0.0232 0.6176, 2.0984 -0.0232 0.6176, 2.0985 -0.0232 0.658, 2.0984 -0.0232 0.658, 2.0985 0.0197 0.658, 2.0984 0.0197 0.658, 2.0985 0.0197 0.6717, 2.0984 0.0197 0.6717, 2.0985 -0.0232 0.6717, 2.0984 -0.0232 0.6717, 2.0985 -0.0232 0.7102, 2.0984 -0.0232 0.7102, 2.0985 0.0231 0.7102, 2.0984 0.0231 0.7102, 2.0985 0.0231 0.724, 2.0984 0.0231 0.724, 2.0985 -0.0387 0.724, 2.0984 -0.0387 0.724, 2.0985 -0.0387 0.6039, 2.0984 -0.0387 0.6039, 2.0985 0.0937 0.6171, 2.0985 0.0941 0.6171, 2.0985 0.0932 0.631, 2.0985 0.0612 0.6403, 2.0985 0.0646 0.642, 2.0985 0.0562 0.6516, 2.0985 0.0941 0.6377, 2.0985 0.1092 0.6591, 2.0985 0.0941 0.6387, 2.0985 0.0941 0.6469, 2.0985 0.0941 0.6039, 2.0985 0.1092 0.6039, 2.0985 0.0887 0.6905, 2.0985 0.0854 0.6776, 2.0985 0.0947 0.6884, 2.0985 0.088 0.6759, 2.0985 0.0909 0.6256, 2.0985 0.0877 0.6212, 2.0985 0.0913 0.6134, 2.0985 0.0858 0.6194, 2.0985 0.0865 0.6083, 2.0985 0.0816 0.6165, 2.0985 0.0814 0.6049, 2.0985 0.077 0.6148, 2.0985 0.0753 0.6027, 2.0985 0.0714 0.6142, 2.0985 0.0675 0.6019, 2.0985 0.0663 0.6148, 2.0985 0.0585 0.6029, 2.0985 0.0629 0.616, 2.0985 0.0527 0.6051, 2.0985 0.0599 0.6181, 2.0985 0.0476 0.6086, 2.0985 0.0586 0.6193, 2.0985 0.0687 0.6548, 2.0985 0.0741 0.6442, 2.0985 0.0941 0.6584, 2.0985 0.0486 0.6836, 2.0985 0.0486 0.669, 2.0985 0.0517 0.6854, 2.0985 0.059 0.6756, 2.0985 0.0629 0.6898, 2.0985 0.0685 0.6786, 2.0985 0.0782 0.6916, 2.0985 0.0768 0.6794, 2.0985 0.0819 0.6789, 2.0985 0.0936 0.665, 2.0985 0.1077 0.6718, 2.0985 0.0921 0.6704, 2.0985 0.1052 0.6782, 2.0985 0.0903 0.6735, 2.0985 0.102 0.6828, 2.0985 0.0994 0.6854, 2.0985 0.0595 0.6389, 2.0985 0.0502 0.6483, 2.0985 0.0577 0.6367, 2.0985 0.0458 0.6442, 2.0985 0.0564 0.6339, 2.0985 0.0427 0.6393, 2.0985 0.0556 0.6305, 2.0985 0.0409 0.6338, 2.0985 0.0555 0.6281, 2.0985 0.0403 0.6268, 2.0985 0.0559 0.6246, 2.0985 0.0411 0.6195, 2.0985 0.0569 0.6219, 2.0985 0.043 0.6145, 2.0985 0.0462 0.61, 2.0984 0.0782 0.6916, 2.0984 0.0629 0.6898, 2.0984 0.0517 0.6854, 2.0984 0.0486 0.6836, 2.0984 0.0486 0.669, 2.0984 0.059 0.6756, 2.0984 0.0685 0.6786, 2.0984 0.0768 0.6794, 2.0984 0.0819 0.6789, 2.0984 0.0854 0.6776, 2.0984 0.088 0.6759, 2.0984 0.0903 0.6735, 2.0984 0.0921 0.6704, 2.0984 0.0936 0.665, 2.0984 0.0941 0.6584, 2.0984 0.0687 0.6548, 2.0984 0.0562 0.6516, 2.0984 0.0502 0.6483, 2.0984 0.0458 0.6442, 2.0984 0.0427 0.6393, 2.0984 0.0409 0.6338, 2.0984 0.0403 0.6268, 2.0984 0.0411 0.6195, 2.0984 0.043 0.6145, 2.0984 0.0462 0.61, 2.0984 0.0476 0.6086, 2.0984 0.0675 0.6019, 2.0984 0.0587 0.6029, 2.0984 0.0585 0.6029, 2.0984 0.0527 0.6051, 2.0984 0.0753 0.6027, 2.0984 0.0757 0.6029, 2.0984 0.0814 0.6049, 2.0984 0.0865 0.6083, 2.0984 0.0913 0.6134, 2.0984 0.0937 0.6171, 2.0984 0.0941 0.6171, 2.0984 0.0941 0.6039, 2.0984 0.1092 0.6039, 2.0984 0.1092 0.6591, 2.0984 0.1077 0.6718, 2.0984 0.1052 0.6782, 2.0984 0.102 0.6828, 2.0984 0.0994 0.6854, 2.0984 0.0947 0.6884, 2.0984 0.0887 0.6905, 2.0984 0.0595 0.6389, 2.0984 0.0612 0.6403, 2.0984 0.0646 0.642, 2.0984 0.0741 0.6442, 2.0984 0.0555 0.6281, 2.0984 0.0556 0.6305, 2.0984 0.0564 0.6339, 2.0984 0.0577 0.6367, 2.0984 0.0599 0.6181, 2.0984 0.0586 0.6193, 2.0984 0.0569 0.6219, 2.0984 0.0559 0.6246, 2.0984 0.0714 0.6142, 2.0984 0.0663 0.6148, 2.0984 0.0629 0.616, 2.0984 0.0877 0.6212, 2.0984 0.0858 0.6194, 2.0984 0.0816 0.6165, 2.0984 0.077 0.6148, 2.0984 0.0941 0.6387, 2.0984 0.0941 0.6377, 2.0984 0.0932 0.631, 2.0984 0.0909 0.6256, 2.0984 0.0941 0.6469, 2.0984 0.0941 0.6469
            ]
        }
        coordIndex [
            0,1,2,-1,2,1,3,-1,4,0,5,-1,5,0,2,-1,6,4,7,-1,7,4,5,-1,8,6,9,-1,9,6,7,-1,10,8,11,-1,11,8,9,-1,12,10,13,-1,13,10,11,-1,14,12,15,-1,15,12,13,-1,16,14,17,-1,17,14,15,-1,18,16,19,-1,19,16,17,-1,20,18,21,-1,21,18,19,-1,22,20,23,-1,23,20,21,-1,1,22,3,-1,3,22,23,-1,22,1,0,-1,0,4,22,-1,22,4,6,-1,22,6,20,-1,16,18,14,-1,14,18,20,-1,14,20,12,-1,12,20,6,-1,12,6,10,-1,10,6,8,-1,24,25,26,-1,27,28,29,-1,30,31,32,-1,32,31,33,-1,34,35,25,-1,25,35,31,-1,25,31,26,-1,26,31,30,-1,36,37,38,-1,38,37,39,-1,26,40,24,-1,24,40,41,-1,24,41,42,-1,42,41,43,-1,42,43,44,-1,44,43,45,-1,44,45,46,-1,46,45,47,-1,46,47,48,-1,48,47,49,-1,48,49,50,-1,50,49,51,-1,50,51,52,-1,52,51,53,-1,52,53,54,-1,54,53,55,-1,54,55,56,-1,56,55,57,-1,29,28,58,-1,58,28,59,-1,58,59,60,-1,61,62,63,-1,63,62,64,-1,63,64,65,-1,65,64,66,-1,65,66,67,-1,67,66,68,-1,67,68,36,-1,36,68,69,-1,36,69,37,-1,59,33,60,-1,60,33,31,-1,60,31,70,-1,70,31,71,-1,70,71,72,-1,72,71,73,-1,72,73,74,-1,74,73,75,-1,74,75,39,-1,39,75,76,-1,39,76,38,-1,27,29,77,-1,77,29,78,-1,77,78,79,-1,79,78,80,-1,79,80,81,-1,81,80,82,-1,81,82,83,-1,83,82,84,-1,83,84,85,-1,85,84,86,-1,85,86,87,-1,87,86,88,-1,87,88,89,-1,89,88,90,-1,89,90,57,-1,57,90,91,-1,57,91,56,-1,67,92,93,-1,67,93,65,-1,65,93,94,-1,65,94,63,-1,63,94,95,-1,63,95,61,-1,62,61,96,-1,96,61,95,-1,62,96,97,-1,62,97,64,-1,64,97,98,-1,64,98,66,-1,66,98,99,-1,66,99,68,-1,68,99,100,-1,68,100,69,-1,69,100,101,-1,69,101,37,-1,37,101,102,-1,37,102,39,-1,39,102,103,-1,39,103,74,-1,74,103,104,-1,74,104,72,-1,72,104,105,-1,72,105,70,-1,70,105,106,-1,70,106,60,-1,58,60,107,-1,107,60,106,-1,58,107,108,-1,58,108,29,-1,29,108,109,-1,29,109,78,-1,78,109,110,-1,78,110,80,-1,80,110,111,-1,80,111,82,-1,82,111,112,-1,82,112,84,-1,84,112,113,-1,84,113,86,-1,86,113,114,-1,86,114,88,-1,88,114,115,-1,88,115,90,-1,90,115,116,-1,90,116,91,-1,91,116,117,-1,91,117,56,-1,118,50,119,-1,119,50,52,-1,119,52,120,-1,120,52,54,-1,120,54,121,-1,121,54,56,-1,121,56,117,-1,50,118,122,-1,50,122,48,-1,48,122,123,-1,48,123,46,-1,123,124,46,-1,46,124,125,-1,46,125,44,-1,44,125,126,-1,44,126,42,-1,42,126,127,-1,42,127,24,-1,25,24,128,-1,128,24,127,-1,34,25,129,-1,129,25,128,-1,35,34,130,-1,130,34,129,-1,31,35,131,-1,131,35,130,-1,31,131,132,-1,31,132,71,-1,71,132,133,-1,71,133,73,-1,73,133,134,-1,73,134,75,-1,75,134,135,-1,75,135,76,-1,76,135,136,-1,76,136,38,-1,38,136,137,-1,38,137,36,-1,36,137,92,-1,36,92,67,-1,77,138,139,-1,77,139,27,-1,27,139,140,-1,27,140,28,-1,28,140,141,-1,28,141,59,-1,85,142,143,-1,85,143,83,-1,83,143,144,-1,83,144,81,-1,81,144,145,-1,81,145,79,-1,79,145,138,-1,79,138,77,-1,55,146,147,-1,55,147,57,-1,57,147,148,-1,57,148,89,-1,89,148,149,-1,89,149,87,-1,87,149,142,-1,87,142,85,-1,49,150,151,-1,49,151,51,-1,51,151,152,-1,51,152,53,-1,53,152,146,-1,53,146,55,-1,41,153,154,-1,41,154,43,-1,43,154,155,-1,43,155,45,-1,45,155,156,-1,45,156,47,-1,47,156,150,-1,47,150,49,-1,32,157,158,-1,32,158,30,-1,30,158,159,-1,30,159,26,-1,26,159,160,-1,26,160,40,-1,40,160,153,-1,40,153,41,-1,32,33,157,-1,157,33,161,-1,33,59,161,-1,161,59,141,-1,
        ]
    }
}
Shape{
    appearance Appearance {
        material  Material 	{
            diffuseColor 0.1843137254901961 1.0 0.5372549019607843
            specularColor 0.09411764705882353 0.5019607843137255 0.26666666666666666
            ambientIntensity 0.2
            transparency 0
            shininess 0.5
        }
    }
    geometry IndexedFaceSet {
        ccw TRUE
        solid FALSE
        coord DEF co Coordinate {
            point [
                2.0984 0.0941 0.6377, 2.0984 0.0941 0.6387, 2.0984 0.0595 0.6389, 2.0984 0.0941 0.6469, 2.0984 0.0741 0.6442, 2.0984 0.0646 0.642, 2.0984 0.0612 0.6403, 2.0984 0.0932 0.631, 2.0984 0.0577 0.6367, 2.0984 0.0909 0.6256, 2.0984 0.0586 0.6193, 2.0984 0.0599 0.6181, 2.0984 0.0858 0.6194, 2.0984 0.0569 0.6219, 2.0984 0.0816 0.6165, 2.0984 0.077 0.6148, 2.0984 0.0714 0.6142, 2.0984 0.0564 0.6339, 2.0984 0.0556 0.6305, 2.0984 0.0877 0.6212, 2.0984 0.0555 0.6281, 2.0984 0.0559 0.6246, 2.0984 0.0629 0.616, 2.0984 0.0663 0.6148, 2.0984 0.0663 0.6148
            ]
        }
        coordIndex [
            0,1,2,-1,1,3,4,-1,4,5,1,-1,1,5,6,-1,1,6,2,-1,0,2,7,-1,7,2,8,-1,7,8,9,-1,10,11,12,-1,10,12,13,-1,14,12,15,-1,15,12,16,-1,8,17,9,-1,9,17,18,-1,9,18,19,-1,19,18,20,-1,19,20,12,-1,12,20,21,-1,12,21,13,-1,11,22,12,-1,12,22,23,-1,12,23,16,-1,
        ]
    }
}
Shape{
    appearance Appearance {
        material  Material 	{
            diffuseColor 0.0 0.0 0.0
            specularColor 0.0 0.0 0.0
            ambientIntensity 0.2
            transparency 0
            shininess 0.5
        }
    }
    geometry IndexedFaceSet {
        ccw TRUE
        solid FALSE
        coord DEF co Coordinate {
            point [
                2.0984 0.1296 0.6224, 2.0985 0.1296 0.6224, 2.0985 0.1364 0.6183, 2.0985 0.1543 0.6141, 2.0984 0.1543 0.6141, 2.0984 0.1459 0.615, 2.0985 0.1459 0.615, 2.0984 0.1365 0.6183, 2.0984 0.1364 0.6183, 2.0985 0.1296 0.6069, 2.0984 0.1296 0.6069, 2.0985 0.1401 0.6032, 2.0984 0.1365 0.6044, 2.0984 0.1528 0.6019, 2.0985 0.1528 0.6019, 2.0984 0.1431 0.6029, 2.0984 0.1401 0.6032, 2.0985 0.1665 0.6035, 2.0984 0.1614 0.6029, 2.0984 0.1665 0.6035, 2.0984 0.1744 0.6065, 2.0985 0.1744 0.6065, 2.0984 0.1778 0.6087, 2.0985 0.1778 0.6087, 2.0984 0.1821 0.6124, 2.0985 0.1821 0.6124, 2.0984 0.1849 0.6164, 2.0985 0.1849 0.6164, 2.0984 0.1868 0.6212, 2.0985 0.1868 0.6212, 2.0984 0.1875 0.6272, 2.0985 0.1875 0.6272, 2.0984 0.1869 0.6328, 2.0985 0.1869 0.6328, 2.0984 0.1853 0.6373, 2.0985 0.1853 0.6373, 2.0984 0.1825 0.6414, 2.0985 0.1825 0.6414, 2.0984 0.1789 0.6446, 2.0985 0.1789 0.6446, 2.0984 0.1689 0.6502, 2.0985 0.1689 0.6502, 2.0984 0.1631 0.6525, 2.0985 0.1631 0.6525, 2.0984 0.1538 0.6566, 2.0985 0.1538 0.6566, 2.0984 0.1484 0.6599, 2.0985 0.1484 0.6599, 2.0984 0.147 0.6615, 2.0985 0.147 0.6615, 2.0984 0.1459 0.6635, 2.0985 0.1459 0.6635, 2.0984 0.1453 0.6659, 2.0985 0.1453 0.6659, 2.0984 0.1452 0.6679, 2.0985 0.1452 0.6679, 2.0984 0.1454 0.6703, 2.0985 0.1454 0.6703, 2.0984 0.1462 0.6723, 2.0985 0.1462 0.6723, 2.0984 0.1475 0.6742, 2.0985 0.1475 0.6742, 2.0984 0.1497 0.6762, 2.0985 0.1497 0.6762, 2.0984 0.1531 0.678, 2.0985 0.1531 0.678, 2.0984 0.1571 0.6791, 2.0985 0.1571 0.6791, 2.0984 0.1616 0.6794, 2.0985 0.1616 0.6794, 2.0984 0.1721 0.6781, 2.0985 0.1721 0.6781, 2.0984 0.1806 0.6748, 2.0985 0.1806 0.6748, 2.0984 0.1834 0.6732, 2.0985 0.1834 0.6732, 2.0985 0.1834 0.6878, 2.0984 0.1834 0.6878, 2.0984 0.1736 0.6907, 2.0985 0.1736 0.6907, 2.0984 0.1631 0.6916, 2.0985 0.1631 0.6916, 2.0984 0.151 0.6902, 2.0985 0.151 0.6902, 2.0984 0.143 0.6871, 2.0985 0.143 0.6871, 2.0984 0.1393 0.6848, 2.0985 0.1393 0.6848, 2.0985 0.1348 0.6808, 2.0984 0.1365 0.6823, 2.0984 0.1348 0.6808, 2.0984 0.132 0.6767, 2.0985 0.132 0.6767, 2.0984 0.1302 0.6719, 2.0985 0.1302 0.6719, 2.0984 0.1297 0.6665, 2.0985 0.1297 0.6665, 2.0984 0.1303 0.6606, 2.0985 0.1303 0.6606, 2.0984 0.132 0.656, 2.0985 0.132 0.656, 2.0984 0.1339 0.6529, 2.0985 0.1339 0.6529, 2.0984 0.1524 0.6416, 2.0985 0.1524 0.6416, 2.0985 0.1435 0.6457, 2.0984 0.1364 0.6504, 2.0985 0.1364 0.6504, 2.0984 0.1365 0.6503, 2.0984 0.1435 0.6457, 2.0984 0.1623 0.6374, 2.0985 0.1623 0.6374, 2.0984 0.1682 0.6339, 2.0985 0.1682 0.6339, 2.0984 0.1701 0.632, 2.0985 0.1701 0.632, 2.0984 0.1712 0.63, 2.0985 0.1712 0.63, 2.0984 0.1719 0.6276, 2.0985 0.1719 0.6276, 2.0984 0.1721 0.6257, 2.0985 0.1721 0.6257, 2.0984 0.1717 0.6229, 2.0985 0.1717 0.6229, 2.0984 0.171 0.6207, 2.0985 0.171 0.6207, 2.0984 0.1697 0.6188, 2.0985 0.1697 0.6188, 2.0984 0.1679 0.6173, 2.0985 0.1679 0.6173, 2.0984 0.1666 0.6164, 2.0985 0.1666 0.6164, 2.0984 0.1627 0.615, 2.0985 0.1627 0.615, 2.0984 0.155 0.6141, 2.0985 0.155 0.6141, 2.0985 0.2621 0.6897, 2.0985 0.2777 0.6897, 2.0984 0.2621 0.6897, 2.0984 0.2777 0.6897, 2.0985 0.2387 0.6251, 2.0984 0.2387 0.6251, 2.0984 0.2375 0.6211, 2.0985 0.2375 0.6211, 2.0984 0.2368 0.6181, 2.0985 0.2368 0.6181, 2.0985 0.2364 0.6181, 2.0984 0.2364 0.6181, 2.0985 0.2346 0.6252, 2.0984 0.2346 0.6252, 2.0984 0.2122 0.6897, 2.0985 0.2122 0.6897, 2.0984 0.2194 0.6688, 2.0985 0.1953 0.6897, 2.0984 0.1953 0.6897, 2.0984 0.229 0.6041, 2.0985 0.229 0.6041, 2.0984 0.2194 0.6284, 2.0984 0.2224 0.5885, 2.0985 0.2224 0.5885, 2.0984 0.2285 0.6029, 2.0985 0.2193 0.5829, 2.0984 0.2194 0.5831, 2.0984 0.2193 0.5829, 2.0984 0.2165 0.5798, 2.0985 0.2165 0.5798, 2.0984 0.2142 0.5782, 2.0985 0.2142 0.5782, 2.0984 0.211 0.5769, 2.0985 0.211 0.5769, 2.0984 0.207 0.5764, 2.0985 0.207 0.5764, 2.0984 0.2015 0.5771, 2.0985 0.2015 0.5771, 2.0984 0.1984 0.5781, 2.0985 0.1984 0.5781, 2.0985 0.1984 0.5647, 2.0984 0.1984 0.5647, 2.0984 0.2048 0.5636, 2.0985 0.2048 0.5636, 2.0984 0.2081 0.5635, 2.0985 0.2081 0.5635, 2.0984 0.2148 0.5643, 2.0985 0.2148 0.5643, 2.0984 0.2194 0.5662, 2.0985 0.2207 0.5667, 2.0984 0.2207 0.5667, 2.0984 0.2257 0.5703, 2.0985 0.2257 0.5703, 2.0984 0.2318 0.5775, 2.0985 0.2318 0.5775, 2.0984 0.2387 0.5909, 2.0985 0.2387 0.5909, 2.0984 0.2435 0.6029, 2.0985 0.3585 0.6176, 2.0985 0.3585 0.6039, 2.0984 0.3585 0.6176, 2.0984 0.3585 0.6039, 2.0984 0.3094 0.6176, 2.0985 0.3094 0.6176, 2.0984 0.3319 0.6176, 2.0985 0.3094 0.658, 2.0984 0.3094 0.658, 2.0984 0.3523 0.658, 2.0985 0.3523 0.658, 2.0984 0.3319 0.658, 2.0985 0.3523 0.6717, 2.0984 0.3523 0.6717, 2.0984 0.3094 0.6717, 2.0985 0.3094 0.6717, 2.0984 0.3319 0.6717, 2.0985 0.3094 0.7102, 2.0984 0.3094 0.7102, 2.0984 0.3557 0.7102, 2.0985 0.3557 0.7102, 2.0984 0.3319 0.7102, 2.0985 0.3557 0.724, 2.0984 0.3557 0.724, 2.0984 0.2939 0.724, 2.0985 0.2939 0.724, 2.0984 0.3319 0.724, 2.0985 0.2939 0.6039, 2.0984 0.2939 0.6039, 2.0984 0.3319 0.6039, 2.0985 0.4551 0.6364, 2.0985 0.4498 0.6301, 2.0985 0.4608 0.6207, 2.0985 0.4485 0.6289, 2.0985 0.4484 0.6118, 2.0985 0.4408 0.6235, 2.0985 0.4347 0.6064, 2.0985 0.4309 0.6196, 2.0985 0.4142 0.6039, 2.0985 0.4141 0.6176, 2.0985 0.3812 0.6039, 2.0985 0.3967 0.6176, 2.0985 0.3812 0.724, 2.0985 0.3967 0.7102, 2.0985 0.4154 0.724, 2.0985 0.4148 0.7102, 2.0985 0.4338 0.722, 2.0985 0.4303 0.7085, 2.0985 0.4483 0.7167, 2.0985 0.4407 0.7047, 2.0985 0.4608 0.7081, 2.0985 0.4495 0.6989, 2.0985 0.465 0.704, 2.0985 0.4528 0.6956, 2.0985 0.4725 0.6935, 2.0985 0.4574 0.6889, 2.0985 0.4769 0.6821, 2.0985 0.4608 0.6802, 2.0985 0.479 0.6655, 2.0985 0.4626 0.665, 2.0985 0.4786 0.6578, 2.0985 0.462 0.6557, 2.0985 0.4757 0.6438, 2.0985 0.4595 0.6451, 2.0985 0.4698 0.6313, 2.0984 0.4142 0.6039, 2.0984 0.3812 0.6039, 2.0984 0.4347 0.6064, 2.0984 0.4484 0.6118, 2.0984 0.4608 0.6207, 2.0984 0.4698 0.6313, 2.0984 0.4757 0.6438, 2.0984 0.4786 0.6578, 2.0984 0.479 0.6655, 2.0984 0.4769 0.6821, 2.0984 0.4725 0.6935, 2.0984 0.465 0.704, 2.0984 0.4608 0.7081, 2.0984 0.4483 0.7167, 2.0984 0.4338 0.722, 2.0984 0.4154 0.724, 2.0984 0.3812 0.724, 2.0984 0.4148 0.7102, 2.0984 0.3967 0.7102, 2.0984 0.3967 0.6176, 2.0984 0.4141 0.6176, 2.0984 0.4498 0.6301, 2.0984 0.4485 0.6289, 2.0984 0.4408 0.6235, 2.0984 0.4309 0.6196, 2.0984 0.4626 0.665, 2.0984 0.462 0.6557, 2.0984 0.4595 0.6451, 2.0984 0.4551 0.6364, 2.0984 0.4495 0.6989, 2.0984 0.4528 0.6956, 2.0984 0.4574 0.6889, 2.0984 0.4608 0.6802, 2.0984 0.4303 0.7085, 2.0984 0.4407 0.7047, 2.0984 0.4407 0.7047
            ]
        }
        coordIndex [
            0,1,2,-1,3,4,5,-1,3,5,6,-1,6,5,7,-1,6,7,2,-1,2,7,8,-1,2,8,0,-1,9,1,10,-1,10,1,0,-1,11,9,12,-1,12,9,10,-1,13,14,15,-1,15,14,11,-1,15,11,16,-1,16,11,12,-1,17,14,18,-1,18,14,13,-1,18,19,17,-1,17,19,20,-1,17,20,21,-1,21,20,22,-1,21,22,23,-1,23,22,24,-1,23,24,25,-1,25,24,26,-1,25,26,27,-1,27,26,28,-1,27,28,29,-1,29,28,30,-1,29,30,31,-1,31,30,32,-1,31,32,33,-1,33,32,34,-1,33,34,35,-1,35,34,36,-1,35,36,37,-1,37,36,38,-1,37,38,39,-1,39,38,40,-1,39,40,41,-1,41,40,42,-1,41,42,43,-1,43,42,44,-1,43,44,45,-1,45,44,46,-1,45,46,47,-1,47,46,48,-1,47,48,49,-1,49,48,50,-1,49,50,51,-1,51,50,52,-1,51,52,53,-1,53,52,54,-1,53,54,55,-1,55,54,56,-1,55,56,57,-1,57,56,58,-1,57,58,59,-1,59,58,60,-1,59,60,61,-1,61,60,62,-1,61,62,63,-1,63,62,64,-1,63,64,65,-1,65,64,66,-1,65,66,67,-1,67,66,68,-1,67,68,69,-1,69,68,70,-1,69,70,71,-1,71,70,72,-1,71,72,73,-1,73,72,74,-1,73,74,75,-1,76,75,77,-1,77,75,74,-1,76,77,78,-1,76,78,79,-1,79,78,80,-1,79,80,81,-1,81,80,82,-1,81,82,83,-1,83,82,84,-1,83,84,85,-1,85,84,86,-1,85,86,87,-1,88,87,89,-1,89,87,86,-1,89,90,88,-1,88,90,91,-1,88,91,92,-1,92,91,93,-1,92,93,94,-1,94,93,95,-1,94,95,96,-1,96,95,97,-1,96,97,98,-1,98,97,99,-1,98,99,100,-1,100,99,101,-1,100,101,102,-1,103,104,105,-1,102,101,106,-1,102,106,107,-1,107,106,108,-1,107,108,105,-1,105,108,109,-1,105,109,103,-1,104,103,110,-1,104,110,111,-1,111,110,112,-1,111,112,113,-1,113,112,114,-1,113,114,115,-1,115,114,116,-1,115,116,117,-1,117,116,118,-1,117,118,119,-1,119,118,120,-1,119,120,121,-1,121,120,122,-1,121,122,123,-1,123,122,124,-1,123,124,125,-1,125,124,126,-1,125,126,127,-1,127,126,128,-1,127,128,129,-1,129,128,130,-1,129,130,131,-1,131,130,132,-1,131,132,133,-1,133,132,134,-1,133,134,135,-1,135,134,4,-1,135,4,3,-1,59,61,87,-1,87,61,85,-1,85,61,63,-1,85,63,83,-1,111,43,104,-1,104,43,45,-1,21,23,127,-1,127,23,25,-1,127,25,125,-1,125,25,27,-1,125,27,123,-1,123,27,29,-1,123,29,121,-1,121,29,31,-1,121,31,119,-1,119,31,33,-1,119,33,117,-1,117,33,35,-1,117,35,115,-1,115,35,37,-1,115,37,113,-1,113,37,39,-1,113,39,111,-1,111,39,41,-1,111,41,43,-1,14,3,11,-1,11,3,6,-1,11,6,9,-1,9,6,2,-1,9,2,1,-1,63,65,83,-1,83,65,67,-1,83,67,81,-1,81,67,69,-1,81,69,79,-1,79,69,71,-1,79,71,76,-1,76,71,73,-1,76,73,75,-1,127,129,21,-1,21,129,131,-1,21,131,17,-1,17,131,133,-1,17,133,14,-1,14,133,135,-1,14,135,3,-1,87,88,59,-1,59,88,92,-1,59,92,57,-1,57,92,94,-1,57,94,55,-1,55,94,96,-1,55,96,53,-1,53,96,98,-1,53,98,51,-1,51,98,100,-1,51,100,49,-1,49,100,102,-1,49,102,47,-1,47,102,107,-1,47,107,45,-1,45,107,105,-1,45,105,104,-1,136,137,138,-1,138,137,139,-1,140,136,141,-1,141,136,138,-1,140,141,142,-1,140,142,143,-1,143,142,144,-1,143,144,145,-1,146,145,147,-1,147,145,144,-1,148,146,149,-1,149,146,147,-1,150,151,152,-1,152,151,148,-1,152,148,149,-1,153,151,154,-1,154,151,150,-1,155,156,157,-1,157,156,153,-1,157,153,154,-1,158,159,160,-1,160,159,156,-1,160,156,155,-1,161,159,162,-1,162,159,158,-1,162,163,161,-1,161,163,164,-1,161,164,165,-1,165,164,166,-1,165,166,167,-1,167,166,168,-1,167,168,169,-1,169,168,170,-1,169,170,171,-1,171,170,172,-1,171,172,173,-1,173,172,174,-1,173,174,175,-1,176,175,177,-1,177,175,174,-1,176,177,178,-1,176,178,179,-1,179,178,180,-1,179,180,181,-1,181,180,182,-1,181,182,183,-1,183,182,184,-1,183,184,185,-1,184,186,185,-1,185,186,187,-1,185,187,188,-1,188,187,189,-1,188,189,190,-1,190,189,191,-1,190,191,192,-1,139,137,193,-1,193,137,192,-1,193,192,191,-1,143,145,192,-1,137,136,192,-1,192,136,140,-1,192,140,143,-1,151,153,148,-1,148,153,156,-1,148,156,146,-1,145,146,192,-1,192,146,156,-1,192,156,190,-1,175,176,173,-1,173,176,179,-1,173,179,171,-1,171,179,181,-1,171,181,169,-1,169,181,183,-1,169,183,167,-1,167,183,185,-1,167,185,165,-1,165,185,188,-1,165,188,161,-1,161,188,190,-1,161,190,159,-1,159,190,156,-1,194,195,196,-1,196,195,197,-1,198,199,200,-1,200,199,194,-1,200,194,196,-1,201,199,202,-1,202,199,198,-1,203,204,205,-1,205,204,201,-1,205,201,202,-1,206,204,207,-1,207,204,203,-1,208,209,210,-1,210,209,206,-1,210,206,207,-1,211,209,212,-1,212,209,208,-1,213,214,215,-1,215,214,211,-1,215,211,212,-1,216,214,217,-1,217,214,213,-1,218,219,220,-1,220,219,216,-1,220,216,217,-1,221,219,222,-1,222,219,218,-1,197,195,223,-1,223,195,221,-1,223,221,222,-1,221,195,194,-1,194,199,221,-1,221,199,201,-1,221,201,219,-1,214,216,211,-1,211,216,219,-1,211,219,209,-1,209,219,201,-1,209,201,206,-1,206,201,204,-1,224,225,226,-1,226,225,227,-1,226,227,228,-1,228,227,229,-1,228,229,230,-1,230,229,231,-1,230,231,232,-1,232,231,233,-1,232,233,234,-1,234,233,235,-1,234,235,236,-1,236,235,237,-1,236,237,238,-1,238,237,239,-1,238,239,240,-1,240,239,241,-1,240,241,242,-1,242,241,243,-1,242,243,244,-1,244,243,245,-1,244,245,246,-1,246,245,247,-1,246,247,248,-1,248,247,249,-1,248,249,250,-1,250,249,251,-1,250,251,252,-1,252,251,253,-1,252,253,254,-1,254,253,255,-1,254,255,256,-1,256,255,257,-1,256,257,258,-1,258,257,224,-1,258,224,226,-1,232,234,259,-1,259,234,260,-1,232,259,261,-1,232,261,230,-1,230,261,262,-1,230,262,228,-1,228,262,263,-1,228,263,226,-1,226,263,264,-1,226,264,258,-1,258,264,265,-1,258,265,256,-1,256,265,266,-1,256,266,254,-1,254,266,267,-1,254,267,252,-1,252,267,268,-1,252,268,250,-1,250,268,269,-1,250,269,248,-1,248,269,270,-1,248,270,246,-1,246,270,271,-1,246,271,244,-1,244,271,272,-1,244,272,242,-1,242,272,273,-1,242,273,240,-1,240,273,274,-1,240,274,238,-1,236,238,275,-1,275,238,274,-1,234,236,260,-1,260,236,275,-1,239,237,276,-1,276,237,277,-1,237,235,277,-1,277,235,278,-1,235,233,278,-1,278,233,279,-1,225,280,281,-1,225,281,227,-1,227,281,282,-1,227,282,229,-1,229,282,283,-1,229,283,231,-1,231,283,279,-1,231,279,233,-1,253,284,285,-1,253,285,255,-1,255,285,286,-1,255,286,257,-1,257,286,287,-1,257,287,224,-1,224,287,280,-1,224,280,225,-1,245,288,289,-1,245,289,247,-1,247,289,290,-1,247,290,249,-1,249,290,291,-1,249,291,251,-1,251,291,284,-1,251,284,253,-1,239,276,292,-1,239,292,241,-1,241,292,293,-1,241,293,243,-1,243,293,288,-1,243,288,245,-1,
        ]
    }
}
Shape{
    appearance Appearance {
        material  Material 	{
            diffuseColor 0.1843137254901961 1.0 0.5372549019607843
            specularColor 0.09411764705882353 0.5019607843137255 0.26666666666666666
            ambientIntensity 0.2
            transparency 0
            shininess 0.5
        }
    }
    geometry IndexedFaceSet {
        ccw TRUE
        solid FALSE
        coord DEF co Coordinate {
            point [
                2.0984 0.4485 0.6289, 2.0984 0.4498 0.6301, 2.0984 0.4148 0.7102, 2.0984 0.3967 0.7102, 2.0984 0.3967 0.6176, 2.0984 0.4141 0.6176, 2.0984 0.4309 0.6196, 2.0984 0.4408 0.6235, 2.0984 0.4551 0.6364, 2.0984 0.4595 0.6451, 2.0984 0.462 0.6557, 2.0984 0.4626 0.665, 2.0984 0.4608 0.6802, 2.0984 0.4574 0.6889, 2.0984 0.4528 0.6956, 2.0984 0.4495 0.6989, 2.0984 0.4303 0.7085, 2.0984 0.4407 0.7047, 2.0984 0.4407 0.7047
            ]
        }
        coordIndex [
            0,1,2,-1,3,4,2,-1,2,4,5,-1,5,6,2,-1,2,6,7,-1,2,7,0,-1,1,8,2,-1,2,8,9,-1,2,9,10,-1,10,11,2,-1,2,11,12,-1,2,12,13,-1,13,14,2,-1,2,14,15,-1,2,15,16,-1,16,15,17,-1,
        ]
    }
}
Shape{
    appearance Appearance {
        material  Material 	{
            diffuseColor 0.0 0.0 0.0
            specularColor 0.0 0.0 0.0
            ambientIntensity 0.2
            transparency 0
            shininess 0.5
        }
    }
    geometry IndexedFaceSet {
        ccw TRUE
        solid FALSE
        coord DEF co Coordinate {
            point [
                2.0985 0.5192 0.6503, 2.0985 0.5143 0.6367, 2.0985 0.5595 0.6503, 2.0985 0.5643 0.6367, 2.0985 0.5372 0.7002, 2.0985 0.5314 0.724, 2.0985 0.4856 0.6039, 2.0985 0.5027 0.6039, 2.0985 0.5382 0.7038, 2.0985 0.5391 0.7086, 2.0985 0.5479 0.724, 2.0985 0.5395 0.7086, 2.0985 0.5405 0.7035, 2.0985 0.5414 0.7002, 2.0985 0.5937 0.6039, 2.0985 0.5766 0.6039, 2.0984 0.5479 0.724, 2.0984 0.5937 0.6039, 2.0984 0.5314 0.724, 2.0984 0.4856 0.6039, 2.0984 0.5027 0.6039, 2.0984 0.5143 0.6367, 2.0984 0.5643 0.6367, 2.0984 0.5766 0.6039, 2.0984 0.5192 0.6503, 2.0984 0.5595 0.6503, 2.0984 0.5414 0.7002, 2.0984 0.5395 0.7086, 2.0984 0.5405 0.7035, 2.0984 0.5391 0.7086, 2.0984 0.5372 0.7002, 2.0984 0.5382 0.7038, 2.0984 0.5382 0.7038
            ]
        }
        coordIndex [
            0,1,2,-1,2,1,3,-1,4,5,0,-1,0,5,6,-1,0,6,1,-1,1,6,7,-1,4,8,5,-1,5,8,9,-1,5,9,10,-1,10,9,11,-1,10,11,12,-1,12,13,10,-1,10,13,2,-1,10,2,14,-1,14,2,3,-1,14,3,15,-1,10,14,16,-1,16,14,17,-1,5,10,18,-1,18,10,16,-1,6,5,19,-1,19,5,18,-1,7,6,20,-1,20,6,19,-1,1,7,21,-1,21,7,20,-1,3,1,22,-1,22,1,21,-1,15,3,23,-1,23,3,22,-1,14,15,17,-1,17,15,23,-1,0,2,24,-1,24,2,25,-1,2,13,25,-1,25,13,26,-1,11,27,28,-1,11,28,12,-1,12,28,26,-1,12,26,13,-1,11,9,27,-1,27,9,29,-1,4,30,31,-1,4,31,8,-1,8,31,29,-1,8,29,9,-1,4,0,30,-1,30,0,24,-1,
        ]
    }
}
Shape{
    appearance Appearance {
        material  Material 	{
            diffuseColor 0.1843137254901961 1.0 0.5372549019607843
            specularColor 0.09411764705882353 0.5019607843137255 0.26666666666666666
            ambientIntensity 0.2
            transparency 0
            shininess 0.5
        }
    }
    geometry IndexedFaceSet {
        ccw TRUE
        solid FALSE
        coord DEF co Coordinate {
            point [
                2.0984 0.5395 0.7086, 2.0984 0.5391 0.7086, 2.0984 0.5405 0.7035, 2.0984 0.5382 0.7038, 2.0984 0.5414 0.7002, 2.0984 0.5372 0.7002, 2.0984 0.5595 0.6503, 2.0984 0.5192 0.6503, 2.0984 0.5192 0.6503
            ]
        }
        coordIndex [
            0,1,2,-1,2,1,3,-1,2,3,4,-1,4,3,5,-1,4,5,6,-1,6,5,7,-1,
        ]
    }
}
Shape{
    appearance Appearance {
        material  Material 	{
            diffuseColor 0.0 0.0 0.0
            specularColor 0.0 0.0 0.0
            ambientIntensity 0.2
            transparency 0
            shininess 0.5
        }
    }
    geometry IndexedFaceSet {
        ccw TRUE
        solid FALSE
        coord DEF co Coordinate {
            point [
                2.0985 -0.5692 0.5869, 2.0985 -0.5565 0.5712, 2.0985 -0.5769 0.6624, 2.0985 -0.5916 0.8108, 2.0985 -0.5726 0.8209, 2.0985 -0.5747 0.874, 2.0985 -0.4267 0.5836, 2.0985 -0.4166 0.6026, 2.0985 -0.4117 0.6237, 2.0985 -0.5436 0.8776, 2.0985 -0.2917 0.7042, 2.0985 -0.3181 0.7495, 2.0985 -0.4112 0.641, 2.0985 -0.4326 0.6897, 2.0985 -0.4112 0.6325, 2.0985 -0.4569 0.5569, 2.0985 -0.4399 0.5688, 2.0985 -0.5187 0.606, 2.0985 -0.5117 0.6016, 2.0985 -0.5398 0.5586, 2.0985 -0.5037 0.5989, 2.0985 -0.4419 0.8804, 2.0985 -0.4657 0.9263, 2.0985 -0.4864 0.9134, 2.0985 -0.5955 0.6738, 2.0985 -0.5914 0.6094, 2.0985 -0.5777 0.6052, 2.0985 -0.2635 0.7888, 2.0985 -0.2567 0.7888, 2.0985 -0.2216 0.8349, 2.0985 -0.2404 0.7868, 2.0985 -0.2174 0.8334, 2.0985 -0.2255 0.781, 2.0985 -0.192 0.8208, 2.0985 -0.1688 0.8012, 2.0985 -0.4657 0.863, 2.0985 -0.5064 0.8963, 2.0985 -0.4847 0.84, 2.0985 -0.5239 0.8759, 2.0985 -0.4975 0.8135, 2.0985 -0.5515 0.8259, 2.0985 -0.5427 0.8263, 2.0985 -0.5338 0.877, 2.0985 -0.5228 0.8239, 2.0985 -0.5037 0.8169, 2.0985 -0.5304 0.6267, 2.0985 -0.5283 0.6189, 2.0985 -0.5244 0.612, 2.0985 -0.5201 0.5503, 2.0985 -0.4999 0.5472, 2.0985 -0.4975 0.5983, 2.0985 -0.4966 0.5471, 2.0985 -0.49 0.5992, 2.0985 -0.476 0.5496, 2.0985 -0.4825 0.6019, 2.0985 -0.4759 0.6063, 2.0985 -0.4703 0.6124, 2.0985 -0.1687 0.6419, 2.0985 -0.2086 0.6757, 2.0985 -0.192 0.6222, 2.0985 -0.2212 0.6654, 2.0985 -0.2181 0.6094, 2.0985 -0.2363 0.6585, 2.0985 -0.2464 0.6035, 2.0985 -0.2515 0.6555, 2.0985 -0.2968 0.6035, 2.0985 -0.29 0.6555, 2.0985 -0.3016 0.6042, 2.0985 -0.6108 0.6895, 2.0985 -0.646 0.6462, 2.0985 -0.6219 0.6251, 2.0985 -0.6256 0.7616, 2.0985 -0.6816 0.748, 2.0985 -0.6281 0.7409, 2.0985 -0.6819 0.7392, 2.0985 -0.6271 0.7279, 2.0985 -0.6784 0.7082, 2.0985 -0.621 0.707, 2.0985 -0.6667 0.6763, 2.0985 -0.6485 0.6489, 2.0985 -0.4663 0.6434, 2.0985 -0.4644 0.6354, 2.0985 -0.4644 0.628, 2.0985 -0.4664 0.6198, 2.0985 -0.2123 0.7718, 2.0985 -0.2024 0.7607, 2.0985 -0.1514 0.7769, 2.0985 -0.1944 0.746, 2.0985 -0.141 0.7508, 2.0985 -0.1905 0.7296, 2.0985 -0.1371 0.723, 2.0985 -0.19 0.7222, 2.0985 -0.1411 0.6924, 2.0985 -0.1921 0.7055, 2.0985 -0.1518 0.6653, 2.0985 -0.198 0.6903, 2.0985 -0.2074 0.677, 2.0985 -0.2678 0.9023, 2.0985 -0.3004 0.8623, 2.0985 -0.2399 0.8703, 2.0985 -0.2813 0.8391, 2.0985 -0.2684 0.8115, 2.0985 -0.6065 0.8623, 2.0985 -0.6351 0.8429, 2.0985 -0.6064 0.7976, 2.0985 -0.6418 0.8366, 2.0985 -0.6183 0.7806, 2.0985 -0.6611 0.8122, 2.0985 -0.6752 0.7818, 2.0985 -0.4263 0.9415, 2.0985 -0.4139 0.8916, 2.0985 -0.3839 0.9467, 2.0985 -0.383 0.8955, 2.0985 -0.3487 0.943, 2.0985 -0.3544 0.892, 2.0985 -0.3058 0.9279, 2.0985 -0.3276 0.8819, 2.0985 -0.3036 0.8653, 2.0985 -0.5306 0.6351, 2.0985 -0.5287 0.6433, 2.0985 -0.5674 0.6808, 2.0985 -0.5247 0.6507, 2.0985 -0.5533 0.6969, 2.0985 -0.5192 0.6569, 2.0985 -0.5358 0.709, 2.0985 -0.5124 0.6614, 2.0985 -0.517 0.7162, 2.0985 -0.5049 0.6641, 2.0985 -0.4966 0.7187, 2.0985 -0.4975 0.6649, 2.0985 -0.4862 0.7181, 2.0985 -0.4902 0.6641, 2.0985 -0.4656 0.713, 2.0985 -0.4822 0.6612, 2.0985 -0.4475 0.7033, 2.0985 -0.4754 0.6566, 2.0985 -0.4699 0.6504, 2.0985 -0.2942 0.6563, 2.0985 -0.3148 0.6124, 2.0985 -0.3128 0.6104, 2.0985 -0.2917 0.6558, 2.0985 -0.3072 0.6065, 2.0985 -0.3215 0.6299, 2.0985 -0.3207 0.6236, 2.0985 -0.3185 0.6178, 2.0985 -0.3016 0.6556, 2.0985 -0.3074 0.6533, 2.0985 -0.3214 0.6329, 2.0985 -0.3127 0.6496, 2.0985 -0.3166 0.6453, 2.0985 -0.3198 0.6394, 2.0985 -0.2951 0.6564, 2.0984 -0.1371 0.723, 2.0984 -0.141 0.7508, 2.0984 -0.1439 0.7582, 2.0984 -0.1514 0.7769, 2.0984 -0.1632 0.7934, 2.0984 -0.1688 0.8012, 2.0984 -0.192 0.8208, 2.0984 -0.2174 0.8334, 2.0984 -0.2216 0.8349, 2.0984 -0.2399 0.8703, 2.0984 -0.2678 0.9023, 2.0984 -0.2874 0.9155, 2.0984 -0.3058 0.9279, 2.0984 -0.3487 0.943, 2.0984 -0.3839 0.9467, 2.0984 -0.4864 0.9134, 2.0984 -0.483 0.9155, 2.0984 -0.4657 0.9263, 2.0984 -0.4263 0.9415, 2.0984 -0.5064 0.8963, 2.0984 -0.5239 0.8759, 2.0984 -0.5338 0.877, 2.0984 -0.5436 0.8776, 2.0984 -0.5747 0.874, 2.0984 -0.6065 0.8623, 2.0984 -0.6351 0.8429, 2.0984 -0.6418 0.8366, 2.0984 -0.6819 0.7392, 2.0984 -0.6611 0.8122, 2.0984 -0.6698 0.7934, 2.0984 -0.6752 0.7818, 2.0984 -0.6797 0.7582, 2.0984 -0.6816 0.748, 2.0984 -0.6784 0.7082, 2.0984 -0.6667 0.6763, 2.0984 -0.6485 0.6489, 2.0984 -0.646 0.6462, 2.0984 -0.6219 0.6251, 2.0984 -0.5914 0.6094, 2.0984 -0.5777 0.6052, 2.0984 -0.5767 0.6029, 2.0984 -0.5692 0.5869, 2.0984 -0.5565 0.5712, 2.0984 -0.5398 0.5586, 2.0984 -0.5319 0.5553, 2.0984 -0.5201 0.5503, 2.0984 -0.4999 0.5472, 2.0984 -0.4966 0.5471, 2.0984 -0.4112 0.6325, 2.0984 -0.476 0.5496, 2.0984 -0.4612 0.5553, 2.0984 -0.4569 0.5569, 2.0984 -0.4399 0.5688, 2.0984 -0.4267 0.5836, 2.0984 -0.4166 0.6026, 2.0984 -0.4166 0.6029, 2.0984 -0.4117 0.6237, 2.0984 -0.4112 0.641, 2.0984 -0.2917 0.7042, 2.0984 -0.3181 0.7495, 2.0984 -0.4326 0.6897, 2.0984 -0.4475 0.7033, 2.0984 -0.4656 0.713, 2.0984 -0.4862 0.7181, 2.0984 -0.4966 0.7187, 2.0984 -0.517 0.7162, 2.0984 -0.5358 0.709, 2.0984 -0.5533 0.6969, 2.0984 -0.5674 0.6808, 2.0984 -0.5769 0.6624, 2.0984 -0.5955 0.6738, 2.0984 -0.6108 0.6895, 2.0984 -0.621 0.707, 2.0984 -0.6271 0.7279, 2.0984 -0.6281 0.7409, 2.0984 -0.626 0.7582, 2.0984 -0.6256 0.7616, 2.0984 -0.6183 0.7806, 2.0984 -0.6094 0.7934, 2.0984 -0.6064 0.7976, 2.0984 -0.5916 0.8108, 2.0984 -0.5726 0.8209, 2.0984 -0.5515 0.8259, 2.0984 -0.5427 0.8263, 2.0984 -0.5228 0.8239, 2.0984 -0.5037 0.8169, 2.0984 -0.4975 0.8135, 2.0984 -0.4847 0.84, 2.0984 -0.4657 0.863, 2.0984 -0.4419 0.8804, 2.0984 -0.4139 0.8916, 2.0984 -0.383 0.8955, 2.0984 -0.2635 0.7888, 2.0984 -0.2645 0.7934, 2.0984 -0.2684 0.8115, 2.0984 -0.2813 0.8391, 2.0984 -0.3004 0.8623, 2.0984 -0.3036 0.8653, 2.0984 -0.3276 0.8819, 2.0984 -0.3544 0.892, 2.0984 -0.2567 0.7888, 2.0984 -0.2404 0.7868, 2.0984 -0.2255 0.781, 2.0984 -0.2123 0.7718, 2.0984 -0.2024 0.7607, 2.0984 -0.201 0.7582, 2.0984 -0.1944 0.746, 2.0984 -0.1905 0.7296, 2.0984 -0.19 0.7222, 2.0984 -0.1921 0.7055, 2.0984 -0.198 0.6903, 2.0984 -0.2074 0.677, 2.0984 -0.2086 0.6757, 2.0984 -0.2212 0.6654, 2.0984 -0.2363 0.6585, 2.0984 -0.2515 0.6555, 2.0984 -0.29 0.6555, 2.0984 -0.2917 0.6558, 2.0984 -0.2942 0.6563, 2.0984 -0.2951 0.6564, 2.0984 -0.3016 0.6556, 2.0984 -0.3074 0.6533, 2.0984 -0.3127 0.6496, 2.0984 -0.3166 0.6453, 2.0984 -0.3198 0.6394, 2.0984 -0.3214 0.6329, 2.0984 -0.3215 0.6299, 2.0984 -0.3207 0.6236, 2.0984 -0.3185 0.6178, 2.0984 -0.3148 0.6124, 2.0984 -0.3128 0.6104, 2.0984 -0.3072 0.6065, 2.0984 -0.3016 0.6042, 2.0984 -0.2968 0.6035, 2.0984 -0.2464 0.6035, 2.0984 -0.2181 0.6094, 2.0984 -0.192 0.6222, 2.0984 -0.1687 0.6419, 2.0984 -0.1518 0.6653, 2.0984 -0.1411 0.6924, 2.0984 -0.4975 0.6649, 2.0984 -0.4902 0.6641, 2.0984 -0.4822 0.6612, 2.0984 -0.4754 0.6566, 2.0984 -0.4699 0.6504, 2.0984 -0.4663 0.6434, 2.0984 -0.4644 0.6354, 2.0984 -0.4644 0.628, 2.0984 -0.4664 0.6198, 2.0984 -0.4703 0.6124, 2.0984 -0.4759 0.6063, 2.0984 -0.4825 0.6019, 2.0984 -0.49 0.5992, 2.0984 -0.4975 0.5983, 2.0984 -0.5037 0.5989, 2.0984 -0.5117 0.6016, 2.0984 -0.5187 0.606, 2.0984 -0.5244 0.612, 2.0984 -0.5283 0.6189, 2.0984 -0.5304 0.6267, 2.0984 -0.5306 0.6351, 2.0984 -0.5287 0.6433, 2.0984 -0.5247 0.6507, 2.0984 -0.5192 0.6569, 2.0984 -0.5124 0.6614, 2.0984 -0.5049 0.6641, 2.0984 -0.5049 0.6641
            ]
        }
        coordIndex [
            0,1,2,-1,3,4,5,-1,6,7,8,-1,5,4,9,-1,10,11,12,-1,12,11,13,-1,12,13,14,-1,14,13,15,-1,14,15,8,-1,8,15,16,-1,8,16,6,-1,17,1,18,-1,18,1,19,-1,18,19,20,-1,21,22,23,-1,24,25,2,-1,2,25,26,-1,2,26,0,-1,27,28,29,-1,29,28,30,-1,29,30,31,-1,31,30,32,-1,31,32,33,-1,33,32,34,-1,21,23,35,-1,35,23,36,-1,35,36,37,-1,37,36,38,-1,37,38,39,-1,4,40,9,-1,9,40,41,-1,9,41,42,-1,42,41,43,-1,42,43,38,-1,38,43,44,-1,38,44,39,-1,45,2,46,-1,46,2,1,-1,46,1,47,-1,47,1,17,-1,19,48,20,-1,20,48,49,-1,20,49,50,-1,50,49,51,-1,50,51,52,-1,52,51,53,-1,52,53,54,-1,54,53,15,-1,54,15,55,-1,55,15,56,-1,57,58,59,-1,59,58,60,-1,59,60,61,-1,61,60,62,-1,61,62,63,-1,63,62,64,-1,63,64,65,-1,65,64,66,-1,65,66,67,-1,68,69,24,-1,24,69,70,-1,24,70,25,-1,71,72,73,-1,73,72,74,-1,73,74,75,-1,75,74,76,-1,75,76,77,-1,77,76,78,-1,77,78,68,-1,68,78,79,-1,68,79,69,-1,80,81,13,-1,13,81,82,-1,13,82,15,-1,15,82,83,-1,15,83,56,-1,32,84,34,-1,34,84,85,-1,34,85,86,-1,86,85,87,-1,86,87,88,-1,88,87,89,-1,88,89,90,-1,90,89,91,-1,90,91,92,-1,92,91,93,-1,92,93,94,-1,94,93,95,-1,94,95,57,-1,57,95,96,-1,57,96,58,-1,97,98,99,-1,99,98,100,-1,99,100,29,-1,29,100,101,-1,29,101,27,-1,5,102,3,-1,3,102,103,-1,3,103,104,-1,104,103,105,-1,104,105,106,-1,106,105,107,-1,106,107,71,-1,71,107,108,-1,71,108,72,-1,22,21,109,-1,109,21,110,-1,109,110,111,-1,111,110,112,-1,111,112,113,-1,113,112,114,-1,113,114,115,-1,115,114,116,-1,115,116,97,-1,97,116,117,-1,97,117,98,-1,45,118,2,-1,2,118,119,-1,2,119,120,-1,120,119,121,-1,120,121,122,-1,122,121,123,-1,122,123,124,-1,124,123,125,-1,124,125,126,-1,126,125,127,-1,126,127,128,-1,128,127,129,-1,128,129,130,-1,130,129,131,-1,130,131,132,-1,132,131,133,-1,132,133,134,-1,134,133,135,-1,134,135,13,-1,13,135,136,-1,13,136,80,-1,137,138,139,-1,66,140,67,-1,67,140,137,-1,67,137,141,-1,141,137,139,-1,142,143,137,-1,137,143,144,-1,137,144,138,-1,145,146,147,-1,146,148,147,-1,147,148,149,-1,147,149,150,-1,142,137,147,-1,147,137,151,-1,147,151,145,-1,90,152,153,-1,90,153,88,-1,88,153,154,-1,88,154,86,-1,154,155,86,-1,86,155,156,-1,86,156,34,-1,156,157,34,-1,34,157,158,-1,34,158,33,-1,33,158,159,-1,33,159,31,-1,31,159,160,-1,31,160,29,-1,29,160,161,-1,29,161,99,-1,99,161,162,-1,99,162,97,-1,97,162,163,-1,97,163,115,-1,163,164,115,-1,115,164,165,-1,115,165,113,-1,113,165,166,-1,113,166,111,-1,167,23,168,-1,168,23,22,-1,168,22,169,-1,169,22,109,-1,169,109,170,-1,170,109,111,-1,170,111,166,-1,23,167,171,-1,23,171,36,-1,36,171,172,-1,36,172,38,-1,38,172,173,-1,38,173,42,-1,42,173,174,-1,42,174,9,-1,9,174,175,-1,9,175,5,-1,5,175,176,-1,5,176,102,-1,102,176,177,-1,102,177,103,-1,103,177,178,-1,103,178,105,-1,179,74,72,-1,105,178,180,-1,105,180,107,-1,107,180,181,-1,107,181,108,-1,181,182,108,-1,108,182,183,-1,108,183,72,-1,72,183,184,-1,72,184,179,-1,74,179,185,-1,74,185,76,-1,76,185,186,-1,76,186,78,-1,78,186,187,-1,78,187,79,-1,79,187,188,-1,79,188,69,-1,69,188,189,-1,69,189,70,-1,70,189,190,-1,70,190,25,-1,25,190,191,-1,25,191,26,-1,26,191,192,-1,26,192,0,-1,192,193,0,-1,0,193,194,-1,0,194,1,-1,1,194,195,-1,1,195,19,-1,19,195,196,-1,19,196,48,-1,196,197,48,-1,48,197,198,-1,48,198,49,-1,49,198,199,-1,49,199,51,-1,200,14,8,-1,51,199,201,-1,51,201,53,-1,53,201,202,-1,53,202,15,-1,202,203,15,-1,15,203,204,-1,15,204,16,-1,16,204,205,-1,16,205,6,-1,6,205,206,-1,6,206,7,-1,7,206,207,-1,7,207,8,-1,8,207,208,-1,8,208,200,-1,12,14,209,-1,209,14,200,-1,10,12,210,-1,210,12,209,-1,11,10,211,-1,211,10,210,-1,13,11,212,-1,212,11,211,-1,13,212,213,-1,13,213,134,-1,134,213,214,-1,134,214,132,-1,132,214,215,-1,132,215,130,-1,130,215,216,-1,130,216,128,-1,128,216,217,-1,128,217,126,-1,126,217,218,-1,126,218,124,-1,124,218,219,-1,124,219,122,-1,122,219,220,-1,122,220,120,-1,120,220,221,-1,120,221,2,-1,2,221,222,-1,2,222,24,-1,24,222,223,-1,24,223,68,-1,68,223,224,-1,68,224,77,-1,77,224,225,-1,77,225,75,-1,75,225,226,-1,75,226,73,-1,71,73,227,-1,227,73,226,-1,227,228,71,-1,71,228,229,-1,71,229,106,-1,106,229,230,-1,106,230,104,-1,230,231,104,-1,104,231,232,-1,104,232,3,-1,3,232,233,-1,3,233,4,-1,4,233,234,-1,4,234,40,-1,40,234,235,-1,40,235,41,-1,41,235,236,-1,41,236,43,-1,43,236,237,-1,43,237,44,-1,44,237,238,-1,44,238,39,-1,39,238,239,-1,39,239,37,-1,37,239,240,-1,37,240,35,-1,35,240,241,-1,35,241,21,-1,21,241,242,-1,21,242,110,-1,110,242,243,-1,110,243,112,-1,244,27,245,-1,245,27,101,-1,245,101,246,-1,246,101,100,-1,246,100,247,-1,247,100,98,-1,247,98,248,-1,248,98,117,-1,248,117,249,-1,249,117,116,-1,249,116,250,-1,250,116,114,-1,250,114,251,-1,251,114,112,-1,251,112,243,-1,28,27,252,-1,252,27,244,-1,28,252,253,-1,28,253,30,-1,30,253,254,-1,30,254,32,-1,32,254,255,-1,32,255,84,-1,84,255,256,-1,84,256,85,-1,85,256,257,-1,85,257,87,-1,257,258,87,-1,87,258,259,-1,87,259,89,-1,89,259,260,-1,89,260,91,-1,91,260,261,-1,91,261,93,-1,93,261,262,-1,93,262,95,-1,95,262,263,-1,95,263,96,-1,96,263,264,-1,96,264,58,-1,58,264,265,-1,58,265,60,-1,60,265,266,-1,60,266,62,-1,62,266,267,-1,62,267,64,-1,66,64,268,-1,268,64,267,-1,66,268,269,-1,66,269,140,-1,140,269,270,-1,140,270,137,-1,137,270,271,-1,137,271,151,-1,151,271,272,-1,151,272,145,-1,145,272,273,-1,145,273,146,-1,146,273,274,-1,146,274,148,-1,148,274,275,-1,148,275,149,-1,149,275,276,-1,149,276,150,-1,150,276,277,-1,150,277,147,-1,147,277,278,-1,147,278,142,-1,142,278,279,-1,142,279,143,-1,143,279,280,-1,143,280,144,-1,144,280,281,-1,144,281,138,-1,138,281,282,-1,138,282,139,-1,139,282,283,-1,139,283,141,-1,141,283,284,-1,141,284,67,-1,67,284,285,-1,67,285,65,-1,63,65,286,-1,286,65,285,-1,63,286,287,-1,63,287,61,-1,61,287,288,-1,61,288,59,-1,59,288,289,-1,59,289,57,-1,57,289,290,-1,57,290,94,-1,94,290,291,-1,94,291,92,-1,92,291,152,-1,92,152,90,-1,129,292,293,-1,129,293,131,-1,131,293,294,-1,131,294,133,-1,133,294,295,-1,133,295,135,-1,135,295,296,-1,135,296,136,-1,136,296,297,-1,136,297,80,-1,80,297,298,-1,80,298,81,-1,81,298,299,-1,81,299,82,-1,82,299,300,-1,82,300,83,-1,83,300,301,-1,83,301,56,-1,56,301,302,-1,56,302,55,-1,55,302,303,-1,55,303,54,-1,54,303,304,-1,54,304,52,-1,52,304,305,-1,52,305,50,-1,50,305,306,-1,50,306,20,-1,20,306,307,-1,20,307,18,-1,18,307,308,-1,18,308,17,-1,17,308,309,-1,17,309,47,-1,47,309,310,-1,47,310,46,-1,46,310,311,-1,46,311,45,-1,45,311,312,-1,45,312,118,-1,118,312,313,-1,118,313,119,-1,119,313,314,-1,119,314,121,-1,121,314,315,-1,121,315,123,-1,123,315,316,-1,123,316,125,-1,125,316,317,-1,125,317,127,-1,127,317,292,-1,127,292,129,-1,
        ]
    }
}
Shape{
    appearance Appearance {
        material  Material 	{
            diffuseColor 0.1843137254901961 1.0 0.5372549019607843
            specularColor 0.09411764705882353 0.5019607843137255 0.26666666666666666
            ambientIntensity 0.2
            transparency 0
            shininess 0.5
        }
    }
    geometry IndexedFaceSet {
        ccw TRUE
        solid FALSE
        coord DEF co Coordinate {
            point [
                2.0984 -0.5037 0.5989, 2.0984 -0.4975 0.5983, 2.0984 -0.4975 0.6649, 2.0984 -0.4825 0.6019, 2.0984 -0.4644 0.628, 2.0984 -0.49 0.5992, 2.0984 -0.4644 0.6354, 2.0984 -0.4663 0.6434, 2.0984 -0.4699 0.6504, 2.0984 -0.4754 0.6566, 2.0984 -0.5124 0.6614, 2.0984 -0.5244 0.612, 2.0984 -0.5187 0.606, 2.0984 -0.4822 0.6612, 2.0984 -0.4902 0.6641, 2.0984 -0.5283 0.6189, 2.0984 -0.5192 0.6569, 2.0984 -0.5304 0.6267, 2.0984 -0.5049 0.6641, 2.0984 -0.5117 0.6016, 2.0984 -0.4759 0.6063, 2.0984 -0.4703 0.6124, 2.0984 -0.4664 0.6198, 2.0984 -0.5306 0.6351, 2.0984 -0.5247 0.6507, 2.0984 -0.5287 0.6433, 2.0984 -0.5287 0.6433
            ]
        }
        coordIndex [
            0,1,2,-1,3,4,5,-1,5,4,6,-1,5,6,1,-1,6,7,1,-1,1,7,8,-1,1,8,9,-1,10,11,12,-1,9,13,1,-1,1,13,14,-1,1,14,2,-1,11,10,15,-1,15,10,16,-1,15,16,17,-1,2,18,0,-1,0,18,10,-1,0,10,19,-1,19,10,12,-1,3,20,4,-1,4,20,21,-1,4,21,22,-1,17,16,23,-1,23,16,24,-1,23,24,25,-1,
        ]
    }
}