#VRML V2.0 utf8
# 3D model generated by easyeda2kicad.py (https://github.com/uPesy/easyeda2kicad.py)

Shape{
    appearance Appearance {
        material  Material 	{
            diffuseColor 0.7529411764705882 0.7529411764705882 0.7529411764705882
            specularColor 0.3764705882352941 0.3764705882352941 0.3764705882352941
            ambientIntensity 0.2
            transparency 0
            shininess 0.5
        }
    }
    geometry IndexedFaceSet {
        ccw TRUE
        solid FALSE
        coord DEF co Coordinate {
            point [
                -0.935 -0.1844 -0.0591, -0.935 -0.9324 -0.0591, -1.0138 -0.1844 -0.0591, -1.0138 -0.9324 -0.0591, -1.0138 -0.1844 0.1181, -0.935 -0.1844 0.1181, -1.0138 -0.1056 0.1969, -0.935 -0.1056 0.1969, -1.0138 -0.126 0.1942, -0.935 -0.126 0.1942, -1.0138 -0.145 0.1863, -0.935 -0.145 0.1863, -1.0138 -0.1613 0.1738, -0.935 -0.1613 0.1738, -1.0138 -0.1738 0.1575, -0.935 -0.1738 0.1575, -1.0138 -0.1817 0.1385, -0.935 -0.1817 0.1385, -1.0138 0.544 0.1969, -0.935 0.544 0.1969, -1.0138 0.6227 0.2756, -0.935 0.6227 0.2756, -0.935 0.62 0.2552, -1.0138 0.62 0.2552, -0.935 0.6122 0.2362, -1.0138 0.6122 0.2362, -0.935 0.5996 0.2199, -1.0138 0.5996 0.2199, -0.935 0.5833 0.2074, -1.0138 0.5833 0.2074, -0.935 0.5643 0.1995, -1.0138 0.5643 0.1995, -1.0138 0.6227 0.7586, -0.935 0.6227 0.7586, -1.0138 0.6333 0.798, -0.935 0.6333 0.798, -1.0138 0.6254 0.779, -0.935 0.6254 0.779, -1.0138 0.7303 0.966, -0.935 0.7303 0.966, -1.0138 0.7408 1.0054, -0.935 0.7408 1.0054, -0.935 0.7381 0.985, -1.0138 0.7381 0.985, -1.0138 0.7408 1.378, -0.935 0.7408 1.378, -1.0138 0.6621 1.4567, -0.935 0.6621 1.4567, -0.935 0.6825 1.454, -1.0138 0.6825 1.454, -0.935 0.7014 1.4461, -1.0138 0.7014 1.4461, -0.935 0.7178 1.4336, -1.0138 0.7178 1.4336, -0.935 0.7303 1.4173, -1.0138 0.7303 1.4173, -0.935 0.7381 1.3983, -1.0138 0.7381 1.3983, -1.0138 -0.4993 1.4567, -0.935 -0.4993 1.4567, -1.0138 -0.5781 1.378, -0.935 -0.5781 1.378, -0.935 -0.5754 1.3983, -1.0138 -0.5754 1.3983, -0.935 -0.5675 1.4173, -1.0138 -0.5675 1.4173, -0.935 -0.555 1.4336, -1.0138 -0.555 1.4336, -0.935 -0.5387 1.4461, -1.0138 -0.5387 1.4461, -0.935 -0.5197 1.454, -1.0138 -0.5197 1.454, -1.0138 -0.5781 0.4134, -0.935 -0.5781 0.4134, -1.0138 -0.6568 0.3346, -0.935 -0.6568 0.3346, -1.0138 -0.6364 0.3373, -0.935 -0.6364 0.3373, -1.0138 -0.6175 0.3452, -0.935 -0.6175 0.3452, -1.0138 -0.6011 0.3577, -0.935 -0.6011 0.3577, -1.0138 -0.5886 0.374, -0.935 -0.5886 0.374, -1.0138 -0.5808 0.393, -0.935 -0.5808 0.393, -1.0138 -0.9324 0.3346, -0.935 -0.9324 0.3346, -0.935 -0.9718 -0.0197, -0.935 -0.9718 0.2953, -1.0138 -0.9718 -0.0197, -1.0138 -0.9718 0.2953, -1.0138 -0.9426 -0.0577, -1.0138 -0.9665 -0.0394, -1.0138 -0.9704 -0.0299, -1.0138 -0.9704 0.3055, -1.0138 -0.9665 0.315, -1.0138 -0.9426 0.3333, -1.0138 -0.9603 0.3231, -1.0138 -0.9521 0.3294, -1.0138 -0.9521 -0.0538, -1.0138 -0.9603 -0.0475, -0.935 -0.9521 0.3294, -0.935 -0.9603 0.3231, -0.935 -0.9426 0.3333, -0.935 -0.9665 0.315, -0.935 -0.9704 0.3055, -0.935 -0.9704 -0.0299, -0.935 -0.9665 -0.0394, -0.935 -0.9603 -0.0475, -0.935 -0.9521 -0.0538, -0.935 -0.9426 -0.0577, -0.935 -0.9426 -0.0577
            ]
        }
        coordIndex [
            0,1,2,-1,2,1,3,-1,2,4,0,-1,0,4,5,-1,6,7,8,-1,8,7,9,-1,8,9,10,-1,10,9,11,-1,10,11,12,-1,12,11,13,-1,12,13,14,-1,14,13,15,-1,14,15,16,-1,16,15,17,-1,16,17,4,-1,4,17,5,-1,6,18,7,-1,7,18,19,-1,20,21,22,-1,20,22,23,-1,23,22,24,-1,23,24,25,-1,25,24,26,-1,25,26,27,-1,27,26,28,-1,27,28,29,-1,29,28,30,-1,29,30,31,-1,31,30,19,-1,31,19,18,-1,20,32,21,-1,21,32,33,-1,34,35,36,-1,36,35,37,-1,36,37,32,-1,32,37,33,-1,34,38,35,-1,35,38,39,-1,40,41,42,-1,40,42,43,-1,43,42,39,-1,43,39,38,-1,40,44,41,-1,41,44,45,-1,46,47,48,-1,46,48,49,-1,49,48,50,-1,49,50,51,-1,51,50,52,-1,51,52,53,-1,53,52,54,-1,53,54,55,-1,55,54,56,-1,55,56,57,-1,57,56,45,-1,57,45,44,-1,46,58,47,-1,47,58,59,-1,60,61,62,-1,60,62,63,-1,63,62,64,-1,63,64,65,-1,65,64,66,-1,65,66,67,-1,67,66,68,-1,67,68,69,-1,69,68,70,-1,69,70,71,-1,71,70,59,-1,71,59,58,-1,60,72,61,-1,61,72,73,-1,74,75,76,-1,76,75,77,-1,76,77,78,-1,78,77,79,-1,78,79,80,-1,80,79,81,-1,80,81,82,-1,82,81,83,-1,82,83,84,-1,84,83,85,-1,84,85,72,-1,72,85,73,-1,74,86,75,-1,75,86,87,-1,88,89,90,-1,90,89,91,-1,36,60,34,-1,34,60,63,-1,34,63,38,-1,38,63,43,-1,71,58,63,-1,76,78,2,-1,2,78,80,-1,58,44,63,-1,63,44,40,-1,63,40,43,-1,36,32,60,-1,60,32,18,-1,60,18,6,-1,86,74,91,-1,55,49,53,-1,53,49,51,-1,58,46,44,-1,44,46,49,-1,44,49,57,-1,57,49,55,-1,6,8,60,-1,60,8,10,-1,60,10,72,-1,72,10,12,-1,72,12,84,-1,84,12,14,-1,84,14,82,-1,82,14,16,-1,82,16,80,-1,80,16,4,-1,80,4,2,-1,71,63,69,-1,69,63,65,-1,69,65,67,-1,32,20,18,-1,18,20,23,-1,18,23,25,-1,25,27,18,-1,18,27,29,-1,18,29,31,-1,76,2,74,-1,74,2,3,-1,74,3,92,-1,93,94,74,-1,74,94,90,-1,74,90,91,-1,91,95,86,-1,86,95,96,-1,86,96,97,-1,97,96,98,-1,97,98,99,-1,92,100,74,-1,74,100,101,-1,74,101,93,-1,35,62,37,-1,37,62,61,-1,37,61,33,-1,11,61,13,-1,13,61,73,-1,13,73,15,-1,15,73,85,-1,15,85,17,-1,17,85,83,-1,17,83,5,-1,5,83,81,-1,5,81,0,-1,81,79,0,-1,0,79,77,-1,0,77,1,-1,1,77,75,-1,35,39,62,-1,62,39,42,-1,62,42,41,-1,41,45,62,-1,62,45,47,-1,62,47,59,-1,59,70,62,-1,62,70,68,-1,62,68,64,-1,64,68,66,-1,87,89,75,-1,75,89,88,-1,54,52,50,-1,45,56,47,-1,47,56,54,-1,47,54,48,-1,48,54,50,-1,11,9,61,-1,61,9,7,-1,61,7,33,-1,33,7,19,-1,33,19,21,-1,21,19,30,-1,21,30,28,-1,102,103,104,-1,104,103,105,-1,104,105,87,-1,87,105,106,-1,87,106,89,-1,88,107,75,-1,75,107,108,-1,75,108,109,-1,26,24,28,-1,28,24,22,-1,28,22,21,-1,109,110,75,-1,75,110,111,-1,75,111,1,-1,91,89,106,-1,91,106,95,-1,95,106,105,-1,95,105,96,-1,96,105,103,-1,96,103,98,-1,98,103,102,-1,98,102,99,-1,99,102,104,-1,99,104,97,-1,97,104,87,-1,97,87,86,-1,3,1,111,-1,3,111,92,-1,92,111,110,-1,92,110,100,-1,100,110,109,-1,100,109,101,-1,101,109,108,-1,101,108,93,-1,93,108,107,-1,93,107,94,-1,94,107,88,-1,94,88,90,-1,
        ]
    }
}
Shape{
    appearance Appearance {
        material  Material 	{
            diffuseColor 1.0 0.9607843137254902 0.9058823529411765
            specularColor 0.5019607843137255 0.47843137254901963 0.45098039215686275
            ambientIntensity 0.2
            transparency 0
            shininess 0.5
        }
    }
    geometry IndexedFaceSet {
        ccw TRUE
        solid FALSE
        coord DEF co Coordinate {
            point [
                0.0072 -0.9718 0.4243, 0.0072 -0.9718 0.3534, 0.0391 -0.9718 0.3534, 0.2404 -0.9718 0.3965, 0.2417 -0.9718 0.3853, 0.244 -0.9718 0.425, 0.7752 -0.9718 0.3201, 0.7752 -0.9718 0.425, 0.3442 -0.9718 0.425, 1.1319 -0.9718 1.0202, 1.1319 -0.9718 1.5945, 0.7752 -0.9718 1.5945, 0.1696 -0.9718 0.1923, 0.169 -0.9718 0.1921, 0.169 -0.9718 0.1849, 0.0717 -0.9718 0.4243, 0.0779 -0.9718 0.425, 0.046 -0.9718 0.425, 0.935 -0.9718 0.0, 0.935 -0.9718 0.1849, 0.7752 -0.9718 0.1849, 0.1337 -0.9718 0.217, 0.1302 -0.9718 0.2166, 0.1503 -0.9718 0.2166, 0.1161 -0.9718 0.2168, 0.1137 -0.9718 0.2176, 0.1137 -0.9718 0.2166, -0.1812 -0.9718 0.4333, -0.1689 -0.9718 0.425, -0.0359 -0.9718 0.425, -0.1558 -0.9718 0.4162, -0.1372 -0.9718 0.3947, -0.125 -0.9718 0.3712, -0.1211 -0.9718 0.3699, -0.1042 -0.9718 0.3612, -0.2097 -0.9718 0.4434, -0.0359 -0.9718 1.0202, -0.2332 -0.9718 0.4458, -0.2993 -0.9718 0.425, -0.2877 -0.9718 0.4322, -1.1319 -0.9718 1.0202, -0.2615 -0.9718 0.4423, -0.427 -0.9718 0.3373, -0.935 -0.9718 0.3937, -0.4305 -0.9718 0.3201, -0.935 -0.9718 0.3201, -0.4316 -0.9718 0.3149, -1.1319 -0.9718 0.425, -0.3015 -0.9718 0.4236, -0.4172 -0.9718 0.3574, -0.4051 -0.9718 0.3724, -0.3995 -0.9718 0.3776, -0.3803 -0.9718 0.3902, -0.359 -0.9718 0.3977, -0.3397 -0.9718 0.3997, -0.3149 -0.9718 0.4122, -0.3331 -0.9718 0.3994, -0.3266 -0.9718 0.3986, -0.3624 -0.9718 0.2181, -0.3729 -0.9718 0.2215, -0.935 -0.9718 0.2166, -0.3931 -0.9718 0.2322, -0.408 -0.9718 0.2454, -0.4106 -0.9718 0.2484, -0.4225 -0.9718 0.2669, -0.4299 -0.9718 0.2883, -0.4319 -0.9718 0.3075, -0.3483 -0.9718 0.1955, -0.3568 -0.9718 0.2059, -0.3617 -0.9718 0.2166, -0.2946 -0.9718 0.1811, -0.3084 -0.9718 0.1794, -0.0359 -0.9718 -0.0, -0.3106 -0.9718 0.1794, -0.935 -0.9718 0.0, -0.324 -0.9718 0.1815, -0.935 -0.9718 0.1849, -0.3319 -0.9718 0.1849, -0.3372 -0.9718 0.1871, -0.255 -0.9718 0.2166, -0.255 -0.9718 0.2164, -0.0359 -0.9718 0.1849, -0.2617 -0.9718 0.2037, -0.2706 -0.9718 0.1938, -0.2819 -0.9718 0.186, -0.2848 -0.9718 0.1849, -0.2657 -0.9718 0.2745, -0.1894 -0.9718 0.3143, -0.2756 -0.9718 0.2835, -0.2877 -0.9718 0.29, -0.089 -0.9718 0.3479, -0.0777 -0.9718 0.3315, -0.0359 -0.9718 0.3201, -0.0733 -0.9718 0.3201, -0.071 -0.9718 0.3141, -0.1065 -0.9718 0.2287, -0.124 -0.9718 0.2205, -0.0359 -0.9718 0.2166, -0.1416 -0.9718 0.217, -0.1043 -0.9718 0.301, -0.1069 -0.9718 0.3119, -0.1113 -0.9718 0.3201, -0.3946 -0.9718 0.3201, -0.1851 -0.9718 0.221, -0.1873 -0.9718 0.2232, -0.1855 -0.9718 0.2479, -0.182 -0.9718 0.2503, -0.1717 -0.9718 0.2841, -0.1781 -0.9718 0.2518, -0.0792 -0.9718 0.257, -0.0898 -0.9718 0.2426, -0.0915 -0.9718 0.2407, -0.1751 -0.9718 0.217, -0.1775 -0.9718 0.2173, -0.1813 -0.9718 0.2186, -0.3913 -0.9718 0.286, -0.3845 -0.9718 0.2743, -0.3556 -0.9718 0.2685, -0.3742 -0.9718 0.2639, -0.3619 -0.9718 0.2562, -0.3345 -0.9718 0.2874, -0.3461 -0.9718 0.2793, -0.396 -0.9718 0.3086, -0.3954 -0.9718 0.3, -0.0687 -0.9718 0.2967, -0.0687 -0.9718 0.2935, -0.0717 -0.9718 0.2749, -0.1917 -0.9718 0.2346, -0.1916 -0.9718 0.2363, -0.2514 -0.9718 0.242, -0.1906 -0.9718 0.2407, -0.1885 -0.9718 0.2446, -0.3219 -0.9718 0.2922, -0.3084 -0.9718 0.2938, -0.3014 -0.9718 0.2934, -0.1897 -0.9718 0.2268, -0.1912 -0.9718 0.2306, -0.2517 -0.9718 0.2305, -0.2514 -0.9718 0.2363, -0.174 -0.9718 0.2523, -0.1735 -0.9718 0.2522, -0.1717 -0.9718 0.2518, -0.1155 -0.9718 0.266, -0.1093 -0.9718 0.2749, -0.1053 -0.9718 0.285, -0.104 -0.9718 0.2961, -0.1706 -0.9718 0.2517, -0.145 -0.9718 0.2517, -0.1348 -0.9718 0.2536, -0.1248 -0.9718 0.2583, -0.1163 -0.9718 0.2651, -0.155 -0.9718 0.3515, -0.1626 -0.9718 0.3704, -0.1745 -0.9718 0.3866, -0.1969 -0.9718 0.4032, -0.2149 -0.9718 0.4097, -0.1529 -0.9718 0.3405, -0.3089 -0.9718 0.357, -0.3131 -0.9718 0.3593, -0.3259 -0.9718 0.3639, -0.3012 -0.9718 0.3735, -0.1484 -0.9718 0.3405, -0.1122 -0.9718 0.3218, -0.1188 -0.9718 0.3292, -0.1276 -0.9718 0.3354, -0.1376 -0.9718 0.3392, -0.1807 -0.9718 0.3924, -0.2326 -0.9718 0.4117, -0.2356 -0.9718 0.4116, -0.2546 -0.9718 0.4087, -0.359 -0.9718 0.3619, -0.3717 -0.9718 0.3552, -0.3449 -0.9718 0.3653, -0.3816 -0.9718 0.3464, -0.3895 -0.9718 0.3351, -0.2731 -0.9718 0.4009, -0.2888 -0.9718 0.389, -0.3391 -0.9718 0.3655, -0.3943 -0.9718 0.3224, 0.2617 -0.9718 0.2264, 0.2617 -0.9718 0.2172, 0.2693 -0.9718 0.2166, 0.244 -0.9718 0.2166, 0.2599 -0.9718 0.2881, 0.2693 -0.9718 0.3201, 0.244 -0.9718 0.2264, 0.2576 -0.9718 0.2533, 0.2576 -0.9718 0.2625, 0.244 -0.9718 0.2625, 0.244 -0.9718 0.2533, 0.229 -0.9718 0.2533, 0.229 -0.9718 0.2264, 0.244 -0.9718 0.2881, 0.229 -0.9718 0.2881, 0.229 -0.9718 0.2625, 0.244 -0.9718 0.2172, 0.2186 -0.9718 0.2172, 0.185 -0.9718 0.2166, 0.2078 -0.9718 0.2744, 0.1791 -0.9718 0.2314, 0.1803 -0.9718 0.2267, 0.1806 -0.9718 0.2267, 0.169 -0.9718 0.3201, 0.2186 -0.9718 0.2973, 0.244 -0.9718 0.3201, 0.244 -0.9718 0.2973, 0.2599 -0.9718 0.2973, 0.181 -0.9718 0.2287, 0.1818 -0.9718 0.2314, 0.169 -0.9718 0.2605, 0.1974 -0.9718 0.2744, 0.1091 -0.9718 0.2296, 0.0989 -0.9718 0.3201, 0.0989 -0.9718 0.2166, 0.1091 -0.9718 0.2192, 0.1127 -0.9718 0.2273, 0.1137 -0.9718 0.2269, 0.1137 -0.9718 0.2482, 0.112 -0.9718 0.25, 0.1108 -0.9718 0.2518, 0.1106 -0.9718 0.2656, 0.1124 -0.9718 0.2683, 0.1136 -0.9718 0.2482, 0.1137 -0.9718 0.3201, 0.1097 -0.9718 0.2548, 0.1092 -0.9718 0.259, 0.1095 -0.9718 0.2624, 0.1137 -0.9718 0.1849, 0.1246 -0.9718 0.2159, 0.1181 -0.9718 0.2166, 0.145 -0.9718 0.2732, 0.145 -0.9718 0.2635, 0.1461 -0.9718 0.2258, 0.1443 -0.9718 0.2232, 0.1137 -0.9718 0.2695, 0.1156 -0.9718 0.2712, 0.118 -0.9718 0.2727, 0.1473 -0.9718 0.229, 0.1234 -0.9718 0.2748, 0.1314 -0.9718 0.2757, 0.1503 -0.9718 0.3201, 0.1385 -0.9718 0.2751, 0.1413 -0.9718 0.2204, 0.139 -0.9718 0.219, 0.1444 -0.9718 0.2423, 0.1461 -0.9718 0.2398, 0.1472 -0.9718 0.2369, 0.1477 -0.9718 0.2328, 0.1304 -0.9718 0.2676, 0.1275 -0.9718 0.2674, 0.1195 -0.9718 0.2599, 0.1248 -0.9718 0.2667, 0.1225 -0.9718 0.2655, 0.1196 -0.9718 0.2586, 0.12 -0.9718 0.257, 0.1207 -0.9718 0.2557, 0.1217 -0.9718 0.2546, 0.1252 -0.9718 0.2524, 0.1375 -0.9718 0.2667, 0.1314 -0.9718 0.2497, 0.1431 -0.9718 0.2645, 0.1353 -0.9718 0.2481, 0.142 -0.9718 0.2444, 0.121 -0.9718 0.2641, 0.1202 -0.9718 0.2629, 0.1197 -0.9718 0.2615, 0.119 -0.9718 0.2249, 0.1243 -0.9718 0.2424, 0.1184 -0.9718 0.2451, 0.1256 -0.9718 0.2241, 0.126 -0.9718 0.2241, 0.1309 -0.9718 0.2396, 0.1312 -0.9718 0.2247, 0.1374 -0.9718 0.2318, 0.1373 -0.9718 0.2331, 0.1338 -0.9718 0.2256, 0.1347 -0.9718 0.2262, 0.1358 -0.9718 0.2272, 0.1367 -0.9718 0.2285, 0.1372 -0.9718 0.2299, 0.1369 -0.9718 0.2346, 0.1361 -0.9718 0.236, 0.1348 -0.9718 0.2373, 0.2986 -0.9718 0.3662, 0.2693 -0.9718 0.3662, 0.3068 -0.9718 0.3443, 0.3182 -0.9718 0.3443, 0.3442 -0.9718 0.3201, 0.2877 -0.9718 0.4243, 0.2462 -0.9718 0.3443, 0.2576 -0.9718 0.3443, 0.2653 -0.9718 0.3662, 0.1503 -0.9718 0.425, 0.1596 -0.9718 0.4243, 0.169 -0.9718 0.425, 0.1596 -0.9718 0.4151, 0.1573 -0.9718 0.3895, 0.1573 -0.9718 0.3803, 0.1614 -0.9718 0.3534, 0.1503 -0.9718 0.3534, 0.1503 -0.9718 0.3803, 0.1287 -0.9718 0.3803, 0.1287 -0.9718 0.3534, 0.1503 -0.9718 0.4151, 0.1503 -0.9718 0.3895, 0.1287 -0.9718 0.4151, 0.1287 -0.9718 0.3895, 0.1184 -0.9718 0.3443, 0.1503 -0.9718 0.3443, 0.1614 -0.9718 0.3443, 0.1137 -0.9718 0.425, 0.1184 -0.9718 0.4243, 0.1503 -0.9718 0.4243, 1.0138 -0.9718 0.1969, 1.1319 -0.9718 0.1969, 1.0138 -0.9718 0.2166, 1.1319 -0.9718 0.2166, 1.0138 -0.9718 0.3201, 1.1319 -0.9718 0.3201, 1.0138 -0.9718 0.3937, 1.1319 -0.9718 0.425, 0.935 -0.9718 0.3937, 0.935 -0.9718 0.3201, 0.935 -0.9718 0.2166, 0.7752 -0.9718 0.2166, -1.1319 -0.9718 0.1969, -1.0138 -0.9718 0.1969, -1.1319 -0.9718 0.2166, -1.0138 -0.9718 0.2166, -1.1319 -0.9718 0.3201, -1.0138 -0.9718 0.3201, -1.0138 -0.9718 0.3937, 0.0989 -0.9718 0.3462, 0.101 -0.9718 0.3469, 0.1023 -0.9718 0.3476, 0.1023 -0.9718 0.3575, 0.0854 -0.9718 0.3523, 0.0945 -0.9718 0.354, 0.0989 -0.9718 0.413, 0.0989 -0.9718 0.356, 0.1014 -0.9718 0.4121, 0.1023 -0.9718 0.4116, 0.0572 -0.9718 0.366, 0.0611 -0.9718 0.3606, 0.0627 -0.9718 0.359, 0.0679 -0.9718 0.3553, 0.0616 -0.9718 0.4075, 0.0573 -0.9718 0.4014, 0.0671 -0.9718 0.412, 0.0734 -0.9718 0.4149, 0.0933 -0.9718 0.4152, 0.0835 -0.9718 0.4164, 0.0533 -0.9718 0.3804, 0.0804 -0.9718 0.4162, 0.0532 -0.9718 0.3834, 0.0546 -0.9718 0.3945, 0.0736 -0.9718 0.3531, 0.0817 -0.9718 0.3521, 0.0546 -0.9718 0.3724, 0.0919 -0.9718 0.425, 0.094 -0.9718 0.4248, 0.0989 -0.9718 0.425, 0.0989 -0.9718 0.4234, 0.1023 -0.9718 0.4224, 0.046 -0.9718 1.0202, 0.0834 -0.9718 0.4257, 0.0989 -0.9718 1.0202, 0.0835 -0.9718 0.4257, 0.0481 -0.9718 0.4063, 0.054 -0.9718 0.4139, 0.0559 -0.9718 0.4157, 0.0633 -0.9718 0.421, 0.046 -0.9718 0.2166, 0.046 -0.9718 0.3201, 0.0412 -0.9718 0.3201, 0.046 -0.9718 0.3645, 0.0412 -0.9718 0.425, 0.0443 -0.9718 0.3974, 0.046 -0.9718 0.4012, 0.0437 -0.9718 0.3708, 0.0424 -0.9718 0.3828, 0.0425 -0.9718 0.387, 0.0667 -0.9718 0.3449, 0.0591 -0.9718 0.3485, 0.0527 -0.9718 0.3538, 0.0514 -0.9718 0.3553, 0.0468 -0.9718 0.3622, 0.0924 -0.9718 0.3441, 0.0802 -0.9718 0.3429, 0.0753 -0.9718 0.3431, 0.0536 -0.9718 0.2445, 0.0551 -0.9718 0.2607, 0.0516 -0.9718 0.2416, 0.0502 -0.9718 0.2381, 0.0803 -0.9718 0.2202, 0.0767 -0.9718 0.2178, 0.0855 -0.9718 0.2172, 0.0731 -0.9718 0.2166, 0.0513 -0.9718 0.2246, 0.0501 -0.9718 0.228, 0.0577 -0.9718 0.2181, 0.0615 -0.9718 0.2166, 0.062 -0.9718 0.2166, 0.0911 -0.9718 0.2695, 0.0931 -0.9718 0.2663, 0.0567 -0.9718 0.2472, 0.0609 -0.9718 0.2493, 0.0621 -0.9718 0.265, 0.0685 -0.9718 0.2512, 0.0773 -0.9718 0.2672, 0.0739 -0.9718 0.2676, 0.0684 -0.9718 0.2671, 0.0545 -0.9718 0.2204, 0.0534 -0.9718 0.2215, 0.0808 -0.9718 0.2752, 0.085 -0.9718 0.2739, 0.0884 -0.9718 0.2721, 0.0855 -0.9718 0.2261, 0.0852 -0.9718 0.2261, 0.0835 -0.9718 0.2236, 0.0496 -0.9718 0.2326, 0.0496 -0.9718 0.2337, 0.0551 -0.9718 0.2704, 0.0571 -0.9718 0.2716, 0.0646 -0.9718 0.2745, 0.0748 -0.9718 0.2757, 0.0947 -0.9718 0.2618, 0.0955 -0.9718 0.254, 0.0955 -0.9718 0.2172, 0.0855 -0.9718 0.2536, 0.0851 -0.9718 0.2579, 0.0841 -0.9718 0.2616, 0.0829 -0.9718 0.2636, 0.0814 -0.9718 0.2653, 0.0797 -0.9718 0.2664, 0.0726 -0.9718 0.2164, 0.0989 -0.9718 0.1849, 0.046 -0.9718 0.1849, 0.0677 -0.9718 0.2159, 0.0662 -0.9718 0.2159, 0.169 -0.9718 0.2166, 0.169 -0.9718 0.2336, 0.1529 -0.9718 0.2744, 0.1641 -0.9718 0.2744, 0.1754 -0.9718 0.2174, 0.175 -0.9718 0.2166, 0.171 -0.9718 0.207, 0.1503 -0.9718 0.1849, 0.155 -0.9718 0.1911, 0.155 -0.9718 0.2001, 0.1571 -0.9718 0.1994, 0.1607 -0.9718 0.1989, 0.1626 -0.9718 0.1991, 0.1648 -0.9718 0.1998, 0.1667 -0.9718 0.2009, 0.1656 -0.9718 0.1908, 0.1615 -0.9718 0.1903, 0.1592 -0.9718 0.1904, 0.1688 -0.9718 0.2031, 0.169 -0.9718 0.2034, 0.1819 -0.9718 0.2086, 0.1819 -0.9718 0.2086, 0.244 -0.9718 0.1849, 0.177 -0.9718 0.1993, 0.1733 -0.9718 0.1951, 0.1731 -0.9718 0.1948, 0.3579 -0.9718 0.2172, 0.3465 -0.9718 0.2172, 0.3442 -0.9718 0.2166, 0.4071 -0.9718 0.2172, 0.3989 -0.9718 0.2391, 0.3656 -0.9718 0.2391, 0.377 -0.9718 0.2973, 0.388 -0.9718 0.2973, 0.4185 -0.9718 0.2172, 0.2693 -0.9718 0.425, 0.2767 -0.9718 0.4243, 0.2693 -0.9718 0.4049, 0.3377 -0.9718 0.2771, 0.3407 -0.9718 0.2694, 0.342 -0.9718 0.2583, 0.3418 -0.9718 0.2532, 0.3398 -0.9718 0.2438, 0.3359 -0.9718 0.2356, 0.3299 -0.9718 0.2285, 0.3217 -0.9718 0.2225, 0.3126 -0.9718 0.2189, 0.2988 -0.9718 0.2172, 0.2768 -0.9718 0.2172, 0.2768 -0.9718 0.2973, 0.2997 -0.9718 0.2973, 0.3119 -0.9718 0.296, 0.3215 -0.9718 0.2924, 0.3299 -0.9718 0.2867, 0.3327 -0.9718 0.284, 0.2693 -0.9718 0.1849, 0.3442 -0.9718 0.1849, 0.2374 -0.9718 0.4041, 0.1766 -0.9718 0.3443, 0.2415 -0.9718 0.3802, 0.2396 -0.9718 0.3709, 0.2356 -0.9718 0.3626, 0.2297 -0.9718 0.3555, 0.2214 -0.9718 0.3495, 0.2123 -0.9718 0.346, 0.1986 -0.9718 0.3443, 0.1766 -0.9718 0.4243, 0.1994 -0.9718 0.4243, 0.2116 -0.9718 0.423, 0.2213 -0.9718 0.4195, 0.2297 -0.9718 0.4137, 0.2324 -0.9718 0.411, 0.1137 -0.9718 1.0202, 0.1503 -0.9718 1.0202, 0.169 -0.9718 1.0202, 0.244 -0.9718 1.0202, 0.2693 -0.9718 1.0202, 0.3442 -0.9718 1.0202, 0.7752 -0.9718 1.0202, 0.7752 -0.9718 -0.0, 0.3442 -0.9718 -0.0, 0.2693 -0.9718 -0.0, 0.244 -0.9718 -0.0, 0.169 -0.9718 -0.0, 0.1503 -0.9718 -0.0, 0.1137 -0.9718 -0.0, 0.0989 -0.9718 -0.0, 0.046 -0.9718 -0.0, 0.0412 -0.9718 0.1849, 0.0412 -0.9718 -0.0, 0.04 -0.9718 0.2264, 0.04 -0.9718 0.2172, 0.0412 -0.9718 0.2166, -0.0031 -0.9718 0.2172, 0.0381 -0.9718 0.2881, -0.0031 -0.9718 0.2973, 0.0381 -0.9718 0.2973, 0.0072 -0.9718 0.2533, 0.0072 -0.9718 0.2264, 0.0359 -0.9718 0.2533, 0.0359 -0.9718 0.2625, 0.0072 -0.9718 0.2625, 0.0072 -0.9718 0.2881, -0.0031 -0.9718 0.3443, -0.0031 -0.9718 0.4243, 0.0391 -0.9718 0.3443, 0.0412 -0.9718 1.0202, 0.3442 -0.9718 1.5945, 0.2693 -0.9718 1.5945, 0.244 -0.9718 1.5945, 0.169 -0.9718 1.5945, 0.1503 -0.9718 1.5945, 0.1137 -0.9718 1.5945, 0.0989 -0.9718 1.5945, 0.046 -0.9718 1.5945, 0.0412 -0.9718 1.5945, -0.0359 -0.9718 1.5945, -1.1319 -0.9718 1.5945, -1.1319 0.4652 0.0, -1.0138 0.4652 0.0, -1.1319 -0.3419 0.0, -1.0138 -0.3419 0.0, -1.1319 0.544 1.4961, -1.1319 0.544 0.1969, -1.1319 0.4652 0.1969, -1.1319 -0.3419 0.1969, -1.1319 0.7014 1.5945, -1.1319 0.7014 1.4961, -1.0138 0.544 1.4961, -1.0138 -0.9521 1.4961, -1.0138 -0.3419 0.1969, -1.0138 -0.9521 0.3937, -1.0138 0.544 0.1969, -1.0138 0.4652 0.1969, 0.3407 -0.0072 0.0, 0.3407 0.4652 0.0, 0.935 0.4652 0.0, 0.1514 -0.0072 0.0, 0.3839 -0.1844 0.0, -0.935 0.4652 0.0, -0.3407 0.4652 0.0, -0.3407 -0.0072 0.0, -0.1514 -0.0072 0.0, -0.1514 0.4652 0.0, 0.1514 0.4652 0.0, -0.935 -0.7356 0.0, -0.3839 -0.8143 0.0, -0.4626 -0.7356 0.0, -0.3839 -0.1844 0.0, -0.4626 -0.4206 0.0, -0.935 -0.4206 0.0, 0.935 -0.4206 0.0, 0.4626 -0.4206 0.0, 0.3839 -0.8143 0.0, 0.935 -0.7356 0.0, 0.4626 -0.7356 0.0, -0.935 -0.9521 1.4961, -0.935 -0.9521 0.3937, -0.2854 0.1337 0.1969, -0.2854 -0.0072 0.1969, -0.2953 -0.0072 0.1969, -0.1969 0.4652 0.1969, -0.1969 -0.0072 0.1969, -0.2067 0.1337 0.1969, -0.2067 -0.0072 0.1969, -0.2953 0.4652 0.1969, -0.935 0.4652 0.1969, -0.935 0.7014 0.1969, 0.2067 0.1337 0.1969, 0.2067 -0.0072 0.1969, 0.1969 -0.0072 0.1969, 0.2067 0.5833 0.1969, 0.1969 0.4652 0.1969, 0.2067 0.4259 0.1969, 0.935 0.7014 0.1969, 0.935 0.4652 0.1969, 0.2953 0.4652 0.1969, -0.2854 0.4259 0.1969, -0.2854 0.5833 0.1969, -0.2067 0.5833 0.1969, 0.2854 0.1337 0.1969, 0.2854 0.4259 0.1969, 0.2854 -0.0072 0.1969, 0.2953 -0.0072 0.1969, 0.2854 0.5833 0.1969, -0.2067 0.4259 0.1969, 1.0138 -0.3419 0.0, 1.0138 0.4652 0.0, 1.1319 -0.3419 0.0, 1.1319 0.4652 0.0, -0.935 -0.4206 1.5945, -0.935 -0.7356 1.5945, -0.935 -0.4206 1.4961, -0.935 -0.7356 1.4961, -0.2953 0.4652 0.0787, 0.2953 0.4652 0.0787, 1.1319 0.544 0.1969, 1.1319 0.4652 0.1969, 1.0138 0.544 0.1969, 1.0138 0.4652 0.1969, 1.1319 0.7014 1.5945, 0.935 0.7014 1.4961, 1.1319 0.7014 1.4961, -0.935 0.7014 1.4961, 0.3839 -0.1844 1.5945, 0.0689 -0.1844 1.4764, 0.0689 -0.1844 1.122, -0.0689 -0.1844 1.4764, -0.3839 -0.1844 1.5945, -0.0689 -0.1844 1.122, -0.128 0.0912 0.2165, -0.128 -0.1056 0.2165, 0.128 -0.1056 0.2165, -0.2067 0.4259 0.2165, -0.2854 0.1317 0.2165, -0.2067 0.1317 0.2165, -0.6004 -0.1056 0.2165, -0.3642 -0.1056 0.2165, -0.3642 0.0912 0.2165, 0.2067 0.1317 0.2165, 0.2854 0.1317 0.2165, 0.2854 0.4259 0.2165, 0.8563 0.5046 0.2165, 0.2854 0.5046 0.2165, 0.6004 -0.2828 0.2165, 0.8563 -0.2828 0.2165, 0.6004 -0.1056 0.2165, -0.8563 -0.2828 0.2165, -0.6004 -0.2828 0.2165, -0.8563 0.5046 0.2165, -0.2854 0.4259 0.2165, -0.2854 0.5046 0.2165, -0.2067 -0.0663 0.2165, -0.1969 0.0912 0.2165, 0.128 0.0912 0.2165, 0.3642 -0.1056 0.2165, 0.3642 0.0912 0.2165, 0.2953 0.0912 0.2165, 0.2854 -0.0663 0.2165, -0.2953 0.0912 0.2165, -0.2067 0.5046 0.2165, 0.2067 0.5046 0.2165, 0.2067 0.4259 0.2165, 0.1969 0.0912 0.2165, -0.2854 -0.0663 0.2165, -0.2953 -0.1056 0.2165, -0.1969 -0.1056 0.2165, 0.2067 -0.0663 0.2165, 0.1969 -0.1056 0.2165, 0.2953 -0.1056 0.2165, -0.8563 0.5046 1.5551, -0.2854 0.5046 1.4106, -0.2067 0.5046 1.4106, 0.8563 0.5046 1.5551, 0.2854 0.5046 1.4106, 0.2067 0.5046 1.4106, 0.1969 -0.0072 0.0787, 0.2067 -0.0072 0.0025, 0.2854 -0.0072 0.0025, 0.2953 -0.0072 0.0787, -0.2953 -0.0072 0.0787, -0.2854 -0.0072 0.0025, -0.2067 -0.0072 0.0025, -0.1969 -0.0072 0.0787, 0.1969 0.0912 1.378, 0.128 0.0912 1.378, 0.1969 -0.1056 1.378, 0.128 -0.1056 1.378, 0.3642 -0.1056 1.378, 0.6004 -0.1056 1.5551, 0.561 -0.1056 1.5945, 0.2953 -0.1056 1.378, -0.561 -0.1056 1.5945, -0.128 -0.1056 1.378, -0.1969 -0.1056 1.378, -0.6004 -0.1056 1.5551, -0.3642 -0.1056 1.378, -0.2953 -0.1056 1.378, -0.2953 0.0912 1.378, -0.3642 0.0912 1.378, 1.1319 0.544 1.4961, 1.1319 -0.3419 0.1969, 0.4626 -0.7356 1.5945, 0.4626 -0.4206 1.5945, -0.4626 -0.4206 1.5945, -0.3839 -0.8143 1.5945, -0.4626 -0.7356 1.5945, 0.935 -0.4206 1.5945, 0.8957 -0.3222 1.5945, 0.561 -0.3222 1.5945, -0.561 -0.3222 1.5945, -0.8957 -0.3222 1.5945, -0.8957 0.544 1.5945, 0.3839 -0.8143 1.5945, 0.935 -0.7356 1.5945, 0.8957 0.544 1.5945, 0.935 -0.7356 1.4961, 0.935 -0.4206 1.4961, -0.6004 -0.2828 1.5551, -0.8563 -0.2828 1.5551, 0.8563 -0.2828 1.5551, 0.6004 -0.2828 1.5551, -0.128 0.0912 1.378, -0.1969 0.0912 1.378, -0.1969 0.4652 0.0787, 0.3642 0.0912 1.378, 0.2953 0.0912 1.378, 0.1969 0.4652 0.0787, 0.1969 0.4652 0.0787
            ]
        }
        coordIndex [
            0,1,2,-1,3,4,5,-1,6,7,8,-1,9,10,11,-1,12,13,14,-1,15,16,17,-1,18,19,20,-1,21,22,23,-1,24,25,26,-1,27,28,29,-1,29,28,30,-1,29,30,31,-1,31,32,29,-1,29,32,33,-1,29,33,34,-1,35,27,36,-1,35,36,37,-1,38,39,40,-1,40,39,36,-1,36,39,41,-1,36,41,37,-1,42,43,44,-1,44,43,45,-1,44,45,46,-1,40,47,38,-1,38,47,43,-1,38,43,48,-1,42,49,43,-1,43,49,50,-1,43,50,51,-1,51,52,43,-1,43,52,53,-1,43,53,48,-1,48,53,54,-1,48,54,55,-1,55,54,56,-1,55,56,57,-1,58,59,60,-1,59,61,60,-1,60,61,62,-1,60,62,63,-1,63,64,60,-1,60,64,65,-1,60,65,45,-1,45,65,66,-1,45,66,46,-1,67,68,60,-1,60,68,69,-1,60,69,58,-1,70,71,72,-1,72,71,73,-1,72,73,74,-1,74,73,75,-1,74,75,76,-1,76,75,77,-1,76,77,60,-1,60,77,78,-1,60,78,67,-1,79,80,81,-1,81,80,82,-1,82,83,81,-1,81,83,84,-1,81,84,85,-1,86,87,88,-1,88,87,89,-1,34,90,29,-1,29,90,91,-1,29,91,92,-1,92,91,93,-1,92,93,94,-1,95,96,97,-1,97,96,98,-1,99,100,87,-1,87,100,101,-1,87,101,102,-1,79,103,104,-1,105,106,107,-1,107,106,108,-1,109,110,97,-1,97,110,111,-1,97,111,95,-1,112,113,79,-1,79,113,114,-1,79,114,103,-1,115,116,117,-1,117,116,118,-1,117,118,119,-1,120,102,121,-1,121,102,122,-1,121,122,117,-1,117,122,123,-1,117,123,115,-1,94,124,92,-1,92,124,125,-1,92,125,97,-1,97,125,126,-1,97,126,109,-1,127,128,129,-1,129,128,130,-1,129,130,107,-1,107,130,131,-1,107,131,105,-1,120,132,102,-1,102,132,133,-1,102,133,87,-1,87,133,134,-1,87,134,89,-1,104,135,79,-1,79,135,136,-1,79,136,137,-1,137,136,127,-1,137,127,138,-1,138,127,129,-1,108,139,107,-1,107,139,140,-1,107,140,141,-1,142,143,107,-1,107,143,144,-1,107,144,87,-1,87,144,145,-1,87,145,99,-1,141,146,107,-1,107,146,147,-1,107,147,148,-1,148,149,107,-1,107,149,150,-1,107,150,142,-1,151,152,153,-1,154,155,156,-1,101,157,102,-1,102,157,158,-1,102,158,159,-1,160,157,156,-1,156,157,101,-1,156,101,161,-1,161,101,162,-1,162,163,161,-1,161,163,164,-1,161,164,165,-1,151,153,156,-1,156,153,166,-1,156,166,154,-1,155,167,156,-1,156,167,168,-1,156,168,169,-1,170,171,172,-1,172,171,173,-1,172,173,174,-1,169,175,156,-1,156,175,176,-1,156,176,160,-1,159,177,102,-1,102,177,172,-1,102,172,178,-1,178,172,174,-1,179,180,181,-1,181,180,182,-1,183,181,184,-1,185,179,186,-1,186,179,181,-1,186,181,187,-1,187,181,183,-1,187,183,188,-1,186,189,185,-1,185,189,190,-1,185,190,191,-1,183,192,188,-1,188,192,193,-1,188,193,194,-1,180,195,182,-1,182,195,196,-1,182,196,197,-1,197,196,198,-1,199,200,201,-1,202,203,204,-1,204,203,205,-1,204,205,184,-1,184,205,206,-1,184,206,183,-1,201,207,199,-1,199,207,208,-1,199,208,209,-1,209,208,210,-1,209,210,202,-1,202,210,198,-1,202,198,203,-1,203,198,196,-1,211,212,213,-1,26,25,213,-1,213,25,214,-1,213,214,211,-1,215,216,217,-1,218,219,211,-1,212,220,221,-1,215,217,211,-1,211,217,222,-1,211,222,218,-1,212,221,223,-1,219,224,211,-1,211,224,225,-1,211,225,212,-1,212,225,226,-1,212,226,220,-1,227,228,229,-1,230,231,23,-1,232,233,23,-1,221,234,223,-1,223,234,235,-1,223,235,236,-1,232,23,237,-1,236,238,223,-1,223,238,239,-1,223,239,240,-1,240,239,241,-1,240,241,230,-1,233,242,23,-1,23,242,243,-1,23,243,21,-1,244,245,231,-1,231,245,246,-1,231,246,23,-1,23,246,247,-1,23,247,237,-1,248,249,250,-1,250,249,251,-1,250,251,252,-1,250,253,248,-1,248,253,254,-1,248,254,255,-1,255,256,248,-1,248,256,257,-1,248,257,258,-1,258,257,259,-1,258,259,260,-1,260,259,261,-1,260,261,231,-1,231,261,262,-1,231,262,244,-1,263,264,252,-1,252,264,265,-1,252,265,250,-1,266,267,216,-1,216,267,268,-1,216,268,217,-1,266,269,267,-1,267,269,270,-1,267,270,271,-1,271,270,272,-1,271,273,274,-1,272,275,271,-1,271,275,276,-1,271,276,277,-1,277,278,271,-1,271,278,279,-1,271,279,273,-1,274,280,271,-1,271,280,281,-1,271,281,282,-1,283,284,285,-1,285,284,184,-1,285,184,286,-1,286,184,287,-1,286,287,288,-1,289,204,290,-1,290,204,184,-1,290,184,291,-1,291,184,284,-1,292,293,294,-1,294,293,295,-1,296,297,298,-1,298,297,299,-1,297,300,299,-1,299,300,301,-1,299,301,302,-1,295,303,304,-1,304,303,305,-1,304,305,306,-1,307,223,308,-1,308,223,240,-1,308,240,309,-1,309,240,202,-1,309,202,298,-1,310,311,292,-1,292,311,312,-1,292,312,293,-1,313,314,315,-1,315,314,316,-1,315,316,317,-1,317,316,318,-1,317,318,319,-1,319,318,320,-1,319,320,321,-1,321,320,7,-1,321,7,322,-1,322,7,6,-1,322,6,323,-1,323,6,324,-1,325,326,327,-1,327,326,328,-1,327,328,329,-1,329,328,330,-1,329,330,47,-1,47,330,331,-1,47,331,43,-1,332,212,333,-1,333,212,223,-1,333,223,334,-1,334,223,335,-1,336,337,338,-1,338,337,339,-1,338,339,340,-1,340,339,335,-1,340,335,341,-1,341,335,223,-1,341,223,310,-1,310,223,307,-1,310,307,311,-1,342,343,338,-1,338,343,344,-1,338,344,345,-1,346,347,348,-1,348,347,349,-1,350,351,352,-1,352,351,353,-1,352,353,354,-1,354,353,349,-1,354,349,355,-1,355,349,347,-1,345,356,338,-1,338,356,357,-1,338,357,336,-1,350,352,338,-1,338,352,358,-1,338,358,342,-1,359,360,361,-1,361,360,362,-1,361,362,310,-1,310,362,363,-1,310,363,341,-1,364,365,366,-1,366,365,367,-1,366,367,359,-1,17,368,369,-1,369,370,17,-1,17,370,371,-1,17,371,15,-1,372,373,374,-1,374,373,375,-1,376,377,17,-1,17,377,378,-1,17,378,368,-1,375,379,374,-1,374,379,380,-1,374,380,376,-1,376,380,381,-1,376,381,377,-1,382,383,373,-1,373,383,384,-1,384,385,373,-1,373,385,386,-1,373,386,375,-1,332,387,212,-1,212,387,388,-1,212,388,373,-1,373,388,389,-1,373,389,382,-1,390,391,392,-1,392,391,393,-1,394,395,396,-1,396,395,397,-1,396,397,213,-1,372,398,399,-1,400,372,401,-1,401,372,402,-1,212,403,404,-1,390,405,391,-1,391,405,406,-1,391,406,407,-1,407,406,408,-1,409,410,408,-1,408,410,411,-1,408,411,407,-1,400,412,372,-1,372,412,413,-1,372,413,398,-1,414,415,212,-1,212,415,416,-1,212,416,403,-1,417,418,396,-1,396,418,419,-1,396,419,394,-1,399,420,372,-1,372,420,421,-1,372,421,373,-1,373,421,393,-1,373,393,422,-1,422,393,391,-1,422,423,373,-1,373,423,424,-1,373,424,212,-1,212,424,425,-1,212,425,414,-1,404,426,212,-1,212,426,427,-1,212,427,213,-1,213,427,428,-1,213,428,396,-1,429,430,408,-1,408,430,431,-1,408,431,432,-1,432,433,408,-1,408,433,434,-1,408,434,409,-1,397,435,436,-1,436,435,437,-1,437,435,438,-1,437,438,439,-1,440,441,23,-1,23,441,442,-1,230,23,240,-1,240,23,442,-1,240,442,202,-1,202,442,443,-1,202,443,209,-1,444,441,445,-1,445,441,440,-1,445,440,446,-1,447,448,449,-1,228,227,22,-1,22,227,447,-1,22,447,23,-1,23,447,449,-1,23,449,440,-1,440,449,450,-1,440,450,451,-1,451,452,440,-1,440,452,453,-1,440,453,454,-1,13,455,14,-1,14,455,456,-1,14,456,447,-1,447,456,457,-1,447,457,448,-1,454,458,440,-1,440,458,459,-1,440,459,446,-1,460,461,462,-1,460,462,197,-1,461,463,462,-1,462,463,464,-1,462,464,14,-1,14,464,465,-1,14,465,12,-1,466,467,468,-1,469,470,471,-1,468,467,287,-1,287,467,472,-1,287,472,473,-1,471,466,469,-1,469,466,468,-1,469,468,474,-1,474,468,324,-1,474,324,473,-1,473,324,6,-1,473,6,287,-1,287,6,8,-1,287,8,288,-1,288,8,475,-1,288,475,476,-1,476,475,477,-1,478,479,287,-1,287,479,480,-1,287,480,468,-1,468,480,481,-1,468,481,482,-1,482,483,468,-1,468,483,484,-1,468,484,485,-1,485,486,468,-1,468,486,487,-1,468,487,181,-1,181,487,488,-1,181,488,184,-1,488,489,184,-1,184,489,490,-1,184,490,287,-1,287,490,491,-1,287,491,492,-1,492,493,287,-1,287,493,494,-1,287,494,478,-1,197,462,182,-1,182,462,495,-1,182,495,181,-1,181,495,496,-1,181,496,468,-1,468,496,20,-1,468,20,324,-1,324,20,19,-1,324,19,323,-1,3,5,497,-1,304,296,295,-1,295,296,298,-1,295,298,294,-1,294,298,202,-1,294,202,498,-1,499,500,204,-1,204,500,501,-1,204,501,502,-1,477,475,289,-1,289,475,5,-1,289,5,204,-1,204,5,4,-1,204,4,499,-1,502,503,204,-1,204,503,504,-1,204,504,202,-1,202,504,505,-1,202,505,498,-1,498,506,294,-1,294,506,507,-1,294,507,5,-1,5,507,508,-1,5,508,509,-1,509,510,5,-1,5,510,511,-1,5,511,497,-1,397,436,213,-1,213,436,227,-1,213,227,26,-1,26,227,229,-1,26,229,24,-1,359,361,366,-1,366,361,310,-1,366,310,512,-1,512,310,292,-1,512,292,513,-1,513,292,294,-1,513,294,514,-1,514,294,5,-1,514,5,515,-1,515,5,475,-1,515,475,516,-1,516,475,8,-1,516,8,517,-1,517,8,7,-1,517,7,518,-1,518,7,320,-1,518,320,9,-1,18,20,519,-1,519,20,496,-1,519,496,520,-1,520,496,495,-1,520,495,521,-1,521,495,462,-1,521,462,522,-1,522,462,14,-1,522,14,523,-1,523,14,447,-1,523,447,524,-1,524,447,227,-1,524,227,525,-1,525,227,436,-1,525,436,526,-1,526,436,437,-1,526,437,527,-1,528,529,527,-1,529,81,72,-1,72,81,85,-1,72,85,70,-1,529,528,81,-1,81,528,97,-1,81,97,79,-1,79,97,98,-1,79,98,112,-1,530,531,532,-1,532,531,533,-1,439,402,437,-1,437,402,372,-1,437,372,532,-1,532,372,374,-1,532,374,530,-1,530,374,534,-1,527,437,528,-1,528,437,532,-1,528,532,97,-1,97,532,533,-1,97,533,92,-1,92,533,535,-1,92,535,374,-1,374,535,536,-1,374,536,534,-1,537,538,539,-1,539,538,530,-1,539,530,540,-1,540,530,534,-1,540,534,541,-1,541,534,542,-1,543,544,29,-1,29,544,0,-1,29,0,376,-1,376,0,2,-1,376,2,374,-1,374,2,545,-1,374,545,92,-1,92,545,543,-1,92,543,29,-1,27,29,36,-1,36,29,376,-1,36,376,546,-1,546,376,17,-1,546,17,364,-1,364,17,16,-1,364,16,365,-1,9,11,518,-1,518,11,547,-1,518,547,517,-1,517,547,548,-1,517,548,516,-1,516,548,549,-1,516,549,515,-1,515,549,550,-1,515,550,514,-1,514,550,551,-1,514,551,513,-1,513,551,552,-1,513,552,512,-1,512,552,553,-1,512,553,366,-1,366,553,554,-1,366,554,364,-1,364,554,555,-1,364,555,546,-1,546,555,556,-1,546,556,36,-1,36,556,557,-1,36,557,40,-1,558,559,560,-1,560,559,561,-1,562,563,564,-1,558,560,564,-1,564,560,565,-1,564,565,562,-1,566,567,562,-1,325,327,565,-1,565,327,329,-1,329,47,565,-1,565,47,40,-1,565,40,562,-1,562,40,557,-1,562,557,566,-1,568,569,570,-1,570,569,571,-1,571,331,330,-1,572,568,573,-1,573,568,570,-1,573,570,559,-1,559,570,561,-1,571,330,570,-1,570,330,328,-1,570,328,326,-1,574,575,576,-1,577,574,578,-1,579,580,581,-1,582,583,584,-1,74,585,586,-1,586,585,587,-1,586,587,588,-1,588,587,589,-1,584,577,582,-1,582,577,578,-1,582,578,581,-1,581,578,588,-1,581,588,579,-1,579,588,589,-1,579,589,590,-1,576,591,574,-1,574,591,592,-1,574,592,578,-1,578,592,593,-1,18,519,594,-1,594,519,593,-1,594,593,595,-1,595,593,592,-1,519,520,593,-1,593,520,521,-1,593,521,522,-1,593,525,526,-1,526,527,593,-1,593,527,529,-1,593,529,586,-1,586,529,72,-1,586,72,74,-1,522,523,593,-1,593,523,524,-1,593,524,525,-1,569,596,571,-1,571,596,597,-1,598,599,600,-1,601,602,603,-1,603,602,604,-1,605,606,607,-1,608,609,610,-1,601,611,612,-1,612,611,613,-1,614,615,616,-1,617,605,618,-1,618,605,607,-1,618,607,619,-1,619,607,614,-1,610,612,608,-1,608,612,613,-1,608,613,620,-1,620,613,621,-1,622,620,623,-1,623,620,621,-1,623,621,616,-1,616,621,624,-1,616,624,614,-1,614,624,611,-1,614,611,619,-1,619,611,601,-1,619,601,625,-1,625,601,603,-1,625,603,617,-1,617,603,598,-1,617,598,605,-1,605,598,600,-1,573,564,572,-1,572,564,563,-1,626,627,628,-1,628,627,629,-1,630,631,632,-1,632,631,633,-1,580,579,634,-1,634,579,606,-1,634,606,605,-1,558,564,559,-1,559,564,573,-1,572,563,568,-1,568,563,562,-1,576,575,615,-1,615,575,635,-1,615,635,616,-1,636,637,638,-1,638,637,639,-1,566,640,641,-1,641,640,642,-1,567,566,643,-1,643,566,641,-1,643,641,607,-1,607,641,614,-1,644,645,646,-1,645,644,647,-1,647,644,648,-1,647,648,649,-1,649,648,588,-1,649,588,646,-1,646,588,578,-1,646,578,644,-1,650,651,652,-1,653,654,655,-1,656,657,658,-1,659,660,661,-1,661,660,662,-1,661,662,663,-1,664,665,666,-1,666,665,662,-1,667,668,669,-1,669,668,656,-1,670,671,669,-1,672,673,655,-1,655,673,650,-1,655,650,674,-1,674,650,652,-1,675,666,676,-1,676,666,662,-1,676,662,677,-1,677,662,660,-1,677,660,678,-1,656,658,669,-1,669,658,679,-1,669,679,670,-1,680,653,681,-1,681,653,655,-1,681,655,682,-1,682,655,674,-1,682,674,683,-1,653,670,654,-1,654,670,679,-1,654,679,684,-1,684,679,685,-1,684,685,672,-1,672,685,686,-1,672,686,673,-1,661,682,659,-1,659,682,683,-1,659,683,687,-1,687,683,688,-1,687,688,678,-1,678,688,689,-1,678,689,677,-1,690,669,671,-1,671,691,690,-1,690,691,692,-1,690,692,693,-1,663,662,694,-1,694,662,693,-1,694,693,695,-1,695,693,692,-1,695,692,681,-1,681,692,680,-1,610,609,696,-1,696,609,697,-1,696,697,577,-1,577,697,698,-1,577,698,574,-1,574,698,699,-1,699,698,622,-1,699,622,623,-1,600,599,700,-1,700,599,701,-1,700,701,581,-1,581,701,702,-1,581,702,582,-1,582,702,703,-1,703,702,604,-1,703,604,602,-1,683,674,704,-1,704,674,705,-1,704,705,706,-1,706,705,707,-1,666,675,708,-1,666,708,709,-1,709,708,710,-1,710,708,711,-1,710,711,712,-1,707,652,651,-1,713,714,712,-1,651,713,707,-1,707,713,712,-1,707,712,706,-1,706,712,711,-1,706,711,688,-1,688,711,689,-1,656,715,712,-1,657,656,716,-1,716,656,712,-1,716,712,717,-1,717,712,714,-1,717,714,685,-1,685,714,686,-1,679,658,718,-1,718,658,719,-1,718,719,717,-1,717,719,716,-1,720,642,640,-1,316,314,721,-1,316,721,318,-1,636,720,637,-1,637,720,721,-1,637,721,629,-1,629,721,628,-1,640,10,720,-1,720,10,9,-1,720,9,721,-1,721,9,320,-1,721,320,318,-1,722,723,644,-1,648,724,725,-1,725,724,726,-1,727,728,723,-1,723,728,729,-1,723,729,644,-1,644,729,710,-1,644,710,648,-1,648,710,712,-1,648,712,724,-1,724,712,730,-1,724,730,630,-1,630,730,731,-1,630,731,732,-1,644,733,722,-1,722,733,11,-1,722,11,734,-1,734,11,10,-1,734,10,727,-1,727,10,640,-1,727,640,728,-1,557,631,630,-1,557,630,566,-1,566,630,732,-1,566,732,640,-1,640,732,735,-1,640,735,728,-1,555,733,556,-1,556,733,725,-1,556,725,557,-1,557,725,726,-1,557,726,631,-1,555,554,733,-1,733,554,553,-1,733,553,552,-1,552,551,733,-1,733,551,550,-1,733,550,549,-1,549,548,733,-1,733,548,547,-1,733,547,11,-1,725,733,586,-1,586,733,593,-1,631,726,633,-1,633,726,587,-1,633,587,585,-1,590,589,632,-1,632,589,724,-1,632,724,630,-1,724,589,726,-1,726,589,587,-1,736,734,737,-1,737,734,727,-1,594,595,736,-1,736,595,722,-1,736,722,734,-1,722,595,723,-1,723,595,592,-1,727,723,737,-1,737,723,592,-1,737,592,591,-1,715,656,738,-1,738,656,668,-1,738,668,739,-1,739,668,667,-1,739,667,690,-1,690,667,669,-1,693,662,740,-1,740,662,665,-1,740,665,741,-1,741,665,664,-1,741,664,709,-1,709,664,666,-1,657,716,658,-1,658,716,719,-1,650,742,651,-1,651,742,713,-1,743,742,673,-1,673,742,650,-1,714,713,743,-1,743,713,742,-1,679,718,685,-1,685,718,717,-1,686,714,673,-1,673,714,743,-1,605,600,634,-1,634,600,700,-1,744,703,601,-1,601,703,602,-1,582,703,583,-1,583,703,744,-1,700,581,634,-1,634,581,580,-1,652,707,674,-1,674,707,705,-1,676,745,675,-1,675,745,708,-1,746,745,677,-1,677,745,676,-1,711,708,746,-1,746,708,745,-1,683,704,688,-1,688,704,706,-1,689,711,677,-1,677,711,746,-1,612,610,747,-1,747,610,696,-1,635,699,616,-1,616,699,623,-1,574,699,575,-1,575,699,635,-1,696,577,747,-1,747,577,584,-1,601,612,747,-1,584,583,747,-1,747,583,744,-1,747,744,601,-1,639,637,627,-1,627,637,629,-1,
        ]
    }
}
Shape{
    appearance Appearance {
        material  Material 	{
            diffuseColor 0.7529411764705882 0.7529411764705882 0.7529411764705882
            specularColor 0.3764705882352941 0.3764705882352941 0.3764705882352941
            ambientIntensity 0.2
            transparency 0
            shininess 0.5
        }
    }
    geometry IndexedFaceSet {
        ccw TRUE
        solid FALSE
        coord DEF co Coordinate {
            point [
                -0.2854 0.6227 0.0984, -0.2854 0.5833 0.0984, -0.2067 0.6227 0.0984, -0.2067 0.5833 0.0984, -0.2854 0.6924 0.0591, -0.2067 0.6924 0.0591, -0.2854 0.9495 0.0591, -0.2067 0.9495 0.0591, -0.2067 0.9692 0.0394, -0.2067 0.9692 -0.0394, -0.2854 0.9692 0.0394, -0.2854 0.9692 -0.0394, -0.2067 0.9495 -0.0591, -0.2067 0.7014 -0.0591, -0.2854 0.9495 -0.0591, -0.2854 0.7014 -0.0591, -0.2854 0.5968 0.0, -0.2067 0.5968 0.0, -0.2854 0.0125 0.0, -0.2067 0.0125 0.0, -0.2854 0.141 0.128, -0.2067 0.141 0.128, -0.2854 0.144 0.1199, -0.2067 0.144 0.1199, -0.2854 0.1488 0.1127, -0.2067 0.1488 0.1127, -0.2854 0.155 0.1067, -0.2067 0.155 0.1067, -0.2854 0.1623 0.1022, -0.2067 0.1623 0.1022, -0.2854 0.1705 0.0994, -0.2067 0.1705 0.0994, -0.2854 0.1791 0.0984, -0.2067 0.1791 0.0984, -0.2854 0.3865 0.0984, -0.2067 0.3865 0.0984, -0.2854 0.3967 0.0998, -0.2067 0.3967 0.0998, -0.2854 0.4062 0.1037, -0.2067 0.4062 0.1037, -0.2854 0.4143 0.11, -0.2067 0.4143 0.11, -0.2854 0.4206 0.1181, -0.2067 0.4206 0.1181, -0.2854 0.4245 0.1276, -0.2067 0.4245 0.1276, -0.2854 0.4259 0.1378, -0.2067 0.4259 0.1378, -0.2854 -0.0072 0.0025, -0.2854 -0.0072 0.1969, -0.2854 0.1337 0.1969, -0.2854 0.4259 0.1969, -0.2854 0.5833 0.1969, -0.2854 0.9593 -0.0564, -0.2854 0.9546 -0.0584, -0.2854 0.9685 -0.0445, -0.2854 0.9665 -0.0492, -0.2854 0.9634 -0.0533, -0.2854 0.9546 0.0584, -0.2854 0.9685 0.0445, -0.2854 0.9593 0.0564, -0.2854 0.9665 0.0492, -0.2854 0.9634 0.0533, -0.2067 0.1337 0.1969, -0.2067 -0.0072 0.1969, -0.2067 -0.0072 0.0025, -0.2067 0.9546 -0.0584, -0.2067 0.9593 -0.0564, -0.2067 0.9546 0.0584, -0.2067 0.5833 0.1969, -0.2067 0.4259 0.1969, -0.2067 0.9634 -0.0533, -0.2067 0.9665 -0.0492, -0.2067 0.9685 -0.0445, -0.2067 0.9685 0.0445, -0.2067 0.9665 0.0492, -0.2067 0.9593 0.0564, -0.2067 0.9634 0.0533, -0.2854 0.5046 0.2165, -0.2854 0.4259 0.2165, -0.2854 0.5046 1.4106, -0.2854 0.4259 1.2992, -0.2854 0.4294 1.328, -0.2854 0.4399 1.355, -0.2854 0.4786 1.3976, -0.2854 0.4566 1.3787, -0.2067 0.4566 1.3787, -0.2067 0.4399 1.355, -0.2067 0.4294 1.328, -0.2067 0.4259 0.2165, -0.2067 0.5046 0.2165, -0.2067 0.4259 1.2992, -0.2067 0.5046 1.4106, -0.2067 0.4786 1.3976, -0.2067 -0.0663 1.4173, -0.2854 -0.0663 1.4173, -0.2067 -0.0663 0.2165, -0.2854 -0.0663 0.2165, -0.2854 0.1317 0.2165, -0.2854 0.0264 1.2179, -0.2067 0.1317 0.2165, -0.2067 0.0264 1.2179, -0.2854 0.0265 1.2226, -0.2854 0.0277 1.2272, -0.2854 -0.0154 1.4173, -0.2854 0.0817 1.3054, -0.2854 0.0299 1.2313, -0.2854 0.0824 1.327, -0.2854 0.0843 1.3229, -0.2854 -0.0103 1.4167, -0.2854 -0.0055 1.4147, -0.2854 -0.0015 1.4116, -0.2854 0.0795 1.3306, -0.2854 0.0852 1.3184, -0.2854 0.0851 1.3138, -0.2854 0.0839 1.3094, -0.2067 0.0265 1.2226, -0.2067 0.0277 1.2272, -0.2067 0.0299 1.2313, -0.2067 0.0824 1.327, -0.2067 0.0795 1.3306, -0.2067 0.0817 1.3054, -0.2067 0.0851 1.3138, -0.2067 0.0852 1.3184, -0.2067 0.0843 1.3229, -0.2067 -0.0015 1.4116, -0.2067 -0.0055 1.4147, -0.2067 0.0839 1.3094, -0.2067 -0.0103 1.4167, -0.2067 -0.0154 1.4173, 0.2067 0.6227 0.0984, 0.2067 0.5833 0.0984, 0.2854 0.6227 0.0984, 0.2854 0.5833 0.0984, 0.2067 0.6924 0.0591, 0.2854 0.6924 0.0591, 0.2067 0.9495 0.0591, 0.2854 0.9495 0.0591, 0.2854 0.9692 0.0394, 0.2854 0.9692 -0.0394, 0.2067 0.9692 0.0394, 0.2067 0.9692 -0.0394, 0.2854 0.9495 -0.0591, 0.2854 0.7014 -0.0591, 0.2067 0.9495 -0.0591, 0.2067 0.7014 -0.0591, 0.2067 0.5968 0.0, 0.2854 0.5968 0.0, 0.2067 0.0125 0.0, 0.2854 0.0125 0.0, 0.2067 0.141 0.128, 0.2854 0.141 0.128, 0.2067 0.144 0.1199, 0.2854 0.144 0.1199, 0.2067 0.1488 0.1127, 0.2854 0.1488 0.1127, 0.2067 0.155 0.1067, 0.2854 0.155 0.1067, 0.2067 0.1623 0.1022, 0.2854 0.1623 0.1022, 0.2067 0.1705 0.0994, 0.2854 0.1705 0.0994, 0.2067 0.1791 0.0984, 0.2854 0.1791 0.0984, 0.2067 0.3865 0.0984, 0.2854 0.3865 0.0984, 0.2067 0.3967 0.0998, 0.2854 0.3967 0.0998, 0.2067 0.4062 0.1037, 0.2854 0.4062 0.1037, 0.2067 0.4143 0.11, 0.2854 0.4143 0.11, 0.2067 0.4206 0.1181, 0.2854 0.4206 0.1181, 0.2067 0.4245 0.1276, 0.2854 0.4245 0.1276, 0.2067 0.4259 0.1378, 0.2854 0.4259 0.1378, 0.2854 0.5833 0.1969, 0.2854 0.4259 0.1969, 0.2854 0.9546 -0.0584, 0.2854 0.9593 -0.0564, 0.2854 0.9546 0.0584, 0.2854 0.1337 0.1969, 0.2854 -0.0072 0.1969, 0.2854 -0.0072 0.0025, 0.2854 0.9634 -0.0533, 0.2854 0.9665 -0.0492, 0.2854 0.9685 -0.0445, 0.2854 0.9685 0.0445, 0.2854 0.9665 0.0492, 0.2854 0.9593 0.0564, 0.2854 0.9634 0.0533, 0.2067 -0.0072 0.0025, 0.2067 -0.0072 0.1969, 0.2067 0.1337 0.1969, 0.2067 0.4259 0.1969, 0.2067 0.5833 0.1969, 0.2067 0.9593 -0.0564, 0.2067 0.9546 -0.0584, 0.2067 0.9685 -0.0445, 0.2067 0.9665 -0.0492, 0.2067 0.9634 -0.0533, 0.2067 0.9546 0.0584, 0.2067 0.9685 0.0445, 0.2067 0.9593 0.0564, 0.2067 0.9665 0.0492, 0.2067 0.9634 0.0533, 0.2067 0.5046 0.2165, 0.2067 0.4259 0.2165, 0.2067 0.5046 1.4106, 0.2067 0.4259 1.2992, 0.2067 0.4294 1.328, 0.2067 0.4399 1.355, 0.2067 0.4786 1.3976, 0.2067 0.4566 1.3787, 0.2854 0.4566 1.3787, 0.2854 0.4399 1.355, 0.2854 0.4294 1.328, 0.2854 0.4259 0.2165, 0.2854 0.5046 0.2165, 0.2854 0.4259 1.2992, 0.2854 0.5046 1.4106, 0.2854 0.4786 1.3976, 0.2854 -0.0663 1.4173, 0.2067 -0.0663 1.4173, 0.2854 -0.0663 0.2165, 0.2067 -0.0663 0.2165, 0.2067 0.1317 0.2165, 0.2067 0.0264 1.2179, 0.2854 0.1317 0.2165, 0.2854 0.0264 1.2179, 0.2067 0.0265 1.2226, 0.2067 0.0277 1.2272, 0.2067 -0.0154 1.4173, 0.2067 0.0817 1.3054, 0.2067 0.0299 1.2313, 0.2067 0.0824 1.327, 0.2067 0.0843 1.3229, 0.2067 -0.0103 1.4167, 0.2067 -0.0055 1.4147, 0.2067 -0.0015 1.4116, 0.2067 0.0795 1.3306, 0.2067 0.0852 1.3184, 0.2067 0.0851 1.3138, 0.2067 0.0839 1.3094, 0.2854 0.0265 1.2226, 0.2854 0.0277 1.2272, 0.2854 0.0299 1.2313, 0.2854 0.0851 1.3138, 0.2854 0.0795 1.3306, 0.2854 0.0839 1.3094, 0.2854 0.0817 1.3054, 0.2854 -0.0015 1.4116, 0.2854 -0.0055 1.4147, 0.2854 0.0852 1.3184, 0.2854 0.0843 1.3229, 0.2854 0.0824 1.327, 0.2854 -0.0103 1.4167, 0.2854 -0.0154 1.4173, 0.2854 -0.0154 1.4173
            ]
        }
        coordIndex [
            0,1,2,-1,2,1,3,-1,4,0,5,-1,5,0,2,-1,6,4,7,-1,7,4,5,-1,8,9,10,-1,10,9,11,-1,12,13,14,-1,14,13,15,-1,16,15,17,-1,17,15,13,-1,18,16,19,-1,19,16,17,-1,20,21,22,-1,22,21,23,-1,22,23,24,-1,24,23,25,-1,24,25,26,-1,26,25,27,-1,26,27,28,-1,28,27,29,-1,28,29,30,-1,30,29,31,-1,30,31,32,-1,32,31,33,-1,34,32,35,-1,35,32,33,-1,34,35,36,-1,36,35,37,-1,36,37,38,-1,38,37,39,-1,38,39,40,-1,40,39,41,-1,40,41,42,-1,42,41,43,-1,42,43,44,-1,44,43,45,-1,44,45,46,-1,46,45,47,-1,34,36,1,-1,48,49,50,-1,36,38,1,-1,1,38,40,-1,1,40,42,-1,51,52,46,-1,46,52,1,-1,46,1,44,-1,44,1,42,-1,26,28,18,-1,18,28,30,-1,18,30,32,-1,53,54,11,-1,11,54,14,-1,11,14,10,-1,55,56,11,-1,11,56,57,-1,11,57,53,-1,50,20,48,-1,48,20,22,-1,48,22,18,-1,18,22,24,-1,18,24,26,-1,32,34,18,-1,18,34,1,-1,18,1,16,-1,16,1,0,-1,16,0,15,-1,15,0,4,-1,15,4,14,-1,14,4,6,-1,14,6,10,-1,10,6,58,-1,10,58,59,-1,59,58,60,-1,59,60,61,-1,61,60,62,-1,17,2,3,-1,45,43,3,-1,43,41,3,-1,3,41,39,-1,3,39,37,-1,63,64,21,-1,21,64,65,-1,66,67,9,-1,68,7,8,-1,8,7,5,-1,8,5,9,-1,69,70,3,-1,3,70,47,-1,3,47,45,-1,2,17,5,-1,5,17,13,-1,5,13,9,-1,9,13,12,-1,9,12,66,-1,37,35,3,-1,3,35,19,-1,3,19,17,-1,35,33,19,-1,19,33,31,-1,19,31,29,-1,67,71,9,-1,9,71,72,-1,9,72,73,-1,29,27,19,-1,19,27,25,-1,19,25,65,-1,65,25,23,-1,65,23,21,-1,8,74,68,-1,68,74,75,-1,68,75,76,-1,76,75,77,-1,3,1,69,-1,69,1,52,-1,46,47,51,-1,51,47,70,-1,21,20,63,-1,63,20,50,-1,19,65,18,-1,18,65,48,-1,78,79,80,-1,80,79,81,-1,81,82,80,-1,80,82,83,-1,80,83,84,-1,84,83,85,-1,86,87,88,-1,89,90,91,-1,91,90,92,-1,91,92,88,-1,88,92,93,-1,88,93,86,-1,81,91,88,-1,81,88,82,-1,82,88,87,-1,82,87,83,-1,83,87,86,-1,83,86,85,-1,85,86,93,-1,85,93,84,-1,84,93,92,-1,84,92,80,-1,89,91,79,-1,79,91,81,-1,94,95,96,-1,96,95,97,-1,98,99,100,-1,100,99,101,-1,98,97,99,-1,99,97,95,-1,99,95,102,-1,102,95,103,-1,104,105,95,-1,95,105,106,-1,95,106,103,-1,107,108,105,-1,109,110,104,-1,104,110,111,-1,104,111,105,-1,105,111,112,-1,105,112,107,-1,108,113,105,-1,105,113,114,-1,105,114,115,-1,96,100,94,-1,94,100,101,-1,101,116,94,-1,94,116,117,-1,94,117,118,-1,119,120,121,-1,122,123,124,-1,121,120,118,-1,118,120,125,-1,118,125,126,-1,119,121,124,-1,124,121,127,-1,124,127,122,-1,126,128,118,-1,118,128,129,-1,118,129,94,-1,104,95,129,-1,129,95,94,-1,104,129,128,-1,104,128,109,-1,109,128,126,-1,109,126,110,-1,110,126,125,-1,110,125,111,-1,112,111,120,-1,120,111,125,-1,112,120,119,-1,112,119,107,-1,107,119,124,-1,107,124,108,-1,108,124,123,-1,108,123,113,-1,113,123,122,-1,113,122,114,-1,114,122,127,-1,114,127,115,-1,115,127,121,-1,115,121,105,-1,106,105,118,-1,118,105,121,-1,106,118,103,-1,103,118,117,-1,103,117,102,-1,102,117,116,-1,102,116,99,-1,99,116,101,-1,8,10,59,-1,8,59,74,-1,74,59,61,-1,74,61,75,-1,75,61,62,-1,75,62,77,-1,77,62,60,-1,77,60,76,-1,76,60,58,-1,76,58,68,-1,68,58,6,-1,68,6,7,-1,11,9,73,-1,11,73,55,-1,55,73,72,-1,55,72,56,-1,56,72,71,-1,56,71,57,-1,57,71,67,-1,57,67,53,-1,53,67,66,-1,53,66,54,-1,54,66,12,-1,54,12,14,-1,130,131,132,-1,132,131,133,-1,134,130,135,-1,135,130,132,-1,136,134,137,-1,137,134,135,-1,138,139,140,-1,140,139,141,-1,142,143,144,-1,144,143,145,-1,146,145,147,-1,147,145,143,-1,148,146,149,-1,149,146,147,-1,150,151,152,-1,152,151,153,-1,152,153,154,-1,154,153,155,-1,154,155,156,-1,156,155,157,-1,156,157,158,-1,158,157,159,-1,158,159,160,-1,160,159,161,-1,160,161,162,-1,162,161,163,-1,164,162,165,-1,165,162,163,-1,164,165,166,-1,166,165,167,-1,166,167,168,-1,168,167,169,-1,168,169,170,-1,170,169,171,-1,170,171,172,-1,172,171,173,-1,172,173,174,-1,174,173,175,-1,174,175,176,-1,176,175,177,-1,147,132,133,-1,133,178,179,-1,179,177,133,-1,133,177,175,-1,133,175,173,-1,173,171,133,-1,133,171,169,-1,133,169,167,-1,180,181,139,-1,182,137,138,-1,138,137,135,-1,138,135,139,-1,183,184,151,-1,151,184,185,-1,132,147,135,-1,135,147,143,-1,135,143,139,-1,139,143,142,-1,139,142,180,-1,181,186,139,-1,139,186,187,-1,139,187,188,-1,167,165,133,-1,133,165,149,-1,133,149,147,-1,165,163,149,-1,149,163,161,-1,149,161,159,-1,138,189,182,-1,182,189,190,-1,182,190,191,-1,191,190,192,-1,159,157,149,-1,149,157,155,-1,149,155,185,-1,185,155,153,-1,185,153,151,-1,164,166,131,-1,193,194,195,-1,166,168,131,-1,131,168,170,-1,131,170,172,-1,196,197,176,-1,176,197,131,-1,176,131,174,-1,174,131,172,-1,156,158,148,-1,148,158,160,-1,148,160,162,-1,198,199,141,-1,141,199,144,-1,141,144,140,-1,200,201,141,-1,141,201,202,-1,141,202,198,-1,195,150,193,-1,193,150,152,-1,193,152,148,-1,148,152,154,-1,148,154,156,-1,162,164,148,-1,148,164,131,-1,148,131,146,-1,146,131,130,-1,146,130,145,-1,145,130,134,-1,145,134,144,-1,144,134,136,-1,144,136,140,-1,140,136,203,-1,140,203,204,-1,204,203,205,-1,204,205,206,-1,206,205,207,-1,149,185,148,-1,148,185,193,-1,133,131,178,-1,178,131,197,-1,176,177,196,-1,196,177,179,-1,151,150,183,-1,183,150,195,-1,208,209,210,-1,210,209,211,-1,211,212,210,-1,210,212,213,-1,210,213,214,-1,214,213,215,-1,216,217,218,-1,219,220,221,-1,221,220,222,-1,221,222,218,-1,218,222,223,-1,218,223,216,-1,211,221,218,-1,211,218,212,-1,212,218,217,-1,212,217,213,-1,213,217,216,-1,213,216,215,-1,215,216,223,-1,215,223,214,-1,214,223,222,-1,214,222,210,-1,219,221,209,-1,209,221,211,-1,224,225,226,-1,226,225,227,-1,228,229,230,-1,230,229,231,-1,228,227,229,-1,229,227,225,-1,229,225,232,-1,232,225,233,-1,234,235,225,-1,225,235,236,-1,225,236,233,-1,237,238,235,-1,239,240,234,-1,234,240,241,-1,234,241,235,-1,235,241,242,-1,235,242,237,-1,238,243,235,-1,235,243,244,-1,235,244,245,-1,226,230,224,-1,224,230,231,-1,231,246,224,-1,224,246,247,-1,224,247,248,-1,249,250,251,-1,251,250,252,-1,252,250,248,-1,248,250,253,-1,248,253,254,-1,255,256,249,-1,249,256,257,-1,249,257,250,-1,254,258,248,-1,248,258,259,-1,248,259,224,-1,234,225,259,-1,259,225,224,-1,234,259,258,-1,234,258,239,-1,239,258,254,-1,239,254,240,-1,240,254,253,-1,240,253,241,-1,242,241,250,-1,250,241,253,-1,242,250,257,-1,242,257,237,-1,237,257,256,-1,237,256,238,-1,238,256,255,-1,238,255,243,-1,243,255,249,-1,243,249,244,-1,244,249,251,-1,244,251,245,-1,245,251,252,-1,245,252,235,-1,236,235,248,-1,248,235,252,-1,236,248,233,-1,233,248,247,-1,233,247,232,-1,232,247,246,-1,232,246,229,-1,229,246,231,-1,138,140,204,-1,138,204,189,-1,189,204,206,-1,189,206,190,-1,190,206,207,-1,190,207,192,-1,192,207,205,-1,192,205,191,-1,191,205,203,-1,191,203,182,-1,182,203,136,-1,182,136,137,-1,141,139,188,-1,141,188,200,-1,200,188,187,-1,200,187,201,-1,201,187,186,-1,201,186,202,-1,202,186,181,-1,202,181,198,-1,198,181,180,-1,198,180,199,-1,199,180,142,-1,199,142,144,-1,
        ]
    }
}
Shape{
    appearance Appearance {
        material  Material 	{
            diffuseColor 1.0 0.9607843137254902 0.9058823529411765
            specularColor 0.5019607843137255 0.47843137254901963 0.45098039215686275
            ambientIntensity 0.2
            transparency 0
            shininess 0.5
        }
    }
    geometry IndexedFaceSet {
        ccw TRUE
        solid FALSE
        coord DEF co Coordinate {
            point [
                0.3839 -0.1844 1.5945, 0.3839 -0.1844 0.0, 0.3839 -0.8143 1.5945, 0.3839 -0.8143 0.0, -0.3839 -0.1844 1.5945, -0.3839 -0.8143 1.5945, -0.3839 -0.1844 0.0, -0.3839 -0.8143 0.0, -0.0689 -0.1844 1.4764, -0.0689 -0.3812 1.2795, 0.0689 -0.1844 1.4764, 0.0689 -0.3812 1.2795, 0.0689 -0.1844 1.122, 0.0689 -0.3812 1.122, -0.0689 -0.1844 1.122, -0.0689 -0.3812 1.122, 1.0138 0.544 1.4961, 1.1319 0.544 1.4961, 1.0138 0.544 0.1969, 1.1319 0.544 0.1969, 1.1319 0.7014 1.4961, 0.935 0.7014 1.4961, 0.935 -0.4206 1.4961, 1.0138 -0.9521 1.4961, 0.935 -0.7356 1.4961, 0.935 -0.9521 1.4961, 0.935 0.7014 0.1969, 0.935 0.4652 0.1969, 0.935 0.4652 0.0, 0.935 -0.4206 0.0, -1.0138 0.544 1.4961, -1.1319 0.544 1.4961, -1.1319 0.7014 1.4961, -0.935 0.7014 1.4961, -0.935 -0.4206 1.4961, -1.0138 -0.9521 1.4961, -0.935 -0.7356 1.4961, -0.935 -0.9521 1.4961, -0.935 0.4652 0.0, -0.935 -0.4206 0.0, -0.935 0.4652 0.1969, -0.935 0.7014 0.1969, 0.935 -0.9521 0.3937, 1.0138 -0.9521 0.3937, 0.935 -0.7356 0.0, 0.935 -0.9718 0.3937, 0.935 -0.9718 0.3201, 0.935 -0.9718 0.2166, 0.935 -0.9718 0.1849, 0.935 -0.9718 0.0, 1.0138 -0.9718 0.3201, 1.0138 -0.3419 0.1969, 1.0138 -0.9718 0.2166, 1.0138 -0.9718 0.1969, 1.0138 0.4652 0.0, 1.0138 -0.3419 0.0, 1.0138 0.4652 0.1969, 1.0138 -0.9718 0.3937, -0.935 -0.7356 0.0, -0.935 -0.9718 0.0, -0.935 -0.9718 0.1849, -0.935 -0.9521 0.3937, -0.935 -0.9718 0.3937, -0.935 -0.9718 0.3201, -0.935 -0.9718 0.2166, -0.935 -0.9718 0.2166
            ]
        }
        coordIndex [
            0,1,2,-1,2,1,3,-1,4,5,6,-1,6,5,7,-1,8,9,10,-1,10,9,11,-1,12,13,14,-1,14,13,15,-1,14,15,8,-1,8,15,9,-1,10,11,12,-1,12,11,13,-1,15,13,9,-1,9,13,11,-1,16,17,18,-1,18,17,19,-1,20,17,21,-1,21,17,16,-1,21,16,22,-1,22,16,23,-1,22,23,24,-1,24,23,25,-1,26,21,27,-1,27,21,22,-1,27,22,28,-1,28,22,29,-1,30,31,32,-1,32,33,30,-1,30,33,34,-1,30,34,35,-1,35,34,36,-1,35,36,37,-1,38,39,40,-1,40,39,34,-1,40,34,41,-1,41,34,33,-1,42,25,43,-1,43,25,23,-1,44,24,25,-1,25,42,44,-1,44,42,45,-1,44,45,46,-1,46,47,44,-1,44,47,48,-1,44,48,49,-1,23,16,18,-1,50,51,52,-1,52,51,53,-1,54,55,56,-1,56,55,51,-1,18,56,23,-1,23,56,51,-1,23,51,43,-1,43,51,50,-1,43,50,57,-1,58,59,60,-1,37,36,61,-1,61,36,58,-1,62,61,63,-1,63,61,58,-1,63,58,64,-1,64,58,60,-1,
        ]
    }
}
Shape{
    appearance Appearance {
        material  Material 	{
            diffuseColor 1.0 1.0 1.0
            specularColor 0.8784313725490196 0.8784313725490196 0.8784313725490196
            ambientIntensity 0.2
            transparency 0
            shininess 0.5
        }
    }
    geometry IndexedFaceSet {
        ccw TRUE
        solid FALSE
        coord DEF co Coordinate {
            point [
                1.0138 -0.9521 0.3937, 1.0138 -0.9718 0.3937, 0.935 -0.9521 0.3937, 0.935 -0.9718 0.3937, 0.935 -0.9718 0.3937
            ]
        }
        coordIndex [
            0,1,2,-1,2,1,3,-1,
        ]
    }
}
Shape{
    appearance Appearance {
        material  Material 	{
            diffuseColor 1.0 0.9607843137254902 0.9058823529411765
            specularColor 0.5019607843137255 0.47843137254901963 0.45098039215686275
            ambientIntensity 0.2
            transparency 0
            shininess 0.5
        }
    }
    geometry IndexedFaceSet {
        ccw TRUE
        solid FALSE
        coord DEF co Coordinate {
            point [
                1.1319 -0.9718 0.1969, 1.0138 -0.9718 0.1969, 1.1319 -0.3419 0.1969, 1.0138 -0.3419 0.1969, 1.1319 -0.3419 0.0, 1.0138 -0.3419 0.0, -1.0138 -0.9521 0.3937, -0.935 -0.9521 0.3937, -1.0138 -0.9718 0.3937, -0.935 -0.9718 0.3937, -1.1319 -0.3419 0.0, -1.0138 -0.3419 0.0, -1.1319 -0.3419 0.1969, -1.0138 -0.3419 0.1969, -1.1319 -0.9718 0.1969, -1.0138 -0.9718 0.1969, 0.561 -0.3222 1.5945, 0.6004 -0.2828 1.5551, 0.561 -0.1056 1.5945, 0.6004 -0.1056 1.5551, 0.8957 -0.3222 1.5945, 0.8563 -0.2828 1.5551, 0.8957 0.544 1.5945, 0.8563 0.5046 1.5551, -0.8957 0.544 1.5945, -0.8563 0.5046 1.5551, -0.8957 -0.3222 1.5945, -0.8563 -0.2828 1.5551, -0.561 -0.3222 1.5945, -0.6004 -0.2828 1.5551, -0.561 -0.1056 1.5945, -0.6004 -0.1056 1.5551, -0.6004 -0.1056 1.5551
            ]
        }
        coordIndex [
            0,1,2,-1,2,1,3,-1,2,3,4,-1,4,3,5,-1,6,7,8,-1,8,7,9,-1,10,11,12,-1,12,11,13,-1,12,13,14,-1,14,13,15,-1,16,17,18,-1,18,17,19,-1,20,21,16,-1,16,21,17,-1,22,23,20,-1,20,23,21,-1,24,25,22,-1,22,25,23,-1,26,27,24,-1,24,27,25,-1,28,29,26,-1,26,29,27,-1,30,31,28,-1,28,31,29,-1,
        ]
    }
}
Shape{
    appearance Appearance {
        material  Material 	{
            diffuseColor 0.0 0.0 0.0
            specularColor 0.0 0.0 0.0
            ambientIntensity 0.2
            transparency 0
            shininess 0.5
        }
    }
    geometry IndexedFaceSet {
        ccw TRUE
        solid FALSE
        coord DEF co Coordinate {
            point [
                0.0391 -0.9757 0.3534, 0.0391 -0.9757 0.3443, 0.0391 -0.9718 0.3534, 0.0391 -0.9718 0.3443, 0.0072 -0.9757 0.3534, 0.0072 -0.9718 0.3534, 0.0072 -0.9757 0.4243, 0.0072 -0.9718 0.4243, -0.0031 -0.9757 0.4243, -0.0031 -0.9718 0.4243, -0.0031 -0.9757 0.3443, -0.0031 -0.9718 0.3443, 0.1023 -0.9718 0.3476, 0.1023 -0.9757 0.3476, 0.101 -0.9757 0.3469, 0.0802 -0.9757 0.3429, 0.0802 -0.9718 0.3429, 0.0924 -0.9718 0.3441, 0.0924 -0.9757 0.3441, 0.0989 -0.9718 0.3462, 0.101 -0.9718 0.3469, 0.1023 -0.9757 0.3575, 0.1023 -0.9718 0.3575, 0.0989 -0.9718 0.356, 0.0945 -0.9757 0.354, 0.0945 -0.9718 0.354, 0.0854 -0.9718 0.3523, 0.0854 -0.9757 0.3523, 0.0817 -0.9718 0.3521, 0.0817 -0.9757 0.3521, 0.0736 -0.9718 0.3531, 0.0736 -0.9757 0.3531, 0.0679 -0.9718 0.3553, 0.0679 -0.9757 0.3553, 0.0627 -0.9718 0.359, 0.0627 -0.9757 0.359, 0.0611 -0.9718 0.3606, 0.0611 -0.9757 0.3606, 0.0572 -0.9718 0.366, 0.0572 -0.9757 0.366, 0.0546 -0.9718 0.3724, 0.0546 -0.9757 0.3724, 0.0533 -0.9718 0.3804, 0.0533 -0.9757 0.3804, 0.0532 -0.9718 0.3834, 0.0532 -0.9757 0.3834, 0.0546 -0.9718 0.3945, 0.0546 -0.9757 0.3945, 0.0573 -0.9718 0.4014, 0.0573 -0.9757 0.4014, 0.0616 -0.9718 0.4075, 0.0616 -0.9757 0.4075, 0.0671 -0.9718 0.412, 0.0671 -0.9757 0.412, 0.0734 -0.9718 0.4149, 0.0734 -0.9757 0.4149, 0.0804 -0.9718 0.4162, 0.0804 -0.9757 0.4162, 0.0835 -0.9718 0.4164, 0.0835 -0.9757 0.4164, 0.0933 -0.9718 0.4152, 0.0989 -0.9718 0.413, 0.1014 -0.9757 0.4121, 0.0933 -0.9757 0.4152, 0.1014 -0.9718 0.4121, 0.1023 -0.9718 0.4116, 0.1023 -0.9757 0.4116, 0.1023 -0.9757 0.4224, 0.1023 -0.9718 0.4224, 0.0834 -0.9718 0.4257, 0.0834 -0.9757 0.4257, 0.0835 -0.9757 0.4257, 0.0989 -0.9718 0.4234, 0.094 -0.9757 0.4248, 0.094 -0.9718 0.4248, 0.0919 -0.9718 0.425, 0.0835 -0.9718 0.4257, 0.0779 -0.9718 0.425, 0.0717 -0.9757 0.4243, 0.0717 -0.9718 0.4243, 0.0633 -0.9718 0.421, 0.0633 -0.9757 0.421, 0.0559 -0.9718 0.4157, 0.0559 -0.9757 0.4157, 0.054 -0.9718 0.4139, 0.054 -0.9757 0.4139, 0.0481 -0.9718 0.4063, 0.046 -0.9718 0.4012, 0.0443 -0.9757 0.3974, 0.0481 -0.9757 0.4063, 0.0443 -0.9718 0.3974, 0.0425 -0.9718 0.387, 0.0425 -0.9757 0.387, 0.0424 -0.9718 0.3828, 0.0424 -0.9757 0.3828, 0.0437 -0.9718 0.3708, 0.046 -0.9718 0.3645, 0.0468 -0.9757 0.3622, 0.0437 -0.9757 0.3708, 0.0468 -0.9718 0.3622, 0.0514 -0.9718 0.3553, 0.0514 -0.9757 0.3553, 0.0527 -0.9718 0.3538, 0.0527 -0.9757 0.3538, 0.0591 -0.9718 0.3485, 0.0591 -0.9757 0.3485, 0.0667 -0.9718 0.3449, 0.0667 -0.9757 0.3449, 0.0753 -0.9718 0.3431, 0.0753 -0.9757 0.3431, 0.1614 -0.9757 0.3534, 0.1614 -0.9757 0.3443, 0.1614 -0.9718 0.3534, 0.1614 -0.9718 0.3443, 0.1287 -0.9718 0.3534, 0.1287 -0.9757 0.3534, 0.1503 -0.9718 0.3534, 0.1287 -0.9757 0.3803, 0.1287 -0.9718 0.3803, 0.1573 -0.9757 0.3803, 0.1503 -0.9718 0.3803, 0.1573 -0.9718 0.3803, 0.1573 -0.9757 0.3895, 0.1573 -0.9718 0.3895, 0.1287 -0.9718 0.3895, 0.1287 -0.9757 0.3895, 0.1503 -0.9718 0.3895, 0.1287 -0.9757 0.4151, 0.1287 -0.9718 0.4151, 0.1596 -0.9757 0.4151, 0.1503 -0.9718 0.4151, 0.1596 -0.9718 0.4151, 0.1596 -0.9757 0.4243, 0.1596 -0.9718 0.4243, 0.1184 -0.9718 0.4243, 0.1184 -0.9757 0.4243, 0.1503 -0.9718 0.4243, 0.1184 -0.9757 0.3443, 0.1184 -0.9718 0.3443, 0.1503 -0.9718 0.3443, 0.2263 -0.9757 0.3667, 0.2223 -0.9757 0.3617, 0.2297 -0.9757 0.3555, 0.2208 -0.9757 0.3604, 0.2214 -0.9757 0.3495, 0.2155 -0.9757 0.3569, 0.2123 -0.9757 0.346, 0.2087 -0.9757 0.3545, 0.1986 -0.9757 0.3443, 0.1985 -0.9757 0.3534, 0.1766 -0.9757 0.3443, 0.1869 -0.9757 0.3534, 0.1766 -0.9757 0.4243, 0.1869 -0.9757 0.4151, 0.1994 -0.9757 0.4243, 0.199 -0.9757 0.4151, 0.2116 -0.9757 0.423, 0.2093 -0.9757 0.414, 0.2213 -0.9757 0.4195, 0.2162 -0.9757 0.4115, 0.2297 -0.9757 0.4137, 0.2221 -0.9757 0.4076, 0.2324 -0.9757 0.411, 0.2247 -0.9757 0.4049, 0.2374 -0.9757 0.4041, 0.2277 -0.9757 0.4003, 0.2404 -0.9757 0.3965, 0.2299 -0.9757 0.3943, 0.2417 -0.9757 0.3853, 0.2309 -0.9757 0.385, 0.2415 -0.9757 0.3802, 0.2306 -0.9757 0.38, 0.2396 -0.9757 0.3709, 0.2291 -0.9757 0.3726, 0.2356 -0.9757 0.3626, 0.1986 -0.9718 0.3443, 0.1766 -0.9718 0.3443, 0.2123 -0.9718 0.346, 0.2214 -0.9718 0.3495, 0.2297 -0.9718 0.3555, 0.2356 -0.9718 0.3626, 0.2396 -0.9718 0.3709, 0.2415 -0.9718 0.3802, 0.2417 -0.9718 0.3853, 0.2404 -0.9718 0.3965, 0.2374 -0.9718 0.4041, 0.2324 -0.9718 0.411, 0.2297 -0.9718 0.4137, 0.2213 -0.9718 0.4195, 0.2116 -0.9718 0.423, 0.1994 -0.9718 0.4243, 0.1766 -0.9718 0.4243, 0.199 -0.9718 0.4151, 0.1869 -0.9718 0.4151, 0.1869 -0.9718 0.3534, 0.1985 -0.9718 0.3534, 0.2223 -0.9718 0.3617, 0.2208 -0.9718 0.3604, 0.2155 -0.9718 0.3569, 0.2087 -0.9718 0.3545, 0.2309 -0.9718 0.385, 0.2306 -0.9718 0.38, 0.2291 -0.9718 0.3726, 0.2263 -0.9718 0.3667, 0.2221 -0.9718 0.4076, 0.2247 -0.9718 0.4049, 0.2277 -0.9718 0.4003, 0.2299 -0.9718 0.3943, 0.2093 -0.9718 0.414, 0.2162 -0.9718 0.4115, 0.2162 -0.9718 0.4115
            ]
        }
        coordIndex [
            0,1,2,-1,2,1,3,-1,4,0,5,-1,5,0,2,-1,6,4,7,-1,7,4,5,-1,8,6,9,-1,9,6,7,-1,10,8,11,-1,11,8,9,-1,1,10,3,-1,3,10,11,-1,6,8,4,-1,4,8,10,-1,4,10,0,-1,0,10,1,-1,12,13,14,-1,15,16,17,-1,15,17,18,-1,18,17,19,-1,18,19,14,-1,14,19,20,-1,14,20,12,-1,21,13,22,-1,22,13,12,-1,21,22,23,-1,21,23,24,-1,23,25,24,-1,24,25,26,-1,24,26,27,-1,27,26,28,-1,27,28,29,-1,29,28,30,-1,29,30,31,-1,31,30,32,-1,31,32,33,-1,33,32,34,-1,33,34,35,-1,35,34,36,-1,35,36,37,-1,37,36,38,-1,37,38,39,-1,39,38,40,-1,39,40,41,-1,41,40,42,-1,41,42,43,-1,43,42,44,-1,43,44,45,-1,45,44,46,-1,45,46,47,-1,47,46,48,-1,47,48,49,-1,49,48,50,-1,49,50,51,-1,51,50,52,-1,51,52,53,-1,53,52,54,-1,53,54,55,-1,55,54,56,-1,55,56,57,-1,57,56,58,-1,57,58,59,-1,59,58,60,-1,61,62,60,-1,60,62,63,-1,60,63,59,-1,61,64,62,-1,62,64,65,-1,62,65,66,-1,67,66,68,-1,68,66,65,-1,69,70,71,-1,67,68,72,-1,67,72,73,-1,72,74,73,-1,73,74,75,-1,73,75,71,-1,71,75,76,-1,71,76,69,-1,70,69,77,-1,70,77,78,-1,77,79,78,-1,78,79,80,-1,78,80,81,-1,81,80,82,-1,81,82,83,-1,83,82,84,-1,83,84,85,-1,85,84,86,-1,87,88,86,-1,86,88,89,-1,86,89,85,-1,87,90,88,-1,88,90,91,-1,88,91,92,-1,92,91,93,-1,92,93,94,-1,94,93,95,-1,96,97,95,-1,95,97,98,-1,95,98,94,-1,96,99,97,-1,97,99,100,-1,97,100,101,-1,101,100,102,-1,101,102,103,-1,103,102,104,-1,103,104,105,-1,105,104,106,-1,105,106,107,-1,107,106,108,-1,107,108,109,-1,109,108,16,-1,109,16,15,-1,62,66,67,-1,53,83,51,-1,51,83,85,-1,51,85,49,-1,49,85,89,-1,49,89,47,-1,62,67,63,-1,63,67,73,-1,63,73,59,-1,59,73,71,-1,59,71,57,-1,57,71,70,-1,57,70,55,-1,55,70,78,-1,55,78,53,-1,53,78,81,-1,53,81,83,-1,13,21,14,-1,14,21,24,-1,14,24,18,-1,18,24,27,-1,18,27,15,-1,15,27,29,-1,15,29,109,-1,109,29,31,-1,109,31,107,-1,107,31,33,-1,107,33,105,-1,105,33,35,-1,105,35,103,-1,103,35,37,-1,103,37,101,-1,101,37,39,-1,101,39,97,-1,94,45,92,-1,92,45,47,-1,92,47,88,-1,88,47,89,-1,97,39,98,-1,98,39,41,-1,98,41,94,-1,94,41,43,-1,94,43,45,-1,110,111,112,-1,112,111,113,-1,114,115,116,-1,116,115,110,-1,116,110,112,-1,117,115,118,-1,118,115,114,-1,117,118,119,-1,119,118,120,-1,119,120,121,-1,122,119,123,-1,123,119,121,-1,124,125,126,-1,126,125,122,-1,126,122,123,-1,127,125,128,-1,128,125,124,-1,127,128,129,-1,129,128,130,-1,129,130,131,-1,132,129,133,-1,133,129,131,-1,134,135,136,-1,136,135,132,-1,136,132,133,-1,137,135,138,-1,138,135,134,-1,137,138,111,-1,111,138,139,-1,111,139,113,-1,137,111,110,-1,110,115,137,-1,137,115,117,-1,137,117,135,-1,129,132,127,-1,127,132,135,-1,127,135,125,-1,125,135,117,-1,125,117,122,-1,122,117,119,-1,140,141,142,-1,142,141,143,-1,142,143,144,-1,144,143,145,-1,144,145,146,-1,146,145,147,-1,146,147,148,-1,148,147,149,-1,148,149,150,-1,150,149,151,-1,150,151,152,-1,152,151,153,-1,152,153,154,-1,154,153,155,-1,154,155,156,-1,156,155,157,-1,156,157,158,-1,158,157,159,-1,158,159,160,-1,160,159,161,-1,160,161,162,-1,162,161,163,-1,162,163,164,-1,164,163,165,-1,164,165,166,-1,166,165,167,-1,166,167,168,-1,168,167,169,-1,168,169,170,-1,170,169,171,-1,170,171,172,-1,172,171,173,-1,172,173,174,-1,174,173,140,-1,174,140,142,-1,148,150,175,-1,175,150,176,-1,148,175,177,-1,148,177,146,-1,146,177,178,-1,146,178,144,-1,144,178,179,-1,144,179,142,-1,142,179,180,-1,142,180,174,-1,174,180,181,-1,174,181,172,-1,172,181,182,-1,172,182,170,-1,170,182,183,-1,170,183,168,-1,168,183,184,-1,168,184,166,-1,166,184,185,-1,166,185,164,-1,164,185,186,-1,164,186,162,-1,162,186,187,-1,162,187,160,-1,160,187,188,-1,160,188,158,-1,158,188,189,-1,158,189,156,-1,156,189,190,-1,156,190,154,-1,152,154,191,-1,191,154,190,-1,150,152,176,-1,176,152,191,-1,155,153,192,-1,192,153,193,-1,153,151,193,-1,193,151,194,-1,151,149,194,-1,194,149,195,-1,141,196,197,-1,141,197,143,-1,143,197,198,-1,143,198,145,-1,145,198,199,-1,145,199,147,-1,147,199,195,-1,147,195,149,-1,169,200,201,-1,169,201,171,-1,171,201,202,-1,171,202,173,-1,173,202,203,-1,173,203,140,-1,140,203,196,-1,140,196,141,-1,161,204,205,-1,161,205,163,-1,163,205,206,-1,163,206,165,-1,165,206,207,-1,165,207,167,-1,167,207,200,-1,167,200,169,-1,155,192,208,-1,155,208,157,-1,157,208,209,-1,157,209,159,-1,159,209,204,-1,159,204,161,-1,
        ]
    }
}
Shape{
    appearance Appearance {
        material  Material 	{
            diffuseColor 1.0 0.9607843137254902 0.9058823529411765
            specularColor 0.5019607843137255 0.47843137254901963 0.45098039215686275
            ambientIntensity 0.2
            transparency 0
            shininess 0.5
        }
    }
    geometry IndexedFaceSet {
        ccw TRUE
        solid FALSE
        coord DEF co Coordinate {
            point [
                0.1869 -0.9718 0.4151, 0.1869 -0.9718 0.3534, 0.199 -0.9718 0.4151, 0.1985 -0.9718 0.3534, 0.2087 -0.9718 0.3545, 0.2155 -0.9718 0.3569, 0.2208 -0.9718 0.3604, 0.2223 -0.9718 0.3617, 0.2263 -0.9718 0.3667, 0.2291 -0.9718 0.3726, 0.2306 -0.9718 0.38, 0.2309 -0.9718 0.385, 0.2299 -0.9718 0.3943, 0.2277 -0.9718 0.4003, 0.2247 -0.9718 0.4049, 0.2221 -0.9718 0.4076, 0.2093 -0.9718 0.414, 0.2162 -0.9718 0.4115, 0.2162 -0.9718 0.4115
            ]
        }
        coordIndex [
            0,1,2,-1,2,1,3,-1,2,3,4,-1,4,5,2,-1,2,5,6,-1,2,6,7,-1,7,8,2,-1,2,8,9,-1,2,9,10,-1,10,11,2,-1,2,11,12,-1,2,12,13,-1,13,14,2,-1,2,14,15,-1,2,15,16,-1,16,15,17,-1,
        ]
    }
}
Shape{
    appearance Appearance {
        material  Material 	{
            diffuseColor 0.0 0.0 0.0
            specularColor 0.0 0.0 0.0
            ambientIntensity 0.2
            transparency 0
            shininess 0.5
        }
    }
    geometry IndexedFaceSet {
        ccw TRUE
        solid FALSE
        coord DEF co Coordinate {
            point [
                0.2686 -0.9757 0.3752, 0.2653 -0.9757 0.3662, 0.2954 -0.9757 0.3752, 0.2986 -0.9757 0.3662, 0.2805 -0.9757 0.4085, 0.2767 -0.9757 0.4243, 0.2462 -0.9757 0.3443, 0.2576 -0.9757 0.3443, 0.2812 -0.9757 0.4109, 0.2819 -0.9757 0.4141, 0.2877 -0.9757 0.4243, 0.2821 -0.9757 0.4141, 0.2828 -0.9757 0.4107, 0.2834 -0.9757 0.4085, 0.3182 -0.9757 0.3443, 0.3068 -0.9757 0.3443, 0.2877 -0.9718 0.4243, 0.3182 -0.9718 0.3443, 0.2767 -0.9718 0.4243, 0.2462 -0.9718 0.3443, 0.2693 -0.9718 0.4049, 0.2576 -0.9718 0.3443, 0.2653 -0.9718 0.3662, 0.2986 -0.9718 0.3662, 0.2693 -0.9718 0.3662, 0.3068 -0.9718 0.3443, 0.2686 -0.9718 0.3752, 0.2954 -0.9718 0.3752, 0.2834 -0.9718 0.4085, 0.2821 -0.9718 0.4141, 0.2828 -0.9718 0.4107, 0.2819 -0.9718 0.4141, 0.2805 -0.9718 0.4085, 0.2812 -0.9718 0.4109, 0.2812 -0.9718 0.4109
            ]
        }
        coordIndex [
            0,1,2,-1,2,1,3,-1,4,5,0,-1,0,5,6,-1,0,6,1,-1,1,6,7,-1,4,8,5,-1,5,8,9,-1,5,9,10,-1,10,9,11,-1,10,11,12,-1,12,13,10,-1,10,13,2,-1,10,2,14,-1,14,2,3,-1,14,3,15,-1,10,14,16,-1,16,14,17,-1,5,10,18,-1,18,10,16,-1,19,6,20,-1,20,6,5,-1,20,5,18,-1,7,6,21,-1,21,6,19,-1,1,7,22,-1,22,7,21,-1,23,3,24,-1,24,3,1,-1,24,1,22,-1,15,3,25,-1,25,3,23,-1,14,15,17,-1,17,15,25,-1,0,2,26,-1,26,2,27,-1,2,13,27,-1,27,13,28,-1,11,29,30,-1,11,30,12,-1,12,30,28,-1,12,28,13,-1,11,9,29,-1,29,9,31,-1,4,32,33,-1,4,33,8,-1,8,33,31,-1,8,31,9,-1,4,0,32,-1,32,0,26,-1,
        ]
    }
}
Shape{
    appearance Appearance {
        material  Material 	{
            diffuseColor 1.0 0.9607843137254902 0.9058823529411765
            specularColor 0.5019607843137255 0.47843137254901963 0.45098039215686275
            ambientIntensity 0.2
            transparency 0
            shininess 0.5
        }
    }
    geometry IndexedFaceSet {
        ccw TRUE
        solid FALSE
        coord DEF co Coordinate {
            point [
                0.2821 -0.9718 0.4141, 0.2819 -0.9718 0.4141, 0.2828 -0.9718 0.4107, 0.2812 -0.9718 0.4109, 0.2834 -0.9718 0.4085, 0.2805 -0.9718 0.4085, 0.2954 -0.9718 0.3752, 0.2686 -0.9718 0.3752, 0.2686 -0.9718 0.3752
            ]
        }
        coordIndex [
            0,1,2,-1,2,1,3,-1,2,3,4,-1,4,3,5,-1,4,5,6,-1,6,5,7,-1,
        ]
    }
}
Shape{
    appearance Appearance {
        material  Material 	{
            diffuseColor 0.0 0.0 0.0
            specularColor 0.0 0.0 0.0
            ambientIntensity 0.2
            transparency 0
            shininess 0.5
        }
    }
    geometry IndexedFaceSet {
        ccw TRUE
        solid FALSE
        coord DEF co Coordinate {
            point [
                0.04 -0.9757 0.2264, 0.04 -0.9757 0.2172, 0.04 -0.9718 0.2264, 0.04 -0.9718 0.2172, 0.0072 -0.9757 0.2264, 0.0072 -0.9718 0.2264, 0.0072 -0.9757 0.2533, 0.0072 -0.9718 0.2533, 0.0359 -0.9757 0.2533, 0.0359 -0.9718 0.2533, 0.0359 -0.9757 0.2625, 0.0359 -0.9718 0.2625, 0.0072 -0.9757 0.2625, 0.0072 -0.9718 0.2625, 0.0072 -0.9757 0.2881, 0.0072 -0.9718 0.2881, 0.0381 -0.9757 0.2881, 0.0381 -0.9718 0.2881, 0.0381 -0.9757 0.2973, 0.0381 -0.9718 0.2973, -0.0031 -0.9757 0.2973, -0.0031 -0.9718 0.2973, -0.0031 -0.9757 0.2172, -0.0031 -0.9718 0.2172, 0.0721 -0.9757 0.2441, 0.0855 -0.9757 0.2459, 0.0955 -0.9757 0.254, 0.0855 -0.9757 0.2172, 0.0955 -0.9757 0.2172, 0.0855 -0.9757 0.2261, 0.0855 -0.9757 0.2536, 0.0637 -0.9757 0.2416, 0.0661 -0.9757 0.2428, 0.0852 -0.9757 0.2261, 0.0801 -0.9757 0.2278, 0.0835 -0.9757 0.2236, 0.0773 -0.9757 0.2258, 0.0855 -0.9757 0.2405, 0.0849 -0.9757 0.2356, 0.0835 -0.9757 0.232, 0.0812 -0.9757 0.2288, 0.0669 -0.9757 0.2245, 0.0677 -0.9757 0.2159, 0.0703 -0.9757 0.2241, 0.0726 -0.9757 0.2164, 0.0743 -0.9757 0.2246, 0.0767 -0.9757 0.2178, 0.0803 -0.9757 0.2202, 0.0851 -0.9757 0.2579, 0.0947 -0.9757 0.2618, 0.0841 -0.9757 0.2616, 0.0931 -0.9757 0.2663, 0.0829 -0.9757 0.2636, 0.0911 -0.9757 0.2695, 0.0814 -0.9757 0.2653, 0.0884 -0.9757 0.2721, 0.0797 -0.9757 0.2664, 0.085 -0.9757 0.2739, 0.0773 -0.9757 0.2672, 0.0808 -0.9757 0.2752, 0.0739 -0.9757 0.2676, 0.0748 -0.9757 0.2757, 0.0684 -0.9757 0.2671, 0.0646 -0.9757 0.2745, 0.0621 -0.9757 0.265, 0.0571 -0.9757 0.2716, 0.0551 -0.9757 0.2607, 0.0551 -0.9757 0.2704, 0.0618 -0.9757 0.2276, 0.0545 -0.9757 0.2204, 0.0626 -0.9757 0.2267, 0.0577 -0.9757 0.2181, 0.0646 -0.9757 0.2253, 0.0615 -0.9757 0.2166, 0.0662 -0.9757 0.2159, 0.0598 -0.9757 0.235, 0.0496 -0.9757 0.2337, 0.0597 -0.9757 0.2334, 0.0496 -0.9757 0.2326, 0.06 -0.9757 0.2311, 0.0501 -0.9757 0.228, 0.0606 -0.9757 0.2292, 0.0513 -0.9757 0.2246, 0.0534 -0.9757 0.2215, 0.0685 -0.9757 0.2512, 0.0609 -0.9757 0.2493, 0.0624 -0.9757 0.2406, 0.0567 -0.9757 0.2472, 0.0612 -0.9757 0.2391, 0.0536 -0.9757 0.2445, 0.0603 -0.9757 0.2373, 0.0516 -0.9757 0.2416, 0.0502 -0.9757 0.2381, 0.0748 -0.9718 0.2757, 0.0646 -0.9718 0.2745, 0.0571 -0.9718 0.2716, 0.0551 -0.9718 0.2704, 0.0551 -0.9718 0.2607, 0.0621 -0.9718 0.265, 0.0684 -0.9718 0.2671, 0.0739 -0.9718 0.2676, 0.0773 -0.9718 0.2672, 0.0797 -0.9718 0.2664, 0.0814 -0.9718 0.2653, 0.0829 -0.9718 0.2636, 0.0841 -0.9718 0.2616, 0.0851 -0.9718 0.2579, 0.0855 -0.9718 0.2536, 0.0685 -0.9718 0.2512, 0.0609 -0.9718 0.2493, 0.0567 -0.9718 0.2472, 0.0536 -0.9718 0.2445, 0.0516 -0.9718 0.2416, 0.0502 -0.9718 0.2381, 0.0496 -0.9718 0.2337, 0.0496 -0.9718 0.2326, 0.0501 -0.9718 0.228, 0.0513 -0.9718 0.2246, 0.0534 -0.9718 0.2215, 0.0545 -0.9718 0.2204, 0.0677 -0.9718 0.2159, 0.0577 -0.9718 0.2181, 0.0615 -0.9718 0.2166, 0.062 -0.9718 0.2166, 0.0662 -0.9718 0.2159, 0.0726 -0.9718 0.2164, 0.0731 -0.9718 0.2166, 0.0767 -0.9718 0.2178, 0.0803 -0.9718 0.2202, 0.0835 -0.9718 0.2236, 0.0852 -0.9718 0.2261, 0.0855 -0.9718 0.2261, 0.0855 -0.9718 0.2172, 0.0955 -0.9718 0.2172, 0.0955 -0.9718 0.254, 0.0947 -0.9718 0.2618, 0.0931 -0.9718 0.2663, 0.0911 -0.9718 0.2695, 0.0884 -0.9718 0.2721, 0.085 -0.9718 0.2739, 0.0808 -0.9718 0.2752, 0.0624 -0.9718 0.2406, 0.0637 -0.9718 0.2416, 0.0661 -0.9718 0.2428, 0.0721 -0.9718 0.2441, 0.0597 -0.9718 0.2334, 0.0598 -0.9718 0.235, 0.0603 -0.9718 0.2373, 0.0612 -0.9718 0.2391, 0.0626 -0.9718 0.2267, 0.0618 -0.9718 0.2276, 0.0606 -0.9718 0.2292, 0.06 -0.9718 0.2311, 0.0703 -0.9718 0.2241, 0.0669 -0.9718 0.2245, 0.0646 -0.9718 0.2253, 0.0812 -0.9718 0.2288, 0.0801 -0.9718 0.2278, 0.0773 -0.9718 0.2258, 0.0743 -0.9718 0.2246, 0.0855 -0.9718 0.2405, 0.0849 -0.9718 0.2356, 0.0835 -0.9718 0.232, 0.0855 -0.9718 0.2459, 0.0855 -0.9718 0.2459
            ]
        }
        coordIndex [
            0,1,2,-1,2,1,3,-1,4,0,5,-1,5,0,2,-1,6,4,7,-1,7,4,5,-1,8,6,9,-1,9,6,7,-1,10,8,11,-1,11,8,9,-1,12,10,13,-1,13,10,11,-1,14,12,15,-1,15,12,13,-1,16,14,17,-1,17,14,15,-1,18,16,19,-1,19,16,17,-1,20,18,21,-1,21,18,19,-1,22,20,23,-1,23,20,21,-1,1,22,3,-1,3,22,23,-1,1,0,22,-1,22,0,4,-1,8,10,6,-1,6,10,12,-1,16,18,14,-1,14,18,20,-1,14,20,12,-1,12,20,22,-1,12,22,6,-1,6,22,4,-1,24,25,26,-1,27,28,29,-1,29,28,26,-1,30,31,32,-1,33,34,35,-1,35,34,36,-1,25,37,26,-1,26,37,38,-1,26,38,29,-1,29,38,39,-1,29,39,33,-1,33,39,40,-1,33,40,34,-1,41,42,43,-1,43,42,44,-1,43,44,45,-1,45,44,46,-1,45,46,36,-1,36,46,47,-1,36,47,35,-1,32,24,30,-1,30,24,26,-1,30,26,48,-1,48,26,49,-1,48,49,50,-1,50,49,51,-1,50,51,52,-1,52,51,53,-1,52,53,54,-1,54,53,55,-1,54,55,56,-1,56,55,57,-1,56,57,58,-1,58,57,59,-1,58,59,60,-1,60,59,61,-1,60,61,62,-1,62,61,63,-1,62,63,64,-1,64,63,65,-1,64,65,66,-1,66,65,67,-1,68,69,70,-1,70,69,71,-1,70,71,72,-1,72,71,73,-1,72,73,41,-1,41,73,74,-1,41,74,42,-1,75,76,77,-1,77,76,78,-1,77,78,79,-1,79,78,80,-1,79,80,81,-1,81,80,82,-1,81,82,68,-1,68,82,83,-1,68,83,69,-1,30,84,31,-1,31,84,85,-1,31,85,86,-1,86,85,87,-1,86,87,88,-1,88,87,89,-1,88,89,90,-1,90,89,91,-1,90,91,75,-1,75,91,92,-1,75,92,76,-1,61,93,94,-1,61,94,63,-1,63,94,95,-1,63,95,65,-1,65,95,96,-1,65,96,67,-1,66,67,97,-1,97,67,96,-1,66,97,98,-1,66,98,64,-1,64,98,99,-1,64,99,62,-1,62,99,100,-1,62,100,60,-1,60,100,101,-1,60,101,58,-1,58,101,102,-1,58,102,56,-1,56,102,103,-1,56,103,54,-1,54,103,104,-1,54,104,52,-1,52,104,105,-1,52,105,50,-1,50,105,106,-1,50,106,48,-1,48,106,107,-1,48,107,30,-1,84,30,108,-1,108,30,107,-1,84,108,109,-1,84,109,85,-1,85,109,110,-1,85,110,87,-1,87,110,111,-1,87,111,89,-1,89,111,112,-1,89,112,91,-1,91,112,113,-1,91,113,92,-1,92,113,114,-1,92,114,76,-1,76,114,115,-1,76,115,78,-1,78,115,116,-1,78,116,80,-1,80,116,117,-1,80,117,82,-1,82,117,118,-1,82,118,83,-1,83,118,119,-1,83,119,69,-1,120,42,74,-1,69,119,121,-1,69,121,71,-1,71,121,122,-1,71,122,73,-1,73,122,123,-1,73,123,74,-1,74,123,124,-1,74,124,120,-1,42,120,125,-1,42,125,44,-1,44,125,126,-1,44,126,46,-1,126,127,46,-1,46,127,128,-1,46,128,47,-1,47,128,129,-1,47,129,35,-1,35,129,130,-1,35,130,33,-1,29,33,131,-1,131,33,130,-1,27,29,132,-1,132,29,131,-1,28,27,133,-1,133,27,132,-1,26,28,134,-1,134,28,133,-1,26,134,135,-1,26,135,49,-1,49,135,136,-1,49,136,51,-1,51,136,137,-1,51,137,53,-1,53,137,138,-1,53,138,55,-1,55,138,139,-1,55,139,57,-1,57,139,140,-1,57,140,59,-1,59,140,93,-1,59,93,61,-1,86,141,142,-1,86,142,31,-1,31,142,143,-1,31,143,32,-1,32,143,144,-1,32,144,24,-1,77,145,146,-1,77,146,75,-1,75,146,147,-1,75,147,90,-1,90,147,148,-1,90,148,88,-1,88,148,141,-1,88,141,86,-1,70,149,150,-1,70,150,68,-1,68,150,151,-1,68,151,81,-1,81,151,152,-1,81,152,79,-1,79,152,145,-1,79,145,77,-1,43,153,154,-1,43,154,41,-1,41,154,155,-1,41,155,72,-1,72,155,149,-1,72,149,70,-1,40,156,157,-1,40,157,34,-1,34,157,158,-1,34,158,36,-1,36,158,159,-1,36,159,45,-1,45,159,153,-1,45,153,43,-1,37,160,161,-1,37,161,38,-1,38,161,162,-1,38,162,39,-1,39,162,156,-1,39,156,40,-1,37,25,160,-1,160,25,163,-1,25,24,163,-1,163,24,144,-1,
        ]
    }
}
Shape{
    appearance Appearance {
        material  Material 	{
            diffuseColor 1.0 0.9607843137254902 0.9058823529411765
            specularColor 0.5019607843137255 0.47843137254901963 0.45098039215686275
            ambientIntensity 0.2
            transparency 0
            shininess 0.5
        }
    }
    geometry IndexedFaceSet {
        ccw TRUE
        solid FALSE
        coord DEF co Coordinate {
            point [
                0.0855 -0.9718 0.2405, 0.0855 -0.9718 0.2459, 0.0721 -0.9718 0.2441, 0.0801 -0.9718 0.2278, 0.0812 -0.9718 0.2288, 0.0743 -0.9718 0.2246, 0.0661 -0.9718 0.2428, 0.0637 -0.9718 0.2416, 0.0773 -0.9718 0.2258, 0.0835 -0.9718 0.232, 0.0849 -0.9718 0.2356, 0.0603 -0.9718 0.2373, 0.0598 -0.9718 0.235, 0.0597 -0.9718 0.2334, 0.06 -0.9718 0.2311, 0.0646 -0.9718 0.2253, 0.0669 -0.9718 0.2245, 0.0626 -0.9718 0.2267, 0.0703 -0.9718 0.2241, 0.0624 -0.9718 0.2406, 0.0612 -0.9718 0.2391, 0.0606 -0.9718 0.2292, 0.0618 -0.9718 0.2276, 0.0618 -0.9718 0.2276
            ]
        }
        coordIndex [
            0,1,2,-1,3,4,2,-1,5,6,7,-1,6,5,2,-1,2,5,8,-1,2,8,3,-1,4,9,2,-1,2,9,10,-1,2,10,0,-1,11,12,5,-1,5,12,13,-1,5,13,14,-1,15,16,17,-1,17,16,18,-1,17,18,5,-1,7,19,5,-1,5,19,20,-1,5,20,11,-1,14,21,5,-1,5,21,22,-1,5,22,17,-1,
        ]
    }
}
Shape{
    appearance Appearance {
        material  Material 	{
            diffuseColor 0.0 0.0 0.0
            specularColor 0.0 0.0 0.0
            ambientIntensity 0.2
            transparency 0
            shininess 0.5
        }
    }
    geometry IndexedFaceSet {
        ccw TRUE
        solid FALSE
        coord DEF co Coordinate {
            point [
                0.1091 -0.9718 0.2296, 0.1091 -0.9757 0.2296, 0.1127 -0.9757 0.2273, 0.1256 -0.9757 0.2241, 0.1256 -0.9718 0.2241, 0.119 -0.9718 0.2249, 0.119 -0.9757 0.2249, 0.1137 -0.9718 0.2269, 0.1127 -0.9718 0.2273, 0.1091 -0.9757 0.2192, 0.1091 -0.9718 0.2192, 0.1161 -0.9757 0.2168, 0.1137 -0.9718 0.2176, 0.1246 -0.9718 0.2159, 0.1246 -0.9757 0.2159, 0.1181 -0.9718 0.2166, 0.1161 -0.9718 0.2168, 0.1337 -0.9757 0.217, 0.1302 -0.9718 0.2166, 0.1337 -0.9718 0.217, 0.139 -0.9718 0.219, 0.139 -0.9757 0.219, 0.1413 -0.9718 0.2204, 0.1413 -0.9757 0.2204, 0.1443 -0.9718 0.2232, 0.1443 -0.9757 0.2232, 0.1461 -0.9718 0.2258, 0.1461 -0.9757 0.2258, 0.1473 -0.9718 0.229, 0.1473 -0.9757 0.229, 0.1477 -0.9718 0.2328, 0.1477 -0.9757 0.2328, 0.1472 -0.9718 0.2369, 0.1472 -0.9757 0.2369, 0.1461 -0.9718 0.2398, 0.1461 -0.9757 0.2398, 0.1444 -0.9718 0.2423, 0.1444 -0.9757 0.2423, 0.142 -0.9718 0.2444, 0.142 -0.9757 0.2444, 0.1353 -0.9718 0.2481, 0.1353 -0.9757 0.2481, 0.1314 -0.9718 0.2497, 0.1314 -0.9757 0.2497, 0.1252 -0.9718 0.2524, 0.1252 -0.9757 0.2524, 0.1217 -0.9718 0.2546, 0.1217 -0.9757 0.2546, 0.1207 -0.9718 0.2557, 0.1207 -0.9757 0.2557, 0.12 -0.9718 0.257, 0.12 -0.9757 0.257, 0.1196 -0.9718 0.2586, 0.1196 -0.9757 0.2586, 0.1195 -0.9718 0.2599, 0.1195 -0.9757 0.2599, 0.1197 -0.9718 0.2615, 0.1197 -0.9757 0.2615, 0.1202 -0.9718 0.2629, 0.1202 -0.9757 0.2629, 0.121 -0.9718 0.2641, 0.121 -0.9757 0.2641, 0.1225 -0.9718 0.2655, 0.1225 -0.9757 0.2655, 0.1248 -0.9718 0.2667, 0.1248 -0.9757 0.2667, 0.1275 -0.9718 0.2674, 0.1275 -0.9757 0.2674, 0.1304 -0.9718 0.2676, 0.1304 -0.9757 0.2676, 0.1375 -0.9718 0.2667, 0.1375 -0.9757 0.2667, 0.1431 -0.9718 0.2645, 0.1431 -0.9757 0.2645, 0.145 -0.9718 0.2635, 0.145 -0.9757 0.2635, 0.145 -0.9757 0.2732, 0.145 -0.9718 0.2732, 0.1385 -0.9718 0.2751, 0.1385 -0.9757 0.2751, 0.1314 -0.9718 0.2757, 0.1314 -0.9757 0.2757, 0.1234 -0.9718 0.2748, 0.1234 -0.9757 0.2748, 0.118 -0.9718 0.2727, 0.118 -0.9757 0.2727, 0.1156 -0.9718 0.2712, 0.1156 -0.9757 0.2712, 0.1137 -0.9718 0.2695, 0.1124 -0.9757 0.2683, 0.1124 -0.9718 0.2683, 0.1106 -0.9718 0.2656, 0.1106 -0.9757 0.2656, 0.1095 -0.9718 0.2624, 0.1095 -0.9757 0.2624, 0.1092 -0.9718 0.259, 0.1092 -0.9757 0.259, 0.1097 -0.9718 0.2548, 0.1097 -0.9757 0.2548, 0.1108 -0.9718 0.2518, 0.1108 -0.9757 0.2518, 0.112 -0.9718 0.25, 0.112 -0.9757 0.25, 0.1243 -0.9718 0.2424, 0.1243 -0.9757 0.2424, 0.1184 -0.9757 0.2451, 0.1136 -0.9718 0.2482, 0.1136 -0.9757 0.2482, 0.1137 -0.9718 0.2482, 0.1184 -0.9718 0.2451, 0.1309 -0.9718 0.2396, 0.1309 -0.9757 0.2396, 0.1348 -0.9718 0.2373, 0.1348 -0.9757 0.2373, 0.1361 -0.9718 0.236, 0.1361 -0.9757 0.236, 0.1369 -0.9718 0.2346, 0.1369 -0.9757 0.2346, 0.1373 -0.9718 0.2331, 0.1373 -0.9757 0.2331, 0.1374 -0.9718 0.2318, 0.1374 -0.9757 0.2318, 0.1372 -0.9718 0.2299, 0.1372 -0.9757 0.2299, 0.1367 -0.9718 0.2285, 0.1367 -0.9757 0.2285, 0.1358 -0.9718 0.2272, 0.1358 -0.9757 0.2272, 0.1347 -0.9718 0.2262, 0.1347 -0.9757 0.2262, 0.1338 -0.9718 0.2256, 0.1338 -0.9757 0.2256, 0.1312 -0.9718 0.2247, 0.1312 -0.9757 0.2247, 0.126 -0.9718 0.2241, 0.126 -0.9757 0.2241, 0.1974 -0.9757 0.2744, 0.2078 -0.9757 0.2744, 0.1974 -0.9718 0.2744, 0.2078 -0.9718 0.2744, 0.1818 -0.9757 0.2314, 0.1818 -0.9718 0.2314, 0.181 -0.9718 0.2287, 0.181 -0.9757 0.2287, 0.1806 -0.9718 0.2267, 0.1806 -0.9757 0.2267, 0.1803 -0.9757 0.2267, 0.1803 -0.9718 0.2267, 0.1791 -0.9757 0.2314, 0.1791 -0.9718 0.2314, 0.1641 -0.9718 0.2744, 0.1641 -0.9757 0.2744, 0.169 -0.9718 0.2605, 0.1529 -0.9757 0.2744, 0.1529 -0.9718 0.2744, 0.1754 -0.9718 0.2174, 0.1754 -0.9757 0.2174, 0.169 -0.9718 0.2336, 0.171 -0.9718 0.207, 0.171 -0.9757 0.207, 0.175 -0.9718 0.2166, 0.169 -0.9718 0.2034, 0.1688 -0.9757 0.2031, 0.1688 -0.9718 0.2031, 0.1667 -0.9718 0.2009, 0.1667 -0.9757 0.2009, 0.1648 -0.9718 0.1998, 0.1648 -0.9757 0.1998, 0.1626 -0.9718 0.1991, 0.1626 -0.9757 0.1991, 0.1607 -0.9718 0.1989, 0.1607 -0.9757 0.1989, 0.1571 -0.9718 0.1994, 0.1571 -0.9757 0.1994, 0.155 -0.9718 0.2001, 0.155 -0.9757 0.2001, 0.155 -0.9757 0.1911, 0.155 -0.9718 0.1911, 0.1592 -0.9718 0.1904, 0.1592 -0.9757 0.1904, 0.1615 -0.9718 0.1903, 0.1615 -0.9757 0.1903, 0.1656 -0.9718 0.1908, 0.1656 -0.9757 0.1908, 0.169 -0.9718 0.1921, 0.1696 -0.9757 0.1923, 0.1696 -0.9718 0.1923, 0.1731 -0.9718 0.1948, 0.1731 -0.9757 0.1948, 0.1733 -0.9718 0.1951, 0.1733 -0.9757 0.1951, 0.177 -0.9718 0.1993, 0.177 -0.9757 0.1993, 0.1819 -0.9718 0.2086, 0.1819 -0.9757 0.2086, 0.1819 -0.9718 0.2086, 0.1819 -0.9757 0.2086, 0.185 -0.9718 0.2166, 0.2617 -0.9757 0.2264, 0.2617 -0.9757 0.2172, 0.2617 -0.9718 0.2264, 0.2617 -0.9718 0.2172, 0.229 -0.9718 0.2264, 0.229 -0.9757 0.2264, 0.244 -0.9718 0.2264, 0.229 -0.9757 0.2533, 0.229 -0.9718 0.2533, 0.2576 -0.9718 0.2533, 0.2576 -0.9757 0.2533, 0.244 -0.9718 0.2533, 0.2576 -0.9757 0.2625, 0.2576 -0.9718 0.2625, 0.229 -0.9718 0.2625, 0.229 -0.9757 0.2625, 0.244 -0.9718 0.2625, 0.229 -0.9757 0.2881, 0.229 -0.9718 0.2881, 0.2599 -0.9718 0.2881, 0.2599 -0.9757 0.2881, 0.244 -0.9718 0.2881, 0.2599 -0.9757 0.2973, 0.2599 -0.9718 0.2973, 0.2186 -0.9718 0.2973, 0.2186 -0.9757 0.2973, 0.244 -0.9718 0.2973, 0.2186 -0.9757 0.2172, 0.2186 -0.9718 0.2172, 0.244 -0.9718 0.2172, 0.3266 -0.9757 0.2397, 0.3226 -0.9757 0.2347, 0.3299 -0.9757 0.2285, 0.3211 -0.9757 0.2334, 0.3217 -0.9757 0.2225, 0.3158 -0.9757 0.2299, 0.3126 -0.9757 0.2189, 0.309 -0.9757 0.2275, 0.2988 -0.9757 0.2172, 0.2988 -0.9757 0.2264, 0.2768 -0.9757 0.2172, 0.2872 -0.9757 0.2264, 0.2768 -0.9757 0.2973, 0.2872 -0.9757 0.2881, 0.2997 -0.9757 0.2973, 0.2993 -0.9757 0.2881, 0.3119 -0.9757 0.296, 0.3096 -0.9757 0.287, 0.3215 -0.9757 0.2924, 0.3165 -0.9757 0.2845, 0.3299 -0.9757 0.2867, 0.3224 -0.9757 0.2806, 0.3327 -0.9757 0.284, 0.325 -0.9757 0.2779, 0.3377 -0.9757 0.2771, 0.328 -0.9757 0.2733, 0.3407 -0.9757 0.2694, 0.3302 -0.9757 0.2672, 0.342 -0.9757 0.2583, 0.3311 -0.9757 0.258, 0.3418 -0.9757 0.2532, 0.3309 -0.9757 0.253, 0.3398 -0.9757 0.2438, 0.3293 -0.9757 0.2456, 0.3359 -0.9757 0.2356, 0.2988 -0.9718 0.2172, 0.2768 -0.9718 0.2172, 0.3126 -0.9718 0.2189, 0.3217 -0.9718 0.2225, 0.3299 -0.9718 0.2285, 0.3359 -0.9718 0.2356, 0.3398 -0.9718 0.2438, 0.3418 -0.9718 0.2532, 0.342 -0.9718 0.2583, 0.3407 -0.9718 0.2694, 0.3377 -0.9718 0.2771, 0.3327 -0.9718 0.284, 0.3299 -0.9718 0.2867, 0.3215 -0.9718 0.2924, 0.3119 -0.9718 0.296, 0.2997 -0.9718 0.2973, 0.2768 -0.9718 0.2973, 0.2993 -0.9718 0.2881, 0.2872 -0.9718 0.2881, 0.2872 -0.9718 0.2264, 0.2988 -0.9718 0.2264, 0.3226 -0.9718 0.2347, 0.3211 -0.9718 0.2334, 0.3158 -0.9718 0.2299, 0.309 -0.9718 0.2275, 0.3311 -0.9718 0.258, 0.3309 -0.9718 0.253, 0.3293 -0.9718 0.2456, 0.3266 -0.9718 0.2397, 0.3224 -0.9718 0.2806, 0.325 -0.9718 0.2779, 0.328 -0.9718 0.2733, 0.3302 -0.9718 0.2672, 0.3096 -0.9718 0.287, 0.3165 -0.9718 0.2845, 0.3165 -0.9718 0.2845
            ]
        }
        coordIndex [
            0,1,2,-1,3,4,5,-1,3,5,6,-1,6,5,7,-1,6,7,2,-1,2,7,8,-1,2,8,0,-1,9,1,10,-1,10,1,0,-1,9,10,11,-1,11,10,12,-1,13,14,15,-1,15,14,11,-1,15,11,16,-1,16,11,12,-1,14,13,17,-1,17,13,18,-1,18,19,17,-1,17,19,20,-1,17,20,21,-1,21,20,22,-1,21,22,23,-1,23,22,24,-1,23,24,25,-1,25,24,26,-1,25,26,27,-1,27,26,28,-1,27,28,29,-1,29,28,30,-1,29,30,31,-1,31,30,32,-1,31,32,33,-1,33,32,34,-1,33,34,35,-1,35,34,36,-1,35,36,37,-1,37,36,38,-1,37,38,39,-1,39,38,40,-1,39,40,41,-1,41,40,42,-1,41,42,43,-1,43,42,44,-1,43,44,45,-1,45,44,46,-1,45,46,47,-1,47,46,48,-1,47,48,49,-1,49,48,50,-1,49,50,51,-1,51,50,52,-1,51,52,53,-1,53,52,54,-1,53,54,55,-1,55,54,56,-1,55,56,57,-1,57,56,58,-1,57,58,59,-1,59,58,60,-1,59,60,61,-1,61,60,62,-1,61,62,63,-1,63,62,64,-1,63,64,65,-1,65,64,66,-1,65,66,67,-1,67,66,68,-1,67,68,69,-1,69,68,70,-1,69,70,71,-1,71,70,72,-1,71,72,73,-1,73,72,74,-1,73,74,75,-1,76,75,77,-1,77,75,74,-1,76,77,78,-1,76,78,79,-1,79,78,80,-1,79,80,81,-1,81,80,82,-1,81,82,83,-1,83,82,84,-1,83,84,85,-1,85,84,86,-1,85,86,87,-1,86,88,87,-1,87,88,89,-1,88,90,89,-1,89,90,91,-1,89,91,92,-1,92,91,93,-1,92,93,94,-1,94,93,95,-1,94,95,96,-1,96,95,97,-1,96,97,98,-1,98,97,99,-1,98,99,100,-1,100,99,101,-1,100,101,102,-1,103,104,105,-1,102,101,106,-1,102,106,107,-1,107,106,108,-1,107,108,105,-1,105,108,109,-1,105,109,103,-1,104,103,110,-1,104,110,111,-1,111,110,112,-1,111,112,113,-1,113,112,114,-1,113,114,115,-1,115,114,116,-1,115,116,117,-1,117,116,118,-1,117,118,119,-1,119,118,120,-1,119,120,121,-1,121,120,122,-1,121,122,123,-1,123,122,124,-1,123,124,125,-1,125,124,126,-1,125,126,127,-1,127,126,128,-1,127,128,129,-1,129,128,130,-1,129,130,131,-1,131,130,132,-1,131,132,133,-1,133,132,134,-1,133,134,135,-1,135,134,4,-1,135,4,3,-1,59,61,87,-1,87,61,85,-1,85,61,63,-1,85,63,83,-1,125,25,27,-1,111,43,104,-1,104,43,45,-1,125,27,123,-1,123,27,29,-1,123,29,121,-1,121,29,31,-1,121,31,119,-1,119,31,33,-1,119,33,117,-1,117,33,35,-1,117,35,115,-1,115,35,37,-1,115,37,113,-1,113,37,39,-1,113,39,111,-1,111,39,41,-1,111,41,43,-1,25,125,23,-1,23,125,127,-1,23,127,21,-1,14,3,11,-1,11,3,6,-1,11,6,9,-1,9,6,2,-1,9,2,1,-1,63,65,83,-1,83,65,67,-1,83,67,81,-1,81,67,69,-1,81,69,79,-1,79,69,71,-1,79,71,76,-1,76,71,73,-1,76,73,75,-1,127,129,21,-1,21,129,131,-1,21,131,17,-1,17,131,133,-1,17,133,14,-1,14,133,135,-1,14,135,3,-1,87,89,59,-1,59,89,92,-1,59,92,57,-1,57,92,94,-1,57,94,55,-1,55,94,96,-1,55,96,53,-1,53,96,98,-1,53,98,51,-1,51,98,100,-1,51,100,49,-1,49,100,102,-1,49,102,47,-1,47,102,107,-1,47,107,45,-1,45,107,105,-1,45,105,104,-1,136,137,138,-1,138,137,139,-1,140,136,141,-1,141,136,138,-1,140,141,142,-1,140,142,143,-1,143,142,144,-1,143,144,145,-1,146,145,147,-1,147,145,144,-1,148,146,149,-1,149,146,147,-1,150,151,152,-1,152,151,148,-1,152,148,149,-1,153,151,154,-1,154,151,150,-1,155,156,157,-1,157,156,153,-1,157,153,154,-1,158,159,160,-1,160,159,156,-1,160,156,155,-1,158,161,159,-1,159,161,162,-1,161,163,162,-1,162,163,164,-1,162,164,165,-1,165,164,166,-1,165,166,167,-1,167,166,168,-1,167,168,169,-1,169,168,170,-1,169,170,171,-1,171,170,172,-1,171,172,173,-1,173,172,174,-1,173,174,175,-1,176,175,177,-1,177,175,174,-1,176,177,178,-1,176,178,179,-1,179,178,180,-1,179,180,181,-1,181,180,182,-1,181,182,183,-1,183,182,184,-1,183,184,185,-1,184,186,185,-1,185,186,187,-1,185,187,188,-1,188,187,189,-1,188,189,190,-1,190,189,191,-1,190,191,192,-1,192,191,193,-1,192,193,194,-1,194,193,195,-1,194,195,196,-1,139,137,197,-1,197,137,196,-1,197,196,195,-1,143,145,196,-1,137,136,196,-1,196,136,140,-1,196,140,143,-1,151,153,148,-1,148,153,156,-1,148,156,146,-1,145,146,196,-1,196,146,156,-1,196,156,194,-1,194,156,159,-1,194,159,192,-1,192,159,162,-1,192,162,190,-1,190,162,165,-1,175,176,173,-1,173,176,179,-1,173,179,171,-1,171,179,181,-1,171,181,169,-1,169,181,183,-1,169,183,167,-1,167,183,185,-1,167,185,165,-1,165,185,188,-1,165,188,190,-1,198,199,200,-1,200,199,201,-1,202,203,204,-1,204,203,198,-1,204,198,200,-1,205,203,206,-1,206,203,202,-1,207,208,209,-1,209,208,205,-1,209,205,206,-1,210,208,211,-1,211,208,207,-1,212,213,214,-1,214,213,210,-1,214,210,211,-1,215,213,216,-1,216,213,212,-1,217,218,219,-1,219,218,215,-1,219,215,216,-1,220,218,221,-1,221,218,217,-1,222,223,224,-1,224,223,220,-1,224,220,221,-1,225,223,226,-1,226,223,222,-1,201,199,227,-1,227,199,225,-1,227,225,226,-1,199,198,225,-1,225,198,203,-1,208,210,205,-1,205,210,213,-1,218,220,215,-1,215,220,223,-1,215,223,213,-1,213,223,225,-1,213,225,205,-1,205,225,203,-1,228,229,230,-1,230,229,231,-1,230,231,232,-1,232,231,233,-1,232,233,234,-1,234,233,235,-1,234,235,236,-1,236,235,237,-1,236,237,238,-1,238,237,239,-1,238,239,240,-1,240,239,241,-1,240,241,242,-1,242,241,243,-1,242,243,244,-1,244,243,245,-1,244,245,246,-1,246,245,247,-1,246,247,248,-1,248,247,249,-1,248,249,250,-1,250,249,251,-1,250,251,252,-1,252,251,253,-1,252,253,254,-1,254,253,255,-1,254,255,256,-1,256,255,257,-1,256,257,258,-1,258,257,259,-1,258,259,260,-1,260,259,261,-1,260,261,262,-1,262,261,228,-1,262,228,230,-1,236,238,263,-1,263,238,264,-1,236,263,265,-1,236,265,234,-1,234,265,266,-1,234,266,232,-1,232,266,267,-1,232,267,230,-1,230,267,268,-1,230,268,262,-1,262,268,269,-1,262,269,260,-1,260,269,270,-1,260,270,258,-1,258,270,271,-1,258,271,256,-1,256,271,272,-1,256,272,254,-1,254,272,273,-1,254,273,252,-1,252,273,274,-1,252,274,250,-1,250,274,275,-1,250,275,248,-1,248,275,276,-1,248,276,246,-1,246,276,277,-1,246,277,244,-1,244,277,278,-1,244,278,242,-1,240,242,279,-1,279,242,278,-1,238,240,264,-1,264,240,279,-1,243,241,280,-1,280,241,281,-1,241,239,281,-1,281,239,282,-1,239,237,282,-1,282,237,283,-1,229,284,285,-1,229,285,231,-1,231,285,286,-1,231,286,233,-1,233,286,287,-1,233,287,235,-1,235,287,283,-1,235,283,237,-1,257,288,289,-1,257,289,259,-1,259,289,290,-1,259,290,261,-1,261,290,291,-1,261,291,228,-1,228,291,284,-1,228,284,229,-1,249,292,293,-1,249,293,251,-1,251,293,294,-1,251,294,253,-1,253,294,295,-1,253,295,255,-1,255,295,288,-1,255,288,257,-1,243,280,296,-1,243,296,245,-1,245,296,297,-1,245,297,247,-1,247,297,292,-1,247,292,249,-1,
        ]
    }
}
Shape{
    appearance Appearance {
        material  Material 	{
            diffuseColor 1.0 0.9607843137254902 0.9058823529411765
            specularColor 0.5019607843137255 0.47843137254901963 0.45098039215686275
            ambientIntensity 0.2
            transparency 0
            shininess 0.5
        }
    }
    geometry IndexedFaceSet {
        ccw TRUE
        solid FALSE
        coord DEF co Coordinate {
            point [
                0.2872 -0.9718 0.2881, 0.2872 -0.9718 0.2264, 0.2993 -0.9718 0.2881, 0.2988 -0.9718 0.2264, 0.309 -0.9718 0.2275, 0.3158 -0.9718 0.2299, 0.3211 -0.9718 0.2334, 0.3226 -0.9718 0.2347, 0.3266 -0.9718 0.2397, 0.3293 -0.9718 0.2456, 0.3309 -0.9718 0.253, 0.3311 -0.9718 0.258, 0.3302 -0.9718 0.2672, 0.328 -0.9718 0.2733, 0.325 -0.9718 0.2779, 0.3224 -0.9718 0.2806, 0.3096 -0.9718 0.287, 0.3165 -0.9718 0.2845, 0.3165 -0.9718 0.2845
            ]
        }
        coordIndex [
            0,1,2,-1,2,1,3,-1,2,3,4,-1,4,5,2,-1,2,5,6,-1,2,6,7,-1,7,8,2,-1,2,8,9,-1,2,9,10,-1,10,11,2,-1,2,11,12,-1,2,12,13,-1,13,14,2,-1,2,14,15,-1,2,15,16,-1,16,15,17,-1,
        ]
    }
}
Shape{
    appearance Appearance {
        material  Material 	{
            diffuseColor 0.0 0.0 0.0
            specularColor 0.0 0.0 0.0
            ambientIntensity 0.2
            transparency 0
            shininess 0.5
        }
    }
    geometry IndexedFaceSet {
        ccw TRUE
        solid FALSE
        coord DEF co Coordinate {
            point [
                0.3688 -0.9757 0.2482, 0.3656 -0.9757 0.2391, 0.3957 -0.9757 0.2482, 0.3989 -0.9757 0.2391, 0.3808 -0.9757 0.2815, 0.377 -0.9757 0.2973, 0.3465 -0.9757 0.2172, 0.3579 -0.9757 0.2172, 0.3815 -0.9757 0.2839, 0.3821 -0.9757 0.2871, 0.388 -0.9757 0.2973, 0.3824 -0.9757 0.2871, 0.383 -0.9757 0.2837, 0.3836 -0.9757 0.2815, 0.4185 -0.9757 0.2172, 0.4071 -0.9757 0.2172, 0.388 -0.9718 0.2973, 0.4185 -0.9718 0.2172, 0.377 -0.9718 0.2973, 0.3465 -0.9718 0.2172, 0.3579 -0.9718 0.2172, 0.3656 -0.9718 0.2391, 0.3989 -0.9718 0.2391, 0.4071 -0.9718 0.2172, 0.3688 -0.9718 0.2482, 0.3957 -0.9718 0.2482, 0.3836 -0.9718 0.2815, 0.3824 -0.9718 0.2871, 0.383 -0.9718 0.2837, 0.3821 -0.9718 0.2871, 0.3808 -0.9718 0.2815, 0.3815 -0.9718 0.2839, 0.3815 -0.9718 0.2839
            ]
        }
        coordIndex [
            0,1,2,-1,2,1,3,-1,4,5,0,-1,0,5,6,-1,0,6,1,-1,1,6,7,-1,4,8,5,-1,5,8,9,-1,5,9,10,-1,10,9,11,-1,10,11,12,-1,12,13,10,-1,10,13,2,-1,10,2,14,-1,14,2,3,-1,14,3,15,-1,10,14,16,-1,16,14,17,-1,5,10,18,-1,18,10,16,-1,6,5,19,-1,19,5,18,-1,7,6,20,-1,20,6,19,-1,1,7,21,-1,21,7,20,-1,3,1,22,-1,22,1,21,-1,15,3,23,-1,23,3,22,-1,14,15,17,-1,17,15,23,-1,0,2,24,-1,24,2,25,-1,2,13,25,-1,25,13,26,-1,11,27,28,-1,11,28,12,-1,12,28,26,-1,12,26,13,-1,11,9,27,-1,27,9,29,-1,4,30,31,-1,4,31,8,-1,8,31,29,-1,8,29,9,-1,4,0,30,-1,30,0,24,-1,
        ]
    }
}
Shape{
    appearance Appearance {
        material  Material 	{
            diffuseColor 1.0 0.9607843137254902 0.9058823529411765
            specularColor 0.5019607843137255 0.47843137254901963 0.45098039215686275
            ambientIntensity 0.2
            transparency 0
            shininess 0.5
        }
    }
    geometry IndexedFaceSet {
        ccw TRUE
        solid FALSE
        coord DEF co Coordinate {
            point [
                0.3824 -0.9718 0.2871, 0.3821 -0.9718 0.2871, 0.383 -0.9718 0.2837, 0.3815 -0.9718 0.2839, 0.3836 -0.9718 0.2815, 0.3808 -0.9718 0.2815, 0.3957 -0.9718 0.2482, 0.3688 -0.9718 0.2482, 0.3688 -0.9718 0.2482
            ]
        }
        coordIndex [
            0,1,2,-1,2,1,3,-1,2,3,4,-1,4,3,5,-1,4,5,6,-1,6,5,7,-1,
        ]
    }
}
Shape{
    appearance Appearance {
        material  Material 	{
            diffuseColor 0.0 0.0 0.0
            specularColor 0.0 0.0 0.0
            ambientIntensity 0.2
            transparency 0
            shininess 0.5
        }
    }
    geometry IndexedFaceSet {
        ccw TRUE
        solid FALSE
        coord DEF co Coordinate {
            point [
                -0.3568 -0.9757 0.2059, -0.3483 -0.9757 0.1955, -0.3619 -0.9757 0.2562, -0.2514 -0.9757 0.242, -0.299 -0.9757 0.2556, -0.2944 -0.9757 0.2525, -0.1717 -0.9757 0.2841, -0.1894 -0.9757 0.3143, -0.2657 -0.9757 0.2745, -0.3043 -0.9757 0.2575, -0.3089 -0.9757 0.258, -0.3014 -0.9757 0.2934, -0.3084 -0.9757 0.2938, -0.3186 -0.9757 0.2557, -0.3742 -0.9757 0.2639, -0.3729 -0.9757 0.2215, -0.3624 -0.9757 0.2181, -0.3236 -0.9757 0.2191, -0.319 -0.9757 0.216, -0.3372 -0.9757 0.1871, -0.3137 -0.9757 0.2141, -0.2877 -0.9757 0.29, -0.3219 -0.9757 0.2922, -0.3345 -0.9757 0.2874, -0.3231 -0.9757 0.2528, -0.3461 -0.9757 0.2793, -0.3269 -0.9757 0.2488, -0.3556 -0.9757 0.2685, -0.3296 -0.9757 0.2438, -0.331 -0.9757 0.2384, -0.1529 -0.9757 0.3405, -0.1484 -0.9757 0.3405, -0.125 -0.9757 0.3712, -0.1376 -0.9757 0.3392, -0.1211 -0.9757 0.3699, -0.1276 -0.9757 0.3354, -0.1042 -0.9757 0.3612, -0.089 -0.9757 0.3479, -0.3131 -0.9757 0.3593, -0.3089 -0.9757 0.357, -0.3266 -0.9757 0.3986, -0.3012 -0.9757 0.3735, -0.3149 -0.9757 0.4122, -0.2888 -0.9757 0.389, -0.3015 -0.9757 0.4236, -0.2731 -0.9757 0.4009, -0.2877 -0.9757 0.4322, -0.1775 -0.9757 0.2173, -0.1751 -0.9757 0.217, -0.1706 -0.9757 0.2517, -0.2615 -0.9757 0.4423, -0.2546 -0.9757 0.4087, -0.2332 -0.9757 0.4458, -0.1558 -0.9757 0.4162, -0.1745 -0.9757 0.3866, -0.1372 -0.9757 0.3947, -0.1626 -0.9757 0.3704, -0.155 -0.9757 0.3515, -0.3845 -0.9757 0.2743, -0.408 -0.9757 0.2454, -0.3931 -0.9757 0.2322, -0.3943 -0.9757 0.3224, -0.4316 -0.9757 0.3149, -0.396 -0.9757 0.3086, -0.4319 -0.9757 0.3075, -0.3954 -0.9757 0.3, -0.4299 -0.9757 0.2883, -0.3913 -0.9757 0.286, -0.4225 -0.9757 0.2669, -0.4106 -0.9757 0.2484, -0.3135 -0.9757 0.2575, -0.2756 -0.9757 0.2835, -0.1188 -0.9757 0.3292, -0.1122 -0.9757 0.3218, -0.0777 -0.9757 0.3315, -0.1069 -0.9757 0.3119, -0.071 -0.9757 0.3141, -0.1043 -0.9757 0.301, -0.0687 -0.9757 0.2967, -0.104 -0.9757 0.2961, -0.145 -0.9757 0.2517, -0.1416 -0.9757 0.217, -0.1348 -0.9757 0.2536, -0.124 -0.9757 0.2205, -0.1248 -0.9757 0.2583, -0.1065 -0.9757 0.2287, -0.1163 -0.9757 0.2651, -0.0915 -0.9757 0.2407, -0.1155 -0.9757 0.266, -0.0898 -0.9757 0.2426, -0.1093 -0.9757 0.2749, -0.0792 -0.9757 0.257, -0.1053 -0.9757 0.285, -0.0717 -0.9757 0.2749, -0.0687 -0.9757 0.2935, -0.3259 -0.9757 0.3639, -0.3331 -0.9757 0.3994, -0.3391 -0.9757 0.3655, -0.3397 -0.9757 0.3997, -0.3449 -0.9757 0.3653, -0.359 -0.9757 0.3977, -0.359 -0.9757 0.3619, -0.3803 -0.9757 0.3902, -0.3717 -0.9757 0.3552, -0.3995 -0.9757 0.3776, -0.3816 -0.9757 0.3464, -0.4051 -0.9757 0.3724, -0.3895 -0.9757 0.3351, -0.4172 -0.9757 0.3574, -0.427 -0.9757 0.3373, -0.3272 -0.9757 0.2232, -0.3297 -0.9757 0.2279, -0.331 -0.9757 0.2331, -0.1916 -0.9757 0.2363, -0.1917 -0.9757 0.2346, -0.1735 -0.9757 0.2522, -0.2356 -0.9757 0.4116, -0.2326 -0.9757 0.4117, -0.2097 -0.9757 0.4434, -0.2149 -0.9757 0.4097, -0.1812 -0.9757 0.4333, -0.1969 -0.9757 0.4032, -0.1807 -0.9757 0.3924, -0.2907 -0.9757 0.2485, -0.2882 -0.9757 0.2438, -0.2514 -0.9757 0.2363, -0.2869 -0.9757 0.2385, -0.2517 -0.9757 0.2305, -0.2869 -0.9757 0.233, -0.255 -0.9757 0.2164, -0.2883 -0.9757 0.2275, -0.2617 -0.9757 0.2037, -0.291 -0.9757 0.2227, -0.2706 -0.9757 0.1938, -0.2948 -0.9757 0.2186, -0.2819 -0.9757 0.186, -0.2993 -0.9757 0.2158, -0.2946 -0.9757 0.1811, -0.3043 -0.9757 0.214, -0.3084 -0.9757 0.1794, -0.3089 -0.9757 0.2136, -0.3106 -0.9757 0.1794, -0.324 -0.9757 0.1815, -0.1873 -0.9757 0.2232, -0.1851 -0.9757 0.221, -0.1912 -0.9757 0.2306, -0.1897 -0.9757 0.2268, -0.1717 -0.9757 0.2518, -0.1813 -0.9757 0.2186, -0.174 -0.9757 0.2523, -0.1781 -0.9757 0.2518, -0.182 -0.9757 0.2503, -0.1855 -0.9757 0.2479, -0.1885 -0.9757 0.2446, -0.1906 -0.9757 0.2407, -0.0687 -0.9718 0.2967, -0.071 -0.9718 0.3141, -0.0733 -0.9718 0.3201, -0.0777 -0.9718 0.3315, -0.089 -0.9718 0.3479, -0.1042 -0.9718 0.3612, -0.1211 -0.9718 0.3699, -0.125 -0.9718 0.3712, -0.1372 -0.9718 0.3947, -0.1558 -0.9718 0.4162, -0.1689 -0.9718 0.425, -0.1812 -0.9718 0.4333, -0.2097 -0.9718 0.4434, -0.2332 -0.9718 0.4458, -0.2615 -0.9718 0.4423, -0.2877 -0.9718 0.4322, -0.2993 -0.9718 0.425, -0.3015 -0.9718 0.4236, -0.3149 -0.9718 0.4122, -0.3266 -0.9718 0.3986, -0.3331 -0.9718 0.3994, -0.3397 -0.9718 0.3997, -0.359 -0.9718 0.3977, -0.3803 -0.9718 0.3902, -0.3995 -0.9718 0.3776, -0.4051 -0.9718 0.3724, -0.427 -0.9718 0.3373, -0.4172 -0.9718 0.3574, -0.4305 -0.9718 0.3201, -0.4316 -0.9718 0.3149, -0.4319 -0.9718 0.3075, -0.4299 -0.9718 0.2883, -0.4225 -0.9718 0.2669, -0.4106 -0.9718 0.2484, -0.408 -0.9718 0.2454, -0.3931 -0.9718 0.2322, -0.3729 -0.9718 0.2215, -0.3624 -0.9718 0.2181, -0.3617 -0.9718 0.2166, -0.3568 -0.9718 0.2059, -0.3483 -0.9718 0.1955, -0.3372 -0.9718 0.1871, -0.3319 -0.9718 0.1849, -0.324 -0.9718 0.1815, -0.3106 -0.9718 0.1794, -0.3084 -0.9718 0.1794, -0.2514 -0.9718 0.2363, -0.2946 -0.9718 0.1811, -0.2848 -0.9718 0.1849, -0.2819 -0.9718 0.186, -0.2706 -0.9718 0.1938, -0.2617 -0.9718 0.2037, -0.255 -0.9718 0.2164, -0.255 -0.9718 0.2166, -0.2517 -0.9718 0.2305, -0.2514 -0.9718 0.242, -0.1717 -0.9718 0.2841, -0.1894 -0.9718 0.3143, -0.2657 -0.9718 0.2745, -0.2756 -0.9718 0.2835, -0.2877 -0.9718 0.29, -0.3014 -0.9718 0.2934, -0.3084 -0.9718 0.2938, -0.3219 -0.9718 0.2922, -0.3345 -0.9718 0.2874, -0.3461 -0.9718 0.2793, -0.3556 -0.9718 0.2685, -0.3619 -0.9718 0.2562, -0.3742 -0.9718 0.2639, -0.3845 -0.9718 0.2743, -0.3913 -0.9718 0.286, -0.3954 -0.9718 0.3, -0.396 -0.9718 0.3086, -0.3946 -0.9718 0.3201, -0.3943 -0.9718 0.3224, -0.3895 -0.9718 0.3351, -0.3816 -0.9718 0.3464, -0.3717 -0.9718 0.3552, -0.359 -0.9718 0.3619, -0.3449 -0.9718 0.3653, -0.3391 -0.9718 0.3655, -0.3259 -0.9718 0.3639, -0.3131 -0.9718 0.3593, -0.3089 -0.9718 0.357, -0.3012 -0.9718 0.3735, -0.2888 -0.9718 0.389, -0.2731 -0.9718 0.4009, -0.2546 -0.9718 0.4087, -0.2356 -0.9718 0.4116, -0.2326 -0.9718 0.4117, -0.2149 -0.9718 0.4097, -0.1969 -0.9718 0.4032, -0.1807 -0.9718 0.3924, -0.1745 -0.9718 0.3866, -0.1626 -0.9718 0.3704, -0.155 -0.9718 0.3515, -0.1529 -0.9718 0.3405, -0.1484 -0.9718 0.3405, -0.1376 -0.9718 0.3392, -0.1276 -0.9718 0.3354, -0.1188 -0.9718 0.3292, -0.1122 -0.9718 0.3218, -0.1113 -0.9718 0.3201, -0.1069 -0.9718 0.3119, -0.1043 -0.9718 0.301, -0.104 -0.9718 0.2961, -0.1053 -0.9718 0.285, -0.1093 -0.9718 0.2749, -0.1155 -0.9718 0.266, -0.1163 -0.9718 0.2651, -0.1248 -0.9718 0.2583, -0.1348 -0.9718 0.2536, -0.145 -0.9718 0.2517, -0.1706 -0.9718 0.2517, -0.1717 -0.9718 0.2518, -0.1735 -0.9718 0.2522, -0.174 -0.9718 0.2523, -0.1781 -0.9718 0.2518, -0.182 -0.9718 0.2503, -0.1855 -0.9718 0.2479, -0.1885 -0.9718 0.2446, -0.1906 -0.9718 0.2407, -0.1916 -0.9718 0.2363, -0.1917 -0.9718 0.2346, -0.1912 -0.9718 0.2306, -0.1897 -0.9718 0.2268, -0.1873 -0.9718 0.2232, -0.1851 -0.9718 0.221, -0.1813 -0.9718 0.2186, -0.1775 -0.9718 0.2173, -0.1751 -0.9718 0.217, -0.1416 -0.9718 0.217, -0.124 -0.9718 0.2205, -0.1065 -0.9718 0.2287, -0.0915 -0.9718 0.2407, -0.0898 -0.9718 0.2426, -0.0792 -0.9718 0.257, -0.0717 -0.9718 0.2749, -0.0687 -0.9718 0.2935, -0.3089 -0.9718 0.258, -0.3043 -0.9718 0.2575, -0.299 -0.9718 0.2556, -0.2944 -0.9718 0.2525, -0.2907 -0.9718 0.2485, -0.2882 -0.9718 0.2438, -0.2869 -0.9718 0.2385, -0.2869 -0.9718 0.233, -0.2883 -0.9718 0.2275, -0.291 -0.9718 0.2227, -0.2948 -0.9718 0.2186, -0.2993 -0.9718 0.2158, -0.3043 -0.9718 0.214, -0.3089 -0.9718 0.2136, -0.3137 -0.9718 0.2141, -0.319 -0.9718 0.216, -0.3236 -0.9718 0.2191, -0.3272 -0.9718 0.2232, -0.3297 -0.9718 0.2279, -0.331 -0.9718 0.2331, -0.331 -0.9718 0.2384, -0.3296 -0.9718 0.2438, -0.3269 -0.9718 0.2488, -0.3231 -0.9718 0.2528, -0.3186 -0.9718 0.2557, -0.3135 -0.9718 0.2575, -0.3135 -0.9718 0.2575
            ]
        }
        coordIndex [
            0,1,2,-1,3,4,5,-1,6,7,8,-1,4,3,9,-1,9,3,6,-1,9,6,10,-1,11,12,13,-1,14,15,2,-1,2,15,16,-1,2,16,0,-1,17,1,18,-1,18,1,19,-1,18,19,20,-1,11,13,21,-1,12,22,13,-1,13,22,23,-1,13,23,24,-1,24,23,25,-1,24,25,26,-1,26,25,27,-1,26,27,28,-1,28,27,2,-1,28,2,29,-1,30,31,32,-1,32,31,33,-1,32,33,34,-1,34,33,35,-1,34,35,36,-1,36,35,37,-1,38,39,40,-1,40,39,41,-1,40,41,42,-1,42,41,43,-1,42,43,44,-1,44,43,45,-1,44,45,46,-1,47,48,49,-1,46,45,50,-1,50,45,51,-1,50,51,52,-1,53,54,55,-1,55,54,56,-1,55,56,32,-1,32,56,57,-1,32,57,30,-1,58,59,14,-1,14,59,60,-1,14,60,15,-1,61,62,63,-1,63,62,64,-1,63,64,65,-1,65,64,66,-1,65,66,67,-1,67,66,68,-1,67,68,58,-1,58,68,69,-1,58,69,59,-1,10,6,70,-1,70,6,8,-1,70,8,13,-1,13,8,71,-1,13,71,21,-1,35,72,37,-1,37,72,73,-1,37,73,74,-1,74,73,75,-1,74,75,76,-1,76,75,77,-1,76,77,78,-1,78,77,79,-1,49,48,80,-1,80,48,81,-1,80,81,82,-1,82,81,83,-1,82,83,84,-1,84,83,85,-1,84,85,86,-1,86,85,87,-1,86,87,88,-1,88,87,89,-1,88,89,90,-1,90,89,91,-1,90,91,92,-1,92,91,93,-1,92,93,79,-1,79,93,94,-1,79,94,78,-1,38,40,95,-1,95,40,96,-1,95,96,97,-1,97,96,98,-1,97,98,99,-1,99,98,100,-1,99,100,101,-1,101,100,102,-1,101,102,103,-1,103,102,104,-1,103,104,105,-1,105,104,106,-1,105,106,107,-1,107,106,108,-1,107,108,61,-1,61,108,109,-1,61,109,62,-1,17,110,1,-1,1,110,111,-1,1,111,2,-1,2,111,112,-1,2,112,29,-1,113,114,115,-1,51,116,52,-1,52,116,117,-1,52,117,118,-1,118,117,119,-1,118,119,120,-1,120,119,121,-1,120,121,53,-1,53,121,122,-1,53,122,54,-1,5,123,3,-1,3,123,124,-1,3,124,125,-1,125,124,126,-1,125,126,127,-1,127,126,128,-1,127,128,129,-1,129,128,130,-1,129,130,131,-1,131,130,132,-1,131,132,133,-1,133,132,134,-1,133,134,135,-1,135,134,136,-1,135,136,137,-1,137,136,138,-1,137,138,139,-1,139,138,140,-1,139,140,141,-1,141,140,20,-1,141,20,142,-1,142,20,19,-1,115,143,144,-1,114,145,115,-1,115,145,146,-1,115,146,143,-1,49,147,47,-1,47,147,115,-1,47,115,148,-1,148,115,144,-1,115,149,113,-1,113,149,150,-1,113,150,151,-1,151,152,113,-1,113,152,153,-1,113,153,154,-1,78,155,156,-1,78,156,76,-1,76,156,157,-1,76,157,74,-1,157,158,74,-1,74,158,159,-1,74,159,37,-1,37,159,160,-1,37,160,36,-1,36,160,161,-1,36,161,34,-1,34,161,162,-1,34,162,32,-1,32,162,163,-1,32,163,55,-1,55,163,164,-1,55,164,53,-1,120,53,165,-1,165,53,164,-1,165,166,120,-1,120,166,167,-1,120,167,118,-1,118,167,168,-1,118,168,52,-1,52,168,169,-1,52,169,50,-1,50,169,170,-1,50,170,46,-1,46,170,44,-1,44,170,171,-1,44,171,172,-1,44,172,173,-1,44,173,42,-1,42,173,174,-1,42,174,40,-1,40,174,175,-1,40,175,96,-1,96,175,176,-1,96,176,98,-1,98,176,177,-1,98,177,100,-1,100,177,178,-1,100,178,102,-1,102,178,179,-1,102,179,104,-1,104,179,180,-1,104,180,106,-1,181,108,182,-1,182,108,106,-1,182,106,180,-1,183,62,181,-1,181,62,109,-1,181,109,108,-1,183,184,62,-1,62,184,185,-1,62,185,64,-1,64,185,186,-1,64,186,66,-1,66,186,187,-1,66,187,68,-1,68,187,188,-1,68,188,69,-1,69,188,189,-1,69,189,59,-1,59,189,190,-1,59,190,60,-1,60,190,191,-1,60,191,15,-1,15,191,192,-1,15,192,16,-1,16,192,193,-1,16,193,0,-1,193,194,0,-1,0,194,195,-1,0,195,1,-1,1,195,196,-1,1,196,19,-1,19,196,197,-1,19,197,142,-1,197,198,142,-1,142,198,199,-1,142,199,141,-1,141,199,200,-1,141,200,139,-1,201,125,127,-1,139,200,202,-1,203,135,202,-1,202,135,137,-1,202,137,139,-1,203,204,135,-1,135,204,205,-1,135,205,133,-1,133,205,206,-1,133,206,131,-1,131,206,207,-1,131,207,129,-1,129,207,208,-1,129,208,127,-1,127,208,209,-1,127,209,201,-1,3,125,210,-1,210,125,201,-1,6,3,211,-1,211,3,210,-1,7,6,212,-1,212,6,211,-1,8,7,213,-1,213,7,212,-1,8,213,214,-1,8,214,71,-1,71,214,215,-1,71,215,21,-1,21,215,216,-1,21,216,11,-1,11,216,217,-1,11,217,12,-1,12,217,218,-1,12,218,22,-1,22,218,219,-1,22,219,23,-1,23,219,220,-1,23,220,25,-1,25,220,221,-1,25,221,27,-1,27,221,222,-1,27,222,2,-1,2,222,223,-1,2,223,14,-1,14,223,224,-1,14,224,58,-1,58,224,225,-1,58,225,67,-1,67,225,226,-1,67,226,65,-1,65,226,227,-1,65,227,63,-1,227,228,63,-1,63,228,61,-1,228,229,61,-1,61,229,230,-1,61,230,107,-1,107,230,231,-1,107,231,105,-1,105,231,232,-1,105,232,103,-1,103,232,233,-1,103,233,101,-1,101,233,234,-1,101,234,99,-1,99,234,235,-1,99,235,97,-1,97,235,236,-1,97,236,95,-1,95,236,237,-1,95,237,38,-1,38,237,238,-1,38,238,39,-1,39,238,239,-1,39,239,41,-1,41,239,240,-1,41,240,43,-1,43,240,241,-1,43,241,45,-1,45,241,242,-1,45,242,51,-1,51,242,243,-1,51,243,116,-1,116,243,244,-1,116,244,117,-1,117,244,245,-1,117,245,119,-1,119,245,246,-1,119,246,121,-1,121,246,247,-1,121,247,122,-1,122,247,248,-1,122,248,54,-1,54,248,249,-1,54,249,56,-1,56,249,250,-1,56,250,57,-1,57,250,251,-1,57,251,30,-1,31,30,252,-1,252,30,251,-1,31,252,253,-1,31,253,33,-1,33,253,254,-1,33,254,35,-1,35,254,255,-1,35,255,72,-1,72,255,256,-1,72,256,73,-1,73,256,257,-1,73,257,75,-1,257,258,75,-1,75,258,259,-1,75,259,77,-1,77,259,260,-1,77,260,79,-1,79,260,261,-1,79,261,92,-1,92,261,262,-1,92,262,90,-1,90,262,263,-1,90,263,88,-1,88,263,264,-1,88,264,86,-1,86,264,265,-1,86,265,84,-1,84,265,266,-1,84,266,82,-1,82,266,267,-1,82,267,80,-1,49,80,268,-1,268,80,267,-1,49,268,269,-1,49,269,147,-1,147,269,270,-1,147,270,115,-1,115,270,271,-1,115,271,149,-1,149,271,272,-1,149,272,150,-1,150,272,273,-1,150,273,151,-1,151,273,274,-1,151,274,152,-1,152,274,275,-1,152,275,153,-1,153,275,276,-1,153,276,154,-1,154,276,277,-1,154,277,113,-1,113,277,278,-1,113,278,114,-1,114,278,279,-1,114,279,145,-1,145,279,280,-1,145,280,146,-1,146,280,281,-1,146,281,143,-1,143,281,282,-1,143,282,144,-1,144,282,283,-1,144,283,148,-1,148,283,284,-1,148,284,47,-1,47,284,285,-1,47,285,48,-1,81,48,286,-1,286,48,285,-1,81,286,287,-1,81,287,83,-1,83,287,288,-1,83,288,85,-1,85,288,289,-1,85,289,87,-1,87,289,290,-1,87,290,89,-1,89,290,291,-1,89,291,91,-1,91,291,292,-1,91,292,93,-1,93,292,293,-1,93,293,94,-1,94,293,155,-1,94,155,78,-1,10,294,295,-1,10,295,9,-1,9,295,296,-1,9,296,4,-1,4,296,297,-1,4,297,5,-1,5,297,298,-1,5,298,123,-1,123,298,299,-1,123,299,124,-1,124,299,300,-1,124,300,126,-1,126,300,301,-1,126,301,128,-1,128,301,302,-1,128,302,130,-1,130,302,303,-1,130,303,132,-1,132,303,304,-1,132,304,134,-1,134,304,305,-1,134,305,136,-1,136,305,306,-1,136,306,138,-1,138,306,307,-1,138,307,140,-1,140,307,308,-1,140,308,20,-1,20,308,309,-1,20,309,18,-1,18,309,310,-1,18,310,17,-1,17,310,311,-1,17,311,110,-1,110,311,312,-1,110,312,111,-1,111,312,313,-1,111,313,112,-1,112,313,314,-1,112,314,29,-1,29,314,315,-1,29,315,28,-1,28,315,316,-1,28,316,26,-1,26,316,317,-1,26,317,24,-1,24,317,318,-1,24,318,13,-1,13,318,319,-1,13,319,70,-1,70,319,294,-1,70,294,10,-1,
        ]
    }
}
Shape{
    appearance Appearance {
        material  Material 	{
            diffuseColor 1.0 0.9607843137254902 0.9058823529411765
            specularColor 0.5019607843137255 0.47843137254901963 0.45098039215686275
            ambientIntensity 0.2
            transparency 0
            shininess 0.5
        }
    }
    geometry IndexedFaceSet {
        ccw TRUE
        solid FALSE
        coord DEF co Coordinate {
            point [
                -0.3135 -0.9718 0.2575, -0.3089 -0.9718 0.2136, -0.3089 -0.9718 0.258, -0.3043 -0.9718 0.214, -0.3043 -0.9718 0.2575, -0.3269 -0.9718 0.2488, -0.3296 -0.9718 0.2438, -0.331 -0.9718 0.2384, -0.3297 -0.9718 0.2279, -0.3272 -0.9718 0.2232, -0.3236 -0.9718 0.2191, -0.2882 -0.9718 0.2438, -0.2907 -0.9718 0.2485, -0.2948 -0.9718 0.2186, -0.2944 -0.9718 0.2525, -0.319 -0.9718 0.216, -0.3137 -0.9718 0.2141, -0.2883 -0.9718 0.2275, -0.2869 -0.9718 0.233, -0.2869 -0.9718 0.2385, -0.2993 -0.9718 0.2158, -0.299 -0.9718 0.2556, -0.331 -0.9718 0.2331, -0.3186 -0.9718 0.2557, -0.3231 -0.9718 0.2528, -0.291 -0.9718 0.2227, -0.291 -0.9718 0.2227
            ]
        }
        coordIndex [
            0,1,2,-1,2,1,3,-1,2,3,4,-1,5,6,7,-1,8,9,0,-1,0,9,10,-1,11,12,13,-1,13,12,14,-1,10,15,0,-1,0,15,16,-1,0,16,1,-1,17,18,19,-1,3,20,4,-1,4,20,13,-1,4,13,21,-1,21,13,14,-1,8,0,22,-1,22,0,23,-1,22,23,7,-1,7,23,24,-1,7,24,5,-1,11,13,19,-1,19,13,25,-1,19,25,17,-1,
        ]
    }
}
Shape{
    appearance Appearance {
        material  Material 	{
            diffuseColor 0.7529411764705882 0.7529411764705882 0.7529411764705882
            specularColor 0.3764705882352941 0.3764705882352941 0.3764705882352941
            ambientIntensity 0.2
            transparency 0
            shininess 0.5
        }
    }
    geometry IndexedFaceSet {
        ccw TRUE
        solid FALSE
        coord DEF co Coordinate {
            point [
                0.935 -0.9324 -0.0591, 0.935 -0.1844 -0.0591, 1.0138 -0.9324 -0.0591, 1.0138 -0.1844 -0.0591, 1.0138 -0.1844 0.1181, 0.935 -0.1844 0.1181, 1.0138 -0.1817 0.1385, 0.935 -0.1817 0.1385, 1.0138 -0.1738 0.1575, 0.935 -0.1738 0.1575, 1.0138 -0.1613 0.1738, 0.935 -0.1613 0.1738, 1.0138 -0.145 0.1863, 0.935 -0.145 0.1863, 1.0138 -0.126 0.1942, 0.935 -0.126 0.1942, 1.0138 -0.1056 0.1969, 0.935 -0.1056 0.1969, 1.0138 0.544 0.1969, 0.935 0.544 0.1969, 0.935 0.5643 0.1995, 1.0138 0.5643 0.1995, 0.935 0.5833 0.2074, 1.0138 0.5833 0.2074, 0.935 0.5996 0.2199, 1.0138 0.5996 0.2199, 0.935 0.6122 0.2362, 1.0138 0.6122 0.2362, 0.935 0.62 0.2552, 1.0138 0.62 0.2552, 0.935 0.6227 0.2756, 1.0138 0.6227 0.2756, 1.0138 0.6227 0.7586, 0.935 0.6227 0.7586, 1.0138 0.6239 0.7723, 0.935 0.6239 0.7723, 1.0138 0.6275 0.7855, 0.935 0.6275 0.7855, 1.0138 0.6333 0.798, 0.935 0.6333 0.798, 1.0138 0.7303 0.966, 0.935 0.7303 0.966, 0.935 0.7381 0.985, 1.0138 0.7381 0.985, 0.935 0.7408 1.0054, 1.0138 0.7408 1.0054, 1.0138 0.7408 1.378, 0.935 0.7408 1.378, 0.935 0.7381 1.3983, 1.0138 0.7381 1.3983, 0.935 0.7303 1.4173, 1.0138 0.7303 1.4173, 0.935 0.7178 1.4336, 1.0138 0.7178 1.4336, 0.935 0.7014 1.4461, 1.0138 0.7014 1.4461, 0.935 0.6825 1.454, 1.0138 0.6825 1.454, 0.935 0.6621 1.4567, 1.0138 0.6621 1.4567, 1.0138 -0.4993 1.4567, 0.935 -0.4993 1.4567, 0.935 -0.5197 1.454, 1.0138 -0.5197 1.454, 0.935 -0.5387 1.4461, 1.0138 -0.5387 1.4461, 0.935 -0.555 1.4336, 1.0138 -0.555 1.4336, 0.935 -0.5675 1.4173, 1.0138 -0.5675 1.4173, 0.935 -0.5754 1.3983, 1.0138 -0.5754 1.3983, 0.935 -0.5781 1.378, 1.0138 -0.5781 1.378, 1.0138 -0.5781 0.4134, 0.935 -0.5781 0.4134, 1.0138 -0.5808 0.393, 0.935 -0.5808 0.393, 1.0138 -0.5886 0.374, 0.935 -0.5886 0.374, 1.0138 -0.6011 0.3577, 0.935 -0.6011 0.3577, 1.0138 -0.6175 0.3452, 0.935 -0.6175 0.3452, 1.0138 -0.6364 0.3373, 0.935 -0.6364 0.3373, 1.0138 -0.6568 0.3346, 0.935 -0.6568 0.3346, 1.0138 -0.9324 0.3346, 0.935 -0.9324 0.3346, 0.935 -0.9718 0.2953, 0.935 -0.9718 -0.0197, 1.0138 -0.9718 0.2953, 1.0138 -0.9718 -0.0197, 1.0138 -0.9426 -0.0577, 1.0138 -0.9704 -0.0299, 1.0138 -0.9665 -0.0394, 1.0138 -0.9603 -0.0475, 1.0138 -0.9521 -0.0538, 1.0138 -0.9521 0.3294, 1.0138 -0.9603 0.3231, 1.0138 -0.9426 0.3333, 1.0138 -0.9665 0.315, 1.0138 -0.9704 0.3055, 0.935 -0.9426 -0.0577, 0.935 -0.9521 -0.0538, 0.935 -0.9603 -0.0475, 0.935 -0.9665 -0.0394, 0.935 -0.9704 -0.0299, 0.935 -0.9704 0.3055, 0.935 -0.9665 0.315, 0.935 -0.9603 0.3231, 0.935 -0.9426 0.3333, 0.935 -0.9521 0.3294, 0.935 -0.9521 0.3294
            ]
        }
        coordIndex [
            0,1,2,-1,2,1,3,-1,4,3,5,-1,5,3,1,-1,4,5,6,-1,6,5,7,-1,6,7,8,-1,8,7,9,-1,8,9,10,-1,10,9,11,-1,10,11,12,-1,12,11,13,-1,12,13,14,-1,14,13,15,-1,14,15,16,-1,16,15,17,-1,18,16,19,-1,19,16,17,-1,18,19,20,-1,18,20,21,-1,21,20,22,-1,21,22,23,-1,23,22,24,-1,23,24,25,-1,25,24,26,-1,25,26,27,-1,27,26,28,-1,27,28,29,-1,29,28,30,-1,29,30,31,-1,32,31,33,-1,33,31,30,-1,32,33,34,-1,34,33,35,-1,34,35,36,-1,36,35,37,-1,36,37,38,-1,38,37,39,-1,40,38,41,-1,41,38,39,-1,40,41,42,-1,40,42,43,-1,43,42,44,-1,43,44,45,-1,46,45,47,-1,47,45,44,-1,46,47,48,-1,46,48,49,-1,49,48,50,-1,49,50,51,-1,51,50,52,-1,51,52,53,-1,53,52,54,-1,53,54,55,-1,55,54,56,-1,55,56,57,-1,57,56,58,-1,57,58,59,-1,60,59,61,-1,61,59,58,-1,60,61,62,-1,60,62,63,-1,63,62,64,-1,63,64,65,-1,65,64,66,-1,65,66,67,-1,67,66,68,-1,67,68,69,-1,69,68,70,-1,69,70,71,-1,71,70,72,-1,71,72,73,-1,74,73,75,-1,75,73,72,-1,74,75,76,-1,76,75,77,-1,76,77,78,-1,78,77,79,-1,78,79,80,-1,80,79,81,-1,80,81,82,-1,82,81,83,-1,82,83,84,-1,84,83,85,-1,84,85,86,-1,86,85,87,-1,88,86,89,-1,89,86,87,-1,90,91,92,-1,92,91,93,-1,3,84,2,-1,2,84,86,-1,2,86,94,-1,59,60,38,-1,38,60,36,-1,92,86,88,-1,92,93,86,-1,86,93,95,-1,86,95,96,-1,14,65,67,-1,31,32,60,-1,60,32,34,-1,60,34,36,-1,67,69,14,-1,14,69,71,-1,14,71,12,-1,12,71,73,-1,12,73,10,-1,10,73,74,-1,10,74,8,-1,8,74,76,-1,8,76,6,-1,6,76,78,-1,6,78,4,-1,4,78,80,-1,4,80,3,-1,3,80,82,-1,3,82,84,-1,43,45,40,-1,40,45,38,-1,96,97,86,-1,86,97,98,-1,86,98,94,-1,18,31,16,-1,16,31,60,-1,16,60,14,-1,14,60,63,-1,14,63,65,-1,49,51,59,-1,99,100,101,-1,101,100,102,-1,101,102,88,-1,88,102,103,-1,88,103,92,-1,38,45,59,-1,59,45,46,-1,59,46,49,-1,51,53,59,-1,59,53,55,-1,59,55,57,-1,25,18,23,-1,23,18,21,-1,25,27,18,-1,18,27,29,-1,18,29,31,-1,19,77,75,-1,19,17,77,-1,77,17,15,-1,77,15,13,-1,87,85,1,-1,1,85,83,-1,1,83,81,-1,68,39,70,-1,70,39,37,-1,70,37,72,-1,72,37,35,-1,72,35,75,-1,75,35,33,-1,75,33,30,-1,30,28,75,-1,75,28,26,-1,75,26,24,-1,13,11,77,-1,77,11,9,-1,77,9,79,-1,79,9,7,-1,79,7,81,-1,81,7,5,-1,81,5,1,-1,44,42,68,-1,68,42,41,-1,68,41,39,-1,24,22,75,-1,75,22,20,-1,75,20,19,-1,1,0,87,-1,87,0,104,-1,87,104,105,-1,105,106,87,-1,87,106,107,-1,87,107,108,-1,108,91,87,-1,87,91,90,-1,87,90,89,-1,89,90,109,-1,68,66,64,-1,50,48,52,-1,52,48,47,-1,52,47,54,-1,109,110,89,-1,89,110,111,-1,89,111,112,-1,112,111,113,-1,64,62,68,-1,68,62,61,-1,68,61,44,-1,44,61,58,-1,44,58,47,-1,47,58,56,-1,47,56,54,-1,88,89,112,-1,88,112,101,-1,101,112,113,-1,101,113,99,-1,99,113,111,-1,99,111,100,-1,100,111,110,-1,100,110,102,-1,102,110,109,-1,102,109,103,-1,103,109,90,-1,103,90,92,-1,93,91,108,-1,93,108,95,-1,95,108,107,-1,95,107,96,-1,96,107,106,-1,96,106,97,-1,97,106,105,-1,97,105,98,-1,98,105,104,-1,98,104,94,-1,94,104,0,-1,94,0,2,-1,
        ]
    }
}