#VRML V2.0 utf8
# 3D model generated by easyeda2kicad.py (https://github.com/uPesy/easyeda2kicad.py)

Shape{
    appearance Appearance {
        material  Material 	{
            diffuseColor 0.8431372549019608 0.8156862745098039 0.7529411764705882
            specularColor 0.4235294117647059 0.40784313725490196 0.3764705882352941
            ambientIntensity 0.2
            transparency 0
            shininess 0.5
        }
    }
    geometry IndexedFaceSet {
        ccw TRUE
        solid FALSE
        coord DEF co Coordinate {
            point [
                0.0984 1.8898 -0.9449, 0.0984 1.8898 -1.6535, -0.2953 1.8898 -0.9449, -6.3976 1.8898 -1.6535, -1.378 1.8898 -0.9449, -1.378 1.8898 1.1417, -0.2953 1.8898 1.1417, -4.1339 1.8898 -0.9449, -4.1339 1.8898 1.1417, -3.5433 1.8898 0.6791, -6.3976 1.8898 -0.9449, -6.0039 1.8898 -0.9449, -6.0039 1.8898 1.1417, -4.9213 1.8898 1.1417, -4.9213 1.8898 -0.9449, -2.8937 1.8898 0.6791, -2.1654 1.8898 1.1417, -2.8937 1.8898 0.0295, -2.1654 1.8898 -0.9449, -3.5433 1.8898 0.0295, 0.4921 0.622 -0.5118, 0.4921 0.9526 -0.5118, -0.3937 0.9526 -0.5118, -3.8393 1.2649 -0.5118, -3.8386 1.2598 -0.5118, -3.6873 1.5748 -0.5118, -4.6267 1.2649 -0.5118, -4.626 1.2598 -0.5118, -4.3307 1.5748 -0.5118, -5.4141 1.2649 -0.5118, -5.4134 1.2598 -0.5118, -5.1181 1.5748 -0.5118, -6.3189 1.5748 -0.5118, -6.3189 1.8898 -0.5118, -6.5945 1.8898 -0.5118, -3.3129 0.622 -0.5118, -3.2408 0.622 -0.5118, -3.293 0.6248 -0.5118, -3.272 0.6334 -0.5118, -3.3854 0.64 -0.5118, -3.4002 0.6556 -0.5118, -3.4269 0.622 -0.5118, -3.2948 0.8209 -0.5118, -3.272 0.8147 -0.5118, -3.2408 0.9526 -0.5118, -3.272 0.7883 -0.5118, -3.272 0.6551 -0.5118, -3.2942 0.7978 -0.5118, -3.2756 0.6531 -0.5118, -3.3181 0.8009 -0.5118, -3.3375 0.7987 -0.5118, -3.3378 0.622 -0.5118, -3.3505 0.6234 -0.5118, -3.3695 0.6299 -0.5118, -3.4156 0.7459 -0.5118, -3.4081 0.7682 -0.5118, -3.4269 0.9526 -0.5118, -3.3965 0.7866 -0.5118, -3.3788 0.8037 -0.5118, -3.3523 0.7934 -0.5118, -3.3659 0.7843 -0.5118, -3.3778 0.7712 -0.5118, -3.3921 0.7196 -0.5118, -3.3901 0.6983 -0.5118, -3.3847 0.6813 -0.5118, -3.3409 0.6445 -0.5118, -3.3226 0.6424 -0.5118, -3.3553 0.6498 -0.5118, -3.3673 0.6579 -0.5118, -3.3766 0.6677 -0.5118, -3.2964 0.6453 -0.5118, -3.3859 0.756 -0.5118, -3.3911 0.7349 -0.5118, -3.4106 0.6743 -0.5118, -3.4166 0.6952 -0.5118, -3.4185 0.718 -0.5118, -3.3601 0.8145 -0.5118, -3.3381 0.8209 -0.5118, -3.3184 0.8225 -0.5118, -3.3208 0.6209 -0.5118, -3.2408 0.4724 -0.5118, -3.4269 0.4724 -0.5118, -3.3262 0.6208 -0.5118, -6.3976 1.1024 -0.5118, -6.3976 1.2598 -0.5118, -6.5945 0.9526 -0.5118, -5.9055 1.5748 -0.5118, -6.2008 1.2598 -0.5118, -5.9055 0.9526 -0.5118, -6.2008 1.1024 -0.5118, -6.2015 1.0973 -0.5118, -6.2034 1.0925 -0.5118, -6.2066 1.0884 -0.5118, -6.2106 1.0853 -0.5118, -6.383 1.0833 -0.5118, -6.3878 1.0853 -0.5118, -6.3919 1.0884 -0.5118, -6.395 1.0925 -0.5118, -6.397 1.0973 -0.5118, -6.3878 1.2769 -0.5118, -6.383 1.2789 -0.5118, -6.2106 1.2769 -0.5118, -6.2066 1.2738 -0.5118, -6.397 1.2649 -0.5118, -6.395 1.2697 -0.5118, -6.3919 1.2738 -0.5118, -6.2034 1.2697 -0.5118, -6.2015 1.2649 -0.5118, -6.2154 1.0833 -0.5118, -6.2205 1.0827 -0.5118, -6.378 1.0827 -0.5118, -6.378 1.2795 -0.5118, -6.2205 1.2795 -0.5118, -6.2154 1.2789 -0.5118, -5.6096 1.2649 -0.5118, -5.6076 1.2697 -0.5118, -5.6045 1.2738 -0.5118, -5.6004 1.2769 -0.5118, -5.428 1.2789 -0.5118, -5.4232 1.2769 -0.5118, -5.1181 0.9526 -0.5118, -5.4134 1.1024 -0.5118, -5.4141 1.0973 -0.5118, -5.416 1.0925 -0.5118, -5.4192 1.0884 -0.5118, -5.4232 1.0853 -0.5118, -5.4192 1.2738 -0.5118, -5.416 1.2697 -0.5118, -5.5956 1.0833 -0.5118, -5.6004 1.0853 -0.5118, -5.6045 1.0884 -0.5118, -5.6076 1.0925 -0.5118, -5.6096 1.0973 -0.5118, -5.6102 1.1024 -0.5118, -5.6102 1.2598 -0.5118, -5.5956 1.2789 -0.5118, -5.5906 1.2795 -0.5118, -5.4331 1.2795 -0.5118, -5.428 1.0833 -0.5118, -5.4331 1.0827 -0.5118, -5.5906 1.0827 -0.5118, -4.8222 1.2649 -0.5118, -4.8202 1.2697 -0.5118, -4.3307 0.9526 -0.5118, -4.626 1.1024 -0.5118, -4.6267 1.0973 -0.5118, -4.6286 1.0925 -0.5118, -4.6318 1.0884 -0.5118, -4.6358 1.0853 -0.5118, -4.6358 1.2769 -0.5118, -4.6318 1.2738 -0.5118, -4.6286 1.2697 -0.5118, -4.8082 1.0833 -0.5118, -4.813 1.0853 -0.5118, -4.8171 1.0884 -0.5118, -4.8202 1.0925 -0.5118, -4.8171 1.2738 -0.5118, -4.813 1.2769 -0.5118, -4.8228 1.5748 -0.5118, -4.8082 1.2789 -0.5118, -4.8222 1.0973 -0.5118, -4.8228 1.1024 -0.5118, -4.8228 1.2598 -0.5118, -4.8031 1.2795 -0.5118, -4.6457 1.2795 -0.5118, -4.6406 1.2789 -0.5118, -4.6406 1.0833 -0.5118, -4.6457 1.0827 -0.5118, -4.8031 1.0827 -0.5118, -3.8386 1.1024 -0.5118, -3.8393 1.0973 -0.5118, -3.6873 0.9526 -0.5118, -3.8532 1.2789 -0.5118, -3.8484 1.2769 -0.5118, -3.8412 1.0925 -0.5118, -3.8443 1.0884 -0.5118, -3.8484 1.0853 -0.5118, -4.0256 1.2769 -0.5118, -4.2323 1.5748 -0.5118, -4.0297 1.2738 -0.5118, -4.0328 1.2697 -0.5118, -4.0348 1.2649 -0.5118, -3.8443 1.2738 -0.5118, -3.8412 1.2697 -0.5118, -4.0208 1.0833 -0.5118, -4.0256 1.0853 -0.5118, -4.0297 1.0884 -0.5118, -4.0328 1.0925 -0.5118, -4.0348 1.0973 -0.5118, -4.0354 1.1024 -0.5118, -4.0354 1.2598 -0.5118, -4.0208 1.2789 -0.5118, -4.0157 1.2795 -0.5118, -3.8583 1.2795 -0.5118, -3.8532 1.0833 -0.5118, -3.8583 1.0827 -0.5118, -4.0157 1.0827 -0.5118, -3.248 1.2598 -0.5118, -3.2474 1.2649 -0.5118, -3.4269 1.5748 -0.5118, -3.2454 1.0925 -0.5118, -3.2474 1.0973 -0.5118, -3.248 1.1024 -0.5118, -3.2454 1.2697 -0.5118, -3.2423 1.2738 -0.5118, -3.2408 1.5748 -0.5118, -3.2408 1.2749 -0.5118, -3.2382 1.2769 -0.5118, -3.2334 1.2789 -0.5118, -3.2283 1.2795 -0.5118, -3.1088 1.5748 -0.5118, -3.061 1.2769 -0.5118, -3.0569 1.2738 -0.5118, -2.9239 1.5748 -0.5118, -3.0538 1.0925 -0.5118, -3.0569 1.0884 -0.5118, -2.9239 0.9526 -0.5118, -3.1088 1.2795 -0.5118, -3.0709 1.2795 -0.5118, -3.0658 1.2789 -0.5118, -3.0538 1.2697 -0.5118, -3.0519 1.2649 -0.5118, -3.0512 1.2598 -0.5118, -3.061 1.0853 -0.5118, -3.0658 1.0833 -0.5118, -3.1088 0.9526 -0.5118, -3.0512 1.1024 -0.5118, -3.0519 1.0973 -0.5118, -2.4606 1.2598 -0.5118, -2.46 1.2649 -0.5118, -2.5999 1.5748 -0.5118, -2.458 1.2697 -0.5118, -2.4549 1.2738 -0.5118, -2.4508 1.2769 -0.5118, -1.9685 1.5748 -0.5118, -2.2695 1.2738 -0.5118, -2.2664 1.2697 -0.5118, -2.458 1.0925 -0.5118, -2.46 1.0973 -0.5118, -2.5999 0.9526 -0.5118, -2.4606 1.1024 -0.5118, -2.2645 1.2649 -0.5118, -2.2638 1.2598 -0.5118, -1.9685 0.9526 -0.5118, -2.2638 1.1024 -0.5118, -2.2645 1.0973 -0.5118, -2.2664 1.0925 -0.5118, -2.2695 1.0884 -0.5118, -2.2736 1.0853 -0.5118, -2.2736 1.2769 -0.5118, -2.0669 1.5748 -0.5118, -2.2784 1.2789 -0.5118, -2.446 1.0833 -0.5118, -2.4508 1.0853 -0.5118, -2.4549 1.0884 -0.5118, -2.446 1.2789 -0.5118, -2.4409 1.2795 -0.5118, -2.2835 1.2795 -0.5118, -2.2784 1.0833 -0.5118, -2.2835 1.0827 -0.5118, -2.4409 1.0827 -0.5118, -1.6675 1.2738 -0.5118, -1.6706 1.2697 -0.5118, -1.6726 1.2649 -0.5118, -1.4862 1.2769 -0.5118, -1.4821 1.2738 -0.5118, -1.1811 1.5748 -0.5118, -1.479 1.2697 -0.5118, -1.6586 1.0833 -0.5118, -1.6634 1.0853 -0.5118, -1.6675 1.0884 -0.5118, -1.6706 1.0925 -0.5118, -1.477 1.0973 -0.5118, -1.479 1.0925 -0.5118, -1.1811 0.9526 -0.5118, -1.4821 1.0884 -0.5118, -1.4862 1.0853 -0.5118, -1.6726 1.0973 -0.5118, -1.6732 1.1024 -0.5118, -1.6732 1.2598 -0.5118, -1.491 1.2789 -0.5118, -1.4764 1.5748 -0.5118, -1.4961 1.2795 -0.5118, -1.6634 1.2769 -0.5118, -1.6586 1.2789 -0.5118, -1.6535 1.2795 -0.5118, -1.477 1.2649 -0.5118, -1.4764 1.2598 -0.5118, -1.4764 1.1024 -0.5118, -1.491 1.0833 -0.5118, -1.4961 1.0827 -0.5118, -1.6535 1.0827 -0.5118, -0.7036 1.2789 -0.5118, -0.6988 1.2769 -0.5118, -0.3937 1.5748 -0.5118, -0.6947 1.2738 -0.5118, -0.689 1.2598 -0.5118, -0.689 1.1024 -0.5118, -0.6896 1.0973 -0.5118, -0.6916 1.2697 -0.5118, -0.6896 1.2649 -0.5118, -0.6916 1.0925 -0.5118, -0.6947 1.0884 -0.5118, -0.6988 1.0853 -0.5118, -0.8852 1.2649 -0.5118, -0.8832 1.2697 -0.5118, -0.8801 1.2738 -0.5118, -0.876 1.2769 -0.5118, -0.8712 1.0833 -0.5118, -0.876 1.0853 -0.5118, -0.8801 1.0884 -0.5118, -0.8832 1.0925 -0.5118, -0.7036 1.0833 -0.5118, -0.7087 1.0827 -0.5118, -0.8661 1.0827 -0.5118, -0.8712 1.2789 -0.5118, -0.8661 1.2795 -0.5118, -0.7087 1.2795 -0.5118, -0.8852 1.0973 -0.5118, -0.8858 1.1024 -0.5118, -0.8858 1.2598 -0.5118, 0.4921 1.8898 -0.5118, 0.0197 1.8898 -0.5118, 0.0197 1.5748 -0.5118, 0.0978 1.0973 -0.5118, 0.0984 1.1024 -0.5118, 0.0984 1.2598 -0.5118, -0.0978 1.2649 -0.5118, -0.0958 1.2697 -0.5118, -0.0927 1.2738 -0.5118, 0.0958 1.0925 -0.5118, 0.0927 1.0884 -0.5118, 0.0886 1.0853 -0.5118, -0.0838 1.0833 -0.5118, -0.0886 1.0853 -0.5118, -0.0927 1.0884 -0.5118, -0.0958 1.0925 -0.5118, -0.0886 1.2769 -0.5118, -0.0838 1.2789 -0.5118, -0.0787 1.2795 -0.5118, 0.0787 1.2795 -0.5118, 0.0838 1.2789 -0.5118, 0.0886 1.2769 -0.5118, 0.0927 1.2738 -0.5118, 0.0958 1.2697 -0.5118, 0.0978 1.2649 -0.5118, 0.0838 1.0833 -0.5118, 0.0787 1.0827 -0.5118, -0.0787 1.0827 -0.5118, -0.0978 1.0973 -0.5118, -0.0984 1.1024 -0.5118, -0.0984 1.2598 -0.5118, -3.2334 1.0833 -0.5118, -3.2382 1.0853 -0.5118, -3.2408 1.0873 -0.5118, -3.2423 1.0884 -0.5118, -3.0709 1.0827 -0.5118, -3.1088 1.0827 -0.5118, -3.2283 1.0827 -0.5118, -6.7913 1.8898 -0.5118, -6.7913 0.9526 -0.5118, -0.3937 0.622 -0.5118, -1.1811 0.622 -0.5118, -1.9685 0.622 -0.5118, -2.5999 0.622 -0.5118, -2.7679 0.6232 -0.5118, -2.9239 0.622 -0.5118, -2.7878 0.6785 -0.5118, -2.8691 0.6785 -0.5118, -2.8879 0.6232 -0.5118, -2.9167 0.6232 -0.5118, -2.8423 0.8201 -0.5118, -2.8159 0.8201 -0.5118, -2.7391 0.6232 -0.5118, -2.941 0.6772 -0.5118, -2.9523 0.6596 -0.5118, -2.9685 0.6441 -0.5118, -2.989 0.6321 -0.5118, -2.9826 0.809 -0.5118, -2.9611 0.7946 -0.5118, -3.1088 0.622 -0.5118, -3.0896 0.8201 -0.5118, -3.034 0.8201 -0.5118, -3.0056 0.8171 -0.5118, -2.9609 0.7944 -0.5118, -2.947 0.779 -0.5118, -2.9379 0.7621 -0.5118, -3.0117 0.6254 -0.5118, -3.0361 0.6232 -0.5118, -3.0896 0.6232 -0.5118, -2.9326 0.7427 -0.5118, -2.9312 0.7241 -0.5118, -2.9339 0.6978 -0.5118, -3.1328 0.8201 -0.5118, -3.2336 0.8201 -0.5118, -3.1328 0.7985 -0.5118, -3.128 0.6448 -0.5118, -3.128 0.6232 -0.5118, -3.2336 0.6232 -0.5118, -3.2072 0.7121 -0.5118, -3.2072 0.6448 -0.5118, -3.1376 0.7121 -0.5118, -3.1376 0.7337 -0.5118, -3.2072 0.7337 -0.5118, -3.2072 0.7985 -0.5118, -3.4353 0.6448 -0.5118, -3.4353 0.6232 -0.5118, -3.5361 0.6232 -0.5118, -3.6873 0.622 -0.5118, -3.5097 0.6448 -0.5118, -3.5097 0.8201 -0.5118, -3.5361 0.8201 -0.5118, -4.3307 0.622 -0.5118, -5.1181 0.622 -0.5118, -5.9055 0.622 -0.5118, -6.5945 0.622 -0.5118, -6.7913 0.622 -0.5118, -3.1088 0.4724 -0.5118, -2.9239 0.4724 -0.5118, -2.5999 0.4724 -0.5118, -1.9685 0.4724 -0.5118, -1.1811 0.4724 -0.5118, -0.3937 0.4724 -0.5118, 0.4921 0.4724 -0.5118, -3.6873 0.4724 -0.5118, -4.3307 0.4724 -0.5118, -5.1181 0.4724 -0.5118, -5.9055 0.4724 -0.5118, -6.5945 0.4724 -0.5118, -6.7913 0.4724 -0.5118, -4.2323 1.5748 0.8462, -2.0669 1.5748 0.8462, 0.0197 1.5748 0.8462, -1.4764 1.5748 0.8462, -2.0669 1.7126 1.1417, -4.2323 1.7126 1.1417, -1.4764 1.7126 1.1417, -0.1181 1.7126 1.1417, -7.4803 2.2047 1.1417, -7.4803 0.1575 1.1417, -7.1358 0.7874 1.1417, -7.1358 0.1575 1.1417, 1.1811 2.2047 1.1417, -0.2953 2.2047 1.1417, 0.6299 2.0276 1.1417, -0.1181 2.0276 1.1417, -1.4764 1.8898 1.1417, -1.378 2.2047 1.1417, -2.0669 1.8898 1.1417, -2.1654 2.2047 1.1417, 0.8366 0.1575 1.1417, 1.1811 0.1575 1.1417, 0.8366 0.7874 1.1417, 0.6299 0.7874 1.1417, -4.2323 1.8898 1.1417, -4.1339 2.2047 1.1417, -4.8228 1.8898 1.1417, -4.9213 2.2047 1.1417, -6.9291 0.7874 1.1417, -6.9291 2.0276 1.1417, -6.0039 2.2047 1.1417, -6.1811 2.0276 1.1417, -6.1811 1.7126 1.1417, -4.8228 1.7126 1.1417, 0.7874 2.2047 -1.6535, 0.0984 2.2047 -1.6535, 0.7874 2.2047 0.2165, 0.0984 2.2047 -0.9449, 1.1811 2.2047 -1.1811, 1.063 2.2047 -1.1811, 1.063 2.2047 0.2165, -0.2953 2.2047 -0.9449, -1.7224 1.5748 -1.6535, -1.7224 0.1575 -1.6535, -2.2146 0.1575 -1.6535, 0.1476 0.1575 -1.6535, 0.1476 1.5748 -1.6535, 0.1969 0.1575 -1.6535, 0.5118 0.1575 -1.6535, 0.1969 0.0 -1.6535, 0.5118 0.0 -1.6535, -7.0866 2.2047 -1.6535, -6.3976 2.2047 -1.6535, -7.0866 0.1575 -1.6535, -6.811 0.1575 -1.6535, -6.4961 0.1575 -1.6535, -6.811 0.0 -1.6535, -6.4961 0.0 -1.6535, -4.872 1.5748 -1.6535, -4.872 0.1575 -1.6535, -5.3642 0.1575 -1.6535, -5.6594 0.1575 -1.6535, -6.1516 0.1575 -1.6535, -5.6594 1.5748 -1.6535, -6.1516 1.5748 -1.6535, 0.7874 0.1575 -1.6535, -0.1476 1.5748 -1.6535, -2.2146 1.5748 -1.6535, -2.5098 1.5748 -1.6535, -5.3642 1.5748 -1.6535, -6.4469 1.5748 -1.6535, -6.4469 0.1575 -1.6535, -0.1476 0.1575 -1.6535, -0.6398 0.1575 -1.6535, -0.6398 1.5748 -1.6535, -0.935 1.5748 -1.6535, -2.5098 0.1575 -1.6535, -3.002 0.1575 -1.6535, -3.002 1.5748 -1.6535, -3.2972 1.5748 -1.6535, -0.935 0.1575 -1.6535, -1.4272 0.1575 -1.6535, -1.4272 1.5748 -1.6535, -3.2972 0.1575 -1.6535, -3.7894 0.1575 -1.6535, -3.7894 1.5748 -1.6535, -4.0846 1.5748 -1.6535, -4.0846 0.1575 -1.6535, -4.5768 0.1575 -1.6535, -4.5768 1.5748 -1.6535, 0.8465 0.1575 -1.5127, 0.8465 0.1575 -1.5945, 0.8465 0.1586 -1.5136, 0.8465 0.181 -1.5277, 0.8465 1.0515 -1.5394, 0.8465 0.2323 -1.5394, 0.8465 0.206 -1.5364, 0.8465 1.1555 -1.5945, 0.8465 1.135 -1.574, 0.8465 1.082 -1.5434, 0.8465 1.1105 -1.5552, 0.8465 2.0866 0.1575, 0.8465 2.1457 0.1575, 1.0039 2.0866 0.1575, 1.0039 2.1457 0.1575, 0.8471 0.1575 0.1429, 0.8491 0.1575 0.1476, 0.8366 0.1575 1.8504, 0.5118 0.1575 1.8504, 1.0039 0.1575 0.1378, 1.0039 0.1575 -1.122, 1.063 0.1575 -1.1811, 0.8661 0.1575 -1.5127, 0.8625 0.1575 -1.5122, 0.861 0.1575 -1.5118, 0.8607 0.1575 -1.5117, 1.0013 0.1575 0.1476, 1.0033 0.1575 0.1429, 1.1811 0.1575 -1.1811, 0.8491 0.1575 -1.4995, 0.8489 0.1575 -1.499, 0.8481 0.1575 -1.4967, 0.8474 0.1575 -1.4926, 0.8563 0.1575 0.1548, 0.861 0.1575 0.1568, 0.9893 0.1575 0.1568, 0.9941 0.1575 0.1548, 0.9982 0.1575 0.1517, 0.8522 0.1575 0.1517, 0.8571 0.1575 -1.5098, 0.856 0.1575 -1.509, 0.8525 0.1575 -1.5055, 0.8465 0.1575 -1.4876, 0.8465 0.1575 -1.4852, 0.8465 0.1575 0.1378, 0.8661 0.1575 0.1575, 0.9843 0.1575 0.1575, 0.8522 0.1575 -1.5051, 0.852 0.1575 -1.5048, -7.1457 2.1457 0.1417, -7.1457 2.1379 0.1458, -7.1457 2.1457 0.1575, -7.1457 2.1129 0.1545, -7.1457 2.0866 0.1575, -7.4803 0.1575 -1.1811, -7.4803 2.2047 -1.1811, -0.1575 0.3346 1.8504, -0.1575 0.1575 1.8504, 0.6299 0.3346 1.8504, 0.1969 0.1575 1.8504, 0.8366 0.6496 1.8504, 0.6299 0.6496 1.8504, 0.5118 0.0 1.8504, 0.1969 0.0 1.8504, -6.9291 0.3346 1.8504, -6.9291 0.6496 1.8504, -7.1358 0.6496 1.8504, -6.811 0.0 1.8504, -6.4961 0.0 1.8504, -6.811 0.1575 1.8504, -6.4961 0.1575 1.8504, -7.1358 0.1575 1.8504, -6.1417 0.3346 1.8504, -6.1417 0.1575 1.8504, -7.1358 0.7874 1.5549, -0.2953 0.3346 1.5549, -0.2953 0.3346 1.1417, -0.2953 0.1575 1.5549, -0.2953 0.1575 1.1417, -6.0039 0.3346 1.5549, -6.0039 0.1575 1.5549, -6.0039 0.3346 1.1417, -6.0039 0.1575 1.1417, -6.3976 2.2047 -0.9449, -7.0866 2.2047 0.2165, -6.0039 2.2047 -0.9449, -7.3622 2.2047 -1.1811, -7.3622 2.2047 0.2165, 0.0197 1.8898 0.8462, 0.4921 1.8898 0.8462, -6.7913 1.8898 0.8462, -6.3189 1.8898 0.8462, -6.3189 1.5748 0.8462, -4.8228 1.5748 0.8462, 0.4921 0.4724 1.5549, 0.4921 0.7874 1.5549, 0.4921 0.7874 0.8462, 0.0002 0.4724 1.5549, 0.0002 0.4724 0.8462, -6.2994 0.4724 0.8462, -6.2994 0.4724 1.5549, -6.7913 0.4724 1.5549, -6.7913 0.7874 1.5549, -6.7913 0.7874 0.8462, 0.8366 0.7874 1.5549, -6.4075 0.1575 -1.5066, -6.4075 0.1575 -1.1811, -6.1909 0.1575 -1.1811, -5.4035 0.1575 -1.1811, -5.6201 0.1575 -1.1811, -5.6201 0.1575 -1.5066, -6.1909 0.1575 -1.5066, -4.0453 0.1575 -1.1811, -3.8287 0.1575 -1.1811, -4.6161 0.1575 -1.5066, -4.0453 0.1575 -1.5066, -4.6161 0.1575 -1.1811, -4.8327 0.1575 -1.1811, -4.8327 0.1575 -1.5066, -5.4035 0.1575 -1.5066, -2.4705 0.1575 -1.1811, -2.2539 0.1575 -1.1811, -3.0413 0.1575 -1.5066, -2.4705 0.1575 -1.5066, -3.0413 0.1575 -1.1811, -3.2579 0.1575 -1.1811, -3.2579 0.1575 -1.5066, -3.8287 0.1575 -1.5066, -1.4665 0.1575 -1.5066, -0.8957 0.1575 -1.5066, -1.4665 0.1575 -1.1811, -0.8957 0.1575 -1.1811, -2.2539 0.1575 -1.5066, -1.6831 0.1575 -1.5066, -1.6831 0.1575 -1.1811, -0.6791 0.1575 -1.1811, -0.6791 0.1575 -1.5066, -0.1083 0.1575 -1.5066, -0.1083 0.1575 -1.1811, 0.1083 0.1575 -1.1811, 0.1083 0.1575 -1.5066, -7.0866 0.1575 0.2165, -7.3622 0.1575 -1.1811, -7.3622 0.1575 0.2165, -7.1457 1.0785 -1.5224, -7.1457 1.0848 -1.5238, -7.1457 1.1555 -1.5945, -7.1457 0.2165 -1.5945, -7.1457 0.2165 -1.5184, -7.1457 0.2323 -1.5197, -7.1457 1.0515 -1.5197, -7.3031 2.0866 0.1575, -7.3031 2.1457 0.1575, -7.3031 2.1129 0.1545, -7.3031 2.1379 0.1458, -7.3031 2.1457 0.1417, -7.1568 1.1471 -1.5833, -7.1611 1.1415 -1.5791, -7.1654 1.1358 -1.5748, -7.1534 1.1544 -1.5868, -7.15 1.1617 -1.5902, -7.1476 1.1693 -1.5925, -7.1457 2.1457 -1.5945, -7.1457 1.1834 -1.5945, -7.1462 1.1767 -1.594, -7.1472 0.218 0.1453, -7.1463 0.2172 0.1429, -7.1458 0.2167 0.1404, -7.1457 0.2165 0.1378, -7.1514 0.2223 0.1517, -7.1497 0.2206 0.1498, -7.1483 0.2192 0.1476, -7.1635 2.1279 0.1499, -7.1654 2.126 0.1507, -7.1553 2.136 0.1466, -7.1464 2.145 0.1249, -7.147 2.1444 0.1275, -7.1471 2.1443 0.128, -7.1485 2.1429 0.1317, -7.1457 2.1457 0.1181, -7.1463 2.1451 0.1245, -7.1499 2.1414 0.1355, -7.1514 2.1399 0.1383, -7.1535 2.1378 0.1457, -7.1556 2.1358 0.1437, -7.1562 2.1351 0.1446, -7.1579 2.1334 0.1462, -7.1603 2.1311 0.148, -7.1606 2.1307 0.1483, -7.2974 0.2223 0.1517, -7.2957 0.2208 0.1532, -7.1628 0.2167 0.1573, -7.1603 0.2172 0.1568, -7.1578 0.218 0.156, -7.292 0.2185 0.1555, -7.29 0.2176 0.1564, -7.2878 0.217 0.157, -7.2857 0.2167 0.1574, -7.2835 0.2165 0.1575, -7.1654 0.2165 0.1575, -7.1555 0.2192 0.1548, -7.1534 0.2206 0.1534, -7.2989 0.2208 0.1501, -7.303 0.2167 0.14, -7.3027 0.217 0.1422, -7.3031 0.2165 -1.122, -7.3031 0.2165 0.1378, -7.302 0.2176 0.1443, -7.3012 0.2185 0.1463, -7.2892 2.1317 0.1476, -7.2951 2.1377 0.1453, -7.2878 2.1303 0.1484, -7.2835 2.126 0.1507, -7.2978 2.1403 0.1375, -7.301 2.1435 0.1304, -7.3012 2.1437 0.1298, -7.3018 2.1443 0.1275, -7.3023 2.1448 0.1259, -7.3025 2.1451 0.1239, -7.3031 2.1456 0.1198, -7.3031 2.1457 0.1181, -7.3031 2.1457 -1.122, -7.2914 2.1339 0.1458, -7.2957 2.1382 0.1407, -7.2964 2.1389 0.1399, -7.2964 2.1389 0.1399
            ]
        }
        coordIndex [
            0,1,2,-1,2,1,3,-1,4,5,6,-1,7,8,9,-1,3,10,11,-1,12,13,11,-1,11,13,14,-1,11,14,3,-1,3,14,7,-1,9,8,15,-1,15,8,16,-1,15,16,17,-1,17,16,18,-1,17,18,19,-1,9,19,7,-1,7,19,18,-1,7,18,3,-1,3,18,4,-1,3,4,2,-1,2,4,6,-1,20,21,22,-1,23,24,25,-1,26,27,28,-1,29,30,31,-1,32,33,34,-1,35,36,37,-1,37,36,38,-1,39,40,41,-1,42,43,44,-1,44,43,45,-1,44,45,46,-1,46,45,47,-1,46,47,48,-1,48,47,49,-1,48,49,50,-1,51,52,41,-1,41,52,53,-1,41,53,39,-1,54,55,56,-1,56,55,57,-1,56,57,58,-1,50,59,48,-1,48,59,60,-1,48,60,61,-1,62,63,48,-1,48,63,64,-1,65,66,67,-1,67,66,68,-1,64,69,48,-1,48,69,68,-1,48,68,70,-1,70,68,66,-1,61,71,48,-1,48,71,72,-1,48,72,62,-1,40,73,41,-1,41,73,74,-1,41,74,75,-1,58,76,56,-1,56,76,77,-1,56,77,44,-1,44,77,78,-1,44,78,42,-1,35,79,80,-1,80,79,81,-1,81,79,82,-1,81,82,51,-1,83,84,85,-1,86,87,88,-1,88,87,89,-1,88,89,90,-1,90,91,88,-1,88,91,92,-1,88,92,93,-1,94,95,85,-1,85,95,96,-1,96,97,85,-1,85,97,98,-1,85,98,83,-1,32,99,100,-1,86,101,102,-1,84,103,85,-1,85,103,104,-1,85,104,32,-1,32,104,105,-1,32,105,99,-1,102,106,86,-1,86,106,107,-1,86,107,87,-1,93,108,88,-1,88,108,109,-1,88,109,85,-1,85,109,110,-1,85,110,94,-1,100,111,32,-1,32,111,112,-1,32,112,86,-1,86,112,113,-1,86,113,101,-1,114,115,86,-1,86,115,116,-1,86,116,117,-1,118,119,31,-1,31,30,120,-1,120,30,121,-1,120,121,122,-1,122,123,120,-1,120,123,124,-1,120,124,125,-1,119,126,31,-1,31,126,127,-1,31,127,29,-1,128,129,88,-1,88,129,130,-1,88,130,131,-1,131,132,88,-1,88,132,133,-1,88,133,86,-1,86,133,134,-1,86,134,114,-1,117,135,86,-1,86,135,136,-1,86,136,31,-1,31,136,137,-1,31,137,118,-1,125,138,120,-1,120,138,139,-1,120,139,88,-1,88,139,140,-1,88,140,128,-1,141,142,31,-1,28,27,143,-1,143,27,144,-1,143,144,145,-1,145,146,143,-1,143,146,147,-1,143,147,148,-1,149,150,28,-1,28,150,151,-1,28,151,26,-1,152,153,120,-1,120,153,154,-1,120,154,155,-1,142,156,31,-1,31,156,157,-1,31,157,158,-1,158,157,159,-1,155,160,120,-1,120,160,161,-1,120,161,31,-1,31,161,162,-1,31,162,141,-1,159,163,158,-1,158,163,164,-1,158,164,28,-1,28,164,165,-1,28,165,149,-1,148,166,143,-1,143,166,167,-1,143,167,120,-1,120,167,168,-1,120,168,152,-1,169,170,171,-1,172,173,25,-1,169,171,24,-1,170,174,171,-1,171,174,175,-1,171,175,176,-1,177,178,179,-1,179,178,28,-1,179,28,180,-1,180,28,181,-1,173,182,25,-1,25,182,183,-1,25,183,23,-1,184,185,143,-1,143,185,186,-1,143,186,187,-1,187,188,143,-1,143,188,189,-1,143,189,28,-1,28,189,190,-1,28,190,181,-1,177,191,178,-1,178,191,192,-1,178,192,25,-1,25,192,193,-1,25,193,172,-1,176,194,171,-1,171,194,195,-1,171,195,143,-1,143,195,196,-1,143,196,184,-1,197,198,199,-1,200,201,56,-1,56,201,202,-1,24,171,25,-1,25,171,56,-1,25,56,199,-1,199,56,202,-1,199,202,197,-1,198,203,199,-1,199,203,204,-1,199,204,205,-1,205,204,206,-1,205,206,207,-1,207,208,205,-1,205,208,209,-1,205,209,210,-1,211,212,213,-1,214,215,216,-1,209,217,210,-1,210,217,218,-1,210,218,213,-1,213,218,219,-1,213,219,211,-1,212,220,213,-1,213,220,221,-1,213,221,222,-1,215,223,216,-1,216,223,224,-1,216,224,225,-1,222,226,216,-1,216,226,227,-1,216,227,214,-1,228,229,230,-1,229,231,230,-1,230,231,232,-1,230,232,233,-1,234,235,236,-1,237,238,239,-1,239,238,240,-1,236,241,234,-1,234,241,242,-1,234,242,243,-1,243,242,244,-1,243,244,245,-1,245,246,243,-1,243,246,247,-1,243,247,248,-1,222,216,213,-1,213,216,239,-1,213,239,230,-1,230,239,240,-1,230,240,228,-1,235,234,249,-1,249,234,250,-1,249,250,251,-1,252,253,239,-1,239,253,254,-1,239,254,237,-1,233,255,230,-1,230,255,256,-1,230,256,250,-1,250,256,257,-1,250,257,251,-1,248,258,243,-1,243,258,259,-1,243,259,239,-1,239,259,260,-1,239,260,252,-1,261,234,262,-1,262,234,263,-1,264,265,266,-1,266,265,267,-1,268,269,243,-1,243,269,270,-1,243,270,271,-1,272,273,274,-1,274,273,275,-1,274,275,276,-1,271,277,243,-1,243,277,278,-1,243,278,234,-1,234,278,279,-1,234,279,263,-1,264,266,280,-1,280,266,281,-1,280,281,282,-1,261,283,234,-1,234,283,284,-1,234,284,281,-1,281,284,285,-1,281,285,282,-1,267,286,266,-1,266,286,287,-1,266,287,274,-1,274,287,288,-1,274,288,272,-1,276,289,274,-1,274,289,290,-1,274,290,243,-1,243,290,291,-1,243,291,268,-1,292,293,294,-1,294,293,295,-1,294,296,22,-1,22,296,297,-1,22,297,298,-1,295,299,294,-1,294,299,300,-1,294,300,296,-1,298,301,22,-1,22,301,302,-1,22,302,303,-1,304,305,266,-1,266,305,306,-1,266,306,307,-1,308,309,274,-1,274,309,310,-1,274,310,311,-1,303,312,22,-1,22,312,313,-1,22,313,274,-1,274,313,314,-1,274,314,308,-1,307,315,266,-1,266,315,316,-1,266,316,294,-1,294,316,317,-1,294,317,292,-1,311,318,274,-1,274,318,319,-1,274,319,266,-1,266,319,320,-1,266,320,304,-1,321,322,21,-1,21,322,323,-1,324,21,325,-1,325,21,326,-1,294,327,323,-1,323,327,328,-1,323,328,329,-1,324,330,21,-1,21,330,331,-1,21,331,332,-1,333,334,22,-1,22,334,335,-1,22,335,336,-1,329,337,323,-1,323,337,338,-1,323,338,339,-1,339,340,323,-1,323,340,341,-1,323,341,342,-1,342,343,323,-1,323,343,344,-1,323,344,21,-1,21,344,345,-1,21,345,326,-1,332,346,21,-1,21,346,347,-1,21,347,22,-1,22,347,348,-1,22,348,333,-1,336,349,22,-1,22,349,350,-1,22,350,294,-1,294,350,351,-1,294,351,327,-1,352,353,44,-1,44,353,354,-1,44,354,56,-1,56,354,355,-1,56,355,200,-1,224,356,225,-1,225,356,357,-1,225,357,44,-1,44,357,358,-1,44,358,352,-1,32,34,85,-1,85,34,359,-1,85,359,360,-1,20,22,361,-1,361,22,274,-1,361,274,362,-1,362,274,243,-1,362,243,363,-1,363,243,239,-1,363,239,364,-1,365,366,364,-1,367,368,365,-1,365,368,369,-1,365,369,366,-1,366,369,370,-1,366,370,216,-1,216,370,371,-1,216,371,239,-1,239,371,372,-1,239,372,364,-1,364,372,373,-1,364,373,365,-1,374,375,366,-1,366,375,376,-1,366,376,377,-1,216,378,379,-1,380,381,225,-1,225,381,382,-1,225,382,216,-1,216,382,383,-1,216,383,378,-1,379,384,216,-1,216,384,385,-1,216,385,386,-1,377,387,366,-1,366,387,388,-1,366,388,380,-1,380,388,389,-1,380,389,381,-1,386,390,216,-1,216,390,391,-1,216,391,366,-1,366,391,392,-1,366,392,374,-1,393,225,394,-1,394,225,44,-1,394,44,36,-1,36,44,46,-1,36,46,38,-1,393,395,225,-1,225,395,396,-1,225,396,380,-1,380,396,397,-1,380,397,36,-1,36,397,398,-1,36,398,394,-1,399,400,401,-1,401,400,396,-1,401,396,402,-1,402,396,395,-1,402,395,403,-1,403,395,404,-1,405,41,56,-1,56,41,75,-1,56,75,54,-1,405,406,41,-1,41,406,407,-1,41,407,408,-1,409,405,410,-1,410,405,56,-1,410,56,411,-1,411,56,171,-1,411,171,407,-1,407,171,408,-1,408,171,143,-1,408,143,412,-1,412,143,120,-1,412,120,413,-1,413,120,88,-1,413,88,414,-1,414,88,85,-1,414,85,415,-1,415,85,360,-1,415,360,416,-1,35,80,36,-1,36,80,417,-1,36,417,380,-1,380,417,418,-1,380,418,366,-1,366,418,419,-1,366,419,364,-1,364,419,420,-1,364,420,363,-1,363,420,421,-1,363,421,362,-1,362,421,422,-1,362,422,361,-1,361,422,423,-1,361,423,20,-1,51,41,81,-1,81,41,408,-1,81,408,424,-1,424,408,412,-1,424,412,425,-1,425,412,413,-1,425,413,426,-1,426,413,414,-1,426,414,427,-1,427,414,415,-1,427,415,428,-1,428,415,416,-1,428,416,429,-1,430,178,431,-1,431,178,250,-1,323,432,281,-1,281,432,433,-1,434,435,431,-1,431,435,430,-1,433,432,436,-1,436,432,437,-1,438,439,440,-1,440,439,441,-1,442,443,444,-1,444,443,445,-1,445,443,437,-1,437,443,6,-1,437,6,436,-1,436,6,5,-1,436,5,446,-1,446,5,447,-1,446,447,448,-1,447,449,448,-1,448,449,16,-1,448,16,434,-1,450,451,452,-1,452,451,442,-1,452,442,453,-1,453,442,444,-1,434,16,435,-1,435,16,8,-1,435,8,454,-1,454,8,455,-1,454,455,456,-1,456,455,457,-1,456,457,13,-1,440,458,438,-1,438,458,459,-1,438,459,460,-1,460,459,461,-1,460,461,12,-1,12,461,462,-1,12,462,13,-1,13,462,463,-1,13,463,456,-1,464,465,466,-1,466,465,467,-1,468,469,470,-1,467,471,466,-1,466,471,443,-1,466,443,470,-1,470,443,442,-1,470,442,468,-1,472,473,474,-1,475,476,477,-1,477,476,478,-1,477,478,479,-1,479,478,480,-1,481,482,3,-1,483,481,484,-1,484,481,485,-1,484,485,486,-1,486,485,487,-1,488,489,490,-1,491,492,493,-1,493,492,494,-1,465,464,1,-1,1,464,495,-1,496,1,476,-1,476,1,495,-1,476,495,478,-1,1,497,498,-1,499,493,1,-1,1,493,494,-1,1,494,3,-1,3,494,500,-1,3,500,481,-1,481,500,501,-1,481,501,485,-1,502,503,496,-1,496,503,504,-1,496,504,1,-1,1,504,505,-1,506,507,498,-1,498,507,508,-1,498,508,1,-1,1,508,509,-1,510,511,505,-1,505,511,512,-1,505,512,1,-1,1,512,472,-1,1,472,497,-1,497,472,474,-1,513,514,509,-1,509,514,515,-1,509,515,1,-1,1,515,516,-1,517,518,516,-1,516,518,519,-1,516,519,1,-1,1,519,488,-1,1,488,499,-1,499,488,490,-1,6,443,2,-1,2,443,471,-1,520,521,522,-1,522,521,523,-1,524,525,521,-1,521,525,526,-1,521,526,523,-1,521,527,524,-1,524,527,528,-1,524,528,529,-1,529,528,530,-1,531,532,533,-1,533,532,534,-1,478,495,521,-1,535,536,450,-1,537,538,450,-1,450,538,478,-1,450,478,520,-1,520,478,521,-1,539,540,541,-1,542,543,520,-1,520,543,544,-1,520,544,545,-1,546,547,451,-1,451,547,539,-1,451,539,548,-1,548,539,541,-1,549,550,520,-1,520,550,551,-1,520,551,552,-1,553,554,451,-1,555,556,451,-1,451,556,557,-1,451,557,546,-1,450,536,451,-1,451,536,558,-1,451,558,553,-1,545,559,520,-1,520,559,560,-1,520,560,561,-1,552,562,520,-1,520,562,563,-1,520,563,450,-1,450,563,564,-1,450,564,535,-1,554,565,451,-1,451,565,566,-1,451,566,555,-1,561,567,520,-1,520,567,568,-1,520,568,549,-1,469,468,541,-1,541,468,548,-1,442,451,468,-1,468,451,548,-1,569,570,571,-1,571,570,572,-1,571,572,573,-1,574,439,575,-1,575,439,438,-1,576,577,578,-1,578,577,579,-1,580,581,537,-1,537,581,578,-1,537,578,538,-1,538,578,579,-1,538,579,582,-1,582,579,583,-1,584,585,586,-1,587,588,589,-1,589,588,590,-1,586,591,584,-1,584,591,589,-1,584,589,592,-1,592,589,590,-1,592,590,593,-1,487,588,486,-1,486,588,587,-1,583,479,582,-1,582,479,480,-1,440,441,594,-1,594,441,591,-1,594,591,586,-1,595,596,597,-1,597,596,598,-1,599,600,601,-1,601,600,602,-1,601,602,596,-1,596,602,598,-1,482,481,603,-1,603,481,604,-1,603,604,605,-1,606,575,607,-1,607,575,438,-1,607,438,604,-1,604,438,460,-1,604,460,605,-1,608,322,609,-1,609,322,321,-1,610,359,611,-1,611,359,33,-1,611,33,612,-1,612,33,32,-1,613,612,158,-1,158,612,32,-1,432,323,608,-1,608,323,322,-1,605,460,11,-1,11,460,12,-1,614,615,616,-1,609,321,616,-1,616,321,423,-1,616,423,614,-1,617,614,618,-1,618,614,423,-1,618,423,619,-1,619,423,429,-1,619,429,620,-1,620,429,621,-1,622,621,623,-1,623,621,429,-1,623,429,610,-1,610,429,359,-1,624,452,615,-1,615,452,453,-1,615,453,616,-1,440,594,458,-1,458,594,622,-1,458,622,623,-1,580,537,624,-1,624,537,450,-1,624,450,452,-1,501,625,485,-1,485,625,626,-1,485,626,590,-1,590,626,627,-1,628,598,629,-1,629,598,602,-1,600,593,602,-1,602,593,590,-1,602,590,629,-1,629,590,627,-1,629,627,630,-1,630,627,631,-1,630,631,491,-1,491,631,492,-1,632,633,598,-1,518,517,634,-1,634,517,635,-1,634,635,636,-1,635,632,636,-1,636,632,598,-1,636,598,637,-1,637,598,628,-1,637,628,638,-1,638,628,639,-1,638,639,489,-1,489,639,490,-1,640,641,598,-1,507,506,642,-1,642,506,643,-1,642,643,644,-1,643,640,644,-1,644,640,598,-1,644,598,645,-1,645,598,633,-1,645,633,646,-1,646,633,647,-1,646,647,513,-1,513,647,514,-1,577,597,579,-1,579,597,598,-1,511,510,648,-1,648,510,649,-1,648,649,650,-1,650,649,651,-1,474,473,652,-1,652,473,653,-1,652,653,641,-1,641,653,654,-1,641,654,598,-1,598,654,650,-1,598,650,579,-1,579,650,651,-1,579,651,655,-1,503,502,656,-1,656,502,657,-1,656,657,655,-1,655,657,658,-1,655,658,579,-1,579,658,659,-1,579,659,477,-1,477,659,660,-1,477,660,475,-1,579,477,583,-1,583,477,479,-1,485,590,487,-1,487,590,588,-1,589,484,587,-1,587,484,486,-1,661,483,484,-1,574,662,663,-1,589,591,441,-1,484,589,661,-1,661,589,441,-1,661,441,663,-1,663,441,439,-1,663,439,574,-1,478,538,480,-1,480,538,582,-1,610,459,623,-1,623,459,458,-1,611,461,610,-1,610,461,459,-1,612,462,611,-1,611,462,461,-1,462,612,463,-1,463,612,613,-1,608,445,432,-1,432,445,437,-1,609,444,608,-1,608,444,445,-1,616,453,609,-1,609,453,444,-1,585,622,586,-1,586,622,594,-1,584,621,585,-1,585,621,622,-1,599,592,600,-1,600,592,593,-1,592,620,584,-1,584,620,621,-1,592,599,620,-1,601,619,599,-1,599,619,620,-1,596,618,601,-1,601,618,619,-1,576,595,577,-1,577,595,597,-1,595,617,596,-1,596,617,618,-1,595,576,617,-1,578,614,576,-1,576,614,617,-1,581,615,578,-1,578,615,614,-1,580,624,581,-1,581,624,615,-1,662,574,606,-1,606,574,575,-1,664,665,666,-1,667,668,669,-1,667,669,666,-1,666,669,670,-1,666,670,664,-1,671,672,573,-1,573,672,571,-1,671,673,672,-1,672,673,674,-1,672,674,675,-1,481,483,666,-1,666,483,667,-1,676,666,677,-1,677,666,678,-1,676,679,666,-1,666,679,680,-1,666,680,681,-1,682,481,683,-1,683,481,666,-1,683,666,684,-1,684,666,681,-1,685,686,661,-1,686,687,661,-1,661,687,688,-1,661,688,483,-1,483,688,668,-1,483,668,667,-1,689,690,661,-1,661,690,691,-1,661,691,685,-1,692,693,694,-1,571,604,569,-1,569,604,481,-1,695,696,569,-1,569,696,697,-1,569,697,698,-1,481,682,699,-1,481,699,569,-1,569,699,700,-1,569,700,695,-1,698,701,569,-1,569,701,702,-1,569,702,703,-1,703,702,704,-1,703,704,694,-1,694,704,705,-1,694,705,706,-1,706,707,694,-1,694,707,708,-1,694,708,692,-1,663,709,710,-1,711,712,661,-1,661,712,713,-1,710,714,663,-1,663,714,715,-1,663,715,716,-1,716,717,663,-1,663,717,718,-1,663,718,661,-1,661,718,719,-1,661,719,711,-1,713,720,661,-1,661,720,721,-1,661,721,689,-1,672,607,571,-1,571,607,604,-1,722,709,663,-1,663,723,724,-1,662,725,663,-1,663,725,726,-1,663,726,723,-1,724,727,663,-1,663,727,728,-1,663,728,722,-1,606,607,675,-1,675,607,672,-1,729,730,731,-1,731,730,732,-1,733,734,675,-1,675,734,735,-1,735,736,675,-1,675,736,737,-1,675,737,738,-1,738,739,675,-1,675,739,740,-1,675,740,606,-1,606,740,741,-1,729,742,730,-1,730,742,743,-1,730,743,675,-1,675,743,744,-1,675,744,733,-1,606,741,662,-1,662,741,725,-1,
        ]
    }
}
Shape{
    appearance Appearance {
        material  Material 	{
            diffuseColor 0.8509803921568627 0.8509803921568627 0.8509803921568627
            specularColor 0.4235294117647059 0.4235294117647059 0.4235294117647059
            ambientIntensity 0.2
            transparency 0
            shininess 0.5
        }
    }
    geometry IndexedFaceSet {
        ccw TRUE
        solid FALSE
        coord DEF co Coordinate {
            point [
                -7.1457 0.1154 -0.73, -7.1457 0.2165 0.1378, -7.1457 0.0935 -0.7015, -7.1457 0.1142 0.1378, -7.1457 0.1292 -0.7633, -7.1457 0.1339 -0.7989, -7.1457 0.2165 -1.5184, -7.1457 0.1339 -1.4213, -7.1457 0.0923 0.1353, -7.1457 0.0715 0.128, -7.1457 0.0528 0.1163, -7.1457 0.0255 0.0821, -7.1457 0.0182 0.0613, -7.1457 0.0157 0.0394, -7.1457 0.0157 -0.583, -7.1457 0.0191 -0.6084, -7.1457 0.0289 -0.6322, -7.1457 0.0446 -0.6526, -7.1457 0.0372 0.1007, -7.1457 0.1363 -1.4432, -7.1457 0.1896 -1.5099, -7.1457 0.2104 -1.5172, -7.1457 0.1436 -1.464, -7.1457 0.1553 -1.4826, -7.1457 0.1709 -1.4982, -7.2835 0.0307 -0.6665, -7.1654 0.0307 -0.6665, -7.1654 0.0119 -0.642, -7.2835 0.0119 -0.642, -7.1654 0.0001 -0.6135, -7.2835 0.0001 -0.6135, -7.1654 -0.0039 -0.583, -7.2835 -0.0039 -0.583, -7.1654 -0.0039 0.0394, -7.2835 -0.0039 0.0394, -7.1654 -0.001 0.0657, -7.2835 -0.001 0.0657, -7.1654 0.0078 0.0906, -7.2835 0.0078 0.0906, -7.1654 0.0218 0.113, -7.2835 0.0218 0.113, -7.1654 0.0405 0.1317, -7.2835 0.0405 0.1317, -7.1654 0.0629 0.1458, -7.2835 0.0629 0.1458, -7.1654 0.0879 0.1545, -7.2835 0.0879 0.1545, -7.1654 0.1142 0.1575, -7.2835 0.1142 0.1575, -7.1654 0.2165 0.1575, -7.2835 0.2165 0.1575, -7.3031 2.0866 0.1575, -7.1457 2.0866 0.1575, -7.1457 2.1129 0.1545, -7.1535 2.1378 0.1457, -7.1457 2.1379 0.1458, -7.1457 2.1457 0.1417, -7.1553 2.136 0.1466, -7.1654 2.126 0.1507, -7.3031 2.1129 0.1545, -7.2835 2.126 0.1507, -7.3031 2.1379 0.1458, -7.2951 2.1377 0.1453, -7.3031 2.1457 0.1417, -7.1654 2.2015 0.0656, -7.1654 2.2047 0.0394, -7.2835 2.2015 0.0656, -7.2835 2.2047 0.0394, -7.1654 2.2011 0.0683, -7.2835 2.2011 0.0683, -7.1654 2.1925 0.0904, -7.2835 2.1925 0.0904, -7.1654 2.1905 0.0955, -7.2835 2.1905 0.0955, -7.1654 2.1784 0.1126, -7.2835 2.1784 0.1126, -7.1654 2.1736 0.1193, -7.2835 2.1736 0.1193, -7.1654 2.1597 0.1311, -7.2835 2.1597 0.1311, -7.1654 2.1514 0.1382, -7.2835 2.1514 0.1382, -7.1654 2.1375 0.145, -7.2835 2.1375 0.145, -7.1654 2.2047 -1.5394, -7.2835 2.2047 -1.5394, -7.1654 2.2018 -1.5657, -7.2835 2.2018 -1.5657, -7.1654 2.193 -1.5906, -7.2835 2.193 -1.5906, -7.1654 2.179 -1.613, -7.2835 2.179 -1.613, -7.1654 2.1603 -1.6317, -7.2835 2.1603 -1.6317, -7.1654 2.1379 -1.6458, -7.2835 2.1379 -1.6458, -7.1654 2.1129 -1.6545, -7.2835 2.1129 -1.6545, -7.1654 2.0866 -1.6575, -7.2835 2.0866 -1.6575, -7.2835 1.2674 -1.6575, -7.1654 1.2674 -1.6575, -7.1654 1.2369 -1.6535, -7.2835 1.2369 -1.6535, -7.1654 1.2084 -1.6417, -7.2835 1.2084 -1.6417, -7.1654 1.1839 -1.6229, -7.2835 1.1839 -1.6229, -7.1654 1.135 -1.574, -7.2835 1.135 -1.574, -7.1654 1.1358 -1.5748, -7.1648 1.1341 -1.5731, -7.1457 1.1555 -1.5945, -7.1615 1.1276 -1.5665, -7.1457 1.0848 -1.5238, -7.147 1.0914 -1.5304, -7.1484 1.0981 -1.5371, -7.1489 1.1005 -1.5395, -7.1495 1.1038 -1.5427, -7.1501 1.1048 -1.5438, -7.154 1.1125 -1.5515, -7.1569 1.1184 -1.5574, -7.1578 1.1201 -1.5591, -7.1654 1.1174 -1.5595, -7.2835 1.1105 -1.5552, -7.1654 1.1103 -1.5557, -7.1654 1.0969 -1.5485, -7.2835 1.082 -1.5434, -7.1654 1.0515 -1.5394, -7.2835 1.0515 -1.5394, -7.1654 1.0746 -1.5417, -7.1654 1.0819 -1.5439, -7.1654 0.2323 -1.5394, -7.2835 0.2323 -1.5394, -7.1654 0.206 -1.5364, -7.2835 0.206 -1.5364, -7.1654 0.181 -1.5277, -7.2835 0.181 -1.5277, -7.1654 0.1586 -1.5136, -7.2835 0.1586 -1.5136, -7.1654 0.1399 -1.4949, -7.2835 0.1399 -1.4949, -7.1654 0.1259 -1.4725, -7.2835 0.1259 -1.4725, -7.1654 0.1171 -1.4475, -7.2835 0.1171 -1.4475, -7.1654 0.1142 -1.4213, -7.2835 0.1142 -1.4213, -7.1654 0.1142 -0.7989, -7.2835 0.1142 -0.7989, -7.2835 0.1101 -0.7684, -7.1654 0.1101 -0.7684, -7.2835 0.0983 -0.7399, -7.1654 0.0983 -0.7399, -7.2835 0.0796 -0.7154, -7.1654 0.0796 -0.7154, -7.3031 0.2165 0.1378, -7.3031 0.1154 -0.73, -7.3031 0.0935 -0.7015, -7.3031 1.1489 -1.56, -7.3031 1.1204 -1.5381, -7.3031 2.1457 -1.122, -7.3031 2.185 0.0394, -7.3031 2.185 -1.5394, -7.3031 0.2165 -1.122, -7.3031 0.1339 -0.7989, -7.3031 0.1292 -0.7633, -7.3031 1.0871 -1.5244, -7.3031 1.0515 -1.5197, -7.3031 2.1457 0.1181, -7.3031 2.1591 0.106, -7.3031 2.182 0.0635, -7.3031 2.1732 0.0862, -7.3031 0.0446 -0.6526, -7.3031 0.0289 -0.6322, -7.3031 0.0191 -0.6084, -7.3031 0.0255 0.0821, -7.3031 0.0372 0.1007, -7.3031 0.1142 0.1378, -7.3031 0.0528 0.1163, -7.3031 0.0923 0.1353, -7.3031 0.0715 0.128, -7.3031 1.242 -1.6344, -7.3031 1.2182 -1.6246, -7.3031 1.1978 -1.609, -7.3031 0.0157 -0.583, -7.3031 0.0157 0.0394, -7.3031 0.0182 0.0613, -7.3031 2.148 -1.6163, -7.3031 2.1293 -1.628, -7.3031 2.1636 -1.6007, -7.3031 2.1753 -1.5821, -7.3031 2.1826 -1.5613, -7.3031 2.0866 -1.6378, -7.3031 2.1085 -1.6353, -7.3031 1.2674 -1.6378, -7.3031 0.2323 -1.5197, -7.3031 0.2104 -1.5172, -7.3031 0.1896 -1.5099, -7.3031 0.1709 -1.4982, -7.3031 0.1553 -1.4826, -7.3031 0.1436 -1.464, -7.3031 0.1363 -1.4432, -7.3031 0.1339 -1.4213, -7.1457 2.1457 -1.5945, -7.1457 1.1834 -1.5945, -7.1457 1.1978 -1.609, -7.1457 2.1085 -1.6353, -7.1457 2.1293 -1.628, -7.1457 2.1753 -1.5821, -7.1457 2.1826 -1.5613, -7.1457 2.185 -1.5394, -7.1457 2.1457 0.1181, -7.1457 2.185 0.0394, -7.1457 2.148 -1.6163, -7.1457 2.1636 -1.6007, -7.1457 2.182 0.0635, -7.1457 2.1732 0.0862, -7.1457 2.1591 0.106, -7.1457 1.2182 -1.6246, -7.1457 1.242 -1.6344, -7.1457 1.2674 -1.6378, -7.1457 2.0866 -1.6378, -7.161 1.1843 -1.6225, -7.1611 1.1415 -1.5791, -7.1603 1.1844 -1.6224, -7.1568 1.1471 -1.5833, -7.1569 1.1854 -1.6214, -7.1555 1.1858 -1.621, -7.1534 1.1544 -1.5868, -7.1532 1.187 -1.6198, -7.1514 1.188 -1.6188, -7.15 1.1617 -1.5902, -7.1501 1.1892 -1.6176, -7.1476 1.1693 -1.5925, -7.1483 1.1909 -1.6159, -7.1477 1.1918 -1.615, -7.1462 1.1767 -1.594, -7.1463 1.1942 -1.6126, -7.1462 1.1947 -1.6121, -7.1603 1.2087 -1.6411, -7.1555 1.2097 -1.6394, -7.1514 1.2113 -1.6367, -7.1483 1.2133 -1.6331, -7.1463 1.2157 -1.629, -7.1603 1.237 -1.6528, -7.1555 1.2375 -1.6509, -7.1514 1.2383 -1.6479, -7.1483 1.2394 -1.6439, -7.1463 1.2406 -1.6394, -7.1603 1.2674 -1.6568, -7.1555 1.2674 -1.6548, -7.1514 1.2674 -1.6517, -7.1483 1.2674 -1.6476, -7.1463 1.2674 -1.6429, -7.1463 2.0866 -1.6429, -7.1483 2.0866 -1.6476, -7.1514 2.0866 -1.6517, -7.1555 2.0866 -1.6548, -7.1603 2.0866 -1.6568, -7.1463 2.1096 -1.6403, -7.1483 2.1107 -1.6449, -7.1514 2.1116 -1.6489, -7.1555 2.1123 -1.6519, -7.1603 2.1127 -1.6539, -7.1603 2.1376 -1.6452, -7.1603 2.1598 -1.6312, -7.1603 2.1784 -1.6126, -7.1603 2.1924 -1.5903, -7.1603 2.2011 -1.5655, -7.1603 2.2041 -1.5394, -7.1555 2.1367 -1.6434, -7.1555 2.1586 -1.6297, -7.1555 2.1769 -1.6114, -7.1555 2.1907 -1.5895, -7.1555 2.1992 -1.5651, -7.1555 2.2021 -1.5394, -7.1514 2.1354 -1.6406, -7.1514 2.1567 -1.6272, -7.1514 2.1744 -1.6094, -7.1514 2.1878 -1.5881, -7.1514 2.1961 -1.5644, -7.1514 2.199 -1.5394, -7.1483 2.1336 -1.6369, -7.1483 2.1541 -1.624, -7.1483 2.1713 -1.6069, -7.1483 2.1842 -1.5863, -7.1483 2.1922 -1.5635, -7.1483 2.1949 -1.5394, -7.1463 2.1315 -1.6326, -7.1463 2.1512 -1.6203, -7.1463 2.1675 -1.6039, -7.1463 2.1799 -1.5843, -7.1463 2.1875 -1.5624, -7.1463 2.1901 -1.5394, -7.1463 2.1901 0.0394, -7.1483 2.1949 0.0394, -7.1514 2.199 0.0394, -7.1555 2.2021 0.0394, -7.1603 2.2041 0.0394, -7.1471 2.1443 0.128, -7.147 2.1444 0.1275, -7.1483 2.146 0.1299, -7.1463 2.1451 0.1245, -7.1463 2.1629 0.1094, -7.1464 2.145 0.1249, -7.1483 2.1663 0.1126, -7.1555 2.1499 0.136, -7.1514 2.1399 0.1383, -7.1514 2.1482 0.1333, -7.1499 2.1414 0.1355, -7.1485 2.1429 0.1317, -7.1603 2.1311 0.148, -7.1579 2.1334 0.1462, -7.1603 2.151 0.1376, -7.1562 2.1351 0.1446, -7.1556 2.1358 0.1437, -7.1635 2.1279 0.1499, -7.1603 2.1899 0.0952, -7.1603 2.1731 0.1188, -7.1606 2.1307 0.1483, -7.1555 2.1717 0.1175, -7.1514 2.1693 0.1154, -7.1603 2.2005 0.0682, -7.1555 2.1986 0.0677, -7.1514 2.1955 0.0669, -7.1483 2.1916 0.0659, -7.1463 2.187 0.0647, -7.1555 2.1882 0.0943, -7.1514 2.1855 0.0928, -7.1483 2.1819 0.0908, -7.1463 2.1777 0.0886, -7.1483 0.1142 0.1476, -7.1483 0.2192 0.1476, -7.1514 0.1142 0.1517, -7.1497 0.2206 0.1498, -7.1463 0.1142 0.1429, -7.1458 0.2167 0.1404, -7.1463 0.2172 0.1429, -7.1472 0.218 0.1453, -7.1628 0.2167 0.1573, -7.1603 0.1142 0.1568, -7.1555 0.1142 0.1548, -7.1578 0.218 0.156, -7.1603 0.2172 0.1568, -7.1514 0.2223 0.1517, -7.1534 0.2206 0.1534, -7.1555 0.2192 0.1548, -7.1463 0.0911 0.1403, -7.1483 0.0901 0.1449, -7.1514 0.0892 0.1489, -7.1555 0.0885 0.1519, -7.1603 0.088 0.1539, -7.1603 0.0632 0.1452, -7.1603 0.041 0.1312, -7.1603 0.0224 0.1126, -7.1603 0.0084 0.0903, -7.1603 -0.0003 0.0655, -7.1603 -0.0033 0.0394, -7.1555 0.0641 0.1434, -7.1555 0.0422 0.1297, -7.1555 0.0239 0.1114, -7.1555 0.0101 0.0895, -7.1555 0.0016 0.0651, -7.1555 -0.0013 0.0394, -7.1514 0.0654 0.1406, -7.1514 0.0441 0.1272, -7.1514 0.0263 0.1094, -7.1514 0.013 0.0881, -7.1514 0.0046 0.0644, -7.1514 0.0018 0.0394, -7.1483 0.0672 0.1369, -7.1483 0.0467 0.124, -7.1483 0.0295 0.1069, -7.1483 0.0166 0.0863, -7.1483 0.0086 0.0635, -7.1483 0.0059 0.0394, -7.1463 0.0693 0.1326, -7.1463 0.0496 0.1203, -7.1463 0.0332 0.1039, -7.1463 0.0209 0.0843, -7.1463 0.0132 0.0624, -7.1463 0.0107 0.0394, -7.1463 0.0107 -0.583, -7.1483 0.0059 -0.583, -7.1514 0.0018 -0.583, -7.1555 -0.0013 -0.583, -7.1603 -0.0033 -0.583, -7.1603 0.0007 -0.6134, -7.1555 0.0026 -0.6129, -7.1514 0.0057 -0.612, -7.1483 0.0096 -0.611, -7.1463 0.0142 -0.6098, -7.1603 0.0125 -0.6417, -7.1555 0.0142 -0.6407, -7.1514 0.0169 -0.6391, -7.1483 0.0204 -0.6371, -7.1463 0.0245 -0.6347, -7.1603 0.0311 -0.666, -7.1555 0.0325 -0.6646, -7.1514 0.0347 -0.6624, -7.1483 0.0376 -0.6595, -7.1463 0.041 -0.6562, -7.1463 0.0899 -0.7051, -7.1483 0.0865 -0.7084, -7.1514 0.0837 -0.7113, -7.1555 0.0814 -0.7135, -7.1603 0.0801 -0.7149, -7.1463 0.1288 -0.7989, -7.1463 0.1242 -0.7646, -7.1483 0.124 -0.7989, -7.1483 0.1197 -0.7658, -7.1514 0.1199 -0.7989, -7.1514 0.1157 -0.7669, -7.1555 0.1168 -0.7989, -7.1555 0.1127 -0.7677, -7.1603 0.1148 -0.7989, -7.1603 0.1108 -0.7682, -7.1463 0.111 -0.7326, -7.1483 0.1069 -0.7349, -7.1514 0.1033 -0.737, -7.1555 0.1006 -0.7385, -7.1603 0.0989 -0.7395, -7.1463 0.1288 -1.4213, -7.1483 0.124 -1.4213, -7.1514 0.1199 -1.4213, -7.1555 0.1168 -1.4213, -7.1603 0.1148 -1.4213, -7.1603 0.2062 -1.5358, -7.1603 0.2323 -1.5387, -7.1555 0.2066 -1.5338, -7.1555 0.2323 -1.5367, -7.1514 0.2073 -1.5308, -7.1514 0.2323 -1.5336, -7.1483 0.2082 -1.5268, -7.1483 0.2323 -1.5295, -7.1463 0.2092 -1.5222, -7.1463 0.2323 -1.5248, -7.1603 0.1178 -1.4474, -7.1555 0.1197 -1.447, -7.1514 0.1228 -1.4463, -7.1483 0.1267 -1.4454, -7.1463 0.1314 -1.4443, -7.1603 0.1265 -1.4722, -7.1555 0.1282 -1.4714, -7.1514 0.1311 -1.47, -7.1483 0.1347 -1.4682, -7.1463 0.139 -1.4662, -7.1603 0.1405 -1.4945, -7.1555 0.142 -1.4933, -7.1514 0.1444 -1.4913, -7.1483 0.1476 -1.4888, -7.1463 0.1513 -1.4858, -7.1603 0.1591 -1.5131, -7.1555 0.1603 -1.5115, -7.1514 0.1622 -1.5091, -7.1483 0.1648 -1.5059, -7.1463 0.1677 -1.5022, -7.1603 0.1813 -1.5271, -7.1555 0.1822 -1.5253, -7.1514 0.1835 -1.5225, -7.1483 0.1853 -1.5188, -7.1463 0.1874 -1.5145, -7.1457 0.2323 -1.5197, -7.1461 1.0515 -1.5239, -7.1457 1.0515 -1.5197, -7.1464 1.0515 -1.5248, -7.1476 1.0515 -1.5281, -7.1484 1.0515 -1.5295, -7.1499 1.0515 -1.5319, -7.1515 1.0515 -1.5335, -7.153 1.0515 -1.535, -7.1556 1.0515 -1.5366, -7.1568 1.0515 -1.5374, -7.1603 1.0515 -1.5386, -7.1609 1.0515 -1.5389, -7.1499 1.0998 -1.5415, -7.1499 1.0761 -1.5343, -7.1476 1.0769 -1.5306, -7.153 1.0986 -1.5445, -7.1568 1.0977 -1.5466, -7.1609 1.1177 -1.5591, -7.1457 1.0785 -1.5224, -7.1461 1.0777 -1.5265, -7.1457 1.0848 -1.5238, -7.153 1.0755 -1.5374, -7.1568 1.075 -1.5397, -7.1609 1.0971 -1.548, -7.1609 1.0747 -1.5412, -7.2878 0.1142 0.1569, -7.2957 0.2208 0.1532, -7.2933 0.1142 0.1548, -7.292 0.2185 0.1555, -7.292 0.1142 0.1554, -7.29 0.2176 0.1564, -7.2886 0.1142 0.1568, -7.2878 0.217 0.157, -7.2857 0.2167 0.1574, -7.303 0.2167 0.14, -7.3026 0.1142 0.1422, -7.3027 0.217 0.1422, -7.3025 0.1142 0.1429, -7.302 0.2176 0.1443, -7.3011 0.1142 0.1463, -7.3012 0.2185 0.1463, -7.3005 0.1142 0.1476, -7.2989 0.2208 0.1501, -7.2987 0.1142 0.15, -7.2974 0.2223 0.1517, -7.2974 0.1142 0.1517, -7.2956 0.1142 0.1531, -7.3025 0.0911 0.1403, -7.3025 0.0693 0.1326, -7.3025 0.0496 0.1203, -7.3025 0.0332 0.1039, -7.3025 0.0209 0.0843, -7.3025 0.0132 0.0624, -7.3025 0.0107 0.0394, -7.3005 0.0901 0.1449, -7.3005 0.0672 0.1369, -7.3005 0.0467 0.124, -7.3005 0.0295 0.1069, -7.3005 0.0166 0.0863, -7.3005 0.0086 0.0635, -7.3005 0.0059 0.0394, -7.2974 0.0892 0.1489, -7.2974 0.0654 0.1406, -7.2974 0.0441 0.1272, -7.2974 0.0263 0.1094, -7.2974 0.013 0.0881, -7.2974 0.0046 0.0644, -7.2974 0.0018 0.0394, -7.2933 0.0885 0.1519, -7.2933 0.0641 0.1434, -7.2933 0.0422 0.1297, -7.2933 0.0239 0.1114, -7.2933 0.0101 0.0895, -7.2933 0.0016 0.0651, -7.2933 -0.0013 0.0394, -7.2886 0.088 0.1539, -7.2886 0.0632 0.1452, -7.2886 0.041 0.1312, -7.2886 0.0224 0.1126, -7.2886 0.0084 0.0903, -7.2886 -0.0003 0.0655, -7.2886 -0.0033 0.0394, -7.3025 0.0107 -0.583, -7.3005 0.0059 -0.583, -7.2974 0.0018 -0.583, -7.2933 -0.0013 -0.583, -7.2886 -0.0033 -0.583, -7.3025 0.0142 -0.6098, -7.3005 0.0096 -0.611, -7.2974 0.0057 -0.612, -7.2933 0.0026 -0.6129, -7.2886 0.0007 -0.6134, -7.3025 0.0245 -0.6347, -7.3005 0.0204 -0.6371, -7.2974 0.0169 -0.6391, -7.2933 0.0142 -0.6407, -7.2886 0.0125 -0.6417, -7.3025 0.041 -0.6562, -7.3005 0.0376 -0.6595, -7.2974 0.0347 -0.6624, -7.2933 0.0325 -0.6646, -7.2886 0.0311 -0.666, -7.3025 0.0899 -0.7051, -7.3005 0.0865 -0.7084, -7.2974 0.0837 -0.7113, -7.2933 0.0814 -0.7135, -7.2886 0.0801 -0.7149, -7.2886 0.1148 -0.7989, -7.2886 0.1108 -0.7682, -7.2933 0.1168 -0.7989, -7.2933 0.1127 -0.7677, -7.2974 0.1199 -0.7989, -7.2974 0.1157 -0.7669, -7.3005 0.124 -0.7989, -7.3005 0.1197 -0.7658, -7.3025 0.1288 -0.7989, -7.3025 0.1242 -0.7646, -7.2886 0.0989 -0.7395, -7.2933 0.1006 -0.7385, -7.2974 0.1033 -0.737, -7.3005 0.1069 -0.7349, -7.3025 0.111 -0.7326, -7.3025 0.1288 -1.4213, -7.3005 0.124 -1.4213, -7.2974 0.1199 -1.4213, -7.2933 0.1168 -1.4213, -7.2886 0.1148 -1.4213, -7.2886 0.1178 -1.4474, -7.2933 0.1197 -1.447, -7.2974 0.1228 -1.4463, -7.3005 0.1267 -1.4454, -7.3025 0.1314 -1.4443, -7.3025 0.139 -1.4662, -7.3025 0.1513 -1.4858, -7.3025 0.1677 -1.5022, -7.3025 0.1874 -1.5145, -7.3025 0.2092 -1.5222, -7.3025 0.2323 -1.5248, -7.3005 0.1347 -1.4682, -7.3005 0.1476 -1.4888, -7.3005 0.1648 -1.5059, -7.3005 0.1853 -1.5188, -7.3005 0.2082 -1.5268, -7.3005 0.2323 -1.5295, -7.2974 0.1311 -1.47, -7.2974 0.1444 -1.4913, -7.2974 0.1622 -1.5091, -7.2974 0.1835 -1.5225, -7.2974 0.2073 -1.5308, -7.2974 0.2323 -1.5336, -7.2933 0.1282 -1.4714, -7.2933 0.142 -1.4933, -7.2933 0.1603 -1.5115, -7.2933 0.1822 -1.5253, -7.2933 0.2066 -1.5338, -7.2933 0.2323 -1.5367, -7.2886 0.1265 -1.4722, -7.2886 0.1405 -1.4945, -7.2886 0.1591 -1.5131, -7.2886 0.1813 -1.5271, -7.2886 0.2062 -1.5358, -7.2886 0.2323 -1.5387, -7.3025 1.0515 -1.5248, -7.3005 1.0515 -1.5295, -7.2974 1.0515 -1.5336, -7.2933 1.0515 -1.5367, -7.2886 1.0515 -1.5387, -7.2878 1.1354 -1.5736, -7.2886 1.1109 -1.5546, -7.2886 1.1355 -1.5735, -7.292 1.1365 -1.5725, -7.2933 1.1118 -1.5529, -7.2933 1.1369 -1.5721, -7.2956 1.1381 -1.5708, -7.2974 1.1134 -1.5502, -7.2974 1.1391 -1.5699, -7.2987 1.1403 -1.5687, -7.3005 1.1154 -1.5467, -7.3005 1.1419 -1.567, -7.3011 1.1429 -1.566, -7.3025 1.1178 -1.5426, -7.3025 1.1453 -1.5636, -7.3026 1.1458 -1.5631, -7.2886 1.0822 -1.5427, -7.2933 1.0827 -1.5408, -7.2974 1.0835 -1.5378, -7.3005 1.0846 -1.5339, -7.3025 1.0858 -1.5293, -7.3026 1.1947 -1.6121, -7.3025 1.1942 -1.6126, -7.3011 1.1918 -1.615, -7.3005 1.1909 -1.6159, -7.2987 1.1892 -1.6176, -7.2974 1.188 -1.6188, -7.2956 1.187 -1.6198, -7.2933 1.1858 -1.621, -7.292 1.1854 -1.6214, -7.2886 1.1844 -1.6224, -7.2878 1.1843 -1.6225, -7.3025 1.2157 -1.629, -7.3005 1.2133 -1.6331, -7.2974 1.2113 -1.6367, -7.2933 1.2097 -1.6394, -7.2886 1.2087 -1.6411, -7.3025 1.2406 -1.6394, -7.3005 1.2394 -1.6439, -7.2974 1.2383 -1.6479, -7.2933 1.2375 -1.6509, -7.2886 1.237 -1.6528, -7.3025 1.2674 -1.6429, -7.3005 1.2674 -1.6476, -7.2974 1.2674 -1.6517, -7.2933 1.2674 -1.6548, -7.2886 1.2674 -1.6568, -7.3025 2.0866 -1.6429, -7.3005 2.0866 -1.6476, -7.2974 2.0866 -1.6517, -7.2933 2.0866 -1.6548, -7.2886 2.0866 -1.6568, -7.2886 2.1127 -1.6539, -7.2933 2.1123 -1.6519, -7.2974 2.1116 -1.6489, -7.3005 2.1107 -1.6449, -7.3025 2.1096 -1.6403, -7.3025 2.1315 -1.6326, -7.3025 2.1512 -1.6203, -7.3025 2.1675 -1.6039, -7.3025 2.1799 -1.5843, -7.3025 2.1875 -1.5624, -7.3025 2.1901 -1.5394, -7.3005 2.1336 -1.6369, -7.3005 2.1541 -1.624, -7.3005 2.1713 -1.6069, -7.3005 2.1842 -1.5863, -7.3005 2.1922 -1.5635, -7.3005 2.1949 -1.5394, -7.2974 2.1354 -1.6406, -7.2974 2.1567 -1.6272, -7.2974 2.1744 -1.6094, -7.2974 2.1878 -1.5881, -7.2974 2.1961 -1.5644, -7.2974 2.199 -1.5394, -7.2933 2.1367 -1.6434, -7.2933 2.1586 -1.6297, -7.2933 2.1769 -1.6114, -7.2933 2.1907 -1.5895, -7.2933 2.1992 -1.5651, -7.2933 2.2021 -1.5394, -7.2886 2.1376 -1.6452, -7.2886 2.1598 -1.6312, -7.2886 2.1784 -1.6126, -7.2886 2.1924 -1.5903, -7.2886 2.2011 -1.5655, -7.2886 2.2041 -1.5394, -7.3027 2.1894 0.0394, -7.3024 2.1901 0.0394, -7.3012 2.1936 0.0394, -7.3004 2.1948 0.0394, -7.2989 2.1973 0.0394, -7.2973 2.1989 0.0394, -7.2957 2.2004 0.0394, -7.2932 2.202 0.0394, -7.292 2.2028 0.0394, -7.2885 2.204 0.0394, -7.2878 2.2042 0.0394, -7.2878 2.1732 0.1189, -7.2878 2.1901 0.0953, -7.2878 2.1511 0.1377, -7.2878 2.1303 0.1484, -7.2892 2.1317 0.1476, -7.2914 2.1339 0.1458, -7.292 2.1503 0.1365, -7.2957 2.149 0.1346, -7.2957 2.1382 0.1407, -7.2989 2.1473 0.132, -7.2978 2.1403 0.1375, -7.2964 2.1389 0.1399, -7.3023 2.1448 0.1259, -7.3018 2.1443 0.1275, -7.3012 2.1452 0.1288, -7.3012 2.1437 0.1298, -7.301 2.1435 0.1304, -7.3012 2.1654 0.1117, -7.3027 2.1623 0.1089, -7.3025 2.1451 0.1239, -7.3031 2.1456 0.1198, -7.3027 2.1863 0.0646, -7.3012 2.1903 0.0656, -7.2989 2.1939 0.0665, -7.2957 2.197 0.0673, -7.292 2.1992 0.0678, -7.2878 2.2006 0.0682, -7.292 2.1888 0.0946, -7.2957 2.1867 0.0935, -7.2989 2.184 0.092, -7.3012 2.1807 0.0902, -7.3027 2.1771 0.0882, -7.292 2.1722 0.118, -7.2957 2.1704 0.1164, -7.2989 2.1681 0.1143, -7.2989 2.1681 0.1143
            ]
        }
        coordIndex [
            0,1,2,-1,2,1,3,-1,0,4,1,-1,1,4,5,-1,1,5,6,-1,6,5,7,-1,8,9,10,-1,11,12,3,-1,3,12,13,-1,3,13,2,-1,2,13,14,-1,15,16,14,-1,14,16,17,-1,14,17,2,-1,8,10,3,-1,3,10,18,-1,3,18,11,-1,19,20,7,-1,7,20,21,-1,7,21,6,-1,19,22,20,-1,20,22,23,-1,20,23,24,-1,25,26,27,-1,25,27,28,-1,28,27,29,-1,28,29,30,-1,30,29,31,-1,30,31,32,-1,33,34,31,-1,31,34,32,-1,34,33,35,-1,34,35,36,-1,36,35,37,-1,36,37,38,-1,38,37,39,-1,38,39,40,-1,40,39,41,-1,40,41,42,-1,42,41,43,-1,42,43,44,-1,44,43,45,-1,44,45,46,-1,46,45,47,-1,46,47,48,-1,49,50,47,-1,47,50,48,-1,51,52,53,-1,54,55,56,-1,55,54,53,-1,53,54,57,-1,53,57,58,-1,59,60,61,-1,61,60,62,-1,61,62,63,-1,64,65,66,-1,66,65,67,-1,64,66,68,-1,68,66,69,-1,68,69,70,-1,70,69,71,-1,70,71,72,-1,72,71,73,-1,72,73,74,-1,74,73,75,-1,74,75,76,-1,76,75,77,-1,76,77,78,-1,78,77,79,-1,78,79,80,-1,80,79,81,-1,80,81,82,-1,82,81,83,-1,82,83,58,-1,58,83,60,-1,58,60,53,-1,53,60,59,-1,53,59,51,-1,84,85,65,-1,65,85,67,-1,85,84,86,-1,85,86,87,-1,87,86,88,-1,87,88,89,-1,89,88,90,-1,89,90,91,-1,91,90,92,-1,91,92,93,-1,93,92,94,-1,93,94,95,-1,95,94,96,-1,95,96,97,-1,97,96,98,-1,97,98,99,-1,99,98,100,-1,100,98,101,-1,100,101,102,-1,100,102,103,-1,103,102,104,-1,103,104,105,-1,105,104,106,-1,105,106,107,-1,108,109,110,-1,110,109,107,-1,110,107,106,-1,108,110,111,-1,111,110,112,-1,111,112,113,-1,114,115,112,-1,112,115,116,-1,112,116,117,-1,117,118,112,-1,112,118,119,-1,112,119,120,-1,120,121,112,-1,112,121,122,-1,112,122,113,-1,108,123,109,-1,109,123,124,-1,123,125,124,-1,124,125,126,-1,124,126,127,-1,128,129,130,-1,130,129,127,-1,130,127,131,-1,131,127,126,-1,132,133,128,-1,128,133,129,-1,133,132,134,-1,133,134,135,-1,135,134,136,-1,135,136,137,-1,137,136,138,-1,137,138,139,-1,139,138,140,-1,139,140,141,-1,141,140,142,-1,141,142,143,-1,143,142,144,-1,143,144,145,-1,145,144,146,-1,145,146,147,-1,148,149,146,-1,146,149,147,-1,149,148,150,-1,150,148,151,-1,150,151,152,-1,152,151,153,-1,152,153,154,-1,154,153,155,-1,154,155,25,-1,25,155,26,-1,156,157,158,-1,159,160,161,-1,162,163,161,-1,164,165,156,-1,156,165,166,-1,156,166,157,-1,160,167,161,-1,161,167,168,-1,161,168,164,-1,161,169,162,-1,162,169,170,-1,162,170,171,-1,171,170,172,-1,158,173,156,-1,156,173,174,-1,156,174,175,-1,176,177,178,-1,178,177,179,-1,178,179,180,-1,180,179,181,-1,182,183,161,-1,161,183,184,-1,161,184,159,-1,175,185,156,-1,156,185,186,-1,156,186,178,-1,178,186,187,-1,178,187,176,-1,188,189,190,-1,190,189,191,-1,163,192,193,-1,193,192,191,-1,193,191,194,-1,194,191,189,-1,163,193,161,-1,161,193,195,-1,161,195,182,-1,168,196,164,-1,164,196,197,-1,164,197,198,-1,198,199,164,-1,164,199,200,-1,164,200,201,-1,201,202,164,-1,164,202,203,-1,164,203,165,-1,204,205,206,-1,207,208,204,-1,209,210,204,-1,204,210,211,-1,204,211,212,-1,212,211,213,-1,208,214,204,-1,204,214,215,-1,204,215,209,-1,216,217,213,-1,213,217,218,-1,213,218,212,-1,219,220,206,-1,206,220,221,-1,206,221,204,-1,204,221,222,-1,204,222,207,-1,110,106,223,-1,110,223,224,-1,224,223,225,-1,224,225,226,-1,225,227,226,-1,226,227,228,-1,226,228,229,-1,228,230,229,-1,229,230,231,-1,229,231,232,-1,232,231,233,-1,232,233,234,-1,233,235,234,-1,234,235,236,-1,234,236,237,-1,237,236,238,-1,238,239,237,-1,237,239,206,-1,237,206,205,-1,106,104,223,-1,223,104,240,-1,223,240,225,-1,225,240,227,-1,227,240,241,-1,227,241,228,-1,228,241,230,-1,230,241,242,-1,230,242,231,-1,231,242,233,-1,233,242,243,-1,233,243,235,-1,235,243,236,-1,236,243,244,-1,236,244,238,-1,238,244,239,-1,239,244,219,-1,239,219,206,-1,104,102,240,-1,240,102,245,-1,240,245,241,-1,241,245,246,-1,241,246,242,-1,242,246,247,-1,242,247,243,-1,243,247,248,-1,243,248,244,-1,244,248,249,-1,244,249,219,-1,219,249,220,-1,102,101,245,-1,245,101,250,-1,245,250,246,-1,246,250,251,-1,246,251,247,-1,247,251,252,-1,247,252,248,-1,248,252,253,-1,248,253,249,-1,249,253,254,-1,249,254,220,-1,220,254,221,-1,222,221,254,-1,222,254,255,-1,255,254,253,-1,255,253,256,-1,256,253,252,-1,256,252,257,-1,257,252,251,-1,257,251,258,-1,258,251,250,-1,258,250,259,-1,259,250,101,-1,259,101,98,-1,222,255,260,-1,255,256,261,-1,256,257,262,-1,257,258,263,-1,258,259,264,-1,259,98,96,-1,259,96,264,-1,264,96,94,-1,264,94,265,-1,265,94,92,-1,265,92,266,-1,266,92,90,-1,266,90,267,-1,267,90,88,-1,267,88,268,-1,268,88,86,-1,268,86,269,-1,269,86,84,-1,269,84,270,-1,258,264,263,-1,263,264,265,-1,263,265,271,-1,271,265,266,-1,271,266,272,-1,272,266,267,-1,272,267,273,-1,273,267,268,-1,273,268,274,-1,274,268,269,-1,274,269,275,-1,275,269,270,-1,275,270,276,-1,257,263,262,-1,262,263,271,-1,262,271,277,-1,277,271,272,-1,277,272,278,-1,278,272,273,-1,278,273,279,-1,279,273,274,-1,279,274,280,-1,280,274,275,-1,280,275,281,-1,281,275,276,-1,281,276,282,-1,256,262,261,-1,261,262,277,-1,261,277,283,-1,283,277,278,-1,283,278,284,-1,284,278,279,-1,284,279,285,-1,285,279,280,-1,285,280,286,-1,286,280,281,-1,286,281,287,-1,287,281,282,-1,287,282,288,-1,255,261,260,-1,260,261,283,-1,260,283,289,-1,289,283,284,-1,289,284,290,-1,290,284,285,-1,290,285,291,-1,291,285,286,-1,291,286,292,-1,292,286,287,-1,292,287,293,-1,293,287,288,-1,293,288,294,-1,222,260,207,-1,207,260,289,-1,207,289,208,-1,208,289,290,-1,208,290,214,-1,214,290,291,-1,214,291,215,-1,215,291,292,-1,215,292,209,-1,209,292,293,-1,209,293,210,-1,210,293,294,-1,210,294,211,-1,213,211,294,-1,213,294,295,-1,295,294,288,-1,295,288,296,-1,296,288,282,-1,296,282,297,-1,297,282,276,-1,297,276,298,-1,298,276,270,-1,298,270,299,-1,299,270,84,-1,299,84,65,-1,300,301,302,-1,212,218,303,-1,303,218,304,-1,303,304,305,-1,305,304,306,-1,307,308,309,-1,309,308,310,-1,309,310,302,-1,302,310,311,-1,302,311,300,-1,312,313,314,-1,314,313,315,-1,314,315,307,-1,307,315,316,-1,307,316,308,-1,82,58,317,-1,68,70,318,-1,72,74,319,-1,317,320,82,-1,82,320,312,-1,82,312,80,-1,80,312,314,-1,80,314,78,-1,78,314,76,-1,74,76,319,-1,319,76,314,-1,319,314,321,-1,321,314,307,-1,321,307,322,-1,322,307,309,-1,322,309,306,-1,306,309,302,-1,306,302,305,-1,305,302,301,-1,65,64,299,-1,299,64,323,-1,299,323,298,-1,298,323,324,-1,298,324,297,-1,297,324,325,-1,297,325,296,-1,296,325,326,-1,296,326,295,-1,295,326,327,-1,295,327,213,-1,213,327,216,-1,64,68,323,-1,323,68,318,-1,323,318,324,-1,324,318,328,-1,324,328,325,-1,325,328,329,-1,325,329,326,-1,326,329,330,-1,326,330,327,-1,327,330,331,-1,327,331,216,-1,216,331,217,-1,70,72,318,-1,318,72,319,-1,318,319,328,-1,328,319,321,-1,328,321,329,-1,329,321,322,-1,329,322,330,-1,330,322,306,-1,330,306,331,-1,331,306,304,-1,331,304,217,-1,217,304,218,-1,332,333,334,-1,334,333,335,-1,336,3,1,-1,1,337,336,-1,336,337,338,-1,336,338,332,-1,332,338,339,-1,332,339,333,-1,49,47,340,-1,340,47,341,-1,342,343,341,-1,341,343,344,-1,341,344,340,-1,335,345,334,-1,334,345,346,-1,334,346,342,-1,342,346,347,-1,342,347,343,-1,3,336,348,-1,336,332,349,-1,332,334,350,-1,334,342,351,-1,342,341,352,-1,341,47,45,-1,341,45,352,-1,352,45,43,-1,352,43,353,-1,353,43,41,-1,353,41,354,-1,354,41,39,-1,354,39,355,-1,355,39,37,-1,355,37,356,-1,356,37,35,-1,356,35,357,-1,357,35,33,-1,357,33,358,-1,342,352,351,-1,351,352,353,-1,351,353,359,-1,359,353,354,-1,359,354,360,-1,360,354,355,-1,360,355,361,-1,361,355,356,-1,361,356,362,-1,362,356,357,-1,362,357,363,-1,363,357,358,-1,363,358,364,-1,334,351,350,-1,350,351,359,-1,350,359,365,-1,365,359,360,-1,365,360,366,-1,366,360,361,-1,366,361,367,-1,367,361,362,-1,367,362,368,-1,368,362,363,-1,368,363,369,-1,369,363,364,-1,369,364,370,-1,332,350,349,-1,349,350,365,-1,349,365,371,-1,371,365,366,-1,371,366,372,-1,372,366,367,-1,372,367,373,-1,373,367,368,-1,373,368,374,-1,374,368,369,-1,374,369,375,-1,375,369,370,-1,375,370,376,-1,336,349,348,-1,348,349,371,-1,348,371,377,-1,377,371,372,-1,377,372,378,-1,378,372,373,-1,378,373,379,-1,379,373,374,-1,379,374,380,-1,380,374,375,-1,380,375,381,-1,381,375,376,-1,381,376,382,-1,3,348,8,-1,8,348,377,-1,8,377,9,-1,9,377,378,-1,9,378,10,-1,10,378,379,-1,10,379,18,-1,18,379,380,-1,18,380,11,-1,11,380,381,-1,11,381,12,-1,12,381,382,-1,12,382,13,-1,14,13,382,-1,14,382,383,-1,383,382,376,-1,383,376,384,-1,384,376,370,-1,384,370,385,-1,385,370,364,-1,385,364,386,-1,386,364,358,-1,386,358,387,-1,387,358,33,-1,387,33,31,-1,31,29,387,-1,387,29,388,-1,387,388,386,-1,386,388,389,-1,386,389,385,-1,385,389,390,-1,385,390,384,-1,384,390,391,-1,384,391,383,-1,383,391,392,-1,383,392,14,-1,14,392,15,-1,29,27,388,-1,388,27,393,-1,388,393,389,-1,389,393,394,-1,389,394,390,-1,390,394,395,-1,390,395,391,-1,391,395,396,-1,391,396,392,-1,392,396,397,-1,392,397,15,-1,15,397,16,-1,27,26,393,-1,393,26,398,-1,393,398,394,-1,394,398,399,-1,394,399,395,-1,395,399,400,-1,395,400,396,-1,396,400,401,-1,396,401,397,-1,397,401,402,-1,397,402,16,-1,16,402,17,-1,2,17,402,-1,2,402,403,-1,403,402,401,-1,403,401,404,-1,404,401,400,-1,404,400,405,-1,405,400,399,-1,405,399,406,-1,406,399,398,-1,406,398,407,-1,407,398,26,-1,407,26,155,-1,5,4,408,-1,408,4,409,-1,408,409,410,-1,410,409,411,-1,410,411,412,-1,412,411,413,-1,412,413,414,-1,414,413,415,-1,414,415,416,-1,416,415,417,-1,416,417,148,-1,148,417,151,-1,4,0,409,-1,409,0,418,-1,409,418,411,-1,411,418,419,-1,411,419,413,-1,413,419,420,-1,413,420,415,-1,415,420,421,-1,415,421,417,-1,417,421,422,-1,417,422,151,-1,151,422,153,-1,0,2,418,-1,418,2,403,-1,418,403,419,-1,419,403,404,-1,419,404,420,-1,420,404,405,-1,420,405,421,-1,421,405,406,-1,421,406,422,-1,422,406,407,-1,422,407,153,-1,153,407,155,-1,7,5,408,-1,7,408,423,-1,423,408,410,-1,423,410,424,-1,424,410,412,-1,424,412,425,-1,425,412,414,-1,425,414,426,-1,426,414,416,-1,426,416,427,-1,427,416,148,-1,427,148,146,-1,134,132,428,-1,428,132,429,-1,428,429,430,-1,430,429,431,-1,430,431,432,-1,432,431,433,-1,432,433,434,-1,434,433,435,-1,434,435,436,-1,436,435,437,-1,146,144,427,-1,427,144,438,-1,427,438,426,-1,426,438,439,-1,426,439,425,-1,425,439,440,-1,425,440,424,-1,424,440,441,-1,424,441,423,-1,423,441,442,-1,423,442,7,-1,7,442,19,-1,144,142,438,-1,438,142,443,-1,438,443,439,-1,439,443,444,-1,439,444,440,-1,440,444,445,-1,440,445,441,-1,441,445,446,-1,441,446,442,-1,442,446,447,-1,442,447,19,-1,19,447,22,-1,142,140,443,-1,443,140,448,-1,443,448,444,-1,444,448,449,-1,444,449,445,-1,445,449,450,-1,445,450,446,-1,446,450,451,-1,446,451,447,-1,447,451,452,-1,447,452,22,-1,22,452,23,-1,140,138,448,-1,448,138,453,-1,448,453,449,-1,449,453,454,-1,449,454,450,-1,450,454,455,-1,450,455,451,-1,451,455,456,-1,451,456,452,-1,452,456,457,-1,452,457,23,-1,23,457,24,-1,138,136,453,-1,453,136,458,-1,453,458,454,-1,454,458,459,-1,454,459,455,-1,455,459,460,-1,455,460,456,-1,456,460,461,-1,456,461,457,-1,457,461,462,-1,457,462,24,-1,24,462,20,-1,136,134,458,-1,458,134,428,-1,458,428,459,-1,459,428,430,-1,459,430,460,-1,460,430,432,-1,460,432,461,-1,461,432,434,-1,461,434,462,-1,462,434,436,-1,462,436,20,-1,20,436,21,-1,437,463,436,-1,436,463,6,-1,436,6,21,-1,464,465,463,-1,464,463,466,-1,466,463,437,-1,466,437,467,-1,467,437,468,-1,468,437,435,-1,468,435,469,-1,469,435,470,-1,470,435,433,-1,470,433,471,-1,471,433,431,-1,471,431,472,-1,472,431,473,-1,473,431,429,-1,473,429,474,-1,474,429,475,-1,475,429,132,-1,475,132,128,-1,118,117,476,-1,477,116,478,-1,478,116,115,-1,118,476,119,-1,119,476,479,-1,119,479,120,-1,120,479,480,-1,120,480,121,-1,123,108,111,-1,111,113,123,-1,123,113,481,-1,123,481,125,-1,482,465,483,-1,483,465,464,-1,483,464,466,-1,484,482,115,-1,115,482,483,-1,115,483,478,-1,478,483,466,-1,466,467,478,-1,478,467,468,-1,478,468,477,-1,468,469,477,-1,477,469,470,-1,477,470,485,-1,117,116,476,-1,476,116,477,-1,476,477,479,-1,479,477,485,-1,479,485,480,-1,480,485,486,-1,113,122,481,-1,481,122,121,-1,481,121,487,-1,470,471,485,-1,485,471,472,-1,485,472,486,-1,486,472,473,-1,486,473,474,-1,121,480,487,-1,487,480,486,-1,487,486,488,-1,488,486,474,-1,488,474,475,-1,125,481,126,-1,126,481,487,-1,126,487,131,-1,131,487,488,-1,131,488,130,-1,130,488,475,-1,130,475,128,-1,489,48,50,-1,490,491,492,-1,492,491,493,-1,492,493,494,-1,494,493,495,-1,494,495,496,-1,496,495,489,-1,496,489,497,-1,497,489,50,-1,156,178,498,-1,498,178,499,-1,498,499,500,-1,500,499,501,-1,500,501,502,-1,502,501,503,-1,502,503,504,-1,504,503,505,-1,504,505,506,-1,506,505,507,-1,506,507,508,-1,508,507,509,-1,508,509,490,-1,490,509,510,-1,490,510,491,-1,499,178,180,-1,503,501,511,-1,511,501,499,-1,499,180,511,-1,511,180,181,-1,511,181,512,-1,512,181,179,-1,512,179,513,-1,513,179,177,-1,513,177,514,-1,514,177,176,-1,514,176,515,-1,515,176,187,-1,515,187,516,-1,516,187,186,-1,516,186,517,-1,507,505,518,-1,518,505,503,-1,503,511,518,-1,518,511,512,-1,518,512,519,-1,519,512,513,-1,519,513,520,-1,520,513,514,-1,520,514,521,-1,521,514,515,-1,521,515,522,-1,522,515,516,-1,522,516,523,-1,523,516,517,-1,523,517,524,-1,510,509,525,-1,525,509,507,-1,507,518,525,-1,525,518,519,-1,525,519,526,-1,526,519,520,-1,526,520,527,-1,527,520,521,-1,527,521,528,-1,528,521,522,-1,528,522,529,-1,529,522,523,-1,529,523,530,-1,530,523,524,-1,530,524,531,-1,493,491,532,-1,532,491,510,-1,510,525,532,-1,532,525,526,-1,532,526,533,-1,533,526,527,-1,533,527,534,-1,534,527,528,-1,534,528,535,-1,535,528,529,-1,535,529,536,-1,536,529,530,-1,536,530,537,-1,537,530,531,-1,537,531,538,-1,489,495,539,-1,539,495,493,-1,493,532,539,-1,539,532,533,-1,539,533,540,-1,540,533,534,-1,540,534,541,-1,541,534,535,-1,541,535,542,-1,542,535,536,-1,542,536,543,-1,543,536,537,-1,543,537,544,-1,544,537,538,-1,544,538,545,-1,46,48,489,-1,489,539,46,-1,46,539,540,-1,46,540,44,-1,44,540,541,-1,44,541,42,-1,42,541,542,-1,42,542,40,-1,40,542,543,-1,40,543,38,-1,38,543,544,-1,38,544,36,-1,36,544,545,-1,36,545,34,-1,186,185,546,-1,186,546,517,-1,517,546,547,-1,517,547,524,-1,524,547,548,-1,524,548,531,-1,531,548,549,-1,531,549,538,-1,538,549,550,-1,538,550,545,-1,545,550,32,-1,545,32,34,-1,185,175,546,-1,546,175,551,-1,546,551,547,-1,547,551,552,-1,547,552,548,-1,548,552,553,-1,548,553,549,-1,549,553,554,-1,549,554,550,-1,550,554,555,-1,550,555,32,-1,32,555,30,-1,175,174,551,-1,551,174,556,-1,551,556,552,-1,552,556,557,-1,552,557,553,-1,553,557,558,-1,553,558,554,-1,554,558,559,-1,554,559,555,-1,555,559,560,-1,555,560,30,-1,30,560,28,-1,174,173,556,-1,556,173,561,-1,556,561,557,-1,557,561,562,-1,557,562,558,-1,558,562,563,-1,558,563,559,-1,559,563,564,-1,559,564,560,-1,560,564,565,-1,560,565,28,-1,28,565,25,-1,173,158,566,-1,173,566,561,-1,561,566,567,-1,561,567,562,-1,562,567,568,-1,562,568,563,-1,563,568,569,-1,563,569,564,-1,564,569,570,-1,564,570,565,-1,565,570,154,-1,565,154,25,-1,149,150,571,-1,571,150,572,-1,571,572,573,-1,573,572,574,-1,573,574,575,-1,575,574,576,-1,575,576,577,-1,577,576,578,-1,577,578,579,-1,579,578,580,-1,579,580,165,-1,165,580,166,-1,150,152,572,-1,572,152,581,-1,572,581,574,-1,574,581,582,-1,574,582,576,-1,576,582,583,-1,576,583,578,-1,578,583,584,-1,578,584,580,-1,580,584,585,-1,580,585,166,-1,166,585,157,-1,152,154,581,-1,581,154,570,-1,581,570,582,-1,582,570,569,-1,582,569,583,-1,583,569,568,-1,583,568,584,-1,584,568,567,-1,584,567,585,-1,585,567,566,-1,585,566,157,-1,157,566,158,-1,165,203,586,-1,165,586,579,-1,579,586,587,-1,579,587,577,-1,577,587,588,-1,577,588,575,-1,575,588,589,-1,575,589,573,-1,573,589,590,-1,573,590,571,-1,571,590,147,-1,571,147,149,-1,147,590,591,-1,590,589,592,-1,589,588,593,-1,588,587,594,-1,587,586,595,-1,586,203,202,-1,586,202,595,-1,595,202,201,-1,595,201,596,-1,596,201,200,-1,596,200,597,-1,597,200,199,-1,597,199,598,-1,598,199,198,-1,598,198,599,-1,599,198,197,-1,599,197,600,-1,600,197,196,-1,600,196,601,-1,587,595,594,-1,594,595,596,-1,594,596,602,-1,602,596,597,-1,602,597,603,-1,603,597,598,-1,603,598,604,-1,604,598,599,-1,604,599,605,-1,605,599,600,-1,605,600,606,-1,606,600,601,-1,606,601,607,-1,588,594,593,-1,593,594,602,-1,593,602,608,-1,608,602,603,-1,608,603,609,-1,609,603,604,-1,609,604,610,-1,610,604,605,-1,610,605,611,-1,611,605,606,-1,611,606,612,-1,612,606,607,-1,612,607,613,-1,589,593,592,-1,592,593,608,-1,592,608,614,-1,614,608,609,-1,614,609,615,-1,615,609,610,-1,615,610,616,-1,616,610,611,-1,616,611,617,-1,617,611,612,-1,617,612,618,-1,618,612,613,-1,618,613,619,-1,590,592,591,-1,591,592,614,-1,591,614,620,-1,620,614,615,-1,620,615,621,-1,621,615,616,-1,621,616,622,-1,622,616,617,-1,622,617,623,-1,623,617,618,-1,623,618,624,-1,624,618,619,-1,624,619,625,-1,147,591,145,-1,145,591,620,-1,145,620,143,-1,143,620,621,-1,143,621,141,-1,141,621,622,-1,141,622,139,-1,139,622,623,-1,139,623,137,-1,137,623,624,-1,137,624,135,-1,135,624,625,-1,135,625,133,-1,196,168,626,-1,196,626,601,-1,601,626,627,-1,601,627,607,-1,607,627,628,-1,607,628,613,-1,613,628,629,-1,613,629,619,-1,619,629,630,-1,619,630,625,-1,625,630,129,-1,625,129,133,-1,109,124,631,-1,631,124,632,-1,631,632,633,-1,633,632,634,-1,634,632,635,-1,634,635,636,-1,636,635,637,-1,637,635,638,-1,637,638,639,-1,639,638,640,-1,640,638,641,-1,640,641,642,-1,642,641,643,-1,643,641,644,-1,643,644,645,-1,645,644,646,-1,646,644,160,-1,646,160,159,-1,124,127,632,-1,632,127,647,-1,632,647,635,-1,635,647,648,-1,635,648,638,-1,638,648,649,-1,638,649,641,-1,641,649,650,-1,641,650,644,-1,644,650,651,-1,644,651,160,-1,160,651,167,-1,127,129,647,-1,647,129,630,-1,647,630,648,-1,648,630,629,-1,648,629,649,-1,649,629,628,-1,649,628,650,-1,650,628,627,-1,650,627,651,-1,651,627,626,-1,651,626,167,-1,167,626,168,-1,184,652,159,-1,159,652,646,-1,646,652,645,-1,645,652,653,-1,645,653,643,-1,643,653,654,-1,643,654,642,-1,642,654,655,-1,642,655,640,-1,640,655,656,-1,640,656,639,-1,639,656,657,-1,639,657,637,-1,637,657,658,-1,637,658,636,-1,636,658,659,-1,636,659,634,-1,634,659,660,-1,634,660,633,-1,633,660,661,-1,633,661,631,-1,661,662,631,-1,631,662,107,-1,631,107,109,-1,184,183,652,-1,652,183,663,-1,652,663,653,-1,653,663,654,-1,654,663,664,-1,654,664,655,-1,655,664,656,-1,656,664,665,-1,656,665,657,-1,657,665,658,-1,658,665,666,-1,658,666,659,-1,659,666,660,-1,660,666,667,-1,660,667,661,-1,661,667,662,-1,662,667,105,-1,662,105,107,-1,183,182,663,-1,663,182,668,-1,663,668,664,-1,664,668,669,-1,664,669,665,-1,665,669,670,-1,665,670,666,-1,666,670,671,-1,666,671,667,-1,667,671,672,-1,667,672,105,-1,105,672,103,-1,182,195,668,-1,668,195,673,-1,668,673,669,-1,669,673,674,-1,669,674,670,-1,670,674,675,-1,670,675,671,-1,671,675,676,-1,671,676,672,-1,672,676,677,-1,672,677,103,-1,103,677,100,-1,195,193,678,-1,195,678,673,-1,673,678,679,-1,673,679,674,-1,674,679,680,-1,674,680,675,-1,675,680,681,-1,675,681,676,-1,676,681,682,-1,676,682,677,-1,677,682,99,-1,677,99,100,-1,99,682,683,-1,682,681,684,-1,681,680,685,-1,680,679,686,-1,679,678,687,-1,678,193,194,-1,678,194,687,-1,687,194,189,-1,687,189,688,-1,688,189,188,-1,688,188,689,-1,689,188,190,-1,689,190,690,-1,690,190,191,-1,690,191,691,-1,691,191,192,-1,691,192,692,-1,692,192,163,-1,692,163,693,-1,679,687,686,-1,686,687,688,-1,686,688,694,-1,694,688,689,-1,694,689,695,-1,695,689,690,-1,695,690,696,-1,696,690,691,-1,696,691,697,-1,697,691,692,-1,697,692,698,-1,698,692,693,-1,698,693,699,-1,680,686,685,-1,685,686,694,-1,685,694,700,-1,700,694,695,-1,700,695,701,-1,701,695,696,-1,701,696,702,-1,702,696,697,-1,702,697,703,-1,703,697,698,-1,703,698,704,-1,704,698,699,-1,704,699,705,-1,681,685,684,-1,684,685,700,-1,684,700,706,-1,706,700,701,-1,706,701,707,-1,707,701,702,-1,707,702,708,-1,708,702,703,-1,708,703,709,-1,709,703,704,-1,709,704,710,-1,710,704,705,-1,710,705,711,-1,682,684,683,-1,683,684,706,-1,683,706,712,-1,712,706,707,-1,712,707,713,-1,713,707,708,-1,713,708,714,-1,714,708,709,-1,714,709,715,-1,715,709,710,-1,715,710,716,-1,716,710,711,-1,716,711,717,-1,99,683,97,-1,97,683,712,-1,97,712,95,-1,95,712,713,-1,95,713,93,-1,93,713,714,-1,93,714,91,-1,91,714,715,-1,91,715,89,-1,89,715,716,-1,89,716,87,-1,87,716,717,-1,87,717,85,-1,162,718,163,-1,163,718,693,-1,718,719,693,-1,693,719,720,-1,693,720,699,-1,720,721,699,-1,699,721,722,-1,699,722,705,-1,705,722,723,-1,705,723,711,-1,723,724,711,-1,711,724,725,-1,711,725,717,-1,725,726,717,-1,717,726,727,-1,717,727,85,-1,85,727,728,-1,85,728,67,-1,79,77,729,-1,75,73,730,-1,83,81,731,-1,60,83,732,-1,732,83,731,-1,732,731,733,-1,733,731,734,-1,731,735,734,-1,734,735,736,-1,734,736,737,-1,738,739,736,-1,736,739,740,-1,736,740,737,-1,741,742,743,-1,743,742,744,-1,743,744,738,-1,738,744,745,-1,738,745,739,-1,746,747,748,-1,170,169,747,-1,747,169,749,-1,747,749,748,-1,162,171,718,-1,718,171,750,-1,718,750,719,-1,719,750,751,-1,719,751,720,-1,720,751,721,-1,721,751,752,-1,721,752,722,-1,722,752,723,-1,723,752,753,-1,723,753,724,-1,724,753,725,-1,725,753,754,-1,725,754,726,-1,71,69,755,-1,755,69,66,-1,726,754,727,-1,727,754,755,-1,727,755,728,-1,728,755,66,-1,728,66,67,-1,73,71,730,-1,730,71,755,-1,730,755,756,-1,756,755,754,-1,756,754,757,-1,757,754,753,-1,757,753,758,-1,758,753,752,-1,758,752,759,-1,759,752,751,-1,759,751,760,-1,760,751,750,-1,760,750,172,-1,172,750,171,-1,77,75,729,-1,729,75,730,-1,729,730,761,-1,761,730,756,-1,761,756,762,-1,762,756,757,-1,762,757,763,-1,763,757,758,-1,763,758,746,-1,746,758,759,-1,746,759,747,-1,747,759,760,-1,747,760,170,-1,170,760,172,-1,81,79,731,-1,731,79,729,-1,731,729,735,-1,735,729,761,-1,735,761,736,-1,736,761,762,-1,736,762,738,-1,738,762,763,-1,738,763,743,-1,743,763,746,-1,743,746,741,-1,741,746,748,-1,
        ]
    }
}
Shape{
    appearance Appearance {
        material  Material 	{
            diffuseColor 0.8431372549019608 0.8156862745098039 0.7529411764705882
            specularColor 0.4235294117647059 0.40784313725490196 0.3764705882352941
            ambientIntensity 0.2
            transparency 0
            shininess 0.5
        }
    }
    geometry IndexedFaceSet {
        ccw TRUE
        solid FALSE
        coord DEF co Coordinate {
            point [
                -6.3976 2.2047 -0.9449, -6.3976 1.8898 -0.9449, -6.3976 2.2047 -1.6535, -6.3976 1.8898 -1.6535, -6.0039 2.2047 -0.9449, -6.0039 1.8898 -0.9449, -4.2323 1.8898 -0.831, -4.2323 1.5748 -0.831, -4.2323 1.5748 -0.5118, -4.2323 1.8898 1.1417, -4.2323 1.5748 0.8462, -4.2323 1.7126 1.1417, -4.8228 1.5748 -0.5118, -4.8228 1.5748 -0.831, -4.8228 1.8898 -0.831, -4.8228 1.5748 0.8462, -4.8228 1.8898 1.1417, -4.8228 1.7126 1.1417, -4.1339 1.8898 1.1417, -4.1339 1.8898 -0.9449, -4.1339 2.2047 1.1417, -4.1339 2.2047 -0.9449, -4.9213 1.8898 -0.9449, -4.9213 2.2047 -0.9449, -4.9213 1.8898 1.1417, -4.9213 2.2047 1.1417, 0.8465 2.0866 0.1575, 0.8465 2.1129 0.1545, 0.8465 2.1457 0.1575, 0.8465 2.1379 0.1458, 0.8465 2.1457 0.1417, 1.0039 2.1457 0.1417, 1.0039 2.1379 0.1458, 1.0039 2.1457 0.1575, 1.0039 2.1129 0.1545, 1.0039 2.0866 0.1575, 0.8465 0.1575 -1.5945, 0.7874 0.1575 -1.6535, 0.8465 1.1555 -1.5945, 0.7874 2.2047 -1.6535, 0.8465 1.1834 -1.5945, 0.8465 2.1457 -1.5945, 0.8471 1.1755 -1.5938, 0.8491 1.1668 -1.5919, 0.8522 1.1579 -1.5887, 0.8563 1.1494 -1.5846, 0.861 1.1419 -1.5799, 0.8661 1.1358 -1.5748, 0.7874 2.2047 0.2165, 0.8604 2.1317 0.1476, 0.8545 2.1377 0.1453, 0.8611 2.1311 0.148, 0.8661 2.126 0.1507, 0.8478 2.1443 0.1275, 0.8473 2.1448 0.1259, 0.8472 2.1449 0.1249, 0.8465 2.1456 0.1198, 0.8465 2.1457 0.1181, 0.8582 2.1339 0.1458, 0.8564 2.1357 0.1436, 0.8532 2.1389 0.1399, 0.8518 2.1403 0.1375, 0.8492 2.1429 0.1317, 0.8486 2.1435 0.1304, 1.063 2.2047 0.2165, 1.063 2.2047 -1.1811, 1.0033 2.1451 0.1245, 1.0026 2.1444 0.1275, 1.0025 2.1443 0.128, 1.0019 2.1436 0.1298, 1.0039 2.1457 -1.122, 1.0039 2.1457 0.1181, 1.0034 2.1451 0.1239, 0.9917 2.1334 0.1462, 0.989 2.1307 0.1483, 0.9943 2.136 0.1466, 0.9997 2.1414 0.1355, 0.9982 2.1399 0.1383, 0.9961 2.1378 0.1457, 0.9964 2.1381 0.1406, 0.9934 2.1351 0.1446, 0.9886 2.1304 0.1485, 0.9861 2.1279 0.1499, 0.9843 2.126 0.1507, 1.0039 0.1575 -1.122, 1.063 0.1575 -1.1811, 1.063 0.1575 -1.1811
            ]
        }
        coordIndex [
            0,1,2,-1,2,1,3,-1,4,5,0,-1,0,5,1,-1,6,7,8,-1,6,8,9,-1,9,8,10,-1,9,10,11,-1,12,13,14,-1,12,14,15,-1,15,14,16,-1,15,16,17,-1,13,7,14,-1,14,7,6,-1,13,12,7,-1,7,12,8,-1,9,16,6,-1,6,16,14,-1,18,19,20,-1,20,19,21,-1,19,22,21,-1,21,22,23,-1,22,24,23,-1,23,24,25,-1,21,23,20,-1,20,23,25,-1,26,27,28,-1,28,27,29,-1,28,29,30,-1,31,32,33,-1,33,32,34,-1,33,34,35,-1,36,37,38,-1,38,37,39,-1,38,39,40,-1,40,39,41,-1,40,42,38,-1,38,42,43,-1,38,43,44,-1,44,45,38,-1,38,45,46,-1,38,46,47,-1,39,48,30,-1,30,48,28,-1,49,50,51,-1,51,50,52,-1,53,54,30,-1,30,54,55,-1,55,56,30,-1,30,56,57,-1,30,57,39,-1,39,57,41,-1,49,58,50,-1,50,58,59,-1,50,59,30,-1,30,59,60,-1,30,60,61,-1,61,62,30,-1,30,62,63,-1,30,63,53,-1,64,33,48,-1,48,33,28,-1,33,64,31,-1,31,64,65,-1,66,67,31,-1,31,67,68,-1,31,68,69,-1,65,70,71,-1,65,71,31,-1,31,71,72,-1,31,72,66,-1,73,74,75,-1,69,76,31,-1,31,76,77,-1,31,77,78,-1,78,77,79,-1,78,79,75,-1,75,79,80,-1,75,80,73,-1,74,81,75,-1,75,81,82,-1,75,82,83,-1,70,65,84,-1,84,65,85,-1,
        ]
    }
}
Shape{
    appearance Appearance {
        material  Material 	{
            diffuseColor 0.8509803921568627 0.8509803921568627 0.8509803921568627
            specularColor 0.4235294117647059 0.4235294117647059 0.4235294117647059
            ambientIntensity 0.2
            transparency 0
            shininess 0.5
        }
    }
    geometry IndexedFaceSet {
        ccw TRUE
        solid FALSE
        coord DEF co Coordinate {
            point [
                0.8661 0.1142 0.1575, 0.9843 0.1142 0.1575, 0.8661 0.1575 0.1575, 0.9843 0.1575 0.1575, 0.8465 0.1292 -0.7633, 0.8465 0.1575 0.1378, 0.8465 0.1339 -0.7989, 0.8465 0.1575 -1.4852, 0.8465 0.1339 -1.4213, 0.8465 0.155 -1.4822, 0.8465 0.1363 -1.443, 0.8465 0.1434 -1.4636, 0.8465 0.1154 -0.73, 0.8465 0.0935 -0.7015, 0.8465 0.1142 0.1378, 0.8465 0.0446 -0.6526, 0.8465 0.0157 0.0394, 0.8465 0.0528 0.1163, 0.8465 0.0715 0.128, 0.8465 0.0182 0.0613, 0.8465 0.0255 0.0821, 0.8465 0.0372 0.1007, 0.8465 0.0289 -0.6322, 0.8465 0.0191 -0.6084, 0.8465 0.0157 -0.583, 0.8465 0.0923 0.1353, 1.0039 1.0515 -1.5197, 1.0039 1.0871 -1.5244, 1.0039 2.1457 -1.122, 1.0039 2.1732 0.0862, 1.0039 2.1591 0.106, 1.0039 2.182 0.0635, 1.0039 2.185 0.0394, 1.0039 0.2323 -1.5197, 1.0039 1.2674 -1.6378, 1.0039 2.0866 -1.6378, 1.0039 0.1339 -1.4213, 1.0039 0.1575 -1.122, 1.0039 0.1339 -0.7989, 1.0039 0.1575 0.1378, 1.0039 0.1292 -0.7633, 1.0039 1.1204 -1.5381, 1.0039 1.1489 -1.56, 1.0039 1.1978 -1.609, 1.0039 2.1457 0.1181, 1.0039 2.185 -1.5394, 1.0039 2.1826 -1.5613, 1.0039 0.2104 -1.5172, 1.0039 0.1896 -1.5099, 1.0039 0.1436 -1.464, 1.0039 0.1553 -1.4826, 1.0039 0.1709 -1.4982, 1.0039 1.2182 -1.6246, 1.0039 1.242 -1.6344, 1.0039 2.148 -1.6163, 1.0039 2.1293 -1.628, 1.0039 2.1085 -1.6353, 1.0039 2.1636 -1.6007, 1.0039 2.1753 -1.5821, 1.0039 0.0528 0.1163, 1.0039 0.0372 0.1007, 1.0039 0.0255 0.0821, 1.0039 0.0157 0.0394, 1.0039 0.0157 -0.583, 1.0039 0.0935 -0.7015, 1.0039 0.0923 0.1353, 1.0039 0.1142 0.1378, 1.0039 0.1154 -0.73, 1.0039 0.0715 0.128, 1.0039 0.0182 0.0613, 1.0039 0.0191 -0.6084, 1.0039 0.0289 -0.6322, 1.0039 0.0446 -0.6526, 1.0039 0.1363 -1.4432, 0.9843 -0.0039 -0.583, 0.8661 -0.0039 -0.583, 0.8661 0.0001 -0.6135, 0.9843 0.0001 -0.6135, 0.8661 0.0119 -0.642, 0.9843 0.0119 -0.642, 0.8661 0.0307 -0.6665, 0.9843 0.0307 -0.6665, 0.9843 0.0796 -0.7154, 0.8661 0.0796 -0.7154, 0.9843 0.0983 -0.7399, 0.8661 0.0983 -0.7399, 0.9843 0.1101 -0.7684, 0.8661 0.1101 -0.7684, 0.9843 0.1142 -0.7989, 0.8661 0.1142 -0.7989, 0.8661 0.1142 -1.4213, 0.9843 0.1142 -1.4213, 0.8661 0.1575 -1.5127, 0.8465 0.1575 -1.5127, 0.8465 0.1586 -1.5136, 0.9843 0.1586 -1.5136, 0.8661 0.14 -1.4949, 0.9843 0.1399 -1.4949, 0.8661 0.1395 -1.4944, 0.9843 0.1259 -1.4725, 0.8661 0.1259 -1.4725, 0.8661 0.1257 -1.4721, 0.9843 0.1171 -1.4475, 0.8661 0.1172 -1.4475, 0.8661 0.1171 -1.4473, 0.8465 0.181 -1.5277, 0.9843 0.181 -1.5277, 0.8465 0.206 -1.5364, 0.9843 0.206 -1.5364, 0.8465 0.2323 -1.5394, 0.9843 0.2323 -1.5394, 0.9843 1.0515 -1.5394, 0.8465 1.0515 -1.5394, 0.9843 1.082 -1.5434, 0.8465 1.082 -1.5434, 0.9843 1.1105 -1.5552, 0.8465 1.1105 -1.5552, 0.9843 1.135 -1.574, 0.8465 1.135 -1.574, 0.8465 1.1555 -1.5945, 0.8661 1.1358 -1.5748, 0.8661 1.1839 -1.6229, 0.9843 1.1839 -1.6229, 0.8661 1.2084 -1.6417, 0.9843 1.2084 -1.6417, 0.8661 1.2369 -1.6535, 0.9843 1.2369 -1.6535, 0.8661 1.2674 -1.6575, 0.9843 1.2674 -1.6575, 0.9843 2.0866 -1.6575, 0.8661 2.0866 -1.6575, 0.8661 2.1129 -1.6545, 0.9843 2.1129 -1.6545, 0.8661 2.1379 -1.6458, 0.9843 2.1379 -1.6458, 0.8661 2.1603 -1.6317, 0.9843 2.1603 -1.6317, 0.8661 2.179 -1.613, 0.9843 2.179 -1.613, 0.8661 2.193 -1.5906, 0.9843 2.193 -1.5906, 0.8661 2.2018 -1.5657, 0.9843 2.2018 -1.5657, 0.8661 2.2047 -1.5394, 0.9843 2.2047 -1.5394, 0.8661 2.2047 0.0394, 0.9843 2.2047 0.0394, 0.8465 2.1457 0.1417, 0.8465 2.1379 0.1458, 0.8545 2.1377 0.1453, 0.9961 2.1378 0.1457, 1.0039 2.1379 0.1458, 1.0039 2.1457 0.1417, 0.8661 2.2015 0.0656, 0.9843 2.2015 0.0656, 1.0039 2.1129 0.1545, 0.9943 2.136 0.1466, 0.9843 2.126 0.1507, 0.9843 2.2011 0.0683, 0.8661 2.2011 0.0683, 0.9843 2.1925 0.0904, 0.8661 2.1925 0.0904, 0.9843 2.1905 0.0955, 0.8661 2.1905 0.0955, 0.9843 2.1784 0.1126, 0.8661 2.1784 0.1126, 0.9843 2.1736 0.1193, 0.8661 2.1736 0.1193, 0.9843 2.1597 0.1311, 0.8661 2.1597 0.1311, 0.9843 2.1514 0.1382, 0.8661 2.1514 0.1382, 0.9843 2.1375 0.145, 0.8661 2.1375 0.145, 0.8661 2.126 0.1507, 0.8465 2.1129 0.1545, 0.8465 2.0866 0.1575, 1.0039 2.0866 0.1575, 0.8661 0.0879 0.1545, 0.9843 0.0879 0.1545, 0.8661 0.0629 0.1458, 0.9843 0.0629 0.1458, 0.8661 0.0405 0.1317, 0.9843 0.0405 0.1317, 0.8661 0.0218 0.113, 0.9843 0.0218 0.113, 0.8661 0.0078 0.0906, 0.9843 0.0078 0.0906, 0.8661 -0.001 0.0657, 0.9843 -0.001 0.0657, 0.8661 -0.0039 0.0394, 0.9843 -0.0039 0.0394, 0.8465 2.185 0.0394, 0.8465 2.185 -1.5394, 0.8465 2.1457 -1.5945, 0.8465 2.1636 -1.6007, 0.8465 2.148 -1.6163, 0.8465 2.1293 -1.628, 0.8465 2.1826 -1.5613, 0.8465 2.1753 -1.5821, 0.8465 1.2674 -1.6378, 0.8465 1.1834 -1.5945, 0.8465 2.0866 -1.6378, 0.8465 2.1085 -1.6353, 0.8465 1.242 -1.6344, 0.8465 1.2182 -1.6246, 0.8465 1.1978 -1.609, 0.8465 2.1457 0.1181, 0.8465 2.1591 0.106, 0.8465 2.182 0.0635, 0.8465 2.1732 0.0862, 0.8471 1.1755 -1.5938, 0.847 1.1947 -1.6121, 0.8472 1.1942 -1.6126, 0.8491 1.1668 -1.5919, 0.8484 1.1918 -1.615, 0.8492 1.1909 -1.6159, 0.8522 1.1579 -1.5887, 0.8508 1.1892 -1.6176, 0.8523 1.188 -1.6187, 0.8539 1.1869 -1.6199, 0.8563 1.1494 -1.5846, 0.8564 1.1858 -1.621, 0.8576 1.1853 -1.6215, 0.861 1.1419 -1.5799, 0.8618 1.1843 -1.6225, 0.8611 1.1844 -1.6224, 0.8618 1.2086 -1.6412, 0.8576 1.2093 -1.64, 0.8539 1.2105 -1.6379, 0.8508 1.2121 -1.6352, 0.8484 1.2139 -1.632, 0.8618 1.2674 -1.657, 0.8618 1.237 -1.653, 0.8576 1.2674 -1.6555, 0.8576 1.2374 -1.6516, 0.8539 1.2674 -1.6532, 0.8539 1.238 -1.6493, 0.8508 1.2674 -1.6501, 0.8508 1.2388 -1.6463, 0.8484 1.2674 -1.6463, 0.8484 1.2397 -1.6427, 0.847 1.2674 -1.6422, 0.847 1.2408 -1.6387, 0.847 1.216 -1.6284, 0.847 2.0866 -1.6422, 0.8471 2.0866 -1.6429, 0.8485 2.0866 -1.6463, 0.8491 2.0866 -1.6476, 0.8509 2.0866 -1.65, 0.8522 2.0866 -1.6517, 0.854 2.0866 -1.6531, 0.8563 2.0866 -1.6548, 0.8577 2.0866 -1.6554, 0.861 2.0866 -1.6568, 0.8618 2.0866 -1.6569, 0.8471 2.1901 -1.5394, 0.8471 2.1875 -1.5624, 0.8491 2.1949 -1.5394, 0.8491 2.1922 -1.5635, 0.8522 2.199 -1.5394, 0.8563 2.2021 -1.5394, 0.8563 2.1992 -1.5651, 0.861 2.2041 -1.5394, 0.861 2.2011 -1.5655, 0.861 2.1924 -1.5903, 0.861 2.1784 -1.6126, 0.861 2.1598 -1.6312, 0.861 2.1376 -1.6452, 0.861 2.1127 -1.6539, 0.8563 2.1123 -1.6519, 0.8563 2.1367 -1.6434, 0.8563 2.1586 -1.6297, 0.8563 2.1769 -1.6114, 0.8563 2.1907 -1.5895, 0.8522 2.1961 -1.5644, 0.8522 2.1878 -1.5881, 0.8522 2.1744 -1.6094, 0.8522 2.1567 -1.6272, 0.8522 2.1354 -1.6406, 0.8522 2.1116 -1.6489, 0.8491 2.1107 -1.6449, 0.8491 2.1336 -1.6369, 0.8491 2.1541 -1.624, 0.8491 2.1713 -1.6069, 0.8491 2.1842 -1.5863, 0.8471 2.1799 -1.5843, 0.8471 2.1675 -1.6039, 0.8471 2.1512 -1.6203, 0.8471 2.1315 -1.6326, 0.8471 2.1096 -1.6403, 0.8471 2.1901 0.0394, 0.8491 2.1949 0.0394, 0.8522 2.199 0.0394, 0.8563 2.2021 0.0394, 0.861 2.2041 0.0394, 0.861 2.2005 0.0682, 0.861 2.1899 0.0952, 0.861 2.1731 0.1188, 0.8473 2.1448 0.1259, 0.8478 2.1443 0.1275, 0.8491 2.146 0.1299, 0.8518 2.1403 0.1375, 0.8522 2.1482 0.1333, 0.8604 2.1317 0.1476, 0.8611 2.1311 0.148, 0.861 2.151 0.1376, 0.8563 2.1499 0.136, 0.8532 2.1389 0.1399, 0.8564 2.1357 0.1436, 0.8582 2.1339 0.1458, 0.8486 2.1435 0.1304, 0.8492 2.1429 0.1317, 0.8491 2.1663 0.1126, 0.8471 2.1629 0.1094, 0.8472 2.1449 0.1249, 0.8465 2.1456 0.1198, 0.8563 2.1717 0.1175, 0.8522 2.1693 0.1154, 0.8563 2.1882 0.0943, 0.8522 2.1855 0.0928, 0.8491 2.1819 0.0908, 0.8471 2.1777 0.0886, 0.8563 2.1986 0.0677, 0.8522 2.1955 0.0669, 0.8491 2.1916 0.0659, 0.8471 2.187 0.0647, 0.8471 0.1142 0.1429, 0.8471 0.1575 0.1429, 0.8491 0.1142 0.1476, 0.8491 0.1575 0.1476, 0.8522 0.1142 0.1517, 0.8522 0.1575 0.1517, 0.8563 0.1142 0.1548, 0.8563 0.1575 0.1548, 0.861 0.1142 0.1568, 0.861 0.1575 0.1568, 0.8471 0.0107 0.0394, 0.8471 0.0132 0.0624, 0.8491 0.0059 0.0394, 0.8491 0.0086 0.0635, 0.8522 0.0018 0.0394, 0.8522 0.0046 0.0644, 0.8563 -0.0013 0.0394, 0.8563 0.0016 0.0651, 0.861 -0.0033 0.0394, 0.861 -0.0003 0.0655, 0.861 0.0084 0.0903, 0.861 0.0224 0.1126, 0.861 0.041 0.1312, 0.861 0.0632 0.1452, 0.861 0.088 0.1539, 0.8563 0.0101 0.0895, 0.8563 0.0239 0.1114, 0.8563 0.0422 0.1297, 0.8563 0.0641 0.1434, 0.8563 0.0885 0.1519, 0.8522 0.013 0.0881, 0.8522 0.0263 0.1094, 0.8522 0.0441 0.1272, 0.8522 0.0654 0.1406, 0.8522 0.0892 0.1489, 0.8491 0.0166 0.0863, 0.8491 0.0295 0.1069, 0.8491 0.0467 0.124, 0.8491 0.0672 0.1369, 0.8491 0.0901 0.1449, 0.8471 0.0209 0.0843, 0.8471 0.0332 0.1039, 0.8471 0.0496 0.1203, 0.8471 0.0693 0.1326, 0.8471 0.0911 0.1403, 0.8471 0.0107 -0.583, 0.8491 0.0059 -0.583, 0.8522 0.0018 -0.583, 0.8563 -0.0013 -0.583, 0.861 -0.0033 -0.583, 0.861 0.0311 -0.666, 0.861 0.0125 -0.6417, 0.8563 0.0325 -0.6646, 0.8563 0.0142 -0.6407, 0.8522 0.0347 -0.6624, 0.8522 0.0169 -0.6391, 0.8491 0.0376 -0.6595, 0.8491 0.0204 -0.6371, 0.8471 0.041 -0.6562, 0.8471 0.0245 -0.6347, 0.861 0.0007 -0.6134, 0.8563 0.0026 -0.6129, 0.8522 0.0057 -0.612, 0.8491 0.0096 -0.611, 0.8471 0.0142 -0.6098, 0.8471 0.0899 -0.7051, 0.8491 0.0865 -0.7084, 0.8522 0.0837 -0.7113, 0.8563 0.0814 -0.7135, 0.861 0.0801 -0.7149, 0.8471 0.111 -0.7326, 0.8491 0.1069 -0.7349, 0.8522 0.1033 -0.737, 0.8563 0.1006 -0.7385, 0.861 0.0989 -0.7395, 0.8471 0.1242 -0.7646, 0.8491 0.1197 -0.7658, 0.8522 0.1157 -0.7669, 0.8563 0.1127 -0.7677, 0.861 0.1108 -0.7682, 0.8471 0.1288 -0.7989, 0.8491 0.124 -0.7989, 0.8522 0.1199 -0.7989, 0.8563 0.1168 -0.7989, 0.861 0.1148 -0.7989, 0.8471 0.1288 -1.4213, 0.8491 0.124 -1.4213, 0.8522 0.1199 -1.4213, 0.8563 0.1168 -1.4213, 0.861 0.1148 -1.4213, 0.861 0.1177 -1.4472, 0.861 0.1263 -1.4718, 0.8489 0.1575 -1.499, 0.8491 0.1575 -1.4995, 0.8491 0.1473 -1.4883, 0.861 0.1401 -1.494, 0.8625 0.1575 -1.5122, 0.8563 0.1416 -1.4928, 0.856 0.1575 -1.509, 0.8571 0.1575 -1.5098, 0.8607 0.1575 -1.5117, 0.861 0.1575 -1.5118, 0.8522 0.1441 -1.4908, 0.852 0.1575 -1.5048, 0.8522 0.1575 -1.5051, 0.8525 0.1575 -1.5055, 0.8471 0.151 -1.4854, 0.8465 0.1575 -1.4876, 0.8474 0.1575 -1.4926, 0.8481 0.1575 -1.4967, 0.8563 0.1281 -1.471, 0.8522 0.1309 -1.4696, 0.8491 0.1346 -1.4679, 0.8471 0.1389 -1.4658, 0.8563 0.1197 -1.4467, 0.8522 0.1227 -1.4461, 0.8491 0.1267 -1.4452, 0.8471 0.1313 -1.4441, 1.0033 0.1575 0.1429, 1.0033 0.1142 0.1429, 1.0013 0.1575 0.1476, 1.0013 0.1142 0.1476, 0.9982 0.1575 0.1517, 0.9982 0.1142 0.1517, 0.9941 0.1575 0.1548, 0.9941 0.1142 0.1548, 0.9893 0.1575 0.1568, 0.9893 0.1142 0.1568, 0.9893 -0.0033 0.0394, 0.9893 -0.0003 0.0655, 0.9941 -0.0013 0.0394, 0.9941 0.0016 0.0651, 0.9982 0.0018 0.0394, 0.9982 0.0046 0.0644, 1.0013 0.0059 0.0394, 1.0013 0.0086 0.0635, 1.0033 0.0107 0.0394, 1.0033 0.0132 0.0624, 1.0033 0.0209 0.0843, 1.0033 0.0332 0.1039, 1.0033 0.0496 0.1203, 1.0033 0.0693 0.1326, 1.0033 0.0911 0.1403, 1.0013 0.0166 0.0863, 1.0013 0.0295 0.1069, 1.0013 0.0467 0.124, 1.0013 0.0672 0.1369, 1.0013 0.0901 0.1449, 0.9982 0.013 0.0881, 0.9982 0.0263 0.1094, 0.9982 0.0441 0.1272, 0.9982 0.0654 0.1406, 0.9982 0.0892 0.1489, 0.9941 0.0101 0.0895, 0.9941 0.0239 0.1114, 0.9941 0.0422 0.1297, 0.9941 0.0641 0.1434, 0.9941 0.0885 0.1519, 0.9893 0.0084 0.0903, 0.9893 0.0224 0.1126, 0.9893 0.041 0.1312, 0.9893 0.0632 0.1452, 0.9893 0.088 0.1539, 1.0033 0.0107 -0.583, 1.0013 0.0059 -0.583, 0.9982 0.0018 -0.583, 0.9941 -0.0013 -0.583, 0.9893 -0.0033 -0.583, 1.0033 0.041 -0.6562, 1.0033 0.0245 -0.6347, 1.0013 0.0376 -0.6595, 1.0013 0.0204 -0.6371, 0.9982 0.0347 -0.6624, 0.9982 0.0169 -0.6391, 0.9941 0.0325 -0.6646, 0.9941 0.0142 -0.6407, 0.9893 0.0311 -0.666, 0.9893 0.0125 -0.6417, 1.0033 0.0142 -0.6098, 1.0013 0.0096 -0.611, 0.9982 0.0057 -0.612, 0.9941 0.0026 -0.6129, 0.9893 0.0007 -0.6134, 1.0033 0.0899 -0.7051, 1.0013 0.0865 -0.7084, 0.9982 0.0837 -0.7113, 0.9941 0.0814 -0.7135, 0.9893 0.0801 -0.7149, 0.9893 0.0989 -0.7395, 0.9941 0.1006 -0.7385, 0.9982 0.1033 -0.737, 1.0013 0.1069 -0.7349, 1.0033 0.111 -0.7326, 0.9893 0.1108 -0.7682, 0.9941 0.1127 -0.7677, 0.9982 0.1157 -0.7669, 1.0013 0.1197 -0.7658, 1.0033 0.1242 -0.7646, 0.9893 0.1148 -0.7989, 0.9941 0.1168 -0.7989, 0.9982 0.1199 -0.7989, 1.0013 0.124 -0.7989, 1.0033 0.1288 -0.7989, 1.0033 0.1288 -1.4213, 1.0013 0.124 -1.4213, 0.9982 0.1199 -1.4213, 0.9941 0.1168 -1.4213, 0.9893 0.1148 -1.4213, 0.9893 0.2323 -1.5387, 0.9893 0.2062 -1.5358, 0.9941 0.2323 -1.5367, 0.9941 0.2066 -1.5338, 0.9982 0.2323 -1.5336, 0.9982 0.2073 -1.5308, 1.0013 0.2323 -1.5295, 1.0013 0.2082 -1.5268, 1.0033 0.2323 -1.5248, 1.0033 0.2092 -1.5222, 1.0033 0.1874 -1.5145, 1.0033 0.1677 -1.5022, 1.0033 0.1513 -1.4858, 1.0033 0.139 -1.4662, 1.0033 0.1314 -1.4443, 1.0013 0.1853 -1.5188, 1.0013 0.1648 -1.5059, 1.0013 0.1476 -1.4888, 1.0013 0.1347 -1.4682, 1.0013 0.1267 -1.4454, 0.9982 0.1835 -1.5225, 0.9982 0.1622 -1.5091, 0.9982 0.1444 -1.4913, 0.9982 0.1311 -1.47, 0.9982 0.1228 -1.4463, 0.9941 0.1822 -1.5253, 0.9941 0.1603 -1.5115, 0.9941 0.142 -1.4933, 0.9941 0.1282 -1.4714, 0.9941 0.1197 -1.447, 0.9893 0.1813 -1.5271, 0.9893 0.1591 -1.5131, 0.9893 0.1405 -1.4945, 0.9893 0.1265 -1.4722, 0.9893 0.1178 -1.4474, 1.0033 1.0515 -1.5248, 1.0013 1.0515 -1.5295, 0.9982 1.0515 -1.5336, 0.9941 1.0515 -1.5367, 0.9893 1.0515 -1.5387, 0.9893 1.0822 -1.5427, 0.9941 1.0827 -1.5408, 0.9982 1.0835 -1.5378, 1.0013 1.0846 -1.5339, 1.0033 1.0858 -1.5293, 0.9893 1.1109 -1.5546, 0.9941 1.1118 -1.5529, 0.9982 1.1134 -1.5502, 1.0013 1.1154 -1.5467, 1.0033 1.1178 -1.5426, 0.9893 1.1355 -1.5735, 0.9941 1.1369 -1.5721, 0.9982 1.1391 -1.5699, 1.0013 1.1419 -1.567, 1.0033 1.1453 -1.5636, 1.0034 1.1947 -1.6121, 1.0032 1.1942 -1.6126, 1.002 1.1918 -1.615, 1.0012 1.1909 -1.6159, 0.9996 1.1892 -1.6176, 0.9981 1.188 -1.6187, 0.9965 1.1869 -1.6199, 0.994 1.1858 -1.621, 0.9928 1.1853 -1.6215, 0.9893 1.1844 -1.6224, 0.9886 1.1843 -1.6225, 1.0034 1.216 -1.6284, 1.0034 1.2674 -1.6422, 1.0034 1.2408 -1.6387, 1.0032 1.2674 -1.6429, 1.002 1.2397 -1.6427, 1.002 1.2139 -1.632, 0.9996 1.2388 -1.6463, 1.0012 1.2674 -1.6476, 1.002 1.2674 -1.6463, 0.9996 1.2121 -1.6352, 0.9965 1.238 -1.6493, 0.9981 1.2674 -1.6516, 0.9996 1.2674 -1.6501, 0.9965 1.2105 -1.6379, 0.9928 1.2374 -1.6516, 0.994 1.2674 -1.6547, 0.9965 1.2674 -1.6532, 0.9928 1.2093 -1.64, 0.9886 1.237 -1.653, 0.9893 1.2674 -1.6567, 0.9928 1.2674 -1.6555, 0.9886 1.2674 -1.657, 0.9886 1.2086 -1.6412, 1.0033 2.0866 -1.6429, 1.0013 2.0866 -1.6476, 0.9982 2.0866 -1.6517, 0.9941 2.0866 -1.6548, 0.9893 2.0866 -1.6568, 0.9893 2.2041 -1.5394, 0.9893 2.2011 -1.5655, 0.9941 2.2021 -1.5394, 0.9941 2.1992 -1.5651, 0.9982 2.199 -1.5394, 0.9982 2.1961 -1.5644, 1.0013 2.1949 -1.5394, 1.0013 2.1922 -1.5635, 1.0033 2.1901 -1.5394, 1.0033 2.1875 -1.5624, 1.0033 2.1799 -1.5843, 1.0033 2.1675 -1.6039, 1.0033 2.1512 -1.6203, 1.0033 2.1315 -1.6326, 1.0033 2.1096 -1.6403, 1.0013 2.1842 -1.5863, 1.0013 2.1713 -1.6069, 1.0013 2.1541 -1.624, 1.0013 2.1336 -1.6369, 1.0013 2.1107 -1.6449, 0.9982 2.1878 -1.5881, 0.9982 2.1744 -1.6094, 0.9982 2.1567 -1.6272, 0.9982 2.1354 -1.6406, 0.9982 2.1116 -1.6489, 0.9941 2.1907 -1.5895, 0.9941 2.1769 -1.6114, 0.9941 2.1586 -1.6297, 0.9941 2.1367 -1.6434, 0.9941 2.1123 -1.6519, 0.9893 2.1924 -1.5903, 0.9893 2.1784 -1.6126, 0.9893 2.1598 -1.6312, 0.9893 2.1376 -1.6452, 0.9893 2.1127 -1.6539, 1.0034 2.1894 0.0394, 1.0032 2.1901 0.0394, 1.002 2.1936 0.0394, 1.0012 2.1948 0.0394, 0.9996 2.1973 0.0394, 0.9981 2.1989 0.0394, 0.9965 2.2004 0.0394, 0.994 2.202 0.0394, 0.9928 2.2028 0.0394, 0.9893 2.204 0.0394, 0.9886 2.2042 0.0394, 0.9886 2.1732 0.1189, 0.9965 2.197 0.0673, 0.9996 2.1939 0.0665, 1.002 2.1903 0.0656, 0.9917 2.1334 0.1462, 0.9934 2.1351 0.1446, 0.9928 2.1503 0.1365, 1.0033 2.1451 0.1245, 1.0034 2.1451 0.1239, 1.0034 2.1623 0.1089, 0.9996 2.1473 0.132, 1.002 2.1452 0.1288, 1.002 2.1654 0.1117, 1.0026 2.1444 0.1275, 0.9982 2.1399 0.1383, 0.9997 2.1414 0.1355, 1.0019 2.1436 0.1298, 1.0025 2.1443 0.128, 0.9886 2.1511 0.1377, 0.9886 2.1304 0.1485, 0.989 2.1307 0.1483, 0.9861 2.1279 0.1499, 1.0034 2.1771 0.0882, 1.0034 2.1863 0.0646, 0.9964 2.1381 0.1406, 0.9965 2.149 0.1346, 0.9996 2.1681 0.1143, 1.002 2.1807 0.0902, 0.9965 2.1704 0.1164, 0.9996 2.184 0.092, 0.9928 2.1722 0.118, 0.9965 2.1867 0.0935, 0.9928 2.1992 0.0678, 0.9886 2.2006 0.0682, 0.9886 2.1901 0.0953, 0.9928 2.1888 0.0946, 0.9928 2.1888 0.0946
            ]
        }
        coordIndex [
            0,1,2,-1,2,1,3,-1,4,5,6,-1,6,5,7,-1,6,7,8,-1,8,7,9,-1,8,9,10,-1,10,9,11,-1,4,12,5,-1,5,12,13,-1,5,13,14,-1,14,13,15,-1,16,17,18,-1,16,19,17,-1,17,19,20,-1,17,20,21,-1,22,23,15,-1,15,23,24,-1,15,24,14,-1,14,24,16,-1,14,16,25,-1,25,16,18,-1,26,27,28,-1,29,30,31,-1,31,30,32,-1,26,28,33,-1,34,35,28,-1,36,37,38,-1,38,37,39,-1,38,39,40,-1,27,41,28,-1,28,41,42,-1,28,42,43,-1,30,44,32,-1,32,44,28,-1,32,28,45,-1,45,28,35,-1,45,35,46,-1,28,37,33,-1,33,37,36,-1,33,36,47,-1,47,36,48,-1,49,50,51,-1,43,52,28,-1,28,52,53,-1,28,53,34,-1,54,35,55,-1,55,35,56,-1,54,57,35,-1,35,57,58,-1,35,58,46,-1,59,60,61,-1,62,63,64,-1,65,62,66,-1,66,62,64,-1,66,64,39,-1,39,64,67,-1,39,67,40,-1,65,68,62,-1,62,68,59,-1,62,59,69,-1,69,59,61,-1,70,71,63,-1,63,71,72,-1,63,72,64,-1,48,36,51,-1,51,36,73,-1,51,73,49,-1,74,75,76,-1,74,76,77,-1,77,76,78,-1,77,78,79,-1,79,78,80,-1,79,80,81,-1,81,80,82,-1,82,80,83,-1,82,83,84,-1,84,83,85,-1,84,85,86,-1,86,85,87,-1,86,87,88,-1,88,87,89,-1,90,91,89,-1,89,91,88,-1,92,93,94,-1,92,95,96,-1,96,95,97,-1,96,97,98,-1,98,97,99,-1,98,99,100,-1,100,99,101,-1,101,99,102,-1,101,102,103,-1,103,102,104,-1,104,102,91,-1,104,91,90,-1,92,94,95,-1,95,94,105,-1,95,105,106,-1,106,105,107,-1,106,107,108,-1,108,107,109,-1,108,109,110,-1,110,109,111,-1,111,109,112,-1,111,112,113,-1,113,112,114,-1,113,114,115,-1,115,114,116,-1,115,116,117,-1,117,116,118,-1,118,119,120,-1,121,122,120,-1,120,122,117,-1,120,117,118,-1,122,121,123,-1,122,123,124,-1,124,123,125,-1,124,125,126,-1,126,125,127,-1,126,127,128,-1,128,127,129,-1,129,127,130,-1,129,130,131,-1,129,131,132,-1,132,131,133,-1,132,133,134,-1,134,133,135,-1,134,135,136,-1,136,135,137,-1,136,137,138,-1,138,137,139,-1,138,139,140,-1,140,139,141,-1,140,141,142,-1,142,141,143,-1,142,143,144,-1,145,146,143,-1,143,146,144,-1,147,148,149,-1,150,151,152,-1,145,153,146,-1,146,153,154,-1,151,150,155,-1,155,150,156,-1,155,156,157,-1,154,153,158,-1,158,153,159,-1,158,159,160,-1,160,159,161,-1,160,161,162,-1,162,161,163,-1,162,163,164,-1,164,163,165,-1,164,165,166,-1,166,165,167,-1,166,167,168,-1,168,167,169,-1,168,169,170,-1,170,169,171,-1,170,171,172,-1,172,171,173,-1,172,173,157,-1,157,173,174,-1,157,174,155,-1,149,148,174,-1,174,148,175,-1,174,175,155,-1,155,175,176,-1,155,176,177,-1,1,0,178,-1,1,178,179,-1,179,178,180,-1,179,180,181,-1,181,180,182,-1,181,182,183,-1,183,182,184,-1,183,184,185,-1,185,184,186,-1,185,186,187,-1,187,186,188,-1,187,188,189,-1,189,188,190,-1,189,190,191,-1,75,74,190,-1,190,74,191,-1,192,193,194,-1,195,196,194,-1,194,196,197,-1,193,198,194,-1,194,198,199,-1,194,199,195,-1,200,201,202,-1,202,201,194,-1,202,194,203,-1,203,194,197,-1,204,205,200,-1,200,205,206,-1,200,206,201,-1,194,207,192,-1,192,207,208,-1,192,208,209,-1,209,208,210,-1,211,201,206,-1,206,212,211,-1,211,212,213,-1,211,213,214,-1,213,215,214,-1,214,215,216,-1,214,216,217,-1,217,216,218,-1,218,219,217,-1,217,219,220,-1,217,220,221,-1,220,222,221,-1,221,222,223,-1,221,223,224,-1,121,120,225,-1,225,120,224,-1,225,224,226,-1,226,224,223,-1,227,123,121,-1,121,225,227,-1,227,225,226,-1,227,226,228,-1,226,223,228,-1,228,223,222,-1,228,222,229,-1,222,220,229,-1,229,220,219,-1,229,219,230,-1,219,218,230,-1,230,218,216,-1,230,216,231,-1,127,125,232,-1,232,125,233,-1,232,233,234,-1,234,233,235,-1,234,235,236,-1,236,235,237,-1,236,237,238,-1,238,237,239,-1,238,239,240,-1,240,239,241,-1,240,241,242,-1,242,241,243,-1,242,243,200,-1,200,243,204,-1,125,123,233,-1,233,123,227,-1,233,227,235,-1,235,227,228,-1,235,228,237,-1,237,228,229,-1,237,229,239,-1,239,229,230,-1,239,230,241,-1,241,230,231,-1,241,231,243,-1,243,231,244,-1,243,244,204,-1,204,244,205,-1,216,215,231,-1,231,215,213,-1,231,213,244,-1,244,213,212,-1,244,212,205,-1,205,212,206,-1,240,242,245,-1,245,242,200,-1,245,200,202,-1,245,246,240,-1,240,246,247,-1,240,247,238,-1,247,248,238,-1,238,248,249,-1,238,249,236,-1,236,249,250,-1,250,251,236,-1,236,251,252,-1,236,252,234,-1,252,253,234,-1,234,253,254,-1,234,254,232,-1,254,255,232,-1,232,255,130,-1,232,130,127,-1,193,256,257,-1,256,258,259,-1,260,261,262,-1,263,143,141,-1,263,141,264,-1,264,141,139,-1,264,139,265,-1,265,139,137,-1,265,137,266,-1,266,137,135,-1,266,135,267,-1,267,135,133,-1,267,133,268,-1,268,133,131,-1,268,131,269,-1,131,130,255,-1,131,255,269,-1,269,255,254,-1,269,254,253,-1,253,270,269,-1,269,270,271,-1,269,271,268,-1,268,271,272,-1,268,272,267,-1,267,272,273,-1,267,273,266,-1,266,273,274,-1,266,274,265,-1,265,274,262,-1,265,262,264,-1,264,262,261,-1,264,261,263,-1,260,262,275,-1,275,262,274,-1,275,274,276,-1,276,274,273,-1,276,273,277,-1,277,273,272,-1,277,272,278,-1,278,272,271,-1,278,271,279,-1,279,271,270,-1,279,270,280,-1,253,252,270,-1,270,252,251,-1,270,251,280,-1,280,251,250,-1,280,250,249,-1,249,281,280,-1,280,281,282,-1,280,282,279,-1,279,282,283,-1,279,283,278,-1,278,283,284,-1,278,284,277,-1,277,284,285,-1,277,285,276,-1,276,285,259,-1,276,259,275,-1,275,259,258,-1,275,258,260,-1,256,259,257,-1,257,259,285,-1,257,285,286,-1,286,285,284,-1,286,284,287,-1,287,284,283,-1,287,283,288,-1,288,283,282,-1,288,282,289,-1,289,282,281,-1,289,281,290,-1,249,248,281,-1,281,248,247,-1,281,247,290,-1,290,247,246,-1,290,246,245,-1,193,257,198,-1,198,257,286,-1,198,286,199,-1,199,286,287,-1,199,287,195,-1,195,287,288,-1,195,288,196,-1,196,288,289,-1,196,289,197,-1,197,289,290,-1,197,290,203,-1,203,290,245,-1,203,245,202,-1,193,192,291,-1,193,291,256,-1,256,291,292,-1,256,292,258,-1,258,292,293,-1,258,293,260,-1,260,293,294,-1,260,294,261,-1,261,294,295,-1,261,295,263,-1,263,295,145,-1,263,145,143,-1,153,145,295,-1,161,159,296,-1,165,163,297,-1,169,167,298,-1,299,300,301,-1,302,303,301,-1,304,305,306,-1,171,306,173,-1,173,306,305,-1,173,305,174,-1,303,302,307,-1,302,308,307,-1,307,308,309,-1,307,309,306,-1,306,309,310,-1,306,310,304,-1,300,311,301,-1,301,311,312,-1,301,312,302,-1,313,314,315,-1,208,207,314,-1,314,207,316,-1,314,316,315,-1,171,169,306,-1,306,169,298,-1,306,298,307,-1,307,298,317,-1,307,317,303,-1,303,317,318,-1,303,318,301,-1,301,318,313,-1,301,313,299,-1,299,313,315,-1,167,165,298,-1,298,165,297,-1,298,297,317,-1,317,297,319,-1,317,319,318,-1,318,319,320,-1,318,320,313,-1,313,320,321,-1,313,321,314,-1,314,321,322,-1,314,322,208,-1,208,322,210,-1,163,161,297,-1,297,161,296,-1,297,296,319,-1,319,296,323,-1,319,323,320,-1,320,323,324,-1,320,324,321,-1,321,324,325,-1,321,325,322,-1,322,325,326,-1,322,326,210,-1,210,326,209,-1,159,153,296,-1,296,153,295,-1,296,295,323,-1,323,295,294,-1,323,294,324,-1,324,294,293,-1,324,293,325,-1,325,293,292,-1,325,292,326,-1,326,292,291,-1,326,291,209,-1,209,291,192,-1,5,14,327,-1,5,327,328,-1,328,327,329,-1,328,329,330,-1,330,329,331,-1,330,331,332,-1,332,331,333,-1,332,333,334,-1,334,333,335,-1,334,335,336,-1,336,335,0,-1,336,0,2,-1,16,337,338,-1,337,339,340,-1,339,341,342,-1,341,343,344,-1,343,345,346,-1,345,190,188,-1,345,188,346,-1,346,188,186,-1,346,186,347,-1,347,186,184,-1,347,184,348,-1,348,184,182,-1,348,182,349,-1,349,182,180,-1,349,180,350,-1,350,180,178,-1,350,178,351,-1,351,178,0,-1,351,0,335,-1,343,346,344,-1,344,346,347,-1,344,347,352,-1,352,347,348,-1,352,348,353,-1,353,348,349,-1,353,349,354,-1,354,349,350,-1,354,350,355,-1,355,350,351,-1,355,351,356,-1,356,351,335,-1,356,335,333,-1,341,344,342,-1,342,344,352,-1,342,352,357,-1,357,352,353,-1,357,353,358,-1,358,353,354,-1,358,354,359,-1,359,354,355,-1,359,355,360,-1,360,355,356,-1,360,356,361,-1,361,356,333,-1,361,333,331,-1,339,342,340,-1,340,342,357,-1,340,357,362,-1,362,357,358,-1,362,358,363,-1,363,358,359,-1,363,359,364,-1,364,359,360,-1,364,360,365,-1,365,360,361,-1,365,361,366,-1,366,361,331,-1,366,331,329,-1,337,340,338,-1,338,340,362,-1,338,362,367,-1,367,362,363,-1,367,363,368,-1,368,363,364,-1,368,364,369,-1,369,364,365,-1,369,365,370,-1,370,365,366,-1,370,366,371,-1,371,366,329,-1,371,329,327,-1,16,338,19,-1,19,338,367,-1,19,367,20,-1,20,367,368,-1,20,368,21,-1,21,368,369,-1,21,369,17,-1,17,369,370,-1,17,370,18,-1,18,370,371,-1,18,371,25,-1,25,371,327,-1,25,327,14,-1,16,24,372,-1,16,372,337,-1,337,372,373,-1,337,373,339,-1,339,373,374,-1,339,374,341,-1,341,374,375,-1,341,375,343,-1,343,375,376,-1,343,376,345,-1,345,376,75,-1,345,75,190,-1,80,78,377,-1,377,78,378,-1,377,378,379,-1,379,378,380,-1,379,380,381,-1,381,380,382,-1,381,382,383,-1,383,382,384,-1,383,384,385,-1,385,384,386,-1,385,386,15,-1,15,386,22,-1,78,76,378,-1,378,76,387,-1,378,387,380,-1,380,387,388,-1,380,388,382,-1,382,388,389,-1,382,389,384,-1,384,389,390,-1,384,390,386,-1,386,390,391,-1,386,391,22,-1,22,391,23,-1,76,75,387,-1,387,75,376,-1,387,376,388,-1,388,376,375,-1,388,375,389,-1,389,375,374,-1,389,374,390,-1,390,374,373,-1,390,373,391,-1,391,373,372,-1,391,372,23,-1,23,372,24,-1,15,13,392,-1,15,392,385,-1,385,392,393,-1,385,393,383,-1,383,393,394,-1,383,394,381,-1,381,394,395,-1,381,395,379,-1,379,395,396,-1,379,396,377,-1,377,396,83,-1,377,83,80,-1,13,12,392,-1,392,12,397,-1,392,397,393,-1,393,397,398,-1,393,398,394,-1,394,398,399,-1,394,399,395,-1,395,399,400,-1,395,400,396,-1,396,400,401,-1,396,401,83,-1,83,401,85,-1,12,4,397,-1,397,4,402,-1,397,402,398,-1,398,402,403,-1,398,403,399,-1,399,403,404,-1,399,404,400,-1,400,404,405,-1,400,405,401,-1,401,405,406,-1,401,406,85,-1,85,406,87,-1,4,6,402,-1,402,6,407,-1,402,407,403,-1,403,407,408,-1,403,408,404,-1,404,408,409,-1,404,409,405,-1,405,409,410,-1,405,410,406,-1,406,410,411,-1,406,411,87,-1,87,411,89,-1,6,8,412,-1,6,412,407,-1,407,412,413,-1,407,413,408,-1,408,413,414,-1,408,414,409,-1,409,414,415,-1,409,415,410,-1,410,415,416,-1,410,416,411,-1,411,416,90,-1,411,90,89,-1,103,104,417,-1,100,101,418,-1,419,420,421,-1,98,422,96,-1,96,422,423,-1,96,423,92,-1,424,425,422,-1,422,425,426,-1,426,427,422,-1,422,427,428,-1,422,428,423,-1,421,420,429,-1,420,430,429,-1,429,430,431,-1,429,431,424,-1,424,431,432,-1,424,432,425,-1,433,9,7,-1,7,434,433,-1,433,434,435,-1,433,435,421,-1,421,435,436,-1,421,436,419,-1,98,100,422,-1,422,100,418,-1,422,418,424,-1,424,418,437,-1,424,437,429,-1,429,437,438,-1,429,438,421,-1,421,438,439,-1,421,439,433,-1,433,439,440,-1,433,440,9,-1,9,440,11,-1,101,103,418,-1,418,103,417,-1,418,417,437,-1,437,417,441,-1,437,441,438,-1,438,441,442,-1,438,442,439,-1,439,442,443,-1,439,443,440,-1,440,443,444,-1,440,444,11,-1,11,444,10,-1,104,90,417,-1,417,90,416,-1,417,416,441,-1,441,416,415,-1,441,415,442,-1,442,415,414,-1,442,414,443,-1,443,414,413,-1,443,413,444,-1,444,413,412,-1,444,412,10,-1,10,412,8,-1,66,39,445,-1,66,445,446,-1,446,445,447,-1,446,447,448,-1,448,447,449,-1,448,449,450,-1,450,449,451,-1,450,451,452,-1,452,451,453,-1,452,453,454,-1,454,453,3,-1,454,3,1,-1,191,455,456,-1,455,457,458,-1,457,459,460,-1,459,461,462,-1,461,463,464,-1,463,62,69,-1,463,69,464,-1,464,69,61,-1,464,61,465,-1,465,61,60,-1,465,60,466,-1,466,60,59,-1,466,59,467,-1,467,59,68,-1,467,68,468,-1,468,68,65,-1,468,65,469,-1,469,65,66,-1,469,66,446,-1,461,464,462,-1,462,464,465,-1,462,465,470,-1,470,465,466,-1,470,466,471,-1,471,466,467,-1,471,467,472,-1,472,467,468,-1,472,468,473,-1,473,468,469,-1,473,469,474,-1,474,469,446,-1,474,446,448,-1,459,462,460,-1,460,462,470,-1,460,470,475,-1,475,470,471,-1,475,471,476,-1,476,471,472,-1,476,472,477,-1,477,472,473,-1,477,473,478,-1,478,473,474,-1,478,474,479,-1,479,474,448,-1,479,448,450,-1,457,460,458,-1,458,460,475,-1,458,475,480,-1,480,475,476,-1,480,476,481,-1,481,476,477,-1,481,477,482,-1,482,477,478,-1,482,478,483,-1,483,478,479,-1,483,479,484,-1,484,479,450,-1,484,450,452,-1,455,458,456,-1,456,458,480,-1,456,480,485,-1,485,480,481,-1,485,481,486,-1,486,481,482,-1,486,482,487,-1,487,482,483,-1,487,483,488,-1,488,483,484,-1,488,484,489,-1,489,484,452,-1,489,452,454,-1,191,456,189,-1,189,456,485,-1,189,485,187,-1,187,485,486,-1,187,486,185,-1,185,486,487,-1,185,487,183,-1,183,487,488,-1,183,488,181,-1,181,488,489,-1,181,489,179,-1,179,489,454,-1,179,454,1,-1,63,62,463,-1,63,463,490,-1,490,463,461,-1,490,461,491,-1,491,461,459,-1,491,459,492,-1,492,459,457,-1,492,457,493,-1,493,457,455,-1,493,455,494,-1,494,455,191,-1,494,191,74,-1,72,71,495,-1,495,71,496,-1,495,496,497,-1,497,496,498,-1,497,498,499,-1,499,498,500,-1,499,500,501,-1,501,500,502,-1,501,502,503,-1,503,502,504,-1,503,504,81,-1,81,504,79,-1,71,70,496,-1,496,70,505,-1,496,505,498,-1,498,505,506,-1,498,506,500,-1,500,506,507,-1,500,507,502,-1,502,507,508,-1,502,508,504,-1,504,508,509,-1,504,509,79,-1,79,509,77,-1,70,63,505,-1,505,63,490,-1,505,490,506,-1,506,490,491,-1,506,491,507,-1,507,491,492,-1,507,492,508,-1,508,492,493,-1,508,493,509,-1,509,493,494,-1,509,494,77,-1,77,494,74,-1,64,72,495,-1,64,495,510,-1,510,495,497,-1,510,497,511,-1,511,497,499,-1,511,499,512,-1,512,499,501,-1,512,501,513,-1,513,501,503,-1,513,503,514,-1,514,503,81,-1,514,81,82,-1,82,84,514,-1,514,84,515,-1,514,515,513,-1,513,515,516,-1,513,516,512,-1,512,516,517,-1,512,517,511,-1,511,517,518,-1,511,518,510,-1,510,518,519,-1,510,519,64,-1,64,519,67,-1,84,86,515,-1,515,86,520,-1,515,520,516,-1,516,520,521,-1,516,521,517,-1,517,521,522,-1,517,522,518,-1,518,522,523,-1,518,523,519,-1,519,523,524,-1,519,524,67,-1,67,524,40,-1,86,88,520,-1,520,88,525,-1,520,525,521,-1,521,525,526,-1,521,526,522,-1,522,526,527,-1,522,527,523,-1,523,527,528,-1,523,528,524,-1,524,528,529,-1,524,529,40,-1,40,529,38,-1,36,38,529,-1,36,529,530,-1,530,529,528,-1,530,528,531,-1,531,528,527,-1,531,527,532,-1,532,527,526,-1,532,526,533,-1,533,526,525,-1,533,525,534,-1,534,525,88,-1,534,88,91,-1,110,535,536,-1,535,537,538,-1,537,539,540,-1,539,541,542,-1,541,543,544,-1,543,33,47,-1,543,47,544,-1,544,47,48,-1,544,48,545,-1,545,48,51,-1,545,51,546,-1,546,51,50,-1,546,50,547,-1,547,50,49,-1,547,49,548,-1,548,49,73,-1,548,73,549,-1,549,73,36,-1,549,36,530,-1,541,544,542,-1,542,544,545,-1,542,545,550,-1,550,545,546,-1,550,546,551,-1,551,546,547,-1,551,547,552,-1,552,547,548,-1,552,548,553,-1,553,548,549,-1,553,549,554,-1,554,549,530,-1,554,530,531,-1,539,542,540,-1,540,542,550,-1,540,550,555,-1,555,550,551,-1,555,551,556,-1,556,551,552,-1,556,552,557,-1,557,552,553,-1,557,553,558,-1,558,553,554,-1,558,554,559,-1,559,554,531,-1,559,531,532,-1,537,540,538,-1,538,540,555,-1,538,555,560,-1,560,555,556,-1,560,556,561,-1,561,556,557,-1,561,557,562,-1,562,557,558,-1,562,558,563,-1,563,558,559,-1,563,559,564,-1,564,559,532,-1,564,532,533,-1,535,538,536,-1,536,538,560,-1,536,560,565,-1,565,560,561,-1,565,561,566,-1,566,561,562,-1,566,562,567,-1,567,562,563,-1,567,563,568,-1,568,563,564,-1,568,564,569,-1,569,564,533,-1,569,533,534,-1,110,536,108,-1,108,536,565,-1,108,565,106,-1,106,565,566,-1,106,566,95,-1,95,566,567,-1,95,567,97,-1,97,567,568,-1,97,568,99,-1,99,568,569,-1,99,569,102,-1,102,569,534,-1,102,534,91,-1,26,33,543,-1,26,543,570,-1,570,543,541,-1,570,541,571,-1,571,541,539,-1,571,539,572,-1,572,539,537,-1,572,537,573,-1,573,537,535,-1,573,535,574,-1,574,535,110,-1,574,110,111,-1,111,113,574,-1,574,113,575,-1,574,575,573,-1,573,575,576,-1,573,576,572,-1,572,576,577,-1,572,577,571,-1,571,577,578,-1,571,578,570,-1,570,578,579,-1,570,579,26,-1,26,579,27,-1,113,115,575,-1,575,115,580,-1,575,580,576,-1,576,580,581,-1,576,581,577,-1,577,581,582,-1,577,582,578,-1,578,582,583,-1,578,583,579,-1,579,583,584,-1,579,584,27,-1,27,584,41,-1,115,117,580,-1,580,117,585,-1,580,585,581,-1,581,585,586,-1,581,586,582,-1,582,586,587,-1,582,587,583,-1,583,587,588,-1,583,588,584,-1,584,588,589,-1,584,589,41,-1,41,589,42,-1,43,42,590,-1,590,42,589,-1,590,589,591,-1,591,589,592,-1,592,589,588,-1,592,588,593,-1,593,588,594,-1,594,588,587,-1,594,587,595,-1,595,587,596,-1,596,587,586,-1,596,586,597,-1,597,586,598,-1,598,586,585,-1,598,585,599,-1,599,585,600,-1,600,585,117,-1,600,117,122,-1,601,52,43,-1,34,53,602,-1,602,53,603,-1,602,603,604,-1,604,603,605,-1,43,590,601,-1,601,590,591,-1,601,591,606,-1,607,608,605,-1,605,608,609,-1,605,609,604,-1,591,592,606,-1,606,592,593,-1,606,593,610,-1,611,612,607,-1,607,612,613,-1,607,613,608,-1,593,594,610,-1,610,594,595,-1,610,595,614,-1,615,616,611,-1,611,616,617,-1,611,617,612,-1,595,596,614,-1,614,596,597,-1,614,597,618,-1,619,620,615,-1,615,620,621,-1,615,621,616,-1,126,128,619,-1,619,128,622,-1,619,622,620,-1,53,52,603,-1,603,52,601,-1,603,601,605,-1,605,601,606,-1,605,606,607,-1,607,606,610,-1,607,610,611,-1,611,610,614,-1,611,614,615,-1,615,614,618,-1,615,618,619,-1,619,618,623,-1,619,623,126,-1,126,623,124,-1,597,598,618,-1,618,598,599,-1,618,599,623,-1,623,599,600,-1,623,600,124,-1,124,600,122,-1,34,602,35,-1,35,602,624,-1,602,604,624,-1,624,604,609,-1,624,609,625,-1,609,608,625,-1,625,608,613,-1,625,613,626,-1,626,613,612,-1,626,612,627,-1,612,617,627,-1,627,617,616,-1,627,616,628,-1,616,621,628,-1,628,621,620,-1,628,620,129,-1,129,620,622,-1,129,622,128,-1,144,629,630,-1,629,631,632,-1,631,633,634,-1,633,635,636,-1,635,637,638,-1,637,45,46,-1,637,46,638,-1,638,46,58,-1,638,58,639,-1,639,58,57,-1,639,57,640,-1,640,57,54,-1,640,54,641,-1,641,54,55,-1,641,55,642,-1,642,55,56,-1,642,56,643,-1,643,56,35,-1,643,35,624,-1,635,638,636,-1,636,638,639,-1,636,639,644,-1,644,639,640,-1,644,640,645,-1,645,640,641,-1,645,641,646,-1,646,641,642,-1,646,642,647,-1,647,642,643,-1,647,643,648,-1,648,643,624,-1,648,624,625,-1,633,636,634,-1,634,636,644,-1,634,644,649,-1,649,644,645,-1,649,645,650,-1,650,645,646,-1,650,646,651,-1,651,646,647,-1,651,647,652,-1,652,647,648,-1,652,648,653,-1,653,648,625,-1,653,625,626,-1,631,634,632,-1,632,634,649,-1,632,649,654,-1,654,649,650,-1,654,650,655,-1,655,650,651,-1,655,651,656,-1,656,651,652,-1,656,652,657,-1,657,652,653,-1,657,653,658,-1,658,653,626,-1,658,626,627,-1,629,632,630,-1,630,632,654,-1,630,654,659,-1,659,654,655,-1,659,655,660,-1,660,655,656,-1,660,656,661,-1,661,656,657,-1,661,657,662,-1,662,657,658,-1,662,658,663,-1,663,658,627,-1,663,627,628,-1,144,630,142,-1,142,630,659,-1,142,659,140,-1,140,659,660,-1,140,660,138,-1,138,660,661,-1,138,661,136,-1,136,661,662,-1,136,662,134,-1,134,662,663,-1,134,663,132,-1,132,663,628,-1,132,628,129,-1,664,32,45,-1,664,45,665,-1,665,45,637,-1,665,637,666,-1,666,637,667,-1,667,637,635,-1,667,635,668,-1,668,635,669,-1,669,635,633,-1,669,633,670,-1,670,633,631,-1,670,631,671,-1,671,631,672,-1,672,631,629,-1,672,629,673,-1,673,629,674,-1,674,629,144,-1,674,144,146,-1,164,166,675,-1,669,670,676,-1,667,668,677,-1,665,666,678,-1,679,680,681,-1,682,683,684,-1,683,44,684,-1,684,44,30,-1,684,30,29,-1,685,686,687,-1,687,686,688,-1,689,690,685,-1,685,690,691,-1,685,691,686,-1,686,691,692,-1,686,692,688,-1,693,694,695,-1,157,696,172,-1,172,696,694,-1,172,694,170,-1,170,694,693,-1,170,693,168,-1,688,682,687,-1,687,682,684,-1,687,684,697,-1,697,684,29,-1,697,29,31,-1,32,664,698,-1,699,689,700,-1,700,689,685,-1,700,685,701,-1,701,685,687,-1,701,687,702,-1,702,687,697,-1,702,697,698,-1,698,697,31,-1,698,31,32,-1,680,699,681,-1,681,699,700,-1,681,700,703,-1,703,700,701,-1,703,701,704,-1,704,701,702,-1,704,702,678,-1,678,702,698,-1,678,698,665,-1,665,698,664,-1,695,679,693,-1,693,679,681,-1,693,681,705,-1,705,681,703,-1,705,703,706,-1,706,703,704,-1,706,704,677,-1,677,704,678,-1,677,678,667,-1,667,678,666,-1,707,708,709,-1,668,669,677,-1,677,669,676,-1,677,676,706,-1,706,676,710,-1,706,710,705,-1,705,710,675,-1,705,675,693,-1,693,675,166,-1,693,166,168,-1,670,671,676,-1,676,671,707,-1,676,707,710,-1,710,707,709,-1,710,709,675,-1,675,709,162,-1,675,162,164,-1,671,672,707,-1,707,672,673,-1,707,673,708,-1,708,673,674,-1,708,674,146,-1,146,154,708,-1,708,154,158,-1,708,158,709,-1,709,158,160,-1,709,160,162,-1,
        ]
    }
}
Shape{
    appearance Appearance {
        material  Material 	{
            diffuseColor 0.8431372549019608 0.8156862745098039 0.7529411764705882
            specularColor 0.4235294117647059 0.40784313725490196 0.3764705882352941
            ambientIntensity 0.2
            transparency 0
            shininess 0.5
        }
    }
    geometry IndexedFaceSet {
        ccw TRUE
        solid FALSE
        coord DEF co Coordinate {
            point [
                0.0984 2.2047 -0.9449, 0.0984 2.2047 -1.6535, 0.0984 1.8898 -0.9449, 0.0984 1.8898 -1.6535, -0.2953 2.2047 -0.9449, -0.2953 1.8898 -0.9449, -2.0669 1.5748 -0.5118, -2.0669 1.5748 -0.831, -2.0669 1.8898 -0.831, -2.0669 1.5748 0.8462, -2.0669 1.8898 1.1417, -2.0669 1.7126 1.1417, -1.4764 1.5748 -0.831, -1.4764 1.8898 -0.831, -1.4764 1.5748 -0.5118, -1.4764 1.8898 1.1417, -1.4764 1.5748 0.8462, -1.4764 1.7126 1.1417, -1.378 2.2047 1.1417, -1.378 2.2047 -0.9449, -2.1654 2.2047 1.1417, -2.1654 2.2047 -0.9449, -1.378 1.8898 -0.9449, -2.1654 1.8898 -0.9449, -1.378 1.8898 1.1417, -2.1654 1.8898 1.1417, 0.1083 0.1575 -1.5066, 0.1083 0.1575 -1.1811, 0.1083 1.5748 -1.5066, 0.1083 1.5748 -1.1811, -0.1083 1.5748 -1.1811, -0.1083 1.5748 -1.5066, 0.1476 1.5748 -1.6535, -0.1476 1.5748 -1.6535, -0.1083 0.1575 -1.5066, -0.1083 0.1575 -1.1811, -0.0978 1.0973 -1.1811, -0.0958 1.0925 -1.1811, -0.0927 1.0884 -1.1811, -0.0886 1.0853 -1.1811, -0.0984 1.1024 -1.1811, -0.0984 1.2598 -1.1811, 0.0838 1.0833 -1.1811, 0.0886 1.0853 -1.1811, 0.0927 1.0884 -1.1811, 0.0958 1.0925 -1.1811, -0.0838 1.2789 -1.1811, -0.0886 1.2769 -1.1811, -0.0927 1.2738 -1.1811, -0.0838 1.0833 -1.1811, -0.0787 1.0827 -1.1811, 0.0787 1.0827 -1.1811, -0.0958 1.2697 -1.1811, -0.0978 1.2649 -1.1811, 0.0978 1.0973 -1.1811, 0.0984 1.1024 -1.1811, 0.0984 1.2598 -1.1811, 0.0978 1.2649 -1.1811, 0.0958 1.2697 -1.1811, 0.0927 1.2738 -1.1811, 0.0886 1.2769 -1.1811, 0.0838 1.2789 -1.1811, 0.0787 1.2795 -1.1811, -0.0787 1.2795 -1.1811, 0.1476 0.1575 -1.6535, -0.1476 0.1575 -1.6535, -0.1476 0.1575 -1.6535
            ]
        }
        coordIndex [
            0,1,2,-1,2,1,3,-1,4,0,5,-1,5,0,2,-1,6,7,8,-1,6,8,9,-1,9,8,10,-1,9,10,11,-1,7,12,8,-1,8,12,13,-1,13,12,14,-1,13,14,15,-1,15,14,16,-1,15,16,17,-1,7,6,12,-1,12,6,14,-1,18,19,20,-1,20,19,21,-1,13,15,8,-1,8,15,10,-1,19,22,21,-1,21,22,23,-1,18,24,19,-1,19,24,22,-1,21,23,20,-1,20,23,25,-1,26,27,28,-1,28,27,29,-1,29,30,28,-1,28,30,31,-1,28,31,32,-1,32,31,33,-1,31,30,34,-1,34,30,35,-1,36,37,35,-1,35,37,38,-1,35,38,39,-1,36,35,40,-1,40,35,30,-1,40,30,41,-1,42,43,27,-1,27,43,44,-1,27,44,45,-1,46,47,30,-1,30,47,48,-1,39,49,35,-1,35,49,50,-1,35,50,27,-1,27,50,51,-1,27,51,42,-1,48,52,30,-1,30,52,53,-1,30,53,41,-1,45,54,27,-1,27,54,55,-1,27,55,29,-1,29,55,56,-1,29,56,57,-1,57,58,29,-1,29,58,59,-1,29,59,60,-1,60,61,29,-1,29,61,62,-1,29,62,30,-1,30,62,63,-1,30,63,46,-1,64,26,32,-1,32,26,28,-1,33,31,65,-1,65,31,34,-1,
        ]
    }
}
Shape{
    appearance Appearance {
        material  Material 	{
            diffuseColor 0.8509803921568627 0.8509803921568627 0.8509803921568627
            specularColor 0.4235294117647059 0.4235294117647059 0.4235294117647059
            ambientIntensity 0.2
            transparency 0
            shininess 0.5
        }
    }
    geometry IndexedFaceSet {
        ccw TRUE
        solid FALSE
        coord DEF co Coordinate {
            point [
                -0.0787 1.2795 -1.3425, 0.0787 1.2795 -1.3425, 0.0787 1.2716 -1.4126, -0.0787 1.2716 -1.4126, 0.0787 1.2483 -1.4792, -0.0787 1.2483 -1.4792, 0.0787 1.2108 -1.5389, -0.0787 1.2108 -1.5389, 0.0787 1.1609 -1.5888, -0.0787 1.1609 -1.5888, 0.0787 1.1012 -1.6263, -0.0787 1.1012 -1.6263, 0.0787 1.0347 -1.6496, -0.0787 1.0347 -1.6496, 0.0787 0.9646 -1.6575, -0.0787 0.9646 -1.6575, 0.0787 -0.4185 -1.6575, -0.0787 -0.4185 -1.6575, 0.0425 -0.6417 -1.5165, -0.0425 -0.6417 -1.5165, 0.0425 -0.6417 -1.6016, -0.0425 -0.6417 -1.6016, 0.0787 0.9646 -1.4606, -0.0787 0.9646 -1.4606, 0.0787 -0.4185 -1.4606, -0.0787 -0.4185 -1.4606, -0.0787 0.9908 -1.4577, 0.0787 0.9908 -1.4577, -0.0787 1.0158 -1.4489, 0.0787 1.0158 -1.4489, -0.0787 1.0382 -1.4349, 0.0787 1.0382 -1.4349, -0.0787 1.0569 -1.4162, 0.0787 1.0569 -1.4162, -0.0787 1.071 -1.3938, 0.0787 1.071 -1.3938, -0.0787 1.0797 -1.3688, 0.0787 1.0797 -1.3688, -0.0787 1.0827 -1.3425, 0.0787 1.0827 -1.3425, 0.0984 -0.4185 -1.4803, 0.0984 -0.4185 -1.6378, 0.0984 0.9646 -1.4803, 0.0984 0.9646 -1.6378, 0.0984 0.9952 -1.4769, 0.0984 1.0303 -1.6304, 0.0984 1.0244 -1.4667, 0.0984 1.0927 -1.6086, 0.0984 1.0505 -1.4503, 0.0984 1.1487 -1.5734, 0.0984 1.0723 -1.4284, 0.0984 1.1954 -1.5266, 0.0984 1.0887 -1.4023, 0.0984 1.2306 -1.4706, 0.0984 1.0989 -1.3732, 0.0984 1.2524 -1.4082, 0.0984 1.1024 -1.3425, 0.0984 1.2598 -1.3425, 0.0984 1.1024 -1.1811, 0.0984 1.2598 -1.1811, -0.0984 1.1024 -1.1811, -0.0984 1.2598 -1.1811, -0.0984 1.1024 -1.3425, -0.0984 1.2598 -1.3425, -0.0984 1.0989 -1.3732, -0.0984 1.2524 -1.4082, -0.0984 1.0887 -1.4023, -0.0984 1.2306 -1.4706, -0.0984 1.0723 -1.4284, -0.0984 1.1954 -1.5266, -0.0984 1.0505 -1.4503, -0.0984 1.1487 -1.5734, -0.0984 1.0244 -1.4667, -0.0984 1.0927 -1.6086, -0.0984 0.9952 -1.4769, -0.0984 1.0303 -1.6304, -0.0984 0.9646 -1.4803, -0.0984 0.9646 -1.6378, -0.0984 -0.4185 -1.4803, -0.0984 -0.4185 -1.6378, 0.0787 1.0827 -1.1811, -0.0787 1.0827 -1.1811, 0.0787 1.2795 -1.1811, -0.0787 1.2795 -1.1811, 0.0425 1.2236 0.6693, -0.0425 1.2236 0.6693, 0.0425 1.1386 0.6693, -0.0425 1.1386 0.6693, -0.0787 1.2795 0.446, 0.0787 1.2795 0.446, -0.0787 1.2795 -0.5118, 0.0787 1.2795 -0.5118, 0.0787 1.0827 0.446, -0.0787 1.0827 0.446, 0.0787 1.0827 -0.5118, -0.0787 1.0827 -0.5118, -0.0984 1.1024 0.446, -0.0984 1.2598 0.446, -0.0984 1.1024 -0.5118, -0.0984 1.2598 -0.5118, 0.0984 1.1024 -0.5118, 0.0984 1.2598 -0.5118, 0.0984 1.1024 0.446, 0.0984 1.2598 0.446, 0.0984 -0.4185 -1.48, 0.0619 -0.6255 -1.5165, 0.0619 -0.6255 -1.6016, 0.0984 -0.4185 -1.6381, -0.079 -0.4185 -1.4606, -0.0425 -0.6255 -1.4971, 0.0425 -0.6255 -1.4971, 0.079 -0.4185 -1.4606, 0.079 -0.4185 -1.6575, 0.0425 -0.6255 -1.621, -0.0425 -0.6255 -1.621, -0.079 -0.4185 -1.6575, -0.0984 -0.4185 -1.6381, -0.0619 -0.6255 -1.6016, -0.0619 -0.6255 -1.5165, -0.0984 -0.4185 -1.48, 0.0984 1.2601 0.446, 0.0619 1.2236 0.653, 0.0619 1.1386 0.653, 0.0984 1.1021 0.446, -0.079 1.2795 0.446, -0.0425 1.243 0.653, 0.0425 1.243 0.653, 0.079 1.2795 0.446, 0.079 1.0827 0.446, 0.0425 1.1192 0.653, -0.0425 1.1192 0.653, -0.079 1.0827 0.446, -0.0984 1.1021 0.446, -0.0619 1.1386 0.653, -0.0619 1.2236 0.653, -0.0984 1.2601 0.446, -0.0978 1.2649 -1.1811, -0.0978 1.2649 -1.3425, -0.0958 1.2697 -1.1811, -0.0958 1.2697 -1.3425, -0.0927 1.2738 -1.1811, -0.0927 1.2738 -1.3425, -0.0886 1.2769 -1.1811, -0.0886 1.2769 -1.3425, -0.0838 1.2789 -1.1811, -0.0838 1.2789 -1.3425, -0.0978 1.0973 -1.3425, -0.0978 1.0973 -1.1811, -0.0958 1.0925 -1.3425, -0.0958 1.0925 -1.1811, -0.0927 1.0884 -1.3425, -0.0927 1.0884 -1.1811, -0.0886 1.0853 -1.3425, -0.0886 1.0853 -1.1811, -0.0838 1.0833 -1.3425, -0.0838 1.0833 -1.1811, -0.0838 0.9646 -1.6568, -0.0838 1.0345 -1.6489, -0.0886 0.9646 -1.6548, -0.0886 1.0341 -1.647, -0.0927 0.9646 -1.6517, -0.0927 1.0334 -1.644, -0.0958 0.9646 -1.6476, -0.0958 1.0325 -1.64, -0.0978 0.9646 -1.6429, -0.0978 1.0314 -1.6354, -0.0978 1.0949 -1.6131, -0.0978 1.1518 -1.5774, -0.0978 1.1994 -1.5298, -0.0978 1.2352 -1.4728, -0.0978 1.2574 -1.4094, -0.0958 1.097 -1.6174, -0.0958 1.1548 -1.5811, -0.0958 1.2031 -1.5328, -0.0958 1.2395 -1.4749, -0.0958 1.262 -1.4104, -0.0927 1.0987 -1.6211, -0.0927 1.1573 -1.5843, -0.0927 1.2063 -1.5353, -0.0927 1.2431 -1.4767, -0.0927 1.266 -1.4113, -0.0886 1.1001 -1.6239, -0.0886 1.1593 -1.5867, -0.0886 1.2088 -1.5373, -0.0886 1.246 -1.478, -0.0886 1.2691 -1.412, -0.0838 1.1009 -1.6257, -0.0838 1.1605 -1.5882, -0.0838 1.2103 -1.5385, -0.0838 1.2477 -1.4789, -0.0838 1.271 -1.4125, -0.0978 0.9646 -1.4752, -0.0978 0.9941 -1.4719, -0.0958 0.9646 -1.4705, -0.0958 0.993 -1.4673, -0.0927 0.9646 -1.4664, -0.0927 0.9921 -1.4633, -0.0886 0.9646 -1.4633, -0.0886 0.9914 -1.4602, -0.0838 0.9646 -1.4613, -0.0838 0.991 -1.4583, -0.0838 1.0161 -1.4495, -0.0838 1.0386 -1.4354, -0.0838 1.0574 -1.4166, -0.0838 1.0716 -1.3941, -0.0838 1.0804 -1.369, -0.0886 1.017 -1.4513, -0.0886 1.0399 -1.4369, -0.0886 1.059 -1.4178, -0.0886 1.0734 -1.3949, -0.0886 1.0823 -1.3694, -0.0927 1.0183 -1.4541, -0.0927 1.0418 -1.4394, -0.0927 1.0614 -1.4198, -0.0927 1.0762 -1.3963, -0.0927 1.0853 -1.3701, -0.0958 1.0201 -1.4578, -0.0958 1.0443 -1.4426, -0.0958 1.0646 -1.4223, -0.0958 1.0798 -1.398, -0.0958 1.0893 -1.371, -0.0978 1.0221 -1.4621, -0.0978 1.0473 -1.4463, -0.0978 1.0683 -1.4253, -0.0978 1.0841 -1.4001, -0.0978 1.0939 -1.372, 0.0978 1.2649 -1.3425, 0.0978 1.2649 -1.1811, 0.0958 1.2697 -1.3425, 0.0958 1.2697 -1.1811, 0.0927 1.2738 -1.3425, 0.0927 1.2738 -1.1811, 0.0886 1.2769 -1.3425, 0.0886 1.2769 -1.1811, 0.0838 1.2789 -1.3425, 0.0838 1.2789 -1.1811, -0.0977 -0.4188 -1.6429, -0.0977 -0.4188 -1.6431, -0.0958 -0.4191 -1.6476, -0.0957 -0.4191 -1.6477, -0.0927 -0.4191 -1.6517, -0.0887 -0.4191 -1.6548, -0.0886 -0.4191 -1.6548, -0.084 -0.4188 -1.6568, -0.0838 -0.4188 -1.6568, -0.0838 -0.4188 -1.4613, -0.084 -0.4188 -1.4614, -0.0886 -0.4191 -1.4633, -0.0887 -0.4191 -1.4633, -0.0927 -0.4191 -1.4664, -0.0957 -0.4191 -1.4704, -0.0958 -0.4191 -1.4705, -0.0977 -0.4188 -1.475, -0.0977 -0.4188 -1.4752, 0.0978 1.0973 -1.1811, 0.0978 1.0973 -1.3425, 0.0958 1.0925 -1.1811, 0.0958 1.0925 -1.3425, 0.0927 1.0884 -1.1811, 0.0927 1.0884 -1.3425, 0.0886 1.0853 -1.1811, 0.0886 1.0853 -1.3425, 0.0838 1.0833 -1.1811, 0.0838 1.0833 -1.3425, 0.0978 0.9646 -1.6429, 0.0978 1.0314 -1.6354, 0.0958 0.9646 -1.6476, 0.0958 1.0325 -1.64, 0.0927 0.9646 -1.6517, 0.0927 1.0334 -1.644, 0.0886 0.9646 -1.6548, 0.0886 1.0341 -1.647, 0.0838 0.9646 -1.6568, 0.0838 1.0345 -1.6489, 0.0838 1.1009 -1.6257, 0.0838 1.1605 -1.5882, 0.0838 1.2103 -1.5385, 0.0838 1.2477 -1.4789, 0.0838 1.271 -1.4125, 0.0886 1.1001 -1.6239, 0.0886 1.1593 -1.5867, 0.0886 1.2088 -1.5373, 0.0886 1.246 -1.478, 0.0886 1.2691 -1.412, 0.0927 1.0987 -1.6211, 0.0927 1.1573 -1.5843, 0.0927 1.2063 -1.5353, 0.0927 1.2431 -1.4767, 0.0927 1.266 -1.4113, 0.0958 1.097 -1.6174, 0.0958 1.1548 -1.5811, 0.0958 1.2031 -1.5328, 0.0958 1.2395 -1.4749, 0.0958 1.262 -1.4104, 0.0978 1.0949 -1.6131, 0.0978 1.1518 -1.5774, 0.0978 1.1994 -1.5298, 0.0978 1.2352 -1.4728, 0.0978 1.2574 -1.4094, -0.0436 -0.6256 -1.6208, -0.0449 -0.6258 -1.6206, -0.0475 -0.6262 -1.6202, -0.0486 -0.6263 -1.6197, -0.0487 -0.6263 -1.6196, -0.0521 -0.6267 -1.6182, -0.0531 -0.6267 -1.6174, -0.0538 -0.6267 -1.6168, -0.056 -0.6268 -1.6151, -0.0567 -0.6268 -1.6143, -0.0591 -0.6267 -1.6111, -0.0611 -0.6262 -1.6065, -0.0612 -0.6261 -1.6062, -0.0471 -0.6412 -1.5165, -0.0607 -0.6297 -1.5165, -0.0607 -0.6297 -1.6016, -0.0606 -0.6298 -1.5165, -0.0606 -0.6298 -1.6016, -0.0584 -0.6337 -1.5165, -0.0584 -0.6337 -1.6016, -0.0583 -0.6338 -1.5165, -0.0583 -0.6338 -1.6016, -0.0553 -0.6371 -1.5165, -0.0553 -0.6371 -1.6016, -0.0552 -0.6371 -1.5165, -0.0552 -0.6371 -1.6016, -0.0514 -0.6396 -1.5165, -0.0514 -0.6396 -1.6016, -0.0514 -0.6396 -1.5165, -0.0514 -0.6396 -1.6016, -0.0471 -0.6412 -1.5165, -0.0471 -0.6412 -1.6016, -0.0471 -0.6412 -1.6016, -0.0612 -0.6261 -1.512, -0.0611 -0.6262 -1.5116, -0.0591 -0.6267 -1.507, -0.0567 -0.6268 -1.5039, -0.056 -0.6268 -1.503, -0.0538 -0.6267 -1.5013, -0.0531 -0.6267 -1.5007, -0.0521 -0.6267 -1.4999, -0.0487 -0.6263 -1.4985, -0.0486 -0.6263 -1.4984, -0.0475 -0.6262 -1.4979, -0.0436 -0.6256 -1.4973, -0.0449 -0.6258 -1.4975, 0.0838 0.9646 -1.4613, 0.0838 0.991 -1.4583, 0.0886 0.9646 -1.4633, 0.0886 0.9914 -1.4602, 0.0927 0.9646 -1.4664, 0.0927 0.9921 -1.4633, 0.0958 0.9646 -1.4705, 0.0958 0.993 -1.4673, 0.0978 0.9646 -1.4752, 0.0978 0.9941 -1.4719, 0.0978 1.0221 -1.4621, 0.0978 1.0473 -1.4463, 0.0978 1.0683 -1.4253, 0.0978 1.0841 -1.4001, 0.0978 1.0939 -1.372, 0.0958 1.0201 -1.4578, 0.0958 1.0443 -1.4426, 0.0958 1.0646 -1.4223, 0.0958 1.0798 -1.398, 0.0958 1.0893 -1.371, 0.0927 1.0183 -1.4541, 0.0927 1.0418 -1.4394, 0.0927 1.0614 -1.4198, 0.0927 1.0762 -1.3963, 0.0927 1.0853 -1.3701, 0.0886 1.017 -1.4513, 0.0886 1.0399 -1.4369, 0.0886 1.059 -1.4178, 0.0886 1.0734 -1.3949, 0.0886 1.0823 -1.3694, 0.0838 1.0161 -1.4495, 0.0838 1.0386 -1.4354, 0.0838 1.0574 -1.4166, 0.0838 1.0716 -1.3941, 0.0838 1.0804 -1.369, 0.0838 -0.4188 -1.6568, 0.084 -0.4188 -1.6568, 0.0886 -0.4191 -1.6548, 0.0887 -0.4191 -1.6548, 0.0927 -0.4191 -1.6517, 0.0957 -0.4191 -1.6477, 0.0958 -0.4191 -1.6476, 0.0977 -0.4188 -1.6431, 0.0977 -0.4188 -1.6429, -0.0602 -0.6295 -1.6062, -0.058 -0.6334 -1.6062, -0.0549 -0.6367 -1.6062, -0.0512 -0.6391 -1.6062, -0.0443 -0.6295 -1.6197, -0.0519 -0.629 -1.6174, -0.0487 -0.6266 -1.6197, -0.0546 -0.631 -1.6143, -0.0564 -0.6279 -1.6143, -0.0587 -0.6289 -1.6105, -0.047 -0.6407 -1.6062, -0.0425 -0.6412 -1.6061, -0.0466 -0.6391 -1.6105, -0.0425 -0.6396 -1.6104, -0.0425 -0.6412 -1.6062, -0.046 -0.6367 -1.6143, -0.0425 -0.6371 -1.6142, -0.0425 -0.6396 -1.6105, -0.0567 -0.6325 -1.6105, -0.0452 -0.6334 -1.6174, -0.0425 -0.6338 -1.6174, -0.0425 -0.6371 -1.6143, -0.0425 -0.6297 -1.6197, -0.0425 -0.6298 -1.6197, -0.0425 -0.6337 -1.6174, -0.0505 -0.6377 -1.6105, -0.0493 -0.6355 -1.6143, -0.0478 -0.6325 -1.6174, -0.046 -0.6289 -1.6197, -0.0539 -0.6355 -1.6105, -0.0522 -0.6335 -1.6143, -0.0501 -0.631 -1.6174, -0.0475 -0.6279 -1.6197, -0.058 -0.6334 -1.512, -0.0549 -0.6367 -1.512, -0.0512 -0.6391 -1.512, -0.0602 -0.6295 -1.512, -0.0564 -0.6279 -1.5038, -0.0587 -0.6289 -1.5076, -0.0519 -0.629 -1.5007, -0.0487 -0.6266 -1.4984, -0.0425 -0.6297 -1.4984, -0.0443 -0.6295 -1.4984, -0.0425 -0.6298 -1.4985, -0.0452 -0.6334 -1.5007, -0.046 -0.6367 -1.5038, -0.0425 -0.6338 -1.5007, -0.0425 -0.6337 -1.5007, -0.0466 -0.6391 -1.5076, -0.0425 -0.6371 -1.5039, -0.0425 -0.6371 -1.5038, -0.0425 -0.6412 -1.512, -0.0425 -0.6412 -1.512, -0.047 -0.6407 -1.512, -0.0425 -0.6396 -1.5077, -0.0425 -0.6396 -1.5076, -0.0505 -0.6377 -1.5076, -0.0493 -0.6355 -1.5038, -0.0478 -0.6325 -1.5007, -0.046 -0.6289 -1.4984, -0.0539 -0.6355 -1.5076, -0.0522 -0.6335 -1.5038, -0.0501 -0.631 -1.5007, -0.0475 -0.6279 -1.4984, -0.0567 -0.6325 -1.5076, -0.0546 -0.631 -1.5038, 0.0977 -0.4188 -1.4752, 0.0977 -0.4188 -1.475, 0.0958 -0.4191 -1.4705, 0.0957 -0.4191 -1.4704, 0.0927 -0.4191 -1.4664, 0.0887 -0.4191 -1.4633, 0.0886 -0.4191 -1.4633, 0.084 -0.4188 -1.4614, 0.0838 -0.4188 -1.4613, 0.0475 -0.6262 -1.6202, 0.0612 -0.6261 -1.6062, 0.0611 -0.6262 -1.6065, 0.0591 -0.6267 -1.6111, 0.0567 -0.6268 -1.6143, 0.056 -0.6268 -1.6151, 0.0538 -0.6267 -1.6168, 0.0531 -0.6267 -1.6174, 0.0521 -0.6267 -1.6182, 0.0487 -0.6263 -1.6196, 0.0486 -0.6263 -1.6197, 0.0436 -0.6256 -1.6208, 0.0449 -0.6258 -1.6206, 0.0425 -0.6297 -1.6197, 0.0425 -0.6298 -1.6197, 0.0425 -0.6337 -1.6174, 0.0425 -0.6338 -1.6174, 0.0425 -0.6371 -1.6143, 0.0425 -0.6371 -1.6142, 0.0425 -0.6396 -1.6105, 0.0425 -0.6396 -1.6104, 0.0425 -0.6412 -1.6062, 0.0425 -0.6412 -1.6061, 0.0425 -0.6412 -1.512, 0.0425 -0.6297 -1.4984, 0.0425 -0.6298 -1.4985, 0.0425 -0.6337 -1.5007, 0.0425 -0.6338 -1.5007, 0.0425 -0.6371 -1.5038, 0.0425 -0.6371 -1.5039, 0.0425 -0.6396 -1.5076, 0.0425 -0.6396 -1.5077, 0.0425 -0.6412 -1.512, 0.0436 -0.6256 -1.4973, 0.0449 -0.6258 -1.4975, 0.0475 -0.6262 -1.4979, 0.0486 -0.6263 -1.4984, 0.0487 -0.6263 -1.4985, 0.0521 -0.6267 -1.4999, 0.0531 -0.6267 -1.5007, 0.0538 -0.6267 -1.5013, 0.056 -0.6268 -1.503, 0.0567 -0.6268 -1.5039, 0.0591 -0.6267 -1.507, 0.0611 -0.6262 -1.5116, 0.0612 -0.6261 -1.512, 0.0602 -0.6295 -1.6062, 0.0564 -0.6279 -1.6143, 0.0519 -0.629 -1.6174, 0.0487 -0.6266 -1.6197, 0.0475 -0.6279 -1.6197, 0.046 -0.6289 -1.6197, 0.0443 -0.6295 -1.6197, 0.0607 -0.6297 -1.6016, 0.0606 -0.6298 -1.6016, 0.058 -0.6334 -1.6062, 0.0584 -0.6337 -1.6016, 0.0583 -0.6338 -1.6016, 0.0549 -0.6367 -1.6062, 0.0553 -0.6371 -1.6016, 0.0552 -0.6371 -1.6016, 0.0512 -0.6391 -1.6062, 0.0514 -0.6396 -1.6016, 0.0514 -0.6396 -1.6016, 0.047 -0.6407 -1.6062, 0.0471 -0.6412 -1.6016, 0.0471 -0.6412 -1.6016, 0.0587 -0.6289 -1.6105, 0.0567 -0.6325 -1.6105, 0.0539 -0.6355 -1.6105, 0.0505 -0.6377 -1.6105, 0.0466 -0.6391 -1.6105, 0.046 -0.6367 -1.6143, 0.0493 -0.6355 -1.6143, 0.0522 -0.6335 -1.6143, 0.0546 -0.631 -1.6143, 0.0501 -0.631 -1.6174, 0.0478 -0.6325 -1.6174, 0.0452 -0.6334 -1.6174, 0.0471 -0.6412 -1.5165, 0.0471 -0.6412 -1.5165, 0.047 -0.6407 -1.512, 0.0514 -0.6396 -1.5165, 0.0514 -0.6396 -1.5165, 0.0512 -0.6391 -1.512, 0.0552 -0.6371 -1.5165, 0.0553 -0.6371 -1.5165, 0.0549 -0.6367 -1.512, 0.0583 -0.6338 -1.5165, 0.0584 -0.6337 -1.5165, 0.058 -0.6334 -1.512, 0.0606 -0.6298 -1.5165, 0.0607 -0.6297 -1.5165, 0.0602 -0.6295 -1.512, 0.0443 -0.6295 -1.4984, 0.0519 -0.629 -1.5007, 0.0487 -0.6266 -1.4984, 0.0546 -0.631 -1.5038, 0.0564 -0.6279 -1.5038, 0.0587 -0.6289 -1.5076, 0.0452 -0.6334 -1.5007, 0.046 -0.6367 -1.5038, 0.0466 -0.6391 -1.5076, 0.0567 -0.6325 -1.5076, 0.0539 -0.6355 -1.5076, 0.0522 -0.6335 -1.5038, 0.0501 -0.631 -1.5007, 0.0475 -0.6279 -1.4984, 0.0505 -0.6377 -1.5076, 0.0493 -0.6355 -1.5038, 0.0478 -0.6325 -1.5007, 0.046 -0.6289 -1.4984, -0.0978 1.0973 -0.5118, -0.0977 1.0973 0.4464, -0.0977 1.0971 0.4464, -0.0958 1.0925 -0.5118, -0.0958 1.0925 0.4466, -0.0957 1.0924 0.4466, -0.0927 1.0884 -0.5118, -0.0927 1.0884 0.4467, -0.0887 1.0854 0.4466, -0.0886 1.0853 -0.5118, -0.0886 1.0853 0.4466, -0.084 1.0834 0.4464, -0.0838 1.0833 -0.5118, -0.0838 1.0834 0.4464, -0.0838 1.2789 -0.5118, -0.0838 1.2788 0.4464, -0.084 1.2788 0.4464, -0.0886 1.2769 -0.5118, -0.0886 1.2769 0.4466, -0.0887 1.2768 0.4466, -0.0927 1.2738 -0.5118, -0.0927 1.2738 0.4467, -0.0957 1.2698 0.4466, -0.0958 1.2697 -0.5118, -0.0958 1.2697 0.4466, -0.0977 1.2651 0.4464, -0.0978 1.2649 -0.5118, -0.0977 1.2649 0.4464, -0.0475 1.12 0.6538, -0.0475 1.12 0.6538, -0.0521 1.122 0.6542, -0.0521 1.122 0.6542, -0.056 1.1251 0.6544, -0.0591 1.129 0.6542, -0.0591 1.129 0.6542, -0.0611 1.1336 0.6538, -0.0611 1.1336 0.6538, -0.0471 1.2236 0.6688, -0.0607 1.2236 0.6573, -0.0607 1.1386 0.6573, -0.0606 1.2236 0.6574, -0.0606 1.1386 0.6574, -0.0584 1.2236 0.6613, -0.0584 1.1386 0.6613, -0.0583 1.2236 0.6614, -0.0583 1.1386 0.6614, -0.0553 1.2236 0.6646, -0.0553 1.1386 0.6646, -0.0552 1.2236 0.6647, -0.0552 1.1386 0.6647, -0.0514 1.2236 0.6672, -0.0514 1.1386 0.6672, -0.0514 1.2236 0.6672, -0.0514 1.1386 0.6672, -0.0471 1.2236 0.6688, -0.0471 1.1386 0.6688, -0.0471 1.1386 0.6688, -0.0611 1.2286 0.6538, -0.0611 1.2286 0.6538, -0.0591 1.2332 0.6542, -0.0591 1.2332 0.6542, -0.056 1.2371 0.6544, -0.0521 1.2402 0.6542, -0.0521 1.2402 0.6542, -0.0475 1.2422 0.6538, -0.0475 1.2422 0.6538, 0.0838 1.0833 -0.5118, 0.0838 1.0834 0.4464, 0.084 1.0834 0.4464, 0.0886 1.0853 -0.5118, 0.0886 1.0853 0.4466, 0.0887 1.0854 0.4466, 0.0927 1.0884 -0.5118, 0.0927 1.0884 0.4467, 0.0957 1.0924 0.4466, 0.0958 1.0925 -0.5118, 0.0958 1.0925 0.4466, 0.0977 1.0971 0.4464, 0.0978 1.0973 -0.5118, 0.0977 1.0973 0.4464, -0.0425 1.1228 0.6614, -0.0425 1.1258 0.6646, -0.0458 1.1263 0.6646, -0.0448 1.13 0.6672, -0.0437 1.1342 0.6688, -0.0448 1.1346 0.6688, -0.0465 1.1363 0.6688, -0.0458 1.1353 0.6688, -0.0469 1.1374 0.6688, -0.0425 1.134 0.6688, -0.0472 1.1211 0.6573, -0.0516 1.1229 0.6573, -0.0554 1.1257 0.6573, -0.0582 1.1295 0.6573, -0.06 1.1339 0.6573, -0.0425 1.1259 0.6647, -0.0425 1.1297 0.6672, -0.0425 1.1297 0.6672, -0.0425 1.134 0.6688, -0.047 1.1309 0.6672, -0.0488 1.1323 0.6672, -0.0502 1.1341 0.6672, -0.0511 1.1363 0.6672, -0.0489 1.1276 0.6646, -0.0515 1.1296 0.6646, -0.0536 1.1322 0.6646, -0.0548 1.1353 0.6646, -0.0425 1.1205 0.6574, -0.0425 1.1227 0.6613, -0.0466 1.1232 0.6613, -0.0505 1.1248 0.6613, -0.0537 1.1274 0.6613, -0.0563 1.1306 0.6613, -0.0579 1.1345 0.6613, -0.0425 1.1204 0.6573, -0.0548 1.2269 0.6646, -0.0511 1.2259 0.6672, -0.0469 1.2248 0.6688, -0.0465 1.2259 0.6688, -0.0448 1.2276 0.6688, -0.0458 1.2269 0.6688, -0.0437 1.2281 0.6688, -0.06 1.2283 0.6573, -0.0582 1.2327 0.6573, -0.0554 1.2365 0.6573, -0.0516 1.2393 0.6573, -0.0472 1.2412 0.6573, -0.0425 1.2418 0.6573, -0.0425 1.2282 0.6688, -0.0502 1.2281 0.6672, -0.0488 1.2299 0.6672, -0.047 1.2313 0.6672, -0.0448 1.2322 0.6672, -0.0425 1.2282 0.6688, -0.0425 1.2325 0.6672, -0.0425 1.2325 0.6672, -0.0425 1.2363 0.6647, -0.0536 1.23 0.6646, -0.0515 1.2326 0.6646, -0.0489 1.2347 0.6646, -0.0458 1.2359 0.6646, -0.0579 1.2277 0.6613, -0.0563 1.2316 0.6613, -0.0537 1.2349 0.6613, -0.0505 1.2374 0.6613, -0.0466 1.239 0.6613, -0.0425 1.2364 0.6646, -0.0425 1.2394 0.6614, -0.0425 1.2395 0.6613, -0.0425 1.2417 0.6574, 0.0978 1.2649 -0.5118, 0.0977 1.2649 0.4464, 0.0977 1.2651 0.4464, 0.0958 1.2697 -0.5118, 0.0958 1.2697 0.4466, 0.0957 1.2698 0.4466, 0.0927 1.2738 -0.5118, 0.0927 1.2738 0.4467, 0.0887 1.2768 0.4466, 0.0886 1.2769 -0.5118, 0.0886 1.2769 0.4466, 0.084 1.2788 0.4464, 0.0838 1.2789 -0.5118, 0.0838 1.2788 0.4464, 0.0611 1.1336 0.6538, 0.0611 1.1336 0.6538, 0.0591 1.129 0.6542, 0.0591 1.129 0.6542, 0.056 1.1251 0.6544, 0.0521 1.122 0.6542, 0.0521 1.122 0.6542, 0.0475 1.12 0.6538, 0.0475 1.12 0.6538, 0.0425 1.1204 0.6573, 0.0425 1.1205 0.6574, 0.0425 1.1227 0.6613, 0.0425 1.1228 0.6614, 0.0425 1.1258 0.6646, 0.0425 1.1259 0.6647, 0.0425 1.1297 0.6672, 0.0425 1.1297 0.6672, 0.0425 1.134 0.6688, 0.0425 1.134 0.6688, 0.0425 1.2282 0.6688, 0.0425 1.2418 0.6573, 0.0425 1.2417 0.6574, 0.0425 1.2395 0.6613, 0.0425 1.2394 0.6614, 0.0425 1.2364 0.6646, 0.0425 1.2363 0.6647, 0.0425 1.2325 0.6672, 0.0425 1.2325 0.6672, 0.0425 1.2282 0.6688, 0.0475 1.2422 0.6538, 0.0475 1.2422 0.6538, 0.0521 1.2402 0.6542, 0.0521 1.2402 0.6542, 0.056 1.2371 0.6544, 0.0591 1.2332 0.6542, 0.0591 1.2332 0.6542, 0.0611 1.2286 0.6538, 0.0611 1.2286 0.6538, 0.0583 1.1386 0.6614, 0.0553 1.1386 0.6646, 0.0548 1.1353 0.6646, 0.0511 1.1363 0.6672, 0.0469 1.1374 0.6688, 0.0465 1.1363 0.6688, 0.0448 1.1346 0.6688, 0.0458 1.1353 0.6688, 0.0437 1.1342 0.6688, 0.0471 1.1386 0.6688, 0.06 1.1339 0.6573, 0.0582 1.1295 0.6573, 0.0554 1.1257 0.6573, 0.0516 1.1229 0.6573, 0.0472 1.1211 0.6573, 0.0552 1.1386 0.6647, 0.0514 1.1386 0.6672, 0.0514 1.1386 0.6672, 0.0471 1.1386 0.6688, 0.0502 1.1341 0.6672, 0.0488 1.1323 0.6672, 0.047 1.1309 0.6672, 0.0448 1.13 0.6672, 0.0536 1.1322 0.6646, 0.0515 1.1296 0.6646, 0.0489 1.1276 0.6646, 0.0458 1.1263 0.6646, 0.0606 1.1386 0.6574, 0.0584 1.1386 0.6613, 0.0579 1.1345 0.6613, 0.0563 1.1306 0.6613, 0.0537 1.1274 0.6613, 0.0505 1.1248 0.6613, 0.0466 1.1232 0.6613, 0.0607 1.1386 0.6573, 0.0458 1.2359 0.6646, 0.0448 1.2322 0.6672, 0.0437 1.2281 0.6688, 0.0448 1.2276 0.6688, 0.0465 1.2259 0.6688, 0.0458 1.2269 0.6688, 0.0469 1.2248 0.6688, 0.0472 1.2412 0.6573, 0.0516 1.2393 0.6573, 0.0554 1.2365 0.6573, 0.0582 1.2327 0.6573, 0.06 1.2283 0.6573, 0.0607 1.2236 0.6573, 0.0471 1.2236 0.6688, 0.047 1.2313 0.6672, 0.0488 1.2299 0.6672, 0.0502 1.2281 0.6672, 0.0511 1.2259 0.6672, 0.0471 1.2236 0.6688, 0.0514 1.2236 0.6672, 0.0514 1.2236 0.6672, 0.0552 1.2236 0.6647, 0.0489 1.2347 0.6646, 0.0515 1.2326 0.6646, 0.0536 1.23 0.6646, 0.0548 1.2269 0.6646, 0.0466 1.239 0.6613, 0.0505 1.2374 0.6613, 0.0537 1.2349 0.6613, 0.0563 1.2316 0.6613, 0.0579 1.2277 0.6613, 0.0553 1.2236 0.6646, 0.0583 1.2236 0.6614, 0.0584 1.2236 0.6613, 0.0606 1.2236 0.6574, 0.0606 1.2236 0.6574
            ]
        }
        coordIndex [
            0,1,2,-1,0,2,3,-1,3,2,4,-1,3,4,5,-1,5,4,6,-1,5,6,7,-1,7,6,8,-1,7,8,9,-1,9,8,10,-1,9,10,11,-1,11,10,12,-1,11,12,13,-1,13,12,14,-1,13,14,15,-1,16,17,14,-1,14,17,15,-1,18,19,20,-1,20,19,21,-1,22,23,24,-1,24,23,25,-1,23,22,26,-1,26,22,27,-1,26,27,28,-1,28,27,29,-1,28,29,30,-1,30,29,31,-1,30,31,32,-1,32,31,33,-1,32,33,34,-1,34,33,35,-1,34,35,36,-1,36,35,37,-1,36,37,38,-1,38,37,39,-1,40,41,42,-1,42,41,43,-1,42,43,44,-1,44,43,45,-1,44,45,46,-1,46,45,47,-1,46,47,48,-1,48,47,49,-1,48,49,50,-1,50,49,51,-1,50,51,52,-1,52,51,53,-1,52,53,54,-1,54,53,55,-1,54,55,56,-1,56,55,57,-1,56,57,58,-1,58,57,59,-1,60,61,62,-1,62,61,63,-1,62,63,64,-1,64,63,65,-1,64,65,66,-1,66,65,67,-1,66,67,68,-1,68,67,69,-1,68,69,70,-1,70,69,71,-1,70,71,72,-1,72,71,73,-1,72,73,74,-1,74,73,75,-1,74,75,76,-1,76,75,77,-1,76,77,78,-1,78,77,79,-1,80,81,39,-1,39,81,38,-1,1,0,82,-1,82,0,83,-1,84,85,86,-1,86,85,87,-1,88,89,90,-1,90,89,91,-1,92,93,94,-1,94,93,95,-1,96,97,98,-1,98,97,99,-1,100,101,102,-1,102,101,103,-1,104,105,40,-1,40,105,106,-1,40,106,41,-1,41,106,107,-1,25,108,109,-1,25,109,24,-1,24,109,110,-1,24,110,111,-1,112,113,16,-1,16,113,114,-1,16,114,17,-1,17,114,115,-1,79,116,117,-1,79,117,78,-1,78,117,118,-1,78,118,119,-1,120,121,103,-1,103,121,122,-1,103,122,102,-1,102,122,123,-1,88,124,125,-1,88,125,89,-1,89,125,126,-1,89,126,127,-1,92,128,129,-1,92,129,93,-1,93,129,130,-1,93,130,131,-1,96,132,133,-1,96,133,97,-1,97,133,134,-1,97,134,135,-1,63,61,136,-1,63,136,137,-1,137,136,138,-1,137,138,139,-1,139,138,140,-1,139,140,141,-1,141,140,142,-1,141,142,143,-1,143,142,144,-1,143,144,145,-1,145,144,83,-1,145,83,0,-1,60,62,146,-1,60,146,147,-1,147,146,148,-1,147,148,149,-1,149,148,150,-1,149,150,151,-1,151,150,152,-1,151,152,153,-1,153,152,154,-1,153,154,155,-1,155,154,38,-1,155,38,81,-1,15,156,157,-1,156,158,159,-1,158,160,161,-1,160,162,163,-1,162,164,165,-1,164,77,75,-1,164,75,165,-1,165,75,73,-1,165,73,166,-1,166,73,71,-1,166,71,167,-1,167,71,69,-1,167,69,168,-1,168,69,67,-1,168,67,169,-1,169,67,65,-1,169,65,170,-1,170,65,63,-1,170,63,137,-1,162,165,163,-1,163,165,166,-1,163,166,171,-1,171,166,167,-1,171,167,172,-1,172,167,168,-1,172,168,173,-1,173,168,169,-1,173,169,174,-1,174,169,170,-1,174,170,175,-1,175,170,137,-1,175,137,139,-1,160,163,161,-1,161,163,171,-1,161,171,176,-1,176,171,172,-1,176,172,177,-1,177,172,173,-1,177,173,178,-1,178,173,174,-1,178,174,179,-1,179,174,175,-1,179,175,180,-1,180,175,139,-1,180,139,141,-1,158,161,159,-1,159,161,176,-1,159,176,181,-1,181,176,177,-1,181,177,182,-1,182,177,178,-1,182,178,183,-1,183,178,179,-1,183,179,184,-1,184,179,180,-1,184,180,185,-1,185,180,141,-1,185,141,143,-1,156,159,157,-1,157,159,181,-1,157,181,186,-1,186,181,182,-1,186,182,187,-1,187,182,183,-1,187,183,188,-1,188,183,184,-1,188,184,189,-1,189,184,185,-1,189,185,190,-1,190,185,143,-1,190,143,145,-1,15,157,13,-1,13,157,186,-1,13,186,11,-1,11,186,187,-1,11,187,9,-1,9,187,188,-1,9,188,7,-1,7,188,189,-1,7,189,5,-1,5,189,190,-1,5,190,3,-1,3,190,145,-1,3,145,0,-1,76,191,192,-1,191,193,194,-1,193,195,196,-1,195,197,198,-1,197,199,200,-1,199,23,26,-1,199,26,200,-1,200,26,28,-1,200,28,201,-1,201,28,30,-1,201,30,202,-1,202,30,32,-1,202,32,203,-1,203,32,34,-1,203,34,204,-1,204,34,36,-1,204,36,205,-1,205,36,38,-1,205,38,154,-1,197,200,198,-1,198,200,201,-1,198,201,206,-1,206,201,202,-1,206,202,207,-1,207,202,203,-1,207,203,208,-1,208,203,204,-1,208,204,209,-1,209,204,205,-1,209,205,210,-1,210,205,154,-1,210,154,152,-1,195,198,196,-1,196,198,206,-1,196,206,211,-1,211,206,207,-1,211,207,212,-1,212,207,208,-1,212,208,213,-1,213,208,209,-1,213,209,214,-1,214,209,210,-1,214,210,215,-1,215,210,152,-1,215,152,150,-1,193,196,194,-1,194,196,211,-1,194,211,216,-1,216,211,212,-1,216,212,217,-1,217,212,213,-1,217,213,218,-1,218,213,214,-1,218,214,219,-1,219,214,215,-1,219,215,220,-1,220,215,150,-1,220,150,148,-1,191,194,192,-1,192,194,216,-1,192,216,221,-1,221,216,217,-1,221,217,222,-1,222,217,218,-1,222,218,223,-1,223,218,219,-1,223,219,224,-1,224,219,220,-1,224,220,225,-1,225,220,148,-1,225,148,146,-1,76,192,74,-1,74,192,221,-1,74,221,72,-1,72,221,222,-1,72,222,70,-1,70,222,223,-1,70,223,68,-1,68,223,224,-1,68,224,66,-1,66,224,225,-1,66,225,64,-1,64,225,146,-1,64,146,62,-1,59,57,226,-1,59,226,227,-1,227,226,228,-1,227,228,229,-1,229,228,230,-1,229,230,231,-1,231,230,232,-1,231,232,233,-1,233,232,234,-1,233,234,235,-1,235,234,1,-1,235,1,82,-1,116,79,77,-1,116,77,236,-1,236,77,164,-1,236,164,237,-1,237,164,162,-1,237,162,238,-1,238,162,239,-1,239,162,160,-1,239,160,240,-1,240,160,241,-1,241,160,158,-1,241,158,242,-1,242,158,243,-1,243,158,156,-1,243,156,244,-1,15,17,156,-1,156,17,115,-1,156,115,244,-1,108,25,23,-1,108,23,245,-1,245,23,199,-1,245,199,246,-1,246,199,197,-1,246,197,247,-1,247,197,248,-1,248,197,195,-1,248,195,249,-1,249,195,250,-1,250,195,193,-1,250,193,251,-1,251,193,252,-1,252,193,191,-1,252,191,253,-1,76,78,191,-1,191,78,119,-1,191,119,253,-1,56,58,254,-1,56,254,255,-1,255,254,256,-1,255,256,257,-1,257,256,258,-1,257,258,259,-1,259,258,260,-1,259,260,261,-1,261,260,262,-1,261,262,263,-1,263,262,80,-1,263,80,39,-1,43,264,265,-1,264,266,267,-1,266,268,269,-1,268,270,271,-1,270,272,273,-1,272,14,12,-1,272,12,273,-1,273,12,10,-1,273,10,274,-1,274,10,8,-1,274,8,275,-1,275,8,6,-1,275,6,276,-1,276,6,4,-1,276,4,277,-1,277,4,2,-1,277,2,278,-1,278,2,1,-1,278,1,234,-1,270,273,271,-1,271,273,274,-1,271,274,279,-1,279,274,275,-1,279,275,280,-1,280,275,276,-1,280,276,281,-1,281,276,277,-1,281,277,282,-1,282,277,278,-1,282,278,283,-1,283,278,234,-1,283,234,232,-1,268,271,269,-1,269,271,279,-1,269,279,284,-1,284,279,280,-1,284,280,285,-1,285,280,281,-1,285,281,286,-1,286,281,282,-1,286,282,287,-1,287,282,283,-1,287,283,288,-1,288,283,232,-1,288,232,230,-1,266,269,267,-1,267,269,284,-1,267,284,289,-1,289,284,285,-1,289,285,290,-1,290,285,286,-1,290,286,291,-1,291,286,287,-1,291,287,292,-1,292,287,288,-1,292,288,293,-1,293,288,230,-1,293,230,228,-1,264,267,265,-1,265,267,289,-1,265,289,294,-1,294,289,290,-1,294,290,295,-1,295,290,291,-1,295,291,296,-1,296,291,292,-1,296,292,297,-1,297,292,293,-1,297,293,298,-1,298,293,228,-1,298,228,226,-1,43,265,45,-1,45,265,294,-1,45,294,47,-1,47,294,295,-1,47,295,49,-1,49,295,296,-1,49,296,51,-1,51,296,297,-1,51,297,53,-1,53,297,298,-1,53,298,55,-1,55,298,226,-1,55,226,57,-1,115,114,299,-1,115,299,244,-1,244,299,300,-1,244,300,243,-1,243,300,301,-1,243,301,242,-1,242,301,302,-1,242,302,241,-1,241,302,303,-1,241,303,304,-1,304,305,241,-1,241,305,306,-1,241,306,240,-1,306,307,240,-1,240,307,308,-1,240,308,239,-1,239,308,309,-1,239,309,238,-1,238,309,310,-1,117,116,311,-1,311,116,236,-1,311,236,310,-1,310,236,237,-1,310,237,238,-1,21,19,312,-1,118,117,313,-1,313,117,314,-1,313,314,315,-1,315,314,316,-1,315,316,317,-1,317,316,318,-1,317,318,319,-1,319,318,320,-1,319,320,321,-1,321,320,322,-1,321,322,323,-1,323,322,324,-1,323,324,325,-1,325,324,326,-1,325,326,327,-1,327,326,328,-1,327,328,329,-1,329,328,330,-1,329,330,312,-1,312,330,331,-1,312,331,21,-1,119,118,253,-1,253,118,332,-1,253,332,252,-1,252,332,333,-1,252,333,251,-1,251,333,250,-1,333,334,250,-1,250,334,335,-1,250,335,249,-1,249,335,336,-1,249,336,248,-1,248,336,337,-1,337,338,248,-1,248,338,339,-1,248,339,247,-1,247,339,340,-1,247,340,246,-1,340,341,246,-1,246,341,342,-1,246,342,245,-1,109,108,343,-1,343,108,245,-1,343,245,344,-1,344,245,342,-1,22,345,346,-1,345,347,348,-1,347,349,350,-1,349,351,352,-1,351,353,354,-1,353,42,44,-1,353,44,354,-1,354,44,46,-1,354,46,355,-1,355,46,48,-1,355,48,356,-1,356,48,50,-1,356,50,357,-1,357,50,52,-1,357,52,358,-1,358,52,54,-1,358,54,359,-1,359,54,56,-1,359,56,255,-1,351,354,352,-1,352,354,355,-1,352,355,360,-1,360,355,356,-1,360,356,361,-1,361,356,357,-1,361,357,362,-1,362,357,358,-1,362,358,363,-1,363,358,359,-1,363,359,364,-1,364,359,255,-1,364,255,257,-1,349,352,350,-1,350,352,360,-1,350,360,365,-1,365,360,361,-1,365,361,366,-1,366,361,362,-1,366,362,367,-1,367,362,363,-1,367,363,368,-1,368,363,364,-1,368,364,369,-1,369,364,257,-1,369,257,259,-1,347,350,348,-1,348,350,365,-1,348,365,370,-1,370,365,366,-1,370,366,371,-1,371,366,367,-1,371,367,372,-1,372,367,368,-1,372,368,373,-1,373,368,369,-1,373,369,374,-1,374,369,259,-1,374,259,261,-1,345,348,346,-1,346,348,370,-1,346,370,375,-1,375,370,371,-1,375,371,376,-1,376,371,372,-1,376,372,377,-1,377,372,373,-1,377,373,378,-1,378,373,374,-1,378,374,379,-1,379,374,261,-1,379,261,263,-1,22,346,27,-1,27,346,375,-1,27,375,29,-1,29,375,376,-1,29,376,31,-1,31,376,377,-1,31,377,33,-1,33,377,378,-1,33,378,35,-1,35,378,379,-1,35,379,37,-1,37,379,263,-1,37,263,39,-1,112,16,14,-1,112,14,380,-1,380,14,272,-1,380,272,381,-1,381,272,270,-1,381,270,382,-1,382,270,383,-1,383,270,268,-1,383,268,384,-1,384,268,385,-1,385,268,266,-1,385,266,386,-1,386,266,387,-1,387,266,264,-1,387,264,388,-1,43,41,264,-1,264,41,107,-1,264,107,388,-1,316,314,389,-1,320,318,390,-1,324,322,391,-1,328,326,392,-1,393,299,114,-1,394,304,395,-1,395,304,303,-1,395,303,302,-1,396,306,394,-1,394,306,305,-1,394,305,304,-1,307,397,308,-1,308,397,398,-1,308,398,309,-1,309,398,310,-1,310,398,389,-1,310,389,311,-1,311,389,314,-1,311,314,117,-1,330,399,331,-1,331,399,400,-1,331,400,21,-1,401,402,399,-1,399,402,403,-1,399,403,400,-1,404,405,401,-1,401,405,406,-1,401,406,402,-1,318,316,390,-1,390,316,389,-1,390,389,407,-1,407,389,398,-1,407,398,396,-1,396,398,397,-1,396,397,306,-1,306,397,307,-1,408,409,404,-1,404,409,410,-1,404,410,405,-1,114,411,393,-1,393,411,412,-1,393,412,408,-1,408,412,413,-1,408,413,409,-1,330,328,399,-1,399,328,392,-1,399,392,401,-1,401,392,414,-1,401,414,404,-1,404,414,415,-1,404,415,408,-1,408,415,416,-1,408,416,393,-1,393,416,417,-1,393,417,299,-1,299,417,300,-1,326,324,392,-1,392,324,391,-1,392,391,414,-1,414,391,418,-1,414,418,415,-1,415,418,419,-1,415,419,416,-1,416,419,420,-1,416,420,417,-1,417,420,421,-1,417,421,300,-1,300,421,301,-1,322,320,391,-1,391,320,390,-1,391,390,418,-1,418,390,407,-1,418,407,419,-1,419,407,396,-1,419,396,420,-1,420,396,394,-1,420,394,421,-1,421,394,395,-1,421,395,301,-1,301,395,302,-1,315,317,422,-1,319,321,423,-1,323,325,424,-1,118,313,425,-1,426,334,427,-1,427,334,333,-1,427,333,425,-1,425,333,332,-1,425,332,118,-1,337,336,426,-1,426,336,335,-1,426,335,334,-1,339,428,429,-1,342,341,429,-1,429,341,340,-1,429,340,339,-1,430,431,432,-1,432,431,433,-1,434,435,433,-1,433,435,436,-1,433,436,432,-1,437,438,434,-1,434,438,439,-1,434,439,435,-1,440,441,442,-1,442,441,443,-1,442,443,437,-1,437,443,444,-1,437,444,438,-1,19,440,312,-1,312,440,442,-1,312,442,329,-1,329,442,327,-1,325,327,424,-1,424,327,442,-1,424,442,445,-1,445,442,437,-1,445,437,446,-1,446,437,434,-1,446,434,447,-1,447,434,433,-1,447,433,448,-1,448,433,431,-1,321,323,423,-1,423,323,424,-1,423,424,449,-1,449,424,445,-1,449,445,450,-1,450,445,446,-1,450,446,451,-1,451,446,447,-1,451,447,452,-1,452,447,448,-1,317,319,422,-1,422,319,423,-1,422,423,453,-1,453,423,449,-1,453,449,454,-1,454,449,450,-1,454,450,428,-1,428,450,451,-1,428,451,429,-1,429,451,452,-1,429,452,342,-1,342,452,448,-1,342,448,344,-1,344,448,431,-1,344,431,343,-1,343,431,430,-1,343,430,109,-1,313,315,425,-1,425,315,422,-1,425,422,427,-1,427,422,453,-1,427,453,426,-1,426,453,454,-1,426,454,337,-1,337,454,428,-1,337,428,338,-1,338,428,339,-1,104,40,42,-1,104,42,455,-1,455,42,353,-1,455,353,456,-1,456,353,351,-1,456,351,457,-1,457,351,458,-1,458,351,349,-1,458,349,459,-1,459,349,460,-1,460,349,347,-1,460,347,461,-1,461,347,462,-1,462,347,345,-1,462,345,463,-1,22,24,345,-1,345,24,111,-1,345,111,463,-1,380,381,464,-1,107,106,388,-1,388,106,465,-1,388,465,387,-1,387,465,466,-1,387,466,386,-1,386,466,385,-1,466,467,385,-1,385,467,468,-1,385,468,384,-1,384,468,469,-1,384,469,383,-1,383,469,470,-1,470,471,383,-1,383,471,472,-1,383,472,382,-1,382,472,473,-1,382,473,381,-1,381,473,474,-1,381,474,464,-1,113,112,475,-1,475,112,380,-1,475,380,476,-1,476,380,464,-1,20,21,400,-1,114,113,411,-1,411,113,477,-1,411,477,412,-1,412,477,478,-1,412,478,413,-1,413,478,479,-1,413,479,409,-1,409,479,480,-1,409,480,410,-1,410,480,481,-1,410,481,405,-1,405,481,482,-1,405,482,406,-1,406,482,483,-1,406,483,402,-1,402,483,484,-1,402,484,403,-1,403,484,485,-1,403,485,400,-1,400,485,486,-1,400,486,20,-1,19,18,487,-1,110,109,488,-1,488,109,430,-1,488,430,489,-1,489,430,432,-1,489,432,490,-1,490,432,436,-1,490,436,491,-1,491,436,435,-1,491,435,492,-1,492,435,439,-1,492,439,493,-1,493,439,438,-1,493,438,494,-1,494,438,444,-1,494,444,495,-1,495,444,443,-1,495,443,496,-1,496,443,441,-1,496,441,487,-1,487,441,440,-1,487,440,19,-1,111,110,497,-1,111,497,463,-1,463,497,498,-1,463,498,462,-1,462,498,499,-1,462,499,500,-1,501,502,460,-1,501,460,500,-1,500,460,461,-1,500,461,462,-1,502,503,460,-1,460,503,504,-1,460,504,459,-1,504,505,459,-1,459,505,506,-1,459,506,458,-1,458,506,507,-1,458,507,457,-1,457,507,508,-1,457,508,456,-1,456,508,455,-1,455,508,104,-1,104,508,509,-1,104,509,105,-1,466,465,510,-1,510,465,106,-1,469,468,511,-1,511,468,467,-1,472,471,512,-1,512,471,470,-1,464,474,513,-1,513,474,473,-1,513,473,472,-1,513,514,464,-1,464,514,515,-1,464,515,476,-1,476,515,516,-1,476,516,475,-1,475,516,477,-1,475,477,113,-1,106,517,510,-1,510,517,518,-1,510,518,519,-1,518,520,519,-1,519,520,521,-1,519,521,522,-1,521,523,522,-1,522,523,524,-1,522,524,525,-1,524,526,525,-1,525,526,527,-1,525,527,528,-1,20,486,529,-1,529,486,528,-1,529,528,530,-1,530,528,527,-1,466,510,531,-1,531,510,519,-1,531,519,532,-1,532,519,522,-1,532,522,533,-1,533,522,525,-1,533,525,534,-1,534,525,528,-1,534,528,535,-1,486,485,528,-1,528,485,484,-1,528,484,535,-1,535,484,483,-1,535,483,482,-1,482,536,535,-1,535,536,537,-1,535,537,534,-1,534,537,538,-1,534,538,533,-1,533,538,539,-1,533,539,532,-1,532,539,511,-1,532,511,531,-1,531,511,467,-1,531,467,466,-1,469,511,470,-1,470,511,539,-1,470,539,512,-1,512,539,538,-1,512,538,540,-1,540,538,537,-1,540,537,541,-1,541,537,536,-1,541,536,542,-1,482,481,536,-1,536,481,480,-1,536,480,542,-1,542,480,479,-1,542,479,478,-1,472,512,513,-1,513,512,540,-1,513,540,514,-1,514,540,541,-1,514,541,515,-1,515,541,542,-1,515,542,516,-1,516,542,478,-1,516,478,477,-1,543,544,545,-1,546,547,548,-1,549,550,551,-1,552,553,554,-1,555,556,557,-1,558,497,110,-1,559,502,560,-1,560,502,501,-1,560,501,500,-1,561,504,559,-1,559,504,503,-1,559,503,502,-1,505,562,506,-1,506,562,563,-1,506,563,507,-1,507,563,508,-1,508,563,557,-1,508,557,509,-1,509,557,556,-1,509,556,105,-1,110,488,558,-1,558,488,489,-1,558,489,564,-1,489,490,564,-1,564,490,491,-1,564,491,565,-1,491,492,565,-1,565,492,493,-1,565,493,566,-1,493,494,566,-1,566,494,495,-1,566,495,545,-1,553,555,554,-1,554,555,557,-1,554,557,567,-1,567,557,563,-1,567,563,561,-1,561,563,562,-1,561,562,504,-1,504,562,505,-1,550,552,551,-1,551,552,554,-1,551,554,568,-1,568,554,567,-1,568,567,569,-1,569,567,561,-1,569,561,570,-1,570,561,559,-1,570,559,571,-1,571,559,560,-1,571,560,499,-1,499,560,500,-1,547,549,548,-1,548,549,551,-1,548,551,572,-1,572,551,568,-1,572,568,573,-1,573,568,569,-1,573,569,574,-1,574,569,570,-1,574,570,575,-1,575,570,571,-1,575,571,498,-1,498,571,499,-1,544,546,545,-1,545,546,548,-1,545,548,566,-1,566,548,572,-1,566,572,565,-1,565,572,573,-1,565,573,564,-1,564,573,574,-1,564,574,558,-1,558,574,575,-1,558,575,497,-1,497,575,498,-1,18,543,487,-1,487,543,545,-1,487,545,496,-1,496,545,495,-1,106,105,517,-1,517,105,556,-1,517,556,518,-1,518,556,555,-1,518,555,520,-1,520,555,553,-1,520,553,521,-1,521,553,552,-1,521,552,523,-1,523,552,550,-1,523,550,524,-1,524,550,549,-1,524,549,526,-1,526,549,547,-1,526,547,527,-1,527,547,546,-1,527,546,530,-1,530,546,544,-1,530,544,529,-1,544,543,529,-1,529,543,18,-1,529,18,20,-1,96,98,132,-1,132,98,576,-1,132,576,577,-1,577,576,578,-1,578,576,579,-1,578,579,580,-1,580,579,581,-1,581,579,582,-1,581,582,583,-1,583,582,584,-1,584,582,585,-1,584,585,586,-1,586,585,587,-1,587,585,588,-1,587,588,589,-1,95,93,588,-1,588,93,131,-1,588,131,589,-1,88,90,124,-1,124,90,590,-1,124,590,591,-1,591,590,592,-1,592,590,593,-1,592,593,594,-1,594,593,595,-1,595,593,596,-1,595,596,597,-1,597,596,598,-1,598,596,599,-1,598,599,600,-1,600,599,601,-1,601,599,602,-1,601,602,603,-1,99,97,602,-1,602,97,135,-1,602,135,603,-1,584,586,604,-1,604,586,587,-1,604,587,130,-1,130,587,589,-1,130,589,131,-1,604,605,584,-1,584,605,606,-1,584,606,583,-1,583,606,607,-1,607,608,583,-1,583,608,609,-1,583,609,581,-1,581,609,610,-1,581,610,580,-1,580,610,611,-1,580,611,578,-1,578,611,612,-1,578,612,577,-1,577,612,133,-1,577,133,132,-1,87,85,613,-1,134,133,614,-1,614,133,615,-1,614,615,616,-1,616,615,617,-1,616,617,618,-1,618,617,619,-1,618,619,620,-1,620,619,621,-1,620,621,622,-1,622,621,623,-1,622,623,624,-1,624,623,625,-1,624,625,626,-1,626,625,627,-1,626,627,628,-1,628,627,629,-1,628,629,630,-1,630,629,631,-1,630,631,613,-1,613,631,632,-1,613,632,87,-1,598,600,633,-1,633,600,601,-1,633,601,134,-1,134,601,603,-1,134,603,135,-1,633,634,598,-1,598,634,635,-1,598,635,597,-1,597,635,636,-1,636,637,597,-1,597,637,638,-1,597,638,595,-1,595,638,639,-1,595,639,594,-1,594,639,640,-1,594,640,592,-1,592,640,641,-1,592,641,591,-1,591,641,125,-1,591,125,124,-1,92,94,128,-1,128,94,642,-1,128,642,643,-1,643,642,644,-1,644,642,645,-1,644,645,646,-1,646,645,647,-1,647,645,648,-1,647,648,649,-1,649,648,650,-1,650,648,651,-1,650,651,652,-1,652,651,653,-1,653,651,654,-1,653,654,655,-1,100,102,654,-1,654,102,123,-1,654,123,655,-1,656,657,658,-1,659,660,661,-1,87,662,663,-1,664,662,87,-1,661,660,87,-1,665,87,660,-1,666,605,604,-1,605,666,606,-1,606,666,667,-1,606,667,607,-1,607,667,668,-1,607,668,608,-1,608,668,669,-1,608,669,609,-1,609,669,610,-1,610,669,670,-1,610,670,611,-1,611,670,612,-1,612,670,615,-1,612,615,133,-1,632,664,87,-1,671,672,659,-1,659,672,673,-1,659,673,660,-1,660,673,674,-1,660,674,665,-1,675,663,676,-1,676,663,662,-1,676,662,677,-1,677,662,664,-1,677,664,678,-1,632,631,664,-1,664,631,629,-1,664,629,678,-1,678,629,627,-1,678,627,625,-1,658,675,679,-1,679,675,676,-1,679,676,680,-1,680,676,677,-1,680,677,681,-1,681,677,678,-1,681,678,682,-1,682,678,625,-1,683,684,685,-1,685,684,656,-1,656,658,685,-1,685,658,679,-1,685,679,686,-1,686,679,680,-1,686,680,687,-1,687,680,681,-1,687,681,688,-1,688,681,682,-1,688,682,689,-1,657,671,658,-1,658,671,659,-1,658,659,675,-1,675,659,661,-1,675,661,663,-1,663,661,87,-1,683,666,690,-1,690,666,604,-1,690,604,130,-1,625,623,682,-1,682,623,621,-1,682,621,689,-1,689,621,619,-1,689,619,617,-1,683,685,666,-1,666,685,686,-1,666,686,667,-1,667,686,687,-1,667,687,668,-1,668,687,688,-1,668,688,669,-1,669,688,689,-1,669,689,670,-1,670,689,617,-1,670,617,615,-1,620,622,691,-1,692,693,694,-1,85,695,696,-1,697,695,85,-1,694,693,85,-1,613,85,693,-1,698,634,633,-1,634,698,635,-1,635,698,699,-1,635,699,636,-1,636,699,700,-1,636,700,637,-1,637,700,701,-1,637,701,638,-1,638,701,639,-1,639,701,702,-1,639,702,640,-1,640,702,641,-1,641,702,703,-1,641,703,125,-1,704,697,85,-1,624,626,692,-1,692,626,628,-1,692,628,693,-1,693,628,630,-1,693,630,613,-1,705,696,706,-1,706,696,695,-1,706,695,707,-1,707,695,697,-1,707,697,708,-1,704,709,697,-1,697,709,710,-1,697,710,708,-1,708,710,711,-1,708,711,712,-1,691,705,713,-1,713,705,706,-1,713,706,714,-1,714,706,707,-1,714,707,715,-1,715,707,708,-1,715,708,716,-1,716,708,712,-1,616,618,717,-1,717,618,620,-1,620,691,717,-1,717,691,713,-1,717,713,718,-1,718,713,714,-1,718,714,719,-1,719,714,715,-1,719,715,720,-1,720,715,716,-1,720,716,721,-1,622,624,691,-1,691,624,692,-1,691,692,705,-1,705,692,694,-1,705,694,696,-1,696,694,85,-1,616,698,614,-1,614,698,633,-1,614,633,134,-1,712,722,716,-1,716,722,723,-1,716,723,721,-1,721,723,724,-1,721,724,725,-1,616,717,698,-1,698,717,718,-1,698,718,699,-1,699,718,719,-1,699,719,700,-1,700,719,720,-1,700,720,701,-1,701,720,721,-1,701,721,702,-1,702,721,725,-1,702,725,703,-1,103,101,120,-1,120,101,726,-1,120,726,727,-1,727,726,728,-1,728,726,729,-1,728,729,730,-1,730,729,731,-1,731,729,732,-1,731,732,733,-1,733,732,734,-1,734,732,735,-1,734,735,736,-1,736,735,737,-1,737,735,738,-1,737,738,739,-1,91,89,738,-1,738,89,127,-1,738,127,739,-1,650,652,740,-1,740,652,653,-1,740,653,122,-1,122,653,655,-1,122,655,123,-1,740,741,650,-1,650,741,742,-1,650,742,649,-1,649,742,743,-1,743,744,649,-1,649,744,745,-1,649,745,647,-1,647,745,746,-1,647,746,646,-1,646,746,747,-1,646,747,644,-1,644,747,748,-1,644,748,643,-1,643,748,129,-1,643,129,128,-1,86,87,665,-1,130,129,690,-1,690,129,749,-1,690,749,683,-1,683,749,750,-1,683,750,684,-1,684,750,751,-1,684,751,656,-1,656,751,752,-1,656,752,657,-1,657,752,753,-1,657,753,671,-1,671,753,754,-1,671,754,672,-1,672,754,755,-1,672,755,673,-1,673,755,756,-1,673,756,674,-1,674,756,757,-1,674,757,665,-1,665,757,758,-1,665,758,86,-1,85,84,759,-1,126,125,760,-1,760,125,703,-1,760,703,761,-1,761,703,725,-1,761,725,762,-1,762,725,724,-1,762,724,763,-1,763,724,723,-1,763,723,764,-1,764,723,722,-1,764,722,765,-1,765,722,712,-1,765,712,766,-1,766,712,711,-1,766,711,767,-1,767,711,710,-1,767,710,768,-1,768,710,709,-1,768,709,759,-1,759,709,704,-1,759,704,85,-1,734,736,769,-1,769,736,737,-1,769,737,126,-1,126,737,739,-1,126,739,127,-1,769,770,734,-1,734,770,771,-1,734,771,733,-1,733,771,772,-1,772,773,733,-1,733,773,774,-1,733,774,731,-1,731,774,775,-1,731,775,730,-1,730,775,776,-1,730,776,728,-1,728,776,777,-1,728,777,727,-1,727,777,121,-1,727,121,120,-1,778,779,780,-1,781,782,783,-1,86,784,785,-1,786,784,86,-1,783,782,86,-1,787,86,782,-1,788,741,740,-1,741,788,742,-1,742,788,789,-1,742,789,743,-1,743,789,790,-1,743,790,744,-1,744,790,791,-1,744,791,745,-1,745,791,746,-1,746,791,792,-1,746,792,747,-1,747,792,748,-1,748,792,749,-1,748,749,129,-1,758,786,86,-1,793,794,781,-1,781,794,795,-1,781,795,782,-1,782,795,796,-1,782,796,787,-1,797,785,798,-1,798,785,784,-1,798,784,799,-1,799,784,786,-1,799,786,800,-1,758,757,786,-1,786,757,756,-1,786,756,800,-1,800,756,755,-1,800,755,754,-1,780,797,801,-1,801,797,798,-1,801,798,802,-1,802,798,799,-1,802,799,803,-1,803,799,800,-1,803,800,804,-1,804,800,754,-1,805,806,807,-1,807,806,778,-1,778,780,807,-1,807,780,801,-1,807,801,808,-1,808,801,802,-1,808,802,809,-1,809,802,803,-1,809,803,810,-1,810,803,804,-1,810,804,811,-1,779,793,780,-1,780,793,781,-1,780,781,797,-1,797,781,783,-1,797,783,785,-1,785,783,86,-1,805,788,812,-1,812,788,740,-1,812,740,122,-1,754,753,804,-1,804,753,752,-1,804,752,811,-1,811,752,751,-1,811,751,750,-1,805,807,788,-1,788,807,808,-1,788,808,789,-1,789,808,809,-1,789,809,790,-1,790,809,810,-1,790,810,791,-1,791,810,811,-1,791,811,792,-1,792,811,750,-1,792,750,749,-1,763,764,813,-1,814,815,816,-1,84,817,818,-1,819,817,84,-1,816,815,84,-1,759,84,815,-1,820,770,769,-1,770,820,771,-1,771,820,821,-1,771,821,772,-1,772,821,822,-1,772,822,773,-1,773,822,823,-1,773,823,774,-1,774,823,775,-1,775,823,824,-1,775,824,776,-1,776,824,777,-1,777,824,825,-1,777,825,121,-1,826,819,84,-1,765,766,814,-1,814,766,767,-1,814,767,815,-1,815,767,768,-1,815,768,759,-1,827,818,828,-1,828,818,817,-1,828,817,829,-1,829,817,819,-1,829,819,830,-1,826,831,819,-1,819,831,832,-1,819,832,830,-1,830,832,833,-1,830,833,834,-1,813,827,835,-1,835,827,828,-1,835,828,836,-1,836,828,829,-1,836,829,837,-1,837,829,830,-1,837,830,838,-1,838,830,834,-1,761,762,839,-1,839,762,763,-1,763,813,839,-1,839,813,835,-1,839,835,840,-1,840,835,836,-1,840,836,841,-1,841,836,837,-1,841,837,842,-1,842,837,838,-1,842,838,843,-1,764,765,813,-1,813,765,814,-1,813,814,827,-1,827,814,816,-1,827,816,818,-1,818,816,84,-1,761,820,760,-1,760,820,769,-1,760,769,126,-1,834,844,838,-1,838,844,845,-1,838,845,843,-1,843,845,846,-1,843,846,847,-1,761,839,820,-1,820,839,840,-1,820,840,821,-1,821,840,841,-1,821,841,822,-1,822,841,842,-1,822,842,823,-1,823,842,843,-1,823,843,824,-1,824,843,847,-1,824,847,825,-1,122,121,812,-1,812,121,825,-1,812,825,805,-1,805,825,847,-1,805,847,806,-1,806,847,846,-1,806,846,778,-1,778,846,845,-1,778,845,779,-1,779,845,844,-1,779,844,793,-1,793,844,834,-1,793,834,794,-1,794,834,833,-1,794,833,795,-1,795,833,832,-1,795,832,796,-1,796,832,831,-1,796,831,787,-1,831,826,787,-1,787,826,84,-1,787,84,86,-1,
        ]
    }
}
Shape{
    appearance Appearance {
        material  Material 	{
            diffuseColor 0.8431372549019608 0.8156862745098039 0.7529411764705882
            specularColor 0.4235294117647059 0.40784313725490196 0.3764705882352941
            ambientIntensity 0.2
            transparency 0
            shininess 0.5
        }
    }
    geometry IndexedFaceSet {
        ccw TRUE
        solid FALSE
        coord DEF co Coordinate {
            point [
                -6.1909 0.1575 -1.5066, -6.1909 0.1575 -1.1811, -6.1909 1.5748 -1.5066, -6.1909 1.5748 -1.1811, -6.4075 1.5748 -1.1811, -6.4075 1.5748 -1.5066, -6.1516 1.5748 -1.6535, -6.4469 1.5748 -1.6535, -6.4075 0.1575 -1.5066, -6.4075 0.1575 -1.1811, -6.3976 1.2598 -1.1811, -6.3976 1.1024 -1.1811, -6.3919 1.0884 -1.1811, -6.3878 1.0853 -1.1811, -6.395 1.0925 -1.1811, -6.2154 1.0833 -1.1811, -6.2106 1.0853 -1.1811, -6.2015 1.0973 -1.1811, -6.2008 1.1024 -1.1811, -6.2008 1.2598 -1.1811, -6.2015 1.2649 -1.1811, -6.2034 1.2697 -1.1811, -6.2066 1.2738 -1.1811, -6.2106 1.2769 -1.1811, -6.383 1.2789 -1.1811, -6.3878 1.2769 -1.1811, -6.3919 1.2738 -1.1811, -6.397 1.0973 -1.1811, -6.395 1.2697 -1.1811, -6.397 1.2649 -1.1811, -6.2066 1.0884 -1.1811, -6.2034 1.0925 -1.1811, -6.2154 1.2789 -1.1811, -6.2205 1.2795 -1.1811, -6.378 1.2795 -1.1811, -6.383 1.0833 -1.1811, -6.378 1.0827 -1.1811, -6.2205 1.0827 -1.1811, -5.4035 0.1575 -1.5066, -5.4035 0.1575 -1.1811, -5.4035 1.5748 -1.5066, -5.4035 1.5748 -1.1811, -5.6594 1.5748 -1.6535, -5.3642 1.5748 -1.6535, -5.6201 1.5748 -1.5066, -5.6201 1.5748 -1.1811, -5.6201 0.1575 -1.5066, -5.6201 0.1575 -1.1811, -5.4141 1.2649 -1.1811, -5.416 1.2697 -1.1811, -5.4192 1.2738 -1.1811, -5.4232 1.2769 -1.1811, -5.5956 1.2789 -1.1811, -5.6004 1.2769 -1.1811, -5.6004 1.0853 -1.1811, -5.6045 1.0884 -1.1811, -5.6076 1.0925 -1.1811, -5.428 1.0833 -1.1811, -5.4232 1.0853 -1.1811, -5.4141 1.0973 -1.1811, -5.4134 1.1024 -1.1811, -5.4134 1.2598 -1.1811, -5.6045 1.2738 -1.1811, -5.6076 1.2697 -1.1811, -5.6096 1.2649 -1.1811, -5.6102 1.2598 -1.1811, -5.6102 1.1024 -1.1811, -5.6096 1.0973 -1.1811, -5.4192 1.0884 -1.1811, -5.416 1.0925 -1.1811, -5.428 1.2789 -1.1811, -5.4331 1.2795 -1.1811, -5.5906 1.2795 -1.1811, -5.5956 1.0833 -1.1811, -5.5906 1.0827 -1.1811, -5.4331 1.0827 -1.1811, -4.6161 0.1575 -1.5066, -4.6161 0.1575 -1.1811, -4.6161 1.5748 -1.5066, -4.6161 1.5748 -1.1811, -4.8327 1.5748 -1.1811, -4.8327 1.5748 -1.5066, -4.5768 1.5748 -1.6535, -4.872 1.5748 -1.6535, -4.8327 0.1575 -1.5066, -4.8327 0.1575 -1.1811, -4.6267 1.2649 -1.1811, -4.6286 1.2697 -1.1811, -4.6318 1.2738 -1.1811, -4.6358 1.2769 -1.1811, -4.8082 1.2789 -1.1811, -4.813 1.2769 -1.1811, -4.813 1.0853 -1.1811, -4.8171 1.0884 -1.1811, -4.8202 1.0925 -1.1811, -4.6406 1.0833 -1.1811, -4.6358 1.0853 -1.1811, -4.6267 1.0973 -1.1811, -4.626 1.1024 -1.1811, -4.626 1.2598 -1.1811, -4.8171 1.2738 -1.1811, -4.8202 1.2697 -1.1811, -4.8222 1.2649 -1.1811, -4.8228 1.2598 -1.1811, -4.8228 1.1024 -1.1811, -4.8222 1.0973 -1.1811, -4.6318 1.0884 -1.1811, -4.6286 1.0925 -1.1811, -4.6406 1.2789 -1.1811, -4.6457 1.2795 -1.1811, -4.8031 1.2795 -1.1811, -4.8082 1.0833 -1.1811, -4.8031 1.0827 -1.1811, -4.6457 1.0827 -1.1811, -3.8287 0.1575 -1.5066, -3.8287 0.1575 -1.1811, -3.8287 1.5748 -1.5066, -3.8287 1.5748 -1.1811, -4.0846 1.5748 -1.6535, -3.7894 1.5748 -1.6535, -4.0453 1.5748 -1.5066, -4.0453 1.5748 -1.1811, -4.0453 0.1575 -1.5066, -4.0453 0.1575 -1.1811, -3.8393 1.2649 -1.1811, -3.8412 1.2697 -1.1811, -3.8443 1.2738 -1.1811, -3.8484 1.2769 -1.1811, -4.0208 1.2789 -1.1811, -4.0256 1.2769 -1.1811, -4.0256 1.0853 -1.1811, -4.0297 1.0884 -1.1811, -4.0328 1.0925 -1.1811, -3.8532 1.0833 -1.1811, -3.8484 1.0853 -1.1811, -3.8393 1.0973 -1.1811, -3.8386 1.1024 -1.1811, -3.8386 1.2598 -1.1811, -4.0297 1.2738 -1.1811, -4.0328 1.2697 -1.1811, -4.0348 1.2649 -1.1811, -4.0354 1.2598 -1.1811, -4.0354 1.1024 -1.1811, -4.0348 1.0973 -1.1811, -3.8443 1.0884 -1.1811, -3.8412 1.0925 -1.1811, -3.8532 1.2789 -1.1811, -3.8583 1.2795 -1.1811, -4.0157 1.2795 -1.1811, -4.0208 1.0833 -1.1811, -4.0157 1.0827 -1.1811, -3.8583 1.0827 -1.1811, -3.0413 0.1575 -1.5066, -3.0413 0.1575 -1.1811, -3.0413 1.5748 -1.5066, -3.0413 1.5748 -1.1811, -3.2972 1.5748 -1.6535, -3.002 1.5748 -1.6535, -3.2579 1.5748 -1.5066, -3.2579 1.5748 -1.1811, -3.2579 0.1575 -1.5066, -3.2579 0.1575 -1.1811, -3.2474 1.2649 -1.1811, -3.248 1.2598 -1.1811, -3.248 1.1024 -1.1811, -3.2474 1.0973 -1.1811, -3.2454 1.0925 -1.1811, -3.2423 1.0884 -1.1811, -3.2382 1.0853 -1.1811, -3.2334 1.2789 -1.1811, -3.2382 1.2769 -1.1811, -3.0658 1.0833 -1.1811, -3.061 1.0853 -1.1811, -3.0569 1.0884 -1.1811, -3.0538 1.0925 -1.1811, -3.2423 1.2738 -1.1811, -3.2454 1.2697 -1.1811, -3.0519 1.2649 -1.1811, -3.0538 1.2697 -1.1811, -3.0569 1.2738 -1.1811, -3.061 1.2769 -1.1811, -3.0519 1.0973 -1.1811, -3.0512 1.1024 -1.1811, -3.0512 1.2598 -1.1811, -3.2334 1.0833 -1.1811, -3.2283 1.0827 -1.1811, -3.0709 1.0827 -1.1811, -3.0658 1.2789 -1.1811, -3.0709 1.2795 -1.1811, -3.2283 1.2795 -1.1811, -2.2539 0.1575 -1.5066, -2.2539 0.1575 -1.1811, -2.2539 1.5748 -1.5066, -2.2539 1.5748 -1.1811, -2.4705 1.5748 -1.1811, -2.4705 1.5748 -1.5066, -2.2146 1.5748 -1.6535, -2.5098 1.5748 -1.6535, -2.4705 0.1575 -1.5066, -2.4705 0.1575 -1.1811, -2.458 1.2697 -1.1811, -2.46 1.2649 -1.1811, -2.4606 1.2598 -1.1811, -2.4606 1.1024 -1.1811, -2.46 1.0973 -1.1811, -2.458 1.0925 -1.1811, -2.4549 1.0884 -1.1811, -2.4508 1.0853 -1.1811, -2.446 1.2789 -1.1811, -2.4508 1.2769 -1.1811, -2.4549 1.2738 -1.1811, -2.2784 1.0833 -1.1811, -2.2736 1.0853 -1.1811, -2.2695 1.0884 -1.1811, -2.2664 1.0925 -1.1811, -2.2645 1.2649 -1.1811, -2.2664 1.2697 -1.1811, -2.2695 1.2738 -1.1811, -2.2736 1.2769 -1.1811, -2.2645 1.0973 -1.1811, -2.2638 1.1024 -1.1811, -2.2638 1.2598 -1.1811, -2.2784 1.2789 -1.1811, -2.2835 1.2795 -1.1811, -2.4409 1.2795 -1.1811, -2.446 1.0833 -1.1811, -2.4409 1.0827 -1.1811, -2.2835 1.0827 -1.1811, -1.4665 0.1575 -1.5066, -1.4665 0.1575 -1.1811, -1.4665 1.5748 -1.5066, -1.4665 1.5748 -1.1811, -1.7224 1.5748 -1.6535, -1.4272 1.5748 -1.6535, -1.6831 1.5748 -1.5066, -1.6831 1.5748 -1.1811, -1.6831 0.1575 -1.5066, -1.6831 0.1575 -1.1811, -1.6706 1.2697 -1.1811, -1.6726 1.2649 -1.1811, -1.6706 1.0925 -1.1811, -1.6675 1.0884 -1.1811, -1.6634 1.0853 -1.1811, -1.6732 1.2598 -1.1811, -1.6732 1.1024 -1.1811, -1.6726 1.0973 -1.1811, -1.6586 1.2789 -1.1811, -1.6634 1.2769 -1.1811, -1.6675 1.2738 -1.1811, -1.491 1.0833 -1.1811, -1.4862 1.0853 -1.1811, -1.4821 1.0884 -1.1811, -1.479 1.0925 -1.1811, -1.477 1.2649 -1.1811, -1.479 1.2697 -1.1811, -1.4821 1.2738 -1.1811, -1.4862 1.2769 -1.1811, -1.6586 1.0833 -1.1811, -1.6535 1.0827 -1.1811, -1.4961 1.0827 -1.1811, -1.477 1.0973 -1.1811, -1.4764 1.1024 -1.1811, -1.4764 1.2598 -1.1811, -1.491 1.2789 -1.1811, -1.4961 1.2795 -1.1811, -1.6535 1.2795 -1.1811, -0.6791 0.1575 -1.5066, -0.6791 0.1575 -1.1811, -0.6791 1.5748 -1.5066, -0.6791 1.5748 -1.1811, -0.935 1.5748 -1.6535, -0.6398 1.5748 -1.6535, -0.8957 1.5748 -1.5066, -0.8957 1.5748 -1.1811, -0.8957 0.1575 -1.5066, -0.8957 0.1575 -1.1811, -0.8832 1.0925 -1.1811, -0.8801 1.0884 -1.1811, -0.8712 1.2789 -1.1811, -0.876 1.2769 -1.1811, -0.8801 1.2738 -1.1811, -0.8832 1.2697 -1.1811, -0.8852 1.2649 -1.1811, -0.8712 1.0833 -1.1811, -0.8661 1.0827 -1.1811, -0.6916 1.0925 -1.1811, -0.6947 1.0884 -1.1811, -0.6988 1.0853 -1.1811, -0.876 1.0853 -1.1811, -0.6896 1.0973 -1.1811, -0.689 1.1024 -1.1811, -0.689 1.2598 -1.1811, -0.6896 1.2649 -1.1811, -0.6916 1.2697 -1.1811, -0.6947 1.2738 -1.1811, -0.6988 1.2769 -1.1811, -0.8858 1.2598 -1.1811, -0.8858 1.1024 -1.1811, -0.8852 1.0973 -1.1811, -0.7087 1.0827 -1.1811, -0.7036 1.0833 -1.1811, -0.7036 1.2789 -1.1811, -0.7087 1.2795 -1.1811, -0.8661 1.2795 -1.1811, -0.6398 0.1575 -1.6535, -0.935 0.1575 -1.6535, -1.4272 0.1575 -1.6535, -1.7224 0.1575 -1.6535, -2.2146 0.1575 -1.6535, -2.5098 0.1575 -1.6535, -3.002 0.1575 -1.6535, -3.2972 0.1575 -1.6535, -3.7894 0.1575 -1.6535, -4.0846 0.1575 -1.6535, -4.5768 0.1575 -1.6535, -4.872 0.1575 -1.6535, -5.3642 0.1575 -1.6535, -5.6594 0.1575 -1.6535, -6.1516 0.1575 -1.6535, -6.4469 0.1575 -1.6535, -6.4469 0.1575 -1.6535
            ]
        }
        coordIndex [
            0,1,2,-1,2,1,3,-1,3,4,2,-1,2,4,5,-1,2,5,6,-1,6,5,7,-1,5,4,8,-1,8,4,9,-1,4,10,11,-1,12,13,9,-1,12,9,14,-1,15,16,1,-1,1,17,18,-1,1,18,3,-1,3,18,19,-1,3,19,20,-1,20,21,3,-1,3,21,22,-1,3,22,23,-1,24,25,4,-1,4,25,26,-1,4,11,9,-1,9,11,27,-1,9,27,14,-1,26,28,4,-1,4,28,29,-1,4,29,10,-1,16,30,1,-1,1,30,31,-1,1,31,17,-1,23,32,3,-1,3,32,33,-1,3,33,4,-1,4,33,34,-1,4,34,24,-1,13,35,9,-1,9,35,36,-1,9,36,1,-1,1,36,37,-1,1,37,15,-1,38,39,40,-1,40,39,41,-1,42,43,44,-1,44,43,40,-1,44,40,45,-1,45,40,41,-1,44,45,46,-1,46,45,47,-1,48,49,41,-1,41,49,50,-1,41,50,51,-1,52,53,45,-1,54,47,55,-1,55,47,56,-1,57,58,39,-1,39,59,60,-1,39,60,41,-1,41,60,61,-1,41,61,48,-1,53,62,45,-1,45,62,63,-1,45,63,64,-1,64,65,45,-1,45,65,66,-1,45,66,47,-1,47,66,67,-1,47,67,56,-1,58,68,39,-1,39,68,69,-1,39,69,59,-1,51,70,41,-1,41,70,71,-1,41,71,45,-1,45,71,72,-1,45,72,52,-1,54,73,47,-1,47,73,74,-1,47,74,39,-1,39,74,75,-1,39,75,57,-1,76,77,78,-1,78,77,79,-1,79,80,78,-1,78,80,81,-1,78,81,82,-1,82,81,83,-1,81,80,84,-1,84,80,85,-1,86,87,79,-1,79,87,88,-1,79,88,89,-1,90,91,80,-1,92,85,93,-1,93,85,94,-1,95,96,77,-1,77,97,98,-1,77,98,79,-1,79,98,99,-1,79,99,86,-1,91,100,80,-1,80,100,101,-1,80,101,102,-1,102,103,80,-1,80,103,104,-1,80,104,85,-1,85,104,105,-1,85,105,94,-1,96,106,77,-1,77,106,107,-1,77,107,97,-1,89,108,79,-1,79,108,109,-1,79,109,80,-1,80,109,110,-1,80,110,90,-1,92,111,85,-1,85,111,112,-1,85,112,77,-1,77,112,113,-1,77,113,95,-1,114,115,116,-1,116,115,117,-1,118,119,120,-1,120,119,116,-1,120,116,121,-1,121,116,117,-1,120,121,122,-1,122,121,123,-1,124,125,117,-1,117,125,126,-1,117,126,127,-1,128,129,121,-1,130,123,131,-1,131,123,132,-1,133,134,115,-1,115,135,136,-1,115,136,117,-1,117,136,137,-1,117,137,124,-1,129,138,121,-1,121,138,139,-1,121,139,140,-1,140,141,121,-1,121,141,142,-1,121,142,123,-1,123,142,143,-1,123,143,132,-1,134,144,115,-1,115,144,145,-1,115,145,135,-1,127,146,117,-1,117,146,147,-1,117,147,121,-1,121,147,148,-1,121,148,128,-1,130,149,123,-1,123,149,150,-1,123,150,115,-1,115,150,151,-1,115,151,133,-1,152,153,154,-1,154,153,155,-1,156,157,158,-1,158,157,154,-1,158,154,159,-1,159,154,155,-1,158,159,160,-1,160,159,161,-1,162,163,159,-1,159,163,164,-1,159,164,161,-1,161,164,165,-1,165,166,161,-1,161,166,167,-1,161,167,168,-1,169,170,159,-1,171,172,153,-1,153,172,173,-1,153,173,174,-1,170,175,159,-1,159,175,176,-1,159,176,162,-1,177,178,155,-1,155,178,179,-1,155,179,180,-1,174,181,153,-1,153,181,182,-1,153,182,155,-1,155,182,183,-1,155,183,177,-1,168,184,161,-1,161,184,185,-1,161,185,153,-1,153,185,186,-1,153,186,171,-1,180,187,155,-1,155,187,188,-1,155,188,159,-1,159,188,189,-1,159,189,169,-1,190,191,192,-1,192,191,193,-1,193,194,192,-1,192,194,195,-1,192,195,196,-1,196,195,197,-1,195,194,198,-1,198,194,199,-1,200,201,194,-1,201,202,194,-1,194,202,203,-1,194,203,199,-1,199,203,204,-1,204,205,199,-1,199,205,206,-1,199,206,207,-1,208,209,194,-1,194,209,210,-1,194,210,200,-1,211,212,191,-1,191,212,213,-1,191,213,214,-1,215,216,193,-1,193,216,217,-1,193,217,218,-1,214,219,191,-1,191,219,220,-1,191,220,193,-1,193,220,221,-1,193,221,215,-1,218,222,193,-1,193,222,223,-1,193,223,194,-1,194,223,224,-1,194,224,208,-1,207,225,199,-1,199,225,226,-1,199,226,191,-1,191,226,227,-1,191,227,211,-1,228,229,230,-1,230,229,231,-1,232,233,234,-1,234,233,230,-1,234,230,235,-1,235,230,231,-1,234,235,236,-1,236,235,237,-1,238,239,235,-1,240,241,237,-1,237,241,242,-1,239,243,235,-1,235,243,244,-1,235,244,237,-1,237,244,245,-1,237,245,240,-1,246,247,235,-1,235,247,248,-1,235,248,238,-1,249,250,229,-1,229,250,251,-1,229,251,252,-1,253,254,231,-1,231,254,255,-1,231,255,256,-1,242,257,237,-1,237,257,258,-1,237,258,229,-1,229,258,259,-1,229,259,249,-1,252,260,229,-1,229,260,261,-1,229,261,231,-1,231,261,262,-1,231,262,253,-1,256,263,231,-1,231,263,264,-1,231,264,235,-1,235,264,265,-1,235,265,246,-1,266,267,268,-1,268,267,269,-1,270,271,272,-1,272,271,268,-1,272,268,273,-1,273,268,269,-1,272,273,274,-1,274,273,275,-1,276,277,275,-1,278,279,273,-1,279,280,273,-1,273,280,281,-1,273,281,282,-1,283,284,267,-1,285,267,286,-1,286,267,287,-1,275,277,267,-1,267,277,288,-1,267,288,283,-1,285,289,267,-1,267,289,290,-1,267,290,269,-1,269,290,291,-1,269,291,292,-1,292,293,269,-1,269,293,294,-1,269,294,295,-1,282,296,273,-1,273,296,297,-1,273,297,275,-1,275,297,298,-1,275,298,276,-1,284,299,267,-1,267,299,300,-1,267,300,287,-1,295,301,269,-1,269,301,302,-1,269,302,273,-1,273,302,303,-1,273,303,278,-1,304,266,271,-1,271,266,268,-1,270,272,305,-1,305,272,274,-1,306,228,233,-1,233,228,230,-1,232,234,307,-1,307,234,236,-1,308,190,196,-1,196,190,192,-1,197,195,309,-1,309,195,198,-1,310,152,157,-1,157,152,154,-1,156,158,311,-1,311,158,160,-1,312,114,119,-1,119,114,116,-1,118,120,313,-1,313,120,122,-1,314,76,82,-1,82,76,78,-1,83,81,315,-1,315,81,84,-1,316,38,43,-1,43,38,40,-1,42,44,317,-1,317,44,46,-1,318,0,6,-1,6,0,2,-1,7,5,319,-1,319,5,8,-1,
        ]
    }
}
Shape{
    appearance Appearance {
        material  Material 	{
            diffuseColor 0.8509803921568627 0.8509803921568627 0.8509803921568627
            specularColor 0.4235294117647059 0.4235294117647059 0.4235294117647059
            ambientIntensity 0.2
            transparency 0
            shininess 0.5
        }
    }
    geometry IndexedFaceSet {
        ccw TRUE
        solid FALSE
        coord DEF co Coordinate {
            point [
                -0.8661 1.2795 -1.3425, -0.7087 1.2795 -1.3425, -0.7087 1.2716 -1.4126, -0.8661 1.2716 -1.4126, -0.7087 1.2483 -1.4792, -0.8661 1.2483 -1.4792, -0.7087 1.2108 -1.5389, -0.8661 1.2108 -1.5389, -0.7087 1.1609 -1.5888, -0.8661 1.1609 -1.5888, -0.7087 1.1012 -1.6263, -0.8661 1.1012 -1.6263, -0.7087 1.0347 -1.6496, -0.8661 1.0347 -1.6496, -0.7087 0.9646 -1.6575, -0.8661 0.9646 -1.6575, -0.7087 -0.4185 -1.6575, -0.8661 -0.4185 -1.6575, -0.7449 -0.6417 -1.5165, -0.8299 -0.6417 -1.5165, -0.7449 -0.6417 -1.6016, -0.8299 -0.6417 -1.6016, -0.7087 0.9646 -1.4606, -0.8661 0.9646 -1.4606, -0.7087 -0.4185 -1.4606, -0.8661 -0.4185 -1.4606, -0.8661 0.9908 -1.4577, -0.7087 0.9908 -1.4577, -0.8661 1.0158 -1.4489, -0.7087 1.0158 -1.4489, -0.8661 1.0382 -1.4349, -0.7087 1.0382 -1.4349, -0.8661 1.0569 -1.4162, -0.7087 1.0569 -1.4162, -0.8661 1.071 -1.3938, -0.7087 1.071 -1.3938, -0.8661 1.0797 -1.3688, -0.7087 1.0797 -1.3688, -0.8661 1.0827 -1.3425, -0.7087 1.0827 -1.3425, -0.689 -0.4185 -1.4803, -0.689 -0.4185 -1.6378, -0.689 0.9646 -1.4803, -0.689 0.9646 -1.6378, -0.689 0.9952 -1.4769, -0.689 1.0303 -1.6304, -0.689 1.0244 -1.4667, -0.689 1.0927 -1.6086, -0.689 1.0505 -1.4503, -0.689 1.1487 -1.5734, -0.689 1.0723 -1.4284, -0.689 1.1954 -1.5266, -0.689 1.0887 -1.4023, -0.689 1.2306 -1.4706, -0.689 1.0989 -1.3732, -0.689 1.2524 -1.4082, -0.689 1.1024 -1.3425, -0.689 1.2598 -1.3425, -0.689 1.1024 -1.1811, -0.689 1.2598 -1.1811, -0.8858 1.1024 -1.1811, -0.8858 1.2598 -1.1811, -0.8858 1.1024 -1.3425, -0.8858 1.2598 -1.3425, -0.8858 1.0989 -1.3732, -0.8858 1.2524 -1.4082, -0.8858 1.0887 -1.4023, -0.8858 1.2306 -1.4706, -0.8858 1.0723 -1.4284, -0.8858 1.1954 -1.5266, -0.8858 1.0505 -1.4503, -0.8858 1.1487 -1.5734, -0.8858 1.0244 -1.4667, -0.8858 1.0927 -1.6086, -0.8858 0.9952 -1.4769, -0.8858 1.0303 -1.6304, -0.8858 0.9646 -1.4803, -0.8858 0.9646 -1.6378, -0.8858 -0.4185 -1.4803, -0.8858 -0.4185 -1.6378, -0.7087 1.0827 -1.1811, -0.8661 1.0827 -1.1811, -0.7087 1.2795 -1.1811, -0.8661 1.2795 -1.1811, -0.7449 1.2236 0.6693, -0.8299 1.2236 0.6693, -0.7449 1.1386 0.6693, -0.8299 1.1386 0.6693, -0.8661 1.2795 0.446, -0.7087 1.2795 0.446, -0.8661 1.2795 -0.5118, -0.7087 1.2795 -0.5118, -0.7087 1.0827 0.446, -0.8661 1.0827 0.446, -0.7087 1.0827 -0.5118, -0.8661 1.0827 -0.5118, -0.8858 1.1024 0.446, -0.8858 1.2598 0.446, -0.8858 1.1024 -0.5118, -0.8858 1.2598 -0.5118, -0.689 1.1024 -0.5118, -0.689 1.2598 -0.5118, -0.689 1.1024 0.446, -0.689 1.2598 0.446, -1.6535 1.2795 -1.3425, -1.4961 1.2795 -1.3425, -1.4961 1.2716 -1.4126, -1.6535 1.2716 -1.4126, -1.4961 1.2483 -1.4792, -1.6535 1.2483 -1.4792, -1.4961 1.2108 -1.5389, -1.6535 1.2108 -1.5389, -1.4961 1.1609 -1.5888, -1.6535 1.1609 -1.5888, -1.4961 1.1012 -1.6263, -1.6535 1.1012 -1.6263, -1.4961 1.0347 -1.6496, -1.6535 1.0347 -1.6496, -1.4961 0.9646 -1.6575, -1.6535 0.9646 -1.6575, -1.4961 -0.4185 -1.6575, -1.6535 -0.4185 -1.6575, -1.5323 -0.6417 -1.5165, -1.6173 -0.6417 -1.5165, -1.5323 -0.6417 -1.6016, -1.6173 -0.6417 -1.6016, -1.4961 0.9646 -1.4606, -1.6535 0.9646 -1.4606, -1.4961 -0.4185 -1.4606, -1.6535 -0.4185 -1.4606, -1.6535 0.9908 -1.4577, -1.4961 0.9908 -1.4577, -1.6535 1.0158 -1.4489, -1.4961 1.0158 -1.4489, -1.6535 1.0382 -1.4349, -1.4961 1.0382 -1.4349, -1.6535 1.0569 -1.4162, -1.4961 1.0569 -1.4162, -1.6535 1.071 -1.3938, -1.4961 1.071 -1.3938, -1.6535 1.0797 -1.3688, -1.4961 1.0797 -1.3688, -1.6535 1.0827 -1.3425, -1.4961 1.0827 -1.3425, -1.4764 -0.4185 -1.4803, -1.4764 -0.4185 -1.6378, -1.4764 0.9646 -1.4803, -1.4764 0.9646 -1.6378, -1.4764 0.9952 -1.4769, -1.4764 1.0303 -1.6304, -1.4764 1.0244 -1.4667, -1.4764 1.0927 -1.6086, -1.4764 1.0505 -1.4503, -1.4764 1.1487 -1.5734, -1.4764 1.0723 -1.4284, -1.4764 1.1954 -1.5266, -1.4764 1.0887 -1.4023, -1.4764 1.2306 -1.4706, -1.4764 1.0989 -1.3732, -1.4764 1.2524 -1.4082, -1.4764 1.1024 -1.3425, -1.4764 1.2598 -1.3425, -1.4764 1.1024 -1.1811, -1.4764 1.2598 -1.1811, -1.6732 1.1024 -1.1811, -1.6732 1.2598 -1.1811, -1.6732 1.1024 -1.3425, -1.6732 1.2598 -1.3425, -1.6732 1.0989 -1.3732, -1.6732 1.2524 -1.4082, -1.6732 1.0887 -1.4023, -1.6732 1.2306 -1.4706, -1.6732 1.0723 -1.4284, -1.6732 1.1954 -1.5266, -1.6732 1.0505 -1.4503, -1.6732 1.1487 -1.5734, -1.6732 1.0244 -1.4667, -1.6732 1.0927 -1.6086, -1.6732 0.9952 -1.4769, -1.6732 1.0303 -1.6304, -1.6732 0.9646 -1.4803, -1.6732 0.9646 -1.6378, -1.6732 -0.4185 -1.4803, -1.6732 -0.4185 -1.6378, -1.4961 1.0827 -1.1811, -1.6535 1.0827 -1.1811, -1.4961 1.2795 -1.1811, -1.6535 1.2795 -1.1811, -1.5323 1.2236 0.6693, -1.6173 1.2236 0.6693, -1.5323 1.1386 0.6693, -1.6173 1.1386 0.6693, -1.6535 1.2795 0.446, -1.4961 1.2795 0.446, -1.6535 1.2795 -0.5118, -1.4961 1.2795 -0.5118, -1.4961 1.0827 0.446, -1.6535 1.0827 0.446, -1.4961 1.0827 -0.5118, -1.6535 1.0827 -0.5118, -1.6732 1.1024 0.446, -1.6732 1.2598 0.446, -1.6732 1.1024 -0.5118, -1.6732 1.2598 -0.5118, -1.4764 1.1024 -0.5118, -1.4764 1.2598 -0.5118, -1.4764 1.1024 0.446, -1.4764 1.2598 0.446, -2.4409 1.2795 -1.3425, -2.2835 1.2795 -1.3425, -2.2835 1.2716 -1.4126, -2.4409 1.2716 -1.4126, -2.2835 1.2483 -1.4792, -2.4409 1.2483 -1.4792, -2.2835 1.2108 -1.5389, -2.4409 1.2108 -1.5389, -2.2835 1.1609 -1.5888, -2.4409 1.1609 -1.5888, -2.2835 1.1012 -1.6263, -2.4409 1.1012 -1.6263, -2.2835 1.0347 -1.6496, -2.4409 1.0347 -1.6496, -2.2835 0.9646 -1.6575, -2.4409 0.9646 -1.6575, -2.2835 -0.4185 -1.6575, -2.4409 -0.4185 -1.6575, -2.3197 -0.6417 -1.5165, -2.4047 -0.6417 -1.5165, -2.3197 -0.6417 -1.6016, -2.4047 -0.6417 -1.6016, -2.2835 0.9646 -1.4606, -2.4409 0.9646 -1.4606, -2.2835 -0.4185 -1.4606, -2.4409 -0.4185 -1.4606, -2.4409 0.9908 -1.4577, -2.2835 0.9908 -1.4577, -2.4409 1.0158 -1.4489, -2.2835 1.0158 -1.4489, -2.4409 1.0382 -1.4349, -2.2835 1.0382 -1.4349, -2.4409 1.0569 -1.4162, -2.2835 1.0569 -1.4162, -2.4409 1.071 -1.3938, -2.2835 1.071 -1.3938, -2.4409 1.0797 -1.3688, -2.2835 1.0797 -1.3688, -2.4409 1.0827 -1.3425, -2.2835 1.0827 -1.3425, -2.2638 -0.4185 -1.4803, -2.2638 -0.4185 -1.6378, -2.2638 0.9646 -1.4803, -2.2638 0.9646 -1.6378, -2.2638 0.9952 -1.4769, -2.2638 1.0303 -1.6304, -2.2638 1.0244 -1.4667, -2.2638 1.0927 -1.6086, -2.2638 1.0505 -1.4503, -2.2638 1.1487 -1.5734, -2.2638 1.0723 -1.4284, -2.2638 1.1954 -1.5266, -2.2638 1.0887 -1.4023, -2.2638 1.2306 -1.4706, -2.2638 1.0989 -1.3732, -2.2638 1.2524 -1.4082, -2.2638 1.1024 -1.3425, -2.2638 1.2598 -1.3425, -2.2638 1.1024 -1.1811, -2.2638 1.2598 -1.1811, -2.4606 1.1024 -1.1811, -2.4606 1.2598 -1.1811, -2.4606 1.1024 -1.3425, -2.4606 1.2598 -1.3425, -2.4606 1.0989 -1.3732, -2.4606 1.2524 -1.4082, -2.4606 1.0887 -1.4023, -2.4606 1.2306 -1.4706, -2.4606 1.0723 -1.4284, -2.4606 1.1954 -1.5266, -2.4606 1.0505 -1.4503, -2.4606 1.1487 -1.5734, -2.4606 1.0244 -1.4667, -2.4606 1.0927 -1.6086, -2.4606 0.9952 -1.4769, -2.4606 1.0303 -1.6304, -2.4606 0.9646 -1.4803, -2.4606 0.9646 -1.6378, -2.4606 -0.4185 -1.4803, -2.4606 -0.4185 -1.6378, -2.2835 1.0827 -1.1811, -2.4409 1.0827 -1.1811, -2.2835 1.2795 -1.1811, -2.4409 1.2795 -1.1811, -2.3197 1.2236 0.6693, -2.4047 1.2236 0.6693, -2.3197 1.1386 0.6693, -2.4047 1.1386 0.6693, -2.4409 1.2795 0.446, -2.2835 1.2795 0.446, -2.4409 1.2795 -0.5118, -2.2835 1.2795 -0.5118, -2.2835 1.0827 0.446, -2.4409 1.0827 0.446, -2.2835 1.0827 -0.5118, -2.4409 1.0827 -0.5118, -2.4606 1.1024 0.446, -2.4606 1.2598 0.446, -2.4606 1.1024 -0.5118, -2.4606 1.2598 -0.5118, -2.2638 1.1024 -0.5118, -2.2638 1.2598 -0.5118, -2.2638 1.1024 0.446, -2.2638 1.2598 0.446, -3.2283 1.2795 -1.3425, -3.0709 1.2795 -1.3425, -3.0709 1.2716 -1.4126, -3.2283 1.2716 -1.4126, -3.0709 1.2483 -1.4792, -3.2283 1.2483 -1.4792, -3.0709 1.2108 -1.5389, -3.2283 1.2108 -1.5389, -3.0709 1.1609 -1.5888, -3.2283 1.1609 -1.5888, -3.0709 1.1012 -1.6263, -3.2283 1.1012 -1.6263, -3.0709 1.0347 -1.6496, -3.2283 1.0347 -1.6496, -3.0709 0.9646 -1.6575, -3.2283 0.9646 -1.6575, -3.0709 -0.4185 -1.6575, -3.2283 -0.4185 -1.6575, -3.1071 -0.6417 -1.5165, -3.1921 -0.6417 -1.5165, -3.1071 -0.6417 -1.6016, -3.1921 -0.6417 -1.6016, -3.0709 0.9646 -1.4606, -3.2283 0.9646 -1.4606, -3.0709 -0.4185 -1.4606, -3.2283 -0.4185 -1.4606, -3.2283 0.9908 -1.4577, -3.0709 0.9908 -1.4577, -3.2283 1.0158 -1.4489, -3.0709 1.0158 -1.4489, -3.2283 1.0382 -1.4349, -3.0709 1.0382 -1.4349, -3.2283 1.0569 -1.4162, -3.0709 1.0569 -1.4162, -3.2283 1.071 -1.3938, -3.0709 1.071 -1.3938, -3.2283 1.0797 -1.3688, -3.0709 1.0797 -1.3688, -3.2283 1.0827 -1.3425, -3.0709 1.0827 -1.3425, -3.0512 -0.4185 -1.4803, -3.0512 -0.4185 -1.6378, -3.0512 0.9646 -1.4803, -3.0512 0.9646 -1.6378, -3.0512 0.9952 -1.4769, -3.0512 1.0303 -1.6304, -3.0512 1.0244 -1.4667, -3.0512 1.0927 -1.6086, -3.0512 1.0505 -1.4503, -3.0512 1.1487 -1.5734, -3.0512 1.0723 -1.4284, -3.0512 1.1954 -1.5266, -3.0512 1.0887 -1.4023, -3.0512 1.2306 -1.4706, -3.0512 1.0989 -1.3732, -3.0512 1.2524 -1.4082, -3.0512 1.1024 -1.3425, -3.0512 1.2598 -1.3425, -3.0512 1.1024 -1.1811, -3.0512 1.2598 -1.1811, -3.248 1.1024 -1.1811, -3.248 1.2598 -1.1811, -3.248 1.1024 -1.3425, -3.248 1.2598 -1.3425, -3.248 1.0989 -1.3732, -3.248 1.2524 -1.4082, -3.248 1.0887 -1.4023, -3.248 1.2306 -1.4706, -3.248 1.0723 -1.4284, -3.248 1.1954 -1.5266, -3.248 1.0505 -1.4503, -3.248 1.1487 -1.5734, -3.248 1.0244 -1.4667, -3.248 1.0927 -1.6086, -3.248 0.9952 -1.4769, -3.248 1.0303 -1.6304, -3.248 0.9646 -1.4803, -3.248 0.9646 -1.6378, -3.248 -0.4185 -1.4803, -3.248 -0.4185 -1.6378, -3.0709 1.0827 -1.1811, -3.2283 1.0827 -1.1811, -3.0709 1.2795 -1.1811, -3.2283 1.2795 -1.1811, -3.1071 1.2236 0.6693, -3.1921 1.2236 0.6693, -3.1071 1.1386 0.6693, -3.1921 1.1386 0.6693, -3.2283 1.2795 -0.5118, -3.2283 1.2795 0.446, -3.1088 1.2795 -0.5118, -3.0709 1.2795 0.446, -3.0709 1.2795 -0.5118, -3.0709 1.0827 -0.5118, -3.0709 1.0827 0.446, -3.1088 1.0827 -0.5118, -3.2283 1.0827 0.446, -3.2283 1.0827 -0.5118, -3.248 1.1024 0.446, -3.248 1.2598 0.446, -3.248 1.1024 -0.5118, -3.248 1.2598 -0.5118, -3.0512 1.1024 -0.5118, -3.0512 1.2598 -0.5118, -3.0512 1.1024 0.446, -3.0512 1.2598 0.446, -4.0157 1.2795 -1.3425, -3.8583 1.2795 -1.3425, -3.8583 1.2716 -1.4126, -4.0157 1.2716 -1.4126, -3.8583 1.2483 -1.4792, -4.0157 1.2483 -1.4792, -3.8583 1.2108 -1.5389, -4.0157 1.2108 -1.5389, -3.8583 1.1609 -1.5888, -4.0157 1.1609 -1.5888, -3.8583 1.1012 -1.6263, -4.0157 1.1012 -1.6263, -3.8583 1.0347 -1.6496, -4.0157 1.0347 -1.6496, -3.8583 0.9646 -1.6575, -4.0157 0.9646 -1.6575, -3.8583 -0.4185 -1.6575, -4.0157 -0.4185 -1.6575, -3.8945 -0.6417 -1.5165, -3.9795 -0.6417 -1.5165, -3.8945 -0.6417 -1.6016, -3.9795 -0.6417 -1.6016, -3.8583 0.9646 -1.4606, -4.0157 0.9646 -1.4606, -3.8583 -0.4185 -1.4606, -4.0157 -0.4185 -1.4606, -4.0157 0.9908 -1.4577, -3.8583 0.9908 -1.4577, -4.0157 1.0158 -1.4489, -3.8583 1.0158 -1.4489, -4.0157 1.0382 -1.4349, -3.8583 1.0382 -1.4349, -4.0157 1.0569 -1.4162, -3.8583 1.0569 -1.4162, -4.0157 1.071 -1.3938, -3.8583 1.071 -1.3938, -4.0157 1.0797 -1.3688, -3.8583 1.0797 -1.3688, -4.0157 1.0827 -1.3425, -3.8583 1.0827 -1.3425, -3.8386 -0.4185 -1.4803, -3.8386 -0.4185 -1.6378, -3.8386 0.9646 -1.4803, -3.8386 0.9646 -1.6378, -3.8386 0.9952 -1.4769, -3.8386 1.0303 -1.6304, -3.8386 1.0244 -1.4667, -3.8386 1.0927 -1.6086, -3.8386 1.0505 -1.4503, -3.8386 1.1487 -1.5734, -3.8386 1.0723 -1.4284, -3.8386 1.1954 -1.5266, -3.8386 1.0887 -1.4023, -3.8386 1.2306 -1.4706, -3.8386 1.0989 -1.3732, -3.8386 1.2524 -1.4082, -3.8386 1.1024 -1.3425, -3.8386 1.2598 -1.3425, -3.8386 1.1024 -1.1811, -3.8386 1.2598 -1.1811, -4.0354 1.1024 -1.1811, -4.0354 1.2598 -1.1811, -4.0354 1.1024 -1.3425, -4.0354 1.2598 -1.3425, -4.0354 1.0989 -1.3732, -4.0354 1.2524 -1.4082, -4.0354 1.0887 -1.4023, -4.0354 1.2306 -1.4706, -4.0354 1.0723 -1.4284, -4.0354 1.1954 -1.5266, -4.0354 1.0505 -1.4503, -4.0354 1.1487 -1.5734, -4.0354 1.0244 -1.4667, -4.0354 1.0927 -1.6086, -4.0354 0.9952 -1.4769, -4.0354 1.0303 -1.6304, -4.0354 0.9646 -1.4803, -4.0354 0.9646 -1.6378, -4.0354 -0.4185 -1.4803, -4.0354 -0.4185 -1.6378, -3.8583 1.0827 -1.1811, -4.0157 1.0827 -1.1811, -3.8583 1.2795 -1.1811, -4.0157 1.2795 -1.1811, -3.8945 1.2236 0.6693, -3.9795 1.2236 0.6693, -3.8945 1.1386 0.6693, -3.9795 1.1386 0.6693, -4.0157 1.2795 0.446, -3.8583 1.2795 0.446, -4.0157 1.2795 -0.5118, -3.8583 1.2795 -0.5118, -3.8583 1.0827 0.446, -4.0157 1.0827 0.446, -3.8583 1.0827 -0.5118, -4.0157 1.0827 -0.5118, -4.0354 1.1024 0.446, -4.0354 1.2598 0.446, -4.0354 1.1024 -0.5118, -4.0354 1.2598 -0.5118, -3.8386 1.1024 -0.5118, -3.8386 1.2598 -0.5118, -3.8386 1.1024 0.446, -3.8386 1.2598 0.446, -4.8031 1.2795 -1.3425, -4.6457 1.2795 -1.3425, -4.6457 1.2716 -1.4126, -4.8031 1.2716 -1.4126, -4.6457 1.2483 -1.4792, -4.8031 1.2483 -1.4792, -4.6457 1.2108 -1.5389, -4.8031 1.2108 -1.5389, -4.6457 1.1609 -1.5888, -4.8031 1.1609 -1.5888, -4.6457 1.1012 -1.6263, -4.8031 1.1012 -1.6263, -4.6457 1.0347 -1.6496, -4.8031 1.0347 -1.6496, -4.6457 0.9646 -1.6575, -4.8031 0.9646 -1.6575, -4.6457 -0.4185 -1.6575, -4.8031 -0.4185 -1.6575, -4.6819 -0.6417 -1.5165, -4.7669 -0.6417 -1.5165, -4.6819 -0.6417 -1.6016, -4.7669 -0.6417 -1.6016, -4.6457 0.9646 -1.4606, -4.8031 0.9646 -1.4606, -4.6457 -0.4185 -1.4606, -4.8031 -0.4185 -1.4606, -4.8031 0.9908 -1.4577, -4.6457 0.9908 -1.4577, -4.8031 1.0158 -1.4489, -4.6457 1.0158 -1.4489, -4.8031 1.0382 -1.4349, -4.6457 1.0382 -1.4349, -4.8031 1.0569 -1.4162, -4.6457 1.0569 -1.4162, -4.8031 1.071 -1.3938, -4.6457 1.071 -1.3938, -4.8031 1.0797 -1.3688, -4.6457 1.0797 -1.3688, -4.8031 1.0827 -1.3425, -4.6457 1.0827 -1.3425, -4.626 -0.4185 -1.4803, -4.626 -0.4185 -1.6378, -4.626 0.9646 -1.4803, -4.626 0.9646 -1.6378, -4.626 0.9952 -1.4769, -4.626 1.0303 -1.6304, -4.626 1.0244 -1.4667, -4.626 1.0927 -1.6086, -4.626 1.0505 -1.4503, -4.626 1.1487 -1.5734, -4.626 1.0723 -1.4284, -4.626 1.1954 -1.5266, -4.626 1.0887 -1.4023, -4.626 1.2306 -1.4706, -4.626 1.0989 -1.3732, -4.626 1.2524 -1.4082, -4.626 1.1024 -1.3425, -4.626 1.2598 -1.3425, -4.626 1.1024 -1.1811, -4.626 1.2598 -1.1811, -4.8228 1.1024 -1.1811, -4.8228 1.2598 -1.1811, -4.8228 1.1024 -1.3425, -4.8228 1.2598 -1.3425, -4.8228 1.0989 -1.3732, -4.8228 1.2524 -1.4082, -4.8228 1.0887 -1.4023, -4.8228 1.2306 -1.4706, -4.8228 1.0723 -1.4284, -4.8228 1.1954 -1.5266, -4.8228 1.0505 -1.4503, -4.8228 1.1487 -1.5734, -4.8228 1.0244 -1.4667, -4.8228 1.0927 -1.6086, -4.8228 0.9952 -1.4769, -4.8228 1.0303 -1.6304, -4.8228 0.9646 -1.4803, -4.8228 0.9646 -1.6378, -4.8228 -0.4185 -1.4803, -4.8228 -0.4185 -1.6378, -4.6457 1.0827 -1.1811, -4.8031 1.0827 -1.1811, -4.6457 1.2795 -1.1811, -4.8031 1.2795 -1.1811, -4.6819 1.2236 0.6693, -4.7669 1.2236 0.6693, -4.6819 1.1386 0.6693, -4.7669 1.1386 0.6693, -4.8031 1.2795 0.446, -4.6457 1.2795 0.446, -4.8031 1.2795 -0.5118, -4.6457 1.2795 -0.5118, -4.6457 1.0827 0.446, -4.8031 1.0827 0.446, -4.6457 1.0827 -0.5118, -4.8031 1.0827 -0.5118, -4.8228 1.1024 0.446, -4.8228 1.2598 0.446, -4.8228 1.1024 -0.5118, -4.8228 1.2598 -0.5118, -4.626 1.1024 -0.5118, -4.626 1.2598 -0.5118, -4.626 1.1024 0.446, -4.626 1.2598 0.446, -5.5906 1.2795 -1.3425, -5.4331 1.2795 -1.3425, -5.4331 1.2716 -1.4126, -5.5906 1.2716 -1.4126, -5.4331 1.2483 -1.4792, -5.5906 1.2483 -1.4792, -5.4331 1.2108 -1.5389, -5.5906 1.2108 -1.5389, -5.4331 1.1609 -1.5888, -5.5906 1.1609 -1.5888, -5.4331 1.1012 -1.6263, -5.5906 1.1012 -1.6263, -5.4331 1.0347 -1.6496, -5.5906 1.0347 -1.6496, -5.4331 0.9646 -1.6575, -5.5906 0.9646 -1.6575, -5.4331 -0.4185 -1.6575, -5.5906 -0.4185 -1.6575, -5.4693 -0.6417 -1.5165, -5.5543 -0.6417 -1.5165, -5.4693 -0.6417 -1.6016, -5.5543 -0.6417 -1.6016, -5.4331 0.9646 -1.4606, -5.5906 0.9646 -1.4606, -5.4331 -0.4185 -1.4606, -5.5906 -0.4185 -1.4606, -5.5906 0.9908 -1.4577, -5.4331 0.9908 -1.4577, -5.5906 1.0158 -1.4489, -5.4331 1.0158 -1.4489, -5.5906 1.0382 -1.4349, -5.4331 1.0382 -1.4349, -5.5906 1.0569 -1.4162, -5.4331 1.0569 -1.4162, -5.5906 1.071 -1.3938, -5.4331 1.071 -1.3938, -5.5906 1.0797 -1.3688, -5.4331 1.0797 -1.3688, -5.5906 1.0827 -1.3425, -5.4331 1.0827 -1.3425, -5.4134 -0.4185 -1.4803, -5.4134 -0.4185 -1.6378, -5.4134 0.9646 -1.4803, -5.4134 0.9646 -1.6378, -5.4134 0.9952 -1.4769, -5.4134 1.0303 -1.6304, -5.4134 1.0244 -1.4667, -5.4134 1.0927 -1.6086, -5.4134 1.0505 -1.4503, -5.4134 1.1487 -1.5734, -5.4134 1.0723 -1.4284, -5.4134 1.1954 -1.5266, -5.4134 1.0887 -1.4023, -5.4134 1.2306 -1.4706, -5.4134 1.0989 -1.3732, -5.4134 1.2524 -1.4082, -5.4134 1.1024 -1.3425, -5.4134 1.2598 -1.3425, -5.4134 1.1024 -1.1811, -5.4134 1.2598 -1.1811, -5.6102 1.1024 -1.1811, -5.6102 1.2598 -1.1811, -5.6102 1.1024 -1.3425, -5.6102 1.2598 -1.3425, -5.6102 1.0989 -1.3732, -5.6102 1.2524 -1.4082, -5.6102 1.0887 -1.4023, -5.6102 1.2306 -1.4706, -5.6102 1.0723 -1.4284, -5.6102 1.1954 -1.5266, -5.6102 1.0505 -1.4503, -5.6102 1.1487 -1.5734, -5.6102 1.0244 -1.4667, -5.6102 1.0927 -1.6086, -5.6102 0.9952 -1.4769, -5.6102 1.0303 -1.6304, -5.6102 0.9646 -1.4803, -5.6102 0.9646 -1.6378, -5.6102 -0.4185 -1.4803, -5.6102 -0.4185 -1.6378, -5.4331 1.0827 -1.1811, -5.5906 1.0827 -1.1811, -5.4331 1.2795 -1.1811, -5.5906 1.2795 -1.1811, -5.4693 1.2236 0.6693, -5.5543 1.2236 0.6693, -5.4693 1.1386 0.6693, -5.5543 1.1386 0.6693, -5.5906 1.2795 0.446, -5.4331 1.2795 0.446, -5.5906 1.2795 -0.5118, -5.4331 1.2795 -0.5118, -5.4331 1.0827 0.446, -5.5906 1.0827 0.446, -5.4331 1.0827 -0.5118, -5.5906 1.0827 -0.5118, -5.6102 1.1024 0.446, -5.6102 1.2598 0.446, -5.6102 1.1024 -0.5118, -5.6102 1.2598 -0.5118, -5.4134 1.1024 -0.5118, -5.4134 1.2598 -0.5118, -5.4134 1.1024 0.446, -5.4134 1.2598 0.446, -6.378 1.2795 -1.3425, -6.2205 1.2795 -1.3425, -6.2205 1.2716 -1.4126, -6.378 1.2716 -1.4126, -6.2205 1.2483 -1.4792, -6.378 1.2483 -1.4792, -6.2205 1.2108 -1.5389, -6.378 1.2108 -1.5389, -6.2205 1.1609 -1.5888, -6.378 1.1609 -1.5888, -6.2205 1.1012 -1.6263, -6.378 1.1012 -1.6263, -6.2205 1.0347 -1.6496, -6.378 1.0347 -1.6496, -6.2205 0.9646 -1.6575, -6.378 0.9646 -1.6575, -6.2205 -0.4185 -1.6575, -6.378 -0.4185 -1.6575, -6.2567 -0.6417 -1.5165, -6.3418 -0.6417 -1.5165, -6.2567 -0.6417 -1.6016, -6.3418 -0.6417 -1.6016, -6.2205 0.9646 -1.4606, -6.378 0.9646 -1.4606, -6.2205 -0.4185 -1.4606, -6.378 -0.4185 -1.4606, -6.378 0.9908 -1.4577, -6.2205 0.9908 -1.4577, -6.378 1.0158 -1.4489, -6.2205 1.0158 -1.4489, -6.378 1.0382 -1.4349, -6.2205 1.0382 -1.4349, -6.378 1.0569 -1.4162, -6.2205 1.0569 -1.4162, -6.378 1.071 -1.3938, -6.2205 1.071 -1.3938, -6.378 1.0797 -1.3688, -6.2205 1.0797 -1.3688, -6.378 1.0827 -1.3425, -6.2205 1.0827 -1.3425, -6.2008 -0.4185 -1.4803, -6.2008 -0.4185 -1.6378, -6.2008 0.9646 -1.4803, -6.2008 0.9646 -1.6378, -6.2008 0.9952 -1.4769, -6.2008 1.0303 -1.6304, -6.2008 1.0244 -1.4667, -6.2008 1.0927 -1.6086, -6.2008 1.0505 -1.4503, -6.2008 1.1487 -1.5734, -6.2008 1.0723 -1.4284, -6.2008 1.1954 -1.5266, -6.2008 1.0887 -1.4023, -6.2008 1.2306 -1.4706, -6.2008 1.0989 -1.3732, -6.2008 1.2524 -1.4082, -6.2008 1.1024 -1.3425, -6.2008 1.2598 -1.3425, -6.2008 1.1024 -1.1811, -6.2008 1.2598 -1.1811, -6.3976 1.1024 -1.1811, -6.3976 1.2598 -1.1811, -6.3976 1.1024 -1.3425, -6.3976 1.2598 -1.3425, -6.3976 1.0989 -1.3732, -6.3976 1.2524 -1.4082, -6.3976 1.0887 -1.4023, -6.3976 1.2306 -1.4706, -6.3976 1.0723 -1.4284, -6.3976 1.1954 -1.5266, -6.3976 1.0505 -1.4503, -6.3976 1.1487 -1.5734, -6.3976 1.0244 -1.4667, -6.3976 1.0927 -1.6086, -6.3976 0.9952 -1.4769, -6.3976 1.0303 -1.6304, -6.3976 0.9646 -1.4803, -6.3976 0.9646 -1.6378, -6.3976 -0.4185 -1.4803, -6.3976 -0.4185 -1.6378, -6.2205 1.0827 -1.1811, -6.378 1.0827 -1.1811, -6.2205 1.2795 -1.1811, -6.378 1.2795 -1.1811, -6.2567 1.2236 0.6693, -6.3418 1.2236 0.6693, -6.2567 1.1386 0.6693, -6.3418 1.1386 0.6693, -6.378 1.2795 0.446, -6.2205 1.2795 0.446, -6.378 1.2795 -0.5118, -6.2205 1.2795 -0.5118, -6.2205 1.0827 0.446, -6.378 1.0827 0.446, -6.2205 1.0827 -0.5118, -6.378 1.0827 -0.5118, -6.3976 1.1024 0.446, -6.3976 1.2598 0.446, -6.3976 1.1024 -0.5118, -6.3976 1.2598 -0.5118, -6.2008 1.1024 -0.5118, -6.2008 1.2598 -0.5118, -6.2008 1.1024 0.446, -6.2008 1.2598 0.446, -0.689 -0.4185 -1.48, -0.7255 -0.6255 -1.5165, -0.7255 -0.6255 -1.6016, -0.689 -0.4185 -1.6381, -0.8664 -0.4185 -1.4606, -0.8299 -0.6255 -1.4971, -0.7449 -0.6255 -1.4971, -0.7084 -0.4185 -1.4606, -0.7084 -0.4185 -1.6575, -0.7449 -0.6255 -1.621, -0.8299 -0.6255 -1.621, -0.8664 -0.4185 -1.6575, -0.8858 -0.4185 -1.6381, -0.8493 -0.6255 -1.6016, -0.8493 -0.6255 -1.5165, -0.8858 -0.4185 -1.48, -0.689 1.2601 0.446, -0.7255 1.2236 0.653, -0.7255 1.1386 0.653, -0.689 1.1021 0.446, -0.8664 1.2795 0.446, -0.8299 1.243 0.653, -0.7449 1.243 0.653, -0.7084 1.2795 0.446, -0.7084 1.0827 0.446, -0.7449 1.1192 0.653, -0.8299 1.1192 0.653, -0.8664 1.0827 0.446, -0.8858 1.1021 0.446, -0.8493 1.1386 0.653, -0.8493 1.2236 0.653, -0.8858 1.2601 0.446, -1.4764 -0.4185 -1.48, -1.5129 -0.6255 -1.5165, -1.5129 -0.6255 -1.6016, -1.4764 -0.4185 -1.6381, -1.6538 -0.4185 -1.4606, -1.6173 -0.6255 -1.4971, -1.5323 -0.6255 -1.4971, -1.4958 -0.4185 -1.4606, -1.4958 -0.4185 -1.6575, -1.5323 -0.6255 -1.621, -1.6173 -0.6255 -1.621, -1.6538 -0.4185 -1.6575, -1.6732 -0.4185 -1.6381, -1.6367 -0.6255 -1.6016, -1.6367 -0.6255 -1.5165, -1.6732 -0.4185 -1.48, -1.4764 1.2601 0.446, -1.5129 1.2236 0.653, -1.5129 1.1386 0.653, -1.4764 1.1021 0.446, -1.6538 1.2795 0.446, -1.6173 1.243 0.653, -1.5323 1.243 0.653, -1.4958 1.2795 0.446, -1.4958 1.0827 0.446, -1.5323 1.1192 0.653, -1.6173 1.1192 0.653, -1.6538 1.0827 0.446, -1.6732 1.1021 0.446, -1.6367 1.1386 0.653, -1.6367 1.2236 0.653, -1.6732 1.2601 0.446, -2.2638 -0.4185 -1.48, -2.3003 -0.6255 -1.5165, -2.3003 -0.6255 -1.6016, -2.2638 -0.4185 -1.6381, -2.4412 -0.4185 -1.4606, -2.4047 -0.6255 -1.4971, -2.3197 -0.6255 -1.4971, -2.2832 -0.4185 -1.4606, -2.2832 -0.4185 -1.6575, -2.3197 -0.6255 -1.621, -2.4047 -0.6255 -1.621, -2.4412 -0.4185 -1.6575, -2.4606 -0.4185 -1.6381, -2.4241 -0.6255 -1.6016, -2.4241 -0.6255 -1.5165, -2.4606 -0.4185 -1.48, -2.2638 1.2601 0.446, -2.3003 1.2236 0.653, -2.3003 1.1386 0.653, -2.2638 1.1021 0.446, -2.4412 1.2795 0.446, -2.4047 1.243 0.653, -2.3197 1.243 0.653, -2.2832 1.2795 0.446, -2.2832 1.0827 0.446, -2.3197 1.1192 0.653, -2.4047 1.1192 0.653, -2.4412 1.0827 0.446, -2.4606 1.1021 0.446, -2.4241 1.1386 0.653, -2.4241 1.2236 0.653, -2.4606 1.2601 0.446, -3.0512 -0.4185 -1.48, -3.0877 -0.6255 -1.5165, -3.0877 -0.6255 -1.6016, -3.0512 -0.4185 -1.6381, -3.2286 -0.4185 -1.4606, -3.1921 -0.6255 -1.4971, -3.1071 -0.6255 -1.4971, -3.0706 -0.4185 -1.4606, -3.0706 -0.4185 -1.6575, -3.1071 -0.6255 -1.621, -3.1921 -0.6255 -1.621, -3.2286 -0.4185 -1.6575, -3.248 -0.4185 -1.6381, -3.2115 -0.6255 -1.6016, -3.2115 -0.6255 -1.5165, -3.248 -0.4185 -1.48, -3.0512 1.2601 0.446, -3.0877 1.2236 0.653, -3.0877 1.1386 0.653, -3.0512 1.1021 0.446, -3.2286 1.2795 0.446, -3.1921 1.243 0.653, -3.1071 1.243 0.653, -3.0706 1.2795 0.446, -3.0706 1.0827 0.446, -3.1071 1.1192 0.653, -3.1921 1.1192 0.653, -3.2286 1.0827 0.446, -3.248 1.1021 0.446, -3.2115 1.1386 0.653, -3.2115 1.2236 0.653, -3.248 1.2601 0.446, -3.8386 -0.4185 -1.48, -3.8751 -0.6255 -1.5165, -3.8751 -0.6255 -1.6016, -3.8386 -0.4185 -1.6381, -4.016 -0.4185 -1.4606, -3.9795 -0.6255 -1.4971, -3.8945 -0.6255 -1.4971, -3.858 -0.4185 -1.4606, -3.858 -0.4185 -1.6575, -3.8945 -0.6255 -1.621, -3.9795 -0.6255 -1.621, -4.016 -0.4185 -1.6575, -4.0354 -0.4185 -1.6381, -3.9989 -0.6255 -1.6016, -3.9989 -0.6255 -1.5165, -4.0354 -0.4185 -1.48, -3.8386 1.2601 0.446, -3.8751 1.2236 0.653, -3.8751 1.1386 0.653, -3.8386 1.1021 0.446, -4.016 1.2795 0.446, -3.9795 1.243 0.653, -3.8945 1.243 0.653, -3.858 1.2795 0.446, -3.858 1.0827 0.446, -3.8945 1.1192 0.653, -3.9795 1.1192 0.653, -4.016 1.0827 0.446, -4.0354 1.1021 0.446, -3.9989 1.1386 0.653, -3.9989 1.2236 0.653, -4.0354 1.2601 0.446, -4.626 -0.4185 -1.48, -4.6625 -0.6255 -1.5165, -4.6625 -0.6255 -1.6016, -4.626 -0.4185 -1.6381, -4.8034 -0.4185 -1.4606, -4.7669 -0.6255 -1.4971, -4.6819 -0.6255 -1.4971, -4.6454 -0.4185 -1.4606, -4.6454 -0.4185 -1.6575, -4.6819 -0.6255 -1.621, -4.7669 -0.6255 -1.621, -4.8034 -0.4185 -1.6575, -4.8228 -0.4185 -1.6381, -4.7863 -0.6255 -1.6016, -4.7863 -0.6255 -1.5165, -4.8228 -0.4185 -1.48, -4.626 1.2601 0.446, -4.6625 1.2236 0.653, -4.6625 1.1386 0.653, -4.626 1.1021 0.446, -4.8034 1.2795 0.446, -4.7669 1.243 0.653, -4.6819 1.243 0.653, -4.6454 1.2795 0.446, -4.6454 1.0827 0.446, -4.6819 1.1192 0.653, -4.7669 1.1192 0.653, -4.8034 1.0827 0.446, -4.8228 1.1021 0.446, -4.7863 1.1386 0.653, -4.7863 1.2236 0.653, -4.8228 1.2601 0.446, -5.4134 -0.4185 -1.48, -5.4499 -0.6255 -1.5165, -5.4499 -0.6255 -1.6016, -5.4134 -0.4185 -1.6381, -5.5908 -0.4185 -1.4606, -5.5543 -0.6255 -1.4971, -5.4693 -0.6255 -1.4971, -5.4328 -0.4185 -1.4606, -5.4328 -0.4185 -1.6575, -5.4693 -0.6255 -1.621, -5.5543 -0.6255 -1.621, -5.5908 -0.4185 -1.6575, -5.6102 -0.4185 -1.6381, -5.5737 -0.6255 -1.6016, -5.5737 -0.6255 -1.5165, -5.6102 -0.4185 -1.48, -5.4134 1.2601 0.446, -5.4499 1.2236 0.653, -5.4499 1.1386 0.653, -5.4134 1.1021 0.446, -5.5908 1.2795 0.446, -5.5543 1.243 0.653, -5.4693 1.243 0.653, -5.4328 1.2795 0.446, -5.4328 1.0827 0.446, -5.4693 1.1192 0.653, -5.5543 1.1192 0.653, -5.5908 1.0827 0.446, -5.6102 1.1021 0.446, -5.5737 1.1386 0.653, -5.5737 1.2236 0.653, -5.6102 1.2601 0.446, -6.2008 -0.4185 -1.48, -6.2373 -0.6255 -1.5165, -6.2373 -0.6255 -1.6016, -6.2008 -0.4185 -1.6381, -6.3782 -0.4185 -1.4606, -6.3418 -0.6255 -1.4971, -6.2567 -0.6255 -1.4971, -6.2202 -0.4185 -1.4606, -6.2202 -0.4185 -1.6575, -6.2567 -0.6255 -1.621, -6.3418 -0.6255 -1.621, -6.3782 -0.4185 -1.6575, -6.3976 -0.4185 -1.6381, -6.3611 -0.6255 -1.6016, -6.3611 -0.6255 -1.5165, -6.3976 -0.4185 -1.48, -6.2008 1.2601 0.446, -6.2373 1.2236 0.653, -6.2373 1.1386 0.653, -6.2008 1.1021 0.446, -6.3782 1.2795 0.446, -6.3418 1.243 0.653, -6.2567 1.243 0.653, -6.2202 1.2795 0.446, -6.2202 1.0827 0.446, -6.2567 1.1192 0.653, -6.3418 1.1192 0.653, -6.3782 1.0827 0.446, -6.3976 1.1021 0.446, -6.3611 1.1386 0.653, -6.3611 1.2236 0.653, -6.3976 1.2601 0.446, -0.8852 1.2649 -1.1811, -0.8852 1.2649 -1.3425, -0.8832 1.2697 -1.1811, -0.8832 1.2697 -1.3425, -0.8801 1.2738 -1.1811, -0.8801 1.2738 -1.3425, -0.876 1.2769 -1.1811, -0.876 1.2769 -1.3425, -0.8712 1.2789 -1.1811, -0.8712 1.2789 -1.3425, -0.8852 1.0973 -1.3425, -0.8852 1.0973 -1.1811, -0.8832 1.0925 -1.3425, -0.8832 1.0925 -1.1811, -0.8801 1.0884 -1.3425, -0.8801 1.0884 -1.1811, -0.876 1.0853 -1.3425, -0.876 1.0853 -1.1811, -0.8712 1.0833 -1.3425, -0.8712 1.0833 -1.1811, -0.8712 0.9646 -1.6568, -0.8712 1.0345 -1.6489, -0.876 0.9646 -1.6548, -0.876 1.0341 -1.647, -0.8801 0.9646 -1.6517, -0.8801 1.0334 -1.644, -0.8832 0.9646 -1.6476, -0.8832 1.0325 -1.64, -0.8852 0.9646 -1.6429, -0.8852 1.0314 -1.6354, -0.8852 1.0949 -1.6131, -0.8852 1.1518 -1.5774, -0.8852 1.1994 -1.5298, -0.8852 1.2352 -1.4728, -0.8852 1.2574 -1.4094, -0.8832 1.097 -1.6174, -0.8832 1.1548 -1.5811, -0.8832 1.2031 -1.5328, -0.8832 1.2395 -1.4749, -0.8832 1.262 -1.4104, -0.8801 1.0987 -1.6211, -0.8801 1.1573 -1.5843, -0.8801 1.2063 -1.5353, -0.8801 1.2431 -1.4767, -0.8801 1.266 -1.4113, -0.876 1.1001 -1.6239, -0.876 1.1593 -1.5867, -0.876 1.2088 -1.5373, -0.876 1.246 -1.478, -0.876 1.2691 -1.412, -0.8712 1.1009 -1.6257, -0.8712 1.1605 -1.5882, -0.8712 1.2103 -1.5385, -0.8712 1.2477 -1.4789, -0.8712 1.271 -1.4125, -0.8852 0.9646 -1.4752, -0.8852 0.9941 -1.4719, -0.8832 0.9646 -1.4705, -0.8832 0.993 -1.4673, -0.8801 0.9646 -1.4664, -0.8801 0.9921 -1.4633, -0.876 0.9646 -1.4633, -0.876 0.9914 -1.4602, -0.8712 0.9646 -1.4613, -0.8712 0.991 -1.4583, -0.8712 1.0161 -1.4495, -0.8712 1.0386 -1.4354, -0.8712 1.0574 -1.4166, -0.8712 1.0716 -1.3941, -0.8712 1.0804 -1.369, -0.876 1.017 -1.4513, -0.876 1.0399 -1.4369, -0.876 1.059 -1.4178, -0.876 1.0734 -1.3949, -0.876 1.0823 -1.3694, -0.8801 1.0183 -1.4541, -0.8801 1.0418 -1.4394, -0.8801 1.0614 -1.4198, -0.8801 1.0762 -1.3963, -0.8801 1.0853 -1.3701, -0.8832 1.0201 -1.4578, -0.8832 1.0443 -1.4426, -0.8832 1.0646 -1.4223, -0.8832 1.0798 -1.398, -0.8832 1.0893 -1.371, -0.8852 1.0221 -1.4621, -0.8852 1.0473 -1.4463, -0.8852 1.0683 -1.4253, -0.8852 1.0841 -1.4001, -0.8852 1.0939 -1.372, -0.6896 1.2649 -1.3425, -0.6896 1.2649 -1.1811, -0.6916 1.2697 -1.3425, -0.6916 1.2697 -1.1811, -0.6947 1.2738 -1.3425, -0.6947 1.2738 -1.1811, -0.6988 1.2769 -1.3425, -0.6988 1.2769 -1.1811, -0.7036 1.2789 -1.3425, -0.7036 1.2789 -1.1811, -0.8851 -0.4188 -1.6429, -0.8851 -0.4188 -1.6431, -0.8832 -0.4191 -1.6476, -0.8831 -0.4191 -1.6477, -0.8801 -0.4191 -1.6517, -0.8761 -0.4191 -1.6548, -0.876 -0.4191 -1.6548, -0.8714 -0.4188 -1.6568, -0.8712 -0.4188 -1.6568, -0.8712 -0.4188 -1.4613, -0.8714 -0.4188 -1.4614, -0.876 -0.4191 -1.4633, -0.8761 -0.4191 -1.4633, -0.8801 -0.4191 -1.4664, -0.8831 -0.4191 -1.4704, -0.8832 -0.4191 -1.4705, -0.8851 -0.4188 -1.475, -0.8851 -0.4188 -1.4752, -0.6896 1.0973 -1.1811, -0.6896 1.0973 -1.3425, -0.6916 1.0925 -1.1811, -0.6916 1.0925 -1.3425, -0.6947 1.0884 -1.1811, -0.6947 1.0884 -1.3425, -0.6988 1.0853 -1.1811, -0.6988 1.0853 -1.3425, -0.7036 1.0833 -1.1811, -0.7036 1.0833 -1.3425, -0.6896 0.9646 -1.6429, -0.6896 1.0314 -1.6354, -0.6916 0.9646 -1.6476, -0.6916 1.0325 -1.64, -0.6947 0.9646 -1.6517, -0.6947 1.0334 -1.644, -0.6988 0.9646 -1.6548, -0.6988 1.0341 -1.647, -0.7036 0.9646 -1.6568, -0.7036 1.0345 -1.6489, -0.7036 1.1009 -1.6257, -0.7036 1.1605 -1.5882, -0.7036 1.2103 -1.5385, -0.7036 1.2477 -1.4789, -0.7036 1.271 -1.4125, -0.6988 1.1001 -1.6239, -0.6988 1.1593 -1.5867, -0.6988 1.2088 -1.5373, -0.6988 1.246 -1.478, -0.6988 1.2691 -1.412, -0.6947 1.0987 -1.6211, -0.6947 1.1573 -1.5843, -0.6947 1.2063 -1.5353, -0.6947 1.2431 -1.4767, -0.6947 1.266 -1.4113, -0.6916 1.097 -1.6174, -0.6916 1.1548 -1.5811, -0.6916 1.2031 -1.5328, -0.6916 1.2395 -1.4749, -0.6916 1.262 -1.4104, -0.6896 1.0949 -1.6131, -0.6896 1.1518 -1.5774, -0.6896 1.1994 -1.5298, -0.6896 1.2352 -1.4728, -0.6896 1.2574 -1.4094, -0.831 -0.6256 -1.6208, -0.8323 -0.6258 -1.6206, -0.8349 -0.6262 -1.6202, -0.836 -0.6263 -1.6197, -0.8361 -0.6263 -1.6196, -0.8395 -0.6267 -1.6182, -0.8405 -0.6267 -1.6174, -0.8412 -0.6267 -1.6168, -0.8434 -0.6268 -1.6151, -0.8441 -0.6268 -1.6143, -0.8465 -0.6267 -1.6111, -0.8485 -0.6262 -1.6065, -0.8486 -0.6261 -1.6062, -0.8345 -0.6412 -1.5165, -0.8481 -0.6297 -1.5165, -0.8481 -0.6297 -1.6016, -0.848 -0.6298 -1.5165, -0.848 -0.6298 -1.6016, -0.8458 -0.6337 -1.5165, -0.8458 -0.6337 -1.6016, -0.8457 -0.6338 -1.5165, -0.8457 -0.6338 -1.6016, -0.8427 -0.6371 -1.5165, -0.8427 -0.6371 -1.6016, -0.8426 -0.6371 -1.5165, -0.8426 -0.6371 -1.6016, -0.8388 -0.6396 -1.5165, -0.8388 -0.6396 -1.6016, -0.8388 -0.6396 -1.5165, -0.8388 -0.6396 -1.6016, -0.8345 -0.6412 -1.5165, -0.8345 -0.6412 -1.6016, -0.8345 -0.6412 -1.6016, -0.8486 -0.6261 -1.512, -0.8485 -0.6262 -1.5116, -0.8465 -0.6267 -1.507, -0.8441 -0.6268 -1.5039, -0.8434 -0.6268 -1.503, -0.8412 -0.6267 -1.5013, -0.8405 -0.6267 -1.5007, -0.8395 -0.6267 -1.4999, -0.8361 -0.6263 -1.4985, -0.836 -0.6263 -1.4984, -0.8349 -0.6262 -1.4979, -0.831 -0.6256 -1.4973, -0.8323 -0.6258 -1.4975, -0.7036 0.9646 -1.4613, -0.7036 0.991 -1.4583, -0.6988 0.9646 -1.4633, -0.6988 0.9914 -1.4602, -0.6947 0.9646 -1.4664, -0.6947 0.9921 -1.4633, -0.6916 0.9646 -1.4705, -0.6916 0.993 -1.4673, -0.6896 0.9646 -1.4752, -0.6896 0.9941 -1.4719, -0.6896 1.0221 -1.4621, -0.6896 1.0473 -1.4463, -0.6896 1.0683 -1.4253, -0.6896 1.0841 -1.4001, -0.6896 1.0939 -1.372, -0.6916 1.0201 -1.4578, -0.6916 1.0443 -1.4426, -0.6916 1.0646 -1.4223, -0.6916 1.0798 -1.398, -0.6916 1.0893 -1.371, -0.6947 1.0183 -1.4541, -0.6947 1.0418 -1.4394, -0.6947 1.0614 -1.4198, -0.6947 1.0762 -1.3963, -0.6947 1.0853 -1.3701, -0.6988 1.017 -1.4513, -0.6988 1.0399 -1.4369, -0.6988 1.059 -1.4178, -0.6988 1.0734 -1.3949, -0.6988 1.0823 -1.3694, -0.7036 1.0161 -1.4495, -0.7036 1.0386 -1.4354, -0.7036 1.0574 -1.4166, -0.7036 1.0716 -1.3941, -0.7036 1.0804 -1.369, -0.7036 -0.4188 -1.6568, -0.7034 -0.4188 -1.6568, -0.6988 -0.4191 -1.6548, -0.6987 -0.4191 -1.6548, -0.6947 -0.4191 -1.6517, -0.6917 -0.4191 -1.6477, -0.6916 -0.4191 -1.6476, -0.6897 -0.4188 -1.6431, -0.6897 -0.4188 -1.6429, -0.8476 -0.6295 -1.6062, -0.8454 -0.6334 -1.6062, -0.8423 -0.6367 -1.6062, -0.8386 -0.6391 -1.6062, -0.8317 -0.6295 -1.6197, -0.8393 -0.629 -1.6174, -0.8361 -0.6266 -1.6197, -0.842 -0.631 -1.6143, -0.8438 -0.6279 -1.6143, -0.8461 -0.6289 -1.6105, -0.8344 -0.6407 -1.6062, -0.8299 -0.6412 -1.6061, -0.834 -0.6391 -1.6105, -0.8299 -0.6396 -1.6104, -0.8299 -0.6412 -1.6062, -0.8334 -0.6367 -1.6143, -0.8299 -0.6371 -1.6142, -0.8299 -0.6396 -1.6105, -0.8441 -0.6325 -1.6105, -0.8326 -0.6334 -1.6174, -0.8299 -0.6338 -1.6174, -0.8299 -0.6371 -1.6143, -0.8299 -0.6297 -1.6197, -0.8299 -0.6298 -1.6197, -0.8299 -0.6337 -1.6174, -0.8379 -0.6377 -1.6105, -0.8367 -0.6355 -1.6143, -0.8352 -0.6325 -1.6174, -0.8334 -0.6289 -1.6197, -0.8413 -0.6355 -1.6105, -0.8396 -0.6335 -1.6143, -0.8375 -0.631 -1.6174, -0.8349 -0.6279 -1.6197, -0.8454 -0.6334 -1.512, -0.8423 -0.6367 -1.512, -0.8386 -0.6391 -1.512, -0.8476 -0.6295 -1.512, -0.8438 -0.6279 -1.5038, -0.8461 -0.6289 -1.5076, -0.8393 -0.629 -1.5007, -0.8361 -0.6266 -1.4984, -0.8299 -0.6297 -1.4984, -0.8317 -0.6295 -1.4984, -0.8299 -0.6298 -1.4985, -0.8326 -0.6334 -1.5007, -0.8334 -0.6367 -1.5038, -0.8299 -0.6338 -1.5007, -0.8299 -0.6337 -1.5007, -0.834 -0.6391 -1.5076, -0.8299 -0.6371 -1.5039, -0.8299 -0.6371 -1.5038, -0.8299 -0.6412 -1.512, -0.8299 -0.6412 -1.512, -0.8344 -0.6407 -1.512, -0.8299 -0.6396 -1.5077, -0.8299 -0.6396 -1.5076, -0.8379 -0.6377 -1.5076, -0.8367 -0.6355 -1.5038, -0.8352 -0.6325 -1.5007, -0.8334 -0.6289 -1.4984, -0.8413 -0.6355 -1.5076, -0.8396 -0.6335 -1.5038, -0.8375 -0.631 -1.5007, -0.8349 -0.6279 -1.4984, -0.8441 -0.6325 -1.5076, -0.842 -0.631 -1.5038, -0.6897 -0.4188 -1.4752, -0.6897 -0.4188 -1.475, -0.6916 -0.4191 -1.4705, -0.6917 -0.4191 -1.4704, -0.6947 -0.4191 -1.4664, -0.6987 -0.4191 -1.4633, -0.6988 -0.4191 -1.4633, -0.7034 -0.4188 -1.4614, -0.7036 -0.4188 -1.4613, -0.7262 -0.6261 -1.6062, -0.7263 -0.6262 -1.6065, -0.7283 -0.6267 -1.6111, -0.7307 -0.6268 -1.6143, -0.7314 -0.6268 -1.6151, -0.7336 -0.6267 -1.6168, -0.7343 -0.6267 -1.6174, -0.7353 -0.6267 -1.6182, -0.7387 -0.6263 -1.6196, -0.7388 -0.6263 -1.6197, -0.7399 -0.6262 -1.6202, -0.7425 -0.6258 -1.6206, -0.7438 -0.6256 -1.6208, -0.7449 -0.6297 -1.6197, -0.7449 -0.6298 -1.6197, -0.7449 -0.6337 -1.6174, -0.7449 -0.6338 -1.6174, -0.7449 -0.6371 -1.6143, -0.7449 -0.6371 -1.6142, -0.7449 -0.6396 -1.6105, -0.7449 -0.6396 -1.6104, -0.7449 -0.6412 -1.6062, -0.7449 -0.6412 -1.6061, -0.7449 -0.6412 -1.512, -0.7449 -0.6297 -1.4984, -0.7449 -0.6298 -1.4985, -0.7449 -0.6337 -1.5007, -0.7449 -0.6338 -1.5007, -0.7449 -0.6371 -1.5038, -0.7449 -0.6371 -1.5039, -0.7449 -0.6396 -1.5076, -0.7449 -0.6396 -1.5077, -0.7449 -0.6412 -1.512, -0.7387 -0.6263 -1.4985, -0.7388 -0.6263 -1.4984, -0.7399 -0.6262 -1.4979, -0.7425 -0.6258 -1.4975, -0.7438 -0.6256 -1.4973, -0.7353 -0.6267 -1.4999, -0.7343 -0.6267 -1.5007, -0.7336 -0.6267 -1.5013, -0.7314 -0.6268 -1.503, -0.7307 -0.6268 -1.5039, -0.7283 -0.6267 -1.507, -0.7263 -0.6262 -1.5116, -0.7262 -0.6261 -1.512, -0.7272 -0.6295 -1.6062, -0.731 -0.6279 -1.6143, -0.7355 -0.629 -1.6174, -0.7387 -0.6266 -1.6197, -0.7399 -0.6279 -1.6197, -0.7414 -0.6289 -1.6197, -0.7431 -0.6295 -1.6197, -0.7267 -0.6297 -1.6016, -0.7268 -0.6298 -1.6016, -0.7294 -0.6334 -1.6062, -0.729 -0.6337 -1.6016, -0.7291 -0.6338 -1.6016, -0.7325 -0.6367 -1.6062, -0.7321 -0.6371 -1.6016, -0.7322 -0.6371 -1.6016, -0.7362 -0.6391 -1.6062, -0.736 -0.6396 -1.6016, -0.736 -0.6396 -1.6016, -0.7404 -0.6407 -1.6062, -0.7403 -0.6412 -1.6016, -0.7403 -0.6412 -1.6016, -0.7287 -0.6289 -1.6105, -0.7307 -0.6325 -1.6105, -0.7335 -0.6355 -1.6105, -0.7369 -0.6377 -1.6105, -0.7408 -0.6391 -1.6105, -0.7414 -0.6367 -1.6143, -0.7381 -0.6355 -1.6143, -0.7352 -0.6335 -1.6143, -0.7328 -0.631 -1.6143, -0.7373 -0.631 -1.6174, -0.7396 -0.6325 -1.6174, -0.7422 -0.6334 -1.6174, -0.7403 -0.6412 -1.5165, -0.7403 -0.6412 -1.5165, -0.7404 -0.6407 -1.512, -0.736 -0.6396 -1.5165, -0.736 -0.6396 -1.5165, -0.7362 -0.6391 -1.512, -0.7322 -0.6371 -1.5165, -0.7321 -0.6371 -1.5165, -0.7325 -0.6367 -1.512, -0.7291 -0.6338 -1.5165, -0.729 -0.6337 -1.5165, -0.7294 -0.6334 -1.512, -0.7268 -0.6298 -1.5165, -0.7267 -0.6297 -1.5165, -0.7272 -0.6295 -1.512, -0.7431 -0.6295 -1.4984, -0.7355 -0.629 -1.5007, -0.7387 -0.6266 -1.4984, -0.7328 -0.631 -1.5038, -0.731 -0.6279 -1.5038, -0.7287 -0.6289 -1.5076, -0.7422 -0.6334 -1.5007, -0.7414 -0.6367 -1.5038, -0.7408 -0.6391 -1.5076, -0.7307 -0.6325 -1.5076, -0.7335 -0.6355 -1.5076, -0.7352 -0.6335 -1.5038, -0.7373 -0.631 -1.5007, -0.7399 -0.6279 -1.4984, -0.7369 -0.6377 -1.5076, -0.7381 -0.6355 -1.5038, -0.7396 -0.6325 -1.5007, -0.7414 -0.6289 -1.4984, -0.8852 1.0973 -0.5118, -0.8851 1.0973 0.4464, -0.8851 1.0971 0.4464, -0.8832 1.0925 -0.5118, -0.8832 1.0925 0.4466, -0.8831 1.0924 0.4466, -0.8801 1.0884 -0.5118, -0.8801 1.0884 0.4467, -0.8761 1.0854 0.4466, -0.876 1.0853 -0.5118, -0.876 1.0853 0.4466, -0.8714 1.0834 0.4464, -0.8712 1.0833 -0.5118, -0.8712 1.0834 0.4464, -0.8712 1.2789 -0.5118, -0.8712 1.2788 0.4464, -0.8714 1.2788 0.4464, -0.876 1.2769 -0.5118, -0.876 1.2769 0.4466, -0.8761 1.2768 0.4466, -0.8801 1.2738 -0.5118, -0.8801 1.2738 0.4467, -0.8831 1.2698 0.4466, -0.8832 1.2697 -0.5118, -0.8832 1.2697 0.4466, -0.8851 1.2651 0.4464, -0.8852 1.2649 -0.5118, -0.8851 1.2649 0.4464, -0.8349 1.12 0.6538, -0.8349 1.12 0.6538, -0.8395 1.122 0.6542, -0.8395 1.122 0.6542, -0.8434 1.1251 0.6544, -0.8465 1.129 0.6542, -0.8465 1.129 0.6542, -0.8485 1.1336 0.6538, -0.8485 1.1336 0.6538, -0.8345 1.2236 0.6688, -0.8481 1.2236 0.6573, -0.8481 1.1386 0.6573, -0.848 1.2236 0.6574, -0.848 1.1386 0.6574, -0.8458 1.2236 0.6613, -0.8458 1.1386 0.6613, -0.8457 1.2236 0.6614, -0.8457 1.1386 0.6614, -0.8427 1.2236 0.6646, -0.8427 1.1386 0.6646, -0.8426 1.2236 0.6647, -0.8426 1.1386 0.6647, -0.8388 1.2236 0.6672, -0.8388 1.1386 0.6672, -0.8388 1.2236 0.6672, -0.8388 1.1386 0.6672, -0.8345 1.2236 0.6688, -0.8345 1.1386 0.6688, -0.8345 1.1386 0.6688, -0.8485 1.2286 0.6538, -0.8485 1.2286 0.6538, -0.8465 1.2332 0.6542, -0.8465 1.2332 0.6542, -0.8434 1.2371 0.6544, -0.8395 1.2402 0.6542, -0.8395 1.2402 0.6542, -0.8349 1.2422 0.6538, -0.8349 1.2422 0.6538, -0.7036 1.0833 -0.5118, -0.7036 1.0834 0.4464, -0.7034 1.0834 0.4464, -0.6988 1.0853 -0.5118, -0.6988 1.0853 0.4466, -0.6987 1.0854 0.4466, -0.6947 1.0884 -0.5118, -0.6947 1.0884 0.4467, -0.6917 1.0924 0.4466, -0.6916 1.0925 -0.5118, -0.6916 1.0925 0.4466, -0.6897 1.0971 0.4464, -0.6896 1.0973 -0.5118, -0.6897 1.0973 0.4464, -0.8299 1.1228 0.6614, -0.8299 1.1258 0.6646, -0.8332 1.1263 0.6646, -0.8322 1.13 0.6672, -0.8311 1.1342 0.6688, -0.8322 1.1346 0.6688, -0.8339 1.1363 0.6688, -0.8332 1.1353 0.6688, -0.8343 1.1374 0.6688, -0.8299 1.134 0.6688, -0.8346 1.1211 0.6573, -0.839 1.1229 0.6573, -0.8428 1.1257 0.6573, -0.8456 1.1295 0.6573, -0.8475 1.1339 0.6573, -0.8299 1.1259 0.6647, -0.8299 1.1297 0.6672, -0.8299 1.1297 0.6672, -0.8299 1.134 0.6688, -0.8344 1.1309 0.6672, -0.8362 1.1323 0.6672, -0.8376 1.1341 0.6672, -0.8385 1.1363 0.6672, -0.8363 1.1276 0.6646, -0.8389 1.1296 0.6646, -0.841 1.1322 0.6646, -0.8422 1.1353 0.6646, -0.8299 1.1205 0.6574, -0.8299 1.1227 0.6613, -0.834 1.1232 0.6613, -0.8379 1.1248 0.6613, -0.8412 1.1274 0.6613, -0.8437 1.1306 0.6613, -0.8453 1.1345 0.6613, -0.8299 1.1204 0.6573, -0.8422 1.2269 0.6646, -0.8385 1.2259 0.6672, -0.8343 1.2248 0.6688, -0.8339 1.2259 0.6688, -0.8322 1.2276 0.6688, -0.8332 1.2269 0.6688, -0.8311 1.2281 0.6688, -0.8475 1.2283 0.6573, -0.8456 1.2327 0.6573, -0.8428 1.2365 0.6573, -0.839 1.2393 0.6573, -0.8346 1.2412 0.6573, -0.8299 1.2418 0.6573, -0.8299 1.2282 0.6688, -0.8376 1.2281 0.6672, -0.8362 1.2299 0.6672, -0.8344 1.2313 0.6672, -0.8322 1.2322 0.6672, -0.8299 1.2282 0.6688, -0.8299 1.2325 0.6672, -0.8299 1.2325 0.6672, -0.8299 1.2363 0.6647, -0.841 1.23 0.6646, -0.8389 1.2326 0.6646, -0.8363 1.2347 0.6646, -0.8332 1.2359 0.6646, -0.8453 1.2277 0.6613, -0.8437 1.2316 0.6613, -0.8412 1.2349 0.6613, -0.8379 1.2374 0.6613, -0.834 1.239 0.6613, -0.8299 1.2364 0.6646, -0.8299 1.2394 0.6614, -0.8299 1.2395 0.6613, -0.8299 1.2417 0.6574, -0.6896 1.2649 -0.5118, -0.6897 1.2649 0.4464, -0.6897 1.2651 0.4464, -0.6916 1.2697 -0.5118, -0.6916 1.2697 0.4466, -0.6917 1.2698 0.4466, -0.6947 1.2738 -0.5118, -0.6947 1.2738 0.4467, -0.6987 1.2768 0.4466, -0.6988 1.2769 -0.5118, -0.6988 1.2769 0.4466, -0.7034 1.2788 0.4464, -0.7036 1.2789 -0.5118, -0.7036 1.2788 0.4464, -0.7263 1.1336 0.6538, -0.7263 1.1336 0.6538, -0.7283 1.129 0.6542, -0.7283 1.129 0.6542, -0.7314 1.1251 0.6544, -0.7353 1.122 0.6542, -0.7353 1.122 0.6542, -0.7399 1.12 0.6538, -0.7399 1.12 0.6538, -0.7449 1.1204 0.6573, -0.7449 1.1205 0.6574, -0.7449 1.1227 0.6613, -0.7449 1.1228 0.6614, -0.7449 1.1258 0.6646, -0.7449 1.1259 0.6647, -0.7449 1.1297 0.6672, -0.7449 1.1297 0.6672, -0.7449 1.134 0.6688, -0.7449 1.134 0.6688, -0.7449 1.2282 0.6688, -0.7449 1.2418 0.6573, -0.7449 1.2417 0.6574, -0.7449 1.2395 0.6613, -0.7449 1.2394 0.6614, -0.7449 1.2364 0.6646, -0.7449 1.2363 0.6647, -0.7449 1.2325 0.6672, -0.7449 1.2325 0.6672, -0.7449 1.2282 0.6688, -0.7406 1.2423 0.6537, -0.7399 1.2422 0.6538, -0.7366 1.2408 0.6541, -0.7353 1.2402 0.6542, -0.7314 1.2371 0.6544, -0.73 1.2355 0.6543, -0.7283 1.2332 0.6542, -0.7263 1.2286 0.6538, -0.7262 1.2279 0.6537, -0.7291 1.1386 0.6614, -0.7321 1.1386 0.6646, -0.7326 1.1353 0.6646, -0.7363 1.1363 0.6672, -0.7405 1.1374 0.6688, -0.7409 1.1363 0.6688, -0.7426 1.1346 0.6688, -0.7416 1.1353 0.6688, -0.7437 1.1342 0.6688, -0.7403 1.1386 0.6688, -0.7274 1.1339 0.6573, -0.7292 1.1295 0.6573, -0.732 1.1257 0.6573, -0.7358 1.1229 0.6573, -0.7402 1.1211 0.6573, -0.7322 1.1386 0.6647, -0.736 1.1386 0.6672, -0.736 1.1386 0.6672, -0.7403 1.1386 0.6688, -0.7372 1.1341 0.6672, -0.7386 1.1323 0.6672, -0.7404 1.1309 0.6672, -0.7426 1.13 0.6672, -0.7339 1.1322 0.6646, -0.7359 1.1296 0.6646, -0.7385 1.1276 0.6646, -0.7416 1.1263 0.6646, -0.7268 1.1386 0.6574, -0.729 1.1386 0.6613, -0.7295 1.1345 0.6613, -0.7311 1.1306 0.6613, -0.7337 1.1274 0.6613, -0.7369 1.1248 0.6613, -0.7408 1.1232 0.6613, -0.7267 1.1386 0.6573, -0.7413 1.2391 0.6613, -0.742 1.236 0.6646, -0.7429 1.2323 0.6672, -0.7438 1.2281 0.6688, -0.7429 1.2278 0.6688, -0.7408 1.2256 0.6688, -0.7413 1.2265 0.6688, -0.7404 1.2247 0.6688, -0.7408 1.2413 0.6573, -0.737 1.24 0.6573, -0.7336 1.2378 0.6573, -0.7307 1.2349 0.6573, -0.7285 1.2315 0.6573, -0.7272 1.2277 0.6573, -0.7267 1.2236 0.6573, -0.7403 1.2236 0.6688, -0.7393 1.2306 0.6672, -0.7379 1.2292 0.6672, -0.7369 1.2275 0.6672, -0.7362 1.2256 0.6672, -0.741 1.2316 0.6672, -0.742 1.2272 0.6688, -0.7403 1.2236 0.6688, -0.736 1.2236 0.6672, -0.736 1.2236 0.6672, -0.7322 1.2236 0.6647, -0.7393 1.2351 0.6646, -0.7369 1.2336 0.6646, -0.7349 1.2316 0.6646, -0.7334 1.2292 0.6646, -0.7325 1.2265 0.6646, -0.738 1.2379 0.6613, -0.735 1.236 0.6613, -0.7325 1.2335 0.6613, -0.7306 1.2305 0.6613, -0.7294 1.2272 0.6613, -0.7321 1.2236 0.6646, -0.7291 1.2236 0.6614, -0.729 1.2236 0.6613, -0.7268 1.2236 0.6574, -1.6726 1.2649 -1.1811, -1.6726 1.2649 -1.3425, -1.6706 1.2697 -1.1811, -1.6706 1.2697 -1.3425, -1.6675 1.2738 -1.1811, -1.6675 1.2738 -1.3425, -1.6634 1.2769 -1.1811, -1.6634 1.2769 -1.3425, -1.6586 1.2789 -1.1811, -1.6586 1.2789 -1.3425, -1.6726 1.0973 -1.3425, -1.6726 1.0973 -1.1811, -1.6706 1.0925 -1.3425, -1.6706 1.0925 -1.1811, -1.6675 1.0884 -1.3425, -1.6675 1.0884 -1.1811, -1.6634 1.0853 -1.3425, -1.6634 1.0853 -1.1811, -1.6586 1.0833 -1.3425, -1.6586 1.0833 -1.1811, -1.6586 0.9646 -1.6568, -1.6586 1.0345 -1.6489, -1.6634 0.9646 -1.6548, -1.6634 1.0341 -1.647, -1.6675 0.9646 -1.6517, -1.6675 1.0334 -1.644, -1.6706 0.9646 -1.6476, -1.6706 1.0325 -1.64, -1.6726 0.9646 -1.6429, -1.6726 1.0314 -1.6354, -1.6726 1.0949 -1.6131, -1.6726 1.1518 -1.5774, -1.6726 1.1994 -1.5298, -1.6726 1.2352 -1.4728, -1.6726 1.2574 -1.4094, -1.6706 1.097 -1.6174, -1.6706 1.1548 -1.5811, -1.6706 1.2031 -1.5328, -1.6706 1.2395 -1.4749, -1.6706 1.262 -1.4104, -1.6675 1.0987 -1.6211, -1.6675 1.1573 -1.5843, -1.6675 1.2063 -1.5353, -1.6675 1.2431 -1.4767, -1.6675 1.266 -1.4113, -1.6634 1.1001 -1.6239, -1.6634 1.1593 -1.5867, -1.6634 1.2088 -1.5373, -1.6634 1.246 -1.478, -1.6634 1.2691 -1.412, -1.6586 1.1009 -1.6257, -1.6586 1.1605 -1.5882, -1.6586 1.2103 -1.5385, -1.6586 1.2477 -1.4789, -1.6586 1.271 -1.4125, -1.6726 0.9646 -1.4752, -1.6726 0.9941 -1.4719, -1.6706 0.9646 -1.4705, -1.6706 0.993 -1.4673, -1.6675 0.9646 -1.4664, -1.6675 0.9921 -1.4633, -1.6634 0.9646 -1.4633, -1.6634 0.9914 -1.4602, -1.6586 0.9646 -1.4613, -1.6586 0.991 -1.4583, -1.6586 1.0161 -1.4495, -1.6586 1.0386 -1.4354, -1.6586 1.0574 -1.4166, -1.6586 1.0716 -1.3941, -1.6586 1.0804 -1.369, -1.6634 1.017 -1.4513, -1.6634 1.0399 -1.4369, -1.6634 1.059 -1.4178, -1.6634 1.0734 -1.3949, -1.6634 1.0823 -1.3694, -1.6675 1.0183 -1.4541, -1.6675 1.0418 -1.4394, -1.6675 1.0614 -1.4198, -1.6675 1.0762 -1.3963, -1.6675 1.0853 -1.3701, -1.6706 1.0201 -1.4578, -1.6706 1.0443 -1.4426, -1.6706 1.0646 -1.4223, -1.6706 1.0798 -1.398, -1.6706 1.0893 -1.371, -1.6726 1.0221 -1.4621, -1.6726 1.0473 -1.4463, -1.6726 1.0683 -1.4253, -1.6726 1.0841 -1.4001, -1.6726 1.0939 -1.372, -1.477 1.2649 -1.3425, -1.477 1.2649 -1.1811, -1.479 1.2697 -1.3425, -1.479 1.2697 -1.1811, -1.4821 1.2738 -1.3425, -1.4821 1.2738 -1.1811, -1.4862 1.2769 -1.3425, -1.4862 1.2769 -1.1811, -1.491 1.2789 -1.3425, -1.491 1.2789 -1.1811, -1.6725 -0.4188 -1.6429, -1.6725 -0.4188 -1.6431, -1.6706 -0.4191 -1.6476, -1.6705 -0.4191 -1.6477, -1.6675 -0.4191 -1.6517, -1.6635 -0.4191 -1.6548, -1.6634 -0.4191 -1.6548, -1.6588 -0.4188 -1.6568, -1.6586 -0.4188 -1.6568, -1.6586 -0.4188 -1.4613, -1.6588 -0.4188 -1.4614, -1.6634 -0.4191 -1.4633, -1.6635 -0.4191 -1.4633, -1.6675 -0.4191 -1.4664, -1.6705 -0.4191 -1.4704, -1.6706 -0.4191 -1.4705, -1.6725 -0.4188 -1.475, -1.6725 -0.4188 -1.4752, -1.477 1.0973 -1.1811, -1.477 1.0973 -1.3425, -1.479 1.0925 -1.1811, -1.479 1.0925 -1.3425, -1.4821 1.0884 -1.1811, -1.4821 1.0884 -1.3425, -1.4862 1.0853 -1.1811, -1.4862 1.0853 -1.3425, -1.491 1.0833 -1.1811, -1.491 1.0833 -1.3425, -1.477 0.9646 -1.6429, -1.477 1.0314 -1.6354, -1.479 0.9646 -1.6476, -1.479 1.0325 -1.64, -1.4821 0.9646 -1.6517, -1.4821 1.0334 -1.644, -1.4862 0.9646 -1.6548, -1.4862 1.0341 -1.647, -1.491 0.9646 -1.6568, -1.491 1.0345 -1.6489, -1.491 1.1009 -1.6257, -1.491 1.1605 -1.5882, -1.491 1.2103 -1.5385, -1.491 1.2477 -1.4789, -1.491 1.271 -1.4125, -1.4862 1.1001 -1.6239, -1.4862 1.1593 -1.5867, -1.4862 1.2088 -1.5373, -1.4862 1.246 -1.478, -1.4862 1.2691 -1.412, -1.4821 1.0987 -1.6211, -1.4821 1.1573 -1.5843, -1.4821 1.2063 -1.5353, -1.4821 1.2431 -1.4767, -1.4821 1.266 -1.4113, -1.479 1.097 -1.6174, -1.479 1.1548 -1.5811, -1.479 1.2031 -1.5328, -1.479 1.2395 -1.4749, -1.479 1.262 -1.4104, -1.477 1.0949 -1.6131, -1.477 1.1518 -1.5774, -1.477 1.1994 -1.5298, -1.477 1.2352 -1.4728, -1.477 1.2574 -1.4094, -1.6184 -0.6256 -1.6208, -1.6197 -0.6258 -1.6206, -1.6223 -0.6262 -1.6202, -1.6234 -0.6263 -1.6197, -1.6235 -0.6263 -1.6196, -1.6269 -0.6267 -1.6182, -1.6279 -0.6267 -1.6174, -1.6286 -0.6267 -1.6168, -1.6308 -0.6268 -1.6151, -1.6315 -0.6268 -1.6143, -1.6339 -0.6267 -1.6111, -1.6359 -0.6262 -1.6065, -1.636 -0.6261 -1.6062, -1.6219 -0.6412 -1.5165, -1.6355 -0.6297 -1.5165, -1.6355 -0.6297 -1.6016, -1.6354 -0.6298 -1.5165, -1.6354 -0.6298 -1.6016, -1.6332 -0.6337 -1.5165, -1.6332 -0.6337 -1.6016, -1.6331 -0.6338 -1.5165, -1.6331 -0.6338 -1.6016, -1.6301 -0.6371 -1.5165, -1.6301 -0.6371 -1.6016, -1.63 -0.6371 -1.5165, -1.63 -0.6371 -1.6016, -1.6262 -0.6396 -1.5165, -1.6262 -0.6396 -1.6016, -1.6262 -0.6396 -1.5165, -1.6262 -0.6396 -1.6016, -1.6219 -0.6412 -1.5165, -1.6219 -0.6412 -1.6016, -1.6219 -0.6412 -1.6016, -1.6223 -0.6262 -1.4979, -1.636 -0.6261 -1.512, -1.6359 -0.6262 -1.5116, -1.6339 -0.6267 -1.507, -1.6315 -0.6268 -1.5039, -1.6308 -0.6268 -1.503, -1.6286 -0.6267 -1.5013, -1.6279 -0.6267 -1.5007, -1.6269 -0.6267 -1.4999, -1.6235 -0.6263 -1.4985, -1.6234 -0.6263 -1.4984, -1.6184 -0.6256 -1.4973, -1.6197 -0.6258 -1.4975, -1.491 0.9646 -1.4613, -1.491 0.991 -1.4583, -1.4862 0.9646 -1.4633, -1.4862 0.9914 -1.4602, -1.4821 0.9646 -1.4664, -1.4821 0.9921 -1.4633, -1.479 0.9646 -1.4705, -1.479 0.993 -1.4673, -1.477 0.9646 -1.4752, -1.477 0.9941 -1.4719, -1.477 1.0221 -1.4621, -1.477 1.0473 -1.4463, -1.477 1.0683 -1.4253, -1.477 1.0841 -1.4001, -1.477 1.0939 -1.372, -1.479 1.0201 -1.4578, -1.479 1.0443 -1.4426, -1.479 1.0646 -1.4223, -1.479 1.0798 -1.398, -1.479 1.0893 -1.371, -1.4821 1.0183 -1.4541, -1.4821 1.0418 -1.4394, -1.4821 1.0614 -1.4198, -1.4821 1.0762 -1.3963, -1.4821 1.0853 -1.3701, -1.4862 1.017 -1.4513, -1.4862 1.0399 -1.4369, -1.4862 1.059 -1.4178, -1.4862 1.0734 -1.3949, -1.4862 1.0823 -1.3694, -1.491 1.0161 -1.4495, -1.491 1.0386 -1.4354, -1.491 1.0574 -1.4166, -1.491 1.0716 -1.3941, -1.491 1.0804 -1.369, -1.491 -0.4188 -1.6568, -1.4908 -0.4188 -1.6568, -1.4862 -0.4191 -1.6548, -1.4861 -0.4191 -1.6548, -1.4821 -0.4191 -1.6517, -1.4791 -0.4191 -1.6477, -1.479 -0.4191 -1.6476, -1.4771 -0.4188 -1.6431, -1.4771 -0.4188 -1.6429, -1.635 -0.6295 -1.6062, -1.6328 -0.6334 -1.6062, -1.6297 -0.6367 -1.6062, -1.626 -0.6391 -1.6062, -1.6191 -0.6295 -1.6197, -1.6267 -0.629 -1.6174, -1.6235 -0.6266 -1.6197, -1.6294 -0.631 -1.6143, -1.6312 -0.6279 -1.6143, -1.6335 -0.6289 -1.6105, -1.6218 -0.6407 -1.6062, -1.6173 -0.6412 -1.6061, -1.6214 -0.6391 -1.6105, -1.6173 -0.6396 -1.6104, -1.6173 -0.6412 -1.6062, -1.6208 -0.6367 -1.6143, -1.6173 -0.6371 -1.6142, -1.6173 -0.6396 -1.6105, -1.6315 -0.6325 -1.6105, -1.62 -0.6334 -1.6174, -1.6173 -0.6338 -1.6174, -1.6173 -0.6371 -1.6143, -1.6173 -0.6297 -1.6197, -1.6173 -0.6298 -1.6197, -1.6173 -0.6337 -1.6174, -1.6253 -0.6377 -1.6105, -1.6241 -0.6355 -1.6143, -1.6226 -0.6325 -1.6174, -1.6208 -0.6289 -1.6197, -1.6287 -0.6355 -1.6105, -1.627 -0.6335 -1.6143, -1.6249 -0.631 -1.6174, -1.6223 -0.6279 -1.6197, -1.6328 -0.6334 -1.512, -1.6297 -0.6367 -1.512, -1.626 -0.6391 -1.512, -1.635 -0.6295 -1.512, -1.6312 -0.6279 -1.5038, -1.6335 -0.6289 -1.5076, -1.6267 -0.629 -1.5007, -1.6235 -0.6266 -1.4984, -1.6173 -0.6297 -1.4984, -1.6191 -0.6295 -1.4984, -1.6173 -0.6298 -1.4985, -1.62 -0.6334 -1.5007, -1.6208 -0.6367 -1.5038, -1.6173 -0.6338 -1.5007, -1.6173 -0.6337 -1.5007, -1.6214 -0.6391 -1.5076, -1.6173 -0.6371 -1.5039, -1.6173 -0.6371 -1.5038, -1.6173 -0.6412 -1.512, -1.6173 -0.6412 -1.512, -1.6218 -0.6407 -1.512, -1.6173 -0.6396 -1.5077, -1.6173 -0.6396 -1.5076, -1.6253 -0.6377 -1.5076, -1.6241 -0.6355 -1.5038, -1.6226 -0.6325 -1.5007, -1.6208 -0.6289 -1.4984, -1.6287 -0.6355 -1.5076, -1.627 -0.6335 -1.5038, -1.6249 -0.631 -1.5007, -1.6223 -0.6279 -1.4984, -1.6315 -0.6325 -1.5076, -1.6294 -0.631 -1.5038, -1.4771 -0.4188 -1.4752, -1.4771 -0.4188 -1.475, -1.479 -0.4191 -1.4705, -1.4791 -0.4191 -1.4704, -1.4821 -0.4191 -1.4664, -1.4861 -0.4191 -1.4633, -1.4862 -0.4191 -1.4633, -1.4908 -0.4188 -1.4614, -1.491 -0.4188 -1.4613, -1.5136 -0.6261 -1.6062, -1.5137 -0.6262 -1.6065, -1.5157 -0.6267 -1.6111, -1.5181 -0.6268 -1.6143, -1.5188 -0.6268 -1.6151, -1.521 -0.6267 -1.6168, -1.5217 -0.6267 -1.6174, -1.5227 -0.6267 -1.6182, -1.5261 -0.6263 -1.6196, -1.5262 -0.6263 -1.6197, -1.5273 -0.6262 -1.6202, -1.5299 -0.6258 -1.6206, -1.5312 -0.6256 -1.6208, -1.5323 -0.6297 -1.6197, -1.5323 -0.6298 -1.6197, -1.5323 -0.6337 -1.6174, -1.5323 -0.6338 -1.6174, -1.5323 -0.6371 -1.6143, -1.5323 -0.6371 -1.6142, -1.5323 -0.6396 -1.6105, -1.5323 -0.6396 -1.6104, -1.5323 -0.6412 -1.6062, -1.5323 -0.6412 -1.6061, -1.5323 -0.6412 -1.512, -1.5323 -0.6297 -1.4984, -1.5323 -0.6298 -1.4985, -1.5323 -0.6337 -1.5007, -1.5323 -0.6338 -1.5007, -1.5323 -0.6371 -1.5038, -1.5323 -0.6371 -1.5039, -1.5323 -0.6396 -1.5076, -1.5323 -0.6396 -1.5077, -1.5323 -0.6412 -1.512, -1.5273 -0.6262 -1.4979, -1.5299 -0.6258 -1.4975, -1.5312 -0.6256 -1.4973, -1.5261 -0.6263 -1.4985, -1.5227 -0.6267 -1.4999, -1.5262 -0.6263 -1.4984, -1.5217 -0.6267 -1.5007, -1.521 -0.6267 -1.5013, -1.5188 -0.6268 -1.503, -1.5181 -0.6268 -1.5039, -1.5157 -0.6267 -1.507, -1.5137 -0.6262 -1.5116, -1.5136 -0.6261 -1.512, -1.5146 -0.6295 -1.6062, -1.5184 -0.6279 -1.6143, -1.5229 -0.629 -1.6174, -1.5261 -0.6266 -1.6197, -1.5273 -0.6279 -1.6197, -1.5288 -0.6289 -1.6197, -1.5305 -0.6295 -1.6197, -1.5141 -0.6297 -1.6016, -1.5142 -0.6298 -1.6016, -1.5168 -0.6334 -1.6062, -1.5164 -0.6337 -1.6016, -1.5165 -0.6338 -1.6016, -1.5199 -0.6367 -1.6062, -1.5195 -0.6371 -1.6016, -1.5196 -0.6371 -1.6016, -1.5236 -0.6391 -1.6062, -1.5234 -0.6396 -1.6016, -1.5234 -0.6396 -1.6016, -1.5278 -0.6407 -1.6062, -1.5277 -0.6412 -1.6016, -1.5277 -0.6412 -1.6016, -1.5161 -0.6289 -1.6105, -1.5181 -0.6325 -1.6105, -1.5209 -0.6355 -1.6105, -1.5243 -0.6377 -1.6105, -1.5282 -0.6391 -1.6105, -1.5288 -0.6367 -1.6143, -1.5255 -0.6355 -1.6143, -1.5226 -0.6335 -1.6143, -1.5202 -0.631 -1.6143, -1.5247 -0.631 -1.6174, -1.527 -0.6325 -1.6174, -1.5296 -0.6334 -1.6174, -1.5277 -0.6412 -1.5165, -1.5277 -0.6412 -1.5165, -1.5278 -0.6407 -1.512, -1.5234 -0.6396 -1.5165, -1.5234 -0.6396 -1.5165, -1.5236 -0.6391 -1.512, -1.5196 -0.6371 -1.5165, -1.5195 -0.6371 -1.5165, -1.5199 -0.6367 -1.512, -1.5165 -0.6338 -1.5165, -1.5164 -0.6337 -1.5165, -1.5168 -0.6334 -1.512, -1.5142 -0.6298 -1.5165, -1.5141 -0.6297 -1.5165, -1.5146 -0.6295 -1.512, -1.5305 -0.6295 -1.4984, -1.5229 -0.629 -1.5007, -1.5261 -0.6266 -1.4984, -1.5202 -0.631 -1.5038, -1.5184 -0.6279 -1.5038, -1.5161 -0.6289 -1.5076, -1.5296 -0.6334 -1.5007, -1.5288 -0.6367 -1.5038, -1.5282 -0.6391 -1.5076, -1.5181 -0.6325 -1.5076, -1.5209 -0.6355 -1.5076, -1.5226 -0.6335 -1.5038, -1.5247 -0.631 -1.5007, -1.5273 -0.6279 -1.4984, -1.5243 -0.6377 -1.5076, -1.5255 -0.6355 -1.5038, -1.527 -0.6325 -1.5007, -1.5288 -0.6289 -1.4984, -1.6726 1.0973 -0.5118, -1.6725 1.0973 0.4464, -1.6725 1.0971 0.4464, -1.6706 1.0925 -0.5118, -1.6706 1.0925 0.4466, -1.6705 1.0924 0.4466, -1.6675 1.0884 -0.5118, -1.6675 1.0884 0.4467, -1.6635 1.0854 0.4466, -1.6634 1.0853 -0.5118, -1.6634 1.0853 0.4466, -1.6588 1.0834 0.4464, -1.6586 1.0833 -0.5118, -1.6586 1.0834 0.4464, -1.6586 1.2789 -0.5118, -1.6586 1.2788 0.4464, -1.6588 1.2788 0.4464, -1.6634 1.2769 -0.5118, -1.6634 1.2769 0.4466, -1.6635 1.2768 0.4466, -1.6675 1.2738 -0.5118, -1.6675 1.2738 0.4467, -1.6705 1.2698 0.4466, -1.6706 1.2697 -0.5118, -1.6706 1.2697 0.4466, -1.6725 1.2651 0.4464, -1.6726 1.2649 -0.5118, -1.6725 1.2649 0.4464, -1.6223 1.12 0.6538, -1.6223 1.12 0.6538, -1.6269 1.122 0.6542, -1.6269 1.122 0.6542, -1.6308 1.1251 0.6544, -1.6339 1.129 0.6542, -1.6339 1.129 0.6542, -1.6359 1.1336 0.6538, -1.6359 1.1336 0.6538, -1.6219 1.2236 0.6688, -1.6355 1.2236 0.6573, -1.6355 1.1386 0.6573, -1.6354 1.2236 0.6574, -1.6354 1.1386 0.6574, -1.6332 1.2236 0.6613, -1.6332 1.1386 0.6613, -1.6331 1.2236 0.6614, -1.6331 1.1386 0.6614, -1.6301 1.2236 0.6646, -1.6301 1.1386 0.6646, -1.63 1.2236 0.6647, -1.63 1.1386 0.6647, -1.6262 1.2236 0.6672, -1.6262 1.1386 0.6672, -1.6262 1.2236 0.6672, -1.6262 1.1386 0.6672, -1.6219 1.2236 0.6688, -1.6219 1.1386 0.6688, -1.6219 1.1386 0.6688, -1.6359 1.2286 0.6538, -1.6359 1.2286 0.6538, -1.6339 1.2332 0.6542, -1.6339 1.2332 0.6542, -1.6308 1.2371 0.6544, -1.6269 1.2402 0.6542, -1.6269 1.2402 0.6542, -1.6223 1.2422 0.6538, -1.6223 1.2422 0.6538, -1.491 1.0833 -0.5118, -1.491 1.0834 0.4464, -1.4908 1.0834 0.4464, -1.4862 1.0853 -0.5118, -1.4862 1.0853 0.4466, -1.4861 1.0854 0.4466, -1.4821 1.0884 -0.5118, -1.4821 1.0884 0.4467, -1.4791 1.0924 0.4466, -1.479 1.0925 -0.5118, -1.479 1.0925 0.4466, -1.4771 1.0971 0.4464, -1.477 1.0973 -0.5118, -1.4771 1.0973 0.4464, -1.6173 1.1228 0.6614, -1.6173 1.1258 0.6646, -1.6206 1.1263 0.6646, -1.6196 1.13 0.6672, -1.6185 1.1342 0.6688, -1.6196 1.1346 0.6688, -1.6213 1.1363 0.6688, -1.6206 1.1353 0.6688, -1.6218 1.1374 0.6688, -1.6173 1.134 0.6688, -1.622 1.1211 0.6573, -1.6264 1.1229 0.6573, -1.6302 1.1257 0.6573, -1.633 1.1295 0.6573, -1.6349 1.1339 0.6573, -1.6173 1.1259 0.6647, -1.6173 1.1297 0.6672, -1.6173 1.1297 0.6672, -1.6173 1.134 0.6688, -1.6218 1.1309 0.6672, -1.6236 1.1323 0.6672, -1.625 1.1341 0.6672, -1.6259 1.1363 0.6672, -1.6237 1.1276 0.6646, -1.6263 1.1296 0.6646, -1.6284 1.1322 0.6646, -1.6296 1.1353 0.6646, -1.6173 1.1205 0.6574, -1.6173 1.1227 0.6613, -1.6214 1.1232 0.6613, -1.6253 1.1248 0.6613, -1.6286 1.1274 0.6613, -1.6311 1.1306 0.6613, -1.6327 1.1345 0.6613, -1.6173 1.1204 0.6573, -1.6296 1.2269 0.6646, -1.6259 1.2259 0.6672, -1.6218 1.2248 0.6688, -1.6213 1.2259 0.6688, -1.6196 1.2276 0.6688, -1.6206 1.2269 0.6688, -1.6185 1.2281 0.6688, -1.6349 1.2283 0.6573, -1.633 1.2327 0.6573, -1.6302 1.2365 0.6573, -1.6264 1.2393 0.6573, -1.622 1.2412 0.6573, -1.6173 1.2418 0.6573, -1.6173 1.2282 0.6688, -1.625 1.2281 0.6672, -1.6236 1.2299 0.6672, -1.6218 1.2313 0.6672, -1.6196 1.2322 0.6672, -1.6173 1.2282 0.6688, -1.6173 1.2325 0.6672, -1.6173 1.2325 0.6672, -1.6173 1.2363 0.6647, -1.6284 1.23 0.6646, -1.6263 1.2326 0.6646, -1.6237 1.2347 0.6646, -1.6206 1.2359 0.6646, -1.6327 1.2277 0.6613, -1.6311 1.2316 0.6613, -1.6286 1.2349 0.6613, -1.6253 1.2374 0.6613, -1.6214 1.239 0.6613, -1.6173 1.2364 0.6646, -1.6173 1.2394 0.6614, -1.6173 1.2395 0.6613, -1.6173 1.2417 0.6574, -1.477 1.2649 -0.5118, -1.4771 1.2649 0.4464, -1.4771 1.2651 0.4464, -1.479 1.2697 -0.5118, -1.479 1.2697 0.4466, -1.4791 1.2698 0.4466, -1.4821 1.2738 -0.5118, -1.4821 1.2738 0.4467, -1.4861 1.2768 0.4466, -1.4862 1.2769 -0.5118, -1.4862 1.2769 0.4466, -1.4908 1.2788 0.4464, -1.491 1.2789 -0.5118, -1.491 1.2788 0.4464, -1.5137 1.1336 0.6538, -1.5137 1.1336 0.6538, -1.5157 1.129 0.6542, -1.5157 1.129 0.6542, -1.5188 1.1251 0.6544, -1.5227 1.122 0.6542, -1.5227 1.122 0.6542, -1.5273 1.12 0.6538, -1.5273 1.12 0.6538, -1.5323 1.1204 0.6573, -1.5323 1.1205 0.6574, -1.5323 1.1227 0.6613, -1.5323 1.1228 0.6614, -1.5323 1.1258 0.6646, -1.5323 1.1259 0.6647, -1.5323 1.1297 0.6672, -1.5323 1.1297 0.6672, -1.5323 1.134 0.6688, -1.5323 1.134 0.6688, -1.5323 1.2282 0.6688, -1.5323 1.2418 0.6573, -1.5323 1.2417 0.6574, -1.5323 1.2395 0.6613, -1.5323 1.2394 0.6614, -1.5323 1.2364 0.6646, -1.5323 1.2363 0.6647, -1.5323 1.2325 0.6672, -1.5323 1.2325 0.6672, -1.5323 1.2282 0.6688, -1.5273 1.2422 0.6538, -1.5273 1.2422 0.6538, -1.5227 1.2402 0.6542, -1.5227 1.2402 0.6542, -1.5188 1.2371 0.6544, -1.5157 1.2332 0.6542, -1.5157 1.2332 0.6542, -1.5137 1.2286 0.6538, -1.5137 1.2286 0.6538, -1.5165 1.1386 0.6614, -1.5195 1.1386 0.6646, -1.52 1.1353 0.6646, -1.5237 1.1363 0.6672, -1.5279 1.1374 0.6688, -1.5283 1.1363 0.6688, -1.53 1.1346 0.6688, -1.529 1.1353 0.6688, -1.5311 1.1342 0.6688, -1.5277 1.1386 0.6688, -1.5148 1.1339 0.6573, -1.5166 1.1295 0.6573, -1.5194 1.1257 0.6573, -1.5232 1.1229 0.6573, -1.5276 1.1211 0.6573, -1.5196 1.1386 0.6647, -1.5234 1.1386 0.6672, -1.5234 1.1386 0.6672, -1.5277 1.1386 0.6688, -1.5246 1.1341 0.6672, -1.526 1.1323 0.6672, -1.5278 1.1309 0.6672, -1.53 1.13 0.6672, -1.5213 1.1322 0.6646, -1.5233 1.1296 0.6646, -1.5259 1.1276 0.6646, -1.529 1.1263 0.6646, -1.5142 1.1386 0.6574, -1.5164 1.1386 0.6613, -1.517 1.1345 0.6613, -1.5185 1.1306 0.6613, -1.5211 1.1274 0.6613, -1.5243 1.1248 0.6613, -1.5282 1.1232 0.6613, -1.5141 1.1386 0.6573, -1.529 1.2359 0.6646, -1.53 1.2322 0.6672, -1.5311 1.2281 0.6688, -1.53 1.2276 0.6688, -1.5283 1.2259 0.6688, -1.529 1.2269 0.6688, -1.5279 1.2248 0.6688, -1.5276 1.2412 0.6573, -1.5232 1.2393 0.6573, -1.5194 1.2365 0.6573, -1.5166 1.2327 0.6573, -1.5148 1.2283 0.6573, -1.5141 1.2236 0.6573, -1.5277 1.2236 0.6688, -1.5278 1.2313 0.6672, -1.526 1.2299 0.6672, -1.5246 1.2281 0.6672, -1.5237 1.2259 0.6672, -1.5277 1.2236 0.6688, -1.5234 1.2236 0.6672, -1.5234 1.2236 0.6672, -1.5196 1.2236 0.6647, -1.5259 1.2347 0.6646, -1.5233 1.2326 0.6646, -1.5213 1.23 0.6646, -1.52 1.2269 0.6646, -1.5282 1.239 0.6613, -1.5243 1.2374 0.6613, -1.5211 1.2349 0.6613, -1.5185 1.2316 0.6613, -1.517 1.2277 0.6613, -1.5195 1.2236 0.6646, -1.5165 1.2236 0.6614, -1.5164 1.2236 0.6613, -1.5142 1.2236 0.6574, -2.46 1.2649 -1.1811, -2.46 1.2649 -1.3425, -2.458 1.2697 -1.1811, -2.458 1.2697 -1.3425, -2.4549 1.2738 -1.1811, -2.4549 1.2738 -1.3425, -2.4508 1.2769 -1.1811, -2.4508 1.2769 -1.3425, -2.446 1.2789 -1.1811, -2.446 1.2789 -1.3425, -2.46 1.0973 -1.3425, -2.46 1.0973 -1.1811, -2.458 1.0925 -1.3425, -2.458 1.0925 -1.1811, -2.4549 1.0884 -1.3425, -2.4549 1.0884 -1.1811, -2.4508 1.0853 -1.3425, -2.4508 1.0853 -1.1811, -2.446 1.0833 -1.3425, -2.446 1.0833 -1.1811, -2.446 0.9646 -1.6568, -2.446 1.0345 -1.6489, -2.4508 0.9646 -1.6548, -2.4508 1.0341 -1.647, -2.4549 0.9646 -1.6517, -2.4549 1.0334 -1.644, -2.458 0.9646 -1.6476, -2.458 1.0325 -1.64, -2.46 0.9646 -1.6429, -2.46 1.0314 -1.6354, -2.46 1.0949 -1.6131, -2.46 1.1518 -1.5774, -2.46 1.1994 -1.5298, -2.46 1.2352 -1.4728, -2.46 1.2574 -1.4094, -2.458 1.097 -1.6174, -2.458 1.1548 -1.5811, -2.458 1.2031 -1.5328, -2.458 1.2395 -1.4749, -2.458 1.262 -1.4104, -2.4549 1.0987 -1.6211, -2.4549 1.1573 -1.5843, -2.4549 1.2063 -1.5353, -2.4549 1.2431 -1.4767, -2.4549 1.266 -1.4113, -2.4508 1.1001 -1.6239, -2.4508 1.1593 -1.5867, -2.4508 1.2088 -1.5373, -2.4508 1.246 -1.478, -2.4508 1.2691 -1.412, -2.446 1.1009 -1.6257, -2.446 1.1605 -1.5882, -2.446 1.2103 -1.5385, -2.446 1.2477 -1.4789, -2.446 1.271 -1.4125, -2.46 0.9646 -1.4752, -2.46 0.9941 -1.4719, -2.458 0.9646 -1.4705, -2.458 0.993 -1.4673, -2.4549 0.9646 -1.4664, -2.4549 0.9921 -1.4633, -2.4508 0.9646 -1.4633, -2.4508 0.9914 -1.4602, -2.446 0.9646 -1.4613, -2.446 0.991 -1.4583, -2.446 1.0161 -1.4495, -2.446 1.0386 -1.4354, -2.446 1.0574 -1.4166, -2.446 1.0716 -1.3941, -2.446 1.0804 -1.369, -2.4508 1.017 -1.4513, -2.4508 1.0399 -1.4369, -2.4508 1.059 -1.4178, -2.4508 1.0734 -1.3949, -2.4508 1.0823 -1.3694, -2.4549 1.0183 -1.4541, -2.4549 1.0418 -1.4394, -2.4549 1.0614 -1.4198, -2.4549 1.0762 -1.3963, -2.4549 1.0853 -1.3701, -2.458 1.0201 -1.4578, -2.458 1.0443 -1.4426, -2.458 1.0646 -1.4223, -2.458 1.0798 -1.398, -2.458 1.0893 -1.371, -2.46 1.0221 -1.4621, -2.46 1.0473 -1.4463, -2.46 1.0683 -1.4253, -2.46 1.0841 -1.4001, -2.46 1.0939 -1.372, -2.2645 1.2649 -1.3425, -2.2645 1.2649 -1.1811, -2.2664 1.2697 -1.3425, -2.2664 1.2697 -1.1811, -2.2695 1.2738 -1.3425, -2.2695 1.2738 -1.1811, -2.2736 1.2769 -1.3425, -2.2736 1.2769 -1.1811, -2.2784 1.2789 -1.3425, -2.2784 1.2789 -1.1811, -2.4599 -0.4188 -1.6429, -2.4599 -0.4188 -1.6431, -2.458 -0.4191 -1.6476, -2.4579 -0.4191 -1.6477, -2.4549 -0.4191 -1.6517, -2.4509 -0.4191 -1.6548, -2.4508 -0.4191 -1.6548, -2.4462 -0.4188 -1.6568, -2.446 -0.4188 -1.6568, -2.446 -0.4188 -1.4613, -2.4462 -0.4188 -1.4614, -2.4508 -0.4191 -1.4633, -2.4509 -0.4191 -1.4633, -2.4549 -0.4191 -1.4664, -2.4579 -0.4191 -1.4704, -2.458 -0.4191 -1.4705, -2.4599 -0.4188 -1.475, -2.4599 -0.4188 -1.4752, -2.2645 1.0973 -1.1811, -2.2645 1.0973 -1.3425, -2.2664 1.0925 -1.1811, -2.2664 1.0925 -1.3425, -2.2695 1.0884 -1.1811, -2.2695 1.0884 -1.3425, -2.2736 1.0853 -1.1811, -2.2736 1.0853 -1.3425, -2.2784 1.0833 -1.1811, -2.2784 1.0833 -1.3425, -2.2645 0.9646 -1.6429, -2.2645 1.0314 -1.6354, -2.2664 0.9646 -1.6476, -2.2664 1.0325 -1.64, -2.2695 0.9646 -1.6517, -2.2695 1.0334 -1.644, -2.2736 0.9646 -1.6548, -2.2736 1.0341 -1.647, -2.2784 0.9646 -1.6568, -2.2784 1.0345 -1.6489, -2.2784 1.1009 -1.6257, -2.2784 1.1605 -1.5882, -2.2784 1.2103 -1.5385, -2.2784 1.2477 -1.4789, -2.2784 1.271 -1.4125, -2.2736 1.1001 -1.6239, -2.2736 1.1593 -1.5867, -2.2736 1.2088 -1.5373, -2.2736 1.246 -1.478, -2.2736 1.2691 -1.412, -2.2695 1.0987 -1.6211, -2.2695 1.1573 -1.5843, -2.2695 1.2063 -1.5353, -2.2695 1.2431 -1.4767, -2.2695 1.266 -1.4113, -2.2664 1.097 -1.6174, -2.2664 1.1548 -1.5811, -2.2664 1.2031 -1.5328, -2.2664 1.2395 -1.4749, -2.2664 1.262 -1.4104, -2.2645 1.0949 -1.6131, -2.2645 1.1518 -1.5774, -2.2645 1.1994 -1.5298, -2.2645 1.2352 -1.4728, -2.2645 1.2574 -1.4094, -2.4058 -0.6256 -1.6208, -2.4071 -0.6258 -1.6206, -2.4097 -0.6262 -1.6202, -2.4108 -0.6263 -1.6197, -2.4109 -0.6263 -1.6196, -2.4143 -0.6267 -1.6182, -2.4153 -0.6267 -1.6174, -2.416 -0.6267 -1.6168, -2.4182 -0.6268 -1.6151, -2.4189 -0.6268 -1.6143, -2.4213 -0.6267 -1.6111, -2.4233 -0.6262 -1.6065, -2.4234 -0.6261 -1.6062, -2.4093 -0.6412 -1.5165, -2.4229 -0.6297 -1.5165, -2.4229 -0.6297 -1.6016, -2.4228 -0.6298 -1.5165, -2.4228 -0.6298 -1.6016, -2.4206 -0.6337 -1.5165, -2.4206 -0.6337 -1.6016, -2.4205 -0.6338 -1.5165, -2.4205 -0.6338 -1.6016, -2.4175 -0.6371 -1.5165, -2.4175 -0.6371 -1.6016, -2.4174 -0.6371 -1.5165, -2.4174 -0.6371 -1.6016, -2.4136 -0.6396 -1.5165, -2.4136 -0.6396 -1.6016, -2.4136 -0.6396 -1.5165, -2.4136 -0.6396 -1.6016, -2.4093 -0.6412 -1.5165, -2.4093 -0.6412 -1.6016, -2.4093 -0.6412 -1.6016, -2.4234 -0.6261 -1.512, -2.4233 -0.6262 -1.5116, -2.4213 -0.6267 -1.507, -2.4189 -0.6268 -1.5039, -2.4182 -0.6268 -1.503, -2.416 -0.6267 -1.5013, -2.4153 -0.6267 -1.5007, -2.4143 -0.6267 -1.4999, -2.4109 -0.6263 -1.4985, -2.4108 -0.6263 -1.4984, -2.4097 -0.6262 -1.4979, -2.4058 -0.6256 -1.4973, -2.4071 -0.6258 -1.4975, -2.2784 0.9646 -1.4613, -2.2784 0.991 -1.4583, -2.2736 0.9646 -1.4633, -2.2736 0.9914 -1.4602, -2.2695 0.9646 -1.4664, -2.2695 0.9921 -1.4633, -2.2664 0.9646 -1.4705, -2.2664 0.993 -1.4673, -2.2645 0.9646 -1.4752, -2.2645 0.9941 -1.4719, -2.2645 1.0221 -1.4621, -2.2645 1.0473 -1.4463, -2.2645 1.0683 -1.4253, -2.2645 1.0841 -1.4001, -2.2645 1.0939 -1.372, -2.2664 1.0201 -1.4578, -2.2664 1.0443 -1.4426, -2.2664 1.0646 -1.4223, -2.2664 1.0798 -1.398, -2.2664 1.0893 -1.371, -2.2695 1.0183 -1.4541, -2.2695 1.0418 -1.4394, -2.2695 1.0614 -1.4198, -2.2695 1.0762 -1.3963, -2.2695 1.0853 -1.3701, -2.2736 1.017 -1.4513, -2.2736 1.0399 -1.4369, -2.2736 1.059 -1.4178, -2.2736 1.0734 -1.3949, -2.2736 1.0823 -1.3694, -2.2784 1.0161 -1.4495, -2.2784 1.0386 -1.4354, -2.2784 1.0574 -1.4166, -2.2784 1.0716 -1.3941, -2.2784 1.0804 -1.369, -2.2784 -0.4188 -1.6568, -2.2782 -0.4188 -1.6568, -2.2736 -0.4191 -1.6548, -2.2735 -0.4191 -1.6548, -2.2695 -0.4191 -1.6517, -2.2665 -0.4191 -1.6477, -2.2664 -0.4191 -1.6476, -2.2645 -0.4188 -1.6431, -2.2645 -0.4188 -1.6429, -2.4224 -0.6295 -1.6062, -2.4202 -0.6334 -1.6062, -2.4171 -0.6367 -1.6062, -2.4134 -0.6391 -1.6062, -2.4065 -0.6295 -1.6197, -2.4141 -0.629 -1.6174, -2.4109 -0.6266 -1.6197, -2.4168 -0.631 -1.6143, -2.4186 -0.6279 -1.6143, -2.4209 -0.6289 -1.6105, -2.4092 -0.6407 -1.6062, -2.4047 -0.6412 -1.6061, -2.4088 -0.6391 -1.6105, -2.4047 -0.6396 -1.6104, -2.4047 -0.6412 -1.6062, -2.4082 -0.6367 -1.6143, -2.4047 -0.6371 -1.6142, -2.4047 -0.6396 -1.6105, -2.4189 -0.6325 -1.6105, -2.4074 -0.6334 -1.6174, -2.4047 -0.6338 -1.6174, -2.4047 -0.6371 -1.6143, -2.4047 -0.6297 -1.6197, -2.4047 -0.6298 -1.6197, -2.4047 -0.6337 -1.6174, -2.4127 -0.6377 -1.6105, -2.4115 -0.6355 -1.6143, -2.41 -0.6325 -1.6174, -2.4082 -0.6289 -1.6197, -2.4161 -0.6355 -1.6105, -2.4144 -0.6335 -1.6143, -2.4123 -0.631 -1.6174, -2.4097 -0.6279 -1.6197, -2.4202 -0.6334 -1.512, -2.4171 -0.6367 -1.512, -2.4134 -0.6391 -1.512, -2.4224 -0.6295 -1.512, -2.4186 -0.6279 -1.5038, -2.4209 -0.6289 -1.5076, -2.4141 -0.629 -1.5007, -2.4109 -0.6266 -1.4984, -2.4047 -0.6297 -1.4984, -2.4065 -0.6295 -1.4984, -2.4047 -0.6298 -1.4985, -2.4074 -0.6334 -1.5007, -2.4082 -0.6367 -1.5038, -2.4047 -0.6338 -1.5007, -2.4047 -0.6337 -1.5007, -2.4088 -0.6391 -1.5076, -2.4047 -0.6371 -1.5039, -2.4047 -0.6371 -1.5038, -2.4047 -0.6412 -1.512, -2.4047 -0.6412 -1.512, -2.4092 -0.6407 -1.512, -2.4047 -0.6396 -1.5077, -2.4047 -0.6396 -1.5076, -2.4127 -0.6377 -1.5076, -2.4115 -0.6355 -1.5038, -2.41 -0.6325 -1.5007, -2.4082 -0.6289 -1.4984, -2.4161 -0.6355 -1.5076, -2.4144 -0.6335 -1.5038, -2.4123 -0.631 -1.5007, -2.4097 -0.6279 -1.4984, -2.4189 -0.6325 -1.5076, -2.4168 -0.631 -1.5038, -2.2645 -0.4188 -1.4752, -2.2645 -0.4188 -1.475, -2.2664 -0.4191 -1.4705, -2.2665 -0.4191 -1.4704, -2.2695 -0.4191 -1.4664, -2.2735 -0.4191 -1.4633, -2.2736 -0.4191 -1.4633, -2.2782 -0.4188 -1.4614, -2.2784 -0.4188 -1.4613, -2.301 -0.6261 -1.6062, -2.3011 -0.6262 -1.6065, -2.3031 -0.6267 -1.6111, -2.3055 -0.6268 -1.6143, -2.3062 -0.6268 -1.6151, -2.3084 -0.6267 -1.6168, -2.3091 -0.6267 -1.6174, -2.3101 -0.6267 -1.6182, -2.3135 -0.6263 -1.6196, -2.3136 -0.6263 -1.6197, -2.3147 -0.6262 -1.6202, -2.3186 -0.6256 -1.6208, -2.3173 -0.6258 -1.6206, -2.3197 -0.6297 -1.6197, -2.3197 -0.6298 -1.6197, -2.3197 -0.6337 -1.6174, -2.3197 -0.6338 -1.6174, -2.3197 -0.6371 -1.6143, -2.3197 -0.6371 -1.6142, -2.3197 -0.6396 -1.6105, -2.3197 -0.6396 -1.6104, -2.3197 -0.6412 -1.6062, -2.3197 -0.6412 -1.6061, -2.3197 -0.6412 -1.512, -2.3197 -0.6297 -1.4984, -2.3197 -0.6298 -1.4985, -2.3197 -0.6337 -1.5007, -2.3197 -0.6338 -1.5007, -2.3197 -0.6371 -1.5038, -2.3197 -0.6371 -1.5039, -2.3197 -0.6396 -1.5076, -2.3197 -0.6396 -1.5077, -2.3197 -0.6412 -1.512, -2.3186 -0.6256 -1.4973, -2.3173 -0.6258 -1.4975, -2.3147 -0.6262 -1.4979, -2.3101 -0.6267 -1.4999, -2.3135 -0.6263 -1.4985, -2.3136 -0.6263 -1.4984, -2.3091 -0.6267 -1.5007, -2.3084 -0.6267 -1.5013, -2.3062 -0.6268 -1.503, -2.3055 -0.6268 -1.5039, -2.3031 -0.6267 -1.507, -2.3011 -0.6262 -1.5116, -2.301 -0.6261 -1.512, -2.302 -0.6295 -1.6062, -2.3058 -0.6279 -1.6143, -2.3103 -0.629 -1.6174, -2.3135 -0.6266 -1.6197, -2.3147 -0.6279 -1.6197, -2.3162 -0.6289 -1.6197, -2.3179 -0.6295 -1.6197, -2.3015 -0.6297 -1.6016, -2.3016 -0.6298 -1.6016, -2.3042 -0.6334 -1.6062, -2.3038 -0.6337 -1.6016, -2.3039 -0.6338 -1.6016, -2.3073 -0.6367 -1.6062, -2.307 -0.6371 -1.6016, -2.307 -0.6371 -1.6016, -2.311 -0.6391 -1.6062, -2.3108 -0.6396 -1.6016, -2.3108 -0.6396 -1.6016, -2.3152 -0.6407 -1.6062, -2.3151 -0.6412 -1.6016, -2.3151 -0.6412 -1.6016, -2.3035 -0.6289 -1.6105, -2.3055 -0.6325 -1.6105, -2.3083 -0.6355 -1.6105, -2.3117 -0.6377 -1.6105, -2.3156 -0.6391 -1.6105, -2.3162 -0.6367 -1.6143, -2.3129 -0.6355 -1.6143, -2.31 -0.6335 -1.6143, -2.3076 -0.631 -1.6143, -2.3121 -0.631 -1.6174, -2.3144 -0.6325 -1.6174, -2.317 -0.6334 -1.6174, -2.3151 -0.6412 -1.5165, -2.3151 -0.6412 -1.5165, -2.3152 -0.6407 -1.512, -2.3108 -0.6396 -1.5165, -2.3108 -0.6396 -1.5165, -2.311 -0.6391 -1.512, -2.307 -0.6371 -1.5165, -2.307 -0.6371 -1.5165, -2.3073 -0.6367 -1.512, -2.3039 -0.6338 -1.5165, -2.3038 -0.6337 -1.5165, -2.3042 -0.6334 -1.512, -2.3016 -0.6298 -1.5165, -2.3015 -0.6297 -1.5165, -2.302 -0.6295 -1.512, -2.3179 -0.6295 -1.4984, -2.3103 -0.629 -1.5007, -2.3135 -0.6266 -1.4984, -2.3076 -0.631 -1.5038, -2.3058 -0.6279 -1.5038, -2.3035 -0.6289 -1.5076, -2.317 -0.6334 -1.5007, -2.3162 -0.6367 -1.5038, -2.3156 -0.6391 -1.5076, -2.3055 -0.6325 -1.5076, -2.3083 -0.6355 -1.5076, -2.31 -0.6335 -1.5038, -2.3121 -0.631 -1.5007, -2.3147 -0.6279 -1.4984, -2.3117 -0.6377 -1.5076, -2.3129 -0.6355 -1.5038, -2.3144 -0.6325 -1.5007, -2.3162 -0.6289 -1.4984, -2.46 1.0973 -0.5118, -2.4599 1.0973 0.4464, -2.4599 1.0971 0.4464, -2.458 1.0925 -0.5118, -2.458 1.0925 0.4466, -2.4579 1.0924 0.4466, -2.4549 1.0884 -0.5118, -2.4549 1.0884 0.4467, -2.4509 1.0854 0.4466, -2.4508 1.0853 -0.5118, -2.4508 1.0853 0.4466, -2.4462 1.0834 0.4464, -2.446 1.0833 -0.5118, -2.446 1.0834 0.4464, -2.446 1.2789 -0.5118, -2.446 1.2788 0.4464, -2.4462 1.2788 0.4464, -2.4508 1.2769 -0.5118, -2.4508 1.2769 0.4466, -2.4509 1.2768 0.4466, -2.4549 1.2738 -0.5118, -2.4549 1.2738 0.4467, -2.4579 1.2698 0.4466, -2.458 1.2697 -0.5118, -2.458 1.2697 0.4466, -2.4599 1.2651 0.4464, -2.46 1.2649 -0.5118, -2.4599 1.2649 0.4464, -2.4097 1.12 0.6538, -2.4097 1.12 0.6538, -2.4143 1.122 0.6542, -2.4143 1.122 0.6542, -2.4182 1.1251 0.6544, -2.4213 1.129 0.6542, -2.4213 1.129 0.6542, -2.4233 1.1336 0.6538, -2.4233 1.1336 0.6538, -2.4093 1.2236 0.6688, -2.4229 1.2236 0.6573, -2.4229 1.1386 0.6573, -2.4228 1.2236 0.6574, -2.4228 1.1386 0.6574, -2.4206 1.2236 0.6613, -2.4206 1.1386 0.6613, -2.4205 1.2236 0.6614, -2.4205 1.1386 0.6614, -2.4175 1.2236 0.6646, -2.4175 1.1386 0.6646, -2.4174 1.2236 0.6647, -2.4174 1.1386 0.6647, -2.4136 1.2236 0.6672, -2.4136 1.1386 0.6672, -2.4136 1.2236 0.6672, -2.4136 1.1386 0.6672, -2.4093 1.2236 0.6688, -2.4093 1.1386 0.6688, -2.4093 1.1386 0.6688, -2.4233 1.2286 0.6538, -2.4233 1.2286 0.6538, -2.4213 1.2332 0.6542, -2.4213 1.2332 0.6542, -2.4182 1.2371 0.6544, -2.4143 1.2402 0.6542, -2.4143 1.2402 0.6542, -2.4097 1.2422 0.6538, -2.4097 1.2422 0.6538, -2.2784 1.0833 -0.5118, -2.2784 1.0834 0.4464, -2.2782 1.0834 0.4464, -2.2736 1.0853 -0.5118, -2.2736 1.0853 0.4466, -2.2735 1.0854 0.4466, -2.2695 1.0884 -0.5118, -2.2695 1.0884 0.4467, -2.2665 1.0924 0.4466, -2.2664 1.0925 -0.5118, -2.2664 1.0925 0.4466, -2.2645 1.0971 0.4464, -2.2645 1.0973 -0.5118, -2.2645 1.0973 0.4464, -2.4047 1.1228 0.6614, -2.4047 1.1258 0.6646, -2.408 1.1263 0.6646, -2.407 1.13 0.6672, -2.4059 1.1342 0.6688, -2.407 1.1346 0.6688, -2.4087 1.1363 0.6688, -2.408 1.1353 0.6688, -2.4092 1.1374 0.6688, -2.4047 1.134 0.6688, -2.4094 1.1211 0.6573, -2.4138 1.1229 0.6573, -2.4176 1.1257 0.6573, -2.4204 1.1295 0.6573, -2.4223 1.1339 0.6573, -2.4047 1.1259 0.6647, -2.4047 1.1297 0.6672, -2.4047 1.1297 0.6672, -2.4047 1.134 0.6688, -2.4092 1.1309 0.6672, -2.411 1.1323 0.6672, -2.4124 1.1341 0.6672, -2.4133 1.1363 0.6672, -2.4111 1.1276 0.6646, -2.4137 1.1296 0.6646, -2.4158 1.1322 0.6646, -2.417 1.1353 0.6646, -2.4047 1.1205 0.6574, -2.4047 1.1227 0.6613, -2.4088 1.1232 0.6613, -2.4127 1.1248 0.6613, -2.416 1.1274 0.6613, -2.4185 1.1306 0.6613, -2.4201 1.1345 0.6613, -2.4047 1.1204 0.6573, -2.417 1.2269 0.6646, -2.4133 1.2259 0.6672, -2.4092 1.2248 0.6688, -2.4087 1.2259 0.6688, -2.407 1.2276 0.6688, -2.408 1.2269 0.6688, -2.4059 1.2281 0.6688, -2.4223 1.2283 0.6573, -2.4204 1.2327 0.6573, -2.4176 1.2365 0.6573, -2.4138 1.2393 0.6573, -2.4094 1.2412 0.6573, -2.4047 1.2418 0.6573, -2.4047 1.2282 0.6688, -2.4124 1.2281 0.6672, -2.411 1.2299 0.6672, -2.4092 1.2313 0.6672, -2.407 1.2322 0.6672, -2.4047 1.2282 0.6688, -2.4047 1.2325 0.6672, -2.4047 1.2325 0.6672, -2.4047 1.2363 0.6647, -2.4158 1.23 0.6646, -2.4137 1.2326 0.6646, -2.4111 1.2347 0.6646, -2.408 1.2359 0.6646, -2.4201 1.2277 0.6613, -2.4185 1.2316 0.6613, -2.416 1.2349 0.6613, -2.4127 1.2374 0.6613, -2.4088 1.239 0.6613, -2.4047 1.2364 0.6646, -2.4047 1.2394 0.6614, -2.4047 1.2395 0.6613, -2.4047 1.2417 0.6574, -2.2645 1.2649 -0.5118, -2.2645 1.2649 0.4464, -2.2645 1.2651 0.4464, -2.2664 1.2697 -0.5118, -2.2664 1.2697 0.4466, -2.2665 1.2698 0.4466, -2.2695 1.2738 -0.5118, -2.2695 1.2738 0.4467, -2.2735 1.2768 0.4466, -2.2736 1.2769 -0.5118, -2.2736 1.2769 0.4466, -2.2782 1.2788 0.4464, -2.2784 1.2789 -0.5118, -2.2784 1.2788 0.4464, -2.3011 1.1336 0.6538, -2.3011 1.1336 0.6538, -2.3031 1.129 0.6542, -2.3031 1.129 0.6542, -2.3062 1.1251 0.6544, -2.3101 1.122 0.6542, -2.3101 1.122 0.6542, -2.3147 1.12 0.6538, -2.3147 1.12 0.6538, -2.3197 1.1204 0.6573, -2.3197 1.1205 0.6574, -2.3197 1.1227 0.6613, -2.3197 1.1228 0.6614, -2.3197 1.1258 0.6646, -2.3197 1.1259 0.6647, -2.3197 1.1297 0.6672, -2.3197 1.1297 0.6672, -2.3197 1.134 0.6688, -2.3197 1.134 0.6688, -2.3197 1.2282 0.6688, -2.3197 1.2418 0.6573, -2.3197 1.2417 0.6574, -2.3197 1.2395 0.6613, -2.3197 1.2394 0.6614, -2.3197 1.2364 0.6646, -2.3197 1.2363 0.6647, -2.3197 1.2325 0.6672, -2.3197 1.2325 0.6672, -2.3197 1.2282 0.6688, -2.3147 1.2422 0.6538, -2.3147 1.2422 0.6538, -2.3101 1.2402 0.6542, -2.3101 1.2402 0.6542, -2.3062 1.2371 0.6544, -2.3031 1.2332 0.6542, -2.3031 1.2332 0.6542, -2.3011 1.2286 0.6538, -2.3011 1.2286 0.6538, -2.3039 1.1386 0.6614, -2.307 1.1386 0.6646, -2.3074 1.1353 0.6646, -2.3111 1.1363 0.6672, -2.3153 1.1374 0.6688, -2.3157 1.1363 0.6688, -2.3174 1.1346 0.6688, -2.3164 1.1353 0.6688, -2.3185 1.1342 0.6688, -2.3151 1.1386 0.6688, -2.3022 1.1339 0.6573, -2.304 1.1295 0.6573, -2.3068 1.1257 0.6573, -2.3106 1.1229 0.6573, -2.315 1.1211 0.6573, -2.307 1.1386 0.6647, -2.3108 1.1386 0.6672, -2.3108 1.1386 0.6672, -2.3151 1.1386 0.6688, -2.312 1.1341 0.6672, -2.3134 1.1323 0.6672, -2.3152 1.1309 0.6672, -2.3174 1.13 0.6672, -2.3087 1.1322 0.6646, -2.3107 1.1296 0.6646, -2.3133 1.1276 0.6646, -2.3164 1.1263 0.6646, -2.3016 1.1386 0.6574, -2.3038 1.1386 0.6613, -2.3044 1.1345 0.6613, -2.3059 1.1306 0.6613, -2.3085 1.1274 0.6613, -2.3117 1.1248 0.6613, -2.3156 1.1232 0.6613, -2.3015 1.1386 0.6573, -2.3164 1.2359 0.6646, -2.3174 1.2322 0.6672, -2.3185 1.2281 0.6688, -2.3174 1.2276 0.6688, -2.3157 1.2259 0.6688, -2.3164 1.2269 0.6688, -2.3153 1.2248 0.6688, -2.315 1.2412 0.6573, -2.3106 1.2393 0.6573, -2.3068 1.2365 0.6573, -2.304 1.2327 0.6573, -2.3022 1.2283 0.6573, -2.3015 1.2236 0.6573, -2.3151 1.2236 0.6688, -2.3152 1.2313 0.6672, -2.3134 1.2299 0.6672, -2.312 1.2281 0.6672, -2.3111 1.2259 0.6672, -2.3151 1.2236 0.6688, -2.3108 1.2236 0.6672, -2.3108 1.2236 0.6672, -2.307 1.2236 0.6647, -2.3133 1.2347 0.6646, -2.3107 1.2326 0.6646, -2.3087 1.23 0.6646, -2.3074 1.2269 0.6646, -2.3156 1.239 0.6613, -2.3117 1.2374 0.6613, -2.3085 1.2349 0.6613, -2.3059 1.2316 0.6613, -2.3044 1.2277 0.6613, -2.307 1.2236 0.6646, -2.3039 1.2236 0.6614, -2.3038 1.2236 0.6613, -2.3016 1.2236 0.6574, -3.2474 1.2649 -1.1811, -3.2474 1.2649 -1.3425, -3.2454 1.2697 -1.1811, -3.2454 1.2697 -1.3425, -3.2423 1.2738 -1.1811, -3.2423 1.2738 -1.3425, -3.2382 1.2769 -1.1811, -3.2382 1.2769 -1.3425, -3.2334 1.2789 -1.1811, -3.2334 1.2789 -1.3425, -3.2474 1.0973 -1.3425, -3.2474 1.0973 -1.1811, -3.2454 1.0925 -1.3425, -3.2454 1.0925 -1.1811, -3.2423 1.0884 -1.3425, -3.2423 1.0884 -1.1811, -3.2382 1.0853 -1.3425, -3.2382 1.0853 -1.1811, -3.2334 1.0833 -1.3425, -3.2334 1.0833 -1.1811, -3.2334 0.9646 -1.6568, -3.2334 1.0345 -1.6489, -3.2382 0.9646 -1.6548, -3.2382 1.0341 -1.647, -3.2423 0.9646 -1.6517, -3.2423 1.0334 -1.644, -3.2454 0.9646 -1.6476, -3.2454 1.0325 -1.64, -3.2474 0.9646 -1.6429, -3.2474 1.0314 -1.6354, -3.2474 1.0949 -1.6131, -3.2474 1.1518 -1.5774, -3.2474 1.1994 -1.5298, -3.2474 1.2352 -1.4728, -3.2474 1.2574 -1.4094, -3.2454 1.097 -1.6174, -3.2454 1.1548 -1.5811, -3.2454 1.2031 -1.5328, -3.2454 1.2395 -1.4749, -3.2454 1.262 -1.4104, -3.2423 1.0987 -1.6211, -3.2423 1.1573 -1.5843, -3.2423 1.2063 -1.5353, -3.2423 1.2431 -1.4767, -3.2423 1.266 -1.4113, -3.2382 1.1001 -1.6239, -3.2382 1.1593 -1.5867, -3.2382 1.2088 -1.5373, -3.2382 1.246 -1.478, -3.2382 1.2691 -1.412, -3.2334 1.1009 -1.6257, -3.2334 1.1605 -1.5882, -3.2334 1.2103 -1.5385, -3.2334 1.2477 -1.4789, -3.2334 1.271 -1.4125, -3.2474 0.9646 -1.4752, -3.2474 0.9941 -1.4719, -3.2454 0.9646 -1.4705, -3.2454 0.993 -1.4673, -3.2423 0.9646 -1.4664, -3.2423 0.9921 -1.4633, -3.2382 0.9646 -1.4633, -3.2382 0.9914 -1.4602, -3.2334 0.9646 -1.4613, -3.2334 0.991 -1.4583, -3.2334 1.0161 -1.4495, -3.2334 1.0386 -1.4354, -3.2334 1.0574 -1.4166, -3.2334 1.0716 -1.3941, -3.2334 1.0804 -1.369, -3.2382 1.017 -1.4513, -3.2382 1.0399 -1.4369, -3.2382 1.059 -1.4178, -3.2382 1.0734 -1.3949, -3.2382 1.0823 -1.3694, -3.2423 1.0183 -1.4541, -3.2423 1.0418 -1.4394, -3.2423 1.0614 -1.4198, -3.2423 1.0762 -1.3963, -3.2423 1.0853 -1.3701, -3.2454 1.0201 -1.4578, -3.2454 1.0443 -1.4426, -3.2454 1.0646 -1.4223, -3.2454 1.0798 -1.398, -3.2454 1.0893 -1.371, -3.2474 1.0221 -1.4621, -3.2474 1.0473 -1.4463, -3.2474 1.0683 -1.4253, -3.2474 1.0841 -1.4001, -3.2474 1.0939 -1.372, -3.0519 1.2649 -1.3425, -3.0519 1.2649 -1.1811, -3.0538 1.2697 -1.3425, -3.0538 1.2697 -1.1811, -3.0569 1.2738 -1.3425, -3.0569 1.2738 -1.1811, -3.061 1.2769 -1.3425, -3.061 1.2769 -1.1811, -3.0658 1.2789 -1.3425, -3.0658 1.2789 -1.1811, -3.2473 -0.4188 -1.6429, -3.2473 -0.4188 -1.6431, -3.2454 -0.4191 -1.6476, -3.2453 -0.4191 -1.6477, -3.2423 -0.4191 -1.6517, -3.2383 -0.4191 -1.6548, -3.2382 -0.4191 -1.6548, -3.2336 -0.4188 -1.6568, -3.2334 -0.4188 -1.6568, -3.2334 -0.4188 -1.4613, -3.2336 -0.4188 -1.4614, -3.2382 -0.4191 -1.4633, -3.2383 -0.4191 -1.4633, -3.2423 -0.4191 -1.4664, -3.2453 -0.4191 -1.4704, -3.2454 -0.4191 -1.4705, -3.2473 -0.4188 -1.475, -3.2473 -0.4188 -1.4752, -3.0519 1.0973 -1.1811, -3.0519 1.0973 -1.3425, -3.0538 1.0925 -1.1811, -3.0538 1.0925 -1.3425, -3.0569 1.0884 -1.1811, -3.0569 1.0884 -1.3425, -3.061 1.0853 -1.1811, -3.061 1.0853 -1.3425, -3.0658 1.0833 -1.1811, -3.0658 1.0833 -1.3425, -3.0519 0.9646 -1.6429, -3.0519 1.0314 -1.6354, -3.0538 0.9646 -1.6476, -3.0538 1.0325 -1.64, -3.0569 0.9646 -1.6517, -3.0569 1.0334 -1.644, -3.061 0.9646 -1.6548, -3.061 1.0341 -1.647, -3.0658 0.9646 -1.6568, -3.0658 1.0345 -1.6489, -3.0658 1.1009 -1.6257, -3.0658 1.1605 -1.5882, -3.0658 1.2103 -1.5385, -3.0658 1.2477 -1.4789, -3.0658 1.271 -1.4125, -3.061 1.1001 -1.6239, -3.061 1.1593 -1.5867, -3.061 1.2088 -1.5373, -3.061 1.246 -1.478, -3.061 1.2691 -1.412, -3.0569 1.0987 -1.6211, -3.0569 1.1573 -1.5843, -3.0569 1.2063 -1.5353, -3.0569 1.2431 -1.4767, -3.0569 1.266 -1.4113, -3.0538 1.097 -1.6174, -3.0538 1.1548 -1.5811, -3.0538 1.2031 -1.5328, -3.0538 1.2395 -1.4749, -3.0538 1.262 -1.4104, -3.0519 1.0949 -1.6131, -3.0519 1.1518 -1.5774, -3.0519 1.1994 -1.5298, -3.0519 1.2352 -1.4728, -3.0519 1.2574 -1.4094, -3.1971 -0.6262 -1.6202, -3.1945 -0.6258 -1.6206, -3.1932 -0.6256 -1.6208, -3.1983 -0.6263 -1.6196, -3.2017 -0.6267 -1.6182, -3.1982 -0.6263 -1.6197, -3.2027 -0.6267 -1.6174, -3.2035 -0.6267 -1.6168, -3.2056 -0.6268 -1.6151, -3.2063 -0.6268 -1.6143, -3.2087 -0.6267 -1.6111, -3.2107 -0.6262 -1.6065, -3.2108 -0.6261 -1.6062, -3.1967 -0.6412 -1.5165, -3.2103 -0.6297 -1.5165, -3.2103 -0.6297 -1.6016, -3.2102 -0.6298 -1.5165, -3.2102 -0.6298 -1.6016, -3.208 -0.6337 -1.5165, -3.208 -0.6337 -1.6016, -3.2079 -0.6338 -1.5165, -3.2079 -0.6338 -1.6016, -3.2049 -0.6371 -1.5165, -3.2049 -0.6371 -1.6016, -3.2048 -0.6371 -1.5165, -3.2048 -0.6371 -1.6016, -3.201 -0.6396 -1.5165, -3.201 -0.6396 -1.6016, -3.201 -0.6396 -1.5165, -3.201 -0.6396 -1.6016, -3.1967 -0.6412 -1.5165, -3.1967 -0.6412 -1.6016, -3.1967 -0.6412 -1.6016, -3.2108 -0.6261 -1.512, -3.2107 -0.6262 -1.5116, -3.2087 -0.6267 -1.507, -3.2063 -0.6268 -1.5039, -3.2056 -0.6268 -1.503, -3.2035 -0.6267 -1.5013, -3.2027 -0.6267 -1.5007, -3.2017 -0.6267 -1.4999, -3.1983 -0.6263 -1.4985, -3.1982 -0.6263 -1.4984, -3.1971 -0.6262 -1.4979, -3.1945 -0.6258 -1.4975, -3.1932 -0.6256 -1.4973, -3.0658 0.9646 -1.4613, -3.0658 0.991 -1.4583, -3.061 0.9646 -1.4633, -3.061 0.9914 -1.4602, -3.0569 0.9646 -1.4664, -3.0569 0.9921 -1.4633, -3.0538 0.9646 -1.4705, -3.0538 0.993 -1.4673, -3.0519 0.9646 -1.4752, -3.0519 0.9941 -1.4719, -3.0519 1.0221 -1.4621, -3.0519 1.0473 -1.4463, -3.0519 1.0683 -1.4253, -3.0519 1.0841 -1.4001, -3.0519 1.0939 -1.372, -3.0538 1.0201 -1.4578, -3.0538 1.0443 -1.4426, -3.0538 1.0646 -1.4223, -3.0538 1.0798 -1.398, -3.0538 1.0893 -1.371, -3.0569 1.0183 -1.4541, -3.0569 1.0418 -1.4394, -3.0569 1.0614 -1.4198, -3.0569 1.0762 -1.3963, -3.0569 1.0853 -1.3701, -3.061 1.017 -1.4513, -3.061 1.0399 -1.4369, -3.061 1.059 -1.4178, -3.061 1.0734 -1.3949, -3.061 1.0823 -1.3694, -3.0658 1.0161 -1.4495, -3.0658 1.0386 -1.4354, -3.0658 1.0574 -1.4166, -3.0658 1.0716 -1.3941, -3.0658 1.0804 -1.369, -3.0658 -0.4188 -1.6568, -3.0656 -0.4188 -1.6568, -3.061 -0.4191 -1.6548, -3.0609 -0.4191 -1.6548, -3.0569 -0.4191 -1.6517, -3.0539 -0.4191 -1.6477, -3.0538 -0.4191 -1.6476, -3.0519 -0.4188 -1.6431, -3.0519 -0.4188 -1.6429, -3.2098 -0.6295 -1.6062, -3.2076 -0.6334 -1.6062, -3.2045 -0.6367 -1.6062, -3.2008 -0.6391 -1.6062, -3.1939 -0.6295 -1.6197, -3.2015 -0.629 -1.6174, -3.1983 -0.6266 -1.6197, -3.2042 -0.631 -1.6143, -3.206 -0.6279 -1.6143, -3.2083 -0.6289 -1.6105, -3.1966 -0.6407 -1.6062, -3.1921 -0.6412 -1.6061, -3.1962 -0.6391 -1.6105, -3.1921 -0.6396 -1.6104, -3.1921 -0.6412 -1.6062, -3.1956 -0.6367 -1.6143, -3.1921 -0.6371 -1.6142, -3.1921 -0.6396 -1.6105, -3.2063 -0.6325 -1.6105, -3.1949 -0.6334 -1.6174, -3.1921 -0.6338 -1.6174, -3.1921 -0.6371 -1.6143, -3.1921 -0.6297 -1.6197, -3.1921 -0.6298 -1.6197, -3.1921 -0.6337 -1.6174, -3.2001 -0.6377 -1.6105, -3.1989 -0.6355 -1.6143, -3.1974 -0.6325 -1.6174, -3.1956 -0.6289 -1.6197, -3.2035 -0.6355 -1.6105, -3.2019 -0.6335 -1.6143, -3.1997 -0.631 -1.6174, -3.1971 -0.6279 -1.6197, -3.2076 -0.6334 -1.512, -3.2045 -0.6367 -1.512, -3.2008 -0.6391 -1.512, -3.1921 -0.6396 -1.5077, -3.1921 -0.6396 -1.5076, -3.1962 -0.6391 -1.5076, -3.2098 -0.6295 -1.512, -3.206 -0.6279 -1.5038, -3.2083 -0.6289 -1.5076, -3.2015 -0.629 -1.5007, -3.1983 -0.6266 -1.4984, -3.1921 -0.6297 -1.4984, -3.1939 -0.6295 -1.4984, -3.1921 -0.6298 -1.4985, -3.1949 -0.6334 -1.5007, -3.1921 -0.6337 -1.5007, -3.1956 -0.6367 -1.5038, -3.1921 -0.6371 -1.5039, -3.1921 -0.6371 -1.5038, -3.1921 -0.6338 -1.5007, -3.1966 -0.6407 -1.512, -3.1921 -0.6412 -1.512, -3.1921 -0.6412 -1.512, -3.2001 -0.6377 -1.5076, -3.1989 -0.6355 -1.5038, -3.1974 -0.6325 -1.5007, -3.1956 -0.6289 -1.4984, -3.2035 -0.6355 -1.5076, -3.2019 -0.6335 -1.5038, -3.1997 -0.631 -1.5007, -3.1971 -0.6279 -1.4984, -3.2063 -0.6325 -1.5076, -3.2042 -0.631 -1.5038, -3.0519 -0.4188 -1.4752, -3.0519 -0.4188 -1.475, -3.0538 -0.4191 -1.4705, -3.0539 -0.4191 -1.4704, -3.0569 -0.4191 -1.4664, -3.0609 -0.4191 -1.4633, -3.061 -0.4191 -1.4633, -3.0656 -0.4188 -1.4614, -3.0658 -0.4188 -1.4613, -3.1021 -0.6262 -1.6202, -3.0975 -0.6267 -1.6182, -3.0884 -0.6261 -1.6062, -3.0885 -0.6262 -1.6065, -3.0905 -0.6267 -1.6111, -3.0929 -0.6268 -1.6143, -3.0936 -0.6268 -1.6151, -3.0958 -0.6267 -1.6168, -3.0965 -0.6267 -1.6174, -3.101 -0.6263 -1.6197, -3.1009 -0.6263 -1.6196, -3.106 -0.6256 -1.6208, -3.1047 -0.6258 -1.6206, -3.1071 -0.6297 -1.6197, -3.1071 -0.6298 -1.6197, -3.1071 -0.6337 -1.6174, -3.1071 -0.6338 -1.6174, -3.1071 -0.6371 -1.6143, -3.1071 -0.6371 -1.6142, -3.1071 -0.6396 -1.6105, -3.1071 -0.6396 -1.6104, -3.1071 -0.6412 -1.6062, -3.1071 -0.6412 -1.6061, -3.1071 -0.6412 -1.512, -3.1071 -0.6297 -1.4984, -3.1071 -0.6298 -1.4985, -3.1071 -0.6337 -1.5007, -3.1071 -0.6338 -1.5007, -3.1071 -0.6371 -1.5038, -3.1071 -0.6371 -1.5039, -3.1071 -0.6396 -1.5076, -3.1071 -0.6396 -1.5077, -3.1071 -0.6412 -1.512, -3.1021 -0.6262 -1.4979, -3.1047 -0.6258 -1.4975, -3.106 -0.6256 -1.4973, -3.1009 -0.6263 -1.4985, -3.0975 -0.6267 -1.4999, -3.101 -0.6263 -1.4984, -3.0965 -0.6267 -1.5007, -3.0958 -0.6267 -1.5013, -3.0936 -0.6268 -1.503, -3.0929 -0.6268 -1.5039, -3.0905 -0.6267 -1.507, -3.0885 -0.6262 -1.5116, -3.0884 -0.6261 -1.512, -3.1036 -0.6367 -1.6143, -3.103 -0.6391 -1.6105, -3.1026 -0.6407 -1.6062, -3.0894 -0.6295 -1.6062, -3.0909 -0.6289 -1.6105, -3.0932 -0.6279 -1.6143, -3.0977 -0.629 -1.6174, -3.1009 -0.6266 -1.6197, -3.1021 -0.6279 -1.6197, -3.1036 -0.6289 -1.6197, -3.1053 -0.6295 -1.6197, -3.0889 -0.6297 -1.6016, -3.089 -0.6298 -1.6016, -3.0916 -0.6334 -1.6062, -3.0912 -0.6337 -1.6016, -3.0913 -0.6338 -1.6016, -3.0947 -0.6367 -1.6062, -3.0944 -0.6371 -1.6016, -3.0944 -0.6371 -1.6016, -3.0984 -0.6391 -1.6062, -3.0982 -0.6396 -1.6016, -3.0982 -0.6396 -1.6016, -3.1025 -0.6412 -1.6016, -3.1025 -0.6412 -1.6016, -3.0929 -0.6325 -1.6105, -3.0957 -0.6355 -1.6105, -3.0991 -0.6377 -1.6105, -3.095 -0.631 -1.6143, -3.0974 -0.6335 -1.6143, -3.1003 -0.6355 -1.6143, -3.1044 -0.6334 -1.6174, -3.1018 -0.6325 -1.6174, -3.0995 -0.631 -1.6174, -3.1025 -0.6412 -1.5165, -3.1025 -0.6412 -1.5165, -3.1026 -0.6407 -1.512, -3.0982 -0.6396 -1.5165, -3.0982 -0.6396 -1.5165, -3.0984 -0.6391 -1.512, -3.0944 -0.6371 -1.5165, -3.0944 -0.6371 -1.5165, -3.0947 -0.6367 -1.512, -3.0913 -0.6338 -1.5165, -3.0912 -0.6337 -1.5165, -3.0916 -0.6334 -1.512, -3.089 -0.6298 -1.5165, -3.0889 -0.6297 -1.5165, -3.0894 -0.6295 -1.512, -3.1053 -0.6295 -1.4984, -3.0977 -0.629 -1.5007, -3.1009 -0.6266 -1.4984, -3.095 -0.631 -1.5038, -3.0932 -0.6279 -1.5038, -3.0909 -0.6289 -1.5076, -3.1044 -0.6334 -1.5007, -3.1036 -0.6367 -1.5038, -3.103 -0.6391 -1.5076, -3.0929 -0.6325 -1.5076, -3.0957 -0.6355 -1.5076, -3.0974 -0.6335 -1.5038, -3.0995 -0.631 -1.5007, -3.1021 -0.6279 -1.4984, -3.0991 -0.6377 -1.5076, -3.1003 -0.6355 -1.5038, -3.1018 -0.6325 -1.5007, -3.1036 -0.6289 -1.4984, -3.2474 1.0973 -0.5118, -3.2473 1.0973 0.4464, -3.2473 1.0971 0.4464, -3.2454 1.0925 -0.5118, -3.2454 1.0925 0.4466, -3.2453 1.0924 0.4466, -3.2423 1.0884 -0.5118, -3.2423 1.0884 0.4467, -3.2383 1.0854 0.4466, -3.2408 1.0873 -0.5118, -3.2382 1.0853 0.4466, -3.2382 1.0853 -0.5118, -3.2336 1.0834 0.4464, -3.2334 1.0833 -0.5118, -3.2334 1.0834 0.4464, -3.2334 1.2789 -0.5118, -3.2334 1.2788 0.4464, -3.2336 1.2788 0.4464, -3.2382 1.2769 -0.5118, -3.2382 1.2769 0.4466, -3.2383 1.2768 0.4466, -3.2408 1.2749 -0.5118, -3.2423 1.2738 0.4467, -3.2423 1.2738 -0.5118, -3.2453 1.2698 0.4466, -3.2454 1.2697 -0.5118, -3.2454 1.2697 0.4466, -3.2473 1.2651 0.4464, -3.2474 1.2649 -0.5118, -3.2473 1.2649 0.4464, -3.1971 1.12 0.6538, -3.1971 1.12 0.6538, -3.2017 1.122 0.6542, -3.2017 1.122 0.6542, -3.2056 1.1251 0.6544, -3.2087 1.129 0.6542, -3.2087 1.129 0.6542, -3.2107 1.1336 0.6538, -3.2107 1.1336 0.6538, -3.1967 1.2236 0.6688, -3.2103 1.2236 0.6573, -3.2103 1.1386 0.6573, -3.2102 1.2236 0.6574, -3.2102 1.1386 0.6574, -3.208 1.2236 0.6613, -3.208 1.1386 0.6613, -3.2079 1.2236 0.6614, -3.2079 1.1386 0.6614, -3.2049 1.2236 0.6646, -3.2049 1.1386 0.6646, -3.2048 1.2236 0.6647, -3.2048 1.1386 0.6647, -3.201 1.2236 0.6672, -3.201 1.1386 0.6672, -3.201 1.2236 0.6672, -3.201 1.1386 0.6672, -3.1967 1.2236 0.6688, -3.1967 1.1386 0.6688, -3.1967 1.1386 0.6688, -3.2108 1.2279 0.6537, -3.2107 1.2286 0.6538, -3.2093 1.2319 0.6541, -3.2087 1.2332 0.6542, -3.2056 1.2371 0.6544, -3.204 1.2385 0.6543, -3.2017 1.2402 0.6542, -3.1971 1.2422 0.6538, -3.1964 1.2423 0.6537, -3.0658 1.0833 -0.5118, -3.0658 1.0834 0.4464, -3.0656 1.0834 0.4464, -3.061 1.0853 -0.5118, -3.061 1.0853 0.4466, -3.0609 1.0854 0.4466, -3.0569 1.0884 -0.5118, -3.0569 1.0884 0.4467, -3.0539 1.0924 0.4466, -3.0538 1.0925 -0.5118, -3.0538 1.0925 0.4466, -3.0519 1.0971 0.4464, -3.0519 1.0973 -0.5118, -3.0519 1.0973 0.4464, -3.1921 1.1228 0.6614, -3.1921 1.1258 0.6646, -3.1954 1.1263 0.6646, -3.1944 1.13 0.6672, -3.1933 1.1342 0.6688, -3.1944 1.1346 0.6688, -3.1961 1.1363 0.6688, -3.1954 1.1353 0.6688, -3.1966 1.1374 0.6688, -3.1921 1.134 0.6688, -3.1968 1.1211 0.6573, -3.2012 1.1229 0.6573, -3.205 1.1257 0.6573, -3.2078 1.1295 0.6573, -3.2097 1.1339 0.6573, -3.1921 1.1259 0.6647, -3.1921 1.1297 0.6672, -3.1921 1.1297 0.6672, -3.1921 1.134 0.6688, -3.1966 1.1309 0.6672, -3.1984 1.1323 0.6672, -3.1998 1.1341 0.6672, -3.2007 1.1363 0.6672, -3.1985 1.1276 0.6646, -3.2011 1.1296 0.6646, -3.2032 1.1322 0.6646, -3.2044 1.1353 0.6646, -3.1921 1.1205 0.6574, -3.1921 1.1227 0.6613, -3.1962 1.1232 0.6613, -3.2001 1.1248 0.6613, -3.2034 1.1274 0.6613, -3.2059 1.1306 0.6613, -3.2075 1.1345 0.6613, -3.1921 1.1204 0.6573, -3.2076 1.2272 0.6613, -3.2045 1.2265 0.6646, -3.2008 1.2256 0.6672, -3.1966 1.2247 0.6688, -3.1963 1.2256 0.6688, -3.1941 1.2278 0.6688, -3.195 1.2272 0.6688, -3.1932 1.2281 0.6688, -3.2098 1.2277 0.6573, -3.2085 1.2315 0.6573, -3.2063 1.2349 0.6573, -3.2034 1.2378 0.6573, -3.2 1.24 0.6573, -3.1962 1.2413 0.6573, -3.1921 1.2418 0.6573, -3.1921 1.2282 0.6688, -3.1991 1.2292 0.6672, -3.1977 1.2306 0.6672, -3.196 1.2316 0.6672, -3.1941 1.2323 0.6672, -3.2001 1.2275 0.6672, -3.1957 1.2265 0.6688, -3.1921 1.2282 0.6688, -3.1921 1.2325 0.6672, -3.1921 1.2325 0.6672, -3.1921 1.2363 0.6647, -3.2036 1.2292 0.6646, -3.2021 1.2316 0.6646, -3.2001 1.2336 0.6646, -3.1977 1.2351 0.6646, -3.195 1.236 0.6646, -3.2064 1.2305 0.6613, -3.2045 1.2335 0.6613, -3.202 1.236 0.6613, -3.199 1.2379 0.6613, -3.1957 1.2391 0.6613, -3.1921 1.2364 0.6646, -3.1921 1.2394 0.6614, -3.1921 1.2395 0.6613, -3.1921 1.2417 0.6574, -3.0519 1.2649 -0.5118, -3.0519 1.2649 0.4464, -3.0519 1.2651 0.4464, -3.0538 1.2697 -0.5118, -3.0538 1.2697 0.4466, -3.0539 1.2698 0.4466, -3.0569 1.2738 -0.5118, -3.0569 1.2738 0.4467, -3.0609 1.2768 0.4466, -3.061 1.2769 -0.5118, -3.061 1.2769 0.4466, -3.0656 1.2788 0.4464, -3.0658 1.2789 -0.5118, -3.0658 1.2788 0.4464, -3.0884 1.1343 0.6537, -3.0885 1.1336 0.6538, -3.0899 1.1303 0.6541, -3.0905 1.129 0.6542, -3.0936 1.1251 0.6544, -3.0953 1.1237 0.6543, -3.0975 1.122 0.6542, -3.1021 1.12 0.6538, -3.1028 1.1199 0.6537, -3.1071 1.1204 0.6573, -3.1071 1.1205 0.6574, -3.1071 1.1227 0.6613, -3.1071 1.1228 0.6614, -3.1071 1.1258 0.6646, -3.1071 1.1259 0.6647, -3.1071 1.1297 0.6672, -3.1071 1.1297 0.6672, -3.1071 1.134 0.6688, -3.1071 1.134 0.6688, -3.1071 1.2282 0.6688, -3.1071 1.2418 0.6573, -3.1071 1.2417 0.6574, -3.1071 1.2395 0.6613, -3.1071 1.2394 0.6614, -3.1071 1.2364 0.6646, -3.1071 1.2363 0.6647, -3.1071 1.2325 0.6672, -3.1071 1.2325 0.6672, -3.1071 1.2282 0.6688, -3.1021 1.2422 0.6538, -3.1021 1.2422 0.6538, -3.0975 1.2402 0.6542, -3.0975 1.2402 0.6542, -3.0936 1.2371 0.6544, -3.0905 1.2332 0.6542, -3.0905 1.2332 0.6542, -3.0885 1.2286 0.6538, -3.0885 1.2286 0.6538, -3.089 1.1386 0.6574, -3.0912 1.1386 0.6613, -3.0916 1.135 0.6613, -3.0913 1.1386 0.6614, -3.0944 1.1386 0.6646, -3.0947 1.1357 0.6646, -3.0984 1.1366 0.6672, -3.1026 1.1375 0.6688, -3.103 1.1366 0.6688, -3.1051 1.1345 0.6688, -3.1042 1.135 0.6688, -3.1061 1.1341 0.6688, -3.1025 1.1386 0.6688, -3.0894 1.1345 0.6573, -3.0907 1.1307 0.6573, -3.0929 1.1273 0.6573, -3.0958 1.1244 0.6573, -3.0992 1.1222 0.6573, -3.103 1.1209 0.6573, -3.0944 1.1386 0.6647, -3.0982 1.1386 0.6672, -3.0982 1.1386 0.6672, -3.1025 1.1386 0.6688, -3.1001 1.133 0.6672, -3.1015 1.1316 0.6672, -3.1032 1.1306 0.6672, -3.1051 1.1299 0.6672, -3.0991 1.1347 0.6672, -3.1035 1.1357 0.6688, -3.0956 1.133 0.6646, -3.0971 1.1306 0.6646, -3.0991 1.1286 0.6646, -3.1016 1.1271 0.6646, -3.1042 1.1262 0.6646, -3.0928 1.1317 0.6613, -3.0947 1.1287 0.6613, -3.0972 1.1262 0.6613, -3.1002 1.1243 0.6613, -3.1035 1.1231 0.6613, -3.0889 1.1386 0.6573, -3.1038 1.2359 0.6646, -3.1048 1.2322 0.6672, -3.1059 1.2281 0.6688, -3.1048 1.2276 0.6688, -3.1031 1.2259 0.6688, -3.1038 1.2269 0.6688, -3.1027 1.2248 0.6688, -3.1024 1.2412 0.6573, -3.098 1.2393 0.6573, -3.0942 1.2365 0.6573, -3.0914 1.2327 0.6573, -3.0896 1.2283 0.6573, -3.0889 1.2236 0.6573, -3.1025 1.2236 0.6688, -3.1026 1.2313 0.6672, -3.1008 1.2299 0.6672, -3.0994 1.2281 0.6672, -3.0985 1.2259 0.6672, -3.1025 1.2236 0.6688, -3.0982 1.2236 0.6672, -3.0982 1.2236 0.6672, -3.0944 1.2236 0.6647, -3.1007 1.2347 0.6646, -3.0981 1.2326 0.6646, -3.0961 1.23 0.6646, -3.0948 1.2269 0.6646, -3.103 1.239 0.6613, -3.0991 1.2374 0.6613, -3.0959 1.2349 0.6613, -3.0933 1.2316 0.6613, -3.0918 1.2277 0.6613, -3.0944 1.2236 0.6646, -3.0913 1.2236 0.6614, -3.0912 1.2236 0.6613, -3.089 1.2236 0.6574, -4.0348 1.2649 -1.1811, -4.0348 1.2649 -1.3425, -4.0328 1.2697 -1.1811, -4.0328 1.2697 -1.3425, -4.0297 1.2738 -1.1811, -4.0297 1.2738 -1.3425, -4.0256 1.2769 -1.1811, -4.0256 1.2769 -1.3425, -4.0208 1.2789 -1.1811, -4.0208 1.2789 -1.3425, -4.0348 1.0973 -1.3425, -4.0348 1.0973 -1.1811, -4.0328 1.0925 -1.3425, -4.0328 1.0925 -1.1811, -4.0297 1.0884 -1.3425, -4.0297 1.0884 -1.1811, -4.0256 1.0853 -1.3425, -4.0256 1.0853 -1.1811, -4.0208 1.0833 -1.3425, -4.0208 1.0833 -1.1811, -4.0208 0.9646 -1.6568, -4.0208 1.0345 -1.6489, -4.0256 0.9646 -1.6548, -4.0256 1.0341 -1.647, -4.0297 0.9646 -1.6517, -4.0297 1.0334 -1.644, -4.0328 0.9646 -1.6476, -4.0328 1.0325 -1.64, -4.0348 0.9646 -1.6429, -4.0348 1.0314 -1.6354, -4.0348 1.0949 -1.6131, -4.0348 1.1518 -1.5774, -4.0348 1.1994 -1.5298, -4.0348 1.2352 -1.4728, -4.0348 1.2574 -1.4094, -4.0328 1.097 -1.6174, -4.0328 1.1548 -1.5811, -4.0328 1.2031 -1.5328, -4.0328 1.2395 -1.4749, -4.0328 1.262 -1.4104, -4.0297 1.0987 -1.6211, -4.0297 1.1573 -1.5843, -4.0297 1.2063 -1.5353, -4.0297 1.2431 -1.4767, -4.0297 1.266 -1.4113, -4.0256 1.1001 -1.6239, -4.0256 1.1593 -1.5867, -4.0256 1.2088 -1.5373, -4.0256 1.246 -1.478, -4.0256 1.2691 -1.412, -4.0208 1.1009 -1.6257, -4.0208 1.1605 -1.5882, -4.0208 1.2103 -1.5385, -4.0208 1.2477 -1.4789, -4.0208 1.271 -1.4125, -4.0348 0.9646 -1.4752, -4.0348 0.9941 -1.4719, -4.0328 0.9646 -1.4705, -4.0328 0.993 -1.4673, -4.0297 0.9646 -1.4664, -4.0297 0.9921 -1.4633, -4.0256 0.9646 -1.4633, -4.0256 0.9914 -1.4602, -4.0208 0.9646 -1.4613, -4.0208 0.991 -1.4583, -4.0208 1.0161 -1.4495, -4.0208 1.0386 -1.4354, -4.0208 1.0574 -1.4166, -4.0208 1.0716 -1.3941, -4.0208 1.0804 -1.369, -4.0256 1.017 -1.4513, -4.0256 1.0399 -1.4369, -4.0256 1.059 -1.4178, -4.0256 1.0734 -1.3949, -4.0256 1.0823 -1.3694, -4.0297 1.0183 -1.4541, -4.0297 1.0418 -1.4394, -4.0297 1.0614 -1.4198, -4.0297 1.0762 -1.3963, -4.0297 1.0853 -1.3701, -4.0328 1.0201 -1.4578, -4.0328 1.0443 -1.4426, -4.0328 1.0646 -1.4223, -4.0328 1.0798 -1.398, -4.0328 1.0893 -1.371, -4.0348 1.0221 -1.4621, -4.0348 1.0473 -1.4463, -4.0348 1.0683 -1.4253, -4.0348 1.0841 -1.4001, -4.0348 1.0939 -1.372, -3.8393 1.2649 -1.3425, -3.8393 1.2649 -1.1811, -3.8412 1.2697 -1.3425, -3.8412 1.2697 -1.1811, -3.8443 1.2738 -1.3425, -3.8443 1.2738 -1.1811, -3.8484 1.2769 -1.3425, -3.8484 1.2769 -1.1811, -3.8532 1.2789 -1.3425, -3.8532 1.2789 -1.1811, -4.0347 -0.4188 -1.6429, -4.0347 -0.4188 -1.6431, -4.0328 -0.4191 -1.6476, -4.0327 -0.4191 -1.6477, -4.0297 -0.4191 -1.6517, -4.0257 -0.4191 -1.6548, -4.0256 -0.4191 -1.6548, -4.021 -0.4188 -1.6568, -4.0208 -0.4188 -1.6568, -4.0208 -0.4188 -1.4613, -4.021 -0.4188 -1.4614, -4.0256 -0.4191 -1.4633, -4.0257 -0.4191 -1.4633, -4.0297 -0.4191 -1.4664, -4.0327 -0.4191 -1.4704, -4.0328 -0.4191 -1.4705, -4.0347 -0.4188 -1.475, -4.0347 -0.4188 -1.4752, -3.8393 1.0973 -1.1811, -3.8393 1.0973 -1.3425, -3.8412 1.0925 -1.1811, -3.8412 1.0925 -1.3425, -3.8443 1.0884 -1.1811, -3.8443 1.0884 -1.3425, -3.8484 1.0853 -1.1811, -3.8484 1.0853 -1.3425, -3.8532 1.0833 -1.1811, -3.8532 1.0833 -1.3425, -3.8393 0.9646 -1.6429, -3.8393 1.0314 -1.6354, -3.8412 0.9646 -1.6476, -3.8412 1.0325 -1.64, -3.8443 0.9646 -1.6517, -3.8443 1.0334 -1.644, -3.8484 0.9646 -1.6548, -3.8484 1.0341 -1.647, -3.8532 0.9646 -1.6568, -3.8532 1.0345 -1.6489, -3.8532 1.1009 -1.6257, -3.8532 1.1605 -1.5882, -3.8532 1.2103 -1.5385, -3.8532 1.2477 -1.4789, -3.8532 1.271 -1.4125, -3.8484 1.1001 -1.6239, -3.8484 1.1593 -1.5867, -3.8484 1.2088 -1.5373, -3.8484 1.246 -1.478, -3.8484 1.2691 -1.412, -3.8443 1.0987 -1.6211, -3.8443 1.1573 -1.5843, -3.8443 1.2063 -1.5353, -3.8443 1.2431 -1.4767, -3.8443 1.266 -1.4113, -3.8412 1.097 -1.6174, -3.8412 1.1548 -1.5811, -3.8412 1.2031 -1.5328, -3.8412 1.2395 -1.4749, -3.8412 1.262 -1.4104, -3.8393 1.0949 -1.6131, -3.8393 1.1518 -1.5774, -3.8393 1.1994 -1.5298, -3.8393 1.2352 -1.4728, -3.8393 1.2574 -1.4094, -3.9845 -0.6262 -1.6202, -3.9819 -0.6258 -1.6206, -3.9806 -0.6256 -1.6208, -3.9856 -0.6263 -1.6197, -3.9857 -0.6263 -1.6196, -3.9891 -0.6267 -1.6182, -3.9901 -0.6267 -1.6174, -3.9909 -0.6267 -1.6168, -3.9931 -0.6268 -1.6151, -3.9937 -0.6268 -1.6143, -3.9961 -0.6267 -1.6111, -3.9981 -0.6262 -1.6065, -3.9982 -0.6261 -1.6062, -3.9841 -0.6412 -1.5165, -3.9977 -0.6297 -1.5165, -3.9977 -0.6297 -1.6016, -3.9976 -0.6298 -1.5165, -3.9976 -0.6298 -1.6016, -3.9954 -0.6337 -1.5165, -3.9954 -0.6337 -1.6016, -3.9953 -0.6338 -1.5165, -3.9953 -0.6338 -1.6016, -3.9923 -0.6371 -1.5165, -3.9923 -0.6371 -1.6016, -3.9922 -0.6371 -1.5165, -3.9922 -0.6371 -1.6016, -3.9884 -0.6396 -1.5165, -3.9884 -0.6396 -1.6016, -3.9884 -0.6396 -1.5165, -3.9884 -0.6396 -1.6016, -3.9841 -0.6412 -1.5165, -3.9841 -0.6412 -1.6016, -3.9841 -0.6412 -1.6016, -3.9982 -0.6261 -1.512, -3.9981 -0.6262 -1.5116, -3.9961 -0.6267 -1.507, -3.9937 -0.6268 -1.5039, -3.9931 -0.6268 -1.503, -3.9909 -0.6267 -1.5013, -3.9901 -0.6267 -1.5007, -3.9891 -0.6267 -1.4999, -3.9857 -0.6263 -1.4985, -3.9856 -0.6263 -1.4984, -3.9845 -0.6262 -1.4979, -3.9819 -0.6258 -1.4975, -3.9806 -0.6256 -1.4973, -3.8532 0.9646 -1.4613, -3.8532 0.991 -1.4583, -3.8484 0.9646 -1.4633, -3.8484 0.9914 -1.4602, -3.8443 0.9646 -1.4664, -3.8443 0.9921 -1.4633, -3.8412 0.9646 -1.4705, -3.8412 0.993 -1.4673, -3.8393 0.9646 -1.4752, -3.8393 0.9941 -1.4719, -3.8393 1.0221 -1.4621, -3.8393 1.0473 -1.4463, -3.8393 1.0683 -1.4253, -3.8393 1.0841 -1.4001, -3.8393 1.0939 -1.372, -3.8412 1.0201 -1.4578, -3.8412 1.0443 -1.4426, -3.8412 1.0646 -1.4223, -3.8412 1.0798 -1.398, -3.8412 1.0893 -1.371, -3.8443 1.0183 -1.4541, -3.8443 1.0418 -1.4394, -3.8443 1.0614 -1.4198, -3.8443 1.0762 -1.3963, -3.8443 1.0853 -1.3701, -3.8484 1.017 -1.4513, -3.8484 1.0399 -1.4369, -3.8484 1.059 -1.4178, -3.8484 1.0734 -1.3949, -3.8484 1.0823 -1.3694, -3.8532 1.0161 -1.4495, -3.8532 1.0386 -1.4354, -3.8532 1.0574 -1.4166, -3.8532 1.0716 -1.3941, -3.8532 1.0804 -1.369, -3.8532 -0.4188 -1.6568, -3.853 -0.4188 -1.6568, -3.8484 -0.4191 -1.6548, -3.8483 -0.4191 -1.6548, -3.8443 -0.4191 -1.6517, -3.8413 -0.4191 -1.6477, -3.8412 -0.4191 -1.6476, -3.8393 -0.4188 -1.6431, -3.8393 -0.4188 -1.6429, -3.9972 -0.6295 -1.6062, -3.995 -0.6334 -1.6062, -3.9919 -0.6367 -1.6062, -3.9882 -0.6391 -1.6062, -3.9813 -0.6295 -1.6197, -3.9889 -0.629 -1.6174, -3.9857 -0.6266 -1.6197, -3.9916 -0.631 -1.6143, -3.9934 -0.6279 -1.6143, -3.9957 -0.6289 -1.6105, -3.984 -0.6407 -1.6062, -3.9795 -0.6412 -1.6061, -3.9836 -0.6391 -1.6105, -3.9795 -0.6396 -1.6104, -3.9795 -0.6412 -1.6062, -3.983 -0.6367 -1.6143, -3.9795 -0.6371 -1.6142, -3.9795 -0.6396 -1.6105, -3.9937 -0.6325 -1.6105, -3.9823 -0.6334 -1.6174, -3.9795 -0.6338 -1.6174, -3.9795 -0.6371 -1.6143, -3.9795 -0.6297 -1.6197, -3.9795 -0.6298 -1.6197, -3.9795 -0.6337 -1.6174, -3.9875 -0.6377 -1.6105, -3.9863 -0.6355 -1.6143, -3.9848 -0.6325 -1.6174, -3.983 -0.6289 -1.6197, -3.9909 -0.6355 -1.6105, -3.9893 -0.6335 -1.6143, -3.9871 -0.631 -1.6174, -3.9845 -0.6279 -1.6197, -3.995 -0.6334 -1.512, -3.9919 -0.6367 -1.512, -3.9882 -0.6391 -1.512, -3.9795 -0.6396 -1.5077, -3.9795 -0.6396 -1.5076, -3.9836 -0.6391 -1.5076, -3.9972 -0.6295 -1.512, -3.9934 -0.6279 -1.5038, -3.9957 -0.6289 -1.5076, -3.9889 -0.629 -1.5007, -3.9857 -0.6266 -1.4984, -3.9795 -0.6297 -1.4984, -3.9813 -0.6295 -1.4984, -3.9795 -0.6298 -1.4985, -3.9823 -0.6334 -1.5007, -3.9795 -0.6337 -1.5007, -3.983 -0.6367 -1.5038, -3.9795 -0.6371 -1.5039, -3.9795 -0.6371 -1.5038, -3.9795 -0.6338 -1.5007, -3.984 -0.6407 -1.512, -3.9795 -0.6412 -1.512, -3.9795 -0.6412 -1.512, -3.9875 -0.6377 -1.5076, -3.9863 -0.6355 -1.5038, -3.9848 -0.6325 -1.5007, -3.983 -0.6289 -1.4984, -3.9909 -0.6355 -1.5076, -3.9893 -0.6335 -1.5038, -3.9871 -0.631 -1.5007, -3.9845 -0.6279 -1.4984, -3.9937 -0.6325 -1.5076, -3.9916 -0.631 -1.5038, -3.8393 -0.4188 -1.4752, -3.8393 -0.4188 -1.475, -3.8412 -0.4191 -1.4705, -3.8413 -0.4191 -1.4704, -3.8443 -0.4191 -1.4664, -3.8483 -0.4191 -1.4633, -3.8484 -0.4191 -1.4633, -3.853 -0.4188 -1.4614, -3.8532 -0.4188 -1.4613, -3.8758 -0.6261 -1.6062, -3.8759 -0.6262 -1.6065, -3.8779 -0.6267 -1.6111, -3.8803 -0.6268 -1.6143, -3.881 -0.6268 -1.6151, -3.8832 -0.6267 -1.6168, -3.8839 -0.6267 -1.6174, -3.8849 -0.6267 -1.6182, -3.8883 -0.6263 -1.6196, -3.8884 -0.6263 -1.6197, -3.8895 -0.6262 -1.6202, -3.8921 -0.6258 -1.6206, -3.8934 -0.6256 -1.6208, -3.8945 -0.6297 -1.6197, -3.8945 -0.6298 -1.6197, -3.8945 -0.6337 -1.6174, -3.8945 -0.6338 -1.6174, -3.8945 -0.6371 -1.6143, -3.8945 -0.6371 -1.6142, -3.8945 -0.6396 -1.6105, -3.8945 -0.6396 -1.6104, -3.8945 -0.6412 -1.6062, -3.8945 -0.6412 -1.6061, -3.8945 -0.6412 -1.512, -3.8945 -0.6297 -1.4984, -3.8945 -0.6298 -1.4985, -3.8945 -0.6337 -1.5007, -3.8945 -0.6338 -1.5007, -3.8945 -0.6371 -1.5038, -3.8945 -0.6371 -1.5039, -3.8945 -0.6396 -1.5076, -3.8945 -0.6396 -1.5077, -3.8945 -0.6412 -1.512, -3.8934 -0.6256 -1.4973, -3.8921 -0.6258 -1.4975, -3.8884 -0.6263 -1.4984, -3.8883 -0.6263 -1.4985, -3.8895 -0.6262 -1.4979, -3.8849 -0.6267 -1.4999, -3.8839 -0.6267 -1.5007, -3.8832 -0.6267 -1.5013, -3.881 -0.6268 -1.503, -3.8803 -0.6268 -1.5039, -3.8779 -0.6267 -1.507, -3.8759 -0.6262 -1.5116, -3.8758 -0.6261 -1.512, -3.8768 -0.6295 -1.6062, -3.8806 -0.6279 -1.6143, -3.8851 -0.629 -1.6174, -3.8883 -0.6266 -1.6197, -3.8895 -0.6279 -1.6197, -3.891 -0.6289 -1.6197, -3.8927 -0.6295 -1.6197, -3.8763 -0.6297 -1.6016, -3.8764 -0.6298 -1.6016, -3.879 -0.6334 -1.6062, -3.8786 -0.6337 -1.6016, -3.8787 -0.6338 -1.6016, -3.8821 -0.6367 -1.6062, -3.8818 -0.6371 -1.6016, -3.8818 -0.6371 -1.6016, -3.8858 -0.6391 -1.6062, -3.8856 -0.6396 -1.6016, -3.8856 -0.6396 -1.6016, -3.89 -0.6407 -1.6062, -3.8899 -0.6412 -1.6016, -3.8899 -0.6412 -1.6016, -3.8783 -0.6289 -1.6105, -3.8803 -0.6325 -1.6105, -3.8831 -0.6355 -1.6105, -3.8865 -0.6377 -1.6105, -3.8904 -0.6391 -1.6105, -3.891 -0.6367 -1.6143, -3.8877 -0.6355 -1.6143, -3.8848 -0.6335 -1.6143, -3.8824 -0.631 -1.6143, -3.8869 -0.631 -1.6174, -3.8892 -0.6325 -1.6174, -3.8918 -0.6334 -1.6174, -3.8899 -0.6412 -1.5165, -3.8899 -0.6412 -1.5165, -3.89 -0.6407 -1.512, -3.8856 -0.6396 -1.5165, -3.8856 -0.6396 -1.5165, -3.8858 -0.6391 -1.512, -3.8818 -0.6371 -1.5165, -3.8818 -0.6371 -1.5165, -3.8821 -0.6367 -1.512, -3.8787 -0.6338 -1.5165, -3.8786 -0.6337 -1.5165, -3.879 -0.6334 -1.512, -3.8764 -0.6298 -1.5165, -3.8763 -0.6297 -1.5165, -3.8768 -0.6295 -1.512, -3.8927 -0.6295 -1.4984, -3.8851 -0.629 -1.5007, -3.8883 -0.6266 -1.4984, -3.8824 -0.631 -1.5038, -3.8806 -0.6279 -1.5038, -3.8783 -0.6289 -1.5076, -3.8918 -0.6334 -1.5007, -3.891 -0.6367 -1.5038, -3.8904 -0.6391 -1.5076, -3.8803 -0.6325 -1.5076, -3.8831 -0.6355 -1.5076, -3.8848 -0.6335 -1.5038, -3.8869 -0.631 -1.5007, -3.8895 -0.6279 -1.4984, -3.8865 -0.6377 -1.5076, -3.8877 -0.6355 -1.5038, -3.8892 -0.6325 -1.5007, -3.891 -0.6289 -1.4984, -4.0348 1.0973 -0.5118, -4.0347 1.0973 0.4464, -4.0347 1.0971 0.4464, -4.0328 1.0925 -0.5118, -4.0328 1.0925 0.4466, -4.0327 1.0924 0.4466, -4.0297 1.0884 -0.5118, -4.0297 1.0884 0.4467, -4.0257 1.0854 0.4466, -4.0256 1.0853 -0.5118, -4.0256 1.0853 0.4466, -4.021 1.0834 0.4464, -4.0208 1.0833 -0.5118, -4.0208 1.0834 0.4464, -4.0208 1.2789 -0.5118, -4.0208 1.2788 0.4464, -4.021 1.2788 0.4464, -4.0256 1.2769 -0.5118, -4.0256 1.2769 0.4466, -4.0257 1.2768 0.4466, -4.0297 1.2738 -0.5118, -4.0297 1.2738 0.4467, -4.0327 1.2698 0.4466, -4.0328 1.2697 -0.5118, -4.0328 1.2697 0.4466, -4.0347 1.2651 0.4464, -4.0348 1.2649 -0.5118, -4.0347 1.2649 0.4464, -3.9845 1.12 0.6538, -3.9845 1.12 0.6538, -3.9891 1.122 0.6542, -3.9891 1.122 0.6542, -3.9931 1.1251 0.6544, -3.9961 1.129 0.6542, -3.9961 1.129 0.6542, -3.9981 1.1336 0.6538, -3.9981 1.1336 0.6538, -3.9841 1.2236 0.6688, -3.9977 1.2236 0.6573, -3.9977 1.1386 0.6573, -3.9976 1.2236 0.6574, -3.9976 1.1386 0.6574, -3.9954 1.2236 0.6613, -3.9954 1.1386 0.6613, -3.9953 1.2236 0.6614, -3.9953 1.1386 0.6614, -3.9923 1.2236 0.6646, -3.9923 1.1386 0.6646, -3.9922 1.2236 0.6647, -3.9922 1.1386 0.6647, -3.9884 1.2236 0.6672, -3.9884 1.1386 0.6672, -3.9884 1.2236 0.6672, -3.9884 1.1386 0.6672, -3.9841 1.2236 0.6688, -3.9841 1.1386 0.6688, -3.9841 1.1386 0.6688, -3.9983 1.2279 0.6537, -3.9981 1.2286 0.6538, -3.9967 1.2319 0.6541, -3.9961 1.2332 0.6542, -3.9931 1.2371 0.6544, -3.9914 1.2385 0.6543, -3.9891 1.2402 0.6542, -3.9845 1.2422 0.6538, -3.9838 1.2423 0.6537, -3.8532 1.0833 -0.5118, -3.8532 1.0834 0.4464, -3.853 1.0834 0.4464, -3.8484 1.0853 -0.5118, -3.8484 1.0853 0.4466, -3.8483 1.0854 0.4466, -3.8443 1.0884 -0.5118, -3.8443 1.0884 0.4467, -3.8413 1.0924 0.4466, -3.8412 1.0925 -0.5118, -3.8412 1.0925 0.4466, -3.8393 1.0971 0.4464, -3.8393 1.0973 -0.5118, -3.8393 1.0973 0.4464, -3.9795 1.1228 0.6614, -3.9795 1.1258 0.6646, -3.9828 1.1263 0.6646, -3.9818 1.13 0.6672, -3.9807 1.1342 0.6688, -3.9818 1.1346 0.6688, -3.9835 1.1363 0.6688, -3.9828 1.1353 0.6688, -3.984 1.1374 0.6688, -3.9795 1.134 0.6688, -3.9842 1.1211 0.6573, -3.9886 1.1229 0.6573, -3.9924 1.1257 0.6573, -3.9952 1.1295 0.6573, -3.9971 1.1339 0.6573, -3.9795 1.1259 0.6647, -3.9795 1.1297 0.6672, -3.9795 1.1297 0.6672, -3.9795 1.134 0.6688, -3.984 1.1309 0.6672, -3.9858 1.1323 0.6672, -3.9872 1.1341 0.6672, -3.9881 1.1363 0.6672, -3.9859 1.1276 0.6646, -3.9885 1.1296 0.6646, -3.9906 1.1322 0.6646, -3.9918 1.1353 0.6646, -3.9795 1.1205 0.6574, -3.9795 1.1227 0.6613, -3.9836 1.1232 0.6613, -3.9875 1.1248 0.6613, -3.9908 1.1274 0.6613, -3.9933 1.1306 0.6613, -3.9949 1.1345 0.6613, -3.9795 1.1204 0.6573, -3.995 1.2272 0.6613, -3.9919 1.2265 0.6646, -3.9882 1.2256 0.6672, -3.984 1.2247 0.6688, -3.9837 1.2256 0.6688, -3.9815 1.2278 0.6688, -3.9824 1.2272 0.6688, -3.9806 1.2281 0.6688, -3.9972 1.2277 0.6573, -3.9959 1.2315 0.6573, -3.9937 1.2349 0.6573, -3.9908 1.2378 0.6573, -3.9874 1.24 0.6573, -3.9836 1.2413 0.6573, -3.9795 1.2418 0.6573, -3.9795 1.2282 0.6688, -3.9865 1.2292 0.6672, -3.9851 1.2306 0.6672, -3.9834 1.2316 0.6672, -3.9815 1.2323 0.6672, -3.9875 1.2275 0.6672, -3.9831 1.2265 0.6688, -3.9795 1.2282 0.6688, -3.9795 1.2325 0.6672, -3.9795 1.2325 0.6672, -3.9795 1.2363 0.6647, -3.991 1.2292 0.6646, -3.9895 1.2316 0.6646, -3.9875 1.2336 0.6646, -3.9851 1.2351 0.6646, -3.9824 1.236 0.6646, -3.9938 1.2305 0.6613, -3.9919 1.2335 0.6613, -3.9894 1.236 0.6613, -3.9864 1.2379 0.6613, -3.9831 1.2391 0.6613, -3.9795 1.2364 0.6646, -3.9795 1.2394 0.6614, -3.9795 1.2395 0.6613, -3.9795 1.2417 0.6574, -3.8393 1.2649 -0.5118, -3.8393 1.2649 0.4464, -3.8393 1.2651 0.4464, -3.8412 1.2697 -0.5118, -3.8412 1.2697 0.4466, -3.8413 1.2698 0.4466, -3.8443 1.2738 -0.5118, -3.8443 1.2738 0.4467, -3.8483 1.2768 0.4466, -3.8484 1.2769 -0.5118, -3.8484 1.2769 0.4466, -3.853 1.2788 0.4464, -3.8532 1.2789 -0.5118, -3.8532 1.2788 0.4464, -3.8758 1.1343 0.6537, -3.8759 1.1336 0.6538, -3.8773 1.1303 0.6541, -3.8779 1.129 0.6542, -3.881 1.1251 0.6544, -3.8827 1.1237 0.6543, -3.8849 1.122 0.6542, -3.8895 1.12 0.6538, -3.8902 1.1199 0.6537, -3.8945 1.1204 0.6573, -3.8945 1.1205 0.6574, -3.8945 1.1227 0.6613, -3.8945 1.1228 0.6614, -3.8945 1.1258 0.6646, -3.8945 1.1259 0.6647, -3.8945 1.1297 0.6672, -3.8945 1.1297 0.6672, -3.8945 1.134 0.6688, -3.8945 1.134 0.6688, -3.8945 1.2282 0.6688, -3.8945 1.2418 0.6573, -3.8945 1.2417 0.6574, -3.8945 1.2395 0.6613, -3.8945 1.2394 0.6614, -3.8945 1.2364 0.6646, -3.8945 1.2363 0.6647, -3.8945 1.2325 0.6672, -3.8945 1.2325 0.6672, -3.8945 1.2282 0.6688, -3.8902 1.2423 0.6537, -3.8895 1.2422 0.6538, -3.8862 1.2408 0.6541, -3.8849 1.2402 0.6542, -3.881 1.2371 0.6544, -3.8797 1.2355 0.6543, -3.8779 1.2332 0.6542, -3.8759 1.2286 0.6538, -3.8758 1.2279 0.6537, -3.8764 1.1386 0.6574, -3.8786 1.1386 0.6613, -3.879 1.135 0.6613, -3.8787 1.1386 0.6614, -3.8818 1.1386 0.6646, -3.8821 1.1357 0.6646, -3.8858 1.1366 0.6672, -3.89 1.1375 0.6688, -3.8904 1.1366 0.6688, -3.8925 1.1345 0.6688, -3.8916 1.135 0.6688, -3.8935 1.1341 0.6688, -3.8899 1.1386 0.6688, -3.8768 1.1345 0.6573, -3.8781 1.1307 0.6573, -3.8803 1.1273 0.6573, -3.8832 1.1244 0.6573, -3.8866 1.1222 0.6573, -3.8904 1.1209 0.6573, -3.8818 1.1386 0.6647, -3.8856 1.1386 0.6672, -3.8856 1.1386 0.6672, -3.8899 1.1386 0.6688, -3.8875 1.133 0.6672, -3.8889 1.1316 0.6672, -3.8906 1.1306 0.6672, -3.8925 1.1299 0.6672, -3.8865 1.1347 0.6672, -3.8909 1.1357 0.6688, -3.883 1.133 0.6646, -3.8845 1.1306 0.6646, -3.8865 1.1286 0.6646, -3.889 1.1271 0.6646, -3.8916 1.1262 0.6646, -3.8802 1.1317 0.6613, -3.8821 1.1287 0.6613, -3.8846 1.1262 0.6613, -3.8876 1.1243 0.6613, -3.8909 1.1231 0.6613, -3.8763 1.1386 0.6573, -3.8909 1.2391 0.6613, -3.8916 1.236 0.6646, -3.8925 1.2323 0.6672, -3.8935 1.2281 0.6688, -3.8925 1.2278 0.6688, -3.8904 1.2256 0.6688, -3.8909 1.2265 0.6688, -3.89 1.2247 0.6688, -3.8904 1.2413 0.6573, -3.8866 1.24 0.6573, -3.8832 1.2378 0.6573, -3.8803 1.2349 0.6573, -3.8781 1.2315 0.6573, -3.8768 1.2277 0.6573, -3.8763 1.2236 0.6573, -3.8899 1.2236 0.6688, -3.8889 1.2306 0.6672, -3.8875 1.2292 0.6672, -3.8865 1.2275 0.6672, -3.8858 1.2256 0.6672, -3.8906 1.2316 0.6672, -3.8916 1.2272 0.6688, -3.8899 1.2236 0.6688, -3.8856 1.2236 0.6672, -3.8856 1.2236 0.6672, -3.8818 1.2236 0.6647, -3.889 1.2351 0.6646, -3.8865 1.2336 0.6646, -3.8845 1.2316 0.6646, -3.883 1.2292 0.6646, -3.8821 1.2265 0.6646, -3.8876 1.2379 0.6613, -3.8846 1.236 0.6613, -3.8821 1.2335 0.6613, -3.8802 1.2305 0.6613, -3.879 1.2272 0.6613, -3.8818 1.2236 0.6646, -3.8787 1.2236 0.6614, -3.8786 1.2236 0.6613, -3.8764 1.2236 0.6574, -4.8222 1.2649 -1.1811, -4.8222 1.2649 -1.3425, -4.8202 1.2697 -1.1811, -4.8202 1.2697 -1.3425, -4.8171 1.2738 -1.1811, -4.8171 1.2738 -1.3425, -4.813 1.2769 -1.1811, -4.813 1.2769 -1.3425, -4.8082 1.2789 -1.1811, -4.8082 1.2789 -1.3425, -4.8222 1.0973 -1.3425, -4.8222 1.0973 -1.1811, -4.8202 1.0925 -1.3425, -4.8202 1.0925 -1.1811, -4.8171 1.0884 -1.3425, -4.8171 1.0884 -1.1811, -4.813 1.0853 -1.3425, -4.813 1.0853 -1.1811, -4.8082 1.0833 -1.3425, -4.8082 1.0833 -1.1811, -4.8082 0.9646 -1.6568, -4.8082 1.0345 -1.6489, -4.813 0.9646 -1.6548, -4.813 1.0341 -1.647, -4.8171 0.9646 -1.6517, -4.8171 1.0334 -1.644, -4.8202 0.9646 -1.6476, -4.8202 1.0325 -1.64, -4.8222 0.9646 -1.6429, -4.8222 1.0314 -1.6354, -4.8222 1.0949 -1.6131, -4.8222 1.1518 -1.5774, -4.8222 1.1994 -1.5298, -4.8222 1.2352 -1.4728, -4.8222 1.2574 -1.4094, -4.8202 1.097 -1.6174, -4.8202 1.1548 -1.5811, -4.8202 1.2031 -1.5328, -4.8202 1.2395 -1.4749, -4.8202 1.262 -1.4104, -4.8171 1.0987 -1.6211, -4.8171 1.1573 -1.5843, -4.8171 1.2063 -1.5353, -4.8171 1.2431 -1.4767, -4.8171 1.266 -1.4113, -4.813 1.1001 -1.6239, -4.813 1.1593 -1.5867, -4.813 1.2088 -1.5373, -4.813 1.246 -1.478, -4.813 1.2691 -1.412, -4.8082 1.1009 -1.6257, -4.8082 1.1605 -1.5882, -4.8082 1.2103 -1.5385, -4.8082 1.2477 -1.4789, -4.8082 1.271 -1.4125, -4.8222 0.9646 -1.4752, -4.8222 0.9941 -1.4719, -4.8202 0.9646 -1.4705, -4.8202 0.993 -1.4673, -4.8171 0.9646 -1.4664, -4.8171 0.9921 -1.4633, -4.813 0.9646 -1.4633, -4.813 0.9914 -1.4602, -4.8082 0.9646 -1.4613, -4.8082 0.991 -1.4583, -4.8082 1.0161 -1.4495, -4.8082 1.0386 -1.4354, -4.8082 1.0574 -1.4166, -4.8082 1.0716 -1.3941, -4.8082 1.0804 -1.369, -4.813 1.017 -1.4513, -4.813 1.0399 -1.4369, -4.813 1.059 -1.4178, -4.813 1.0734 -1.3949, -4.813 1.0823 -1.3694, -4.8171 1.0183 -1.4541, -4.8171 1.0418 -1.4394, -4.8171 1.0614 -1.4198, -4.8171 1.0762 -1.3963, -4.8171 1.0853 -1.3701, -4.8202 1.0201 -1.4578, -4.8202 1.0443 -1.4426, -4.8202 1.0646 -1.4223, -4.8202 1.0798 -1.398, -4.8202 1.0893 -1.371, -4.8222 1.0221 -1.4621, -4.8222 1.0473 -1.4463, -4.8222 1.0683 -1.4253, -4.8222 1.0841 -1.4001, -4.8222 1.0939 -1.372, -4.6267 1.2649 -1.3425, -4.6267 1.2649 -1.1811, -4.6286 1.2697 -1.3425, -4.6286 1.2697 -1.1811, -4.6318 1.2738 -1.3425, -4.6318 1.2738 -1.1811, -4.6358 1.2769 -1.3425, -4.6358 1.2769 -1.1811, -4.6406 1.2789 -1.3425, -4.6406 1.2789 -1.1811, -4.8221 -0.4188 -1.6429, -4.8221 -0.4188 -1.6431, -4.8202 -0.4191 -1.6476, -4.8201 -0.4191 -1.6477, -4.8171 -0.4191 -1.6517, -4.8131 -0.4191 -1.6548, -4.813 -0.4191 -1.6548, -4.8084 -0.4188 -1.6568, -4.8082 -0.4188 -1.6568, -4.8082 -0.4188 -1.4613, -4.8084 -0.4188 -1.4614, -4.813 -0.4191 -1.4633, -4.8131 -0.4191 -1.4633, -4.8171 -0.4191 -1.4664, -4.8201 -0.4191 -1.4704, -4.8202 -0.4191 -1.4705, -4.8221 -0.4188 -1.475, -4.8221 -0.4188 -1.4752, -4.6267 1.0973 -1.1811, -4.6267 1.0973 -1.3425, -4.6286 1.0925 -1.1811, -4.6286 1.0925 -1.3425, -4.6318 1.0884 -1.1811, -4.6318 1.0884 -1.3425, -4.6358 1.0853 -1.1811, -4.6358 1.0853 -1.3425, -4.6406 1.0833 -1.1811, -4.6406 1.0833 -1.3425, -4.6267 0.9646 -1.6429, -4.6267 1.0314 -1.6354, -4.6286 0.9646 -1.6476, -4.6286 1.0325 -1.64, -4.6318 0.9646 -1.6517, -4.6318 1.0334 -1.644, -4.6358 0.9646 -1.6548, -4.6358 1.0341 -1.647, -4.6406 0.9646 -1.6568, -4.6406 1.0345 -1.6489, -4.6406 1.1009 -1.6257, -4.6406 1.1605 -1.5882, -4.6406 1.2103 -1.5385, -4.6406 1.2477 -1.4789, -4.6406 1.271 -1.4125, -4.6358 1.1001 -1.6239, -4.6358 1.1593 -1.5867, -4.6358 1.2088 -1.5373, -4.6358 1.246 -1.478, -4.6358 1.2691 -1.412, -4.6318 1.0987 -1.6211, -4.6318 1.1573 -1.5843, -4.6318 1.2063 -1.5353, -4.6318 1.2431 -1.4767, -4.6318 1.266 -1.4113, -4.6286 1.097 -1.6174, -4.6286 1.1548 -1.5811, -4.6286 1.2031 -1.5328, -4.6286 1.2395 -1.4749, -4.6286 1.262 -1.4104, -4.6267 1.0949 -1.6131, -4.6267 1.1518 -1.5774, -4.6267 1.1994 -1.5298, -4.6267 1.2352 -1.4728, -4.6267 1.2574 -1.4094, -4.7719 -0.6262 -1.6202, -4.7693 -0.6258 -1.6206, -4.768 -0.6256 -1.6208, -4.7731 -0.6263 -1.6196, -4.7765 -0.6267 -1.6182, -4.773 -0.6263 -1.6197, -4.7775 -0.6267 -1.6174, -4.7783 -0.6267 -1.6168, -4.7805 -0.6268 -1.6151, -4.7811 -0.6268 -1.6143, -4.7835 -0.6267 -1.6111, -4.7855 -0.6262 -1.6065, -4.7856 -0.6261 -1.6062, -4.7715 -0.6412 -1.5165, -4.7851 -0.6297 -1.5165, -4.7851 -0.6297 -1.6016, -4.785 -0.6298 -1.5165, -4.785 -0.6298 -1.6016, -4.7828 -0.6337 -1.5165, -4.7828 -0.6337 -1.6016, -4.7827 -0.6338 -1.5165, -4.7827 -0.6338 -1.6016, -4.7797 -0.6371 -1.5165, -4.7797 -0.6371 -1.6016, -4.7796 -0.6371 -1.5165, -4.7796 -0.6371 -1.6016, -4.7758 -0.6396 -1.5165, -4.7758 -0.6396 -1.6016, -4.7758 -0.6396 -1.5165, -4.7758 -0.6396 -1.6016, -4.7715 -0.6412 -1.5165, -4.7715 -0.6412 -1.6016, -4.7715 -0.6412 -1.6016, -4.7856 -0.6261 -1.512, -4.7855 -0.6262 -1.5116, -4.7835 -0.6267 -1.507, -4.7811 -0.6268 -1.5039, -4.7805 -0.6268 -1.503, -4.7783 -0.6267 -1.5013, -4.7775 -0.6267 -1.5007, -4.7765 -0.6267 -1.4999, -4.7731 -0.6263 -1.4985, -4.773 -0.6263 -1.4984, -4.7719 -0.6262 -1.4979, -4.7693 -0.6258 -1.4975, -4.768 -0.6256 -1.4973, -4.6406 0.9646 -1.4613, -4.6406 0.991 -1.4583, -4.6358 0.9646 -1.4633, -4.6358 0.9914 -1.4602, -4.6318 0.9646 -1.4664, -4.6318 0.9921 -1.4633, -4.6286 0.9646 -1.4705, -4.6286 0.993 -1.4673, -4.6267 0.9646 -1.4752, -4.6267 0.9941 -1.4719, -4.6267 1.0221 -1.4621, -4.6267 1.0473 -1.4463, -4.6267 1.0683 -1.4253, -4.6267 1.0841 -1.4001, -4.6267 1.0939 -1.372, -4.6286 1.0201 -1.4578, -4.6286 1.0443 -1.4426, -4.6286 1.0646 -1.4223, -4.6286 1.0798 -1.398, -4.6286 1.0893 -1.371, -4.6318 1.0183 -1.4541, -4.6318 1.0418 -1.4394, -4.6318 1.0614 -1.4198, -4.6318 1.0762 -1.3963, -4.6318 1.0853 -1.3701, -4.6358 1.017 -1.4513, -4.6358 1.0399 -1.4369, -4.6358 1.059 -1.4178, -4.6358 1.0734 -1.3949, -4.6358 1.0823 -1.3694, -4.6406 1.0161 -1.4495, -4.6406 1.0386 -1.4354, -4.6406 1.0574 -1.4166, -4.6406 1.0716 -1.3941, -4.6406 1.0804 -1.369, -4.6406 -0.4188 -1.6568, -4.6404 -0.4188 -1.6568, -4.6358 -0.4191 -1.6548, -4.6357 -0.4191 -1.6548, -4.6318 -0.4191 -1.6517, -4.6287 -0.4191 -1.6477, -4.6286 -0.4191 -1.6476, -4.6267 -0.4188 -1.6431, -4.6267 -0.4188 -1.6429, -4.7846 -0.6295 -1.6062, -4.7824 -0.6334 -1.6062, -4.7793 -0.6367 -1.6062, -4.7756 -0.6391 -1.6062, -4.7687 -0.6295 -1.6197, -4.7763 -0.629 -1.6174, -4.7731 -0.6266 -1.6197, -4.779 -0.631 -1.6143, -4.7808 -0.6279 -1.6143, -4.7831 -0.6289 -1.6105, -4.7714 -0.6407 -1.6062, -4.7669 -0.6412 -1.6061, -4.771 -0.6391 -1.6105, -4.7669 -0.6396 -1.6104, -4.7669 -0.6412 -1.6062, -4.7704 -0.6367 -1.6143, -4.7669 -0.6371 -1.6142, -4.7669 -0.6396 -1.6105, -4.7811 -0.6325 -1.6105, -4.7697 -0.6334 -1.6174, -4.7669 -0.6338 -1.6174, -4.7669 -0.6371 -1.6143, -4.7669 -0.6297 -1.6197, -4.7669 -0.6298 -1.6197, -4.7669 -0.6337 -1.6174, -4.7749 -0.6377 -1.6105, -4.7737 -0.6355 -1.6143, -4.7722 -0.6325 -1.6174, -4.7704 -0.6289 -1.6197, -4.7783 -0.6355 -1.6105, -4.7767 -0.6335 -1.6143, -4.7745 -0.631 -1.6174, -4.7719 -0.6279 -1.6197, -4.7824 -0.6334 -1.512, -4.7793 -0.6367 -1.512, -4.7756 -0.6391 -1.512, -4.7669 -0.6396 -1.5077, -4.7669 -0.6396 -1.5076, -4.771 -0.6391 -1.5076, -4.7846 -0.6295 -1.512, -4.7808 -0.6279 -1.5038, -4.7831 -0.6289 -1.5076, -4.7763 -0.629 -1.5007, -4.7731 -0.6266 -1.4984, -4.7669 -0.6297 -1.4984, -4.7687 -0.6295 -1.4984, -4.7669 -0.6298 -1.4985, -4.7697 -0.6334 -1.5007, -4.7669 -0.6337 -1.5007, -4.7704 -0.6367 -1.5038, -4.7669 -0.6371 -1.5039, -4.7669 -0.6371 -1.5038, -4.7669 -0.6338 -1.5007, -4.7714 -0.6407 -1.512, -4.7669 -0.6412 -1.512, -4.7669 -0.6412 -1.512, -4.7749 -0.6377 -1.5076, -4.7737 -0.6355 -1.5038, -4.7722 -0.6325 -1.5007, -4.7704 -0.6289 -1.4984, -4.7783 -0.6355 -1.5076, -4.7767 -0.6335 -1.5038, -4.7745 -0.631 -1.5007, -4.7719 -0.6279 -1.4984, -4.7811 -0.6325 -1.5076, -4.779 -0.631 -1.5038, -4.6267 -0.4188 -1.4752, -4.6267 -0.4188 -1.475, -4.6286 -0.4191 -1.4705, -4.6287 -0.4191 -1.4704, -4.6318 -0.4191 -1.4664, -4.6357 -0.4191 -1.4633, -4.6358 -0.4191 -1.4633, -4.6404 -0.4188 -1.4614, -4.6406 -0.4188 -1.4613, -4.6769 -0.6262 -1.6202, -4.6632 -0.6261 -1.6062, -4.6633 -0.6262 -1.6065, -4.6653 -0.6267 -1.6111, -4.6677 -0.6268 -1.6143, -4.6684 -0.6268 -1.6151, -4.6706 -0.6267 -1.6168, -4.6713 -0.6267 -1.6174, -4.6723 -0.6267 -1.6182, -4.6757 -0.6263 -1.6196, -4.6758 -0.6263 -1.6197, -4.6808 -0.6256 -1.6208, -4.6795 -0.6258 -1.6206, -4.6819 -0.6297 -1.6197, -4.6819 -0.6298 -1.6197, -4.6819 -0.6337 -1.6174, -4.6819 -0.6338 -1.6174, -4.6819 -0.6371 -1.6143, -4.6819 -0.6371 -1.6142, -4.6819 -0.6396 -1.6105, -4.6819 -0.6396 -1.6104, -4.6819 -0.6412 -1.6062, -4.6819 -0.6412 -1.6061, -4.6819 -0.6412 -1.512, -4.6819 -0.6297 -1.4984, -4.6819 -0.6298 -1.4985, -4.6819 -0.6337 -1.5007, -4.6819 -0.6338 -1.5007, -4.6819 -0.6371 -1.5038, -4.6819 -0.6371 -1.5039, -4.6819 -0.6396 -1.5076, -4.6819 -0.6396 -1.5077, -4.6819 -0.6412 -1.512, -4.6769 -0.6262 -1.4979, -4.6795 -0.6258 -1.4975, -4.6808 -0.6256 -1.4973, -4.6758 -0.6263 -1.4984, -4.6757 -0.6263 -1.4985, -4.6723 -0.6267 -1.4999, -4.6713 -0.6267 -1.5007, -4.6706 -0.6267 -1.5013, -4.6684 -0.6268 -1.503, -4.6677 -0.6268 -1.5039, -4.6653 -0.6267 -1.507, -4.6633 -0.6262 -1.5116, -4.6632 -0.6261 -1.512, -4.6784 -0.6367 -1.6143, -4.6778 -0.6391 -1.6105, -4.6774 -0.6407 -1.6062, -4.6642 -0.6295 -1.6062, -4.6657 -0.6289 -1.6105, -4.668 -0.6279 -1.6143, -4.6725 -0.629 -1.6174, -4.6757 -0.6266 -1.6197, -4.6769 -0.6279 -1.6197, -4.6784 -0.6289 -1.6197, -4.6801 -0.6295 -1.6197, -4.6637 -0.6297 -1.6016, -4.6638 -0.6298 -1.6016, -4.6664 -0.6334 -1.6062, -4.666 -0.6337 -1.6016, -4.6661 -0.6338 -1.6016, -4.6695 -0.6367 -1.6062, -4.6692 -0.6371 -1.6016, -4.6692 -0.6371 -1.6016, -4.6732 -0.6391 -1.6062, -4.673 -0.6396 -1.6016, -4.673 -0.6396 -1.6016, -4.6773 -0.6412 -1.6016, -4.6773 -0.6412 -1.6016, -4.6677 -0.6325 -1.6105, -4.6705 -0.6355 -1.6105, -4.6739 -0.6377 -1.6105, -4.6698 -0.631 -1.6143, -4.6722 -0.6335 -1.6143, -4.6751 -0.6355 -1.6143, -4.6792 -0.6334 -1.6174, -4.6766 -0.6325 -1.6174, -4.6743 -0.631 -1.6174, -4.6773 -0.6412 -1.5165, -4.6773 -0.6412 -1.5165, -4.6774 -0.6407 -1.512, -4.673 -0.6396 -1.5165, -4.673 -0.6396 -1.5165, -4.6732 -0.6391 -1.512, -4.6692 -0.6371 -1.5165, -4.6692 -0.6371 -1.5165, -4.6695 -0.6367 -1.512, -4.6661 -0.6338 -1.5165, -4.666 -0.6337 -1.5165, -4.6664 -0.6334 -1.512, -4.6638 -0.6298 -1.5165, -4.6637 -0.6297 -1.5165, -4.6642 -0.6295 -1.512, -4.6801 -0.6295 -1.4984, -4.6725 -0.629 -1.5007, -4.6757 -0.6266 -1.4984, -4.6698 -0.631 -1.5038, -4.668 -0.6279 -1.5038, -4.6657 -0.6289 -1.5076, -4.6792 -0.6334 -1.5007, -4.6784 -0.6367 -1.5038, -4.6778 -0.6391 -1.5076, -4.6677 -0.6325 -1.5076, -4.6705 -0.6355 -1.5076, -4.6722 -0.6335 -1.5038, -4.6743 -0.631 -1.5007, -4.6769 -0.6279 -1.4984, -4.6739 -0.6377 -1.5076, -4.6751 -0.6355 -1.5038, -4.6766 -0.6325 -1.5007, -4.6784 -0.6289 -1.4984, -4.8222 1.0973 -0.5118, -4.8221 1.0973 0.4464, -4.8221 1.0971 0.4464, -4.8202 1.0925 -0.5118, -4.8202 1.0925 0.4466, -4.8201 1.0924 0.4466, -4.8171 1.0884 -0.5118, -4.8171 1.0884 0.4467, -4.8131 1.0854 0.4466, -4.813 1.0853 -0.5118, -4.813 1.0853 0.4466, -4.8084 1.0834 0.4464, -4.8082 1.0833 -0.5118, -4.8082 1.0834 0.4464, -4.8082 1.2789 -0.5118, -4.8082 1.2788 0.4464, -4.8084 1.2788 0.4464, -4.813 1.2769 -0.5118, -4.813 1.2769 0.4466, -4.8131 1.2768 0.4466, -4.8171 1.2738 -0.5118, -4.8171 1.2738 0.4467, -4.8201 1.2698 0.4466, -4.8202 1.2697 -0.5118, -4.8202 1.2697 0.4466, -4.8221 1.2651 0.4464, -4.8222 1.2649 -0.5118, -4.8221 1.2649 0.4464, -4.7719 1.12 0.6538, -4.7719 1.12 0.6538, -4.7765 1.122 0.6542, -4.7765 1.122 0.6542, -4.7805 1.1251 0.6544, -4.7835 1.129 0.6542, -4.7835 1.129 0.6542, -4.7855 1.1336 0.6538, -4.7855 1.1336 0.6538, -4.7715 1.2236 0.6688, -4.7851 1.2236 0.6573, -4.7851 1.1386 0.6573, -4.785 1.2236 0.6574, -4.785 1.1386 0.6574, -4.7828 1.2236 0.6613, -4.7828 1.1386 0.6613, -4.7827 1.2236 0.6614, -4.7827 1.1386 0.6614, -4.7797 1.2236 0.6646, -4.7797 1.1386 0.6646, -4.7796 1.2236 0.6647, -4.7796 1.1386 0.6647, -4.7758 1.2236 0.6672, -4.7758 1.1386 0.6672, -4.7758 1.2236 0.6672, -4.7758 1.1386 0.6672, -4.7715 1.2236 0.6688, -4.7715 1.1386 0.6688, -4.7715 1.1386 0.6688, -4.7857 1.2279 0.6537, -4.7855 1.2286 0.6538, -4.7841 1.2319 0.6541, -4.7835 1.2332 0.6542, -4.7805 1.2371 0.6544, -4.7788 1.2385 0.6543, -4.7765 1.2402 0.6542, -4.7719 1.2422 0.6538, -4.7712 1.2423 0.6537, -4.6406 1.0833 -0.5118, -4.6406 1.0834 0.4464, -4.6404 1.0834 0.4464, -4.6358 1.0853 -0.5118, -4.6358 1.0853 0.4466, -4.6357 1.0854 0.4466, -4.6318 1.0884 -0.5118, -4.6318 1.0884 0.4467, -4.6287 1.0924 0.4466, -4.6286 1.0925 -0.5118, -4.6286 1.0925 0.4466, -4.6267 1.0971 0.4464, -4.6267 1.0973 -0.5118, -4.6267 1.0973 0.4464, -4.7669 1.1228 0.6614, -4.7669 1.1258 0.6646, -4.7702 1.1263 0.6646, -4.7692 1.13 0.6672, -4.7681 1.1342 0.6688, -4.7692 1.1346 0.6688, -4.7709 1.1363 0.6688, -4.7702 1.1353 0.6688, -4.7714 1.1374 0.6688, -4.7669 1.134 0.6688, -4.7716 1.1211 0.6573, -4.776 1.1229 0.6573, -4.7798 1.1257 0.6573, -4.7826 1.1295 0.6573, -4.7845 1.1339 0.6573, -4.7669 1.1259 0.6647, -4.7669 1.1297 0.6672, -4.7669 1.1297 0.6672, -4.7669 1.134 0.6688, -4.7714 1.1309 0.6672, -4.7732 1.1323 0.6672, -4.7746 1.1341 0.6672, -4.7755 1.1363 0.6672, -4.7733 1.1276 0.6646, -4.7759 1.1296 0.6646, -4.778 1.1322 0.6646, -4.7792 1.1353 0.6646, -4.7669 1.1205 0.6574, -4.7669 1.1227 0.6613, -4.7711 1.1232 0.6613, -4.7749 1.1248 0.6613, -4.7782 1.1274 0.6613, -4.7807 1.1306 0.6613, -4.7823 1.1345 0.6613, -4.7669 1.1204 0.6573, -4.7824 1.2272 0.6613, -4.7793 1.2265 0.6646, -4.7756 1.2256 0.6672, -4.7714 1.2247 0.6688, -4.7711 1.2256 0.6688, -4.7689 1.2278 0.6688, -4.7698 1.2272 0.6688, -4.768 1.2281 0.6688, -4.7846 1.2277 0.6573, -4.7833 1.2315 0.6573, -4.7811 1.2349 0.6573, -4.7783 1.2378 0.6573, -4.7748 1.24 0.6573, -4.771 1.2413 0.6573, -4.7669 1.2418 0.6573, -4.7669 1.2282 0.6688, -4.7739 1.2292 0.6672, -4.7725 1.2306 0.6672, -4.7708 1.2316 0.6672, -4.7689 1.2323 0.6672, -4.775 1.2275 0.6672, -4.7705 1.2265 0.6688, -4.7669 1.2282 0.6688, -4.7669 1.2325 0.6672, -4.7669 1.2325 0.6672, -4.7669 1.2363 0.6647, -4.7784 1.2292 0.6646, -4.7769 1.2316 0.6646, -4.7749 1.2336 0.6646, -4.7725 1.2351 0.6646, -4.7698 1.236 0.6646, -4.7812 1.2305 0.6613, -4.7793 1.2335 0.6613, -4.7768 1.236 0.6613, -4.7738 1.2379 0.6613, -4.7705 1.2391 0.6613, -4.7669 1.2364 0.6646, -4.7669 1.2394 0.6614, -4.7669 1.2395 0.6613, -4.7669 1.2417 0.6574, -4.6267 1.2649 -0.5118, -4.6267 1.2649 0.4464, -4.6267 1.2651 0.4464, -4.6286 1.2697 -0.5118, -4.6286 1.2697 0.4466, -4.6287 1.2698 0.4466, -4.6318 1.2738 -0.5118, -4.6318 1.2738 0.4467, -4.6357 1.2768 0.4466, -4.6358 1.2769 -0.5118, -4.6358 1.2769 0.4466, -4.6404 1.2788 0.4464, -4.6406 1.2789 -0.5118, -4.6406 1.2788 0.4464, -4.6632 1.1343 0.6537, -4.6633 1.1336 0.6538, -4.6647 1.1303 0.6541, -4.6653 1.129 0.6542, -4.6684 1.1251 0.6544, -4.6701 1.1237 0.6543, -4.6723 1.122 0.6542, -4.6769 1.12 0.6538, -4.6776 1.1199 0.6537, -4.6819 1.1204 0.6573, -4.6819 1.1205 0.6574, -4.6819 1.1227 0.6613, -4.6819 1.1228 0.6614, -4.6819 1.1258 0.6646, -4.6819 1.1259 0.6647, -4.6819 1.1297 0.6672, -4.6819 1.1297 0.6672, -4.6819 1.134 0.6688, -4.6819 1.134 0.6688, -4.6819 1.2282 0.6688, -4.6819 1.2418 0.6573, -4.6819 1.2417 0.6574, -4.6819 1.2395 0.6613, -4.6819 1.2394 0.6614, -4.6819 1.2364 0.6646, -4.6819 1.2363 0.6647, -4.6819 1.2325 0.6672, -4.6819 1.2325 0.6672, -4.6819 1.2282 0.6688, -4.6776 1.2423 0.6537, -4.6769 1.2422 0.6538, -4.6736 1.2408 0.6541, -4.6723 1.2402 0.6542, -4.6684 1.2371 0.6544, -4.6671 1.2355 0.6543, -4.6653 1.2332 0.6542, -4.6633 1.2286 0.6538, -4.6632 1.2279 0.6537, -4.6638 1.1386 0.6574, -4.666 1.1386 0.6613, -4.6664 1.135 0.6613, -4.6661 1.1386 0.6614, -4.6692 1.1386 0.6646, -4.6695 1.1357 0.6646, -4.6732 1.1366 0.6672, -4.6774 1.1375 0.6688, -4.6778 1.1366 0.6688, -4.6799 1.1345 0.6688, -4.679 1.135 0.6688, -4.6809 1.1341 0.6688, -4.6773 1.1386 0.6688, -4.6642 1.1345 0.6573, -4.6655 1.1307 0.6573, -4.6677 1.1273 0.6573, -4.6706 1.1244 0.6573, -4.674 1.1222 0.6573, -4.6778 1.1209 0.6573, -4.6692 1.1386 0.6647, -4.673 1.1386 0.6672, -4.673 1.1386 0.6672, -4.6773 1.1386 0.6688, -4.6749 1.133 0.6672, -4.6763 1.1316 0.6672, -4.678 1.1306 0.6672, -4.6799 1.1299 0.6672, -4.6739 1.1347 0.6672, -4.6783 1.1357 0.6688, -4.6704 1.133 0.6646, -4.6719 1.1306 0.6646, -4.6739 1.1286 0.6646, -4.6764 1.1271 0.6646, -4.679 1.1262 0.6646, -4.6676 1.1317 0.6613, -4.6695 1.1287 0.6613, -4.672 1.1262 0.6613, -4.675 1.1243 0.6613, -4.6783 1.1231 0.6613, -4.6637 1.1386 0.6573, -4.6783 1.2391 0.6613, -4.679 1.236 0.6646, -4.6799 1.2323 0.6672, -4.6809 1.2281 0.6688, -4.6799 1.2278 0.6688, -4.6778 1.2256 0.6688, -4.6783 1.2265 0.6688, -4.6774 1.2247 0.6688, -4.6778 1.2413 0.6573, -4.674 1.24 0.6573, -4.6706 1.2378 0.6573, -4.6677 1.2349 0.6573, -4.6655 1.2315 0.6573, -4.6642 1.2277 0.6573, -4.6637 1.2236 0.6573, -4.6773 1.2236 0.6688, -4.6763 1.2306 0.6672, -4.6749 1.2292 0.6672, -4.6739 1.2275 0.6672, -4.6732 1.2256 0.6672, -4.678 1.2316 0.6672, -4.679 1.2272 0.6688, -4.6773 1.2236 0.6688, -4.673 1.2236 0.6672, -4.673 1.2236 0.6672, -4.6692 1.2236 0.6647, -4.6764 1.2351 0.6646, -4.6739 1.2336 0.6646, -4.6719 1.2316 0.6646, -4.6704 1.2292 0.6646, -4.6695 1.2265 0.6646, -4.675 1.2379 0.6613, -4.672 1.236 0.6613, -4.6695 1.2335 0.6613, -4.6676 1.2305 0.6613, -4.6664 1.2272 0.6613, -4.6692 1.2236 0.6646, -4.6661 1.2236 0.6614, -4.666 1.2236 0.6613, -4.6638 1.2236 0.6574, -5.6096 1.2649 -1.1811, -5.6096 1.2649 -1.3425, -5.6076 1.2697 -1.1811, -5.6076 1.2697 -1.3425, -5.6045 1.2738 -1.1811, -5.6045 1.2738 -1.3425, -5.6004 1.2769 -1.1811, -5.6004 1.2769 -1.3425, -5.5956 1.2789 -1.1811, -5.5956 1.2789 -1.3425, -5.6096 1.0973 -1.3425, -5.6096 1.0973 -1.1811, -5.6076 1.0925 -1.3425, -5.6076 1.0925 -1.1811, -5.6045 1.0884 -1.3425, -5.6045 1.0884 -1.1811, -5.6004 1.0853 -1.3425, -5.6004 1.0853 -1.1811, -5.5956 1.0833 -1.3425, -5.5956 1.0833 -1.1811, -5.5956 0.9646 -1.6568, -5.5956 1.0345 -1.6489, -5.6004 0.9646 -1.6548, -5.6004 1.0341 -1.647, -5.6045 0.9646 -1.6517, -5.6045 1.0334 -1.644, -5.6076 0.9646 -1.6476, -5.6076 1.0325 -1.64, -5.6096 0.9646 -1.6429, -5.6096 1.0314 -1.6354, -5.6096 1.0949 -1.6131, -5.6096 1.1518 -1.5774, -5.6096 1.1994 -1.5298, -5.6096 1.2352 -1.4728, -5.6096 1.2574 -1.4094, -5.6076 1.097 -1.6174, -5.6076 1.1548 -1.5811, -5.6076 1.2031 -1.5328, -5.6076 1.2395 -1.4749, -5.6076 1.262 -1.4104, -5.6045 1.0987 -1.6211, -5.6045 1.1573 -1.5843, -5.6045 1.2063 -1.5353, -5.6045 1.2431 -1.4767, -5.6045 1.266 -1.4113, -5.6004 1.1001 -1.6239, -5.6004 1.1593 -1.5867, -5.6004 1.2088 -1.5373, -5.6004 1.246 -1.478, -5.6004 1.2691 -1.412, -5.5956 1.1009 -1.6257, -5.5956 1.1605 -1.5882, -5.5956 1.2103 -1.5385, -5.5956 1.2477 -1.4789, -5.5956 1.271 -1.4125, -5.6096 0.9646 -1.4752, -5.6096 0.9941 -1.4719, -5.6076 0.9646 -1.4705, -5.6076 0.993 -1.4673, -5.6045 0.9646 -1.4664, -5.6045 0.9921 -1.4633, -5.6004 0.9646 -1.4633, -5.6004 0.9914 -1.4602, -5.5956 0.9646 -1.4613, -5.5956 0.991 -1.4583, -5.5956 1.0161 -1.4495, -5.5956 1.0386 -1.4354, -5.5956 1.0574 -1.4166, -5.5956 1.0716 -1.3941, -5.5956 1.0804 -1.369, -5.6004 1.017 -1.4513, -5.6004 1.0399 -1.4369, -5.6004 1.059 -1.4178, -5.6004 1.0734 -1.3949, -5.6004 1.0823 -1.3694, -5.6045 1.0183 -1.4541, -5.6045 1.0418 -1.4394, -5.6045 1.0614 -1.4198, -5.6045 1.0762 -1.3963, -5.6045 1.0853 -1.3701, -5.6076 1.0201 -1.4578, -5.6076 1.0443 -1.4426, -5.6076 1.0646 -1.4223, -5.6076 1.0798 -1.398, -5.6076 1.0893 -1.371, -5.6096 1.0221 -1.4621, -5.6096 1.0473 -1.4463, -5.6096 1.0683 -1.4253, -5.6096 1.0841 -1.4001, -5.6096 1.0939 -1.372, -5.4141 1.2649 -1.3425, -5.4141 1.2649 -1.1811, -5.416 1.2697 -1.3425, -5.416 1.2697 -1.1811, -5.4192 1.2738 -1.3425, -5.4192 1.2738 -1.1811, -5.4232 1.2769 -1.3425, -5.4232 1.2769 -1.1811, -5.428 1.2789 -1.3425, -5.428 1.2789 -1.1811, -5.6095 -0.4188 -1.6429, -5.6095 -0.4188 -1.6431, -5.6076 -0.4191 -1.6476, -5.6075 -0.4191 -1.6477, -5.6045 -0.4191 -1.6517, -5.6005 -0.4191 -1.6548, -5.6004 -0.4191 -1.6548, -5.5958 -0.4188 -1.6568, -5.5956 -0.4188 -1.6568, -5.5956 -0.4188 -1.4613, -5.5958 -0.4188 -1.4614, -5.6004 -0.4191 -1.4633, -5.6005 -0.4191 -1.4633, -5.6045 -0.4191 -1.4664, -5.6075 -0.4191 -1.4704, -5.6076 -0.4191 -1.4705, -5.6095 -0.4188 -1.475, -5.6095 -0.4188 -1.4752, -5.4141 1.0973 -1.1811, -5.4141 1.0973 -1.3425, -5.416 1.0925 -1.1811, -5.416 1.0925 -1.3425, -5.4192 1.0884 -1.1811, -5.4192 1.0884 -1.3425, -5.4232 1.0853 -1.1811, -5.4232 1.0853 -1.3425, -5.428 1.0833 -1.1811, -5.428 1.0833 -1.3425, -5.4141 0.9646 -1.6429, -5.4141 1.0314 -1.6354, -5.416 0.9646 -1.6476, -5.416 1.0325 -1.64, -5.4192 0.9646 -1.6517, -5.4192 1.0334 -1.644, -5.4232 0.9646 -1.6548, -5.4232 1.0341 -1.647, -5.428 0.9646 -1.6568, -5.428 1.0345 -1.6489, -5.428 1.1009 -1.6257, -5.428 1.1605 -1.5882, -5.428 1.2103 -1.5385, -5.428 1.2477 -1.4789, -5.428 1.271 -1.4125, -5.4232 1.1001 -1.6239, -5.4232 1.1593 -1.5867, -5.4232 1.2088 -1.5373, -5.4232 1.246 -1.478, -5.4232 1.2691 -1.412, -5.4192 1.0987 -1.6211, -5.4192 1.1573 -1.5843, -5.4192 1.2063 -1.5353, -5.4192 1.2431 -1.4767, -5.4192 1.266 -1.4113, -5.416 1.097 -1.6174, -5.416 1.1548 -1.5811, -5.416 1.2031 -1.5328, -5.416 1.2395 -1.4749, -5.416 1.262 -1.4104, -5.4141 1.0949 -1.6131, -5.4141 1.1518 -1.5774, -5.4141 1.1994 -1.5298, -5.4141 1.2352 -1.4728, -5.4141 1.2574 -1.4094, -5.5593 -0.6262 -1.6202, -5.5567 -0.6258 -1.6206, -5.5554 -0.6256 -1.6208, -5.5605 -0.6263 -1.6196, -5.5639 -0.6267 -1.6182, -5.5604 -0.6263 -1.6197, -5.5649 -0.6267 -1.6174, -5.5657 -0.6267 -1.6168, -5.5679 -0.6268 -1.6151, -5.5685 -0.6268 -1.6143, -5.5709 -0.6267 -1.6111, -5.5729 -0.6262 -1.6065, -5.573 -0.6261 -1.6062, -5.5589 -0.6412 -1.5165, -5.5725 -0.6297 -1.5165, -5.5725 -0.6297 -1.6016, -5.5724 -0.6298 -1.5165, -5.5724 -0.6298 -1.6016, -5.5702 -0.6337 -1.5165, -5.5702 -0.6337 -1.6016, -5.5701 -0.6338 -1.5165, -5.5701 -0.6338 -1.6016, -5.5671 -0.6371 -1.5165, -5.5671 -0.6371 -1.6016, -5.567 -0.6371 -1.5165, -5.567 -0.6371 -1.6016, -5.5632 -0.6396 -1.5165, -5.5632 -0.6396 -1.6016, -5.5632 -0.6396 -1.5165, -5.5632 -0.6396 -1.6016, -5.5589 -0.6412 -1.5165, -5.5589 -0.6412 -1.6016, -5.5589 -0.6412 -1.6016, -5.573 -0.6261 -1.512, -5.5729 -0.6262 -1.5116, -5.5709 -0.6267 -1.507, -5.5685 -0.6268 -1.5039, -5.5679 -0.6268 -1.503, -5.5657 -0.6267 -1.5013, -5.5649 -0.6267 -1.5007, -5.5639 -0.6267 -1.4999, -5.5605 -0.6263 -1.4985, -5.5604 -0.6263 -1.4984, -5.5593 -0.6262 -1.4979, -5.5567 -0.6258 -1.4975, -5.5554 -0.6256 -1.4973, -5.428 0.9646 -1.4613, -5.428 0.991 -1.4583, -5.4232 0.9646 -1.4633, -5.4232 0.9914 -1.4602, -5.4192 0.9646 -1.4664, -5.4192 0.9921 -1.4633, -5.416 0.9646 -1.4705, -5.416 0.993 -1.4673, -5.4141 0.9646 -1.4752, -5.4141 0.9941 -1.4719, -5.4141 1.0221 -1.4621, -5.4141 1.0473 -1.4463, -5.4141 1.0683 -1.4253, -5.4141 1.0841 -1.4001, -5.4141 1.0939 -1.372, -5.416 1.0201 -1.4578, -5.416 1.0443 -1.4426, -5.416 1.0646 -1.4223, -5.416 1.0798 -1.398, -5.416 1.0893 -1.371, -5.4192 1.0183 -1.4541, -5.4192 1.0418 -1.4394, -5.4192 1.0614 -1.4198, -5.4192 1.0762 -1.3963, -5.4192 1.0853 -1.3701, -5.4232 1.017 -1.4513, -5.4232 1.0399 -1.4369, -5.4232 1.059 -1.4178, -5.4232 1.0734 -1.3949, -5.4232 1.0823 -1.3694, -5.428 1.0161 -1.4495, -5.428 1.0386 -1.4354, -5.428 1.0574 -1.4166, -5.428 1.0716 -1.3941, -5.428 1.0804 -1.369, -5.428 -0.4188 -1.6568, -5.4278 -0.4188 -1.6568, -5.4232 -0.4191 -1.6548, -5.4231 -0.4191 -1.6548, -5.4192 -0.4191 -1.6517, -5.4161 -0.4191 -1.6477, -5.416 -0.4191 -1.6476, -5.4141 -0.4188 -1.6431, -5.4141 -0.4188 -1.6429, -5.572 -0.6295 -1.6062, -5.5698 -0.6334 -1.6062, -5.5667 -0.6367 -1.6062, -5.563 -0.6391 -1.6062, -5.5561 -0.6295 -1.6197, -5.5637 -0.629 -1.6174, -5.5605 -0.6266 -1.6197, -5.5665 -0.631 -1.6143, -5.5682 -0.6279 -1.6143, -5.5705 -0.6289 -1.6105, -5.5588 -0.6407 -1.6062, -5.5543 -0.6412 -1.6061, -5.5584 -0.6391 -1.6105, -5.5543 -0.6396 -1.6104, -5.5543 -0.6412 -1.6062, -5.5578 -0.6367 -1.6143, -5.5543 -0.6371 -1.6142, -5.5543 -0.6396 -1.6105, -5.5685 -0.6325 -1.6105, -5.5571 -0.6334 -1.6174, -5.5543 -0.6338 -1.6174, -5.5543 -0.6371 -1.6143, -5.5543 -0.6297 -1.6197, -5.5543 -0.6298 -1.6197, -5.5543 -0.6337 -1.6174, -5.5623 -0.6377 -1.6105, -5.5611 -0.6355 -1.6143, -5.5596 -0.6325 -1.6174, -5.5578 -0.6289 -1.6197, -5.5657 -0.6355 -1.6105, -5.5641 -0.6335 -1.6143, -5.5619 -0.631 -1.6174, -5.5593 -0.6279 -1.6197, -5.5698 -0.6334 -1.512, -5.5667 -0.6367 -1.512, -5.563 -0.6391 -1.512, -5.5543 -0.6396 -1.5077, -5.5543 -0.6396 -1.5076, -5.5584 -0.6391 -1.5076, -5.572 -0.6295 -1.512, -5.5682 -0.6279 -1.5038, -5.5705 -0.6289 -1.5076, -5.5637 -0.629 -1.5007, -5.5605 -0.6266 -1.4984, -5.5543 -0.6297 -1.4984, -5.5561 -0.6295 -1.4984, -5.5543 -0.6298 -1.4985, -5.5571 -0.6334 -1.5007, -5.5543 -0.6337 -1.5007, -5.5578 -0.6367 -1.5038, -5.5543 -0.6371 -1.5039, -5.5543 -0.6371 -1.5038, -5.5543 -0.6338 -1.5007, -5.5588 -0.6407 -1.512, -5.5543 -0.6412 -1.512, -5.5543 -0.6412 -1.512, -5.5623 -0.6377 -1.5076, -5.5611 -0.6355 -1.5038, -5.5596 -0.6325 -1.5007, -5.5578 -0.6289 -1.4984, -5.5657 -0.6355 -1.5076, -5.5641 -0.6335 -1.5038, -5.5619 -0.631 -1.5007, -5.5593 -0.6279 -1.4984, -5.5685 -0.6325 -1.5076, -5.5665 -0.631 -1.5038, -5.4141 -0.4188 -1.4752, -5.4141 -0.4188 -1.475, -5.416 -0.4191 -1.4705, -5.4161 -0.4191 -1.4704, -5.4192 -0.4191 -1.4664, -5.4231 -0.4191 -1.4633, -5.4232 -0.4191 -1.4633, -5.4278 -0.4188 -1.4614, -5.428 -0.4188 -1.4613, -5.4643 -0.6262 -1.6202, -5.4506 -0.6261 -1.6062, -5.4507 -0.6262 -1.6065, -5.4527 -0.6267 -1.6111, -5.4551 -0.6268 -1.6143, -5.4558 -0.6268 -1.6151, -5.458 -0.6267 -1.6168, -5.4587 -0.6267 -1.6174, -5.4597 -0.6267 -1.6182, -5.4631 -0.6263 -1.6196, -5.4632 -0.6263 -1.6197, -5.4682 -0.6256 -1.6208, -5.4669 -0.6258 -1.6206, -5.4693 -0.6297 -1.6197, -5.4693 -0.6298 -1.6197, -5.4693 -0.6337 -1.6174, -5.4693 -0.6338 -1.6174, -5.4693 -0.6371 -1.6143, -5.4693 -0.6371 -1.6142, -5.4693 -0.6396 -1.6105, -5.4693 -0.6396 -1.6104, -5.4693 -0.6412 -1.6062, -5.4693 -0.6412 -1.6061, -5.4693 -0.6412 -1.512, -5.4693 -0.6297 -1.4984, -5.4693 -0.6298 -1.4985, -5.4693 -0.6337 -1.5007, -5.4693 -0.6338 -1.5007, -5.4693 -0.6371 -1.5038, -5.4693 -0.6371 -1.5039, -5.4693 -0.6396 -1.5076, -5.4693 -0.6396 -1.5077, -5.4693 -0.6412 -1.512, -5.4682 -0.6256 -1.4973, -5.4669 -0.6258 -1.4975, -5.4643 -0.6262 -1.4979, -5.4632 -0.6263 -1.4984, -5.4631 -0.6263 -1.4985, -5.4597 -0.6267 -1.4999, -5.4587 -0.6267 -1.5007, -5.458 -0.6267 -1.5013, -5.4558 -0.6268 -1.503, -5.4551 -0.6268 -1.5039, -5.4527 -0.6267 -1.507, -5.4507 -0.6262 -1.5116, -5.4506 -0.6261 -1.512, -5.4658 -0.6367 -1.6143, -5.4652 -0.6391 -1.6105, -5.4648 -0.6407 -1.6062, -5.4516 -0.6295 -1.6062, -5.4531 -0.6289 -1.6105, -5.4554 -0.6279 -1.6143, -5.4599 -0.629 -1.6174, -5.4631 -0.6266 -1.6197, -5.4643 -0.6279 -1.6197, -5.4658 -0.6289 -1.6197, -5.4675 -0.6295 -1.6197, -5.4511 -0.6297 -1.6016, -5.4512 -0.6298 -1.6016, -5.4539 -0.6334 -1.6062, -5.4534 -0.6337 -1.6016, -5.4535 -0.6338 -1.6016, -5.4569 -0.6367 -1.6062, -5.4566 -0.6371 -1.6016, -5.4566 -0.6371 -1.6016, -5.4606 -0.6391 -1.6062, -5.4604 -0.6396 -1.6016, -5.4604 -0.6396 -1.6016, -5.4647 -0.6412 -1.6016, -5.4647 -0.6412 -1.6016, -5.4551 -0.6325 -1.6105, -5.4579 -0.6355 -1.6105, -5.4613 -0.6377 -1.6105, -5.4572 -0.631 -1.6143, -5.4596 -0.6335 -1.6143, -5.4625 -0.6355 -1.6143, -5.4666 -0.6334 -1.6174, -5.464 -0.6325 -1.6174, -5.4617 -0.631 -1.6174, -5.4647 -0.6412 -1.5165, -5.4647 -0.6412 -1.5165, -5.4648 -0.6407 -1.512, -5.4604 -0.6396 -1.5165, -5.4604 -0.6396 -1.5165, -5.4606 -0.6391 -1.512, -5.4566 -0.6371 -1.5165, -5.4566 -0.6371 -1.5165, -5.4569 -0.6367 -1.512, -5.4535 -0.6338 -1.5165, -5.4534 -0.6337 -1.5165, -5.4539 -0.6334 -1.512, -5.4512 -0.6298 -1.5165, -5.4511 -0.6297 -1.5165, -5.4516 -0.6295 -1.512, -5.4675 -0.6295 -1.4984, -5.4599 -0.629 -1.5007, -5.4631 -0.6266 -1.4984, -5.4572 -0.631 -1.5038, -5.4554 -0.6279 -1.5038, -5.4531 -0.6289 -1.5076, -5.4666 -0.6334 -1.5007, -5.4658 -0.6367 -1.5038, -5.4652 -0.6391 -1.5076, -5.4551 -0.6325 -1.5076, -5.4579 -0.6355 -1.5076, -5.4596 -0.6335 -1.5038, -5.4617 -0.631 -1.5007, -5.4643 -0.6279 -1.4984, -5.4613 -0.6377 -1.5076, -5.4625 -0.6355 -1.5038, -5.464 -0.6325 -1.5007, -5.4658 -0.6289 -1.4984, -5.6096 1.0973 -0.5118, -5.6095 1.0973 0.4464, -5.6095 1.0971 0.4464, -5.6076 1.0925 -0.5118, -5.6076 1.0925 0.4466, -5.6075 1.0924 0.4466, -5.6045 1.0884 -0.5118, -5.6045 1.0884 0.4467, -5.6005 1.0854 0.4466, -5.6004 1.0853 -0.5118, -5.6004 1.0853 0.4466, -5.5958 1.0834 0.4464, -5.5956 1.0833 -0.5118, -5.5956 1.0834 0.4464, -5.5956 1.2789 -0.5118, -5.5956 1.2788 0.4464, -5.5958 1.2788 0.4464, -5.6004 1.2769 -0.5118, -5.6004 1.2769 0.4466, -5.6005 1.2768 0.4466, -5.6045 1.2738 -0.5118, -5.6045 1.2738 0.4467, -5.6075 1.2698 0.4466, -5.6076 1.2697 -0.5118, -5.6076 1.2697 0.4466, -5.6095 1.2651 0.4464, -5.6096 1.2649 -0.5118, -5.6095 1.2649 0.4464, -5.5593 1.12 0.6538, -5.5593 1.12 0.6538, -5.5639 1.122 0.6542, -5.5639 1.122 0.6542, -5.5679 1.1251 0.6544, -5.5709 1.129 0.6542, -5.5709 1.129 0.6542, -5.5729 1.1336 0.6538, -5.5729 1.1336 0.6538, -5.5589 1.2236 0.6688, -5.5725 1.2236 0.6573, -5.5725 1.1386 0.6573, -5.5724 1.2236 0.6574, -5.5724 1.1386 0.6574, -5.5702 1.2236 0.6613, -5.5702 1.1386 0.6613, -5.5701 1.2236 0.6614, -5.5701 1.1386 0.6614, -5.5671 1.2236 0.6646, -5.5671 1.1386 0.6646, -5.567 1.2236 0.6647, -5.567 1.1386 0.6647, -5.5632 1.2236 0.6672, -5.5632 1.1386 0.6672, -5.5632 1.2236 0.6672, -5.5632 1.1386 0.6672, -5.5589 1.2236 0.6688, -5.5589 1.1386 0.6688, -5.5589 1.1386 0.6688, -5.5731 1.2279 0.6537, -5.5729 1.2286 0.6538, -5.5715 1.2319 0.6541, -5.5709 1.2332 0.6542, -5.5679 1.2371 0.6544, -5.5662 1.2385 0.6543, -5.5639 1.2402 0.6542, -5.5593 1.2422 0.6538, -5.5586 1.2423 0.6537, -5.428 1.0833 -0.5118, -5.428 1.0834 0.4464, -5.4278 1.0834 0.4464, -5.4232 1.0853 -0.5118, -5.4232 1.0853 0.4466, -5.4231 1.0854 0.4466, -5.4192 1.0884 -0.5118, -5.4192 1.0884 0.4467, -5.4161 1.0924 0.4466, -5.416 1.0925 -0.5118, -5.416 1.0925 0.4466, -5.4141 1.0971 0.4464, -5.4141 1.0973 -0.5118, -5.4141 1.0973 0.4464, -5.5543 1.1228 0.6614, -5.5543 1.1258 0.6646, -5.5576 1.1263 0.6646, -5.5566 1.13 0.6672, -5.5555 1.1342 0.6688, -5.5566 1.1346 0.6688, -5.5583 1.1363 0.6688, -5.5576 1.1353 0.6688, -5.5588 1.1374 0.6688, -5.5543 1.134 0.6688, -5.559 1.1211 0.6573, -5.5634 1.1229 0.6573, -5.5672 1.1257 0.6573, -5.57 1.1295 0.6573, -5.5719 1.1339 0.6573, -5.5543 1.1259 0.6647, -5.5543 1.1297 0.6672, -5.5543 1.1297 0.6672, -5.5543 1.134 0.6688, -5.5588 1.1309 0.6672, -5.5606 1.1323 0.6672, -5.562 1.1341 0.6672, -5.5629 1.1363 0.6672, -5.5607 1.1276 0.6646, -5.5633 1.1296 0.6646, -5.5654 1.1322 0.6646, -5.5666 1.1353 0.6646, -5.5543 1.1205 0.6574, -5.5543 1.1227 0.6613, -5.5585 1.1232 0.6613, -5.5623 1.1248 0.6613, -5.5656 1.1274 0.6613, -5.5681 1.1306 0.6613, -5.5697 1.1345 0.6613, -5.5543 1.1204 0.6573, -5.5698 1.2272 0.6613, -5.5667 1.2265 0.6646, -5.563 1.2256 0.6672, -5.5588 1.2247 0.6688, -5.5585 1.2256 0.6688, -5.5563 1.2278 0.6688, -5.5572 1.2272 0.6688, -5.5554 1.2281 0.6688, -5.572 1.2277 0.6573, -5.5707 1.2315 0.6573, -5.5685 1.2349 0.6573, -5.5657 1.2378 0.6573, -5.5622 1.24 0.6573, -5.5584 1.2413 0.6573, -5.5543 1.2418 0.6573, -5.5543 1.2282 0.6688, -5.5613 1.2292 0.6672, -5.5599 1.2306 0.6672, -5.5582 1.2316 0.6672, -5.5563 1.2323 0.6672, -5.5624 1.2275 0.6672, -5.5579 1.2265 0.6688, -5.5543 1.2282 0.6688, -5.5543 1.2325 0.6672, -5.5543 1.2325 0.6672, -5.5543 1.2363 0.6647, -5.5658 1.2292 0.6646, -5.5643 1.2316 0.6646, -5.5623 1.2336 0.6646, -5.5599 1.2351 0.6646, -5.5572 1.236 0.6646, -5.5686 1.2305 0.6613, -5.5667 1.2335 0.6613, -5.5642 1.236 0.6613, -5.5612 1.2379 0.6613, -5.5579 1.2391 0.6613, -5.5543 1.2364 0.6646, -5.5543 1.2394 0.6614, -5.5543 1.2395 0.6613, -5.5543 1.2417 0.6574, -5.4141 1.2649 -0.5118, -5.4141 1.2649 0.4464, -5.4141 1.2651 0.4464, -5.416 1.2697 -0.5118, -5.416 1.2697 0.4466, -5.4161 1.2698 0.4466, -5.4192 1.2738 -0.5118, -5.4192 1.2738 0.4467, -5.4231 1.2768 0.4466, -5.4232 1.2769 -0.5118, -5.4232 1.2769 0.4466, -5.4278 1.2788 0.4464, -5.428 1.2789 -0.5118, -5.428 1.2788 0.4464, -5.4506 1.1343 0.6537, -5.4507 1.1336 0.6538, -5.4521 1.1303 0.6541, -5.4527 1.129 0.6542, -5.4558 1.1251 0.6544, -5.4575 1.1237 0.6543, -5.4597 1.122 0.6542, -5.4643 1.12 0.6538, -5.465 1.1199 0.6537, -5.4693 1.1204 0.6573, -5.4693 1.1205 0.6574, -5.4693 1.1227 0.6613, -5.4693 1.1228 0.6614, -5.4693 1.1258 0.6646, -5.4693 1.1259 0.6647, -5.4693 1.1297 0.6672, -5.4693 1.1297 0.6672, -5.4693 1.134 0.6688, -5.4693 1.134 0.6688, -5.4693 1.2282 0.6688, -5.4693 1.2418 0.6573, -5.4693 1.2417 0.6574, -5.4693 1.2395 0.6613, -5.4693 1.2394 0.6614, -5.4693 1.2364 0.6646, -5.4693 1.2363 0.6647, -5.4693 1.2325 0.6672, -5.4693 1.2325 0.6672, -5.4693 1.2282 0.6688, -5.465 1.2423 0.6537, -5.4643 1.2422 0.6538, -5.461 1.2408 0.6541, -5.4597 1.2402 0.6542, -5.4558 1.2371 0.6544, -5.4545 1.2355 0.6543, -5.4527 1.2332 0.6542, -5.4507 1.2286 0.6538, -5.4506 1.2279 0.6537, -5.4512 1.1386 0.6574, -5.4534 1.1386 0.6613, -5.4538 1.135 0.6613, -5.4535 1.1386 0.6614, -5.4566 1.1386 0.6646, -5.4569 1.1357 0.6646, -5.4606 1.1366 0.6672, -5.4648 1.1375 0.6688, -5.4652 1.1366 0.6688, -5.4673 1.1345 0.6688, -5.4664 1.135 0.6688, -5.4683 1.1341 0.6688, -5.4647 1.1386 0.6688, -5.4516 1.1345 0.6573, -5.4529 1.1307 0.6573, -5.4551 1.1273 0.6573, -5.458 1.1244 0.6573, -5.4614 1.1222 0.6573, -5.4652 1.1209 0.6573, -5.4566 1.1386 0.6647, -5.4604 1.1386 0.6672, -5.4604 1.1386 0.6672, -5.4647 1.1386 0.6688, -5.4623 1.133 0.6672, -5.4637 1.1316 0.6672, -5.4654 1.1306 0.6672, -5.4673 1.1299 0.6672, -5.4613 1.1347 0.6672, -5.4657 1.1357 0.6688, -5.4578 1.133 0.6646, -5.4593 1.1306 0.6646, -5.4613 1.1286 0.6646, -5.4638 1.1271 0.6646, -5.4664 1.1262 0.6646, -5.455 1.1317 0.6613, -5.4569 1.1287 0.6613, -5.4594 1.1262 0.6613, -5.4624 1.1243 0.6613, -5.4657 1.1231 0.6613, -5.4511 1.1386 0.6573, -5.4657 1.2391 0.6613, -5.4664 1.236 0.6646, -5.4673 1.2323 0.6672, -5.4683 1.2281 0.6688, -5.4673 1.2278 0.6688, -5.4652 1.2256 0.6688, -5.4657 1.2265 0.6688, -5.4648 1.2247 0.6688, -5.4652 1.2413 0.6573, -5.4614 1.24 0.6573, -5.458 1.2378 0.6573, -5.4551 1.2349 0.6573, -5.4529 1.2315 0.6573, -5.4516 1.2277 0.6573, -5.4511 1.2236 0.6573, -5.4647 1.2236 0.6688, -5.4637 1.2306 0.6672, -5.4623 1.2292 0.6672, -5.4613 1.2275 0.6672, -5.4606 1.2256 0.6672, -5.4654 1.2316 0.6672, -5.4664 1.2272 0.6688, -5.4647 1.2236 0.6688, -5.4604 1.2236 0.6672, -5.4604 1.2236 0.6672, -5.4566 1.2236 0.6647, -5.4638 1.2351 0.6646, -5.4613 1.2336 0.6646, -5.4593 1.2316 0.6646, -5.4578 1.2292 0.6646, -5.4569 1.2265 0.6646, -5.4624 1.2379 0.6613, -5.4594 1.236 0.6613, -5.4569 1.2335 0.6613, -5.455 1.2305 0.6613, -5.4538 1.2272 0.6613, -5.4566 1.2236 0.6646, -5.4535 1.2236 0.6614, -5.4534 1.2236 0.6613, -5.4512 1.2236 0.6574, -6.397 1.2649 -1.1811, -6.397 1.2649 -1.3425, -6.395 1.2697 -1.1811, -6.395 1.2697 -1.3425, -6.3919 1.2738 -1.1811, -6.3919 1.2738 -1.3425, -6.3878 1.2769 -1.1811, -6.3878 1.2769 -1.3425, -6.383 1.2789 -1.1811, -6.383 1.2789 -1.3425, -6.397 1.0973 -1.3425, -6.397 1.0973 -1.1811, -6.395 1.0925 -1.3425, -6.395 1.0925 -1.1811, -6.3919 1.0884 -1.3425, -6.3919 1.0884 -1.1811, -6.3878 1.0853 -1.3425, -6.3878 1.0853 -1.1811, -6.383 1.0833 -1.3425, -6.383 1.0833 -1.1811, -6.383 0.9646 -1.6568, -6.383 1.0345 -1.6489, -6.3878 0.9646 -1.6548, -6.3878 1.0341 -1.647, -6.3919 0.9646 -1.6517, -6.3919 1.0334 -1.644, -6.395 0.9646 -1.6476, -6.395 1.0325 -1.64, -6.397 0.9646 -1.6429, -6.397 1.0314 -1.6354, -6.397 1.0949 -1.6131, -6.397 1.1518 -1.5774, -6.397 1.1994 -1.5298, -6.397 1.2352 -1.4728, -6.397 1.2574 -1.4094, -6.395 1.097 -1.6174, -6.395 1.1548 -1.5811, -6.395 1.2031 -1.5328, -6.395 1.2395 -1.4749, -6.395 1.262 -1.4104, -6.3919 1.0987 -1.6211, -6.3919 1.1573 -1.5843, -6.3919 1.2063 -1.5353, -6.3919 1.2431 -1.4767, -6.3919 1.266 -1.4113, -6.3878 1.1001 -1.6239, -6.3878 1.1593 -1.5867, -6.3878 1.2088 -1.5373, -6.3878 1.246 -1.478, -6.3878 1.2691 -1.412, -6.383 1.1009 -1.6257, -6.383 1.1605 -1.5882, -6.383 1.2103 -1.5385, -6.383 1.2477 -1.4789, -6.383 1.271 -1.4125, -6.397 0.9646 -1.4752, -6.397 0.9941 -1.4719, -6.395 0.9646 -1.4705, -6.395 0.993 -1.4673, -6.3919 0.9646 -1.4664, -6.3919 0.9921 -1.4633, -6.3878 0.9646 -1.4633, -6.3878 0.9914 -1.4602, -6.383 0.9646 -1.4613, -6.383 0.991 -1.4583, -6.383 1.0161 -1.4495, -6.383 1.0386 -1.4354, -6.383 1.0574 -1.4166, -6.383 1.0716 -1.3941, -6.383 1.0804 -1.369, -6.3878 1.017 -1.4513, -6.3878 1.0399 -1.4369, -6.3878 1.059 -1.4178, -6.3878 1.0734 -1.3949, -6.3878 1.0823 -1.3694, -6.3919 1.0183 -1.4541, -6.3919 1.0418 -1.4394, -6.3919 1.0614 -1.4198, -6.3919 1.0762 -1.3963, -6.3919 1.0853 -1.3701, -6.395 1.0201 -1.4578, -6.395 1.0443 -1.4426, -6.395 1.0646 -1.4223, -6.395 1.0798 -1.398, -6.395 1.0893 -1.371, -6.397 1.0221 -1.4621, -6.397 1.0473 -1.4463, -6.397 1.0683 -1.4253, -6.397 1.0841 -1.4001, -6.397 1.0939 -1.372, -6.2015 1.2649 -1.3425, -6.2015 1.2649 -1.1811, -6.2034 1.2697 -1.3425, -6.2034 1.2697 -1.1811, -6.2066 1.2738 -1.3425, -6.2066 1.2738 -1.1811, -6.2106 1.2769 -1.3425, -6.2106 1.2769 -1.1811, -6.2154 1.2789 -1.3425, -6.2154 1.2789 -1.1811, -6.3969 -0.4188 -1.6429, -6.3969 -0.4188 -1.6431, -6.395 -0.4191 -1.6476, -6.395 -0.4191 -1.6477, -6.3919 -0.4191 -1.6517, -6.3879 -0.4191 -1.6548, -6.3878 -0.4191 -1.6548, -6.3832 -0.4188 -1.6568, -6.383 -0.4188 -1.6568, -6.383 -0.4188 -1.4613, -6.3832 -0.4188 -1.4614, -6.3878 -0.4191 -1.4633, -6.3879 -0.4191 -1.4633, -6.3919 -0.4191 -1.4664, -6.395 -0.4191 -1.4704, -6.395 -0.4191 -1.4705, -6.3969 -0.4188 -1.475, -6.3969 -0.4188 -1.4752, -6.2015 1.0973 -1.1811, -6.2015 1.0973 -1.3425, -6.2034 1.0925 -1.1811, -6.2034 1.0925 -1.3425, -6.2066 1.0884 -1.1811, -6.2066 1.0884 -1.3425, -6.2106 1.0853 -1.1811, -6.2106 1.0853 -1.3425, -6.2154 1.0833 -1.1811, -6.2154 1.0833 -1.3425, -6.2015 0.9646 -1.6429, -6.2015 1.0314 -1.6354, -6.2034 0.9646 -1.6476, -6.2034 1.0325 -1.64, -6.2066 0.9646 -1.6517, -6.2066 1.0334 -1.644, -6.2106 0.9646 -1.6548, -6.2106 1.0341 -1.647, -6.2154 0.9646 -1.6568, -6.2154 1.0345 -1.6489, -6.2154 1.1009 -1.6257, -6.2154 1.1605 -1.5882, -6.2154 1.2103 -1.5385, -6.2154 1.2477 -1.4789, -6.2154 1.271 -1.4125, -6.2106 1.1001 -1.6239, -6.2106 1.1593 -1.5867, -6.2106 1.2088 -1.5373, -6.2106 1.246 -1.478, -6.2106 1.2691 -1.412, -6.2066 1.0987 -1.6211, -6.2066 1.1573 -1.5843, -6.2066 1.2063 -1.5353, -6.2066 1.2431 -1.4767, -6.2066 1.266 -1.4113, -6.2034 1.097 -1.6174, -6.2034 1.1548 -1.5811, -6.2034 1.2031 -1.5328, -6.2034 1.2395 -1.4749, -6.2034 1.262 -1.4104, -6.2015 1.0949 -1.6131, -6.2015 1.1518 -1.5774, -6.2015 1.1994 -1.5298, -6.2015 1.2352 -1.4728, -6.2015 1.2574 -1.4094, -6.3428 -0.6256 -1.6208, -6.3441 -0.6258 -1.6206, -6.3467 -0.6262 -1.6202, -6.3478 -0.6263 -1.6197, -6.3479 -0.6263 -1.6196, -6.3513 -0.6267 -1.6182, -6.3523 -0.6267 -1.6174, -6.3531 -0.6267 -1.6168, -6.3553 -0.6268 -1.6151, -6.3559 -0.6268 -1.6143, -6.3583 -0.6267 -1.6111, -6.3604 -0.6262 -1.6065, -6.3604 -0.6261 -1.6062, -6.3463 -0.6412 -1.5165, -6.3599 -0.6297 -1.5165, -6.3599 -0.6297 -1.6016, -6.3598 -0.6298 -1.5165, -6.3598 -0.6298 -1.6016, -6.3576 -0.6337 -1.5165, -6.3576 -0.6337 -1.6016, -6.3575 -0.6338 -1.5165, -6.3575 -0.6338 -1.6016, -6.3545 -0.6371 -1.5165, -6.3545 -0.6371 -1.6016, -6.3544 -0.6371 -1.5165, -6.3544 -0.6371 -1.6016, -6.3506 -0.6396 -1.5165, -6.3506 -0.6396 -1.6016, -6.3506 -0.6396 -1.5165, -6.3506 -0.6396 -1.6016, -6.3463 -0.6412 -1.5165, -6.3463 -0.6412 -1.6016, -6.3463 -0.6412 -1.6016, -6.3604 -0.6261 -1.512, -6.3604 -0.6262 -1.5116, -6.3583 -0.6267 -1.507, -6.3559 -0.6268 -1.5039, -6.3553 -0.6268 -1.503, -6.3531 -0.6267 -1.5013, -6.3523 -0.6267 -1.5007, -6.3513 -0.6267 -1.4999, -6.3479 -0.6263 -1.4985, -6.3478 -0.6263 -1.4984, -6.3467 -0.6262 -1.4979, -6.3428 -0.6256 -1.4973, -6.3441 -0.6258 -1.4975, -6.2154 0.9646 -1.4613, -6.2154 0.991 -1.4583, -6.2106 0.9646 -1.4633, -6.2106 0.9914 -1.4602, -6.2066 0.9646 -1.4664, -6.2066 0.9921 -1.4633, -6.2034 0.9646 -1.4705, -6.2034 0.993 -1.4673, -6.2015 0.9646 -1.4752, -6.2015 0.9941 -1.4719, -6.2015 1.0221 -1.4621, -6.2015 1.0473 -1.4463, -6.2015 1.0683 -1.4253, -6.2015 1.0841 -1.4001, -6.2015 1.0939 -1.372, -6.2034 1.0201 -1.4578, -6.2034 1.0443 -1.4426, -6.2034 1.0646 -1.4223, -6.2034 1.0798 -1.398, -6.2034 1.0893 -1.371, -6.2066 1.0183 -1.4541, -6.2066 1.0418 -1.4394, -6.2066 1.0614 -1.4198, -6.2066 1.0762 -1.3963, -6.2066 1.0853 -1.3701, -6.2106 1.017 -1.4513, -6.2106 1.0399 -1.4369, -6.2106 1.059 -1.4178, -6.2106 1.0734 -1.3949, -6.2106 1.0823 -1.3694, -6.2154 1.0161 -1.4495, -6.2154 1.0386 -1.4354, -6.2154 1.0574 -1.4166, -6.2154 1.0716 -1.3941, -6.2154 1.0804 -1.369, -6.2154 -0.4188 -1.6568, -6.2152 -0.4188 -1.6568, -6.2106 -0.4191 -1.6548, -6.2105 -0.4191 -1.6548, -6.2066 -0.4191 -1.6517, -6.2035 -0.4191 -1.6477, -6.2034 -0.4191 -1.6476, -6.2015 -0.4188 -1.6431, -6.2015 -0.4188 -1.6429, -6.3594 -0.6295 -1.6062, -6.3572 -0.6334 -1.6062, -6.3541 -0.6367 -1.6062, -6.3504 -0.6391 -1.6062, -6.3435 -0.6295 -1.6197, -6.3511 -0.629 -1.6174, -6.3479 -0.6266 -1.6197, -6.3539 -0.631 -1.6143, -6.3556 -0.6279 -1.6143, -6.3579 -0.6289 -1.6105, -6.3462 -0.6407 -1.6062, -6.3418 -0.6412 -1.6061, -6.3458 -0.6391 -1.6105, -6.3418 -0.6396 -1.6104, -6.3418 -0.6412 -1.6062, -6.3452 -0.6367 -1.6143, -6.3418 -0.6371 -1.6142, -6.3418 -0.6396 -1.6105, -6.3559 -0.6325 -1.6105, -6.3445 -0.6334 -1.6174, -6.3418 -0.6338 -1.6174, -6.3418 -0.6371 -1.6143, -6.3418 -0.6297 -1.6197, -6.3418 -0.6298 -1.6197, -6.3418 -0.6337 -1.6174, -6.3497 -0.6377 -1.6105, -6.3485 -0.6355 -1.6143, -6.347 -0.6325 -1.6174, -6.3452 -0.6289 -1.6197, -6.3531 -0.6355 -1.6105, -6.3515 -0.6335 -1.6143, -6.3493 -0.631 -1.6174, -6.3467 -0.6279 -1.6197, -6.3572 -0.6334 -1.512, -6.3541 -0.6367 -1.512, -6.3504 -0.6391 -1.512, -6.3418 -0.6396 -1.5077, -6.3418 -0.6396 -1.5076, -6.3458 -0.6391 -1.5076, -6.3594 -0.6295 -1.512, -6.3556 -0.6279 -1.5038, -6.3579 -0.6289 -1.5076, -6.3511 -0.629 -1.5007, -6.3479 -0.6266 -1.4984, -6.3445 -0.6334 -1.5007, -6.3418 -0.6337 -1.5007, -6.3435 -0.6295 -1.4984, -6.3418 -0.6298 -1.4985, -6.3418 -0.6297 -1.4984, -6.3452 -0.6367 -1.5038, -6.3418 -0.6371 -1.5039, -6.3418 -0.6371 -1.5038, -6.3418 -0.6338 -1.5007, -6.3462 -0.6407 -1.512, -6.3418 -0.6412 -1.512, -6.3418 -0.6412 -1.512, -6.3497 -0.6377 -1.5076, -6.3485 -0.6355 -1.5038, -6.347 -0.6325 -1.5007, -6.3452 -0.6289 -1.4984, -6.3531 -0.6355 -1.5076, -6.3515 -0.6335 -1.5038, -6.3493 -0.631 -1.5007, -6.3467 -0.6279 -1.4984, -6.3559 -0.6325 -1.5076, -6.3539 -0.631 -1.5038, -6.2015 -0.4188 -1.4752, -6.2015 -0.4188 -1.475, -6.2034 -0.4191 -1.4705, -6.2035 -0.4191 -1.4704, -6.2066 -0.4191 -1.4664, -6.2105 -0.4191 -1.4633, -6.2106 -0.4191 -1.4633, -6.2152 -0.4188 -1.4614, -6.2154 -0.4188 -1.4613, -6.238 -0.6261 -1.6062, -6.2381 -0.6262 -1.6065, -6.2401 -0.6267 -1.6111, -6.2425 -0.6268 -1.6143, -6.2432 -0.6268 -1.6151, -6.2454 -0.6267 -1.6168, -6.2461 -0.6267 -1.6174, -6.2471 -0.6267 -1.6182, -6.2505 -0.6263 -1.6196, -6.2506 -0.6263 -1.6197, -6.2518 -0.6262 -1.6202, -6.2556 -0.6256 -1.6208, -6.2543 -0.6258 -1.6206, -6.2567 -0.6297 -1.6197, -6.2567 -0.6298 -1.6197, -6.2567 -0.6337 -1.6174, -6.2567 -0.6338 -1.6174, -6.2567 -0.6371 -1.6143, -6.2567 -0.6371 -1.6142, -6.2567 -0.6396 -1.6105, -6.2567 -0.6396 -1.6104, -6.2567 -0.6412 -1.6062, -6.2567 -0.6412 -1.6061, -6.2567 -0.6412 -1.512, -6.2567 -0.6297 -1.4984, -6.2567 -0.6298 -1.4985, -6.2567 -0.6337 -1.5007, -6.2567 -0.6338 -1.5007, -6.2567 -0.6371 -1.5038, -6.2567 -0.6371 -1.5039, -6.2567 -0.6396 -1.5076, -6.2567 -0.6396 -1.5077, -6.2567 -0.6412 -1.512, -6.2556 -0.6256 -1.4973, -6.2543 -0.6258 -1.4975, -6.2518 -0.6262 -1.4979, -6.2506 -0.6263 -1.4984, -6.2505 -0.6263 -1.4985, -6.2471 -0.6267 -1.4999, -6.2461 -0.6267 -1.5007, -6.2454 -0.6267 -1.5013, -6.2432 -0.6268 -1.503, -6.2425 -0.6268 -1.5039, -6.2401 -0.6267 -1.507, -6.2381 -0.6262 -1.5116, -6.238 -0.6261 -1.512, -6.2549 -0.6295 -1.6197, -6.254 -0.6334 -1.6174, -6.2532 -0.6367 -1.6143, -6.2526 -0.6391 -1.6105, -6.2522 -0.6407 -1.6062, -6.239 -0.6295 -1.6062, -6.2405 -0.6289 -1.6105, -6.2428 -0.6279 -1.6143, -6.2473 -0.629 -1.6174, -6.2505 -0.6266 -1.6197, -6.2517 -0.6279 -1.6197, -6.2532 -0.6289 -1.6197, -6.2385 -0.6297 -1.6016, -6.2386 -0.6298 -1.6016, -6.2413 -0.6334 -1.6062, -6.2408 -0.6337 -1.6016, -6.2409 -0.6338 -1.6016, -6.2443 -0.6367 -1.6062, -6.244 -0.6371 -1.6016, -6.244 -0.6371 -1.6016, -6.248 -0.6391 -1.6062, -6.2478 -0.6396 -1.6016, -6.2478 -0.6396 -1.6016, -6.2521 -0.6412 -1.6016, -6.2521 -0.6412 -1.6016, -6.2425 -0.6325 -1.6105, -6.2453 -0.6355 -1.6105, -6.2487 -0.6377 -1.6105, -6.2446 -0.631 -1.6143, -6.247 -0.6335 -1.6143, -6.2499 -0.6355 -1.6143, -6.2491 -0.631 -1.6174, -6.2514 -0.6325 -1.6174, -6.2521 -0.6412 -1.5165, -6.2521 -0.6412 -1.5165, -6.2522 -0.6407 -1.512, -6.2478 -0.6396 -1.5165, -6.2478 -0.6396 -1.5165, -6.248 -0.6391 -1.512, -6.244 -0.6371 -1.5165, -6.244 -0.6371 -1.5165, -6.2443 -0.6367 -1.512, -6.2409 -0.6338 -1.5165, -6.2408 -0.6337 -1.5165, -6.2413 -0.6334 -1.512, -6.2386 -0.6298 -1.5165, -6.2385 -0.6297 -1.5165, -6.239 -0.6295 -1.512, -6.2549 -0.6295 -1.4984, -6.2473 -0.629 -1.5007, -6.2505 -0.6266 -1.4984, -6.2446 -0.631 -1.5038, -6.2428 -0.6279 -1.5038, -6.2405 -0.6289 -1.5076, -6.254 -0.6334 -1.5007, -6.2532 -0.6367 -1.5038, -6.2526 -0.6391 -1.5076, -6.2425 -0.6325 -1.5076, -6.2453 -0.6355 -1.5076, -6.247 -0.6335 -1.5038, -6.2491 -0.631 -1.5007, -6.2517 -0.6279 -1.4984, -6.2487 -0.6377 -1.5076, -6.2499 -0.6355 -1.5038, -6.2514 -0.6325 -1.5007, -6.2532 -0.6289 -1.4984, -6.397 1.0973 -0.5118, -6.3969 1.0973 0.4464, -6.3969 1.0971 0.4464, -6.395 1.0925 -0.5118, -6.395 1.0925 0.4466, -6.395 1.0924 0.4466, -6.3919 1.0884 -0.5118, -6.3919 1.0884 0.4467, -6.3879 1.0854 0.4466, -6.3878 1.0853 -0.5118, -6.3878 1.0853 0.4466, -6.3832 1.0834 0.4464, -6.383 1.0833 -0.5118, -6.383 1.0834 0.4464, -6.383 1.2789 -0.5118, -6.383 1.2788 0.4464, -6.3832 1.2788 0.4464, -6.3878 1.2769 -0.5118, -6.3878 1.2769 0.4466, -6.3879 1.2768 0.4466, -6.3919 1.2738 -0.5118, -6.3919 1.2738 0.4467, -6.395 1.2698 0.4466, -6.395 1.2697 -0.5118, -6.395 1.2697 0.4466, -6.3969 1.2651 0.4464, -6.397 1.2649 -0.5118, -6.3969 1.2649 0.4464, -6.3467 1.12 0.6538, -6.3467 1.12 0.6538, -6.3513 1.122 0.6542, -6.3513 1.122 0.6542, -6.3553 1.1251 0.6544, -6.3583 1.129 0.6542, -6.3583 1.129 0.6542, -6.3603 1.1336 0.6538, -6.3604 1.1336 0.6538, -6.3463 1.2236 0.6688, -6.3599 1.2236 0.6573, -6.3599 1.1386 0.6573, -6.3598 1.2236 0.6574, -6.3598 1.1386 0.6574, -6.3576 1.2236 0.6613, -6.3576 1.1386 0.6613, -6.3575 1.2236 0.6614, -6.3575 1.1386 0.6614, -6.3545 1.2236 0.6646, -6.3545 1.1386 0.6646, -6.3544 1.2236 0.6647, -6.3544 1.1386 0.6647, -6.3506 1.2236 0.6672, -6.3506 1.1386 0.6672, -6.3506 1.2236 0.6672, -6.3506 1.1386 0.6672, -6.3463 1.2236 0.6688, -6.3463 1.1386 0.6688, -6.3463 1.1386 0.6688, -6.3604 1.2286 0.6538, -6.3603 1.2286 0.6538, -6.3583 1.2332 0.6542, -6.3583 1.2332 0.6542, -6.3553 1.2371 0.6544, -6.3513 1.2402 0.6542, -6.3513 1.2402 0.6542, -6.3467 1.2422 0.6538, -6.3467 1.2422 0.6538, -6.2154 1.0833 -0.5118, -6.2154 1.0834 0.4464, -6.2152 1.0834 0.4464, -6.2106 1.0853 -0.5118, -6.2106 1.0853 0.4466, -6.2105 1.0854 0.4466, -6.2066 1.0884 -0.5118, -6.2066 1.0884 0.4467, -6.2035 1.0924 0.4466, -6.2034 1.0925 -0.5118, -6.2034 1.0925 0.4466, -6.2015 1.0971 0.4464, -6.2015 1.0973 -0.5118, -6.2015 1.0973 0.4464, -6.3418 1.1228 0.6614, -6.3418 1.1258 0.6646, -6.345 1.1263 0.6646, -6.344 1.13 0.6672, -6.3429 1.1342 0.6688, -6.344 1.1346 0.6688, -6.3457 1.1363 0.6688, -6.345 1.1353 0.6688, -6.3462 1.1374 0.6688, -6.3418 1.134 0.6688, -6.3464 1.1211 0.6573, -6.3508 1.1229 0.6573, -6.3546 1.1257 0.6573, -6.3575 1.1295 0.6573, -6.3593 1.1339 0.6573, -6.3418 1.1259 0.6647, -6.3418 1.1297 0.6672, -6.3418 1.1297 0.6672, -6.3418 1.134 0.6688, -6.3462 1.1309 0.6672, -6.348 1.1323 0.6672, -6.3494 1.1341 0.6672, -6.3503 1.1363 0.6672, -6.3481 1.1276 0.6646, -6.3507 1.1296 0.6646, -6.3528 1.1322 0.6646, -6.354 1.1353 0.6646, -6.3418 1.1205 0.6574, -6.3418 1.1227 0.6613, -6.3459 1.1232 0.6613, -6.3497 1.1248 0.6613, -6.353 1.1274 0.6613, -6.3555 1.1306 0.6613, -6.3571 1.1345 0.6613, -6.3418 1.1204 0.6573, -6.354 1.2269 0.6646, -6.3503 1.2259 0.6672, -6.3462 1.2248 0.6688, -6.3457 1.2259 0.6688, -6.344 1.2276 0.6688, -6.345 1.2269 0.6688, -6.3593 1.2283 0.6573, -6.3575 1.2327 0.6573, -6.3546 1.2365 0.6573, -6.3508 1.2393 0.6573, -6.3464 1.2412 0.6573, -6.3418 1.2418 0.6573, -6.3418 1.2282 0.6688, -6.3429 1.2281 0.6688, -6.3418 1.2282 0.6688, -6.3494 1.2281 0.6672, -6.348 1.2299 0.6672, -6.3462 1.2313 0.6672, -6.344 1.2322 0.6672, -6.3418 1.2325 0.6672, -6.3418 1.2325 0.6672, -6.3418 1.2363 0.6647, -6.3528 1.23 0.6646, -6.3507 1.2326 0.6646, -6.3481 1.2347 0.6646, -6.345 1.2359 0.6646, -6.3571 1.2277 0.6613, -6.3555 1.2316 0.6613, -6.353 1.2349 0.6613, -6.3497 1.2374 0.6613, -6.3459 1.239 0.6613, -6.3418 1.2364 0.6646, -6.3418 1.2394 0.6614, -6.3418 1.2395 0.6613, -6.3418 1.2417 0.6574, -6.2015 1.2649 -0.5118, -6.2015 1.2649 0.4464, -6.2015 1.2651 0.4464, -6.2034 1.2697 -0.5118, -6.2034 1.2697 0.4466, -6.2035 1.2698 0.4466, -6.2066 1.2738 -0.5118, -6.2066 1.2738 0.4467, -6.2105 1.2768 0.4466, -6.2106 1.2769 -0.5118, -6.2106 1.2769 0.4466, -6.2152 1.2788 0.4464, -6.2154 1.2789 -0.5118, -6.2154 1.2788 0.4464, -6.2381 1.1336 0.6538, -6.2381 1.1336 0.6538, -6.2401 1.129 0.6542, -6.2401 1.129 0.6542, -6.2432 1.1251 0.6544, -6.2471 1.122 0.6542, -6.2471 1.122 0.6542, -6.2517 1.12 0.6538, -6.2518 1.12 0.6538, -6.2567 1.1204 0.6573, -6.2567 1.1205 0.6574, -6.2567 1.1227 0.6613, -6.2567 1.1228 0.6614, -6.2567 1.1258 0.6646, -6.2567 1.1259 0.6647, -6.2567 1.1297 0.6672, -6.2567 1.1297 0.6672, -6.2567 1.134 0.6688, -6.2567 1.134 0.6688, -6.2567 1.2282 0.6688, -6.2567 1.2418 0.6573, -6.2567 1.2417 0.6574, -6.2567 1.2395 0.6613, -6.2567 1.2394 0.6614, -6.2567 1.2364 0.6646, -6.2567 1.2363 0.6647, -6.2567 1.2325 0.6672, -6.2567 1.2325 0.6672, -6.2567 1.2282 0.6688, -6.2518 1.2422 0.6538, -6.2517 1.2422 0.6538, -6.2471 1.2402 0.6542, -6.2471 1.2402 0.6542, -6.2432 1.2371 0.6544, -6.2401 1.2332 0.6542, -6.2401 1.2332 0.6542, -6.2381 1.2286 0.6538, -6.2381 1.2286 0.6538, -6.2409 1.1386 0.6614, -6.244 1.1386 0.6646, -6.2444 1.1353 0.6646, -6.2481 1.1363 0.6672, -6.2523 1.1374 0.6688, -6.2527 1.1363 0.6688, -6.2544 1.1346 0.6688, -6.2534 1.1353 0.6688, -6.2521 1.1386 0.6688, -6.2392 1.1339 0.6573, -6.241 1.1295 0.6573, -6.2439 1.1257 0.6573, -6.2476 1.1229 0.6573, -6.252 1.1211 0.6573, -6.2555 1.1342 0.6688, -6.244 1.1386 0.6647, -6.2478 1.1386 0.6672, -6.2478 1.1386 0.6672, -6.2521 1.1386 0.6688, -6.249 1.1341 0.6672, -6.2504 1.1323 0.6672, -6.2522 1.1309 0.6672, -6.2544 1.13 0.6672, -6.2457 1.1322 0.6646, -6.2477 1.1296 0.6646, -6.2503 1.1276 0.6646, -6.2534 1.1263 0.6646, -6.2386 1.1386 0.6574, -6.2408 1.1386 0.6613, -6.2414 1.1345 0.6613, -6.2429 1.1306 0.6613, -6.2455 1.1274 0.6613, -6.2487 1.1248 0.6613, -6.2526 1.1232 0.6613, -6.2385 1.1386 0.6573, -6.2534 1.2359 0.6646, -6.2544 1.2322 0.6672, -6.2555 1.2281 0.6688, -6.2544 1.2276 0.6688, -6.2527 1.2259 0.6688, -6.2534 1.2269 0.6688, -6.2523 1.2248 0.6688, -6.252 1.2412 0.6573, -6.2476 1.2393 0.6573, -6.2439 1.2365 0.6573, -6.241 1.2327 0.6573, -6.2392 1.2283 0.6573, -6.2385 1.2236 0.6573, -6.2521 1.2236 0.6688, -6.2522 1.2313 0.6672, -6.2504 1.2299 0.6672, -6.249 1.2281 0.6672, -6.2481 1.2259 0.6672, -6.2521 1.2236 0.6688, -6.2478 1.2236 0.6672, -6.2478 1.2236 0.6672, -6.244 1.2236 0.6647, -6.2503 1.2347 0.6646, -6.2477 1.2326 0.6646, -6.2457 1.23 0.6646, -6.2444 1.2269 0.6646, -6.2526 1.239 0.6613, -6.2487 1.2374 0.6613, -6.2455 1.2349 0.6613, -6.2429 1.2316 0.6613, -6.2414 1.2277 0.6613, -6.244 1.2236 0.6646, -6.2409 1.2236 0.6614, -6.2408 1.2236 0.6613, -6.2386 1.2236 0.6574, -6.2386 1.2236 0.6574
            ]
        }
        coordIndex [
            0,1,2,-1,0,2,3,-1,3,2,4,-1,3,4,5,-1,5,4,6,-1,5,6,7,-1,7,6,8,-1,7,8,9,-1,9,8,10,-1,9,10,11,-1,11,10,12,-1,11,12,13,-1,13,12,14,-1,13,14,15,-1,16,17,14,-1,14,17,15,-1,18,19,20,-1,20,19,21,-1,22,23,24,-1,24,23,25,-1,23,22,26,-1,26,22,27,-1,26,27,28,-1,28,27,29,-1,28,29,30,-1,30,29,31,-1,30,31,32,-1,32,31,33,-1,32,33,34,-1,34,33,35,-1,34,35,36,-1,36,35,37,-1,36,37,38,-1,38,37,39,-1,40,41,42,-1,42,41,43,-1,42,43,44,-1,44,43,45,-1,44,45,46,-1,46,45,47,-1,46,47,48,-1,48,47,49,-1,48,49,50,-1,50,49,51,-1,50,51,52,-1,52,51,53,-1,52,53,54,-1,54,53,55,-1,54,55,56,-1,56,55,57,-1,56,57,58,-1,58,57,59,-1,60,61,62,-1,62,61,63,-1,62,63,64,-1,64,63,65,-1,64,65,66,-1,66,65,67,-1,66,67,68,-1,68,67,69,-1,68,69,70,-1,70,69,71,-1,70,71,72,-1,72,71,73,-1,72,73,74,-1,74,73,75,-1,74,75,76,-1,76,75,77,-1,76,77,78,-1,78,77,79,-1,80,81,39,-1,39,81,38,-1,1,0,82,-1,82,0,83,-1,84,85,86,-1,86,85,87,-1,88,89,90,-1,90,89,91,-1,92,93,94,-1,94,93,95,-1,96,97,98,-1,98,97,99,-1,100,101,102,-1,102,101,103,-1,104,105,106,-1,104,106,107,-1,107,106,108,-1,107,108,109,-1,109,108,110,-1,109,110,111,-1,111,110,112,-1,111,112,113,-1,113,112,114,-1,113,114,115,-1,115,114,116,-1,115,116,117,-1,117,116,118,-1,117,118,119,-1,120,121,118,-1,118,121,119,-1,122,123,124,-1,124,123,125,-1,126,127,128,-1,128,127,129,-1,127,126,130,-1,130,126,131,-1,130,131,132,-1,132,131,133,-1,132,133,134,-1,134,133,135,-1,134,135,136,-1,136,135,137,-1,136,137,138,-1,138,137,139,-1,138,139,140,-1,140,139,141,-1,140,141,142,-1,142,141,143,-1,144,145,146,-1,146,145,147,-1,146,147,148,-1,148,147,149,-1,148,149,150,-1,150,149,151,-1,150,151,152,-1,152,151,153,-1,152,153,154,-1,154,153,155,-1,154,155,156,-1,156,155,157,-1,156,157,158,-1,158,157,159,-1,158,159,160,-1,160,159,161,-1,160,161,162,-1,162,161,163,-1,164,165,166,-1,166,165,167,-1,166,167,168,-1,168,167,169,-1,168,169,170,-1,170,169,171,-1,170,171,172,-1,172,171,173,-1,172,173,174,-1,174,173,175,-1,174,175,176,-1,176,175,177,-1,176,177,178,-1,178,177,179,-1,178,179,180,-1,180,179,181,-1,180,181,182,-1,182,181,183,-1,184,185,143,-1,143,185,142,-1,105,104,186,-1,186,104,187,-1,188,189,190,-1,190,189,191,-1,192,193,194,-1,194,193,195,-1,196,197,198,-1,198,197,199,-1,200,201,202,-1,202,201,203,-1,204,205,206,-1,206,205,207,-1,208,209,210,-1,208,210,211,-1,211,210,212,-1,211,212,213,-1,213,212,214,-1,213,214,215,-1,215,214,216,-1,215,216,217,-1,217,216,218,-1,217,218,219,-1,219,218,220,-1,219,220,221,-1,221,220,222,-1,221,222,223,-1,224,225,222,-1,222,225,223,-1,226,227,228,-1,228,227,229,-1,230,231,232,-1,232,231,233,-1,231,230,234,-1,234,230,235,-1,234,235,236,-1,236,235,237,-1,236,237,238,-1,238,237,239,-1,238,239,240,-1,240,239,241,-1,240,241,242,-1,242,241,243,-1,242,243,244,-1,244,243,245,-1,244,245,246,-1,246,245,247,-1,248,249,250,-1,250,249,251,-1,250,251,252,-1,252,251,253,-1,252,253,254,-1,254,253,255,-1,254,255,256,-1,256,255,257,-1,256,257,258,-1,258,257,259,-1,258,259,260,-1,260,259,261,-1,260,261,262,-1,262,261,263,-1,262,263,264,-1,264,263,265,-1,264,265,266,-1,266,265,267,-1,268,269,270,-1,270,269,271,-1,270,271,272,-1,272,271,273,-1,272,273,274,-1,274,273,275,-1,274,275,276,-1,276,275,277,-1,276,277,278,-1,278,277,279,-1,278,279,280,-1,280,279,281,-1,280,281,282,-1,282,281,283,-1,282,283,284,-1,284,283,285,-1,284,285,286,-1,286,285,287,-1,288,289,247,-1,247,289,246,-1,209,208,290,-1,290,208,291,-1,292,293,294,-1,294,293,295,-1,296,297,298,-1,298,297,299,-1,300,301,302,-1,302,301,303,-1,304,305,306,-1,306,305,307,-1,308,309,310,-1,310,309,311,-1,312,313,314,-1,312,314,315,-1,315,314,316,-1,315,316,317,-1,317,316,318,-1,317,318,319,-1,319,318,320,-1,319,320,321,-1,321,320,322,-1,321,322,323,-1,323,322,324,-1,323,324,325,-1,325,324,326,-1,325,326,327,-1,328,329,326,-1,326,329,327,-1,330,331,332,-1,332,331,333,-1,334,335,336,-1,336,335,337,-1,335,334,338,-1,338,334,339,-1,338,339,340,-1,340,339,341,-1,340,341,342,-1,342,341,343,-1,342,343,344,-1,344,343,345,-1,344,345,346,-1,346,345,347,-1,346,347,348,-1,348,347,349,-1,348,349,350,-1,350,349,351,-1,352,353,354,-1,354,353,355,-1,354,355,356,-1,356,355,357,-1,356,357,358,-1,358,357,359,-1,358,359,360,-1,360,359,361,-1,360,361,362,-1,362,361,363,-1,362,363,364,-1,364,363,365,-1,364,365,366,-1,366,365,367,-1,366,367,368,-1,368,367,369,-1,368,369,370,-1,370,369,371,-1,372,373,374,-1,374,373,375,-1,374,375,376,-1,376,375,377,-1,376,377,378,-1,378,377,379,-1,378,379,380,-1,380,379,381,-1,380,381,382,-1,382,381,383,-1,382,383,384,-1,384,383,385,-1,384,385,386,-1,386,385,387,-1,386,387,388,-1,388,387,389,-1,388,389,390,-1,390,389,391,-1,392,393,351,-1,351,393,350,-1,313,312,394,-1,394,312,395,-1,396,397,398,-1,398,397,399,-1,400,401,402,-1,402,401,403,-1,402,403,404,-1,405,406,407,-1,407,406,408,-1,407,408,409,-1,410,411,412,-1,412,411,413,-1,414,415,416,-1,416,415,417,-1,418,419,420,-1,418,420,421,-1,421,420,422,-1,421,422,423,-1,423,422,424,-1,423,424,425,-1,425,424,426,-1,425,426,427,-1,427,426,428,-1,427,428,429,-1,429,428,430,-1,429,430,431,-1,431,430,432,-1,431,432,433,-1,434,435,432,-1,432,435,433,-1,436,437,438,-1,438,437,439,-1,440,441,442,-1,442,441,443,-1,441,440,444,-1,444,440,445,-1,444,445,446,-1,446,445,447,-1,446,447,448,-1,448,447,449,-1,448,449,450,-1,450,449,451,-1,450,451,452,-1,452,451,453,-1,452,453,454,-1,454,453,455,-1,454,455,456,-1,456,455,457,-1,458,459,460,-1,460,459,461,-1,460,461,462,-1,462,461,463,-1,462,463,464,-1,464,463,465,-1,464,465,466,-1,466,465,467,-1,466,467,468,-1,468,467,469,-1,468,469,470,-1,470,469,471,-1,470,471,472,-1,472,471,473,-1,472,473,474,-1,474,473,475,-1,474,475,476,-1,476,475,477,-1,478,479,480,-1,480,479,481,-1,480,481,482,-1,482,481,483,-1,482,483,484,-1,484,483,485,-1,484,485,486,-1,486,485,487,-1,486,487,488,-1,488,487,489,-1,488,489,490,-1,490,489,491,-1,490,491,492,-1,492,491,493,-1,492,493,494,-1,494,493,495,-1,494,495,496,-1,496,495,497,-1,498,499,457,-1,457,499,456,-1,419,418,500,-1,500,418,501,-1,502,503,504,-1,504,503,505,-1,506,507,508,-1,508,507,509,-1,510,511,512,-1,512,511,513,-1,514,515,516,-1,516,515,517,-1,518,519,520,-1,520,519,521,-1,522,523,524,-1,522,524,525,-1,525,524,526,-1,525,526,527,-1,527,526,528,-1,527,528,529,-1,529,528,530,-1,529,530,531,-1,531,530,532,-1,531,532,533,-1,533,532,534,-1,533,534,535,-1,535,534,536,-1,535,536,537,-1,538,539,536,-1,536,539,537,-1,540,541,542,-1,542,541,543,-1,544,545,546,-1,546,545,547,-1,545,544,548,-1,548,544,549,-1,548,549,550,-1,550,549,551,-1,550,551,552,-1,552,551,553,-1,552,553,554,-1,554,553,555,-1,554,555,556,-1,556,555,557,-1,556,557,558,-1,558,557,559,-1,558,559,560,-1,560,559,561,-1,562,563,564,-1,564,563,565,-1,564,565,566,-1,566,565,567,-1,566,567,568,-1,568,567,569,-1,568,569,570,-1,570,569,571,-1,570,571,572,-1,572,571,573,-1,572,573,574,-1,574,573,575,-1,574,575,576,-1,576,575,577,-1,576,577,578,-1,578,577,579,-1,578,579,580,-1,580,579,581,-1,582,583,584,-1,584,583,585,-1,584,585,586,-1,586,585,587,-1,586,587,588,-1,588,587,589,-1,588,589,590,-1,590,589,591,-1,590,591,592,-1,592,591,593,-1,592,593,594,-1,594,593,595,-1,594,595,596,-1,596,595,597,-1,596,597,598,-1,598,597,599,-1,598,599,600,-1,600,599,601,-1,602,603,561,-1,561,603,560,-1,523,522,604,-1,604,522,605,-1,606,607,608,-1,608,607,609,-1,610,611,612,-1,612,611,613,-1,614,615,616,-1,616,615,617,-1,618,619,620,-1,620,619,621,-1,622,623,624,-1,624,623,625,-1,626,627,628,-1,626,628,629,-1,629,628,630,-1,629,630,631,-1,631,630,632,-1,631,632,633,-1,633,632,634,-1,633,634,635,-1,635,634,636,-1,635,636,637,-1,637,636,638,-1,637,638,639,-1,639,638,640,-1,639,640,641,-1,642,643,640,-1,640,643,641,-1,644,645,646,-1,646,645,647,-1,648,649,650,-1,650,649,651,-1,649,648,652,-1,652,648,653,-1,652,653,654,-1,654,653,655,-1,654,655,656,-1,656,655,657,-1,656,657,658,-1,658,657,659,-1,658,659,660,-1,660,659,661,-1,660,661,662,-1,662,661,663,-1,662,663,664,-1,664,663,665,-1,666,667,668,-1,668,667,669,-1,668,669,670,-1,670,669,671,-1,670,671,672,-1,672,671,673,-1,672,673,674,-1,674,673,675,-1,674,675,676,-1,676,675,677,-1,676,677,678,-1,678,677,679,-1,678,679,680,-1,680,679,681,-1,680,681,682,-1,682,681,683,-1,682,683,684,-1,684,683,685,-1,686,687,688,-1,688,687,689,-1,688,689,690,-1,690,689,691,-1,690,691,692,-1,692,691,693,-1,692,693,694,-1,694,693,695,-1,694,695,696,-1,696,695,697,-1,696,697,698,-1,698,697,699,-1,698,699,700,-1,700,699,701,-1,700,701,702,-1,702,701,703,-1,702,703,704,-1,704,703,705,-1,706,707,665,-1,665,707,664,-1,627,626,708,-1,708,626,709,-1,710,711,712,-1,712,711,713,-1,714,715,716,-1,716,715,717,-1,718,719,720,-1,720,719,721,-1,722,723,724,-1,724,723,725,-1,726,727,728,-1,728,727,729,-1,730,731,732,-1,730,732,733,-1,733,732,734,-1,733,734,735,-1,735,734,736,-1,735,736,737,-1,737,736,738,-1,737,738,739,-1,739,738,740,-1,739,740,741,-1,741,740,742,-1,741,742,743,-1,743,742,744,-1,743,744,745,-1,746,747,744,-1,744,747,745,-1,748,749,750,-1,750,749,751,-1,752,753,754,-1,754,753,755,-1,753,752,756,-1,756,752,757,-1,756,757,758,-1,758,757,759,-1,758,759,760,-1,760,759,761,-1,760,761,762,-1,762,761,763,-1,762,763,764,-1,764,763,765,-1,764,765,766,-1,766,765,767,-1,766,767,768,-1,768,767,769,-1,770,771,772,-1,772,771,773,-1,772,773,774,-1,774,773,775,-1,774,775,776,-1,776,775,777,-1,776,777,778,-1,778,777,779,-1,778,779,780,-1,780,779,781,-1,780,781,782,-1,782,781,783,-1,782,783,784,-1,784,783,785,-1,784,785,786,-1,786,785,787,-1,786,787,788,-1,788,787,789,-1,790,791,792,-1,792,791,793,-1,792,793,794,-1,794,793,795,-1,794,795,796,-1,796,795,797,-1,796,797,798,-1,798,797,799,-1,798,799,800,-1,800,799,801,-1,800,801,802,-1,802,801,803,-1,802,803,804,-1,804,803,805,-1,804,805,806,-1,806,805,807,-1,806,807,808,-1,808,807,809,-1,810,811,769,-1,769,811,768,-1,731,730,812,-1,812,730,813,-1,814,815,816,-1,816,815,817,-1,818,819,820,-1,820,819,821,-1,822,823,824,-1,824,823,825,-1,826,827,828,-1,828,827,829,-1,830,831,832,-1,832,831,833,-1,834,835,40,-1,40,835,836,-1,40,836,41,-1,41,836,837,-1,25,838,839,-1,25,839,24,-1,24,839,840,-1,24,840,841,-1,842,843,16,-1,16,843,844,-1,16,844,17,-1,17,844,845,-1,79,846,847,-1,79,847,78,-1,78,847,848,-1,78,848,849,-1,103,850,851,-1,103,851,102,-1,102,851,852,-1,102,852,853,-1,88,854,855,-1,88,855,89,-1,89,855,856,-1,89,856,857,-1,92,858,859,-1,92,859,93,-1,93,859,860,-1,93,860,861,-1,96,862,863,-1,96,863,97,-1,97,863,864,-1,97,864,865,-1,866,867,144,-1,144,867,868,-1,144,868,145,-1,145,868,869,-1,129,870,871,-1,129,871,128,-1,128,871,872,-1,128,872,873,-1,874,875,120,-1,120,875,876,-1,120,876,121,-1,121,876,877,-1,878,879,183,-1,183,879,880,-1,183,880,182,-1,182,880,881,-1,207,882,883,-1,207,883,206,-1,206,883,884,-1,206,884,885,-1,192,886,887,-1,192,887,193,-1,193,887,888,-1,193,888,889,-1,196,890,891,-1,196,891,197,-1,197,891,892,-1,197,892,893,-1,894,895,200,-1,200,895,896,-1,200,896,201,-1,201,896,897,-1,898,899,248,-1,248,899,900,-1,248,900,249,-1,249,900,901,-1,233,902,903,-1,233,903,232,-1,232,903,904,-1,232,904,905,-1,906,907,224,-1,224,907,908,-1,224,908,225,-1,225,908,909,-1,910,911,287,-1,287,911,912,-1,287,912,286,-1,286,912,913,-1,914,915,311,-1,311,915,916,-1,311,916,310,-1,310,916,917,-1,296,918,919,-1,296,919,297,-1,297,919,920,-1,297,920,921,-1,300,922,923,-1,300,923,301,-1,301,923,924,-1,301,924,925,-1,926,927,304,-1,304,927,928,-1,304,928,305,-1,305,928,929,-1,930,931,352,-1,352,931,932,-1,352,932,353,-1,353,932,933,-1,337,934,935,-1,337,935,336,-1,336,935,936,-1,336,936,937,-1,938,939,328,-1,328,939,940,-1,328,940,329,-1,329,940,941,-1,942,943,391,-1,391,943,944,-1,391,944,390,-1,390,944,945,-1,946,947,417,-1,417,947,948,-1,417,948,416,-1,416,948,949,-1,401,950,951,-1,401,951,403,-1,403,951,952,-1,403,952,953,-1,406,954,955,-1,406,955,408,-1,408,955,956,-1,408,956,957,-1,958,959,410,-1,410,959,960,-1,410,960,411,-1,411,960,961,-1,962,963,458,-1,458,963,964,-1,458,964,459,-1,459,964,965,-1,443,966,967,-1,443,967,442,-1,442,967,968,-1,442,968,969,-1,970,971,434,-1,434,971,972,-1,434,972,435,-1,435,972,973,-1,974,975,497,-1,497,975,976,-1,497,976,496,-1,496,976,977,-1,978,979,521,-1,521,979,980,-1,521,980,520,-1,520,980,981,-1,506,982,983,-1,506,983,507,-1,507,983,984,-1,507,984,985,-1,510,986,987,-1,510,987,511,-1,511,987,988,-1,511,988,989,-1,990,991,514,-1,514,991,992,-1,514,992,515,-1,515,992,993,-1,994,995,562,-1,562,995,996,-1,562,996,563,-1,563,996,997,-1,547,998,999,-1,547,999,546,-1,546,999,1000,-1,546,1000,1001,-1,1002,1003,538,-1,538,1003,1004,-1,538,1004,539,-1,539,1004,1005,-1,1006,1007,601,-1,601,1007,1008,-1,601,1008,600,-1,600,1008,1009,-1,1010,1011,625,-1,625,1011,1012,-1,625,1012,624,-1,624,1012,1013,-1,610,1014,1015,-1,610,1015,611,-1,611,1015,1016,-1,611,1016,1017,-1,614,1018,1019,-1,614,1019,615,-1,615,1019,1020,-1,615,1020,1021,-1,1022,1023,618,-1,618,1023,1024,-1,618,1024,619,-1,619,1024,1025,-1,1026,1027,666,-1,666,1027,1028,-1,666,1028,667,-1,667,1028,1029,-1,651,1030,1031,-1,651,1031,650,-1,650,1031,1032,-1,650,1032,1033,-1,1034,1035,642,-1,642,1035,1036,-1,642,1036,643,-1,643,1036,1037,-1,1038,1039,705,-1,705,1039,1040,-1,705,1040,704,-1,704,1040,1041,-1,1042,1043,729,-1,729,1043,1044,-1,729,1044,728,-1,728,1044,1045,-1,714,1046,1047,-1,714,1047,715,-1,715,1047,1048,-1,715,1048,1049,-1,718,1050,1051,-1,718,1051,719,-1,719,1051,1052,-1,719,1052,1053,-1,1054,1055,722,-1,722,1055,1056,-1,722,1056,723,-1,723,1056,1057,-1,770,1058,1059,-1,770,1059,771,-1,771,1059,1060,-1,771,1060,1061,-1,755,1062,1063,-1,755,1063,754,-1,754,1063,1064,-1,754,1064,1065,-1,1066,1067,746,-1,746,1067,1068,-1,746,1068,747,-1,747,1068,1069,-1,809,1070,1071,-1,809,1071,808,-1,808,1071,1072,-1,808,1072,1073,-1,833,1074,1075,-1,833,1075,832,-1,832,1075,1076,-1,832,1076,1077,-1,818,1078,1079,-1,818,1079,819,-1,819,1079,1080,-1,819,1080,1081,-1,822,1082,1083,-1,822,1083,823,-1,823,1083,1084,-1,823,1084,1085,-1,826,1086,1087,-1,826,1087,827,-1,827,1087,1088,-1,827,1088,1089,-1,63,61,1090,-1,63,1090,1091,-1,1091,1090,1092,-1,1091,1092,1093,-1,1093,1092,1094,-1,1093,1094,1095,-1,1095,1094,1096,-1,1095,1096,1097,-1,1097,1096,1098,-1,1097,1098,1099,-1,1099,1098,83,-1,1099,83,0,-1,60,62,1100,-1,60,1100,1101,-1,1101,1100,1102,-1,1101,1102,1103,-1,1103,1102,1104,-1,1103,1104,1105,-1,1105,1104,1106,-1,1105,1106,1107,-1,1107,1106,1108,-1,1107,1108,1109,-1,1109,1108,38,-1,1109,38,81,-1,15,1110,1111,-1,1110,1112,1113,-1,1112,1114,1115,-1,1114,1116,1117,-1,1116,1118,1119,-1,1118,77,75,-1,1118,75,1119,-1,1119,75,73,-1,1119,73,1120,-1,1120,73,71,-1,1120,71,1121,-1,1121,71,69,-1,1121,69,1122,-1,1122,69,67,-1,1122,67,1123,-1,1123,67,65,-1,1123,65,1124,-1,1124,65,63,-1,1124,63,1091,-1,1116,1119,1117,-1,1117,1119,1120,-1,1117,1120,1125,-1,1125,1120,1121,-1,1125,1121,1126,-1,1126,1121,1122,-1,1126,1122,1127,-1,1127,1122,1123,-1,1127,1123,1128,-1,1128,1123,1124,-1,1128,1124,1129,-1,1129,1124,1091,-1,1129,1091,1093,-1,1114,1117,1115,-1,1115,1117,1125,-1,1115,1125,1130,-1,1130,1125,1126,-1,1130,1126,1131,-1,1131,1126,1127,-1,1131,1127,1132,-1,1132,1127,1128,-1,1132,1128,1133,-1,1133,1128,1129,-1,1133,1129,1134,-1,1134,1129,1093,-1,1134,1093,1095,-1,1112,1115,1113,-1,1113,1115,1130,-1,1113,1130,1135,-1,1135,1130,1131,-1,1135,1131,1136,-1,1136,1131,1132,-1,1136,1132,1137,-1,1137,1132,1133,-1,1137,1133,1138,-1,1138,1133,1134,-1,1138,1134,1139,-1,1139,1134,1095,-1,1139,1095,1097,-1,1110,1113,1111,-1,1111,1113,1135,-1,1111,1135,1140,-1,1140,1135,1136,-1,1140,1136,1141,-1,1141,1136,1137,-1,1141,1137,1142,-1,1142,1137,1138,-1,1142,1138,1143,-1,1143,1138,1139,-1,1143,1139,1144,-1,1144,1139,1097,-1,1144,1097,1099,-1,15,1111,13,-1,13,1111,1140,-1,13,1140,11,-1,11,1140,1141,-1,11,1141,9,-1,9,1141,1142,-1,9,1142,7,-1,7,1142,1143,-1,7,1143,5,-1,5,1143,1144,-1,5,1144,3,-1,3,1144,1099,-1,3,1099,0,-1,76,1145,1146,-1,1145,1147,1148,-1,1147,1149,1150,-1,1149,1151,1152,-1,1151,1153,1154,-1,1153,23,26,-1,1153,26,1154,-1,1154,26,28,-1,1154,28,1155,-1,1155,28,30,-1,1155,30,1156,-1,1156,30,32,-1,1156,32,1157,-1,1157,32,34,-1,1157,34,1158,-1,1158,34,36,-1,1158,36,1159,-1,1159,36,38,-1,1159,38,1108,-1,1151,1154,1152,-1,1152,1154,1155,-1,1152,1155,1160,-1,1160,1155,1156,-1,1160,1156,1161,-1,1161,1156,1157,-1,1161,1157,1162,-1,1162,1157,1158,-1,1162,1158,1163,-1,1163,1158,1159,-1,1163,1159,1164,-1,1164,1159,1108,-1,1164,1108,1106,-1,1149,1152,1150,-1,1150,1152,1160,-1,1150,1160,1165,-1,1165,1160,1161,-1,1165,1161,1166,-1,1166,1161,1162,-1,1166,1162,1167,-1,1167,1162,1163,-1,1167,1163,1168,-1,1168,1163,1164,-1,1168,1164,1169,-1,1169,1164,1106,-1,1169,1106,1104,-1,1147,1150,1148,-1,1148,1150,1165,-1,1148,1165,1170,-1,1170,1165,1166,-1,1170,1166,1171,-1,1171,1166,1167,-1,1171,1167,1172,-1,1172,1167,1168,-1,1172,1168,1173,-1,1173,1168,1169,-1,1173,1169,1174,-1,1174,1169,1104,-1,1174,1104,1102,-1,1145,1148,1146,-1,1146,1148,1170,-1,1146,1170,1175,-1,1175,1170,1171,-1,1175,1171,1176,-1,1176,1171,1172,-1,1176,1172,1177,-1,1177,1172,1173,-1,1177,1173,1178,-1,1178,1173,1174,-1,1178,1174,1179,-1,1179,1174,1102,-1,1179,1102,1100,-1,76,1146,74,-1,74,1146,1175,-1,74,1175,72,-1,72,1175,1176,-1,72,1176,70,-1,70,1176,1177,-1,70,1177,68,-1,68,1177,1178,-1,68,1178,66,-1,66,1178,1179,-1,66,1179,64,-1,64,1179,1100,-1,64,1100,62,-1,59,57,1180,-1,59,1180,1181,-1,1181,1180,1182,-1,1181,1182,1183,-1,1183,1182,1184,-1,1183,1184,1185,-1,1185,1184,1186,-1,1185,1186,1187,-1,1187,1186,1188,-1,1187,1188,1189,-1,1189,1188,1,-1,1189,1,82,-1,846,79,77,-1,846,77,1190,-1,1190,77,1118,-1,1190,1118,1191,-1,1191,1118,1116,-1,1191,1116,1192,-1,1192,1116,1193,-1,1193,1116,1114,-1,1193,1114,1194,-1,1194,1114,1195,-1,1195,1114,1112,-1,1195,1112,1196,-1,1196,1112,1197,-1,1197,1112,1110,-1,1197,1110,1198,-1,15,17,1110,-1,1110,17,845,-1,1110,845,1198,-1,838,25,23,-1,838,23,1199,-1,1199,23,1153,-1,1199,1153,1200,-1,1200,1153,1151,-1,1200,1151,1201,-1,1201,1151,1202,-1,1202,1151,1149,-1,1202,1149,1203,-1,1203,1149,1204,-1,1204,1149,1147,-1,1204,1147,1205,-1,1205,1147,1206,-1,1206,1147,1145,-1,1206,1145,1207,-1,76,78,1145,-1,1145,78,849,-1,1145,849,1207,-1,56,58,1208,-1,56,1208,1209,-1,1209,1208,1210,-1,1209,1210,1211,-1,1211,1210,1212,-1,1211,1212,1213,-1,1213,1212,1214,-1,1213,1214,1215,-1,1215,1214,1216,-1,1215,1216,1217,-1,1217,1216,80,-1,1217,80,39,-1,43,1218,1219,-1,1218,1220,1221,-1,1220,1222,1223,-1,1222,1224,1225,-1,1224,1226,1227,-1,1226,14,12,-1,1226,12,1227,-1,1227,12,10,-1,1227,10,1228,-1,1228,10,8,-1,1228,8,1229,-1,1229,8,6,-1,1229,6,1230,-1,1230,6,4,-1,1230,4,1231,-1,1231,4,2,-1,1231,2,1232,-1,1232,2,1,-1,1232,1,1188,-1,1224,1227,1225,-1,1225,1227,1228,-1,1225,1228,1233,-1,1233,1228,1229,-1,1233,1229,1234,-1,1234,1229,1230,-1,1234,1230,1235,-1,1235,1230,1231,-1,1235,1231,1236,-1,1236,1231,1232,-1,1236,1232,1237,-1,1237,1232,1188,-1,1237,1188,1186,-1,1222,1225,1223,-1,1223,1225,1233,-1,1223,1233,1238,-1,1238,1233,1234,-1,1238,1234,1239,-1,1239,1234,1235,-1,1239,1235,1240,-1,1240,1235,1236,-1,1240,1236,1241,-1,1241,1236,1237,-1,1241,1237,1242,-1,1242,1237,1186,-1,1242,1186,1184,-1,1220,1223,1221,-1,1221,1223,1238,-1,1221,1238,1243,-1,1243,1238,1239,-1,1243,1239,1244,-1,1244,1239,1240,-1,1244,1240,1245,-1,1245,1240,1241,-1,1245,1241,1246,-1,1246,1241,1242,-1,1246,1242,1247,-1,1247,1242,1184,-1,1247,1184,1182,-1,1218,1221,1219,-1,1219,1221,1243,-1,1219,1243,1248,-1,1248,1243,1244,-1,1248,1244,1249,-1,1249,1244,1245,-1,1249,1245,1250,-1,1250,1245,1246,-1,1250,1246,1251,-1,1251,1246,1247,-1,1251,1247,1252,-1,1252,1247,1182,-1,1252,1182,1180,-1,43,1219,45,-1,45,1219,1248,-1,45,1248,47,-1,47,1248,1249,-1,47,1249,49,-1,49,1249,1250,-1,49,1250,51,-1,51,1250,1251,-1,51,1251,53,-1,53,1251,1252,-1,53,1252,55,-1,55,1252,1180,-1,55,1180,57,-1,845,844,1253,-1,845,1253,1198,-1,1198,1253,1254,-1,1198,1254,1197,-1,1197,1254,1255,-1,1197,1255,1256,-1,1257,1258,1195,-1,1257,1195,1256,-1,1256,1195,1196,-1,1256,1196,1197,-1,1258,1259,1195,-1,1195,1259,1260,-1,1195,1260,1194,-1,1260,1261,1194,-1,1194,1261,1262,-1,1194,1262,1193,-1,1193,1262,1263,-1,1193,1263,1192,-1,1192,1263,1264,-1,847,846,1265,-1,1265,846,1190,-1,1265,1190,1264,-1,1264,1190,1191,-1,1264,1191,1192,-1,21,19,1266,-1,848,847,1267,-1,1267,847,1268,-1,1267,1268,1269,-1,1269,1268,1270,-1,1269,1270,1271,-1,1271,1270,1272,-1,1271,1272,1273,-1,1273,1272,1274,-1,1273,1274,1275,-1,1275,1274,1276,-1,1275,1276,1277,-1,1277,1276,1278,-1,1277,1278,1279,-1,1279,1278,1280,-1,1279,1280,1281,-1,1281,1280,1282,-1,1281,1282,1283,-1,1283,1282,1284,-1,1283,1284,1266,-1,1266,1284,1285,-1,1266,1285,21,-1,849,848,1207,-1,1207,848,1286,-1,1207,1286,1206,-1,1206,1286,1287,-1,1206,1287,1205,-1,1205,1287,1204,-1,1287,1288,1204,-1,1204,1288,1289,-1,1204,1289,1203,-1,1289,1290,1203,-1,1203,1290,1291,-1,1203,1291,1202,-1,1291,1292,1202,-1,1202,1292,1293,-1,1202,1293,1201,-1,1201,1293,1294,-1,1201,1294,1200,-1,1294,1295,1200,-1,1200,1295,1296,-1,1200,1296,1199,-1,839,838,1297,-1,1297,838,1199,-1,1297,1199,1298,-1,1298,1199,1296,-1,22,1299,1300,-1,1299,1301,1302,-1,1301,1303,1304,-1,1303,1305,1306,-1,1305,1307,1308,-1,1307,42,44,-1,1307,44,1308,-1,1308,44,46,-1,1308,46,1309,-1,1309,46,48,-1,1309,48,1310,-1,1310,48,50,-1,1310,50,1311,-1,1311,50,52,-1,1311,52,1312,-1,1312,52,54,-1,1312,54,1313,-1,1313,54,56,-1,1313,56,1209,-1,1305,1308,1306,-1,1306,1308,1309,-1,1306,1309,1314,-1,1314,1309,1310,-1,1314,1310,1315,-1,1315,1310,1311,-1,1315,1311,1316,-1,1316,1311,1312,-1,1316,1312,1317,-1,1317,1312,1313,-1,1317,1313,1318,-1,1318,1313,1209,-1,1318,1209,1211,-1,1303,1306,1304,-1,1304,1306,1314,-1,1304,1314,1319,-1,1319,1314,1315,-1,1319,1315,1320,-1,1320,1315,1316,-1,1320,1316,1321,-1,1321,1316,1317,-1,1321,1317,1322,-1,1322,1317,1318,-1,1322,1318,1323,-1,1323,1318,1211,-1,1323,1211,1213,-1,1301,1304,1302,-1,1302,1304,1319,-1,1302,1319,1324,-1,1324,1319,1320,-1,1324,1320,1325,-1,1325,1320,1321,-1,1325,1321,1326,-1,1326,1321,1322,-1,1326,1322,1327,-1,1327,1322,1323,-1,1327,1323,1328,-1,1328,1323,1213,-1,1328,1213,1215,-1,1299,1302,1300,-1,1300,1302,1324,-1,1300,1324,1329,-1,1329,1324,1325,-1,1329,1325,1330,-1,1330,1325,1326,-1,1330,1326,1331,-1,1331,1326,1327,-1,1331,1327,1332,-1,1332,1327,1328,-1,1332,1328,1333,-1,1333,1328,1215,-1,1333,1215,1217,-1,22,1300,27,-1,27,1300,1329,-1,27,1329,29,-1,29,1329,1330,-1,29,1330,31,-1,31,1330,1331,-1,31,1331,33,-1,33,1331,1332,-1,33,1332,35,-1,35,1332,1333,-1,35,1333,37,-1,37,1333,1217,-1,37,1217,39,-1,842,16,14,-1,842,14,1334,-1,1334,14,1226,-1,1334,1226,1335,-1,1335,1226,1224,-1,1335,1224,1336,-1,1336,1224,1337,-1,1337,1224,1222,-1,1337,1222,1338,-1,1338,1222,1339,-1,1339,1222,1220,-1,1339,1220,1340,-1,1340,1220,1341,-1,1341,1220,1218,-1,1341,1218,1342,-1,43,41,1218,-1,1218,41,837,-1,1218,837,1342,-1,1270,1268,1343,-1,1274,1272,1344,-1,1278,1276,1345,-1,1282,1280,1346,-1,1347,1253,844,-1,1348,1258,1349,-1,1349,1258,1257,-1,1349,1257,1256,-1,1350,1260,1348,-1,1348,1260,1259,-1,1348,1259,1258,-1,1261,1351,1262,-1,1262,1351,1352,-1,1262,1352,1263,-1,1263,1352,1264,-1,1264,1352,1343,-1,1264,1343,1265,-1,1265,1343,1268,-1,1265,1268,847,-1,1284,1353,1285,-1,1285,1353,1354,-1,1285,1354,21,-1,1355,1356,1353,-1,1353,1356,1357,-1,1353,1357,1354,-1,1358,1359,1355,-1,1355,1359,1360,-1,1355,1360,1356,-1,1272,1270,1344,-1,1344,1270,1343,-1,1344,1343,1361,-1,1361,1343,1352,-1,1361,1352,1350,-1,1350,1352,1351,-1,1350,1351,1260,-1,1260,1351,1261,-1,1362,1363,1358,-1,1358,1363,1364,-1,1358,1364,1359,-1,844,1365,1347,-1,1347,1365,1366,-1,1347,1366,1362,-1,1362,1366,1367,-1,1362,1367,1363,-1,1284,1282,1353,-1,1353,1282,1346,-1,1353,1346,1355,-1,1355,1346,1368,-1,1355,1368,1358,-1,1358,1368,1369,-1,1358,1369,1362,-1,1362,1369,1370,-1,1362,1370,1347,-1,1347,1370,1371,-1,1347,1371,1253,-1,1253,1371,1254,-1,1280,1278,1346,-1,1346,1278,1345,-1,1346,1345,1368,-1,1368,1345,1372,-1,1368,1372,1369,-1,1369,1372,1373,-1,1369,1373,1370,-1,1370,1373,1374,-1,1370,1374,1371,-1,1371,1374,1375,-1,1371,1375,1254,-1,1254,1375,1255,-1,1276,1274,1345,-1,1345,1274,1344,-1,1345,1344,1372,-1,1372,1344,1361,-1,1372,1361,1373,-1,1373,1361,1350,-1,1373,1350,1374,-1,1374,1350,1348,-1,1374,1348,1375,-1,1375,1348,1349,-1,1375,1349,1255,-1,1255,1349,1256,-1,1269,1271,1376,-1,1273,1275,1377,-1,1277,1279,1378,-1,848,1267,1379,-1,1380,1288,1381,-1,1381,1288,1287,-1,1381,1287,1379,-1,1379,1287,1286,-1,1379,1286,848,-1,1291,1290,1380,-1,1380,1290,1289,-1,1380,1289,1288,-1,1293,1382,1383,-1,1296,1295,1383,-1,1383,1295,1294,-1,1383,1294,1293,-1,1384,1385,1386,-1,1386,1385,1387,-1,1388,1389,1387,-1,1387,1389,1390,-1,1387,1390,1386,-1,1391,1392,1388,-1,1388,1392,1393,-1,1388,1393,1389,-1,1394,1395,1396,-1,1396,1395,1397,-1,1396,1397,1391,-1,1391,1397,1398,-1,1391,1398,1392,-1,19,1394,1266,-1,1266,1394,1396,-1,1266,1396,1283,-1,1283,1396,1281,-1,1279,1281,1378,-1,1378,1281,1396,-1,1378,1396,1399,-1,1399,1396,1391,-1,1399,1391,1400,-1,1400,1391,1388,-1,1400,1388,1401,-1,1401,1388,1387,-1,1401,1387,1402,-1,1402,1387,1385,-1,1275,1277,1377,-1,1377,1277,1378,-1,1377,1378,1403,-1,1403,1378,1399,-1,1403,1399,1404,-1,1404,1399,1400,-1,1404,1400,1405,-1,1405,1400,1401,-1,1405,1401,1406,-1,1406,1401,1402,-1,1271,1273,1376,-1,1376,1273,1377,-1,1376,1377,1407,-1,1407,1377,1403,-1,1407,1403,1408,-1,1408,1403,1404,-1,1408,1404,1382,-1,1382,1404,1405,-1,1382,1405,1383,-1,1383,1405,1406,-1,1383,1406,1296,-1,1296,1406,1402,-1,1296,1402,1298,-1,1298,1402,1385,-1,1298,1385,1297,-1,1297,1385,1384,-1,1297,1384,839,-1,1267,1269,1379,-1,1379,1269,1376,-1,1379,1376,1381,-1,1381,1376,1407,-1,1381,1407,1380,-1,1380,1407,1408,-1,1380,1408,1291,-1,1291,1408,1382,-1,1291,1382,1292,-1,1292,1382,1293,-1,834,40,42,-1,834,42,1409,-1,1409,42,1307,-1,1409,1307,1410,-1,1410,1307,1305,-1,1410,1305,1411,-1,1411,1305,1412,-1,1412,1305,1303,-1,1412,1303,1413,-1,1413,1303,1414,-1,1414,1303,1301,-1,1414,1301,1415,-1,1415,1301,1416,-1,1416,1301,1299,-1,1416,1299,1417,-1,22,24,1299,-1,1299,24,841,-1,1299,841,1417,-1,837,836,1342,-1,1342,836,1418,-1,1342,1418,1341,-1,1341,1418,1419,-1,1341,1419,1340,-1,1340,1419,1339,-1,1419,1420,1339,-1,1339,1420,1421,-1,1339,1421,1338,-1,1338,1421,1422,-1,1338,1422,1337,-1,1337,1422,1423,-1,1423,1424,1337,-1,1337,1424,1425,-1,1337,1425,1336,-1,1336,1425,1426,-1,1336,1426,1335,-1,1426,1427,1335,-1,1335,1427,1428,-1,1335,1428,1334,-1,1334,1428,1429,-1,1334,1429,842,-1,842,1429,1430,-1,842,1430,843,-1,20,21,1354,-1,844,843,1365,-1,1365,843,1431,-1,1365,1431,1366,-1,1366,1431,1432,-1,1366,1432,1367,-1,1367,1432,1433,-1,1367,1433,1363,-1,1363,1433,1434,-1,1363,1434,1364,-1,1364,1434,1435,-1,1364,1435,1359,-1,1359,1435,1436,-1,1359,1436,1360,-1,1360,1436,1437,-1,1360,1437,1356,-1,1356,1437,1438,-1,1356,1438,1357,-1,1357,1438,1439,-1,1357,1439,1354,-1,1354,1439,1440,-1,1354,1440,20,-1,19,18,1441,-1,840,839,1442,-1,1442,839,1384,-1,1442,1384,1443,-1,1443,1384,1386,-1,1443,1386,1444,-1,1444,1386,1390,-1,1444,1390,1445,-1,1445,1390,1389,-1,1445,1389,1446,-1,1446,1389,1393,-1,1446,1393,1447,-1,1447,1393,1392,-1,1447,1392,1448,-1,1448,1392,1398,-1,1448,1398,1449,-1,1449,1398,1397,-1,1449,1397,1450,-1,1450,1397,1395,-1,1450,1395,1441,-1,1441,1395,1394,-1,1441,1394,19,-1,1451,1414,1452,-1,1452,1414,1415,-1,1452,1415,1453,-1,1453,1415,1416,-1,1453,1416,1454,-1,1454,1416,1417,-1,1454,1417,1455,-1,1455,1417,841,-1,1455,841,840,-1,1451,1456,1414,-1,1414,1456,1457,-1,1414,1457,1413,-1,1413,1457,1458,-1,1458,1459,1413,-1,1413,1459,1460,-1,1413,1460,1412,-1,1412,1460,1461,-1,1412,1461,1411,-1,1411,1461,1462,-1,1411,1462,1410,-1,1410,1462,1409,-1,1409,1462,834,-1,834,1462,1463,-1,834,1463,835,-1,1419,1418,1464,-1,1464,1418,836,-1,1422,1421,1465,-1,1465,1421,1420,-1,1425,1424,1466,-1,1466,1424,1423,-1,1428,1427,1467,-1,1467,1427,1426,-1,1467,1426,1425,-1,1467,1468,1428,-1,1428,1468,1469,-1,1428,1469,1429,-1,1429,1469,1470,-1,1429,1470,1430,-1,1430,1470,1431,-1,1430,1431,843,-1,836,1471,1464,-1,1464,1471,1472,-1,1464,1472,1473,-1,1472,1474,1473,-1,1473,1474,1475,-1,1473,1475,1476,-1,1475,1477,1476,-1,1476,1477,1478,-1,1476,1478,1479,-1,1478,1480,1479,-1,1479,1480,1481,-1,1479,1481,1482,-1,20,1440,1483,-1,1483,1440,1482,-1,1483,1482,1484,-1,1484,1482,1481,-1,1419,1464,1485,-1,1485,1464,1473,-1,1485,1473,1486,-1,1486,1473,1476,-1,1486,1476,1487,-1,1487,1476,1479,-1,1487,1479,1488,-1,1488,1479,1482,-1,1488,1482,1489,-1,1440,1439,1482,-1,1482,1439,1438,-1,1482,1438,1489,-1,1489,1438,1437,-1,1489,1437,1436,-1,1436,1490,1489,-1,1489,1490,1491,-1,1489,1491,1488,-1,1488,1491,1492,-1,1488,1492,1487,-1,1487,1492,1493,-1,1487,1493,1486,-1,1486,1493,1465,-1,1486,1465,1485,-1,1485,1465,1420,-1,1485,1420,1419,-1,1422,1465,1423,-1,1423,1465,1493,-1,1423,1493,1466,-1,1466,1493,1492,-1,1466,1492,1494,-1,1494,1492,1491,-1,1494,1491,1495,-1,1495,1491,1490,-1,1495,1490,1496,-1,1436,1435,1490,-1,1490,1435,1434,-1,1490,1434,1496,-1,1496,1434,1433,-1,1496,1433,1432,-1,1425,1466,1467,-1,1467,1466,1494,-1,1467,1494,1468,-1,1468,1494,1495,-1,1468,1495,1469,-1,1469,1495,1496,-1,1469,1496,1470,-1,1470,1496,1432,-1,1470,1432,1431,-1,1497,1498,1499,-1,1500,1501,1502,-1,1503,1504,1505,-1,1506,1507,1508,-1,1509,1510,1511,-1,1512,1455,840,-1,1513,1456,1514,-1,1514,1456,1451,-1,1514,1451,1452,-1,1515,1458,1513,-1,1513,1458,1457,-1,1513,1457,1456,-1,1459,1516,1460,-1,1460,1516,1517,-1,1460,1517,1461,-1,1461,1517,1462,-1,1462,1517,1511,-1,1462,1511,1463,-1,1463,1511,1510,-1,1463,1510,835,-1,840,1442,1512,-1,1512,1442,1443,-1,1512,1443,1518,-1,1443,1444,1518,-1,1518,1444,1445,-1,1518,1445,1519,-1,1445,1446,1519,-1,1519,1446,1447,-1,1519,1447,1520,-1,1447,1448,1520,-1,1520,1448,1449,-1,1520,1449,1499,-1,1507,1509,1508,-1,1508,1509,1511,-1,1508,1511,1521,-1,1521,1511,1517,-1,1521,1517,1515,-1,1515,1517,1516,-1,1515,1516,1458,-1,1458,1516,1459,-1,1504,1506,1505,-1,1505,1506,1508,-1,1505,1508,1522,-1,1522,1508,1521,-1,1522,1521,1523,-1,1523,1521,1515,-1,1523,1515,1524,-1,1524,1515,1513,-1,1524,1513,1525,-1,1525,1513,1514,-1,1525,1514,1453,-1,1453,1514,1452,-1,1501,1503,1502,-1,1502,1503,1505,-1,1502,1505,1526,-1,1526,1505,1522,-1,1526,1522,1527,-1,1527,1522,1523,-1,1527,1523,1528,-1,1528,1523,1524,-1,1528,1524,1529,-1,1529,1524,1525,-1,1529,1525,1454,-1,1454,1525,1453,-1,1498,1500,1499,-1,1499,1500,1502,-1,1499,1502,1520,-1,1520,1502,1526,-1,1520,1526,1519,-1,1519,1526,1527,-1,1519,1527,1518,-1,1518,1527,1528,-1,1518,1528,1512,-1,1512,1528,1529,-1,1512,1529,1455,-1,1455,1529,1454,-1,18,1497,1441,-1,1441,1497,1499,-1,1441,1499,1450,-1,1450,1499,1449,-1,836,835,1471,-1,1471,835,1510,-1,1471,1510,1472,-1,1472,1510,1509,-1,1472,1509,1474,-1,1474,1509,1507,-1,1474,1507,1475,-1,1475,1507,1506,-1,1475,1506,1477,-1,1477,1506,1504,-1,1477,1504,1478,-1,1478,1504,1503,-1,1478,1503,1480,-1,1480,1503,1501,-1,1480,1501,1481,-1,1481,1501,1500,-1,1481,1500,1484,-1,1484,1500,1498,-1,1484,1498,1483,-1,1498,1497,1483,-1,1483,1497,18,-1,1483,18,20,-1,96,98,862,-1,862,98,1530,-1,862,1530,1531,-1,1531,1530,1532,-1,1532,1530,1533,-1,1532,1533,1534,-1,1534,1533,1535,-1,1535,1533,1536,-1,1535,1536,1537,-1,1537,1536,1538,-1,1538,1536,1539,-1,1538,1539,1540,-1,1540,1539,1541,-1,1541,1539,1542,-1,1541,1542,1543,-1,95,93,1542,-1,1542,93,861,-1,1542,861,1543,-1,88,90,854,-1,854,90,1544,-1,854,1544,1545,-1,1545,1544,1546,-1,1546,1544,1547,-1,1546,1547,1548,-1,1548,1547,1549,-1,1549,1547,1550,-1,1549,1550,1551,-1,1551,1550,1552,-1,1552,1550,1553,-1,1552,1553,1554,-1,1554,1553,1555,-1,1555,1553,1556,-1,1555,1556,1557,-1,99,97,1556,-1,1556,97,865,-1,1556,865,1557,-1,1538,1540,1558,-1,1558,1540,1541,-1,1558,1541,860,-1,860,1541,1543,-1,860,1543,861,-1,1558,1559,1538,-1,1538,1559,1560,-1,1538,1560,1537,-1,1537,1560,1561,-1,1561,1562,1537,-1,1537,1562,1563,-1,1537,1563,1535,-1,1535,1563,1564,-1,1535,1564,1534,-1,1534,1564,1565,-1,1534,1565,1532,-1,1532,1565,1566,-1,1532,1566,1531,-1,1531,1566,863,-1,1531,863,862,-1,87,85,1567,-1,864,863,1568,-1,1568,863,1569,-1,1568,1569,1570,-1,1570,1569,1571,-1,1570,1571,1572,-1,1572,1571,1573,-1,1572,1573,1574,-1,1574,1573,1575,-1,1574,1575,1576,-1,1576,1575,1577,-1,1576,1577,1578,-1,1578,1577,1579,-1,1578,1579,1580,-1,1580,1579,1581,-1,1580,1581,1582,-1,1582,1581,1583,-1,1582,1583,1584,-1,1584,1583,1585,-1,1584,1585,1567,-1,1567,1585,1586,-1,1567,1586,87,-1,1552,1554,1587,-1,1587,1554,1555,-1,1587,1555,864,-1,864,1555,1557,-1,864,1557,865,-1,1587,1588,1552,-1,1552,1588,1589,-1,1552,1589,1551,-1,1551,1589,1590,-1,1590,1591,1551,-1,1551,1591,1592,-1,1551,1592,1549,-1,1549,1592,1593,-1,1549,1593,1548,-1,1548,1593,1594,-1,1548,1594,1546,-1,1546,1594,1595,-1,1546,1595,1545,-1,1545,1595,855,-1,1545,855,854,-1,92,94,858,-1,858,94,1596,-1,858,1596,1597,-1,1597,1596,1598,-1,1598,1596,1599,-1,1598,1599,1600,-1,1600,1599,1601,-1,1601,1599,1602,-1,1601,1602,1603,-1,1603,1602,1604,-1,1604,1602,1605,-1,1604,1605,1606,-1,1606,1605,1607,-1,1607,1605,1608,-1,1607,1608,1609,-1,100,102,1608,-1,1608,102,853,-1,1608,853,1609,-1,1610,1611,1612,-1,1613,1614,1615,-1,87,1616,1617,-1,1618,1616,87,-1,1615,1614,87,-1,1619,87,1614,-1,1620,1559,1558,-1,1559,1620,1560,-1,1560,1620,1621,-1,1560,1621,1561,-1,1561,1621,1622,-1,1561,1622,1562,-1,1562,1622,1623,-1,1562,1623,1563,-1,1563,1623,1564,-1,1564,1623,1624,-1,1564,1624,1565,-1,1565,1624,1566,-1,1566,1624,1569,-1,1566,1569,863,-1,1586,1618,87,-1,1625,1626,1613,-1,1613,1626,1627,-1,1613,1627,1614,-1,1614,1627,1628,-1,1614,1628,1619,-1,1629,1617,1630,-1,1630,1617,1616,-1,1630,1616,1631,-1,1631,1616,1618,-1,1631,1618,1632,-1,1586,1585,1618,-1,1618,1585,1583,-1,1618,1583,1632,-1,1632,1583,1581,-1,1632,1581,1579,-1,1612,1629,1633,-1,1633,1629,1630,-1,1633,1630,1634,-1,1634,1630,1631,-1,1634,1631,1635,-1,1635,1631,1632,-1,1635,1632,1636,-1,1636,1632,1579,-1,1637,1638,1639,-1,1639,1638,1610,-1,1610,1612,1639,-1,1639,1612,1633,-1,1639,1633,1640,-1,1640,1633,1634,-1,1640,1634,1641,-1,1641,1634,1635,-1,1641,1635,1642,-1,1642,1635,1636,-1,1642,1636,1643,-1,1611,1625,1612,-1,1612,1625,1613,-1,1612,1613,1629,-1,1629,1613,1615,-1,1629,1615,1617,-1,1617,1615,87,-1,1637,1620,1644,-1,1644,1620,1558,-1,1644,1558,860,-1,1579,1577,1636,-1,1636,1577,1575,-1,1636,1575,1643,-1,1643,1575,1573,-1,1643,1573,1571,-1,1637,1639,1620,-1,1620,1639,1640,-1,1620,1640,1621,-1,1621,1640,1641,-1,1621,1641,1622,-1,1622,1641,1642,-1,1622,1642,1623,-1,1623,1642,1643,-1,1623,1643,1624,-1,1624,1643,1571,-1,1624,1571,1569,-1,1574,1576,1645,-1,1646,1647,1648,-1,85,1649,1650,-1,1651,1649,85,-1,1648,1647,85,-1,1567,85,1647,-1,1652,1588,1587,-1,1588,1652,1589,-1,1589,1652,1653,-1,1589,1653,1590,-1,1590,1653,1654,-1,1590,1654,1591,-1,1591,1654,1655,-1,1591,1655,1592,-1,1592,1655,1593,-1,1593,1655,1656,-1,1593,1656,1594,-1,1594,1656,1595,-1,1595,1656,1657,-1,1595,1657,855,-1,1658,1651,85,-1,1578,1580,1646,-1,1646,1580,1582,-1,1646,1582,1647,-1,1647,1582,1584,-1,1647,1584,1567,-1,1659,1650,1660,-1,1660,1650,1649,-1,1660,1649,1661,-1,1661,1649,1651,-1,1661,1651,1662,-1,1658,1663,1651,-1,1651,1663,1664,-1,1651,1664,1662,-1,1662,1664,1665,-1,1662,1665,1666,-1,1645,1659,1667,-1,1667,1659,1660,-1,1667,1660,1668,-1,1668,1660,1661,-1,1668,1661,1669,-1,1669,1661,1662,-1,1669,1662,1670,-1,1670,1662,1666,-1,1570,1572,1671,-1,1671,1572,1574,-1,1574,1645,1671,-1,1671,1645,1667,-1,1671,1667,1672,-1,1672,1667,1668,-1,1672,1668,1673,-1,1673,1668,1669,-1,1673,1669,1674,-1,1674,1669,1670,-1,1674,1670,1675,-1,1576,1578,1645,-1,1645,1578,1646,-1,1645,1646,1659,-1,1659,1646,1648,-1,1659,1648,1650,-1,1650,1648,85,-1,1570,1652,1568,-1,1568,1652,1587,-1,1568,1587,864,-1,1666,1676,1670,-1,1670,1676,1677,-1,1670,1677,1675,-1,1675,1677,1678,-1,1675,1678,1679,-1,1570,1671,1652,-1,1652,1671,1672,-1,1652,1672,1653,-1,1653,1672,1673,-1,1653,1673,1654,-1,1654,1673,1674,-1,1654,1674,1655,-1,1655,1674,1675,-1,1655,1675,1656,-1,1656,1675,1679,-1,1656,1679,1657,-1,103,101,850,-1,850,101,1680,-1,850,1680,1681,-1,1681,1680,1682,-1,1682,1680,1683,-1,1682,1683,1684,-1,1684,1683,1685,-1,1685,1683,1686,-1,1685,1686,1687,-1,1687,1686,1688,-1,1688,1686,1689,-1,1688,1689,1690,-1,1690,1689,1691,-1,1691,1689,1692,-1,1691,1692,1693,-1,91,89,1692,-1,1692,89,857,-1,1692,857,1693,-1,1604,1606,1694,-1,1694,1606,1607,-1,1694,1607,852,-1,852,1607,1609,-1,852,1609,853,-1,1694,1695,1604,-1,1604,1695,1696,-1,1604,1696,1603,-1,1603,1696,1697,-1,1697,1698,1603,-1,1603,1698,1699,-1,1603,1699,1601,-1,1601,1699,1700,-1,1601,1700,1600,-1,1600,1700,1701,-1,1600,1701,1598,-1,1598,1701,1702,-1,1598,1702,1597,-1,1597,1702,859,-1,1597,859,858,-1,86,87,1619,-1,860,859,1644,-1,1644,859,1703,-1,1644,1703,1637,-1,1637,1703,1704,-1,1637,1704,1638,-1,1638,1704,1705,-1,1638,1705,1610,-1,1610,1705,1706,-1,1610,1706,1611,-1,1611,1706,1707,-1,1611,1707,1625,-1,1625,1707,1708,-1,1625,1708,1626,-1,1626,1708,1709,-1,1626,1709,1627,-1,1627,1709,1710,-1,1627,1710,1628,-1,1628,1710,1711,-1,1628,1711,1619,-1,1619,1711,1712,-1,1619,1712,86,-1,85,84,1713,-1,856,855,1714,-1,1714,855,1657,-1,1714,1657,1715,-1,1715,1657,1679,-1,1715,1679,1716,-1,1716,1679,1678,-1,1716,1678,1717,-1,1717,1678,1677,-1,1717,1677,1718,-1,1718,1677,1676,-1,1718,1676,1719,-1,1719,1676,1666,-1,1719,1666,1720,-1,1720,1666,1665,-1,1720,1665,1721,-1,1721,1665,1664,-1,1721,1664,1722,-1,1722,1664,1663,-1,1722,1663,1713,-1,1713,1663,1658,-1,1713,1658,85,-1,857,856,1693,-1,1693,856,1723,-1,1693,1723,1691,-1,1691,1723,1724,-1,1691,1724,1690,-1,1690,1724,1725,-1,1690,1725,1688,-1,1725,1726,1688,-1,1688,1726,1727,-1,1688,1727,1687,-1,1687,1727,1728,-1,1687,1728,1685,-1,1685,1728,1729,-1,1685,1729,1684,-1,1684,1729,1730,-1,1684,1730,1682,-1,1682,1730,1681,-1,1681,1730,850,-1,850,1730,1731,-1,850,1731,851,-1,1732,1733,1734,-1,1735,1736,1737,-1,86,1738,1739,-1,1740,1738,86,-1,1737,1736,86,-1,1741,86,1736,-1,1742,1695,1694,-1,1695,1742,1696,-1,1696,1742,1743,-1,1696,1743,1697,-1,1697,1743,1744,-1,1697,1744,1698,-1,1698,1744,1745,-1,1698,1745,1699,-1,1699,1745,1700,-1,1700,1745,1746,-1,1700,1746,1701,-1,1701,1746,1702,-1,1702,1746,1703,-1,1702,1703,859,-1,1712,1740,86,-1,1747,1748,1735,-1,1735,1748,1749,-1,1735,1749,1736,-1,1736,1749,1750,-1,1736,1750,1741,-1,1751,1739,1752,-1,1752,1739,1738,-1,1752,1738,1753,-1,1753,1738,1740,-1,1753,1740,1754,-1,1712,1711,1740,-1,1740,1711,1710,-1,1740,1710,1754,-1,1754,1710,1709,-1,1754,1709,1708,-1,1734,1751,1755,-1,1755,1751,1752,-1,1755,1752,1756,-1,1756,1752,1753,-1,1756,1753,1757,-1,1757,1753,1754,-1,1757,1754,1758,-1,1758,1754,1708,-1,1759,1760,1761,-1,1761,1760,1732,-1,1732,1734,1761,-1,1761,1734,1755,-1,1761,1755,1762,-1,1762,1755,1756,-1,1762,1756,1763,-1,1763,1756,1757,-1,1763,1757,1764,-1,1764,1757,1758,-1,1764,1758,1765,-1,1733,1747,1734,-1,1734,1747,1735,-1,1734,1735,1751,-1,1751,1735,1737,-1,1751,1737,1739,-1,1739,1737,86,-1,1759,1742,1766,-1,1766,1742,1694,-1,1766,1694,852,-1,1708,1707,1758,-1,1758,1707,1706,-1,1758,1706,1765,-1,1765,1706,1705,-1,1765,1705,1704,-1,1759,1761,1742,-1,1742,1761,1762,-1,1742,1762,1743,-1,1743,1762,1763,-1,1743,1763,1744,-1,1744,1763,1764,-1,1744,1764,1745,-1,1745,1764,1765,-1,1745,1765,1746,-1,1746,1765,1704,-1,1746,1704,1703,-1,1715,1716,1767,-1,1717,1718,1768,-1,1769,1770,1771,-1,84,1772,1773,-1,1774,1772,84,-1,1771,1770,84,-1,1713,84,1770,-1,1723,1775,1724,-1,1724,1775,1776,-1,1727,1726,1776,-1,1776,1726,1725,-1,1776,1725,1724,-1,1776,1777,1727,-1,1727,1777,1778,-1,1727,1778,1728,-1,1728,1778,1779,-1,1728,1779,1729,-1,1729,1779,1730,-1,1730,1779,1780,-1,1730,1780,1731,-1,1731,1780,1781,-1,1731,1781,851,-1,1782,1774,84,-1,1719,1720,1769,-1,1769,1720,1721,-1,1769,1721,1770,-1,1770,1721,1722,-1,1770,1722,1713,-1,1783,1773,1784,-1,1784,1773,1772,-1,1784,1772,1785,-1,1785,1772,1774,-1,1785,1774,1786,-1,1718,1719,1768,-1,1768,1719,1769,-1,1768,1769,1787,-1,1787,1769,1771,-1,1787,1771,1788,-1,1788,1771,84,-1,1782,1789,1774,-1,1774,1789,1790,-1,1774,1790,1786,-1,1786,1790,1791,-1,1786,1791,1792,-1,1793,1783,1794,-1,1794,1783,1784,-1,1794,1784,1795,-1,1795,1784,1785,-1,1795,1785,1796,-1,1796,1785,1786,-1,1796,1786,1797,-1,1797,1786,1792,-1,1767,1793,1798,-1,1798,1793,1794,-1,1798,1794,1799,-1,1799,1794,1795,-1,1799,1795,1800,-1,1800,1795,1796,-1,1800,1796,1801,-1,1801,1796,1797,-1,1801,1797,1802,-1,1716,1717,1767,-1,1767,1717,1768,-1,1767,1768,1793,-1,1793,1768,1787,-1,1793,1787,1783,-1,1783,1787,1788,-1,1783,1788,1773,-1,1773,1788,84,-1,1723,856,1775,-1,1775,856,1714,-1,1775,1714,1715,-1,1792,1803,1797,-1,1797,1803,1804,-1,1797,1804,1802,-1,1802,1804,1805,-1,1802,1805,1806,-1,1715,1767,1775,-1,1775,1767,1798,-1,1775,1798,1776,-1,1776,1798,1799,-1,1776,1799,1777,-1,1777,1799,1800,-1,1777,1800,1778,-1,1778,1800,1801,-1,1778,1801,1779,-1,1779,1801,1802,-1,1779,1802,1780,-1,1780,1802,1806,-1,1780,1806,1781,-1,852,851,1766,-1,1766,851,1781,-1,1766,1781,1759,-1,1759,1781,1806,-1,1759,1806,1760,-1,1760,1806,1805,-1,1760,1805,1732,-1,1732,1805,1804,-1,1732,1804,1733,-1,1733,1804,1803,-1,1733,1803,1747,-1,1747,1803,1792,-1,1747,1792,1748,-1,1748,1792,1791,-1,1748,1791,1749,-1,1749,1791,1790,-1,1749,1790,1750,-1,1750,1790,1789,-1,1750,1789,1741,-1,1789,1782,1741,-1,1741,1782,84,-1,1741,84,86,-1,167,165,1807,-1,167,1807,1808,-1,1808,1807,1809,-1,1808,1809,1810,-1,1810,1809,1811,-1,1810,1811,1812,-1,1812,1811,1813,-1,1812,1813,1814,-1,1814,1813,1815,-1,1814,1815,1816,-1,1816,1815,187,-1,1816,187,104,-1,164,166,1817,-1,164,1817,1818,-1,1818,1817,1819,-1,1818,1819,1820,-1,1820,1819,1821,-1,1820,1821,1822,-1,1822,1821,1823,-1,1822,1823,1824,-1,1824,1823,1825,-1,1824,1825,1826,-1,1826,1825,142,-1,1826,142,185,-1,119,1827,1828,-1,1827,1829,1830,-1,1829,1831,1832,-1,1831,1833,1834,-1,1833,1835,1836,-1,1835,181,179,-1,1835,179,1836,-1,1836,179,177,-1,1836,177,1837,-1,1837,177,175,-1,1837,175,1838,-1,1838,175,173,-1,1838,173,1839,-1,1839,173,171,-1,1839,171,1840,-1,1840,171,169,-1,1840,169,1841,-1,1841,169,167,-1,1841,167,1808,-1,1833,1836,1834,-1,1834,1836,1837,-1,1834,1837,1842,-1,1842,1837,1838,-1,1842,1838,1843,-1,1843,1838,1839,-1,1843,1839,1844,-1,1844,1839,1840,-1,1844,1840,1845,-1,1845,1840,1841,-1,1845,1841,1846,-1,1846,1841,1808,-1,1846,1808,1810,-1,1831,1834,1832,-1,1832,1834,1842,-1,1832,1842,1847,-1,1847,1842,1843,-1,1847,1843,1848,-1,1848,1843,1844,-1,1848,1844,1849,-1,1849,1844,1845,-1,1849,1845,1850,-1,1850,1845,1846,-1,1850,1846,1851,-1,1851,1846,1810,-1,1851,1810,1812,-1,1829,1832,1830,-1,1830,1832,1847,-1,1830,1847,1852,-1,1852,1847,1848,-1,1852,1848,1853,-1,1853,1848,1849,-1,1853,1849,1854,-1,1854,1849,1850,-1,1854,1850,1855,-1,1855,1850,1851,-1,1855,1851,1856,-1,1856,1851,1812,-1,1856,1812,1814,-1,1827,1830,1828,-1,1828,1830,1852,-1,1828,1852,1857,-1,1857,1852,1853,-1,1857,1853,1858,-1,1858,1853,1854,-1,1858,1854,1859,-1,1859,1854,1855,-1,1859,1855,1860,-1,1860,1855,1856,-1,1860,1856,1861,-1,1861,1856,1814,-1,1861,1814,1816,-1,119,1828,117,-1,117,1828,1857,-1,117,1857,115,-1,115,1857,1858,-1,115,1858,113,-1,113,1858,1859,-1,113,1859,111,-1,111,1859,1860,-1,111,1860,109,-1,109,1860,1861,-1,109,1861,107,-1,107,1861,1816,-1,107,1816,104,-1,180,1862,1863,-1,1862,1864,1865,-1,1864,1866,1867,-1,1866,1868,1869,-1,1868,1870,1871,-1,1870,127,130,-1,1870,130,1871,-1,1871,130,132,-1,1871,132,1872,-1,1872,132,134,-1,1872,134,1873,-1,1873,134,136,-1,1873,136,1874,-1,1874,136,138,-1,1874,138,1875,-1,1875,138,140,-1,1875,140,1876,-1,1876,140,142,-1,1876,142,1825,-1,1868,1871,1869,-1,1869,1871,1872,-1,1869,1872,1877,-1,1877,1872,1873,-1,1877,1873,1878,-1,1878,1873,1874,-1,1878,1874,1879,-1,1879,1874,1875,-1,1879,1875,1880,-1,1880,1875,1876,-1,1880,1876,1881,-1,1881,1876,1825,-1,1881,1825,1823,-1,1866,1869,1867,-1,1867,1869,1877,-1,1867,1877,1882,-1,1882,1877,1878,-1,1882,1878,1883,-1,1883,1878,1879,-1,1883,1879,1884,-1,1884,1879,1880,-1,1884,1880,1885,-1,1885,1880,1881,-1,1885,1881,1886,-1,1886,1881,1823,-1,1886,1823,1821,-1,1864,1867,1865,-1,1865,1867,1882,-1,1865,1882,1887,-1,1887,1882,1883,-1,1887,1883,1888,-1,1888,1883,1884,-1,1888,1884,1889,-1,1889,1884,1885,-1,1889,1885,1890,-1,1890,1885,1886,-1,1890,1886,1891,-1,1891,1886,1821,-1,1891,1821,1819,-1,1862,1865,1863,-1,1863,1865,1887,-1,1863,1887,1892,-1,1892,1887,1888,-1,1892,1888,1893,-1,1893,1888,1889,-1,1893,1889,1894,-1,1894,1889,1890,-1,1894,1890,1895,-1,1895,1890,1891,-1,1895,1891,1896,-1,1896,1891,1819,-1,1896,1819,1817,-1,180,1863,178,-1,178,1863,1892,-1,178,1892,176,-1,176,1892,1893,-1,176,1893,174,-1,174,1893,1894,-1,174,1894,172,-1,172,1894,1895,-1,172,1895,170,-1,170,1895,1896,-1,170,1896,168,-1,168,1896,1817,-1,168,1817,166,-1,163,161,1897,-1,163,1897,1898,-1,1898,1897,1899,-1,1898,1899,1900,-1,1900,1899,1901,-1,1900,1901,1902,-1,1902,1901,1903,-1,1902,1903,1904,-1,1904,1903,1905,-1,1904,1905,1906,-1,1906,1905,105,-1,1906,105,186,-1,878,183,181,-1,878,181,1907,-1,1907,181,1835,-1,1907,1835,1908,-1,1908,1835,1833,-1,1908,1833,1909,-1,1909,1833,1910,-1,1910,1833,1831,-1,1910,1831,1911,-1,1911,1831,1912,-1,1912,1831,1829,-1,1912,1829,1913,-1,1913,1829,1914,-1,1914,1829,1827,-1,1914,1827,1915,-1,119,121,1827,-1,1827,121,877,-1,1827,877,1915,-1,870,129,127,-1,870,127,1916,-1,1916,127,1870,-1,1916,1870,1917,-1,1917,1870,1868,-1,1917,1868,1918,-1,1918,1868,1919,-1,1919,1868,1866,-1,1919,1866,1920,-1,1920,1866,1921,-1,1921,1866,1864,-1,1921,1864,1922,-1,1922,1864,1923,-1,1923,1864,1862,-1,1923,1862,1924,-1,180,182,1862,-1,1862,182,881,-1,1862,881,1924,-1,160,162,1925,-1,160,1925,1926,-1,1926,1925,1927,-1,1926,1927,1928,-1,1928,1927,1929,-1,1928,1929,1930,-1,1930,1929,1931,-1,1930,1931,1932,-1,1932,1931,1933,-1,1932,1933,1934,-1,1934,1933,184,-1,1934,184,143,-1,147,1935,1936,-1,1935,1937,1938,-1,1937,1939,1940,-1,1939,1941,1942,-1,1941,1943,1944,-1,1943,118,116,-1,1943,116,1944,-1,1944,116,114,-1,1944,114,1945,-1,1945,114,112,-1,1945,112,1946,-1,1946,112,110,-1,1946,110,1947,-1,1947,110,108,-1,1947,108,1948,-1,1948,108,106,-1,1948,106,1949,-1,1949,106,105,-1,1949,105,1905,-1,1941,1944,1942,-1,1942,1944,1945,-1,1942,1945,1950,-1,1950,1945,1946,-1,1950,1946,1951,-1,1951,1946,1947,-1,1951,1947,1952,-1,1952,1947,1948,-1,1952,1948,1953,-1,1953,1948,1949,-1,1953,1949,1954,-1,1954,1949,1905,-1,1954,1905,1903,-1,1939,1942,1940,-1,1940,1942,1950,-1,1940,1950,1955,-1,1955,1950,1951,-1,1955,1951,1956,-1,1956,1951,1952,-1,1956,1952,1957,-1,1957,1952,1953,-1,1957,1953,1958,-1,1958,1953,1954,-1,1958,1954,1959,-1,1959,1954,1903,-1,1959,1903,1901,-1,1937,1940,1938,-1,1938,1940,1955,-1,1938,1955,1960,-1,1960,1955,1956,-1,1960,1956,1961,-1,1961,1956,1957,-1,1961,1957,1962,-1,1962,1957,1958,-1,1962,1958,1963,-1,1963,1958,1959,-1,1963,1959,1964,-1,1964,1959,1901,-1,1964,1901,1899,-1,1935,1938,1936,-1,1936,1938,1960,-1,1936,1960,1965,-1,1965,1960,1961,-1,1965,1961,1966,-1,1966,1961,1962,-1,1966,1962,1967,-1,1967,1962,1963,-1,1967,1963,1968,-1,1968,1963,1964,-1,1968,1964,1969,-1,1969,1964,1899,-1,1969,1899,1897,-1,147,1936,149,-1,149,1936,1965,-1,149,1965,151,-1,151,1965,1966,-1,151,1966,153,-1,153,1966,1967,-1,153,1967,155,-1,155,1967,1968,-1,155,1968,157,-1,157,1968,1969,-1,157,1969,159,-1,159,1969,1897,-1,159,1897,161,-1,1915,877,876,-1,876,1970,1915,-1,1915,1970,1971,-1,1915,1971,1914,-1,1971,1972,1914,-1,1914,1972,1973,-1,1914,1973,1913,-1,1913,1973,1912,-1,1912,1973,1974,-1,1912,1974,1975,-1,1975,1976,1912,-1,1912,1976,1977,-1,1912,1977,1911,-1,1977,1978,1911,-1,1911,1978,1979,-1,1911,1979,1910,-1,1910,1979,1980,-1,1910,1980,1909,-1,1909,1980,1981,-1,1909,1981,1908,-1,1908,1981,1907,-1,1907,1981,878,-1,878,1981,1982,-1,878,1982,879,-1,125,123,1983,-1,880,879,1984,-1,1984,879,1985,-1,1984,1985,1986,-1,1986,1985,1987,-1,1986,1987,1988,-1,1988,1987,1989,-1,1988,1989,1990,-1,1990,1989,1991,-1,1990,1991,1992,-1,1992,1991,1993,-1,1992,1993,1994,-1,1994,1993,1995,-1,1994,1995,1996,-1,1996,1995,1997,-1,1996,1997,1998,-1,1998,1997,1999,-1,1998,1999,2000,-1,2000,1999,2001,-1,2000,2001,1983,-1,1983,2001,2002,-1,1983,2002,125,-1,1916,1917,2003,-1,881,880,1924,-1,1924,880,2004,-1,1924,2004,1923,-1,1923,2004,2005,-1,1923,2005,1922,-1,1922,2005,1921,-1,2005,2006,1921,-1,1921,2006,2007,-1,1921,2007,1920,-1,1920,2007,2008,-1,1920,2008,1919,-1,1919,2008,2009,-1,2009,2010,1919,-1,1919,2010,2011,-1,1919,2011,1918,-1,1918,2011,2012,-1,1918,2012,1917,-1,1917,2012,2013,-1,1917,2013,2003,-1,871,870,2014,-1,2014,870,1916,-1,2014,1916,2015,-1,2015,1916,2003,-1,126,2016,2017,-1,2016,2018,2019,-1,2018,2020,2021,-1,2020,2022,2023,-1,2022,2024,2025,-1,2024,146,148,-1,2024,148,2025,-1,2025,148,150,-1,2025,150,2026,-1,2026,150,152,-1,2026,152,2027,-1,2027,152,154,-1,2027,154,2028,-1,2028,154,156,-1,2028,156,2029,-1,2029,156,158,-1,2029,158,2030,-1,2030,158,160,-1,2030,160,1926,-1,2022,2025,2023,-1,2023,2025,2026,-1,2023,2026,2031,-1,2031,2026,2027,-1,2031,2027,2032,-1,2032,2027,2028,-1,2032,2028,2033,-1,2033,2028,2029,-1,2033,2029,2034,-1,2034,2029,2030,-1,2034,2030,2035,-1,2035,2030,1926,-1,2035,1926,1928,-1,2020,2023,2021,-1,2021,2023,2031,-1,2021,2031,2036,-1,2036,2031,2032,-1,2036,2032,2037,-1,2037,2032,2033,-1,2037,2033,2038,-1,2038,2033,2034,-1,2038,2034,2039,-1,2039,2034,2035,-1,2039,2035,2040,-1,2040,2035,1928,-1,2040,1928,1930,-1,2018,2021,2019,-1,2019,2021,2036,-1,2019,2036,2041,-1,2041,2036,2037,-1,2041,2037,2042,-1,2042,2037,2038,-1,2042,2038,2043,-1,2043,2038,2039,-1,2043,2039,2044,-1,2044,2039,2040,-1,2044,2040,2045,-1,2045,2040,1930,-1,2045,1930,1932,-1,2016,2019,2017,-1,2017,2019,2041,-1,2017,2041,2046,-1,2046,2041,2042,-1,2046,2042,2047,-1,2047,2042,2043,-1,2047,2043,2048,-1,2048,2043,2044,-1,2048,2044,2049,-1,2049,2044,2045,-1,2049,2045,2050,-1,2050,2045,1932,-1,2050,1932,1934,-1,126,2017,131,-1,131,2017,2046,-1,131,2046,133,-1,133,2046,2047,-1,133,2047,135,-1,135,2047,2048,-1,135,2048,137,-1,137,2048,2049,-1,137,2049,139,-1,139,2049,2050,-1,139,2050,141,-1,141,2050,1934,-1,141,1934,143,-1,874,120,118,-1,874,118,2051,-1,2051,118,1943,-1,2051,1943,2052,-1,2052,1943,1941,-1,2052,1941,2053,-1,2053,1941,2054,-1,2054,1941,1939,-1,2054,1939,2055,-1,2055,1939,2056,-1,2056,1939,1937,-1,2056,1937,2057,-1,2057,1937,2058,-1,2058,1937,1935,-1,2058,1935,2059,-1,147,145,1935,-1,1935,145,869,-1,1935,869,2059,-1,1987,1985,2060,-1,1991,1989,2061,-1,1995,1993,2062,-1,1999,1997,2063,-1,2064,1970,876,-1,2065,1975,2066,-1,2066,1975,1974,-1,2066,1974,1973,-1,2067,1977,2065,-1,2065,1977,1976,-1,2065,1976,1975,-1,1978,2068,1979,-1,1979,2068,2069,-1,1979,2069,1980,-1,1980,2069,1981,-1,1981,2069,2060,-1,1981,2060,1982,-1,1982,2060,1985,-1,1982,1985,879,-1,2001,2070,2002,-1,2002,2070,2071,-1,2002,2071,125,-1,2072,2073,2070,-1,2070,2073,2074,-1,2070,2074,2071,-1,2075,2076,2072,-1,2072,2076,2077,-1,2072,2077,2073,-1,1989,1987,2061,-1,2061,1987,2060,-1,2061,2060,2078,-1,2078,2060,2069,-1,2078,2069,2067,-1,2067,2069,2068,-1,2067,2068,1977,-1,1977,2068,1978,-1,2079,2080,2075,-1,2075,2080,2081,-1,2075,2081,2076,-1,876,2082,2064,-1,2064,2082,2083,-1,2064,2083,2079,-1,2079,2083,2084,-1,2079,2084,2080,-1,2001,1999,2070,-1,2070,1999,2063,-1,2070,2063,2072,-1,2072,2063,2085,-1,2072,2085,2075,-1,2075,2085,2086,-1,2075,2086,2079,-1,2079,2086,2087,-1,2079,2087,2064,-1,2064,2087,2088,-1,2064,2088,1970,-1,1970,2088,1971,-1,1997,1995,2063,-1,2063,1995,2062,-1,2063,2062,2085,-1,2085,2062,2089,-1,2085,2089,2086,-1,2086,2089,2090,-1,2086,2090,2087,-1,2087,2090,2091,-1,2087,2091,2088,-1,2088,2091,2092,-1,2088,2092,1971,-1,1971,2092,1972,-1,1993,1991,2062,-1,2062,1991,2061,-1,2062,2061,2089,-1,2089,2061,2078,-1,2089,2078,2090,-1,2090,2078,2067,-1,2090,2067,2091,-1,2091,2067,2065,-1,2091,2065,2092,-1,2092,2065,2066,-1,2092,2066,1972,-1,1972,2066,1973,-1,1986,1988,2093,-1,1990,1992,2094,-1,1994,1996,2095,-1,880,1984,2096,-1,2097,2006,2098,-1,2098,2006,2005,-1,2098,2005,2096,-1,2096,2005,2004,-1,2096,2004,880,-1,2009,2008,2097,-1,2097,2008,2007,-1,2097,2007,2006,-1,2011,2099,2100,-1,2003,2013,2100,-1,2100,2013,2012,-1,2100,2012,2011,-1,2101,2102,2103,-1,2103,2102,2104,-1,2105,2106,2104,-1,2104,2106,2107,-1,2104,2107,2103,-1,2108,2109,2105,-1,2105,2109,2110,-1,2105,2110,2106,-1,2111,2112,2113,-1,2113,2112,2114,-1,2113,2114,2108,-1,2108,2114,2115,-1,2108,2115,2109,-1,123,2111,1983,-1,1983,2111,2113,-1,1983,2113,2000,-1,2000,2113,1998,-1,1996,1998,2095,-1,2095,1998,2113,-1,2095,2113,2116,-1,2116,2113,2108,-1,2116,2108,2117,-1,2117,2108,2105,-1,2117,2105,2118,-1,2118,2105,2104,-1,2118,2104,2119,-1,2119,2104,2102,-1,1992,1994,2094,-1,2094,1994,2095,-1,2094,2095,2120,-1,2120,2095,2116,-1,2120,2116,2121,-1,2121,2116,2117,-1,2121,2117,2122,-1,2122,2117,2118,-1,2122,2118,2123,-1,2123,2118,2119,-1,1988,1990,2093,-1,2093,1990,2094,-1,2093,2094,2124,-1,2124,2094,2120,-1,2124,2120,2125,-1,2125,2120,2121,-1,2125,2121,2099,-1,2099,2121,2122,-1,2099,2122,2100,-1,2100,2122,2123,-1,2100,2123,2003,-1,2003,2123,2119,-1,2003,2119,2015,-1,2015,2119,2102,-1,2015,2102,2014,-1,2014,2102,2101,-1,2014,2101,871,-1,1984,1986,2096,-1,2096,1986,2093,-1,2096,2093,2098,-1,2098,2093,2124,-1,2098,2124,2097,-1,2097,2124,2125,-1,2097,2125,2009,-1,2009,2125,2099,-1,2009,2099,2010,-1,2010,2099,2011,-1,866,144,146,-1,866,146,2126,-1,2126,146,2024,-1,2126,2024,2127,-1,2127,2024,2022,-1,2127,2022,2128,-1,2128,2022,2129,-1,2129,2022,2020,-1,2129,2020,2130,-1,2130,2020,2131,-1,2131,2020,2018,-1,2131,2018,2132,-1,2132,2018,2133,-1,2133,2018,2016,-1,2133,2016,2134,-1,126,128,2016,-1,2016,128,873,-1,2016,873,2134,-1,869,868,2059,-1,2059,868,2135,-1,2059,2135,2058,-1,2058,2135,2136,-1,2058,2136,2057,-1,2057,2136,2056,-1,2136,2137,2056,-1,2056,2137,2138,-1,2056,2138,2055,-1,2055,2138,2139,-1,2055,2139,2054,-1,2054,2139,2140,-1,2140,2141,2054,-1,2054,2141,2142,-1,2054,2142,2053,-1,2053,2142,2143,-1,2053,2143,2052,-1,2143,2144,2052,-1,2052,2144,2145,-1,2052,2145,2051,-1,2051,2145,2146,-1,2051,2146,874,-1,874,2146,2147,-1,874,2147,875,-1,124,125,2071,-1,876,875,2082,-1,2082,875,2148,-1,2082,2148,2083,-1,2083,2148,2149,-1,2083,2149,2084,-1,2084,2149,2150,-1,2084,2150,2080,-1,2080,2150,2151,-1,2080,2151,2081,-1,2081,2151,2152,-1,2081,2152,2076,-1,2076,2152,2153,-1,2076,2153,2077,-1,2077,2153,2154,-1,2077,2154,2073,-1,2073,2154,2155,-1,2073,2155,2074,-1,2074,2155,2156,-1,2074,2156,2071,-1,2071,2156,2157,-1,2071,2157,124,-1,123,122,2158,-1,872,871,2159,-1,2159,871,2101,-1,2159,2101,2160,-1,2160,2101,2103,-1,2160,2103,2161,-1,2161,2103,2107,-1,2161,2107,2162,-1,2162,2107,2106,-1,2162,2106,2163,-1,2163,2106,2110,-1,2163,2110,2164,-1,2164,2110,2109,-1,2164,2109,2165,-1,2165,2109,2115,-1,2165,2115,2166,-1,2166,2115,2114,-1,2166,2114,2167,-1,2167,2114,2112,-1,2167,2112,2158,-1,2158,2112,2111,-1,2158,2111,123,-1,2168,2133,2169,-1,2169,2133,2134,-1,2169,2134,2170,-1,2170,2134,873,-1,2170,873,872,-1,2171,2172,2131,-1,2168,2173,2133,-1,2133,2173,2171,-1,2133,2171,2132,-1,2132,2171,2131,-1,2172,2174,2131,-1,2131,2174,2175,-1,2131,2175,2130,-1,2175,2176,2130,-1,2130,2176,2177,-1,2130,2177,2129,-1,2129,2177,2178,-1,2129,2178,2128,-1,2128,2178,2179,-1,867,866,2180,-1,2180,866,2126,-1,2180,2126,2179,-1,2179,2126,2127,-1,2179,2127,2128,-1,2136,2135,2181,-1,2181,2135,868,-1,2139,2138,2182,-1,2182,2138,2137,-1,2142,2141,2183,-1,2183,2141,2140,-1,2145,2144,2184,-1,2184,2144,2143,-1,2184,2143,2142,-1,2184,2185,2145,-1,2145,2185,2186,-1,2145,2186,2146,-1,2146,2186,2187,-1,2146,2187,2147,-1,2147,2187,2148,-1,2147,2148,875,-1,868,2188,2181,-1,2181,2188,2189,-1,2181,2189,2190,-1,2189,2191,2190,-1,2190,2191,2192,-1,2190,2192,2193,-1,2192,2194,2193,-1,2193,2194,2195,-1,2193,2195,2196,-1,2195,2197,2196,-1,2196,2197,2198,-1,2196,2198,2199,-1,124,2157,2200,-1,2200,2157,2199,-1,2200,2199,2201,-1,2201,2199,2198,-1,2136,2181,2202,-1,2202,2181,2190,-1,2202,2190,2203,-1,2203,2190,2193,-1,2203,2193,2204,-1,2204,2193,2196,-1,2204,2196,2205,-1,2205,2196,2199,-1,2205,2199,2206,-1,2157,2156,2199,-1,2199,2156,2155,-1,2199,2155,2206,-1,2206,2155,2154,-1,2206,2154,2153,-1,2153,2207,2206,-1,2206,2207,2208,-1,2206,2208,2205,-1,2205,2208,2209,-1,2205,2209,2204,-1,2204,2209,2210,-1,2204,2210,2203,-1,2203,2210,2182,-1,2203,2182,2202,-1,2202,2182,2137,-1,2202,2137,2136,-1,2139,2182,2140,-1,2140,2182,2210,-1,2140,2210,2183,-1,2183,2210,2209,-1,2183,2209,2211,-1,2211,2209,2208,-1,2211,2208,2212,-1,2212,2208,2207,-1,2212,2207,2213,-1,2153,2152,2207,-1,2207,2152,2151,-1,2207,2151,2213,-1,2213,2151,2150,-1,2213,2150,2149,-1,2142,2183,2184,-1,2184,2183,2211,-1,2184,2211,2185,-1,2185,2211,2212,-1,2185,2212,2186,-1,2186,2212,2213,-1,2186,2213,2187,-1,2187,2213,2149,-1,2187,2149,2148,-1,2214,2215,2216,-1,2217,2218,2219,-1,2220,2221,2222,-1,2223,2224,2225,-1,2226,2227,2228,-1,2229,2170,872,-1,2230,2172,2231,-1,2231,2172,2171,-1,2231,2171,2173,-1,2232,2175,2230,-1,2230,2175,2174,-1,2230,2174,2172,-1,2176,2233,2177,-1,2177,2233,2234,-1,2177,2234,2178,-1,2178,2234,2179,-1,2179,2234,2228,-1,2179,2228,2180,-1,2180,2228,2227,-1,2180,2227,867,-1,872,2159,2229,-1,2229,2159,2160,-1,2229,2160,2235,-1,2160,2161,2235,-1,2235,2161,2162,-1,2235,2162,2236,-1,2162,2163,2236,-1,2236,2163,2164,-1,2236,2164,2237,-1,2164,2165,2237,-1,2237,2165,2166,-1,2237,2166,2216,-1,2224,2226,2225,-1,2225,2226,2228,-1,2225,2228,2238,-1,2238,2228,2234,-1,2238,2234,2232,-1,2232,2234,2233,-1,2232,2233,2175,-1,2175,2233,2176,-1,2221,2223,2222,-1,2222,2223,2225,-1,2222,2225,2239,-1,2239,2225,2238,-1,2239,2238,2240,-1,2240,2238,2232,-1,2240,2232,2241,-1,2241,2232,2230,-1,2241,2230,2242,-1,2242,2230,2231,-1,2242,2231,2168,-1,2168,2231,2173,-1,2218,2220,2219,-1,2219,2220,2222,-1,2219,2222,2243,-1,2243,2222,2239,-1,2243,2239,2244,-1,2244,2239,2240,-1,2244,2240,2245,-1,2245,2240,2241,-1,2245,2241,2246,-1,2246,2241,2242,-1,2246,2242,2169,-1,2169,2242,2168,-1,2215,2217,2216,-1,2216,2217,2219,-1,2216,2219,2237,-1,2237,2219,2243,-1,2237,2243,2236,-1,2236,2243,2244,-1,2236,2244,2235,-1,2235,2244,2245,-1,2235,2245,2229,-1,2229,2245,2246,-1,2229,2246,2170,-1,2170,2246,2169,-1,122,2214,2158,-1,2158,2214,2216,-1,2158,2216,2167,-1,2167,2216,2166,-1,868,867,2188,-1,2188,867,2227,-1,2188,2227,2189,-1,2189,2227,2226,-1,2189,2226,2191,-1,2191,2226,2224,-1,2191,2224,2192,-1,2192,2224,2223,-1,2192,2223,2194,-1,2194,2223,2221,-1,2194,2221,2195,-1,2195,2221,2220,-1,2195,2220,2197,-1,2197,2220,2218,-1,2197,2218,2198,-1,2198,2218,2217,-1,2198,2217,2201,-1,2201,2217,2215,-1,2201,2215,2200,-1,2215,2214,2200,-1,2200,2214,122,-1,2200,122,124,-1,200,202,894,-1,894,202,2247,-1,894,2247,2248,-1,2248,2247,2249,-1,2249,2247,2250,-1,2249,2250,2251,-1,2251,2250,2252,-1,2252,2250,2253,-1,2252,2253,2254,-1,2254,2253,2255,-1,2255,2253,2256,-1,2255,2256,2257,-1,2257,2256,2258,-1,2258,2256,2259,-1,2258,2259,2260,-1,199,197,2259,-1,2259,197,893,-1,2259,893,2260,-1,192,194,886,-1,886,194,2261,-1,886,2261,2262,-1,2262,2261,2263,-1,2263,2261,2264,-1,2263,2264,2265,-1,2265,2264,2266,-1,2266,2264,2267,-1,2266,2267,2268,-1,2268,2267,2269,-1,2269,2267,2270,-1,2269,2270,2271,-1,2271,2270,2272,-1,2272,2270,2273,-1,2272,2273,2274,-1,203,201,2273,-1,2273,201,897,-1,2273,897,2274,-1,2255,2257,2275,-1,2275,2257,2258,-1,2275,2258,892,-1,892,2258,2260,-1,892,2260,893,-1,2275,2276,2255,-1,2255,2276,2277,-1,2255,2277,2254,-1,2254,2277,2278,-1,2278,2279,2254,-1,2254,2279,2280,-1,2254,2280,2252,-1,2252,2280,2281,-1,2252,2281,2251,-1,2251,2281,2282,-1,2251,2282,2249,-1,2249,2282,2283,-1,2249,2283,2248,-1,2248,2283,895,-1,2248,895,894,-1,191,189,2284,-1,896,895,2285,-1,2285,895,2286,-1,2285,2286,2287,-1,2287,2286,2288,-1,2287,2288,2289,-1,2289,2288,2290,-1,2289,2290,2291,-1,2291,2290,2292,-1,2291,2292,2293,-1,2293,2292,2294,-1,2293,2294,2295,-1,2295,2294,2296,-1,2295,2296,2297,-1,2297,2296,2298,-1,2297,2298,2299,-1,2299,2298,2300,-1,2299,2300,2301,-1,2301,2300,2302,-1,2301,2302,2284,-1,2284,2302,2303,-1,2284,2303,191,-1,2269,2271,2304,-1,2304,2271,2272,-1,2304,2272,896,-1,896,2272,2274,-1,896,2274,897,-1,2304,2305,2269,-1,2269,2305,2306,-1,2269,2306,2268,-1,2268,2306,2307,-1,2307,2308,2268,-1,2268,2308,2309,-1,2268,2309,2266,-1,2266,2309,2310,-1,2266,2310,2265,-1,2265,2310,2311,-1,2265,2311,2263,-1,2263,2311,2312,-1,2263,2312,2262,-1,2262,2312,887,-1,2262,887,886,-1,196,198,890,-1,890,198,2313,-1,890,2313,2314,-1,2314,2313,2315,-1,2315,2313,2316,-1,2315,2316,2317,-1,2317,2316,2318,-1,2318,2316,2319,-1,2318,2319,2320,-1,2320,2319,2321,-1,2321,2319,2322,-1,2321,2322,2323,-1,2323,2322,2324,-1,2324,2322,2325,-1,2324,2325,2326,-1,204,206,2325,-1,2325,206,885,-1,2325,885,2326,-1,2327,2328,2329,-1,2330,2331,2332,-1,191,2333,2334,-1,2335,2333,191,-1,2332,2331,191,-1,2336,191,2331,-1,2337,2276,2275,-1,2276,2337,2277,-1,2277,2337,2338,-1,2277,2338,2278,-1,2278,2338,2339,-1,2278,2339,2279,-1,2279,2339,2340,-1,2279,2340,2280,-1,2280,2340,2281,-1,2281,2340,2341,-1,2281,2341,2282,-1,2282,2341,2283,-1,2283,2341,2286,-1,2283,2286,895,-1,2303,2335,191,-1,2342,2343,2330,-1,2330,2343,2344,-1,2330,2344,2331,-1,2331,2344,2345,-1,2331,2345,2336,-1,2346,2334,2347,-1,2347,2334,2333,-1,2347,2333,2348,-1,2348,2333,2335,-1,2348,2335,2349,-1,2303,2302,2335,-1,2335,2302,2300,-1,2335,2300,2349,-1,2349,2300,2298,-1,2349,2298,2296,-1,2329,2346,2350,-1,2350,2346,2347,-1,2350,2347,2351,-1,2351,2347,2348,-1,2351,2348,2352,-1,2352,2348,2349,-1,2352,2349,2353,-1,2353,2349,2296,-1,2354,2355,2356,-1,2356,2355,2327,-1,2327,2329,2356,-1,2356,2329,2350,-1,2356,2350,2357,-1,2357,2350,2351,-1,2357,2351,2358,-1,2358,2351,2352,-1,2358,2352,2359,-1,2359,2352,2353,-1,2359,2353,2360,-1,2328,2342,2329,-1,2329,2342,2330,-1,2329,2330,2346,-1,2346,2330,2332,-1,2346,2332,2334,-1,2334,2332,191,-1,2354,2337,2361,-1,2361,2337,2275,-1,2361,2275,892,-1,2296,2294,2353,-1,2353,2294,2292,-1,2353,2292,2360,-1,2360,2292,2290,-1,2360,2290,2288,-1,2354,2356,2337,-1,2337,2356,2357,-1,2337,2357,2338,-1,2338,2357,2358,-1,2338,2358,2339,-1,2339,2358,2359,-1,2339,2359,2340,-1,2340,2359,2360,-1,2340,2360,2341,-1,2341,2360,2288,-1,2341,2288,2286,-1,2291,2293,2362,-1,2363,2364,2365,-1,189,2366,2367,-1,2368,2366,189,-1,2365,2364,189,-1,2284,189,2364,-1,2369,2305,2304,-1,2305,2369,2306,-1,2306,2369,2370,-1,2306,2370,2307,-1,2307,2370,2371,-1,2307,2371,2308,-1,2308,2371,2372,-1,2308,2372,2309,-1,2309,2372,2310,-1,2310,2372,2373,-1,2310,2373,2311,-1,2311,2373,2312,-1,2312,2373,2374,-1,2312,2374,887,-1,2375,2368,189,-1,2295,2297,2363,-1,2363,2297,2299,-1,2363,2299,2364,-1,2364,2299,2301,-1,2364,2301,2284,-1,2376,2367,2377,-1,2377,2367,2366,-1,2377,2366,2378,-1,2378,2366,2368,-1,2378,2368,2379,-1,2375,2380,2368,-1,2368,2380,2381,-1,2368,2381,2379,-1,2379,2381,2382,-1,2379,2382,2383,-1,2362,2376,2384,-1,2384,2376,2377,-1,2384,2377,2385,-1,2385,2377,2378,-1,2385,2378,2386,-1,2386,2378,2379,-1,2386,2379,2387,-1,2387,2379,2383,-1,2287,2289,2388,-1,2388,2289,2291,-1,2291,2362,2388,-1,2388,2362,2384,-1,2388,2384,2389,-1,2389,2384,2385,-1,2389,2385,2390,-1,2390,2385,2386,-1,2390,2386,2391,-1,2391,2386,2387,-1,2391,2387,2392,-1,2293,2295,2362,-1,2362,2295,2363,-1,2362,2363,2376,-1,2376,2363,2365,-1,2376,2365,2367,-1,2367,2365,189,-1,2287,2369,2285,-1,2285,2369,2304,-1,2285,2304,896,-1,2383,2393,2387,-1,2387,2393,2394,-1,2387,2394,2392,-1,2392,2394,2395,-1,2392,2395,2396,-1,2287,2388,2369,-1,2369,2388,2389,-1,2369,2389,2370,-1,2370,2389,2390,-1,2370,2390,2371,-1,2371,2390,2391,-1,2371,2391,2372,-1,2372,2391,2392,-1,2372,2392,2373,-1,2373,2392,2396,-1,2373,2396,2374,-1,207,205,882,-1,882,205,2397,-1,882,2397,2398,-1,2398,2397,2399,-1,2399,2397,2400,-1,2399,2400,2401,-1,2401,2400,2402,-1,2402,2400,2403,-1,2402,2403,2404,-1,2404,2403,2405,-1,2405,2403,2406,-1,2405,2406,2407,-1,2407,2406,2408,-1,2408,2406,2409,-1,2408,2409,2410,-1,195,193,2409,-1,2409,193,889,-1,2409,889,2410,-1,2321,2323,2411,-1,2411,2323,2324,-1,2411,2324,884,-1,884,2324,2326,-1,884,2326,885,-1,2411,2412,2321,-1,2321,2412,2413,-1,2321,2413,2320,-1,2320,2413,2414,-1,2414,2415,2320,-1,2320,2415,2416,-1,2320,2416,2318,-1,2318,2416,2417,-1,2318,2417,2317,-1,2317,2417,2418,-1,2317,2418,2315,-1,2315,2418,2419,-1,2315,2419,2314,-1,2314,2419,891,-1,2314,891,890,-1,190,191,2336,-1,892,891,2361,-1,2361,891,2420,-1,2361,2420,2354,-1,2354,2420,2421,-1,2354,2421,2355,-1,2355,2421,2422,-1,2355,2422,2327,-1,2327,2422,2423,-1,2327,2423,2328,-1,2328,2423,2424,-1,2328,2424,2342,-1,2342,2424,2425,-1,2342,2425,2343,-1,2343,2425,2426,-1,2343,2426,2344,-1,2344,2426,2427,-1,2344,2427,2345,-1,2345,2427,2428,-1,2345,2428,2336,-1,2336,2428,2429,-1,2336,2429,190,-1,189,188,2430,-1,888,887,2431,-1,2431,887,2374,-1,2431,2374,2432,-1,2432,2374,2396,-1,2432,2396,2433,-1,2433,2396,2395,-1,2433,2395,2434,-1,2434,2395,2394,-1,2434,2394,2435,-1,2435,2394,2393,-1,2435,2393,2436,-1,2436,2393,2383,-1,2436,2383,2437,-1,2437,2383,2382,-1,2437,2382,2438,-1,2438,2382,2381,-1,2438,2381,2439,-1,2439,2381,2380,-1,2439,2380,2430,-1,2430,2380,2375,-1,2430,2375,189,-1,2405,2407,2440,-1,2440,2407,2408,-1,2440,2408,888,-1,888,2408,2410,-1,888,2410,889,-1,2440,2441,2405,-1,2405,2441,2442,-1,2405,2442,2404,-1,2404,2442,2443,-1,2443,2444,2404,-1,2404,2444,2445,-1,2404,2445,2402,-1,2402,2445,2446,-1,2402,2446,2401,-1,2401,2446,2447,-1,2401,2447,2399,-1,2399,2447,2448,-1,2399,2448,2398,-1,2398,2448,883,-1,2398,883,882,-1,2449,2450,2451,-1,2452,2453,2454,-1,190,2455,2456,-1,2457,2455,190,-1,2454,2453,190,-1,2458,190,2453,-1,2459,2412,2411,-1,2412,2459,2413,-1,2413,2459,2460,-1,2413,2460,2414,-1,2414,2460,2461,-1,2414,2461,2415,-1,2415,2461,2462,-1,2415,2462,2416,-1,2416,2462,2417,-1,2417,2462,2463,-1,2417,2463,2418,-1,2418,2463,2419,-1,2419,2463,2420,-1,2419,2420,891,-1,2429,2457,190,-1,2464,2465,2452,-1,2452,2465,2466,-1,2452,2466,2453,-1,2453,2466,2467,-1,2453,2467,2458,-1,2468,2456,2469,-1,2469,2456,2455,-1,2469,2455,2470,-1,2470,2455,2457,-1,2470,2457,2471,-1,2429,2428,2457,-1,2457,2428,2427,-1,2457,2427,2471,-1,2471,2427,2426,-1,2471,2426,2425,-1,2451,2468,2472,-1,2472,2468,2469,-1,2472,2469,2473,-1,2473,2469,2470,-1,2473,2470,2474,-1,2474,2470,2471,-1,2474,2471,2475,-1,2475,2471,2425,-1,2476,2477,2478,-1,2478,2477,2449,-1,2449,2451,2478,-1,2478,2451,2472,-1,2478,2472,2479,-1,2479,2472,2473,-1,2479,2473,2480,-1,2480,2473,2474,-1,2480,2474,2481,-1,2481,2474,2475,-1,2481,2475,2482,-1,2450,2464,2451,-1,2451,2464,2452,-1,2451,2452,2468,-1,2468,2452,2454,-1,2468,2454,2456,-1,2456,2454,190,-1,2476,2459,2483,-1,2483,2459,2411,-1,2483,2411,884,-1,2425,2424,2475,-1,2475,2424,2423,-1,2475,2423,2482,-1,2482,2423,2422,-1,2482,2422,2421,-1,2476,2478,2459,-1,2459,2478,2479,-1,2459,2479,2460,-1,2460,2479,2480,-1,2460,2480,2461,-1,2461,2480,2481,-1,2461,2481,2462,-1,2462,2481,2482,-1,2462,2482,2463,-1,2463,2482,2421,-1,2463,2421,2420,-1,2434,2435,2484,-1,2485,2486,2487,-1,188,2488,2489,-1,2490,2488,188,-1,2487,2486,188,-1,2430,188,2486,-1,2491,2441,2440,-1,2441,2491,2442,-1,2442,2491,2492,-1,2442,2492,2443,-1,2443,2492,2493,-1,2443,2493,2444,-1,2444,2493,2494,-1,2444,2494,2445,-1,2445,2494,2446,-1,2446,2494,2495,-1,2446,2495,2447,-1,2447,2495,2448,-1,2448,2495,2496,-1,2448,2496,883,-1,2497,2490,188,-1,2436,2437,2485,-1,2485,2437,2438,-1,2485,2438,2486,-1,2486,2438,2439,-1,2486,2439,2430,-1,2498,2489,2499,-1,2499,2489,2488,-1,2499,2488,2500,-1,2500,2488,2490,-1,2500,2490,2501,-1,2497,2502,2490,-1,2490,2502,2503,-1,2490,2503,2501,-1,2501,2503,2504,-1,2501,2504,2505,-1,2484,2498,2506,-1,2506,2498,2499,-1,2506,2499,2507,-1,2507,2499,2500,-1,2507,2500,2508,-1,2508,2500,2501,-1,2508,2501,2509,-1,2509,2501,2505,-1,2432,2433,2510,-1,2510,2433,2434,-1,2434,2484,2510,-1,2510,2484,2506,-1,2510,2506,2511,-1,2511,2506,2507,-1,2511,2507,2512,-1,2512,2507,2508,-1,2512,2508,2513,-1,2513,2508,2509,-1,2513,2509,2514,-1,2435,2436,2484,-1,2484,2436,2485,-1,2484,2485,2498,-1,2498,2485,2487,-1,2498,2487,2489,-1,2489,2487,188,-1,2432,2491,2431,-1,2431,2491,2440,-1,2431,2440,888,-1,2505,2515,2509,-1,2509,2515,2516,-1,2509,2516,2514,-1,2514,2516,2517,-1,2514,2517,2518,-1,2432,2510,2491,-1,2491,2510,2511,-1,2491,2511,2492,-1,2492,2511,2512,-1,2492,2512,2493,-1,2493,2512,2513,-1,2493,2513,2494,-1,2494,2513,2514,-1,2494,2514,2495,-1,2495,2514,2518,-1,2495,2518,2496,-1,884,883,2483,-1,2483,883,2496,-1,2483,2496,2476,-1,2476,2496,2518,-1,2476,2518,2477,-1,2477,2518,2517,-1,2477,2517,2449,-1,2449,2517,2516,-1,2449,2516,2450,-1,2450,2516,2515,-1,2450,2515,2464,-1,2464,2515,2505,-1,2464,2505,2465,-1,2465,2505,2504,-1,2465,2504,2466,-1,2466,2504,2503,-1,2466,2503,2467,-1,2467,2503,2502,-1,2467,2502,2458,-1,2502,2497,2458,-1,2458,2497,188,-1,2458,188,190,-1,271,269,2519,-1,271,2519,2520,-1,2520,2519,2521,-1,2520,2521,2522,-1,2522,2521,2523,-1,2522,2523,2524,-1,2524,2523,2525,-1,2524,2525,2526,-1,2526,2525,2527,-1,2526,2527,2528,-1,2528,2527,291,-1,2528,291,208,-1,268,270,2529,-1,268,2529,2530,-1,2530,2529,2531,-1,2530,2531,2532,-1,2532,2531,2533,-1,2532,2533,2534,-1,2534,2533,2535,-1,2534,2535,2536,-1,2536,2535,2537,-1,2536,2537,2538,-1,2538,2537,246,-1,2538,246,289,-1,223,2539,2540,-1,2539,2541,2542,-1,2541,2543,2544,-1,2543,2545,2546,-1,2545,2547,2548,-1,2547,285,283,-1,2547,283,2548,-1,2548,283,281,-1,2548,281,2549,-1,2549,281,279,-1,2549,279,2550,-1,2550,279,277,-1,2550,277,2551,-1,2551,277,275,-1,2551,275,2552,-1,2552,275,273,-1,2552,273,2553,-1,2553,273,271,-1,2553,271,2520,-1,2545,2548,2546,-1,2546,2548,2549,-1,2546,2549,2554,-1,2554,2549,2550,-1,2554,2550,2555,-1,2555,2550,2551,-1,2555,2551,2556,-1,2556,2551,2552,-1,2556,2552,2557,-1,2557,2552,2553,-1,2557,2553,2558,-1,2558,2553,2520,-1,2558,2520,2522,-1,2543,2546,2544,-1,2544,2546,2554,-1,2544,2554,2559,-1,2559,2554,2555,-1,2559,2555,2560,-1,2560,2555,2556,-1,2560,2556,2561,-1,2561,2556,2557,-1,2561,2557,2562,-1,2562,2557,2558,-1,2562,2558,2563,-1,2563,2558,2522,-1,2563,2522,2524,-1,2541,2544,2542,-1,2542,2544,2559,-1,2542,2559,2564,-1,2564,2559,2560,-1,2564,2560,2565,-1,2565,2560,2561,-1,2565,2561,2566,-1,2566,2561,2562,-1,2566,2562,2567,-1,2567,2562,2563,-1,2567,2563,2568,-1,2568,2563,2524,-1,2568,2524,2526,-1,2539,2542,2540,-1,2540,2542,2564,-1,2540,2564,2569,-1,2569,2564,2565,-1,2569,2565,2570,-1,2570,2565,2566,-1,2570,2566,2571,-1,2571,2566,2567,-1,2571,2567,2572,-1,2572,2567,2568,-1,2572,2568,2573,-1,2573,2568,2526,-1,2573,2526,2528,-1,223,2540,221,-1,221,2540,2569,-1,221,2569,219,-1,219,2569,2570,-1,219,2570,217,-1,217,2570,2571,-1,217,2571,215,-1,215,2571,2572,-1,215,2572,213,-1,213,2572,2573,-1,213,2573,211,-1,211,2573,2528,-1,211,2528,208,-1,284,2574,2575,-1,2574,2576,2577,-1,2576,2578,2579,-1,2578,2580,2581,-1,2580,2582,2583,-1,2582,231,234,-1,2582,234,2583,-1,2583,234,236,-1,2583,236,2584,-1,2584,236,238,-1,2584,238,2585,-1,2585,238,240,-1,2585,240,2586,-1,2586,240,242,-1,2586,242,2587,-1,2587,242,244,-1,2587,244,2588,-1,2588,244,246,-1,2588,246,2537,-1,2580,2583,2581,-1,2581,2583,2584,-1,2581,2584,2589,-1,2589,2584,2585,-1,2589,2585,2590,-1,2590,2585,2586,-1,2590,2586,2591,-1,2591,2586,2587,-1,2591,2587,2592,-1,2592,2587,2588,-1,2592,2588,2593,-1,2593,2588,2537,-1,2593,2537,2535,-1,2578,2581,2579,-1,2579,2581,2589,-1,2579,2589,2594,-1,2594,2589,2590,-1,2594,2590,2595,-1,2595,2590,2591,-1,2595,2591,2596,-1,2596,2591,2592,-1,2596,2592,2597,-1,2597,2592,2593,-1,2597,2593,2598,-1,2598,2593,2535,-1,2598,2535,2533,-1,2576,2579,2577,-1,2577,2579,2594,-1,2577,2594,2599,-1,2599,2594,2595,-1,2599,2595,2600,-1,2600,2595,2596,-1,2600,2596,2601,-1,2601,2596,2597,-1,2601,2597,2602,-1,2602,2597,2598,-1,2602,2598,2603,-1,2603,2598,2533,-1,2603,2533,2531,-1,2574,2577,2575,-1,2575,2577,2599,-1,2575,2599,2604,-1,2604,2599,2600,-1,2604,2600,2605,-1,2605,2600,2601,-1,2605,2601,2606,-1,2606,2601,2602,-1,2606,2602,2607,-1,2607,2602,2603,-1,2607,2603,2608,-1,2608,2603,2531,-1,2608,2531,2529,-1,284,2575,282,-1,282,2575,2604,-1,282,2604,280,-1,280,2604,2605,-1,280,2605,278,-1,278,2605,2606,-1,278,2606,276,-1,276,2606,2607,-1,276,2607,274,-1,274,2607,2608,-1,274,2608,272,-1,272,2608,2529,-1,272,2529,270,-1,267,265,2609,-1,267,2609,2610,-1,2610,2609,2611,-1,2610,2611,2612,-1,2612,2611,2613,-1,2612,2613,2614,-1,2614,2613,2615,-1,2614,2615,2616,-1,2616,2615,2617,-1,2616,2617,2618,-1,2618,2617,209,-1,2618,209,290,-1,910,287,285,-1,910,285,2619,-1,2619,285,2547,-1,2619,2547,2620,-1,2620,2547,2545,-1,2620,2545,2621,-1,2621,2545,2622,-1,2622,2545,2543,-1,2622,2543,2623,-1,2623,2543,2624,-1,2624,2543,2541,-1,2624,2541,2625,-1,2625,2541,2626,-1,2626,2541,2539,-1,2626,2539,2627,-1,223,225,2539,-1,2539,225,909,-1,2539,909,2627,-1,902,233,231,-1,902,231,2628,-1,2628,231,2582,-1,2628,2582,2629,-1,2629,2582,2580,-1,2629,2580,2630,-1,2630,2580,2631,-1,2631,2580,2578,-1,2631,2578,2632,-1,2632,2578,2633,-1,2633,2578,2576,-1,2633,2576,2634,-1,2634,2576,2635,-1,2635,2576,2574,-1,2635,2574,2636,-1,284,286,2574,-1,2574,286,913,-1,2574,913,2636,-1,264,266,2637,-1,264,2637,2638,-1,2638,2637,2639,-1,2638,2639,2640,-1,2640,2639,2641,-1,2640,2641,2642,-1,2642,2641,2643,-1,2642,2643,2644,-1,2644,2643,2645,-1,2644,2645,2646,-1,2646,2645,288,-1,2646,288,247,-1,251,2647,2648,-1,2647,2649,2650,-1,2649,2651,2652,-1,2651,2653,2654,-1,2653,2655,2656,-1,2655,222,220,-1,2655,220,2656,-1,2656,220,218,-1,2656,218,2657,-1,2657,218,216,-1,2657,216,2658,-1,2658,216,214,-1,2658,214,2659,-1,2659,214,212,-1,2659,212,2660,-1,2660,212,210,-1,2660,210,2661,-1,2661,210,209,-1,2661,209,2617,-1,2653,2656,2654,-1,2654,2656,2657,-1,2654,2657,2662,-1,2662,2657,2658,-1,2662,2658,2663,-1,2663,2658,2659,-1,2663,2659,2664,-1,2664,2659,2660,-1,2664,2660,2665,-1,2665,2660,2661,-1,2665,2661,2666,-1,2666,2661,2617,-1,2666,2617,2615,-1,2651,2654,2652,-1,2652,2654,2662,-1,2652,2662,2667,-1,2667,2662,2663,-1,2667,2663,2668,-1,2668,2663,2664,-1,2668,2664,2669,-1,2669,2664,2665,-1,2669,2665,2670,-1,2670,2665,2666,-1,2670,2666,2671,-1,2671,2666,2615,-1,2671,2615,2613,-1,2649,2652,2650,-1,2650,2652,2667,-1,2650,2667,2672,-1,2672,2667,2668,-1,2672,2668,2673,-1,2673,2668,2669,-1,2673,2669,2674,-1,2674,2669,2670,-1,2674,2670,2675,-1,2675,2670,2671,-1,2675,2671,2676,-1,2676,2671,2613,-1,2676,2613,2611,-1,2647,2650,2648,-1,2648,2650,2672,-1,2648,2672,2677,-1,2677,2672,2673,-1,2677,2673,2678,-1,2678,2673,2674,-1,2678,2674,2679,-1,2679,2674,2675,-1,2679,2675,2680,-1,2680,2675,2676,-1,2680,2676,2681,-1,2681,2676,2611,-1,2681,2611,2609,-1,251,2648,253,-1,253,2648,2677,-1,253,2677,255,-1,255,2677,2678,-1,255,2678,257,-1,257,2678,2679,-1,257,2679,259,-1,259,2679,2680,-1,259,2680,261,-1,261,2680,2681,-1,261,2681,263,-1,263,2681,2609,-1,263,2609,265,-1,909,908,2682,-1,909,2682,2627,-1,2627,2682,2683,-1,2627,2683,2626,-1,2683,2684,2626,-1,2626,2684,2685,-1,2626,2685,2625,-1,2625,2685,2624,-1,2624,2685,2686,-1,2624,2686,2687,-1,2687,2688,2624,-1,2624,2688,2689,-1,2624,2689,2623,-1,2689,2690,2623,-1,2623,2690,2691,-1,2623,2691,2622,-1,2622,2691,2692,-1,2622,2692,2621,-1,2621,2692,2693,-1,911,910,2694,-1,2694,910,2619,-1,2694,2619,2693,-1,2693,2619,2620,-1,2693,2620,2621,-1,229,227,2695,-1,912,911,2696,-1,2696,911,2697,-1,2696,2697,2698,-1,2698,2697,2699,-1,2698,2699,2700,-1,2700,2699,2701,-1,2700,2701,2702,-1,2702,2701,2703,-1,2702,2703,2704,-1,2704,2703,2705,-1,2704,2705,2706,-1,2706,2705,2707,-1,2706,2707,2708,-1,2708,2707,2709,-1,2708,2709,2710,-1,2710,2709,2711,-1,2710,2711,2712,-1,2712,2711,2713,-1,2712,2713,2695,-1,2695,2713,2714,-1,2695,2714,229,-1,913,912,2636,-1,2636,912,2715,-1,2636,2715,2635,-1,2635,2715,2716,-1,2635,2716,2634,-1,2634,2716,2633,-1,2716,2717,2633,-1,2633,2717,2718,-1,2633,2718,2632,-1,2632,2718,2719,-1,2632,2719,2631,-1,2631,2719,2720,-1,2720,2721,2631,-1,2631,2721,2722,-1,2631,2722,2630,-1,2630,2722,2723,-1,2630,2723,2629,-1,2723,2724,2629,-1,2629,2724,2725,-1,2629,2725,2628,-1,903,902,2726,-1,2726,902,2628,-1,2726,2628,2727,-1,2727,2628,2725,-1,230,2728,2729,-1,2728,2730,2731,-1,2730,2732,2733,-1,2732,2734,2735,-1,2734,2736,2737,-1,2736,250,252,-1,2736,252,2737,-1,2737,252,254,-1,2737,254,2738,-1,2738,254,256,-1,2738,256,2739,-1,2739,256,258,-1,2739,258,2740,-1,2740,258,260,-1,2740,260,2741,-1,2741,260,262,-1,2741,262,2742,-1,2742,262,264,-1,2742,264,2638,-1,2734,2737,2735,-1,2735,2737,2738,-1,2735,2738,2743,-1,2743,2738,2739,-1,2743,2739,2744,-1,2744,2739,2740,-1,2744,2740,2745,-1,2745,2740,2741,-1,2745,2741,2746,-1,2746,2741,2742,-1,2746,2742,2747,-1,2747,2742,2638,-1,2747,2638,2640,-1,2732,2735,2733,-1,2733,2735,2743,-1,2733,2743,2748,-1,2748,2743,2744,-1,2748,2744,2749,-1,2749,2744,2745,-1,2749,2745,2750,-1,2750,2745,2746,-1,2750,2746,2751,-1,2751,2746,2747,-1,2751,2747,2752,-1,2752,2747,2640,-1,2752,2640,2642,-1,2730,2733,2731,-1,2731,2733,2748,-1,2731,2748,2753,-1,2753,2748,2749,-1,2753,2749,2754,-1,2754,2749,2750,-1,2754,2750,2755,-1,2755,2750,2751,-1,2755,2751,2756,-1,2756,2751,2752,-1,2756,2752,2757,-1,2757,2752,2642,-1,2757,2642,2644,-1,2728,2731,2729,-1,2729,2731,2753,-1,2729,2753,2758,-1,2758,2753,2754,-1,2758,2754,2759,-1,2759,2754,2755,-1,2759,2755,2760,-1,2760,2755,2756,-1,2760,2756,2761,-1,2761,2756,2757,-1,2761,2757,2762,-1,2762,2757,2644,-1,2762,2644,2646,-1,230,2729,235,-1,235,2729,2758,-1,235,2758,237,-1,237,2758,2759,-1,237,2759,239,-1,239,2759,2760,-1,239,2760,241,-1,241,2760,2761,-1,241,2761,243,-1,243,2761,2762,-1,243,2762,245,-1,245,2762,2646,-1,245,2646,247,-1,906,224,222,-1,906,222,2763,-1,2763,222,2655,-1,2763,2655,2764,-1,2764,2655,2653,-1,2764,2653,2765,-1,2765,2653,2766,-1,2766,2653,2651,-1,2766,2651,2767,-1,2767,2651,2768,-1,2768,2651,2649,-1,2768,2649,2769,-1,2769,2649,2770,-1,2770,2649,2647,-1,2770,2647,2771,-1,251,249,2647,-1,2647,249,901,-1,2647,901,2771,-1,2699,2697,2772,-1,2703,2701,2773,-1,2707,2705,2774,-1,2711,2709,2775,-1,2776,2682,908,-1,2777,2687,2778,-1,2778,2687,2686,-1,2778,2686,2685,-1,2779,2689,2777,-1,2777,2689,2688,-1,2777,2688,2687,-1,2690,2780,2691,-1,2691,2780,2781,-1,2691,2781,2692,-1,2692,2781,2693,-1,2693,2781,2772,-1,2693,2772,2694,-1,2694,2772,2697,-1,2694,2697,911,-1,2713,2782,2714,-1,2714,2782,2783,-1,2714,2783,229,-1,2784,2785,2782,-1,2782,2785,2786,-1,2782,2786,2783,-1,2787,2788,2784,-1,2784,2788,2789,-1,2784,2789,2785,-1,2701,2699,2773,-1,2773,2699,2772,-1,2773,2772,2790,-1,2790,2772,2781,-1,2790,2781,2779,-1,2779,2781,2780,-1,2779,2780,2689,-1,2689,2780,2690,-1,2791,2792,2787,-1,2787,2792,2793,-1,2787,2793,2788,-1,908,2794,2776,-1,2776,2794,2795,-1,2776,2795,2791,-1,2791,2795,2796,-1,2791,2796,2792,-1,2713,2711,2782,-1,2782,2711,2775,-1,2782,2775,2784,-1,2784,2775,2797,-1,2784,2797,2787,-1,2787,2797,2798,-1,2787,2798,2791,-1,2791,2798,2799,-1,2791,2799,2776,-1,2776,2799,2800,-1,2776,2800,2682,-1,2682,2800,2683,-1,2709,2707,2775,-1,2775,2707,2774,-1,2775,2774,2797,-1,2797,2774,2801,-1,2797,2801,2798,-1,2798,2801,2802,-1,2798,2802,2799,-1,2799,2802,2803,-1,2799,2803,2800,-1,2800,2803,2804,-1,2800,2804,2683,-1,2683,2804,2684,-1,2705,2703,2774,-1,2774,2703,2773,-1,2774,2773,2801,-1,2801,2773,2790,-1,2801,2790,2802,-1,2802,2790,2779,-1,2802,2779,2803,-1,2803,2779,2777,-1,2803,2777,2804,-1,2804,2777,2778,-1,2804,2778,2684,-1,2684,2778,2685,-1,2698,2700,2805,-1,2702,2704,2806,-1,2706,2708,2807,-1,912,2696,2808,-1,2809,2717,2810,-1,2810,2717,2716,-1,2810,2716,2808,-1,2808,2716,2715,-1,2808,2715,912,-1,2720,2719,2809,-1,2809,2719,2718,-1,2809,2718,2717,-1,2722,2811,2812,-1,2725,2724,2812,-1,2812,2724,2723,-1,2812,2723,2722,-1,2813,2814,2815,-1,2815,2814,2816,-1,2817,2818,2816,-1,2816,2818,2819,-1,2816,2819,2815,-1,2820,2821,2817,-1,2817,2821,2822,-1,2817,2822,2818,-1,2823,2824,2825,-1,2825,2824,2826,-1,2825,2826,2820,-1,2820,2826,2827,-1,2820,2827,2821,-1,227,2823,2695,-1,2695,2823,2825,-1,2695,2825,2712,-1,2712,2825,2710,-1,2708,2710,2807,-1,2807,2710,2825,-1,2807,2825,2828,-1,2828,2825,2820,-1,2828,2820,2829,-1,2829,2820,2817,-1,2829,2817,2830,-1,2830,2817,2816,-1,2830,2816,2831,-1,2831,2816,2814,-1,2704,2706,2806,-1,2806,2706,2807,-1,2806,2807,2832,-1,2832,2807,2828,-1,2832,2828,2833,-1,2833,2828,2829,-1,2833,2829,2834,-1,2834,2829,2830,-1,2834,2830,2835,-1,2835,2830,2831,-1,2700,2702,2805,-1,2805,2702,2806,-1,2805,2806,2836,-1,2836,2806,2832,-1,2836,2832,2837,-1,2837,2832,2833,-1,2837,2833,2811,-1,2811,2833,2834,-1,2811,2834,2812,-1,2812,2834,2835,-1,2812,2835,2725,-1,2725,2835,2831,-1,2725,2831,2727,-1,2727,2831,2814,-1,2727,2814,2726,-1,2726,2814,2813,-1,2726,2813,903,-1,2696,2698,2808,-1,2808,2698,2805,-1,2808,2805,2810,-1,2810,2805,2836,-1,2810,2836,2809,-1,2809,2836,2837,-1,2809,2837,2720,-1,2720,2837,2811,-1,2720,2811,2721,-1,2721,2811,2722,-1,898,248,250,-1,898,250,2838,-1,2838,250,2736,-1,2838,2736,2839,-1,2839,2736,2734,-1,2839,2734,2840,-1,2840,2734,2841,-1,2841,2734,2732,-1,2841,2732,2842,-1,2842,2732,2843,-1,2843,2732,2730,-1,2843,2730,2844,-1,2844,2730,2845,-1,2845,2730,2728,-1,2845,2728,2846,-1,230,232,2728,-1,2728,232,905,-1,2728,905,2846,-1,901,900,2771,-1,2771,900,2847,-1,2771,2847,2770,-1,2770,2847,2848,-1,2770,2848,2769,-1,2769,2848,2768,-1,2848,2849,2768,-1,2768,2849,2850,-1,2768,2850,2767,-1,2767,2850,2851,-1,2767,2851,2766,-1,2766,2851,2852,-1,2852,2853,2766,-1,2766,2853,2854,-1,2766,2854,2765,-1,2765,2854,2855,-1,2765,2855,2764,-1,2855,2856,2764,-1,2764,2856,2857,-1,2764,2857,2763,-1,907,906,2858,-1,2858,906,2763,-1,2858,2763,2859,-1,2859,2763,2857,-1,228,229,2783,-1,908,907,2794,-1,2794,907,2860,-1,2794,2860,2795,-1,2795,2860,2861,-1,2795,2861,2796,-1,2796,2861,2862,-1,2796,2862,2792,-1,2792,2862,2863,-1,2792,2863,2793,-1,2793,2863,2864,-1,2793,2864,2788,-1,2788,2864,2865,-1,2788,2865,2789,-1,2789,2865,2866,-1,2789,2866,2785,-1,2785,2866,2867,-1,2785,2867,2786,-1,2786,2867,2868,-1,2786,2868,2783,-1,2783,2868,2869,-1,2783,2869,228,-1,227,226,2870,-1,904,903,2871,-1,2871,903,2813,-1,2871,2813,2872,-1,2872,2813,2815,-1,2872,2815,2873,-1,2873,2815,2819,-1,2873,2819,2874,-1,2874,2819,2818,-1,2874,2818,2875,-1,2875,2818,2822,-1,2875,2822,2876,-1,2876,2822,2821,-1,2876,2821,2877,-1,2877,2821,2827,-1,2877,2827,2878,-1,2878,2827,2826,-1,2878,2826,2879,-1,2879,2826,2824,-1,2879,2824,2870,-1,2870,2824,2823,-1,2870,2823,227,-1,2846,905,904,-1,904,2880,2846,-1,2846,2880,2881,-1,2846,2881,2845,-1,2845,2881,2882,-1,2845,2882,2844,-1,2883,2843,2884,-1,2884,2843,2844,-1,2884,2844,2885,-1,2885,2844,2882,-1,2883,2886,2843,-1,2843,2886,2887,-1,2843,2887,2842,-1,2887,2888,2842,-1,2842,2888,2889,-1,2842,2889,2841,-1,2841,2889,2890,-1,2841,2890,2840,-1,2840,2890,2891,-1,2840,2891,2839,-1,2839,2891,2838,-1,2838,2891,898,-1,898,2891,2892,-1,898,2892,899,-1,2848,2847,2893,-1,2893,2847,900,-1,2851,2850,2894,-1,2894,2850,2849,-1,2854,2853,2895,-1,2895,2853,2852,-1,2857,2856,2896,-1,2896,2856,2855,-1,2896,2855,2854,-1,2896,2897,2857,-1,2857,2897,2898,-1,2857,2898,2859,-1,2859,2898,2899,-1,2859,2899,2858,-1,2858,2899,2860,-1,2858,2860,907,-1,900,2900,2893,-1,2893,2900,2901,-1,2893,2901,2902,-1,2901,2903,2902,-1,2902,2903,2904,-1,2902,2904,2905,-1,2904,2906,2905,-1,2905,2906,2907,-1,2905,2907,2908,-1,2907,2909,2908,-1,2908,2909,2910,-1,2908,2910,2911,-1,228,2869,2912,-1,2912,2869,2911,-1,2912,2911,2913,-1,2913,2911,2910,-1,2848,2893,2914,-1,2914,2893,2902,-1,2914,2902,2915,-1,2915,2902,2905,-1,2915,2905,2916,-1,2916,2905,2908,-1,2916,2908,2917,-1,2917,2908,2911,-1,2917,2911,2918,-1,2869,2868,2911,-1,2911,2868,2867,-1,2911,2867,2918,-1,2918,2867,2866,-1,2918,2866,2865,-1,2865,2919,2918,-1,2918,2919,2920,-1,2918,2920,2917,-1,2917,2920,2921,-1,2917,2921,2916,-1,2916,2921,2922,-1,2916,2922,2915,-1,2915,2922,2894,-1,2915,2894,2914,-1,2914,2894,2849,-1,2914,2849,2848,-1,2851,2894,2852,-1,2852,2894,2922,-1,2852,2922,2895,-1,2895,2922,2921,-1,2895,2921,2923,-1,2923,2921,2920,-1,2923,2920,2924,-1,2924,2920,2919,-1,2924,2919,2925,-1,2865,2864,2919,-1,2919,2864,2863,-1,2919,2863,2925,-1,2925,2863,2862,-1,2925,2862,2861,-1,2854,2895,2896,-1,2896,2895,2923,-1,2896,2923,2897,-1,2897,2923,2924,-1,2897,2924,2898,-1,2898,2924,2925,-1,2898,2925,2899,-1,2899,2925,2861,-1,2899,2861,2860,-1,2926,2927,2928,-1,2929,2930,2931,-1,2932,2933,2934,-1,2935,2936,2937,-1,2938,2939,2940,-1,2941,2880,904,-1,2942,2883,2943,-1,2943,2883,2884,-1,2943,2884,2885,-1,2944,2887,2942,-1,2942,2887,2886,-1,2942,2886,2883,-1,2888,2945,2889,-1,2889,2945,2946,-1,2889,2946,2890,-1,2890,2946,2891,-1,2891,2946,2940,-1,2891,2940,2892,-1,2892,2940,2939,-1,2892,2939,899,-1,904,2871,2941,-1,2941,2871,2872,-1,2941,2872,2947,-1,2872,2873,2947,-1,2947,2873,2874,-1,2947,2874,2948,-1,2874,2875,2948,-1,2948,2875,2876,-1,2948,2876,2949,-1,2876,2877,2949,-1,2949,2877,2878,-1,2949,2878,2928,-1,2936,2938,2937,-1,2937,2938,2940,-1,2937,2940,2950,-1,2950,2940,2946,-1,2950,2946,2944,-1,2944,2946,2945,-1,2944,2945,2887,-1,2887,2945,2888,-1,2933,2935,2934,-1,2934,2935,2937,-1,2934,2937,2951,-1,2951,2937,2950,-1,2951,2950,2952,-1,2952,2950,2944,-1,2952,2944,2953,-1,2953,2944,2942,-1,2953,2942,2954,-1,2954,2942,2943,-1,2954,2943,2882,-1,2882,2943,2885,-1,2930,2932,2931,-1,2931,2932,2934,-1,2931,2934,2955,-1,2955,2934,2951,-1,2955,2951,2956,-1,2956,2951,2952,-1,2956,2952,2957,-1,2957,2952,2953,-1,2957,2953,2958,-1,2958,2953,2954,-1,2958,2954,2881,-1,2881,2954,2882,-1,2927,2929,2928,-1,2928,2929,2931,-1,2928,2931,2949,-1,2949,2931,2955,-1,2949,2955,2948,-1,2948,2955,2956,-1,2948,2956,2947,-1,2947,2956,2957,-1,2947,2957,2941,-1,2941,2957,2958,-1,2941,2958,2880,-1,2880,2958,2881,-1,226,2926,2870,-1,2870,2926,2928,-1,2870,2928,2879,-1,2879,2928,2878,-1,900,899,2900,-1,2900,899,2939,-1,2900,2939,2901,-1,2901,2939,2938,-1,2901,2938,2903,-1,2903,2938,2936,-1,2903,2936,2904,-1,2904,2936,2935,-1,2904,2935,2906,-1,2906,2935,2933,-1,2906,2933,2907,-1,2907,2933,2932,-1,2907,2932,2909,-1,2909,2932,2930,-1,2909,2930,2910,-1,2910,2930,2929,-1,2910,2929,2913,-1,2913,2929,2927,-1,2913,2927,2912,-1,2927,2926,2912,-1,2912,2926,226,-1,2912,226,228,-1,304,306,926,-1,926,306,2959,-1,926,2959,2960,-1,2960,2959,2961,-1,2961,2959,2962,-1,2961,2962,2963,-1,2963,2962,2964,-1,2964,2962,2965,-1,2964,2965,2966,-1,2966,2965,2967,-1,2967,2965,2968,-1,2967,2968,2969,-1,2969,2968,2970,-1,2970,2968,2971,-1,2970,2971,2972,-1,303,301,2971,-1,2971,301,925,-1,2971,925,2972,-1,296,298,918,-1,918,298,2973,-1,918,2973,2974,-1,2974,2973,2975,-1,2975,2973,2976,-1,2975,2976,2977,-1,2977,2976,2978,-1,2978,2976,2979,-1,2978,2979,2980,-1,2980,2979,2981,-1,2981,2979,2982,-1,2981,2982,2983,-1,2983,2982,2984,-1,2984,2982,2985,-1,2984,2985,2986,-1,307,305,2985,-1,2985,305,929,-1,2985,929,2986,-1,2967,2969,2987,-1,2987,2969,2970,-1,2987,2970,924,-1,924,2970,2972,-1,924,2972,925,-1,2987,2988,2967,-1,2967,2988,2989,-1,2967,2989,2966,-1,2966,2989,2990,-1,2990,2991,2966,-1,2966,2991,2992,-1,2966,2992,2964,-1,2964,2992,2993,-1,2964,2993,2963,-1,2963,2993,2994,-1,2963,2994,2961,-1,2961,2994,2995,-1,2961,2995,2960,-1,2960,2995,927,-1,2960,927,926,-1,295,293,2996,-1,928,927,2997,-1,2997,927,2998,-1,2997,2998,2999,-1,2999,2998,3000,-1,2999,3000,3001,-1,3001,3000,3002,-1,3001,3002,3003,-1,3003,3002,3004,-1,3003,3004,3005,-1,3005,3004,3006,-1,3005,3006,3007,-1,3007,3006,3008,-1,3007,3008,3009,-1,3009,3008,3010,-1,3009,3010,3011,-1,3011,3010,3012,-1,3011,3012,3013,-1,3013,3012,3014,-1,3013,3014,2996,-1,2996,3014,3015,-1,2996,3015,295,-1,2981,2983,3016,-1,3016,2983,2984,-1,3016,2984,928,-1,928,2984,2986,-1,928,2986,929,-1,3016,3017,2981,-1,2981,3017,3018,-1,2981,3018,2980,-1,2980,3018,3019,-1,3019,3020,2980,-1,2980,3020,3021,-1,2980,3021,2978,-1,2978,3021,3022,-1,2978,3022,2977,-1,2977,3022,3023,-1,2977,3023,2975,-1,2975,3023,3024,-1,2975,3024,2974,-1,2974,3024,919,-1,2974,919,918,-1,300,302,922,-1,922,302,3025,-1,922,3025,3026,-1,3026,3025,3027,-1,3027,3025,3028,-1,3027,3028,3029,-1,3029,3028,3030,-1,3030,3028,3031,-1,3030,3031,3032,-1,3032,3031,3033,-1,3033,3031,3034,-1,3033,3034,3035,-1,3035,3034,3036,-1,3036,3034,3037,-1,3036,3037,3038,-1,308,310,3037,-1,3037,310,917,-1,3037,917,3038,-1,3039,3040,3041,-1,3042,3043,3044,-1,295,3045,3046,-1,3047,3045,295,-1,3044,3043,295,-1,3048,295,3043,-1,3049,2988,2987,-1,2988,3049,2989,-1,2989,3049,3050,-1,2989,3050,2990,-1,2990,3050,3051,-1,2990,3051,2991,-1,2991,3051,3052,-1,2991,3052,2992,-1,2992,3052,2993,-1,2993,3052,3053,-1,2993,3053,2994,-1,2994,3053,2995,-1,2995,3053,2998,-1,2995,2998,927,-1,3015,3047,295,-1,3054,3055,3042,-1,3042,3055,3056,-1,3042,3056,3043,-1,3043,3056,3057,-1,3043,3057,3048,-1,3058,3046,3059,-1,3059,3046,3045,-1,3059,3045,3060,-1,3060,3045,3047,-1,3060,3047,3061,-1,3015,3014,3047,-1,3047,3014,3012,-1,3047,3012,3061,-1,3061,3012,3010,-1,3061,3010,3008,-1,3041,3058,3062,-1,3062,3058,3059,-1,3062,3059,3063,-1,3063,3059,3060,-1,3063,3060,3064,-1,3064,3060,3061,-1,3064,3061,3065,-1,3065,3061,3008,-1,3066,3067,3068,-1,3068,3067,3039,-1,3039,3041,3068,-1,3068,3041,3062,-1,3068,3062,3069,-1,3069,3062,3063,-1,3069,3063,3070,-1,3070,3063,3064,-1,3070,3064,3071,-1,3071,3064,3065,-1,3071,3065,3072,-1,3040,3054,3041,-1,3041,3054,3042,-1,3041,3042,3058,-1,3058,3042,3044,-1,3058,3044,3046,-1,3046,3044,295,-1,3066,3049,3073,-1,3073,3049,2987,-1,3073,2987,924,-1,3008,3006,3065,-1,3065,3006,3004,-1,3065,3004,3072,-1,3072,3004,3002,-1,3072,3002,3000,-1,3066,3068,3049,-1,3049,3068,3069,-1,3049,3069,3050,-1,3050,3069,3070,-1,3050,3070,3051,-1,3051,3070,3071,-1,3051,3071,3052,-1,3052,3071,3072,-1,3052,3072,3053,-1,3053,3072,3000,-1,3053,3000,2998,-1,3003,3005,3074,-1,3075,3076,3077,-1,293,3078,3079,-1,3080,3078,293,-1,3077,3076,293,-1,2996,293,3076,-1,3081,3017,3016,-1,3017,3081,3018,-1,3018,3081,3082,-1,3018,3082,3019,-1,3019,3082,3083,-1,3019,3083,3020,-1,3020,3083,3084,-1,3020,3084,3021,-1,3021,3084,3022,-1,3022,3084,3085,-1,3022,3085,3023,-1,3023,3085,3024,-1,3024,3085,3086,-1,3024,3086,919,-1,3087,3080,293,-1,3007,3009,3075,-1,3075,3009,3011,-1,3075,3011,3076,-1,3076,3011,3013,-1,3076,3013,2996,-1,3088,3079,3089,-1,3089,3079,3078,-1,3089,3078,3090,-1,3090,3078,3080,-1,3090,3080,3091,-1,3087,3092,3080,-1,3080,3092,3093,-1,3080,3093,3091,-1,3091,3093,3094,-1,3091,3094,3095,-1,3074,3088,3096,-1,3096,3088,3089,-1,3096,3089,3097,-1,3097,3089,3090,-1,3097,3090,3098,-1,3098,3090,3091,-1,3098,3091,3099,-1,3099,3091,3095,-1,2999,3001,3100,-1,3100,3001,3003,-1,3003,3074,3100,-1,3100,3074,3096,-1,3100,3096,3101,-1,3101,3096,3097,-1,3101,3097,3102,-1,3102,3097,3098,-1,3102,3098,3103,-1,3103,3098,3099,-1,3103,3099,3104,-1,3005,3007,3074,-1,3074,3007,3075,-1,3074,3075,3088,-1,3088,3075,3077,-1,3088,3077,3079,-1,3079,3077,293,-1,2999,3081,2997,-1,2997,3081,3016,-1,2997,3016,928,-1,3095,3105,3099,-1,3099,3105,3106,-1,3099,3106,3104,-1,3104,3106,3107,-1,3104,3107,3108,-1,2999,3100,3081,-1,3081,3100,3101,-1,3081,3101,3082,-1,3082,3101,3102,-1,3082,3102,3083,-1,3083,3102,3103,-1,3083,3103,3084,-1,3084,3103,3104,-1,3084,3104,3085,-1,3085,3104,3108,-1,3085,3108,3086,-1,311,309,914,-1,914,309,3109,-1,914,3109,3110,-1,3110,3109,3111,-1,3111,3109,3112,-1,3111,3112,3113,-1,3113,3112,3114,-1,3114,3112,3115,-1,3114,3115,3116,-1,3116,3115,3117,-1,3117,3115,3118,-1,3117,3118,3119,-1,3119,3118,3120,-1,3120,3118,3121,-1,3120,3121,3122,-1,299,297,3121,-1,3121,297,921,-1,3121,921,3122,-1,3033,3035,3123,-1,3123,3035,3036,-1,3123,3036,916,-1,916,3036,3038,-1,916,3038,917,-1,3123,3124,3033,-1,3033,3124,3125,-1,3033,3125,3032,-1,3032,3125,3126,-1,3126,3127,3032,-1,3032,3127,3128,-1,3032,3128,3030,-1,3030,3128,3129,-1,3030,3129,3029,-1,3029,3129,3130,-1,3029,3130,3027,-1,3027,3130,3131,-1,3027,3131,3026,-1,3026,3131,923,-1,3026,923,922,-1,294,295,3048,-1,924,923,3073,-1,3073,923,3132,-1,3073,3132,3066,-1,3066,3132,3133,-1,3066,3133,3067,-1,3067,3133,3134,-1,3067,3134,3039,-1,3039,3134,3135,-1,3039,3135,3040,-1,3040,3135,3136,-1,3040,3136,3054,-1,3054,3136,3137,-1,3054,3137,3055,-1,3055,3137,3138,-1,3055,3138,3056,-1,3056,3138,3139,-1,3056,3139,3057,-1,3057,3139,3140,-1,3057,3140,3048,-1,3048,3140,3141,-1,3048,3141,294,-1,293,292,3142,-1,920,919,3143,-1,3143,919,3086,-1,3143,3086,3144,-1,3144,3086,3108,-1,3144,3108,3145,-1,3145,3108,3107,-1,3145,3107,3146,-1,3146,3107,3106,-1,3146,3106,3147,-1,3147,3106,3105,-1,3147,3105,3148,-1,3148,3105,3095,-1,3148,3095,3149,-1,3149,3095,3094,-1,3149,3094,3150,-1,3150,3094,3093,-1,3150,3093,3151,-1,3151,3093,3092,-1,3151,3092,3142,-1,3142,3092,3087,-1,3142,3087,293,-1,3117,3119,3152,-1,3152,3119,3120,-1,3152,3120,920,-1,920,3120,3122,-1,920,3122,921,-1,3152,3153,3117,-1,3117,3153,3154,-1,3117,3154,3116,-1,3116,3154,3155,-1,3155,3156,3116,-1,3116,3156,3157,-1,3116,3157,3114,-1,3114,3157,3158,-1,3114,3158,3113,-1,3113,3158,3159,-1,3113,3159,3111,-1,3111,3159,3160,-1,3111,3160,3110,-1,3110,3160,915,-1,3110,915,914,-1,3161,3162,3163,-1,3164,3165,3166,-1,294,3167,3168,-1,3169,3167,294,-1,3166,3165,294,-1,3170,294,3165,-1,3171,3124,3123,-1,3124,3171,3125,-1,3125,3171,3172,-1,3125,3172,3126,-1,3126,3172,3173,-1,3126,3173,3127,-1,3127,3173,3174,-1,3127,3174,3128,-1,3128,3174,3129,-1,3129,3174,3175,-1,3129,3175,3130,-1,3130,3175,3131,-1,3131,3175,3132,-1,3131,3132,923,-1,3141,3169,294,-1,3176,3177,3164,-1,3164,3177,3178,-1,3164,3178,3165,-1,3165,3178,3179,-1,3165,3179,3170,-1,3180,3168,3181,-1,3181,3168,3167,-1,3181,3167,3182,-1,3182,3167,3169,-1,3182,3169,3183,-1,3141,3140,3169,-1,3169,3140,3139,-1,3169,3139,3183,-1,3183,3139,3138,-1,3183,3138,3137,-1,3163,3180,3184,-1,3184,3180,3181,-1,3184,3181,3185,-1,3185,3181,3182,-1,3185,3182,3186,-1,3186,3182,3183,-1,3186,3183,3187,-1,3187,3183,3137,-1,3188,3189,3190,-1,3190,3189,3161,-1,3161,3163,3190,-1,3190,3163,3184,-1,3190,3184,3191,-1,3191,3184,3185,-1,3191,3185,3192,-1,3192,3185,3186,-1,3192,3186,3193,-1,3193,3186,3187,-1,3193,3187,3194,-1,3162,3176,3163,-1,3163,3176,3164,-1,3163,3164,3180,-1,3180,3164,3166,-1,3180,3166,3168,-1,3168,3166,294,-1,3188,3171,3195,-1,3195,3171,3123,-1,3195,3123,916,-1,3137,3136,3187,-1,3187,3136,3135,-1,3187,3135,3194,-1,3194,3135,3134,-1,3194,3134,3133,-1,3188,3190,3171,-1,3171,3190,3191,-1,3171,3191,3172,-1,3172,3191,3192,-1,3172,3192,3173,-1,3173,3192,3193,-1,3173,3193,3174,-1,3174,3193,3194,-1,3174,3194,3175,-1,3175,3194,3133,-1,3175,3133,3132,-1,3146,3147,3196,-1,3197,3198,3199,-1,292,3200,3201,-1,3202,3200,292,-1,3199,3198,292,-1,3142,292,3198,-1,3203,3153,3152,-1,3153,3203,3154,-1,3154,3203,3204,-1,3154,3204,3155,-1,3155,3204,3205,-1,3155,3205,3156,-1,3156,3205,3206,-1,3156,3206,3157,-1,3157,3206,3158,-1,3158,3206,3207,-1,3158,3207,3159,-1,3159,3207,3160,-1,3160,3207,3208,-1,3160,3208,915,-1,3209,3202,292,-1,3148,3149,3197,-1,3197,3149,3150,-1,3197,3150,3198,-1,3198,3150,3151,-1,3198,3151,3142,-1,3210,3201,3211,-1,3211,3201,3200,-1,3211,3200,3212,-1,3212,3200,3202,-1,3212,3202,3213,-1,3209,3214,3202,-1,3202,3214,3215,-1,3202,3215,3213,-1,3213,3215,3216,-1,3213,3216,3217,-1,3196,3210,3218,-1,3218,3210,3211,-1,3218,3211,3219,-1,3219,3211,3212,-1,3219,3212,3220,-1,3220,3212,3213,-1,3220,3213,3221,-1,3221,3213,3217,-1,3144,3145,3222,-1,3222,3145,3146,-1,3146,3196,3222,-1,3222,3196,3218,-1,3222,3218,3223,-1,3223,3218,3219,-1,3223,3219,3224,-1,3224,3219,3220,-1,3224,3220,3225,-1,3225,3220,3221,-1,3225,3221,3226,-1,3147,3148,3196,-1,3196,3148,3197,-1,3196,3197,3210,-1,3210,3197,3199,-1,3210,3199,3201,-1,3201,3199,292,-1,3144,3203,3143,-1,3143,3203,3152,-1,3143,3152,920,-1,3217,3227,3221,-1,3221,3227,3228,-1,3221,3228,3226,-1,3226,3228,3229,-1,3226,3229,3230,-1,3144,3222,3203,-1,3203,3222,3223,-1,3203,3223,3204,-1,3204,3223,3224,-1,3204,3224,3205,-1,3205,3224,3225,-1,3205,3225,3206,-1,3206,3225,3226,-1,3206,3226,3207,-1,3207,3226,3230,-1,3207,3230,3208,-1,916,915,3195,-1,3195,915,3208,-1,3195,3208,3188,-1,3188,3208,3230,-1,3188,3230,3189,-1,3189,3230,3229,-1,3189,3229,3161,-1,3161,3229,3228,-1,3161,3228,3162,-1,3162,3228,3227,-1,3162,3227,3176,-1,3176,3227,3217,-1,3176,3217,3177,-1,3177,3217,3216,-1,3177,3216,3178,-1,3178,3216,3215,-1,3178,3215,3179,-1,3179,3215,3214,-1,3179,3214,3170,-1,3214,3209,3170,-1,3170,3209,292,-1,3170,292,294,-1,375,373,3231,-1,375,3231,3232,-1,3232,3231,3233,-1,3232,3233,3234,-1,3234,3233,3235,-1,3234,3235,3236,-1,3236,3235,3237,-1,3236,3237,3238,-1,3238,3237,3239,-1,3238,3239,3240,-1,3240,3239,395,-1,3240,395,312,-1,372,374,3241,-1,372,3241,3242,-1,3242,3241,3243,-1,3242,3243,3244,-1,3244,3243,3245,-1,3244,3245,3246,-1,3246,3245,3247,-1,3246,3247,3248,-1,3248,3247,3249,-1,3248,3249,3250,-1,3250,3249,350,-1,3250,350,393,-1,327,3251,3252,-1,3251,3253,3254,-1,3253,3255,3256,-1,3255,3257,3258,-1,3257,3259,3260,-1,3259,389,387,-1,3259,387,3260,-1,3260,387,385,-1,3260,385,3261,-1,3261,385,383,-1,3261,383,3262,-1,3262,383,381,-1,3262,381,3263,-1,3263,381,379,-1,3263,379,3264,-1,3264,379,377,-1,3264,377,3265,-1,3265,377,375,-1,3265,375,3232,-1,3257,3260,3258,-1,3258,3260,3261,-1,3258,3261,3266,-1,3266,3261,3262,-1,3266,3262,3267,-1,3267,3262,3263,-1,3267,3263,3268,-1,3268,3263,3264,-1,3268,3264,3269,-1,3269,3264,3265,-1,3269,3265,3270,-1,3270,3265,3232,-1,3270,3232,3234,-1,3255,3258,3256,-1,3256,3258,3266,-1,3256,3266,3271,-1,3271,3266,3267,-1,3271,3267,3272,-1,3272,3267,3268,-1,3272,3268,3273,-1,3273,3268,3269,-1,3273,3269,3274,-1,3274,3269,3270,-1,3274,3270,3275,-1,3275,3270,3234,-1,3275,3234,3236,-1,3253,3256,3254,-1,3254,3256,3271,-1,3254,3271,3276,-1,3276,3271,3272,-1,3276,3272,3277,-1,3277,3272,3273,-1,3277,3273,3278,-1,3278,3273,3274,-1,3278,3274,3279,-1,3279,3274,3275,-1,3279,3275,3280,-1,3280,3275,3236,-1,3280,3236,3238,-1,3251,3254,3252,-1,3252,3254,3276,-1,3252,3276,3281,-1,3281,3276,3277,-1,3281,3277,3282,-1,3282,3277,3278,-1,3282,3278,3283,-1,3283,3278,3279,-1,3283,3279,3284,-1,3284,3279,3280,-1,3284,3280,3285,-1,3285,3280,3238,-1,3285,3238,3240,-1,327,3252,325,-1,325,3252,3281,-1,325,3281,323,-1,323,3281,3282,-1,323,3282,321,-1,321,3282,3283,-1,321,3283,319,-1,319,3283,3284,-1,319,3284,317,-1,317,3284,3285,-1,317,3285,315,-1,315,3285,3240,-1,315,3240,312,-1,388,3286,3287,-1,3286,3288,3289,-1,3288,3290,3291,-1,3290,3292,3293,-1,3292,3294,3295,-1,3294,335,338,-1,3294,338,3295,-1,3295,338,340,-1,3295,340,3296,-1,3296,340,342,-1,3296,342,3297,-1,3297,342,344,-1,3297,344,3298,-1,3298,344,346,-1,3298,346,3299,-1,3299,346,348,-1,3299,348,3300,-1,3300,348,350,-1,3300,350,3249,-1,3292,3295,3293,-1,3293,3295,3296,-1,3293,3296,3301,-1,3301,3296,3297,-1,3301,3297,3302,-1,3302,3297,3298,-1,3302,3298,3303,-1,3303,3298,3299,-1,3303,3299,3304,-1,3304,3299,3300,-1,3304,3300,3305,-1,3305,3300,3249,-1,3305,3249,3247,-1,3290,3293,3291,-1,3291,3293,3301,-1,3291,3301,3306,-1,3306,3301,3302,-1,3306,3302,3307,-1,3307,3302,3303,-1,3307,3303,3308,-1,3308,3303,3304,-1,3308,3304,3309,-1,3309,3304,3305,-1,3309,3305,3310,-1,3310,3305,3247,-1,3310,3247,3245,-1,3288,3291,3289,-1,3289,3291,3306,-1,3289,3306,3311,-1,3311,3306,3307,-1,3311,3307,3312,-1,3312,3307,3308,-1,3312,3308,3313,-1,3313,3308,3309,-1,3313,3309,3314,-1,3314,3309,3310,-1,3314,3310,3315,-1,3315,3310,3245,-1,3315,3245,3243,-1,3286,3289,3287,-1,3287,3289,3311,-1,3287,3311,3316,-1,3316,3311,3312,-1,3316,3312,3317,-1,3317,3312,3313,-1,3317,3313,3318,-1,3318,3313,3314,-1,3318,3314,3319,-1,3319,3314,3315,-1,3319,3315,3320,-1,3320,3315,3243,-1,3320,3243,3241,-1,388,3287,386,-1,386,3287,3316,-1,386,3316,384,-1,384,3316,3317,-1,384,3317,382,-1,382,3317,3318,-1,382,3318,380,-1,380,3318,3319,-1,380,3319,378,-1,378,3319,3320,-1,378,3320,376,-1,376,3320,3241,-1,376,3241,374,-1,371,369,3321,-1,371,3321,3322,-1,3322,3321,3323,-1,3322,3323,3324,-1,3324,3323,3325,-1,3324,3325,3326,-1,3326,3325,3327,-1,3326,3327,3328,-1,3328,3327,3329,-1,3328,3329,3330,-1,3330,3329,313,-1,3330,313,394,-1,942,391,389,-1,942,389,3331,-1,3331,389,3259,-1,3331,3259,3332,-1,3332,3259,3257,-1,3332,3257,3333,-1,3333,3257,3334,-1,3334,3257,3255,-1,3334,3255,3335,-1,3335,3255,3336,-1,3336,3255,3253,-1,3336,3253,3337,-1,3337,3253,3338,-1,3338,3253,3251,-1,3338,3251,3339,-1,327,329,3251,-1,3251,329,941,-1,3251,941,3339,-1,934,337,335,-1,934,335,3340,-1,3340,335,3294,-1,3340,3294,3341,-1,3341,3294,3292,-1,3341,3292,3342,-1,3342,3292,3343,-1,3343,3292,3290,-1,3343,3290,3344,-1,3344,3290,3345,-1,3345,3290,3288,-1,3345,3288,3346,-1,3346,3288,3347,-1,3347,3288,3286,-1,3347,3286,3348,-1,388,390,3286,-1,3286,390,945,-1,3286,945,3348,-1,368,370,3349,-1,368,3349,3350,-1,3350,3349,3351,-1,3350,3351,3352,-1,3352,3351,3353,-1,3352,3353,3354,-1,3354,3353,3355,-1,3354,3355,3356,-1,3356,3355,3357,-1,3356,3357,3358,-1,3358,3357,392,-1,3358,392,351,-1,355,3359,3360,-1,3359,3361,3362,-1,3361,3363,3364,-1,3363,3365,3366,-1,3365,3367,3368,-1,3367,326,324,-1,3367,324,3368,-1,3368,324,322,-1,3368,322,3369,-1,3369,322,320,-1,3369,320,3370,-1,3370,320,318,-1,3370,318,3371,-1,3371,318,316,-1,3371,316,3372,-1,3372,316,314,-1,3372,314,3373,-1,3373,314,313,-1,3373,313,3329,-1,3365,3368,3366,-1,3366,3368,3369,-1,3366,3369,3374,-1,3374,3369,3370,-1,3374,3370,3375,-1,3375,3370,3371,-1,3375,3371,3376,-1,3376,3371,3372,-1,3376,3372,3377,-1,3377,3372,3373,-1,3377,3373,3378,-1,3378,3373,3329,-1,3378,3329,3327,-1,3363,3366,3364,-1,3364,3366,3374,-1,3364,3374,3379,-1,3379,3374,3375,-1,3379,3375,3380,-1,3380,3375,3376,-1,3380,3376,3381,-1,3381,3376,3377,-1,3381,3377,3382,-1,3382,3377,3378,-1,3382,3378,3383,-1,3383,3378,3327,-1,3383,3327,3325,-1,3361,3364,3362,-1,3362,3364,3379,-1,3362,3379,3384,-1,3384,3379,3380,-1,3384,3380,3385,-1,3385,3380,3381,-1,3385,3381,3386,-1,3386,3381,3382,-1,3386,3382,3387,-1,3387,3382,3383,-1,3387,3383,3388,-1,3388,3383,3325,-1,3388,3325,3323,-1,3359,3362,3360,-1,3360,3362,3384,-1,3360,3384,3389,-1,3389,3384,3385,-1,3389,3385,3390,-1,3390,3385,3386,-1,3390,3386,3391,-1,3391,3386,3387,-1,3391,3387,3392,-1,3392,3387,3388,-1,3392,3388,3393,-1,3393,3388,3323,-1,3393,3323,3321,-1,355,3360,357,-1,357,3360,3389,-1,357,3389,359,-1,359,3389,3390,-1,359,3390,361,-1,361,3390,3391,-1,361,3391,363,-1,363,3391,3392,-1,363,3392,365,-1,365,3392,3393,-1,365,3393,367,-1,367,3393,3321,-1,367,3321,369,-1,3394,3338,3395,-1,3395,3338,3339,-1,3395,3339,3396,-1,3396,3339,941,-1,3396,941,940,-1,3397,3398,3336,-1,3394,3399,3338,-1,3338,3399,3397,-1,3338,3397,3337,-1,3337,3397,3336,-1,3398,3400,3336,-1,3336,3400,3401,-1,3336,3401,3335,-1,3401,3402,3335,-1,3335,3402,3403,-1,3335,3403,3334,-1,3334,3403,3404,-1,3334,3404,3333,-1,3333,3404,3405,-1,943,942,3406,-1,3406,942,3331,-1,3406,3331,3405,-1,3405,3331,3332,-1,3405,3332,3333,-1,333,331,3407,-1,944,943,3408,-1,3408,943,3409,-1,3408,3409,3410,-1,3410,3409,3411,-1,3410,3411,3412,-1,3412,3411,3413,-1,3412,3413,3414,-1,3414,3413,3415,-1,3414,3415,3416,-1,3416,3415,3417,-1,3416,3417,3418,-1,3418,3417,3419,-1,3418,3419,3420,-1,3420,3419,3421,-1,3420,3421,3422,-1,3422,3421,3423,-1,3422,3423,3424,-1,3424,3423,3425,-1,3424,3425,3407,-1,3407,3425,3426,-1,3407,3426,333,-1,945,944,3348,-1,3348,944,3427,-1,3348,3427,3347,-1,3347,3427,3428,-1,3347,3428,3346,-1,3346,3428,3345,-1,3428,3429,3345,-1,3345,3429,3430,-1,3345,3430,3344,-1,3430,3431,3344,-1,3344,3431,3432,-1,3344,3432,3343,-1,3432,3433,3343,-1,3343,3433,3434,-1,3343,3434,3342,-1,3342,3434,3435,-1,3342,3435,3341,-1,3435,3436,3341,-1,3341,3436,3437,-1,3341,3437,3340,-1,3340,3437,3438,-1,3340,3438,934,-1,934,3438,3439,-1,934,3439,935,-1,334,3440,3441,-1,3440,3442,3443,-1,3442,3444,3445,-1,3444,3446,3447,-1,3446,3448,3449,-1,3448,354,356,-1,3448,356,3449,-1,3449,356,358,-1,3449,358,3450,-1,3450,358,360,-1,3450,360,3451,-1,3451,360,362,-1,3451,362,3452,-1,3452,362,364,-1,3452,364,3453,-1,3453,364,366,-1,3453,366,3454,-1,3454,366,368,-1,3454,368,3350,-1,3446,3449,3447,-1,3447,3449,3450,-1,3447,3450,3455,-1,3455,3450,3451,-1,3455,3451,3456,-1,3456,3451,3452,-1,3456,3452,3457,-1,3457,3452,3453,-1,3457,3453,3458,-1,3458,3453,3454,-1,3458,3454,3459,-1,3459,3454,3350,-1,3459,3350,3352,-1,3444,3447,3445,-1,3445,3447,3455,-1,3445,3455,3460,-1,3460,3455,3456,-1,3460,3456,3461,-1,3461,3456,3457,-1,3461,3457,3462,-1,3462,3457,3458,-1,3462,3458,3463,-1,3463,3458,3459,-1,3463,3459,3464,-1,3464,3459,3352,-1,3464,3352,3354,-1,3442,3445,3443,-1,3443,3445,3460,-1,3443,3460,3465,-1,3465,3460,3461,-1,3465,3461,3466,-1,3466,3461,3462,-1,3466,3462,3467,-1,3467,3462,3463,-1,3467,3463,3468,-1,3468,3463,3464,-1,3468,3464,3469,-1,3469,3464,3354,-1,3469,3354,3356,-1,3440,3443,3441,-1,3441,3443,3465,-1,3441,3465,3470,-1,3470,3465,3466,-1,3470,3466,3471,-1,3471,3466,3467,-1,3471,3467,3472,-1,3472,3467,3468,-1,3472,3468,3473,-1,3473,3468,3469,-1,3473,3469,3474,-1,3474,3469,3356,-1,3474,3356,3358,-1,334,3441,339,-1,339,3441,3470,-1,339,3470,341,-1,341,3470,3471,-1,341,3471,343,-1,343,3471,3472,-1,343,3472,345,-1,345,3472,3473,-1,345,3473,347,-1,347,3473,3474,-1,347,3474,349,-1,349,3474,3358,-1,349,3358,351,-1,938,328,326,-1,938,326,3475,-1,3475,326,3367,-1,3475,3367,3476,-1,3476,3367,3365,-1,3476,3365,3477,-1,3477,3365,3478,-1,3478,3365,3363,-1,3478,3363,3479,-1,3479,3363,3480,-1,3480,3363,3361,-1,3480,3361,3481,-1,3481,3361,3482,-1,3482,3361,3359,-1,3482,3359,3483,-1,355,353,3359,-1,3359,353,933,-1,3359,933,3483,-1,3411,3409,3484,-1,3415,3413,3485,-1,3419,3417,3486,-1,3423,3421,3487,-1,3488,3396,940,-1,3489,3398,3490,-1,3490,3398,3397,-1,3490,3397,3399,-1,3491,3401,3489,-1,3489,3401,3400,-1,3489,3400,3398,-1,3402,3492,3403,-1,3403,3492,3493,-1,3403,3493,3404,-1,3404,3493,3405,-1,3405,3493,3484,-1,3405,3484,3406,-1,3406,3484,3409,-1,3406,3409,943,-1,3425,3494,3426,-1,3426,3494,3495,-1,3426,3495,333,-1,3496,3497,3494,-1,3494,3497,3498,-1,3494,3498,3495,-1,3499,3500,3496,-1,3496,3500,3501,-1,3496,3501,3497,-1,3413,3411,3485,-1,3485,3411,3484,-1,3485,3484,3502,-1,3502,3484,3493,-1,3502,3493,3491,-1,3491,3493,3492,-1,3491,3492,3401,-1,3401,3492,3402,-1,3503,3504,3499,-1,3499,3504,3505,-1,3499,3505,3500,-1,940,3506,3488,-1,3488,3506,3507,-1,3488,3507,3503,-1,3503,3507,3508,-1,3503,3508,3504,-1,3425,3423,3494,-1,3494,3423,3487,-1,3494,3487,3496,-1,3496,3487,3509,-1,3496,3509,3499,-1,3499,3509,3510,-1,3499,3510,3503,-1,3503,3510,3511,-1,3503,3511,3488,-1,3488,3511,3512,-1,3488,3512,3396,-1,3396,3512,3395,-1,3421,3419,3487,-1,3487,3419,3486,-1,3487,3486,3509,-1,3509,3486,3513,-1,3509,3513,3510,-1,3510,3513,3514,-1,3510,3514,3511,-1,3511,3514,3515,-1,3511,3515,3512,-1,3512,3515,3516,-1,3512,3516,3395,-1,3395,3516,3394,-1,3417,3415,3486,-1,3486,3415,3485,-1,3486,3485,3513,-1,3513,3485,3502,-1,3513,3502,3514,-1,3514,3502,3491,-1,3514,3491,3515,-1,3515,3491,3489,-1,3515,3489,3516,-1,3516,3489,3490,-1,3516,3490,3394,-1,3394,3490,3399,-1,3410,3412,3517,-1,3414,3416,3518,-1,3418,3420,3519,-1,3520,3521,3522,-1,944,3408,3523,-1,3524,3429,3525,-1,3525,3429,3428,-1,3525,3428,3523,-1,3523,3428,3427,-1,3523,3427,944,-1,3432,3431,3524,-1,3524,3431,3430,-1,3524,3430,3429,-1,3434,3526,3527,-1,3437,3436,3527,-1,3527,3436,3435,-1,3527,3435,3434,-1,3528,3529,3530,-1,3530,3529,3531,-1,3530,3531,3532,-1,3522,3521,3533,-1,3521,3534,3533,-1,3533,3534,3535,-1,3533,3535,3531,-1,3531,3535,3536,-1,3531,3536,3532,-1,3422,3424,3537,-1,3537,3424,3407,-1,3520,3522,3538,-1,3538,3522,3537,-1,3538,3537,3539,-1,3539,3537,3407,-1,3539,3407,331,-1,3420,3422,3519,-1,3519,3422,3537,-1,3519,3537,3540,-1,3540,3537,3522,-1,3540,3522,3541,-1,3541,3522,3533,-1,3541,3533,3542,-1,3542,3533,3531,-1,3542,3531,3543,-1,3543,3531,3529,-1,3416,3418,3518,-1,3518,3418,3519,-1,3518,3519,3544,-1,3544,3519,3540,-1,3544,3540,3545,-1,3545,3540,3541,-1,3545,3541,3546,-1,3546,3541,3542,-1,3546,3542,3547,-1,3547,3542,3543,-1,3412,3414,3517,-1,3517,3414,3518,-1,3517,3518,3548,-1,3548,3518,3544,-1,3548,3544,3549,-1,3549,3544,3545,-1,3549,3545,3526,-1,3526,3545,3546,-1,3526,3546,3527,-1,3527,3546,3547,-1,3527,3547,3437,-1,3437,3547,3543,-1,3437,3543,3438,-1,3438,3543,3529,-1,3438,3529,3439,-1,3439,3529,3528,-1,3439,3528,935,-1,3408,3410,3523,-1,3523,3410,3517,-1,3523,3517,3525,-1,3525,3517,3548,-1,3525,3548,3524,-1,3524,3548,3549,-1,3524,3549,3432,-1,3432,3549,3526,-1,3432,3526,3433,-1,3433,3526,3434,-1,930,352,354,-1,930,354,3550,-1,3550,354,3448,-1,3550,3448,3551,-1,3551,3448,3446,-1,3551,3446,3552,-1,3552,3446,3553,-1,3553,3446,3444,-1,3553,3444,3554,-1,3554,3444,3555,-1,3555,3444,3442,-1,3555,3442,3556,-1,3556,3442,3557,-1,3557,3442,3440,-1,3557,3440,3558,-1,334,336,3440,-1,3440,336,937,-1,3440,937,3558,-1,3475,3476,3559,-1,3477,3478,3560,-1,933,932,3483,-1,3483,932,3561,-1,3483,3561,3482,-1,3482,3561,3562,-1,3482,3562,3481,-1,3481,3562,3480,-1,3562,3563,3480,-1,3480,3563,3564,-1,3480,3564,3479,-1,3564,3565,3479,-1,3479,3565,3566,-1,3479,3566,3478,-1,3478,3566,3567,-1,3478,3567,3560,-1,3559,3476,3568,-1,3477,3560,3476,-1,3476,3560,3569,-1,3476,3569,3568,-1,939,938,3570,-1,3570,938,3475,-1,3570,3475,3571,-1,3571,3475,3559,-1,332,333,3495,-1,940,939,3506,-1,3506,939,3572,-1,3506,3572,3507,-1,3507,3572,3573,-1,3507,3573,3508,-1,3508,3573,3574,-1,3508,3574,3504,-1,3504,3574,3575,-1,3504,3575,3505,-1,3505,3575,3576,-1,3505,3576,3500,-1,3500,3576,3577,-1,3500,3577,3501,-1,3501,3577,3578,-1,3501,3578,3497,-1,3497,3578,3579,-1,3497,3579,3498,-1,3498,3579,3580,-1,3498,3580,3495,-1,3495,3580,3581,-1,3495,3581,332,-1,331,330,3582,-1,936,935,3583,-1,3583,935,3528,-1,3583,3528,3584,-1,3584,3528,3530,-1,3584,3530,3585,-1,3585,3530,3532,-1,3585,3532,3586,-1,3586,3532,3536,-1,3586,3536,3587,-1,3587,3536,3535,-1,3587,3535,3588,-1,3588,3535,3534,-1,3588,3534,3589,-1,3589,3534,3521,-1,3589,3521,3590,-1,3590,3521,3520,-1,3590,3520,3591,-1,3591,3520,3538,-1,3591,3538,3582,-1,3582,3538,3539,-1,3582,3539,331,-1,3558,937,936,-1,3592,3557,3593,-1,3593,3557,3558,-1,3593,3558,3594,-1,3594,3558,936,-1,3595,3596,3555,-1,3592,3597,3557,-1,3557,3597,3595,-1,3557,3595,3556,-1,3556,3595,3555,-1,3596,3598,3555,-1,3555,3598,3599,-1,3555,3599,3554,-1,3599,3600,3554,-1,3554,3600,3601,-1,3554,3601,3553,-1,3553,3601,3602,-1,3553,3602,3552,-1,3552,3602,3603,-1,3552,3603,3551,-1,3551,3603,3550,-1,3550,3603,930,-1,930,3603,3604,-1,930,3604,931,-1,3577,3576,3605,-1,3579,3578,3606,-1,3581,3580,3607,-1,3562,3561,3608,-1,3608,3561,932,-1,3609,3563,3562,-1,3610,3564,3563,-1,3560,3567,3611,-1,3611,3567,3566,-1,3559,3568,3612,-1,3612,3568,3569,-1,3612,3569,3560,-1,3612,3613,3559,-1,3559,3613,3614,-1,3559,3614,3571,-1,3571,3614,3615,-1,3571,3615,3570,-1,3570,3615,3572,-1,3570,3572,939,-1,932,3616,3608,-1,3608,3616,3617,-1,3608,3617,3618,-1,3617,3619,3618,-1,3618,3619,3620,-1,3618,3620,3621,-1,3620,3622,3621,-1,3621,3622,3623,-1,3621,3623,3624,-1,3623,3625,3624,-1,3624,3625,3626,-1,3624,3626,3607,-1,332,3581,3627,-1,3627,3581,3607,-1,3627,3607,3628,-1,3628,3607,3626,-1,3562,3608,3609,-1,3609,3608,3618,-1,3609,3618,3629,-1,3629,3618,3621,-1,3629,3621,3630,-1,3630,3621,3624,-1,3630,3624,3631,-1,3631,3624,3607,-1,3631,3607,3606,-1,3606,3607,3580,-1,3606,3580,3579,-1,3563,3609,3610,-1,3610,3609,3629,-1,3610,3629,3632,-1,3632,3629,3630,-1,3632,3630,3633,-1,3633,3630,3631,-1,3633,3631,3634,-1,3634,3631,3606,-1,3634,3606,3605,-1,3605,3606,3578,-1,3605,3578,3577,-1,3576,3635,3605,-1,3605,3635,3636,-1,3605,3636,3634,-1,3634,3636,3637,-1,3634,3637,3633,-1,3633,3637,3611,-1,3633,3611,3632,-1,3632,3611,3566,-1,3632,3566,3610,-1,3610,3566,3565,-1,3610,3565,3564,-1,3576,3575,3635,-1,3635,3575,3574,-1,3635,3574,3573,-1,3560,3611,3612,-1,3612,3611,3637,-1,3612,3637,3613,-1,3613,3637,3636,-1,3613,3636,3614,-1,3614,3636,3635,-1,3614,3635,3615,-1,3615,3635,3573,-1,3615,3573,3572,-1,3638,3639,3640,-1,3641,3642,3643,-1,3644,3645,3646,-1,3647,3648,3649,-1,3650,3651,3652,-1,3653,3594,936,-1,3654,3596,3655,-1,3655,3596,3595,-1,3655,3595,3597,-1,3656,3599,3654,-1,3654,3599,3598,-1,3654,3598,3596,-1,3600,3657,3601,-1,3601,3657,3658,-1,3601,3658,3602,-1,3602,3658,3603,-1,3603,3658,3652,-1,3603,3652,3604,-1,3604,3652,3651,-1,3604,3651,931,-1,936,3583,3653,-1,3653,3583,3584,-1,3653,3584,3659,-1,3584,3585,3659,-1,3659,3585,3586,-1,3659,3586,3660,-1,3586,3587,3660,-1,3660,3587,3588,-1,3660,3588,3661,-1,3588,3589,3661,-1,3661,3589,3590,-1,3661,3590,3640,-1,3648,3650,3649,-1,3649,3650,3652,-1,3649,3652,3662,-1,3662,3652,3658,-1,3662,3658,3656,-1,3656,3658,3657,-1,3656,3657,3599,-1,3599,3657,3600,-1,3645,3647,3646,-1,3646,3647,3649,-1,3646,3649,3663,-1,3663,3649,3662,-1,3663,3662,3664,-1,3664,3662,3656,-1,3664,3656,3665,-1,3665,3656,3654,-1,3665,3654,3666,-1,3666,3654,3655,-1,3666,3655,3592,-1,3592,3655,3597,-1,3642,3644,3643,-1,3643,3644,3646,-1,3643,3646,3667,-1,3667,3646,3663,-1,3667,3663,3668,-1,3668,3663,3664,-1,3668,3664,3669,-1,3669,3664,3665,-1,3669,3665,3670,-1,3670,3665,3666,-1,3670,3666,3593,-1,3593,3666,3592,-1,3639,3641,3640,-1,3640,3641,3643,-1,3640,3643,3661,-1,3661,3643,3667,-1,3661,3667,3660,-1,3660,3667,3668,-1,3660,3668,3659,-1,3659,3668,3669,-1,3659,3669,3653,-1,3653,3669,3670,-1,3653,3670,3594,-1,3594,3670,3593,-1,330,3638,3582,-1,3582,3638,3640,-1,3582,3640,3591,-1,3591,3640,3590,-1,932,931,3616,-1,3616,931,3651,-1,3616,3651,3617,-1,3617,3651,3650,-1,3617,3650,3619,-1,3619,3650,3648,-1,3619,3648,3620,-1,3620,3648,3647,-1,3620,3647,3622,-1,3622,3647,3645,-1,3622,3645,3623,-1,3623,3645,3644,-1,3623,3644,3625,-1,3625,3644,3642,-1,3625,3642,3626,-1,3626,3642,3641,-1,3626,3641,3628,-1,3628,3641,3639,-1,3628,3639,3627,-1,3639,3638,3627,-1,3627,3638,330,-1,3627,330,332,-1,410,412,958,-1,958,412,3671,-1,958,3671,3672,-1,3672,3671,3673,-1,3673,3671,3674,-1,3673,3674,3675,-1,3675,3674,3676,-1,3676,3674,3677,-1,3676,3677,3678,-1,3678,3677,3679,-1,3679,3677,3680,-1,3679,3680,3681,-1,3681,3680,3682,-1,3681,3682,3683,-1,3683,3682,3684,-1,3683,3684,3685,-1,409,408,3684,-1,3684,408,957,-1,3684,957,3685,-1,401,400,950,-1,950,400,3686,-1,950,3686,3687,-1,3687,3686,3688,-1,3688,3686,3689,-1,3688,3689,3690,-1,3690,3689,3691,-1,3691,3689,3692,-1,3691,3692,3693,-1,3693,3692,3694,-1,3693,3694,3695,-1,3695,3694,3696,-1,3695,3696,3697,-1,3697,3696,3698,-1,3698,3696,3699,-1,3698,3699,3700,-1,413,411,3699,-1,3699,411,961,-1,3699,961,3700,-1,3679,3681,3701,-1,3701,3681,3683,-1,3701,3683,956,-1,956,3683,3685,-1,956,3685,957,-1,3701,3702,3679,-1,3679,3702,3703,-1,3679,3703,3678,-1,3678,3703,3704,-1,3704,3705,3678,-1,3678,3705,3706,-1,3678,3706,3676,-1,3676,3706,3707,-1,3676,3707,3675,-1,3675,3707,3708,-1,3675,3708,3673,-1,3673,3708,3709,-1,3673,3709,3672,-1,3672,3709,959,-1,3672,959,958,-1,399,397,3710,-1,960,959,3711,-1,3711,959,3712,-1,3711,3712,3713,-1,3713,3712,3714,-1,3713,3714,3715,-1,3715,3714,3716,-1,3715,3716,3717,-1,3717,3716,3718,-1,3717,3718,3719,-1,3719,3718,3720,-1,3719,3720,3721,-1,3721,3720,3722,-1,3721,3722,3723,-1,3723,3722,3724,-1,3723,3724,3725,-1,3725,3724,3726,-1,3725,3726,3727,-1,3727,3726,3728,-1,3727,3728,3710,-1,3710,3728,3729,-1,3710,3729,399,-1,961,960,3700,-1,3700,960,3730,-1,3700,3730,3698,-1,3698,3730,3731,-1,3698,3731,3697,-1,3697,3731,3732,-1,3697,3732,3695,-1,3732,3733,3695,-1,3695,3733,3734,-1,3695,3734,3693,-1,3693,3734,3735,-1,3693,3735,3691,-1,3691,3735,3736,-1,3691,3736,3690,-1,3690,3736,3737,-1,3690,3737,3688,-1,3688,3737,3687,-1,3687,3737,950,-1,950,3737,3738,-1,950,3738,951,-1,406,405,954,-1,954,405,3739,-1,954,3739,3740,-1,3740,3739,3741,-1,3741,3739,3742,-1,3741,3742,3743,-1,3743,3742,3744,-1,3744,3742,3745,-1,3744,3745,3746,-1,3746,3745,3747,-1,3747,3745,3748,-1,3747,3748,3749,-1,3749,3748,3750,-1,3750,3748,3751,-1,3750,3751,3752,-1,414,416,3751,-1,3751,416,949,-1,3751,949,3752,-1,3753,3754,3755,-1,3756,3757,3758,-1,399,3759,3760,-1,3761,3759,399,-1,3758,3757,399,-1,3762,399,3757,-1,3763,3702,3701,-1,3702,3763,3703,-1,3703,3763,3764,-1,3703,3764,3704,-1,3704,3764,3765,-1,3704,3765,3705,-1,3705,3765,3766,-1,3705,3766,3706,-1,3706,3766,3707,-1,3707,3766,3767,-1,3707,3767,3708,-1,3708,3767,3709,-1,3709,3767,3712,-1,3709,3712,959,-1,3729,3761,399,-1,3768,3769,3756,-1,3756,3769,3770,-1,3756,3770,3757,-1,3757,3770,3771,-1,3757,3771,3762,-1,3772,3760,3773,-1,3773,3760,3759,-1,3773,3759,3774,-1,3774,3759,3761,-1,3774,3761,3775,-1,3729,3728,3761,-1,3761,3728,3726,-1,3761,3726,3775,-1,3775,3726,3724,-1,3775,3724,3722,-1,3755,3772,3776,-1,3776,3772,3773,-1,3776,3773,3777,-1,3777,3773,3774,-1,3777,3774,3778,-1,3778,3774,3775,-1,3778,3775,3779,-1,3779,3775,3722,-1,3780,3781,3782,-1,3782,3781,3753,-1,3753,3755,3782,-1,3782,3755,3776,-1,3782,3776,3783,-1,3783,3776,3777,-1,3783,3777,3784,-1,3784,3777,3778,-1,3784,3778,3785,-1,3785,3778,3779,-1,3785,3779,3786,-1,3754,3768,3755,-1,3755,3768,3756,-1,3755,3756,3772,-1,3772,3756,3758,-1,3772,3758,3760,-1,3760,3758,399,-1,3780,3763,3787,-1,3787,3763,3701,-1,3787,3701,956,-1,3722,3720,3779,-1,3779,3720,3718,-1,3779,3718,3786,-1,3786,3718,3716,-1,3786,3716,3714,-1,3780,3782,3763,-1,3763,3782,3783,-1,3763,3783,3764,-1,3764,3783,3784,-1,3764,3784,3765,-1,3765,3784,3785,-1,3765,3785,3766,-1,3766,3785,3786,-1,3766,3786,3767,-1,3767,3786,3714,-1,3767,3714,3712,-1,3713,3715,3788,-1,3717,3719,3789,-1,3790,3791,3792,-1,397,3793,3794,-1,3795,3793,397,-1,3792,3791,397,-1,3710,397,3791,-1,3730,3796,3731,-1,3731,3796,3797,-1,3734,3733,3797,-1,3797,3733,3732,-1,3797,3732,3731,-1,3797,3798,3734,-1,3734,3798,3799,-1,3734,3799,3735,-1,3735,3799,3800,-1,3735,3800,3736,-1,3736,3800,3737,-1,3737,3800,3801,-1,3737,3801,3738,-1,3738,3801,3802,-1,3738,3802,951,-1,3803,3795,397,-1,3721,3723,3790,-1,3790,3723,3725,-1,3790,3725,3791,-1,3791,3725,3727,-1,3791,3727,3710,-1,3804,3794,3805,-1,3805,3794,3793,-1,3805,3793,3806,-1,3806,3793,3795,-1,3806,3795,3807,-1,3719,3721,3789,-1,3789,3721,3790,-1,3789,3790,3808,-1,3808,3790,3792,-1,3808,3792,3809,-1,3809,3792,397,-1,3803,3810,3795,-1,3795,3810,3811,-1,3795,3811,3807,-1,3807,3811,3812,-1,3807,3812,3813,-1,3814,3804,3815,-1,3815,3804,3805,-1,3815,3805,3816,-1,3816,3805,3806,-1,3816,3806,3817,-1,3817,3806,3807,-1,3817,3807,3818,-1,3818,3807,3813,-1,3788,3814,3819,-1,3819,3814,3815,-1,3819,3815,3820,-1,3820,3815,3816,-1,3820,3816,3821,-1,3821,3816,3817,-1,3821,3817,3822,-1,3822,3817,3818,-1,3822,3818,3823,-1,3715,3717,3788,-1,3788,3717,3789,-1,3788,3789,3814,-1,3814,3789,3808,-1,3814,3808,3804,-1,3804,3808,3809,-1,3804,3809,3794,-1,3794,3809,397,-1,3730,960,3796,-1,3796,960,3711,-1,3796,3711,3713,-1,3813,3824,3818,-1,3818,3824,3825,-1,3818,3825,3823,-1,3823,3825,3826,-1,3823,3826,3827,-1,3713,3788,3796,-1,3796,3788,3819,-1,3796,3819,3797,-1,3797,3819,3820,-1,3797,3820,3798,-1,3798,3820,3821,-1,3798,3821,3799,-1,3799,3821,3822,-1,3799,3822,3800,-1,3800,3822,3823,-1,3800,3823,3801,-1,3801,3823,3827,-1,3801,3827,3802,-1,417,415,946,-1,946,415,3828,-1,946,3828,3829,-1,3829,3828,3830,-1,3830,3828,3831,-1,3830,3831,3832,-1,3832,3831,3833,-1,3833,3831,3834,-1,3833,3834,3835,-1,3835,3834,3836,-1,3836,3834,3837,-1,3836,3837,3838,-1,3838,3837,3839,-1,3839,3837,3840,-1,3839,3840,3841,-1,404,403,3840,-1,3840,403,953,-1,3840,953,3841,-1,949,948,3752,-1,3752,948,3842,-1,3752,3842,3750,-1,3750,3842,3843,-1,3750,3843,3749,-1,3749,3843,3844,-1,3749,3844,3747,-1,3844,3845,3747,-1,3747,3845,3846,-1,3747,3846,3746,-1,3746,3846,3847,-1,3746,3847,3744,-1,3744,3847,3848,-1,3744,3848,3743,-1,3743,3848,3849,-1,3743,3849,3741,-1,3741,3849,3740,-1,3740,3849,954,-1,954,3849,3850,-1,954,3850,955,-1,398,399,3762,-1,956,955,3787,-1,3787,955,3851,-1,3787,3851,3780,-1,3780,3851,3852,-1,3780,3852,3781,-1,3781,3852,3853,-1,3781,3853,3753,-1,3753,3853,3854,-1,3753,3854,3754,-1,3754,3854,3855,-1,3754,3855,3768,-1,3768,3855,3856,-1,3768,3856,3769,-1,3769,3856,3857,-1,3769,3857,3770,-1,3770,3857,3858,-1,3770,3858,3771,-1,3771,3858,3859,-1,3771,3859,3762,-1,3762,3859,3860,-1,3762,3860,398,-1,397,396,3861,-1,952,951,3862,-1,3862,951,3802,-1,3862,3802,3863,-1,3863,3802,3827,-1,3863,3827,3864,-1,3864,3827,3826,-1,3864,3826,3865,-1,3865,3826,3825,-1,3865,3825,3866,-1,3866,3825,3824,-1,3866,3824,3867,-1,3867,3824,3813,-1,3867,3813,3868,-1,3868,3813,3812,-1,3868,3812,3869,-1,3869,3812,3811,-1,3869,3811,3870,-1,3870,3811,3810,-1,3870,3810,3861,-1,3861,3810,3803,-1,3861,3803,397,-1,3836,3838,3871,-1,3871,3838,3839,-1,3871,3839,952,-1,952,3839,3841,-1,952,3841,953,-1,3871,3872,3836,-1,3836,3872,3873,-1,3836,3873,3835,-1,3835,3873,3874,-1,3874,3875,3835,-1,3835,3875,3876,-1,3835,3876,3833,-1,3833,3876,3877,-1,3833,3877,3832,-1,3832,3877,3878,-1,3832,3878,3830,-1,3830,3878,3879,-1,3830,3879,3829,-1,3829,3879,947,-1,3829,947,946,-1,3880,3881,3882,-1,3883,3884,3885,-1,3886,3887,3888,-1,398,3889,3890,-1,3891,3889,398,-1,3888,3887,398,-1,3892,398,3887,-1,3842,3893,3843,-1,3843,3893,3894,-1,3846,3845,3894,-1,3894,3845,3844,-1,3894,3844,3843,-1,3894,3895,3846,-1,3846,3895,3896,-1,3846,3896,3847,-1,3847,3896,3897,-1,3847,3897,3848,-1,3848,3897,3849,-1,3849,3897,3898,-1,3849,3898,3850,-1,3850,3898,3851,-1,3850,3851,955,-1,3860,3891,398,-1,3899,3900,3886,-1,3886,3900,3901,-1,3886,3901,3887,-1,3887,3901,3902,-1,3887,3902,3892,-1,3903,3890,3904,-1,3904,3890,3889,-1,3904,3889,3905,-1,3905,3889,3891,-1,3905,3891,3906,-1,3884,3899,3885,-1,3885,3899,3886,-1,3885,3886,3907,-1,3907,3886,3888,-1,3907,3888,3908,-1,3908,3888,398,-1,3860,3859,3891,-1,3891,3859,3858,-1,3891,3858,3906,-1,3906,3858,3857,-1,3906,3857,3856,-1,3909,3903,3910,-1,3910,3903,3904,-1,3910,3904,3911,-1,3911,3904,3905,-1,3911,3905,3912,-1,3912,3905,3906,-1,3912,3906,3913,-1,3913,3906,3856,-1,3882,3909,3914,-1,3914,3909,3910,-1,3914,3910,3915,-1,3915,3910,3911,-1,3915,3911,3916,-1,3916,3911,3912,-1,3916,3912,3917,-1,3917,3912,3913,-1,3917,3913,3918,-1,3881,3883,3882,-1,3882,3883,3885,-1,3882,3885,3909,-1,3909,3885,3907,-1,3909,3907,3903,-1,3903,3907,3908,-1,3903,3908,3890,-1,3890,3908,398,-1,3842,948,3893,-1,3893,948,3919,-1,3893,3919,3880,-1,3856,3855,3913,-1,3913,3855,3854,-1,3913,3854,3918,-1,3918,3854,3853,-1,3918,3853,3852,-1,3880,3882,3893,-1,3893,3882,3914,-1,3893,3914,3894,-1,3894,3914,3915,-1,3894,3915,3895,-1,3895,3915,3916,-1,3895,3916,3896,-1,3896,3916,3917,-1,3896,3917,3897,-1,3897,3917,3918,-1,3897,3918,3898,-1,3898,3918,3852,-1,3898,3852,3851,-1,3865,3866,3920,-1,3921,3922,3923,-1,396,3924,3925,-1,3926,3924,396,-1,3923,3922,396,-1,3861,396,3922,-1,3927,3872,3871,-1,3872,3927,3873,-1,3873,3927,3928,-1,3873,3928,3874,-1,3874,3928,3929,-1,3874,3929,3875,-1,3875,3929,3930,-1,3875,3930,3876,-1,3876,3930,3877,-1,3877,3930,3931,-1,3877,3931,3878,-1,3878,3931,3879,-1,3879,3931,3932,-1,3879,3932,947,-1,3933,3926,396,-1,3867,3868,3921,-1,3921,3868,3869,-1,3921,3869,3922,-1,3922,3869,3870,-1,3922,3870,3861,-1,3934,3925,3935,-1,3935,3925,3924,-1,3935,3924,3936,-1,3936,3924,3926,-1,3936,3926,3937,-1,3933,3938,3926,-1,3926,3938,3939,-1,3926,3939,3937,-1,3937,3939,3940,-1,3937,3940,3941,-1,3920,3934,3942,-1,3942,3934,3935,-1,3942,3935,3943,-1,3943,3935,3936,-1,3943,3936,3944,-1,3944,3936,3937,-1,3944,3937,3945,-1,3945,3937,3941,-1,3863,3864,3946,-1,3946,3864,3865,-1,3865,3920,3946,-1,3946,3920,3942,-1,3946,3942,3947,-1,3947,3942,3943,-1,3947,3943,3948,-1,3948,3943,3944,-1,3948,3944,3949,-1,3949,3944,3945,-1,3949,3945,3950,-1,3866,3867,3920,-1,3920,3867,3921,-1,3920,3921,3934,-1,3934,3921,3923,-1,3934,3923,3925,-1,3925,3923,396,-1,3863,3927,3862,-1,3862,3927,3871,-1,3862,3871,952,-1,3941,3951,3945,-1,3945,3951,3952,-1,3945,3952,3950,-1,3950,3952,3953,-1,3950,3953,3954,-1,3863,3946,3927,-1,3927,3946,3947,-1,3927,3947,3928,-1,3928,3947,3948,-1,3928,3948,3929,-1,3929,3948,3949,-1,3929,3949,3930,-1,3930,3949,3950,-1,3930,3950,3931,-1,3931,3950,3954,-1,3931,3954,3932,-1,948,947,3919,-1,3919,947,3932,-1,3919,3932,3880,-1,3880,3932,3954,-1,3880,3954,3881,-1,3881,3954,3953,-1,3881,3953,3883,-1,3883,3953,3952,-1,3883,3952,3884,-1,3884,3952,3951,-1,3884,3951,3899,-1,3899,3951,3941,-1,3899,3941,3900,-1,3900,3941,3940,-1,3900,3940,3901,-1,3901,3940,3939,-1,3901,3939,3902,-1,3902,3939,3938,-1,3902,3938,3892,-1,3938,3933,3892,-1,3892,3933,396,-1,3892,396,398,-1,481,479,3955,-1,481,3955,3956,-1,3956,3955,3957,-1,3956,3957,3958,-1,3958,3957,3959,-1,3958,3959,3960,-1,3960,3959,3961,-1,3960,3961,3962,-1,3962,3961,3963,-1,3962,3963,3964,-1,3964,3963,501,-1,3964,501,418,-1,478,480,3965,-1,478,3965,3966,-1,3966,3965,3967,-1,3966,3967,3968,-1,3968,3967,3969,-1,3968,3969,3970,-1,3970,3969,3971,-1,3970,3971,3972,-1,3972,3971,3973,-1,3972,3973,3974,-1,3974,3973,456,-1,3974,456,499,-1,433,3975,3976,-1,3975,3977,3978,-1,3977,3979,3980,-1,3979,3981,3982,-1,3981,3983,3984,-1,3983,495,493,-1,3983,493,3984,-1,3984,493,491,-1,3984,491,3985,-1,3985,491,489,-1,3985,489,3986,-1,3986,489,487,-1,3986,487,3987,-1,3987,487,485,-1,3987,485,3988,-1,3988,485,483,-1,3988,483,3989,-1,3989,483,481,-1,3989,481,3956,-1,3981,3984,3982,-1,3982,3984,3985,-1,3982,3985,3990,-1,3990,3985,3986,-1,3990,3986,3991,-1,3991,3986,3987,-1,3991,3987,3992,-1,3992,3987,3988,-1,3992,3988,3993,-1,3993,3988,3989,-1,3993,3989,3994,-1,3994,3989,3956,-1,3994,3956,3958,-1,3979,3982,3980,-1,3980,3982,3990,-1,3980,3990,3995,-1,3995,3990,3991,-1,3995,3991,3996,-1,3996,3991,3992,-1,3996,3992,3997,-1,3997,3992,3993,-1,3997,3993,3998,-1,3998,3993,3994,-1,3998,3994,3999,-1,3999,3994,3958,-1,3999,3958,3960,-1,3977,3980,3978,-1,3978,3980,3995,-1,3978,3995,4000,-1,4000,3995,3996,-1,4000,3996,4001,-1,4001,3996,3997,-1,4001,3997,4002,-1,4002,3997,3998,-1,4002,3998,4003,-1,4003,3998,3999,-1,4003,3999,4004,-1,4004,3999,3960,-1,4004,3960,3962,-1,3975,3978,3976,-1,3976,3978,4000,-1,3976,4000,4005,-1,4005,4000,4001,-1,4005,4001,4006,-1,4006,4001,4002,-1,4006,4002,4007,-1,4007,4002,4003,-1,4007,4003,4008,-1,4008,4003,4004,-1,4008,4004,4009,-1,4009,4004,3962,-1,4009,3962,3964,-1,433,3976,431,-1,431,3976,4005,-1,431,4005,429,-1,429,4005,4006,-1,429,4006,427,-1,427,4006,4007,-1,427,4007,425,-1,425,4007,4008,-1,425,4008,423,-1,423,4008,4009,-1,423,4009,421,-1,421,4009,3964,-1,421,3964,418,-1,494,4010,4011,-1,4010,4012,4013,-1,4012,4014,4015,-1,4014,4016,4017,-1,4016,4018,4019,-1,4018,441,444,-1,4018,444,4019,-1,4019,444,446,-1,4019,446,4020,-1,4020,446,448,-1,4020,448,4021,-1,4021,448,450,-1,4021,450,4022,-1,4022,450,452,-1,4022,452,4023,-1,4023,452,454,-1,4023,454,4024,-1,4024,454,456,-1,4024,456,3973,-1,4016,4019,4017,-1,4017,4019,4020,-1,4017,4020,4025,-1,4025,4020,4021,-1,4025,4021,4026,-1,4026,4021,4022,-1,4026,4022,4027,-1,4027,4022,4023,-1,4027,4023,4028,-1,4028,4023,4024,-1,4028,4024,4029,-1,4029,4024,3973,-1,4029,3973,3971,-1,4014,4017,4015,-1,4015,4017,4025,-1,4015,4025,4030,-1,4030,4025,4026,-1,4030,4026,4031,-1,4031,4026,4027,-1,4031,4027,4032,-1,4032,4027,4028,-1,4032,4028,4033,-1,4033,4028,4029,-1,4033,4029,4034,-1,4034,4029,3971,-1,4034,3971,3969,-1,4012,4015,4013,-1,4013,4015,4030,-1,4013,4030,4035,-1,4035,4030,4031,-1,4035,4031,4036,-1,4036,4031,4032,-1,4036,4032,4037,-1,4037,4032,4033,-1,4037,4033,4038,-1,4038,4033,4034,-1,4038,4034,4039,-1,4039,4034,3969,-1,4039,3969,3967,-1,4010,4013,4011,-1,4011,4013,4035,-1,4011,4035,4040,-1,4040,4035,4036,-1,4040,4036,4041,-1,4041,4036,4037,-1,4041,4037,4042,-1,4042,4037,4038,-1,4042,4038,4043,-1,4043,4038,4039,-1,4043,4039,4044,-1,4044,4039,3967,-1,4044,3967,3965,-1,494,4011,492,-1,492,4011,4040,-1,492,4040,490,-1,490,4040,4041,-1,490,4041,488,-1,488,4041,4042,-1,488,4042,486,-1,486,4042,4043,-1,486,4043,484,-1,484,4043,4044,-1,484,4044,482,-1,482,4044,3965,-1,482,3965,480,-1,477,475,4045,-1,477,4045,4046,-1,4046,4045,4047,-1,4046,4047,4048,-1,4048,4047,4049,-1,4048,4049,4050,-1,4050,4049,4051,-1,4050,4051,4052,-1,4052,4051,4053,-1,4052,4053,4054,-1,4054,4053,419,-1,4054,419,500,-1,974,497,495,-1,974,495,4055,-1,4055,495,3983,-1,4055,3983,4056,-1,4056,3983,3981,-1,4056,3981,4057,-1,4057,3981,4058,-1,4058,3981,3979,-1,4058,3979,4059,-1,4059,3979,4060,-1,4060,3979,3977,-1,4060,3977,4061,-1,4061,3977,4062,-1,4062,3977,3975,-1,4062,3975,4063,-1,433,435,3975,-1,3975,435,973,-1,3975,973,4063,-1,966,443,441,-1,966,441,4064,-1,4064,441,4018,-1,4064,4018,4065,-1,4065,4018,4016,-1,4065,4016,4066,-1,4066,4016,4067,-1,4067,4016,4014,-1,4067,4014,4068,-1,4068,4014,4069,-1,4069,4014,4012,-1,4069,4012,4070,-1,4070,4012,4071,-1,4071,4012,4010,-1,4071,4010,4072,-1,494,496,4010,-1,4010,496,977,-1,4010,977,4072,-1,474,476,4073,-1,474,4073,4074,-1,4074,4073,4075,-1,4074,4075,4076,-1,4076,4075,4077,-1,4076,4077,4078,-1,4078,4077,4079,-1,4078,4079,4080,-1,4080,4079,4081,-1,4080,4081,4082,-1,4082,4081,498,-1,4082,498,457,-1,461,4083,4084,-1,4083,4085,4086,-1,4085,4087,4088,-1,4087,4089,4090,-1,4089,4091,4092,-1,4091,432,430,-1,4091,430,4092,-1,4092,430,428,-1,4092,428,4093,-1,4093,428,426,-1,4093,426,4094,-1,4094,426,424,-1,4094,424,4095,-1,4095,424,422,-1,4095,422,4096,-1,4096,422,420,-1,4096,420,4097,-1,4097,420,419,-1,4097,419,4053,-1,4089,4092,4090,-1,4090,4092,4093,-1,4090,4093,4098,-1,4098,4093,4094,-1,4098,4094,4099,-1,4099,4094,4095,-1,4099,4095,4100,-1,4100,4095,4096,-1,4100,4096,4101,-1,4101,4096,4097,-1,4101,4097,4102,-1,4102,4097,4053,-1,4102,4053,4051,-1,4087,4090,4088,-1,4088,4090,4098,-1,4088,4098,4103,-1,4103,4098,4099,-1,4103,4099,4104,-1,4104,4099,4100,-1,4104,4100,4105,-1,4105,4100,4101,-1,4105,4101,4106,-1,4106,4101,4102,-1,4106,4102,4107,-1,4107,4102,4051,-1,4107,4051,4049,-1,4085,4088,4086,-1,4086,4088,4103,-1,4086,4103,4108,-1,4108,4103,4104,-1,4108,4104,4109,-1,4109,4104,4105,-1,4109,4105,4110,-1,4110,4105,4106,-1,4110,4106,4111,-1,4111,4106,4107,-1,4111,4107,4112,-1,4112,4107,4049,-1,4112,4049,4047,-1,4083,4086,4084,-1,4084,4086,4108,-1,4084,4108,4113,-1,4113,4108,4109,-1,4113,4109,4114,-1,4114,4109,4110,-1,4114,4110,4115,-1,4115,4110,4111,-1,4115,4111,4116,-1,4116,4111,4112,-1,4116,4112,4117,-1,4117,4112,4047,-1,4117,4047,4045,-1,461,4084,463,-1,463,4084,4113,-1,463,4113,465,-1,465,4113,4114,-1,465,4114,467,-1,467,4114,4115,-1,467,4115,469,-1,469,4115,4116,-1,469,4116,471,-1,471,4116,4117,-1,471,4117,473,-1,473,4117,4045,-1,473,4045,475,-1,4118,4062,4119,-1,4119,4062,4063,-1,4119,4063,4120,-1,4120,4063,973,-1,4120,973,972,-1,4118,4121,4062,-1,4062,4121,4122,-1,4062,4122,4061,-1,4061,4122,4060,-1,4122,4123,4060,-1,4060,4123,4124,-1,4060,4124,4059,-1,4059,4124,4125,-1,4125,4126,4059,-1,4059,4126,4127,-1,4059,4127,4058,-1,4058,4127,4128,-1,4058,4128,4057,-1,4057,4128,4129,-1,975,974,4130,-1,4130,974,4055,-1,4130,4055,4129,-1,4129,4055,4056,-1,4129,4056,4057,-1,439,437,4131,-1,976,975,4132,-1,4132,975,4133,-1,4132,4133,4134,-1,4134,4133,4135,-1,4134,4135,4136,-1,4136,4135,4137,-1,4136,4137,4138,-1,4138,4137,4139,-1,4138,4139,4140,-1,4140,4139,4141,-1,4140,4141,4142,-1,4142,4141,4143,-1,4142,4143,4144,-1,4144,4143,4145,-1,4144,4145,4146,-1,4146,4145,4147,-1,4146,4147,4148,-1,4148,4147,4149,-1,4148,4149,4131,-1,4131,4149,4150,-1,4131,4150,439,-1,977,976,4072,-1,4072,976,4151,-1,4072,4151,4071,-1,4071,4151,4152,-1,4071,4152,4070,-1,4070,4152,4069,-1,4152,4153,4069,-1,4069,4153,4154,-1,4069,4154,4068,-1,4154,4155,4068,-1,4068,4155,4156,-1,4068,4156,4067,-1,4156,4157,4067,-1,4067,4157,4158,-1,4067,4158,4066,-1,4066,4158,4159,-1,4066,4159,4065,-1,4159,4160,4065,-1,4065,4160,4161,-1,4065,4161,4064,-1,4064,4161,4162,-1,4064,4162,966,-1,966,4162,4163,-1,966,4163,967,-1,440,4164,4165,-1,4164,4166,4167,-1,4166,4168,4169,-1,4168,4170,4171,-1,4170,4172,4173,-1,4172,460,462,-1,4172,462,4173,-1,4173,462,464,-1,4173,464,4174,-1,4174,464,466,-1,4174,466,4175,-1,4175,466,468,-1,4175,468,4176,-1,4176,468,470,-1,4176,470,4177,-1,4177,470,472,-1,4177,472,4178,-1,4178,472,474,-1,4178,474,4074,-1,4170,4173,4171,-1,4171,4173,4174,-1,4171,4174,4179,-1,4179,4174,4175,-1,4179,4175,4180,-1,4180,4175,4176,-1,4180,4176,4181,-1,4181,4176,4177,-1,4181,4177,4182,-1,4182,4177,4178,-1,4182,4178,4183,-1,4183,4178,4074,-1,4183,4074,4076,-1,4168,4171,4169,-1,4169,4171,4179,-1,4169,4179,4184,-1,4184,4179,4180,-1,4184,4180,4185,-1,4185,4180,4181,-1,4185,4181,4186,-1,4186,4181,4182,-1,4186,4182,4187,-1,4187,4182,4183,-1,4187,4183,4188,-1,4188,4183,4076,-1,4188,4076,4078,-1,4166,4169,4167,-1,4167,4169,4184,-1,4167,4184,4189,-1,4189,4184,4185,-1,4189,4185,4190,-1,4190,4185,4186,-1,4190,4186,4191,-1,4191,4186,4187,-1,4191,4187,4192,-1,4192,4187,4188,-1,4192,4188,4193,-1,4193,4188,4078,-1,4193,4078,4080,-1,4164,4167,4165,-1,4165,4167,4189,-1,4165,4189,4194,-1,4194,4189,4190,-1,4194,4190,4195,-1,4195,4190,4191,-1,4195,4191,4196,-1,4196,4191,4192,-1,4196,4192,4197,-1,4197,4192,4193,-1,4197,4193,4198,-1,4198,4193,4080,-1,4198,4080,4082,-1,440,4165,445,-1,445,4165,4194,-1,445,4194,447,-1,447,4194,4195,-1,447,4195,449,-1,449,4195,4196,-1,449,4196,451,-1,451,4196,4197,-1,451,4197,453,-1,453,4197,4198,-1,453,4198,455,-1,455,4198,4082,-1,455,4082,457,-1,970,434,432,-1,970,432,4199,-1,4199,432,4091,-1,4199,4091,4200,-1,4200,4091,4089,-1,4200,4089,4201,-1,4201,4089,4202,-1,4202,4089,4087,-1,4202,4087,4203,-1,4203,4087,4204,-1,4204,4087,4085,-1,4204,4085,4205,-1,4205,4085,4206,-1,4206,4085,4083,-1,4206,4083,4207,-1,461,459,4083,-1,4083,459,965,-1,4083,965,4207,-1,4135,4133,4208,-1,4139,4137,4209,-1,4143,4141,4210,-1,4147,4145,4211,-1,4212,4120,972,-1,4213,4123,4214,-1,4214,4123,4122,-1,4214,4122,4121,-1,4215,4125,4213,-1,4213,4125,4124,-1,4213,4124,4123,-1,4126,4216,4127,-1,4127,4216,4217,-1,4127,4217,4128,-1,4128,4217,4129,-1,4129,4217,4208,-1,4129,4208,4130,-1,4130,4208,4133,-1,4130,4133,975,-1,4149,4218,4150,-1,4150,4218,4219,-1,4150,4219,439,-1,4220,4221,4218,-1,4218,4221,4222,-1,4218,4222,4219,-1,4223,4224,4220,-1,4220,4224,4225,-1,4220,4225,4221,-1,4137,4135,4209,-1,4209,4135,4208,-1,4209,4208,4226,-1,4226,4208,4217,-1,4226,4217,4215,-1,4215,4217,4216,-1,4215,4216,4125,-1,4125,4216,4126,-1,4227,4228,4223,-1,4223,4228,4229,-1,4223,4229,4224,-1,972,4230,4212,-1,4212,4230,4231,-1,4212,4231,4227,-1,4227,4231,4232,-1,4227,4232,4228,-1,4149,4147,4218,-1,4218,4147,4211,-1,4218,4211,4220,-1,4220,4211,4233,-1,4220,4233,4223,-1,4223,4233,4234,-1,4223,4234,4227,-1,4227,4234,4235,-1,4227,4235,4212,-1,4212,4235,4236,-1,4212,4236,4120,-1,4120,4236,4119,-1,4145,4143,4211,-1,4211,4143,4210,-1,4211,4210,4233,-1,4233,4210,4237,-1,4233,4237,4234,-1,4234,4237,4238,-1,4234,4238,4235,-1,4235,4238,4239,-1,4235,4239,4236,-1,4236,4239,4240,-1,4236,4240,4119,-1,4119,4240,4118,-1,4141,4139,4210,-1,4210,4139,4209,-1,4210,4209,4237,-1,4237,4209,4226,-1,4237,4226,4238,-1,4238,4226,4215,-1,4238,4215,4239,-1,4239,4215,4213,-1,4239,4213,4240,-1,4240,4213,4214,-1,4240,4214,4118,-1,4118,4214,4121,-1,4134,4136,4241,-1,4138,4140,4242,-1,4142,4144,4243,-1,4244,4245,4246,-1,976,4132,4247,-1,4248,4153,4249,-1,4249,4153,4152,-1,4249,4152,4247,-1,4247,4152,4151,-1,4247,4151,976,-1,4156,4155,4248,-1,4248,4155,4154,-1,4248,4154,4153,-1,4158,4250,4251,-1,4161,4160,4251,-1,4251,4160,4159,-1,4251,4159,4158,-1,4252,4253,4254,-1,4254,4253,4255,-1,4254,4255,4256,-1,4246,4245,4257,-1,4245,4258,4257,-1,4257,4258,4259,-1,4257,4259,4255,-1,4255,4259,4260,-1,4255,4260,4256,-1,4146,4148,4261,-1,4261,4148,4131,-1,4244,4246,4262,-1,4262,4246,4261,-1,4262,4261,4263,-1,4263,4261,4131,-1,4263,4131,437,-1,4144,4146,4243,-1,4243,4146,4261,-1,4243,4261,4264,-1,4264,4261,4246,-1,4264,4246,4265,-1,4265,4246,4257,-1,4265,4257,4266,-1,4266,4257,4255,-1,4266,4255,4267,-1,4267,4255,4253,-1,4140,4142,4242,-1,4242,4142,4243,-1,4242,4243,4268,-1,4268,4243,4264,-1,4268,4264,4269,-1,4269,4264,4265,-1,4269,4265,4270,-1,4270,4265,4266,-1,4270,4266,4271,-1,4271,4266,4267,-1,4136,4138,4241,-1,4241,4138,4242,-1,4241,4242,4272,-1,4272,4242,4268,-1,4272,4268,4273,-1,4273,4268,4269,-1,4273,4269,4250,-1,4250,4269,4270,-1,4250,4270,4251,-1,4251,4270,4271,-1,4251,4271,4161,-1,4161,4271,4267,-1,4161,4267,4162,-1,4162,4267,4253,-1,4162,4253,4163,-1,4163,4253,4252,-1,4163,4252,967,-1,4132,4134,4247,-1,4247,4134,4241,-1,4247,4241,4249,-1,4249,4241,4272,-1,4249,4272,4248,-1,4248,4272,4273,-1,4248,4273,4156,-1,4156,4273,4250,-1,4156,4250,4157,-1,4157,4250,4158,-1,962,458,460,-1,962,460,4274,-1,4274,460,4172,-1,4274,4172,4275,-1,4275,4172,4170,-1,4275,4170,4276,-1,4276,4170,4277,-1,4277,4170,4168,-1,4277,4168,4278,-1,4278,4168,4279,-1,4279,4168,4166,-1,4279,4166,4280,-1,4280,4166,4281,-1,4281,4166,4164,-1,4281,4164,4282,-1,440,442,4164,-1,4164,442,969,-1,4164,969,4282,-1,965,964,4207,-1,4207,964,4283,-1,4207,4283,4206,-1,4206,4283,4284,-1,4206,4284,4205,-1,4205,4284,4204,-1,4284,4285,4204,-1,4204,4285,4286,-1,4204,4286,4203,-1,4286,4287,4203,-1,4203,4287,4288,-1,4203,4288,4202,-1,4288,4289,4202,-1,4202,4289,4290,-1,4202,4290,4201,-1,4201,4290,4291,-1,4201,4291,4200,-1,4291,4292,4200,-1,4200,4292,4293,-1,4200,4293,4199,-1,4199,4293,4294,-1,4199,4294,970,-1,970,4294,4295,-1,970,4295,971,-1,438,439,4219,-1,972,971,4230,-1,4230,971,4296,-1,4230,4296,4231,-1,4231,4296,4297,-1,4231,4297,4232,-1,4232,4297,4298,-1,4232,4298,4228,-1,4228,4298,4299,-1,4228,4299,4229,-1,4229,4299,4300,-1,4229,4300,4224,-1,4224,4300,4301,-1,4224,4301,4225,-1,4225,4301,4302,-1,4225,4302,4221,-1,4221,4302,4303,-1,4221,4303,4222,-1,4222,4303,4304,-1,4222,4304,4219,-1,4219,4304,4305,-1,4219,4305,438,-1,437,436,4306,-1,968,967,4307,-1,4307,967,4252,-1,4307,4252,4308,-1,4308,4252,4254,-1,4308,4254,4309,-1,4309,4254,4256,-1,4309,4256,4310,-1,4310,4256,4260,-1,4310,4260,4311,-1,4311,4260,4259,-1,4311,4259,4312,-1,4312,4259,4258,-1,4312,4258,4313,-1,4313,4258,4245,-1,4313,4245,4314,-1,4314,4245,4244,-1,4314,4244,4315,-1,4315,4244,4262,-1,4315,4262,4306,-1,4306,4262,4263,-1,4306,4263,437,-1,969,968,4316,-1,969,4316,4282,-1,4282,4316,4317,-1,4282,4317,4281,-1,4318,4319,4279,-1,4317,4320,4281,-1,4281,4320,4318,-1,4281,4318,4280,-1,4280,4318,4279,-1,4319,4321,4279,-1,4279,4321,4322,-1,4279,4322,4278,-1,4278,4322,4323,-1,4323,4324,4278,-1,4278,4324,4325,-1,4278,4325,4277,-1,4277,4325,4326,-1,4277,4326,4276,-1,4276,4326,4327,-1,963,962,4328,-1,4328,962,4274,-1,4328,4274,4327,-1,4327,4274,4275,-1,4327,4275,4276,-1,4284,4283,4329,-1,4329,4283,964,-1,4287,4286,4330,-1,4330,4286,4285,-1,4290,4289,4331,-1,4331,4289,4288,-1,4293,4292,4332,-1,4332,4292,4291,-1,4332,4291,4290,-1,4332,4333,4293,-1,4293,4333,4334,-1,4293,4334,4294,-1,4294,4334,4335,-1,4294,4335,4295,-1,4295,4335,4296,-1,4295,4296,971,-1,964,4336,4329,-1,4329,4336,4337,-1,4329,4337,4338,-1,4337,4339,4338,-1,4338,4339,4340,-1,4338,4340,4341,-1,4340,4342,4341,-1,4341,4342,4343,-1,4341,4343,4344,-1,4343,4345,4344,-1,4344,4345,4346,-1,4344,4346,4347,-1,438,4305,4348,-1,4348,4305,4347,-1,4348,4347,4349,-1,4349,4347,4346,-1,4284,4329,4350,-1,4350,4329,4338,-1,4350,4338,4351,-1,4351,4338,4341,-1,4351,4341,4352,-1,4352,4341,4344,-1,4352,4344,4353,-1,4353,4344,4347,-1,4353,4347,4354,-1,4305,4304,4347,-1,4347,4304,4303,-1,4347,4303,4354,-1,4354,4303,4302,-1,4354,4302,4301,-1,4301,4355,4354,-1,4354,4355,4356,-1,4354,4356,4353,-1,4353,4356,4357,-1,4353,4357,4352,-1,4352,4357,4358,-1,4352,4358,4351,-1,4351,4358,4330,-1,4351,4330,4350,-1,4350,4330,4285,-1,4350,4285,4284,-1,4287,4330,4288,-1,4288,4330,4358,-1,4288,4358,4331,-1,4331,4358,4357,-1,4331,4357,4359,-1,4359,4357,4356,-1,4359,4356,4360,-1,4360,4356,4355,-1,4360,4355,4361,-1,4301,4300,4355,-1,4355,4300,4299,-1,4355,4299,4361,-1,4361,4299,4298,-1,4361,4298,4297,-1,4290,4331,4332,-1,4332,4331,4359,-1,4332,4359,4333,-1,4333,4359,4360,-1,4333,4360,4334,-1,4334,4360,4361,-1,4334,4361,4335,-1,4335,4361,4297,-1,4335,4297,4296,-1,4362,4363,4364,-1,4365,4366,4367,-1,4368,4369,4370,-1,4371,4372,4373,-1,4374,4375,4376,-1,4377,4316,968,-1,4378,4321,4379,-1,4379,4321,4319,-1,4379,4319,4318,-1,4380,4323,4378,-1,4378,4323,4322,-1,4378,4322,4321,-1,4324,4381,4325,-1,4325,4381,4382,-1,4325,4382,4326,-1,4326,4382,4327,-1,4327,4382,4376,-1,4327,4376,4328,-1,4328,4376,4375,-1,4328,4375,963,-1,968,4307,4377,-1,4377,4307,4308,-1,4377,4308,4383,-1,4308,4309,4383,-1,4383,4309,4310,-1,4383,4310,4384,-1,4310,4311,4384,-1,4384,4311,4312,-1,4384,4312,4385,-1,4312,4313,4385,-1,4385,4313,4314,-1,4385,4314,4364,-1,4372,4374,4373,-1,4373,4374,4376,-1,4373,4376,4386,-1,4386,4376,4382,-1,4386,4382,4380,-1,4380,4382,4381,-1,4380,4381,4323,-1,4323,4381,4324,-1,4369,4371,4370,-1,4370,4371,4373,-1,4370,4373,4387,-1,4387,4373,4386,-1,4387,4386,4388,-1,4388,4386,4380,-1,4388,4380,4389,-1,4389,4380,4378,-1,4389,4378,4390,-1,4390,4378,4379,-1,4390,4379,4320,-1,4320,4379,4318,-1,4366,4368,4367,-1,4367,4368,4370,-1,4367,4370,4391,-1,4391,4370,4387,-1,4391,4387,4392,-1,4392,4387,4388,-1,4392,4388,4393,-1,4393,4388,4389,-1,4393,4389,4394,-1,4394,4389,4390,-1,4394,4390,4317,-1,4317,4390,4320,-1,4363,4365,4364,-1,4364,4365,4367,-1,4364,4367,4385,-1,4385,4367,4391,-1,4385,4391,4384,-1,4384,4391,4392,-1,4384,4392,4383,-1,4383,4392,4393,-1,4383,4393,4377,-1,4377,4393,4394,-1,4377,4394,4316,-1,4316,4394,4317,-1,436,4362,4306,-1,4306,4362,4364,-1,4306,4364,4315,-1,4315,4364,4314,-1,964,963,4336,-1,4336,963,4375,-1,4336,4375,4337,-1,4337,4375,4374,-1,4337,4374,4339,-1,4339,4374,4372,-1,4339,4372,4340,-1,4340,4372,4371,-1,4340,4371,4342,-1,4342,4371,4369,-1,4342,4369,4343,-1,4343,4369,4368,-1,4343,4368,4345,-1,4345,4368,4366,-1,4345,4366,4346,-1,4346,4366,4365,-1,4346,4365,4349,-1,4349,4365,4363,-1,4349,4363,4348,-1,4363,4362,4348,-1,4348,4362,436,-1,4348,436,438,-1,514,516,990,-1,990,516,4395,-1,990,4395,4396,-1,4396,4395,4397,-1,4397,4395,4398,-1,4397,4398,4399,-1,4399,4398,4400,-1,4400,4398,4401,-1,4400,4401,4402,-1,4402,4401,4403,-1,4403,4401,4404,-1,4403,4404,4405,-1,4405,4404,4406,-1,4406,4404,4407,-1,4406,4407,4408,-1,513,511,4407,-1,4407,511,989,-1,4407,989,4408,-1,506,508,982,-1,982,508,4409,-1,982,4409,4410,-1,4410,4409,4411,-1,4411,4409,4412,-1,4411,4412,4413,-1,4413,4412,4414,-1,4414,4412,4415,-1,4414,4415,4416,-1,4416,4415,4417,-1,4417,4415,4418,-1,4417,4418,4419,-1,4419,4418,4420,-1,4420,4418,4421,-1,4420,4421,4422,-1,517,515,4421,-1,4421,515,993,-1,4421,993,4422,-1,4403,4405,4423,-1,4423,4405,4406,-1,4423,4406,988,-1,988,4406,4408,-1,988,4408,989,-1,4423,4424,4403,-1,4403,4424,4425,-1,4403,4425,4402,-1,4402,4425,4426,-1,4426,4427,4402,-1,4402,4427,4428,-1,4402,4428,4400,-1,4400,4428,4429,-1,4400,4429,4399,-1,4399,4429,4430,-1,4399,4430,4397,-1,4397,4430,4431,-1,4397,4431,4396,-1,4396,4431,991,-1,4396,991,990,-1,505,503,4432,-1,992,991,4433,-1,4433,991,4434,-1,4433,4434,4435,-1,4435,4434,4436,-1,4435,4436,4437,-1,4437,4436,4438,-1,4437,4438,4439,-1,4439,4438,4440,-1,4439,4440,4441,-1,4441,4440,4442,-1,4441,4442,4443,-1,4443,4442,4444,-1,4443,4444,4445,-1,4445,4444,4446,-1,4445,4446,4447,-1,4447,4446,4448,-1,4447,4448,4449,-1,4449,4448,4450,-1,4449,4450,4432,-1,4432,4450,4451,-1,4432,4451,505,-1,993,992,4422,-1,4422,992,4452,-1,4422,4452,4420,-1,4420,4452,4453,-1,4420,4453,4419,-1,4419,4453,4454,-1,4419,4454,4417,-1,4454,4455,4417,-1,4417,4455,4456,-1,4417,4456,4416,-1,4416,4456,4457,-1,4416,4457,4414,-1,4414,4457,4458,-1,4414,4458,4413,-1,4413,4458,4459,-1,4413,4459,4411,-1,4411,4459,4410,-1,4410,4459,982,-1,982,4459,4460,-1,982,4460,983,-1,510,512,986,-1,986,512,4461,-1,986,4461,4462,-1,4462,4461,4463,-1,4463,4461,4464,-1,4463,4464,4465,-1,4465,4464,4466,-1,4466,4464,4467,-1,4466,4467,4468,-1,4468,4467,4469,-1,4469,4467,4470,-1,4469,4470,4471,-1,4471,4470,4472,-1,4472,4470,4473,-1,4472,4473,4474,-1,518,520,4473,-1,4473,520,981,-1,4473,981,4474,-1,4475,4476,4477,-1,4478,4479,4480,-1,505,4481,4482,-1,4483,4481,505,-1,4480,4479,505,-1,4484,505,4479,-1,4485,4424,4423,-1,4424,4485,4425,-1,4425,4485,4486,-1,4425,4486,4426,-1,4426,4486,4487,-1,4426,4487,4427,-1,4427,4487,4488,-1,4427,4488,4428,-1,4428,4488,4429,-1,4429,4488,4489,-1,4429,4489,4430,-1,4430,4489,4431,-1,4431,4489,4434,-1,4431,4434,991,-1,4451,4483,505,-1,4490,4491,4478,-1,4478,4491,4492,-1,4478,4492,4479,-1,4479,4492,4493,-1,4479,4493,4484,-1,4494,4482,4495,-1,4495,4482,4481,-1,4495,4481,4496,-1,4496,4481,4483,-1,4496,4483,4497,-1,4451,4450,4483,-1,4483,4450,4448,-1,4483,4448,4497,-1,4497,4448,4446,-1,4497,4446,4444,-1,4477,4494,4498,-1,4498,4494,4495,-1,4498,4495,4499,-1,4499,4495,4496,-1,4499,4496,4500,-1,4500,4496,4497,-1,4500,4497,4501,-1,4501,4497,4444,-1,4502,4503,4504,-1,4504,4503,4475,-1,4475,4477,4504,-1,4504,4477,4498,-1,4504,4498,4505,-1,4505,4498,4499,-1,4505,4499,4506,-1,4506,4499,4500,-1,4506,4500,4507,-1,4507,4500,4501,-1,4507,4501,4508,-1,4476,4490,4477,-1,4477,4490,4478,-1,4477,4478,4494,-1,4494,4478,4480,-1,4494,4480,4482,-1,4482,4480,505,-1,4502,4485,4509,-1,4509,4485,4423,-1,4509,4423,988,-1,4444,4442,4501,-1,4501,4442,4440,-1,4501,4440,4508,-1,4508,4440,4438,-1,4508,4438,4436,-1,4502,4504,4485,-1,4485,4504,4505,-1,4485,4505,4486,-1,4486,4505,4506,-1,4486,4506,4487,-1,4487,4506,4507,-1,4487,4507,4488,-1,4488,4507,4508,-1,4488,4508,4489,-1,4489,4508,4436,-1,4489,4436,4434,-1,4435,4437,4510,-1,4439,4441,4511,-1,4512,4513,4514,-1,503,4515,4516,-1,4517,4515,503,-1,4514,4513,503,-1,4432,503,4513,-1,4452,4518,4453,-1,4453,4518,4519,-1,4456,4455,4519,-1,4519,4455,4454,-1,4519,4454,4453,-1,4519,4520,4456,-1,4456,4520,4521,-1,4456,4521,4457,-1,4457,4521,4522,-1,4457,4522,4458,-1,4458,4522,4459,-1,4459,4522,4523,-1,4459,4523,4460,-1,4460,4523,4524,-1,4460,4524,983,-1,4525,4517,503,-1,4443,4445,4512,-1,4512,4445,4447,-1,4512,4447,4513,-1,4513,4447,4449,-1,4513,4449,4432,-1,4526,4516,4527,-1,4527,4516,4515,-1,4527,4515,4528,-1,4528,4515,4517,-1,4528,4517,4529,-1,4441,4443,4511,-1,4511,4443,4512,-1,4511,4512,4530,-1,4530,4512,4514,-1,4530,4514,4531,-1,4531,4514,503,-1,4525,4532,4517,-1,4517,4532,4533,-1,4517,4533,4529,-1,4529,4533,4534,-1,4529,4534,4535,-1,4536,4526,4537,-1,4537,4526,4527,-1,4537,4527,4538,-1,4538,4527,4528,-1,4538,4528,4539,-1,4539,4528,4529,-1,4539,4529,4540,-1,4540,4529,4535,-1,4510,4536,4541,-1,4541,4536,4537,-1,4541,4537,4542,-1,4542,4537,4538,-1,4542,4538,4543,-1,4543,4538,4539,-1,4543,4539,4544,-1,4544,4539,4540,-1,4544,4540,4545,-1,4437,4439,4510,-1,4510,4439,4511,-1,4510,4511,4536,-1,4536,4511,4530,-1,4536,4530,4526,-1,4526,4530,4531,-1,4526,4531,4516,-1,4516,4531,503,-1,4452,992,4518,-1,4518,992,4433,-1,4518,4433,4435,-1,4535,4546,4540,-1,4540,4546,4547,-1,4540,4547,4545,-1,4545,4547,4548,-1,4545,4548,4549,-1,4435,4510,4518,-1,4518,4510,4541,-1,4518,4541,4519,-1,4519,4541,4542,-1,4519,4542,4520,-1,4520,4542,4543,-1,4520,4543,4521,-1,4521,4543,4544,-1,4521,4544,4522,-1,4522,4544,4545,-1,4522,4545,4523,-1,4523,4545,4549,-1,4523,4549,4524,-1,521,519,978,-1,978,519,4550,-1,978,4550,4551,-1,4551,4550,4552,-1,4552,4550,4553,-1,4552,4553,4554,-1,4554,4553,4555,-1,4555,4553,4556,-1,4555,4556,4557,-1,4557,4556,4558,-1,4558,4556,4559,-1,4558,4559,4560,-1,4560,4559,4561,-1,4561,4559,4562,-1,4561,4562,4563,-1,509,507,4562,-1,4562,507,985,-1,4562,985,4563,-1,981,980,4474,-1,4474,980,4564,-1,4474,4564,4472,-1,4472,4564,4565,-1,4472,4565,4471,-1,4471,4565,4566,-1,4471,4566,4469,-1,4566,4567,4469,-1,4469,4567,4568,-1,4469,4568,4468,-1,4468,4568,4569,-1,4468,4569,4466,-1,4466,4569,4570,-1,4466,4570,4465,-1,4465,4570,4571,-1,4465,4571,4463,-1,4463,4571,4462,-1,4462,4571,986,-1,986,4571,4572,-1,986,4572,987,-1,504,505,4484,-1,988,987,4509,-1,4509,987,4573,-1,4509,4573,4502,-1,4502,4573,4574,-1,4502,4574,4503,-1,4503,4574,4575,-1,4503,4575,4475,-1,4475,4575,4576,-1,4475,4576,4476,-1,4476,4576,4577,-1,4476,4577,4490,-1,4490,4577,4578,-1,4490,4578,4491,-1,4491,4578,4579,-1,4491,4579,4492,-1,4492,4579,4580,-1,4492,4580,4493,-1,4493,4580,4581,-1,4493,4581,4484,-1,4484,4581,4582,-1,4484,4582,504,-1,503,502,4583,-1,984,983,4584,-1,4584,983,4524,-1,4584,4524,4585,-1,4585,4524,4549,-1,4585,4549,4586,-1,4586,4549,4548,-1,4586,4548,4587,-1,4587,4548,4547,-1,4587,4547,4588,-1,4588,4547,4546,-1,4588,4546,4589,-1,4589,4546,4535,-1,4589,4535,4590,-1,4590,4535,4534,-1,4590,4534,4591,-1,4591,4534,4533,-1,4591,4533,4592,-1,4592,4533,4532,-1,4592,4532,4583,-1,4583,4532,4525,-1,4583,4525,503,-1,985,984,4563,-1,4563,984,4593,-1,4563,4593,4561,-1,4561,4593,4594,-1,4561,4594,4560,-1,4560,4594,4595,-1,4560,4595,4558,-1,4595,4596,4558,-1,4558,4596,4597,-1,4558,4597,4557,-1,4557,4597,4598,-1,4557,4598,4555,-1,4555,4598,4599,-1,4555,4599,4554,-1,4554,4599,4600,-1,979,978,4601,-1,4601,978,4551,-1,4601,4551,4600,-1,4600,4551,4552,-1,4600,4552,4554,-1,4602,4603,4604,-1,4605,4606,4607,-1,4608,4609,4610,-1,504,4611,4612,-1,4613,4611,504,-1,4610,4609,504,-1,4614,504,4609,-1,4564,4615,4565,-1,4565,4615,4616,-1,4568,4567,4616,-1,4616,4567,4566,-1,4616,4566,4565,-1,4616,4617,4568,-1,4568,4617,4618,-1,4568,4618,4569,-1,4569,4618,4619,-1,4569,4619,4570,-1,4570,4619,4571,-1,4571,4619,4620,-1,4571,4620,4572,-1,4572,4620,4573,-1,4572,4573,987,-1,4582,4613,504,-1,4621,4622,4608,-1,4608,4622,4623,-1,4608,4623,4609,-1,4609,4623,4624,-1,4609,4624,4614,-1,4625,4612,4626,-1,4626,4612,4611,-1,4626,4611,4627,-1,4627,4611,4613,-1,4627,4613,4628,-1,4606,4621,4607,-1,4607,4621,4608,-1,4607,4608,4629,-1,4629,4608,4610,-1,4629,4610,4630,-1,4630,4610,504,-1,4582,4581,4613,-1,4613,4581,4580,-1,4613,4580,4628,-1,4628,4580,4579,-1,4628,4579,4578,-1,4631,4625,4632,-1,4632,4625,4626,-1,4632,4626,4633,-1,4633,4626,4627,-1,4633,4627,4634,-1,4634,4627,4628,-1,4634,4628,4635,-1,4635,4628,4578,-1,4604,4631,4636,-1,4636,4631,4632,-1,4636,4632,4637,-1,4637,4632,4633,-1,4637,4633,4638,-1,4638,4633,4634,-1,4638,4634,4639,-1,4639,4634,4635,-1,4639,4635,4640,-1,4603,4605,4604,-1,4604,4605,4607,-1,4604,4607,4631,-1,4631,4607,4629,-1,4631,4629,4625,-1,4625,4629,4630,-1,4625,4630,4612,-1,4612,4630,504,-1,4564,980,4615,-1,4615,980,4641,-1,4615,4641,4602,-1,4578,4577,4635,-1,4635,4577,4576,-1,4635,4576,4640,-1,4640,4576,4575,-1,4640,4575,4574,-1,4602,4604,4615,-1,4615,4604,4636,-1,4615,4636,4616,-1,4616,4636,4637,-1,4616,4637,4617,-1,4617,4637,4638,-1,4617,4638,4618,-1,4618,4638,4639,-1,4618,4639,4619,-1,4619,4639,4640,-1,4619,4640,4620,-1,4620,4640,4574,-1,4620,4574,4573,-1,4585,4586,4642,-1,4587,4588,4643,-1,4644,4645,4646,-1,502,4647,4648,-1,4649,4647,502,-1,4646,4645,502,-1,4583,502,4645,-1,4593,4650,4594,-1,4594,4650,4651,-1,4597,4596,4651,-1,4651,4596,4595,-1,4651,4595,4594,-1,4651,4652,4597,-1,4597,4652,4653,-1,4597,4653,4598,-1,4598,4653,4654,-1,4598,4654,4599,-1,4599,4654,4600,-1,4600,4654,4655,-1,4600,4655,4601,-1,4601,4655,4656,-1,4601,4656,979,-1,4657,4649,502,-1,4589,4590,4644,-1,4644,4590,4591,-1,4644,4591,4645,-1,4645,4591,4592,-1,4645,4592,4583,-1,4658,4648,4659,-1,4659,4648,4647,-1,4659,4647,4660,-1,4660,4647,4649,-1,4660,4649,4661,-1,4588,4589,4643,-1,4643,4589,4644,-1,4643,4644,4662,-1,4662,4644,4646,-1,4662,4646,4663,-1,4663,4646,502,-1,4657,4664,4649,-1,4649,4664,4665,-1,4649,4665,4661,-1,4661,4665,4666,-1,4661,4666,4667,-1,4668,4658,4669,-1,4669,4658,4659,-1,4669,4659,4670,-1,4670,4659,4660,-1,4670,4660,4671,-1,4671,4660,4661,-1,4671,4661,4672,-1,4672,4661,4667,-1,4642,4668,4673,-1,4673,4668,4669,-1,4673,4669,4674,-1,4674,4669,4670,-1,4674,4670,4675,-1,4675,4670,4671,-1,4675,4671,4676,-1,4676,4671,4672,-1,4676,4672,4677,-1,4586,4587,4642,-1,4642,4587,4643,-1,4642,4643,4668,-1,4668,4643,4662,-1,4668,4662,4658,-1,4658,4662,4663,-1,4658,4663,4648,-1,4648,4663,502,-1,4593,984,4650,-1,4650,984,4584,-1,4650,4584,4585,-1,4667,4678,4672,-1,4672,4678,4679,-1,4672,4679,4677,-1,4677,4679,4680,-1,4677,4680,4681,-1,4585,4642,4650,-1,4650,4642,4673,-1,4650,4673,4651,-1,4651,4673,4674,-1,4651,4674,4652,-1,4652,4674,4675,-1,4652,4675,4653,-1,4653,4675,4676,-1,4653,4676,4654,-1,4654,4676,4677,-1,4654,4677,4655,-1,4655,4677,4681,-1,4655,4681,4656,-1,980,979,4641,-1,4641,979,4656,-1,4641,4656,4602,-1,4602,4656,4681,-1,4602,4681,4603,-1,4603,4681,4680,-1,4603,4680,4605,-1,4605,4680,4679,-1,4605,4679,4606,-1,4606,4679,4678,-1,4606,4678,4621,-1,4621,4678,4667,-1,4621,4667,4622,-1,4622,4667,4666,-1,4622,4666,4623,-1,4623,4666,4665,-1,4623,4665,4624,-1,4624,4665,4664,-1,4624,4664,4614,-1,4664,4657,4614,-1,4614,4657,502,-1,4614,502,504,-1,585,583,4682,-1,585,4682,4683,-1,4683,4682,4684,-1,4683,4684,4685,-1,4685,4684,4686,-1,4685,4686,4687,-1,4687,4686,4688,-1,4687,4688,4689,-1,4689,4688,4690,-1,4689,4690,4691,-1,4691,4690,605,-1,4691,605,522,-1,582,584,4692,-1,582,4692,4693,-1,4693,4692,4694,-1,4693,4694,4695,-1,4695,4694,4696,-1,4695,4696,4697,-1,4697,4696,4698,-1,4697,4698,4699,-1,4699,4698,4700,-1,4699,4700,4701,-1,4701,4700,560,-1,4701,560,603,-1,537,4702,4703,-1,4702,4704,4705,-1,4704,4706,4707,-1,4706,4708,4709,-1,4708,4710,4711,-1,4710,599,597,-1,4710,597,4711,-1,4711,597,595,-1,4711,595,4712,-1,4712,595,593,-1,4712,593,4713,-1,4713,593,591,-1,4713,591,4714,-1,4714,591,589,-1,4714,589,4715,-1,4715,589,587,-1,4715,587,4716,-1,4716,587,585,-1,4716,585,4683,-1,4708,4711,4709,-1,4709,4711,4712,-1,4709,4712,4717,-1,4717,4712,4713,-1,4717,4713,4718,-1,4718,4713,4714,-1,4718,4714,4719,-1,4719,4714,4715,-1,4719,4715,4720,-1,4720,4715,4716,-1,4720,4716,4721,-1,4721,4716,4683,-1,4721,4683,4685,-1,4706,4709,4707,-1,4707,4709,4717,-1,4707,4717,4722,-1,4722,4717,4718,-1,4722,4718,4723,-1,4723,4718,4719,-1,4723,4719,4724,-1,4724,4719,4720,-1,4724,4720,4725,-1,4725,4720,4721,-1,4725,4721,4726,-1,4726,4721,4685,-1,4726,4685,4687,-1,4704,4707,4705,-1,4705,4707,4722,-1,4705,4722,4727,-1,4727,4722,4723,-1,4727,4723,4728,-1,4728,4723,4724,-1,4728,4724,4729,-1,4729,4724,4725,-1,4729,4725,4730,-1,4730,4725,4726,-1,4730,4726,4731,-1,4731,4726,4687,-1,4731,4687,4689,-1,4702,4705,4703,-1,4703,4705,4727,-1,4703,4727,4732,-1,4732,4727,4728,-1,4732,4728,4733,-1,4733,4728,4729,-1,4733,4729,4734,-1,4734,4729,4730,-1,4734,4730,4735,-1,4735,4730,4731,-1,4735,4731,4736,-1,4736,4731,4689,-1,4736,4689,4691,-1,537,4703,535,-1,535,4703,4732,-1,535,4732,533,-1,533,4732,4733,-1,533,4733,531,-1,531,4733,4734,-1,531,4734,529,-1,529,4734,4735,-1,529,4735,527,-1,527,4735,4736,-1,527,4736,525,-1,525,4736,4691,-1,525,4691,522,-1,598,4737,4738,-1,4737,4739,4740,-1,4739,4741,4742,-1,4741,4743,4744,-1,4743,4745,4746,-1,4745,545,548,-1,4745,548,4746,-1,4746,548,550,-1,4746,550,4747,-1,4747,550,552,-1,4747,552,4748,-1,4748,552,554,-1,4748,554,4749,-1,4749,554,556,-1,4749,556,4750,-1,4750,556,558,-1,4750,558,4751,-1,4751,558,560,-1,4751,560,4700,-1,4743,4746,4744,-1,4744,4746,4747,-1,4744,4747,4752,-1,4752,4747,4748,-1,4752,4748,4753,-1,4753,4748,4749,-1,4753,4749,4754,-1,4754,4749,4750,-1,4754,4750,4755,-1,4755,4750,4751,-1,4755,4751,4756,-1,4756,4751,4700,-1,4756,4700,4698,-1,4741,4744,4742,-1,4742,4744,4752,-1,4742,4752,4757,-1,4757,4752,4753,-1,4757,4753,4758,-1,4758,4753,4754,-1,4758,4754,4759,-1,4759,4754,4755,-1,4759,4755,4760,-1,4760,4755,4756,-1,4760,4756,4761,-1,4761,4756,4698,-1,4761,4698,4696,-1,4739,4742,4740,-1,4740,4742,4757,-1,4740,4757,4762,-1,4762,4757,4758,-1,4762,4758,4763,-1,4763,4758,4759,-1,4763,4759,4764,-1,4764,4759,4760,-1,4764,4760,4765,-1,4765,4760,4761,-1,4765,4761,4766,-1,4766,4761,4696,-1,4766,4696,4694,-1,4737,4740,4738,-1,4738,4740,4762,-1,4738,4762,4767,-1,4767,4762,4763,-1,4767,4763,4768,-1,4768,4763,4764,-1,4768,4764,4769,-1,4769,4764,4765,-1,4769,4765,4770,-1,4770,4765,4766,-1,4770,4766,4771,-1,4771,4766,4694,-1,4771,4694,4692,-1,598,4738,596,-1,596,4738,4767,-1,596,4767,594,-1,594,4767,4768,-1,594,4768,592,-1,592,4768,4769,-1,592,4769,590,-1,590,4769,4770,-1,590,4770,588,-1,588,4770,4771,-1,588,4771,586,-1,586,4771,4692,-1,586,4692,584,-1,581,579,4772,-1,581,4772,4773,-1,4773,4772,4774,-1,4773,4774,4775,-1,4775,4774,4776,-1,4775,4776,4777,-1,4777,4776,4778,-1,4777,4778,4779,-1,4779,4778,4780,-1,4779,4780,4781,-1,4781,4780,523,-1,4781,523,604,-1,1006,601,599,-1,1006,599,4782,-1,4782,599,4710,-1,4782,4710,4783,-1,4783,4710,4708,-1,4783,4708,4784,-1,4784,4708,4785,-1,4785,4708,4706,-1,4785,4706,4786,-1,4786,4706,4787,-1,4787,4706,4704,-1,4787,4704,4788,-1,4788,4704,4789,-1,4789,4704,4702,-1,4789,4702,4790,-1,537,539,4702,-1,4702,539,1005,-1,4702,1005,4790,-1,998,547,545,-1,998,545,4791,-1,4791,545,4745,-1,4791,4745,4792,-1,4792,4745,4743,-1,4792,4743,4793,-1,4793,4743,4794,-1,4794,4743,4741,-1,4794,4741,4795,-1,4795,4741,4796,-1,4796,4741,4739,-1,4796,4739,4797,-1,4797,4739,4798,-1,4798,4739,4737,-1,4798,4737,4799,-1,598,600,4737,-1,4737,600,1009,-1,4737,1009,4799,-1,578,580,4800,-1,578,4800,4801,-1,4801,4800,4802,-1,4801,4802,4803,-1,4803,4802,4804,-1,4803,4804,4805,-1,4805,4804,4806,-1,4805,4806,4807,-1,4807,4806,4808,-1,4807,4808,4809,-1,4809,4808,602,-1,4809,602,561,-1,565,4810,4811,-1,4810,4812,4813,-1,4812,4814,4815,-1,4814,4816,4817,-1,4816,4818,4819,-1,4818,536,534,-1,4818,534,4819,-1,4819,534,532,-1,4819,532,4820,-1,4820,532,530,-1,4820,530,4821,-1,4821,530,528,-1,4821,528,4822,-1,4822,528,526,-1,4822,526,4823,-1,4823,526,524,-1,4823,524,4824,-1,4824,524,523,-1,4824,523,4780,-1,4816,4819,4817,-1,4817,4819,4820,-1,4817,4820,4825,-1,4825,4820,4821,-1,4825,4821,4826,-1,4826,4821,4822,-1,4826,4822,4827,-1,4827,4822,4823,-1,4827,4823,4828,-1,4828,4823,4824,-1,4828,4824,4829,-1,4829,4824,4780,-1,4829,4780,4778,-1,4814,4817,4815,-1,4815,4817,4825,-1,4815,4825,4830,-1,4830,4825,4826,-1,4830,4826,4831,-1,4831,4826,4827,-1,4831,4827,4832,-1,4832,4827,4828,-1,4832,4828,4833,-1,4833,4828,4829,-1,4833,4829,4834,-1,4834,4829,4778,-1,4834,4778,4776,-1,4812,4815,4813,-1,4813,4815,4830,-1,4813,4830,4835,-1,4835,4830,4831,-1,4835,4831,4836,-1,4836,4831,4832,-1,4836,4832,4837,-1,4837,4832,4833,-1,4837,4833,4838,-1,4838,4833,4834,-1,4838,4834,4839,-1,4839,4834,4776,-1,4839,4776,4774,-1,4810,4813,4811,-1,4811,4813,4835,-1,4811,4835,4840,-1,4840,4835,4836,-1,4840,4836,4841,-1,4841,4836,4837,-1,4841,4837,4842,-1,4842,4837,4838,-1,4842,4838,4843,-1,4843,4838,4839,-1,4843,4839,4844,-1,4844,4839,4774,-1,4844,4774,4772,-1,565,4811,567,-1,567,4811,4840,-1,567,4840,569,-1,569,4840,4841,-1,569,4841,571,-1,571,4841,4842,-1,571,4842,573,-1,573,4842,4843,-1,573,4843,575,-1,575,4843,4844,-1,575,4844,577,-1,577,4844,4772,-1,577,4772,579,-1,4790,1005,1004,-1,4845,4789,4846,-1,4846,4789,4790,-1,4846,4790,4847,-1,4847,4790,1004,-1,4848,4849,4787,-1,4845,4850,4789,-1,4789,4850,4848,-1,4789,4848,4788,-1,4788,4848,4787,-1,4849,4851,4787,-1,4787,4851,4852,-1,4787,4852,4786,-1,4852,4853,4786,-1,4786,4853,4854,-1,4786,4854,4785,-1,4785,4854,4855,-1,4785,4855,4784,-1,4784,4855,4856,-1,4784,4856,4783,-1,4783,4856,4782,-1,4782,4856,1006,-1,1006,4856,4857,-1,1006,4857,1007,-1,543,541,4858,-1,1008,1007,4859,-1,4859,1007,4860,-1,4859,4860,4861,-1,4861,4860,4862,-1,4861,4862,4863,-1,4863,4862,4864,-1,4863,4864,4865,-1,4865,4864,4866,-1,4865,4866,4867,-1,4867,4866,4868,-1,4867,4868,4869,-1,4869,4868,4870,-1,4869,4870,4871,-1,4871,4870,4872,-1,4871,4872,4873,-1,4873,4872,4874,-1,4873,4874,4875,-1,4875,4874,4876,-1,4875,4876,4858,-1,4858,4876,4877,-1,4858,4877,543,-1,1009,1008,4799,-1,4799,1008,4878,-1,4799,4878,4798,-1,4798,4878,4879,-1,4798,4879,4797,-1,4797,4879,4796,-1,4879,4880,4796,-1,4796,4880,4881,-1,4796,4881,4795,-1,4881,4882,4795,-1,4795,4882,4883,-1,4795,4883,4794,-1,4794,4883,4884,-1,4794,4884,4885,-1,4886,4792,4885,-1,4885,4792,4793,-1,4885,4793,4794,-1,4886,4887,4792,-1,4792,4887,4888,-1,4792,4888,4791,-1,4791,4888,4889,-1,4791,4889,998,-1,998,4889,4890,-1,998,4890,999,-1,544,4891,4892,-1,4891,4893,4894,-1,4893,4895,4896,-1,4895,4897,4898,-1,4897,4899,4900,-1,4899,564,566,-1,4899,566,4900,-1,4900,566,568,-1,4900,568,4901,-1,4901,568,570,-1,4901,570,4902,-1,4902,570,572,-1,4902,572,4903,-1,4903,572,574,-1,4903,574,4904,-1,4904,574,576,-1,4904,576,4905,-1,4905,576,578,-1,4905,578,4801,-1,4897,4900,4898,-1,4898,4900,4901,-1,4898,4901,4906,-1,4906,4901,4902,-1,4906,4902,4907,-1,4907,4902,4903,-1,4907,4903,4908,-1,4908,4903,4904,-1,4908,4904,4909,-1,4909,4904,4905,-1,4909,4905,4910,-1,4910,4905,4801,-1,4910,4801,4803,-1,4895,4898,4896,-1,4896,4898,4906,-1,4896,4906,4911,-1,4911,4906,4907,-1,4911,4907,4912,-1,4912,4907,4908,-1,4912,4908,4913,-1,4913,4908,4909,-1,4913,4909,4914,-1,4914,4909,4910,-1,4914,4910,4915,-1,4915,4910,4803,-1,4915,4803,4805,-1,4893,4896,4894,-1,4894,4896,4911,-1,4894,4911,4916,-1,4916,4911,4912,-1,4916,4912,4917,-1,4917,4912,4913,-1,4917,4913,4918,-1,4918,4913,4914,-1,4918,4914,4919,-1,4919,4914,4915,-1,4919,4915,4920,-1,4920,4915,4805,-1,4920,4805,4807,-1,4891,4894,4892,-1,4892,4894,4916,-1,4892,4916,4921,-1,4921,4916,4917,-1,4921,4917,4922,-1,4922,4917,4918,-1,4922,4918,4923,-1,4923,4918,4919,-1,4923,4919,4924,-1,4924,4919,4920,-1,4924,4920,4925,-1,4925,4920,4807,-1,4925,4807,4809,-1,544,4892,549,-1,549,4892,4921,-1,549,4921,551,-1,551,4921,4922,-1,551,4922,553,-1,553,4922,4923,-1,553,4923,555,-1,555,4923,4924,-1,555,4924,557,-1,557,4924,4925,-1,557,4925,559,-1,559,4925,4809,-1,559,4809,561,-1,1002,538,536,-1,1002,536,4926,-1,4926,536,4818,-1,4926,4818,4927,-1,4927,4818,4816,-1,4927,4816,4928,-1,4928,4816,4929,-1,4929,4816,4814,-1,4929,4814,4930,-1,4930,4814,4931,-1,4931,4814,4812,-1,4931,4812,4932,-1,4932,4812,4933,-1,4933,4812,4810,-1,4933,4810,4934,-1,565,563,4810,-1,4810,563,997,-1,4810,997,4934,-1,4862,4860,4935,-1,4866,4864,4936,-1,4870,4868,4937,-1,4874,4872,4938,-1,4939,4847,1004,-1,4940,4849,4941,-1,4941,4849,4848,-1,4941,4848,4850,-1,4942,4852,4940,-1,4940,4852,4851,-1,4940,4851,4849,-1,4853,4943,4854,-1,4854,4943,4944,-1,4854,4944,4855,-1,4855,4944,4856,-1,4856,4944,4935,-1,4856,4935,4857,-1,4857,4935,4860,-1,4857,4860,1007,-1,4876,4945,4877,-1,4877,4945,4946,-1,4877,4946,543,-1,4947,4948,4945,-1,4945,4948,4949,-1,4945,4949,4946,-1,4950,4951,4947,-1,4947,4951,4952,-1,4947,4952,4948,-1,4864,4862,4936,-1,4936,4862,4935,-1,4936,4935,4953,-1,4953,4935,4944,-1,4953,4944,4942,-1,4942,4944,4943,-1,4942,4943,4852,-1,4852,4943,4853,-1,4954,4955,4950,-1,4950,4955,4956,-1,4950,4956,4951,-1,1004,4957,4939,-1,4939,4957,4958,-1,4939,4958,4954,-1,4954,4958,4959,-1,4954,4959,4955,-1,4876,4874,4945,-1,4945,4874,4938,-1,4945,4938,4947,-1,4947,4938,4960,-1,4947,4960,4950,-1,4950,4960,4961,-1,4950,4961,4954,-1,4954,4961,4962,-1,4954,4962,4939,-1,4939,4962,4963,-1,4939,4963,4847,-1,4847,4963,4846,-1,4872,4870,4938,-1,4938,4870,4937,-1,4938,4937,4960,-1,4960,4937,4964,-1,4960,4964,4961,-1,4961,4964,4965,-1,4961,4965,4962,-1,4962,4965,4966,-1,4962,4966,4963,-1,4963,4966,4967,-1,4963,4967,4846,-1,4846,4967,4845,-1,4868,4866,4937,-1,4937,4866,4936,-1,4937,4936,4964,-1,4964,4936,4953,-1,4964,4953,4965,-1,4965,4953,4942,-1,4965,4942,4966,-1,4966,4942,4940,-1,4966,4940,4967,-1,4967,4940,4941,-1,4967,4941,4845,-1,4845,4941,4850,-1,4861,4863,4968,-1,4865,4867,4969,-1,4869,4871,4970,-1,4971,4972,4973,-1,1008,4859,4974,-1,4975,4880,4976,-1,4976,4880,4879,-1,4976,4879,4974,-1,4974,4879,4878,-1,4974,4878,1008,-1,4883,4882,4975,-1,4975,4882,4881,-1,4975,4881,4880,-1,4885,4977,4978,-1,4888,4887,4978,-1,4978,4887,4886,-1,4978,4886,4885,-1,4979,4980,4981,-1,4981,4980,4982,-1,4981,4982,4983,-1,4973,4972,4984,-1,4972,4985,4984,-1,4984,4985,4986,-1,4984,4986,4982,-1,4982,4986,4987,-1,4982,4987,4983,-1,4873,4875,4988,-1,4988,4875,4858,-1,4971,4973,4989,-1,4989,4973,4988,-1,4989,4988,4990,-1,4990,4988,4858,-1,4990,4858,541,-1,4871,4873,4970,-1,4970,4873,4988,-1,4970,4988,4991,-1,4991,4988,4973,-1,4991,4973,4992,-1,4992,4973,4984,-1,4992,4984,4993,-1,4993,4984,4982,-1,4993,4982,4994,-1,4994,4982,4980,-1,4867,4869,4969,-1,4969,4869,4970,-1,4969,4970,4995,-1,4995,4970,4991,-1,4995,4991,4996,-1,4996,4991,4992,-1,4996,4992,4997,-1,4997,4992,4993,-1,4997,4993,4998,-1,4998,4993,4994,-1,4863,4865,4968,-1,4968,4865,4969,-1,4968,4969,4999,-1,4999,4969,4995,-1,4999,4995,5000,-1,5000,4995,4996,-1,5000,4996,4977,-1,4977,4996,4997,-1,4977,4997,4978,-1,4978,4997,4998,-1,4978,4998,4888,-1,4888,4998,4994,-1,4888,4994,4889,-1,4889,4994,4980,-1,4889,4980,4890,-1,4890,4980,4979,-1,4890,4979,999,-1,4859,4861,4974,-1,4974,4861,4968,-1,4974,4968,4976,-1,4976,4968,4999,-1,4976,4999,4975,-1,4975,4999,5000,-1,4975,5000,4883,-1,4883,5000,4977,-1,4883,4977,4884,-1,4884,4977,4885,-1,994,562,564,-1,994,564,5001,-1,5001,564,4899,-1,5001,4899,5002,-1,5002,4899,4897,-1,5002,4897,5003,-1,5003,4897,5004,-1,5004,4897,4895,-1,5004,4895,5005,-1,5005,4895,5006,-1,5006,4895,4893,-1,5006,4893,5007,-1,5007,4893,5008,-1,5008,4893,4891,-1,5008,4891,5009,-1,544,546,4891,-1,4891,546,1001,-1,4891,1001,5009,-1,4926,4927,5010,-1,997,996,4934,-1,4934,996,5011,-1,4934,5011,4933,-1,4933,5011,5012,-1,4933,5012,4932,-1,4932,5012,4931,-1,5012,5013,4931,-1,4931,5013,5014,-1,4931,5014,4930,-1,5014,5015,4930,-1,4930,5015,5016,-1,4930,5016,4929,-1,5016,5017,4929,-1,4929,5017,5018,-1,4929,5018,4928,-1,4928,5018,5019,-1,4928,5019,4927,-1,4927,5019,5020,-1,4927,5020,5010,-1,1003,1002,5021,-1,5021,1002,4926,-1,5021,4926,5022,-1,5022,4926,5010,-1,542,543,4946,-1,1004,1003,4957,-1,4957,1003,5023,-1,4957,5023,4958,-1,4958,5023,5024,-1,4958,5024,4959,-1,4959,5024,5025,-1,4959,5025,4955,-1,4955,5025,5026,-1,4955,5026,4956,-1,4956,5026,5027,-1,4956,5027,4951,-1,4951,5027,5028,-1,4951,5028,4952,-1,4952,5028,5029,-1,4952,5029,4948,-1,4948,5029,5030,-1,4948,5030,4949,-1,4949,5030,5031,-1,4949,5031,4946,-1,4946,5031,5032,-1,4946,5032,542,-1,541,540,5033,-1,1000,999,5034,-1,5034,999,4979,-1,5034,4979,5035,-1,5035,4979,4981,-1,5035,4981,5036,-1,5036,4981,4983,-1,5036,4983,5037,-1,5037,4983,4987,-1,5037,4987,5038,-1,5038,4987,4986,-1,5038,4986,5039,-1,5039,4986,4985,-1,5039,4985,5040,-1,5040,4985,4972,-1,5040,4972,5041,-1,5041,4972,4971,-1,5041,4971,5042,-1,5042,4971,4989,-1,5042,4989,5033,-1,5033,4989,4990,-1,5033,4990,541,-1,5043,5008,5044,-1,5044,5008,5009,-1,5044,5009,5045,-1,5045,5009,1001,-1,5045,1001,1000,-1,5043,5046,5008,-1,5008,5046,5047,-1,5008,5047,5007,-1,5007,5047,5006,-1,5047,5048,5006,-1,5006,5048,5049,-1,5006,5049,5005,-1,5005,5049,5050,-1,5050,5051,5005,-1,5005,5051,5052,-1,5005,5052,5004,-1,5004,5052,5053,-1,5004,5053,5003,-1,5003,5053,5054,-1,995,994,5055,-1,5055,994,5001,-1,5055,5001,5054,-1,5054,5001,5002,-1,5054,5002,5003,-1,5028,5027,5056,-1,5030,5029,5057,-1,5032,5031,5058,-1,5012,5011,5059,-1,5059,5011,996,-1,5060,5013,5012,-1,5061,5014,5013,-1,5018,5017,5062,-1,5062,5017,5016,-1,5010,5020,5063,-1,5063,5020,5019,-1,5063,5019,5018,-1,5063,5064,5010,-1,5010,5064,5065,-1,5010,5065,5022,-1,5022,5065,5066,-1,5022,5066,5021,-1,5021,5066,5023,-1,5021,5023,1003,-1,996,5067,5059,-1,5059,5067,5068,-1,5059,5068,5069,-1,5068,5070,5069,-1,5069,5070,5071,-1,5069,5071,5072,-1,5071,5073,5072,-1,5072,5073,5074,-1,5072,5074,5075,-1,5074,5076,5075,-1,5075,5076,5077,-1,5075,5077,5058,-1,542,5032,5078,-1,5078,5032,5058,-1,5078,5058,5079,-1,5079,5058,5077,-1,5012,5059,5060,-1,5060,5059,5069,-1,5060,5069,5080,-1,5080,5069,5072,-1,5080,5072,5081,-1,5081,5072,5075,-1,5081,5075,5082,-1,5082,5075,5058,-1,5082,5058,5057,-1,5057,5058,5031,-1,5057,5031,5030,-1,5013,5060,5061,-1,5061,5060,5080,-1,5061,5080,5083,-1,5083,5080,5081,-1,5083,5081,5084,-1,5084,5081,5082,-1,5084,5082,5085,-1,5085,5082,5057,-1,5085,5057,5056,-1,5056,5057,5029,-1,5056,5029,5028,-1,5027,5086,5056,-1,5056,5086,5087,-1,5056,5087,5085,-1,5085,5087,5088,-1,5085,5088,5084,-1,5084,5088,5062,-1,5084,5062,5083,-1,5083,5062,5016,-1,5083,5016,5061,-1,5061,5016,5015,-1,5061,5015,5014,-1,5027,5026,5086,-1,5086,5026,5025,-1,5086,5025,5024,-1,5018,5062,5063,-1,5063,5062,5088,-1,5063,5088,5064,-1,5064,5088,5087,-1,5064,5087,5065,-1,5065,5087,5086,-1,5065,5086,5066,-1,5066,5086,5024,-1,5066,5024,5023,-1,5089,5090,5091,-1,5092,5093,5094,-1,5095,5096,5097,-1,5098,5099,5100,-1,5101,5102,5103,-1,5104,5045,1000,-1,5105,5048,5106,-1,5106,5048,5047,-1,5106,5047,5046,-1,5107,5050,5105,-1,5105,5050,5049,-1,5105,5049,5048,-1,5051,5108,5052,-1,5052,5108,5109,-1,5052,5109,5053,-1,5053,5109,5054,-1,5054,5109,5103,-1,5054,5103,5055,-1,5055,5103,5102,-1,5055,5102,995,-1,1000,5034,5104,-1,5104,5034,5035,-1,5104,5035,5110,-1,5035,5036,5110,-1,5110,5036,5037,-1,5110,5037,5111,-1,5037,5038,5111,-1,5111,5038,5039,-1,5111,5039,5112,-1,5039,5040,5112,-1,5112,5040,5041,-1,5112,5041,5091,-1,5099,5101,5100,-1,5100,5101,5103,-1,5100,5103,5113,-1,5113,5103,5109,-1,5113,5109,5107,-1,5107,5109,5108,-1,5107,5108,5050,-1,5050,5108,5051,-1,5096,5098,5097,-1,5097,5098,5100,-1,5097,5100,5114,-1,5114,5100,5113,-1,5114,5113,5115,-1,5115,5113,5107,-1,5115,5107,5116,-1,5116,5107,5105,-1,5116,5105,5117,-1,5117,5105,5106,-1,5117,5106,5043,-1,5043,5106,5046,-1,5093,5095,5094,-1,5094,5095,5097,-1,5094,5097,5118,-1,5118,5097,5114,-1,5118,5114,5119,-1,5119,5114,5115,-1,5119,5115,5120,-1,5120,5115,5116,-1,5120,5116,5121,-1,5121,5116,5117,-1,5121,5117,5044,-1,5044,5117,5043,-1,5090,5092,5091,-1,5091,5092,5094,-1,5091,5094,5112,-1,5112,5094,5118,-1,5112,5118,5111,-1,5111,5118,5119,-1,5111,5119,5110,-1,5110,5119,5120,-1,5110,5120,5104,-1,5104,5120,5121,-1,5104,5121,5045,-1,5045,5121,5044,-1,540,5089,5033,-1,5033,5089,5091,-1,5033,5091,5042,-1,5042,5091,5041,-1,996,995,5067,-1,5067,995,5102,-1,5067,5102,5068,-1,5068,5102,5101,-1,5068,5101,5070,-1,5070,5101,5099,-1,5070,5099,5071,-1,5071,5099,5098,-1,5071,5098,5073,-1,5073,5098,5096,-1,5073,5096,5074,-1,5074,5096,5095,-1,5074,5095,5076,-1,5076,5095,5093,-1,5076,5093,5077,-1,5077,5093,5092,-1,5077,5092,5079,-1,5079,5092,5090,-1,5079,5090,5078,-1,5090,5089,5078,-1,5078,5089,540,-1,5078,540,542,-1,618,620,1022,-1,1022,620,5122,-1,1022,5122,5123,-1,5123,5122,5124,-1,5124,5122,5125,-1,5124,5125,5126,-1,5126,5125,5127,-1,5127,5125,5128,-1,5127,5128,5129,-1,5129,5128,5130,-1,5130,5128,5131,-1,5130,5131,5132,-1,5132,5131,5133,-1,5133,5131,5134,-1,5133,5134,5135,-1,617,615,5134,-1,5134,615,1021,-1,5134,1021,5135,-1,610,612,1014,-1,1014,612,5136,-1,1014,5136,5137,-1,5137,5136,5138,-1,5138,5136,5139,-1,5138,5139,5140,-1,5140,5139,5141,-1,5141,5139,5142,-1,5141,5142,5143,-1,5143,5142,5144,-1,5144,5142,5145,-1,5144,5145,5146,-1,5146,5145,5147,-1,5147,5145,5148,-1,5147,5148,5149,-1,621,619,5148,-1,5148,619,1025,-1,5148,1025,5149,-1,5130,5132,5150,-1,5150,5132,5133,-1,5150,5133,1020,-1,1020,5133,5135,-1,1020,5135,1021,-1,5150,5151,5130,-1,5130,5151,5152,-1,5130,5152,5129,-1,5129,5152,5153,-1,5153,5154,5129,-1,5129,5154,5155,-1,5129,5155,5127,-1,5127,5155,5156,-1,5127,5156,5126,-1,5126,5156,5157,-1,5126,5157,5124,-1,5124,5157,5158,-1,5124,5158,5123,-1,5123,5158,1023,-1,5123,1023,1022,-1,609,607,5159,-1,1024,1023,5160,-1,5160,1023,5161,-1,5160,5161,5162,-1,5162,5161,5163,-1,5162,5163,5164,-1,5164,5163,5165,-1,5164,5165,5166,-1,5166,5165,5167,-1,5166,5167,5168,-1,5168,5167,5169,-1,5168,5169,5170,-1,5170,5169,5171,-1,5170,5171,5172,-1,5172,5171,5173,-1,5172,5173,5174,-1,5174,5173,5175,-1,5174,5175,5176,-1,5176,5175,5177,-1,5176,5177,5159,-1,5159,5177,5178,-1,5159,5178,609,-1,1025,1024,5149,-1,5149,1024,5179,-1,5149,5179,5147,-1,5147,5179,5180,-1,5147,5180,5146,-1,5146,5180,5181,-1,5146,5181,5144,-1,5181,5182,5144,-1,5144,5182,5183,-1,5144,5183,5143,-1,5143,5183,5184,-1,5143,5184,5141,-1,5141,5184,5185,-1,5141,5185,5140,-1,5140,5185,5186,-1,5140,5186,5138,-1,5138,5186,5137,-1,5137,5186,1014,-1,1014,5186,5187,-1,1014,5187,1015,-1,614,616,1018,-1,1018,616,5188,-1,1018,5188,5189,-1,5189,5188,5190,-1,5190,5188,5191,-1,5190,5191,5192,-1,5192,5191,5193,-1,5193,5191,5194,-1,5193,5194,5195,-1,5195,5194,5196,-1,5196,5194,5197,-1,5196,5197,5198,-1,5198,5197,5199,-1,5199,5197,5200,-1,5199,5200,5201,-1,622,624,5200,-1,5200,624,1013,-1,5200,1013,5201,-1,5202,5203,5204,-1,5205,5206,5207,-1,609,5208,5209,-1,5210,5208,609,-1,5207,5206,609,-1,5211,609,5206,-1,5212,5151,5150,-1,5151,5212,5152,-1,5152,5212,5213,-1,5152,5213,5153,-1,5153,5213,5214,-1,5153,5214,5154,-1,5154,5214,5215,-1,5154,5215,5155,-1,5155,5215,5156,-1,5156,5215,5216,-1,5156,5216,5157,-1,5157,5216,5158,-1,5158,5216,5161,-1,5158,5161,1023,-1,5178,5210,609,-1,5217,5218,5205,-1,5205,5218,5219,-1,5205,5219,5206,-1,5206,5219,5220,-1,5206,5220,5211,-1,5221,5209,5222,-1,5222,5209,5208,-1,5222,5208,5223,-1,5223,5208,5210,-1,5223,5210,5224,-1,5178,5177,5210,-1,5210,5177,5175,-1,5210,5175,5224,-1,5224,5175,5173,-1,5224,5173,5171,-1,5204,5221,5225,-1,5225,5221,5222,-1,5225,5222,5226,-1,5226,5222,5223,-1,5226,5223,5227,-1,5227,5223,5224,-1,5227,5224,5228,-1,5228,5224,5171,-1,5229,5230,5231,-1,5231,5230,5202,-1,5202,5204,5231,-1,5231,5204,5225,-1,5231,5225,5232,-1,5232,5225,5226,-1,5232,5226,5233,-1,5233,5226,5227,-1,5233,5227,5234,-1,5234,5227,5228,-1,5234,5228,5235,-1,5203,5217,5204,-1,5204,5217,5205,-1,5204,5205,5221,-1,5221,5205,5207,-1,5221,5207,5209,-1,5209,5207,609,-1,5229,5212,5236,-1,5236,5212,5150,-1,5236,5150,1020,-1,5171,5169,5228,-1,5228,5169,5167,-1,5228,5167,5235,-1,5235,5167,5165,-1,5235,5165,5163,-1,5229,5231,5212,-1,5212,5231,5232,-1,5212,5232,5213,-1,5213,5232,5233,-1,5213,5233,5214,-1,5214,5233,5234,-1,5214,5234,5215,-1,5215,5234,5235,-1,5215,5235,5216,-1,5216,5235,5163,-1,5216,5163,5161,-1,5162,5164,5237,-1,5166,5168,5238,-1,5239,5240,5241,-1,607,5242,5243,-1,5244,5242,607,-1,5241,5240,607,-1,5159,607,5240,-1,5179,5245,5180,-1,5180,5245,5246,-1,5183,5182,5246,-1,5246,5182,5181,-1,5246,5181,5180,-1,5246,5247,5183,-1,5183,5247,5248,-1,5183,5248,5184,-1,5184,5248,5249,-1,5184,5249,5185,-1,5185,5249,5186,-1,5186,5249,5250,-1,5186,5250,5187,-1,5187,5250,5251,-1,5187,5251,1015,-1,5252,5244,607,-1,5170,5172,5239,-1,5239,5172,5174,-1,5239,5174,5240,-1,5240,5174,5176,-1,5240,5176,5159,-1,5253,5243,5254,-1,5254,5243,5242,-1,5254,5242,5255,-1,5255,5242,5244,-1,5255,5244,5256,-1,5168,5170,5238,-1,5238,5170,5239,-1,5238,5239,5257,-1,5257,5239,5241,-1,5257,5241,5258,-1,5258,5241,607,-1,5252,5259,5244,-1,5244,5259,5260,-1,5244,5260,5256,-1,5256,5260,5261,-1,5256,5261,5262,-1,5263,5253,5264,-1,5264,5253,5254,-1,5264,5254,5265,-1,5265,5254,5255,-1,5265,5255,5266,-1,5266,5255,5256,-1,5266,5256,5267,-1,5267,5256,5262,-1,5237,5263,5268,-1,5268,5263,5264,-1,5268,5264,5269,-1,5269,5264,5265,-1,5269,5265,5270,-1,5270,5265,5266,-1,5270,5266,5271,-1,5271,5266,5267,-1,5271,5267,5272,-1,5164,5166,5237,-1,5237,5166,5238,-1,5237,5238,5263,-1,5263,5238,5257,-1,5263,5257,5253,-1,5253,5257,5258,-1,5253,5258,5243,-1,5243,5258,607,-1,5179,1024,5245,-1,5245,1024,5160,-1,5245,5160,5162,-1,5262,5273,5267,-1,5267,5273,5274,-1,5267,5274,5272,-1,5272,5274,5275,-1,5272,5275,5276,-1,5162,5237,5245,-1,5245,5237,5268,-1,5245,5268,5246,-1,5246,5268,5269,-1,5246,5269,5247,-1,5247,5269,5270,-1,5247,5270,5248,-1,5248,5270,5271,-1,5248,5271,5249,-1,5249,5271,5272,-1,5249,5272,5250,-1,5250,5272,5276,-1,5250,5276,5251,-1,625,623,1010,-1,1010,623,5277,-1,1010,5277,5278,-1,5278,5277,5279,-1,5279,5277,5280,-1,5279,5280,5281,-1,5281,5280,5282,-1,5282,5280,5283,-1,5282,5283,5284,-1,5284,5283,5285,-1,5285,5283,5286,-1,5285,5286,5287,-1,5287,5286,5288,-1,5288,5286,5289,-1,5288,5289,5290,-1,613,611,5289,-1,5289,611,1017,-1,5289,1017,5290,-1,1013,1012,5201,-1,5201,1012,5291,-1,5201,5291,5199,-1,5199,5291,5292,-1,5199,5292,5198,-1,5198,5292,5293,-1,5198,5293,5196,-1,5293,5294,5196,-1,5196,5294,5295,-1,5196,5295,5195,-1,5195,5295,5296,-1,5195,5296,5193,-1,5193,5296,5297,-1,5193,5297,5192,-1,5192,5297,5298,-1,5192,5298,5190,-1,5190,5298,5189,-1,5189,5298,1018,-1,1018,5298,5299,-1,1018,5299,1019,-1,608,609,5211,-1,1020,1019,5236,-1,5236,1019,5300,-1,5236,5300,5229,-1,5229,5300,5301,-1,5229,5301,5230,-1,5230,5301,5302,-1,5230,5302,5202,-1,5202,5302,5303,-1,5202,5303,5203,-1,5203,5303,5304,-1,5203,5304,5217,-1,5217,5304,5305,-1,5217,5305,5218,-1,5218,5305,5306,-1,5218,5306,5219,-1,5219,5306,5307,-1,5219,5307,5220,-1,5220,5307,5308,-1,5220,5308,5211,-1,5211,5308,5309,-1,5211,5309,608,-1,607,606,5310,-1,1016,1015,5311,-1,5311,1015,5251,-1,5311,5251,5312,-1,5312,5251,5276,-1,5312,5276,5313,-1,5313,5276,5275,-1,5313,5275,5314,-1,5314,5275,5274,-1,5314,5274,5315,-1,5315,5274,5273,-1,5315,5273,5316,-1,5316,5273,5262,-1,5316,5262,5317,-1,5317,5262,5261,-1,5317,5261,5318,-1,5318,5261,5260,-1,5318,5260,5319,-1,5319,5260,5259,-1,5319,5259,5310,-1,5310,5259,5252,-1,5310,5252,607,-1,1017,1016,5290,-1,5290,1016,5320,-1,5290,5320,5288,-1,5288,5320,5321,-1,5288,5321,5287,-1,5287,5321,5322,-1,5287,5322,5285,-1,5322,5323,5285,-1,5285,5323,5324,-1,5285,5324,5284,-1,5284,5324,5325,-1,5284,5325,5282,-1,5282,5325,5326,-1,5282,5326,5281,-1,5281,5326,5327,-1,1011,1010,5328,-1,5328,1010,5278,-1,5328,5278,5327,-1,5327,5278,5279,-1,5327,5279,5281,-1,5329,5330,5331,-1,5332,5333,5334,-1,5335,5336,5337,-1,608,5338,5339,-1,5340,5338,608,-1,5337,5336,608,-1,5341,608,5336,-1,5291,5342,5292,-1,5292,5342,5343,-1,5295,5294,5343,-1,5343,5294,5293,-1,5343,5293,5292,-1,5343,5344,5295,-1,5295,5344,5345,-1,5295,5345,5296,-1,5296,5345,5346,-1,5296,5346,5297,-1,5297,5346,5298,-1,5298,5346,5347,-1,5298,5347,5299,-1,5299,5347,5300,-1,5299,5300,1019,-1,5309,5340,608,-1,5348,5349,5335,-1,5335,5349,5350,-1,5335,5350,5336,-1,5336,5350,5351,-1,5336,5351,5341,-1,5352,5339,5353,-1,5353,5339,5338,-1,5353,5338,5354,-1,5354,5338,5340,-1,5354,5340,5355,-1,5333,5348,5334,-1,5334,5348,5335,-1,5334,5335,5356,-1,5356,5335,5337,-1,5356,5337,5357,-1,5357,5337,608,-1,5309,5308,5340,-1,5340,5308,5307,-1,5340,5307,5355,-1,5355,5307,5306,-1,5355,5306,5305,-1,5358,5352,5359,-1,5359,5352,5353,-1,5359,5353,5360,-1,5360,5353,5354,-1,5360,5354,5361,-1,5361,5354,5355,-1,5361,5355,5362,-1,5362,5355,5305,-1,5331,5358,5363,-1,5363,5358,5359,-1,5363,5359,5364,-1,5364,5359,5360,-1,5364,5360,5365,-1,5365,5360,5361,-1,5365,5361,5366,-1,5366,5361,5362,-1,5366,5362,5367,-1,5330,5332,5331,-1,5331,5332,5334,-1,5331,5334,5358,-1,5358,5334,5356,-1,5358,5356,5352,-1,5352,5356,5357,-1,5352,5357,5339,-1,5339,5357,608,-1,5291,1012,5342,-1,5342,1012,5368,-1,5342,5368,5329,-1,5305,5304,5362,-1,5362,5304,5303,-1,5362,5303,5367,-1,5367,5303,5302,-1,5367,5302,5301,-1,5329,5331,5342,-1,5342,5331,5363,-1,5342,5363,5343,-1,5343,5363,5364,-1,5343,5364,5344,-1,5344,5364,5365,-1,5344,5365,5345,-1,5345,5365,5366,-1,5345,5366,5346,-1,5346,5366,5367,-1,5346,5367,5347,-1,5347,5367,5301,-1,5347,5301,5300,-1,5312,5313,5369,-1,5314,5315,5370,-1,5371,5372,5373,-1,606,5374,5375,-1,5376,5374,606,-1,5373,5372,606,-1,5310,606,5372,-1,5320,5377,5321,-1,5321,5377,5378,-1,5324,5323,5378,-1,5378,5323,5322,-1,5378,5322,5321,-1,5378,5379,5324,-1,5324,5379,5380,-1,5324,5380,5325,-1,5325,5380,5381,-1,5325,5381,5326,-1,5326,5381,5327,-1,5327,5381,5382,-1,5327,5382,5328,-1,5328,5382,5383,-1,5328,5383,1011,-1,5384,5376,606,-1,5316,5317,5371,-1,5371,5317,5318,-1,5371,5318,5372,-1,5372,5318,5319,-1,5372,5319,5310,-1,5385,5375,5386,-1,5386,5375,5374,-1,5386,5374,5387,-1,5387,5374,5376,-1,5387,5376,5388,-1,5315,5316,5370,-1,5370,5316,5371,-1,5370,5371,5389,-1,5389,5371,5373,-1,5389,5373,5390,-1,5390,5373,606,-1,5384,5391,5376,-1,5376,5391,5392,-1,5376,5392,5388,-1,5388,5392,5393,-1,5388,5393,5394,-1,5395,5385,5396,-1,5396,5385,5386,-1,5396,5386,5397,-1,5397,5386,5387,-1,5397,5387,5398,-1,5398,5387,5388,-1,5398,5388,5399,-1,5399,5388,5394,-1,5369,5395,5400,-1,5400,5395,5396,-1,5400,5396,5401,-1,5401,5396,5397,-1,5401,5397,5402,-1,5402,5397,5398,-1,5402,5398,5403,-1,5403,5398,5399,-1,5403,5399,5404,-1,5313,5314,5369,-1,5369,5314,5370,-1,5369,5370,5395,-1,5395,5370,5389,-1,5395,5389,5385,-1,5385,5389,5390,-1,5385,5390,5375,-1,5375,5390,606,-1,5320,1016,5377,-1,5377,1016,5311,-1,5377,5311,5312,-1,5394,5405,5399,-1,5399,5405,5406,-1,5399,5406,5404,-1,5404,5406,5407,-1,5404,5407,5408,-1,5312,5369,5377,-1,5377,5369,5400,-1,5377,5400,5378,-1,5378,5400,5401,-1,5378,5401,5379,-1,5379,5401,5402,-1,5379,5402,5380,-1,5380,5402,5403,-1,5380,5403,5381,-1,5381,5403,5404,-1,5381,5404,5382,-1,5382,5404,5408,-1,5382,5408,5383,-1,1012,1011,5368,-1,5368,1011,5383,-1,5368,5383,5329,-1,5329,5383,5408,-1,5329,5408,5330,-1,5330,5408,5407,-1,5330,5407,5332,-1,5332,5407,5406,-1,5332,5406,5333,-1,5333,5406,5405,-1,5333,5405,5348,-1,5348,5405,5394,-1,5348,5394,5349,-1,5349,5394,5393,-1,5349,5393,5350,-1,5350,5393,5392,-1,5350,5392,5351,-1,5351,5392,5391,-1,5351,5391,5341,-1,5391,5384,5341,-1,5341,5384,606,-1,5341,606,608,-1,689,687,5409,-1,689,5409,5410,-1,5410,5409,5411,-1,5410,5411,5412,-1,5412,5411,5413,-1,5412,5413,5414,-1,5414,5413,5415,-1,5414,5415,5416,-1,5416,5415,5417,-1,5416,5417,5418,-1,5418,5417,709,-1,5418,709,626,-1,686,688,5419,-1,686,5419,5420,-1,5420,5419,5421,-1,5420,5421,5422,-1,5422,5421,5423,-1,5422,5423,5424,-1,5424,5423,5425,-1,5424,5425,5426,-1,5426,5425,5427,-1,5426,5427,5428,-1,5428,5427,664,-1,5428,664,707,-1,641,5429,5430,-1,5429,5431,5432,-1,5431,5433,5434,-1,5433,5435,5436,-1,5435,5437,5438,-1,5437,703,701,-1,5437,701,5438,-1,5438,701,699,-1,5438,699,5439,-1,5439,699,697,-1,5439,697,5440,-1,5440,697,695,-1,5440,695,5441,-1,5441,695,693,-1,5441,693,5442,-1,5442,693,691,-1,5442,691,5443,-1,5443,691,689,-1,5443,689,5410,-1,5435,5438,5436,-1,5436,5438,5439,-1,5436,5439,5444,-1,5444,5439,5440,-1,5444,5440,5445,-1,5445,5440,5441,-1,5445,5441,5446,-1,5446,5441,5442,-1,5446,5442,5447,-1,5447,5442,5443,-1,5447,5443,5448,-1,5448,5443,5410,-1,5448,5410,5412,-1,5433,5436,5434,-1,5434,5436,5444,-1,5434,5444,5449,-1,5449,5444,5445,-1,5449,5445,5450,-1,5450,5445,5446,-1,5450,5446,5451,-1,5451,5446,5447,-1,5451,5447,5452,-1,5452,5447,5448,-1,5452,5448,5453,-1,5453,5448,5412,-1,5453,5412,5414,-1,5431,5434,5432,-1,5432,5434,5449,-1,5432,5449,5454,-1,5454,5449,5450,-1,5454,5450,5455,-1,5455,5450,5451,-1,5455,5451,5456,-1,5456,5451,5452,-1,5456,5452,5457,-1,5457,5452,5453,-1,5457,5453,5458,-1,5458,5453,5414,-1,5458,5414,5416,-1,5429,5432,5430,-1,5430,5432,5454,-1,5430,5454,5459,-1,5459,5454,5455,-1,5459,5455,5460,-1,5460,5455,5456,-1,5460,5456,5461,-1,5461,5456,5457,-1,5461,5457,5462,-1,5462,5457,5458,-1,5462,5458,5463,-1,5463,5458,5416,-1,5463,5416,5418,-1,641,5430,639,-1,639,5430,5459,-1,639,5459,637,-1,637,5459,5460,-1,637,5460,635,-1,635,5460,5461,-1,635,5461,633,-1,633,5461,5462,-1,633,5462,631,-1,631,5462,5463,-1,631,5463,629,-1,629,5463,5418,-1,629,5418,626,-1,702,5464,5465,-1,5464,5466,5467,-1,5466,5468,5469,-1,5468,5470,5471,-1,5470,5472,5473,-1,5472,649,652,-1,5472,652,5473,-1,5473,652,654,-1,5473,654,5474,-1,5474,654,656,-1,5474,656,5475,-1,5475,656,658,-1,5475,658,5476,-1,5476,658,660,-1,5476,660,5477,-1,5477,660,662,-1,5477,662,5478,-1,5478,662,664,-1,5478,664,5427,-1,5470,5473,5471,-1,5471,5473,5474,-1,5471,5474,5479,-1,5479,5474,5475,-1,5479,5475,5480,-1,5480,5475,5476,-1,5480,5476,5481,-1,5481,5476,5477,-1,5481,5477,5482,-1,5482,5477,5478,-1,5482,5478,5483,-1,5483,5478,5427,-1,5483,5427,5425,-1,5468,5471,5469,-1,5469,5471,5479,-1,5469,5479,5484,-1,5484,5479,5480,-1,5484,5480,5485,-1,5485,5480,5481,-1,5485,5481,5486,-1,5486,5481,5482,-1,5486,5482,5487,-1,5487,5482,5483,-1,5487,5483,5488,-1,5488,5483,5425,-1,5488,5425,5423,-1,5466,5469,5467,-1,5467,5469,5484,-1,5467,5484,5489,-1,5489,5484,5485,-1,5489,5485,5490,-1,5490,5485,5486,-1,5490,5486,5491,-1,5491,5486,5487,-1,5491,5487,5492,-1,5492,5487,5488,-1,5492,5488,5493,-1,5493,5488,5423,-1,5493,5423,5421,-1,5464,5467,5465,-1,5465,5467,5489,-1,5465,5489,5494,-1,5494,5489,5490,-1,5494,5490,5495,-1,5495,5490,5491,-1,5495,5491,5496,-1,5496,5491,5492,-1,5496,5492,5497,-1,5497,5492,5493,-1,5497,5493,5498,-1,5498,5493,5421,-1,5498,5421,5419,-1,702,5465,700,-1,700,5465,5494,-1,700,5494,698,-1,698,5494,5495,-1,698,5495,696,-1,696,5495,5496,-1,696,5496,694,-1,694,5496,5497,-1,694,5497,692,-1,692,5497,5498,-1,692,5498,690,-1,690,5498,5419,-1,690,5419,688,-1,685,683,5499,-1,685,5499,5500,-1,5500,5499,5501,-1,5500,5501,5502,-1,5502,5501,5503,-1,5502,5503,5504,-1,5504,5503,5505,-1,5504,5505,5506,-1,5506,5505,5507,-1,5506,5507,5508,-1,5508,5507,627,-1,5508,627,708,-1,1038,705,703,-1,1038,703,5509,-1,5509,703,5437,-1,5509,5437,5510,-1,5510,5437,5435,-1,5510,5435,5511,-1,5511,5435,5512,-1,5512,5435,5433,-1,5512,5433,5513,-1,5513,5433,5514,-1,5514,5433,5431,-1,5514,5431,5515,-1,5515,5431,5516,-1,5516,5431,5429,-1,5516,5429,5517,-1,641,643,5429,-1,5429,643,1037,-1,5429,1037,5517,-1,1030,651,649,-1,1030,649,5518,-1,5518,649,5472,-1,5518,5472,5519,-1,5519,5472,5470,-1,5519,5470,5520,-1,5520,5470,5521,-1,5521,5470,5468,-1,5521,5468,5522,-1,5522,5468,5523,-1,5523,5468,5466,-1,5523,5466,5524,-1,5524,5466,5525,-1,5525,5466,5464,-1,5525,5464,5526,-1,702,704,5464,-1,5464,704,1041,-1,5464,1041,5526,-1,682,684,5527,-1,682,5527,5528,-1,5528,5527,5529,-1,5528,5529,5530,-1,5530,5529,5531,-1,5530,5531,5532,-1,5532,5531,5533,-1,5532,5533,5534,-1,5534,5533,5535,-1,5534,5535,5536,-1,5536,5535,706,-1,5536,706,665,-1,669,5537,5538,-1,5537,5539,5540,-1,5539,5541,5542,-1,5541,5543,5544,-1,5543,5545,5546,-1,5545,640,638,-1,5545,638,5546,-1,5546,638,636,-1,5546,636,5547,-1,5547,636,634,-1,5547,634,5548,-1,5548,634,632,-1,5548,632,5549,-1,5549,632,630,-1,5549,630,5550,-1,5550,630,628,-1,5550,628,5551,-1,5551,628,627,-1,5551,627,5507,-1,5543,5546,5544,-1,5544,5546,5547,-1,5544,5547,5552,-1,5552,5547,5548,-1,5552,5548,5553,-1,5553,5548,5549,-1,5553,5549,5554,-1,5554,5549,5550,-1,5554,5550,5555,-1,5555,5550,5551,-1,5555,5551,5556,-1,5556,5551,5507,-1,5556,5507,5505,-1,5541,5544,5542,-1,5542,5544,5552,-1,5542,5552,5557,-1,5557,5552,5553,-1,5557,5553,5558,-1,5558,5553,5554,-1,5558,5554,5559,-1,5559,5554,5555,-1,5559,5555,5560,-1,5560,5555,5556,-1,5560,5556,5561,-1,5561,5556,5505,-1,5561,5505,5503,-1,5539,5542,5540,-1,5540,5542,5557,-1,5540,5557,5562,-1,5562,5557,5558,-1,5562,5558,5563,-1,5563,5558,5559,-1,5563,5559,5564,-1,5564,5559,5560,-1,5564,5560,5565,-1,5565,5560,5561,-1,5565,5561,5566,-1,5566,5561,5503,-1,5566,5503,5501,-1,5537,5540,5538,-1,5538,5540,5562,-1,5538,5562,5567,-1,5567,5562,5563,-1,5567,5563,5568,-1,5568,5563,5564,-1,5568,5564,5569,-1,5569,5564,5565,-1,5569,5565,5570,-1,5570,5565,5566,-1,5570,5566,5571,-1,5571,5566,5501,-1,5571,5501,5499,-1,669,5538,671,-1,671,5538,5567,-1,671,5567,673,-1,673,5567,5568,-1,673,5568,675,-1,675,5568,5569,-1,675,5569,677,-1,677,5569,5570,-1,677,5570,679,-1,679,5570,5571,-1,679,5571,681,-1,681,5571,5499,-1,681,5499,683,-1,5572,5516,5573,-1,5573,5516,5517,-1,5573,5517,5574,-1,5574,5517,1037,-1,5574,1037,1036,-1,5575,5576,5514,-1,5572,5577,5516,-1,5516,5577,5575,-1,5516,5575,5515,-1,5515,5575,5514,-1,5576,5578,5514,-1,5514,5578,5579,-1,5514,5579,5513,-1,5579,5580,5513,-1,5513,5580,5581,-1,5513,5581,5512,-1,5512,5581,5582,-1,5512,5582,5511,-1,5511,5582,5583,-1,1039,1038,5584,-1,5584,1038,5509,-1,5584,5509,5583,-1,5583,5509,5510,-1,5583,5510,5511,-1,647,645,5585,-1,1040,1039,5586,-1,5586,1039,5587,-1,5586,5587,5588,-1,5588,5587,5589,-1,5588,5589,5590,-1,5590,5589,5591,-1,5590,5591,5592,-1,5592,5591,5593,-1,5592,5593,5594,-1,5594,5593,5595,-1,5594,5595,5596,-1,5596,5595,5597,-1,5596,5597,5598,-1,5598,5597,5599,-1,5598,5599,5600,-1,5600,5599,5601,-1,5600,5601,5602,-1,5602,5601,5603,-1,5602,5603,5585,-1,5585,5603,5604,-1,5585,5604,647,-1,1041,1040,5526,-1,5526,1040,5605,-1,5526,5605,5525,-1,5525,5605,5606,-1,5525,5606,5524,-1,5524,5606,5523,-1,5606,5607,5523,-1,5523,5607,5608,-1,5523,5608,5522,-1,5608,5609,5522,-1,5522,5609,5610,-1,5522,5610,5521,-1,5521,5610,5611,-1,5521,5611,5612,-1,5613,5519,5612,-1,5612,5519,5520,-1,5612,5520,5521,-1,5613,5614,5519,-1,5519,5614,5615,-1,5519,5615,5518,-1,5518,5615,5616,-1,5518,5616,1030,-1,1030,5616,5617,-1,1030,5617,1031,-1,648,5618,5619,-1,5618,5620,5621,-1,5620,5622,5623,-1,5622,5624,5625,-1,5624,5626,5627,-1,5626,668,670,-1,5626,670,5627,-1,5627,670,672,-1,5627,672,5628,-1,5628,672,674,-1,5628,674,5629,-1,5629,674,676,-1,5629,676,5630,-1,5630,676,678,-1,5630,678,5631,-1,5631,678,680,-1,5631,680,5632,-1,5632,680,682,-1,5632,682,5528,-1,5624,5627,5625,-1,5625,5627,5628,-1,5625,5628,5633,-1,5633,5628,5629,-1,5633,5629,5634,-1,5634,5629,5630,-1,5634,5630,5635,-1,5635,5630,5631,-1,5635,5631,5636,-1,5636,5631,5632,-1,5636,5632,5637,-1,5637,5632,5528,-1,5637,5528,5530,-1,5622,5625,5623,-1,5623,5625,5633,-1,5623,5633,5638,-1,5638,5633,5634,-1,5638,5634,5639,-1,5639,5634,5635,-1,5639,5635,5640,-1,5640,5635,5636,-1,5640,5636,5641,-1,5641,5636,5637,-1,5641,5637,5642,-1,5642,5637,5530,-1,5642,5530,5532,-1,5620,5623,5621,-1,5621,5623,5638,-1,5621,5638,5643,-1,5643,5638,5639,-1,5643,5639,5644,-1,5644,5639,5640,-1,5644,5640,5645,-1,5645,5640,5641,-1,5645,5641,5646,-1,5646,5641,5642,-1,5646,5642,5647,-1,5647,5642,5532,-1,5647,5532,5534,-1,5618,5621,5619,-1,5619,5621,5643,-1,5619,5643,5648,-1,5648,5643,5644,-1,5648,5644,5649,-1,5649,5644,5645,-1,5649,5645,5650,-1,5650,5645,5646,-1,5650,5646,5651,-1,5651,5646,5647,-1,5651,5647,5652,-1,5652,5647,5534,-1,5652,5534,5536,-1,648,5619,653,-1,653,5619,5648,-1,653,5648,655,-1,655,5648,5649,-1,655,5649,657,-1,657,5649,5650,-1,657,5650,659,-1,659,5650,5651,-1,659,5651,661,-1,661,5651,5652,-1,661,5652,663,-1,663,5652,5536,-1,663,5536,665,-1,1034,642,640,-1,1034,640,5653,-1,5653,640,5545,-1,5653,5545,5654,-1,5654,5545,5543,-1,5654,5543,5655,-1,5655,5543,5656,-1,5656,5543,5541,-1,5656,5541,5657,-1,5657,5541,5658,-1,5658,5541,5539,-1,5658,5539,5659,-1,5659,5539,5660,-1,5660,5539,5537,-1,5660,5537,5661,-1,669,667,5537,-1,5537,667,1029,-1,5537,1029,5661,-1,5589,5587,5662,-1,5593,5591,5663,-1,5597,5595,5664,-1,5601,5599,5665,-1,5666,5574,1036,-1,5667,5576,5668,-1,5668,5576,5575,-1,5668,5575,5577,-1,5669,5579,5667,-1,5667,5579,5578,-1,5667,5578,5576,-1,5580,5670,5581,-1,5581,5670,5671,-1,5581,5671,5582,-1,5582,5671,5583,-1,5583,5671,5662,-1,5583,5662,5584,-1,5584,5662,5587,-1,5584,5587,1039,-1,5603,5672,5604,-1,5604,5672,5673,-1,5604,5673,647,-1,5674,5675,5672,-1,5672,5675,5676,-1,5672,5676,5673,-1,5677,5678,5674,-1,5674,5678,5679,-1,5674,5679,5675,-1,5591,5589,5663,-1,5663,5589,5662,-1,5663,5662,5680,-1,5680,5662,5671,-1,5680,5671,5669,-1,5669,5671,5670,-1,5669,5670,5579,-1,5579,5670,5580,-1,5681,5682,5677,-1,5677,5682,5683,-1,5677,5683,5678,-1,1036,5684,5666,-1,5666,5684,5685,-1,5666,5685,5681,-1,5681,5685,5686,-1,5681,5686,5682,-1,5603,5601,5672,-1,5672,5601,5665,-1,5672,5665,5674,-1,5674,5665,5687,-1,5674,5687,5677,-1,5677,5687,5688,-1,5677,5688,5681,-1,5681,5688,5689,-1,5681,5689,5666,-1,5666,5689,5690,-1,5666,5690,5574,-1,5574,5690,5573,-1,5599,5597,5665,-1,5665,5597,5664,-1,5665,5664,5687,-1,5687,5664,5691,-1,5687,5691,5688,-1,5688,5691,5692,-1,5688,5692,5689,-1,5689,5692,5693,-1,5689,5693,5690,-1,5690,5693,5694,-1,5690,5694,5573,-1,5573,5694,5572,-1,5595,5593,5664,-1,5664,5593,5663,-1,5664,5663,5691,-1,5691,5663,5680,-1,5691,5680,5692,-1,5692,5680,5669,-1,5692,5669,5693,-1,5693,5669,5667,-1,5693,5667,5694,-1,5694,5667,5668,-1,5694,5668,5572,-1,5572,5668,5577,-1,5588,5590,5695,-1,5592,5594,5696,-1,5596,5598,5697,-1,5698,5699,5700,-1,1040,5586,5701,-1,5702,5607,5703,-1,5703,5607,5606,-1,5703,5606,5701,-1,5701,5606,5605,-1,5701,5605,1040,-1,5610,5609,5702,-1,5702,5609,5608,-1,5702,5608,5607,-1,5612,5704,5705,-1,5615,5614,5705,-1,5705,5614,5613,-1,5705,5613,5612,-1,5706,5707,5708,-1,5708,5707,5709,-1,5708,5709,5710,-1,5700,5699,5711,-1,5699,5712,5711,-1,5711,5712,5713,-1,5711,5713,5709,-1,5709,5713,5714,-1,5709,5714,5710,-1,5600,5602,5715,-1,5715,5602,5585,-1,5698,5700,5716,-1,5716,5700,5715,-1,5716,5715,5717,-1,5717,5715,5585,-1,5717,5585,645,-1,5598,5600,5697,-1,5697,5600,5715,-1,5697,5715,5718,-1,5718,5715,5700,-1,5718,5700,5719,-1,5719,5700,5711,-1,5719,5711,5720,-1,5720,5711,5709,-1,5720,5709,5721,-1,5721,5709,5707,-1,5594,5596,5696,-1,5696,5596,5697,-1,5696,5697,5722,-1,5722,5697,5718,-1,5722,5718,5723,-1,5723,5718,5719,-1,5723,5719,5724,-1,5724,5719,5720,-1,5724,5720,5725,-1,5725,5720,5721,-1,5590,5592,5695,-1,5695,5592,5696,-1,5695,5696,5726,-1,5726,5696,5722,-1,5726,5722,5727,-1,5727,5722,5723,-1,5727,5723,5704,-1,5704,5723,5724,-1,5704,5724,5705,-1,5705,5724,5725,-1,5705,5725,5615,-1,5615,5725,5721,-1,5615,5721,5616,-1,5616,5721,5707,-1,5616,5707,5617,-1,5617,5707,5706,-1,5617,5706,1031,-1,5586,5588,5701,-1,5701,5588,5695,-1,5701,5695,5703,-1,5703,5695,5726,-1,5703,5726,5702,-1,5702,5726,5727,-1,5702,5727,5610,-1,5610,5727,5704,-1,5610,5704,5611,-1,5611,5704,5612,-1,1026,666,668,-1,1026,668,5728,-1,5728,668,5626,-1,5728,5626,5729,-1,5729,5626,5624,-1,5729,5624,5730,-1,5730,5624,5731,-1,5731,5624,5622,-1,5731,5622,5732,-1,5732,5622,5733,-1,5733,5622,5620,-1,5733,5620,5734,-1,5734,5620,5735,-1,5735,5620,5618,-1,5735,5618,5736,-1,648,650,5618,-1,5618,650,1033,-1,5618,1033,5736,-1,5653,5654,5737,-1,1029,1028,5661,-1,5661,1028,5738,-1,5661,5738,5660,-1,5660,5738,5739,-1,5660,5739,5659,-1,5659,5739,5658,-1,5739,5740,5658,-1,5658,5740,5741,-1,5658,5741,5657,-1,5657,5741,5742,-1,5657,5742,5656,-1,5656,5742,5743,-1,5743,5744,5656,-1,5656,5744,5745,-1,5656,5745,5655,-1,5655,5745,5746,-1,5655,5746,5654,-1,5654,5746,5747,-1,5654,5747,5737,-1,1035,1034,5748,-1,5748,1034,5653,-1,5748,5653,5749,-1,5749,5653,5737,-1,646,647,5673,-1,1036,1035,5684,-1,5684,1035,5750,-1,5684,5750,5685,-1,5685,5750,5751,-1,5685,5751,5686,-1,5686,5751,5752,-1,5686,5752,5682,-1,5682,5752,5753,-1,5682,5753,5683,-1,5683,5753,5754,-1,5683,5754,5678,-1,5678,5754,5755,-1,5678,5755,5679,-1,5679,5755,5756,-1,5679,5756,5675,-1,5675,5756,5757,-1,5675,5757,5676,-1,5676,5757,5758,-1,5676,5758,5673,-1,5673,5758,5759,-1,5673,5759,646,-1,645,644,5760,-1,1032,1031,5761,-1,5761,1031,5706,-1,5761,5706,5762,-1,5762,5706,5708,-1,5762,5708,5763,-1,5763,5708,5710,-1,5763,5710,5764,-1,5764,5710,5714,-1,5764,5714,5765,-1,5765,5714,5713,-1,5765,5713,5766,-1,5766,5713,5712,-1,5766,5712,5767,-1,5767,5712,5699,-1,5767,5699,5768,-1,5768,5699,5698,-1,5768,5698,5769,-1,5769,5698,5716,-1,5769,5716,5760,-1,5760,5716,5717,-1,5760,5717,645,-1,1033,1032,5770,-1,1033,5770,5736,-1,5736,5770,5771,-1,5736,5771,5735,-1,5735,5771,5772,-1,5735,5772,5734,-1,5772,5773,5734,-1,5734,5773,5774,-1,5734,5774,5733,-1,5774,5775,5733,-1,5733,5775,5776,-1,5733,5776,5732,-1,5732,5776,5777,-1,5777,5778,5732,-1,5732,5778,5779,-1,5732,5779,5731,-1,5731,5779,5780,-1,5731,5780,5730,-1,5730,5780,5781,-1,1027,1026,5782,-1,5782,1026,5728,-1,5782,5728,5781,-1,5781,5728,5729,-1,5781,5729,5730,-1,5755,5754,5783,-1,5757,5756,5784,-1,5759,5758,5785,-1,5739,5738,5786,-1,5786,5738,1028,-1,5787,5740,5739,-1,5788,5741,5740,-1,5745,5744,5789,-1,5789,5744,5743,-1,5737,5747,5790,-1,5790,5747,5746,-1,5790,5746,5745,-1,5790,5791,5737,-1,5737,5791,5792,-1,5737,5792,5749,-1,5749,5792,5793,-1,5749,5793,5748,-1,5748,5793,5750,-1,5748,5750,1035,-1,1028,5794,5786,-1,5786,5794,5795,-1,5786,5795,5796,-1,5795,5797,5796,-1,5796,5797,5798,-1,5796,5798,5799,-1,5798,5800,5799,-1,5799,5800,5801,-1,5799,5801,5802,-1,5801,5803,5802,-1,5802,5803,5804,-1,5802,5804,5785,-1,646,5759,5805,-1,5805,5759,5785,-1,5805,5785,5806,-1,5806,5785,5804,-1,5739,5786,5787,-1,5787,5786,5796,-1,5787,5796,5807,-1,5807,5796,5799,-1,5807,5799,5808,-1,5808,5799,5802,-1,5808,5802,5809,-1,5809,5802,5785,-1,5809,5785,5784,-1,5784,5785,5758,-1,5784,5758,5757,-1,5740,5787,5788,-1,5788,5787,5807,-1,5788,5807,5810,-1,5810,5807,5808,-1,5810,5808,5811,-1,5811,5808,5809,-1,5811,5809,5812,-1,5812,5809,5784,-1,5812,5784,5783,-1,5783,5784,5756,-1,5783,5756,5755,-1,5754,5813,5783,-1,5783,5813,5814,-1,5783,5814,5812,-1,5812,5814,5815,-1,5812,5815,5811,-1,5811,5815,5789,-1,5811,5789,5810,-1,5810,5789,5743,-1,5810,5743,5788,-1,5788,5743,5742,-1,5788,5742,5741,-1,5754,5753,5813,-1,5813,5753,5752,-1,5813,5752,5751,-1,5745,5789,5790,-1,5790,5789,5815,-1,5790,5815,5791,-1,5791,5815,5814,-1,5791,5814,5792,-1,5792,5814,5813,-1,5792,5813,5793,-1,5793,5813,5751,-1,5793,5751,5750,-1,5816,5817,5818,-1,5819,5820,5821,-1,5822,5823,5824,-1,5825,5826,5827,-1,5828,5829,5830,-1,5831,5770,1032,-1,5832,5775,5833,-1,5833,5775,5774,-1,5833,5774,5773,-1,5834,5777,5832,-1,5832,5777,5776,-1,5832,5776,5775,-1,5778,5835,5779,-1,5779,5835,5836,-1,5779,5836,5780,-1,5780,5836,5781,-1,5781,5836,5830,-1,5781,5830,5782,-1,5782,5830,5829,-1,5782,5829,1027,-1,1032,5761,5831,-1,5831,5761,5762,-1,5831,5762,5837,-1,5762,5763,5837,-1,5837,5763,5764,-1,5837,5764,5838,-1,5764,5765,5838,-1,5838,5765,5766,-1,5838,5766,5839,-1,5766,5767,5839,-1,5839,5767,5768,-1,5839,5768,5818,-1,5826,5828,5827,-1,5827,5828,5830,-1,5827,5830,5840,-1,5840,5830,5836,-1,5840,5836,5834,-1,5834,5836,5835,-1,5834,5835,5777,-1,5777,5835,5778,-1,5823,5825,5824,-1,5824,5825,5827,-1,5824,5827,5841,-1,5841,5827,5840,-1,5841,5840,5842,-1,5842,5840,5834,-1,5842,5834,5843,-1,5843,5834,5832,-1,5843,5832,5844,-1,5844,5832,5833,-1,5844,5833,5772,-1,5772,5833,5773,-1,5820,5822,5821,-1,5821,5822,5824,-1,5821,5824,5845,-1,5845,5824,5841,-1,5845,5841,5846,-1,5846,5841,5842,-1,5846,5842,5847,-1,5847,5842,5843,-1,5847,5843,5848,-1,5848,5843,5844,-1,5848,5844,5771,-1,5771,5844,5772,-1,5817,5819,5818,-1,5818,5819,5821,-1,5818,5821,5839,-1,5839,5821,5845,-1,5839,5845,5838,-1,5838,5845,5846,-1,5838,5846,5837,-1,5837,5846,5847,-1,5837,5847,5831,-1,5831,5847,5848,-1,5831,5848,5770,-1,5770,5848,5771,-1,644,5816,5760,-1,5760,5816,5818,-1,5760,5818,5769,-1,5769,5818,5768,-1,1028,1027,5794,-1,5794,1027,5829,-1,5794,5829,5795,-1,5795,5829,5828,-1,5795,5828,5797,-1,5797,5828,5826,-1,5797,5826,5798,-1,5798,5826,5825,-1,5798,5825,5800,-1,5800,5825,5823,-1,5800,5823,5801,-1,5801,5823,5822,-1,5801,5822,5803,-1,5803,5822,5820,-1,5803,5820,5804,-1,5804,5820,5819,-1,5804,5819,5806,-1,5806,5819,5817,-1,5806,5817,5805,-1,5817,5816,5805,-1,5805,5816,644,-1,5805,644,646,-1,722,724,1054,-1,1054,724,5849,-1,1054,5849,5850,-1,5850,5849,5851,-1,5851,5849,5852,-1,5851,5852,5853,-1,5853,5852,5854,-1,5854,5852,5855,-1,5854,5855,5856,-1,5856,5855,5857,-1,5857,5855,5858,-1,5857,5858,5859,-1,5859,5858,5860,-1,5860,5858,5861,-1,5860,5861,5862,-1,721,719,5861,-1,5861,719,1053,-1,5861,1053,5862,-1,714,716,1046,-1,1046,716,5863,-1,1046,5863,5864,-1,5864,5863,5865,-1,5865,5863,5866,-1,5865,5866,5867,-1,5867,5866,5868,-1,5868,5866,5869,-1,5868,5869,5870,-1,5870,5869,5871,-1,5871,5869,5872,-1,5871,5872,5873,-1,5873,5872,5874,-1,5874,5872,5875,-1,5874,5875,5876,-1,725,723,5875,-1,5875,723,1057,-1,5875,1057,5876,-1,5857,5859,5877,-1,5877,5859,5860,-1,5877,5860,1052,-1,1052,5860,5862,-1,1052,5862,1053,-1,5877,5878,5857,-1,5857,5878,5879,-1,5857,5879,5856,-1,5856,5879,5880,-1,5880,5881,5856,-1,5856,5881,5882,-1,5856,5882,5854,-1,5854,5882,5883,-1,5854,5883,5853,-1,5853,5883,5884,-1,5853,5884,5851,-1,5851,5884,5885,-1,5851,5885,5850,-1,5850,5885,1055,-1,5850,1055,1054,-1,713,711,5886,-1,1056,1055,5887,-1,5887,1055,5888,-1,5887,5888,5889,-1,5889,5888,5890,-1,5889,5890,5891,-1,5891,5890,5892,-1,5891,5892,5893,-1,5893,5892,5894,-1,5893,5894,5895,-1,5895,5894,5896,-1,5895,5896,5897,-1,5897,5896,5898,-1,5897,5898,5899,-1,5899,5898,5900,-1,5899,5900,5901,-1,5901,5900,5902,-1,5901,5902,5903,-1,5903,5902,5904,-1,5903,5904,5886,-1,5886,5904,5905,-1,5886,5905,713,-1,1057,1056,5876,-1,5876,1056,5906,-1,5876,5906,5874,-1,5874,5906,5907,-1,5874,5907,5873,-1,5873,5907,5908,-1,5873,5908,5871,-1,5908,5909,5871,-1,5871,5909,5910,-1,5871,5910,5870,-1,5870,5910,5911,-1,5870,5911,5868,-1,5868,5911,5912,-1,5868,5912,5867,-1,5867,5912,5913,-1,5867,5913,5865,-1,5865,5913,5864,-1,5864,5913,1046,-1,1046,5913,5914,-1,1046,5914,1047,-1,718,720,1050,-1,1050,720,5915,-1,1050,5915,5916,-1,5916,5915,5917,-1,5917,5915,5918,-1,5917,5918,5919,-1,5919,5918,5920,-1,5920,5918,5921,-1,5920,5921,5922,-1,5922,5921,5923,-1,5923,5921,5924,-1,5923,5924,5925,-1,5925,5924,5926,-1,5926,5924,5927,-1,5926,5927,5928,-1,726,728,5927,-1,5927,728,1045,-1,5927,1045,5928,-1,5929,5930,5931,-1,5932,5933,5934,-1,713,5935,5936,-1,5937,5935,713,-1,5934,5933,713,-1,5938,713,5933,-1,5939,5878,5877,-1,5878,5939,5879,-1,5879,5939,5940,-1,5879,5940,5880,-1,5880,5940,5941,-1,5880,5941,5881,-1,5881,5941,5942,-1,5881,5942,5882,-1,5882,5942,5883,-1,5883,5942,5943,-1,5883,5943,5884,-1,5884,5943,5885,-1,5885,5943,5888,-1,5885,5888,1055,-1,5905,5937,713,-1,5944,5945,5932,-1,5932,5945,5946,-1,5932,5946,5933,-1,5933,5946,5947,-1,5933,5947,5938,-1,5948,5936,5949,-1,5949,5936,5935,-1,5949,5935,5950,-1,5950,5935,5937,-1,5950,5937,5951,-1,5905,5904,5937,-1,5937,5904,5902,-1,5937,5902,5951,-1,5951,5902,5900,-1,5951,5900,5898,-1,5931,5948,5952,-1,5952,5948,5949,-1,5952,5949,5953,-1,5953,5949,5950,-1,5953,5950,5954,-1,5954,5950,5951,-1,5954,5951,5955,-1,5955,5951,5898,-1,5956,5957,5958,-1,5958,5957,5929,-1,5929,5931,5958,-1,5958,5931,5952,-1,5958,5952,5959,-1,5959,5952,5953,-1,5959,5953,5960,-1,5960,5953,5954,-1,5960,5954,5961,-1,5961,5954,5955,-1,5961,5955,5962,-1,5930,5944,5931,-1,5931,5944,5932,-1,5931,5932,5948,-1,5948,5932,5934,-1,5948,5934,5936,-1,5936,5934,713,-1,5956,5939,5963,-1,5963,5939,5877,-1,5963,5877,1052,-1,5898,5896,5955,-1,5955,5896,5894,-1,5955,5894,5962,-1,5962,5894,5892,-1,5962,5892,5890,-1,5956,5958,5939,-1,5939,5958,5959,-1,5939,5959,5940,-1,5940,5959,5960,-1,5940,5960,5941,-1,5941,5960,5961,-1,5941,5961,5942,-1,5942,5961,5962,-1,5942,5962,5943,-1,5943,5962,5890,-1,5943,5890,5888,-1,5889,5891,5964,-1,5893,5895,5965,-1,5966,5967,5968,-1,711,5969,5970,-1,5971,5969,711,-1,5968,5967,711,-1,5886,711,5967,-1,5906,5972,5907,-1,5907,5972,5973,-1,5910,5909,5973,-1,5973,5909,5908,-1,5973,5908,5907,-1,5973,5974,5910,-1,5910,5974,5975,-1,5910,5975,5911,-1,5911,5975,5976,-1,5911,5976,5912,-1,5912,5976,5913,-1,5913,5976,5977,-1,5913,5977,5914,-1,5914,5977,5978,-1,5914,5978,1047,-1,5979,5971,711,-1,5897,5899,5966,-1,5966,5899,5901,-1,5966,5901,5967,-1,5967,5901,5903,-1,5967,5903,5886,-1,5980,5970,5981,-1,5981,5970,5969,-1,5981,5969,5982,-1,5982,5969,5971,-1,5982,5971,5983,-1,5895,5897,5965,-1,5965,5897,5966,-1,5965,5966,5984,-1,5984,5966,5968,-1,5984,5968,5985,-1,5985,5968,711,-1,5979,5986,5971,-1,5971,5986,5987,-1,5971,5987,5983,-1,5983,5987,5988,-1,5983,5988,5989,-1,5990,5980,5991,-1,5991,5980,5981,-1,5991,5981,5992,-1,5992,5981,5982,-1,5992,5982,5993,-1,5993,5982,5983,-1,5993,5983,5994,-1,5994,5983,5989,-1,5964,5990,5995,-1,5995,5990,5991,-1,5995,5991,5996,-1,5996,5991,5992,-1,5996,5992,5997,-1,5997,5992,5993,-1,5997,5993,5998,-1,5998,5993,5994,-1,5998,5994,5999,-1,5891,5893,5964,-1,5964,5893,5965,-1,5964,5965,5990,-1,5990,5965,5984,-1,5990,5984,5980,-1,5980,5984,5985,-1,5980,5985,5970,-1,5970,5985,711,-1,5906,1056,5972,-1,5972,1056,5887,-1,5972,5887,5889,-1,5989,6000,5994,-1,5994,6000,6001,-1,5994,6001,5999,-1,5999,6001,6002,-1,5999,6002,6003,-1,5889,5964,5972,-1,5972,5964,5995,-1,5972,5995,5973,-1,5973,5995,5996,-1,5973,5996,5974,-1,5974,5996,5997,-1,5974,5997,5975,-1,5975,5997,5998,-1,5975,5998,5976,-1,5976,5998,5999,-1,5976,5999,5977,-1,5977,5999,6003,-1,5977,6003,5978,-1,729,727,1042,-1,1042,727,6004,-1,1042,6004,6005,-1,6005,6004,6006,-1,6006,6004,6007,-1,6006,6007,6008,-1,6008,6007,6009,-1,6009,6007,6010,-1,6009,6010,6011,-1,6011,6010,6012,-1,6012,6010,6013,-1,6012,6013,6014,-1,6014,6013,6015,-1,6015,6013,6016,-1,6015,6016,6017,-1,717,715,6016,-1,6016,715,1049,-1,6016,1049,6017,-1,1045,1044,5928,-1,5928,1044,6018,-1,5928,6018,5926,-1,5926,6018,6019,-1,5926,6019,5925,-1,5925,6019,6020,-1,5925,6020,5923,-1,6020,6021,5923,-1,5923,6021,6022,-1,5923,6022,5922,-1,5922,6022,6023,-1,5922,6023,5920,-1,5920,6023,6024,-1,5920,6024,5919,-1,5919,6024,6025,-1,5919,6025,5917,-1,5917,6025,5916,-1,5916,6025,1050,-1,1050,6025,6026,-1,1050,6026,1051,-1,712,713,5938,-1,1052,1051,5963,-1,5963,1051,6027,-1,5963,6027,5956,-1,5956,6027,6028,-1,5956,6028,5957,-1,5957,6028,6029,-1,5957,6029,5929,-1,5929,6029,6030,-1,5929,6030,5930,-1,5930,6030,6031,-1,5930,6031,5944,-1,5944,6031,6032,-1,5944,6032,5945,-1,5945,6032,6033,-1,5945,6033,5946,-1,5946,6033,6034,-1,5946,6034,5947,-1,5947,6034,6035,-1,5947,6035,5938,-1,5938,6035,6036,-1,5938,6036,712,-1,711,710,6037,-1,1048,1047,6038,-1,6038,1047,5978,-1,6038,5978,6039,-1,6039,5978,6003,-1,6039,6003,6040,-1,6040,6003,6002,-1,6040,6002,6041,-1,6041,6002,6001,-1,6041,6001,6042,-1,6042,6001,6000,-1,6042,6000,6043,-1,6043,6000,5989,-1,6043,5989,6044,-1,6044,5989,5988,-1,6044,5988,6045,-1,6045,5988,5987,-1,6045,5987,6046,-1,6046,5987,5986,-1,6046,5986,6037,-1,6037,5986,5979,-1,6037,5979,711,-1,1049,1048,6017,-1,6017,1048,6047,-1,6017,6047,6015,-1,6015,6047,6048,-1,6015,6048,6014,-1,6014,6048,6049,-1,6014,6049,6012,-1,6049,6050,6012,-1,6012,6050,6051,-1,6012,6051,6011,-1,6011,6051,6052,-1,6011,6052,6009,-1,6009,6052,6053,-1,6009,6053,6008,-1,6008,6053,6054,-1,1043,1042,6055,-1,6055,1042,6005,-1,6055,6005,6054,-1,6054,6005,6006,-1,6054,6006,6008,-1,6056,6057,6058,-1,6059,6060,6061,-1,6062,6063,6064,-1,712,6065,6066,-1,6067,6065,712,-1,6064,6063,712,-1,6068,712,6063,-1,6018,6069,6019,-1,6019,6069,6070,-1,6022,6021,6070,-1,6070,6021,6020,-1,6070,6020,6019,-1,6070,6071,6022,-1,6022,6071,6072,-1,6022,6072,6023,-1,6023,6072,6073,-1,6023,6073,6024,-1,6024,6073,6025,-1,6025,6073,6074,-1,6025,6074,6026,-1,6026,6074,6027,-1,6026,6027,1051,-1,6036,6067,712,-1,6075,6076,6062,-1,6062,6076,6077,-1,6062,6077,6063,-1,6063,6077,6078,-1,6063,6078,6068,-1,6079,6066,6080,-1,6080,6066,6065,-1,6080,6065,6081,-1,6081,6065,6067,-1,6081,6067,6082,-1,6060,6075,6061,-1,6061,6075,6062,-1,6061,6062,6083,-1,6083,6062,6064,-1,6083,6064,6084,-1,6084,6064,712,-1,6036,6035,6067,-1,6067,6035,6034,-1,6067,6034,6082,-1,6082,6034,6033,-1,6082,6033,6032,-1,6085,6079,6086,-1,6086,6079,6080,-1,6086,6080,6087,-1,6087,6080,6081,-1,6087,6081,6088,-1,6088,6081,6082,-1,6088,6082,6089,-1,6089,6082,6032,-1,6058,6085,6090,-1,6090,6085,6086,-1,6090,6086,6091,-1,6091,6086,6087,-1,6091,6087,6092,-1,6092,6087,6088,-1,6092,6088,6093,-1,6093,6088,6089,-1,6093,6089,6094,-1,6057,6059,6058,-1,6058,6059,6061,-1,6058,6061,6085,-1,6085,6061,6083,-1,6085,6083,6079,-1,6079,6083,6084,-1,6079,6084,6066,-1,6066,6084,712,-1,6018,1044,6069,-1,6069,1044,6095,-1,6069,6095,6056,-1,6032,6031,6089,-1,6089,6031,6030,-1,6089,6030,6094,-1,6094,6030,6029,-1,6094,6029,6028,-1,6056,6058,6069,-1,6069,6058,6090,-1,6069,6090,6070,-1,6070,6090,6091,-1,6070,6091,6071,-1,6071,6091,6092,-1,6071,6092,6072,-1,6072,6092,6093,-1,6072,6093,6073,-1,6073,6093,6094,-1,6073,6094,6074,-1,6074,6094,6028,-1,6074,6028,6027,-1,6039,6040,6096,-1,6041,6042,6097,-1,6098,6099,6100,-1,710,6101,6102,-1,6103,6101,710,-1,6100,6099,710,-1,6037,710,6099,-1,6047,6104,6048,-1,6048,6104,6105,-1,6051,6050,6105,-1,6105,6050,6049,-1,6105,6049,6048,-1,6105,6106,6051,-1,6051,6106,6107,-1,6051,6107,6052,-1,6052,6107,6108,-1,6052,6108,6053,-1,6053,6108,6054,-1,6054,6108,6109,-1,6054,6109,6055,-1,6055,6109,6110,-1,6055,6110,1043,-1,6111,6103,710,-1,6043,6044,6098,-1,6098,6044,6045,-1,6098,6045,6099,-1,6099,6045,6046,-1,6099,6046,6037,-1,6112,6102,6113,-1,6113,6102,6101,-1,6113,6101,6114,-1,6114,6101,6103,-1,6114,6103,6115,-1,6042,6043,6097,-1,6097,6043,6098,-1,6097,6098,6116,-1,6116,6098,6100,-1,6116,6100,6117,-1,6117,6100,710,-1,6111,6118,6103,-1,6103,6118,6119,-1,6103,6119,6115,-1,6115,6119,6120,-1,6115,6120,6121,-1,6122,6112,6123,-1,6123,6112,6113,-1,6123,6113,6124,-1,6124,6113,6114,-1,6124,6114,6125,-1,6125,6114,6115,-1,6125,6115,6126,-1,6126,6115,6121,-1,6096,6122,6127,-1,6127,6122,6123,-1,6127,6123,6128,-1,6128,6123,6124,-1,6128,6124,6129,-1,6129,6124,6125,-1,6129,6125,6130,-1,6130,6125,6126,-1,6130,6126,6131,-1,6040,6041,6096,-1,6096,6041,6097,-1,6096,6097,6122,-1,6122,6097,6116,-1,6122,6116,6112,-1,6112,6116,6117,-1,6112,6117,6102,-1,6102,6117,710,-1,6047,1048,6104,-1,6104,1048,6038,-1,6104,6038,6039,-1,6121,6132,6126,-1,6126,6132,6133,-1,6126,6133,6131,-1,6131,6133,6134,-1,6131,6134,6135,-1,6039,6096,6104,-1,6104,6096,6127,-1,6104,6127,6105,-1,6105,6127,6128,-1,6105,6128,6106,-1,6106,6128,6129,-1,6106,6129,6107,-1,6107,6129,6130,-1,6107,6130,6108,-1,6108,6130,6131,-1,6108,6131,6109,-1,6109,6131,6135,-1,6109,6135,6110,-1,1044,1043,6095,-1,6095,1043,6110,-1,6095,6110,6056,-1,6056,6110,6135,-1,6056,6135,6057,-1,6057,6135,6134,-1,6057,6134,6059,-1,6059,6134,6133,-1,6059,6133,6060,-1,6060,6133,6132,-1,6060,6132,6075,-1,6075,6132,6121,-1,6075,6121,6076,-1,6076,6121,6120,-1,6076,6120,6077,-1,6077,6120,6119,-1,6077,6119,6078,-1,6078,6119,6118,-1,6078,6118,6068,-1,6118,6111,6068,-1,6068,6111,710,-1,6068,710,712,-1,793,791,6136,-1,793,6136,6137,-1,6137,6136,6138,-1,6137,6138,6139,-1,6139,6138,6140,-1,6139,6140,6141,-1,6141,6140,6142,-1,6141,6142,6143,-1,6143,6142,6144,-1,6143,6144,6145,-1,6145,6144,813,-1,6145,813,730,-1,790,792,6146,-1,790,6146,6147,-1,6147,6146,6148,-1,6147,6148,6149,-1,6149,6148,6150,-1,6149,6150,6151,-1,6151,6150,6152,-1,6151,6152,6153,-1,6153,6152,6154,-1,6153,6154,6155,-1,6155,6154,768,-1,6155,768,811,-1,745,6156,6157,-1,6156,6158,6159,-1,6158,6160,6161,-1,6160,6162,6163,-1,6162,6164,6165,-1,6164,807,805,-1,6164,805,6165,-1,6165,805,803,-1,6165,803,6166,-1,6166,803,801,-1,6166,801,6167,-1,6167,801,799,-1,6167,799,6168,-1,6168,799,797,-1,6168,797,6169,-1,6169,797,795,-1,6169,795,6170,-1,6170,795,793,-1,6170,793,6137,-1,6162,6165,6163,-1,6163,6165,6166,-1,6163,6166,6171,-1,6171,6166,6167,-1,6171,6167,6172,-1,6172,6167,6168,-1,6172,6168,6173,-1,6173,6168,6169,-1,6173,6169,6174,-1,6174,6169,6170,-1,6174,6170,6175,-1,6175,6170,6137,-1,6175,6137,6139,-1,6160,6163,6161,-1,6161,6163,6171,-1,6161,6171,6176,-1,6176,6171,6172,-1,6176,6172,6177,-1,6177,6172,6173,-1,6177,6173,6178,-1,6178,6173,6174,-1,6178,6174,6179,-1,6179,6174,6175,-1,6179,6175,6180,-1,6180,6175,6139,-1,6180,6139,6141,-1,6158,6161,6159,-1,6159,6161,6176,-1,6159,6176,6181,-1,6181,6176,6177,-1,6181,6177,6182,-1,6182,6177,6178,-1,6182,6178,6183,-1,6183,6178,6179,-1,6183,6179,6184,-1,6184,6179,6180,-1,6184,6180,6185,-1,6185,6180,6141,-1,6185,6141,6143,-1,6156,6159,6157,-1,6157,6159,6181,-1,6157,6181,6186,-1,6186,6181,6182,-1,6186,6182,6187,-1,6187,6182,6183,-1,6187,6183,6188,-1,6188,6183,6184,-1,6188,6184,6189,-1,6189,6184,6185,-1,6189,6185,6190,-1,6190,6185,6143,-1,6190,6143,6145,-1,745,6157,743,-1,743,6157,6186,-1,743,6186,741,-1,741,6186,6187,-1,741,6187,739,-1,739,6187,6188,-1,739,6188,737,-1,737,6188,6189,-1,737,6189,735,-1,735,6189,6190,-1,735,6190,733,-1,733,6190,6145,-1,733,6145,730,-1,806,6191,6192,-1,6191,6193,6194,-1,6193,6195,6196,-1,6195,6197,6198,-1,6197,6199,6200,-1,6199,753,756,-1,6199,756,6200,-1,6200,756,758,-1,6200,758,6201,-1,6201,758,760,-1,6201,760,6202,-1,6202,760,762,-1,6202,762,6203,-1,6203,762,764,-1,6203,764,6204,-1,6204,764,766,-1,6204,766,6205,-1,6205,766,768,-1,6205,768,6154,-1,6197,6200,6198,-1,6198,6200,6201,-1,6198,6201,6206,-1,6206,6201,6202,-1,6206,6202,6207,-1,6207,6202,6203,-1,6207,6203,6208,-1,6208,6203,6204,-1,6208,6204,6209,-1,6209,6204,6205,-1,6209,6205,6210,-1,6210,6205,6154,-1,6210,6154,6152,-1,6195,6198,6196,-1,6196,6198,6206,-1,6196,6206,6211,-1,6211,6206,6207,-1,6211,6207,6212,-1,6212,6207,6208,-1,6212,6208,6213,-1,6213,6208,6209,-1,6213,6209,6214,-1,6214,6209,6210,-1,6214,6210,6215,-1,6215,6210,6152,-1,6215,6152,6150,-1,6193,6196,6194,-1,6194,6196,6211,-1,6194,6211,6216,-1,6216,6211,6212,-1,6216,6212,6217,-1,6217,6212,6213,-1,6217,6213,6218,-1,6218,6213,6214,-1,6218,6214,6219,-1,6219,6214,6215,-1,6219,6215,6220,-1,6220,6215,6150,-1,6220,6150,6148,-1,6191,6194,6192,-1,6192,6194,6216,-1,6192,6216,6221,-1,6221,6216,6217,-1,6221,6217,6222,-1,6222,6217,6218,-1,6222,6218,6223,-1,6223,6218,6219,-1,6223,6219,6224,-1,6224,6219,6220,-1,6224,6220,6225,-1,6225,6220,6148,-1,6225,6148,6146,-1,806,6192,804,-1,804,6192,6221,-1,804,6221,802,-1,802,6221,6222,-1,802,6222,800,-1,800,6222,6223,-1,800,6223,798,-1,798,6223,6224,-1,798,6224,796,-1,796,6224,6225,-1,796,6225,794,-1,794,6225,6146,-1,794,6146,792,-1,789,787,6226,-1,789,6226,6227,-1,6227,6226,6228,-1,6227,6228,6229,-1,6229,6228,6230,-1,6229,6230,6231,-1,6231,6230,6232,-1,6231,6232,6233,-1,6233,6232,6234,-1,6233,6234,6235,-1,6235,6234,731,-1,6235,731,812,-1,1070,809,807,-1,1070,807,6236,-1,6236,807,6164,-1,6236,6164,6237,-1,6237,6164,6162,-1,6237,6162,6238,-1,6238,6162,6239,-1,6239,6162,6160,-1,6239,6160,6240,-1,6240,6160,6241,-1,6241,6160,6158,-1,6241,6158,6242,-1,6242,6158,6243,-1,6243,6158,6156,-1,6243,6156,6244,-1,745,747,6156,-1,6156,747,1069,-1,6156,1069,6244,-1,1062,755,753,-1,1062,753,6245,-1,6245,753,6199,-1,6245,6199,6246,-1,6246,6199,6197,-1,6246,6197,6247,-1,6247,6197,6248,-1,6248,6197,6195,-1,6248,6195,6249,-1,6249,6195,6250,-1,6250,6195,6193,-1,6250,6193,6251,-1,6251,6193,6252,-1,6252,6193,6191,-1,6252,6191,6253,-1,806,808,6191,-1,6191,808,1073,-1,6191,1073,6253,-1,786,788,6254,-1,786,6254,6255,-1,6255,6254,6256,-1,6255,6256,6257,-1,6257,6256,6258,-1,6257,6258,6259,-1,6259,6258,6260,-1,6259,6260,6261,-1,6261,6260,6262,-1,6261,6262,6263,-1,6263,6262,810,-1,6263,810,769,-1,773,6264,6265,-1,6264,6266,6267,-1,6266,6268,6269,-1,6268,6270,6271,-1,6270,6272,6273,-1,6272,744,742,-1,6272,742,6273,-1,6273,742,740,-1,6273,740,6274,-1,6274,740,738,-1,6274,738,6275,-1,6275,738,736,-1,6275,736,6276,-1,6276,736,734,-1,6276,734,6277,-1,6277,734,732,-1,6277,732,6278,-1,6278,732,731,-1,6278,731,6234,-1,6270,6273,6271,-1,6271,6273,6274,-1,6271,6274,6279,-1,6279,6274,6275,-1,6279,6275,6280,-1,6280,6275,6276,-1,6280,6276,6281,-1,6281,6276,6277,-1,6281,6277,6282,-1,6282,6277,6278,-1,6282,6278,6283,-1,6283,6278,6234,-1,6283,6234,6232,-1,6268,6271,6269,-1,6269,6271,6279,-1,6269,6279,6284,-1,6284,6279,6280,-1,6284,6280,6285,-1,6285,6280,6281,-1,6285,6281,6286,-1,6286,6281,6282,-1,6286,6282,6287,-1,6287,6282,6283,-1,6287,6283,6288,-1,6288,6283,6232,-1,6288,6232,6230,-1,6266,6269,6267,-1,6267,6269,6284,-1,6267,6284,6289,-1,6289,6284,6285,-1,6289,6285,6290,-1,6290,6285,6286,-1,6290,6286,6291,-1,6291,6286,6287,-1,6291,6287,6292,-1,6292,6287,6288,-1,6292,6288,6293,-1,6293,6288,6230,-1,6293,6230,6228,-1,6264,6267,6265,-1,6265,6267,6289,-1,6265,6289,6294,-1,6294,6289,6290,-1,6294,6290,6295,-1,6295,6290,6291,-1,6295,6291,6296,-1,6296,6291,6292,-1,6296,6292,6297,-1,6297,6292,6293,-1,6297,6293,6298,-1,6298,6293,6228,-1,6298,6228,6226,-1,773,6265,775,-1,775,6265,6294,-1,775,6294,777,-1,777,6294,6295,-1,777,6295,779,-1,779,6295,6296,-1,779,6296,781,-1,781,6296,6297,-1,781,6297,783,-1,783,6297,6298,-1,783,6298,785,-1,785,6298,6226,-1,785,6226,787,-1,6244,1069,1068,-1,1068,6299,6244,-1,6244,6299,6300,-1,6244,6300,6243,-1,6243,6300,6301,-1,6243,6301,6242,-1,6242,6301,6302,-1,6242,6302,6241,-1,6241,6302,6303,-1,6303,6304,6241,-1,6241,6304,6305,-1,6241,6305,6240,-1,6240,6305,6306,-1,6306,6307,6240,-1,6240,6307,6308,-1,6240,6308,6239,-1,6239,6308,6309,-1,6239,6309,6238,-1,6238,6309,6310,-1,1071,1070,6311,-1,6311,1070,6236,-1,6311,6236,6310,-1,6310,6236,6237,-1,6310,6237,6238,-1,751,749,6312,-1,1072,1071,6313,-1,6313,1071,6314,-1,6313,6314,6315,-1,6315,6314,6316,-1,6315,6316,6317,-1,6317,6316,6318,-1,6317,6318,6319,-1,6319,6318,6320,-1,6319,6320,6321,-1,6321,6320,6322,-1,6321,6322,6323,-1,6323,6322,6324,-1,6323,6324,6325,-1,6325,6324,6326,-1,6325,6326,6327,-1,6327,6326,6328,-1,6327,6328,6329,-1,6329,6328,6330,-1,6329,6330,6312,-1,6312,6330,6331,-1,6312,6331,751,-1,1073,1072,6253,-1,6253,1072,6332,-1,6253,6332,6252,-1,6252,6332,6333,-1,6252,6333,6251,-1,6251,6333,6250,-1,6333,6334,6250,-1,6250,6334,6335,-1,6250,6335,6249,-1,6335,6336,6249,-1,6249,6336,6337,-1,6249,6337,6248,-1,6337,6338,6248,-1,6248,6338,6339,-1,6248,6339,6247,-1,6247,6339,6340,-1,6247,6340,6246,-1,6340,6341,6246,-1,6246,6341,6342,-1,6246,6342,6245,-1,1063,1062,6343,-1,6343,1062,6245,-1,6343,6245,6344,-1,6344,6245,6342,-1,752,6345,6346,-1,6345,6347,6348,-1,6347,6349,6350,-1,6349,6351,6352,-1,6351,6353,6354,-1,6353,772,774,-1,6353,774,6354,-1,6354,774,776,-1,6354,776,6355,-1,6355,776,778,-1,6355,778,6356,-1,6356,778,780,-1,6356,780,6357,-1,6357,780,782,-1,6357,782,6358,-1,6358,782,784,-1,6358,784,6359,-1,6359,784,786,-1,6359,786,6255,-1,6351,6354,6352,-1,6352,6354,6355,-1,6352,6355,6360,-1,6360,6355,6356,-1,6360,6356,6361,-1,6361,6356,6357,-1,6361,6357,6362,-1,6362,6357,6358,-1,6362,6358,6363,-1,6363,6358,6359,-1,6363,6359,6364,-1,6364,6359,6255,-1,6364,6255,6257,-1,6349,6352,6350,-1,6350,6352,6360,-1,6350,6360,6365,-1,6365,6360,6361,-1,6365,6361,6366,-1,6366,6361,6362,-1,6366,6362,6367,-1,6367,6362,6363,-1,6367,6363,6368,-1,6368,6363,6364,-1,6368,6364,6369,-1,6369,6364,6257,-1,6369,6257,6259,-1,6347,6350,6348,-1,6348,6350,6365,-1,6348,6365,6370,-1,6370,6365,6366,-1,6370,6366,6371,-1,6371,6366,6367,-1,6371,6367,6372,-1,6372,6367,6368,-1,6372,6368,6373,-1,6373,6368,6369,-1,6373,6369,6374,-1,6374,6369,6259,-1,6374,6259,6261,-1,6345,6348,6346,-1,6346,6348,6370,-1,6346,6370,6375,-1,6375,6370,6371,-1,6375,6371,6376,-1,6376,6371,6372,-1,6376,6372,6377,-1,6377,6372,6373,-1,6377,6373,6378,-1,6378,6373,6374,-1,6378,6374,6379,-1,6379,6374,6261,-1,6379,6261,6263,-1,752,6346,757,-1,757,6346,6375,-1,757,6375,759,-1,759,6375,6376,-1,759,6376,761,-1,761,6376,6377,-1,761,6377,763,-1,763,6377,6378,-1,763,6378,765,-1,765,6378,6379,-1,765,6379,767,-1,767,6379,6263,-1,767,6263,769,-1,1066,746,744,-1,1066,744,6380,-1,6380,744,6272,-1,6380,6272,6381,-1,6381,6272,6270,-1,6381,6270,6382,-1,6382,6270,6383,-1,6383,6270,6268,-1,6383,6268,6384,-1,6384,6268,6385,-1,6385,6268,6266,-1,6385,6266,6386,-1,6386,6266,6387,-1,6387,6266,6264,-1,6387,6264,6388,-1,773,771,6264,-1,6264,771,1061,-1,6264,1061,6388,-1,6316,6314,6389,-1,6320,6318,6390,-1,6324,6322,6391,-1,6328,6326,6392,-1,6393,6299,1068,-1,6394,6304,6395,-1,6395,6304,6303,-1,6395,6303,6302,-1,6396,6306,6394,-1,6394,6306,6305,-1,6394,6305,6304,-1,6307,6397,6308,-1,6308,6397,6398,-1,6308,6398,6309,-1,6309,6398,6310,-1,6310,6398,6389,-1,6310,6389,6311,-1,6311,6389,6314,-1,6311,6314,1071,-1,6330,6399,6331,-1,6331,6399,6400,-1,6331,6400,751,-1,6401,6402,6399,-1,6399,6402,6403,-1,6399,6403,6400,-1,6404,6405,6401,-1,6401,6405,6406,-1,6401,6406,6402,-1,6318,6316,6390,-1,6390,6316,6389,-1,6390,6389,6407,-1,6407,6389,6398,-1,6407,6398,6396,-1,6396,6398,6397,-1,6396,6397,6306,-1,6306,6397,6307,-1,6408,6409,6404,-1,6404,6409,6410,-1,6404,6410,6405,-1,1068,6411,6393,-1,6393,6411,6412,-1,6393,6412,6408,-1,6408,6412,6413,-1,6408,6413,6409,-1,6330,6328,6399,-1,6399,6328,6392,-1,6399,6392,6401,-1,6401,6392,6414,-1,6401,6414,6404,-1,6404,6414,6415,-1,6404,6415,6408,-1,6408,6415,6416,-1,6408,6416,6393,-1,6393,6416,6417,-1,6393,6417,6299,-1,6299,6417,6300,-1,6326,6324,6392,-1,6392,6324,6391,-1,6392,6391,6414,-1,6414,6391,6418,-1,6414,6418,6415,-1,6415,6418,6419,-1,6415,6419,6416,-1,6416,6419,6420,-1,6416,6420,6417,-1,6417,6420,6421,-1,6417,6421,6300,-1,6300,6421,6301,-1,6322,6320,6391,-1,6391,6320,6390,-1,6391,6390,6418,-1,6418,6390,6407,-1,6418,6407,6419,-1,6419,6407,6396,-1,6419,6396,6420,-1,6420,6396,6394,-1,6420,6394,6421,-1,6421,6394,6395,-1,6421,6395,6301,-1,6301,6395,6302,-1,6315,6317,6422,-1,6319,6321,6423,-1,6323,6325,6424,-1,6425,6426,6427,-1,1072,6313,6428,-1,6429,6334,6430,-1,6430,6334,6333,-1,6430,6333,6428,-1,6428,6333,6332,-1,6428,6332,1072,-1,6337,6336,6429,-1,6429,6336,6335,-1,6429,6335,6334,-1,6339,6431,6432,-1,6342,6341,6432,-1,6432,6341,6340,-1,6432,6340,6339,-1,6433,6434,6435,-1,6435,6434,6436,-1,6435,6436,6437,-1,6427,6426,6438,-1,6426,6439,6438,-1,6438,6439,6440,-1,6438,6440,6433,-1,6433,6440,6441,-1,6433,6441,6434,-1,6327,6329,6442,-1,6442,6329,6312,-1,6425,6427,6443,-1,6443,6427,6442,-1,6443,6442,6444,-1,6444,6442,6312,-1,6444,6312,749,-1,6325,6327,6424,-1,6424,6327,6442,-1,6424,6442,6445,-1,6445,6442,6427,-1,6445,6427,6446,-1,6446,6427,6438,-1,6446,6438,6447,-1,6447,6438,6433,-1,6447,6433,6448,-1,6448,6433,6435,-1,6321,6323,6423,-1,6423,6323,6424,-1,6423,6424,6449,-1,6449,6424,6445,-1,6449,6445,6450,-1,6450,6445,6446,-1,6450,6446,6451,-1,6451,6446,6447,-1,6451,6447,6452,-1,6452,6447,6448,-1,6317,6319,6422,-1,6422,6319,6423,-1,6422,6423,6453,-1,6453,6423,6449,-1,6453,6449,6454,-1,6454,6449,6450,-1,6454,6450,6431,-1,6431,6450,6451,-1,6431,6451,6432,-1,6432,6451,6452,-1,6432,6452,6342,-1,6342,6452,6448,-1,6342,6448,6344,-1,6344,6448,6435,-1,6344,6435,6343,-1,6343,6435,6437,-1,6343,6437,1063,-1,6313,6315,6428,-1,6428,6315,6422,-1,6428,6422,6430,-1,6430,6422,6453,-1,6430,6453,6429,-1,6429,6453,6454,-1,6429,6454,6337,-1,6337,6454,6431,-1,6337,6431,6338,-1,6338,6431,6339,-1,1058,770,772,-1,1058,772,6455,-1,6455,772,6353,-1,6455,6353,6456,-1,6456,6353,6351,-1,6456,6351,6457,-1,6457,6351,6458,-1,6458,6351,6349,-1,6458,6349,6459,-1,6459,6349,6460,-1,6460,6349,6347,-1,6460,6347,6461,-1,6461,6347,6462,-1,6462,6347,6345,-1,6462,6345,6463,-1,752,754,6345,-1,6345,754,1065,-1,6345,1065,6463,-1,1061,1060,6388,-1,6388,1060,6464,-1,6388,6464,6387,-1,6387,6464,6465,-1,6387,6465,6386,-1,6386,6465,6385,-1,6465,6466,6385,-1,6385,6466,6467,-1,6385,6467,6384,-1,6467,6468,6384,-1,6384,6468,6469,-1,6384,6469,6383,-1,6469,6470,6383,-1,6383,6470,6471,-1,6383,6471,6382,-1,6382,6471,6472,-1,6382,6472,6381,-1,6472,6473,6381,-1,6381,6473,6474,-1,6381,6474,6380,-1,1067,1066,6475,-1,6475,1066,6380,-1,6475,6380,6476,-1,6476,6380,6474,-1,750,751,6400,-1,1068,1067,6411,-1,6411,1067,6477,-1,6411,6477,6412,-1,6412,6477,6478,-1,6412,6478,6413,-1,6413,6478,6479,-1,6413,6479,6409,-1,6409,6479,6480,-1,6409,6480,6410,-1,6410,6480,6481,-1,6410,6481,6405,-1,6405,6481,6482,-1,6405,6482,6406,-1,6406,6482,6483,-1,6406,6483,6402,-1,6402,6483,6484,-1,6402,6484,6403,-1,6403,6484,6485,-1,6403,6485,6400,-1,6400,6485,6486,-1,6400,6486,750,-1,749,748,6487,-1,1064,1063,6488,-1,6488,1063,6437,-1,6488,6437,6489,-1,6489,6437,6436,-1,6489,6436,6490,-1,6490,6436,6434,-1,6490,6434,6491,-1,6491,6434,6441,-1,6491,6441,6492,-1,6492,6441,6440,-1,6492,6440,6493,-1,6493,6440,6439,-1,6493,6439,6494,-1,6494,6439,6426,-1,6494,6426,6495,-1,6495,6426,6425,-1,6495,6425,6496,-1,6496,6425,6443,-1,6496,6443,6487,-1,6487,6443,6444,-1,6487,6444,749,-1,1065,1064,6497,-1,1065,6497,6463,-1,6463,6497,6498,-1,6463,6498,6462,-1,6462,6498,6499,-1,6462,6499,6500,-1,6501,6460,6500,-1,6500,6460,6461,-1,6500,6461,6462,-1,6501,6502,6460,-1,6460,6502,6503,-1,6460,6503,6459,-1,6459,6503,6504,-1,6504,6505,6459,-1,6459,6505,6506,-1,6459,6506,6458,-1,6458,6506,6507,-1,6458,6507,6457,-1,6457,6507,6508,-1,1059,1058,6509,-1,6509,1058,6455,-1,6509,6455,6508,-1,6508,6455,6456,-1,6508,6456,6457,-1,6478,6477,6510,-1,6480,6479,6511,-1,6482,6481,6512,-1,6484,6483,6513,-1,6486,6485,6514,-1,6465,6464,6515,-1,6515,6464,1060,-1,6516,6466,6465,-1,6468,6467,6517,-1,6517,6467,6466,-1,6471,6470,6518,-1,6518,6470,6469,-1,6474,6473,6519,-1,6519,6473,6472,-1,6519,6472,6471,-1,6519,6520,6474,-1,6474,6520,6521,-1,6474,6521,6476,-1,6476,6521,6510,-1,6476,6510,6475,-1,6475,6510,6477,-1,6475,6477,1067,-1,1060,6522,6515,-1,6515,6522,6523,-1,6515,6523,6524,-1,6523,6525,6524,-1,6524,6525,6526,-1,6524,6526,6527,-1,6526,6528,6527,-1,6527,6528,6529,-1,6527,6529,6530,-1,6529,6531,6530,-1,6530,6531,6532,-1,6530,6532,6514,-1,750,6486,6533,-1,6533,6486,6514,-1,6533,6514,6534,-1,6534,6514,6532,-1,6465,6515,6516,-1,6516,6515,6524,-1,6516,6524,6535,-1,6535,6524,6527,-1,6535,6527,6536,-1,6536,6527,6530,-1,6536,6530,6537,-1,6537,6530,6514,-1,6537,6514,6513,-1,6513,6514,6485,-1,6513,6485,6484,-1,6466,6516,6517,-1,6517,6516,6535,-1,6517,6535,6538,-1,6538,6535,6536,-1,6538,6536,6539,-1,6539,6536,6537,-1,6539,6537,6540,-1,6540,6537,6513,-1,6540,6513,6512,-1,6512,6513,6483,-1,6512,6483,6482,-1,6468,6517,6469,-1,6469,6517,6538,-1,6469,6538,6518,-1,6518,6538,6539,-1,6518,6539,6541,-1,6541,6539,6540,-1,6541,6540,6542,-1,6542,6540,6512,-1,6542,6512,6511,-1,6511,6512,6481,-1,6511,6481,6480,-1,6471,6518,6519,-1,6519,6518,6541,-1,6519,6541,6520,-1,6520,6541,6542,-1,6520,6542,6521,-1,6521,6542,6511,-1,6521,6511,6510,-1,6510,6511,6479,-1,6510,6479,6478,-1,6543,6544,6545,-1,6546,6547,6548,-1,6549,6550,6551,-1,6552,6553,6554,-1,6555,6556,6557,-1,6558,6497,1064,-1,6559,6502,6560,-1,6560,6502,6501,-1,6560,6501,6500,-1,6561,6504,6559,-1,6559,6504,6503,-1,6559,6503,6502,-1,6505,6562,6506,-1,6506,6562,6563,-1,6506,6563,6507,-1,6507,6563,6508,-1,6508,6563,6557,-1,6508,6557,6509,-1,6509,6557,6556,-1,6509,6556,1059,-1,1064,6488,6558,-1,6558,6488,6489,-1,6558,6489,6564,-1,6489,6490,6564,-1,6564,6490,6491,-1,6564,6491,6565,-1,6491,6492,6565,-1,6565,6492,6493,-1,6565,6493,6566,-1,6493,6494,6566,-1,6566,6494,6495,-1,6566,6495,6545,-1,6553,6555,6554,-1,6554,6555,6557,-1,6554,6557,6567,-1,6567,6557,6563,-1,6567,6563,6561,-1,6561,6563,6562,-1,6561,6562,6504,-1,6504,6562,6505,-1,6550,6552,6551,-1,6551,6552,6554,-1,6551,6554,6568,-1,6568,6554,6567,-1,6568,6567,6569,-1,6569,6567,6561,-1,6569,6561,6570,-1,6570,6561,6559,-1,6570,6559,6571,-1,6571,6559,6560,-1,6571,6560,6499,-1,6499,6560,6500,-1,6547,6549,6548,-1,6548,6549,6551,-1,6548,6551,6572,-1,6572,6551,6568,-1,6572,6568,6573,-1,6573,6568,6569,-1,6573,6569,6574,-1,6574,6569,6570,-1,6574,6570,6575,-1,6575,6570,6571,-1,6575,6571,6498,-1,6498,6571,6499,-1,6544,6546,6545,-1,6545,6546,6548,-1,6545,6548,6566,-1,6566,6548,6572,-1,6566,6572,6565,-1,6565,6572,6573,-1,6565,6573,6564,-1,6564,6573,6574,-1,6564,6574,6558,-1,6558,6574,6575,-1,6558,6575,6497,-1,6497,6575,6498,-1,748,6543,6487,-1,6487,6543,6545,-1,6487,6545,6496,-1,6496,6545,6495,-1,1060,1059,6522,-1,6522,1059,6556,-1,6522,6556,6523,-1,6523,6556,6555,-1,6523,6555,6525,-1,6525,6555,6553,-1,6525,6553,6526,-1,6526,6553,6552,-1,6526,6552,6528,-1,6528,6552,6550,-1,6528,6550,6529,-1,6529,6550,6549,-1,6529,6549,6531,-1,6531,6549,6547,-1,6531,6547,6532,-1,6532,6547,6546,-1,6532,6546,6534,-1,6534,6546,6544,-1,6534,6544,6533,-1,6544,6543,6533,-1,6533,6543,748,-1,6533,748,750,-1,826,828,1086,-1,1086,828,6576,-1,1086,6576,6577,-1,6577,6576,6578,-1,6578,6576,6579,-1,6578,6579,6580,-1,6580,6579,6581,-1,6581,6579,6582,-1,6581,6582,6583,-1,6583,6582,6584,-1,6584,6582,6585,-1,6584,6585,6586,-1,6586,6585,6587,-1,6587,6585,6588,-1,6587,6588,6589,-1,825,823,6588,-1,6588,823,1085,-1,6588,1085,6589,-1,818,820,1078,-1,1078,820,6590,-1,1078,6590,6591,-1,6591,6590,6592,-1,6592,6590,6593,-1,6592,6593,6594,-1,6594,6593,6595,-1,6595,6593,6596,-1,6595,6596,6597,-1,6597,6596,6598,-1,6598,6596,6599,-1,6598,6599,6600,-1,6600,6599,6601,-1,6601,6599,6602,-1,6601,6602,6603,-1,829,827,6602,-1,6602,827,1089,-1,6602,1089,6603,-1,6584,6586,6604,-1,6604,6586,6587,-1,6604,6587,1084,-1,1084,6587,6589,-1,1084,6589,1085,-1,6604,6605,6584,-1,6584,6605,6606,-1,6584,6606,6583,-1,6583,6606,6607,-1,6607,6608,6583,-1,6583,6608,6609,-1,6583,6609,6581,-1,6581,6609,6610,-1,6581,6610,6580,-1,6580,6610,6611,-1,6580,6611,6578,-1,6578,6611,6612,-1,6578,6612,6577,-1,6577,6612,1087,-1,6577,1087,1086,-1,817,815,6613,-1,1088,1087,6614,-1,6614,1087,6615,-1,6614,6615,6616,-1,6616,6615,6617,-1,6616,6617,6618,-1,6618,6617,6619,-1,6618,6619,6620,-1,6620,6619,6621,-1,6620,6621,6622,-1,6622,6621,6623,-1,6622,6623,6624,-1,6624,6623,6625,-1,6624,6625,6626,-1,6626,6625,6627,-1,6626,6627,6628,-1,6628,6627,6629,-1,6628,6629,6630,-1,6630,6629,6631,-1,6630,6631,6613,-1,6613,6631,6632,-1,6613,6632,817,-1,6598,6600,6633,-1,6633,6600,6601,-1,6633,6601,1088,-1,1088,6601,6603,-1,1088,6603,1089,-1,6633,6634,6598,-1,6598,6634,6635,-1,6598,6635,6597,-1,6597,6635,6636,-1,6636,6637,6597,-1,6597,6637,6638,-1,6597,6638,6595,-1,6595,6638,6639,-1,6595,6639,6594,-1,6594,6639,6640,-1,6594,6640,6592,-1,6592,6640,6641,-1,6592,6641,6591,-1,6591,6641,1079,-1,6591,1079,1078,-1,822,824,1082,-1,1082,824,6642,-1,1082,6642,6643,-1,6643,6642,6644,-1,6644,6642,6645,-1,6644,6645,6646,-1,6646,6645,6647,-1,6647,6645,6648,-1,6647,6648,6649,-1,6649,6648,6650,-1,6650,6648,6651,-1,6650,6651,6652,-1,6652,6651,6653,-1,6653,6651,6654,-1,6653,6654,6655,-1,830,832,6654,-1,6654,832,1077,-1,6654,1077,6655,-1,6656,6657,6658,-1,6659,6660,6661,-1,817,6662,6663,-1,6664,6662,817,-1,6661,6660,817,-1,6665,817,6660,-1,6666,6605,6604,-1,6605,6666,6606,-1,6606,6666,6667,-1,6606,6667,6607,-1,6607,6667,6668,-1,6607,6668,6608,-1,6608,6668,6669,-1,6608,6669,6609,-1,6609,6669,6610,-1,6610,6669,6670,-1,6610,6670,6611,-1,6611,6670,6612,-1,6612,6670,6615,-1,6612,6615,1087,-1,6632,6664,817,-1,6671,6672,6659,-1,6659,6672,6673,-1,6659,6673,6660,-1,6660,6673,6674,-1,6660,6674,6665,-1,6675,6663,6676,-1,6676,6663,6662,-1,6676,6662,6677,-1,6677,6662,6664,-1,6677,6664,6678,-1,6632,6631,6664,-1,6664,6631,6629,-1,6664,6629,6678,-1,6678,6629,6627,-1,6678,6627,6625,-1,6658,6675,6679,-1,6679,6675,6676,-1,6679,6676,6680,-1,6680,6676,6677,-1,6680,6677,6681,-1,6681,6677,6678,-1,6681,6678,6682,-1,6682,6678,6625,-1,6683,6684,6685,-1,6685,6684,6656,-1,6656,6658,6685,-1,6685,6658,6679,-1,6685,6679,6686,-1,6686,6679,6680,-1,6686,6680,6687,-1,6687,6680,6681,-1,6687,6681,6688,-1,6688,6681,6682,-1,6688,6682,6689,-1,6657,6671,6658,-1,6658,6671,6659,-1,6658,6659,6675,-1,6675,6659,6661,-1,6675,6661,6663,-1,6663,6661,817,-1,6683,6666,6690,-1,6690,6666,6604,-1,6690,6604,1084,-1,6625,6623,6682,-1,6682,6623,6621,-1,6682,6621,6689,-1,6689,6621,6619,-1,6689,6619,6617,-1,6683,6685,6666,-1,6666,6685,6686,-1,6666,6686,6667,-1,6667,6686,6687,-1,6667,6687,6668,-1,6668,6687,6688,-1,6668,6688,6669,-1,6669,6688,6689,-1,6669,6689,6670,-1,6670,6689,6617,-1,6670,6617,6615,-1,6620,6622,6691,-1,6692,6693,6694,-1,815,6695,6696,-1,6694,6693,815,-1,6613,815,6693,-1,6697,6634,6633,-1,6634,6697,6635,-1,6635,6697,6698,-1,6635,6698,6636,-1,6636,6698,6699,-1,6636,6699,6637,-1,6637,6699,6700,-1,6637,6700,6638,-1,6638,6700,6639,-1,6639,6700,6701,-1,6639,6701,6640,-1,6640,6701,6641,-1,6641,6701,6702,-1,6641,6702,1079,-1,6703,6704,6705,-1,6705,6704,815,-1,6695,815,6704,-1,6624,6626,6692,-1,6692,6626,6628,-1,6692,6628,6693,-1,6693,6628,6630,-1,6693,6630,6613,-1,6706,6696,6707,-1,6707,6696,6695,-1,6707,6695,6708,-1,6708,6695,6704,-1,6708,6704,6709,-1,6709,6704,6703,-1,6703,6710,6709,-1,6709,6710,6711,-1,6709,6711,6712,-1,6691,6706,6713,-1,6713,6706,6707,-1,6713,6707,6714,-1,6714,6707,6708,-1,6714,6708,6715,-1,6715,6708,6709,-1,6715,6709,6716,-1,6716,6709,6712,-1,6616,6618,6717,-1,6717,6618,6620,-1,6620,6691,6717,-1,6717,6691,6713,-1,6717,6713,6718,-1,6718,6713,6714,-1,6718,6714,6719,-1,6719,6714,6715,-1,6719,6715,6720,-1,6720,6715,6716,-1,6720,6716,6721,-1,6622,6624,6691,-1,6691,6624,6692,-1,6691,6692,6706,-1,6706,6692,6694,-1,6706,6694,6696,-1,6696,6694,815,-1,6616,6697,6614,-1,6614,6697,6633,-1,6614,6633,1088,-1,6712,6722,6716,-1,6716,6722,6723,-1,6716,6723,6721,-1,6721,6723,6724,-1,6721,6724,6725,-1,6616,6717,6697,-1,6697,6717,6718,-1,6697,6718,6698,-1,6698,6718,6719,-1,6698,6719,6699,-1,6699,6719,6720,-1,6699,6720,6700,-1,6700,6720,6721,-1,6700,6721,6701,-1,6701,6721,6725,-1,6701,6725,6702,-1,833,831,1074,-1,1074,831,6726,-1,1074,6726,6727,-1,6727,6726,6728,-1,6728,6726,6729,-1,6728,6729,6730,-1,6730,6729,6731,-1,6731,6729,6732,-1,6731,6732,6733,-1,6733,6732,6734,-1,6734,6732,6735,-1,6734,6735,6736,-1,6736,6735,6737,-1,6737,6735,6738,-1,6737,6738,6739,-1,821,819,6738,-1,6738,819,1081,-1,6738,1081,6739,-1,6650,6652,6740,-1,6740,6652,6653,-1,6740,6653,1076,-1,1076,6653,6655,-1,1076,6655,1077,-1,6740,6741,6650,-1,6650,6741,6742,-1,6650,6742,6649,-1,6649,6742,6743,-1,6743,6744,6649,-1,6649,6744,6745,-1,6649,6745,6647,-1,6647,6745,6746,-1,6647,6746,6646,-1,6646,6746,6747,-1,6646,6747,6644,-1,6644,6747,6748,-1,6644,6748,6643,-1,6643,6748,1083,-1,6643,1083,1082,-1,816,817,6665,-1,1084,1083,6690,-1,6690,1083,6749,-1,6690,6749,6683,-1,6683,6749,6750,-1,6683,6750,6684,-1,6684,6750,6751,-1,6684,6751,6656,-1,6656,6751,6752,-1,6656,6752,6657,-1,6657,6752,6753,-1,6657,6753,6671,-1,6671,6753,6754,-1,6671,6754,6672,-1,6672,6754,6755,-1,6672,6755,6673,-1,6673,6755,6756,-1,6673,6756,6674,-1,6674,6756,6757,-1,6674,6757,6665,-1,6665,6757,6758,-1,6665,6758,816,-1,815,814,6759,-1,1080,1079,6760,-1,6760,1079,6702,-1,6760,6702,6761,-1,6761,6702,6725,-1,6761,6725,6762,-1,6762,6725,6724,-1,6762,6724,6763,-1,6763,6724,6723,-1,6763,6723,6764,-1,6764,6723,6722,-1,6764,6722,6765,-1,6765,6722,6712,-1,6765,6712,6766,-1,6766,6712,6711,-1,6766,6711,6767,-1,6767,6711,6710,-1,6767,6710,6768,-1,6768,6710,6703,-1,6768,6703,6759,-1,6759,6703,6705,-1,6759,6705,815,-1,6734,6736,6769,-1,6769,6736,6737,-1,6769,6737,1080,-1,1080,6737,6739,-1,1080,6739,1081,-1,6769,6770,6734,-1,6734,6770,6771,-1,6734,6771,6733,-1,6733,6771,6772,-1,6772,6773,6733,-1,6733,6773,6774,-1,6733,6774,6731,-1,6731,6774,6775,-1,6731,6775,6730,-1,6730,6775,6776,-1,6730,6776,6728,-1,6728,6776,6777,-1,6728,6777,6727,-1,6727,6777,1075,-1,6727,1075,1074,-1,6778,6779,6780,-1,6781,6782,6783,-1,816,6784,6785,-1,6783,6782,816,-1,6786,816,6782,-1,6787,6741,6740,-1,6741,6787,6742,-1,6742,6787,6788,-1,6742,6788,6743,-1,6743,6788,6789,-1,6743,6789,6744,-1,6744,6789,6790,-1,6744,6790,6745,-1,6745,6790,6746,-1,6746,6790,6791,-1,6746,6791,6747,-1,6747,6791,6748,-1,6748,6791,6749,-1,6748,6749,1083,-1,6757,6792,6758,-1,6758,6792,816,-1,6784,816,6792,-1,6793,6794,6781,-1,6781,6794,6795,-1,6781,6795,6782,-1,6782,6795,6796,-1,6782,6796,6786,-1,6797,6785,6798,-1,6798,6785,6784,-1,6798,6784,6799,-1,6799,6784,6792,-1,6799,6792,6800,-1,6800,6792,6757,-1,6757,6756,6800,-1,6800,6756,6755,-1,6800,6755,6754,-1,6780,6797,6801,-1,6801,6797,6798,-1,6801,6798,6802,-1,6802,6798,6799,-1,6802,6799,6803,-1,6803,6799,6800,-1,6803,6800,6804,-1,6804,6800,6754,-1,6805,6806,6807,-1,6807,6806,6778,-1,6778,6780,6807,-1,6807,6780,6801,-1,6807,6801,6808,-1,6808,6801,6802,-1,6808,6802,6809,-1,6809,6802,6803,-1,6809,6803,6810,-1,6810,6803,6804,-1,6810,6804,6811,-1,6779,6793,6780,-1,6780,6793,6781,-1,6780,6781,6797,-1,6797,6781,6783,-1,6797,6783,6785,-1,6785,6783,816,-1,6805,6787,6812,-1,6812,6787,6740,-1,6812,6740,1076,-1,6754,6753,6804,-1,6804,6753,6752,-1,6804,6752,6811,-1,6811,6752,6751,-1,6811,6751,6750,-1,6805,6807,6787,-1,6787,6807,6808,-1,6787,6808,6788,-1,6788,6808,6809,-1,6788,6809,6789,-1,6789,6809,6810,-1,6789,6810,6790,-1,6790,6810,6811,-1,6790,6811,6791,-1,6791,6811,6750,-1,6791,6750,6749,-1,6763,6764,6813,-1,6814,6815,6816,-1,814,6817,6818,-1,6819,6817,814,-1,6816,6815,814,-1,6759,814,6815,-1,6820,6770,6769,-1,6770,6820,6771,-1,6771,6820,6821,-1,6771,6821,6772,-1,6772,6821,6822,-1,6772,6822,6773,-1,6773,6822,6823,-1,6773,6823,6774,-1,6774,6823,6775,-1,6775,6823,6824,-1,6775,6824,6776,-1,6776,6824,6777,-1,6777,6824,6825,-1,6777,6825,1075,-1,6826,6819,814,-1,6765,6766,6814,-1,6814,6766,6767,-1,6814,6767,6815,-1,6815,6767,6768,-1,6815,6768,6759,-1,6827,6818,6828,-1,6828,6818,6817,-1,6828,6817,6829,-1,6829,6817,6819,-1,6829,6819,6830,-1,6826,6831,6819,-1,6819,6831,6832,-1,6819,6832,6830,-1,6830,6832,6833,-1,6830,6833,6834,-1,6813,6827,6835,-1,6835,6827,6828,-1,6835,6828,6836,-1,6836,6828,6829,-1,6836,6829,6837,-1,6837,6829,6830,-1,6837,6830,6838,-1,6838,6830,6834,-1,6761,6762,6839,-1,6839,6762,6763,-1,6763,6813,6839,-1,6839,6813,6835,-1,6839,6835,6840,-1,6840,6835,6836,-1,6840,6836,6841,-1,6841,6836,6837,-1,6841,6837,6842,-1,6842,6837,6838,-1,6842,6838,6843,-1,6764,6765,6813,-1,6813,6765,6814,-1,6813,6814,6827,-1,6827,6814,6816,-1,6827,6816,6818,-1,6818,6816,814,-1,6761,6820,6760,-1,6760,6820,6769,-1,6760,6769,1080,-1,6834,6844,6838,-1,6838,6844,6845,-1,6838,6845,6843,-1,6843,6845,6846,-1,6843,6846,6847,-1,6761,6839,6820,-1,6820,6839,6840,-1,6820,6840,6821,-1,6821,6840,6841,-1,6821,6841,6822,-1,6822,6841,6842,-1,6822,6842,6823,-1,6823,6842,6843,-1,6823,6843,6824,-1,6824,6843,6847,-1,6824,6847,6825,-1,1076,1075,6812,-1,6812,1075,6825,-1,6812,6825,6805,-1,6805,6825,6847,-1,6805,6847,6806,-1,6806,6847,6846,-1,6806,6846,6778,-1,6778,6846,6845,-1,6778,6845,6779,-1,6779,6845,6844,-1,6779,6844,6793,-1,6793,6844,6834,-1,6793,6834,6794,-1,6794,6834,6833,-1,6794,6833,6795,-1,6795,6833,6832,-1,6795,6832,6796,-1,6796,6832,6831,-1,6796,6831,6786,-1,6831,6826,6786,-1,6786,6826,814,-1,6786,814,816,-1,
        ]
    }
}
Shape{
    appearance Appearance {
        material  Material 	{
            diffuseColor 0.2235294117647059 0.2235294117647059 0.2235294117647059
            specularColor 0.11372549019607843 0.11372549019607843 0.11372549019607843
            ambientIntensity 0.2
            transparency 0
            shininess 0.5
        }
    }
    geometry IndexedFaceSet {
        ccw TRUE
        solid FALSE
        coord DEF co Coordinate {
            point [
                -2.8159 0.8201 -0.5157, -2.7391 0.6232 -0.5157, -2.8159 0.8201 -0.5118, -2.7391 0.6232 -0.5118, -2.7679 0.6232 -0.5157, -2.7679 0.6232 -0.5118, -2.7878 0.6785 -0.5157, -2.7878 0.6785 -0.5118, -2.8691 0.6785 -0.5157, -2.8691 0.6785 -0.5118, -2.8879 0.6232 -0.5157, -2.8879 0.6232 -0.5118, -2.9167 0.6232 -0.5157, -2.9167 0.6232 -0.5118, -2.8423 0.8201 -0.5157, -2.8423 0.8201 -0.5118, -2.8625 0.7001 -0.5157, -2.7967 0.7001 -0.5157, -2.8331 0.7823 -0.5157, -2.8312 0.7891 -0.5157, -2.83 0.7961 -0.5157, -2.8293 0.7961 -0.5157, -2.8281 0.7891 -0.5157, -2.8263 0.7823 -0.5157, -2.8625 0.7001 -0.5118, -2.7967 0.7001 -0.5118, -2.8331 0.7823 -0.5118, -2.8312 0.7891 -0.5118, -2.83 0.7961 -0.5118, -2.8293 0.7961 -0.5118, -2.8281 0.7891 -0.5118, -2.8263 0.7823 -0.5118, -3.0361 0.6232 -0.5157, -3.0896 0.6232 -0.5157, -3.0361 0.6232 -0.5118, -3.0896 0.6232 -0.5118, -3.0896 0.8201 -0.5157, -3.0896 0.8201 -0.5118, -3.034 0.8201 -0.5157, -3.034 0.8201 -0.5118, -2.9312 0.7241 -0.5157, -2.9312 0.7241 -0.5118, -2.9326 0.7427 -0.5118, -2.9326 0.7427 -0.5157, -2.9379 0.7621 -0.5118, -2.9379 0.7621 -0.5157, -2.947 0.779 -0.5118, -2.947 0.779 -0.5157, -2.9609 0.7944 -0.5118, -2.9609 0.7944 -0.5157, -2.9611 0.7946 -0.5118, -2.9611 0.7946 -0.5157, -2.9826 0.809 -0.5118, -2.9826 0.809 -0.5157, -3.0056 0.8171 -0.5118, -3.0056 0.8171 -0.5157, -3.0117 0.6254 -0.5118, -3.0117 0.6254 -0.5157, -2.989 0.6321 -0.5118, -2.989 0.6321 -0.5157, -2.9685 0.6441 -0.5118, -2.9685 0.6441 -0.5157, -2.9523 0.6596 -0.5118, -2.9523 0.6596 -0.5157, -2.941 0.6772 -0.5118, -2.941 0.6772 -0.5157, -2.9339 0.6978 -0.5118, -2.9339 0.6978 -0.5157, -2.9707 0.7709 -0.5157, -2.9802 0.781 -0.5157, -2.9946 0.7903 -0.5157, -3.0109 0.796 -0.5157, -3.0342 0.7985 -0.5157, -3.0632 0.7985 -0.5157, -3.0632 0.6448 -0.5157, -3.0352 0.6448 -0.5157, -3.0145 0.6468 -0.5157, -2.9979 0.652 -0.5157, -2.9845 0.6599 -0.5157, -2.9734 0.6708 -0.5157, -2.9651 0.6844 -0.5157, -2.9594 0.7029 -0.5157, -2.9576 0.7236 -0.5157, -2.9592 0.7432 -0.5157, -2.9638 0.7587 -0.5157, -3.0342 0.7985 -0.5118, -3.0632 0.7985 -0.5118, -3.0109 0.796 -0.5118, -2.9946 0.7903 -0.5118, -2.9802 0.781 -0.5118, -2.9707 0.7709 -0.5118, -2.9638 0.7587 -0.5118, -2.9592 0.7432 -0.5118, -2.9576 0.7236 -0.5118, -2.9594 0.7029 -0.5118, -2.9651 0.6844 -0.5118, -2.9734 0.6708 -0.5118, -2.9845 0.6599 -0.5118, -2.9979 0.652 -0.5118, -3.0145 0.6468 -0.5118, -3.0352 0.6448 -0.5118, -3.0632 0.6448 -0.5118, -3.128 0.6448 -0.5157, -3.128 0.6232 -0.5157, -3.128 0.6448 -0.5118, -3.128 0.6232 -0.5118, -3.2336 0.6232 -0.5157, -3.2336 0.6232 -0.5118, -3.2336 0.8201 -0.5157, -3.2336 0.8201 -0.5118, -3.1328 0.8201 -0.5157, -3.1328 0.8201 -0.5118, -3.1328 0.7985 -0.5157, -3.1328 0.7985 -0.5118, -3.2072 0.7985 -0.5157, -3.2072 0.7985 -0.5118, -3.2072 0.7337 -0.5157, -3.2072 0.7337 -0.5118, -3.1376 0.7337 -0.5157, -3.1376 0.7337 -0.5118, -3.1376 0.7121 -0.5157, -3.1376 0.7121 -0.5118, -3.2072 0.7121 -0.5157, -3.2072 0.7121 -0.5118, -3.2072 0.6448 -0.5157, -3.2072 0.6448 -0.5118, -3.272 0.6551 -0.5157, -3.272 0.6334 -0.5157, -3.272 0.6551 -0.5118, -3.272 0.6334 -0.5118, -3.293 0.6248 -0.5157, -3.3262 0.6208 -0.5157, -3.3262 0.6208 -0.5118, -3.3208 0.6209 -0.5118, -3.3208 0.6209 -0.5157, -3.3129 0.622 -0.5118, -3.293 0.6248 -0.5118, -3.4185 0.718 -0.5157, -3.4185 0.718 -0.5118, -3.4166 0.6952 -0.5118, -3.4166 0.6952 -0.5157, -3.4106 0.6743 -0.5118, -3.4106 0.6743 -0.5157, -3.4002 0.6556 -0.5118, -3.4002 0.6556 -0.5157, -3.3854 0.64 -0.5118, -3.3854 0.64 -0.5157, -3.3695 0.6299 -0.5118, -3.3695 0.6299 -0.5157, -3.3505 0.6234 -0.5118, -3.3505 0.6234 -0.5157, -3.3378 0.622 -0.5118, -3.3184 0.8225 -0.5157, -3.3184 0.8225 -0.5118, -3.3381 0.8209 -0.5118, -3.3381 0.8209 -0.5157, -3.3601 0.8145 -0.5118, -3.3601 0.8145 -0.5157, -3.3788 0.8037 -0.5118, -3.3788 0.8037 -0.5157, -3.3965 0.7866 -0.5118, -3.3965 0.7866 -0.5157, -3.4081 0.7682 -0.5118, -3.4081 0.7682 -0.5157, -3.4156 0.7459 -0.5118, -3.4156 0.7459 -0.5157, -3.272 0.8147 -0.5157, -3.272 0.8147 -0.5118, -3.2948 0.8209 -0.5118, -3.2948 0.8209 -0.5157, -3.272 0.7883 -0.5157, -3.272 0.7883 -0.5118, -3.3181 0.8009 -0.5157, -3.3181 0.8009 -0.5118, -3.2942 0.7978 -0.5118, -3.2942 0.7978 -0.5157, -3.3921 0.7196 -0.5157, -3.3921 0.7196 -0.5118, -3.3911 0.7349 -0.5118, -3.3911 0.7349 -0.5157, -3.3859 0.756 -0.5118, -3.3859 0.756 -0.5157, -3.3778 0.7712 -0.5118, -3.3778 0.7712 -0.5157, -3.3659 0.7843 -0.5118, -3.3659 0.7843 -0.5157, -3.3523 0.7934 -0.5118, -3.3523 0.7934 -0.5157, -3.3375 0.7987 -0.5118, -3.3375 0.7987 -0.5157, -3.3226 0.6424 -0.5157, -3.3226 0.6424 -0.5118, -3.3409 0.6445 -0.5118, -3.3409 0.6445 -0.5157, -3.3553 0.6498 -0.5118, -3.3553 0.6498 -0.5157, -3.3673 0.6579 -0.5118, -3.3673 0.6579 -0.5157, -3.3766 0.6677 -0.5118, -3.3766 0.6677 -0.5157, -3.3847 0.6813 -0.5118, -3.3847 0.6813 -0.5157, -3.3901 0.6983 -0.5118, -3.3901 0.6983 -0.5157, -3.2756 0.6531 -0.5118, -3.2756 0.6531 -0.5157, -3.2964 0.6453 -0.5118, -3.2964 0.6453 -0.5157, -3.4353 0.6448 -0.5157, -3.4353 0.6232 -0.5157, -3.4353 0.6448 -0.5118, -3.4353 0.6232 -0.5118, -3.5361 0.6232 -0.5157, -3.5361 0.6232 -0.5118, -3.5361 0.8201 -0.5157, -3.5361 0.8201 -0.5118, -3.5097 0.8201 -0.5157, -3.5097 0.8201 -0.5118, -3.5097 0.6448 -0.5157, -3.5097 0.6448 -0.5118, -3.5097 0.6448 -0.5118
            ]
        }
        coordIndex [
            0,1,2,-1,2,1,3,-1,1,4,3,-1,3,4,5,-1,4,6,5,-1,5,6,7,-1,6,8,7,-1,7,8,9,-1,8,10,9,-1,9,10,11,-1,10,12,11,-1,11,12,13,-1,12,14,13,-1,13,14,15,-1,14,0,15,-1,15,0,2,-1,16,8,17,-1,17,8,6,-1,18,14,16,-1,16,14,12,-1,16,12,8,-1,8,12,10,-1,18,19,14,-1,14,19,20,-1,14,20,0,-1,0,20,21,-1,0,21,22,-1,22,23,0,-1,0,23,17,-1,0,17,1,-1,1,17,6,-1,1,6,4,-1,16,17,24,-1,24,17,25,-1,18,16,26,-1,26,16,24,-1,18,26,27,-1,18,27,19,-1,19,27,28,-1,19,28,20,-1,21,20,29,-1,29,20,28,-1,21,29,30,-1,21,30,22,-1,22,30,31,-1,22,31,23,-1,17,23,25,-1,25,23,31,-1,32,33,34,-1,34,33,35,-1,33,36,35,-1,35,36,37,-1,36,38,37,-1,37,38,39,-1,40,41,42,-1,40,42,43,-1,43,42,44,-1,43,44,45,-1,45,44,46,-1,45,46,47,-1,47,46,48,-1,47,48,49,-1,49,48,50,-1,49,50,51,-1,51,50,52,-1,51,52,53,-1,53,52,54,-1,53,54,55,-1,55,54,39,-1,55,39,38,-1,32,34,56,-1,32,56,57,-1,57,56,58,-1,57,58,59,-1,59,58,60,-1,59,60,61,-1,61,60,62,-1,61,62,63,-1,63,62,64,-1,63,64,65,-1,65,64,66,-1,65,66,67,-1,67,66,41,-1,67,41,40,-1,45,47,68,-1,68,47,49,-1,68,49,69,-1,69,49,51,-1,69,51,70,-1,70,51,53,-1,70,53,71,-1,71,53,55,-1,71,55,72,-1,72,55,38,-1,72,38,73,-1,73,38,36,-1,73,36,74,-1,74,36,33,-1,74,33,75,-1,75,33,32,-1,75,32,76,-1,76,32,57,-1,76,57,77,-1,77,57,59,-1,77,59,78,-1,78,59,61,-1,78,61,79,-1,79,61,63,-1,79,63,80,-1,80,63,65,-1,80,65,81,-1,81,65,67,-1,81,67,82,-1,82,67,40,-1,82,40,83,-1,83,40,43,-1,83,43,84,-1,84,43,45,-1,84,45,68,-1,72,73,85,-1,85,73,86,-1,72,85,87,-1,72,87,71,-1,71,87,88,-1,71,88,70,-1,70,88,89,-1,70,89,69,-1,69,89,90,-1,69,90,68,-1,68,90,91,-1,68,91,84,-1,84,91,92,-1,84,92,83,-1,83,92,93,-1,83,93,82,-1,82,93,94,-1,82,94,81,-1,81,94,95,-1,81,95,80,-1,80,95,96,-1,80,96,79,-1,79,96,97,-1,79,97,78,-1,78,97,98,-1,78,98,77,-1,77,98,99,-1,77,99,76,-1,76,99,100,-1,76,100,75,-1,74,75,101,-1,101,75,100,-1,73,74,86,-1,86,74,101,-1,102,103,104,-1,104,103,105,-1,103,106,105,-1,105,106,107,-1,106,108,107,-1,107,108,109,-1,108,110,109,-1,109,110,111,-1,110,112,111,-1,111,112,113,-1,112,114,113,-1,113,114,115,-1,114,116,115,-1,115,116,117,-1,116,118,117,-1,117,118,119,-1,118,120,119,-1,119,120,121,-1,120,122,121,-1,121,122,123,-1,122,124,123,-1,123,124,125,-1,124,102,125,-1,125,102,104,-1,106,103,102,-1,102,124,106,-1,106,124,122,-1,106,122,108,-1,112,110,114,-1,114,110,108,-1,114,108,116,-1,116,108,122,-1,116,122,118,-1,118,122,120,-1,126,127,128,-1,128,127,129,-1,129,127,130,-1,131,132,133,-1,131,133,134,-1,134,133,135,-1,134,135,130,-1,130,135,136,-1,130,136,129,-1,137,138,139,-1,137,139,140,-1,140,139,141,-1,140,141,142,-1,142,141,143,-1,142,143,144,-1,144,143,145,-1,144,145,146,-1,146,145,147,-1,146,147,148,-1,148,147,149,-1,148,149,150,-1,150,149,131,-1,131,149,151,-1,131,151,132,-1,152,153,154,-1,152,154,155,-1,155,154,156,-1,155,156,157,-1,157,156,158,-1,157,158,159,-1,159,158,160,-1,159,160,161,-1,161,160,162,-1,161,162,163,-1,163,162,164,-1,163,164,165,-1,165,164,138,-1,165,138,137,-1,166,167,168,-1,166,168,169,-1,169,168,153,-1,169,153,152,-1,166,170,167,-1,167,170,171,-1,172,173,174,-1,172,174,175,-1,175,174,171,-1,175,171,170,-1,176,177,178,-1,176,178,179,-1,179,178,180,-1,179,180,181,-1,181,180,182,-1,181,182,183,-1,183,182,184,-1,183,184,185,-1,185,184,186,-1,185,186,187,-1,187,186,188,-1,187,188,189,-1,189,188,173,-1,189,173,172,-1,190,191,192,-1,190,192,193,-1,193,192,194,-1,193,194,195,-1,195,194,196,-1,195,196,197,-1,197,196,198,-1,197,198,199,-1,199,198,200,-1,199,200,201,-1,201,200,202,-1,201,202,203,-1,203,202,177,-1,203,177,176,-1,126,128,204,-1,126,204,205,-1,205,204,206,-1,205,206,207,-1,207,206,191,-1,207,191,190,-1,193,131,190,-1,190,131,134,-1,190,134,207,-1,207,134,130,-1,207,130,205,-1,205,130,127,-1,205,127,126,-1,170,166,175,-1,175,166,169,-1,175,169,172,-1,172,169,152,-1,172,152,189,-1,189,152,155,-1,189,155,187,-1,187,155,157,-1,187,157,185,-1,185,157,159,-1,185,159,183,-1,183,159,161,-1,183,161,181,-1,181,161,163,-1,181,163,179,-1,179,163,165,-1,179,165,176,-1,176,165,137,-1,176,137,203,-1,203,137,140,-1,203,140,201,-1,201,140,142,-1,201,142,199,-1,199,142,144,-1,199,144,197,-1,197,144,146,-1,197,146,195,-1,195,146,148,-1,195,148,193,-1,193,148,150,-1,193,150,131,-1,208,209,210,-1,210,209,211,-1,209,212,211,-1,211,212,213,-1,212,214,213,-1,213,214,215,-1,214,216,215,-1,215,216,217,-1,216,218,217,-1,217,218,219,-1,218,208,219,-1,219,208,210,-1,216,214,218,-1,218,214,212,-1,218,212,208,-1,208,212,209,-1,
        ]
    }
}
Shape{
    appearance Appearance {
        material  Material 	{
            diffuseColor 0.8431372549019608 0.8156862745098039 0.7529411764705882
            specularColor 0.4235294117647059 0.40784313725490196 0.3764705882352941
            ambientIntensity 0.2
            transparency 0
            shininess 0.5
        }
    }
    geometry IndexedFaceSet {
        ccw TRUE
        solid FALSE
        coord DEF co Coordinate {
            point [
                -2.8625 0.7001 -0.5118, -2.7967 0.7001 -0.5118, -2.8331 0.7823 -0.5118, -2.8263 0.7823 -0.5118, -2.8312 0.7891 -0.5118, -2.8281 0.7891 -0.5118, -2.83 0.7961 -0.5118, -2.8293 0.7961 -0.5118, -3.0632 0.7985 -0.5118, -3.0632 0.6448 -0.5118, -3.0342 0.7985 -0.5118, -3.0352 0.6448 -0.5118, -3.0145 0.6468 -0.5118, -2.9576 0.7236 -0.5118, -2.9592 0.7432 -0.5118, -2.9638 0.7587 -0.5118, -3.0109 0.796 -0.5118, -2.9979 0.652 -0.5118, -2.9845 0.6599 -0.5118, -2.9734 0.6708 -0.5118, -2.9651 0.6844 -0.5118, -2.9594 0.7029 -0.5118, -2.9707 0.7709 -0.5118, -2.9802 0.781 -0.5118, -2.9946 0.7903 -0.5118, -2.8937 1.8898 0.6791, -2.8937 1.8898 0.0295, -2.8937 2.0866 0.1919, -2.8937 2.0866 0.0295, -3.5433 2.0866 0.0295, -3.5433 1.8898 0.0295, -3.5433 2.0866 0.1919, -3.5433 1.8898 0.6791, -3.5433 1.8898 0.6791
            ]
        }
        coordIndex [
            0,1,2,-1,2,1,3,-1,2,3,4,-1,4,3,5,-1,4,5,6,-1,6,5,7,-1,8,9,10,-1,10,9,11,-1,10,11,12,-1,13,14,10,-1,10,14,15,-1,10,15,16,-1,12,17,10,-1,10,17,18,-1,10,18,19,-1,19,20,10,-1,10,20,21,-1,10,21,13,-1,22,23,15,-1,15,23,24,-1,15,24,16,-1,25,26,27,-1,27,26,28,-1,29,28,30,-1,30,28,26,-1,31,29,32,-1,32,29,30,-1,27,28,31,-1,31,28,29,-1,25,27,32,-1,32,27,31,-1,
        ]
    }
}