#VRML V2.0 utf8
# 3D model generated by easyeda2kicad.py (https://github.com/uPesy/easyeda2kicad.py)

Shape{
    appearance Appearance {
        material  Material 	{
            diffuseColor 1.0 0.9529411764705882 0.792156862745098
            specularColor 0.30196078431372547 0.28627450980392155 0.23921568627450981
            ambientIntensity 0.2
            transparency 0
            shininess 0.5
        }
    }
    geometry IndexedFaceSet {
        ccw TRUE
        solid FALSE
        coord DEF co Coordinate {
            point [
                3.4813 -0.9488 0.0, 3.3563 -0.9488 0.0, 3.2825 -0.7426 0.0, -0.8858 -0.4183 0.0, -0.8858 -0.3702 0.0, -0.7072 -0.4183 0.0, -0.7072 -0.3702 0.0, -0.6693 -0.4183 0.0, -0.3297 -0.3702 0.0, -0.6693 -0.7426 0.0, -0.3297 -0.7426 0.0, -0.4035 -0.9488 0.0, -0.4035 -1.1368 0.0, -0.3297 -1.1959 0.0, -0.5285 -1.1368 0.0, -0.6693 -1.1959 0.0, -0.5285 -0.9488 0.0, 3.2825 -1.1959 0.0, 3.3563 -1.1368 0.0, 3.622 -1.1959 0.0, 3.4813 -1.1368 0.0, 3.622 -0.7426 0.0, 3.8386 -0.3702 0.0, 3.8386 -0.4183 0.0, 3.622 -0.4183 0.0, 3.2087 -0.5364 0.0, 3.2825 -0.3702 0.0, 3.2087 -0.7426 0.0, 3.2087 -1.1368 0.0, 1.7536 -1.1368 0.0, 1.7536 -1.1959 0.0, 1.5796 -1.1368 0.0, 1.5796 -1.1959 0.0, 1.4356 -1.1368 0.0, 1.4356 -1.1959 0.0, 1.2507 -1.1368 0.0, 1.2507 -1.1959 0.0, 0.405 -1.1368 0.0, 0.405 -1.1959 0.0, -0.2559 -1.1368 0.0, -0.2559 -0.7426 0.0, -0.2559 -0.5364 0.0, 0.405 -0.5364 0.0, 0.405 -0.3702 0.0, 1.2507 -0.5364 0.0, 1.2507 -0.3702 0.0, 1.4356 -0.5364 0.0, 1.4356 -0.3702 0.0, 1.5796 -0.5364 0.0, 1.653 -0.3714 0.0, 1.6645 -0.3702 0.0, 1.7536 -0.5364 0.0, 1.5988 -0.3588 0.0, 1.5796 -0.3702 0.0, 1.5988 -0.3372 0.0, 1.5796 -0.171 0.0, 1.6198 -0.3674 0.0, 1.6397 -0.3702 0.0, 1.6476 -0.3713 0.0, 1.6277 -0.171 0.0, 1.6216 -0.1714 0.0, 1.5988 -0.1776 0.0, 1.5988 -0.204 0.0, 1.621 -0.1945 0.0, 1.6023 -0.3392 0.0, 1.6449 -0.1914 0.0, 1.6643 -0.1935 0.0, 1.679 -0.1989 0.0, 1.6927 -0.208 0.0, 1.7045 -0.2211 0.0, 1.7188 -0.2727 0.0, 1.7168 -0.294 0.0, 1.7115 -0.3109 0.0, 1.6677 -0.3477 0.0, 1.6493 -0.3498 0.0, 1.682 -0.3425 0.0, 1.6941 -0.3343 0.0, 1.7034 -0.3246 0.0, 1.6232 -0.3469 0.0, 1.7127 -0.2363 0.0, 1.7179 -0.2574 0.0, 1.6451 -0.1698 0.0, 1.5796 0.0 0.0, 1.6598 -0.171 0.0, 1.7536 0.0 0.0, 1.7349 -0.224 0.0, 1.7233 -0.2056 0.0, 1.7536 -0.171 0.0, 1.6963 -0.3623 0.0, 1.7121 -0.3522 0.0, 1.7536 -0.3702 0.0, 1.7269 -0.3366 0.0, 1.7374 -0.3179 0.0, 1.6772 -0.3689 0.0, 1.7055 -0.1885 0.0, 1.6869 -0.1777 0.0, 1.6649 -0.1714 0.0, 1.7433 -0.2971 0.0, 1.7452 -0.2743 0.0, 1.7424 -0.2463 0.0, -0.6693 -1.2549 0.0, -0.3297 -1.2549 0.0, 0.405 -1.2549 0.0, 1.2507 -1.2549 0.0, 1.4356 -1.2549 0.0, 1.5796 -1.2549 0.0, 1.7536 -1.2549 0.0, 3.2825 -1.2549 0.0, 3.622 -1.2549 0.0, 3.2825 -0.171 0.0, 3.8386 -0.171 0.0, 1.7621 -0.3474 0.0, 1.7621 -0.369 0.0, 1.8629 -0.369 0.0, 1.8365 -0.3474 0.0, 1.8365 -0.1722 0.0, 1.8629 -0.1722 0.0, 1.4596 -0.1722 0.0, 1.4356 -0.171 0.0, 1.5604 -0.369 0.0, 1.5604 -0.1722 0.0, 1.4596 -0.1938 0.0, 1.4548 -0.3474 0.0, 1.4548 -0.369 0.0, 1.534 -0.2802 0.0, 1.534 -0.3474 0.0, 1.4644 -0.2802 0.0, 1.4644 -0.2586 0.0, 1.534 -0.2586 0.0, 1.534 -0.1938 0.0, 1.2678 -0.3151 0.0, 1.2607 -0.2944 0.0, 1.2579 -0.2681 0.0, 1.279 -0.3327 0.0, 1.2952 -0.3482 0.0, 1.3158 -0.3601 0.0, 1.3324 -0.1752 0.0, 1.2507 -0.171 0.0, 1.3608 -0.1722 0.0, 1.3093 -0.1833 0.0, 1.2879 -0.1976 0.0, 1.2877 -0.1978 0.0, 1.2738 -0.2133 0.0, 1.2646 -0.2302 0.0, 1.2594 -0.2496 0.0, 1.3385 -0.3669 0.0, 1.3628 -0.369 0.0, 1.4164 -0.369 0.0, 1.4164 -0.1722 0.0, 1.0947 -0.369 0.0, 1.1146 -0.3138 0.0, 1.1959 -0.3138 0.0, 1.2147 -0.369 0.0, 1.2435 -0.369 0.0, 1.0659 -0.369 0.0, 1.1427 -0.1722 0.0, -0.8858 -0.171 0.0, -0.7072 -0.171 0.0, -0.3297 -0.171 0.0, 0.405 -0.171 0.0, 1.1691 -0.1722 0.0, 3.2825 0.0 0.0, 3.8386 0.0 0.0, -0.8858 0.0 0.0, -0.7072 0.0 0.0, -0.3297 0.0 0.0, 0.405 0.0 0.0, 1.2507 0.0 0.0, 1.4356 0.0 0.0, 3.0551 -0.4183 0.4134, 3.0551 -0.4183 1.5945, 3.248 -0.4183 0.4134, 3.2677 -0.4183 1.5945, 3.3268 -0.4183 0.4134, 3.3268 -0.4183 1.5354, 2.9961 -0.4183 0.4134, 2.9094 -0.4183 0.4134, 2.9961 -0.4183 1.5945, 2.9094 -0.4183 1.5945, 2.563 -0.4183 0.4134, 2.563 -0.4183 1.5945, 2.7067 -0.4183 0.4134, 2.8504 -0.4183 1.5945, 2.8504 -0.4183 0.4134, 2.5039 -0.4183 0.4134, 2.4173 -0.4183 0.4134, 2.5039 -0.4183 1.5945, 2.4173 -0.4183 1.5945, 2.0709 -0.4183 0.4134, 2.0709 -0.4183 1.5945, 2.2146 -0.4183 0.4134, 2.3583 -0.4183 1.5945, 2.3583 -0.4183 0.4134, 2.0118 -0.4183 0.4134, 1.9252 -0.4183 0.4134, 2.0118 -0.4183 1.5945, 1.9252 -0.4183 1.5945, 1.5787 -0.4183 0.4134, 1.5787 -0.4183 1.5945, 1.7224 -0.4183 0.4134, 1.8661 -0.4183 1.5945, 1.8661 -0.4183 0.4134, 1.5197 -0.4183 0.4134, 1.4331 -0.4183 0.4134, 1.5197 -0.4183 1.5945, 1.4331 -0.4183 1.5945, 1.0866 -0.4183 0.4134, 1.0866 -0.4183 1.5945, 1.2303 -0.4183 0.4134, 1.374 -0.4183 1.5945, 1.374 -0.4183 0.4134, 1.0276 -0.4183 0.4134, 0.9409 -0.4183 0.4134, 1.0276 -0.4183 1.5945, 0.9409 -0.4183 1.5945, 0.5945 -0.4183 0.4134, 0.5945 -0.4183 1.5945, 0.7382 -0.4183 0.4134, 0.8819 -0.4183 1.5945, 0.8819 -0.4183 0.4134, 0.5354 -0.4183 0.4134, 0.4488 -0.4183 0.4134, 0.5354 -0.4183 1.5945, 0.4488 -0.4183 1.5945, 0.9409 0.2215 0.4134, 0.9409 0.2215 1.5354, 0.7382 0.2215 0.4134, 0.5354 0.2215 1.5354, 0.5354 0.2215 0.4134, 1.4331 0.2215 0.4134, 1.4331 0.2215 1.5354, 1.2303 0.2215 0.4134, 1.0276 0.2215 1.5354, 1.0276 0.2215 0.4134, 1.9252 0.2215 0.4134, 1.9252 0.2215 1.5354, 1.7224 0.2215 0.4134, 1.5197 0.2215 1.5354, 1.5197 0.2215 0.4134, 2.4173 0.2215 0.4134, 2.4173 0.2215 1.5354, 2.2146 0.2215 0.4134, 2.0118 0.2215 1.5354, 2.0118 0.2215 0.4134, 2.9094 0.2215 0.4134, 2.9094 0.2215 1.5354, 2.7067 0.2215 0.4134, 2.5039 0.2215 1.5354, 2.5039 0.2215 0.4134, 3.5039 0.2215 0.4134, 3.5039 0.2215 1.5354, 3.248 0.2215 0.4134, 2.9961 0.2215 1.5354, 2.9961 0.2215 0.4134, 0.9409 0.2805 1.5945, 0.5354 0.2805 1.5945, 1.4331 0.2805 1.5945, 1.0276 0.2805 1.5945, 1.9252 0.2805 1.5945, 1.5197 0.2805 1.5945, 2.4173 0.2805 1.5945, 2.0118 0.2805 1.5945, 2.9094 0.2805 1.5945, 2.5039 0.2805 1.5945, 3.563 0.2805 1.5945, 2.9961 0.2805 1.5945, 0.1024 -0.4183 0.4134, 0.1024 -0.4183 1.5945, 0.2461 -0.4183 0.4134, 0.3898 -0.4183 1.5945, 0.3898 -0.4183 0.4134, 0.0433 -0.4183 0.4134, -0.0433 -0.4183 0.4134, 0.0433 -0.4183 1.5945, -0.0433 -0.4183 1.5945, 0.4488 0.2215 0.4134, 0.4488 0.2215 1.5354, 0.2461 0.2215 0.4134, 0.0433 0.2215 1.5354, 0.0433 0.2215 0.4134, 0.0433 0.2805 1.5945, 0.4488 0.2805 1.5945, 3.6614 0.3789 0.7972, 3.622 0.4183 0.7972, 3.6614 0.2215 0.7972, 3.622 0.1821 0.7972, 3.7992 0.2215 0.7972, 3.8386 0.1821 0.7972, 3.7992 0.3789 0.7972, 3.8386 0.4183 0.7972, 3.622 -0.4183 1.3583, 3.6614 -0.3789 1.3583, 3.6614 -0.1146 1.3583, 3.7992 -0.3789 1.3583, 3.8386 -0.4183 1.3583, 3.7992 -0.1146 1.3583, 3.8386 0.1821 1.3583, 3.622 0.1821 1.3583, 3.8386 -0.4183 1.5945, 3.8386 -1.2549 1.5945, 3.8386 -0.4183 0.2362, 3.8386 0.4183 0.1969, 3.8386 -0.0 0.1969, 3.8386 -1.0187 0.7972, 3.8386 -1.0187 0.2362, 3.8386 -1.2549 0.7972, -0.8858 0.4183 0.1969, -0.6693 0.4183 0.7972, -0.8858 0.4183 0.7972, 3.622 0.4183 1.5945, -0.6693 0.4183 1.5945, -0.8858 -1.2549 1.5945, -0.6693 -1.2549 0.7972, -0.8858 -1.2549 0.7972, 3.622 -1.2549 0.7972, 3.3268 -0.9301 1.5945, 3.2087 -0.4774 1.5945, 3.2087 -1.1959 1.5945, -0.2559 -1.1959 1.5945, -0.7677 -1.1368 1.5945, -0.7677 -0.9301 1.5945, -0.8858 -0.4183 1.5945, -0.6693 -0.4183 1.5945, 2.9094 -0.3474 1.5945, 2.8504 -0.3474 1.5945, 3.7205 -0.9301 1.5945, 3.7205 -1.1368 1.5945, 3.3268 -1.1368 1.5945, 3.622 -0.4183 1.5945, 3.563 -0.6348 1.5945, 2.4173 -0.3474 1.5945, 2.3583 -0.3474 1.5945, 3.2677 -0.6348 1.5945, 3.0551 -0.3474 1.5945, 2.9961 -0.3474 1.5945, -0.2559 -0.4774 1.5945, 1.9252 -0.3474 1.5945, 1.8661 -0.3474 1.5945, 2.5039 -0.3474 1.5945, 2.563 -0.3474 1.5945, 1.4331 -0.3474 1.5945, 1.374 -0.3474 1.5945, 2.0118 -0.3474 1.5945, 2.0709 -0.3474 1.5945, 1.5197 -0.3474 1.5945, 1.5787 -0.3474 1.5945, 0.9409 -0.3474 1.5945, 0.8819 -0.3474 1.5945, 1.0276 -0.3474 1.5945, 1.0866 -0.3474 1.5945, 0.4488 -0.3474 1.5945, 0.3898 -0.3474 1.5945, 0.5354 -0.3474 1.5945, 0.5945 -0.3474 1.5945, -0.0433 -0.3474 1.5945, -0.1024 -0.3474 1.5945, -0.1024 -0.4183 1.5945, -0.315 -0.4183 1.5945, -0.374 -0.9301 1.5945, -0.315 -0.6348 1.5945, -0.6102 -0.6348 1.5945, -0.6102 0.2805 1.5945, -0.0433 0.2805 1.5945, -0.374 -1.1368 1.5945, 0.0433 -0.3474 1.5945, 0.1024 -0.3474 1.5945, 3.2087 -0.5364 1.5354, 2.8937 -0.5364 1.5354, 2.8937 -0.5364 1.2205, 0.0591 -0.5364 1.5354, -0.2559 -0.5364 1.5354, 0.0591 -0.5364 1.2205, -0.8858 -1.0187 0.7972, -0.8858 0.1821 0.7972, -0.8858 -0.0 0.1969, -0.8858 -0.4183 0.2362, -0.8858 -0.4183 1.3583, -0.8858 0.1821 1.3583, -0.8858 -1.0187 0.2362, -0.2559 -1.1368 1.5354, 3.2087 -1.1368 1.5354, -0.374 -0.9301 1.2008, -0.374 -1.1368 1.2008, -0.7677 -1.1368 1.2008, -0.7677 -0.9301 1.2008, 3.3268 -1.1368 1.2008, 3.3268 -0.9301 1.2008, 3.7205 -0.9301 1.2008, 3.7205 -1.1368 1.2008, -0.6693 -0.4183 0.2362, -0.7677 -0.4222 0.2362, -0.7677 -1.0187 0.2362, -0.6693 -1.0187 0.2362, -0.689 -1.0187 0.2362, -0.689 -0.4222 0.2362, -0.689 -1.0187 0.7933, -0.6693 -1.0187 0.7972, -0.7677 -1.0187 0.7933, -0.6693 -0.4183 1.3583, -0.8465 -0.3789 1.3583, -0.8465 -0.1146 1.3583, -0.7087 -0.3789 1.3583, -0.7087 -0.1146 1.3583, -0.6693 0.1821 1.3583, -0.6693 0.1821 0.7972, -0.8465 0.3789 0.7972, -0.8465 0.2215 0.7972, -0.7087 0.2215 0.7972, -0.7087 0.3789 0.7972, 3.5039 -0.5758 1.5354, 3.5039 -0.5758 0.4134, 3.3268 -0.5758 1.5354, 3.3268 -0.5758 0.4134, -0.374 -0.4183 0.4134, -0.374 -0.4183 1.5354, -0.1024 -0.4183 0.4134, -0.374 -0.5758 1.5354, -0.374 -0.5758 0.4134, -0.5512 -0.5758 1.5354, -0.5512 -0.5758 0.4134, -0.5512 0.2215 1.5354, -0.5512 0.2215 0.4134, -0.0433 0.2215 1.5354, -0.0433 0.2215 0.4134, 3.5039 -0.4872 0.4134, 3.0551 -0.3002 0.4134, 2.9921 0.2608 0.4134, 2.9921 -0.3986 0.4134, 2.9961 -0.3002 0.4134, 2.8504 -0.3002 0.4134, 2.9094 -0.3002 0.4134, 2.9094 0.2805 0.4134, 2.9134 0.2608 0.4134, 2.9134 -0.3986 0.4134, 2.9961 0.2805 0.4134, 2.5 0.2608 0.4134, 2.5 -0.3986 0.4134, 2.5039 -0.3002 0.4134, 2.3583 -0.3002 0.4134, 2.4173 -0.3002 0.4134, 2.4213 0.2608 0.4134, 2.4213 -0.3986 0.4134, 2.563 -0.3002 0.4134, 2.5039 0.2805 0.4134, 2.4173 0.2805 0.4134, 1.9291 -0.3986 0.4134, 1.9291 0.2608 0.4134, 1.9252 0.2805 0.4134, 1.8661 -0.3002 0.4134, 2.0709 -0.3002 0.4134, 2.0118 -0.3002 0.4134, 2.0118 0.2805 0.4134, 2.0079 0.2608 0.4134, 2.0079 -0.3986 0.4134, 1.9252 -0.3002 0.4134, 1.5157 0.2608 0.4134, 1.5157 -0.3986 0.4134, 1.5197 -0.3002 0.4134, 1.374 -0.3002 0.4134, 1.4331 -0.3002 0.4134, 1.437 0.2608 0.4134, 1.437 -0.3986 0.4134, 1.5787 -0.3002 0.4134, 1.5197 0.2805 0.4134, 1.4331 0.2805 0.4134, 0.9449 -0.3986 0.4134, 0.9449 0.2608 0.4134, 0.9409 0.2805 0.4134, 0.8819 -0.3002 0.4134, 1.0866 -0.3002 0.4134, 1.0276 -0.3002 0.4134, 1.0276 0.2805 0.4134, 1.0236 0.2608 0.4134, 1.0236 -0.3986 0.4134, 0.9409 -0.3002 0.4134, 0.5315 0.2608 0.4134, 0.5315 -0.3986 0.4134, 0.5354 -0.3002 0.4134, 0.4528 -0.3986 0.4134, 0.4528 0.2608 0.4134, 0.3898 -0.3002 0.4134, 0.5945 -0.3002 0.4134, 0.5354 0.2805 0.4134, 0.4488 0.2805 0.4134, 0.4488 -0.3002 0.4134, 0.0394 0.2608 0.4134, 0.0394 -0.3986 0.4134, 0.0433 -0.3002 0.4134, -0.0394 -0.3986 0.4134, -0.0394 0.2608 0.4134, 0.1024 -0.3002 0.4134, 0.0433 0.2805 0.4134, -0.0433 0.2805 0.4134, -0.1024 -0.3002 0.4134, -0.0433 -0.3002 0.4134, -0.5512 -0.4872 0.4134, -0.374 -0.4872 0.4134, 3.3268 -0.4872 0.4134, 0.0591 -0.7183 1.2205, 2.8937 -0.7183 1.2205, 2.8937 -0.7183 1.2205
            ]
        }
        coordIndex [
            0,1,2,-1,3,4,5,-1,5,4,6,-1,5,6,7,-1,7,6,8,-1,7,8,9,-1,9,8,10,-1,11,10,12,-1,12,10,13,-1,12,13,14,-1,14,13,15,-1,14,15,16,-1,16,15,9,-1,16,9,11,-1,11,9,10,-1,2,1,17,-1,17,1,18,-1,17,18,19,-1,19,18,20,-1,19,20,21,-1,22,23,24,-1,25,26,27,-1,27,26,2,-1,27,2,28,-1,28,2,17,-1,28,17,29,-1,29,17,30,-1,29,30,31,-1,31,30,32,-1,31,32,33,-1,33,32,34,-1,33,34,35,-1,35,34,36,-1,35,36,37,-1,37,36,38,-1,37,38,39,-1,39,38,13,-1,39,13,40,-1,40,13,10,-1,40,10,41,-1,41,10,8,-1,41,8,42,-1,42,8,43,-1,42,43,44,-1,44,43,45,-1,44,45,46,-1,46,45,47,-1,46,47,48,-1,49,50,48,-1,48,50,51,-1,52,53,54,-1,54,53,55,-1,52,56,53,-1,53,56,57,-1,53,57,48,-1,48,57,58,-1,48,58,49,-1,55,59,60,-1,60,61,55,-1,55,61,62,-1,55,62,54,-1,54,62,63,-1,54,63,64,-1,64,63,65,-1,64,65,66,-1,66,67,64,-1,64,67,68,-1,64,68,69,-1,70,71,64,-1,64,71,72,-1,73,74,75,-1,75,74,76,-1,72,77,64,-1,64,77,76,-1,64,76,78,-1,78,76,74,-1,69,79,64,-1,64,79,80,-1,64,80,70,-1,81,82,83,-1,83,82,84,-1,85,86,87,-1,88,89,90,-1,90,89,91,-1,90,91,92,-1,51,50,90,-1,90,50,93,-1,90,93,88,-1,86,94,87,-1,87,94,95,-1,87,95,96,-1,92,97,90,-1,90,97,98,-1,90,98,87,-1,87,98,99,-1,87,99,85,-1,100,15,101,-1,101,15,13,-1,101,13,102,-1,102,13,38,-1,102,38,103,-1,103,38,36,-1,103,36,104,-1,104,36,34,-1,104,34,105,-1,105,34,32,-1,105,32,106,-1,106,32,30,-1,106,30,107,-1,107,30,17,-1,107,17,108,-1,108,17,19,-1,20,0,21,-1,21,0,2,-1,21,2,24,-1,24,2,26,-1,24,26,22,-1,22,26,109,-1,22,109,110,-1,87,111,90,-1,90,111,112,-1,90,112,113,-1,114,111,115,-1,115,111,87,-1,115,87,116,-1,116,87,109,-1,116,109,113,-1,113,109,26,-1,113,26,90,-1,90,26,25,-1,90,25,51,-1,117,118,55,-1,48,47,53,-1,53,47,119,-1,53,119,55,-1,55,119,120,-1,55,120,117,-1,117,121,118,-1,118,121,122,-1,118,122,47,-1,47,122,123,-1,47,123,119,-1,124,125,126,-1,126,125,122,-1,126,122,127,-1,127,122,121,-1,127,121,128,-1,128,121,129,-1,130,45,131,-1,131,45,132,-1,130,133,45,-1,45,133,134,-1,45,134,135,-1,136,137,138,-1,138,137,118,-1,136,139,137,-1,137,139,140,-1,137,140,141,-1,141,142,137,-1,137,142,143,-1,137,143,144,-1,135,145,45,-1,45,145,146,-1,45,146,47,-1,47,146,147,-1,47,147,118,-1,118,147,148,-1,118,148,138,-1,149,150,151,-1,152,153,45,-1,45,153,137,-1,45,137,132,-1,132,137,144,-1,151,152,149,-1,149,152,45,-1,149,45,154,-1,154,45,43,-1,154,43,155,-1,4,156,6,-1,6,156,157,-1,6,157,8,-1,8,157,158,-1,8,158,43,-1,43,158,159,-1,43,159,155,-1,155,159,137,-1,155,137,160,-1,160,137,153,-1,96,83,87,-1,87,83,84,-1,87,84,109,-1,109,84,161,-1,109,161,110,-1,110,161,162,-1,156,163,157,-1,157,163,164,-1,157,164,158,-1,158,164,165,-1,158,165,159,-1,159,165,166,-1,159,166,137,-1,137,166,167,-1,137,167,118,-1,118,167,168,-1,118,168,55,-1,55,168,82,-1,55,82,59,-1,59,82,81,-1,169,170,171,-1,171,170,172,-1,171,172,173,-1,173,172,174,-1,175,176,177,-1,177,176,178,-1,179,180,181,-1,181,180,182,-1,181,182,183,-1,184,185,186,-1,186,185,187,-1,188,189,190,-1,190,189,191,-1,190,191,192,-1,193,194,195,-1,195,194,196,-1,197,198,199,-1,199,198,200,-1,199,200,201,-1,202,203,204,-1,204,203,205,-1,206,207,208,-1,208,207,209,-1,208,209,210,-1,211,212,213,-1,213,212,214,-1,215,216,217,-1,217,216,218,-1,217,218,219,-1,220,221,222,-1,222,221,223,-1,224,225,226,-1,226,225,227,-1,226,227,228,-1,229,230,231,-1,231,230,232,-1,231,232,233,-1,234,235,236,-1,236,235,237,-1,236,237,238,-1,239,240,241,-1,241,240,242,-1,241,242,243,-1,244,245,246,-1,246,245,247,-1,246,247,248,-1,249,250,251,-1,251,250,252,-1,251,252,253,-1,225,254,227,-1,227,254,255,-1,230,256,232,-1,232,256,257,-1,235,258,237,-1,237,258,259,-1,240,260,242,-1,242,260,261,-1,245,262,247,-1,247,262,263,-1,250,264,252,-1,252,264,265,-1,266,267,268,-1,268,267,269,-1,268,269,270,-1,271,272,273,-1,273,272,274,-1,275,276,277,-1,277,276,278,-1,277,278,279,-1,280,278,281,-1,281,278,276,-1,282,283,284,-1,284,283,285,-1,284,285,286,-1,286,285,287,-1,286,287,288,-1,288,287,289,-1,288,289,282,-1,282,289,283,-1,290,291,292,-1,291,290,293,-1,293,290,294,-1,293,294,295,-1,295,294,296,-1,295,296,292,-1,292,296,297,-1,292,297,290,-1,294,298,299,-1,300,23,162,-1,301,289,302,-1,302,289,287,-1,162,302,300,-1,300,302,303,-1,300,303,304,-1,305,303,299,-1,299,303,302,-1,299,302,294,-1,294,302,287,-1,294,287,296,-1,301,306,307,-1,307,306,308,-1,289,301,283,-1,283,301,307,-1,283,307,309,-1,309,307,310,-1,299,311,312,-1,312,311,313,-1,305,299,314,-1,314,299,312,-1,314,312,108,-1,108,312,100,-1,315,316,317,-1,318,311,317,-1,317,311,299,-1,318,319,311,-1,311,319,320,-1,311,320,321,-1,321,320,322,-1,280,281,310,-1,310,281,255,-1,323,324,178,-1,178,324,182,-1,298,325,299,-1,299,325,326,-1,299,326,317,-1,317,326,327,-1,317,327,315,-1,309,264,328,-1,328,264,329,-1,187,330,331,-1,298,328,325,-1,325,328,329,-1,325,329,315,-1,315,329,332,-1,315,332,316,-1,316,332,172,-1,316,172,170,-1,259,258,309,-1,255,254,310,-1,310,254,257,-1,310,257,309,-1,309,257,256,-1,309,256,259,-1,258,261,309,-1,309,261,260,-1,309,260,263,-1,333,334,170,-1,170,334,177,-1,170,177,316,-1,316,177,178,-1,316,178,335,-1,335,178,182,-1,335,182,180,-1,196,336,337,-1,263,262,309,-1,309,262,265,-1,309,265,264,-1,191,189,335,-1,331,191,187,-1,187,191,335,-1,187,335,186,-1,186,335,180,-1,186,180,338,-1,338,180,339,-1,200,198,335,-1,205,340,341,-1,337,200,196,-1,196,200,335,-1,196,335,195,-1,195,335,189,-1,195,189,342,-1,342,189,343,-1,209,207,335,-1,341,209,205,-1,205,209,335,-1,205,335,204,-1,204,335,198,-1,204,198,344,-1,344,198,345,-1,214,346,347,-1,218,216,335,-1,347,218,214,-1,214,218,335,-1,214,335,213,-1,213,335,207,-1,213,207,348,-1,348,207,349,-1,223,350,351,-1,269,267,335,-1,351,269,223,-1,223,269,335,-1,223,335,222,-1,222,335,216,-1,222,216,352,-1,352,216,353,-1,274,354,355,-1,356,357,335,-1,358,359,320,-1,320,359,360,-1,320,360,322,-1,322,360,361,-1,322,361,310,-1,310,361,362,-1,310,362,280,-1,357,359,335,-1,335,359,358,-1,335,358,318,-1,318,358,363,-1,318,363,319,-1,355,356,274,-1,274,356,335,-1,274,335,273,-1,273,335,267,-1,273,267,364,-1,364,267,365,-1,366,367,368,-1,369,370,371,-1,371,370,41,-1,371,41,368,-1,368,41,25,-1,368,25,366,-1,372,313,311,-1,373,308,306,-1,163,3,374,-1,374,3,375,-1,306,374,373,-1,373,374,376,-1,373,376,377,-1,321,376,311,-1,311,376,374,-1,311,374,372,-1,372,374,375,-1,372,375,378,-1,335,318,379,-1,39,41,379,-1,379,41,370,-1,379,370,335,-1,317,316,366,-1,25,28,366,-1,366,28,380,-1,366,380,317,-1,380,28,379,-1,379,28,39,-1,381,382,358,-1,358,382,363,-1,382,383,363,-1,363,383,319,-1,383,384,319,-1,319,384,320,-1,384,381,320,-1,320,381,358,-1,384,383,381,-1,381,383,382,-1,385,386,327,-1,327,386,315,-1,386,387,315,-1,315,387,325,-1,387,388,325,-1,325,388,326,-1,388,385,326,-1,326,385,327,-1,388,387,385,-1,385,387,386,-1,7,389,3,-1,3,389,375,-1,390,391,378,-1,389,392,393,-1,393,394,389,-1,389,394,390,-1,389,390,375,-1,375,390,378,-1,393,392,395,-1,395,392,396,-1,395,396,397,-1,397,396,372,-1,397,372,391,-1,391,372,378,-1,396,312,372,-1,372,312,313,-1,389,7,392,-1,392,7,100,-1,392,100,396,-1,396,100,312,-1,322,398,321,-1,321,398,376,-1,376,399,400,-1,399,376,401,-1,401,376,398,-1,401,398,402,-1,402,398,403,-1,402,403,400,-1,400,403,377,-1,400,377,376,-1,403,404,377,-1,377,404,373,-1,405,308,406,-1,406,308,373,-1,406,373,407,-1,407,373,404,-1,407,404,408,-1,408,404,307,-1,408,307,405,-1,405,307,308,-1,398,322,403,-1,403,322,310,-1,403,310,404,-1,404,310,307,-1,250,249,409,-1,409,249,410,-1,409,410,411,-1,411,410,412,-1,411,412,174,-1,174,412,173,-1,413,414,415,-1,415,414,357,-1,415,357,356,-1,414,413,416,-1,416,413,417,-1,416,417,418,-1,418,417,419,-1,418,419,420,-1,420,419,421,-1,422,420,423,-1,423,420,421,-1,412,410,424,-1,425,169,171,-1,426,427,428,-1,181,183,429,-1,430,244,429,-1,429,244,246,-1,429,246,181,-1,431,244,432,-1,432,244,430,-1,432,430,433,-1,433,430,176,-1,433,176,427,-1,427,176,175,-1,427,175,428,-1,431,432,434,-1,434,432,426,-1,434,426,253,-1,253,426,428,-1,253,428,251,-1,435,436,437,-1,241,190,438,-1,438,190,192,-1,241,438,239,-1,239,438,439,-1,239,439,440,-1,440,439,441,-1,441,439,185,-1,441,185,436,-1,436,185,184,-1,436,184,437,-1,179,181,442,-1,442,181,246,-1,442,246,437,-1,437,246,248,-1,437,248,435,-1,435,248,443,-1,435,443,440,-1,440,443,444,-1,440,444,239,-1,445,446,234,-1,234,446,447,-1,199,201,448,-1,188,190,449,-1,449,190,241,-1,449,241,450,-1,450,241,243,-1,447,446,451,-1,451,446,452,-1,451,452,243,-1,243,452,450,-1,450,452,453,-1,450,453,193,-1,193,453,194,-1,194,453,445,-1,194,445,454,-1,454,445,234,-1,454,234,448,-1,448,234,236,-1,448,236,199,-1,455,456,457,-1,231,208,458,-1,458,208,210,-1,231,458,229,-1,229,458,459,-1,229,459,460,-1,460,459,461,-1,461,459,203,-1,461,203,456,-1,456,203,202,-1,456,202,457,-1,197,199,462,-1,462,199,236,-1,462,236,457,-1,457,236,238,-1,457,238,455,-1,455,238,463,-1,455,463,460,-1,460,463,464,-1,460,464,229,-1,465,466,224,-1,224,466,467,-1,217,219,468,-1,206,208,469,-1,469,208,231,-1,469,231,470,-1,470,231,233,-1,467,466,471,-1,471,466,472,-1,471,472,233,-1,233,472,470,-1,470,472,473,-1,470,473,211,-1,211,473,212,-1,212,473,465,-1,212,465,474,-1,474,465,224,-1,474,224,468,-1,468,224,226,-1,468,226,217,-1,475,476,477,-1,275,478,479,-1,277,268,480,-1,480,268,270,-1,215,217,481,-1,481,217,226,-1,481,226,477,-1,477,226,228,-1,477,228,475,-1,475,228,482,-1,475,482,479,-1,479,482,483,-1,479,483,275,-1,277,480,275,-1,275,480,484,-1,275,484,478,-1,478,484,221,-1,478,221,476,-1,476,221,220,-1,476,220,477,-1,485,486,487,-1,423,488,489,-1,266,268,490,-1,490,268,277,-1,490,277,487,-1,487,277,279,-1,487,279,485,-1,485,279,491,-1,485,491,489,-1,489,491,492,-1,489,492,423,-1,415,493,421,-1,421,493,423,-1,423,493,494,-1,423,494,488,-1,488,494,272,-1,488,272,486,-1,486,272,271,-1,486,271,487,-1,415,421,413,-1,413,421,495,-1,413,495,496,-1,496,495,419,-1,496,419,417,-1,428,425,251,-1,251,425,171,-1,251,171,249,-1,249,171,173,-1,249,173,424,-1,424,173,497,-1,424,497,412,-1,498,369,371,-1,498,371,499,-1,499,371,368,-1,367,499,368,-1,369,498,367,-1,367,498,499,-1,
        ]
    }
}
Shape{
    appearance Appearance {
        material  Material 	{
            diffuseColor 0.8509803921568627 0.8509803921568627 0.8509803921568627
            specularColor 0.4235294117647059 0.4235294117647059 0.4235294117647059
            ambientIntensity 0.2
            transparency 0
            shininess 0.5
        }
    }
    geometry IndexedFaceSet {
        ccw TRUE
        solid FALSE
        coord DEF co Coordinate {
            point [
                -0.7677 -0.4222 0.0551, -0.7677 -0.4222 0.2362, -0.689 -0.4222 0.0551, -0.689 -0.4222 0.2362, -0.689 -0.4237 0.042, -0.7677 -0.4237 0.042, -0.689 -0.4281 0.0295, -0.7677 -0.4281 0.0295, -0.689 -0.4351 0.0183, -0.7677 -0.4351 0.0183, -0.689 -0.4445 0.0089, -0.7677 -0.4445 0.0089, -0.689 -0.4557 0.0019, -0.7677 -0.4557 0.0019, -0.689 -0.4682 -0.0025, -0.7677 -0.4682 -0.0025, -0.689 -0.4813 -0.0039, -0.7677 -0.4813 -0.0039, -0.7677 -1.1998 -0.0039, -0.689 -1.1998 -0.0039, -0.689 -1.2129 -0.0025, -0.7677 -1.2129 -0.0025, -0.689 -1.2254 0.0019, -0.7677 -1.2254 0.0019, -0.689 -1.2366 0.0089, -0.7677 -1.2366 0.0089, -0.689 -1.246 0.0183, -0.7677 -1.246 0.0183, -0.689 -1.253 0.0295, -0.7677 -1.253 0.0295, -0.689 -1.2574 0.042, -0.7677 -1.2574 0.042, -0.689 -1.2589 0.0551, -0.7677 -1.2589 0.0551, -0.7677 -1.2589 0.7343, -0.689 -1.2589 0.7343, -0.689 -1.2574 0.7474, -0.7677 -1.2574 0.7474, -0.689 -1.253 0.7599, -0.7677 -1.253 0.7599, -0.689 -1.246 0.7711, -0.7677 -1.246 0.7711, -0.689 -1.2366 0.7804, -0.7677 -1.2366 0.7804, -0.689 -1.2254 0.7875, -0.7677 -1.2254 0.7875, -0.689 -1.2129 0.7918, -0.7677 -1.2129 0.7918, -0.689 -1.1998 0.7933, -0.7677 -1.1998 0.7933, -0.7677 -1.0187 0.7933, -0.689 -1.0187 0.7933, -0.7677 -1.0187 0.2362, -0.689 -1.0187 0.2362, -0.689 -1.0187 0.2362
            ]
        }
        coordIndex [
            0,1,2,-1,2,1,3,-1,0,2,4,-1,0,4,5,-1,5,4,6,-1,5,6,7,-1,7,6,8,-1,7,8,9,-1,9,8,10,-1,9,10,11,-1,11,10,12,-1,11,12,13,-1,13,12,14,-1,13,14,15,-1,15,14,16,-1,15,16,17,-1,18,17,19,-1,19,17,16,-1,18,19,20,-1,18,20,21,-1,21,20,22,-1,21,22,23,-1,23,22,24,-1,23,24,25,-1,25,24,26,-1,25,26,27,-1,27,26,28,-1,27,28,29,-1,29,28,30,-1,29,30,31,-1,31,30,32,-1,31,32,33,-1,34,33,35,-1,35,33,32,-1,34,35,36,-1,34,36,37,-1,37,36,38,-1,37,38,39,-1,39,38,40,-1,39,40,41,-1,41,40,42,-1,41,42,43,-1,43,42,44,-1,43,44,45,-1,45,44,46,-1,45,46,47,-1,47,46,48,-1,47,48,49,-1,50,49,51,-1,51,49,48,-1,1,0,25,-1,29,31,52,-1,52,31,33,-1,52,33,50,-1,50,33,34,-1,50,34,49,-1,1,25,52,-1,52,25,27,-1,52,27,29,-1,21,23,18,-1,18,23,25,-1,18,25,17,-1,17,25,0,-1,0,5,17,-1,17,5,7,-1,17,7,9,-1,9,11,17,-1,17,11,13,-1,17,13,15,-1,43,45,41,-1,41,45,39,-1,34,37,49,-1,49,37,39,-1,49,39,47,-1,47,39,45,-1,2,3,53,-1,4,2,16,-1,19,24,20,-1,20,24,22,-1,51,48,32,-1,51,32,53,-1,53,32,30,-1,53,30,28,-1,10,8,6,-1,38,36,48,-1,48,36,35,-1,48,35,32,-1,28,26,53,-1,53,26,24,-1,53,24,2,-1,2,24,19,-1,2,19,16,-1,10,6,12,-1,4,16,6,-1,6,16,14,-1,6,14,12,-1,48,46,38,-1,38,46,44,-1,38,44,40,-1,40,44,42,-1,
        ]
    }
}
Shape{
    appearance Appearance {
        material  Material 	{
            diffuseColor 1.0 0.9529411764705882 0.792156862745098
            specularColor 0.30196078431372547 0.28627450980392155 0.23921568627450981
            ambientIntensity 0.2
            transparency 0
            shininess 0.5
        }
    }
    geometry IndexedFaceSet {
        ccw TRUE
        solid FALSE
        coord DEF co Coordinate {
            point [
                -0.7087 0.2215 0.374, -0.7087 0.2215 0.7972, -0.7087 0.3789 0.374, -0.7087 0.3789 0.7972, -0.8465 0.2215 0.374, -0.8465 0.2215 0.7972, -0.8465 0.3789 0.374, -0.8465 0.3789 0.7972, -0.7087 -0.1146 0.374, -0.7087 -0.3789 0.374, -0.7087 -0.1146 1.3583, -0.7087 -0.3789 1.3583, -0.8465 -0.3789 0.374, -0.8465 -0.3789 1.3583, -0.8465 -0.1146 0.374, -0.8465 -0.1146 1.3583, -0.374 -0.5758 1.5354, -0.315 -0.6348 1.5945, -0.374 -0.4183 1.5354, -0.315 -0.4183 1.5945, -0.5512 -0.5758 1.5354, -0.6102 -0.6348 1.5945, -0.5512 0.2215 1.5354, -0.6102 0.2805 1.5945, -0.0433 0.2805 1.5945, -0.0433 0.2215 1.5354, 3.5039 -0.5758 1.5354, 3.563 -0.6348 1.5945, 3.5039 0.2215 1.5354, 3.563 0.2805 1.5945, 3.3268 -0.5758 1.5354, 3.2677 -0.6348 1.5945, 3.2677 -0.4183 1.5945, 3.3268 -0.4183 1.5354, 3.2087 -1.1959 1.5945, 3.2087 -1.1368 1.5354, -0.2559 -1.1959 1.5945, -0.2559 -1.1368 1.5354, 2.8937 -0.5364 1.5354, 3.2087 -0.5364 1.5354, 3.2087 -0.4774 1.5945, 0.0591 -0.5364 1.5354, -0.2559 -0.4774 1.5945, -0.2559 -0.5364 1.5354, -0.4035 -0.9488 0.3937, -0.5285 -0.9488 0.3937, -0.4035 -0.9488 0.0, -0.5285 -0.9488 0.0, -0.5285 -1.1368 0.3937, -0.5285 -1.1368 0.0, -0.4035 -1.1368 0.3937, -0.4035 -1.1368 0.0, 3.622 -1.2549 0.7972, 3.622 -1.0187 0.7972, 3.8386 -1.2549 0.7972, 3.8386 -1.0187 0.7972, 3.7205 -1.0187 0.7933, 3.7205 -1.0187 0.2362, 3.8386 -1.0187 0.2362, 3.622 -1.0187 0.2362, 3.6417 -1.0187 0.2362, 3.6417 -1.0187 0.7933, 3.6417 -0.4222 0.2362, 3.622 -0.4183 0.2362, 3.7205 -0.4222 0.2362, 3.8386 -0.4183 0.2362, 3.622 -0.4183 0.0, 3.8386 -0.4183 0.0, 3.622 -1.2549 0.0, 3.622 0.1821 0.7972, 3.622 0.1821 1.3583, 3.8386 0.1821 0.7972, 3.8386 0.1821 1.3583, 3.622 -0.4183 1.3583, 3.622 -0.4183 1.5945, 3.8386 -0.4183 1.3583, 3.8386 -0.4183 1.5945, 3.622 0.4183 0.7972, 3.622 0.4183 1.5945, 3.622 0.4183 1.5945
            ]
        }
        coordIndex [
            0,1,2,-1,2,1,3,-1,4,5,0,-1,0,5,1,-1,6,7,4,-1,4,7,5,-1,2,3,6,-1,6,3,7,-1,6,4,2,-1,2,4,0,-1,8,9,10,-1,10,9,11,-1,9,12,11,-1,11,12,13,-1,12,14,13,-1,13,14,15,-1,14,8,15,-1,15,8,10,-1,14,12,8,-1,8,12,9,-1,16,17,18,-1,18,17,19,-1,20,21,16,-1,16,21,17,-1,22,23,20,-1,20,23,21,-1,23,22,24,-1,24,22,25,-1,26,27,28,-1,28,27,29,-1,30,31,26,-1,26,31,27,-1,31,30,32,-1,32,30,33,-1,34,35,36,-1,36,35,37,-1,38,39,40,-1,38,40,41,-1,41,40,42,-1,41,42,43,-1,44,45,46,-1,46,45,47,-1,45,48,47,-1,47,48,49,-1,48,50,49,-1,49,50,51,-1,50,44,51,-1,51,44,46,-1,50,48,44,-1,44,48,45,-1,52,53,54,-1,54,53,55,-1,56,57,58,-1,53,59,60,-1,60,61,53,-1,53,61,56,-1,53,56,55,-1,55,56,58,-1,60,59,62,-1,62,59,63,-1,62,63,64,-1,64,63,65,-1,64,65,57,-1,57,65,58,-1,63,66,65,-1,65,66,67,-1,53,52,59,-1,59,52,68,-1,59,68,63,-1,63,68,66,-1,69,70,71,-1,71,70,72,-1,73,74,75,-1,75,74,76,-1,69,77,70,-1,70,77,78,-1,70,78,73,-1,73,78,74,-1,
        ]
    }
}
Shape{
    appearance Appearance {
        material  Material 	{
            diffuseColor 0.8509803921568627 0.8509803921568627 0.8509803921568627
            specularColor 0.4235294117647059 0.4235294117647059 0.4235294117647059
            ambientIntensity 0.2
            transparency 0
            shininess 0.5
        }
    }
    geometry IndexedFaceSet {
        ccw TRUE
        solid FALSE
        coord DEF co Coordinate {
            point [
                3.7205 -1.1998 0.7933, 3.7205 -1.0187 0.7933, 3.6417 -1.1998 0.7933, 3.6417 -1.0187 0.7933, 3.6417 -1.2129 0.7918, 3.7205 -1.2129 0.7918, 3.6417 -1.2254 0.7875, 3.7205 -1.2254 0.7875, 3.6417 -1.2366 0.7804, 3.7205 -1.2366 0.7804, 3.6417 -1.246 0.7711, 3.7205 -1.246 0.7711, 3.6417 -1.253 0.7599, 3.7205 -1.253 0.7599, 3.6417 -1.2574 0.7474, 3.7205 -1.2574 0.7474, 3.6417 -1.2589 0.7343, 3.7205 -1.2589 0.7343, 3.7205 -1.2589 0.0551, 3.6417 -1.2589 0.0551, 3.6417 -1.2574 0.042, 3.7205 -1.2574 0.042, 3.6417 -1.253 0.0295, 3.7205 -1.253 0.0295, 3.6417 -1.246 0.0183, 3.7205 -1.246 0.0183, 3.6417 -1.2366 0.0089, 3.7205 -1.2366 0.0089, 3.6417 -1.2254 0.0019, 3.7205 -1.2254 0.0019, 3.6417 -1.2129 -0.0025, 3.7205 -1.2129 -0.0025, 3.6417 -1.1998 -0.0039, 3.7205 -1.1998 -0.0039, 3.7205 -0.4813 -0.0039, 3.6417 -0.4813 -0.0039, 3.6417 -0.4682 -0.0025, 3.7205 -0.4682 -0.0025, 3.6417 -0.4557 0.0019, 3.7205 -0.4557 0.0019, 3.6417 -0.4445 0.0089, 3.7205 -0.4445 0.0089, 3.6417 -0.4351 0.0183, 3.7205 -0.4351 0.0183, 3.6417 -0.4281 0.0295, 3.7205 -0.4281 0.0295, 3.6417 -0.4237 0.042, 3.7205 -0.4237 0.042, 3.6417 -0.4222 0.0551, 3.7205 -0.4222 0.0551, 3.7205 -0.4222 0.2362, 3.6417 -0.4222 0.2362, 3.7205 -1.0187 0.2362, 3.6417 -1.0187 0.2362, 3.6417 -1.0187 0.2362
            ]
        }
        coordIndex [
            0,1,2,-1,2,1,3,-1,0,2,4,-1,0,4,5,-1,5,4,6,-1,5,6,7,-1,7,6,8,-1,7,8,9,-1,9,8,10,-1,9,10,11,-1,11,10,12,-1,11,12,13,-1,13,12,14,-1,13,14,15,-1,15,14,16,-1,15,16,17,-1,18,17,19,-1,19,17,16,-1,18,19,20,-1,18,20,21,-1,21,20,22,-1,21,22,23,-1,23,22,24,-1,23,24,25,-1,25,24,26,-1,25,26,27,-1,27,26,28,-1,27,28,29,-1,29,28,30,-1,29,30,31,-1,31,30,32,-1,31,32,33,-1,34,33,35,-1,35,33,32,-1,34,35,36,-1,34,36,37,-1,37,36,38,-1,37,38,39,-1,39,38,40,-1,39,40,41,-1,41,40,42,-1,41,42,43,-1,43,42,44,-1,43,44,45,-1,45,44,46,-1,45,46,47,-1,47,46,48,-1,47,48,49,-1,50,49,51,-1,51,49,48,-1,49,50,52,-1,29,31,33,-1,15,17,0,-1,0,17,18,-1,0,18,1,-1,23,25,52,-1,52,25,27,-1,52,27,49,-1,1,18,52,-1,52,18,21,-1,52,21,23,-1,34,37,39,-1,39,41,34,-1,34,41,43,-1,34,43,45,-1,45,47,34,-1,34,47,49,-1,34,49,33,-1,33,49,27,-1,33,27,29,-1,9,0,7,-1,7,0,5,-1,9,11,0,-1,0,11,13,-1,0,13,15,-1,53,26,24,-1,3,53,2,-1,2,53,19,-1,2,19,16,-1,30,28,32,-1,32,28,26,-1,32,26,35,-1,24,22,53,-1,53,22,20,-1,53,20,19,-1,44,42,35,-1,53,51,26,-1,26,51,48,-1,26,48,35,-1,35,48,46,-1,35,46,44,-1,42,40,35,-1,35,40,38,-1,35,38,36,-1,16,14,2,-1,2,14,12,-1,2,12,10,-1,10,8,2,-1,2,8,6,-1,2,6,4,-1,
        ]
    }
}
Shape{
    appearance Appearance {
        material  Material 	{
            diffuseColor 1.0 0.9529411764705882 0.792156862745098
            specularColor 0.30196078431372547 0.28627450980392155 0.23921568627450981
            ambientIntensity 0.2
            transparency 0
            shininess 0.5
        }
    }
    geometry IndexedFaceSet {
        ccw TRUE
        solid FALSE
        coord DEF co Coordinate {
            point [
                3.6614 -0.3789 0.374, 3.6614 -0.1146 0.374, 3.6614 -0.3789 1.3583, 3.6614 -0.1146 1.3583, 3.7992 -0.1146 0.374, 3.7992 -0.1146 1.3583, 3.7992 -0.3789 0.374, 3.7992 -0.3789 1.3583, 3.6614 0.3789 0.374, 3.6614 0.3789 0.7972, 3.6614 0.2215 0.374, 3.6614 0.2215 0.7972, 3.7992 0.3789 0.374, 3.7992 0.3789 0.7972, 3.7992 0.2215 0.374, 3.7992 0.2215 0.7972, 3.4813 -0.9488 0.3937, 3.3563 -0.9488 0.3937, 3.4813 -0.9488 0.0, 3.3563 -0.9488 0.0, 3.3563 -1.1368 0.3937, 3.3563 -1.1368 0.0, 3.4813 -1.1368 0.3937, 3.4813 -1.1368 0.0, 1.2507 0.0 0.0, 1.0236 0.0 0.0787, 1.0236 0.0 0.1969, -0.7072 0.0 0.0, -0.8858 0.0 0.0, -0.8858 -0.0 0.1969, -0.3297 0.0 0.0, 0.0394 0.0 0.0787, 0.405 0.0 0.0, 1.5157 0.0 0.1969, 1.9291 0.0 0.1969, 1.9291 0.0 0.0787, -0.0394 0.0 0.0787, -0.0394 0.0 0.1969, 0.0394 0.0 0.1969, 0.4528 0.0 0.1969, 0.4528 0.0 0.0787, 1.7536 0.0 0.0, 1.5157 0.0 0.0787, 1.5796 0.0 0.0, 1.437 0.0 0.0787, 2.0079 0.0 0.0787, 3.2825 0.0 0.0, 0.5315 0.0 0.1969, 0.9449 0.0 0.1969, 0.5315 0.0 0.0787, 0.9449 0.0 0.0787, 2.5 0.0 0.0787, 2.5 0.0 0.1969, 2.9134 0.0 0.1969, 2.9134 0.0 0.0787, 2.9921 0.0 0.0787, 1.4356 0.0 0.0, 1.437 0.0 0.1969, 2.4213 0.0 0.0787, 2.4213 0.0 0.1969, 2.0079 0.0 0.1969, 2.9921 0.0 0.1969, 3.8386 -0.0 0.1969, 3.8386 0.0 0.0, 3.8386 0.4183 0.1969, 1.437 0.3798 0.1969, 0.9449 0.3798 0.1969, 0.5315 0.3798 0.1969, -0.0394 0.3798 0.1969, -0.8858 0.4183 0.1969, 0.0394 0.3798 0.1969, 0.4528 0.3798 0.1969, 2.9134 0.3798 0.1969, 2.5 0.3798 0.1969, 2.9921 0.3798 0.1969, 2.4213 0.3798 0.1969, 2.0079 0.3798 0.1969, 1.9291 0.3798 0.1969, 1.0236 0.3798 0.1969, 1.5157 0.3798 0.1969, 0.0433 0.2805 0.4134, 0.0433 0.2215 0.4134, 0.0433 0.2805 1.5945, 0.0433 0.2215 1.5354, -0.0433 0.2805 1.5945, -0.0433 0.2805 0.4134, -0.0433 0.2215 0.4134, -0.0433 0.2215 1.5354, -0.0433 -0.3474 1.5945, -0.0433 -0.4183 1.5945, -0.0433 -0.3002 1.5472, -0.0433 -0.4183 0.4134, -0.0433 -0.3002 0.4134, -0.1024 -0.3002 1.5472, -0.1024 -0.3002 0.4134, -0.1024 -0.4183 0.4134, -0.1024 -0.4183 1.5945, -0.1024 -0.3474 1.5945, 0.1024 -0.3474 1.5945, 0.1024 -0.4183 1.5945, 0.1024 -0.3002 1.5472, 0.1024 -0.4183 0.4134, 0.1024 -0.3002 0.4134, 0.0433 -0.3002 1.5472, 0.0433 -0.3002 0.4134, 0.0433 -0.4183 0.4134, 0.0433 -0.4183 1.5945, 0.0433 -0.3474 1.5945, 0.0433 -0.3474 1.5945
            ]
        }
        coordIndex [
            0,1,2,-1,2,1,3,-1,1,4,3,-1,3,4,5,-1,4,6,5,-1,5,6,7,-1,6,0,7,-1,7,0,2,-1,6,4,0,-1,0,4,1,-1,8,9,10,-1,10,9,11,-1,12,13,8,-1,8,13,9,-1,14,15,12,-1,12,15,13,-1,10,11,14,-1,14,11,15,-1,14,12,10,-1,10,12,8,-1,16,17,18,-1,18,17,19,-1,17,20,19,-1,19,20,21,-1,20,22,21,-1,21,22,23,-1,22,16,23,-1,23,16,18,-1,22,20,16,-1,16,20,17,-1,24,25,26,-1,27,28,29,-1,27,29,30,-1,31,32,30,-1,33,34,35,-1,31,30,36,-1,36,30,29,-1,36,29,37,-1,38,39,40,-1,33,41,42,-1,42,41,43,-1,42,43,44,-1,33,35,41,-1,41,35,45,-1,41,45,46,-1,38,40,31,-1,47,48,49,-1,49,48,50,-1,51,52,53,-1,31,40,32,-1,32,40,49,-1,32,49,24,-1,24,49,50,-1,24,50,25,-1,54,55,46,-1,43,56,44,-1,44,56,24,-1,44,24,57,-1,57,24,26,-1,53,54,51,-1,51,54,46,-1,51,46,58,-1,58,46,45,-1,58,45,59,-1,59,45,60,-1,55,61,46,-1,46,61,62,-1,46,62,63,-1,64,62,61,-1,65,57,26,-1,48,47,66,-1,66,47,67,-1,37,29,68,-1,68,29,69,-1,68,69,70,-1,70,69,71,-1,70,71,38,-1,38,71,39,-1,53,52,72,-1,72,52,73,-1,61,74,64,-1,64,74,72,-1,64,72,69,-1,69,72,73,-1,69,73,75,-1,59,60,75,-1,75,60,76,-1,75,76,69,-1,69,76,77,-1,78,66,69,-1,69,66,67,-1,69,67,71,-1,26,78,65,-1,65,78,69,-1,65,69,79,-1,79,69,77,-1,79,77,33,-1,33,77,34,-1,80,81,82,-1,82,81,83,-1,84,85,82,-1,82,85,80,-1,86,85,87,-1,87,85,84,-1,88,89,90,-1,90,89,91,-1,90,91,92,-1,90,92,93,-1,93,92,94,-1,94,95,93,-1,93,95,96,-1,93,96,97,-1,98,99,100,-1,100,99,101,-1,100,101,102,-1,100,102,103,-1,103,102,104,-1,104,105,103,-1,103,105,106,-1,103,106,107,-1,93,97,90,-1,90,97,88,-1,103,107,100,-1,100,107,98,-1,
        ]
    }
}
Shape{
    appearance Appearance {
        material  Material 	{
            diffuseColor 0.8509803921568627 0.8509803921568627 0.8509803921568627
            specularColor 0.2549019607843137 0.2549019607843137 0.2549019607843137
            ambientIntensity 0.2
            transparency 0
            shininess 0.5
        }
    }
    geometry IndexedFaceSet {
        ccw TRUE
        solid FALSE
        coord DEF co Coordinate {
            point [
                0.0394 0.4183 0.1784, -0.0394 0.4183 0.1784, 0.0394 0.3982 0.1784, -0.0394 0.3982 0.1784, 0.0394 0.5011 0.0957, -0.0394 0.5011 0.0957, -0.0394 0.6447 0.0957, 0.0394 0.6447 0.0957, -0.0394 0.6939 0.0453, -0.0394 0.6939 0.0465, 0.0394 0.6939 0.0453, 0.0394 0.6939 0.0465, 0.0394 0.6447 -0.0039, 0.0394 0.3391 -0.0039, -0.0394 0.6447 -0.0039, -0.0394 0.3391 -0.0039, 0.0394 0.3341 -0.0033, -0.0394 0.3341 -0.0033, 0.0394 0.3293 -0.0013, -0.0394 0.3293 -0.0013, 0.0394 0.3252 0.0018, -0.0394 0.3252 0.0018, 0.0394 0.2483 0.0787, -0.0394 0.2483 0.0787, -0.0394 0.6574 -0.0023, -0.0394 0.0 0.0787, -0.0394 0.0 0.1969, -0.0394 0.3798 0.1969, -0.0394 0.6922 0.0325, -0.0394 0.6873 0.0207, -0.0394 0.6795 0.0105, -0.0394 0.6574 0.094, -0.0394 0.6693 0.0027, -0.0394 0.6693 0.0891, -0.0394 0.6795 0.0813, -0.0394 0.6873 0.0711, -0.0394 0.6922 0.0592, 0.0394 0.6922 0.0325, 0.0394 0.0 0.1969, 0.0394 0.0 0.0787, 0.0394 0.3798 0.1969, 0.0394 0.6574 -0.0023, 0.0394 0.6693 0.0027, 0.0394 0.6795 0.0105, 0.0394 0.6922 0.0592, 0.0394 0.6873 0.0207, 0.0394 0.6873 0.0711, 0.0394 0.6795 0.0813, 0.0394 0.6693 0.0891, 0.0394 0.6574 0.094, -0.0394 0.2608 1.3976, 0.0394 0.2608 1.3976, -0.0394 0.2608 0.4134, 0.0394 0.2608 0.4134, -0.0394 -0.1673 0.6102, -0.0394 -0.164 0.5848, -0.0394 -0.3986 0.4134, -0.0394 -0.0197 0.525, -0.0394 0.0007 0.5406, -0.0394 -0.1541 0.561, -0.0394 -0.1385 0.5406, -0.0394 -0.1181 0.525, -0.0394 0.0163 0.561, -0.0394 0.0262 0.5848, -0.0394 0.0295 0.6102, -0.0394 -0.0944 0.5152, -0.0394 -0.0689 0.5118, -0.0394 -0.0434 0.5152, -0.0394 0.0295 1.3026, -0.0394 0.0411 1.3304, -0.0394 0.0303 1.3103, -0.0394 0.0325 1.3177, -0.0394 0.0362 1.3245, -0.0394 0.1421 1.4304, -0.0394 0.1489 1.434, -0.0394 0.1361 1.4255, -0.0394 0.1563 1.4363, -0.0394 0.1639 1.437, -0.0394 0.2215 1.437, -0.0394 -0.3976 1.4064, -0.0394 -0.3947 1.4147, -0.0394 -0.39 1.4222, -0.0394 -0.3763 1.4331, -0.0394 -0.368 1.436, -0.0394 -0.3986 1.3976, -0.0394 -0.3593 1.437, -0.0394 -0.3017 1.437, -0.0394 -0.2941 1.4363, -0.0394 -0.2867 1.434, -0.0394 -0.2799 1.4304, -0.0394 -0.2739 1.4255, -0.0394 -0.1789 1.3304, -0.0394 -0.1673 1.3026, -0.0394 -0.1681 1.3103, -0.0394 -0.174 1.3245, -0.0394 -0.1703 1.3177, -0.0394 -0.3838 1.4284, -0.0394 0.2302 1.436, -0.0394 0.2598 1.4064, -0.0394 0.2522 1.4222, -0.0394 0.2569 1.4147, -0.0394 0.246 1.4284, -0.0394 0.2385 1.4331, 0.0394 -0.3986 1.3976, 0.0394 -0.3986 0.4134, 0.0394 -0.3017 1.437, 0.0394 0.0262 0.5848, 0.0394 0.0163 0.561, 0.0394 0.0007 0.5406, 0.0394 -0.0197 0.525, 0.0394 -0.1541 0.561, 0.0394 -0.1385 0.5406, 0.0394 -0.1181 0.525, 0.0394 -0.0434 0.5152, 0.0394 -0.0689 0.5118, 0.0394 -0.0944 0.5152, 0.0394 0.2302 1.436, 0.0394 0.2215 1.437, 0.0394 0.0411 1.3304, 0.0394 0.0362 1.3245, 0.0394 0.0325 1.3177, 0.0394 -0.1789 1.3304, 0.0394 -0.2739 1.4255, 0.0394 0.1563 1.4363, 0.0394 0.1489 1.434, 0.0394 0.0303 1.3103, 0.0394 0.0295 1.3026, 0.0394 0.0295 0.6102, 0.0394 0.1639 1.437, 0.0394 0.1421 1.4304, 0.0394 0.1361 1.4255, 0.0394 -0.2799 1.4304, 0.0394 -0.2867 1.434, 0.0394 -0.2941 1.4363, 0.0394 -0.164 0.5848, 0.0394 -0.1673 0.6102, 0.0394 -0.1673 1.3026, 0.0394 -0.1681 1.3103, 0.0394 -0.174 1.3245, 0.0394 -0.1703 1.3177, 0.0394 -0.3593 1.437, 0.0394 -0.368 1.436, 0.0394 -0.3763 1.4331, 0.0394 -0.3838 1.4284, 0.0394 -0.39 1.4222, 0.0394 -0.3976 1.4064, 0.0394 -0.3947 1.4147, 0.0394 0.2522 1.4222, 0.0394 0.246 1.4284, 0.0394 0.2569 1.4147, 0.0394 0.2598 1.4064, 0.0394 0.2385 1.4331, 0.0394 0.2385 1.4331
            ]
        }
        coordIndex [
            0,1,2,-1,2,1,3,-1,4,5,0,-1,0,5,1,-1,6,5,7,-1,7,5,4,-1,8,9,10,-1,10,9,11,-1,12,13,14,-1,14,13,15,-1,15,13,16,-1,15,16,17,-1,17,16,18,-1,17,18,19,-1,19,18,20,-1,19,20,21,-1,22,23,20,-1,20,23,21,-1,1,5,15,-1,24,14,8,-1,25,26,23,-1,23,26,27,-1,23,27,21,-1,21,27,3,-1,21,3,19,-1,19,3,1,-1,19,1,17,-1,17,1,15,-1,28,29,30,-1,31,9,6,-1,6,9,8,-1,6,8,5,-1,5,8,14,-1,5,14,15,-1,28,30,8,-1,8,30,32,-1,8,32,24,-1,31,33,34,-1,34,35,31,-1,31,35,36,-1,31,36,9,-1,37,10,12,-1,38,39,40,-1,40,39,22,-1,40,22,2,-1,2,22,20,-1,2,20,0,-1,41,42,43,-1,13,4,16,-1,16,4,0,-1,16,0,18,-1,18,0,20,-1,44,7,11,-1,11,7,4,-1,11,4,10,-1,10,4,13,-1,10,13,12,-1,41,43,12,-1,12,43,45,-1,12,45,37,-1,44,46,47,-1,47,48,44,-1,44,48,49,-1,44,49,7,-1,2,3,40,-1,40,3,27,-1,39,25,22,-1,22,25,23,-1,50,51,52,-1,52,51,53,-1,54,55,56,-1,57,58,52,-1,55,59,56,-1,56,59,60,-1,56,60,61,-1,58,62,52,-1,52,62,63,-1,52,63,64,-1,61,65,56,-1,56,65,66,-1,56,66,52,-1,52,66,67,-1,52,67,57,-1,64,68,69,-1,68,70,69,-1,69,70,71,-1,69,71,72,-1,73,74,52,-1,64,69,52,-1,52,69,75,-1,52,75,73,-1,74,76,52,-1,52,76,77,-1,52,77,78,-1,79,80,81,-1,82,83,84,-1,83,85,84,-1,84,85,86,-1,84,86,56,-1,56,86,87,-1,56,87,88,-1,88,89,56,-1,56,89,90,-1,56,90,91,-1,54,56,92,-1,92,56,91,-1,92,91,93,-1,93,91,94,-1,93,94,95,-1,79,81,84,-1,84,81,96,-1,84,96,82,-1,97,98,78,-1,78,98,50,-1,78,50,52,-1,99,100,101,-1,101,100,98,-1,101,98,102,-1,102,98,97,-1,103,104,105,-1,106,107,53,-1,53,107,108,-1,53,108,109,-1,110,104,111,-1,111,104,112,-1,109,113,53,-1,53,113,114,-1,53,114,104,-1,104,114,115,-1,104,115,112,-1,116,117,51,-1,118,119,120,-1,121,122,105,-1,123,124,53,-1,120,125,118,-1,118,125,126,-1,118,126,53,-1,53,126,127,-1,53,127,106,-1,51,117,53,-1,53,117,128,-1,53,128,123,-1,124,129,53,-1,53,129,130,-1,53,130,118,-1,122,131,105,-1,105,131,132,-1,105,132,133,-1,110,134,104,-1,104,134,135,-1,104,135,105,-1,105,135,136,-1,105,136,121,-1,121,136,137,-1,121,137,138,-1,138,137,139,-1,105,140,103,-1,103,140,141,-1,103,141,142,-1,142,143,103,-1,103,143,144,-1,103,144,145,-1,145,144,146,-1,147,148,149,-1,149,148,150,-1,150,148,51,-1,51,148,151,-1,51,151,116,-1,103,84,104,-1,104,84,56,-1,84,103,145,-1,84,145,79,-1,79,145,146,-1,79,146,80,-1,80,146,144,-1,80,144,81,-1,81,144,143,-1,81,143,96,-1,96,143,142,-1,96,142,82,-1,82,142,141,-1,82,141,83,-1,83,141,140,-1,83,140,85,-1,105,86,140,-1,140,86,85,-1,86,105,133,-1,86,133,87,-1,87,133,132,-1,87,132,88,-1,88,132,131,-1,88,131,89,-1,89,131,122,-1,89,122,90,-1,121,91,122,-1,122,91,90,-1,91,121,138,-1,91,138,94,-1,94,138,139,-1,94,139,95,-1,95,139,137,-1,95,137,93,-1,93,137,136,-1,93,136,92,-1,135,54,136,-1,136,54,92,-1,54,135,55,-1,55,135,134,-1,55,134,59,-1,59,134,110,-1,59,110,60,-1,60,110,111,-1,60,111,61,-1,61,111,112,-1,61,112,65,-1,65,112,115,-1,65,115,66,-1,66,115,114,-1,66,114,67,-1,67,114,113,-1,67,113,57,-1,57,113,109,-1,57,109,58,-1,58,109,108,-1,58,108,62,-1,62,108,107,-1,62,107,63,-1,63,107,106,-1,63,106,64,-1,64,106,127,-1,126,68,127,-1,127,68,64,-1,68,126,125,-1,68,125,70,-1,70,125,120,-1,70,120,71,-1,71,120,119,-1,71,119,72,-1,72,119,118,-1,72,118,69,-1,130,75,118,-1,118,75,69,-1,75,130,129,-1,75,129,73,-1,73,129,124,-1,73,124,74,-1,74,124,123,-1,74,123,76,-1,76,123,128,-1,76,128,77,-1,117,78,128,-1,128,78,77,-1,78,117,116,-1,78,116,97,-1,97,116,151,-1,97,151,102,-1,102,151,148,-1,102,148,101,-1,101,148,147,-1,101,147,99,-1,99,147,149,-1,99,149,100,-1,100,149,150,-1,100,150,98,-1,98,150,51,-1,98,51,50,-1,
        ]
    }
}
Shape{
    appearance Appearance {
        material  Material 	{
            diffuseColor 0.8509803921568627 0.8509803921568627 0.8509803921568627
            specularColor 0.4235294117647059 0.4235294117647059 0.4235294117647059
            ambientIntensity 0.2
            transparency 0
            shininess 0.5
        }
    }
    geometry IndexedFaceSet {
        ccw TRUE
        solid FALSE
        coord DEF co Coordinate {
            point [
                -0.0394 0.6939 0.0453, 0.0394 0.6939 0.0453, 0.0394 0.6922 0.0325, -0.0394 0.6922 0.0325, 0.0394 0.6873 0.0207, -0.0394 0.6873 0.0207, 0.0394 0.6795 0.0105, -0.0394 0.6795 0.0105, 0.0394 0.6693 0.0027, -0.0394 0.6693 0.0027, 0.0394 0.6574 -0.0023, -0.0394 0.6574 -0.0023, 0.0394 0.6447 -0.0039, -0.0394 0.6447 -0.0039, -0.0394 0.6447 0.0957, 0.0394 0.6447 0.0957, 0.0394 0.6574 0.094, -0.0394 0.6574 0.094, 0.0394 0.6693 0.0891, -0.0394 0.6693 0.0891, 0.0394 0.6795 0.0813, -0.0394 0.6795 0.0813, 0.0394 0.6873 0.0711, -0.0394 0.6873 0.0711, 0.0394 0.6922 0.0592, -0.0394 0.6922 0.0592, 0.0394 0.6939 0.0465, -0.0394 0.6939 0.0465, -0.0394 0.6939 0.0465
            ]
        }
        coordIndex [
            0,1,2,-1,0,2,3,-1,3,2,4,-1,3,4,5,-1,5,4,6,-1,5,6,7,-1,7,6,8,-1,7,8,9,-1,9,8,10,-1,9,10,11,-1,11,10,12,-1,11,12,13,-1,14,15,16,-1,14,16,17,-1,17,16,18,-1,17,18,19,-1,19,18,20,-1,19,20,21,-1,21,20,22,-1,21,22,23,-1,23,22,24,-1,23,24,25,-1,25,24,26,-1,25,26,27,-1,
        ]
    }
}
Shape{
    appearance Appearance {
        material  Material 	{
            diffuseColor 1.0 0.9529411764705882 0.792156862745098
            specularColor 0.30196078431372547 0.28627450980392155 0.23921568627450981
            ambientIntensity 0.2
            transparency 0
            shininess 0.5
        }
    }
    geometry IndexedFaceSet {
        ccw TRUE
        solid FALSE
        coord DEF co Coordinate {
            point [
                2.9961 0.2805 0.4134, 2.9961 0.2215 0.4134, 2.9961 0.2805 1.5945, 2.9961 0.2215 1.5354, 2.9094 0.2805 1.5945, 2.9094 0.2805 0.4134, 2.9094 0.2215 0.4134, 2.9094 0.2215 1.5354, 2.5039 0.2805 0.4134, 2.5039 0.2215 0.4134, 2.5039 0.2805 1.5945, 2.5039 0.2215 1.5354, 2.4173 0.2805 1.5945, 2.4173 0.2805 0.4134, 2.4173 0.2215 0.4134, 2.4173 0.2215 1.5354, 2.0118 0.2805 0.4134, 2.0118 0.2215 0.4134, 2.0118 0.2805 1.5945, 2.0118 0.2215 1.5354, 1.9252 0.2805 1.5945, 1.9252 0.2805 0.4134, 1.9252 0.2215 0.4134, 1.9252 0.2215 1.5354, 1.5197 0.2805 0.4134, 1.5197 0.2215 0.4134, 1.5197 0.2805 1.5945, 1.5197 0.2215 1.5354, 1.4331 0.2805 1.5945, 1.4331 0.2805 0.4134, 1.4331 0.2215 0.4134, 1.4331 0.2215 1.5354, 1.0276 0.2805 0.4134, 1.0276 0.2215 0.4134, 1.0276 0.2805 1.5945, 1.0276 0.2215 1.5354, 0.9409 0.2805 1.5945, 0.9409 0.2805 0.4134, 0.9409 0.2215 0.4134, 0.9409 0.2215 1.5354, 0.5354 0.2805 0.4134, 0.5354 0.2215 0.4134, 0.5354 0.2805 1.5945, 0.5354 0.2215 1.5354, 0.4488 0.2805 1.5945, 0.4488 0.2805 0.4134, 0.4488 0.2215 0.4134, 0.4488 0.2215 1.5354, 0.4488 -0.3474 1.5945, 0.4488 -0.4183 1.5945, 0.4488 -0.3002 1.5472, 0.4488 -0.4183 0.4134, 0.4488 -0.3002 0.4134, 0.3898 -0.3002 1.5472, 0.3898 -0.3002 0.4134, 0.3898 -0.3474 1.5945, 0.3898 -0.4183 0.4134, 0.3898 -0.4183 1.5945, 0.5945 -0.3474 1.5945, 0.5945 -0.4183 1.5945, 0.5945 -0.3002 1.5472, 0.5945 -0.4183 0.4134, 0.5945 -0.3002 0.4134, 0.5354 -0.3002 1.5472, 0.5354 -0.3002 0.4134, 0.5354 -0.4183 0.4134, 0.5354 -0.4183 1.5945, 0.5354 -0.3474 1.5945, 0.9409 -0.3474 1.5945, 0.9409 -0.4183 1.5945, 0.9409 -0.3002 1.5472, 0.9409 -0.4183 0.4134, 0.9409 -0.3002 0.4134, 0.8819 -0.3002 1.5472, 0.8819 -0.3002 0.4134, 0.8819 -0.3474 1.5945, 0.8819 -0.4183 0.4134, 0.8819 -0.4183 1.5945, 1.0866 -0.3474 1.5945, 1.0866 -0.4183 1.5945, 1.0866 -0.3002 1.5472, 1.0866 -0.4183 0.4134, 1.0866 -0.3002 0.4134, 1.0276 -0.3002 1.5472, 1.0276 -0.3002 0.4134, 1.0276 -0.3474 1.5945, 1.0276 -0.4183 0.4134, 1.0276 -0.4183 1.5945, 1.4331 -0.3474 1.5945, 1.4331 -0.4183 1.5945, 1.4331 -0.3002 1.5472, 1.4331 -0.4183 0.4134, 1.4331 -0.3002 0.4134, 1.374 -0.3002 1.5472, 1.374 -0.3002 0.4134, 1.374 -0.3474 1.5945, 1.374 -0.4183 0.4134, 1.374 -0.4183 1.5945, 1.5787 -0.3474 1.5945, 1.5787 -0.4183 1.5945, 1.5787 -0.3002 1.5472, 1.5787 -0.4183 0.4134, 1.5787 -0.3002 0.4134, 1.5197 -0.3002 1.5472, 1.5197 -0.3002 0.4134, 1.5197 -0.3474 1.5945, 1.5197 -0.4183 0.4134, 1.5197 -0.4183 1.5945, 1.9252 -0.3474 1.5945, 1.9252 -0.4183 1.5945, 1.9252 -0.3002 1.5472, 1.9252 -0.4183 0.4134, 1.9252 -0.3002 0.4134, 1.8661 -0.3002 1.5472, 1.8661 -0.3002 0.4134, 1.8661 -0.3474 1.5945, 1.8661 -0.4183 0.4134, 1.8661 -0.4183 1.5945, 2.0709 -0.3474 1.5945, 2.0709 -0.4183 1.5945, 2.0709 -0.3002 1.5472, 2.0709 -0.4183 0.4134, 2.0709 -0.3002 0.4134, 2.0118 -0.3002 1.5472, 2.0118 -0.3002 0.4134, 2.0118 -0.4183 0.4134, 2.0118 -0.4183 1.5945, 2.0118 -0.3474 1.5945, 2.4173 -0.3474 1.5945, 2.4173 -0.4183 1.5945, 2.4173 -0.3002 1.5472, 2.4173 -0.4183 0.4134, 2.4173 -0.3002 0.4134, 2.3583 -0.3002 1.5472, 2.3583 -0.3002 0.4134, 2.3583 -0.3474 1.5945, 2.3583 -0.4183 0.4134, 2.3583 -0.4183 1.5945, 2.563 -0.3002 0.4134, 2.563 -0.3002 1.5472, 2.563 -0.4183 0.4134, 2.563 -0.3474 1.5945, 2.563 -0.4183 1.5945, 2.5039 -0.3002 1.5472, 2.5039 -0.3002 0.4134, 2.5039 -0.3474 1.5945, 2.5039 -0.4183 0.4134, 2.5039 -0.4183 1.5945, 2.9094 -0.3474 1.5945, 2.9094 -0.4183 1.5945, 2.9094 -0.3002 1.5472, 2.9094 -0.4183 0.4134, 2.9094 -0.3002 0.4134, 2.8504 -0.3002 1.5472, 2.8504 -0.3002 0.4134, 2.8504 -0.3474 1.5945, 2.8504 -0.4183 0.4134, 2.8504 -0.4183 1.5945, 3.0551 -0.3002 0.4134, 3.0551 -0.3002 1.5472, 3.0551 -0.4183 0.4134, 3.0551 -0.3474 1.5945, 3.0551 -0.4183 1.5945, 2.9961 -0.3002 1.5472, 2.9961 -0.3002 0.4134, 2.9961 -0.3474 1.5945, 2.9961 -0.4183 0.4134, 2.9961 -0.4183 1.5945, 2.9961 -0.4183 1.5945
            ]
        }
        coordIndex [
            0,1,2,-1,2,1,3,-1,4,5,2,-1,2,5,0,-1,6,5,7,-1,7,5,4,-1,8,9,10,-1,10,9,11,-1,12,13,10,-1,10,13,8,-1,14,13,15,-1,15,13,12,-1,16,17,18,-1,18,17,19,-1,20,21,18,-1,18,21,16,-1,22,21,23,-1,23,21,20,-1,24,25,26,-1,26,25,27,-1,28,29,26,-1,26,29,24,-1,30,29,31,-1,31,29,28,-1,32,33,34,-1,34,33,35,-1,36,37,34,-1,34,37,32,-1,38,37,39,-1,39,37,36,-1,40,41,42,-1,42,41,43,-1,44,45,42,-1,42,45,40,-1,46,45,47,-1,47,45,44,-1,48,49,50,-1,50,49,51,-1,50,51,52,-1,50,52,53,-1,53,52,54,-1,53,54,55,-1,55,54,56,-1,55,56,57,-1,58,59,60,-1,60,59,61,-1,60,61,62,-1,60,62,63,-1,63,62,64,-1,64,65,63,-1,63,65,66,-1,63,66,67,-1,68,69,70,-1,70,69,71,-1,70,71,72,-1,70,72,73,-1,73,72,74,-1,73,74,75,-1,75,74,76,-1,75,76,77,-1,78,79,80,-1,80,79,81,-1,80,81,82,-1,80,82,83,-1,83,82,84,-1,83,84,85,-1,85,84,86,-1,85,86,87,-1,88,89,90,-1,90,89,91,-1,90,91,92,-1,90,92,93,-1,93,92,94,-1,93,94,95,-1,95,94,96,-1,95,96,97,-1,98,99,100,-1,100,99,101,-1,100,101,102,-1,100,102,103,-1,103,102,104,-1,103,104,105,-1,105,104,106,-1,105,106,107,-1,108,109,110,-1,110,109,111,-1,110,111,112,-1,110,112,113,-1,113,112,114,-1,113,114,115,-1,115,114,116,-1,115,116,117,-1,118,119,120,-1,120,119,121,-1,120,121,122,-1,120,122,123,-1,123,122,124,-1,124,125,123,-1,123,125,126,-1,123,126,127,-1,128,129,130,-1,130,129,131,-1,130,131,132,-1,130,132,133,-1,133,132,134,-1,133,134,135,-1,135,134,136,-1,135,136,137,-1,138,139,140,-1,140,139,141,-1,140,141,142,-1,139,138,143,-1,143,138,144,-1,143,144,145,-1,145,144,146,-1,145,146,147,-1,148,149,150,-1,150,149,151,-1,150,151,152,-1,150,152,153,-1,153,152,154,-1,153,154,155,-1,155,154,156,-1,155,156,157,-1,158,159,160,-1,160,159,161,-1,160,161,162,-1,159,158,163,-1,163,158,164,-1,163,164,165,-1,165,164,166,-1,165,166,167,-1,53,55,50,-1,50,55,48,-1,63,67,60,-1,60,67,58,-1,73,75,70,-1,70,75,68,-1,83,85,80,-1,80,85,78,-1,93,95,90,-1,90,95,88,-1,103,105,100,-1,100,105,98,-1,113,115,110,-1,110,115,108,-1,123,127,120,-1,120,127,118,-1,133,135,130,-1,130,135,128,-1,143,145,139,-1,139,145,141,-1,153,155,150,-1,150,155,148,-1,163,165,159,-1,159,165,161,-1,
        ]
    }
}
Shape{
    appearance Appearance {
        material  Material 	{
            diffuseColor 0.8509803921568627 0.8509803921568627 0.8509803921568627
            specularColor 0.2549019607843137 0.2549019607843137 0.2549019607843137
            ambientIntensity 0.2
            transparency 0
            shininess 0.5
        }
    }
    geometry IndexedFaceSet {
        ccw TRUE
        solid FALSE
        coord DEF co Coordinate {
            point [
                0.5315 0.4183 0.1784, 0.4528 0.4183 0.1784, 0.5315 0.3982 0.1784, 0.4528 0.3982 0.1784, 0.5315 0.5011 0.0957, 0.4528 0.5011 0.0957, 0.4528 0.6447 0.0957, 0.5315 0.6447 0.0957, 0.4528 0.6939 0.0453, 0.4528 0.6939 0.0465, 0.5315 0.6939 0.0453, 0.5315 0.6939 0.0465, 0.5315 0.6447 -0.0039, 0.5315 0.3391 -0.0039, 0.4528 0.6447 -0.0039, 0.4528 0.3391 -0.0039, 0.5315 0.3341 -0.0033, 0.4528 0.3341 -0.0033, 0.5315 0.3293 -0.0013, 0.4528 0.3293 -0.0013, 0.5315 0.3252 0.0018, 0.4528 0.3252 0.0018, 0.5315 0.2483 0.0787, 0.4528 0.2483 0.0787, 0.4528 0.0 0.0787, 0.4528 0.0 0.1969, 0.4528 0.3798 0.1969, 0.4528 0.6922 0.0325, 0.4528 0.6873 0.0207, 0.4528 0.6795 0.0105, 0.4528 0.6574 0.094, 0.4528 0.6693 0.0891, 0.4528 0.6574 -0.0023, 0.4528 0.6693 0.0027, 0.4528 0.6795 0.0813, 0.4528 0.6873 0.0711, 0.4528 0.6922 0.0592, 0.5315 0.0 0.1969, 0.5315 0.0 0.0787, 0.5315 0.3798 0.1969, 0.5315 0.6574 0.094, 0.5315 0.6574 -0.0023, 0.5315 0.6873 0.0711, 0.5315 0.6795 0.0813, 0.5315 0.6693 0.0891, 0.5315 0.6873 0.0207, 0.5315 0.6922 0.0325, 0.5315 0.6795 0.0105, 0.5315 0.6693 0.0027, 0.5315 0.6922 0.0592, 0.4528 0.2608 1.3976, 0.5315 0.2608 1.3976, 0.4528 0.2608 0.4134, 0.5315 0.2608 0.4134, 0.4528 -0.0197 0.525, 0.4528 0.0007 0.5406, 0.4528 -0.1181 0.525, 0.4528 -0.3986 0.4134, 0.4528 -0.1385 0.5406, 0.4528 -0.1541 0.561, 0.4528 0.0163 0.561, 0.4528 0.0262 0.5848, 0.4528 0.0295 0.6102, 0.4528 -0.1673 1.3026, 0.4528 -0.1673 0.6102, 0.4528 -0.164 0.5848, 0.4528 -0.0944 0.5152, 0.4528 -0.0689 0.5118, 0.4528 -0.0434 0.5152, 0.4528 0.0295 1.3026, 0.4528 0.0411 1.3304, 0.4528 -0.368 1.436, 0.4528 -0.3593 1.437, 0.4528 -0.3986 1.3976, 0.4528 0.0303 1.3103, 0.4528 0.0325 1.3177, 0.4528 0.0362 1.3245, 0.4528 0.1421 1.4304, 0.4528 0.1489 1.434, 0.4528 -0.3017 1.437, 0.4528 0.1361 1.4255, 0.4528 0.1563 1.4363, 0.4528 0.1639 1.437, 0.4528 0.2215 1.437, 0.4528 -0.2941 1.4363, 0.4528 -0.2867 1.434, 0.4528 0.2302 1.436, 0.4528 0.2598 1.4064, 0.4528 -0.3947 1.4147, 0.4528 -0.39 1.4222, 0.4528 -0.3976 1.4064, 0.4528 -0.3838 1.4284, 0.4528 -0.3763 1.4331, 0.4528 -0.2799 1.4304, 0.4528 -0.2739 1.4255, 0.4528 -0.1789 1.3304, 0.4528 -0.1681 1.3103, 0.4528 -0.174 1.3245, 0.4528 -0.1703 1.3177, 0.4528 0.2522 1.4222, 0.4528 0.2569 1.4147, 0.4528 0.246 1.4284, 0.4528 0.2385 1.4331, 0.5315 0.0295 0.6102, 0.5315 0.0262 0.5848, 0.5315 0.0295 1.3026, 0.5315 0.0163 0.561, 0.5315 0.0007 0.5406, 0.5315 -0.0197 0.525, 0.5315 -0.1181 0.525, 0.5315 -0.1385 0.5406, 0.5315 -0.3986 0.4134, 0.5315 -0.1541 0.561, 0.5315 -0.164 0.5848, 0.5315 0.2302 1.436, 0.5315 0.2215 1.437, 0.5315 0.0325 1.3177, 0.5315 0.0303 1.3103, 0.5315 -0.0434 0.5152, 0.5315 -0.0689 0.5118, 0.5315 -0.0944 0.5152, 0.5315 0.1639 1.437, 0.5315 0.1563 1.4363, 0.5315 0.1489 1.434, 0.5315 0.0362 1.3245, 0.5315 -0.1673 0.6102, 0.5315 -0.1789 1.3304, 0.5315 -0.2739 1.4255, 0.5315 0.2522 1.4222, 0.5315 0.246 1.4284, 0.5315 0.2569 1.4147, 0.5315 0.2598 1.4064, 0.5315 0.2385 1.4331, 0.5315 0.1421 1.4304, 0.5315 0.1361 1.4255, 0.5315 0.0411 1.3304, 0.5315 -0.1673 1.3026, 0.5315 -0.1681 1.3103, 0.5315 -0.174 1.3245, 0.5315 -0.1703 1.3177, 0.5315 -0.2799 1.4304, 0.5315 -0.2867 1.434, 0.5315 -0.2941 1.4363, 0.5315 -0.3017 1.437, 0.5315 -0.3593 1.437, 0.5315 -0.3986 1.3976, 0.5315 -0.368 1.436, 0.5315 -0.3763 1.4331, 0.5315 -0.3838 1.4284, 0.5315 -0.3976 1.4064, 0.5315 -0.39 1.4222, 0.5315 -0.3947 1.4147, 1.0236 0.4183 0.1784, 0.9449 0.4183 0.1784, 1.0236 0.3982 0.1784, 0.9449 0.3982 0.1784, 1.0236 0.5011 0.0957, 0.9449 0.5011 0.0957, 0.9449 0.6447 0.0957, 1.0236 0.6447 0.0957, 0.9449 0.6939 0.0453, 0.9449 0.6939 0.0465, 1.0236 0.6939 0.0453, 1.0236 0.6939 0.0465, 1.0236 0.6447 -0.0039, 1.0236 0.3391 -0.0039, 0.9449 0.6447 -0.0039, 0.9449 0.3391 -0.0039, 1.0236 0.3341 -0.0033, 0.9449 0.3341 -0.0033, 1.0236 0.3293 -0.0013, 0.9449 0.3293 -0.0013, 1.0236 0.3252 0.0018, 0.9449 0.3252 0.0018, 1.0236 0.2483 0.0787, 0.9449 0.2483 0.0787, 0.9449 0.6574 -0.0023, 0.9449 0.0 0.0787, 0.9449 0.0 0.1969, 0.9449 0.3798 0.1969, 0.9449 0.6922 0.0592, 0.9449 0.6574 0.094, 0.9449 0.6922 0.0325, 0.9449 0.6873 0.0207, 0.9449 0.6693 0.0891, 0.9449 0.6795 0.0813, 0.9449 0.6873 0.0711, 0.9449 0.6795 0.0105, 0.9449 0.6693 0.0027, 1.0236 0.0 0.1969, 1.0236 0.0 0.0787, 1.0236 0.3798 0.1969, 1.0236 0.6922 0.0325, 1.0236 0.6922 0.0592, 1.0236 0.6574 0.094, 1.0236 0.6574 -0.0023, 1.0236 0.6693 0.0027, 1.0236 0.6795 0.0105, 1.0236 0.6873 0.0207, 1.0236 0.6873 0.0711, 1.0236 0.6795 0.0813, 1.0236 0.6693 0.0891, 0.9449 0.2608 1.3976, 1.0236 0.2608 1.3976, 0.9449 0.2608 0.4134, 1.0236 0.2608 0.4134, 0.9449 -0.1673 0.6102, 0.9449 -0.164 0.5848, 0.9449 -0.3986 0.4134, 0.9449 -0.1541 0.561, 0.9449 -0.1385 0.5406, 0.9449 -0.1181 0.525, 0.9449 -0.0197 0.525, 0.9449 0.0007 0.5406, 0.9449 0.0163 0.561, 0.9449 -0.0944 0.5152, 0.9449 -0.0689 0.5118, 0.9449 -0.0434 0.5152, 0.9449 -0.368 1.436, 0.9449 -0.3593 1.437, 0.9449 -0.3986 1.3976, 0.9449 -0.2941 1.4363, 0.9449 -0.2867 1.434, 0.9449 -0.3017 1.437, 0.9449 -0.2799 1.4304, 0.9449 -0.2739 1.4255, 0.9449 -0.1789 1.3304, 0.9449 -0.1673 1.3026, 0.9449 -0.1681 1.3103, 0.9449 -0.174 1.3245, 0.9449 -0.1703 1.3177, 0.9449 0.0262 0.5848, 0.9449 0.0295 0.6102, 0.9449 0.0295 1.3026, 0.9449 0.0303 1.3103, 0.9449 0.0411 1.3304, 0.9449 0.1361 1.4255, 0.9449 0.1421 1.4304, 0.9449 0.1489 1.434, 0.9449 0.1563 1.4363, 0.9449 0.1639 1.437, 0.9449 0.2215 1.437, 0.9449 -0.39 1.4222, 0.9449 -0.3838 1.4284, 0.9449 -0.3947 1.4147, 0.9449 -0.3976 1.4064, 0.9449 -0.3763 1.4331, 0.9449 0.0325 1.3177, 0.9449 0.0362 1.3245, 0.9449 0.2302 1.436, 0.9449 0.2385 1.4331, 0.9449 0.246 1.4284, 0.9449 0.2522 1.4222, 0.9449 0.2569 1.4147, 0.9449 0.2598 1.4064, 1.0236 0.0262 0.5848, 1.0236 0.0163 0.561, 1.0236 0.0007 0.5406, 1.0236 -0.0197 0.525, 1.0236 -0.3986 0.4134, 1.0236 -0.1181 0.525, 1.0236 -0.1385 0.5406, 1.0236 -0.1541 0.561, 1.0236 -0.164 0.5848, 1.0236 -0.1673 0.6102, 1.0236 -0.0434 0.5152, 1.0236 -0.0689 0.5118, 1.0236 -0.0944 0.5152, 1.0236 0.2302 1.436, 1.0236 0.2215 1.437, 1.0236 -0.1789 1.3304, 1.0236 -0.2739 1.4255, 1.0236 -0.3017 1.437, 1.0236 0.2569 1.4147, 1.0236 0.2522 1.4222, 1.0236 0.246 1.4284, 1.0236 0.1639 1.437, 1.0236 0.1563 1.4363, 1.0236 0.1489 1.434, 1.0236 0.1421 1.4304, 1.0236 0.1361 1.4255, 1.0236 0.0295 1.3026, 1.0236 0.0295 0.6102, 1.0236 -0.3763 1.4331, 1.0236 -0.3838 1.4284, 1.0236 -0.3986 1.3976, 1.0236 0.2598 1.4064, 1.0236 -0.2799 1.4304, 1.0236 -0.2867 1.434, 1.0236 -0.2941 1.4363, 1.0236 0.2385 1.4331, 1.0236 0.0411 1.3304, 1.0236 0.0362 1.3245, 1.0236 0.0303 1.3103, 1.0236 0.0325 1.3177, 1.0236 -0.1703 1.3177, 1.0236 -0.174 1.3245, 1.0236 -0.1681 1.3103, 1.0236 -0.1673 1.3026, 1.0236 -0.3593 1.437, 1.0236 -0.368 1.436, 1.0236 -0.39 1.4222, 1.0236 -0.3947 1.4147, 1.0236 -0.3976 1.4064, 1.5157 0.4183 0.1784, 1.437 0.4183 0.1784, 1.5157 0.3982 0.1784, 1.437 0.3982 0.1784, 1.5157 0.5011 0.0957, 1.437 0.5011 0.0957, 1.437 0.6447 0.0957, 1.5157 0.6447 0.0957, 1.437 0.6939 0.0453, 1.437 0.6939 0.0465, 1.5157 0.6939 0.0453, 1.5157 0.6939 0.0465, 1.5157 0.6447 -0.0039, 1.5157 0.3391 -0.0039, 1.437 0.6447 -0.0039, 1.437 0.3391 -0.0039, 1.5157 0.3341 -0.0033, 1.437 0.3341 -0.0033, 1.5157 0.3293 -0.0013, 1.437 0.3293 -0.0013, 1.5157 0.3252 0.0018, 1.437 0.3252 0.0018, 1.5157 0.2483 0.0787, 1.437 0.2483 0.0787, 1.437 0.6574 -0.0023, 1.437 0.0 0.0787, 1.437 0.0 0.1969, 1.437 0.3798 0.1969, 1.437 0.6922 0.0325, 1.437 0.6873 0.0207, 1.437 0.6795 0.0105, 1.437 0.6574 0.094, 1.437 0.6693 0.0027, 1.437 0.6693 0.0891, 1.437 0.6795 0.0813, 1.437 0.6873 0.0711, 1.437 0.6922 0.0592, 1.5157 0.6922 0.0325, 1.5157 0.0 0.1969, 1.5157 0.0 0.0787, 1.5157 0.3798 0.1969, 1.5157 0.6574 -0.0023, 1.5157 0.6693 0.0027, 1.5157 0.6795 0.0105, 1.5157 0.6922 0.0592, 1.5157 0.6873 0.0207, 1.5157 0.6873 0.0711, 1.5157 0.6795 0.0813, 1.5157 0.6693 0.0891, 1.5157 0.6574 0.094, 1.437 0.2608 1.3976, 1.5157 0.2608 1.3976, 1.437 0.2608 0.4134, 1.5157 0.2608 0.4134, 1.437 -0.1673 0.6102, 1.437 -0.164 0.5848, 1.437 -0.3986 0.4134, 1.437 -0.1541 0.561, 1.437 -0.1385 0.5406, 1.437 -0.1181 0.525, 1.437 -0.0197 0.525, 1.437 0.0007 0.5406, 1.437 0.0163 0.561, 1.437 -0.0944 0.5152, 1.437 -0.0689 0.5118, 1.437 -0.0434 0.5152, 1.437 0.0411 1.3304, 1.437 0.1361 1.4255, 1.437 0.0262 0.5848, 1.437 0.0295 0.6102, 1.437 0.0295 1.3026, 1.437 -0.368 1.436, 1.437 -0.3593 1.437, 1.437 -0.3986 1.3976, 1.437 0.0303 1.3103, 1.437 0.0325 1.3177, 1.437 0.0362 1.3245, 1.437 0.1421 1.4304, 1.437 0.1489 1.434, 1.437 0.1563 1.4363, 1.437 -0.2941 1.4363, 1.437 -0.2867 1.434, 1.437 0.2385 1.4331, 1.437 0.246 1.4284, 1.437 -0.3017 1.437, 1.437 -0.2799 1.4304, 1.437 -0.2739 1.4255, 1.437 -0.1789 1.3304, 1.437 -0.1673 1.3026, 1.437 -0.1681 1.3103, 1.437 -0.174 1.3245, 1.437 -0.1703 1.3177, 1.437 -0.39 1.4222, 1.437 -0.3838 1.4284, 1.437 -0.3947 1.4147, 1.437 -0.3976 1.4064, 1.437 -0.3763 1.4331, 1.437 0.1639 1.437, 1.437 0.2215 1.437, 1.437 0.2302 1.436, 1.437 0.2522 1.4222, 1.437 0.2569 1.4147, 1.437 0.2598 1.4064, 1.5157 0.0262 0.5848, 1.5157 0.0163 0.561, 1.5157 0.0007 0.5406, 1.5157 -0.0197 0.525, 1.5157 -0.0434 0.5152, 1.5157 -0.0689 0.5118, 1.5157 -0.3986 0.4134, 1.5157 -0.0944 0.5152, 1.5157 -0.1181 0.525, 1.5157 -0.1385 0.5406, 1.5157 -0.1541 0.561, 1.5157 -0.164 0.5848, 1.5157 -0.1673 0.6102, 1.5157 0.2302 1.436, 1.5157 0.2215 1.437, 1.5157 0.1563 1.4363, 1.5157 0.1489 1.434, 1.5157 0.1639 1.437, 1.5157 0.1421 1.4304, 1.5157 0.1361 1.4255, 1.5157 0.0411 1.3304, 1.5157 0.0295 1.3026, 1.5157 0.0295 0.6102, 1.5157 -0.1789 1.3304, 1.5157 -0.2739 1.4255, 1.5157 -0.3017 1.437, 1.5157 0.2569 1.4147, 1.5157 0.2522 1.4222, 1.5157 0.246 1.4284, 1.5157 0.0362 1.3245, 1.5157 0.0325 1.3177, 1.5157 0.0303 1.3103, 1.5157 -0.3763 1.4331, 1.5157 -0.3838 1.4284, 1.5157 -0.3986 1.3976, 1.5157 0.2598 1.4064, 1.5157 -0.2799 1.4304, 1.5157 -0.2867 1.434, 1.5157 -0.2941 1.4363, 1.5157 0.2385 1.4331, 1.5157 -0.1703 1.3177, 1.5157 -0.174 1.3245, 1.5157 -0.1681 1.3103, 1.5157 -0.1673 1.3026, 1.5157 -0.3593 1.437, 1.5157 -0.368 1.436, 1.5157 -0.39 1.4222, 1.5157 -0.3947 1.4147, 1.5157 -0.3976 1.4064, 2.0079 0.4183 0.1784, 1.9291 0.4183 0.1784, 2.0079 0.3982 0.1784, 1.9291 0.3982 0.1784, 2.0079 0.5011 0.0957, 1.9291 0.5011 0.0957, 1.9291 0.6447 0.0957, 2.0079 0.6447 0.0957, 1.9291 0.6939 0.0453, 1.9291 0.6939 0.0465, 2.0079 0.6939 0.0453, 2.0079 0.6939 0.0465, 2.0079 0.6447 -0.0039, 2.0079 0.3391 -0.0039, 1.9291 0.6447 -0.0039, 1.9291 0.3391 -0.0039, 2.0079 0.3341 -0.0033, 1.9291 0.3341 -0.0033, 2.0079 0.3293 -0.0013, 1.9291 0.3293 -0.0013, 2.0079 0.3252 0.0018, 1.9291 0.3252 0.0018, 2.0079 0.2483 0.0787, 1.9291 0.2483 0.0787, 1.9291 0.0 0.0787, 1.9291 0.0 0.1969, 1.9291 0.3798 0.1969, 1.9291 0.6922 0.0325, 1.9291 0.6873 0.0207, 1.9291 0.6795 0.0105, 1.9291 0.6574 0.094, 1.9291 0.6693 0.0891, 1.9291 0.6574 -0.0023, 1.9291 0.6693 0.0027, 1.9291 0.6795 0.0813, 1.9291 0.6873 0.0711, 1.9291 0.6922 0.0592, 2.0079 0.0 0.1969, 2.0079 0.0 0.0787, 2.0079 0.3798 0.1969, 2.0079 0.6574 0.094, 2.0079 0.6574 -0.0023, 2.0079 0.6873 0.0711, 2.0079 0.6795 0.0813, 2.0079 0.6693 0.0891, 2.0079 0.6873 0.0207, 2.0079 0.6922 0.0325, 2.0079 0.6795 0.0105, 2.0079 0.6693 0.0027, 2.0079 0.6922 0.0592, 1.9291 0.2608 1.3976, 2.0079 0.2608 1.3976, 1.9291 0.2608 0.4134, 2.0079 0.2608 0.4134, 1.9291 -0.1673 0.6102, 1.9291 -0.164 0.5848, 1.9291 -0.3986 0.4134, 1.9291 -0.1541 0.561, 1.9291 -0.1385 0.5406, 1.9291 -0.1181 0.525, 1.9291 -0.0944 0.5152, 1.9291 -0.0689 0.5118, 1.9291 -0.0434 0.5152, 1.9291 -0.0197 0.525, 1.9291 0.0007 0.5406, 1.9291 0.0163 0.561, 1.9291 0.0262 0.5848, 1.9291 0.0295 0.6102, 1.9291 0.0295 1.3026, 1.9291 -0.368 1.436, 1.9291 -0.3593 1.437, 1.9291 -0.3986 1.3976, 1.9291 -0.2941 1.4363, 1.9291 -0.2867 1.434, 1.9291 0.0325 1.3177, 1.9291 0.0362 1.3245, 1.9291 0.0303 1.3103, 1.9291 0.0411 1.3304, 1.9291 0.1361 1.4255, 1.9291 0.1639 1.437, 1.9291 -0.3017 1.437, 1.9291 -0.2799 1.4304, 1.9291 -0.2739 1.4255, 1.9291 -0.1789 1.3304, 1.9291 -0.1673 1.3026, 1.9291 -0.1681 1.3103, 1.9291 -0.174 1.3245, 1.9291 -0.1703 1.3177, 1.9291 0.1421 1.4304, 1.9291 0.1489 1.434, 1.9291 0.1563 1.4363, 1.9291 0.2522 1.4222, 1.9291 0.2569 1.4147, 1.9291 0.246 1.4284, 1.9291 0.2598 1.4064, 1.9291 0.2385 1.4331, 1.9291 -0.3947 1.4147, 1.9291 -0.39 1.4222, 1.9291 -0.3976 1.4064, 1.9291 -0.3838 1.4284, 1.9291 -0.3763 1.4331, 1.9291 0.2215 1.437, 1.9291 0.2302 1.436, 2.0079 0.0295 0.6102, 2.0079 0.0262 0.5848, 2.0079 0.0295 1.3026, 2.0079 0.0163 0.561, 2.0079 0.0007 0.5406, 2.0079 -0.0197 0.525, 2.0079 -0.0434 0.5152, 2.0079 -0.0689 0.5118, 2.0079 -0.3986 0.4134, 2.0079 -0.0944 0.5152, 2.0079 -0.1181 0.525, 2.0079 -0.1385 0.5406, 2.0079 -0.1541 0.561, 2.0079 -0.164 0.5848, 2.0079 -0.1673 0.6102, 2.0079 0.2302 1.436, 2.0079 0.2215 1.437, 2.0079 0.1639 1.437, 2.0079 0.1563 1.4363, 2.0079 0.1489 1.434, 2.0079 0.1421 1.4304, 2.0079 0.1361 1.4255, 2.0079 0.2522 1.4222, 2.0079 0.246 1.4284, 2.0079 0.2569 1.4147, 2.0079 0.2598 1.4064, 2.0079 0.2385 1.4331, 2.0079 0.0411 1.3304, 2.0079 0.0362 1.3245, 2.0079 0.0303 1.3103, 2.0079 0.0325 1.3177, 2.0079 -0.2739 1.4255, 2.0079 -0.2799 1.4304, 2.0079 -0.3017 1.437, 2.0079 -0.2867 1.434, 2.0079 -0.2941 1.4363, 2.0079 -0.368 1.436, 2.0079 -0.3986 1.3976, 2.0079 -0.3593 1.437, 2.0079 -0.1673 1.3026, 2.0079 -0.1789 1.3304, 2.0079 -0.174 1.3245, 2.0079 -0.1681 1.3103, 2.0079 -0.1703 1.3177, 2.0079 -0.3763 1.4331, 2.0079 -0.3838 1.4284, 2.0079 -0.3976 1.4064, 2.0079 -0.39 1.4222, 2.0079 -0.3947 1.4147, 2.5 0.4183 0.1784, 2.4213 0.4183 0.1784, 2.5 0.3982 0.1784, 2.4213 0.3982 0.1784, 2.5 0.5011 0.0957, 2.4213 0.5011 0.0957, 2.4213 0.6447 0.0957, 2.5 0.6447 0.0957, 2.4213 0.6939 0.0453, 2.4213 0.6939 0.0465, 2.5 0.6939 0.0453, 2.5 0.6939 0.0465, 2.5 0.6447 -0.0039, 2.5 0.3391 -0.0039, 2.4213 0.6447 -0.0039, 2.4213 0.3391 -0.0039, 2.5 0.3341 -0.0033, 2.4213 0.3341 -0.0033, 2.5 0.3293 -0.0013, 2.4213 0.3293 -0.0013, 2.5 0.3252 0.0018, 2.4213 0.3252 0.0018, 2.5 0.2483 0.0787, 2.4213 0.2483 0.0787, 2.4213 0.6574 -0.0023, 2.4213 0.0 0.0787, 2.4213 0.0 0.1969, 2.4213 0.3798 0.1969, 2.4213 0.6922 0.0325, 2.4213 0.6873 0.0207, 2.4213 0.6795 0.0105, 2.4213 0.6574 0.094, 2.4213 0.6693 0.0027, 2.4213 0.6693 0.0891, 2.4213 0.6795 0.0813, 2.4213 0.6873 0.0711, 2.4213 0.6922 0.0592, 2.5 0.6922 0.0325, 2.5 0.0 0.1969, 2.5 0.0 0.0787, 2.5 0.3798 0.1969, 2.5 0.6574 -0.0023, 2.5 0.6693 0.0027, 2.5 0.6795 0.0105, 2.5 0.6922 0.0592, 2.5 0.6873 0.0207, 2.5 0.6873 0.0711, 2.5 0.6795 0.0813, 2.5 0.6693 0.0891, 2.5 0.6574 0.094, 2.4213 0.2608 1.3976, 2.5 0.2608 1.3976, 2.4213 0.2608 0.4134, 2.5 0.2608 0.4134, 2.4213 -0.1673 0.6102, 2.4213 -0.164 0.5848, 2.4213 -0.3986 0.4134, 2.4213 -0.0197 0.525, 2.4213 0.0007 0.5406, 2.4213 -0.1541 0.561, 2.4213 -0.1385 0.5406, 2.4213 -0.1181 0.525, 2.4213 0.0163 0.561, 2.4213 0.0262 0.5848, 2.4213 0.0295 0.6102, 2.4213 -0.0944 0.5152, 2.4213 -0.0689 0.5118, 2.4213 -0.0434 0.5152, 2.4213 0.0295 1.3026, 2.4213 0.0411 1.3304, 2.4213 0.0303 1.3103, 2.4213 0.0325 1.3177, 2.4213 0.0362 1.3245, 2.4213 0.1421 1.4304, 2.4213 0.1489 1.434, 2.4213 0.1361 1.4255, 2.4213 0.1563 1.4363, 2.4213 0.1639 1.437, 2.4213 0.2215 1.437, 2.4213 -0.3976 1.4064, 2.4213 -0.3947 1.4147, 2.4213 -0.39 1.4222, 2.4213 -0.3763 1.4331, 2.4213 -0.368 1.436, 2.4213 -0.3986 1.3976, 2.4213 -0.3593 1.437, 2.4213 -0.3017 1.437, 2.4213 -0.2941 1.4363, 2.4213 -0.2867 1.434, 2.4213 -0.2799 1.4304, 2.4213 -0.2739 1.4255, 2.4213 -0.1789 1.3304, 2.4213 -0.1673 1.3026, 2.4213 -0.1681 1.3103, 2.4213 -0.174 1.3245, 2.4213 -0.1703 1.3177, 2.4213 -0.3838 1.4284, 2.4213 0.2302 1.436, 2.4213 0.2598 1.4064, 2.4213 0.2522 1.4222, 2.4213 0.2569 1.4147, 2.4213 0.246 1.4284, 2.4213 0.2385 1.4331, 2.5 -0.3986 1.3976, 2.5 -0.3986 0.4134, 2.5 -0.3017 1.437, 2.5 0.0262 0.5848, 2.5 0.0163 0.561, 2.5 0.0007 0.5406, 2.5 -0.0197 0.525, 2.5 -0.1541 0.561, 2.5 -0.1385 0.5406, 2.5 -0.1181 0.525, 2.5 -0.0434 0.5152, 2.5 -0.0689 0.5118, 2.5 -0.0944 0.5152, 2.5 0.2302 1.436, 2.5 0.2215 1.437, 2.5 0.0411 1.3304, 2.5 0.0362 1.3245, 2.5 0.0325 1.3177, 2.5 -0.1789 1.3304, 2.5 -0.2739 1.4255, 2.5 0.1563 1.4363, 2.5 0.1489 1.434, 2.5 0.0303 1.3103, 2.5 0.0295 1.3026, 2.5 0.0295 0.6102, 2.5 0.1639 1.437, 2.5 0.1421 1.4304, 2.5 0.1361 1.4255, 2.5 -0.2799 1.4304, 2.5 -0.2867 1.434, 2.5 -0.2941 1.4363, 2.5 -0.164 0.5848, 2.5 -0.1673 0.6102, 2.5 -0.1673 1.3026, 2.5 -0.1681 1.3103, 2.5 -0.174 1.3245, 2.5 -0.1703 1.3177, 2.5 -0.3593 1.437, 2.5 -0.368 1.436, 2.5 -0.3763 1.4331, 2.5 -0.3838 1.4284, 2.5 -0.39 1.4222, 2.5 -0.3976 1.4064, 2.5 -0.3947 1.4147, 2.5 0.2522 1.4222, 2.5 0.246 1.4284, 2.5 0.2569 1.4147, 2.5 0.2598 1.4064, 2.5 0.2385 1.4331, 2.9921 0.4183 0.1784, 2.9134 0.4183 0.1784, 2.9921 0.3982 0.1784, 2.9134 0.3982 0.1784, 2.9921 0.5011 0.0957, 2.9134 0.5011 0.0957, 2.9134 0.6447 0.0957, 2.9921 0.6447 0.0957, 2.9134 0.6939 0.0453, 2.9134 0.6939 0.0465, 2.9921 0.6939 0.0453, 2.9921 0.6939 0.0465, 2.9921 0.6447 -0.0039, 2.9921 0.3391 -0.0039, 2.9134 0.6447 -0.0039, 2.9134 0.3391 -0.0039, 2.9921 0.3341 -0.0033, 2.9134 0.3341 -0.0033, 2.9921 0.3293 -0.0013, 2.9134 0.3293 -0.0013, 2.9921 0.3252 0.0018, 2.9134 0.3252 0.0018, 2.9921 0.2483 0.0787, 2.9134 0.2483 0.0787, 2.9134 0.0 0.0787, 2.9134 0.0 0.1969, 2.9134 0.3798 0.1969, 2.9134 0.6922 0.0325, 2.9134 0.6873 0.0207, 2.9134 0.6795 0.0105, 2.9134 0.6574 0.094, 2.9134 0.6693 0.0891, 2.9134 0.6574 -0.0023, 2.9134 0.6693 0.0027, 2.9134 0.6795 0.0813, 2.9134 0.6873 0.0711, 2.9134 0.6922 0.0592, 2.9921 0.0 0.1969, 2.9921 0.0 0.0787, 2.9921 0.3798 0.1969, 2.9921 0.6574 0.094, 2.9921 0.6574 -0.0023, 2.9921 0.6873 0.0711, 2.9921 0.6795 0.0813, 2.9921 0.6693 0.0891, 2.9921 0.6873 0.0207, 2.9921 0.6922 0.0325, 2.9921 0.6795 0.0105, 2.9921 0.6693 0.0027, 2.9921 0.6922 0.0592, 2.9134 0.2608 1.3976, 2.9921 0.2608 1.3976, 2.9134 0.2608 0.4134, 2.9921 0.2608 0.4134, 2.9134 -0.0197 0.525, 2.9134 0.0007 0.5406, 2.9134 -0.1181 0.525, 2.9134 -0.3986 0.4134, 2.9134 -0.1385 0.5406, 2.9134 -0.1541 0.561, 2.9134 0.0163 0.561, 2.9134 0.0262 0.5848, 2.9134 0.0295 0.6102, 2.9134 -0.1673 1.3026, 2.9134 -0.1673 0.6102, 2.9134 -0.164 0.5848, 2.9134 -0.0944 0.5152, 2.9134 -0.0689 0.5118, 2.9134 -0.0434 0.5152, 2.9134 0.0295 1.3026, 2.9134 0.0411 1.3304, 2.9134 -0.368 1.436, 2.9134 -0.3593 1.437, 2.9134 -0.3986 1.3976, 2.9134 0.0303 1.3103, 2.9134 0.0325 1.3177, 2.9134 0.0362 1.3245, 2.9134 0.1421 1.4304, 2.9134 0.1489 1.434, 2.9134 -0.3017 1.437, 2.9134 0.1361 1.4255, 2.9134 0.1563 1.4363, 2.9134 0.1639 1.437, 2.9134 0.2215 1.437, 2.9134 -0.2941 1.4363, 2.9134 -0.2867 1.434, 2.9134 0.2302 1.436, 2.9134 0.2598 1.4064, 2.9134 -0.3947 1.4147, 2.9134 -0.39 1.4222, 2.9134 -0.3976 1.4064, 2.9134 -0.3838 1.4284, 2.9134 -0.3763 1.4331, 2.9134 -0.2799 1.4304, 2.9134 -0.2739 1.4255, 2.9134 -0.1789 1.3304, 2.9134 -0.1681 1.3103, 2.9134 -0.174 1.3245, 2.9134 -0.1703 1.3177, 2.9134 0.2522 1.4222, 2.9134 0.2569 1.4147, 2.9134 0.246 1.4284, 2.9134 0.2385 1.4331, 2.9921 0.0262 0.5848, 2.9921 0.0163 0.561, 2.9921 0.0007 0.5406, 2.9921 -0.0197 0.525, 2.9921 -0.0434 0.5152, 2.9921 -0.0689 0.5118, 2.9921 -0.3986 0.4134, 2.9921 -0.0944 0.5152, 2.9921 -0.1181 0.525, 2.9921 -0.1385 0.5406, 2.9921 -0.1541 0.561, 2.9921 -0.164 0.5848, 2.9921 0.2302 1.436, 2.9921 0.2215 1.437, 2.9921 0.1563 1.4363, 2.9921 0.1489 1.434, 2.9921 0.1639 1.437, 2.9921 0.1421 1.4304, 2.9921 0.1361 1.4255, 2.9921 0.0411 1.3304, 2.9921 -0.1673 0.6102, 2.9921 -0.1789 1.3304, 2.9921 -0.2739 1.4255, 2.9921 0.0295 1.3026, 2.9921 0.0295 0.6102, 2.9921 0.2522 1.4222, 2.9921 0.246 1.4284, 2.9921 0.2569 1.4147, 2.9921 0.2598 1.4064, 2.9921 0.2385 1.4331, 2.9921 0.0362 1.3245, 2.9921 0.0325 1.3177, 2.9921 0.0303 1.3103, 2.9921 -0.1673 1.3026, 2.9921 -0.1681 1.3103, 2.9921 -0.174 1.3245, 2.9921 -0.1703 1.3177, 2.9921 -0.2799 1.4304, 2.9921 -0.2867 1.434, 2.9921 -0.2941 1.4363, 2.9921 -0.3017 1.437, 2.9921 -0.3593 1.437, 2.9921 -0.3986 1.3976, 2.9921 -0.368 1.436, 2.9921 -0.3763 1.4331, 2.9921 -0.3838 1.4284, 2.9921 -0.3976 1.4064, 2.9921 -0.39 1.4222, 2.9921 -0.3947 1.4147, 2.9921 -0.3947 1.4147
            ]
        }
        coordIndex [
            0,1,2,-1,2,1,3,-1,4,5,0,-1,0,5,1,-1,6,5,7,-1,7,5,4,-1,8,9,10,-1,10,9,11,-1,12,13,14,-1,14,13,15,-1,15,13,16,-1,15,16,17,-1,17,16,18,-1,17,18,19,-1,19,18,20,-1,19,20,21,-1,22,23,20,-1,20,23,21,-1,14,15,5,-1,5,15,1,-1,24,25,23,-1,23,25,26,-1,23,26,21,-1,21,26,3,-1,21,3,19,-1,19,3,1,-1,19,1,17,-1,17,1,15,-1,27,28,29,-1,30,31,9,-1,32,14,8,-1,8,14,5,-1,8,5,9,-1,9,5,6,-1,9,6,30,-1,27,29,8,-1,8,29,33,-1,8,33,32,-1,34,35,31,-1,31,35,36,-1,31,36,9,-1,37,38,39,-1,39,38,22,-1,39,22,2,-1,2,22,20,-1,2,20,0,-1,40,7,11,-1,11,7,4,-1,11,4,10,-1,20,18,0,-1,0,18,16,-1,0,16,4,-1,4,16,13,-1,4,13,10,-1,10,13,12,-1,10,12,41,-1,42,43,44,-1,45,46,47,-1,47,46,10,-1,47,10,48,-1,48,10,41,-1,40,11,44,-1,44,11,49,-1,44,49,42,-1,2,3,39,-1,39,3,26,-1,38,24,22,-1,22,24,23,-1,50,51,52,-1,52,51,53,-1,54,55,52,-1,56,57,58,-1,58,57,59,-1,55,60,52,-1,52,60,61,-1,52,61,62,-1,63,64,57,-1,57,64,65,-1,57,65,59,-1,56,66,57,-1,57,66,67,-1,57,67,52,-1,52,67,68,-1,52,68,54,-1,62,69,70,-1,71,72,73,-1,69,74,70,-1,70,74,75,-1,70,75,76,-1,77,78,52,-1,73,72,57,-1,57,72,79,-1,57,79,63,-1,62,70,52,-1,52,70,80,-1,52,80,77,-1,78,81,52,-1,52,81,82,-1,52,82,83,-1,79,84,85,-1,86,87,83,-1,83,87,50,-1,83,50,52,-1,88,89,90,-1,90,89,91,-1,90,91,73,-1,73,91,92,-1,73,92,71,-1,85,93,79,-1,79,93,94,-1,79,94,63,-1,63,94,95,-1,63,95,96,-1,96,95,97,-1,96,97,98,-1,99,100,101,-1,101,100,87,-1,101,87,102,-1,102,87,86,-1,103,104,53,-1,103,53,105,-1,104,106,53,-1,53,106,107,-1,53,107,108,-1,109,110,111,-1,111,110,112,-1,111,112,113,-1,114,115,51,-1,116,117,105,-1,108,118,53,-1,53,118,119,-1,53,119,111,-1,111,119,120,-1,111,120,109,-1,51,115,53,-1,53,115,121,-1,53,121,105,-1,121,122,123,-1,116,105,124,-1,113,125,111,-1,111,125,126,-1,111,126,127,-1,128,129,130,-1,130,129,131,-1,131,129,51,-1,51,129,132,-1,51,132,114,-1,123,133,121,-1,121,133,134,-1,121,134,105,-1,105,134,135,-1,105,135,124,-1,125,136,126,-1,126,136,137,-1,126,137,138,-1,138,137,139,-1,127,140,111,-1,111,140,141,-1,111,141,142,-1,142,143,111,-1,111,143,144,-1,111,144,145,-1,145,144,146,-1,146,147,145,-1,145,147,148,-1,145,148,149,-1,149,148,150,-1,149,150,151,-1,145,73,111,-1,111,73,57,-1,73,145,149,-1,73,149,90,-1,90,149,151,-1,90,151,88,-1,88,151,150,-1,88,150,89,-1,89,150,148,-1,89,148,91,-1,91,148,147,-1,91,147,92,-1,92,147,146,-1,92,146,71,-1,71,146,144,-1,71,144,72,-1,143,79,144,-1,144,79,72,-1,79,143,142,-1,79,142,84,-1,84,142,141,-1,84,141,85,-1,85,141,140,-1,85,140,93,-1,93,140,127,-1,93,127,94,-1,126,95,127,-1,127,95,94,-1,95,126,138,-1,95,138,97,-1,97,138,139,-1,97,139,98,-1,98,139,137,-1,98,137,96,-1,96,137,136,-1,96,136,63,-1,125,64,136,-1,136,64,63,-1,64,125,65,-1,65,125,113,-1,65,113,59,-1,59,113,112,-1,59,112,58,-1,58,112,110,-1,58,110,56,-1,56,110,109,-1,56,109,66,-1,66,109,120,-1,66,120,67,-1,67,120,119,-1,67,119,68,-1,68,119,118,-1,68,118,54,-1,54,118,108,-1,54,108,55,-1,55,108,107,-1,55,107,60,-1,60,107,106,-1,60,106,61,-1,61,106,104,-1,61,104,62,-1,62,104,103,-1,105,69,103,-1,103,69,62,-1,69,105,117,-1,69,117,74,-1,74,117,116,-1,74,116,75,-1,75,116,124,-1,75,124,76,-1,76,124,135,-1,76,135,70,-1,134,80,135,-1,135,80,70,-1,80,134,133,-1,80,133,77,-1,77,133,123,-1,77,123,78,-1,78,123,122,-1,78,122,81,-1,81,122,121,-1,81,121,82,-1,115,83,121,-1,121,83,82,-1,83,115,114,-1,83,114,86,-1,86,114,132,-1,86,132,102,-1,102,132,129,-1,102,129,101,-1,101,129,128,-1,101,128,99,-1,99,128,130,-1,99,130,100,-1,100,130,131,-1,100,131,87,-1,87,131,51,-1,87,51,50,-1,152,153,154,-1,154,153,155,-1,156,157,152,-1,152,157,153,-1,158,157,159,-1,159,157,156,-1,160,161,162,-1,162,161,163,-1,164,165,166,-1,166,165,167,-1,167,165,168,-1,167,168,169,-1,169,168,170,-1,169,170,171,-1,171,170,172,-1,171,172,173,-1,174,175,172,-1,172,175,173,-1,153,157,167,-1,167,157,166,-1,166,157,158,-1,166,158,176,-1,177,178,175,-1,175,178,179,-1,175,179,173,-1,173,179,155,-1,173,155,171,-1,171,155,153,-1,171,153,169,-1,169,153,167,-1,161,158,180,-1,180,158,181,-1,161,160,158,-1,158,160,182,-1,158,182,183,-1,181,184,180,-1,180,184,185,-1,180,185,186,-1,183,187,158,-1,158,187,188,-1,158,188,176,-1,189,190,191,-1,191,190,174,-1,191,174,154,-1,154,174,172,-1,154,172,152,-1,192,162,159,-1,172,170,152,-1,152,170,168,-1,152,168,156,-1,156,168,165,-1,156,165,159,-1,162,163,159,-1,159,163,193,-1,159,193,194,-1,165,164,159,-1,159,164,195,-1,159,195,196,-1,196,197,159,-1,159,197,198,-1,159,198,192,-1,199,200,193,-1,193,200,201,-1,193,201,194,-1,154,155,191,-1,191,155,179,-1,190,177,174,-1,174,177,175,-1,202,203,204,-1,204,203,205,-1,206,207,208,-1,207,209,208,-1,208,209,210,-1,208,210,211,-1,212,213,204,-1,204,213,214,-1,211,215,208,-1,208,215,216,-1,208,216,204,-1,204,216,217,-1,204,217,212,-1,218,219,220,-1,221,222,208,-1,220,219,208,-1,208,219,223,-1,208,223,221,-1,222,224,208,-1,208,224,225,-1,208,225,226,-1,206,208,227,-1,227,208,226,-1,227,226,228,-1,228,226,229,-1,228,229,230,-1,214,231,204,-1,204,231,232,-1,204,232,202,-1,202,232,233,-1,202,233,234,-1,235,236,202,-1,202,236,237,-1,202,237,238,-1,238,239,202,-1,202,239,240,-1,202,240,241,-1,242,243,244,-1,244,243,245,-1,245,243,220,-1,220,243,246,-1,220,246,218,-1,234,247,202,-1,202,247,248,-1,202,248,235,-1,241,249,202,-1,202,249,250,-1,202,250,251,-1,252,253,251,-1,251,253,254,-1,251,254,202,-1,255,256,205,-1,205,256,257,-1,205,257,258,-1,259,260,261,-1,261,262,259,-1,259,262,263,-1,259,263,264,-1,258,265,205,-1,205,265,266,-1,205,266,259,-1,259,266,267,-1,259,267,260,-1,268,269,203,-1,270,271,272,-1,273,274,275,-1,203,269,205,-1,205,269,276,-1,205,276,277,-1,277,278,205,-1,205,278,279,-1,205,279,280,-1,280,281,205,-1,205,281,282,-1,205,282,255,-1,283,284,285,-1,273,275,286,-1,271,287,272,-1,272,287,288,-1,272,288,289,-1,286,275,203,-1,203,275,290,-1,203,290,268,-1,280,291,281,-1,281,291,292,-1,281,292,293,-1,293,292,294,-1,295,296,297,-1,297,296,270,-1,297,270,298,-1,298,270,272,-1,298,272,264,-1,264,272,259,-1,259,272,299,-1,259,299,285,-1,285,299,300,-1,285,300,283,-1,301,302,284,-1,284,302,303,-1,284,303,285,-1,285,220,259,-1,259,220,208,-1,220,285,303,-1,220,303,245,-1,245,303,302,-1,245,302,244,-1,244,302,301,-1,244,301,242,-1,242,301,284,-1,242,284,243,-1,243,284,283,-1,243,283,246,-1,246,283,300,-1,246,300,218,-1,218,300,299,-1,218,299,219,-1,272,223,299,-1,299,223,219,-1,223,272,289,-1,223,289,221,-1,221,289,288,-1,221,288,222,-1,222,288,287,-1,222,287,224,-1,224,287,271,-1,224,271,225,-1,270,226,271,-1,271,226,225,-1,226,270,296,-1,226,296,229,-1,229,296,295,-1,229,295,230,-1,230,295,297,-1,230,297,228,-1,228,297,298,-1,228,298,227,-1,264,206,298,-1,298,206,227,-1,206,264,207,-1,207,264,263,-1,207,263,209,-1,209,263,262,-1,209,262,210,-1,210,262,261,-1,210,261,211,-1,211,261,260,-1,211,260,215,-1,215,260,267,-1,215,267,216,-1,216,267,266,-1,216,266,217,-1,217,266,265,-1,217,265,212,-1,212,265,258,-1,212,258,213,-1,213,258,257,-1,213,257,214,-1,214,257,256,-1,214,256,231,-1,231,256,255,-1,231,255,232,-1,232,255,282,-1,281,233,282,-1,282,233,232,-1,233,281,293,-1,233,293,234,-1,234,293,294,-1,234,294,247,-1,247,294,292,-1,247,292,248,-1,248,292,291,-1,248,291,235,-1,280,236,291,-1,291,236,235,-1,236,280,279,-1,236,279,237,-1,237,279,278,-1,237,278,238,-1,238,278,277,-1,238,277,239,-1,239,277,276,-1,239,276,240,-1,269,241,276,-1,276,241,240,-1,241,269,268,-1,241,268,249,-1,249,268,290,-1,249,290,250,-1,250,290,275,-1,250,275,251,-1,251,275,274,-1,251,274,252,-1,252,274,273,-1,252,273,253,-1,253,273,286,-1,253,286,254,-1,254,286,203,-1,254,203,202,-1,304,305,306,-1,306,305,307,-1,308,309,304,-1,304,309,305,-1,310,309,311,-1,311,309,308,-1,312,313,314,-1,314,313,315,-1,316,317,318,-1,318,317,319,-1,319,317,320,-1,319,320,321,-1,321,320,322,-1,321,322,323,-1,323,322,324,-1,323,324,325,-1,326,327,324,-1,324,327,325,-1,305,309,319,-1,328,318,312,-1,329,330,327,-1,327,330,331,-1,327,331,325,-1,325,331,307,-1,325,307,323,-1,323,307,305,-1,323,305,321,-1,321,305,319,-1,332,333,334,-1,335,313,310,-1,310,313,312,-1,310,312,309,-1,309,312,318,-1,309,318,319,-1,332,334,312,-1,312,334,336,-1,312,336,328,-1,335,337,338,-1,338,339,335,-1,335,339,340,-1,335,340,313,-1,341,314,316,-1,342,343,344,-1,344,343,326,-1,344,326,306,-1,306,326,324,-1,306,324,304,-1,345,346,347,-1,317,308,320,-1,320,308,304,-1,320,304,322,-1,322,304,324,-1,348,311,315,-1,315,311,308,-1,315,308,314,-1,314,308,317,-1,314,317,316,-1,345,347,316,-1,316,347,349,-1,316,349,341,-1,348,350,351,-1,351,352,348,-1,348,352,353,-1,348,353,311,-1,306,307,344,-1,344,307,331,-1,343,329,326,-1,326,329,327,-1,354,355,356,-1,356,355,357,-1,358,359,360,-1,359,361,360,-1,360,361,362,-1,360,362,363,-1,364,365,356,-1,356,365,366,-1,363,367,360,-1,360,367,368,-1,360,368,356,-1,356,368,369,-1,356,369,364,-1,356,370,371,-1,366,372,356,-1,356,372,373,-1,356,373,370,-1,370,373,374,-1,375,376,377,-1,374,378,370,-1,370,378,379,-1,370,379,380,-1,371,381,356,-1,356,381,382,-1,356,382,383,-1,384,385,360,-1,386,387,354,-1,377,376,360,-1,360,376,388,-1,360,388,384,-1,385,389,360,-1,360,389,390,-1,360,390,391,-1,358,360,392,-1,392,360,391,-1,392,391,393,-1,393,391,394,-1,393,394,395,-1,396,397,398,-1,398,397,399,-1,399,397,377,-1,377,397,400,-1,377,400,375,-1,383,401,356,-1,356,401,402,-1,356,402,354,-1,354,402,403,-1,354,403,386,-1,404,405,387,-1,387,405,406,-1,387,406,354,-1,407,408,357,-1,357,408,409,-1,357,409,410,-1,410,411,357,-1,357,411,412,-1,357,412,413,-1,412,414,413,-1,413,414,415,-1,413,415,416,-1,416,417,413,-1,413,417,418,-1,413,418,419,-1,420,421,355,-1,422,423,357,-1,355,421,357,-1,357,421,424,-1,357,424,422,-1,423,425,357,-1,357,425,426,-1,357,426,427,-1,427,428,357,-1,357,428,429,-1,357,429,407,-1,430,431,432,-1,433,434,435,-1,436,437,427,-1,427,437,438,-1,427,438,428,-1,439,440,441,-1,433,435,442,-1,431,443,432,-1,432,443,444,-1,432,444,445,-1,442,435,355,-1,355,435,446,-1,355,446,420,-1,447,448,449,-1,449,448,430,-1,449,430,450,-1,450,430,432,-1,450,432,419,-1,419,432,413,-1,413,432,451,-1,413,451,441,-1,441,451,452,-1,441,452,439,-1,453,454,440,-1,440,454,455,-1,440,455,441,-1,441,377,413,-1,413,377,360,-1,377,441,455,-1,377,455,399,-1,399,455,454,-1,399,454,398,-1,398,454,453,-1,398,453,396,-1,396,453,440,-1,396,440,397,-1,397,440,439,-1,397,439,400,-1,400,439,452,-1,400,452,375,-1,375,452,451,-1,375,451,376,-1,432,388,451,-1,451,388,376,-1,388,432,445,-1,388,445,384,-1,384,445,444,-1,384,444,385,-1,385,444,443,-1,385,443,389,-1,389,443,431,-1,389,431,390,-1,430,391,431,-1,431,391,390,-1,391,430,448,-1,391,448,394,-1,394,448,447,-1,394,447,395,-1,395,447,449,-1,395,449,393,-1,393,449,450,-1,393,450,392,-1,419,358,450,-1,450,358,392,-1,358,419,359,-1,359,419,418,-1,359,418,361,-1,361,418,417,-1,361,417,362,-1,362,417,416,-1,362,416,363,-1,363,416,415,-1,363,415,367,-1,367,415,414,-1,367,414,368,-1,368,414,412,-1,368,412,369,-1,369,412,411,-1,369,411,364,-1,364,411,410,-1,364,410,365,-1,365,410,409,-1,365,409,366,-1,366,409,408,-1,366,408,372,-1,372,408,407,-1,372,407,373,-1,373,407,429,-1,428,374,429,-1,429,374,373,-1,374,428,438,-1,374,438,378,-1,378,438,437,-1,378,437,379,-1,379,437,436,-1,379,436,380,-1,380,436,427,-1,380,427,370,-1,426,371,427,-1,427,371,370,-1,371,426,425,-1,371,425,381,-1,381,425,423,-1,381,423,382,-1,382,423,422,-1,382,422,383,-1,383,422,424,-1,383,424,401,-1,421,402,424,-1,424,402,401,-1,402,421,420,-1,402,420,403,-1,403,420,446,-1,403,446,386,-1,386,446,435,-1,386,435,387,-1,387,435,434,-1,387,434,404,-1,404,434,433,-1,404,433,405,-1,405,433,442,-1,405,442,406,-1,406,442,355,-1,406,355,354,-1,456,457,458,-1,458,457,459,-1,460,461,456,-1,456,461,457,-1,462,461,463,-1,463,461,460,-1,464,465,466,-1,466,465,467,-1,468,469,470,-1,470,469,471,-1,471,469,472,-1,471,472,473,-1,473,472,474,-1,473,474,475,-1,475,474,476,-1,475,476,477,-1,478,479,476,-1,476,479,477,-1,470,471,461,-1,461,471,457,-1,480,481,479,-1,479,481,482,-1,479,482,477,-1,477,482,459,-1,477,459,475,-1,475,459,457,-1,475,457,473,-1,473,457,471,-1,483,484,485,-1,486,487,465,-1,488,470,464,-1,464,470,461,-1,464,461,465,-1,465,461,462,-1,465,462,486,-1,483,485,464,-1,464,485,489,-1,464,489,488,-1,490,491,487,-1,487,491,492,-1,487,492,465,-1,493,494,495,-1,495,494,478,-1,495,478,458,-1,458,478,476,-1,458,476,456,-1,496,463,467,-1,467,463,460,-1,467,460,466,-1,476,474,456,-1,456,474,472,-1,456,472,460,-1,460,472,469,-1,460,469,466,-1,466,469,468,-1,466,468,497,-1,498,499,500,-1,501,502,503,-1,503,502,466,-1,503,466,504,-1,504,466,497,-1,496,467,500,-1,500,467,505,-1,500,505,498,-1,458,459,495,-1,495,459,482,-1,494,480,478,-1,478,480,479,-1,506,507,508,-1,508,507,509,-1,510,511,512,-1,511,513,512,-1,512,513,514,-1,512,514,515,-1,515,516,512,-1,512,516,517,-1,512,517,508,-1,508,517,518,-1,518,519,508,-1,508,519,520,-1,508,520,521,-1,521,522,508,-1,508,522,523,-1,508,523,506,-1,506,523,524,-1,525,526,527,-1,528,529,512,-1,530,531,532,-1,532,531,524,-1,533,534,535,-1,527,526,512,-1,512,526,536,-1,512,536,528,-1,529,537,512,-1,512,537,538,-1,512,538,539,-1,510,512,540,-1,540,512,539,-1,540,539,541,-1,541,539,542,-1,541,542,543,-1,534,544,535,-1,535,544,545,-1,535,545,546,-1,547,548,549,-1,549,548,550,-1,549,550,551,-1,552,553,554,-1,554,553,555,-1,554,555,527,-1,527,555,556,-1,527,556,525,-1,531,533,524,-1,524,533,535,-1,524,535,506,-1,506,535,557,-1,506,557,550,-1,550,557,558,-1,550,558,551,-1,559,560,509,-1,559,509,561,-1,560,562,509,-1,509,562,563,-1,509,563,564,-1,564,565,509,-1,509,565,566,-1,509,566,567,-1,566,568,567,-1,567,568,569,-1,567,569,570,-1,570,571,567,-1,567,571,572,-1,567,572,573,-1,574,575,507,-1,507,575,509,-1,509,575,576,-1,509,576,561,-1,576,577,578,-1,578,579,576,-1,576,579,580,-1,576,580,561,-1,581,582,583,-1,583,582,584,-1,584,582,507,-1,507,582,585,-1,507,585,574,-1,580,586,561,-1,561,586,587,-1,561,587,588,-1,588,587,589,-1,590,591,592,-1,592,591,593,-1,592,593,594,-1,595,596,597,-1,597,596,567,-1,597,567,592,-1,592,567,573,-1,592,573,598,-1,590,592,599,-1,599,592,598,-1,599,598,600,-1,600,598,601,-1,600,601,602,-1,595,603,596,-1,596,603,604,-1,596,604,605,-1,605,604,606,-1,605,606,607,-1,596,527,567,-1,567,527,512,-1,527,596,605,-1,527,605,554,-1,554,605,607,-1,554,607,552,-1,552,607,606,-1,552,606,553,-1,553,606,604,-1,553,604,555,-1,555,604,603,-1,555,603,556,-1,556,603,595,-1,556,595,525,-1,525,595,597,-1,525,597,526,-1,592,536,597,-1,597,536,526,-1,536,592,594,-1,536,594,528,-1,528,594,593,-1,528,593,529,-1,529,593,591,-1,529,591,537,-1,537,591,590,-1,537,590,538,-1,599,539,590,-1,590,539,538,-1,539,599,600,-1,539,600,542,-1,542,600,602,-1,542,602,543,-1,543,602,601,-1,543,601,541,-1,541,601,598,-1,541,598,540,-1,573,510,598,-1,598,510,540,-1,510,573,511,-1,511,573,572,-1,511,572,513,-1,513,572,571,-1,513,571,514,-1,514,571,570,-1,514,570,515,-1,515,570,569,-1,515,569,516,-1,516,569,568,-1,516,568,517,-1,517,568,566,-1,517,566,518,-1,518,566,565,-1,518,565,519,-1,519,565,564,-1,519,564,520,-1,520,564,563,-1,520,563,521,-1,521,563,562,-1,521,562,522,-1,522,562,560,-1,522,560,523,-1,523,560,559,-1,561,524,559,-1,559,524,523,-1,524,561,588,-1,524,588,532,-1,532,588,589,-1,532,589,530,-1,530,589,587,-1,530,587,531,-1,531,587,586,-1,531,586,533,-1,580,534,586,-1,586,534,533,-1,534,580,579,-1,534,579,544,-1,544,579,578,-1,544,578,545,-1,545,578,577,-1,545,577,546,-1,546,577,576,-1,546,576,535,-1,575,557,576,-1,576,557,535,-1,557,575,574,-1,557,574,558,-1,558,574,585,-1,558,585,551,-1,551,585,582,-1,551,582,549,-1,549,582,581,-1,549,581,547,-1,547,581,583,-1,547,583,548,-1,548,583,584,-1,548,584,550,-1,550,584,507,-1,550,507,506,-1,608,609,610,-1,610,609,611,-1,612,613,608,-1,608,613,609,-1,614,613,615,-1,615,613,612,-1,616,617,618,-1,618,617,619,-1,620,621,622,-1,622,621,623,-1,623,621,624,-1,623,624,625,-1,625,624,626,-1,625,626,627,-1,627,626,628,-1,627,628,629,-1,630,631,628,-1,628,631,629,-1,609,613,623,-1,632,622,616,-1,633,634,631,-1,631,634,635,-1,631,635,629,-1,629,635,611,-1,629,611,627,-1,627,611,609,-1,627,609,625,-1,625,609,623,-1,636,637,638,-1,639,617,614,-1,614,617,616,-1,614,616,613,-1,613,616,622,-1,613,622,623,-1,636,638,616,-1,616,638,640,-1,616,640,632,-1,639,641,642,-1,642,643,639,-1,639,643,644,-1,639,644,617,-1,645,618,620,-1,646,647,648,-1,648,647,630,-1,648,630,610,-1,610,630,628,-1,610,628,608,-1,649,650,651,-1,621,612,624,-1,624,612,608,-1,624,608,626,-1,626,608,628,-1,652,615,619,-1,619,615,612,-1,619,612,618,-1,618,612,621,-1,618,621,620,-1,649,651,620,-1,620,651,653,-1,620,653,645,-1,652,654,655,-1,655,656,652,-1,652,656,657,-1,652,657,615,-1,610,611,648,-1,648,611,635,-1,647,633,630,-1,630,633,631,-1,658,659,660,-1,660,659,661,-1,662,663,664,-1,665,666,660,-1,663,667,664,-1,664,667,668,-1,664,668,669,-1,666,670,660,-1,660,670,671,-1,660,671,672,-1,669,673,664,-1,664,673,674,-1,664,674,660,-1,660,674,675,-1,660,675,665,-1,672,676,677,-1,676,678,677,-1,677,678,679,-1,677,679,680,-1,681,682,660,-1,672,677,660,-1,660,677,683,-1,660,683,681,-1,682,684,660,-1,660,684,685,-1,660,685,686,-1,687,688,689,-1,690,691,692,-1,691,693,692,-1,692,693,694,-1,692,694,664,-1,664,694,695,-1,664,695,696,-1,696,697,664,-1,664,697,698,-1,664,698,699,-1,662,664,700,-1,700,664,699,-1,700,699,701,-1,701,699,702,-1,701,702,703,-1,687,689,692,-1,692,689,704,-1,692,704,690,-1,705,706,686,-1,686,706,658,-1,686,658,660,-1,707,708,709,-1,709,708,706,-1,709,706,710,-1,710,706,705,-1,711,712,713,-1,714,715,661,-1,661,715,716,-1,661,716,717,-1,718,712,719,-1,719,712,720,-1,717,721,661,-1,661,721,722,-1,661,722,712,-1,712,722,723,-1,712,723,720,-1,724,725,659,-1,726,727,728,-1,729,730,713,-1,731,732,661,-1,728,733,726,-1,726,733,734,-1,726,734,661,-1,661,734,735,-1,661,735,714,-1,659,725,661,-1,661,725,736,-1,661,736,731,-1,732,737,661,-1,661,737,738,-1,661,738,726,-1,730,739,713,-1,713,739,740,-1,713,740,741,-1,718,742,712,-1,712,742,743,-1,712,743,713,-1,713,743,744,-1,713,744,729,-1,729,744,745,-1,729,745,746,-1,746,745,747,-1,713,748,711,-1,711,748,749,-1,711,749,750,-1,750,751,711,-1,711,751,752,-1,711,752,753,-1,753,752,754,-1,755,756,757,-1,757,756,758,-1,758,756,659,-1,659,756,759,-1,659,759,724,-1,711,692,712,-1,712,692,664,-1,692,711,753,-1,692,753,687,-1,687,753,754,-1,687,754,688,-1,688,754,752,-1,688,752,689,-1,689,752,751,-1,689,751,704,-1,704,751,750,-1,704,750,690,-1,690,750,749,-1,690,749,691,-1,691,749,748,-1,691,748,693,-1,713,694,748,-1,748,694,693,-1,694,713,741,-1,694,741,695,-1,695,741,740,-1,695,740,696,-1,696,740,739,-1,696,739,697,-1,697,739,730,-1,697,730,698,-1,729,699,730,-1,730,699,698,-1,699,729,746,-1,699,746,702,-1,702,746,747,-1,702,747,703,-1,703,747,745,-1,703,745,701,-1,701,745,744,-1,701,744,700,-1,743,662,744,-1,744,662,700,-1,662,743,663,-1,663,743,742,-1,663,742,667,-1,667,742,718,-1,667,718,668,-1,668,718,719,-1,668,719,669,-1,669,719,720,-1,669,720,673,-1,673,720,723,-1,673,723,674,-1,674,723,722,-1,674,722,675,-1,675,722,721,-1,675,721,665,-1,665,721,717,-1,665,717,666,-1,666,717,716,-1,666,716,670,-1,670,716,715,-1,670,715,671,-1,671,715,714,-1,671,714,672,-1,672,714,735,-1,734,676,735,-1,735,676,672,-1,676,734,733,-1,676,733,678,-1,678,733,728,-1,678,728,679,-1,679,728,727,-1,679,727,680,-1,680,727,726,-1,680,726,677,-1,738,683,726,-1,726,683,677,-1,683,738,737,-1,683,737,681,-1,681,737,732,-1,681,732,682,-1,682,732,731,-1,682,731,684,-1,684,731,736,-1,684,736,685,-1,725,686,736,-1,736,686,685,-1,686,725,724,-1,686,724,705,-1,705,724,759,-1,705,759,710,-1,710,759,756,-1,710,756,709,-1,709,756,755,-1,709,755,707,-1,707,755,757,-1,707,757,708,-1,708,757,758,-1,708,758,706,-1,706,758,659,-1,706,659,658,-1,760,761,762,-1,762,761,763,-1,764,765,760,-1,760,765,761,-1,766,765,767,-1,767,765,764,-1,768,769,770,-1,770,769,771,-1,772,773,774,-1,774,773,775,-1,775,773,776,-1,775,776,777,-1,777,776,778,-1,777,778,779,-1,779,778,780,-1,779,780,781,-1,782,783,780,-1,780,783,781,-1,774,775,765,-1,765,775,761,-1,784,785,783,-1,783,785,786,-1,783,786,781,-1,781,786,763,-1,781,763,779,-1,779,763,761,-1,779,761,777,-1,777,761,775,-1,787,788,789,-1,790,791,769,-1,792,774,768,-1,768,774,765,-1,768,765,769,-1,769,765,766,-1,769,766,790,-1,787,789,768,-1,768,789,793,-1,768,793,792,-1,794,795,791,-1,791,795,796,-1,791,796,769,-1,797,798,799,-1,799,798,782,-1,799,782,762,-1,762,782,780,-1,762,780,760,-1,800,767,771,-1,771,767,764,-1,771,764,770,-1,780,778,760,-1,760,778,776,-1,760,776,764,-1,764,776,773,-1,764,773,770,-1,770,773,772,-1,770,772,801,-1,802,803,804,-1,805,806,807,-1,807,806,770,-1,807,770,808,-1,808,770,801,-1,800,771,804,-1,804,771,809,-1,804,809,802,-1,762,763,799,-1,799,763,786,-1,798,784,782,-1,782,784,783,-1,810,811,812,-1,812,811,813,-1,814,815,812,-1,816,817,818,-1,818,817,819,-1,815,820,812,-1,812,820,821,-1,812,821,822,-1,823,824,817,-1,817,824,825,-1,817,825,819,-1,816,826,817,-1,817,826,827,-1,817,827,812,-1,812,827,828,-1,812,828,814,-1,822,829,830,-1,831,832,833,-1,829,834,830,-1,830,834,835,-1,830,835,836,-1,837,838,812,-1,833,832,817,-1,817,832,839,-1,817,839,823,-1,822,830,812,-1,812,830,840,-1,812,840,837,-1,838,841,812,-1,812,841,842,-1,812,842,843,-1,839,844,845,-1,846,847,843,-1,843,847,810,-1,843,810,812,-1,848,849,850,-1,850,849,851,-1,850,851,833,-1,833,851,852,-1,833,852,831,-1,845,853,839,-1,839,853,854,-1,839,854,823,-1,823,854,855,-1,823,855,856,-1,856,855,857,-1,856,857,858,-1,859,860,861,-1,861,860,847,-1,861,847,862,-1,862,847,846,-1,863,864,813,-1,813,864,865,-1,813,865,866,-1,866,867,813,-1,813,867,868,-1,813,868,869,-1,869,868,870,-1,869,870,871,-1,871,872,869,-1,869,872,873,-1,869,873,874,-1,875,876,811,-1,877,878,813,-1,811,876,813,-1,813,876,879,-1,813,879,877,-1,878,880,813,-1,813,880,881,-1,813,881,882,-1,874,883,869,-1,869,883,884,-1,869,884,885,-1,882,886,813,-1,813,886,887,-1,813,887,863,-1,888,889,890,-1,890,889,891,-1,891,889,811,-1,811,889,892,-1,811,892,875,-1,893,894,882,-1,882,894,895,-1,882,895,886,-1,883,896,884,-1,884,896,897,-1,884,897,898,-1,898,897,899,-1,885,900,869,-1,869,900,901,-1,869,901,902,-1,902,903,869,-1,869,903,904,-1,869,904,905,-1,905,904,906,-1,906,907,905,-1,905,907,908,-1,905,908,909,-1,909,908,910,-1,909,910,911,-1,905,833,869,-1,869,833,817,-1,833,905,909,-1,833,909,850,-1,850,909,911,-1,850,911,848,-1,848,911,910,-1,848,910,849,-1,849,910,908,-1,849,908,851,-1,851,908,907,-1,851,907,852,-1,852,907,906,-1,852,906,831,-1,831,906,904,-1,831,904,832,-1,903,839,904,-1,904,839,832,-1,839,903,902,-1,839,902,844,-1,844,902,901,-1,844,901,845,-1,845,901,900,-1,845,900,853,-1,853,900,885,-1,853,885,854,-1,884,855,885,-1,885,855,854,-1,855,884,898,-1,855,898,857,-1,857,898,899,-1,857,899,858,-1,858,899,897,-1,858,897,856,-1,856,897,896,-1,856,896,823,-1,883,824,896,-1,896,824,823,-1,824,883,825,-1,825,883,874,-1,825,874,819,-1,819,874,873,-1,819,873,818,-1,818,873,872,-1,818,872,816,-1,816,872,871,-1,816,871,826,-1,826,871,870,-1,826,870,827,-1,827,870,868,-1,827,868,828,-1,828,868,867,-1,828,867,814,-1,814,867,866,-1,814,866,815,-1,815,866,865,-1,815,865,820,-1,820,865,864,-1,820,864,821,-1,821,864,863,-1,821,863,822,-1,822,863,887,-1,886,829,887,-1,887,829,822,-1,829,886,895,-1,829,895,834,-1,834,895,894,-1,834,894,835,-1,835,894,893,-1,835,893,836,-1,836,893,882,-1,836,882,830,-1,881,840,882,-1,882,840,830,-1,840,881,880,-1,840,880,837,-1,837,880,878,-1,837,878,838,-1,838,878,877,-1,838,877,841,-1,841,877,879,-1,841,879,842,-1,876,843,879,-1,879,843,842,-1,843,876,875,-1,843,875,846,-1,846,875,892,-1,846,892,862,-1,862,892,889,-1,862,889,861,-1,861,889,888,-1,861,888,859,-1,859,888,890,-1,859,890,860,-1,860,890,891,-1,860,891,847,-1,847,891,811,-1,847,811,810,-1,
        ]
    }
}
Shape{
    appearance Appearance {
        material  Material 	{
            diffuseColor 0.8509803921568627 0.8509803921568627 0.8509803921568627
            specularColor 0.4235294117647059 0.4235294117647059 0.4235294117647059
            ambientIntensity 0.2
            transparency 0
            shininess 0.5
        }
    }
    geometry IndexedFaceSet {
        ccw TRUE
        solid FALSE
        coord DEF co Coordinate {
            point [
                0.4528 0.6939 0.0453, 0.5315 0.6939 0.0453, 0.5315 0.6922 0.0325, 0.4528 0.6922 0.0325, 0.5315 0.6873 0.0207, 0.4528 0.6873 0.0207, 0.5315 0.6795 0.0105, 0.4528 0.6795 0.0105, 0.5315 0.6693 0.0027, 0.4528 0.6693 0.0027, 0.5315 0.6574 -0.0023, 0.4528 0.6574 -0.0023, 0.5315 0.6447 -0.0039, 0.4528 0.6447 -0.0039, 0.4528 0.6447 0.0957, 0.5315 0.6447 0.0957, 0.5315 0.6574 0.094, 0.4528 0.6574 0.094, 0.5315 0.6693 0.0891, 0.4528 0.6693 0.0891, 0.5315 0.6795 0.0813, 0.4528 0.6795 0.0813, 0.5315 0.6873 0.0711, 0.4528 0.6873 0.0711, 0.5315 0.6922 0.0592, 0.4528 0.6922 0.0592, 0.5315 0.6939 0.0465, 0.4528 0.6939 0.0465, 0.9449 0.6939 0.0453, 1.0236 0.6939 0.0453, 1.0236 0.6922 0.0325, 0.9449 0.6922 0.0325, 1.0236 0.6873 0.0207, 0.9449 0.6873 0.0207, 1.0236 0.6795 0.0105, 0.9449 0.6795 0.0105, 1.0236 0.6693 0.0027, 0.9449 0.6693 0.0027, 1.0236 0.6574 -0.0023, 0.9449 0.6574 -0.0023, 1.0236 0.6447 -0.0039, 0.9449 0.6447 -0.0039, 0.9449 0.6447 0.0957, 1.0236 0.6447 0.0957, 1.0236 0.6574 0.094, 0.9449 0.6574 0.094, 1.0236 0.6693 0.0891, 0.9449 0.6693 0.0891, 1.0236 0.6795 0.0813, 0.9449 0.6795 0.0813, 1.0236 0.6873 0.0711, 0.9449 0.6873 0.0711, 1.0236 0.6922 0.0592, 0.9449 0.6922 0.0592, 1.0236 0.6939 0.0465, 0.9449 0.6939 0.0465, 1.437 0.6939 0.0453, 1.5157 0.6939 0.0453, 1.5157 0.6922 0.0325, 1.437 0.6922 0.0325, 1.5157 0.6873 0.0207, 1.437 0.6873 0.0207, 1.5157 0.6795 0.0105, 1.437 0.6795 0.0105, 1.5157 0.6693 0.0027, 1.437 0.6693 0.0027, 1.5157 0.6574 -0.0023, 1.437 0.6574 -0.0023, 1.5157 0.6447 -0.0039, 1.437 0.6447 -0.0039, 1.437 0.6447 0.0957, 1.5157 0.6447 0.0957, 1.5157 0.6574 0.094, 1.437 0.6574 0.094, 1.5157 0.6693 0.0891, 1.437 0.6693 0.0891, 1.5157 0.6795 0.0813, 1.437 0.6795 0.0813, 1.5157 0.6873 0.0711, 1.437 0.6873 0.0711, 1.5157 0.6922 0.0592, 1.437 0.6922 0.0592, 1.5157 0.6939 0.0465, 1.437 0.6939 0.0465, 1.9291 0.6939 0.0453, 2.0079 0.6939 0.0453, 2.0079 0.6922 0.0325, 1.9291 0.6922 0.0325, 2.0079 0.6873 0.0207, 1.9291 0.6873 0.0207, 2.0079 0.6795 0.0105, 1.9291 0.6795 0.0105, 2.0079 0.6693 0.0027, 1.9291 0.6693 0.0027, 2.0079 0.6574 -0.0023, 1.9291 0.6574 -0.0023, 2.0079 0.6447 -0.0039, 1.9291 0.6447 -0.0039, 1.9291 0.6447 0.0957, 2.0079 0.6447 0.0957, 2.0079 0.6574 0.094, 1.9291 0.6574 0.094, 2.0079 0.6693 0.0891, 1.9291 0.6693 0.0891, 2.0079 0.6795 0.0813, 1.9291 0.6795 0.0813, 2.0079 0.6873 0.0711, 1.9291 0.6873 0.0711, 2.0079 0.6922 0.0592, 1.9291 0.6922 0.0592, 2.0079 0.6939 0.0465, 1.9291 0.6939 0.0465, 2.4213 0.6939 0.0453, 2.5 0.6939 0.0453, 2.5 0.6922 0.0325, 2.4213 0.6922 0.0325, 2.5 0.6873 0.0207, 2.4213 0.6873 0.0207, 2.5 0.6795 0.0105, 2.4213 0.6795 0.0105, 2.5 0.6693 0.0027, 2.4213 0.6693 0.0027, 2.5 0.6574 -0.0023, 2.4213 0.6574 -0.0023, 2.5 0.6447 -0.0039, 2.4213 0.6447 -0.0039, 2.4213 0.6447 0.0957, 2.5 0.6447 0.0957, 2.5 0.6574 0.094, 2.4213 0.6574 0.094, 2.5 0.6693 0.0891, 2.4213 0.6693 0.0891, 2.5 0.6795 0.0813, 2.4213 0.6795 0.0813, 2.5 0.6873 0.0711, 2.4213 0.6873 0.0711, 2.5 0.6922 0.0592, 2.4213 0.6922 0.0592, 2.5 0.6939 0.0465, 2.4213 0.6939 0.0465, 2.9134 0.6939 0.0453, 2.9921 0.6939 0.0453, 2.9921 0.6922 0.0325, 2.9134 0.6922 0.0325, 2.9921 0.6873 0.0207, 2.9134 0.6873 0.0207, 2.9921 0.6795 0.0105, 2.9134 0.6795 0.0105, 2.9921 0.6693 0.0027, 2.9134 0.6693 0.0027, 2.9921 0.6574 -0.0023, 2.9134 0.6574 -0.0023, 2.9921 0.6447 -0.0039, 2.9134 0.6447 -0.0039, 2.9134 0.6447 0.0957, 2.9921 0.6447 0.0957, 2.9921 0.6574 0.094, 2.9134 0.6574 0.094, 2.9921 0.6693 0.0891, 2.9134 0.6693 0.0891, 2.9921 0.6795 0.0813, 2.9134 0.6795 0.0813, 2.9921 0.6873 0.0711, 2.9134 0.6873 0.0711, 2.9921 0.6922 0.0592, 2.9134 0.6922 0.0592, 2.9921 0.6939 0.0465, 2.9134 0.6939 0.0465, 2.9134 0.6939 0.0465
            ]
        }
        coordIndex [
            0,1,2,-1,0,2,3,-1,3,2,4,-1,3,4,5,-1,5,4,6,-1,5,6,7,-1,7,6,8,-1,7,8,9,-1,9,8,10,-1,9,10,11,-1,11,10,12,-1,11,12,13,-1,14,15,16,-1,14,16,17,-1,17,16,18,-1,17,18,19,-1,19,18,20,-1,19,20,21,-1,21,20,22,-1,21,22,23,-1,23,22,24,-1,23,24,25,-1,25,24,26,-1,25,26,27,-1,28,29,30,-1,28,30,31,-1,31,30,32,-1,31,32,33,-1,33,32,34,-1,33,34,35,-1,35,34,36,-1,35,36,37,-1,37,36,38,-1,37,38,39,-1,39,38,40,-1,39,40,41,-1,42,43,44,-1,42,44,45,-1,45,44,46,-1,45,46,47,-1,47,46,48,-1,47,48,49,-1,49,48,50,-1,49,50,51,-1,51,50,52,-1,51,52,53,-1,53,52,54,-1,53,54,55,-1,56,57,58,-1,56,58,59,-1,59,58,60,-1,59,60,61,-1,61,60,62,-1,61,62,63,-1,63,62,64,-1,63,64,65,-1,65,64,66,-1,65,66,67,-1,67,66,68,-1,67,68,69,-1,70,71,72,-1,70,72,73,-1,73,72,74,-1,73,74,75,-1,75,74,76,-1,75,76,77,-1,77,76,78,-1,77,78,79,-1,79,78,80,-1,79,80,81,-1,81,80,82,-1,81,82,83,-1,84,85,86,-1,84,86,87,-1,87,86,88,-1,87,88,89,-1,89,88,90,-1,89,90,91,-1,91,90,92,-1,91,92,93,-1,93,92,94,-1,93,94,95,-1,95,94,96,-1,95,96,97,-1,98,99,100,-1,98,100,101,-1,101,100,102,-1,101,102,103,-1,103,102,104,-1,103,104,105,-1,105,104,106,-1,105,106,107,-1,107,106,108,-1,107,108,109,-1,109,108,110,-1,109,110,111,-1,112,113,114,-1,112,114,115,-1,115,114,116,-1,115,116,117,-1,117,116,118,-1,117,118,119,-1,119,118,120,-1,119,120,121,-1,121,120,122,-1,121,122,123,-1,123,122,124,-1,123,124,125,-1,126,127,128,-1,126,128,129,-1,129,128,130,-1,129,130,131,-1,131,130,132,-1,131,132,133,-1,133,132,134,-1,133,134,135,-1,135,134,136,-1,135,136,137,-1,137,136,138,-1,137,138,139,-1,140,141,142,-1,140,142,143,-1,143,142,144,-1,143,144,145,-1,145,144,146,-1,145,146,147,-1,147,146,148,-1,147,148,149,-1,149,148,150,-1,149,150,151,-1,151,150,152,-1,151,152,153,-1,154,155,156,-1,154,156,157,-1,157,156,158,-1,157,158,159,-1,159,158,160,-1,159,160,161,-1,161,160,162,-1,161,162,163,-1,163,162,164,-1,163,164,165,-1,165,164,166,-1,165,166,167,-1,
        ]
    }
}
Shape{
    appearance Appearance {
        material  Material 	{
            diffuseColor 0.2235294117647059 0.2235294117647059 0.2235294117647059
            specularColor 0.11372549019607843 0.11372549019607843 0.11372549019607843
            ambientIntensity 0.2
            transparency 0
            shininess 0.5
        }
    }
    geometry IndexedFaceSet {
        ccw TRUE
        solid FALSE
        coord DEF co Coordinate {
            point [
                1.1427 -0.1722 0.0039, 1.0659 -0.369 0.0039, 1.1427 -0.1722 0.0, 1.0659 -0.369 0.0, 1.0947 -0.369 0.0039, 1.0947 -0.369 0.0, 1.1146 -0.3138 0.0039, 1.1146 -0.3138 0.0, 1.1959 -0.3138 0.0039, 1.1959 -0.3138 0.0, 1.2147 -0.369 0.0039, 1.2147 -0.369 0.0, 1.2435 -0.369 0.0039, 1.2435 -0.369 0.0, 1.1691 -0.1722 0.0039, 1.1691 -0.1722 0.0, 1.1893 -0.2922 0.0039, 1.1234 -0.2922 0.0039, 1.1599 -0.21 0.0039, 1.158 -0.2031 0.0039, 1.1568 -0.1962 0.0039, 1.1561 -0.1962 0.0039, 1.1548 -0.2031 0.0039, 1.1531 -0.21 0.0039, 1.1893 -0.2922 0.0, 1.1234 -0.2922 0.0, 1.1599 -0.21 0.0, 1.158 -0.2031 0.0, 1.1568 -0.1962 0.0, 1.1561 -0.1962 0.0, 1.1548 -0.2031 0.0, 1.1531 -0.21 0.0, 1.3628 -0.369 0.0039, 1.4164 -0.369 0.0039, 1.3628 -0.369 0.0, 1.4164 -0.369 0.0, 1.4164 -0.1722 0.0039, 1.4164 -0.1722 0.0, 1.3608 -0.1722 0.0039, 1.3608 -0.1722 0.0, 1.2579 -0.2681 0.0039, 1.2579 -0.2681 0.0, 1.2594 -0.2496 0.0, 1.2594 -0.2496 0.0039, 1.2646 -0.2302 0.0, 1.2646 -0.2302 0.0039, 1.2738 -0.2133 0.0, 1.2738 -0.2133 0.0039, 1.2877 -0.1978 0.0, 1.2877 -0.1978 0.0039, 1.2879 -0.1976 0.0, 1.2879 -0.1976 0.0039, 1.3093 -0.1833 0.0, 1.3093 -0.1833 0.0039, 1.3324 -0.1752 0.0, 1.3324 -0.1752 0.0039, 1.3385 -0.3669 0.0, 1.3385 -0.3669 0.0039, 1.3158 -0.3601 0.0, 1.3158 -0.3601 0.0039, 1.2952 -0.3482 0.0, 1.2952 -0.3482 0.0039, 1.279 -0.3327 0.0, 1.279 -0.3327 0.0039, 1.2678 -0.3151 0.0, 1.2678 -0.3151 0.0039, 1.2607 -0.2944 0.0, 1.2607 -0.2944 0.0039, 1.2974 -0.2214 0.0039, 1.307 -0.2112 0.0039, 1.3214 -0.2019 0.0039, 1.3376 -0.1962 0.0039, 1.3609 -0.1938 0.0039, 1.39 -0.1938 0.0039, 1.39 -0.3474 0.0039, 1.362 -0.3474 0.0039, 1.3412 -0.3455 0.0039, 1.3247 -0.3403 0.0039, 1.3113 -0.3323 0.0039, 1.3002 -0.3214 0.0039, 1.2919 -0.3078 0.0039, 1.2861 -0.2893 0.0039, 1.2843 -0.2687 0.0039, 1.286 -0.2491 0.0039, 1.2906 -0.2335 0.0039, 1.3609 -0.1938 0.0, 1.39 -0.1938 0.0, 1.3376 -0.1962 0.0, 1.3214 -0.2019 0.0, 1.307 -0.2112 0.0, 1.2974 -0.2214 0.0, 1.2906 -0.2335 0.0, 1.286 -0.2491 0.0, 1.2843 -0.2687 0.0, 1.2861 -0.2893 0.0, 1.2919 -0.3078 0.0, 1.3002 -0.3214 0.0, 1.3113 -0.3323 0.0, 1.3247 -0.3403 0.0, 1.3412 -0.3455 0.0, 1.362 -0.3474 0.0, 1.39 -0.3474 0.0, 1.4548 -0.3474 0.0039, 1.4548 -0.369 0.0039, 1.4548 -0.3474 0.0, 1.4548 -0.369 0.0, 1.5604 -0.369 0.0039, 1.5604 -0.369 0.0, 1.5604 -0.1722 0.0039, 1.5604 -0.1722 0.0, 1.4596 -0.1722 0.0039, 1.4596 -0.1722 0.0, 1.4596 -0.1938 0.0039, 1.4596 -0.1938 0.0, 1.534 -0.1938 0.0039, 1.534 -0.1938 0.0, 1.534 -0.2586 0.0039, 1.534 -0.2586 0.0, 1.4644 -0.2586 0.0039, 1.4644 -0.2586 0.0, 1.4644 -0.2802 0.0039, 1.4644 -0.2802 0.0, 1.534 -0.2802 0.0039, 1.534 -0.2802 0.0, 1.534 -0.3474 0.0039, 1.534 -0.3474 0.0, 1.5988 -0.3372 0.0039, 1.5988 -0.3588 0.0039, 1.5988 -0.3372 0.0, 1.5988 -0.3588 0.0, 1.6198 -0.3674 0.0039, 1.653 -0.3714 0.0039, 1.653 -0.3714 0.0, 1.6476 -0.3713 0.0, 1.6476 -0.3713 0.0039, 1.6397 -0.3702 0.0, 1.6198 -0.3674 0.0, 1.7452 -0.2743 0.0039, 1.7452 -0.2743 0.0, 1.7433 -0.2971 0.0, 1.7433 -0.2971 0.0039, 1.7374 -0.3179 0.0, 1.7374 -0.3179 0.0039, 1.7269 -0.3366 0.0, 1.7269 -0.3366 0.0039, 1.7121 -0.3522 0.0, 1.7121 -0.3522 0.0039, 1.6963 -0.3623 0.0, 1.6963 -0.3623 0.0039, 1.6772 -0.3689 0.0, 1.6772 -0.3689 0.0039, 1.6645 -0.3702 0.0, 1.6451 -0.1698 0.0039, 1.6451 -0.1698 0.0, 1.6649 -0.1714 0.0039, 1.6598 -0.171 0.0, 1.6649 -0.1714 0.0, 1.6869 -0.1777 0.0, 1.6869 -0.1777 0.0039, 1.7055 -0.1885 0.0, 1.7055 -0.1885 0.0039, 1.7233 -0.2056 0.0, 1.7233 -0.2056 0.0039, 1.7349 -0.224 0.0, 1.7349 -0.224 0.0039, 1.7424 -0.2463 0.0, 1.7424 -0.2463 0.0039, 1.6277 -0.171 0.0, 1.6216 -0.1714 0.0039, 1.6216 -0.1714 0.0, 1.5988 -0.1776 0.0039, 1.5988 -0.1776 0.0, 1.5988 -0.204 0.0039, 1.5988 -0.204 0.0, 1.6449 -0.1914 0.0039, 1.6449 -0.1914 0.0, 1.621 -0.1945 0.0, 1.621 -0.1945 0.0039, 1.7188 -0.2727 0.0039, 1.7188 -0.2727 0.0, 1.7179 -0.2574 0.0, 1.7179 -0.2574 0.0039, 1.7127 -0.2363 0.0, 1.7127 -0.2363 0.0039, 1.7045 -0.2211 0.0, 1.7045 -0.2211 0.0039, 1.6927 -0.208 0.0, 1.6927 -0.208 0.0039, 1.679 -0.1989 0.0, 1.679 -0.1989 0.0039, 1.6643 -0.1935 0.0, 1.6643 -0.1935 0.0039, 1.6493 -0.3498 0.0039, 1.6493 -0.3498 0.0, 1.6677 -0.3477 0.0, 1.6677 -0.3477 0.0039, 1.682 -0.3425 0.0, 1.682 -0.3425 0.0039, 1.6941 -0.3343 0.0, 1.6941 -0.3343 0.0039, 1.7034 -0.3246 0.0, 1.7034 -0.3246 0.0039, 1.7115 -0.3109 0.0, 1.7115 -0.3109 0.0039, 1.7168 -0.294 0.0, 1.7168 -0.294 0.0039, 1.6023 -0.3392 0.0, 1.6023 -0.3392 0.0039, 1.6232 -0.3469 0.0, 1.6232 -0.3469 0.0039, 1.7621 -0.3474 0.0039, 1.7621 -0.369 0.0039, 1.7621 -0.3474 0.0, 1.7621 -0.369 0.0, 1.8629 -0.369 0.0039, 1.8629 -0.369 0.0, 1.8629 -0.1722 0.0039, 1.8629 -0.1722 0.0, 1.8365 -0.1722 0.0039, 1.8365 -0.1722 0.0, 1.8365 -0.3474 0.0039, 1.8365 -0.3474 0.0, 1.8365 -0.3474 0.0
            ]
        }
        coordIndex [
            0,1,2,-1,2,1,3,-1,1,4,3,-1,3,4,5,-1,4,6,5,-1,5,6,7,-1,6,8,7,-1,7,8,9,-1,8,10,9,-1,9,10,11,-1,10,12,11,-1,11,12,13,-1,12,14,13,-1,13,14,15,-1,14,0,15,-1,15,0,2,-1,16,8,17,-1,17,8,6,-1,18,14,16,-1,16,14,12,-1,16,12,8,-1,8,12,10,-1,18,19,14,-1,14,19,20,-1,14,20,0,-1,0,20,21,-1,0,21,22,-1,22,23,0,-1,0,23,17,-1,0,17,1,-1,1,17,6,-1,1,6,4,-1,16,17,24,-1,24,17,25,-1,18,16,26,-1,26,16,24,-1,18,26,27,-1,18,27,19,-1,19,27,28,-1,19,28,20,-1,21,20,29,-1,29,20,28,-1,21,29,30,-1,21,30,22,-1,22,30,31,-1,22,31,23,-1,17,23,25,-1,25,23,31,-1,32,33,34,-1,34,33,35,-1,33,36,35,-1,35,36,37,-1,36,38,37,-1,37,38,39,-1,40,41,42,-1,40,42,43,-1,43,42,44,-1,43,44,45,-1,45,44,46,-1,45,46,47,-1,47,46,48,-1,47,48,49,-1,49,48,50,-1,49,50,51,-1,51,50,52,-1,51,52,53,-1,53,52,54,-1,53,54,55,-1,55,54,39,-1,55,39,38,-1,32,34,56,-1,32,56,57,-1,57,56,58,-1,57,58,59,-1,59,58,60,-1,59,60,61,-1,61,60,62,-1,61,62,63,-1,63,62,64,-1,63,64,65,-1,65,64,66,-1,65,66,67,-1,67,66,41,-1,67,41,40,-1,45,47,68,-1,68,47,49,-1,68,49,69,-1,69,49,51,-1,69,51,70,-1,70,51,53,-1,70,53,71,-1,71,53,55,-1,71,55,72,-1,72,55,38,-1,72,38,73,-1,73,38,36,-1,73,36,74,-1,74,36,33,-1,74,33,75,-1,75,33,32,-1,75,32,76,-1,76,32,57,-1,76,57,77,-1,77,57,59,-1,77,59,78,-1,78,59,61,-1,78,61,79,-1,79,61,63,-1,79,63,80,-1,80,63,65,-1,80,65,81,-1,81,65,67,-1,81,67,82,-1,82,67,40,-1,82,40,83,-1,83,40,43,-1,83,43,84,-1,84,43,45,-1,84,45,68,-1,72,73,85,-1,85,73,86,-1,72,85,87,-1,72,87,71,-1,71,87,88,-1,71,88,70,-1,70,88,89,-1,70,89,69,-1,69,89,90,-1,69,90,68,-1,68,90,91,-1,68,91,84,-1,84,91,92,-1,84,92,83,-1,83,92,93,-1,83,93,82,-1,82,93,94,-1,82,94,81,-1,81,94,95,-1,81,95,80,-1,80,95,96,-1,80,96,79,-1,79,96,97,-1,79,97,78,-1,78,97,98,-1,78,98,77,-1,77,98,99,-1,77,99,76,-1,76,99,100,-1,76,100,75,-1,74,75,101,-1,101,75,100,-1,73,74,86,-1,86,74,101,-1,102,103,104,-1,104,103,105,-1,103,106,105,-1,105,106,107,-1,106,108,107,-1,107,108,109,-1,108,110,109,-1,109,110,111,-1,110,112,111,-1,111,112,113,-1,112,114,113,-1,113,114,115,-1,114,116,115,-1,115,116,117,-1,116,118,117,-1,117,118,119,-1,118,120,119,-1,119,120,121,-1,120,122,121,-1,121,122,123,-1,122,124,123,-1,123,124,125,-1,124,102,125,-1,125,102,104,-1,106,103,102,-1,102,124,106,-1,106,124,122,-1,106,122,108,-1,112,110,114,-1,114,110,108,-1,114,108,116,-1,116,108,122,-1,116,122,118,-1,118,122,120,-1,126,127,128,-1,128,127,129,-1,129,127,130,-1,131,132,133,-1,131,133,134,-1,134,133,135,-1,134,135,130,-1,130,135,136,-1,130,136,129,-1,137,138,139,-1,137,139,140,-1,140,139,141,-1,140,141,142,-1,142,141,143,-1,142,143,144,-1,144,143,145,-1,144,145,146,-1,146,145,147,-1,146,147,148,-1,148,147,149,-1,148,149,150,-1,150,149,131,-1,131,149,151,-1,131,151,132,-1,152,153,154,-1,154,153,155,-1,155,156,154,-1,154,156,157,-1,154,157,158,-1,158,157,159,-1,158,159,160,-1,160,159,161,-1,160,161,162,-1,162,161,163,-1,162,163,164,-1,164,163,165,-1,164,165,166,-1,166,165,138,-1,166,138,137,-1,153,152,167,-1,167,152,168,-1,167,168,169,-1,169,168,170,-1,169,170,171,-1,170,172,171,-1,171,172,173,-1,174,175,176,-1,174,176,177,-1,177,176,173,-1,177,173,172,-1,178,179,180,-1,178,180,181,-1,181,180,182,-1,181,182,183,-1,183,182,184,-1,183,184,185,-1,185,184,186,-1,185,186,187,-1,187,186,188,-1,187,188,189,-1,189,188,190,-1,189,190,191,-1,191,190,175,-1,191,175,174,-1,192,193,194,-1,192,194,195,-1,195,194,196,-1,195,196,197,-1,197,196,198,-1,197,198,199,-1,199,198,200,-1,199,200,201,-1,201,200,202,-1,201,202,203,-1,203,202,204,-1,203,204,205,-1,205,204,179,-1,205,179,178,-1,126,128,206,-1,126,206,207,-1,207,206,208,-1,207,208,209,-1,209,208,193,-1,209,193,192,-1,195,131,192,-1,192,131,134,-1,192,134,209,-1,209,134,130,-1,209,130,207,-1,207,130,127,-1,207,127,126,-1,172,170,177,-1,177,170,168,-1,177,168,174,-1,174,168,152,-1,174,152,191,-1,191,152,154,-1,191,154,189,-1,189,154,158,-1,189,158,187,-1,187,158,160,-1,187,160,185,-1,185,160,162,-1,185,162,183,-1,183,162,164,-1,183,164,181,-1,181,164,166,-1,181,166,178,-1,178,166,137,-1,178,137,205,-1,205,137,140,-1,205,140,203,-1,203,140,142,-1,203,142,201,-1,201,142,144,-1,201,144,199,-1,199,144,146,-1,199,146,197,-1,197,146,148,-1,197,148,195,-1,195,148,150,-1,195,150,131,-1,210,211,212,-1,212,211,213,-1,211,214,213,-1,213,214,215,-1,214,216,215,-1,215,216,217,-1,216,218,217,-1,217,218,219,-1,218,220,219,-1,219,220,221,-1,220,210,221,-1,221,210,212,-1,218,216,220,-1,220,216,214,-1,220,214,210,-1,210,214,211,-1,
        ]
    }
}
Shape{
    appearance Appearance {
        material  Material 	{
            diffuseColor 1.0 0.9529411764705882 0.792156862745098
            specularColor 0.30196078431372547 0.28627450980392155 0.23921568627450981
            ambientIntensity 0.2
            transparency 0
            shininess 0.5
        }
    }
    geometry IndexedFaceSet {
        ccw TRUE
        solid FALSE
        coord DEF co Coordinate {
            point [
                1.1893 -0.2922 0.0, 1.1234 -0.2922 0.0, 1.1599 -0.21 0.0, 1.1531 -0.21 0.0, 1.158 -0.2031 0.0, 1.1548 -0.2031 0.0, 1.1568 -0.1962 0.0, 1.1561 -0.1962 0.0, 1.39 -0.1938 0.0, 1.39 -0.3474 0.0, 1.3609 -0.1938 0.0, 1.362 -0.3474 0.0, 1.3412 -0.3455 0.0, 1.2843 -0.2687 0.0, 1.286 -0.2491 0.0, 1.2906 -0.2335 0.0, 1.3376 -0.1962 0.0, 1.3247 -0.3403 0.0, 1.3113 -0.3323 0.0, 1.3002 -0.3214 0.0, 1.2919 -0.3078 0.0, 1.2861 -0.2893 0.0, 1.2974 -0.2214 0.0, 1.307 -0.2112 0.0, 1.3214 -0.2019 0.0, 1.3214 -0.2019 0.0
            ]
        }
        coordIndex [
            0,1,2,-1,2,1,3,-1,2,3,4,-1,4,3,5,-1,4,5,6,-1,6,5,7,-1,8,9,10,-1,10,9,11,-1,10,11,12,-1,13,14,10,-1,10,14,15,-1,10,15,16,-1,12,17,10,-1,10,17,18,-1,10,18,19,-1,19,20,10,-1,10,20,21,-1,10,21,13,-1,22,23,15,-1,15,23,24,-1,15,24,16,-1,
        ]
    }
}