#VRML V2.0 utf8
# 3D model generated by easyeda2kicad.py (https://github.com/uPesy/easyeda2kicad.py)

Shape{
    appearance Appearance {
        material  Material 	{
            diffuseColor 0.7529411764705882 0.7529411764705882 0.7529411764705882
            specularColor 0.3764705882352941 0.3764705882352941 0.3764705882352941
            ambientIntensity 0.2
            transparency 0
            shininess 0.5
        }
    }
    geometry IndexedFaceSet {
        ccw TRUE
        solid FALSE
        coord DEF co Coordinate {
            point [
                -4.4882 0.8268 -0.487, -4.4882 0.8268 0.3937, -4.3307 0.8268 -0.487, -4.3307 0.8268 0.3937, -4.3307 0.8125 -0.5321, -4.3307 0.3857 -1.1417, -4.4882 0.8125 -0.5321, -4.4882 0.3857 -1.1417, -4.4882 0.3857 -1.6535, -4.3307 0.3857 -1.6535, -4.4882 0.2028 -1.7323, -4.4882 0.307 -1.7323, -4.3307 0.2028 -1.7323, -4.3307 0.307 -1.7323, -4.4882 0.1441 -1.706, -4.3307 0.1441 -1.706, -4.4882 0.1264 -1.6905, -4.3307 0.1264 -1.6905, -4.4882 0.1055 -1.6796, -4.3307 0.1055 -1.6796, -4.4882 0.0825 -1.6739, -4.3307 0.0825 -1.6739, -4.4882 0.0589 -1.6739, -4.3307 0.0589 -1.6739, -4.4882 0.036 -1.6796, -4.3307 0.036 -1.6796, -4.4882 0.0151 -1.6905, -4.3307 0.0151 -1.6905, -4.4882 -0.0026 -1.706, -4.3307 -0.0026 -1.706, -4.4882 -0.2697 -1.7323, -4.4882 -0.0613 -1.7323, -4.3307 -0.2697 -1.7323, -4.3307 -0.0613 -1.7323, -4.4882 -0.3283 -1.706, -4.3307 -0.3283 -1.706, -4.4882 -0.3457 -1.6907, -4.3307 -0.3457 -1.6907, -4.4882 -0.3662 -1.6799, -4.3307 -0.3662 -1.6799, -4.4882 -0.3886 -1.6741, -4.3307 -0.3886 -1.6741, -4.4882 -0.4117 -1.6737, -4.3307 -0.4117 -1.6737, -4.4882 -0.4343 -1.6788, -4.3307 -0.4343 -1.6788, -4.4882 -0.4551 -1.689, -4.3307 -0.4551 -1.689, -4.4882 -0.473 -1.7038, -4.3307 -0.473 -1.7038, -4.4882 -0.4868 -1.7223, -4.3307 -0.4868 -1.7223, -4.4882 -0.496 -1.7435, -4.3307 -0.496 -1.7435, -4.3307 -0.5001 -1.7527, -4.4882 -0.5001 -1.7527, -4.3307 -0.5064 -1.7606, -4.4882 -0.5064 -1.7606, -4.3307 -0.5145 -1.7666, -4.4882 -0.5145 -1.7666, -4.3307 -0.5238 -1.7704, -4.4882 -0.5238 -1.7704, -4.3307 -0.5338 -1.7717, -4.4882 -0.5338 -1.7717, -4.4882 -1.3386 -1.7717, -4.3307 -1.3386 -1.7717, -4.4882 -1.4173 0.3937, -4.4882 -1.4173 -1.6929, -4.3307 -1.4173 0.3937, -4.3307 -1.4173 -1.6929, -4.3307 -1.3386 0.4724, -4.3307 0.748 0.4724, -4.4882 -1.3386 0.4724, -4.4882 0.748 0.4724, -4.4882 -1.4146 0.4141, -4.4882 0.8241 0.4141, -4.4882 0.8251 -0.5029, -4.4882 -1.4068 0.4331, -4.4882 -1.3943 0.4494, -4.4882 -1.378 0.4619, -4.4882 0.8203 -0.5182, -4.4882 -1.359 0.4698, -4.4882 0.1706 -1.7254, -4.4882 0.1864 -1.7305, -4.4882 0.1563 -1.7171, -4.4882 0.7684 0.4698, -4.4882 0.7874 0.4619, -4.4882 0.8162 0.4331, -4.4882 0.8037 0.4494, -4.4882 0.383 -1.6739, -4.4882 0.3751 -1.6929, -4.4882 0.3626 -1.7092, -4.4882 0.3463 -1.7217, -4.4882 0.3273 -1.7296, -4.4882 -0.2861 -1.7305, -4.4882 -0.3018 -1.7254, -4.4882 -1.4146 -1.7133, -4.4882 -1.378 -1.7611, -4.4882 -1.3943 -1.7486, -4.4882 -1.4068 -1.7323, -4.4882 -0.3161 -1.7171, -4.4882 -0.0449 -1.7305, -4.4882 -0.0149 -1.7171, -4.4882 -0.0292 -1.7254, -4.4882 -1.359 -1.769, -4.3307 0.8203 -0.5182, -4.3307 0.7684 0.4698, -4.3307 0.8241 0.4141, -4.3307 -1.4146 0.4141, -4.3307 -1.4068 0.4331, -4.3307 -1.3943 0.4494, -4.3307 -1.359 0.4698, -4.3307 -1.378 0.4619, -4.3307 0.8251 -0.5029, -4.3307 0.1563 -1.7171, -4.3307 0.1706 -1.7254, -4.3307 0.1864 -1.7305, -4.3307 -0.3018 -1.7254, -4.3307 -0.2861 -1.7305, -4.3307 0.3273 -1.7296, -4.3307 0.3463 -1.7217, -4.3307 0.3626 -1.7092, -4.3307 0.3751 -1.6929, -4.3307 0.7874 0.4619, -4.3307 0.8162 0.4331, -4.3307 0.8037 0.4494, -4.3307 -1.4146 -1.7133, -4.3307 -1.4068 -1.7323, -4.3307 -0.3161 -1.7171, -4.3307 0.383 -1.6739, -4.3307 -0.0449 -1.7305, -4.3307 -0.0149 -1.7171, -4.3307 -0.0292 -1.7254, -4.3307 -1.3943 -1.7486, -4.3307 -1.378 -1.7611, -4.3307 -1.359 -1.769, 4.4882 0.8268 0.3937, 4.4882 0.8268 -0.487, 4.3307 0.8268 0.3937, 4.3307 0.8268 -0.487, 4.3307 0.3857 -1.1417, 4.3307 0.8125 -0.5321, 4.4882 0.3857 -1.1417, 4.4882 0.8125 -0.5321, 4.4882 0.3857 -1.6535, 4.3307 0.3857 -1.6535, 4.4882 0.307 -1.7323, 4.4882 0.2028 -1.7323, 4.3307 0.307 -1.7323, 4.3307 0.2028 -1.7323, 4.4882 -0.0026 -1.706, 4.3307 -0.0026 -1.706, 4.4882 0.0151 -1.6905, 4.3307 0.0151 -1.6905, 4.4882 0.036 -1.6796, 4.3307 0.036 -1.6796, 4.4882 0.0589 -1.6739, 4.3307 0.0589 -1.6739, 4.4882 0.0825 -1.6739, 4.3307 0.0825 -1.6739, 4.4882 0.1055 -1.6796, 4.3307 0.1055 -1.6796, 4.4882 0.1264 -1.6905, 4.3307 0.1264 -1.6905, 4.4882 0.1441 -1.706, 4.3307 0.1441 -1.706, 4.4882 -0.0613 -1.7323, 4.4882 -0.2697 -1.7323, 4.3307 -0.0613 -1.7323, 4.3307 -0.2697 -1.7323, 4.4882 -0.496 -1.7435, 4.3307 -0.496 -1.7435, 4.4882 -0.4868 -1.7223, 4.3307 -0.4868 -1.7223, 4.4882 -0.473 -1.7038, 4.3307 -0.473 -1.7038, 4.4882 -0.4551 -1.689, 4.3307 -0.4551 -1.689, 4.4882 -0.4343 -1.6788, 4.3307 -0.4343 -1.6788, 4.4882 -0.4117 -1.6737, 4.3307 -0.4117 -1.6737, 4.4882 -0.3886 -1.6741, 4.3307 -0.3886 -1.6741, 4.4882 -0.3662 -1.6799, 4.3307 -0.3662 -1.6799, 4.4882 -0.3457 -1.6907, 4.3307 -0.3457 -1.6907, 4.4882 -0.3283 -1.706, 4.3307 -0.3283 -1.706, 4.4882 -0.5338 -1.7717, 4.3307 -0.5338 -1.7717, 4.3307 -0.5238 -1.7704, 4.4882 -0.5238 -1.7704, 4.3307 -0.5145 -1.7666, 4.4882 -0.5145 -1.7666, 4.3307 -0.5064 -1.7606, 4.4882 -0.5064 -1.7606, 4.3307 -0.5001 -1.7527, 4.4882 -0.5001 -1.7527, 4.4882 -1.3386 -1.7717, 4.3307 -1.3386 -1.7717, 4.4882 -1.4173 -1.6929, 4.4882 -1.4173 0.3937, 4.3307 -1.4173 -1.6929, 4.3307 -1.4173 0.3937, 4.3307 0.748 0.4724, 4.3307 -1.3386 0.4724, 4.4882 0.748 0.4724, 4.4882 -1.3386 0.4724, 4.4882 0.8203 -0.5182, 4.4882 0.7684 0.4698, 4.4882 0.8241 0.4141, 4.4882 -1.4146 0.4141, 4.4882 -1.4068 0.4331, 4.4882 -1.3943 0.4494, 4.4882 -1.359 0.4698, 4.4882 -1.378 0.4619, 4.4882 0.8251 -0.5029, 4.4882 0.1563 -1.7171, 4.4882 0.1706 -1.7254, 4.4882 0.1864 -1.7305, 4.4882 -0.3018 -1.7254, 4.4882 -0.2861 -1.7305, 4.4882 0.3273 -1.7296, 4.4882 0.7874 0.4619, 4.4882 0.8162 0.4331, 4.4882 0.8037 0.4494, 4.4882 -0.3161 -1.7171, 4.4882 0.3463 -1.7217, 4.4882 0.3626 -1.7092, 4.4882 0.383 -1.6739, 4.4882 0.3751 -1.6929, 4.4882 -1.4001 -1.742, 4.4882 -1.4095 -1.7271, 4.4882 -1.4153 -1.7104, 4.4882 -0.0449 -1.7305, 4.4882 -0.0149 -1.7171, 4.4882 -0.0292 -1.7254, 4.4882 -1.3877 -1.7545, 4.4882 -1.3727 -1.7639, 4.4882 -1.3561 -1.7697, 4.3307 -1.4146 0.4141, 4.3307 0.8241 0.4141, 4.3307 0.8251 -0.5029, 4.3307 -1.4068 0.4331, 4.3307 -1.3943 0.4494, 4.3307 -1.378 0.4619, 4.3307 0.8203 -0.5182, 4.3307 -1.359 0.4698, 4.3307 0.1864 -1.7305, 4.3307 0.1706 -1.7254, 4.3307 0.1563 -1.7171, 4.3307 -1.4153 -1.7104, 4.3307 0.7684 0.4698, 4.3307 0.7874 0.4619, 4.3307 0.8162 0.4331, 4.3307 0.8037 0.4494, 4.3307 -1.3877 -1.7545, 4.3307 -1.4001 -1.742, 4.3307 -1.3727 -1.7639, 4.3307 -1.3561 -1.7697, 4.3307 -1.4095 -1.7271, 4.3307 0.3463 -1.7217, 4.3307 0.3273 -1.7296, 4.3307 -0.2861 -1.7305, 4.3307 -0.3018 -1.7254, 4.3307 0.3626 -1.7092, 4.3307 0.383 -1.6739, 4.3307 0.3751 -1.6929, 4.3307 -0.3161 -1.7171, 4.3307 -0.0449 -1.7305, 4.3307 -0.0149 -1.7171, 4.3307 -0.0292 -1.7254, 4.3307 -0.0292 -1.7254
            ]
        }
        coordIndex [
            0,1,2,-1,2,1,3,-1,4,5,6,-1,6,5,7,-1,8,7,9,-1,9,7,5,-1,10,11,12,-1,12,11,13,-1,14,15,16,-1,16,15,17,-1,16,17,18,-1,18,17,19,-1,18,19,20,-1,20,19,21,-1,20,21,22,-1,22,21,23,-1,22,23,24,-1,24,23,25,-1,24,25,26,-1,26,25,27,-1,26,27,28,-1,28,27,29,-1,30,31,32,-1,32,31,33,-1,34,35,36,-1,36,35,37,-1,36,37,38,-1,38,37,39,-1,38,39,40,-1,40,39,41,-1,40,41,42,-1,42,41,43,-1,42,43,44,-1,44,43,45,-1,44,45,46,-1,46,45,47,-1,46,47,48,-1,48,47,49,-1,48,49,50,-1,50,49,51,-1,50,51,52,-1,52,51,53,-1,52,53,54,-1,52,54,55,-1,55,54,56,-1,55,56,57,-1,57,56,58,-1,57,58,59,-1,59,58,60,-1,59,60,61,-1,61,60,62,-1,61,62,63,-1,64,63,65,-1,65,63,62,-1,66,67,68,-1,68,67,69,-1,70,71,72,-1,72,71,73,-1,24,26,66,-1,7,66,6,-1,6,66,74,-1,75,1,73,-1,73,1,0,-1,73,0,72,-1,72,0,76,-1,74,77,6,-1,6,77,78,-1,6,78,79,-1,34,36,28,-1,76,80,72,-1,72,80,6,-1,72,6,81,-1,81,6,79,-1,16,18,7,-1,7,18,20,-1,7,20,66,-1,66,20,22,-1,66,22,24,-1,82,7,83,-1,83,7,10,-1,82,84,7,-1,7,84,14,-1,7,14,16,-1,38,66,36,-1,36,66,26,-1,36,26,28,-1,38,40,66,-1,66,40,42,-1,66,42,44,-1,73,85,75,-1,75,85,86,-1,75,86,87,-1,87,86,88,-1,89,90,11,-1,90,91,11,-1,11,91,92,-1,11,92,93,-1,30,94,95,-1,44,46,66,-1,66,46,48,-1,66,48,67,-1,67,48,50,-1,67,50,52,-1,52,55,57,-1,52,63,67,-1,67,63,64,-1,67,64,96,-1,97,98,99,-1,10,7,11,-1,11,7,8,-1,11,8,89,-1,57,59,52,-1,52,59,61,-1,52,61,63,-1,95,100,30,-1,30,100,34,-1,30,34,31,-1,31,34,28,-1,31,28,101,-1,101,28,102,-1,101,102,103,-1,96,64,99,-1,99,64,104,-1,99,104,97,-1,19,17,5,-1,70,4,105,-1,106,71,107,-1,53,51,69,-1,68,5,108,-1,108,5,4,-1,108,4,109,-1,109,4,110,-1,27,25,68,-1,68,25,23,-1,68,23,5,-1,5,23,21,-1,5,21,19,-1,70,111,4,-1,4,111,112,-1,4,112,110,-1,105,113,70,-1,70,113,2,-1,70,2,71,-1,71,2,3,-1,71,3,107,-1,47,45,68,-1,68,45,43,-1,17,15,5,-1,5,15,114,-1,5,114,115,-1,115,116,5,-1,5,116,12,-1,5,12,13,-1,117,118,32,-1,56,62,58,-1,58,62,60,-1,56,54,62,-1,62,54,53,-1,62,53,65,-1,69,51,68,-1,68,51,49,-1,68,49,47,-1,119,120,13,-1,13,120,121,-1,13,121,122,-1,106,107,123,-1,123,107,124,-1,123,124,125,-1,53,69,65,-1,65,69,126,-1,65,126,127,-1,43,41,68,-1,68,41,39,-1,68,39,27,-1,27,39,37,-1,27,37,29,-1,29,37,35,-1,29,35,32,-1,32,35,128,-1,32,128,117,-1,122,129,13,-1,13,129,9,-1,13,9,5,-1,32,33,29,-1,29,33,130,-1,29,130,131,-1,131,130,132,-1,133,134,127,-1,127,134,135,-1,127,135,65,-1,30,32,118,-1,30,118,94,-1,94,118,117,-1,94,117,95,-1,95,117,128,-1,95,128,100,-1,100,128,35,-1,100,35,34,-1,28,29,131,-1,28,131,102,-1,102,131,132,-1,102,132,103,-1,103,132,130,-1,103,130,101,-1,101,130,33,-1,101,33,31,-1,10,12,116,-1,10,116,83,-1,83,116,115,-1,83,115,82,-1,82,115,114,-1,82,114,84,-1,84,114,15,-1,84,15,14,-1,8,9,129,-1,8,129,89,-1,89,129,122,-1,89,122,90,-1,90,122,121,-1,90,121,91,-1,91,121,120,-1,91,120,92,-1,92,120,119,-1,92,119,93,-1,93,119,13,-1,93,13,11,-1,0,2,113,-1,0,113,76,-1,76,113,105,-1,76,105,80,-1,80,105,4,-1,80,4,6,-1,66,68,108,-1,66,108,74,-1,74,108,109,-1,74,109,77,-1,77,109,110,-1,77,110,78,-1,78,110,112,-1,78,112,79,-1,79,112,111,-1,79,111,81,-1,81,111,70,-1,81,70,72,-1,64,65,135,-1,64,135,104,-1,104,135,134,-1,104,134,97,-1,97,134,133,-1,97,133,98,-1,98,133,127,-1,98,127,99,-1,99,127,126,-1,99,126,96,-1,96,126,69,-1,96,69,67,-1,73,71,106,-1,73,106,85,-1,85,106,123,-1,85,123,86,-1,86,123,125,-1,86,125,88,-1,88,125,124,-1,88,124,87,-1,87,124,107,-1,87,107,75,-1,75,107,3,-1,75,3,1,-1,136,137,138,-1,138,137,139,-1,140,141,142,-1,142,141,143,-1,142,144,140,-1,140,144,145,-1,146,147,148,-1,148,147,149,-1,150,151,152,-1,152,151,153,-1,152,153,154,-1,154,153,155,-1,154,155,156,-1,156,155,157,-1,156,157,158,-1,158,157,159,-1,158,159,160,-1,160,159,161,-1,160,161,162,-1,162,161,163,-1,162,163,164,-1,164,163,165,-1,166,167,168,-1,168,167,169,-1,170,171,172,-1,172,171,173,-1,172,173,174,-1,174,173,175,-1,174,175,176,-1,176,175,177,-1,176,177,178,-1,178,177,179,-1,178,179,180,-1,180,179,181,-1,180,181,182,-1,182,181,183,-1,182,183,184,-1,184,183,185,-1,184,185,186,-1,186,185,187,-1,186,187,188,-1,188,187,189,-1,190,191,192,-1,190,192,193,-1,193,192,194,-1,193,194,195,-1,195,194,196,-1,195,196,197,-1,197,196,198,-1,197,198,199,-1,199,198,171,-1,199,171,170,-1,190,200,191,-1,191,200,201,-1,202,203,204,-1,204,203,205,-1,206,207,208,-1,208,207,209,-1,160,162,142,-1,142,162,164,-1,209,143,210,-1,211,208,212,-1,203,142,213,-1,213,142,143,-1,213,143,214,-1,214,143,215,-1,170,172,202,-1,176,178,203,-1,203,178,180,-1,152,154,203,-1,203,154,156,-1,203,156,142,-1,142,156,158,-1,142,158,160,-1,209,216,143,-1,143,216,217,-1,143,217,215,-1,210,218,209,-1,209,218,137,-1,209,137,208,-1,208,137,136,-1,208,136,212,-1,164,219,142,-1,142,219,220,-1,142,220,221,-1,202,172,203,-1,203,172,174,-1,203,174,176,-1,222,223,167,-1,221,147,142,-1,142,147,146,-1,142,146,144,-1,144,146,224,-1,211,212,225,-1,225,212,226,-1,225,226,227,-1,180,182,203,-1,203,182,184,-1,203,184,152,-1,152,184,186,-1,152,186,150,-1,150,186,188,-1,150,188,167,-1,167,188,228,-1,167,228,222,-1,224,229,144,-1,144,229,230,-1,144,230,231,-1,231,230,232,-1,233,200,234,-1,234,200,235,-1,197,190,195,-1,195,190,193,-1,197,199,190,-1,190,199,170,-1,190,170,200,-1,200,170,202,-1,200,202,235,-1,167,166,150,-1,150,166,236,-1,150,236,237,-1,237,236,238,-1,239,240,233,-1,233,240,241,-1,233,241,200,-1,155,153,205,-1,140,205,141,-1,141,205,242,-1,243,138,206,-1,206,138,139,-1,206,139,207,-1,207,139,244,-1,242,245,141,-1,141,245,246,-1,141,246,247,-1,163,161,140,-1,140,161,159,-1,140,159,205,-1,205,159,157,-1,205,157,155,-1,244,248,207,-1,207,248,141,-1,207,141,249,-1,249,141,247,-1,250,251,140,-1,189,187,151,-1,151,187,153,-1,179,205,181,-1,181,205,183,-1,251,252,140,-1,140,252,165,-1,140,165,163,-1,153,187,205,-1,205,187,185,-1,205,185,183,-1,179,177,205,-1,205,177,175,-1,205,175,204,-1,204,175,173,-1,204,173,171,-1,171,191,204,-1,204,191,201,-1,204,201,253,-1,206,254,243,-1,243,254,255,-1,243,255,256,-1,256,255,257,-1,171,198,196,-1,258,259,260,-1,260,259,261,-1,261,259,201,-1,201,259,262,-1,201,262,253,-1,263,264,145,-1,145,264,148,-1,145,148,140,-1,140,148,149,-1,140,149,250,-1,169,265,266,-1,196,194,171,-1,171,194,192,-1,171,192,191,-1,263,145,267,-1,267,145,268,-1,267,268,269,-1,266,270,169,-1,169,270,189,-1,169,189,168,-1,168,189,151,-1,168,151,271,-1,271,151,272,-1,271,272,273,-1,188,189,270,-1,188,270,228,-1,228,270,266,-1,228,266,222,-1,222,266,265,-1,222,265,223,-1,223,265,169,-1,223,169,167,-1,166,168,271,-1,166,271,236,-1,236,271,273,-1,236,273,238,-1,238,273,272,-1,238,272,237,-1,237,272,151,-1,237,151,150,-1,164,165,252,-1,164,252,219,-1,219,252,251,-1,219,251,220,-1,220,251,250,-1,220,250,221,-1,221,250,149,-1,221,149,147,-1,146,148,264,-1,146,264,224,-1,224,264,263,-1,224,263,229,-1,229,263,267,-1,229,267,230,-1,230,267,269,-1,230,269,232,-1,232,269,268,-1,232,268,231,-1,231,268,145,-1,231,145,144,-1,143,141,248,-1,143,248,210,-1,210,248,244,-1,210,244,218,-1,218,244,139,-1,218,139,137,-1,209,207,249,-1,209,249,216,-1,216,249,247,-1,216,247,217,-1,217,247,246,-1,217,246,215,-1,215,246,245,-1,215,245,214,-1,214,245,242,-1,214,242,213,-1,213,242,205,-1,213,205,203,-1,202,204,253,-1,202,253,235,-1,235,253,262,-1,235,262,234,-1,234,262,259,-1,234,259,233,-1,233,259,258,-1,233,258,239,-1,239,258,260,-1,239,260,240,-1,240,260,261,-1,240,261,241,-1,241,261,201,-1,241,201,200,-1,136,138,243,-1,136,243,212,-1,212,243,256,-1,212,256,226,-1,226,256,257,-1,226,257,227,-1,227,257,255,-1,227,255,225,-1,225,255,254,-1,225,254,211,-1,211,254,206,-1,211,206,208,-1,
        ]
    }
}
Shape{
    appearance Appearance {
        material  Material 	{
            diffuseColor 1.0 0.9176470588235294 0.8431372549019608
            specularColor 0.5019607843137255 0.4588235294117647 0.4235294117647059
            ambientIntensity 0.2
            transparency 0
            shininess 0.5
        }
    }
    geometry IndexedFaceSet {
        ccw TRUE
        solid FALSE
        coord DEF co Coordinate {
            point [
                4.7244 -0.3365 0.556, 4.7244 -0.3365 0.5983, 4.7244 -0.3702 0.5983, 4.7244 0.2167 0.7364, 4.7244 0.2167 0.8762, 4.7244 -0.2365 0.8762, 4.7244 0.5709 0.9638, 4.7244 0.5709 1.0236, 4.7244 0.2167 1.0236, 4.7244 -0.5183 0.5986, 4.7244 -0.5209 0.5983, 4.7244 -0.4951 0.5983, 4.7244 -0.404 0.706, 4.7244 -0.3702 0.706, 4.7244 -0.3702 0.7364, 4.7244 -0.9371 0.8873, 4.7244 -0.9207 0.8762, 4.7244 -0.7434 0.8762, 4.7244 -0.9032 0.8645, 4.7244 -0.8781 0.8355, 4.7244 -0.7931 0.7364, 4.7244 -0.7434 0.7364, 4.7244 -0.7999 0.7532, 4.7244 -0.8154 0.7747, 4.7244 -0.836 0.7921, 4.7244 -0.8622 0.8045, 4.7244 -0.8586 0.8033, 4.7244 -1.079 0.8858, 4.7244 -1.044 0.8993, 4.7244 -1.4173 0.9638, 4.7244 -1.0064 0.904, 4.7244 -0.7434 0.9638, 4.7244 -0.9752 0.9007, 4.7244 -1.0945 0.8762, 4.7244 -1.4173 0.8762, 4.7244 -1.0975 0.8744, 4.7244 -1.254 0.7826, 4.7244 -1.2357 0.8061, 4.7244 -1.1783 0.8388, 4.7244 -1.1484 0.8425, 4.7244 -1.1154 0.8591, 4.7244 -1.1397 0.842, 4.7244 -1.1309 0.841, 4.7244 -1.2306 0.8109, 4.7244 -1.2064 0.8279, 4.7244 -1.2158 0.6166, 4.7244 -1.2395 0.6368, 4.7244 -1.4173 0.5983, 4.7244 -1.1884 0.6032, 4.7244 -1.2568 0.6615, 4.7244 -1.2677 0.6897, 4.7244 -1.4173 0.7364, 4.7244 -1.2714 0.7195, 4.7244 -1.2711 0.7267, 4.7244 -1.2694 0.7364, 4.7244 -1.2661 0.7553, 4.7244 -1.1787 0.6004, 4.7244 -1.1778 0.5983, 4.7244 -1.1711 0.584, 4.7244 -1.4173 0.556, 4.7244 -1.1598 0.5701, 4.7244 -1.1449 0.5589, 4.7244 -0.7434 -1.2205, 4.7244 -1.0882 0.551, 4.7244 -1.1066 0.5487, 4.7244 -1.4173 -1.2205, 4.7244 -1.1095 0.5488, 4.7244 -1.1274 0.5516, 4.7244 -1.138 0.556, 4.7244 -1.0355 0.5983, 4.7244 -1.0357 0.5978, 4.7244 -0.7434 0.556, 4.7244 -1.0447 0.5809, 4.7244 -1.0562 0.5681, 4.7244 -1.0713 0.5575, 4.7244 -1.0752 0.556, 4.7244 -0.9386 0.6431, 4.7244 -0.9334 0.6451, 4.7244 -0.9245 0.6884, 4.7244 -1.0497 0.6755, 4.7244 -0.948 0.7286, 4.7244 -1.063 0.6876, 4.7244 -1.0791 0.6962, 4.7244 -0.9433 0.6398, 4.7244 -0.8001 0.654, 4.7244 -0.8152 0.633, 4.7244 -0.7434 0.5983, 4.7244 -0.8345 0.7107, 4.7244 -0.838 0.7253, 4.7244 -0.8439 0.7364, 4.7244 -1.2216 0.7364, 4.7244 -0.7906 0.73, 4.7244 -0.7871 0.7051, 4.7244 -0.7905 0.6781, 4.7244 -0.9275 0.6459, 4.7244 -0.9268 0.6458, 4.7244 -0.9245 0.6453, 4.7244 -1.2171 0.6906, 4.7244 -1.2082 0.6754, 4.7244 -1.1697 0.6675, 4.7244 -1.1946 0.6614, 4.7244 -1.178 0.6512, 4.7244 -1.1416 0.6926, 4.7244 -1.1571 0.6818, 4.7244 -1.2235 0.721, 4.7244 -1.2226 0.7091, 4.7244 -1.1248 0.6991, 4.7244 -1.1066 0.7013, 4.7244 -1.0975 0.7008, 4.7244 -0.8358 0.6155, 4.7244 -0.8589 0.6042, 4.7244 -0.8842 0.5988, 4.7244 -0.951 0.6224, 4.7244 -0.9508 0.6254, 4.7244 -1.0307 0.6322, 4.7244 -0.9493 0.6311, 4.7244 -0.9464 0.6363, 4.7244 -0.929 0.5988, 4.7244 -0.9333 0.5995, 4.7244 -0.9383 0.6015, 4.7244 -0.9432 0.605, 4.7244 -0.945 0.6068, 4.7244 -0.9483 0.6116, 4.7244 -0.9503 0.6167, 4.7244 -1.0312 0.6165, 4.7244 -1.0307 0.6246, 4.7244 -0.8486 0.6653, 4.7244 -0.8405 0.6774, 4.7244 -0.8356 0.691, 4.7244 -0.8341 0.7043, 4.7244 -0.9229 0.6451, 4.7244 -0.8888 0.6451, 4.7244 -0.8796 0.6465, 4.7244 -0.8657 0.6517, 4.7244 -0.8538 0.66, 4.7244 -0.9159 0.8094, 4.7244 -0.9331 0.8298, 4.7244 -1.1074 0.7856, 4.7244 -0.9348 0.8313, 4.7244 -0.9561 0.8461, 4.7244 -1.0958 0.8096, 4.7244 -1.1125 0.7884, 4.7244 -1.1296 0.7947, 4.7244 -0.8802 0.7621, 4.7244 -0.8933 0.7635, 4.7244 -0.8994 0.7635, 4.7244 -0.9041 0.7849, 4.7244 -0.845 0.7385, 4.7244 -0.8549 0.7493, 4.7244 -0.8668 0.7573, 4.7244 -1.1745 0.792, 4.7244 -1.1914 0.783, 4.7244 -1.1558 0.7965, 4.7244 -1.2042 0.7715, 4.7244 -1.2147 0.7564, 4.7244 -1.0787 0.83, 4.7244 -0.9799 0.8552, 4.7244 -1.0585 0.8448, 4.7244 -1.0057 0.8584, 4.7244 -1.0337 0.8548, 4.7244 -1.1476 0.7969, 4.7244 -1.2213 0.7395, 4.7244 -0.3466 0.6114, 4.7244 -0.3466 0.5992, 4.7244 -0.3365 0.7364, 4.7244 -0.349 0.706, 4.7244 -0.349 0.6937, 4.7244 -0.352 0.6473, 4.7244 -0.352 0.6595, 4.7244 -0.3702 0.6595, 4.7244 -0.3902 0.6473, 4.7244 -0.3902 0.6114, 4.7244 -0.3702 0.6114, 4.7244 -0.3702 0.6937, 4.7244 -0.3902 0.6937, 4.7244 -0.3902 0.6595, 4.7244 -0.3702 0.5992, 4.7244 -0.404 0.5992, 4.7244 -0.4567 0.6181, 4.7244 -0.4551 0.6119, 4.7244 -0.4547 0.6119, 4.7244 -0.4184 0.6755, 4.7244 -0.4702 0.7364, 4.7244 -0.4323 0.6755, 4.7244 -0.4702 0.6569, 4.7244 -0.4531 0.618, 4.7244 -0.4541 0.6145, 4.7244 -0.5636 0.7364, 4.7244 -0.5636 0.5983, 4.7244 -0.55 0.6157, 4.7244 -0.55 0.6019, 4.7244 -0.5448 0.6125, 4.7244 -0.5439 0.6121, 4.7244 -0.5439 0.6404, 4.7244 -0.5462 0.6428, 4.7244 -0.5479 0.6456, 4.7244 -0.5494 0.6497, 4.7244 -0.55 0.6549, 4.7244 -0.5494 0.6597, 4.7244 -0.544 0.6405, 4.7244 -0.5439 0.5997, 4.7244 -0.5439 0.5983, 4.7244 -0.5405 0.5985, 4.7244 -0.5382 0.5983, 4.7244 -0.5294 0.5974, 4.7244 -0.5439 0.556, 4.7244 -0.4951 0.556, 4.7244 -0.5022 0.6738, 4.7244 -0.5022 0.6608, 4.7244 -0.5414 0.6711, 4.7244 -0.5375 0.6735, 4.7244 -0.5439 0.7364, 4.7244 -0.4992 0.6146, 4.7244 -0.5008 0.6103, 4.7244 -0.5033 0.6068, 4.7244 -0.5478 0.664, 4.7244 -0.5454 0.6676, 4.7244 -0.5439 0.6689, 4.7244 -0.5301 0.6761, 4.7244 -0.5203 0.6772, 4.7244 -0.4951 0.7364, 4.7244 -0.5129 0.6767, 4.7244 -0.503 0.6326, 4.7244 -0.5005 0.6289, 4.7244 -0.4991 0.6249, 4.7244 -0.4985 0.6199, 4.7244 -0.5071 0.6035, 4.7244 -0.511 0.6012, 4.7244 -0.5216 0.6663, 4.7244 -0.5255 0.666, 4.7244 -0.5362 0.6561, 4.7244 -0.5291 0.6651, 4.7244 -0.5321 0.6635, 4.7244 -0.5361 0.6543, 4.7244 -0.5355 0.6522, 4.7244 -0.5346 0.6504, 4.7244 -0.5333 0.649, 4.7244 -0.5285 0.646, 4.7244 -0.5128 0.6653, 4.7244 -0.5203 0.6424, 4.7244 -0.5053 0.6626, 4.7244 -0.5151 0.6403, 4.7244 -0.5062 0.6354, 4.7244 -0.5341 0.6617, 4.7244 -0.5353 0.66, 4.7244 -0.5359 0.6582, 4.7244 -0.5364 0.6093, 4.7244 -0.5297 0.6327, 4.7244 -0.5377 0.6364, 4.7244 -0.528 0.6083, 4.7244 -0.5275 0.6083, 4.7244 -0.5209 0.629, 4.7244 -0.5206 0.6091, 4.7244 -0.5123 0.6186, 4.7244 -0.5124 0.6203, 4.7244 -0.5171 0.6104, 4.7244 -0.5159 0.6111, 4.7244 -0.5144 0.6125, 4.7244 -0.5132 0.6142, 4.7244 -0.5125 0.6161, 4.7244 -0.513 0.6224, 4.7244 -0.514 0.6242, 4.7244 -0.5157 0.6259, 4.7244 -0.2973 0.7978, 4.7244 -0.3365 0.7978, 4.7244 -0.2864 0.7686, 4.7244 -0.2712 0.7686, 4.7244 -0.2365 0.7364, 4.7244 -0.3119 0.8753, 4.7244 -0.3673 0.7686, 4.7244 -0.352 0.7686, 4.7244 -0.3418 0.7978, 4.7244 -0.4827 0.863, 4.7244 -0.4702 0.8762, 4.7244 -0.4827 0.8753, 4.7244 -0.4951 0.8762, 4.7244 -0.4951 0.8753, 4.7244 -0.4857 0.8289, 4.7244 -0.4857 0.8167, 4.7244 -0.5239 0.8167, 4.7244 -0.5239 0.7807, 4.7244 -0.4951 0.7807, 4.7244 -0.4951 0.863, 4.7244 -0.4951 0.8289, 4.7244 -0.5239 0.863, 4.7244 -0.5239 0.8289, 4.7244 -0.5377 0.7686, 4.7244 -0.4951 0.7686, 4.7244 -0.4803 0.7686, 4.7244 -0.4803 0.7807, 4.7244 -0.4951 0.8167, 4.7244 -0.5377 0.8753, 4.7244 -0.5439 0.8762, 4.7244 -0.5636 0.7712, 4.7244 -0.5609 0.7721, 4.7244 -0.559 0.773, 4.7244 -0.559 0.7862, 4.7244 -0.6145 0.8515, 4.7244 -0.6195 0.844, 4.7244 -0.5636 0.7842, 4.7244 -0.623 0.8346, 4.7244 -0.6245 0.8207, 4.7244 -0.6245 0.8198, 4.7244 -0.5698 0.7814, 4.7244 -0.582 0.7792, 4.7244 -0.5712 0.8631, 4.7244 -0.5842 0.8647, 4.7244 -0.5889 0.8645, 4.7244 -0.5981 0.8626, 4.7244 -0.559 0.8584, 4.7244 -0.5603 0.859, 4.7244 -0.5636 0.8603, 4.7244 -0.6065 0.8586, 4.7244 -0.6133 0.8528, 4.7244 -0.6228 0.8066, 4.7244 -0.6195 0.7979, 4.7244 -0.614 0.7903, 4.7244 -0.6043 0.783, 4.7244 -0.5966 0.7802, 4.7244 -0.5866 0.779, 4.7244 -0.6114 0.7878, 4.7244 -0.5734 0.8762, 4.7244 -0.5696 0.8759, 4.7244 -0.5636 0.8762, 4.7244 -0.5636 0.8741, 4.7244 -0.559 0.8728, 4.7244 -0.5636 0.9638, 4.7244 -0.5834 0.8771, 4.7244 -0.5926 0.8762, 4.7244 -0.6342 0.8762, 4.7244 -0.5984 0.8756, 4.7244 -0.6098 0.8715, 4.7244 -0.6312 0.8515, 4.7244 -0.6236 0.8614, 4.7244 -0.6203 0.8645, 4.7244 -0.6406 0.8762, 4.7244 -0.6363 0.8396, 4.7244 -0.6342 0.8445, 4.7244 -0.6342 0.7954, 4.7244 -0.6374 0.8048, 4.7244 -0.6406 0.7364, 4.7244 -0.639 0.8199, 4.7244 -0.6388 0.8257, 4.7244 -0.6061 0.7693, 4.7244 -0.6162 0.7739, 4.7244 -0.6342 0.7364, 4.7244 -0.6253 0.7813, 4.7244 -0.6274 0.7838, 4.7244 -0.6334 0.7932, 4.7244 -0.5723 0.7683, 4.7244 -0.5886 0.7668, 4.7244 -0.5944 0.767, 4.7244 -0.624 0.6356, 4.7244 -0.622 0.6571, 4.7244 -0.6267 0.6318, 4.7244 -0.6285 0.6271, 4.7244 -0.6342 0.5983, 4.7244 -0.6272 0.609, 4.7244 -0.6288 0.6136, 4.7244 -0.5815 0.611, 4.7244 -0.5819 0.611, 4.7244 -0.5815 0.5992, 4.7244 -0.584 0.6078, 4.7244 -0.5882 0.6033, 4.7244 -0.6199 0.6391, 4.7244 -0.6142 0.642, 4.7244 -0.6134 0.6626, 4.7244 -0.6041 0.6445, 4.7244 -0.5924 0.6659, 4.7244 -0.597 0.6663, 4.7244 -0.605 0.6655, 4.7244 -0.5877 0.6765, 4.7244 -0.5821 0.6748, 4.7244 -0.6184 0.6003, 4.7244 -0.6229 0.6034, 4.7244 -0.6244 0.6049, 4.7244 -0.5776 0.6722, 4.7244 -0.574 0.6688, 4.7244 -0.5713 0.6645, 4.7244 -0.622 0.6701, 4.7244 -0.6189 0.6719, 4.7244 -0.6089 0.6757, 4.7244 -0.5957 0.6772, 4.7244 -0.5815 0.6477, 4.7244 -0.582 0.6536, 4.7244 -0.5834 0.6583, 4.7244 -0.585 0.6611, 4.7244 -0.6294 0.6196, 4.7244 -0.6294 0.6213, 4.7244 -0.5692 0.6585, 4.7244 -0.5682 0.6483, 4.7244 -0.5682 0.5992, 4.7244 -0.587 0.6633, 4.7244 -0.5893 0.6648, 4.7244 -0.598 0.5983, 4.7244 -0.5984 0.5982, 4.7244 -0.5636 0.556, 4.7244 -0.6052 0.5974, 4.7244 -0.6342 0.556, 4.7244 -0.613 0.5983, 4.7244 -0.6132 0.5983, 4.7244 -0.4702 0.621, 4.7244 -0.4916 0.6755, 4.7244 -0.4766 0.6755, 4.7244 -0.4621 0.5983, 4.7244 -0.4617 0.5994, 4.7244 -0.4702 0.5807, 4.7244 -0.4702 0.5807, 4.7244 -0.4702 0.5983, 4.7244 -0.4675 0.5855, 4.7244 -0.4888 0.5763, 4.7244 -0.4888 0.5644, 4.7244 -0.4861 0.5754, 4.7244 -0.4812 0.5748, 4.7244 -0.478 0.5751, 4.7244 -0.4702 0.5657, 4.7244 -0.4748 0.5639, 4.7244 -0.4702 0.556, 4.7244 -0.4802 0.5633, 4.7244 -0.4832 0.5634, 4.7244 -0.4751 0.5762, 4.7244 -0.4726 0.5779, 4.7244 -0.453 0.5877, 4.7244 -0.4591 0.5759, 4.7244 -0.3702 0.556, 4.7244 -0.4488 0.5983, 4.7244 -0.4639 0.57, 4.7244 -0.4649 0.5692, 4.7244 -0.4695 0.5659, 4.7244 0.5709 0.8762, 4.7244 0.5709 0.7364, 4.7244 0.5709 0.5983, 4.7244 0.2167 0.5983, 4.7244 0.5709 0.556, 4.7244 0.2167 0.556, 4.7244 -0.2365 0.5983, 4.7244 -0.2365 0.556, 4.7244 -0.2183 0.5992, 4.7244 -0.2336 0.5992, 4.7244 -0.1527 0.5992, 4.7244 -0.1636 0.6284, 4.7244 -0.2081 0.6284, 4.7244 -0.1929 0.706, 4.7244 -0.1782 0.706, 4.7244 -0.1375 0.5992, 4.7244 -0.3365 0.8762, 4.7244 -0.3266 0.8753, 4.7244 -0.3365 0.8494, 4.7244 -0.2816 0.6008, 4.7244 -0.297 0.5992, 4.7244 -0.3264 0.5992, 4.7244 -0.3702 0.6473, 4.7244 -0.2424 0.6347, 4.7244 -0.2476 0.6237, 4.7244 -0.2556 0.6142, 4.7244 -0.2583 0.6118, 4.7244 -0.2689 0.6051, 4.7244 -0.3264 0.706, 4.7244 -0.2959 0.706, 4.7244 -0.2791 0.704, 4.7244 -0.2662 0.6992, 4.7244 -0.2556 0.6918, 4.7244 -0.2513 0.6875, 4.7244 -0.2448 0.6781, 4.7244 -0.241 0.6677, 4.7244 -0.2395 0.654, 4.7244 -0.2398 0.6472, 4.7244 -0.4153 0.7701, 4.7244 -0.4307 0.7686, 4.7244 -0.4601 0.7686, 4.7244 -0.3761 0.8041, 4.7244 -0.3813 0.793, 4.7244 -0.3735 0.8166, 4.7244 -0.3893 0.7835, 4.7244 -0.392 0.7811, 4.7244 -0.4026 0.7744, 4.7244 -0.4601 0.8753, 4.7244 -0.4296 0.8753, 4.7244 -0.3702 0.8762, 4.7244 -0.4127 0.8734, 4.7244 -0.3999 0.8686, 4.7244 -0.3785 0.8474, 4.7244 -0.3747 0.8371, 4.7244 -0.3732 0.8233, 4.7244 -0.3893 0.8612, 4.7244 -0.385 0.8569, 4.7244 -0.4951 -1.2205, 4.7244 -0.4702 -1.2205, 4.7244 -0.3702 -1.2205, 4.7244 -0.3365 -1.2205, 4.7244 -0.2365 -1.2205, 4.7244 0.2167 -1.2205, 4.7244 0.5709 -1.2205, 4.7244 -0.5636 -1.2205, 4.7244 -0.5439 -1.2205, 4.7244 -0.5929 0.6001, 4.7244 -0.5439 0.9638, 4.7244 -0.4951 0.9638, 4.7244 -0.4702 0.9638, 4.7244 -0.3702 0.9638, 4.7244 -0.3365 0.9638, 4.7244 -0.2365 0.9638, 4.7244 0.2167 0.9638, 4.7244 -0.6406 0.556, 4.7244 -0.6406 -1.2205, 4.7244 -0.6342 -1.2205, 4.7244 -0.6406 0.5983, 4.7244 -0.6447 0.706, 4.7244 -0.6447 0.6937, 4.7244 -0.6996 0.706, 4.7244 -0.6996 0.5992, 4.7244 -0.6859 0.6473, 4.7244 -0.6859 0.6114, 4.7244 -0.6477 0.6473, 4.7244 -0.6422 0.6114, 4.7244 -0.6477 0.6595, 4.7244 -0.6859 0.6937, 4.7244 -0.6859 0.6595, 4.7244 -0.6422 0.5992, 4.7244 -0.6859 0.8753, 4.7244 -0.6859 0.7807, 4.7244 -0.6433 0.7807, 4.7244 -0.6433 0.7686, 4.7244 -0.6996 0.7686, 4.7244 -0.6996 0.8753, 4.7244 -0.6406 0.9638, 4.7244 -0.6342 0.9638, 4.7244 -0.5843 0.8771, 4.7244 -0.2365 1.0236, 4.7244 -0.3365 1.0236, 4.7244 -0.3702 1.0236, 4.7244 -0.4702 1.0236, 4.7244 -0.4951 1.0236, 4.7244 -0.5439 1.0236, 4.7244 -0.5636 1.0236, 4.7244 -0.6342 1.0236, 4.7244 -0.6406 1.0236, 4.7244 -0.7434 1.0236, 4.7244 -1.4173 1.0236, 4.4291 0.0394 1.0236, 4.2126 0.0394 1.0236, 4.2126 -1.2992 1.0236, -4.2126 -1.2992 1.0236, -4.7244 -1.4173 1.0236, -3.5433 -1.4173 1.0236, -4.4291 0.5709 1.0236, -4.7244 0.5709 1.0236, -4.4291 0.0394 1.0236, -4.2126 0.0394 1.0236, 3.6614 -0.9055 1.0236, 3.0315 -0.9055 1.0236, 3.0315 -0.9843 1.0236, 3.1496 -1.4173 1.0236, 3.1496 -1.1024 1.0236, 3.5433 -1.1024 1.0236, 3.6614 -1.2992 1.0236, 3.5433 -1.4173 1.0236, 4.4291 0.5709 1.0236, 2.9528 -1.063 1.0236, 2.874 -1.1417 1.0236, 2.3622 -1.4173 1.0236, 2.4803 -1.1417 1.0236, 2.3622 -1.0236 1.0236, 2.4803 -0.9055 1.0236, -2.3622 -1.0236 1.0236, -2.4803 -0.9055 1.0236, -2.3622 -1.4173 1.0236, -2.4803 -1.1417 1.0236, -3.1496 -1.4173 1.0236, -3.0315 -1.1417 1.0236, -3.1496 -1.1024 1.0236, -3.0315 -0.9055 1.0236, -3.5433 -1.1024 1.0236, -3.6614 -0.9055 1.0236, -3.6614 -1.2992 1.0236, -3.5433 0.2559 1.2205, -2.4016 0.2559 1.2205, -3.5433 0.5709 1.2205, -2.4016 0.5709 1.2205, 3.7402 -0.8268 -0.8661, 3.7402 -1.2205 -0.8661, 4.1339 -1.2205 -0.8661, 2.5591 -1.063 -0.8661, 2.874 -1.063 -0.8661, 2.5591 -0.8268 -0.8661, 2.9528 -0.9843 -0.8661, 2.9528 -0.8268 -0.8661, 3.1496 -0.8022 -0.8661, 2.3622 -0.8022 -0.8661, 2.3622 -0.8268 -0.8661, 1.5748 -0.8022 -0.8661, 1.5748 -0.8268 -0.8661, 0.7874 -0.8022 -0.8661, 0.7874 -0.8268 -0.8661, 0.0 -0.8022 -0.8661, 0.0 -0.8268 -0.8661, -2.5591 -0.8268 -0.8661, -2.3622 -0.8268 -0.8661, -2.3622 -0.8022 -0.8661, -1.5748 -0.8268 -0.8661, -1.5748 -0.8022 -0.8661, -2.9528 -1.063 -0.8661, -2.5591 -1.063 -0.8661, -2.9528 -0.8268 -0.8661, -3.1496 -0.8022 -0.8661, -3.8878 -1.2205 -0.8661, -3.7402 -1.2205 -0.8661, -3.8878 -0.8022 -0.8661, -3.7402 -0.8268 -0.8661, -3.1496 -0.8268 -0.8661, 3.1496 -0.8268 -0.8661, 4.1339 -0.8022 -0.8661, -4.1339 -1.2205 -0.8661, -4.1339 -0.8022 -0.8661, -4.1339 0.2559 -0.8661, -3.8878 0.2559 -0.8661, -3.6417 -0.187 -0.8661, -3.6417 -0.3839 -0.8661, -3.4449 -0.3839 -0.8661, -3.4449 -0.187 -0.8661, -3.1496 0.2559 -0.8661, -2.8543 -0.187 -0.8661, -2.8543 -0.3839 -0.8661, -2.6575 -0.3839 -0.8661, -2.6575 -0.187 -0.8661, -2.3622 0.2559 -0.8661, -2.0669 -0.187 -0.8661, -2.0669 -0.3839 -0.8661, -1.8701 -0.3839 -0.8661, -1.8701 -0.187 -0.8661, -1.5748 0.2559 -0.8661, -1.0827 -0.187 -0.8661, 0.0 0.2559 -0.8661, -1.2795 -0.187 -0.8661, -1.2795 -0.3839 -0.8661, -1.0827 -0.3839 -0.8661, -0.4921 -0.3839 -0.8661, -0.4921 -0.187 -0.8661, -0.2953 -0.187 -0.8661, -0.2953 -0.3839 -0.8661, 0.2953 -0.187 -0.8661, 0.2953 -0.3839 -0.8661, 0.4921 -0.3839 -0.8661, 0.4921 -0.187 -0.8661, 0.7874 0.2559 -0.8661, 1.0827 -0.187 -0.8661, 1.0827 -0.3839 -0.8661, 1.2795 -0.3839 -0.8661, 1.2795 -0.187 -0.8661, 1.5748 0.2559 -0.8661, 1.8701 -0.187 -0.8661, 1.8701 -0.3839 -0.8661, 2.0669 -0.3839 -0.8661, 2.0669 -0.187 -0.8661, 2.3622 0.2559 -0.8661, 2.6575 -0.187 -0.8661, 2.6575 -0.3839 -0.8661, 2.8543 -0.3839 -0.8661, 2.8543 -0.187 -0.8661, 3.1496 0.2559 -0.8661, 3.4449 -0.187 -0.8661, 3.4449 -0.3839 -0.8661, 3.6417 -0.3839 -0.8661, 3.6417 -0.187 -0.8661, 4.1339 0.2559 -0.8661, 3.1496 -0.6053 -1.4961, 3.1496 0.374 -1.4961, 3.4252 0.374 -1.4961, 3.4252 0.5709 -1.4961, 3.6614 0.5709 -1.4961, 3.6614 0.374 -1.4961, 3.6417 -0.3839 -1.4961, 4.1339 -0.6053 -1.4961, 3.4449 -0.3839 -1.4961, 3.4449 -0.187 -1.4961, 3.6417 -0.187 -1.4961, 4.1339 0.374 -1.4961, 2.3622 -0.6053 -1.4961, 2.3622 0.374 -1.4961, 2.6378 0.374 -1.4961, 2.6378 0.5709 -1.4961, 2.874 0.5709 -1.4961, 2.874 0.374 -1.4961, 2.8543 -0.3839 -1.4961, 2.6575 -0.3839 -1.4961, 2.6575 -0.187 -1.4961, 2.8543 -0.187 -1.4961, 1.5748 -0.6053 -1.4961, 1.5748 0.374 -1.4961, 1.8504 0.374 -1.4961, 1.8504 0.5709 -1.4961, 2.0866 0.5709 -1.4961, 2.0866 0.374 -1.4961, 2.0669 -0.3839 -1.4961, 1.8701 -0.3839 -1.4961, 1.8701 -0.187 -1.4961, 2.0669 -0.187 -1.4961, 0.7874 -0.6053 -1.4961, 0.7874 0.374 -1.4961, 1.063 0.374 -1.4961, 1.063 0.5709 -1.4961, 1.2992 0.5709 -1.4961, 1.2992 0.374 -1.4961, 1.2795 -0.3839 -1.4961, 1.0827 -0.3839 -1.4961, 1.0827 -0.187 -1.4961, 1.2795 -0.187 -1.4961, 0.0 -0.6053 -1.4961, 0.0 0.374 -1.4961, 0.2756 0.374 -1.4961, 0.2756 0.5709 -1.4961, 0.5118 0.5709 -1.4961, 0.5118 0.374 -1.4961, 0.4921 -0.3839 -1.4961, 0.2953 -0.3839 -1.4961, 0.2953 -0.187 -1.4961, 0.4921 -0.187 -1.4961, -1.5748 -0.6053 -1.4961, -1.5748 0.374 -1.4961, -1.2992 0.374 -1.4961, -1.2992 0.5709 -1.4961, -1.063 0.5709 -1.4961, -1.063 0.374 -1.4961, -1.0827 -0.3839 -1.4961, -0.5118 0.374 -1.4961, -0.5118 0.5709 -1.4961, -0.2756 0.5709 -1.4961, -0.2756 0.374 -1.4961, -1.0827 -0.187 -1.4961, -1.2795 -0.187 -1.4961, -1.2795 -0.3839 -1.4961, -0.2953 -0.3839 -1.4961, -0.4921 -0.3839 -1.4961, -0.4921 -0.187 -1.4961, -0.2953 -0.187 -1.4961, -2.3622 -0.6053 -1.4961, -2.3622 0.374 -1.4961, -2.0866 0.374 -1.4961, -2.0866 0.5709 -1.4961, -1.8504 0.5709 -1.4961, -1.8504 0.374 -1.4961, -1.8701 -0.3839 -1.4961, -2.0669 -0.3839 -1.4961, -2.0669 -0.187 -1.4961, -1.8701 -0.187 -1.4961, -3.1496 -0.6053 -1.4961, -3.1496 0.374 -1.4961, -2.874 0.374 -1.4961, -2.874 0.5709 -1.4961, -2.6378 0.5709 -1.4961, -2.6378 0.374 -1.4961, -2.6575 -0.3839 -1.4961, -2.8543 -0.3839 -1.4961, -2.8543 -0.187 -1.4961, -2.6575 -0.187 -1.4961, -3.8878 0.374 -1.4961, -3.6614 0.374 -1.4961, -3.4449 -0.187 -1.4961, -3.4252 0.5709 -1.4961, -3.4252 0.374 -1.4961, -3.6614 0.5709 -1.4961, -3.4449 -0.3839 -1.4961, -3.6417 -0.3839 -1.4961, -3.8878 -0.6053 -1.4961, -3.6417 -0.187 -1.4961, -4.1339 0.374 -1.4961, -4.1339 -0.6053 -1.4961, 4.1339 -0.8268 -1.4961, 3.1496 -0.8268 -1.4961, 2.3622 -0.8268 -1.4961, 1.5748 -0.8268 -1.4961, 0.7874 -0.8268 -1.4961, 0.0 -0.8268 -1.4961, -1.5748 -0.8268 -1.4961, -2.3622 -0.8268 -1.4961, -3.1496 -0.8268 -1.4961, -3.8878 -0.8268 -1.4961, -4.1339 -0.8268 -1.4961, 4.4882 0.5709 -1.2205, 3.7402 0.5709 0.6693, 3.7402 0.5709 -1.6929, 3.6614 0.5709 -1.6929, 4.3307 0.5709 -1.6929, 4.1339 0.5709 -1.6929, 4.3307 0.5709 0.5118, 4.1339 0.5709 0.6693, 3.4252 0.5709 -1.6929, 2.874 0.5709 -1.6929, -2.3425 0.5709 1.088, 4.4882 0.5709 0.5118, 2.3569 0.5709 1.1024, 2.3609 0.5709 1.1119, 3.5433 0.5709 1.2205, 3.5943 0.5709 1.2272, 3.6417 0.5709 1.2468, 3.6825 0.5709 1.2781, 3.7138 0.5709 1.3189, 3.7334 0.5709 1.3664, 4.4291 0.5709 1.6142, 3.7402 0.5709 1.4173, 1.8504 0.5709 -1.6929, 1.2992 0.5709 -1.6929, -2.3228 0.5709 1.0827, 2.3228 0.5709 1.0827, 2.333 0.5709 1.084, 2.3425 0.5709 1.088, 2.3507 0.5709 1.0942, 3.7402 0.5709 1.6535, 3.7795 0.5709 1.6929, 4.3504 0.5709 1.6929, -2.333 0.5709 1.084, 2.3622 0.5709 1.122, 2.3622 0.5709 1.1811, 2.3635 0.5709 1.1913, 2.3819 0.5709 1.2152, 2.3914 0.5709 1.2191, 2.4016 0.5709 1.2205, 2.0866 0.5709 -1.6929, 2.6378 0.5709 -1.6929, 3.755 0.5709 1.6843, 3.7624 0.5709 1.689, 3.7487 0.5709 1.6781, 3.7441 0.5709 1.6706, 3.7411 0.5709 1.6623, 3.7708 0.5709 1.6919, 2.3675 0.5709 1.2008, 2.3737 0.5709 1.2089, -0.5118 0.5709 -1.6929, -1.063 0.5709 -1.6929, -2.3609 0.5709 1.1119, -2.3622 0.5709 1.122, -3.5943 0.5709 1.2272, -3.6417 0.5709 1.2468, -3.7402 0.5709 1.4173, -3.7334 0.5709 1.3664, -4.4291 0.5709 1.6142, -3.7138 0.5709 1.3189, -3.6825 0.5709 1.2781, -1.2992 0.5709 -1.6929, -1.8504 0.5709 -1.6929, -2.3569 0.5709 1.1024, -2.3507 0.5709 1.0942, 0.5118 0.5709 -1.6929, 1.063 0.5709 -1.6929, -2.0866 0.5709 -1.6929, -2.6378 0.5709 -1.6929, 0.2756 0.5709 -1.6929, -0.2756 0.5709 -1.6929, -3.7402 0.5709 0.6693, -2.3914 0.5709 1.2191, -2.3635 0.5709 1.1913, -2.3622 0.5709 1.1811, -2.3819 0.5709 1.2152, -2.3737 0.5709 1.2089, -2.3675 0.5709 1.2008, -4.1339 0.5709 -1.6929, -4.3307 0.5709 -1.6929, -4.1339 0.5709 0.6693, -4.3307 0.5709 0.5118, -3.7402 0.5709 1.6535, -4.3504 0.5709 1.6929, -3.7795 0.5709 1.6929, -4.4882 0.5709 -1.2205, -4.7244 0.5709 -1.2205, -4.4882 0.5709 0.5118, -3.6614 0.5709 -1.6929, -3.7402 0.5709 -1.6929, -3.4252 0.5709 -1.6929, -2.874 0.5709 -1.6929, -3.7441 0.5709 1.6706, -3.7624 0.5709 1.689, -3.7487 0.5709 1.6781, -3.755 0.5709 1.6843, -3.7708 0.5709 1.6919, -3.7411 0.5709 1.6623, -2.874 0.374 -1.6929, -3.4252 0.374 -1.6929, -2.6378 0.374 -1.6929, -2.0866 0.374 -1.6929, -1.8504 0.374 -1.6929, -1.2992 0.374 -1.6929, -1.063 0.374 -1.6929, -0.5118 0.374 -1.6929, -0.2756 0.374 -1.6929, 0.2756 0.374 -1.6929, 0.5118 0.374 -1.6929, 1.063 0.374 -1.6929, 1.2992 0.374 -1.6929, 1.8504 0.374 -1.6929, 2.0866 0.374 -1.6929, 2.6378 0.374 -1.6929, 2.874 0.374 -1.6929, 3.4252 0.374 -1.6929, -4.1339 0.374 -1.6929, -3.6614 0.374 -1.6929, 3.7402 -1.4173 -1.6929, 4.3307 -1.4173 -1.6929, 3.7402 -1.4173 -0.9843, 4.3307 -1.4173 0.5118, 4.4882 -1.4173 -1.2205, 4.4882 -1.4173 0.5118, 3.5433 -1.4173 -0.9843, 4.2126 0.1181 1.6929, 4.3504 0.1181 1.6929, 4.2126 0.2559 1.6929, 3.7795 0.2559 1.6929, -4.7244 -1.4173 -1.2205, -3.7402 -1.0236 -0.9843, -3.7402 -1.0236 -1.6929, -2.3622 -1.0236 -0.9843, 3.7402 -1.0236 -1.6929, -0.2953 -1.0236 0.7087, -0.2953 -1.0236 0.1181, -0.8858 -1.0236 0.1181, -0.8858 -1.0236 0.7087, 2.3622 -1.0236 -0.9843, 0.8858 -1.0236 0.1181, 0.2953 -1.0236 0.1181, 0.8858 -1.0236 0.7087, 0.2953 -1.0236 0.7087, 3.7402 -1.0236 -0.9843, 2.3622 -1.4173 -0.9843, 3.1496 -1.4173 -0.9843, -3.1496 -1.4173 -0.9843, -2.3622 -1.4173 -0.9843, -3.7402 -1.4173 -0.9843, -3.5433 -1.4173 -0.9843, -4.3307 -1.4173 0.5118, -4.3307 -1.4173 -1.6929, -3.7402 -1.4173 -1.6929, -4.4882 -1.4173 0.5118, -4.4882 -1.4173 -1.2205, -3.7795 0.2559 1.6929, -4.2126 0.2559 1.6929, -4.2126 0.1181 1.6929, -4.3504 0.1181 1.6929, 4.1339 0.1181 0.9449, 4.1339 0.1181 1.6142, 4.1339 0.2559 1.6142, 4.1339 -1.2205 0.9449, 3.7402 -1.2205 0.9449, 3.7402 -0.8268 0.9449, 2.9528 -0.8268 0.9449, 2.9528 -0.9843 0.9449, 2.874 -1.063 0.9449, 2.5591 -1.063 0.9449, 2.5591 -0.8268 0.9449, -2.5591 -0.8268 0.9449, -2.5591 -1.063 0.9449, -2.9528 -1.063 0.9449, -2.9528 -0.8268 0.9449, -3.7402 -0.8268 0.9449, -3.7402 -1.2205 0.9449, -4.1339 -1.2205 0.9449, -4.1339 0.2559 1.6142, -4.1339 0.1181 0.9449, -4.1339 0.1181 1.6142, -3.1496 -1.1024 -0.9843, -3.5433 -1.1024 -0.9843, 3.1496 -1.1024 -0.9843, 3.5433 -1.1024 -0.9843, 3.8976 0.7874 -1.6929, 4.1339 0.7874 -1.6929, 4.1339 -0.8268 -1.6929, -4.1339 -0.8268 -1.6929, 3.6614 0.374 -1.6929, 4.1339 0.374 -1.6929, -4.1339 0.7874 -1.6929, -3.8976 0.7874 -1.6929, -3.7708 0.2559 1.6919, -3.5943 0.2559 1.2272, -3.6417 0.2559 1.2468, -3.6825 0.2559 1.2781, -3.7138 0.2559 1.3189, 2.3622 0.2559 1.122, 3.5433 0.2559 1.2205, 2.3622 0.2559 1.1811, 2.4016 0.2559 1.2205, -2.3316 0.2559 1.0837, -2.3399 0.2559 1.0866, 3.7402 0.2559 1.6535, 3.7402 0.2559 1.4173, 3.7334 0.2559 1.3664, 3.7138 0.2559 1.3189, 3.6825 0.2559 1.2781, 2.333 0.2559 1.084, -3.7334 0.2559 1.3664, -3.7402 0.2559 1.4173, -3.7402 0.2559 1.6535, -2.3228 0.2559 1.0827, 2.3928 0.2559 1.2195, 2.3845 0.2559 1.2166, 2.377 0.2559 1.2119, 2.3708 0.2559 1.2056, 2.3661 0.2559 1.1982, 2.3632 0.2559 1.1899, 3.6417 0.2559 1.2468, 3.5943 0.2559 1.2272, 2.3228 0.2559 1.0827, -2.3474 0.2559 1.0913, -2.3536 0.2559 1.0975, -2.3583 0.2559 1.105, -2.3612 0.2559 1.1133, -3.7411 0.2559 1.6623, -3.7441 0.2559 1.6706, -3.7487 0.2559 1.6781, 3.7708 0.2559 1.6919, 3.7624 0.2559 1.689, 3.755 0.2559 1.6843, 3.7487 0.2559 1.6781, 3.7441 0.2559 1.6706, 3.7411 0.2559 1.6623, -3.755 0.2559 1.6843, -3.7624 0.2559 1.689, 2.3425 0.2559 1.088, 2.3609 0.2559 1.1119, 2.3569 0.2559 1.1024, 2.3507 0.2559 1.0942, -2.3622 0.2559 1.122, -2.3622 0.2559 1.1811, -2.3632 0.2559 1.1899, -2.3928 0.2559 1.2195, -2.3661 0.2559 1.1982, -2.3708 0.2559 1.2056, -2.377 0.2559 1.2119, -2.3845 0.2559 1.2166, 0.8858 -1.2205 0.315, 0.2953 -1.2205 0.315, 0.8858 -1.2205 0.1181, 0.2953 -1.2205 0.1181, -0.8858 -1.2205 0.1181, -0.2953 -1.2205 0.1181, -0.8858 -1.2205 0.315, -0.2953 -1.2205 0.315, -4.4291 0.0394 1.6142, -4.2126 0.0394 1.6142, 4.2126 0.0394 1.6142, 4.4291 0.0394 1.6142, 4.1339 0.7874 0.6693, 3.8976 0.7874 0.6693, -4.1339 0.7874 0.6693, -3.8976 0.7874 0.6693, -3.8976 0.7874 0.6693
            ]
        }
        coordIndex [
            0,1,2,-1,3,4,5,-1,6,7,8,-1,9,10,11,-1,12,13,14,-1,15,16,17,-1,17,16,18,-1,17,18,19,-1,20,21,22,-1,22,21,17,-1,22,17,23,-1,23,17,24,-1,19,25,17,-1,17,25,26,-1,17,26,24,-1,27,28,29,-1,29,28,30,-1,29,30,31,-1,31,30,32,-1,31,32,15,-1,27,29,33,-1,33,29,34,-1,33,34,35,-1,34,36,37,-1,34,38,35,-1,35,38,39,-1,35,39,40,-1,40,39,41,-1,40,41,42,-1,37,43,34,-1,34,43,44,-1,34,44,38,-1,45,46,47,-1,45,47,48,-1,46,49,47,-1,47,49,50,-1,47,50,51,-1,51,50,52,-1,52,53,51,-1,51,53,54,-1,51,54,34,-1,34,54,55,-1,34,55,36,-1,56,48,57,-1,57,48,47,-1,57,47,58,-1,58,47,59,-1,58,59,60,-1,60,59,61,-1,62,63,64,-1,62,64,65,-1,64,66,65,-1,65,66,67,-1,65,67,59,-1,59,67,68,-1,59,68,61,-1,69,70,71,-1,71,70,72,-1,72,73,71,-1,71,73,74,-1,71,74,75,-1,76,77,78,-1,79,80,81,-1,81,80,82,-1,76,78,83,-1,84,85,86,-1,87,88,80,-1,80,88,89,-1,80,89,90,-1,20,91,21,-1,21,91,92,-1,21,92,86,-1,86,92,93,-1,86,93,84,-1,77,94,78,-1,78,94,95,-1,78,95,96,-1,97,98,99,-1,99,98,100,-1,99,100,101,-1,102,90,103,-1,103,90,104,-1,103,104,99,-1,99,104,105,-1,99,105,97,-1,102,106,90,-1,90,106,107,-1,90,107,80,-1,80,107,108,-1,80,108,82,-1,85,109,86,-1,86,109,110,-1,86,110,111,-1,112,113,114,-1,114,113,115,-1,114,115,78,-1,78,115,116,-1,78,116,83,-1,117,118,69,-1,118,119,69,-1,69,119,120,-1,69,120,121,-1,121,122,69,-1,69,122,123,-1,69,123,124,-1,124,123,112,-1,124,112,125,-1,125,112,114,-1,126,127,78,-1,78,127,128,-1,78,128,80,-1,80,128,129,-1,80,129,87,-1,96,130,78,-1,78,130,131,-1,78,131,132,-1,132,133,78,-1,78,133,134,-1,78,134,126,-1,135,136,137,-1,136,138,137,-1,137,138,139,-1,137,139,140,-1,89,137,90,-1,90,137,141,-1,90,141,142,-1,143,144,89,-1,89,144,145,-1,89,145,137,-1,137,145,146,-1,137,146,135,-1,147,148,89,-1,89,148,149,-1,89,149,143,-1,150,151,152,-1,152,151,153,-1,152,153,154,-1,140,139,155,-1,155,139,156,-1,155,156,157,-1,157,156,158,-1,157,158,159,-1,142,160,90,-1,90,160,152,-1,90,152,161,-1,161,152,154,-1,162,163,1,-1,14,13,164,-1,164,13,165,-1,164,165,166,-1,167,164,168,-1,168,164,166,-1,168,166,169,-1,170,171,172,-1,166,173,169,-1,169,173,174,-1,169,174,175,-1,1,163,2,-1,2,163,176,-1,2,176,177,-1,178,179,180,-1,181,182,183,-1,183,182,184,-1,183,184,185,-1,185,184,178,-1,185,178,186,-1,186,178,180,-1,187,188,189,-1,189,188,190,-1,191,192,193,-1,194,195,189,-1,195,196,189,-1,189,196,197,-1,189,197,187,-1,187,197,198,-1,191,193,189,-1,189,193,199,-1,189,199,194,-1,200,201,202,-1,202,201,203,-1,204,203,205,-1,205,203,201,-1,205,201,188,-1,188,201,200,-1,188,200,190,-1,204,205,10,-1,10,205,206,-1,10,206,11,-1,207,208,11,-1,209,210,211,-1,212,213,11,-1,11,213,214,-1,198,215,187,-1,187,215,216,-1,187,216,211,-1,211,216,217,-1,211,217,209,-1,210,218,211,-1,211,218,219,-1,211,219,220,-1,220,219,221,-1,220,221,207,-1,222,223,208,-1,208,223,224,-1,208,224,11,-1,11,224,225,-1,11,225,212,-1,214,226,11,-1,11,226,227,-1,11,227,9,-1,228,229,230,-1,230,229,231,-1,230,231,232,-1,230,233,228,-1,228,233,234,-1,228,234,235,-1,235,236,228,-1,228,236,237,-1,228,237,238,-1,238,237,239,-1,238,239,240,-1,240,239,241,-1,240,241,208,-1,208,241,242,-1,208,242,222,-1,243,244,232,-1,232,244,245,-1,232,245,230,-1,246,247,192,-1,192,247,248,-1,192,248,193,-1,246,249,247,-1,247,249,250,-1,247,250,251,-1,251,250,252,-1,251,253,254,-1,252,255,251,-1,251,255,256,-1,251,256,257,-1,257,258,251,-1,251,258,259,-1,251,259,253,-1,254,260,251,-1,251,260,261,-1,251,261,262,-1,263,264,265,-1,265,264,164,-1,265,164,266,-1,266,164,267,-1,266,267,268,-1,269,14,270,-1,270,14,164,-1,270,164,271,-1,271,164,264,-1,272,273,274,-1,274,273,275,-1,274,275,276,-1,277,278,182,-1,279,280,281,-1,272,282,283,-1,283,282,284,-1,283,284,285,-1,286,211,287,-1,287,211,220,-1,287,220,288,-1,288,220,182,-1,288,182,289,-1,289,182,278,-1,289,278,281,-1,281,278,290,-1,281,290,279,-1,276,275,291,-1,291,275,292,-1,291,292,286,-1,293,187,294,-1,294,187,211,-1,294,211,295,-1,295,211,296,-1,297,298,299,-1,299,298,300,-1,300,301,299,-1,299,301,302,-1,299,302,303,-1,303,302,304,-1,305,306,299,-1,299,306,307,-1,299,307,308,-1,286,292,211,-1,211,292,309,-1,211,309,296,-1,296,309,310,-1,296,310,299,-1,299,310,311,-1,299,311,305,-1,308,312,299,-1,299,312,313,-1,299,313,297,-1,314,315,316,-1,317,318,302,-1,302,318,319,-1,302,319,304,-1,314,316,302,-1,302,316,320,-1,302,320,317,-1,321,322,323,-1,323,322,324,-1,323,324,292,-1,292,324,325,-1,292,325,309,-1,326,327,321,-1,328,329,330,-1,330,329,331,-1,332,333,329,-1,329,333,334,-1,329,334,331,-1,335,336,329,-1,329,336,337,-1,329,337,332,-1,338,339,340,-1,340,339,341,-1,340,341,335,-1,335,341,342,-1,335,342,336,-1,343,344,345,-1,344,346,345,-1,345,346,347,-1,345,347,348,-1,293,349,187,-1,187,349,350,-1,187,350,345,-1,345,350,351,-1,345,351,343,-1,352,353,354,-1,354,353,355,-1,356,357,358,-1,359,360,361,-1,361,360,362,-1,361,362,363,-1,352,364,353,-1,353,364,365,-1,353,365,366,-1,366,365,367,-1,368,369,367,-1,367,369,370,-1,367,370,366,-1,371,372,187,-1,373,374,356,-1,356,374,375,-1,356,375,357,-1,372,376,187,-1,187,376,377,-1,187,377,378,-1,379,380,345,-1,345,380,381,-1,345,381,187,-1,187,381,382,-1,187,382,371,-1,383,384,367,-1,367,384,385,-1,367,385,386,-1,358,387,356,-1,356,387,388,-1,356,388,345,-1,345,388,355,-1,345,355,379,-1,379,355,353,-1,378,389,187,-1,187,389,390,-1,187,390,188,-1,188,390,391,-1,188,391,361,-1,386,392,367,-1,367,392,393,-1,367,393,368,-1,394,395,396,-1,395,397,398,-1,398,397,399,-1,398,399,356,-1,356,399,400,-1,356,400,373,-1,401,402,11,-1,207,11,220,-1,220,11,402,-1,220,402,182,-1,182,402,403,-1,182,403,184,-1,404,405,401,-1,406,407,408,-1,408,407,409,-1,408,409,404,-1,404,401,408,-1,408,401,11,-1,408,11,410,-1,410,11,206,-1,410,206,411,-1,410,412,408,-1,408,412,413,-1,408,413,414,-1,415,416,417,-1,417,416,418,-1,417,418,206,-1,206,418,419,-1,206,419,411,-1,414,420,408,-1,408,420,421,-1,408,421,406,-1,422,423,424,-1,422,424,425,-1,423,426,424,-1,424,426,427,-1,424,427,417,-1,417,427,428,-1,417,428,415,-1,429,4,430,-1,430,4,3,-1,430,3,431,-1,431,3,432,-1,431,432,433,-1,433,432,434,-1,434,432,435,-1,434,435,436,-1,437,438,435,-1,439,440,441,-1,435,438,267,-1,267,438,442,-1,267,442,443,-1,441,437,439,-1,439,437,435,-1,439,435,444,-1,444,435,432,-1,444,432,443,-1,443,432,3,-1,443,3,267,-1,267,3,5,-1,267,5,268,-1,268,5,445,-1,268,445,446,-1,446,445,447,-1,448,449,435,-1,435,449,1,-1,435,1,436,-1,436,1,0,-1,449,450,1,-1,1,450,164,-1,1,164,162,-1,162,164,167,-1,162,167,172,-1,172,167,451,-1,172,451,170,-1,452,453,435,-1,435,453,454,-1,454,455,435,-1,435,455,456,-1,435,456,448,-1,450,457,164,-1,164,457,458,-1,164,458,267,-1,267,458,459,-1,267,459,460,-1,460,461,267,-1,267,461,462,-1,267,462,463,-1,463,464,267,-1,267,464,465,-1,267,465,435,-1,435,465,466,-1,435,466,452,-1,467,468,182,-1,182,468,469,-1,283,277,272,-1,272,277,182,-1,272,182,273,-1,273,182,469,-1,470,471,14,-1,470,14,472,-1,471,473,14,-1,14,473,474,-1,14,474,475,-1,475,467,14,-1,14,467,182,-1,14,182,12,-1,12,182,181,-1,12,181,177,-1,177,181,425,-1,177,425,2,-1,2,425,424,-1,2,424,0,-1,469,476,273,-1,273,476,477,-1,273,477,478,-1,478,477,479,-1,478,479,480,-1,481,482,478,-1,478,482,483,-1,480,484,478,-1,478,484,485,-1,478,485,481,-1,447,445,269,-1,269,445,478,-1,269,478,14,-1,14,478,483,-1,14,483,472,-1,205,486,206,-1,206,486,487,-1,206,487,417,-1,417,487,488,-1,417,488,424,-1,424,488,489,-1,424,489,0,-1,0,489,490,-1,0,490,436,-1,436,490,491,-1,436,491,434,-1,434,491,492,-1,434,492,433,-1,395,398,396,-1,396,398,493,-1,396,493,494,-1,363,495,361,-1,361,495,394,-1,361,394,188,-1,188,394,396,-1,188,396,205,-1,205,396,494,-1,205,494,486,-1,321,323,326,-1,326,323,292,-1,326,292,496,-1,496,292,275,-1,496,275,497,-1,497,275,273,-1,497,273,498,-1,498,273,478,-1,498,478,499,-1,499,478,445,-1,499,445,500,-1,500,445,5,-1,500,5,501,-1,501,5,4,-1,501,4,502,-1,502,4,429,-1,502,429,6,-1,503,504,505,-1,348,338,345,-1,345,338,340,-1,345,340,356,-1,356,340,506,-1,356,506,398,-1,504,71,62,-1,62,71,75,-1,62,75,63,-1,504,503,71,-1,71,503,86,-1,71,86,69,-1,69,86,111,-1,69,111,117,-1,340,507,508,-1,507,340,509,-1,509,340,21,-1,509,21,510,-1,510,21,86,-1,510,86,506,-1,506,86,503,-1,506,503,398,-1,398,503,505,-1,398,505,493,-1,511,512,513,-1,513,512,514,-1,513,514,515,-1,516,517,508,-1,508,517,515,-1,508,515,340,-1,340,515,514,-1,340,514,506,-1,506,514,518,-1,506,518,510,-1,519,335,17,-1,519,520,335,-1,335,520,521,-1,335,521,340,-1,340,521,522,-1,340,522,21,-1,21,522,523,-1,21,523,17,-1,17,523,524,-1,17,524,519,-1,15,17,31,-1,31,17,335,-1,31,335,525,-1,525,335,329,-1,525,329,526,-1,526,329,328,-1,526,328,326,-1,326,328,527,-1,326,527,327,-1,6,8,502,-1,502,8,528,-1,502,528,501,-1,501,528,529,-1,501,529,500,-1,500,529,530,-1,500,530,499,-1,499,530,531,-1,499,531,498,-1,498,531,532,-1,498,532,497,-1,497,532,533,-1,497,533,496,-1,496,533,534,-1,496,534,326,-1,326,534,535,-1,326,535,526,-1,526,535,536,-1,526,536,525,-1,525,536,537,-1,525,537,31,-1,31,537,538,-1,31,538,29,-1,539,540,541,-1,542,543,544,-1,545,546,547,-1,547,546,543,-1,547,543,548,-1,548,543,542,-1,549,550,551,-1,552,553,551,-1,551,553,549,-1,549,553,554,-1,549,554,555,-1,555,554,556,-1,555,556,541,-1,541,556,538,-1,541,538,539,-1,539,538,7,-1,539,7,557,-1,551,558,552,-1,552,558,559,-1,552,559,560,-1,560,559,561,-1,560,561,562,-1,562,561,563,-1,562,563,564,-1,564,563,565,-1,564,565,566,-1,566,565,567,-1,566,567,568,-1,568,567,569,-1,568,569,570,-1,570,569,571,-1,570,571,572,-1,572,571,573,-1,572,573,544,-1,544,573,574,-1,544,574,542,-1,575,576,577,-1,577,576,578,-1,579,580,581,-1,582,583,584,-1,584,583,585,-1,584,585,586,-1,586,587,584,-1,584,587,588,-1,584,588,589,-1,589,588,590,-1,589,590,591,-1,591,590,592,-1,591,592,593,-1,593,592,594,-1,593,594,595,-1,596,597,598,-1,598,597,599,-1,598,599,600,-1,601,602,603,-1,603,602,596,-1,603,596,604,-1,604,596,598,-1,605,606,607,-1,607,606,608,-1,607,608,604,-1,604,608,609,-1,604,609,603,-1,586,610,587,-1,587,610,579,-1,587,579,611,-1,611,579,581,-1,612,605,613,-1,613,605,607,-1,613,607,614,-1,614,607,615,-1,616,615,617,-1,617,615,607,-1,617,607,618,-1,618,607,604,-1,618,604,619,-1,619,604,620,-1,619,620,616,-1,616,620,615,-1,621,620,622,-1,622,620,604,-1,622,604,623,-1,623,604,598,-1,623,598,624,-1,624,598,625,-1,624,625,621,-1,621,625,620,-1,626,625,627,-1,627,625,598,-1,627,598,628,-1,628,598,600,-1,628,600,629,-1,629,600,630,-1,629,630,626,-1,626,630,625,-1,631,632,633,-1,633,632,630,-1,633,630,634,-1,634,630,600,-1,634,600,635,-1,599,595,600,-1,600,595,594,-1,600,594,635,-1,635,594,636,-1,635,636,631,-1,631,636,637,-1,631,637,632,-1,632,637,638,-1,632,638,594,-1,594,638,639,-1,594,639,636,-1,640,632,641,-1,641,632,594,-1,641,594,642,-1,642,594,592,-1,642,592,643,-1,643,592,644,-1,643,644,640,-1,640,644,632,-1,645,644,646,-1,646,644,592,-1,646,592,647,-1,647,592,590,-1,647,590,648,-1,648,590,649,-1,648,649,645,-1,645,649,644,-1,650,649,651,-1,651,649,590,-1,651,590,652,-1,652,590,588,-1,652,588,653,-1,653,588,654,-1,653,654,650,-1,650,654,649,-1,655,654,656,-1,656,654,588,-1,656,588,657,-1,657,588,587,-1,657,587,658,-1,658,587,659,-1,658,659,655,-1,655,659,654,-1,660,659,661,-1,661,659,587,-1,661,587,662,-1,662,587,611,-1,662,611,663,-1,663,611,664,-1,663,664,660,-1,660,664,659,-1,665,666,667,-1,668,669,667,-1,667,669,670,-1,667,670,665,-1,671,672,673,-1,673,672,665,-1,673,665,674,-1,674,665,670,-1,674,670,675,-1,675,670,676,-1,675,676,671,-1,671,676,672,-1,677,678,679,-1,680,681,679,-1,679,681,682,-1,679,682,677,-1,683,665,684,-1,684,665,677,-1,684,677,685,-1,685,677,682,-1,685,682,686,-1,686,682,666,-1,686,666,683,-1,683,666,665,-1,687,688,689,-1,690,691,689,-1,689,691,692,-1,689,692,687,-1,693,677,694,-1,694,677,687,-1,694,687,695,-1,695,687,692,-1,695,692,696,-1,696,692,678,-1,696,678,693,-1,693,678,677,-1,697,698,699,-1,700,701,699,-1,699,701,702,-1,699,702,697,-1,703,687,704,-1,704,687,697,-1,704,697,705,-1,705,697,702,-1,705,702,706,-1,706,702,688,-1,706,688,703,-1,703,688,687,-1,707,708,709,-1,710,711,709,-1,709,711,712,-1,709,712,707,-1,713,697,714,-1,714,697,707,-1,714,707,715,-1,715,707,712,-1,715,712,716,-1,716,712,698,-1,716,698,713,-1,713,698,697,-1,717,718,719,-1,720,721,719,-1,719,721,722,-1,719,722,717,-1,723,707,717,-1,724,725,726,-1,727,723,728,-1,726,727,724,-1,724,727,728,-1,724,728,722,-1,722,728,729,-1,722,729,717,-1,717,729,730,-1,717,730,723,-1,731,707,732,-1,732,707,723,-1,732,723,733,-1,733,723,727,-1,733,727,734,-1,734,727,708,-1,734,708,731,-1,731,708,707,-1,735,736,737,-1,738,739,737,-1,737,739,740,-1,737,740,735,-1,741,717,742,-1,742,717,735,-1,742,735,743,-1,743,735,740,-1,743,740,744,-1,744,740,718,-1,744,718,741,-1,741,718,717,-1,745,746,747,-1,748,749,747,-1,747,749,750,-1,747,750,745,-1,751,735,752,-1,752,735,745,-1,752,745,753,-1,753,745,750,-1,753,750,754,-1,754,750,736,-1,754,736,751,-1,751,736,735,-1,755,756,757,-1,758,759,760,-1,760,759,756,-1,756,759,757,-1,757,759,746,-1,757,746,761,-1,761,746,745,-1,761,745,762,-1,762,745,763,-1,762,763,764,-1,757,764,755,-1,755,764,763,-1,755,763,765,-1,765,763,766,-1,672,767,665,-1,665,767,768,-1,665,768,677,-1,677,768,769,-1,677,769,687,-1,687,769,770,-1,687,770,697,-1,697,770,771,-1,697,771,707,-1,707,771,772,-1,707,772,717,-1,717,772,773,-1,717,773,735,-1,735,773,774,-1,735,774,745,-1,745,774,775,-1,745,775,763,-1,763,775,776,-1,763,776,766,-1,766,776,777,-1,7,492,778,-1,779,780,669,-1,669,780,781,-1,782,783,784,-1,784,783,785,-1,786,787,668,-1,668,787,681,-1,681,680,788,-1,778,789,7,-1,7,789,784,-1,7,784,557,-1,557,784,785,-1,557,785,779,-1,779,790,791,-1,792,793,779,-1,779,793,794,-1,779,794,557,-1,557,794,795,-1,795,796,557,-1,557,796,797,-1,557,797,798,-1,798,797,799,-1,690,800,801,-1,802,803,668,-1,668,803,804,-1,668,804,669,-1,669,804,805,-1,669,805,779,-1,779,805,806,-1,779,806,790,-1,701,700,788,-1,799,807,798,-1,798,807,808,-1,798,808,809,-1,681,788,668,-1,668,788,810,-1,668,810,802,-1,791,811,779,-1,779,811,812,-1,779,812,813,-1,814,815,779,-1,779,815,816,-1,779,816,792,-1,801,701,690,-1,690,701,788,-1,690,788,691,-1,691,788,680,-1,691,680,817,-1,817,680,818,-1,819,820,821,-1,821,820,822,-1,807,823,808,-1,808,823,822,-1,808,822,824,-1,824,822,820,-1,813,825,779,-1,779,825,826,-1,779,826,814,-1,827,828,725,-1,725,828,721,-1,829,577,830,-1,830,577,578,-1,577,710,831,-1,831,710,832,-1,833,834,835,-1,835,834,836,-1,835,836,837,-1,838,839,720,-1,720,839,739,-1,829,840,577,-1,577,840,841,-1,577,841,710,-1,710,841,788,-1,710,788,711,-1,711,788,700,-1,711,700,842,-1,842,700,843,-1,738,844,845,-1,846,847,710,-1,710,847,726,-1,710,726,832,-1,832,726,725,-1,832,725,837,-1,837,725,721,-1,837,721,835,-1,749,748,848,-1,849,850,578,-1,578,850,851,-1,578,851,830,-1,849,852,850,-1,850,852,853,-1,850,853,854,-1,545,835,848,-1,855,856,857,-1,857,856,858,-1,833,835,859,-1,859,835,860,-1,859,860,861,-1,721,720,835,-1,835,720,739,-1,835,739,848,-1,848,739,738,-1,848,738,749,-1,749,738,845,-1,862,863,864,-1,864,863,546,-1,864,546,858,-1,858,546,545,-1,858,545,857,-1,857,545,848,-1,865,866,760,-1,760,866,848,-1,760,848,758,-1,758,848,748,-1,758,748,867,-1,867,748,868,-1,869,870,871,-1,871,870,872,-1,861,873,859,-1,859,873,870,-1,859,870,874,-1,874,870,869,-1,875,876,868,-1,868,876,867,-1,845,844,877,-1,877,844,878,-1,839,838,879,-1,879,838,880,-1,828,827,881,-1,881,827,882,-1,847,846,883,-1,883,846,884,-1,842,843,885,-1,885,843,886,-1,801,800,887,-1,887,800,888,-1,817,818,889,-1,889,818,890,-1,787,786,891,-1,891,786,892,-1,875,747,876,-1,876,747,746,-1,876,746,759,-1,878,737,877,-1,877,737,736,-1,877,736,750,-1,880,719,879,-1,879,719,718,-1,879,718,740,-1,881,882,722,-1,722,882,724,-1,884,709,883,-1,883,709,708,-1,883,708,727,-1,886,699,885,-1,885,699,698,-1,885,698,712,-1,888,689,887,-1,887,689,688,-1,887,688,702,-1,890,679,889,-1,889,679,678,-1,889,678,692,-1,892,667,891,-1,891,667,666,-1,891,666,682,-1,765,893,755,-1,755,893,894,-1,755,894,756,-1,895,896,897,-1,897,896,898,-1,899,65,900,-1,900,65,538,-1,900,538,898,-1,898,538,556,-1,898,556,897,-1,897,556,901,-1,778,492,899,-1,899,492,65,-1,902,903,904,-1,904,903,809,-1,904,809,905,-1,905,809,808,-1,863,906,546,-1,546,906,543,-1,907,908,909,-1,909,908,910,-1,911,562,564,-1,910,912,909,-1,909,912,913,-1,909,913,564,-1,564,913,914,-1,564,914,911,-1,915,916,917,-1,916,915,918,-1,918,915,562,-1,918,562,919,-1,919,562,911,-1,919,911,917,-1,917,911,912,-1,917,912,915,-1,915,912,910,-1,915,910,920,-1,560,921,552,-1,552,921,922,-1,568,923,566,-1,566,923,924,-1,925,926,544,-1,927,928,929,-1,929,925,927,-1,927,925,544,-1,927,544,930,-1,930,544,543,-1,930,543,931,-1,931,543,906,-1,932,861,933,-1,933,861,860,-1,933,860,934,-1,934,860,935,-1,936,937,938,-1,581,939,611,-1,611,939,936,-1,611,936,664,-1,664,936,938,-1,939,581,940,-1,940,581,580,-1,940,580,941,-1,941,580,579,-1,586,942,610,-1,610,942,941,-1,610,941,579,-1,942,586,943,-1,943,586,585,-1,583,582,944,-1,944,582,945,-1,945,582,946,-1,946,582,584,-1,946,584,589,-1,589,591,946,-1,946,591,593,-1,946,593,947,-1,947,593,595,-1,595,599,947,-1,947,599,597,-1,947,597,596,-1,947,596,948,-1,948,596,602,-1,948,602,949,-1,949,602,601,-1,949,601,950,-1,950,601,603,-1,608,951,609,-1,609,951,950,-1,609,950,603,-1,951,608,952,-1,952,608,606,-1,612,953,605,-1,605,953,952,-1,605,952,606,-1,614,954,955,-1,955,954,956,-1,614,955,613,-1,613,955,953,-1,613,953,612,-1,924,909,566,-1,566,909,564,-1,915,921,562,-1,562,921,560,-1,957,923,570,-1,570,923,568,-1,926,958,544,-1,544,958,572,-1,958,957,572,-1,572,957,570,-1,922,959,552,-1,552,959,553,-1,959,960,553,-1,553,960,554,-1,960,901,554,-1,554,901,556,-1,866,865,894,-1,961,962,780,-1,780,962,783,-1,963,910,964,-1,964,910,908,-1,781,780,965,-1,965,780,783,-1,965,783,966,-1,966,783,782,-1,966,782,963,-1,963,782,896,-1,963,896,910,-1,910,896,895,-1,855,967,968,-1,908,929,964,-1,964,929,928,-1,964,928,893,-1,893,928,856,-1,893,856,894,-1,894,856,855,-1,894,855,866,-1,866,855,968,-1,932,933,954,-1,932,954,969,-1,614,970,971,-1,971,972,614,-1,614,972,973,-1,614,973,954,-1,974,975,976,-1,976,975,977,-1,978,979,614,-1,980,981,938,-1,938,981,982,-1,938,982,664,-1,664,982,983,-1,664,983,984,-1,985,615,620,-1,973,986,954,-1,954,986,987,-1,954,987,988,-1,978,614,989,-1,990,991,977,-1,977,991,992,-1,977,992,993,-1,993,994,977,-1,977,994,995,-1,977,995,976,-1,984,996,664,-1,664,996,997,-1,664,997,975,-1,615,985,614,-1,614,985,998,-1,614,998,989,-1,979,999,614,-1,614,999,1000,-1,614,1000,1001,-1,620,625,985,-1,985,625,630,-1,985,630,632,-1,1001,1002,614,-1,614,1002,575,-1,614,575,970,-1,988,1003,954,-1,954,1003,1004,-1,954,1004,1005,-1,904,905,938,-1,938,905,1006,-1,1006,1007,938,-1,938,1007,1008,-1,938,1008,1009,-1,1009,1010,938,-1,938,1010,1011,-1,938,1011,980,-1,1005,1012,954,-1,954,1012,1013,-1,954,1013,969,-1,632,644,985,-1,985,644,649,-1,985,649,1014,-1,974,1015,975,-1,975,1015,1016,-1,975,1016,664,-1,664,1016,1017,-1,664,1017,659,-1,659,1017,1014,-1,659,1014,654,-1,654,1014,649,-1,1002,1018,575,-1,575,1018,1019,-1,575,1019,576,-1,576,1019,1020,-1,576,1020,1021,-1,1021,1020,1022,-1,1022,1023,1021,-1,1021,1023,1024,-1,1021,1024,1025,-1,931,906,862,-1,862,906,863,-1,858,856,927,-1,927,856,928,-1,782,784,896,-1,896,784,898,-1,959,922,921,-1,920,897,901,-1,901,960,920,-1,920,960,959,-1,920,959,915,-1,915,959,921,-1,920,910,897,-1,897,910,895,-1,926,925,958,-1,958,925,907,-1,958,907,957,-1,957,907,909,-1,957,909,923,-1,923,909,924,-1,908,907,929,-1,929,907,925,-1,1026,918,1027,-1,1027,918,919,-1,1028,1026,1029,-1,1029,1026,1027,-1,916,1028,917,-1,917,1028,1029,-1,1026,1028,918,-1,918,1028,916,-1,1029,1027,917,-1,917,1027,919,-1,1030,913,1031,-1,1031,913,912,-1,1032,1030,1033,-1,1033,1030,1031,-1,914,1032,911,-1,911,1032,1033,-1,1030,1032,913,-1,913,1032,914,-1,1033,1031,911,-1,911,1031,912,-1,862,864,931,-1,931,864,930,-1,864,858,930,-1,930,858,927,-1,1034,547,1035,-1,1035,547,548,-1,1036,540,1037,-1,1037,540,539,-1,1037,539,798,-1,798,539,557,-1,835,545,1034,-1,1034,545,547,-1,807,799,980,-1,980,799,981,-1,988,987,859,-1,859,987,833,-1,792,816,975,-1,975,816,977,-1,784,789,898,-1,898,789,900,-1,789,778,900,-1,900,778,899,-1,676,966,672,-1,672,966,963,-1,672,963,767,-1,965,966,670,-1,670,966,676,-1,893,765,964,-1,964,765,766,-1,964,766,777,-1,777,776,964,-1,964,776,775,-1,964,775,774,-1,774,773,964,-1,964,773,772,-1,964,772,963,-1,963,772,771,-1,963,771,770,-1,770,769,963,-1,963,769,768,-1,963,768,767,-1,894,865,756,-1,756,865,760,-1,759,758,876,-1,876,758,867,-1,892,786,667,-1,667,786,668,-1,670,669,965,-1,965,669,781,-1,890,818,679,-1,679,818,680,-1,682,681,891,-1,891,681,787,-1,888,800,689,-1,689,800,690,-1,692,691,889,-1,889,691,817,-1,886,843,699,-1,699,843,700,-1,702,701,887,-1,887,701,801,-1,884,846,709,-1,709,846,710,-1,712,711,885,-1,885,711,842,-1,882,827,724,-1,724,827,725,-1,727,726,883,-1,883,726,847,-1,880,838,719,-1,719,838,720,-1,722,721,881,-1,881,721,828,-1,878,844,737,-1,737,844,738,-1,740,739,879,-1,879,739,839,-1,875,868,747,-1,747,868,748,-1,750,749,877,-1,877,749,845,-1,1038,785,962,-1,962,785,783,-1,1039,1038,961,-1,961,1038,962,-1,779,1039,780,-1,780,1039,961,-1,1039,779,1038,-1,1038,779,785,-1,857,1040,855,-1,855,1040,967,-1,1041,848,968,-1,968,848,866,-1,1040,1041,967,-1,967,1041,968,-1,848,1041,857,-1,857,1041,1040,-1,
        ]
    }
}
Shape{
    appearance Appearance {
        material  Material 	{
            diffuseColor 0.7529411764705882 0.7529411764705882 0.7529411764705882
            specularColor 0.3764705882352941 0.3764705882352941 0.3764705882352941
            ambientIntensity 0.2
            transparency 0
            shininess 0.5
        }
    }
    geometry IndexedFaceSet {
        ccw TRUE
        solid FALSE
        coord DEF co Coordinate {
            point [
                0.4921 -0.5906 -1.5354, 0.4921 -0.3839 -1.5354, 0.2953 -0.5906 -1.5354, 0.2953 -0.3839 -1.5354, 0.4921 -0.5906 -1.6732, 0.2953 -0.5906 -1.6732, 0.4921 -0.1969 -1.6732, 0.2953 -0.1969 -1.6732, 0.4921 -0.1772 -1.6535, 0.2953 -0.1772 -1.6535, 0.4921 0.7874 -1.6535, 0.2953 0.7874 -1.6535, 0.4921 1.378 -1.7717, 0.4921 0.9055 -1.7717, 0.2953 1.378 -1.7717, 0.2953 0.9055 -1.7717, 0.2953 1.4173 -1.7323, 0.2953 1.4173 -1.6535, 0.4921 1.4173 -1.7323, 0.4921 1.4173 -1.6535, 0.2953 1.378 -1.6142, 0.2953 0.9843 -1.6142, 0.4921 1.378 -1.6142, 0.4921 0.9843 -1.6142, 0.4921 0.9055 -1.5354, 0.2953 0.9055 -1.5354, 0.4921 -0.187 -1.5354, 0.2953 -0.187 -1.5354, 0.2953 -0.3839 -1.4961, 0.2953 -0.187 -1.4961, 0.2953 1.3881 -1.7703, 0.2953 1.3867 -1.6152, 0.2953 1.395 -1.6181, 0.2953 1.4025 -1.6228, 0.2953 1.416 -1.7425, 0.2953 1.412 -1.752, 0.2953 1.4058 -1.7601, 0.2953 1.4087 -1.629, 0.2953 1.4134 -1.6365, 0.2953 1.4163 -1.6448, 0.2953 1.3976 -1.7664, 0.4921 -0.3839 -1.4961, 0.4921 -0.187 -1.4961, 0.4921 1.3881 -1.7703, 0.4921 1.4163 -1.6448, 0.4921 1.4134 -1.6365, 0.4921 1.4087 -1.629, 0.4921 1.4025 -1.6228, 0.4921 1.395 -1.6181, 0.4921 1.3867 -1.6152, 0.4921 1.3976 -1.7664, 0.4921 1.4058 -1.7601, 0.4921 1.416 -1.7425, 0.4921 1.412 -1.752, 0.2953 -0.3839 0.5118, 0.2953 -0.3839 -0.8661, 0.4921 -0.3839 0.5118, 0.4921 -0.3839 -0.8661, 0.4921 -0.187 0.5118, 0.4921 -0.187 -0.8661, 0.2953 -0.187 0.5118, 0.2953 -0.187 -0.8661, 0.3383 -0.23 0.6299, 0.3383 -0.3409 0.6299, 0.4491 -0.23 0.6299, 0.4491 -0.3409 0.6299, 1.2795 -0.5906 -1.5354, 1.2795 -0.3839 -1.5354, 1.0827 -0.5906 -1.5354, 1.0827 -0.3839 -1.5354, 1.2795 -0.5906 -1.6732, 1.0827 -0.5906 -1.6732, 1.2795 -0.1969 -1.6732, 1.0827 -0.1969 -1.6732, 1.2795 -0.1772 -1.6535, 1.0827 -0.1772 -1.6535, 1.2795 0.7874 -1.6535, 1.0827 0.7874 -1.6535, 1.2795 1.378 -1.7717, 1.2795 0.9055 -1.7717, 1.0827 1.378 -1.7717, 1.0827 0.9055 -1.7717, 1.0827 1.4173 -1.7323, 1.0827 1.4173 -1.6535, 1.2795 1.4173 -1.7323, 1.2795 1.4173 -1.6535, 1.0827 1.378 -1.6142, 1.0827 0.9843 -1.6142, 1.2795 1.378 -1.6142, 1.2795 0.9843 -1.6142, 1.2795 0.9055 -1.5354, 1.0827 0.9055 -1.5354, 1.2795 -0.187 -1.5354, 1.0827 -0.187 -1.5354, 1.0827 -0.3839 -1.4961, 1.0827 -0.187 -1.4961, 1.0827 1.3867 -1.6152, 1.0827 1.4025 -1.6228, 1.0827 1.4087 -1.629, 1.0827 1.4134 -1.6365, 1.0827 1.395 -1.6181, 1.0827 1.4163 -1.6448, 1.0827 1.416 -1.7425, 1.0827 1.3881 -1.7703, 1.0827 1.412 -1.752, 1.0827 1.4058 -1.7601, 1.0827 1.3976 -1.7664, 1.2795 -0.3839 -1.4961, 1.2795 -0.187 -1.4961, 1.2795 1.3867 -1.6152, 1.2795 1.4134 -1.6365, 1.2795 1.4087 -1.629, 1.2795 1.4025 -1.6228, 1.2795 1.4163 -1.6448, 1.2795 1.395 -1.6181, 1.2795 1.3881 -1.7703, 1.2795 1.3976 -1.7664, 1.2795 1.4058 -1.7601, 1.2795 1.412 -1.752, 1.2795 1.416 -1.7425, 1.0827 -0.3839 0.5118, 1.0827 -0.3839 -0.8661, 1.2795 -0.3839 0.5118, 1.2795 -0.3839 -0.8661, 1.2795 -0.187 0.5118, 1.2795 -0.187 -0.8661, 1.0827 -0.187 0.5118, 1.0827 -0.187 -0.8661, 1.1257 -0.23 0.6299, 1.1257 -0.3409 0.6299, 1.2365 -0.23 0.6299, 1.2365 -0.3409 0.6299, 2.0669 -0.5906 -1.5354, 2.0669 -0.3839 -1.5354, 1.8701 -0.5906 -1.5354, 1.8701 -0.3839 -1.5354, 2.0669 -0.5906 -1.6732, 1.8701 -0.5906 -1.6732, 2.0669 -0.1969 -1.6732, 1.8701 -0.1969 -1.6732, 2.0669 -0.1772 -1.6535, 1.8701 -0.1772 -1.6535, 2.0669 0.7874 -1.6535, 1.8701 0.7874 -1.6535, 2.0669 1.378 -1.7717, 2.0669 0.9055 -1.7717, 1.8701 1.378 -1.7717, 1.8701 0.9055 -1.7717, 1.8701 1.4173 -1.7323, 1.8701 1.4173 -1.6535, 2.0669 1.4173 -1.7323, 2.0669 1.4173 -1.6535, 1.8701 1.378 -1.6142, 1.8701 0.9843 -1.6142, 2.0669 1.378 -1.6142, 2.0669 0.9843 -1.6142, 2.0669 0.9055 -1.5354, 1.8701 0.9055 -1.5354, 2.0669 -0.187 -1.5354, 1.8701 -0.187 -1.5354, 1.8701 -0.3839 -1.4961, 1.8701 -0.187 -1.4961, 1.8701 1.3881 -1.7703, 1.8701 1.3867 -1.6152, 1.8701 1.395 -1.6181, 1.8701 1.4025 -1.6228, 1.8701 1.416 -1.7425, 1.8701 1.412 -1.752, 1.8701 1.4058 -1.7601, 1.8701 1.4087 -1.629, 1.8701 1.4134 -1.6365, 1.8701 1.4163 -1.6448, 1.8701 1.3976 -1.7664, 2.0669 -0.3839 -1.4961, 2.0669 -0.187 -1.4961, 2.0669 1.3881 -1.7703, 2.0669 1.4163 -1.6448, 2.0669 1.4134 -1.6365, 2.0669 1.4087 -1.629, 2.0669 1.4025 -1.6228, 2.0669 1.395 -1.6181, 2.0669 1.3867 -1.6152, 2.0669 1.3976 -1.7664, 2.0669 1.4058 -1.7601, 2.0669 1.416 -1.7425, 2.0669 1.412 -1.752, 1.8701 -0.3839 0.5118, 1.8701 -0.3839 -0.8661, 2.0669 -0.3839 0.5118, 2.0669 -0.3839 -0.8661, 2.0669 -0.187 0.5118, 2.0669 -0.187 -0.8661, 1.8701 -0.187 0.5118, 1.8701 -0.187 -0.8661, 1.9131 -0.23 0.6299, 1.9131 -0.3409 0.6299, 2.0239 -0.23 0.6299, 2.0239 -0.3409 0.6299, 2.8543 -0.5906 -1.5354, 2.8543 -0.3839 -1.5354, 2.6575 -0.5906 -1.5354, 2.6575 -0.3839 -1.5354, 2.8543 -0.5906 -1.6732, 2.6575 -0.5906 -1.6732, 2.8543 -0.1969 -1.6732, 2.6575 -0.1969 -1.6732, 2.8543 -0.1772 -1.6535, 2.6575 -0.1772 -1.6535, 2.8543 0.7874 -1.6535, 2.6575 0.7874 -1.6535, 2.8543 1.378 -1.7717, 2.8543 0.9055 -1.7717, 2.6575 1.378 -1.7717, 2.6575 0.9055 -1.7717, 2.6575 1.4173 -1.7323, 2.6575 1.4173 -1.6535, 2.8543 1.4173 -1.7323, 2.8543 1.4173 -1.6535, 2.6575 1.378 -1.6142, 2.6575 0.9843 -1.6142, 2.8543 1.378 -1.6142, 2.8543 0.9843 -1.6142, 2.8543 0.9055 -1.5354, 2.6575 0.9055 -1.5354, 2.8543 -0.187 -1.5354, 2.6575 -0.187 -1.5354, 2.6575 -0.3839 -1.4961, 2.6575 -0.187 -1.4961, 2.6575 1.3881 -1.7703, 2.6575 1.3867 -1.6152, 2.6575 1.395 -1.6181, 2.6575 1.4025 -1.6228, 2.6575 1.416 -1.7425, 2.6575 1.412 -1.752, 2.6575 1.4058 -1.7601, 2.6575 1.4087 -1.629, 2.6575 1.4134 -1.6365, 2.6575 1.4163 -1.6448, 2.6575 1.3976 -1.7664, 2.8543 -0.3839 -1.4961, 2.8543 -0.187 -1.4961, 2.8543 1.3881 -1.7703, 2.8543 1.4163 -1.6448, 2.8543 1.4134 -1.6365, 2.8543 1.4087 -1.629, 2.8543 1.4025 -1.6228, 2.8543 1.395 -1.6181, 2.8543 1.3867 -1.6152, 2.8543 1.3976 -1.7664, 2.8543 1.4058 -1.7601, 2.8543 1.416 -1.7425, 2.8543 1.412 -1.752, 2.6575 -0.3839 0.5118, 2.6575 -0.3839 -0.8661, 2.8543 -0.3839 0.5118, 2.8543 -0.3839 -0.8661, 2.8543 -0.187 0.5118, 2.8543 -0.187 -0.8661, 2.6575 -0.187 0.5118, 2.6575 -0.187 -0.8661, 2.7005 -0.23 0.6299, 2.7005 -0.3409 0.6299, 2.8113 -0.23 0.6299, 2.8113 -0.3409 0.6299, 3.6417 -0.5906 -1.5354, 3.6417 -0.3839 -1.5354, 3.4449 -0.5906 -1.5354, 3.4449 -0.3839 -1.5354, 3.6417 -0.5906 -1.6732, 3.4449 -0.5906 -1.6732, 3.6417 -0.1969 -1.6732, 3.4449 -0.1969 -1.6732, 3.6417 -0.1772 -1.6535, 3.4449 -0.1772 -1.6535, 3.6417 0.7874 -1.6535, 3.4449 0.7874 -1.6535, 3.6417 1.378 -1.7717, 3.6417 0.9055 -1.7717, 3.4449 1.378 -1.7717, 3.4449 0.9055 -1.7717, 3.4449 1.4173 -1.7323, 3.4449 1.4173 -1.6535, 3.6417 1.4173 -1.7323, 3.6417 1.4173 -1.6535, 3.4449 1.378 -1.6142, 3.4449 0.9843 -1.6142, 3.6417 1.378 -1.6142, 3.6417 0.9843 -1.6142, 3.6417 0.9055 -1.5354, 3.4449 0.9055 -1.5354, 3.6417 -0.187 -1.5354, 3.4449 -0.187 -1.5354, 3.4449 -0.3839 -1.4961, 3.4449 -0.187 -1.4961, 3.4449 1.416 -1.7425, 3.4449 1.3881 -1.7703, 3.4449 1.4163 -1.6448, 3.4449 1.3867 -1.6152, 3.4449 1.395 -1.6181, 3.4449 1.4025 -1.6228, 3.4449 1.4087 -1.629, 3.4449 1.4134 -1.6365, 3.4449 1.412 -1.752, 3.4449 1.4058 -1.7601, 3.4449 1.3976 -1.7664, 3.6417 -0.3839 -1.4961, 3.6417 -0.187 -1.4961, 3.6417 1.4058 -1.7601, 3.6417 1.412 -1.752, 3.6417 1.416 -1.7425, 3.6417 1.4163 -1.6448, 3.6417 1.3867 -1.6152, 3.6417 1.4134 -1.6365, 3.6417 1.4087 -1.629, 3.6417 1.4025 -1.6228, 3.6417 1.395 -1.6181, 3.6417 1.3881 -1.7703, 3.6417 1.3976 -1.7664, 3.4449 -0.3839 0.5118, 3.4449 -0.3839 -0.8661, 3.6417 -0.3839 0.5118, 3.6417 -0.3839 -0.8661, 3.6417 -0.187 0.5118, 3.6417 -0.187 -0.8661, 3.4449 -0.187 0.5118, 3.4449 -0.187 -0.8661, 3.4879 -0.23 0.6299, 3.4879 -0.3409 0.6299, 3.5987 -0.23 0.6299, 3.5987 -0.3409 0.6299, -0.2953 -0.5906 -1.5354, -0.2953 -0.3839 -1.5354, -0.4921 -0.5906 -1.5354, -0.4921 -0.3839 -1.5354, -0.2953 -0.5906 -1.6732, -0.4921 -0.5906 -1.6732, -0.2953 -0.1969 -1.6732, -0.4921 -0.1969 -1.6732, -0.2953 -0.1772 -1.6535, -0.4921 -0.1772 -1.6535, -0.2953 0.7874 -1.6535, -0.4921 0.7874 -1.6535, -0.2953 1.378 -1.7717, -0.2953 0.9055 -1.7717, -0.4921 1.378 -1.7717, -0.4921 0.9055 -1.7717, -0.4921 1.4173 -1.7323, -0.4921 1.4173 -1.6535, -0.2953 1.4173 -1.7323, -0.2953 1.4173 -1.6535, -0.4921 1.378 -1.6142, -0.4921 0.9843 -1.6142, -0.2953 1.378 -1.6142, -0.2953 0.9843 -1.6142, -0.2953 0.9055 -1.5354, -0.4921 0.9055 -1.5354, -0.2953 -0.187 -1.5354, -0.4921 -0.187 -1.5354, -0.4921 -0.3839 -1.4961, -0.4921 -0.187 -1.4961, -0.4921 1.3881 -1.7703, -0.4921 1.3867 -1.6152, -0.4921 1.395 -1.6181, -0.4921 1.4025 -1.6228, -0.4921 1.416 -1.7425, -0.4921 1.412 -1.752, -0.4921 1.4058 -1.7601, -0.4921 1.4087 -1.629, -0.4921 1.4134 -1.6365, -0.4921 1.4163 -1.6448, -0.4921 1.3976 -1.7664, -0.2953 -0.3839 -1.4961, -0.2953 -0.187 -1.4961, -0.2953 1.3881 -1.7703, -0.2953 1.4163 -1.6448, -0.2953 1.4134 -1.6365, -0.2953 1.4087 -1.629, -0.2953 1.4025 -1.6228, -0.2953 1.395 -1.6181, -0.2953 1.3867 -1.6152, -0.2953 1.3976 -1.7664, -0.2953 1.4058 -1.7601, -0.2953 1.416 -1.7425, -0.2953 1.412 -1.752, -0.4921 -0.3839 0.5118, -0.4921 -0.3839 -0.8661, -0.2953 -0.3839 0.5118, -0.2953 -0.3839 -0.8661, -0.2953 -0.187 0.5118, -0.2953 -0.187 -0.8661, -0.4921 -0.187 0.5118, -0.4921 -0.187 -0.8661, -0.4491 -0.23 0.6299, -0.4491 -0.3409 0.6299, -0.3383 -0.23 0.6299, -0.3383 -0.3409 0.6299, -1.0827 -0.5906 -1.5354, -1.0827 -0.3839 -1.5354, -1.2795 -0.5906 -1.5354, -1.2795 -0.3839 -1.5354, -1.0827 -0.5906 -1.6732, -1.2795 -0.5906 -1.6732, -1.0827 -0.1969 -1.6732, -1.2795 -0.1969 -1.6732, -1.0827 -0.1772 -1.6535, -1.2795 -0.1772 -1.6535, -1.0827 0.7874 -1.6535, -1.2795 0.7874 -1.6535, -1.0827 1.378 -1.7717, -1.0827 0.9055 -1.7717, -1.2795 1.378 -1.7717, -1.2795 0.9055 -1.7717, -1.2795 1.4173 -1.7323, -1.2795 1.4173 -1.6535, -1.0827 1.4173 -1.7323, -1.0827 1.4173 -1.6535, -1.2795 1.378 -1.6142, -1.2795 0.9843 -1.6142, -1.0827 1.378 -1.6142, -1.0827 0.9843 -1.6142, -1.0827 0.9055 -1.5354, -1.2795 0.9055 -1.5354, -1.0827 -0.187 -1.5354, -1.2795 -0.187 -1.5354, -1.2795 -0.3839 -1.4961, -1.2795 -0.187 -1.4961, -1.2795 1.3881 -1.7703, -1.2795 1.3867 -1.6152, -1.2795 1.395 -1.6181, -1.2795 1.4025 -1.6228, -1.2795 1.416 -1.7425, -1.2795 1.412 -1.752, -1.2795 1.4058 -1.7601, -1.2795 1.4087 -1.629, -1.2795 1.4134 -1.6365, -1.2795 1.4163 -1.6448, -1.2795 1.3976 -1.7664, -1.0827 -0.3839 -1.4961, -1.0827 -0.187 -1.4961, -1.0827 1.3881 -1.7703, -1.0827 1.4163 -1.6448, -1.0827 1.4134 -1.6365, -1.0827 1.4087 -1.629, -1.0827 1.4025 -1.6228, -1.0827 1.395 -1.6181, -1.0827 1.3867 -1.6152, -1.0827 1.3976 -1.7664, -1.0827 1.4058 -1.7601, -1.0827 1.416 -1.7425, -1.0827 1.412 -1.752, -1.2795 -0.3839 0.5118, -1.2795 -0.3839 -0.8661, -1.0827 -0.3839 0.5118, -1.0827 -0.3839 -0.8661, -1.0827 -0.187 0.5118, -1.0827 -0.187 -0.8661, -1.2795 -0.187 0.5118, -1.2795 -0.187 -0.8661, -1.2365 -0.23 0.6299, -1.2365 -0.3409 0.6299, -1.1257 -0.23 0.6299, -1.1257 -0.3409 0.6299, -1.8701 -0.5906 -1.5354, -1.8701 -0.3839 -1.5354, -2.0669 -0.5906 -1.5354, -2.0669 -0.3839 -1.5354, -1.8701 -0.5906 -1.6732, -2.0669 -0.5906 -1.6732, -1.8701 -0.1969 -1.6732, -2.0669 -0.1969 -1.6732, -1.8701 -0.1772 -1.6535, -2.0669 -0.1772 -1.6535, -1.8701 0.7874 -1.6535, -2.0669 0.7874 -1.6535, -1.8701 1.378 -1.7717, -1.8701 0.9055 -1.7717, -2.0669 1.378 -1.7717, -2.0669 0.9055 -1.7717, -2.0669 1.4173 -1.7323, -2.0669 1.4173 -1.6535, -1.8701 1.4173 -1.7323, -1.8701 1.4173 -1.6535, -2.0669 1.378 -1.6142, -2.0669 0.9843 -1.6142, -1.8701 1.378 -1.6142, -1.8701 0.9843 -1.6142, -1.8701 0.9055 -1.5354, -2.0669 0.9055 -1.5354, -1.8701 -0.187 -1.5354, -2.0669 -0.187 -1.5354, -2.0669 -0.3839 -1.4961, -2.0669 -0.187 -1.4961, -2.0669 1.3881 -1.7703, -2.0669 1.3867 -1.6152, -2.0669 1.395 -1.6181, -2.0669 1.4025 -1.6228, -2.0669 1.416 -1.7425, -2.0669 1.412 -1.752, -2.0669 1.4058 -1.7601, -2.0669 1.4087 -1.629, -2.0669 1.4134 -1.6365, -2.0669 1.4163 -1.6448, -2.0669 1.3976 -1.7664, -1.8701 -0.3839 -1.4961, -1.8701 -0.187 -1.4961, -1.8701 1.3881 -1.7703, -1.8701 1.4163 -1.6448, -1.8701 1.4134 -1.6365, -1.8701 1.4087 -1.629, -1.8701 1.4025 -1.6228, -1.8701 1.395 -1.6181, -1.8701 1.3867 -1.6152, -1.8701 1.3976 -1.7664, -1.8701 1.4058 -1.7601, -1.8701 1.416 -1.7425, -1.8701 1.412 -1.752, -2.0669 -0.3839 0.5118, -2.0669 -0.3839 -0.8661, -1.8701 -0.3839 0.5118, -1.8701 -0.3839 -0.8661, -1.8701 -0.187 0.5118, -1.8701 -0.187 -0.8661, -2.0669 -0.187 0.5118, -2.0669 -0.187 -0.8661, -2.0239 -0.23 0.6299, -2.0239 -0.3409 0.6299, -1.9131 -0.23 0.6299, -1.9131 -0.3409 0.6299, -2.6575 -0.5906 -1.5354, -2.6575 -0.3839 -1.5354, -2.8543 -0.5906 -1.5354, -2.8543 -0.3839 -1.5354, -2.6575 -0.5906 -1.6732, -2.8543 -0.5906 -1.6732, -2.6575 -0.1969 -1.6732, -2.8543 -0.1969 -1.6732, -2.6575 -0.1772 -1.6535, -2.8543 -0.1772 -1.6535, -2.6575 0.7874 -1.6535, -2.8543 0.7874 -1.6535, -2.6575 1.378 -1.7717, -2.6575 0.9055 -1.7717, -2.8543 1.378 -1.7717, -2.8543 0.9055 -1.7717, -2.8543 1.4173 -1.7323, -2.8543 1.4173 -1.6535, -2.6575 1.4173 -1.7323, -2.6575 1.4173 -1.6535, -2.8543 1.378 -1.6142, -2.8543 0.9843 -1.6142, -2.6575 1.378 -1.6142, -2.6575 0.9843 -1.6142, -2.6575 0.9055 -1.5354, -2.8543 0.9055 -1.5354, -2.6575 -0.187 -1.5354, -2.8543 -0.187 -1.5354, -2.8543 -0.3839 -1.4961, -2.8543 -0.187 -1.4961, -2.8543 1.3881 -1.7703, -2.8543 1.3867 -1.6152, -2.8543 1.395 -1.6181, -2.8543 1.4025 -1.6228, -2.8543 1.416 -1.7425, -2.8543 1.412 -1.752, -2.8543 1.4058 -1.7601, -2.8543 1.4087 -1.629, -2.8543 1.4134 -1.6365, -2.8543 1.4163 -1.6448, -2.8543 1.3976 -1.7664, -2.6575 -0.3839 -1.4961, -2.6575 -0.187 -1.4961, -2.6575 1.3881 -1.7703, -2.6575 1.4163 -1.6448, -2.6575 1.4134 -1.6365, -2.6575 1.4087 -1.629, -2.6575 1.4025 -1.6228, -2.6575 1.395 -1.6181, -2.6575 1.3867 -1.6152, -2.6575 1.3976 -1.7664, -2.6575 1.4058 -1.7601, -2.6575 1.416 -1.7425, -2.6575 1.412 -1.752, -2.8543 -0.3839 0.5118, -2.8543 -0.3839 -0.8661, -2.6575 -0.3839 0.5118, -2.6575 -0.3839 -0.8661, -2.6575 -0.187 0.5118, -2.6575 -0.187 -0.8661, -2.8543 -0.187 0.5118, -2.8543 -0.187 -0.8661, -2.8113 -0.23 0.6299, -2.8113 -0.3409 0.6299, -2.7005 -0.23 0.6299, -2.7005 -0.3409 0.6299, -3.4449 -0.5906 -1.5354, -3.4449 -0.3839 -1.5354, -3.6417 -0.5906 -1.5354, -3.6417 -0.3839 -1.5354, -3.4449 -0.5906 -1.6732, -3.6417 -0.5906 -1.6732, -3.4449 -0.1969 -1.6732, -3.6417 -0.1969 -1.6732, -3.4449 -0.1772 -1.6535, -3.6417 -0.1772 -1.6535, -3.4449 0.7874 -1.6535, -3.6417 0.7874 -1.6535, -3.4449 1.378 -1.7717, -3.4449 0.9055 -1.7717, -3.6417 1.378 -1.7717, -3.6417 0.9055 -1.7717, -3.6417 1.4173 -1.7323, -3.6417 1.4173 -1.6535, -3.4449 1.4173 -1.7323, -3.4449 1.4173 -1.6535, -3.6417 1.378 -1.6142, -3.6417 0.9843 -1.6142, -3.4449 1.378 -1.6142, -3.4449 0.9843 -1.6142, -3.4449 0.9055 -1.5354, -3.6417 0.9055 -1.5354, -3.4449 -0.187 -1.5354, -3.6417 -0.187 -1.5354, -3.6417 -0.3839 -1.4961, -3.6417 -0.187 -1.4961, -3.6417 1.3881 -1.7703, -3.6417 1.3867 -1.6152, -3.6417 1.395 -1.6181, -3.6417 1.4025 -1.6228, -3.6417 1.416 -1.7425, -3.6417 1.412 -1.752, -3.6417 1.4058 -1.7601, -3.6417 1.4087 -1.629, -3.6417 1.4134 -1.6365, -3.6417 1.4163 -1.6448, -3.6417 1.3976 -1.7664, -3.4449 -0.3839 -1.4961, -3.4449 -0.187 -1.4961, -3.4449 1.3881 -1.7703, -3.4449 1.4163 -1.6448, -3.4449 1.4134 -1.6365, -3.4449 1.4087 -1.629, -3.4449 1.4025 -1.6228, -3.4449 1.395 -1.6181, -3.4449 1.3867 -1.6152, -3.4449 1.3976 -1.7664, -3.4449 1.4058 -1.7601, -3.4449 1.416 -1.7425, -3.4449 1.412 -1.752, -3.6417 -0.3839 0.5118, -3.6417 -0.3839 -0.8661, -3.4449 -0.3839 0.5118, -3.4449 -0.3839 -0.8661, -3.4449 -0.187 0.5118, -3.4449 -0.187 -0.8661, -3.6417 -0.187 0.5118, -3.6417 -0.187 -0.8661, -3.5987 -0.23 0.6299, -3.5987 -0.3409 0.6299, -3.4879 -0.23 0.6299, -3.4879 -0.3409 0.6299, -3.4879 -0.3409 0.6299
            ]
        }
        coordIndex [
            0,1,2,-1,2,1,3,-1,4,0,5,-1,5,0,2,-1,6,4,7,-1,7,4,5,-1,8,6,9,-1,9,6,7,-1,10,8,11,-1,11,8,9,-1,12,13,14,-1,14,13,15,-1,16,17,18,-1,18,17,19,-1,20,21,22,-1,22,21,23,-1,24,23,25,-1,25,23,21,-1,26,24,27,-1,27,24,25,-1,5,2,7,-1,7,2,3,-1,7,3,27,-1,27,3,28,-1,27,28,29,-1,21,15,25,-1,25,15,11,-1,25,11,27,-1,27,11,9,-1,27,9,7,-1,30,14,16,-1,16,14,15,-1,16,15,17,-1,17,15,21,-1,17,21,20,-1,20,31,17,-1,17,31,32,-1,17,32,33,-1,34,35,36,-1,33,37,17,-1,17,37,38,-1,17,38,39,-1,34,36,16,-1,16,36,40,-1,16,40,30,-1,22,23,19,-1,0,4,1,-1,1,4,26,-1,1,26,41,-1,41,26,42,-1,19,23,18,-1,4,6,26,-1,26,6,8,-1,26,8,24,-1,24,8,10,-1,24,10,23,-1,23,10,13,-1,23,13,18,-1,18,13,12,-1,18,12,43,-1,44,45,19,-1,19,45,46,-1,19,46,47,-1,47,48,19,-1,19,48,49,-1,19,49,22,-1,43,50,18,-1,18,50,51,-1,18,51,52,-1,52,51,53,-1,26,27,42,-1,42,27,29,-1,3,1,28,-1,28,1,41,-1,54,55,56,-1,56,55,57,-1,58,59,60,-1,60,59,61,-1,56,57,58,-1,58,57,59,-1,60,61,54,-1,54,61,55,-1,62,63,64,-1,64,63,65,-1,56,65,54,-1,54,65,63,-1,58,64,56,-1,56,64,65,-1,62,60,63,-1,63,60,54,-1,60,62,58,-1,58,62,64,-1,11,15,10,-1,10,15,13,-1,12,14,30,-1,12,30,43,-1,43,30,40,-1,43,40,50,-1,50,40,36,-1,50,36,51,-1,51,36,35,-1,51,35,53,-1,53,35,34,-1,53,34,52,-1,52,34,16,-1,52,16,18,-1,19,17,39,-1,19,39,44,-1,44,39,38,-1,44,38,45,-1,45,38,37,-1,45,37,46,-1,46,37,33,-1,46,33,47,-1,47,33,32,-1,47,32,48,-1,48,32,31,-1,48,31,49,-1,49,31,20,-1,49,20,22,-1,66,67,68,-1,68,67,69,-1,70,66,71,-1,71,66,68,-1,72,70,73,-1,73,70,71,-1,74,72,75,-1,75,72,73,-1,76,74,77,-1,77,74,75,-1,78,79,80,-1,80,79,81,-1,82,83,84,-1,84,83,85,-1,86,87,88,-1,88,87,89,-1,90,89,91,-1,91,89,87,-1,92,90,93,-1,93,90,91,-1,71,68,69,-1,94,95,69,-1,69,95,93,-1,69,93,71,-1,83,82,81,-1,73,71,75,-1,75,71,93,-1,75,93,77,-1,77,93,91,-1,77,91,81,-1,81,91,87,-1,81,87,83,-1,83,87,86,-1,83,86,96,-1,97,98,99,-1,96,100,83,-1,83,100,97,-1,83,97,101,-1,101,97,99,-1,102,103,82,-1,82,103,80,-1,82,80,81,-1,102,104,103,-1,103,104,105,-1,103,105,106,-1,66,70,67,-1,67,70,92,-1,67,92,107,-1,107,92,108,-1,109,88,85,-1,85,88,89,-1,85,89,84,-1,70,72,92,-1,92,72,74,-1,92,74,90,-1,90,74,76,-1,90,76,89,-1,89,76,79,-1,89,79,84,-1,110,111,112,-1,110,112,113,-1,113,112,85,-1,85,112,114,-1,85,114,109,-1,79,78,84,-1,84,78,115,-1,84,115,116,-1,116,117,84,-1,84,117,118,-1,84,118,119,-1,92,93,108,-1,108,93,95,-1,69,67,94,-1,94,67,107,-1,120,121,122,-1,122,121,123,-1,124,125,126,-1,126,125,127,-1,122,123,124,-1,124,123,125,-1,126,127,120,-1,120,127,121,-1,128,129,130,-1,130,129,131,-1,132,133,134,-1,134,133,135,-1,136,132,137,-1,137,132,134,-1,138,136,139,-1,139,136,137,-1,140,138,141,-1,141,138,139,-1,142,140,143,-1,143,140,141,-1,144,145,146,-1,146,145,147,-1,148,149,150,-1,150,149,151,-1,152,153,154,-1,154,153,155,-1,156,155,157,-1,157,155,153,-1,158,156,159,-1,159,156,157,-1,137,134,135,-1,160,161,135,-1,135,161,159,-1,135,159,137,-1,139,137,141,-1,141,137,159,-1,141,159,143,-1,143,159,157,-1,143,157,147,-1,147,157,153,-1,162,146,148,-1,148,146,147,-1,148,147,149,-1,149,147,153,-1,149,153,152,-1,152,163,149,-1,149,163,164,-1,149,164,165,-1,166,167,168,-1,165,169,149,-1,149,169,170,-1,149,170,171,-1,166,168,148,-1,148,168,172,-1,148,172,162,-1,154,155,151,-1,132,136,133,-1,133,136,158,-1,133,158,173,-1,173,158,174,-1,151,155,150,-1,136,138,158,-1,158,138,140,-1,158,140,156,-1,156,140,142,-1,156,142,155,-1,155,142,145,-1,155,145,150,-1,150,145,144,-1,150,144,175,-1,176,177,151,-1,151,177,178,-1,151,178,179,-1,179,180,151,-1,151,180,181,-1,151,181,154,-1,175,182,150,-1,150,182,183,-1,150,183,184,-1,184,183,185,-1,158,159,174,-1,174,159,161,-1,135,133,160,-1,160,133,173,-1,186,187,188,-1,188,187,189,-1,190,191,192,-1,192,191,193,-1,188,189,190,-1,190,189,191,-1,192,193,186,-1,186,193,187,-1,194,195,196,-1,196,195,197,-1,198,199,200,-1,200,199,201,-1,202,198,203,-1,203,198,200,-1,204,202,205,-1,205,202,203,-1,206,204,207,-1,207,204,205,-1,208,206,209,-1,209,206,207,-1,210,211,212,-1,212,211,213,-1,214,215,216,-1,216,215,217,-1,218,219,220,-1,220,219,221,-1,222,221,223,-1,223,221,219,-1,224,222,225,-1,225,222,223,-1,203,200,205,-1,205,200,201,-1,205,201,225,-1,225,201,226,-1,225,226,227,-1,219,213,223,-1,223,213,209,-1,223,209,225,-1,225,209,207,-1,225,207,205,-1,228,212,214,-1,214,212,213,-1,214,213,215,-1,215,213,219,-1,215,219,218,-1,218,229,215,-1,215,229,230,-1,215,230,231,-1,232,233,234,-1,231,235,215,-1,215,235,236,-1,215,236,237,-1,232,234,214,-1,214,234,238,-1,214,238,228,-1,220,221,217,-1,198,202,199,-1,199,202,224,-1,199,224,239,-1,239,224,240,-1,217,221,216,-1,202,204,224,-1,224,204,206,-1,224,206,222,-1,222,206,208,-1,222,208,221,-1,221,208,211,-1,221,211,216,-1,216,211,210,-1,216,210,241,-1,242,243,217,-1,217,243,244,-1,217,244,245,-1,245,246,217,-1,217,246,247,-1,217,247,220,-1,241,248,216,-1,216,248,249,-1,216,249,250,-1,250,249,251,-1,224,225,240,-1,240,225,227,-1,201,199,226,-1,226,199,239,-1,252,253,254,-1,254,253,255,-1,256,257,258,-1,258,257,259,-1,254,255,256,-1,256,255,257,-1,258,259,252,-1,252,259,253,-1,260,261,262,-1,262,261,263,-1,264,265,266,-1,266,265,267,-1,268,264,269,-1,269,264,266,-1,270,268,271,-1,271,268,269,-1,272,270,273,-1,273,270,271,-1,274,272,275,-1,275,272,273,-1,276,277,278,-1,278,277,279,-1,280,281,282,-1,282,281,283,-1,284,285,286,-1,286,285,287,-1,288,287,289,-1,289,287,285,-1,290,288,291,-1,291,288,289,-1,269,266,267,-1,292,293,267,-1,267,293,291,-1,267,291,269,-1,281,280,279,-1,294,295,280,-1,280,295,278,-1,280,278,279,-1,271,269,273,-1,273,269,291,-1,273,291,275,-1,275,291,289,-1,275,289,279,-1,279,289,285,-1,279,285,281,-1,281,285,284,-1,281,284,296,-1,296,284,297,-1,296,297,298,-1,298,299,296,-1,296,299,300,-1,296,300,301,-1,302,303,294,-1,294,303,304,-1,294,304,295,-1,264,268,265,-1,265,268,290,-1,265,290,305,-1,305,290,306,-1,268,270,290,-1,290,270,272,-1,290,272,288,-1,288,272,274,-1,288,274,287,-1,287,274,277,-1,307,308,309,-1,277,282,287,-1,287,282,283,-1,287,283,286,-1,286,283,310,-1,286,310,311,-1,311,310,312,-1,312,313,311,-1,311,313,314,-1,311,314,315,-1,277,276,282,-1,282,276,316,-1,282,316,309,-1,309,316,317,-1,309,317,307,-1,290,291,306,-1,306,291,293,-1,267,265,292,-1,292,265,305,-1,318,319,320,-1,320,319,321,-1,322,323,324,-1,324,323,325,-1,320,321,322,-1,322,321,323,-1,324,325,318,-1,318,325,319,-1,326,327,328,-1,328,327,329,-1,330,331,332,-1,332,331,333,-1,334,330,335,-1,335,330,332,-1,336,334,337,-1,337,334,335,-1,338,336,339,-1,339,336,337,-1,340,338,341,-1,341,338,339,-1,342,343,344,-1,344,343,345,-1,346,347,348,-1,348,347,349,-1,350,351,352,-1,352,351,353,-1,354,353,355,-1,355,353,351,-1,356,354,357,-1,357,354,355,-1,335,332,337,-1,337,332,333,-1,337,333,357,-1,357,333,358,-1,357,358,359,-1,351,345,355,-1,355,345,341,-1,355,341,357,-1,357,341,339,-1,357,339,337,-1,360,344,346,-1,346,344,345,-1,346,345,347,-1,347,345,351,-1,347,351,350,-1,350,361,347,-1,347,361,362,-1,347,362,363,-1,364,365,366,-1,363,367,347,-1,347,367,368,-1,347,368,369,-1,364,366,346,-1,346,366,370,-1,346,370,360,-1,352,353,349,-1,330,334,331,-1,331,334,356,-1,331,356,371,-1,371,356,372,-1,349,353,348,-1,334,336,356,-1,356,336,338,-1,356,338,354,-1,354,338,340,-1,354,340,353,-1,353,340,343,-1,353,343,348,-1,348,343,342,-1,348,342,373,-1,374,375,349,-1,349,375,376,-1,349,376,377,-1,377,378,349,-1,349,378,379,-1,349,379,352,-1,373,380,348,-1,348,380,381,-1,348,381,382,-1,382,381,383,-1,356,357,372,-1,372,357,359,-1,333,331,358,-1,358,331,371,-1,384,385,386,-1,386,385,387,-1,388,389,390,-1,390,389,391,-1,386,387,388,-1,388,387,389,-1,390,391,384,-1,384,391,385,-1,392,393,394,-1,394,393,395,-1,396,397,398,-1,398,397,399,-1,400,396,401,-1,401,396,398,-1,402,400,403,-1,403,400,401,-1,404,402,405,-1,405,402,403,-1,406,404,407,-1,407,404,405,-1,408,409,410,-1,410,409,411,-1,412,413,414,-1,414,413,415,-1,416,417,418,-1,418,417,419,-1,420,419,421,-1,421,419,417,-1,422,420,423,-1,423,420,421,-1,401,398,403,-1,403,398,399,-1,403,399,423,-1,423,399,424,-1,423,424,425,-1,417,411,421,-1,421,411,407,-1,421,407,423,-1,423,407,405,-1,423,405,403,-1,426,410,412,-1,412,410,411,-1,412,411,413,-1,413,411,417,-1,413,417,416,-1,416,427,413,-1,413,427,428,-1,413,428,429,-1,430,431,432,-1,429,433,413,-1,413,433,434,-1,413,434,435,-1,430,432,412,-1,412,432,436,-1,412,436,426,-1,418,419,415,-1,396,400,397,-1,397,400,422,-1,397,422,437,-1,437,422,438,-1,415,419,414,-1,400,402,422,-1,422,402,404,-1,422,404,420,-1,420,404,406,-1,420,406,419,-1,419,406,409,-1,419,409,414,-1,414,409,408,-1,414,408,439,-1,440,441,415,-1,415,441,442,-1,415,442,443,-1,443,444,415,-1,415,444,445,-1,415,445,418,-1,439,446,414,-1,414,446,447,-1,414,447,448,-1,448,447,449,-1,422,423,438,-1,438,423,425,-1,399,397,424,-1,424,397,437,-1,450,451,452,-1,452,451,453,-1,454,455,456,-1,456,455,457,-1,452,453,454,-1,454,453,455,-1,456,457,450,-1,450,457,451,-1,458,459,460,-1,460,459,461,-1,462,463,464,-1,464,463,465,-1,466,462,467,-1,467,462,464,-1,468,466,469,-1,469,466,467,-1,470,468,471,-1,471,468,469,-1,472,470,473,-1,473,470,471,-1,474,475,476,-1,476,475,477,-1,478,479,480,-1,480,479,481,-1,482,483,484,-1,484,483,485,-1,486,485,487,-1,487,485,483,-1,488,486,489,-1,489,486,487,-1,467,464,469,-1,469,464,465,-1,469,465,489,-1,489,465,490,-1,489,490,491,-1,483,477,487,-1,487,477,473,-1,487,473,489,-1,489,473,471,-1,489,471,469,-1,492,476,478,-1,478,476,477,-1,478,477,479,-1,479,477,483,-1,479,483,482,-1,482,493,479,-1,479,493,494,-1,479,494,495,-1,496,497,498,-1,495,499,479,-1,479,499,500,-1,479,500,501,-1,496,498,478,-1,478,498,502,-1,478,502,492,-1,484,485,481,-1,462,466,463,-1,463,466,488,-1,463,488,503,-1,503,488,504,-1,481,485,480,-1,466,468,488,-1,488,468,470,-1,488,470,486,-1,486,470,472,-1,486,472,485,-1,485,472,475,-1,485,475,480,-1,480,475,474,-1,480,474,505,-1,506,507,481,-1,481,507,508,-1,481,508,509,-1,509,510,481,-1,481,510,511,-1,481,511,484,-1,505,512,480,-1,480,512,513,-1,480,513,514,-1,514,513,515,-1,488,489,504,-1,504,489,491,-1,465,463,490,-1,490,463,503,-1,516,517,518,-1,518,517,519,-1,520,521,522,-1,522,521,523,-1,518,519,520,-1,520,519,521,-1,522,523,516,-1,516,523,517,-1,524,525,526,-1,526,525,527,-1,528,529,530,-1,530,529,531,-1,532,528,533,-1,533,528,530,-1,534,532,535,-1,535,532,533,-1,536,534,537,-1,537,534,535,-1,538,536,539,-1,539,536,537,-1,540,541,542,-1,542,541,543,-1,544,545,546,-1,546,545,547,-1,548,549,550,-1,550,549,551,-1,552,551,553,-1,553,551,549,-1,554,552,555,-1,555,552,553,-1,533,530,535,-1,535,530,531,-1,535,531,555,-1,555,531,556,-1,555,556,557,-1,549,543,553,-1,553,543,539,-1,553,539,555,-1,555,539,537,-1,555,537,535,-1,558,542,544,-1,544,542,543,-1,544,543,545,-1,545,543,549,-1,545,549,548,-1,548,559,545,-1,545,559,560,-1,545,560,561,-1,562,563,564,-1,561,565,545,-1,545,565,566,-1,545,566,567,-1,562,564,544,-1,544,564,568,-1,544,568,558,-1,550,551,547,-1,528,532,529,-1,529,532,554,-1,529,554,569,-1,569,554,570,-1,547,551,546,-1,532,534,554,-1,554,534,536,-1,554,536,552,-1,552,536,538,-1,552,538,551,-1,551,538,541,-1,551,541,546,-1,546,541,540,-1,546,540,571,-1,572,573,547,-1,547,573,574,-1,547,574,575,-1,575,576,547,-1,547,576,577,-1,547,577,550,-1,571,578,546,-1,546,578,579,-1,546,579,580,-1,580,579,581,-1,554,555,570,-1,570,555,557,-1,531,529,556,-1,556,529,569,-1,582,583,584,-1,584,583,585,-1,586,587,588,-1,588,587,589,-1,584,585,586,-1,586,585,587,-1,588,589,582,-1,582,589,583,-1,590,591,592,-1,592,591,593,-1,594,595,596,-1,596,595,597,-1,598,594,599,-1,599,594,596,-1,600,598,601,-1,601,598,599,-1,602,600,603,-1,603,600,601,-1,604,602,605,-1,605,602,603,-1,606,607,608,-1,608,607,609,-1,610,611,612,-1,612,611,613,-1,614,615,616,-1,616,615,617,-1,618,617,619,-1,619,617,615,-1,620,618,621,-1,621,618,619,-1,599,596,601,-1,601,596,597,-1,601,597,621,-1,621,597,622,-1,621,622,623,-1,615,609,619,-1,619,609,605,-1,619,605,621,-1,621,605,603,-1,621,603,601,-1,624,608,610,-1,610,608,609,-1,610,609,611,-1,611,609,615,-1,611,615,614,-1,614,625,611,-1,611,625,626,-1,611,626,627,-1,628,629,630,-1,627,631,611,-1,611,631,632,-1,611,632,633,-1,628,630,610,-1,610,630,634,-1,610,634,624,-1,616,617,613,-1,594,598,595,-1,595,598,620,-1,595,620,635,-1,635,620,636,-1,613,617,612,-1,598,600,620,-1,620,600,602,-1,620,602,618,-1,618,602,604,-1,618,604,617,-1,617,604,607,-1,617,607,612,-1,612,607,606,-1,612,606,637,-1,638,639,613,-1,613,639,640,-1,613,640,641,-1,641,642,613,-1,613,642,643,-1,613,643,616,-1,637,644,612,-1,612,644,645,-1,612,645,646,-1,646,645,647,-1,620,621,636,-1,636,621,623,-1,597,595,622,-1,622,595,635,-1,648,649,650,-1,650,649,651,-1,652,653,654,-1,654,653,655,-1,650,651,652,-1,652,651,653,-1,654,655,648,-1,648,655,649,-1,656,657,658,-1,658,657,659,-1,122,131,120,-1,120,131,129,-1,124,130,122,-1,122,130,131,-1,128,126,129,-1,129,126,120,-1,126,128,124,-1,124,128,130,-1,188,197,186,-1,186,197,195,-1,190,196,188,-1,188,196,197,-1,194,192,195,-1,195,192,186,-1,192,194,190,-1,190,194,196,-1,254,263,252,-1,252,263,261,-1,256,262,254,-1,254,262,263,-1,260,258,261,-1,261,258,252,-1,258,260,256,-1,256,260,262,-1,320,329,318,-1,318,329,327,-1,322,328,320,-1,320,328,329,-1,326,324,327,-1,327,324,318,-1,324,326,322,-1,322,326,328,-1,386,395,384,-1,384,395,393,-1,388,394,386,-1,386,394,395,-1,392,390,393,-1,393,390,384,-1,390,392,388,-1,388,392,394,-1,452,461,450,-1,450,461,459,-1,454,460,452,-1,452,460,461,-1,458,456,459,-1,459,456,450,-1,456,458,454,-1,454,458,460,-1,518,527,516,-1,516,527,525,-1,520,526,518,-1,518,526,527,-1,524,522,525,-1,525,522,516,-1,522,524,520,-1,520,524,526,-1,584,593,582,-1,582,593,591,-1,586,592,584,-1,584,592,593,-1,590,588,591,-1,591,588,582,-1,588,590,586,-1,586,590,592,-1,650,659,648,-1,648,659,657,-1,652,658,650,-1,650,658,659,-1,656,654,657,-1,657,654,648,-1,654,656,652,-1,652,656,658,-1,77,81,76,-1,76,81,79,-1,143,147,142,-1,142,147,145,-1,209,213,208,-1,208,213,211,-1,275,279,274,-1,274,279,277,-1,341,345,340,-1,340,345,343,-1,407,411,406,-1,406,411,409,-1,473,477,472,-1,472,477,475,-1,539,543,538,-1,538,543,541,-1,605,609,604,-1,604,609,607,-1,78,80,103,-1,78,103,115,-1,115,103,106,-1,115,106,116,-1,116,106,105,-1,116,105,117,-1,117,105,104,-1,117,104,118,-1,118,104,102,-1,118,102,119,-1,119,102,82,-1,119,82,84,-1,85,83,101,-1,85,101,113,-1,113,101,99,-1,113,99,110,-1,110,99,98,-1,110,98,111,-1,111,98,97,-1,111,97,112,-1,112,97,100,-1,112,100,114,-1,114,100,96,-1,114,96,109,-1,109,96,86,-1,109,86,88,-1,144,146,162,-1,144,162,175,-1,175,162,172,-1,175,172,182,-1,182,172,168,-1,182,168,183,-1,183,168,167,-1,183,167,185,-1,185,167,166,-1,185,166,184,-1,184,166,148,-1,184,148,150,-1,151,149,171,-1,151,171,176,-1,176,171,170,-1,176,170,177,-1,177,170,169,-1,177,169,178,-1,178,169,165,-1,178,165,179,-1,179,165,164,-1,179,164,180,-1,180,164,163,-1,180,163,181,-1,181,163,152,-1,181,152,154,-1,210,212,228,-1,210,228,241,-1,241,228,238,-1,241,238,248,-1,248,238,234,-1,248,234,249,-1,249,234,233,-1,249,233,251,-1,251,233,232,-1,251,232,250,-1,250,232,214,-1,250,214,216,-1,217,215,237,-1,217,237,242,-1,242,237,236,-1,242,236,243,-1,243,236,235,-1,243,235,244,-1,244,235,231,-1,244,231,245,-1,245,231,230,-1,245,230,246,-1,246,230,229,-1,246,229,247,-1,247,229,218,-1,247,218,220,-1,276,278,295,-1,276,295,316,-1,316,295,304,-1,316,304,317,-1,317,304,303,-1,317,303,307,-1,307,303,302,-1,307,302,308,-1,308,302,294,-1,308,294,309,-1,309,294,280,-1,309,280,282,-1,283,281,296,-1,283,296,310,-1,310,296,301,-1,310,301,312,-1,312,301,300,-1,312,300,313,-1,313,300,299,-1,313,299,314,-1,314,299,298,-1,314,298,315,-1,315,298,297,-1,315,297,311,-1,311,297,284,-1,311,284,286,-1,342,344,360,-1,342,360,373,-1,373,360,370,-1,373,370,380,-1,380,370,366,-1,380,366,381,-1,381,366,365,-1,381,365,383,-1,383,365,364,-1,383,364,382,-1,382,364,346,-1,382,346,348,-1,349,347,369,-1,349,369,374,-1,374,369,368,-1,374,368,375,-1,375,368,367,-1,375,367,376,-1,376,367,363,-1,376,363,377,-1,377,363,362,-1,377,362,378,-1,378,362,361,-1,378,361,379,-1,379,361,350,-1,379,350,352,-1,408,410,426,-1,408,426,439,-1,439,426,436,-1,439,436,446,-1,446,436,432,-1,446,432,447,-1,447,432,431,-1,447,431,449,-1,449,431,430,-1,449,430,448,-1,448,430,412,-1,448,412,414,-1,415,413,435,-1,415,435,440,-1,440,435,434,-1,440,434,441,-1,441,434,433,-1,441,433,442,-1,442,433,429,-1,442,429,443,-1,443,429,428,-1,443,428,444,-1,444,428,427,-1,444,427,445,-1,445,427,416,-1,445,416,418,-1,474,476,492,-1,474,492,505,-1,505,492,502,-1,505,502,512,-1,512,502,498,-1,512,498,513,-1,513,498,497,-1,513,497,515,-1,515,497,496,-1,515,496,514,-1,514,496,478,-1,514,478,480,-1,481,479,501,-1,481,501,506,-1,506,501,500,-1,506,500,507,-1,507,500,499,-1,507,499,508,-1,508,499,495,-1,508,495,509,-1,509,495,494,-1,509,494,510,-1,510,494,493,-1,510,493,511,-1,511,493,482,-1,511,482,484,-1,540,542,558,-1,540,558,571,-1,571,558,568,-1,571,568,578,-1,578,568,564,-1,578,564,579,-1,579,564,563,-1,579,563,581,-1,581,563,562,-1,581,562,580,-1,580,562,544,-1,580,544,546,-1,547,545,567,-1,547,567,572,-1,572,567,566,-1,572,566,573,-1,573,566,565,-1,573,565,574,-1,574,565,561,-1,574,561,575,-1,575,561,560,-1,575,560,576,-1,576,560,559,-1,576,559,577,-1,577,559,548,-1,577,548,550,-1,606,608,624,-1,606,624,637,-1,637,624,634,-1,637,634,644,-1,644,634,630,-1,644,630,645,-1,645,630,629,-1,645,629,647,-1,647,629,628,-1,647,628,646,-1,646,628,610,-1,646,610,612,-1,613,611,633,-1,613,633,638,-1,638,633,632,-1,638,632,639,-1,639,632,631,-1,639,631,640,-1,640,631,627,-1,640,627,641,-1,641,627,626,-1,641,626,642,-1,642,626,625,-1,642,625,643,-1,643,625,614,-1,643,614,616,-1,
        ]
    }
}
Shape{
    appearance Appearance {
        material  Material 	{
            diffuseColor 1.0 0.9176470588235294 0.8431372549019608
            specularColor 0.5019607843137255 0.4588235294117647 0.4235294117647059
            ambientIntensity 0.2
            transparency 0
            shininess 0.5
        }
    }
    geometry IndexedFaceSet {
        ccw TRUE
        solid FALSE
        coord DEF co Coordinate {
            point [
                -2.3228 0.2559 1.0827, 2.3228 0.2559 1.0827, -2.3228 0.5709 1.0827, 2.3228 0.5709 1.0827, -2.3622 0.2559 1.1811, -2.3622 0.2559 1.122, -2.3622 0.5709 1.1811, -2.3622 0.5709 1.122, 2.3622 0.5709 1.1811, 2.3622 0.5709 1.122, 2.3622 0.2559 1.1811, 2.3622 0.2559 1.122, -2.3635 0.5709 1.1913, -2.3635 0.2559 1.1913, -2.3675 0.5709 1.2008, -2.3675 0.2559 1.2008, -2.3737 0.5709 1.2089, -2.3737 0.2559 1.2089, -2.3819 0.5709 1.2152, -2.3819 0.2559 1.2152, -2.3914 0.5709 1.2191, -2.3914 0.2559 1.2191, -2.4016 0.5709 1.2205, -2.4016 0.2559 1.2205, -2.3612 0.5709 1.1133, -2.3612 0.2559 1.1133, -2.3583 0.5709 1.105, -2.3583 0.2559 1.105, -2.3536 0.5709 1.0975, -2.3536 0.2559 1.0975, -2.3474 0.5709 1.0913, -2.3474 0.2559 1.0913, -2.3399 0.5709 1.0866, -2.3399 0.2559 1.0866, -2.3316 0.5709 1.0837, -2.3316 0.2559 1.0837, 2.3632 0.2559 1.1899, 2.3632 0.5709 1.1899, 2.3661 0.2559 1.1982, 2.3661 0.5709 1.1982, 2.3708 0.2559 1.2056, 2.3708 0.5709 1.2056, 2.377 0.2559 1.2119, 2.377 0.5709 1.2119, 2.3845 0.2559 1.2166, 2.3845 0.5709 1.2166, 2.3928 0.2559 1.2195, 2.3928 0.5709 1.2195, 2.4016 0.2559 1.2205, 2.4016 0.5709 1.2205, 2.333 0.5709 1.084, 2.333 0.2559 1.084, 2.3425 0.5709 1.088, 2.3425 0.2559 1.088, 2.3507 0.5709 1.0942, 2.3507 0.2559 1.0942, 2.3569 0.5709 1.1024, 2.3569 0.2559 1.1024, 2.3609 0.5709 1.1119, 2.3609 0.2559 1.1119, 3.7402 0.2559 1.4173, 3.7402 0.5709 1.4173, 3.7334 0.2559 1.3664, 3.7334 0.5709 1.3664, 3.7138 0.2559 1.3189, 3.7138 0.5709 1.3189, 3.6825 0.2559 1.2781, 3.6825 0.5709 1.2781, 3.6417 0.2559 1.2468, 3.6417 0.5709 1.2468, 3.5943 0.2559 1.2272, 3.5943 0.5709 1.2272, 3.5433 0.2559 1.2205, 3.5433 0.5709 1.2205, -3.5433 0.2559 1.2205, -3.5433 0.5709 1.2205, -3.5943 0.2559 1.2272, -3.5943 0.5709 1.2272, -3.6417 0.2559 1.2468, -3.6417 0.5709 1.2468, -3.6825 0.2559 1.2781, -3.6825 0.5709 1.2781, -3.7138 0.2559 1.3189, -3.7138 0.5709 1.3189, -3.7334 0.2559 1.3664, -3.7334 0.5709 1.3664, -3.7402 0.2559 1.4173, -3.7402 0.5709 1.4173, 3.7402 0.5709 1.6535, 3.7402 0.2559 1.6535, 3.7411 0.2559 1.6623, 3.7411 0.5709 1.6623, 3.7441 0.2559 1.6706, 3.7441 0.5709 1.6706, 3.7487 0.2559 1.6781, 3.7487 0.5709 1.6781, 3.755 0.2559 1.6843, 3.755 0.5709 1.6843, 3.7624 0.2559 1.689, 3.7624 0.5709 1.689, 3.7708 0.2559 1.6919, 3.7708 0.5709 1.6919, 3.7795 0.2559 1.6929, 3.7795 0.5709 1.6929, -3.7402 0.2559 1.6535, -3.7402 0.5709 1.6535, -3.7411 0.5709 1.6623, -3.7411 0.2559 1.6623, -3.7441 0.5709 1.6706, -3.7441 0.2559 1.6706, -3.7487 0.5709 1.6781, -3.7487 0.2559 1.6781, -3.755 0.5709 1.6843, -3.755 0.2559 1.6843, -3.7624 0.5709 1.689, -3.7624 0.2559 1.689, -3.7708 0.5709 1.6919, -3.7708 0.2559 1.6919, -3.7795 0.5709 1.6929, -3.7795 0.2559 1.6929, -4.4291 0.0394 1.6142, -4.3504 0.1181 1.6929, -4.4291 0.5709 1.6142, -4.3504 0.5709 1.6929, -4.2126 0.0394 1.6142, -4.2126 0.1181 1.6929, -4.1339 0.1181 1.6142, -4.2126 0.2559 1.6929, -4.1339 0.2559 1.6142, -4.2126 0.0394 1.0236, -4.1339 0.1181 0.9449, -4.2126 -1.2992 1.0236, -4.1339 -1.2205 0.9449, -3.6614 -1.2992 1.0236, -3.7402 -1.2205 0.9449, -3.6614 -0.9055 1.0236, -3.7402 -0.8268 0.9449, -3.0315 -0.9055 1.0236, -2.9528 -0.8268 0.9449, -3.0315 -1.1417 1.0236, -2.9528 -1.063 0.9449, -2.4803 -1.1417 1.0236, -2.5591 -1.063 0.9449, 4.3504 0.1181 1.6929, 4.4291 0.0394 1.6142, 4.3504 0.5709 1.6929, 4.4291 0.5709 1.6142, -2.4803 -0.9055 1.0236, -2.5591 -0.8268 0.9449, 4.1339 0.1181 1.6142, 4.2126 0.1181 1.6929, 4.1339 0.2559 1.6142, 4.2126 0.2559 1.6929, 4.2126 0.0394 1.6142, 2.4803 -0.9055 1.0236, 2.5591 -0.8268 0.9449, 2.4803 -1.1417 1.0236, 2.5591 -1.063 0.9449, 4.1339 0.1181 0.9449, 4.2126 0.0394 1.0236, 2.874 -1.1417 1.0236, 2.874 -1.063 0.9449, 2.9528 -0.9843 0.9449, 2.874 -1.063 -0.8661, 2.9528 -0.9843 -0.8661, 4.1339 -1.2205 0.9449, 4.2126 -1.2992 1.0236, 3.0315 -0.9843 1.0236, 2.9528 -1.063 1.0236, 3.7402 -1.2205 0.9449, 3.6614 -1.2992 1.0236, 3.0315 -0.9055 1.0236, 2.9528 -0.8268 0.9449, 3.7402 -0.8268 0.9449, 3.6614 -0.9055 1.0236, 3.6614 -0.9055 1.0236
            ]
        }
        coordIndex [
            0,1,2,-1,2,1,3,-1,4,5,6,-1,6,5,7,-1,8,9,10,-1,10,9,11,-1,4,6,12,-1,4,12,13,-1,13,12,14,-1,13,14,15,-1,15,14,16,-1,15,16,17,-1,17,16,18,-1,17,18,19,-1,19,18,20,-1,19,20,21,-1,21,20,22,-1,21,22,23,-1,7,5,24,-1,24,5,25,-1,24,25,26,-1,26,25,27,-1,26,27,28,-1,28,27,29,-1,28,29,30,-1,30,29,31,-1,30,31,32,-1,32,31,33,-1,32,33,34,-1,34,33,35,-1,34,35,2,-1,2,35,0,-1,8,10,36,-1,8,36,37,-1,37,36,38,-1,37,38,39,-1,39,38,40,-1,39,40,41,-1,41,40,42,-1,41,42,43,-1,43,42,44,-1,43,44,45,-1,45,44,46,-1,45,46,47,-1,47,46,48,-1,47,48,49,-1,3,1,50,-1,50,1,51,-1,50,51,52,-1,52,51,53,-1,52,53,54,-1,54,53,55,-1,54,55,56,-1,56,55,57,-1,56,57,58,-1,58,57,59,-1,58,59,9,-1,9,59,11,-1,60,61,62,-1,62,61,63,-1,62,63,64,-1,64,63,65,-1,64,65,66,-1,66,65,67,-1,66,67,68,-1,68,67,69,-1,68,69,70,-1,70,69,71,-1,70,71,72,-1,72,71,73,-1,74,75,76,-1,76,75,77,-1,76,77,78,-1,78,77,79,-1,78,79,80,-1,80,79,81,-1,80,81,82,-1,82,81,83,-1,82,83,84,-1,84,83,85,-1,84,85,86,-1,86,85,87,-1,88,89,90,-1,88,90,91,-1,91,90,92,-1,91,92,93,-1,93,92,94,-1,93,94,95,-1,95,94,96,-1,95,96,97,-1,97,96,98,-1,97,98,99,-1,99,98,100,-1,99,100,101,-1,101,100,102,-1,101,102,103,-1,104,105,106,-1,104,106,107,-1,107,106,108,-1,107,108,109,-1,109,108,110,-1,109,110,111,-1,111,110,112,-1,111,112,113,-1,113,112,114,-1,113,114,115,-1,115,114,116,-1,115,116,117,-1,117,116,118,-1,117,118,119,-1,120,121,122,-1,122,121,123,-1,124,125,120,-1,120,125,121,-1,125,126,127,-1,127,126,128,-1,125,124,126,-1,129,130,124,-1,124,130,126,-1,131,132,129,-1,129,132,130,-1,133,134,131,-1,131,134,132,-1,135,136,133,-1,133,136,134,-1,137,138,135,-1,135,138,136,-1,139,140,137,-1,137,140,138,-1,141,142,139,-1,139,142,140,-1,143,144,145,-1,145,144,146,-1,147,148,141,-1,141,148,142,-1,149,150,151,-1,151,150,152,-1,150,153,143,-1,143,153,144,-1,154,155,147,-1,147,155,148,-1,150,149,153,-1,156,157,154,-1,154,157,155,-1,158,159,149,-1,149,159,153,-1,160,161,156,-1,156,161,157,-1,161,162,163,-1,163,162,164,-1,165,166,158,-1,158,166,159,-1,167,162,168,-1,168,162,161,-1,168,161,160,-1,169,170,165,-1,165,170,166,-1,171,172,167,-1,167,172,162,-1,173,174,169,-1,169,174,170,-1,174,173,171,-1,171,173,172,-1,
        ]
    }
}
Shape{
    appearance Appearance {
        material  Material 	{
            diffuseColor 0.0 0.0 0.0
            specularColor 0.0 0.0 0.0
            ambientIntensity 0.2
            transparency 0
            shininess 0.5
        }
    }
    geometry IndexedFaceSet {
        ccw TRUE
        solid FALSE
        coord DEF co Coordinate {
            point [
                4.7283 -0.6433 0.7807, 4.7283 -0.6433 0.7686, 4.7244 -0.6433 0.7807, 4.7244 -0.6433 0.7686, 4.7283 -0.6859 0.7807, 4.7244 -0.6859 0.7807, 4.7283 -0.6859 0.8753, 4.7244 -0.6859 0.8753, 4.7283 -0.6996 0.8753, 4.7244 -0.6996 0.8753, 4.7283 -0.6996 0.7686, 4.7244 -0.6996 0.7686, 4.7283 -0.5886 0.7668, 4.7244 -0.5886 0.7668, 4.7244 -0.5723 0.7683, 4.7244 -0.5636 0.7712, 4.7283 -0.5609 0.7721, 4.7283 -0.5723 0.7683, 4.7244 -0.5609 0.7721, 4.7244 -0.559 0.773, 4.7283 -0.559 0.773, 4.7283 -0.559 0.7862, 4.7244 -0.559 0.7862, 4.7244 -0.5636 0.7842, 4.7283 -0.5698 0.7814, 4.7244 -0.5698 0.7814, 4.7244 -0.582 0.7792, 4.7283 -0.582 0.7792, 4.7244 -0.5866 0.779, 4.7283 -0.5866 0.779, 4.7244 -0.5966 0.7802, 4.7283 -0.5966 0.7802, 4.7244 -0.6043 0.783, 4.7283 -0.6043 0.783, 4.7244 -0.6114 0.7878, 4.7283 -0.6114 0.7878, 4.7244 -0.614 0.7903, 4.7283 -0.614 0.7903, 4.7244 -0.6195 0.7979, 4.7283 -0.6195 0.7979, 4.7244 -0.6228 0.8066, 4.7283 -0.6228 0.8066, 4.7244 -0.6245 0.8198, 4.7283 -0.6245 0.8198, 4.7244 -0.6245 0.8207, 4.7283 -0.6245 0.8207, 4.7244 -0.623 0.8346, 4.7283 -0.623 0.8346, 4.7244 -0.6195 0.844, 4.7283 -0.6195 0.844, 4.7244 -0.6145 0.8515, 4.7283 -0.6145 0.8515, 4.7244 -0.6133 0.8528, 4.7283 -0.6133 0.8528, 4.7244 -0.6065 0.8586, 4.7283 -0.6065 0.8586, 4.7244 -0.5981 0.8626, 4.7283 -0.5981 0.8626, 4.7244 -0.5889 0.8645, 4.7283 -0.5889 0.8645, 4.7244 -0.5842 0.8647, 4.7283 -0.5842 0.8647, 4.7244 -0.5712 0.8631, 4.7244 -0.5636 0.8603, 4.7283 -0.5603 0.859, 4.7283 -0.5712 0.8631, 4.7244 -0.5603 0.859, 4.7244 -0.559 0.8584, 4.7283 -0.559 0.8584, 4.7283 -0.559 0.8728, 4.7244 -0.559 0.8728, 4.7244 -0.5843 0.8771, 4.7283 -0.5843 0.8771, 4.7283 -0.5834 0.8771, 4.7244 -0.5636 0.8741, 4.7283 -0.5696 0.8759, 4.7244 -0.5696 0.8759, 4.7244 -0.5734 0.8762, 4.7244 -0.5834 0.8771, 4.7283 -0.5984 0.8756, 4.7244 -0.5926 0.8762, 4.7244 -0.5984 0.8756, 4.7244 -0.6098 0.8715, 4.7283 -0.6098 0.8715, 4.7244 -0.6203 0.8645, 4.7283 -0.6203 0.8645, 4.7244 -0.6236 0.8614, 4.7283 -0.6236 0.8614, 4.7244 -0.6312 0.8515, 4.7244 -0.6342 0.8445, 4.7283 -0.6363 0.8396, 4.7283 -0.6312 0.8515, 4.7244 -0.6363 0.8396, 4.7244 -0.6388 0.8257, 4.7283 -0.6388 0.8257, 4.7244 -0.639 0.8199, 4.7283 -0.639 0.8199, 4.7244 -0.6374 0.8048, 4.7244 -0.6342 0.7954, 4.7283 -0.6334 0.7932, 4.7283 -0.6374 0.8048, 4.7244 -0.6334 0.7932, 4.7244 -0.6274 0.7838, 4.7283 -0.6274 0.7838, 4.7244 -0.6253 0.7813, 4.7283 -0.6253 0.7813, 4.7244 -0.6162 0.7739, 4.7283 -0.6162 0.7739, 4.7244 -0.6061 0.7693, 4.7283 -0.6061 0.7693, 4.7244 -0.5944 0.767, 4.7283 -0.5944 0.767, 4.7283 -0.4803 0.7807, 4.7283 -0.4803 0.7686, 4.7244 -0.4803 0.7807, 4.7244 -0.4803 0.7686, 4.7244 -0.5239 0.7807, 4.7283 -0.5239 0.7807, 4.7244 -0.4951 0.7807, 4.7283 -0.5239 0.8167, 4.7244 -0.5239 0.8167, 4.7283 -0.4857 0.8167, 4.7244 -0.4951 0.8167, 4.7244 -0.4857 0.8167, 4.7283 -0.4857 0.8289, 4.7244 -0.4857 0.8289, 4.7244 -0.5239 0.8289, 4.7283 -0.5239 0.8289, 4.7244 -0.4951 0.8289, 4.7283 -0.5239 0.863, 4.7244 -0.5239 0.863, 4.7244 -0.4827 0.863, 4.7283 -0.4827 0.863, 4.7244 -0.4951 0.863, 4.7283 -0.4827 0.8753, 4.7244 -0.4827 0.8753, 4.7244 -0.5377 0.8753, 4.7283 -0.5377 0.8753, 4.7244 -0.4951 0.8753, 4.7283 -0.5377 0.7686, 4.7244 -0.5377 0.7686, 4.7244 -0.4951 0.7686, 4.7283 -0.3963 0.85, 4.7283 -0.385 0.8569, 4.7283 -0.3994 0.853, 4.7283 -0.3893 0.8612, 4.7283 -0.4076 0.8584, 4.7283 -0.3999 0.8686, 4.7283 -0.4169 0.8616, 4.7283 -0.4127 0.8734, 4.7283 -0.4302 0.863, 4.7283 -0.4296 0.8753, 4.7283 -0.4463 0.863, 4.7283 -0.4601 0.8753, 4.7283 -0.4463 0.7807, 4.7283 -0.4601 0.7686, 4.7283 -0.4308 0.7807, 4.7283 -0.4307 0.7686, 4.7283 -0.4169 0.7823, 4.7283 -0.4153 0.7701, 4.7283 -0.4079 0.7856, 4.7283 -0.4026 0.7744, 4.7283 -0.4008 0.7903, 4.7283 -0.392 0.7811, 4.7283 -0.3991 0.7919, 4.7283 -0.3893 0.7835, 4.7283 -0.3935 0.7989, 4.7283 -0.3813 0.793, 4.7283 -0.3899 0.8069, 4.7283 -0.3761 0.8041, 4.7283 -0.3879 0.8169, 4.7283 -0.3735 0.8166, 4.7283 -0.3877 0.8229, 4.7283 -0.3732 0.8233, 4.7283 -0.3892 0.8361, 4.7283 -0.3747 0.8371, 4.7283 -0.3922 0.844, 4.7283 -0.3785 0.8474, 4.7244 -0.4307 0.7686, 4.7244 -0.4601 0.7686, 4.7244 -0.4153 0.7701, 4.7244 -0.4026 0.7744, 4.7244 -0.392 0.7811, 4.7244 -0.3893 0.7835, 4.7244 -0.3813 0.793, 4.7244 -0.3761 0.8041, 4.7244 -0.3735 0.8166, 4.7244 -0.3732 0.8233, 4.7244 -0.3747 0.8371, 4.7244 -0.3785 0.8474, 4.7244 -0.385 0.8569, 4.7244 -0.3893 0.8612, 4.7244 -0.3999 0.8686, 4.7244 -0.4127 0.8734, 4.7244 -0.4296 0.8753, 4.7244 -0.4601 0.8753, 4.7244 -0.4302 0.863, 4.7244 -0.4463 0.863, 4.7244 -0.4463 0.7807, 4.7244 -0.4308 0.7807, 4.7244 -0.3991 0.7919, 4.7244 -0.4008 0.7903, 4.7244 -0.4079 0.7856, 4.7244 -0.4169 0.7823, 4.7244 -0.3877 0.8229, 4.7244 -0.3879 0.8169, 4.7244 -0.3899 0.8069, 4.7244 -0.3935 0.7989, 4.7244 -0.3994 0.853, 4.7244 -0.3963 0.85, 4.7244 -0.3922 0.844, 4.7244 -0.3892 0.8361, 4.7244 -0.4169 0.8616, 4.7244 -0.4076 0.8584, 4.7244 -0.4076 0.8584
            ]
        }
        coordIndex [
            0,1,2,-1,2,1,3,-1,4,0,5,-1,5,0,2,-1,6,4,7,-1,7,4,5,-1,8,6,9,-1,9,6,7,-1,10,8,11,-1,11,8,9,-1,1,10,3,-1,3,10,11,-1,6,8,4,-1,4,8,10,-1,4,10,0,-1,0,10,1,-1,12,13,14,-1,15,16,14,-1,14,16,17,-1,14,17,12,-1,15,18,16,-1,16,18,19,-1,16,19,20,-1,21,20,22,-1,22,20,19,-1,21,22,23,-1,21,23,24,-1,23,25,24,-1,24,25,26,-1,24,26,27,-1,27,26,28,-1,27,28,29,-1,29,28,30,-1,29,30,31,-1,31,30,32,-1,31,32,33,-1,33,32,34,-1,33,34,35,-1,35,34,36,-1,35,36,37,-1,37,36,38,-1,37,38,39,-1,39,38,40,-1,39,40,41,-1,41,40,42,-1,41,42,43,-1,43,42,44,-1,43,44,45,-1,45,44,46,-1,45,46,47,-1,47,46,48,-1,47,48,49,-1,49,48,50,-1,49,50,51,-1,51,50,52,-1,51,52,53,-1,53,52,54,-1,53,54,55,-1,55,54,56,-1,55,56,57,-1,57,56,58,-1,57,58,59,-1,59,58,60,-1,59,60,61,-1,61,60,62,-1,63,64,62,-1,62,64,65,-1,62,65,61,-1,63,66,64,-1,64,66,67,-1,64,67,68,-1,69,68,70,-1,70,68,67,-1,71,72,73,-1,69,70,74,-1,69,74,75,-1,74,76,75,-1,75,76,77,-1,75,77,73,-1,73,77,78,-1,73,78,71,-1,72,71,79,-1,79,71,80,-1,80,81,79,-1,79,81,82,-1,79,82,83,-1,83,82,84,-1,83,84,85,-1,85,84,86,-1,85,86,87,-1,87,86,88,-1,89,90,88,-1,88,90,91,-1,88,91,87,-1,89,92,90,-1,90,92,93,-1,90,93,94,-1,94,93,95,-1,94,95,96,-1,96,95,97,-1,98,99,97,-1,97,99,100,-1,97,100,96,-1,98,101,99,-1,99,101,102,-1,99,102,103,-1,103,102,104,-1,103,104,105,-1,105,104,106,-1,105,106,107,-1,107,106,108,-1,107,108,109,-1,109,108,110,-1,109,110,111,-1,111,110,13,-1,111,13,12,-1,64,68,69,-1,39,41,100,-1,20,21,16,-1,16,21,24,-1,100,41,96,-1,64,69,65,-1,65,69,75,-1,65,75,61,-1,61,75,73,-1,61,73,59,-1,59,73,72,-1,59,72,57,-1,57,72,79,-1,57,79,55,-1,100,99,39,-1,39,99,103,-1,39,103,37,-1,37,103,105,-1,37,105,35,-1,35,105,107,-1,35,107,33,-1,33,107,109,-1,33,109,31,-1,31,109,111,-1,31,111,29,-1,29,111,12,-1,29,12,27,-1,41,43,96,-1,96,43,45,-1,96,45,94,-1,94,45,47,-1,94,47,90,-1,87,53,85,-1,85,53,55,-1,85,55,83,-1,83,55,79,-1,90,47,91,-1,91,47,49,-1,91,49,87,-1,87,49,51,-1,87,51,53,-1,27,12,24,-1,24,12,17,-1,24,17,16,-1,112,113,114,-1,114,113,115,-1,116,117,118,-1,118,117,112,-1,118,112,114,-1,119,117,120,-1,120,117,116,-1,119,120,121,-1,121,120,122,-1,121,122,123,-1,124,121,125,-1,125,121,123,-1,126,127,128,-1,128,127,124,-1,128,124,125,-1,129,127,130,-1,130,127,126,-1,131,132,133,-1,133,132,129,-1,133,129,130,-1,134,132,135,-1,135,132,131,-1,136,137,138,-1,138,137,134,-1,138,134,135,-1,139,137,140,-1,140,137,136,-1,115,113,141,-1,141,113,139,-1,141,139,140,-1,139,113,112,-1,112,117,139,-1,139,117,119,-1,139,119,137,-1,132,134,129,-1,129,134,137,-1,129,137,127,-1,127,137,119,-1,127,119,124,-1,124,119,121,-1,142,143,144,-1,144,143,145,-1,144,145,146,-1,146,145,147,-1,146,147,148,-1,148,147,149,-1,148,149,150,-1,150,149,151,-1,150,151,152,-1,152,151,153,-1,152,153,154,-1,154,153,155,-1,154,155,156,-1,156,155,157,-1,156,157,158,-1,158,157,159,-1,158,159,160,-1,160,159,161,-1,160,161,162,-1,162,161,163,-1,162,163,164,-1,164,163,165,-1,164,165,166,-1,166,165,167,-1,166,167,168,-1,168,167,169,-1,168,169,170,-1,170,169,171,-1,170,171,172,-1,172,171,173,-1,172,173,174,-1,174,173,175,-1,174,175,176,-1,176,175,177,-1,176,177,142,-1,142,177,143,-1,157,155,178,-1,178,155,179,-1,157,178,180,-1,157,180,159,-1,159,180,181,-1,159,181,161,-1,161,181,182,-1,161,182,163,-1,163,182,183,-1,163,183,165,-1,165,183,184,-1,165,184,167,-1,167,184,185,-1,167,185,169,-1,169,185,186,-1,169,186,171,-1,171,186,187,-1,171,187,173,-1,173,187,188,-1,173,188,175,-1,175,188,189,-1,175,189,177,-1,177,189,190,-1,177,190,143,-1,143,190,191,-1,143,191,145,-1,145,191,192,-1,145,192,147,-1,147,192,193,-1,147,193,149,-1,149,193,194,-1,149,194,151,-1,153,151,195,-1,195,151,194,-1,155,153,179,-1,179,153,195,-1,150,152,196,-1,196,152,197,-1,152,154,197,-1,197,154,198,-1,154,156,198,-1,198,156,199,-1,164,200,201,-1,164,201,162,-1,162,201,202,-1,162,202,160,-1,160,202,203,-1,160,203,158,-1,158,203,199,-1,158,199,156,-1,172,204,205,-1,172,205,170,-1,170,205,206,-1,170,206,168,-1,168,206,207,-1,168,207,166,-1,166,207,200,-1,166,200,164,-1,144,208,209,-1,144,209,142,-1,142,209,210,-1,142,210,176,-1,176,210,211,-1,176,211,174,-1,174,211,204,-1,174,204,172,-1,150,196,212,-1,150,212,148,-1,148,212,213,-1,148,213,146,-1,146,213,208,-1,146,208,144,-1,
        ]
    }
}
Shape{
    appearance Appearance {
        material  Material 	{
            diffuseColor 1.0 0.9176470588235294 0.8431372549019608
            specularColor 0.5019607843137255 0.4588235294117647 0.4235294117647059
            ambientIntensity 0.2
            transparency 0
            shininess 0.5
        }
    }
    geometry IndexedFaceSet {
        ccw TRUE
        solid FALSE
        coord DEF co Coordinate {
            point [
                4.7244 -0.4463 0.863, 4.7244 -0.4463 0.7807, 4.7244 -0.4302 0.863, 4.7244 -0.4308 0.7807, 4.7244 -0.4008 0.7903, 4.7244 -0.3991 0.7919, 4.7244 -0.4169 0.7823, 4.7244 -0.4079 0.7856, 4.7244 -0.3935 0.7989, 4.7244 -0.3899 0.8069, 4.7244 -0.3879 0.8169, 4.7244 -0.3877 0.8229, 4.7244 -0.3892 0.8361, 4.7244 -0.3922 0.844, 4.7244 -0.3963 0.85, 4.7244 -0.3994 0.853, 4.7244 -0.4169 0.8616, 4.7244 -0.4076 0.8584, 4.7244 -0.4076 0.8584
            ]
        }
        coordIndex [
            0,1,2,-1,2,1,3,-1,2,4,5,-1,3,6,2,-1,2,6,7,-1,2,7,4,-1,5,8,2,-1,2,8,9,-1,2,9,10,-1,10,11,2,-1,2,11,12,-1,2,12,13,-1,13,14,2,-1,2,14,15,-1,2,15,16,-1,16,15,17,-1,
        ]
    }
}
Shape{
    appearance Appearance {
        material  Material 	{
            diffuseColor 0.0 0.0 0.0
            specularColor 0.0 0.0 0.0
            ambientIntensity 0.2
            transparency 0
            shininess 0.5
        }
    }
    geometry IndexedFaceSet {
        ccw TRUE
        solid FALSE
        coord DEF co Coordinate {
            point [
                4.7283 -0.3374 0.8098, 4.7283 -0.3418 0.7978, 4.7283 -0.3016 0.8098, 4.7283 -0.2973 0.7978, 4.7283 -0.3214 0.8542, 4.7283 -0.3266 0.8753, 4.7283 -0.3673 0.7686, 4.7283 -0.352 0.7686, 4.7283 -0.3205 0.8574, 4.7283 -0.3197 0.8617, 4.7283 -0.3119 0.8753, 4.7283 -0.3194 0.8617, 4.7283 -0.3185 0.8572, 4.7283 -0.3177 0.8542, 4.7283 -0.2712 0.7686, 4.7283 -0.2864 0.7686, 4.7244 -0.3119 0.8753, 4.7244 -0.2712 0.7686, 4.7244 -0.3266 0.8753, 4.7244 -0.3673 0.7686, 4.7244 -0.3365 0.8494, 4.7244 -0.352 0.7686, 4.7244 -0.3418 0.7978, 4.7244 -0.2973 0.7978, 4.7244 -0.3365 0.7978, 4.7244 -0.2864 0.7686, 4.7244 -0.3374 0.8098, 4.7244 -0.3016 0.8098, 4.7244 -0.3177 0.8542, 4.7244 -0.3194 0.8617, 4.7244 -0.3185 0.8572, 4.7244 -0.3197 0.8617, 4.7244 -0.3214 0.8542, 4.7244 -0.3205 0.8574, 4.7244 -0.3205 0.8574
            ]
        }
        coordIndex [
            0,1,2,-1,2,1,3,-1,4,5,0,-1,0,5,6,-1,0,6,1,-1,1,6,7,-1,4,8,5,-1,5,8,9,-1,5,9,10,-1,10,9,11,-1,10,11,12,-1,12,13,10,-1,10,13,2,-1,10,2,14,-1,14,2,3,-1,14,3,15,-1,10,14,16,-1,16,14,17,-1,5,10,18,-1,18,10,16,-1,19,6,20,-1,20,6,5,-1,20,5,18,-1,7,6,21,-1,21,6,19,-1,1,7,22,-1,22,7,21,-1,23,3,24,-1,24,3,1,-1,24,1,22,-1,15,3,25,-1,25,3,23,-1,14,15,17,-1,17,15,25,-1,0,2,26,-1,26,2,27,-1,2,13,27,-1,27,13,28,-1,11,29,30,-1,11,30,12,-1,12,30,28,-1,12,28,13,-1,11,9,29,-1,29,9,31,-1,4,32,33,-1,4,33,8,-1,8,33,31,-1,8,31,9,-1,4,0,32,-1,32,0,26,-1,
        ]
    }
}
Shape{
    appearance Appearance {
        material  Material 	{
            diffuseColor 1.0 0.9176470588235294 0.8431372549019608
            specularColor 0.5019607843137255 0.4588235294117647 0.4235294117647059
            ambientIntensity 0.2
            transparency 0
            shininess 0.5
        }
    }
    geometry IndexedFaceSet {
        ccw TRUE
        solid FALSE
        coord DEF co Coordinate {
            point [
                4.7244 -0.3194 0.8617, 4.7244 -0.3197 0.8617, 4.7244 -0.3185 0.8572, 4.7244 -0.3205 0.8574, 4.7244 -0.3177 0.8542, 4.7244 -0.3214 0.8542, 4.7244 -0.3016 0.8098, 4.7244 -0.3374 0.8098, 4.7244 -0.3374 0.8098
            ]
        }
        coordIndex [
            0,1,2,-1,2,1,3,-1,2,3,4,-1,4,3,5,-1,4,5,6,-1,6,5,7,-1,
        ]
    }
}
Shape{
    appearance Appearance {
        material  Material 	{
            diffuseColor 0.0 0.0 0.0
            specularColor 0.0 0.0 0.0
            ambientIntensity 0.2
            transparency 0
            shininess 0.5
        }
    }
    geometry IndexedFaceSet {
        ccw TRUE
        solid FALSE
        coord DEF co Coordinate {
            point [
                4.7283 -0.6422 0.6114, 4.7283 -0.6422 0.5992, 4.7244 -0.6422 0.6114, 4.7244 -0.6422 0.5992, 4.7283 -0.6859 0.6114, 4.7244 -0.6859 0.6114, 4.7283 -0.6859 0.6473, 4.7244 -0.6859 0.6473, 4.7283 -0.6477 0.6473, 4.7244 -0.6477 0.6473, 4.7283 -0.6477 0.6595, 4.7244 -0.6477 0.6595, 4.7283 -0.6859 0.6595, 4.7244 -0.6859 0.6595, 4.7283 -0.6859 0.6937, 4.7244 -0.6859 0.6937, 4.7283 -0.6447 0.6937, 4.7244 -0.6447 0.6937, 4.7283 -0.6447 0.706, 4.7244 -0.6447 0.706, 4.7283 -0.6996 0.706, 4.7244 -0.6996 0.706, 4.7283 -0.6996 0.5992, 4.7244 -0.6996 0.5992, 4.7283 -0.6142 0.642, 4.7283 -0.6103 0.6319, 4.7283 -0.6069 0.6334, 4.7283 -0.5819 0.611, 4.7283 -0.5815 0.611, 4.7283 -0.5824 0.6233, 4.7283 -0.5815 0.6293, 4.7283 -0.5682 0.6483, 4.7283 -0.5815 0.6302, 4.7283 -0.5815 0.6375, 4.7283 -0.5815 0.5992, 4.7283 -0.5682 0.5992, 4.7283 -0.6041 0.6445, 4.7283 -0.5994 0.6351, 4.7283 -0.5815 0.6477, 4.7283 -0.582 0.6536, 4.7283 -0.5692 0.6585, 4.7283 -0.5834 0.6583, 4.7283 -0.5713 0.6645, 4.7283 -0.585 0.6611, 4.7283 -0.574 0.6688, 4.7283 -0.587 0.6633, 4.7283 -0.5776 0.6722, 4.7283 -0.5893 0.6648, 4.7283 -0.5821 0.6748, 4.7283 -0.5924 0.6659, 4.7283 -0.5877 0.6765, 4.7283 -0.597 0.6663, 4.7283 -0.5957 0.6772, 4.7283 -0.605 0.6655, 4.7283 -0.6089 0.6757, 4.7283 -0.6134 0.6626, 4.7283 -0.6189 0.6719, 4.7283 -0.622 0.6571, 4.7283 -0.622 0.6701, 4.7283 -0.5844 0.6185, 4.7283 -0.5873 0.6146, 4.7283 -0.584 0.6078, 4.7283 -0.5889 0.613, 4.7283 -0.5882 0.6033, 4.7283 -0.5927 0.6104, 4.7283 -0.5929 0.6001, 4.7283 -0.5968 0.6089, 4.7283 -0.5984 0.5982, 4.7283 -0.6018 0.6084, 4.7283 -0.6052 0.5974, 4.7283 -0.6063 0.6089, 4.7283 -0.6132 0.5983, 4.7283 -0.6093 0.61, 4.7283 -0.6184 0.6003, 4.7283 -0.612 0.6118, 4.7283 -0.6229 0.6034, 4.7283 -0.6131 0.613, 4.7283 -0.6123 0.6304, 4.7283 -0.6199 0.6391, 4.7283 -0.6139 0.6284, 4.7283 -0.624 0.6356, 4.7283 -0.6151 0.6259, 4.7283 -0.6267 0.6318, 4.7283 -0.6158 0.6228, 4.7283 -0.6285 0.6271, 4.7283 -0.6294 0.6213, 4.7283 -0.6159 0.6207, 4.7283 -0.6294 0.6196, 4.7283 -0.6155 0.6176, 4.7283 -0.6288 0.6136, 4.7283 -0.6146 0.6152, 4.7283 -0.6272 0.609, 4.7283 -0.6244 0.6049, 4.7244 -0.5957 0.6772, 4.7244 -0.6089 0.6757, 4.7244 -0.6189 0.6719, 4.7244 -0.622 0.6701, 4.7244 -0.622 0.6571, 4.7244 -0.6134 0.6626, 4.7244 -0.605 0.6655, 4.7244 -0.597 0.6663, 4.7244 -0.5924 0.6659, 4.7244 -0.5893 0.6648, 4.7244 -0.587 0.6633, 4.7244 -0.585 0.6611, 4.7244 -0.5834 0.6583, 4.7244 -0.582 0.6536, 4.7244 -0.5815 0.6477, 4.7244 -0.6041 0.6445, 4.7244 -0.6142 0.642, 4.7244 -0.6199 0.6391, 4.7244 -0.624 0.6356, 4.7244 -0.6267 0.6318, 4.7244 -0.6285 0.6271, 4.7244 -0.6294 0.6213, 4.7244 -0.6294 0.6196, 4.7244 -0.6288 0.6136, 4.7244 -0.6272 0.609, 4.7244 -0.6244 0.6049, 4.7244 -0.6229 0.6034, 4.7244 -0.6052 0.5974, 4.7244 -0.613 0.5983, 4.7244 -0.6132 0.5983, 4.7244 -0.6184 0.6003, 4.7244 -0.5984 0.5982, 4.7244 -0.598 0.5983, 4.7244 -0.5929 0.6001, 4.7244 -0.5882 0.6033, 4.7244 -0.584 0.6078, 4.7244 -0.5819 0.611, 4.7244 -0.5815 0.611, 4.7244 -0.5815 0.5992, 4.7244 -0.5682 0.5992, 4.7244 -0.5682 0.6483, 4.7244 -0.5692 0.6585, 4.7244 -0.5713 0.6645, 4.7244 -0.574 0.6688, 4.7244 -0.5776 0.6722, 4.7244 -0.5821 0.6748, 4.7244 -0.5877 0.6765, 4.7244 -0.6123 0.6304, 4.7244 -0.6103 0.6319, 4.7244 -0.6069 0.6334, 4.7244 -0.5994 0.6351, 4.7244 -0.6159 0.6207, 4.7244 -0.6158 0.6228, 4.7244 -0.6151 0.6259, 4.7244 -0.6139 0.6284, 4.7244 -0.612 0.6118, 4.7244 -0.6131 0.613, 4.7244 -0.6146 0.6152, 4.7244 -0.6155 0.6176, 4.7244 -0.6018 0.6084, 4.7244 -0.6063 0.6089, 4.7244 -0.6093 0.61, 4.7244 -0.5873 0.6146, 4.7244 -0.5889 0.613, 4.7244 -0.5927 0.6104, 4.7244 -0.5968 0.6089, 4.7244 -0.5815 0.6302, 4.7244 -0.5815 0.6293, 4.7244 -0.5824 0.6233, 4.7244 -0.5844 0.6185, 4.7244 -0.5815 0.6375, 4.7244 -0.5815 0.6375
            ]
        }
        coordIndex [
            0,1,2,-1,2,1,3,-1,4,0,5,-1,5,0,2,-1,6,4,7,-1,7,4,5,-1,8,6,9,-1,9,6,7,-1,10,8,11,-1,11,8,9,-1,12,10,13,-1,13,10,11,-1,14,12,15,-1,15,12,13,-1,16,14,17,-1,17,14,15,-1,18,16,19,-1,19,16,17,-1,20,18,21,-1,21,18,19,-1,22,20,23,-1,23,20,21,-1,1,22,3,-1,3,22,23,-1,22,1,0,-1,0,4,22,-1,22,4,6,-1,22,6,20,-1,16,18,14,-1,14,18,20,-1,14,20,12,-1,12,20,6,-1,12,6,10,-1,10,6,8,-1,24,25,26,-1,27,28,29,-1,30,31,32,-1,32,31,33,-1,34,35,28,-1,28,35,31,-1,28,31,29,-1,29,31,30,-1,24,26,36,-1,36,26,37,-1,36,37,38,-1,37,33,38,-1,38,33,31,-1,38,31,39,-1,39,31,40,-1,39,40,41,-1,41,40,42,-1,41,42,43,-1,43,42,44,-1,43,44,45,-1,45,44,46,-1,45,46,47,-1,47,46,48,-1,47,48,49,-1,49,48,50,-1,49,50,51,-1,51,50,52,-1,51,52,53,-1,53,52,54,-1,53,54,55,-1,55,54,56,-1,55,56,57,-1,57,56,58,-1,29,59,27,-1,27,59,60,-1,27,60,61,-1,61,60,62,-1,61,62,63,-1,63,62,64,-1,63,64,65,-1,65,64,66,-1,65,66,67,-1,67,66,68,-1,67,68,69,-1,69,68,70,-1,69,70,71,-1,71,70,72,-1,71,72,73,-1,73,72,74,-1,73,74,75,-1,75,74,76,-1,25,24,77,-1,77,24,78,-1,77,78,79,-1,79,78,80,-1,79,80,81,-1,81,80,82,-1,81,82,83,-1,82,84,83,-1,83,84,85,-1,83,85,86,-1,86,85,87,-1,86,87,88,-1,88,87,89,-1,88,89,90,-1,90,89,91,-1,90,91,76,-1,76,91,92,-1,76,92,75,-1,52,93,94,-1,52,94,54,-1,54,94,95,-1,54,95,56,-1,56,95,96,-1,56,96,58,-1,57,58,97,-1,97,58,96,-1,57,97,98,-1,57,98,55,-1,55,98,99,-1,55,99,53,-1,53,99,100,-1,53,100,51,-1,51,100,101,-1,51,101,49,-1,49,101,102,-1,49,102,47,-1,47,102,103,-1,47,103,45,-1,45,103,104,-1,45,104,43,-1,43,104,105,-1,43,105,41,-1,41,105,106,-1,41,106,39,-1,39,106,107,-1,39,107,38,-1,36,38,108,-1,108,38,107,-1,36,108,109,-1,36,109,24,-1,24,109,110,-1,24,110,78,-1,78,110,111,-1,78,111,80,-1,80,111,112,-1,80,112,82,-1,82,112,113,-1,82,113,84,-1,84,113,114,-1,84,114,85,-1,85,114,115,-1,85,115,87,-1,87,115,116,-1,87,116,89,-1,89,116,117,-1,89,117,91,-1,91,117,118,-1,91,118,92,-1,92,118,119,-1,92,119,75,-1,120,69,121,-1,121,69,71,-1,121,71,122,-1,122,71,73,-1,122,73,123,-1,123,73,75,-1,123,75,119,-1,69,120,124,-1,69,124,67,-1,67,124,125,-1,67,125,65,-1,125,126,65,-1,65,126,127,-1,65,127,63,-1,63,127,128,-1,63,128,61,-1,61,128,129,-1,61,129,27,-1,28,27,130,-1,130,27,129,-1,34,28,131,-1,131,28,130,-1,35,34,132,-1,132,34,131,-1,31,35,133,-1,133,35,132,-1,31,133,134,-1,31,134,40,-1,40,134,135,-1,40,135,42,-1,42,135,136,-1,42,136,44,-1,44,136,137,-1,44,137,46,-1,46,137,138,-1,46,138,48,-1,48,138,139,-1,48,139,50,-1,50,139,93,-1,50,93,52,-1,77,140,141,-1,77,141,25,-1,25,141,142,-1,25,142,26,-1,26,142,143,-1,26,143,37,-1,86,144,145,-1,86,145,83,-1,83,145,146,-1,83,146,81,-1,81,146,147,-1,81,147,79,-1,79,147,140,-1,79,140,77,-1,74,148,149,-1,74,149,76,-1,76,149,150,-1,76,150,90,-1,90,150,151,-1,90,151,88,-1,88,151,144,-1,88,144,86,-1,68,152,153,-1,68,153,70,-1,70,153,154,-1,70,154,72,-1,72,154,148,-1,72,148,74,-1,60,155,156,-1,60,156,62,-1,62,156,157,-1,62,157,64,-1,64,157,158,-1,64,158,66,-1,66,158,152,-1,66,152,68,-1,32,159,160,-1,32,160,30,-1,30,160,161,-1,30,161,29,-1,29,161,162,-1,29,162,59,-1,59,162,155,-1,59,155,60,-1,32,33,159,-1,159,33,163,-1,33,37,163,-1,163,37,143,-1,
        ]
    }
}
Shape{
    appearance Appearance {
        material  Material 	{
            diffuseColor 1.0 0.9176470588235294 0.8431372549019608
            specularColor 0.5019607843137255 0.4588235294117647 0.4235294117647059
            ambientIntensity 0.2
            transparency 0
            shininess 0.5
        }
    }
    geometry IndexedFaceSet {
        ccw TRUE
        solid FALSE
        coord DEF co Coordinate {
            point [
                4.7244 -0.5815 0.6375, 4.7244 -0.5994 0.6351, 4.7244 -0.5815 0.6302, 4.7244 -0.6069 0.6334, 4.7244 -0.6103 0.6319, 4.7244 -0.6123 0.6304, 4.7244 -0.5815 0.6293, 4.7244 -0.5824 0.6233, 4.7244 -0.6139 0.6284, 4.7244 -0.5844 0.6185, 4.7244 -0.6131 0.613, 4.7244 -0.612 0.6118, 4.7244 -0.5889 0.613, 4.7244 -0.6146 0.6152, 4.7244 -0.5927 0.6104, 4.7244 -0.5968 0.6089, 4.7244 -0.6018 0.6084, 4.7244 -0.6151 0.6259, 4.7244 -0.6158 0.6228, 4.7244 -0.5873 0.6146, 4.7244 -0.6159 0.6207, 4.7244 -0.6155 0.6176, 4.7244 -0.6093 0.61, 4.7244 -0.6063 0.6089, 4.7244 -0.6063 0.6089
            ]
        }
        coordIndex [
            0,1,2,-1,2,1,3,-1,3,4,2,-1,2,4,5,-1,2,5,6,-1,6,5,7,-1,7,5,8,-1,7,8,9,-1,10,11,12,-1,10,12,13,-1,14,12,15,-1,15,12,16,-1,8,17,9,-1,9,17,18,-1,9,18,19,-1,19,18,20,-1,19,20,12,-1,12,20,21,-1,12,21,13,-1,11,22,12,-1,12,22,23,-1,12,23,16,-1,
        ]
    }
}
Shape{
    appearance Appearance {
        material  Material 	{
            diffuseColor 0.0 0.0 0.0
            specularColor 0.0 0.0 0.0
            ambientIntensity 0.2
            transparency 0
            shininess 0.5
        }
    }
    geometry IndexedFaceSet {
        ccw TRUE
        solid FALSE
        coord DEF co Coordinate {
            point [
                4.7244 -0.55 0.6157, 4.7283 -0.55 0.6157, 4.7283 -0.5448 0.6125, 4.7283 -0.528 0.6083, 4.7244 -0.528 0.6083, 4.7244 -0.5364 0.6093, 4.7283 -0.5364 0.6093, 4.7244 -0.5439 0.6121, 4.7244 -0.5448 0.6125, 4.7283 -0.55 0.6019, 4.7244 -0.55 0.6019, 4.7283 -0.5405 0.5985, 4.7244 -0.5439 0.5997, 4.7244 -0.5294 0.5974, 4.7283 -0.5294 0.5974, 4.7244 -0.5382 0.5983, 4.7244 -0.5405 0.5985, 4.7283 -0.5183 0.5986, 4.7244 -0.5209 0.5983, 4.7244 -0.5183 0.5986, 4.7244 -0.511 0.6012, 4.7283 -0.511 0.6012, 4.7244 -0.5071 0.6035, 4.7283 -0.5071 0.6035, 4.7244 -0.5033 0.6068, 4.7283 -0.5033 0.6068, 4.7244 -0.5008 0.6103, 4.7283 -0.5008 0.6103, 4.7244 -0.4992 0.6146, 4.7283 -0.4992 0.6146, 4.7244 -0.4985 0.6199, 4.7283 -0.4985 0.6199, 4.7244 -0.4991 0.6249, 4.7283 -0.4991 0.6249, 4.7244 -0.5005 0.6289, 4.7283 -0.5005 0.6289, 4.7244 -0.503 0.6326, 4.7283 -0.503 0.6326, 4.7244 -0.5062 0.6354, 4.7283 -0.5062 0.6354, 4.7244 -0.5151 0.6403, 4.7283 -0.5151 0.6403, 4.7244 -0.5203 0.6424, 4.7283 -0.5203 0.6424, 4.7244 -0.5285 0.646, 4.7283 -0.5285 0.646, 4.7244 -0.5333 0.649, 4.7283 -0.5333 0.649, 4.7244 -0.5346 0.6504, 4.7283 -0.5346 0.6504, 4.7244 -0.5355 0.6522, 4.7283 -0.5355 0.6522, 4.7244 -0.5361 0.6543, 4.7283 -0.5361 0.6543, 4.7244 -0.5362 0.6561, 4.7283 -0.5362 0.6561, 4.7244 -0.5359 0.6582, 4.7283 -0.5359 0.6582, 4.7244 -0.5353 0.66, 4.7283 -0.5353 0.66, 4.7244 -0.5341 0.6617, 4.7283 -0.5341 0.6617, 4.7244 -0.5321 0.6635, 4.7283 -0.5321 0.6635, 4.7244 -0.5291 0.6651, 4.7283 -0.5291 0.6651, 4.7244 -0.5255 0.666, 4.7283 -0.5255 0.666, 4.7244 -0.5216 0.6663, 4.7283 -0.5216 0.6663, 4.7244 -0.5128 0.6653, 4.7283 -0.5128 0.6653, 4.7244 -0.5053 0.6626, 4.7283 -0.5053 0.6626, 4.7244 -0.5022 0.6608, 4.7283 -0.5022 0.6608, 4.7283 -0.5022 0.6738, 4.7244 -0.5022 0.6738, 4.7244 -0.5129 0.6767, 4.7283 -0.5129 0.6767, 4.7244 -0.5203 0.6772, 4.7283 -0.5203 0.6772, 4.7244 -0.5301 0.6761, 4.7283 -0.5301 0.6761, 4.7244 -0.5375 0.6735, 4.7283 -0.5375 0.6735, 4.7244 -0.5414 0.6711, 4.7283 -0.5414 0.6711, 4.7244 -0.5439 0.6689, 4.7283 -0.5454 0.6676, 4.7244 -0.5454 0.6676, 4.7244 -0.5478 0.664, 4.7283 -0.5478 0.664, 4.7244 -0.5494 0.6597, 4.7283 -0.5494 0.6597, 4.7244 -0.55 0.6549, 4.7283 -0.55 0.6549, 4.7244 -0.5494 0.6497, 4.7283 -0.5494 0.6497, 4.7244 -0.5479 0.6456, 4.7283 -0.5479 0.6456, 4.7244 -0.5462 0.6428, 4.7283 -0.5462 0.6428, 4.7244 -0.5297 0.6327, 4.7283 -0.5297 0.6327, 4.7283 -0.5377 0.6364, 4.7244 -0.544 0.6405, 4.7283 -0.544 0.6405, 4.7244 -0.5439 0.6404, 4.7244 -0.5377 0.6364, 4.7244 -0.5209 0.629, 4.7283 -0.5209 0.629, 4.7244 -0.5157 0.6259, 4.7283 -0.5157 0.6259, 4.7244 -0.514 0.6242, 4.7283 -0.514 0.6242, 4.7244 -0.513 0.6224, 4.7283 -0.513 0.6224, 4.7244 -0.5124 0.6203, 4.7283 -0.5124 0.6203, 4.7244 -0.5123 0.6186, 4.7283 -0.5123 0.6186, 4.7244 -0.5125 0.6161, 4.7283 -0.5125 0.6161, 4.7244 -0.5132 0.6142, 4.7283 -0.5132 0.6142, 4.7244 -0.5144 0.6125, 4.7283 -0.5144 0.6125, 4.7244 -0.5159 0.6111, 4.7283 -0.5159 0.6111, 4.7244 -0.5171 0.6104, 4.7283 -0.5171 0.6104, 4.7244 -0.5206 0.6091, 4.7283 -0.5206 0.6091, 4.7244 -0.5275 0.6083, 4.7283 -0.5275 0.6083, 4.7283 -0.4323 0.6755, 4.7283 -0.4184 0.6755, 4.7244 -0.4323 0.6755, 4.7244 -0.4184 0.6755, 4.7283 -0.4531 0.618, 4.7244 -0.4531 0.618, 4.7244 -0.4541 0.6145, 4.7283 -0.4541 0.6145, 4.7244 -0.4547 0.6119, 4.7283 -0.4547 0.6119, 4.7283 -0.4551 0.6119, 4.7244 -0.4551 0.6119, 4.7283 -0.4567 0.6181, 4.7244 -0.4567 0.6181, 4.7244 -0.4766 0.6755, 4.7283 -0.4766 0.6755, 4.7244 -0.4702 0.6569, 4.7283 -0.4916 0.6755, 4.7244 -0.4916 0.6755, 4.7244 -0.4617 0.5994, 4.7283 -0.4617 0.5994, 4.7244 -0.4702 0.621, 4.7244 -0.4675 0.5855, 4.7283 -0.4675 0.5855, 4.7244 -0.4621 0.5983, 4.7244 -0.4702 0.5807, 4.7283 -0.4702 0.5807, 4.7244 -0.4702 0.5807, 4.7283 -0.4726 0.5779, 4.7244 -0.4726 0.5779, 4.7244 -0.4751 0.5762, 4.7283 -0.4751 0.5762, 4.7244 -0.478 0.5751, 4.7283 -0.478 0.5751, 4.7244 -0.4812 0.5748, 4.7283 -0.4812 0.5748, 4.7244 -0.4861 0.5754, 4.7283 -0.4861 0.5754, 4.7244 -0.4888 0.5763, 4.7283 -0.4888 0.5763, 4.7283 -0.4888 0.5644, 4.7244 -0.4888 0.5644, 4.7244 -0.4832 0.5634, 4.7283 -0.4832 0.5634, 4.7244 -0.4802 0.5633, 4.7283 -0.4802 0.5633, 4.7244 -0.4748 0.5639, 4.7283 -0.4748 0.5639, 4.7244 -0.4702 0.5657, 4.7283 -0.4695 0.5659, 4.7244 -0.4695 0.5659, 4.7244 -0.4649 0.5692, 4.7283 -0.4649 0.5692, 4.7244 -0.4639 0.57, 4.7283 -0.4639 0.57, 4.7244 -0.4591 0.5759, 4.7283 -0.4591 0.5759, 4.7244 -0.453 0.5877, 4.7283 -0.453 0.5877, 4.7244 -0.4488 0.5983, 4.7283 -0.3466 0.6114, 4.7283 -0.3466 0.5992, 4.7244 -0.3466 0.6114, 4.7244 -0.3466 0.5992, 4.7244 -0.3902 0.6114, 4.7283 -0.3902 0.6114, 4.7244 -0.3702 0.6114, 4.7283 -0.3902 0.6473, 4.7244 -0.3902 0.6473, 4.7244 -0.352 0.6473, 4.7283 -0.352 0.6473, 4.7244 -0.3702 0.6473, 4.7283 -0.352 0.6595, 4.7244 -0.352 0.6595, 4.7244 -0.3902 0.6595, 4.7283 -0.3902 0.6595, 4.7244 -0.3702 0.6595, 4.7283 -0.3902 0.6937, 4.7244 -0.3902 0.6937, 4.7244 -0.349 0.6937, 4.7283 -0.349 0.6937, 4.7244 -0.3702 0.6937, 4.7283 -0.349 0.706, 4.7244 -0.349 0.706, 4.7244 -0.404 0.706, 4.7283 -0.404 0.706, 4.7244 -0.3702 0.706, 4.7283 -0.404 0.5992, 4.7244 -0.404 0.5992, 4.7244 -0.3702 0.5992, 4.7283 -0.2626 0.6806, 4.7283 -0.2513 0.6875, 4.7283 -0.2657 0.6836, 4.7283 -0.2556 0.6918, 4.7283 -0.2739 0.689, 4.7283 -0.2662 0.6992, 4.7283 -0.2832 0.6923, 4.7283 -0.2791 0.704, 4.7283 -0.2965 0.6937, 4.7283 -0.2959 0.706, 4.7283 -0.3126 0.6937, 4.7283 -0.3264 0.706, 4.7283 -0.3126 0.6114, 4.7283 -0.3264 0.5992, 4.7283 -0.2971 0.6114, 4.7283 -0.297 0.5992, 4.7283 -0.2832 0.6129, 4.7283 -0.2816 0.6008, 4.7283 -0.2742 0.6162, 4.7283 -0.2689 0.6051, 4.7283 -0.2671 0.6209, 4.7283 -0.2583 0.6118, 4.7283 -0.2654 0.6225, 4.7283 -0.2556 0.6142, 4.7283 -0.2598 0.6295, 4.7283 -0.2476 0.6237, 4.7283 -0.2562 0.6376, 4.7283 -0.2424 0.6347, 4.7283 -0.2543 0.6475, 4.7283 -0.2398 0.6472, 4.7283 -0.254 0.6536, 4.7283 -0.2395 0.654, 4.7283 -0.2555 0.6668, 4.7283 -0.241 0.6677, 4.7283 -0.2585 0.6746, 4.7283 -0.2448 0.6781, 4.7244 -0.297 0.5992, 4.7244 -0.3264 0.5992, 4.7244 -0.2816 0.6008, 4.7244 -0.2689 0.6051, 4.7244 -0.2583 0.6118, 4.7244 -0.2556 0.6142, 4.7244 -0.2476 0.6237, 4.7244 -0.2424 0.6347, 4.7244 -0.2398 0.6472, 4.7244 -0.2395 0.654, 4.7244 -0.241 0.6677, 4.7244 -0.2448 0.6781, 4.7244 -0.2513 0.6875, 4.7244 -0.2556 0.6918, 4.7244 -0.2662 0.6992, 4.7244 -0.2791 0.704, 4.7244 -0.2959 0.706, 4.7244 -0.3264 0.706, 4.7244 -0.2965 0.6937, 4.7244 -0.3126 0.6937, 4.7244 -0.3126 0.6114, 4.7244 -0.2971 0.6114, 4.7244 -0.2654 0.6225, 4.7244 -0.2671 0.6209, 4.7244 -0.2742 0.6162, 4.7244 -0.2832 0.6129, 4.7244 -0.254 0.6536, 4.7244 -0.2543 0.6475, 4.7244 -0.2562 0.6376, 4.7244 -0.2598 0.6295, 4.7244 -0.2657 0.6836, 4.7244 -0.2626 0.6806, 4.7244 -0.2585 0.6746, 4.7244 -0.2555 0.6668, 4.7244 -0.2832 0.6923, 4.7244 -0.2739 0.689, 4.7244 -0.2739 0.689
            ]
        }
        coordIndex [
            0,1,2,-1,3,4,5,-1,3,5,6,-1,6,5,7,-1,6,7,2,-1,2,7,8,-1,2,8,0,-1,9,1,10,-1,10,1,0,-1,9,10,11,-1,11,10,12,-1,13,14,15,-1,15,14,11,-1,15,11,16,-1,16,11,12,-1,14,13,17,-1,17,13,18,-1,18,19,17,-1,17,19,20,-1,17,20,21,-1,21,20,22,-1,21,22,23,-1,23,22,24,-1,23,24,25,-1,25,24,26,-1,25,26,27,-1,27,26,28,-1,27,28,29,-1,29,28,30,-1,29,30,31,-1,31,30,32,-1,31,32,33,-1,33,32,34,-1,33,34,35,-1,35,34,36,-1,35,36,37,-1,37,36,38,-1,37,38,39,-1,39,38,40,-1,39,40,41,-1,41,40,42,-1,41,42,43,-1,43,42,44,-1,43,44,45,-1,45,44,46,-1,45,46,47,-1,47,46,48,-1,47,48,49,-1,49,48,50,-1,49,50,51,-1,51,50,52,-1,51,52,53,-1,53,52,54,-1,53,54,55,-1,55,54,56,-1,55,56,57,-1,57,56,58,-1,57,58,59,-1,59,58,60,-1,59,60,61,-1,61,60,62,-1,61,62,63,-1,63,62,64,-1,63,64,65,-1,65,64,66,-1,65,66,67,-1,67,66,68,-1,67,68,69,-1,69,68,70,-1,69,70,71,-1,71,70,72,-1,71,72,73,-1,73,72,74,-1,73,74,75,-1,76,75,77,-1,77,75,74,-1,76,77,78,-1,76,78,79,-1,79,78,80,-1,79,80,81,-1,81,80,82,-1,81,82,83,-1,83,82,84,-1,83,84,85,-1,85,84,86,-1,85,86,87,-1,86,88,87,-1,87,88,89,-1,88,90,89,-1,89,90,91,-1,89,91,92,-1,92,91,93,-1,92,93,94,-1,94,93,95,-1,94,95,96,-1,96,95,97,-1,96,97,98,-1,98,97,99,-1,98,99,100,-1,100,99,101,-1,100,101,102,-1,103,104,105,-1,102,101,106,-1,102,106,107,-1,107,106,108,-1,107,108,105,-1,105,108,109,-1,105,109,103,-1,104,103,110,-1,104,110,111,-1,111,110,112,-1,111,112,113,-1,113,112,114,-1,113,114,115,-1,115,114,116,-1,115,116,117,-1,117,116,118,-1,117,118,119,-1,119,118,120,-1,119,120,121,-1,121,120,122,-1,121,122,123,-1,123,122,124,-1,123,124,125,-1,125,124,126,-1,125,126,127,-1,127,126,128,-1,127,128,129,-1,129,128,130,-1,129,130,131,-1,131,130,132,-1,131,132,133,-1,133,132,134,-1,133,134,135,-1,135,134,4,-1,135,4,3,-1,61,63,85,-1,85,63,83,-1,111,43,104,-1,104,43,45,-1,21,23,127,-1,127,23,25,-1,127,25,125,-1,125,25,27,-1,125,27,123,-1,123,27,29,-1,123,29,121,-1,121,29,31,-1,121,31,119,-1,119,31,33,-1,119,33,117,-1,117,33,35,-1,117,35,115,-1,115,35,37,-1,115,37,113,-1,113,37,39,-1,113,39,111,-1,111,39,41,-1,111,41,43,-1,14,3,11,-1,11,3,6,-1,11,6,9,-1,9,6,2,-1,9,2,1,-1,63,65,83,-1,83,65,67,-1,83,67,81,-1,81,67,69,-1,81,69,79,-1,79,69,71,-1,79,71,76,-1,76,71,73,-1,76,73,75,-1,127,129,21,-1,21,129,131,-1,21,131,17,-1,17,131,133,-1,17,133,14,-1,14,133,135,-1,14,135,3,-1,85,87,61,-1,61,87,89,-1,61,89,59,-1,59,89,92,-1,59,92,57,-1,57,92,94,-1,57,94,55,-1,55,94,96,-1,55,96,53,-1,53,96,98,-1,53,98,51,-1,51,98,100,-1,51,100,49,-1,49,100,102,-1,49,102,47,-1,47,102,107,-1,47,107,45,-1,45,107,105,-1,45,105,104,-1,136,137,138,-1,138,137,139,-1,140,136,141,-1,141,136,138,-1,140,141,142,-1,140,142,143,-1,143,142,144,-1,143,144,145,-1,146,145,147,-1,147,145,144,-1,148,146,149,-1,149,146,147,-1,150,151,152,-1,152,151,148,-1,152,148,149,-1,153,151,154,-1,154,151,150,-1,155,156,157,-1,157,156,153,-1,157,153,154,-1,158,159,160,-1,160,159,156,-1,160,156,155,-1,159,158,161,-1,159,161,162,-1,162,161,163,-1,162,163,164,-1,163,165,164,-1,164,165,166,-1,164,166,167,-1,167,166,168,-1,167,168,169,-1,169,168,170,-1,169,170,171,-1,171,170,172,-1,171,172,173,-1,173,172,174,-1,173,174,175,-1,176,175,177,-1,177,175,174,-1,176,177,178,-1,176,178,179,-1,179,178,180,-1,179,180,181,-1,181,180,182,-1,181,182,183,-1,183,182,184,-1,183,184,185,-1,184,186,185,-1,185,186,187,-1,185,187,188,-1,188,187,189,-1,188,189,190,-1,190,189,191,-1,190,191,192,-1,192,191,193,-1,192,193,194,-1,139,137,195,-1,195,137,194,-1,195,194,193,-1,143,145,194,-1,137,136,194,-1,194,136,140,-1,194,140,143,-1,151,153,148,-1,148,153,156,-1,148,156,146,-1,192,162,190,-1,190,162,164,-1,175,176,173,-1,173,176,179,-1,173,179,171,-1,171,179,181,-1,171,181,169,-1,169,181,183,-1,169,183,167,-1,167,183,185,-1,167,185,164,-1,164,185,188,-1,164,188,190,-1,145,146,194,-1,194,146,156,-1,194,156,192,-1,192,156,159,-1,192,159,162,-1,196,197,198,-1,198,197,199,-1,200,201,202,-1,202,201,196,-1,202,196,198,-1,203,201,204,-1,204,201,200,-1,205,206,207,-1,207,206,203,-1,207,203,204,-1,208,206,209,-1,209,206,205,-1,210,211,212,-1,212,211,208,-1,212,208,209,-1,213,211,214,-1,214,211,210,-1,215,216,217,-1,217,216,213,-1,217,213,214,-1,218,216,219,-1,219,216,215,-1,220,221,222,-1,222,221,218,-1,222,218,219,-1,223,221,224,-1,224,221,220,-1,199,197,225,-1,225,197,223,-1,225,223,224,-1,223,197,196,-1,196,201,223,-1,223,201,203,-1,223,203,221,-1,216,218,213,-1,213,218,221,-1,213,221,211,-1,211,221,203,-1,211,203,208,-1,208,203,206,-1,226,227,228,-1,228,227,229,-1,228,229,230,-1,230,229,231,-1,230,231,232,-1,232,231,233,-1,232,233,234,-1,234,233,235,-1,234,235,236,-1,236,235,237,-1,236,237,238,-1,238,237,239,-1,238,239,240,-1,240,239,241,-1,240,241,242,-1,242,241,243,-1,242,243,244,-1,244,243,245,-1,244,245,246,-1,246,245,247,-1,246,247,248,-1,248,247,249,-1,248,249,250,-1,250,249,251,-1,250,251,252,-1,252,251,253,-1,252,253,254,-1,254,253,255,-1,254,255,256,-1,256,255,257,-1,256,257,258,-1,258,257,259,-1,258,259,260,-1,260,259,261,-1,260,261,226,-1,226,261,227,-1,241,239,262,-1,262,239,263,-1,241,262,264,-1,241,264,243,-1,243,264,265,-1,243,265,245,-1,245,265,266,-1,245,266,247,-1,247,266,267,-1,247,267,249,-1,249,267,268,-1,249,268,251,-1,251,268,269,-1,251,269,253,-1,253,269,270,-1,253,270,255,-1,255,270,271,-1,255,271,257,-1,257,271,272,-1,257,272,259,-1,259,272,273,-1,259,273,261,-1,261,273,274,-1,261,274,227,-1,227,274,275,-1,227,275,229,-1,229,275,276,-1,229,276,231,-1,231,276,277,-1,231,277,233,-1,233,277,278,-1,233,278,235,-1,237,235,279,-1,279,235,278,-1,239,237,263,-1,263,237,279,-1,234,236,280,-1,280,236,281,-1,236,238,281,-1,281,238,282,-1,238,240,282,-1,282,240,283,-1,248,284,285,-1,248,285,246,-1,246,285,286,-1,246,286,244,-1,244,286,287,-1,244,287,242,-1,242,287,283,-1,242,283,240,-1,256,288,289,-1,256,289,254,-1,254,289,290,-1,254,290,252,-1,252,290,291,-1,252,291,250,-1,250,291,284,-1,250,284,248,-1,228,292,293,-1,228,293,226,-1,226,293,294,-1,226,294,260,-1,260,294,295,-1,260,295,258,-1,258,295,288,-1,258,288,256,-1,234,280,296,-1,234,296,232,-1,232,296,297,-1,232,297,230,-1,230,297,292,-1,230,292,228,-1,
        ]
    }
}
Shape{
    appearance Appearance {
        material  Material 	{
            diffuseColor 1.0 0.9176470588235294 0.8431372549019608
            specularColor 0.5019607843137255 0.4588235294117647 0.4235294117647059
            ambientIntensity 0.2
            transparency 0
            shininess 0.5
        }
    }
    geometry IndexedFaceSet {
        ccw TRUE
        solid FALSE
        coord DEF co Coordinate {
            point [
                4.7244 -0.3126 0.6937, 4.7244 -0.3126 0.6114, 4.7244 -0.2965 0.6937, 4.7244 -0.2971 0.6114, 4.7244 -0.2671 0.6209, 4.7244 -0.2654 0.6225, 4.7244 -0.2832 0.6129, 4.7244 -0.2742 0.6162, 4.7244 -0.2598 0.6295, 4.7244 -0.2562 0.6376, 4.7244 -0.2543 0.6475, 4.7244 -0.254 0.6536, 4.7244 -0.2555 0.6668, 4.7244 -0.2585 0.6746, 4.7244 -0.2626 0.6806, 4.7244 -0.2657 0.6836, 4.7244 -0.2832 0.6923, 4.7244 -0.2739 0.689, 4.7244 -0.2739 0.689
            ]
        }
        coordIndex [
            0,1,2,-1,2,1,3,-1,2,4,5,-1,3,6,2,-1,2,6,7,-1,2,7,4,-1,5,8,2,-1,2,8,9,-1,2,9,10,-1,10,11,2,-1,2,11,12,-1,2,12,13,-1,13,14,2,-1,2,14,15,-1,2,15,16,-1,16,15,17,-1,
        ]
    }
}
Shape{
    appearance Appearance {
        material  Material 	{
            diffuseColor 0.0 0.0 0.0
            specularColor 0.0 0.0 0.0
            ambientIntensity 0.2
            transparency 0
            shininess 0.5
        }
    }
    geometry IndexedFaceSet {
        ccw TRUE
        solid FALSE
        coord DEF co Coordinate {
            point [
                4.7283 -0.2037 0.6405, 4.7283 -0.2081 0.6284, 4.7283 -0.1679 0.6405, 4.7283 -0.1636 0.6284, 4.7283 -0.1877 0.6848, 4.7283 -0.1929 0.706, 4.7283 -0.2336 0.5992, 4.7283 -0.2183 0.5992, 4.7283 -0.1868 0.688, 4.7283 -0.186 0.6923, 4.7283 -0.1782 0.706, 4.7283 -0.1857 0.6923, 4.7283 -0.1848 0.6878, 4.7283 -0.184 0.6848, 4.7283 -0.1375 0.5992, 4.7283 -0.1527 0.5992, 4.7244 -0.1782 0.706, 4.7244 -0.1375 0.5992, 4.7244 -0.1929 0.706, 4.7244 -0.2336 0.5992, 4.7244 -0.2183 0.5992, 4.7244 -0.2081 0.6284, 4.7244 -0.1636 0.6284, 4.7244 -0.1527 0.5992, 4.7244 -0.2037 0.6405, 4.7244 -0.1679 0.6405, 4.7244 -0.184 0.6848, 4.7244 -0.1857 0.6923, 4.7244 -0.1848 0.6878, 4.7244 -0.186 0.6923, 4.7244 -0.1877 0.6848, 4.7244 -0.1868 0.688, 4.7244 -0.1868 0.688
            ]
        }
        coordIndex [
            0,1,2,-1,2,1,3,-1,4,5,0,-1,0,5,6,-1,0,6,1,-1,1,6,7,-1,4,8,5,-1,5,8,9,-1,5,9,10,-1,10,9,11,-1,10,11,12,-1,12,13,10,-1,10,13,2,-1,10,2,14,-1,14,2,3,-1,14,3,15,-1,10,14,16,-1,16,14,17,-1,5,10,18,-1,18,10,16,-1,6,5,19,-1,19,5,18,-1,7,6,20,-1,20,6,19,-1,1,7,21,-1,21,7,20,-1,3,1,22,-1,22,1,21,-1,15,3,23,-1,23,3,22,-1,14,15,17,-1,17,15,23,-1,0,2,24,-1,24,2,25,-1,2,13,25,-1,25,13,26,-1,11,27,28,-1,11,28,12,-1,12,28,26,-1,12,26,13,-1,11,9,27,-1,27,9,29,-1,4,30,31,-1,4,31,8,-1,8,31,29,-1,8,29,9,-1,4,0,30,-1,30,0,24,-1,
        ]
    }
}
Shape{
    appearance Appearance {
        material  Material 	{
            diffuseColor 1.0 0.9176470588235294 0.8431372549019608
            specularColor 0.5019607843137255 0.4588235294117647 0.4235294117647059
            ambientIntensity 0.2
            transparency 0
            shininess 0.5
        }
    }
    geometry IndexedFaceSet {
        ccw TRUE
        solid FALSE
        coord DEF co Coordinate {
            point [
                4.7244 -0.1857 0.6923, 4.7244 -0.186 0.6923, 4.7244 -0.1848 0.6878, 4.7244 -0.1868 0.688, 4.7244 -0.184 0.6848, 4.7244 -0.1877 0.6848, 4.7244 -0.1679 0.6405, 4.7244 -0.2037 0.6405, 4.7244 -0.2037 0.6405
            ]
        }
        coordIndex [
            0,1,2,-1,2,1,3,-1,2,3,4,-1,4,3,5,-1,4,5,6,-1,6,5,7,-1,
        ]
    }
}
Shape{
    appearance Appearance {
        material  Material 	{
            diffuseColor 0.0 0.0 0.0
            specularColor 0.0 0.0 0.0
            ambientIntensity 0.2
            transparency 0
            shininess 0.5
        }
    }
    geometry IndexedFaceSet {
        ccw TRUE
        solid FALSE
        coord DEF co Coordinate {
            point [
                4.7283 -1.1914 0.783, 4.7283 -1.1745 0.792, 4.7283 -1.1783 0.8388, 4.7283 -1.0447 0.5809, 4.7283 -1.0357 0.5978, 4.7283 -1.0312 0.6165, 4.7283 -1.1309 0.841, 4.7283 -1.1074 0.7856, 4.7283 -1.0958 0.8096, 4.7283 -1.1355 0.6146, 4.7283 -1.1369 0.6217, 4.7283 -1.178 0.6512, 4.7283 -1.1787 0.6004, 4.7283 -1.1884 0.6032, 4.7283 -1.1946 0.6614, 4.7283 -1.1484 0.8425, 4.7283 -0.9245 0.6884, 4.7283 -0.948 0.7286, 4.7283 -1.0307 0.6322, 4.7283 -1.0497 0.6755, 4.7283 -1.0307 0.6246, 4.7283 -1.0713 0.5575, 4.7283 -1.0562 0.5681, 4.7283 -1.1325 0.6082, 4.7283 -1.1598 0.5701, 4.7283 -1.1711 0.584, 4.7283 -0.8668 0.7573, 4.7283 -0.8549 0.7493, 4.7283 -0.8154 0.7747, 4.7283 -0.845 0.7385, 4.7283 -0.7999 0.7532, 4.7283 -0.838 0.7253, 4.7283 -0.7906 0.73, 4.7283 -0.7871 0.7051, 4.7283 -1.1154 0.8591, 4.7283 -1.0787 0.83, 4.7283 -1.0975 0.8744, 4.7283 -1.0585 0.8448, 4.7283 -1.079 0.8858, 4.7283 -1.1558 0.7965, 4.7283 -1.1476 0.7969, 4.7283 -1.1397 0.842, 4.7283 -1.1296 0.7947, 4.7283 -1.1125 0.7884, 4.7283 -1.0833 0.6067, 4.7283 -1.0875 0.602, 4.7283 -1.0932 0.5979, 4.7283 -1.0882 0.551, 4.7283 -1.0998 0.5953, 4.7283 -1.1066 0.5487, 4.7283 -1.1074 0.5943, 4.7283 -1.1095 0.5488, 4.7283 -1.1087 0.5943, 4.7283 -1.1274 0.5516, 4.7283 -1.1155 0.5954, 4.7283 -1.1449 0.5589, 4.7283 -1.1224 0.5984, 4.7283 -1.1282 0.6028, 4.7283 -1.0797 0.6345, 4.7283 -1.078 0.6274, 4.7283 -1.078 0.6205, 4.7283 -1.0798 0.6132, 4.7283 -0.8994 0.7635, 4.7283 -0.8933 0.7635, 4.7283 -0.8622 0.8045, 4.7283 -0.8802 0.7621, 4.7283 -0.8586 0.8033, 4.7283 -0.836 0.7921, 4.7283 -0.8152 0.633, 4.7283 -0.8538 0.66, 4.7283 -0.8358 0.6155, 4.7283 -0.8657 0.6517, 4.7283 -0.8589 0.6042, 4.7283 -0.8796 0.6465, 4.7283 -0.8842 0.5988, 4.7283 -0.8888 0.6451, 4.7283 -0.929 0.5988, 4.7283 -0.9229 0.6451, 4.7283 -0.9333 0.5995, 4.7283 -1.1365 0.6291, 4.7283 -1.1343 0.6362, 4.7283 -1.1697 0.6675, 4.7283 -1.1304 0.6425, 4.7283 -1.1571 0.6818, 4.7283 -1.1274 0.6457, 4.7283 -1.1416 0.6926, 4.7283 -1.1214 0.6499, 4.7283 -1.1248 0.6991, 4.7283 -1.1148 0.6525, 4.7283 -1.1066 0.7013, 4.7283 -1.1074 0.6535, 4.7283 -1.0975 0.7008, 4.7283 -1.1011 0.6528, 4.7283 -1.0791 0.6962, 4.7283 -1.094 0.6503, 4.7283 -1.063 0.6876, 4.7283 -1.0879 0.6462, 4.7283 -1.083 0.6407, 4.7283 -0.8345 0.7107, 4.7283 -0.8341 0.7043, 4.7283 -0.7905 0.6781, 4.7283 -0.8356 0.691, 4.7283 -0.8001 0.654, 4.7283 -0.8405 0.6774, 4.7283 -0.8486 0.6653, 4.7283 -0.9032 0.8645, 4.7283 -0.9331 0.8298, 4.7283 -0.8781 0.8355, 4.7283 -0.9159 0.8094, 4.7283 -0.9041 0.7849, 4.7283 -1.2213 0.7395, 4.7283 -1.2711 0.7267, 4.7283 -1.2235 0.721, 4.7283 -1.2714 0.7195, 4.7283 -1.2226 0.7091, 4.7283 -1.2677 0.6897, 4.7283 -1.2171 0.6906, 4.7283 -1.2568 0.6615, 4.7283 -1.2082 0.6754, 4.7283 -1.2395 0.6368, 4.7283 -1.2158 0.6166, 4.7283 -1.2064 0.8279, 4.7283 -1.2306 0.8109, 4.7283 -1.2042 0.7715, 4.7283 -1.2357 0.8061, 4.7283 -1.2147 0.7564, 4.7283 -1.254 0.7826, 4.7283 -1.2661 0.7553, 4.7283 -1.044 0.8993, 4.7283 -1.0337 0.8548, 4.7283 -1.0064 0.904, 4.7283 -1.0057 0.8584, 4.7283 -0.9752 0.9007, 4.7283 -0.9799 0.8552, 4.7283 -0.9371 0.8873, 4.7283 -0.9561 0.8461, 4.7283 -0.9348 0.8313, 4.7283 -0.9268 0.6458, 4.7283 -0.945 0.6068, 4.7283 -0.9432 0.605, 4.7283 -0.9245 0.6453, 4.7283 -0.9383 0.6015, 4.7283 -0.951 0.6224, 4.7283 -0.9503 0.6167, 4.7283 -0.9483 0.6116, 4.7283 -0.9334 0.6451, 4.7283 -0.9386 0.6431, 4.7283 -0.9508 0.6254, 4.7283 -0.9433 0.6398, 4.7283 -0.9464 0.6363, 4.7283 -0.9493 0.6311, 4.7283 -0.9275 0.6459, 4.7244 -0.7871 0.7051, 4.7244 -0.7906 0.73, 4.7244 -0.7931 0.7364, 4.7244 -0.7999 0.7532, 4.7244 -0.8154 0.7747, 4.7244 -0.836 0.7921, 4.7244 -0.8586 0.8033, 4.7244 -0.8622 0.8045, 4.7244 -0.8781 0.8355, 4.7244 -0.9032 0.8645, 4.7244 -0.9207 0.8762, 4.7244 -0.9371 0.8873, 4.7244 -0.9752 0.9007, 4.7244 -1.0064 0.904, 4.7244 -1.044 0.8993, 4.7244 -1.079 0.8858, 4.7244 -1.0945 0.8762, 4.7244 -1.0975 0.8744, 4.7244 -1.1154 0.8591, 4.7244 -1.1309 0.841, 4.7244 -1.1397 0.842, 4.7244 -1.1484 0.8425, 4.7244 -1.1783 0.8388, 4.7244 -1.2064 0.8279, 4.7244 -1.2306 0.8109, 4.7244 -1.2357 0.8061, 4.7244 -1.2661 0.7553, 4.7244 -1.254 0.7826, 4.7244 -1.2694 0.7364, 4.7244 -1.2711 0.7267, 4.7244 -1.2714 0.7195, 4.7244 -1.2677 0.6897, 4.7244 -1.2568 0.6615, 4.7244 -1.2395 0.6368, 4.7244 -1.2158 0.6166, 4.7244 -1.1884 0.6032, 4.7244 -1.1787 0.6004, 4.7244 -1.1778 0.5983, 4.7244 -1.1711 0.584, 4.7244 -1.1598 0.5701, 4.7244 -1.1449 0.5589, 4.7244 -1.138 0.556, 4.7244 -1.1274 0.5516, 4.7244 -1.1095 0.5488, 4.7244 -1.1066 0.5487, 4.7244 -1.0307 0.6246, 4.7244 -1.0882 0.551, 4.7244 -1.0752 0.556, 4.7244 -1.0713 0.5575, 4.7244 -1.0562 0.5681, 4.7244 -1.0447 0.5809, 4.7244 -1.0357 0.5978, 4.7244 -1.0355 0.5983, 4.7244 -1.0312 0.6165, 4.7244 -1.0307 0.6322, 4.7244 -0.9245 0.6884, 4.7244 -0.948 0.7286, 4.7244 -1.0497 0.6755, 4.7244 -1.063 0.6876, 4.7244 -1.0791 0.6962, 4.7244 -1.0975 0.7008, 4.7244 -1.1066 0.7013, 4.7244 -1.1248 0.6991, 4.7244 -1.1416 0.6926, 4.7244 -1.1571 0.6818, 4.7244 -1.1697 0.6675, 4.7244 -1.178 0.6512, 4.7244 -1.1946 0.6614, 4.7244 -1.2082 0.6754, 4.7244 -1.2171 0.6906, 4.7244 -1.2226 0.7091, 4.7244 -1.2235 0.721, 4.7244 -1.2216 0.7364, 4.7244 -1.2213 0.7395, 4.7244 -1.2147 0.7564, 4.7244 -1.2042 0.7715, 4.7244 -1.1914 0.783, 4.7244 -1.1745 0.792, 4.7244 -1.1558 0.7965, 4.7244 -1.1476 0.7969, 4.7244 -1.1296 0.7947, 4.7244 -1.1125 0.7884, 4.7244 -1.1074 0.7856, 4.7244 -1.0958 0.8096, 4.7244 -1.0787 0.83, 4.7244 -1.0585 0.8448, 4.7244 -1.0337 0.8548, 4.7244 -1.0057 0.8584, 4.7244 -0.9799 0.8552, 4.7244 -0.9561 0.8461, 4.7244 -0.9348 0.8313, 4.7244 -0.9331 0.8298, 4.7244 -0.9159 0.8094, 4.7244 -0.9041 0.7849, 4.7244 -0.8994 0.7635, 4.7244 -0.8933 0.7635, 4.7244 -0.8802 0.7621, 4.7244 -0.8668 0.7573, 4.7244 -0.8549 0.7493, 4.7244 -0.845 0.7385, 4.7244 -0.8439 0.7364, 4.7244 -0.838 0.7253, 4.7244 -0.8345 0.7107, 4.7244 -0.8341 0.7043, 4.7244 -0.8356 0.691, 4.7244 -0.8405 0.6774, 4.7244 -0.8486 0.6653, 4.7244 -0.8538 0.66, 4.7244 -0.8657 0.6517, 4.7244 -0.8796 0.6465, 4.7244 -0.8888 0.6451, 4.7244 -0.9229 0.6451, 4.7244 -0.9245 0.6453, 4.7244 -0.9268 0.6458, 4.7244 -0.9275 0.6459, 4.7244 -0.9334 0.6451, 4.7244 -0.9386 0.6431, 4.7244 -0.9433 0.6398, 4.7244 -0.9464 0.6363, 4.7244 -0.9493 0.6311, 4.7244 -0.9508 0.6254, 4.7244 -0.951 0.6224, 4.7244 -0.9503 0.6167, 4.7244 -0.9483 0.6116, 4.7244 -0.945 0.6068, 4.7244 -0.9432 0.605, 4.7244 -0.9383 0.6015, 4.7244 -0.9333 0.5995, 4.7244 -0.929 0.5988, 4.7244 -0.8842 0.5988, 4.7244 -0.8589 0.6042, 4.7244 -0.8358 0.6155, 4.7244 -0.8152 0.633, 4.7244 -0.8001 0.654, 4.7244 -0.7905 0.6781, 4.7244 -1.1074 0.6535, 4.7244 -1.1011 0.6528, 4.7244 -1.094 0.6503, 4.7244 -1.0879 0.6462, 4.7244 -1.083 0.6407, 4.7244 -1.0797 0.6345, 4.7244 -1.078 0.6274, 4.7244 -1.078 0.6205, 4.7244 -1.0798 0.6132, 4.7244 -1.0833 0.6067, 4.7244 -1.0875 0.602, 4.7244 -1.0932 0.5979, 4.7244 -1.0998 0.5953, 4.7244 -1.1074 0.5943, 4.7244 -1.1087 0.5943, 4.7244 -1.1155 0.5954, 4.7244 -1.1224 0.5984, 4.7244 -1.1282 0.6028, 4.7244 -1.1325 0.6082, 4.7244 -1.1355 0.6146, 4.7244 -1.1369 0.6217, 4.7244 -1.1365 0.6291, 4.7244 -1.1343 0.6362, 4.7244 -1.1304 0.6425, 4.7244 -1.1274 0.6457, 4.7244 -1.1214 0.6499, 4.7244 -1.1148 0.6525, 4.7244 -1.1148 0.6525
            ]
        }
        coordIndex [
            0,1,2,-1,3,4,5,-1,6,7,8,-1,9,10,11,-1,12,11,13,-1,13,11,14,-1,2,1,15,-1,16,17,18,-1,18,17,19,-1,18,19,20,-1,20,19,21,-1,20,21,5,-1,5,21,22,-1,5,22,3,-1,23,9,24,-1,24,9,11,-1,24,11,25,-1,25,11,12,-1,26,27,28,-1,28,27,29,-1,28,29,30,-1,30,29,31,-1,30,31,32,-1,32,31,33,-1,6,8,34,-1,34,8,35,-1,34,35,36,-1,36,35,37,-1,36,37,38,-1,1,39,15,-1,15,39,40,-1,15,40,41,-1,41,40,42,-1,41,42,6,-1,6,42,43,-1,6,43,7,-1,44,45,21,-1,21,45,46,-1,21,46,47,-1,47,46,48,-1,47,48,49,-1,49,48,50,-1,49,50,51,-1,51,50,52,-1,51,52,53,-1,53,52,54,-1,53,54,55,-1,55,54,56,-1,55,56,24,-1,24,56,57,-1,24,57,23,-1,58,59,19,-1,19,59,60,-1,19,60,21,-1,21,60,61,-1,21,61,44,-1,62,63,64,-1,64,63,65,-1,64,65,66,-1,66,65,26,-1,66,26,67,-1,67,26,28,-1,68,69,70,-1,70,69,71,-1,70,71,72,-1,72,71,73,-1,72,73,74,-1,74,73,75,-1,74,75,76,-1,76,75,77,-1,76,77,78,-1,10,79,11,-1,11,79,80,-1,11,80,81,-1,81,80,82,-1,81,82,83,-1,83,82,84,-1,83,84,85,-1,85,84,86,-1,85,86,87,-1,87,86,88,-1,87,88,89,-1,89,88,90,-1,89,90,91,-1,91,90,92,-1,91,92,93,-1,93,92,94,-1,93,94,95,-1,95,94,96,-1,95,96,19,-1,19,96,97,-1,19,97,58,-1,31,98,33,-1,33,98,99,-1,33,99,100,-1,100,99,101,-1,100,101,102,-1,102,101,103,-1,102,103,68,-1,68,103,104,-1,68,104,69,-1,105,106,107,-1,107,106,108,-1,107,108,64,-1,64,108,109,-1,64,109,62,-1,110,111,112,-1,112,111,113,-1,112,113,114,-1,114,113,115,-1,114,115,116,-1,116,115,117,-1,116,117,118,-1,118,117,119,-1,118,119,14,-1,14,119,120,-1,14,120,13,-1,2,121,0,-1,0,121,122,-1,0,122,123,-1,123,122,124,-1,123,124,125,-1,125,124,126,-1,125,126,110,-1,110,126,127,-1,110,127,111,-1,38,37,128,-1,128,37,129,-1,128,129,130,-1,130,129,131,-1,130,131,132,-1,132,131,133,-1,132,133,134,-1,134,133,135,-1,134,135,105,-1,105,135,136,-1,105,136,106,-1,137,138,139,-1,77,140,78,-1,78,140,137,-1,78,137,141,-1,141,137,139,-1,142,143,137,-1,137,143,144,-1,137,144,138,-1,145,146,147,-1,146,148,147,-1,147,148,149,-1,147,149,150,-1,142,137,147,-1,147,137,151,-1,147,151,145,-1,33,152,153,-1,33,153,32,-1,32,153,154,-1,32,154,30,-1,154,155,30,-1,30,155,156,-1,30,156,28,-1,28,156,157,-1,28,157,67,-1,67,157,158,-1,67,158,66,-1,66,158,159,-1,66,159,64,-1,64,159,160,-1,64,160,107,-1,107,160,161,-1,107,161,105,-1,134,105,162,-1,162,105,161,-1,162,163,134,-1,134,163,164,-1,134,164,132,-1,132,164,165,-1,132,165,130,-1,130,165,166,-1,130,166,128,-1,128,166,167,-1,128,167,38,-1,38,167,36,-1,36,167,168,-1,36,168,169,-1,36,169,170,-1,36,170,34,-1,34,170,171,-1,34,171,6,-1,6,171,172,-1,6,172,41,-1,41,172,173,-1,41,173,15,-1,15,173,174,-1,15,174,2,-1,2,174,175,-1,2,175,121,-1,121,175,176,-1,121,176,122,-1,122,176,177,-1,122,177,124,-1,178,126,179,-1,179,126,124,-1,179,124,177,-1,180,111,178,-1,178,111,127,-1,178,127,126,-1,180,181,111,-1,111,181,182,-1,111,182,113,-1,113,182,183,-1,113,183,115,-1,115,183,184,-1,115,184,117,-1,117,184,185,-1,117,185,119,-1,119,185,186,-1,119,186,120,-1,120,186,187,-1,120,187,13,-1,13,187,188,-1,13,188,12,-1,12,188,189,-1,12,189,25,-1,189,190,25,-1,25,190,191,-1,25,191,24,-1,24,191,192,-1,24,192,55,-1,55,192,193,-1,55,193,53,-1,193,194,53,-1,53,194,195,-1,53,195,51,-1,51,195,196,-1,51,196,49,-1,197,20,5,-1,49,196,198,-1,199,21,198,-1,198,21,47,-1,198,47,49,-1,199,200,21,-1,21,200,201,-1,21,201,22,-1,22,201,202,-1,22,202,3,-1,3,202,203,-1,3,203,4,-1,4,203,204,-1,4,204,5,-1,5,204,205,-1,5,205,197,-1,18,20,206,-1,206,20,197,-1,16,18,207,-1,207,18,206,-1,17,16,208,-1,208,16,207,-1,19,17,209,-1,209,17,208,-1,19,209,210,-1,19,210,95,-1,95,210,211,-1,95,211,93,-1,93,211,212,-1,93,212,91,-1,91,212,213,-1,91,213,89,-1,89,213,214,-1,89,214,87,-1,87,214,215,-1,87,215,85,-1,85,215,216,-1,85,216,83,-1,83,216,217,-1,83,217,81,-1,81,217,218,-1,81,218,11,-1,11,218,219,-1,11,219,14,-1,14,219,220,-1,14,220,118,-1,118,220,221,-1,118,221,116,-1,116,221,222,-1,116,222,114,-1,114,222,223,-1,114,223,112,-1,112,223,110,-1,110,223,224,-1,224,225,110,-1,110,225,226,-1,110,226,125,-1,125,226,227,-1,125,227,123,-1,123,227,228,-1,123,228,0,-1,0,228,229,-1,0,229,1,-1,1,229,230,-1,1,230,39,-1,39,230,231,-1,39,231,40,-1,40,231,232,-1,40,232,42,-1,42,232,233,-1,42,233,43,-1,43,233,234,-1,43,234,7,-1,7,234,235,-1,7,235,8,-1,8,235,236,-1,8,236,35,-1,35,236,237,-1,35,237,37,-1,37,237,238,-1,37,238,129,-1,129,238,239,-1,129,239,131,-1,131,239,240,-1,131,240,133,-1,133,240,241,-1,133,241,135,-1,135,241,242,-1,135,242,136,-1,136,242,243,-1,136,243,106,-1,106,243,244,-1,106,244,108,-1,108,244,245,-1,108,245,109,-1,109,245,246,-1,109,246,62,-1,63,62,247,-1,247,62,246,-1,63,247,248,-1,63,248,65,-1,65,248,249,-1,65,249,26,-1,26,249,250,-1,26,250,27,-1,27,250,251,-1,27,251,29,-1,29,251,252,-1,29,252,31,-1,252,253,31,-1,31,253,254,-1,31,254,98,-1,98,254,255,-1,98,255,99,-1,99,255,256,-1,99,256,101,-1,101,256,257,-1,101,257,103,-1,103,257,258,-1,103,258,104,-1,104,258,259,-1,104,259,69,-1,69,259,260,-1,69,260,71,-1,71,260,261,-1,71,261,73,-1,73,261,262,-1,73,262,75,-1,77,75,263,-1,263,75,262,-1,77,263,264,-1,77,264,140,-1,140,264,265,-1,140,265,137,-1,137,265,266,-1,137,266,151,-1,151,266,267,-1,151,267,145,-1,145,267,268,-1,145,268,146,-1,146,268,269,-1,146,269,148,-1,148,269,270,-1,148,270,149,-1,149,270,271,-1,149,271,150,-1,150,271,272,-1,150,272,147,-1,147,272,273,-1,147,273,142,-1,142,273,274,-1,142,274,143,-1,143,274,275,-1,143,275,144,-1,144,275,276,-1,144,276,138,-1,138,276,277,-1,138,277,139,-1,139,277,278,-1,139,278,141,-1,141,278,279,-1,141,279,78,-1,78,279,280,-1,78,280,76,-1,74,76,281,-1,281,76,280,-1,74,281,282,-1,74,282,72,-1,72,282,283,-1,72,283,70,-1,70,283,284,-1,70,284,68,-1,68,284,285,-1,68,285,102,-1,102,285,286,-1,102,286,100,-1,100,286,152,-1,100,152,33,-1,90,287,288,-1,90,288,92,-1,92,288,289,-1,92,289,94,-1,94,289,290,-1,94,290,96,-1,96,290,291,-1,96,291,97,-1,97,291,292,-1,97,292,58,-1,58,292,293,-1,58,293,59,-1,59,293,294,-1,59,294,60,-1,60,294,295,-1,60,295,61,-1,61,295,296,-1,61,296,44,-1,44,296,297,-1,44,297,45,-1,45,297,298,-1,45,298,46,-1,46,298,299,-1,46,299,48,-1,48,299,300,-1,48,300,50,-1,50,300,301,-1,50,301,52,-1,52,301,302,-1,52,302,54,-1,54,302,303,-1,54,303,56,-1,56,303,304,-1,56,304,57,-1,57,304,305,-1,57,305,23,-1,23,305,306,-1,23,306,9,-1,9,306,307,-1,9,307,10,-1,10,307,308,-1,10,308,79,-1,79,308,309,-1,79,309,80,-1,80,309,310,-1,80,310,82,-1,82,310,311,-1,82,311,84,-1,84,311,312,-1,84,312,86,-1,86,312,313,-1,86,313,88,-1,88,313,287,-1,88,287,90,-1,
        ]
    }
}
Shape{
    appearance Appearance {
        material  Material 	{
            diffuseColor 1.0 0.9176470588235294 0.8431372549019608
            specularColor 0.5019607843137255 0.4588235294117647 0.4235294117647059
            ambientIntensity 0.2
            transparency 0
            shininess 0.5
        }
    }
    geometry IndexedFaceSet {
        ccw TRUE
        solid FALSE
        coord DEF co Coordinate {
            point [
                4.7244 -1.1087 0.5943, 4.7244 -1.1274 0.6457, 4.7244 -1.1304 0.6425, 4.7244 -1.0998 0.5953, 4.7244 -1.0932 0.5979, 4.7244 -1.1011 0.6528, 4.7244 -1.1074 0.6535, 4.7244 -1.1148 0.6525, 4.7244 -1.1214 0.6499, 4.7244 -1.1355 0.6146, 4.7244 -1.1325 0.6082, 4.7244 -1.1282 0.6028, 4.7244 -1.1074 0.5943, 4.7244 -1.1343 0.6362, 4.7244 -1.1365 0.6291, 4.7244 -1.1369 0.6217, 4.7244 -1.1224 0.5984, 4.7244 -1.1155 0.5954, 4.7244 -1.0875 0.602, 4.7244 -1.0833 0.6067, 4.7244 -1.0798 0.6132, 4.7244 -1.078 0.6205, 4.7244 -1.078 0.6274, 4.7244 -1.0797 0.6345, 4.7244 -1.083 0.6407, 4.7244 -1.0879 0.6462, 4.7244 -1.094 0.6503, 4.7244 -1.094 0.6503
            ]
        }
        coordIndex [
            0,1,2,-1,3,4,5,-1,6,7,0,-1,0,7,8,-1,0,8,1,-1,9,10,2,-1,2,10,11,-1,6,0,5,-1,5,0,12,-1,5,12,3,-1,13,14,2,-1,2,14,15,-1,2,15,9,-1,11,16,2,-1,2,16,17,-1,2,17,0,-1,4,18,5,-1,5,18,19,-1,5,19,20,-1,20,21,5,-1,5,21,22,-1,5,22,23,-1,23,24,5,-1,5,24,25,-1,5,25,26,-1,
        ]
    }
}