#VRML V2.0 utf8
# 3D model generated by easyeda2kicad.py (https://github.com/uPesy/easyeda2kicad.py)

Shape{
    appearance Appearance {
        material  Material 	{
            diffuseColor 0.2235294117647059 0.2235294117647059 0.2235294117647059
            specularColor 0.11372549019607843 0.11372549019607843 0.11372549019607843
            ambientIntensity 0.2
            transparency 0
            shininess 0.5
        }
    }
    geometry IndexedFaceSet {
        ccw TRUE
        solid FALSE
        coord DEF co Coordinate {
            point [
                -0.1246 0.0968 0.9843, -0.1207 0.1063 0.9843, -0.5 0.2441 0.9843, 0.1207 0.1063 0.9843, 0.5 0.2441 0.9843, 0.1145 0.1145 0.9843, 0.2441 0.5 0.9843, 0.1063 0.1207 0.9843, 0.0968 0.1246 0.9843, 0.1246 0.0968 0.9843, 0.126 0.0866 0.9843, 0.5 -0.2441 0.9843, 0.126 -0.0866 0.9843, -0.2441 0.5 0.9843, -0.1145 0.1145 0.9843, -0.1063 0.1207 0.9843, 0.1246 -0.0968 0.9843, 0.1207 -0.1063 0.9843, 0.2441 -0.5 0.9843, 0.1145 -0.1145 0.9843, 0.1063 -0.1207 0.9843, -0.1207 -0.1063 0.9843, -0.5 -0.2441 0.9843, -0.1145 -0.1145 0.9843, -0.2441 -0.5 0.9843, -0.1063 -0.1207 0.9843, -0.0968 -0.1246 0.9843, -0.1246 -0.0968 0.9843, -0.126 -0.0866 0.9843, -0.126 0.0866 0.9843, -0.0968 0.1246 0.9843, -0.0866 0.126 0.9843, 0.0866 0.126 0.9843, 0.0968 -0.1246 0.9843, 0.0866 -0.126 0.9843, -0.0866 -0.126 0.9843, -0.1145 -0.1145 0.1969, -0.1063 -0.1207 0.1969, -0.4409 -0.3031 0.1969, 0.0968 -0.1246 0.1969, 0.1063 -0.1207 0.1969, 0.4409 -0.3031 0.1969, -0.5 -0.2441 0.1969, -0.5 0.2441 0.1969, -0.126 0.0866 0.1969, -0.126 -0.0866 0.1969, -0.1246 -0.0968 0.1969, -0.1207 -0.1063 0.1969, 0.4409 0.3031 0.1969, 0.1145 0.1145 0.1969, 0.1063 0.1207 0.1969, -0.0968 0.1246 0.1969, -0.1063 0.1207 0.1969, -0.4409 0.3031 0.1969, -0.1145 0.1145 0.1969, -0.1207 0.1063 0.1969, -0.1246 0.0968 0.1969, -0.0968 -0.1246 0.1969, -0.0866 -0.126 0.1969, 0.0866 -0.126 0.1969, 0.1145 -0.1145 0.1969, 0.1207 -0.1063 0.1969, 0.5 -0.2441 0.1969, 0.5 0.2441 0.1969, 0.1246 0.0968 0.1969, 0.1207 0.1063 0.1969, 0.1246 -0.0968 0.1969, 0.126 -0.0866 0.1969, 0.126 0.0866 0.1969, 0.0968 0.1246 0.1969, 0.0866 0.126 0.1969, -0.0866 0.126 0.1969, -0.4409 0.3031 0.0, -0.2441 0.5 0.0, 0.4409 0.3031 0.0, 0.2441 0.5 0.0, -0.2441 -0.5 0.0, 0.2441 -0.5 0.0, 0.4409 -0.3031 0.0, -0.4409 -0.3031 0.0, -0.4409 -0.3031 0.0
            ]
        }
        coordIndex [
            0,1,2,-1,3,4,5,-1,5,4,6,-1,5,6,7,-1,7,6,8,-1,3,9,4,-1,4,9,10,-1,4,10,11,-1,11,10,12,-1,2,1,13,-1,13,1,14,-1,13,14,15,-1,12,16,11,-1,11,16,17,-1,11,17,18,-1,18,17,19,-1,18,19,20,-1,21,22,23,-1,23,22,24,-1,23,24,25,-1,25,24,26,-1,21,27,22,-1,22,27,28,-1,22,28,2,-1,2,28,29,-1,2,29,0,-1,15,30,13,-1,13,30,31,-1,13,31,6,-1,6,31,32,-1,6,32,8,-1,20,33,18,-1,18,33,34,-1,18,34,24,-1,24,34,35,-1,24,35,26,-1,36,37,38,-1,39,40,41,-1,42,43,44,-1,44,45,42,-1,42,45,46,-1,42,46,38,-1,38,46,47,-1,38,47,36,-1,48,49,50,-1,51,52,53,-1,52,54,53,-1,53,54,55,-1,53,55,43,-1,43,55,56,-1,43,56,44,-1,37,57,38,-1,38,57,58,-1,38,58,41,-1,41,58,59,-1,41,59,39,-1,40,60,41,-1,41,60,61,-1,41,61,62,-1,63,64,48,-1,48,64,65,-1,48,65,49,-1,61,66,62,-1,62,66,67,-1,62,67,63,-1,63,67,68,-1,63,68,64,-1,50,69,48,-1,48,69,70,-1,48,70,53,-1,53,70,71,-1,53,71,51,-1,72,73,74,-1,74,73,75,-1,63,4,62,-1,62,4,11,-1,13,6,73,-1,73,6,75,-1,42,22,43,-1,43,22,2,-1,76,77,24,-1,24,77,18,-1,78,77,79,-1,79,77,76,-1,79,76,38,-1,38,76,24,-1,38,24,42,-1,42,24,22,-1,62,11,41,-1,41,11,18,-1,41,18,78,-1,78,18,77,-1,43,2,53,-1,53,2,13,-1,53,13,72,-1,72,13,73,-1,74,75,48,-1,48,75,6,-1,48,6,63,-1,63,6,4,-1,74,48,72,-1,72,48,53,-1,41,78,38,-1,38,78,79,-1,
        ]
    }
}
Shape{
    appearance Appearance {
        material  Material 	{
            diffuseColor 0.9686274509803922 0.8784313725490196 0.6
            specularColor 0.6784313725490196 0.615686274509804 0.4196078431372549
            ambientIntensity 0.2
            transparency 0
            shininess 0.5
        }
    }
    geometry IndexedFaceSet {
        ccw TRUE
        solid FALSE
        coord DEF co Coordinate {
            point [
                -0.0669 -0.0669 -1.1811, -0.0669 0.0669 -1.1811, 0.0669 -0.0669 -1.1811, 0.0669 0.0669 -1.1811, -0.126 0.0866 -0.9607, -0.126 -0.0866 -0.9607, -0.126 0.0866 0.1969, -0.126 -0.0866 0.1969, 0.126 0.0866 0.1969, 0.126 -0.0866 0.1969, 0.126 0.0866 -0.9607, 0.126 -0.0866 -0.9607, -0.0866 -0.126 -0.9607, 0.0866 -0.126 -0.9607, -0.0866 -0.126 0.1969, 0.0866 -0.126 0.1969, -0.0866 0.126 0.1969, 0.0866 0.126 0.1969, -0.0866 0.126 -0.9607, 0.0866 0.126 -0.9607, 0.0866 0.126 0.9843, -0.0866 0.126 0.9843, 0.0866 0.126 3.1261, -0.0866 0.126 3.1261, -0.0669 0.0669 3.3465, -0.0669 -0.0669 3.3465, 0.0669 0.0669 3.3465, 0.0669 -0.0669 3.3465, -0.0866 -0.126 0.9843, 0.0866 -0.126 0.9843, -0.0866 -0.126 3.1261, 0.0866 -0.126 3.1261, 0.126 0.0866 3.1261, 0.126 -0.0866 3.1261, 0.126 0.0866 0.9843, 0.126 -0.0866 0.9843, -0.126 -0.0866 3.1261, -0.126 0.0866 3.1261, -0.126 -0.0866 0.9843, -0.126 0.0866 0.9843, 0.1063 0.1207 -0.9804, 0.1145 0.1145 -1.0037, 0.0918 0.1256 -0.962, 0.0943 0.1252 -0.9635, 0.0892 0.1259 -0.961, -0.1145 0.1145 -1.0037, -0.1063 0.1207 -0.9804, -0.1017 0.123 -0.9719, 0.0968 0.1246 -0.9657, 0.1017 0.123 -0.9719, -0.0968 0.1246 -0.9657, -0.0943 0.1252 -0.9635, -0.0918 0.1256 -0.962, -0.0892 0.1259 -0.961, 0.1207 -0.1063 -0.9804, 0.1145 -0.1145 -1.0037, 0.1207 0.1063 -0.9804, 0.123 0.1017 -0.9719, 0.1256 -0.0918 -0.962, 0.1252 -0.0943 -0.9635, 0.1246 0.0968 -0.9657, 0.1252 0.0943 -0.9635, 0.1256 0.0918 -0.962, 0.1259 -0.0892 -0.961, 0.1259 0.0892 -0.961, 0.1246 -0.0968 -0.9657, 0.123 -0.1017 -0.9719, -0.1207 0.1063 -0.9804, -0.1145 -0.1145 -1.0037, -0.1207 -0.1063 -0.9804, -0.123 -0.1017 -0.9719, -0.1256 0.0918 -0.962, -0.1252 0.0943 -0.9635, -0.1246 -0.0968 -0.9657, -0.1252 -0.0943 -0.9635, -0.1256 -0.0918 -0.962, -0.1259 0.0892 -0.961, -0.1259 -0.0892 -0.961, -0.1246 0.0968 -0.9657, -0.123 0.1017 -0.9719, -0.1063 -0.1207 -0.9804, -0.0918 -0.1256 -0.962, -0.0943 -0.1252 -0.9635, -0.0892 -0.1259 -0.961, 0.1063 -0.1207 -0.9804, 0.1017 -0.123 -0.9719, -0.0968 -0.1246 -0.9657, -0.1017 -0.123 -0.9719, 0.0968 -0.1246 -0.9657, 0.0943 -0.1252 -0.9635, 0.0918 -0.1256 -0.962, 0.0892 -0.1259 -0.961, 0.1063 -0.1207 3.1457, 0.1145 -0.1145 3.1691, 0.0918 -0.1256 3.1273, 0.0943 -0.1252 3.1289, 0.0892 -0.1259 3.1264, -0.1145 -0.1145 3.1691, -0.1063 -0.1207 3.1457, -0.1017 -0.123 3.1372, 0.0968 -0.1246 3.1311, 0.1017 -0.123 3.1372, -0.0968 -0.1246 3.1311, -0.0943 -0.1252 3.1289, -0.0918 -0.1256 3.1273, -0.0892 -0.1259 3.1264, 0.1207 0.1063 3.1457, 0.1145 0.1145 3.1691, 0.1207 -0.1063 3.1457, 0.123 -0.1017 3.1372, 0.1256 0.0918 3.1273, 0.1252 0.0943 3.1289, 0.1246 -0.0968 3.1311, 0.1252 -0.0943 3.1289, 0.1256 -0.0918 3.1273, 0.1259 0.0892 3.1264, 0.1259 -0.0892 3.1264, 0.1246 0.0968 3.1311, 0.123 0.1017 3.1372, -0.1207 -0.1063 3.1457, -0.1145 0.1145 3.1691, -0.1207 0.1063 3.1457, -0.123 0.1017 3.1372, -0.1256 -0.0918 3.1273, -0.1252 -0.0943 3.1289, -0.1246 0.0968 3.1311, -0.1252 0.0943 3.1289, -0.1256 0.0918 3.1273, -0.1259 -0.0892 3.1264, -0.1259 0.0892 3.1264, -0.1246 -0.0968 3.1311, -0.123 -0.1017 3.1372, -0.1063 0.1207 3.1457, -0.0918 0.1256 3.1273, -0.0943 0.1252 3.1289, -0.0892 0.1259 3.1264, 0.1063 0.1207 3.1457, 0.1017 0.123 3.1372, -0.0968 0.1246 3.1311, -0.1017 0.123 3.1372, 0.0968 0.1246 3.1311, 0.0943 0.1252 3.1289, 0.0918 0.1256 3.1273, 0.0892 0.1259 3.1264, -0.1246 0.0968 0.1969, -0.1207 0.1063 0.1969, -0.1145 0.1145 0.1969, -0.1063 0.1207 0.1969, -0.0968 0.1246 0.1969, -0.0968 -0.1246 0.1969, -0.1063 -0.1207 0.1969, -0.1145 -0.1145 0.1969, -0.1207 -0.1063 0.1969, -0.1246 -0.0968 0.1969, -0.0968 -0.1246 0.9843, -0.1063 -0.1207 0.9843, -0.1246 -0.0968 0.9843, -0.1145 -0.1145 0.9843, -0.1207 -0.1063 0.9843, 0.0968 0.1246 0.1969, 0.1063 0.1207 0.1969, 0.1145 0.1145 0.1969, 0.1207 0.1063 0.1969, 0.1246 0.0968 0.1969, 0.0968 0.1246 0.9843, 0.1063 0.1207 0.9843, 0.1246 0.0968 0.9843, 0.1145 0.1145 0.9843, 0.1207 0.1063 0.9843, 0.1246 -0.0968 0.1969, 0.1207 -0.1063 0.1969, 0.1145 -0.1145 0.1969, 0.1063 -0.1207 0.1969, 0.0968 -0.1246 0.1969, 0.1246 -0.0968 0.9843, 0.1207 -0.1063 0.9843, 0.0968 -0.1246 0.9843, 0.1145 -0.1145 0.9843, 0.1063 -0.1207 0.9843, -0.1246 0.0968 0.9843, -0.1207 0.1063 0.9843, -0.0968 0.1246 0.9843, -0.1145 0.1145 0.9843, -0.1063 0.1207 0.9843, -0.1063 0.1207 0.9843
            ]
        }
        coordIndex [
            0,1,2,-1,2,1,3,-1,4,5,6,-1,6,5,7,-1,8,9,10,-1,10,9,11,-1,12,13,14,-1,14,13,15,-1,16,17,18,-1,18,17,19,-1,20,21,22,-1,22,21,23,-1,24,25,26,-1,26,25,27,-1,28,29,30,-1,30,29,31,-1,32,33,34,-1,34,33,35,-1,36,37,38,-1,38,37,39,-1,40,41,3,-1,42,43,3,-1,42,3,44,-1,45,46,1,-1,1,46,47,-1,43,48,3,-1,3,48,49,-1,3,49,40,-1,47,50,1,-1,1,50,51,-1,1,51,52,-1,52,53,1,-1,1,53,18,-1,1,18,3,-1,3,18,19,-1,3,19,44,-1,54,55,2,-1,41,56,3,-1,3,56,57,-1,58,59,2,-1,57,60,3,-1,3,60,61,-1,3,61,62,-1,58,2,63,-1,62,64,3,-1,3,64,10,-1,3,10,2,-1,2,10,11,-1,2,11,63,-1,59,65,2,-1,2,65,66,-1,2,66,54,-1,67,45,1,-1,68,69,0,-1,0,69,70,-1,71,72,1,-1,70,73,0,-1,0,73,74,-1,0,74,75,-1,71,1,76,-1,75,77,0,-1,0,77,5,-1,0,5,1,-1,1,5,4,-1,1,4,76,-1,72,78,1,-1,1,78,79,-1,1,79,67,-1,80,68,0,-1,81,82,0,-1,81,0,83,-1,55,84,2,-1,2,84,85,-1,82,86,0,-1,0,86,87,-1,0,87,80,-1,85,88,2,-1,2,88,89,-1,2,89,90,-1,90,91,2,-1,2,91,13,-1,2,13,0,-1,0,13,12,-1,0,12,83,-1,92,93,27,-1,94,95,27,-1,94,27,96,-1,97,98,25,-1,25,98,99,-1,95,100,27,-1,27,100,101,-1,27,101,92,-1,99,102,25,-1,25,102,103,-1,25,103,104,-1,104,105,25,-1,25,105,30,-1,25,30,27,-1,27,30,31,-1,27,31,96,-1,106,107,26,-1,93,108,27,-1,27,108,109,-1,110,111,26,-1,109,112,27,-1,27,112,113,-1,27,113,114,-1,110,26,115,-1,114,116,27,-1,27,116,33,-1,27,33,26,-1,26,33,32,-1,26,32,115,-1,111,117,26,-1,26,117,118,-1,26,118,106,-1,119,97,25,-1,120,121,24,-1,24,121,122,-1,123,124,25,-1,122,125,24,-1,24,125,126,-1,24,126,127,-1,123,25,128,-1,127,129,24,-1,24,129,37,-1,24,37,25,-1,25,37,36,-1,25,36,128,-1,124,130,25,-1,25,130,131,-1,25,131,119,-1,132,120,24,-1,133,134,24,-1,133,24,135,-1,107,136,26,-1,26,136,137,-1,134,138,24,-1,24,138,139,-1,24,139,132,-1,137,140,26,-1,26,140,141,-1,26,141,142,-1,142,143,26,-1,26,143,22,-1,26,22,24,-1,24,22,23,-1,24,23,135,-1,4,6,76,-1,76,6,144,-1,76,144,71,-1,71,144,72,-1,67,79,144,-1,144,79,78,-1,144,78,72,-1,144,145,67,-1,67,145,146,-1,67,146,45,-1,45,146,147,-1,45,147,46,-1,16,18,148,-1,148,18,53,-1,148,53,52,-1,52,51,148,-1,148,51,50,-1,148,50,147,-1,147,50,47,-1,147,47,46,-1,12,14,83,-1,83,14,149,-1,83,149,81,-1,81,149,82,-1,80,87,149,-1,149,87,86,-1,149,86,82,-1,149,150,80,-1,80,150,151,-1,80,151,68,-1,68,151,152,-1,68,152,69,-1,7,5,153,-1,153,5,77,-1,153,77,75,-1,75,74,153,-1,153,74,73,-1,153,73,152,-1,152,73,70,-1,152,70,69,-1,28,30,154,-1,154,30,105,-1,154,105,104,-1,99,155,102,-1,102,155,154,-1,102,154,103,-1,103,154,104,-1,128,36,38,-1,128,38,123,-1,119,131,156,-1,156,131,130,-1,156,130,38,-1,38,130,124,-1,38,124,123,-1,99,98,155,-1,155,98,97,-1,155,97,157,-1,157,97,119,-1,157,119,158,-1,158,119,156,-1,19,17,44,-1,44,17,159,-1,44,159,42,-1,42,159,43,-1,40,49,159,-1,159,49,48,-1,159,48,43,-1,159,160,40,-1,40,160,161,-1,40,161,41,-1,41,161,162,-1,41,162,56,-1,8,10,163,-1,163,10,64,-1,163,64,62,-1,62,61,163,-1,163,61,60,-1,163,60,162,-1,162,60,57,-1,162,57,56,-1,20,22,164,-1,164,22,143,-1,164,143,142,-1,137,165,140,-1,140,165,164,-1,140,164,141,-1,141,164,142,-1,115,32,34,-1,115,34,110,-1,106,118,166,-1,166,118,117,-1,166,117,34,-1,34,117,111,-1,34,111,110,-1,137,136,165,-1,165,136,107,-1,165,107,167,-1,167,107,106,-1,167,106,168,-1,168,106,166,-1,11,9,63,-1,63,9,169,-1,63,169,58,-1,58,169,59,-1,54,66,169,-1,169,66,65,-1,169,65,59,-1,169,170,54,-1,54,170,171,-1,54,171,55,-1,55,171,172,-1,55,172,84,-1,15,13,173,-1,173,13,91,-1,173,91,90,-1,90,89,173,-1,173,89,88,-1,173,88,172,-1,172,88,85,-1,172,85,84,-1,35,33,174,-1,174,33,116,-1,174,116,114,-1,109,175,112,-1,112,175,174,-1,112,174,113,-1,113,174,114,-1,96,31,29,-1,96,29,94,-1,92,101,176,-1,176,101,100,-1,176,100,29,-1,29,100,95,-1,29,95,94,-1,109,108,175,-1,175,108,93,-1,175,93,177,-1,177,93,92,-1,177,92,178,-1,178,92,176,-1,39,37,179,-1,179,37,129,-1,179,129,127,-1,122,180,125,-1,125,180,179,-1,125,179,126,-1,126,179,127,-1,135,23,21,-1,135,21,133,-1,132,139,181,-1,181,139,138,-1,181,138,21,-1,21,138,134,-1,21,134,133,-1,122,121,180,-1,180,121,120,-1,180,120,182,-1,182,120,132,-1,182,132,183,-1,183,132,181,-1,
        ]
    }
}
Shape{
    appearance Appearance {
        material  Material 	{
            diffuseColor 0.2235294117647059 0.2235294117647059 0.2235294117647059
            specularColor 0.11372549019607843 0.11372549019607843 0.11372549019607843
            ambientIntensity 0.2
            transparency 0
            shininess 0.5
        }
    }
    geometry IndexedFaceSet {
        ccw TRUE
        solid FALSE
        coord DEF co Coordinate {
            point [
                1.5 0.0059 0.683, 1.5 0.0059 0.6478, 1.5 0.0217 0.6478, 1.5 0.227 0.1969, 1.5 0.2441 0.1969, 1.5 0.2441 0.5642, 1.5 0.1731 0.1969, 1.5 0.227 0.5642, 1.5 0.1359 0.1969, 1.5 0.1731 0.5642, 1.5 0.0256 0.6521, 1.5 0.0251 0.6534, 1.5 0.0251 0.643, 1.5 0.1545 0.6433, 1.5 0.1504 0.6542, 1.5 0.1359 0.6542, 1.5 0.0682 0.5801, 1.5 0.0673 0.58, 1.5 0.0769 0.58, 1.5 0.1107 0.62, 1.5 0.1233 0.62, 1.5 0.1233 0.6313, 1.5 -0.05 0.6521, 1.5 -0.0424 0.6456, 1.5 -0.0155 0.6834, 1.5 -0.0155 0.643, 1.5 -0.0876 0.6875, 1.5 -0.0815 0.6834, 1.5 -0.075 0.679, 1.5 -0.0657 0.6682, 1.5 -0.0598 0.6567, 1.5 -0.0584 0.6563, 1.5 -0.1404 0.687, 1.5 -0.1274 0.692, 1.5 -0.2441 0.9843, 1.5 -0.0155 0.9843, 1.5 -0.1134 0.6937, 1.5 -0.1018 0.6925, 1.5 -0.2441 0.6834, 1.5 -0.1774 0.6694, 1.5 -0.1662 0.6708, 1.5 -0.2441 0.643, 1.5 -0.208 0.643, 1.5 -0.2055 0.6485, 1.5 -0.1987 0.6573, 1.5 -0.1462 0.6834, 1.5 -0.1473 0.6827, 1.5 -0.154 0.677, 1.5 -0.163 0.6706, 1.5 -0.1597 0.6703, 1.5 -0.1968 0.6591, 1.5 -0.1879 0.6654, 1.5 -0.1775 0.5807, 1.5 -0.1811 0.5818, 1.5 -0.2441 0.58, 1.5 -0.1913 0.5868, 1.5 -0.2001 0.5943, 1.5 -0.2066 0.6034, 1.5 -0.2106 0.614, 1.5 -0.2441 0.6313, 1.5 -0.212 0.6251, 1.5 -0.2119 0.6277, 1.5 -0.2113 0.6313, 1.5 -0.21 0.6383, 1.5 -0.2441 0.5642, 1.5 -0.1624 0.5642, 1.5 -0.1655 0.5656, 1.5 -0.171 0.5699, 1.5 -0.175 0.5752, 1.5 -0.1772 0.58, 1.5 -0.1591 0.5628, 1.5 -0.2441 0.1969, 1.5 -0.1525 0.5616, 1.5 -0.0155 0.5642, 1.5 -0.0155 0.58, 1.5 -0.1243 0.58, 1.5 -0.1243 0.5796, 1.5 -0.1277 0.5734, 1.5 -0.1325 0.5682, 1.5 -0.1382 0.5644, 1.5 -0.1388 0.5642, 1.5 -0.0155 0.1969, 1.5 -0.1446 0.5622, 1.5 -0.1507 0.5615, 1.5 -0.0331 0.629, 1.5 -0.0318 0.6197, 1.5 -0.0155 0.6313, 1.5 -0.0882 0.5966, 1.5 -0.0862 0.5974, 1.5 -0.0829 0.6135, 1.5 -0.1295 0.6087, 1.5 -0.0917 0.6285, 1.5 -0.134 0.6128, 1.5 -0.1399 0.6162, 1.5 -0.0899 0.5954, 1.5 -0.0422 0.5929, 1.5 -0.0499 0.5864, 1.5 -0.0494 0.6218, 1.5 -0.0508 0.6273, 1.5 -0.0529 0.6313, 1.5 -0.1936 0.6313, 1.5 -0.0366 0.6007, 1.5 -0.0841 0.5977, 1.5 -0.0838 0.5977, 1.5 -0.0829 0.5975, 1.5 -0.0331 0.6097, 1.5 -0.1938 0.6209, 1.5 -0.1737 0.6063, 1.5 -0.1942 0.6256, 1.5 -0.1689 0.6115, 1.5 -0.163 0.6154, 1.5 -0.0928 0.5889, 1.5 -0.0927 0.59, 1.5 -0.1225 0.5926, 1.5 -0.0922 0.5922, 1.5 -0.0911 0.5941, 1.5 -0.1917 0.614, 1.5 -0.1879 0.6079, 1.5 -0.1769 0.6005, 1.5 -0.1827 0.6029, 1.5 -0.1773 0.5996, 1.5 -0.0862 0.5804, 1.5 -0.0881 0.5812, 1.5 -0.0899 0.5825, 1.5 -0.0906 0.5831, 1.5 -0.0918 0.5849, 1.5 -0.0925 0.5868, 1.5 -0.1226 0.5866, 1.5 -0.1225 0.5898, 1.5 -0.1568 0.6176, 1.5 -0.1507 0.6183, 1.5 -0.1466 0.618, 1.5 -0.055 0.6045, 1.5 -0.0519 0.609, 1.5 -0.05 0.614, 1.5 -0.0493 0.6194, 1.5 -0.0585 0.5822, 1.5 -0.068 0.5802, 1.5 -0.0846 0.5802, 1.5 -0.0824 0.5974, 1.5 -0.0696 0.5974, 1.5 -0.0648 0.5983, 1.5 -0.0598 0.6006, 1.5 -0.0556 0.6039, 1.5 -0.1913 0.6381, 1.5 -0.1935 0.6317, 1.5 -0.0736 0.6414, 1.5 -0.0713 0.6414, 1.5 -0.0534 0.6321, 1.5 -0.0567 0.6358, 1.5 -0.0611 0.6389, 1.5 -0.066 0.6408, 1.5 -0.0798 0.6585, 1.5 -0.0862 0.6661, 1.5 -0.151 0.6496, 1.5 -0.0867 0.6666, 1.5 -0.0947 0.6722, 1.5 -0.1467 0.6586, 1.5 -0.1881 0.643, 1.5 -0.1537 0.6511, 1.5 -0.0739 0.643, 1.5 -0.0754 0.6495, 1.5 -0.1601 0.6532, 1.5 -0.166 0.6539, 1.5 -0.1691 0.6537, 1.5 -0.1403 0.6662, 1.5 -0.1035 0.6756, 1.5 -0.1328 0.6717, 1.5 -0.1131 0.6768, 1.5 -0.1236 0.6754, 1.5 -0.1761 0.652, 1.5 -0.1823 0.6486, 1.5 -0.1875 0.6438, 1.5 -0.0404 0.643, 1.5 -0.0366 0.6376, 1.5 -0.0341 0.6313, 1.5 0.1359 0.6313, 1.5 0.1312 0.62, 1.5 0.1312 0.6155, 1.5 0.1301 0.6027, 1.5 0.1301 0.5982, 1.5 0.1359 0.58, 1.5 0.1159 0.6155, 1.5 0.1159 0.6027, 1.5 0.1233 0.6155, 1.5 0.1233 0.6027, 1.5 0.1159 0.5982, 1.5 0.1159 0.5848, 1.5 0.1233 0.5982, 1.5 0.1233 0.5848, 1.5 0.1321 0.5848, 1.5 0.1321 0.5803, 1.5 0.1233 0.58, 1.5 0.1233 0.5803, 1.5 0.1107 0.5803, 1.5 0.0911 0.5873, 1.5 0.0917 0.585, 1.5 0.0919 0.585, 1.5 0.1054 0.6087, 1.5 0.0861 0.6313, 1.5 0.1002 0.6087, 1.5 0.0861 0.6018, 1.5 0.0925 0.5873, 1.5 0.0921 0.586, 1.5 0.0564 0.5864, 1.5 0.0514 0.6313, 1.5 0.0514 0.58, 1.5 0.0583 0.5852, 1.5 0.0587 0.5851, 1.5 0.0587 0.5956, 1.5 0.0578 0.5965, 1.5 0.0572 0.5976, 1.5 0.0566 0.5991, 1.5 0.0564 0.601, 1.5 0.0566 0.6028, 1.5 0.0587 0.5957, 1.5 0.0608 0.58, 1.5 0.06 0.5801, 1.5 0.0587 0.58, 1.5 0.0587 0.5805, 1.5 0.0564 0.5813, 1.5 0.0641 0.5796, 1.5 0.0587 0.5642, 1.5 0.0769 0.5642, 1.5 0.0742 0.6081, 1.5 0.0742 0.6032, 1.5 0.0596 0.6071, 1.5 0.0611 0.6079, 1.5 0.0587 0.6313, 1.5 0.0753 0.586, 1.5 0.0747 0.5844, 1.5 0.0738 0.5831, 1.5 0.0572 0.6044, 1.5 0.0581 0.6057, 1.5 0.0587 0.6062, 1.5 0.0638 0.6089, 1.5 0.0675 0.6093, 1.5 0.0769 0.6313, 1.5 0.0702 0.6091, 1.5 0.0739 0.5927, 1.5 0.0748 0.5913, 1.5 0.0754 0.5899, 1.5 0.0756 0.588, 1.5 0.0724 0.5819, 1.5 0.0709 0.581, 1.5 0.067 0.6053, 1.5 0.0655 0.6052, 1.5 0.0616 0.6015, 1.5 0.0642 0.6048, 1.5 0.0631 0.6042, 1.5 0.0616 0.6008, 1.5 0.0618 0.6, 1.5 0.0622 0.5994, 1.5 0.0626 0.5988, 1.5 0.0644 0.5977, 1.5 0.0703 0.6049, 1.5 0.0675 0.5964, 1.5 0.0731 0.6039, 1.5 0.0694 0.5956, 1.5 0.0727 0.5938, 1.5 0.0623 0.6036, 1.5 0.0619 0.6029, 1.5 0.0616 0.6023, 1.5 0.0615 0.5841, 1.5 0.064 0.5928, 1.5 0.061 0.5941, 1.5 0.0646 0.5837, 1.5 0.0648 0.5837, 1.5 0.0672 0.5914, 1.5 0.0674 0.584, 1.5 0.0705 0.5875, 1.5 0.0704 0.5881, 1.5 0.0686 0.5844, 1.5 0.0691 0.5847, 1.5 0.0697 0.5852, 1.5 0.0701 0.5859, 1.5 0.0704 0.5866, 1.5 0.0702 0.5889, 1.5 0.0698 0.5896, 1.5 0.0692 0.5902, 1.5 0.145 0.683, 1.5 0.1602 0.6433, 1.5 0.1731 0.643, 1.5 0.1359 0.643, 1.5 0.1339 0.6542, 1.5 0.1301 0.6433, 1.5 0.1233 0.643, 1.5 0.1244 0.6433, 1.5 0.1233 0.6834, 1.5 0.1359 0.6734, 1.5 0.1359 0.6834, 1.5 0.0861 0.6834, 1.5 0.0769 0.6834, 1.5 0.0815 0.683, 1.5 0.0769 0.683, 1.5 0.0815 0.6785, 1.5 0.0824 0.6478, 1.5 0.0861 0.643, 1.5 0.0824 0.6433, 1.5 0.0769 0.643, 1.5 0.0661 0.6612, 1.5 0.0661 0.6478, 1.5 0.0769 0.6612, 1.5 0.0769 0.6478, 1.5 0.0803 0.6612, 1.5 0.0803 0.6658, 1.5 0.0769 0.6658, 1.5 0.0769 0.6785, 1.5 0.0661 0.6658, 1.5 0.0661 0.6785, 1.5 0.061 0.683, 1.5 0.0587 0.6834, 1.5 0.061 0.6433, 1.5 0.0769 0.6433, 1.5 0.0587 0.643, 1.5 0.053 0.6767, 1.5 0.053 0.6499, 1.5 0.0524 0.6771, 1.5 0.0292 0.6678, 1.5 0.0514 0.6491, 1.5 0.0305 0.6713, 1.5 0.0324 0.6741, 1.5 0.0287 0.6627, 1.5 0.0287 0.6624, 1.5 0.049 0.6481, 1.5 0.0445 0.6473, 1.5 0.0484 0.6785, 1.5 0.0437 0.6791, 1.5 0.0419 0.679, 1.5 0.0385 0.6783, 1.5 0.0514 0.6775, 1.5 0.0354 0.6768, 1.5 0.0329 0.6747, 1.5 0.0293 0.6575, 1.5 0.0306 0.6542, 1.5 0.0326 0.6514, 1.5 0.0362 0.6487, 1.5 0.0391 0.6476, 1.5 0.0428 0.6472, 1.5 0.0336 0.6505, 1.5 0.0477 0.6834, 1.5 0.0491 0.6832, 1.5 0.0514 0.6834, 1.5 0.0514 0.6826, 1.5 0.053 0.6821, 1.5 0.044 0.6837, 1.5 0.0514 0.9843, 1.5 0.0436 0.6837, 1.5 0.0251 0.9843, 1.5 0.0409 0.6834, 1.5 0.0338 0.6814, 1.5 0.0379 0.683, 1.5 0.0251 0.6834, 1.5 0.0263 0.6743, 1.5 0.029 0.6779, 1.5 0.0299 0.6787, 1.5 0.0227 0.6834, 1.5 0.0244 0.6699, 1.5 0.0251 0.6716, 1.5 0.024 0.6563, 1.5 0.0227 0.643, 1.5 0.0233 0.6624, 1.5 0.0234 0.6648, 1.5 0.0351 0.6437, 1.5 0.0314 0.6455, 1.5 0.0284 0.6481, 1.5 0.0279 0.6486, 1.5 0.0385 0.643, 1.5 0.0251 0.6313, 1.5 0.0394 0.6428, 1.5 0.0421 0.6426, 1.5 0.0452 0.643, 1.5 0.053 0.645, 1.5 0.0514 0.643, 1.5 0.0514 0.6443, 1.5 0.0487 0.6434, 1.5 0.0289 0.5939, 1.5 0.0296 0.6018, 1.5 0.0279 0.5924, 1.5 0.0272 0.5907, 1.5 0.0251 0.58, 1.5 0.0277 0.584, 1.5 0.0271 0.5856, 1.5 0.0424 0.609, 1.5 0.0445 0.6084, 1.5 0.0462 0.6075, 1.5 0.0475 0.6062, 1.5 0.0485 0.6046, 1.5 0.0305 0.5952, 1.5 0.0326 0.5963, 1.5 0.0328 0.6039, 1.5 0.0363 0.5972, 1.5 0.0406 0.6051, 1.5 0.0389 0.6053, 1.5 0.0359 0.605, 1.5 0.031 0.5807, 1.5 0.0293 0.5819, 1.5 0.0287 0.5824, 1.5 0.0447 0.5847, 1.5 0.0445 0.5847, 1.5 0.0447 0.5803, 1.5 0.0438 0.5835, 1.5 0.0422 0.5818, 1.5 0.0269 0.5879, 1.5 0.0269 0.5886, 1.5 0.0296 0.6067, 1.5 0.031 0.6074, 1.5 0.0347 0.6088, 1.5 0.0394 0.6093, 1.5 0.0493 0.6023, 1.5 0.0497 0.5986, 1.5 0.0497 0.5803, 1.5 0.0447 0.5983, 1.5 0.0445 0.6005, 1.5 0.044 0.6023, 1.5 0.0434 0.6033, 1.5 0.0427 0.6041, 1.5 0.0418 0.6047, 1.5 0.0386 0.58, 1.5 0.0384 0.5799, 1.5 0.0514 0.5642, 1.5 0.0251 0.5642, 1.5 0.0359 0.5796, 1.5 0.033 0.58, 1.5 0.0329 0.58, 1.5 0.0861 0.5884, 1.5 0.0782 0.6087, 1.5 0.0837 0.6087, 1.5 0.0891 0.58, 1.5 0.0893 0.5804, 1.5 0.0861 0.5734, 1.5 0.0861 0.5734, 1.5 0.0861 0.58, 1.5 0.0871 0.5752, 1.5 0.0792 0.5718, 1.5 0.0792 0.5673, 1.5 0.0802 0.5714, 1.5 0.082 0.5712, 1.5 0.0832 0.5713, 1.5 0.0861 0.5678, 1.5 0.0844 0.5672, 1.5 0.0861 0.5642, 1.5 0.0824 0.5669, 1.5 0.0813 0.567, 1.5 0.0843 0.5717, 1.5 0.0852 0.5724, 1.5 0.0925 0.576, 1.5 0.0903 0.5716, 1.5 0.1233 0.5642, 1.5 0.0941 0.58, 1.5 0.0884 0.5694, 1.5 0.0881 0.5691, 1.5 0.0864 0.5679, 1.5 0.1359 0.5642, 1.5 0.1233 0.1969, 1.5 0.0861 0.1969, 1.5 0.0769 0.1969, 1.5 0.0587 0.1969, 1.5 0.0514 0.1969, 1.5 0.0251 0.1969, 1.5 0.0404 0.5806, 1.5 0.227 0.58, 1.5 0.1731 0.58, 1.5 0.0007 0.62, 1.5 0.0007 0.5803, 1.5 0.0227 0.58, 1.5 0.0227 0.5642, 1.5 0.0227 0.1969, 1.5 0.0212 0.62, 1.5 0.0227 0.6313, 1.5 0.0212 0.6155, 1.5 0.0221 0.5848, 1.5 0.0221 0.5803, 1.5 0.0059 0.5982, 1.5 0.0059 0.5848, 1.5 0.0201 0.5982, 1.5 0.0201 0.6027, 1.5 0.0059 0.6027, 1.5 0.0059 0.6155, 1.5 0.1396 0.5803, 1.5 0.1718 0.5978, 1.5 0.1708 0.5932, 1.5 0.172 0.6007, 1.5 0.1731 0.6313, 1.5 0.1713 0.6063, 1.5 0.1688 0.5892, 1.5 0.166 0.5859, 1.5 0.1653 0.5853, 1.5 0.1614 0.5827, 1.5 0.1568 0.581, 1.5 0.1505 0.5803, 1.5 0.1396 0.62, 1.5 0.1509 0.62, 1.5 0.1568 0.6194, 1.5 0.1616 0.6177, 1.5 0.166 0.6148, 1.5 0.1673 0.6135, 1.5 0.1698 0.61, 1.5 0.2002 0.5912, 1.5 0.1836 0.5912, 1.5 0.2042 0.5803, 1.5 0.1798 0.5803, 1.5 0.2099 0.5803, 1.5 0.1742 0.5803, 1.5 0.1893 0.62, 1.5 0.227 0.6313, 1.5 0.1948 0.62, 1.5 0.227 0.643, 1.5 0.0007 0.6433, 1.5 0.0007 0.683, 1.5 0.0217 0.6433, 1.5 0.121 0.6563, 1.5 0.119 0.6522, 1.5 0.1221 0.6609, 1.5 0.1222 0.6637, 1.5 0.1215 0.6693, 1.5 0.1162 0.6489, 1.5 0.1156 0.6483, 1.5 0.1117 0.6457, 1.5 0.1012 0.683, 1.5 0.1071 0.644, 1.5 0.1008 0.6433, 1.5 0.0899 0.6433, 1.5 0.0899 0.683, 1.5 0.107 0.6824, 1.5 0.1118 0.6807, 1.5 0.1162 0.6778, 1.5 0.1176 0.6765, 1.5 0.12 0.673, 1.5 0.227 0.6834, 1.5 0.1731 0.6834, 1.5 0.1395 0.683, 1.5 0.2441 0.58, 1.5 0.2441 0.6313, 1.5 0.2441 0.643, 1.5 0.2441 0.6834, 1.5 0.0227 0.9843, 1.5 0.2441 0.9843, 1.5 0.227 0.9843, 1.5 0.1731 0.9843, 1.5 0.1359 0.9843, 1.5 0.1233 0.9843, 1.5 0.0861 0.9843, 1.5 0.0769 0.9843, 1.5 0.0587 0.9843, 1.126 -0.0866 0.9843, 1.126 0.0866 0.9843, 1.1246 0.0968 0.9843, 0.8937 0.1207 0.9843, 0.7559 0.5 0.9843, 0.8855 0.1145 0.9843, 0.5 0.2441 0.9843, 0.8793 0.1063 0.9843, 0.8754 0.0968 0.9843, 1.1246 -0.0968 0.9843, 1.1207 -0.1063 0.9843, 1.2441 -0.5 0.9843, 1.1145 -0.1145 0.9843, 1.1063 -0.1207 0.9843, 1.0968 0.1246 0.9843, 1.1063 0.1207 0.9843, 1.2441 0.5 0.9843, 1.1145 0.1145 0.9843, 1.1207 0.1063 0.9843, 0.8793 -0.1063 0.9843, 0.5 -0.2441 0.9843, 0.8855 -0.1145 0.9843, 0.7559 -0.5 0.9843, 0.8937 -0.1207 0.9843, 0.9032 -0.1246 0.9843, 0.8754 -0.0968 0.9843, 0.874 -0.0866 0.9843, 0.874 0.0866 0.9843, 0.9032 0.1246 0.9843, 0.9134 0.126 0.9843, 1.0866 0.126 0.9843, 1.0968 -0.1246 0.9843, 1.0866 -0.126 0.9843, 0.9134 -0.126 0.9843, 0.5 -0.2441 0.1969, 0.5 0.2441 0.1969, 0.874 0.0866 0.1969, 0.8855 -0.1145 0.1969, 0.8937 -0.1207 0.1969, 0.5591 -0.3031 0.1969, 1.4409 0.3031 0.1969, 1.1246 0.0968 0.1969, 0.874 -0.0866 0.1969, 0.8754 -0.0968 0.1969, 0.8793 -0.1063 0.1969, 1.0968 -0.1246 0.1969, 1.1063 -0.1207 0.1969, 1.4409 -0.3031 0.1969, 1.1207 0.1063 0.1969, 1.1145 0.1145 0.1969, 1.1063 0.1207 0.1969, 1.1145 -0.1145 0.1969, 1.1207 -0.1063 0.1969, 0.9032 0.1246 0.1969, 0.8937 0.1207 0.1969, 0.5591 0.3031 0.1969, 0.8855 0.1145 0.1969, 0.8793 0.1063 0.1969, 0.8754 0.0968 0.1969, 1.1246 -0.0968 0.1969, 1.126 -0.0866 0.1969, 1.126 0.0866 0.1969, 0.9032 -0.1246 0.1969, 0.9134 -0.126 0.1969, 1.0866 -0.126 0.1969, 1.0968 0.1246 0.1969, 1.0866 0.126 0.1969, 0.9134 0.126 0.1969, 0.5591 0.3031 0.0, 0.7559 0.5 0.0, 1.4409 0.3031 0.0, 1.2441 0.5 0.0, 0.7559 -0.5 0.0, 1.2441 -0.5 0.0, 1.4409 -0.3031 0.0, 0.5591 -0.3031 0.0, 0.5591 -0.3031 0.0
            ]
        }
        coordIndex [
            0,1,2,-1,3,4,5,-1,6,3,7,-1,8,6,9,-1,10,11,12,-1,13,14,15,-1,16,17,18,-1,19,20,21,-1,22,23,24,-1,24,23,25,-1,26,27,24,-1,24,27,28,-1,24,28,29,-1,29,30,24,-1,24,30,31,-1,24,31,22,-1,32,33,34,-1,34,33,35,-1,35,33,36,-1,35,36,37,-1,38,39,40,-1,41,42,38,-1,38,42,43,-1,38,43,44,-1,32,34,45,-1,45,34,38,-1,45,38,46,-1,46,38,40,-1,46,40,47,-1,47,40,48,-1,47,48,49,-1,44,50,38,-1,38,50,51,-1,38,51,39,-1,52,53,54,-1,54,53,55,-1,54,55,56,-1,56,57,54,-1,54,57,58,-1,54,58,59,-1,59,58,60,-1,60,61,59,-1,59,61,62,-1,59,62,41,-1,41,62,63,-1,41,63,42,-1,64,65,66,-1,66,67,64,-1,64,67,68,-1,64,68,54,-1,54,68,69,-1,54,69,52,-1,65,64,70,-1,70,64,71,-1,70,71,72,-1,73,74,75,-1,75,76,73,-1,73,76,77,-1,73,77,78,-1,78,79,73,-1,73,79,80,-1,73,80,81,-1,81,80,82,-1,81,82,71,-1,71,82,83,-1,71,83,72,-1,84,85,86,-1,87,88,89,-1,90,91,92,-1,92,91,93,-1,87,89,94,-1,95,96,74,-1,97,98,91,-1,91,98,99,-1,91,99,100,-1,95,74,101,-1,88,102,89,-1,89,102,103,-1,89,103,104,-1,86,85,74,-1,74,85,105,-1,74,105,101,-1,106,107,108,-1,108,107,109,-1,108,109,100,-1,100,109,110,-1,111,112,113,-1,113,112,114,-1,113,114,89,-1,89,114,115,-1,89,115,94,-1,106,116,107,-1,107,116,117,-1,107,117,118,-1,118,117,119,-1,118,119,120,-1,121,122,75,-1,75,122,123,-1,75,123,124,-1,124,125,75,-1,75,125,126,-1,75,126,127,-1,127,126,111,-1,127,111,128,-1,128,111,113,-1,110,129,100,-1,100,129,130,-1,100,130,91,-1,91,130,131,-1,91,131,93,-1,132,133,89,-1,89,133,134,-1,89,134,91,-1,91,134,135,-1,91,135,97,-1,96,136,74,-1,74,136,137,-1,74,137,75,-1,75,137,138,-1,75,138,121,-1,104,139,89,-1,89,139,140,-1,89,140,141,-1,141,142,89,-1,89,142,143,-1,89,143,132,-1,144,145,146,-1,145,100,146,-1,146,100,99,-1,146,99,147,-1,147,99,148,-1,148,149,147,-1,147,149,150,-1,147,150,151,-1,152,153,154,-1,153,155,154,-1,154,155,156,-1,154,156,157,-1,158,154,159,-1,144,146,158,-1,158,146,160,-1,158,160,154,-1,154,160,161,-1,154,161,152,-1,159,162,158,-1,158,162,163,-1,158,163,164,-1,157,156,165,-1,165,156,166,-1,165,166,167,-1,167,166,168,-1,167,168,169,-1,170,171,164,-1,164,171,172,-1,164,172,158,-1,23,173,25,-1,25,173,174,-1,25,174,86,-1,86,174,175,-1,86,175,84,-1,21,20,176,-1,176,20,177,-1,176,177,178,-1,179,180,181,-1,182,183,184,-1,184,183,185,-1,184,185,178,-1,186,187,188,-1,188,187,189,-1,188,189,180,-1,180,189,190,-1,180,190,181,-1,181,190,191,-1,181,191,192,-1,192,191,193,-1,192,193,194,-1,195,196,197,-1,198,199,200,-1,200,199,201,-1,200,201,202,-1,202,201,195,-1,202,195,203,-1,203,195,197,-1,204,205,206,-1,207,208,209,-1,210,211,204,-1,211,212,204,-1,204,212,213,-1,204,213,205,-1,205,213,214,-1,207,209,204,-1,204,209,215,-1,204,215,210,-1,216,217,218,-1,218,217,219,-1,218,219,206,-1,206,219,220,-1,206,220,204,-1,221,222,17,-1,17,222,223,-1,17,223,18,-1,224,225,18,-1,226,227,228,-1,229,230,18,-1,18,230,231,-1,214,232,205,-1,205,232,233,-1,205,233,228,-1,228,233,234,-1,228,234,226,-1,227,235,228,-1,228,235,236,-1,228,236,237,-1,237,236,238,-1,237,238,224,-1,239,240,225,-1,225,240,241,-1,225,241,18,-1,18,241,242,-1,18,242,229,-1,231,243,18,-1,18,243,244,-1,18,244,16,-1,245,246,247,-1,247,246,248,-1,247,248,249,-1,247,250,245,-1,245,250,251,-1,245,251,252,-1,252,253,245,-1,245,253,254,-1,245,254,255,-1,255,254,256,-1,255,256,257,-1,257,256,258,-1,257,258,225,-1,225,258,259,-1,225,259,239,-1,260,261,249,-1,249,261,262,-1,249,262,247,-1,263,264,208,-1,208,264,265,-1,208,265,209,-1,263,266,264,-1,264,266,267,-1,264,267,268,-1,268,267,269,-1,268,270,271,-1,269,272,268,-1,268,272,273,-1,268,273,274,-1,274,275,268,-1,268,275,276,-1,268,276,270,-1,271,277,268,-1,268,277,278,-1,268,278,279,-1,280,281,282,-1,282,281,13,-1,282,13,283,-1,283,13,15,-1,15,284,283,-1,283,284,285,-1,283,285,286,-1,286,285,287,-1,286,287,288,-1,288,287,289,-1,288,289,290,-1,291,292,293,-1,293,292,294,-1,293,295,291,-1,291,295,296,-1,291,296,297,-1,297,296,298,-1,297,298,299,-1,300,301,302,-1,302,301,303,-1,302,303,304,-1,304,303,296,-1,304,296,305,-1,305,296,295,-1,305,295,306,-1,306,295,307,-1,306,307,308,-1,308,307,309,-1,294,292,310,-1,310,292,311,-1,310,311,312,-1,298,313,299,-1,299,313,312,-1,299,312,314,-1,314,312,311,-1,314,311,315,-1,316,315,317,-1,318,319,320,-1,320,319,321,-1,318,322,319,-1,319,322,323,-1,319,323,324,-1,324,323,325,-1,326,327,319,-1,319,327,328,-1,319,328,329,-1,316,317,319,-1,319,317,330,-1,319,330,326,-1,329,331,319,-1,319,331,332,-1,319,332,321,-1,333,334,335,-1,336,337,323,-1,323,337,338,-1,323,338,325,-1,333,335,323,-1,323,335,339,-1,323,339,336,-1,340,341,342,-1,342,341,343,-1,342,343,311,-1,311,343,344,-1,311,344,315,-1,345,346,347,-1,347,346,348,-1,347,348,349,-1,350,351,352,-1,353,354,352,-1,352,354,355,-1,352,355,350,-1,356,357,352,-1,352,357,358,-1,352,358,353,-1,11,359,360,-1,360,359,361,-1,360,361,356,-1,356,361,362,-1,356,362,357,-1,363,364,12,-1,364,365,12,-1,12,365,366,-1,12,366,10,-1,363,12,367,-1,367,12,368,-1,367,368,369,-1,369,368,370,-1,370,368,205,-1,370,205,371,-1,315,316,314,-1,314,316,372,-1,314,372,373,-1,373,372,374,-1,373,374,375,-1,376,377,378,-1,378,377,379,-1,380,381,382,-1,383,384,205,-1,384,385,205,-1,205,385,386,-1,205,386,387,-1,376,388,377,-1,377,388,389,-1,377,389,390,-1,390,389,391,-1,392,393,391,-1,391,393,394,-1,391,394,390,-1,395,396,380,-1,380,396,397,-1,380,397,381,-1,398,399,400,-1,400,399,401,-1,400,401,402,-1,382,403,380,-1,380,403,404,-1,380,404,368,-1,368,404,379,-1,368,379,405,-1,405,379,377,-1,405,406,368,-1,368,406,407,-1,368,407,205,-1,205,407,408,-1,205,408,383,-1,387,409,205,-1,205,409,410,-1,205,410,206,-1,206,410,411,-1,206,411,400,-1,412,413,391,-1,391,413,414,-1,391,414,415,-1,415,416,391,-1,391,416,417,-1,391,417,392,-1,418,419,420,-1,420,419,421,-1,419,422,421,-1,421,422,423,-1,421,423,380,-1,380,423,424,-1,380,424,395,-1,425,426,18,-1,224,18,237,-1,237,18,426,-1,237,426,199,-1,199,426,427,-1,199,427,201,-1,428,429,425,-1,430,431,432,-1,432,431,433,-1,432,433,428,-1,428,425,432,-1,432,425,18,-1,432,18,434,-1,434,18,223,-1,434,223,435,-1,434,436,432,-1,432,436,437,-1,432,437,438,-1,439,440,441,-1,441,440,442,-1,441,442,223,-1,223,442,443,-1,223,443,435,-1,438,444,432,-1,432,444,445,-1,432,445,430,-1,446,447,448,-1,446,448,449,-1,447,450,448,-1,448,450,451,-1,448,451,441,-1,441,451,452,-1,441,452,439,-1,8,453,454,-1,454,453,448,-1,454,448,455,-1,455,448,441,-1,455,441,456,-1,456,441,223,-1,456,223,457,-1,457,223,222,-1,457,222,458,-1,458,222,420,-1,458,420,459,-1,459,420,421,-1,221,216,222,-1,222,216,218,-1,222,218,420,-1,420,218,206,-1,420,206,418,-1,418,206,400,-1,418,400,460,-1,460,400,402,-1,453,181,448,-1,448,181,192,-1,448,192,449,-1,449,192,194,-1,449,194,198,-1,198,194,19,-1,198,19,199,-1,199,19,21,-1,6,7,9,-1,9,7,461,-1,9,461,462,-1,463,86,464,-1,464,86,74,-1,464,74,465,-1,465,74,73,-1,465,73,466,-1,466,73,81,-1,466,81,467,-1,463,468,469,-1,468,470,469,-1,469,470,471,-1,469,471,465,-1,465,471,472,-1,465,472,464,-1,473,474,475,-1,475,474,471,-1,475,471,476,-1,476,471,470,-1,476,470,477,-1,477,470,478,-1,185,179,178,-1,178,179,181,-1,178,181,176,-1,176,181,479,-1,480,481,462,-1,480,462,482,-1,482,462,483,-1,482,483,484,-1,481,485,462,-1,462,485,486,-1,462,486,487,-1,487,488,462,-1,462,488,489,-1,462,489,490,-1,8,9,453,-1,453,9,462,-1,453,462,181,-1,181,462,490,-1,181,490,479,-1,479,491,176,-1,176,491,492,-1,176,492,483,-1,492,493,483,-1,483,493,494,-1,483,494,495,-1,495,496,483,-1,483,496,497,-1,483,497,484,-1,498,499,500,-1,500,499,501,-1,502,500,461,-1,461,500,501,-1,461,501,462,-1,462,501,503,-1,462,503,483,-1,483,503,504,-1,483,504,505,-1,505,504,506,-1,505,506,461,-1,461,506,502,-1,11,360,12,-1,12,360,469,-1,12,469,368,-1,368,469,465,-1,368,465,380,-1,380,465,466,-1,380,466,421,-1,421,466,467,-1,421,467,459,-1,505,507,483,-1,483,507,282,-1,483,282,176,-1,176,282,283,-1,176,283,21,-1,21,283,286,-1,21,286,199,-1,199,286,297,-1,199,297,237,-1,237,297,299,-1,237,299,228,-1,228,299,314,-1,228,314,205,-1,205,314,373,-1,205,373,371,-1,371,373,375,-1,463,469,86,-1,86,469,360,-1,86,360,25,-1,25,360,508,-1,25,508,24,-1,508,509,24,-1,24,509,0,-1,24,0,356,-1,356,0,2,-1,356,2,360,-1,360,2,510,-1,360,510,508,-1,511,512,286,-1,511,286,513,-1,513,286,514,-1,514,286,288,-1,514,288,515,-1,512,516,286,-1,286,516,517,-1,286,517,518,-1,519,288,291,-1,518,520,286,-1,286,520,521,-1,286,521,297,-1,297,521,522,-1,297,522,291,-1,291,522,523,-1,291,523,519,-1,519,524,288,-1,288,524,525,-1,288,525,526,-1,526,527,288,-1,288,527,528,-1,288,528,515,-1,507,529,282,-1,282,529,530,-1,282,530,280,-1,280,530,290,-1,280,290,531,-1,531,290,289,-1,3,5,7,-1,7,5,532,-1,7,532,461,-1,461,532,533,-1,461,533,505,-1,505,533,534,-1,505,534,507,-1,507,534,535,-1,507,535,529,-1,351,349,352,-1,352,349,348,-1,352,348,356,-1,356,348,536,-1,356,536,24,-1,24,536,35,-1,24,35,26,-1,26,35,37,-1,535,537,529,-1,529,537,538,-1,529,538,530,-1,530,538,539,-1,530,539,290,-1,290,539,540,-1,290,540,288,-1,288,540,541,-1,288,541,291,-1,291,541,542,-1,291,542,292,-1,292,542,543,-1,292,543,311,-1,311,543,544,-1,311,544,342,-1,342,544,346,-1,342,346,340,-1,340,346,345,-1,545,34,546,-1,546,34,537,-1,546,537,547,-1,548,549,550,-1,550,549,551,-1,550,551,552,-1,552,551,553,-1,545,554,34,-1,34,554,555,-1,34,555,556,-1,556,555,557,-1,556,557,558,-1,559,560,561,-1,561,560,562,-1,561,562,537,-1,537,562,563,-1,537,563,547,-1,564,565,566,-1,566,565,567,-1,566,567,568,-1,568,567,569,-1,564,570,565,-1,565,570,571,-1,565,571,551,-1,551,571,572,-1,551,572,553,-1,548,573,549,-1,549,573,574,-1,549,574,561,-1,561,574,575,-1,561,575,559,-1,558,576,556,-1,556,576,577,-1,556,577,567,-1,567,577,578,-1,567,578,569,-1,579,580,581,-1,582,583,584,-1,585,4,586,-1,581,587,579,-1,579,587,588,-1,579,588,584,-1,584,588,589,-1,584,589,582,-1,590,591,592,-1,586,593,585,-1,585,593,594,-1,585,594,595,-1,591,596,592,-1,592,596,597,-1,592,597,71,-1,598,599,600,-1,599,601,600,-1,600,601,602,-1,600,602,580,-1,580,602,603,-1,580,603,581,-1,597,604,71,-1,71,604,605,-1,71,605,4,-1,4,605,606,-1,4,606,586,-1,583,607,584,-1,584,607,608,-1,584,608,592,-1,592,608,609,-1,592,609,590,-1,595,610,585,-1,585,610,611,-1,585,611,600,-1,600,611,612,-1,600,612,598,-1,613,614,615,-1,615,614,616,-1,549,561,614,-1,614,561,616,-1,579,565,580,-1,580,565,551,-1,617,618,567,-1,567,618,556,-1,619,618,620,-1,620,618,617,-1,620,617,584,-1,584,617,567,-1,584,567,579,-1,579,567,565,-1,71,34,592,-1,592,34,556,-1,592,556,619,-1,619,556,618,-1,580,551,600,-1,600,551,549,-1,600,549,613,-1,613,549,614,-1,615,616,585,-1,585,616,561,-1,585,561,4,-1,4,561,537,-1,615,585,613,-1,613,585,600,-1,592,619,584,-1,584,619,620,-1,
        ]
    }
}
Shape{
    appearance Appearance {
        material  Material 	{
            diffuseColor 0.9686274509803922 0.8784313725490196 0.6
            specularColor 0.6784313725490196 0.615686274509804 0.4196078431372549
            ambientIntensity 0.2
            transparency 0
            shininess 0.5
        }
    }
    geometry IndexedFaceSet {
        ccw TRUE
        solid FALSE
        coord DEF co Coordinate {
            point [
                0.9331 -0.0669 -1.1811, 0.9331 0.0669 -1.1811, 1.0669 -0.0669 -1.1811, 1.0669 0.0669 -1.1811, 0.874 0.0866 -0.9607, 0.874 -0.0866 -0.9607, 0.874 0.0866 0.1969, 0.874 -0.0866 0.1969, 1.126 0.0866 0.1969, 1.126 -0.0866 0.1969, 1.126 0.0866 -0.9607, 1.126 -0.0866 -0.9607, 0.9134 -0.126 -0.9607, 1.0866 -0.126 -0.9607, 0.9134 -0.126 0.1969, 1.0866 -0.126 0.1969, 0.9134 0.126 0.1969, 1.0866 0.126 0.1969, 0.9134 0.126 -0.9607, 1.0866 0.126 -0.9607, 1.0866 0.126 0.9843, 0.9134 0.126 0.9843, 1.0866 0.126 3.1261, 0.9134 0.126 3.1261, 0.9331 0.0669 3.3465, 0.9331 -0.0669 3.3465, 1.0669 0.0669 3.3465, 1.0669 -0.0669 3.3465, 0.9134 -0.126 0.9843, 1.0866 -0.126 0.9843, 0.9134 -0.126 3.1261, 1.0866 -0.126 3.1261, 1.126 0.0866 3.1261, 1.126 -0.0866 3.1261, 1.126 0.0866 0.9843, 1.126 -0.0866 0.9843, 0.874 -0.0866 3.1261, 0.874 0.0866 3.1261, 0.874 -0.0866 0.9843, 0.874 0.0866 0.9843, 1.1063 0.1207 -0.9804, 1.1145 0.1145 -1.0037, 1.0918 0.1256 -0.962, 1.0943 0.1252 -0.9635, 1.0892 0.1259 -0.961, 0.8855 0.1145 -1.0037, 0.8937 0.1207 -0.9804, 0.8983 0.123 -0.9719, 1.0968 0.1246 -0.9657, 1.1017 0.123 -0.9719, 0.9032 0.1246 -0.9657, 0.9057 0.1252 -0.9635, 0.9082 0.1256 -0.962, 0.9108 0.1259 -0.961, 1.1207 -0.1063 -0.9804, 1.1145 -0.1145 -1.0037, 1.1207 0.1063 -0.9804, 1.123 0.1017 -0.9719, 1.1256 -0.0918 -0.962, 1.1252 -0.0943 -0.9635, 1.1246 0.0968 -0.9657, 1.1252 0.0943 -0.9635, 1.1256 0.0918 -0.962, 1.1259 -0.0892 -0.961, 1.1259 0.0892 -0.961, 1.1246 -0.0968 -0.9657, 1.123 -0.1017 -0.9719, 0.8793 0.1063 -0.9804, 0.8744 0.0918 -0.962, 0.8748 0.0943 -0.9635, 0.8741 0.0892 -0.961, 0.8855 -0.1145 -1.0037, 0.8793 -0.1063 -0.9804, 0.877 -0.1017 -0.9719, 0.8754 0.0968 -0.9657, 0.877 0.1017 -0.9719, 0.8754 -0.0968 -0.9657, 0.8748 -0.0943 -0.9635, 0.8744 -0.0918 -0.962, 0.8741 -0.0892 -0.961, 0.8937 -0.1207 -0.9804, 0.9082 -0.1256 -0.962, 0.9057 -0.1252 -0.9635, 0.9108 -0.1259 -0.961, 1.1063 -0.1207 -0.9804, 1.1017 -0.123 -0.9719, 0.9032 -0.1246 -0.9657, 0.8983 -0.123 -0.9719, 1.0968 -0.1246 -0.9657, 1.0943 -0.1252 -0.9635, 1.0918 -0.1256 -0.962, 1.0892 -0.1259 -0.961, 1.1063 -0.1207 3.1457, 1.1145 -0.1145 3.1691, 1.0918 -0.1256 3.1273, 1.0943 -0.1252 3.1289, 1.0892 -0.1259 3.1264, 0.8855 -0.1145 3.1691, 0.8937 -0.1207 3.1457, 0.8983 -0.123 3.1372, 1.0968 -0.1246 3.1311, 1.1017 -0.123 3.1372, 0.9032 -0.1246 3.1311, 0.9057 -0.1252 3.1289, 0.9082 -0.1256 3.1273, 0.9108 -0.1259 3.1264, 1.1207 0.1063 3.1457, 1.1145 0.1145 3.1691, 1.1207 -0.1063 3.1457, 1.123 -0.1017 3.1372, 1.1256 0.0918 3.1273, 1.1252 0.0943 3.1289, 1.1246 -0.0968 3.1311, 1.1252 -0.0943 3.1289, 1.1256 -0.0918 3.1273, 1.1259 0.0892 3.1264, 1.1259 -0.0892 3.1264, 1.1246 0.0968 3.1311, 1.123 0.1017 3.1372, 0.8793 -0.1063 3.1457, 0.8855 0.1145 3.1691, 0.8793 0.1063 3.1457, 0.877 0.1017 3.1372, 0.8744 -0.0918 3.1273, 0.8748 -0.0943 3.1289, 0.8754 0.0968 3.1311, 0.8748 0.0943 3.1289, 0.8744 0.0918 3.1273, 0.8741 -0.0892 3.1264, 0.8741 0.0892 3.1264, 0.8754 -0.0968 3.1311, 0.877 -0.1017 3.1372, 0.8937 0.1207 3.1457, 0.9082 0.1256 3.1273, 0.9057 0.1252 3.1289, 0.9108 0.1259 3.1264, 1.1063 0.1207 3.1457, 1.1017 0.123 3.1372, 0.9032 0.1246 3.1311, 0.8983 0.123 3.1372, 1.0968 0.1246 3.1311, 1.0943 0.1252 3.1289, 1.0918 0.1256 3.1273, 1.0892 0.1259 3.1264, 0.8754 0.0968 0.1969, 0.8793 0.1063 0.1969, 0.8855 0.1145 0.1969, 0.8937 0.1207 0.1969, 0.9032 0.1246 0.1969, 0.9032 -0.1246 0.1969, 0.8937 -0.1207 0.1969, 0.8855 -0.1145 0.1969, 0.8793 -0.1063 0.1969, 0.8754 -0.0968 0.1969, 0.9032 -0.1246 0.9843, 0.8937 -0.1207 0.9843, 0.8754 -0.0968 0.9843, 0.8855 -0.1145 0.9843, 0.8793 -0.1063 0.9843, 1.0968 0.1246 0.1969, 1.1063 0.1207 0.1969, 1.1145 0.1145 0.1969, 1.1207 0.1063 0.1969, 1.1246 0.0968 0.1969, 1.0968 0.1246 0.9843, 1.1063 0.1207 0.9843, 1.1246 0.0968 0.9843, 1.1145 0.1145 0.9843, 1.1207 0.1063 0.9843, 1.1246 -0.0968 0.1969, 1.1207 -0.1063 0.1969, 1.1145 -0.1145 0.1969, 1.1063 -0.1207 0.1969, 1.0968 -0.1246 0.1969, 1.1246 -0.0968 0.9843, 1.1207 -0.1063 0.9843, 1.0968 -0.1246 0.9843, 1.1145 -0.1145 0.9843, 1.1063 -0.1207 0.9843, 0.8754 0.0968 0.9843, 0.8793 0.1063 0.9843, 0.9032 0.1246 0.9843, 0.8855 0.1145 0.9843, 0.8937 0.1207 0.9843, 0.8937 0.1207 0.9843
            ]
        }
        coordIndex [
            0,1,2,-1,2,1,3,-1,4,5,6,-1,6,5,7,-1,8,9,10,-1,10,9,11,-1,12,13,14,-1,14,13,15,-1,16,17,18,-1,18,17,19,-1,20,21,22,-1,22,21,23,-1,24,25,26,-1,26,25,27,-1,28,29,30,-1,30,29,31,-1,32,33,34,-1,34,33,35,-1,36,37,38,-1,38,37,39,-1,40,41,3,-1,42,43,3,-1,42,3,44,-1,45,46,1,-1,1,46,47,-1,43,48,3,-1,3,48,49,-1,3,49,40,-1,47,50,1,-1,1,50,51,-1,1,51,52,-1,52,53,1,-1,1,53,18,-1,1,18,3,-1,3,18,19,-1,3,19,44,-1,54,55,2,-1,41,56,3,-1,3,56,57,-1,58,59,2,-1,57,60,3,-1,3,60,61,-1,3,61,62,-1,58,2,63,-1,62,64,3,-1,3,64,10,-1,3,10,2,-1,2,10,11,-1,2,11,63,-1,59,65,2,-1,2,65,66,-1,2,66,54,-1,67,45,1,-1,68,69,1,-1,68,1,70,-1,71,72,0,-1,0,72,73,-1,69,74,1,-1,1,74,75,-1,1,75,67,-1,73,76,0,-1,0,76,77,-1,0,77,78,-1,78,79,0,-1,0,79,5,-1,0,5,1,-1,1,5,4,-1,1,4,70,-1,80,71,0,-1,81,82,0,-1,81,0,83,-1,55,84,2,-1,2,84,85,-1,82,86,0,-1,0,86,87,-1,0,87,80,-1,85,88,2,-1,2,88,89,-1,2,89,90,-1,90,91,2,-1,2,91,13,-1,2,13,0,-1,0,13,12,-1,0,12,83,-1,92,93,27,-1,94,95,27,-1,94,27,96,-1,97,98,25,-1,25,98,99,-1,95,100,27,-1,27,100,101,-1,27,101,92,-1,99,102,25,-1,25,102,103,-1,25,103,104,-1,104,105,25,-1,25,105,30,-1,25,30,27,-1,27,30,31,-1,27,31,96,-1,106,107,26,-1,93,108,27,-1,27,108,109,-1,110,111,26,-1,109,112,27,-1,27,112,113,-1,27,113,114,-1,110,26,115,-1,114,116,27,-1,27,116,33,-1,27,33,26,-1,26,33,32,-1,26,32,115,-1,111,117,26,-1,26,117,118,-1,26,118,106,-1,119,97,25,-1,120,121,24,-1,24,121,122,-1,123,124,25,-1,122,125,24,-1,24,125,126,-1,24,126,127,-1,123,25,128,-1,127,129,24,-1,24,129,37,-1,24,37,25,-1,25,37,36,-1,25,36,128,-1,124,130,25,-1,25,130,131,-1,25,131,119,-1,132,120,24,-1,133,134,24,-1,133,24,135,-1,107,136,26,-1,26,136,137,-1,134,138,24,-1,24,138,139,-1,24,139,132,-1,137,140,26,-1,26,140,141,-1,26,141,142,-1,142,143,26,-1,26,143,22,-1,26,22,24,-1,24,22,23,-1,24,23,135,-1,4,6,70,-1,70,6,144,-1,70,144,68,-1,68,144,69,-1,67,75,144,-1,144,75,74,-1,144,74,69,-1,144,145,67,-1,67,145,146,-1,67,146,45,-1,45,146,147,-1,45,147,46,-1,16,18,148,-1,148,18,53,-1,148,53,52,-1,52,51,148,-1,148,51,50,-1,148,50,147,-1,147,50,47,-1,147,47,46,-1,12,14,83,-1,83,14,149,-1,83,149,81,-1,81,149,82,-1,80,87,149,-1,149,87,86,-1,149,86,82,-1,149,150,80,-1,80,150,151,-1,80,151,71,-1,71,151,152,-1,71,152,72,-1,7,5,153,-1,153,5,79,-1,153,79,78,-1,78,77,153,-1,153,77,76,-1,153,76,152,-1,152,76,73,-1,152,73,72,-1,28,30,154,-1,154,30,105,-1,154,105,104,-1,99,155,102,-1,102,155,154,-1,102,154,103,-1,103,154,104,-1,128,36,38,-1,128,38,123,-1,119,131,156,-1,156,131,130,-1,156,130,38,-1,38,130,124,-1,38,124,123,-1,99,98,155,-1,155,98,97,-1,155,97,157,-1,157,97,119,-1,157,119,158,-1,158,119,156,-1,19,17,44,-1,44,17,159,-1,44,159,42,-1,42,159,43,-1,40,49,159,-1,159,49,48,-1,159,48,43,-1,159,160,40,-1,40,160,161,-1,40,161,41,-1,41,161,162,-1,41,162,56,-1,8,10,163,-1,163,10,64,-1,163,64,62,-1,62,61,163,-1,163,61,60,-1,163,60,162,-1,162,60,57,-1,162,57,56,-1,20,22,164,-1,164,22,143,-1,164,143,142,-1,137,165,140,-1,140,165,164,-1,140,164,141,-1,141,164,142,-1,115,32,34,-1,115,34,110,-1,106,118,166,-1,166,118,117,-1,166,117,34,-1,34,117,111,-1,34,111,110,-1,137,136,165,-1,165,136,107,-1,165,107,167,-1,167,107,106,-1,167,106,168,-1,168,106,166,-1,11,9,63,-1,63,9,169,-1,63,169,58,-1,58,169,59,-1,54,66,169,-1,169,66,65,-1,169,65,59,-1,169,170,54,-1,54,170,171,-1,54,171,55,-1,55,171,172,-1,55,172,84,-1,15,13,173,-1,173,13,91,-1,173,91,90,-1,90,89,173,-1,173,89,88,-1,173,88,172,-1,172,88,85,-1,172,85,84,-1,35,33,174,-1,174,33,116,-1,174,116,114,-1,109,175,112,-1,112,175,174,-1,112,174,113,-1,113,174,114,-1,96,31,29,-1,96,29,94,-1,92,101,176,-1,176,101,100,-1,176,100,29,-1,29,100,95,-1,29,95,94,-1,109,108,175,-1,175,108,93,-1,175,93,177,-1,177,93,92,-1,177,92,178,-1,178,92,176,-1,39,37,179,-1,179,37,129,-1,179,129,127,-1,122,180,125,-1,125,180,179,-1,125,179,126,-1,126,179,127,-1,135,23,21,-1,135,21,133,-1,132,139,181,-1,181,139,138,-1,181,138,21,-1,21,138,134,-1,21,134,133,-1,122,121,180,-1,180,121,120,-1,180,120,182,-1,182,120,132,-1,182,132,183,-1,183,132,181,-1,
        ]
    }
}
Shape{
    appearance Appearance {
        material  Material 	{
            diffuseColor 1.0 1.0 1.0
            specularColor 0.5019607843137255 0.5019607843137255 0.5019607843137255
            ambientIntensity 0.2
            transparency 0
            shininess 0.5
        }
    }
    geometry IndexedFaceSet {
        ccw TRUE
        solid FALSE
        coord DEF co Coordinate {
            point [
                1.5004 0.0217 0.6478, 1.5004 0.0217 0.6433, 1.5 0.0217 0.6478, 1.5 0.0217 0.6433, 1.5004 0.0059 0.6478, 1.5 0.0059 0.6478, 1.5004 0.0059 0.683, 1.5 0.0059 0.683, 1.5004 0.0007 0.683, 1.5 0.0007 0.683, 1.5004 0.0007 0.6433, 1.5 0.0007 0.6433, 1.5004 0.0421 0.6426, 1.5 0.0421 0.6426, 1.5 0.0452 0.643, 1.5004 0.0487 0.6434, 1.5 0.0487 0.6434, 1.5 0.0514 0.6443, 1.5004 0.053 0.645, 1.5 0.053 0.645, 1.5004 0.053 0.6499, 1.5 0.053 0.6499, 1.5 0.0514 0.6491, 1.5004 0.049 0.6481, 1.5 0.049 0.6481, 1.5 0.0445 0.6473, 1.5004 0.0445 0.6473, 1.5 0.0428 0.6472, 1.5004 0.0428 0.6472, 1.5 0.0391 0.6476, 1.5004 0.0391 0.6476, 1.5 0.0362 0.6487, 1.5004 0.0362 0.6487, 1.5 0.0336 0.6505, 1.5004 0.0336 0.6505, 1.5 0.0326 0.6514, 1.5004 0.0326 0.6514, 1.5 0.0306 0.6542, 1.5004 0.0306 0.6542, 1.5 0.0293 0.6575, 1.5004 0.0293 0.6575, 1.5 0.0287 0.6624, 1.5004 0.0287 0.6624, 1.5 0.0287 0.6627, 1.5004 0.0287 0.6627, 1.5 0.0292 0.6678, 1.5004 0.0292 0.6678, 1.5 0.0305 0.6713, 1.5004 0.0305 0.6713, 1.5 0.0324 0.6741, 1.5004 0.0324 0.6741, 1.5 0.0329 0.6747, 1.5004 0.0329 0.6747, 1.5 0.0354 0.6768, 1.5004 0.0354 0.6768, 1.5 0.0385 0.6783, 1.5004 0.0385 0.6783, 1.5 0.0419 0.679, 1.5004 0.0419 0.679, 1.5 0.0437 0.6791, 1.5004 0.0437 0.6791, 1.5 0.0484 0.6785, 1.5 0.0514 0.6775, 1.5004 0.0524 0.6771, 1.5004 0.0484 0.6785, 1.5 0.0524 0.6771, 1.5 0.053 0.6767, 1.5004 0.053 0.6767, 1.5004 0.053 0.6821, 1.5 0.053 0.6821, 1.5 0.0436 0.6837, 1.5004 0.0436 0.6837, 1.5004 0.044 0.6837, 1.5 0.0514 0.6826, 1.5004 0.0491 0.6832, 1.5 0.0491 0.6832, 1.5 0.0477 0.6834, 1.5 0.044 0.6837, 1.5 0.0409 0.6834, 1.5004 0.0379 0.683, 1.5 0.0379 0.683, 1.5 0.0338 0.6814, 1.5004 0.0338 0.6814, 1.5 0.0299 0.6787, 1.5004 0.0299 0.6787, 1.5 0.029 0.6779, 1.5004 0.029 0.6779, 1.5 0.0263 0.6743, 1.5004 0.0263 0.6743, 1.5 0.0251 0.6716, 1.5004 0.0244 0.6699, 1.5 0.0244 0.6699, 1.5 0.0234 0.6648, 1.5004 0.0234 0.6648, 1.5 0.0233 0.6624, 1.5004 0.0233 0.6624, 1.5 0.024 0.6563, 1.5004 0.024 0.6563, 1.5 0.0251 0.6534, 1.5004 0.0256 0.6521, 1.5 0.0256 0.6521, 1.5 0.0279 0.6486, 1.5004 0.0279 0.6486, 1.5 0.0284 0.6481, 1.5004 0.0284 0.6481, 1.5 0.0351 0.6437, 1.5004 0.0314 0.6455, 1.5 0.0314 0.6455, 1.5 0.0385 0.643, 1.5004 0.0394 0.6428, 1.5004 0.0351 0.6437, 1.5 0.0394 0.6428, 1.5004 0.0824 0.6478, 1.5004 0.0824 0.6433, 1.5 0.0824 0.6478, 1.5 0.0824 0.6433, 1.5 0.0661 0.6478, 1.5004 0.0661 0.6478, 1.5 0.0769 0.6478, 1.5004 0.0661 0.6612, 1.5 0.0661 0.6612, 1.5 0.0803 0.6612, 1.5004 0.0803 0.6612, 1.5 0.0769 0.6612, 1.5004 0.0803 0.6658, 1.5 0.0803 0.6658, 1.5 0.0661 0.6658, 1.5004 0.0661 0.6658, 1.5 0.0769 0.6658, 1.5004 0.0661 0.6785, 1.5 0.0661 0.6785, 1.5 0.0815 0.6785, 1.5004 0.0815 0.6785, 1.5 0.0769 0.6785, 1.5004 0.0815 0.683, 1.5 0.0815 0.683, 1.5 0.061 0.683, 1.5004 0.061 0.683, 1.5 0.0769 0.683, 1.5004 0.061 0.6433, 1.5 0.061 0.6433, 1.5 0.0769 0.6433, 1.5004 0.1167 0.6613, 1.5004 0.1221 0.6609, 1.5004 0.1168 0.6635, 1.5004 0.1222 0.6637, 1.5004 0.1163 0.6681, 1.5004 0.1215 0.6693, 1.5004 0.1153 0.6711, 1.5004 0.12 0.673, 1.5004 0.1138 0.6734, 1.5004 0.1176 0.6765, 1.5004 0.1125 0.6747, 1.5004 0.1162 0.6778, 1.5004 0.1094 0.6767, 1.5004 0.1118 0.6807, 1.5004 0.1059 0.678, 1.5004 0.107 0.6824, 1.5004 0.101 0.6785, 1.5004 0.1012 0.683, 1.5004 0.095 0.6785, 1.5004 0.0899 0.683, 1.5004 0.095 0.6478, 1.5004 0.0899 0.6433, 1.5004 0.1008 0.6478, 1.5004 0.1008 0.6433, 1.5004 0.1058 0.6484, 1.5004 0.1071 0.644, 1.5004 0.1092 0.6496, 1.5004 0.1117 0.6457, 1.5004 0.1118 0.6513, 1.5004 0.1156 0.6483, 1.5004 0.1126 0.652, 1.5004 0.1162 0.6489, 1.5004 0.1146 0.6546, 1.5004 0.119 0.6522, 1.5004 0.116 0.6576, 1.5004 0.121 0.6563, 1.5 0.1008 0.6433, 1.5 0.0899 0.6433, 1.5 0.1071 0.644, 1.5 0.1117 0.6457, 1.5 0.1156 0.6483, 1.5 0.1162 0.6489, 1.5 0.119 0.6522, 1.5 0.121 0.6563, 1.5 0.1221 0.6609, 1.5 0.1222 0.6637, 1.5 0.1215 0.6693, 1.5 0.12 0.673, 1.5 0.1176 0.6765, 1.5 0.1162 0.6778, 1.5 0.1118 0.6807, 1.5 0.107 0.6824, 1.5 0.1012 0.683, 1.5 0.0899 0.683, 1.5 0.101 0.6785, 1.5 0.095 0.6785, 1.5 0.095 0.6478, 1.5 0.1008 0.6478, 1.5 0.1126 0.652, 1.5 0.1118 0.6513, 1.5 0.1092 0.6496, 1.5 0.1058 0.6484, 1.5 0.1168 0.6635, 1.5 0.1167 0.6613, 1.5 0.116 0.6576, 1.5 0.1146 0.6546, 1.5 0.1125 0.6747, 1.5 0.1138 0.6734, 1.5 0.1153 0.6711, 1.5 0.1163 0.6681, 1.5 0.1059 0.678, 1.5 0.1094 0.6767, 1.5 0.1094 0.6767
            ]
        }
        coordIndex [
            0,1,2,-1,2,1,3,-1,4,0,5,-1,5,0,2,-1,6,4,7,-1,7,4,5,-1,8,6,9,-1,9,6,7,-1,10,8,11,-1,11,8,9,-1,1,10,3,-1,3,10,11,-1,6,8,4,-1,4,8,10,-1,4,10,0,-1,0,10,1,-1,12,13,14,-1,12,14,15,-1,14,16,15,-1,15,16,17,-1,15,17,18,-1,18,17,19,-1,20,18,21,-1,21,18,19,-1,20,21,22,-1,20,22,23,-1,22,24,23,-1,23,24,25,-1,23,25,26,-1,26,25,27,-1,26,27,28,-1,28,27,29,-1,28,29,30,-1,30,29,31,-1,30,31,32,-1,32,31,33,-1,32,33,34,-1,34,33,35,-1,34,35,36,-1,36,35,37,-1,36,37,38,-1,38,37,39,-1,38,39,40,-1,40,39,41,-1,40,41,42,-1,42,41,43,-1,42,43,44,-1,44,43,45,-1,44,45,46,-1,46,45,47,-1,46,47,48,-1,48,47,49,-1,48,49,50,-1,50,49,51,-1,50,51,52,-1,52,51,53,-1,52,53,54,-1,54,53,55,-1,54,55,56,-1,56,55,57,-1,56,57,58,-1,58,57,59,-1,58,59,60,-1,60,59,61,-1,62,63,61,-1,61,63,64,-1,61,64,60,-1,62,65,63,-1,63,65,66,-1,63,66,67,-1,68,67,69,-1,69,67,66,-1,70,71,72,-1,68,69,73,-1,68,73,74,-1,73,75,74,-1,74,75,76,-1,74,76,72,-1,72,76,77,-1,72,77,70,-1,71,70,78,-1,71,78,79,-1,78,80,79,-1,79,80,81,-1,79,81,82,-1,82,81,83,-1,82,83,84,-1,84,83,85,-1,84,85,86,-1,86,85,87,-1,86,87,88,-1,88,87,89,-1,88,89,90,-1,89,91,90,-1,90,91,92,-1,90,92,93,-1,93,92,94,-1,93,94,95,-1,95,94,96,-1,95,96,97,-1,97,96,98,-1,97,98,99,-1,98,100,99,-1,99,100,101,-1,99,101,102,-1,102,101,103,-1,102,103,104,-1,105,106,107,-1,107,106,104,-1,107,104,103,-1,108,109,105,-1,105,109,110,-1,105,110,106,-1,108,111,109,-1,109,111,13,-1,109,13,12,-1,63,67,68,-1,38,40,97,-1,46,48,88,-1,97,40,95,-1,88,48,86,-1,63,68,64,-1,64,68,74,-1,64,74,60,-1,60,74,72,-1,60,72,58,-1,58,72,71,-1,58,71,56,-1,56,71,79,-1,56,79,54,-1,18,20,15,-1,15,20,23,-1,15,23,12,-1,79,82,54,-1,54,82,84,-1,54,84,52,-1,52,84,86,-1,52,86,50,-1,50,86,48,-1,97,99,38,-1,38,99,102,-1,38,102,36,-1,36,102,104,-1,36,104,34,-1,34,104,106,-1,34,106,32,-1,32,106,110,-1,32,110,30,-1,30,110,109,-1,30,109,28,-1,28,109,12,-1,28,12,26,-1,26,12,23,-1,40,42,95,-1,95,42,44,-1,95,44,93,-1,93,44,46,-1,93,46,90,-1,90,46,88,-1,112,113,114,-1,114,113,115,-1,116,117,118,-1,118,117,112,-1,118,112,114,-1,119,117,120,-1,120,117,116,-1,121,122,123,-1,123,122,119,-1,123,119,120,-1,124,122,125,-1,125,122,121,-1,126,127,128,-1,128,127,124,-1,128,124,125,-1,129,127,130,-1,130,127,126,-1,131,132,133,-1,133,132,129,-1,133,129,130,-1,134,132,135,-1,135,132,131,-1,136,137,138,-1,138,137,134,-1,138,134,135,-1,139,137,140,-1,140,137,136,-1,115,113,141,-1,141,113,139,-1,141,139,140,-1,139,113,112,-1,112,117,139,-1,139,117,119,-1,139,119,137,-1,132,134,129,-1,129,134,137,-1,129,137,127,-1,127,137,119,-1,127,119,124,-1,124,119,122,-1,142,143,144,-1,144,143,145,-1,144,145,146,-1,146,145,147,-1,146,147,148,-1,148,147,149,-1,148,149,150,-1,150,149,151,-1,150,151,152,-1,152,151,153,-1,152,153,154,-1,154,153,155,-1,154,155,156,-1,156,155,157,-1,156,157,158,-1,158,157,159,-1,158,159,160,-1,160,159,161,-1,160,161,162,-1,162,161,163,-1,162,163,164,-1,164,163,165,-1,164,165,166,-1,166,165,167,-1,166,167,168,-1,168,167,169,-1,168,169,170,-1,170,169,171,-1,170,171,172,-1,172,171,173,-1,172,173,174,-1,174,173,175,-1,174,175,176,-1,176,175,177,-1,176,177,142,-1,142,177,143,-1,165,163,178,-1,178,163,179,-1,165,178,180,-1,165,180,167,-1,167,180,181,-1,167,181,169,-1,169,181,182,-1,169,182,171,-1,171,182,183,-1,171,183,173,-1,173,183,184,-1,173,184,175,-1,175,184,185,-1,175,185,177,-1,177,185,186,-1,177,186,143,-1,143,186,187,-1,143,187,145,-1,145,187,188,-1,145,188,147,-1,147,188,189,-1,147,189,149,-1,149,189,190,-1,149,190,151,-1,151,190,191,-1,151,191,153,-1,153,191,192,-1,153,192,155,-1,155,192,193,-1,155,193,157,-1,157,193,194,-1,157,194,159,-1,161,159,195,-1,195,159,194,-1,163,161,179,-1,179,161,195,-1,158,160,196,-1,196,160,197,-1,160,162,197,-1,197,162,198,-1,162,164,198,-1,198,164,199,-1,172,200,201,-1,172,201,170,-1,170,201,202,-1,170,202,168,-1,168,202,203,-1,168,203,166,-1,166,203,199,-1,166,199,164,-1,144,204,205,-1,144,205,142,-1,142,205,206,-1,142,206,176,-1,176,206,207,-1,176,207,174,-1,174,207,200,-1,174,200,172,-1,152,208,209,-1,152,209,150,-1,150,209,210,-1,150,210,148,-1,148,210,211,-1,148,211,146,-1,146,211,204,-1,146,204,144,-1,158,196,212,-1,158,212,156,-1,156,212,213,-1,156,213,154,-1,154,213,208,-1,154,208,152,-1,
        ]
    }
}
Shape{
    appearance Appearance {
        material  Material 	{
            diffuseColor 0.2235294117647059 0.2235294117647059 0.2235294117647059
            specularColor 0.11372549019607843 0.11372549019607843 0.11372549019607843
            ambientIntensity 0.2
            transparency 0
            shininess 0.5
        }
    }
    geometry IndexedFaceSet {
        ccw TRUE
        solid FALSE
        coord DEF co Coordinate {
            point [
                1.5 0.095 0.6785, 1.5 0.095 0.6478, 1.5 0.101 0.6785, 1.5 0.1008 0.6478, 1.5 0.1058 0.6484, 1.5 0.1092 0.6496, 1.5 0.1118 0.6513, 1.5 0.1126 0.652, 1.5 0.1146 0.6546, 1.5 0.116 0.6576, 1.5 0.1167 0.6613, 1.5 0.1168 0.6635, 1.5 0.1163 0.6681, 1.5 0.1153 0.6711, 1.5 0.1138 0.6734, 1.5 0.1125 0.6747, 1.5 0.1059 0.678, 1.5 0.1094 0.6767, 1.5 0.1094 0.6767
            ]
        }
        coordIndex [
            0,1,2,-1,2,1,3,-1,2,3,4,-1,4,5,2,-1,2,5,6,-1,2,6,7,-1,7,8,2,-1,2,8,9,-1,2,9,10,-1,10,11,2,-1,2,11,12,-1,2,12,13,-1,13,14,2,-1,2,14,15,-1,2,15,16,-1,16,15,17,-1,
        ]
    }
}
Shape{
    appearance Appearance {
        material  Material 	{
            diffuseColor 1.0 1.0 1.0
            specularColor 0.5019607843137255 0.5019607843137255 0.5019607843137255
            ambientIntensity 0.2
            transparency 0
            shininess 0.5
        }
    }
    geometry IndexedFaceSet {
        ccw TRUE
        solid FALSE
        coord DEF co Coordinate {
            point [
                1.5004 0.1355 0.6587, 1.5004 0.1339 0.6542, 1.5004 0.1489 0.6587, 1.5004 0.1504 0.6542, 1.5004 0.1415 0.6752, 1.5004 0.1395 0.683, 1.5004 0.1244 0.6433, 1.5004 0.1301 0.6433, 1.5004 0.1418 0.6764, 1.5004 0.1421 0.678, 1.5004 0.145 0.683, 1.5004 0.1422 0.678, 1.5004 0.1426 0.6763, 1.5004 0.1429 0.6752, 1.5004 0.1602 0.6433, 1.5004 0.1545 0.6433, 1.5 0.145 0.683, 1.5 0.1602 0.6433, 1.5 0.1395 0.683, 1.5 0.1244 0.6433, 1.5 0.1359 0.6734, 1.5 0.1301 0.6433, 1.5 0.1339 0.6542, 1.5 0.1504 0.6542, 1.5 0.1359 0.6542, 1.5 0.1545 0.6433, 1.5 0.1355 0.6587, 1.5 0.1489 0.6587, 1.5 0.1429 0.6752, 1.5 0.1422 0.678, 1.5 0.1426 0.6763, 1.5 0.1421 0.678, 1.5 0.1415 0.6752, 1.5 0.1418 0.6764, 1.5 0.1418 0.6764
            ]
        }
        coordIndex [
            0,1,2,-1,2,1,3,-1,4,5,0,-1,0,5,6,-1,0,6,1,-1,1,6,7,-1,4,8,5,-1,5,8,9,-1,5,9,10,-1,10,9,11,-1,10,11,12,-1,12,13,10,-1,10,13,2,-1,10,2,14,-1,14,2,3,-1,14,3,15,-1,10,14,16,-1,16,14,17,-1,5,10,18,-1,18,10,16,-1,19,6,20,-1,20,6,5,-1,20,5,18,-1,7,6,21,-1,21,6,19,-1,1,7,22,-1,22,7,21,-1,23,3,24,-1,24,3,1,-1,24,1,22,-1,15,3,25,-1,25,3,23,-1,14,15,17,-1,17,15,25,-1,0,2,26,-1,26,2,27,-1,2,13,27,-1,27,13,28,-1,11,29,30,-1,11,30,12,-1,12,30,28,-1,12,28,13,-1,11,9,29,-1,29,9,31,-1,4,32,33,-1,4,33,8,-1,8,33,31,-1,8,31,9,-1,4,0,32,-1,32,0,26,-1,
        ]
    }
}
Shape{
    appearance Appearance {
        material  Material 	{
            diffuseColor 0.2235294117647059 0.2235294117647059 0.2235294117647059
            specularColor 0.11372549019607843 0.11372549019607843 0.11372549019607843
            ambientIntensity 0.2
            transparency 0
            shininess 0.5
        }
    }
    geometry IndexedFaceSet {
        ccw TRUE
        solid FALSE
        coord DEF co Coordinate {
            point [
                1.5 0.1422 0.678, 1.5 0.1421 0.678, 1.5 0.1426 0.6763, 1.5 0.1418 0.6764, 1.5 0.1429 0.6752, 1.5 0.1415 0.6752, 1.5 0.1489 0.6587, 1.5 0.1355 0.6587, 1.5 0.1355 0.6587
            ]
        }
        coordIndex [
            0,1,2,-1,2,1,3,-1,2,3,4,-1,4,3,5,-1,4,5,6,-1,6,5,7,-1,
        ]
    }
}
Shape{
    appearance Appearance {
        material  Material 	{
            diffuseColor 1.0 1.0 1.0
            specularColor 0.5019607843137255 0.5019607843137255 0.5019607843137255
            ambientIntensity 0.2
            transparency 0
            shininess 0.5
        }
    }
    geometry IndexedFaceSet {
        ccw TRUE
        solid FALSE
        coord DEF co Coordinate {
            point [
                1.5004 0.0221 0.5848, 1.5004 0.0221 0.5803, 1.5 0.0221 0.5848, 1.5 0.0221 0.5803, 1.5004 0.0059 0.5848, 1.5 0.0059 0.5848, 1.5004 0.0059 0.5982, 1.5 0.0059 0.5982, 1.5004 0.0201 0.5982, 1.5 0.0201 0.5982, 1.5004 0.0201 0.6027, 1.5 0.0201 0.6027, 1.5004 0.0059 0.6027, 1.5 0.0059 0.6027, 1.5004 0.0059 0.6155, 1.5 0.0059 0.6155, 1.5004 0.0212 0.6155, 1.5 0.0212 0.6155, 1.5004 0.0212 0.62, 1.5 0.0212 0.62, 1.5004 0.0007 0.62, 1.5 0.0007 0.62, 1.5004 0.0007 0.5803, 1.5 0.0007 0.5803, 1.5004 0.0445 0.5847, 1.5004 0.0447 0.5847, 1.5004 0.0444 0.5893, 1.5004 0.0326 0.5963, 1.5004 0.0305 0.5952, 1.5004 0.0332 0.5919, 1.5004 0.0447 0.5915, 1.5004 0.0497 0.5986, 1.5004 0.0447 0.5918, 1.5004 0.0447 0.5945, 1.5004 0.0447 0.5803, 1.5004 0.0497 0.5803, 1.5004 0.0436 0.5875, 1.5004 0.0425 0.586, 1.5004 0.0438 0.5835, 1.5004 0.0419 0.5854, 1.5004 0.0422 0.5818, 1.5004 0.0405 0.5845, 1.5004 0.0404 0.5806, 1.5004 0.039 0.5839, 1.5004 0.0384 0.5799, 1.5004 0.0371 0.5837, 1.5004 0.0359 0.5796, 1.5004 0.0355 0.5839, 1.5004 0.0329 0.58, 1.5004 0.0343 0.5843, 1.5004 0.031 0.5807, 1.5004 0.0333 0.585, 1.5004 0.0293 0.5819, 1.5004 0.0329 0.5854, 1.5004 0.0326 0.5912, 1.5004 0.0289 0.5939, 1.5004 0.0322 0.5902, 1.5004 0.0279 0.5924, 1.5004 0.0319 0.5891, 1.5004 0.0339 0.5924, 1.5004 0.0351 0.593, 1.5004 0.0363 0.5972, 1.5004 0.038 0.5936, 1.5004 0.0447 0.5983, 1.5004 0.0296 0.6067, 1.5004 0.0296 0.6018, 1.5004 0.031 0.6074, 1.5004 0.0328 0.6039, 1.5004 0.0347 0.6088, 1.5004 0.0359 0.605, 1.5004 0.0394 0.6093, 1.5004 0.0389 0.6053, 1.5004 0.0424 0.609, 1.5004 0.0406 0.6051, 1.5004 0.0445 0.6084, 1.5004 0.0418 0.6047, 1.5004 0.0462 0.6075, 1.5004 0.0427 0.6041, 1.5004 0.0475 0.6062, 1.5004 0.0434 0.6033, 1.5004 0.0485 0.6046, 1.5004 0.044 0.6023, 1.5004 0.0493 0.6023, 1.5004 0.0445 0.6005, 1.5004 0.0272 0.5907, 1.5004 0.0269 0.5886, 1.5004 0.0319 0.5883, 1.5004 0.0269 0.5879, 1.5004 0.032 0.5872, 1.5004 0.0271 0.5856, 1.5004 0.0324 0.5863, 1.5004 0.0277 0.584, 1.5004 0.0287 0.5824, 1.5 0.0394 0.6093, 1.5 0.0347 0.6088, 1.5 0.031 0.6074, 1.5 0.0296 0.6067, 1.5 0.0296 0.6018, 1.5 0.0328 0.6039, 1.5 0.0359 0.605, 1.5 0.0389 0.6053, 1.5 0.0406 0.6051, 1.5 0.0418 0.6047, 1.5 0.0427 0.6041, 1.5 0.0434 0.6033, 1.5 0.044 0.6023, 1.5 0.0445 0.6005, 1.5 0.0447 0.5983, 1.5 0.0363 0.5972, 1.5 0.0326 0.5963, 1.5 0.0305 0.5952, 1.5 0.0289 0.5939, 1.5 0.0279 0.5924, 1.5 0.0272 0.5907, 1.5 0.0269 0.5886, 1.5 0.0269 0.5879, 1.5 0.0271 0.5856, 1.5 0.0277 0.584, 1.5 0.0287 0.5824, 1.5 0.0293 0.5819, 1.5 0.0359 0.5796, 1.5 0.033 0.58, 1.5 0.0329 0.58, 1.5 0.031 0.5807, 1.5 0.0384 0.5799, 1.5 0.0386 0.58, 1.5 0.0404 0.5806, 1.5 0.0422 0.5818, 1.5 0.0438 0.5835, 1.5 0.0445 0.5847, 1.5 0.0447 0.5847, 1.5 0.0447 0.5803, 1.5 0.0497 0.5803, 1.5 0.0497 0.5986, 1.5 0.0493 0.6023, 1.5 0.0485 0.6046, 1.5 0.0475 0.6062, 1.5 0.0462 0.6075, 1.5 0.0445 0.6084, 1.5 0.0424 0.609, 1.5 0.0332 0.5919, 1.5 0.0339 0.5924, 1.5 0.0351 0.593, 1.5 0.038 0.5936, 1.5 0.0319 0.5883, 1.5 0.0319 0.5891, 1.5 0.0322 0.5902, 1.5 0.0326 0.5912, 1.5 0.0333 0.585, 1.5 0.0329 0.5854, 1.5 0.0324 0.5863, 1.5 0.032 0.5872, 1.5 0.0371 0.5837, 1.5 0.0355 0.5839, 1.5 0.0343 0.5843, 1.5 0.0425 0.586, 1.5 0.0419 0.5854, 1.5 0.0405 0.5845, 1.5 0.039 0.5839, 1.5 0.0447 0.5918, 1.5 0.0447 0.5915, 1.5 0.0444 0.5893, 1.5 0.0436 0.5875, 1.5 0.0447 0.5945, 1.5 0.0447 0.5945
            ]
        }
        coordIndex [
            0,1,2,-1,2,1,3,-1,4,0,5,-1,5,0,2,-1,6,4,7,-1,7,4,5,-1,8,6,9,-1,9,6,7,-1,10,8,11,-1,11,8,9,-1,12,10,13,-1,13,10,11,-1,14,12,15,-1,15,12,13,-1,16,14,17,-1,17,14,15,-1,18,16,19,-1,19,16,17,-1,20,18,21,-1,21,18,19,-1,22,20,23,-1,23,20,21,-1,1,22,3,-1,3,22,23,-1,22,1,0,-1,0,4,22,-1,22,4,6,-1,22,6,20,-1,16,18,14,-1,14,18,20,-1,14,20,12,-1,12,20,6,-1,12,6,10,-1,10,6,8,-1,24,25,26,-1,27,28,29,-1,30,31,32,-1,32,31,33,-1,34,35,25,-1,25,35,31,-1,25,31,26,-1,26,31,30,-1,26,36,24,-1,24,36,37,-1,24,37,38,-1,38,37,39,-1,38,39,40,-1,40,39,41,-1,40,41,42,-1,42,41,43,-1,42,43,44,-1,44,43,45,-1,44,45,46,-1,46,45,47,-1,46,47,48,-1,48,47,49,-1,48,49,50,-1,50,49,51,-1,50,51,52,-1,52,51,53,-1,29,28,54,-1,54,28,55,-1,54,55,56,-1,56,55,57,-1,56,57,58,-1,29,59,27,-1,27,59,60,-1,27,60,61,-1,61,60,62,-1,61,62,63,-1,64,65,66,-1,66,65,67,-1,66,67,68,-1,68,67,69,-1,68,69,70,-1,70,69,71,-1,70,71,72,-1,72,71,73,-1,72,73,74,-1,74,73,75,-1,74,75,76,-1,76,75,77,-1,76,77,78,-1,78,77,79,-1,78,79,80,-1,80,79,81,-1,80,81,82,-1,82,81,83,-1,82,83,31,-1,31,83,63,-1,31,63,33,-1,33,63,62,-1,57,84,58,-1,58,84,85,-1,58,85,86,-1,86,85,87,-1,86,87,88,-1,88,87,89,-1,88,89,90,-1,90,89,91,-1,90,91,53,-1,53,91,92,-1,53,92,52,-1,70,93,94,-1,70,94,68,-1,68,94,95,-1,68,95,66,-1,66,95,96,-1,66,96,64,-1,65,64,97,-1,97,64,96,-1,65,97,98,-1,65,98,67,-1,67,98,99,-1,67,99,69,-1,69,99,100,-1,69,100,71,-1,71,100,101,-1,71,101,73,-1,73,101,102,-1,73,102,75,-1,75,102,103,-1,75,103,77,-1,77,103,104,-1,77,104,79,-1,79,104,105,-1,79,105,81,-1,81,105,106,-1,81,106,83,-1,83,106,107,-1,83,107,63,-1,61,63,108,-1,108,63,107,-1,61,108,109,-1,61,109,27,-1,27,109,110,-1,27,110,28,-1,28,110,111,-1,28,111,55,-1,55,111,112,-1,55,112,57,-1,57,112,113,-1,57,113,84,-1,84,113,114,-1,84,114,85,-1,85,114,115,-1,85,115,87,-1,87,115,116,-1,87,116,89,-1,89,116,117,-1,89,117,91,-1,91,117,118,-1,91,118,92,-1,92,118,119,-1,92,119,52,-1,120,46,121,-1,121,46,48,-1,121,48,122,-1,122,48,50,-1,122,50,123,-1,123,50,52,-1,123,52,119,-1,46,120,124,-1,46,124,44,-1,44,124,125,-1,44,125,42,-1,125,126,42,-1,42,126,127,-1,42,127,40,-1,40,127,128,-1,40,128,38,-1,38,128,129,-1,38,129,24,-1,25,24,130,-1,130,24,129,-1,34,25,131,-1,131,25,130,-1,35,34,132,-1,132,34,131,-1,31,35,133,-1,133,35,132,-1,31,133,134,-1,31,134,82,-1,82,134,135,-1,82,135,80,-1,80,135,136,-1,80,136,78,-1,78,136,137,-1,78,137,76,-1,76,137,138,-1,76,138,74,-1,74,138,139,-1,74,139,72,-1,72,139,93,-1,72,93,70,-1,29,140,141,-1,29,141,59,-1,59,141,142,-1,59,142,60,-1,60,142,143,-1,60,143,62,-1,86,144,145,-1,86,145,58,-1,58,145,146,-1,58,146,56,-1,56,146,147,-1,56,147,54,-1,54,147,140,-1,54,140,29,-1,51,148,149,-1,51,149,53,-1,53,149,150,-1,53,150,90,-1,90,150,151,-1,90,151,88,-1,88,151,144,-1,88,144,86,-1,45,152,153,-1,45,153,47,-1,47,153,154,-1,47,154,49,-1,49,154,148,-1,49,148,51,-1,37,155,156,-1,37,156,39,-1,39,156,157,-1,39,157,41,-1,41,157,158,-1,41,158,43,-1,43,158,152,-1,43,152,45,-1,32,159,160,-1,32,160,30,-1,30,160,161,-1,30,161,26,-1,26,161,162,-1,26,162,36,-1,36,162,155,-1,36,155,37,-1,32,33,159,-1,159,33,163,-1,33,62,163,-1,163,62,143,-1,
        ]
    }
}
Shape{
    appearance Appearance {
        material  Material 	{
            diffuseColor 0.2235294117647059 0.2235294117647059 0.2235294117647059
            specularColor 0.11372549019607843 0.11372549019607843 0.11372549019607843
            ambientIntensity 0.2
            transparency 0
            shininess 0.5
        }
    }
    geometry IndexedFaceSet {
        ccw TRUE
        solid FALSE
        coord DEF co Coordinate {
            point [
                1.5 0.0447 0.5945, 1.5 0.038 0.5936, 1.5 0.0447 0.5918, 1.5 0.0351 0.593, 1.5 0.0339 0.5924, 1.5 0.0332 0.5919, 1.5 0.0447 0.5915, 1.5 0.0444 0.5893, 1.5 0.0326 0.5912, 1.5 0.0436 0.5875, 1.5 0.0329 0.5854, 1.5 0.0333 0.585, 1.5 0.0419 0.5854, 1.5 0.0324 0.5863, 1.5 0.0405 0.5845, 1.5 0.039 0.5839, 1.5 0.0371 0.5837, 1.5 0.0322 0.5902, 1.5 0.0319 0.5891, 1.5 0.0425 0.586, 1.5 0.0319 0.5883, 1.5 0.032 0.5872, 1.5 0.0343 0.5843, 1.5 0.0355 0.5839, 1.5 0.0355 0.5839
            ]
        }
        coordIndex [
            0,1,2,-1,2,1,3,-1,3,4,2,-1,2,4,5,-1,2,5,6,-1,6,5,7,-1,7,5,8,-1,7,8,9,-1,10,11,12,-1,10,12,13,-1,14,12,15,-1,15,12,16,-1,8,17,9,-1,9,17,18,-1,9,18,19,-1,19,18,20,-1,19,20,12,-1,12,20,21,-1,12,21,13,-1,11,22,12,-1,12,22,23,-1,12,23,16,-1,
        ]
    }
}
Shape{
    appearance Appearance {
        material  Material 	{
            diffuseColor 1.0 1.0 1.0
            specularColor 0.5019607843137255 0.5019607843137255 0.5019607843137255
            ambientIntensity 0.2
            transparency 0
            shininess 0.5
        }
    }
    geometry IndexedFaceSet {
        ccw TRUE
        solid FALSE
        coord DEF co Coordinate {
            point [
                1.5004 0.0646 0.5837, 1.5 0.0646 0.5837, 1.5 0.0615 0.5841, 1.5 0.0587 0.5851, 1.5004 0.0583 0.5852, 1.5004 0.0615 0.5841, 1.5 0.0583 0.5852, 1.5 0.0564 0.5864, 1.5004 0.0564 0.5864, 1.5004 0.0564 0.5813, 1.5 0.0564 0.5813, 1.5004 0.06 0.5801, 1.5 0.0587 0.5805, 1.5 0.0641 0.5796, 1.5004 0.0641 0.5796, 1.5 0.0608 0.58, 1.5 0.06 0.5801, 1.5004 0.0682 0.5801, 1.5 0.0673 0.58, 1.5 0.0682 0.5801, 1.5 0.0709 0.581, 1.5004 0.0709 0.581, 1.5 0.0724 0.5819, 1.5004 0.0724 0.5819, 1.5 0.0738 0.5831, 1.5004 0.0738 0.5831, 1.5 0.0747 0.5844, 1.5004 0.0747 0.5844, 1.5 0.0753 0.586, 1.5004 0.0753 0.586, 1.5 0.0756 0.588, 1.5004 0.0756 0.588, 1.5 0.0754 0.5899, 1.5004 0.0754 0.5899, 1.5 0.0748 0.5913, 1.5004 0.0748 0.5913, 1.5 0.0739 0.5927, 1.5004 0.0739 0.5927, 1.5 0.0727 0.5938, 1.5004 0.0727 0.5938, 1.5 0.0694 0.5956, 1.5004 0.0694 0.5956, 1.5 0.0675 0.5964, 1.5004 0.0675 0.5964, 1.5 0.0644 0.5977, 1.5004 0.0644 0.5977, 1.5 0.0626 0.5988, 1.5004 0.0626 0.5988, 1.5 0.0622 0.5994, 1.5004 0.0622 0.5994, 1.5 0.0618 0.6, 1.5004 0.0618 0.6, 1.5 0.0616 0.6008, 1.5004 0.0616 0.6008, 1.5 0.0616 0.6015, 1.5004 0.0616 0.6015, 1.5 0.0616 0.6023, 1.5004 0.0616 0.6023, 1.5 0.0619 0.6029, 1.5004 0.0619 0.6029, 1.5 0.0623 0.6036, 1.5004 0.0623 0.6036, 1.5 0.0631 0.6042, 1.5004 0.0631 0.6042, 1.5 0.0642 0.6048, 1.5004 0.0642 0.6048, 1.5 0.0655 0.6052, 1.5004 0.0655 0.6052, 1.5 0.067 0.6053, 1.5004 0.067 0.6053, 1.5 0.0703 0.6049, 1.5004 0.0703 0.6049, 1.5 0.0731 0.6039, 1.5004 0.0731 0.6039, 1.5 0.0742 0.6032, 1.5004 0.0742 0.6032, 1.5004 0.0742 0.6081, 1.5 0.0742 0.6081, 1.5 0.0702 0.6091, 1.5004 0.0702 0.6091, 1.5 0.0675 0.6093, 1.5004 0.0675 0.6093, 1.5 0.0638 0.6089, 1.5004 0.0638 0.6089, 1.5 0.0611 0.6079, 1.5004 0.0611 0.6079, 1.5 0.0596 0.6071, 1.5004 0.0596 0.6071, 1.5004 0.0581 0.6057, 1.5 0.0587 0.6062, 1.5 0.0581 0.6057, 1.5 0.0572 0.6044, 1.5004 0.0572 0.6044, 1.5 0.0566 0.6028, 1.5004 0.0566 0.6028, 1.5 0.0564 0.601, 1.5004 0.0564 0.601, 1.5 0.0566 0.5991, 1.5004 0.0566 0.5991, 1.5 0.0572 0.5976, 1.5004 0.0572 0.5976, 1.5 0.0578 0.5965, 1.5004 0.0578 0.5965, 1.5 0.064 0.5928, 1.5004 0.064 0.5928, 1.5004 0.061 0.5941, 1.5 0.0587 0.5957, 1.5004 0.0587 0.5957, 1.5 0.0587 0.5956, 1.5 0.061 0.5941, 1.5 0.0672 0.5914, 1.5004 0.0672 0.5914, 1.5 0.0692 0.5902, 1.5004 0.0692 0.5902, 1.5 0.0698 0.5896, 1.5004 0.0698 0.5896, 1.5 0.0702 0.5889, 1.5004 0.0702 0.5889, 1.5 0.0704 0.5881, 1.5004 0.0704 0.5881, 1.5 0.0705 0.5875, 1.5004 0.0705 0.5875, 1.5 0.0704 0.5866, 1.5004 0.0704 0.5866, 1.5 0.0701 0.5859, 1.5004 0.0701 0.5859, 1.5 0.0697 0.5852, 1.5004 0.0697 0.5852, 1.5 0.0691 0.5847, 1.5004 0.0691 0.5847, 1.5 0.0686 0.5844, 1.5004 0.0686 0.5844, 1.5 0.0674 0.584, 1.5004 0.0674 0.584, 1.5 0.0648 0.5837, 1.5004 0.0648 0.5837, 1.5004 0.1002 0.6087, 1.5004 0.1054 0.6087, 1.5 0.1002 0.6087, 1.5 0.1054 0.6087, 1.5004 0.0925 0.5873, 1.5 0.0925 0.5873, 1.5 0.0921 0.586, 1.5004 0.0921 0.586, 1.5 0.0919 0.585, 1.5004 0.0919 0.585, 1.5004 0.0917 0.585, 1.5 0.0917 0.585, 1.5004 0.0911 0.5873, 1.5 0.0911 0.5873, 1.5 0.0837 0.6087, 1.5004 0.0837 0.6087, 1.5 0.0861 0.6018, 1.5004 0.0782 0.6087, 1.5 0.0782 0.6087, 1.5 0.0893 0.5804, 1.5004 0.0893 0.5804, 1.5 0.0861 0.5884, 1.5 0.0871 0.5752, 1.5004 0.0871 0.5752, 1.5 0.0891 0.58, 1.5 0.0861 0.5734, 1.5004 0.0861 0.5734, 1.5 0.0861 0.5734, 1.5004 0.0852 0.5724, 1.5 0.0852 0.5724, 1.5 0.0843 0.5717, 1.5004 0.0843 0.5717, 1.5 0.0832 0.5713, 1.5004 0.0832 0.5713, 1.5 0.082 0.5712, 1.5004 0.082 0.5712, 1.5 0.0802 0.5714, 1.5004 0.0802 0.5714, 1.5 0.0792 0.5718, 1.5004 0.0792 0.5718, 1.5004 0.0792 0.5673, 1.5 0.0792 0.5673, 1.5 0.0813 0.567, 1.5004 0.0813 0.567, 1.5 0.0824 0.5669, 1.5004 0.0824 0.5669, 1.5 0.0844 0.5672, 1.5 0.0861 0.5678, 1.5004 0.0864 0.5679, 1.5004 0.0844 0.5672, 1.5 0.0864 0.5679, 1.5 0.0881 0.5691, 1.5004 0.0881 0.5691, 1.5 0.0884 0.5694, 1.5004 0.0884 0.5694, 1.5 0.0903 0.5716, 1.5004 0.0903 0.5716, 1.5 0.0925 0.576, 1.5004 0.0925 0.576, 1.5 0.0941 0.58, 1.5004 0.1321 0.5848, 1.5004 0.1321 0.5803, 1.5 0.1321 0.5848, 1.5 0.1321 0.5803, 1.5 0.1159 0.5848, 1.5004 0.1159 0.5848, 1.5 0.1233 0.5848, 1.5004 0.1159 0.5982, 1.5 0.1159 0.5982, 1.5 0.1301 0.5982, 1.5004 0.1301 0.5982, 1.5 0.1233 0.5982, 1.5004 0.1301 0.6027, 1.5 0.1301 0.6027, 1.5 0.1159 0.6027, 1.5004 0.1159 0.6027, 1.5 0.1233 0.6027, 1.5004 0.1159 0.6155, 1.5 0.1159 0.6155, 1.5 0.1312 0.6155, 1.5004 0.1312 0.6155, 1.5 0.1233 0.6155, 1.5004 0.1312 0.62, 1.5 0.1312 0.62, 1.5 0.1107 0.62, 1.5004 0.1107 0.62, 1.5 0.1233 0.62, 1.5004 0.1107 0.5803, 1.5 0.1107 0.5803, 1.5 0.1233 0.5803, 1.5004 0.1665 0.5983, 1.5004 0.1718 0.5978, 1.5004 0.1666 0.6005, 1.5004 0.172 0.6007, 1.5004 0.1661 0.6051, 1.5004 0.1713 0.6063, 1.5004 0.165 0.6081, 1.5004 0.1698 0.61, 1.5004 0.1635 0.6104, 1.5004 0.1673 0.6135, 1.5004 0.1622 0.6117, 1.5004 0.166 0.6148, 1.5004 0.1592 0.6137, 1.5004 0.1616 0.6177, 1.5004 0.1557 0.6149, 1.5004 0.1568 0.6194, 1.5004 0.1507 0.6155, 1.5004 0.1509 0.62, 1.5004 0.1447 0.6155, 1.5004 0.1396 0.62, 1.5004 0.1447 0.5848, 1.5004 0.1396 0.5803, 1.5004 0.1505 0.5848, 1.5004 0.1505 0.5803, 1.5004 0.1556 0.5854, 1.5004 0.1568 0.581, 1.5004 0.159 0.5866, 1.5004 0.1614 0.5827, 1.5004 0.1616 0.5883, 1.5004 0.1653 0.5853, 1.5004 0.1623 0.589, 1.5004 0.166 0.5859, 1.5004 0.1644 0.5916, 1.5004 0.1688 0.5892, 1.5004 0.1657 0.5946, 1.5004 0.1708 0.5932, 1.5 0.1505 0.5803, 1.5 0.1396 0.5803, 1.5 0.1568 0.581, 1.5 0.1614 0.5827, 1.5 0.1653 0.5853, 1.5 0.166 0.5859, 1.5 0.1688 0.5892, 1.5 0.1708 0.5932, 1.5 0.1718 0.5978, 1.5 0.172 0.6007, 1.5 0.1713 0.6063, 1.5 0.1698 0.61, 1.5 0.1673 0.6135, 1.5 0.166 0.6148, 1.5 0.1616 0.6177, 1.5 0.1568 0.6194, 1.5 0.1509 0.62, 1.5 0.1396 0.62, 1.5 0.1507 0.6155, 1.5 0.1447 0.6155, 1.5 0.1447 0.5848, 1.5 0.1505 0.5848, 1.5 0.1623 0.589, 1.5 0.1616 0.5883, 1.5 0.159 0.5866, 1.5 0.1556 0.5854, 1.5 0.1666 0.6005, 1.5 0.1665 0.5983, 1.5 0.1657 0.5946, 1.5 0.1644 0.5916, 1.5 0.1622 0.6117, 1.5 0.1635 0.6104, 1.5 0.165 0.6081, 1.5 0.1661 0.6051, 1.5 0.1557 0.6149, 1.5 0.1592 0.6137, 1.5 0.1592 0.6137
            ]
        }
        coordIndex [
            0,1,2,-1,3,4,2,-1,2,4,5,-1,2,5,0,-1,3,6,4,-1,4,6,7,-1,4,7,8,-1,9,8,10,-1,10,8,7,-1,11,9,12,-1,12,9,10,-1,13,14,15,-1,15,14,11,-1,15,11,16,-1,16,11,12,-1,14,13,17,-1,17,13,18,-1,18,19,17,-1,17,19,20,-1,17,20,21,-1,21,20,22,-1,21,22,23,-1,23,22,24,-1,23,24,25,-1,25,24,26,-1,25,26,27,-1,27,26,28,-1,27,28,29,-1,29,28,30,-1,29,30,31,-1,31,30,32,-1,31,32,33,-1,33,32,34,-1,33,34,35,-1,35,34,36,-1,35,36,37,-1,37,36,38,-1,37,38,39,-1,39,38,40,-1,39,40,41,-1,41,40,42,-1,41,42,43,-1,43,42,44,-1,43,44,45,-1,45,44,46,-1,45,46,47,-1,47,46,48,-1,47,48,49,-1,49,48,50,-1,49,50,51,-1,51,50,52,-1,51,52,53,-1,53,52,54,-1,53,54,55,-1,55,54,56,-1,55,56,57,-1,57,56,58,-1,57,58,59,-1,59,58,60,-1,59,60,61,-1,61,60,62,-1,61,62,63,-1,63,62,64,-1,63,64,65,-1,65,64,66,-1,65,66,67,-1,67,66,68,-1,67,68,69,-1,69,68,70,-1,69,70,71,-1,71,70,72,-1,71,72,73,-1,73,72,74,-1,73,74,75,-1,76,75,77,-1,77,75,74,-1,76,77,78,-1,76,78,79,-1,79,78,80,-1,79,80,81,-1,81,80,82,-1,81,82,83,-1,83,82,84,-1,83,84,85,-1,85,84,86,-1,85,86,87,-1,87,86,88,-1,88,86,89,-1,89,90,88,-1,88,90,91,-1,88,91,92,-1,92,91,93,-1,92,93,94,-1,94,93,95,-1,94,95,96,-1,96,95,97,-1,96,97,98,-1,98,97,99,-1,98,99,100,-1,100,99,101,-1,100,101,102,-1,103,104,105,-1,102,101,106,-1,102,106,107,-1,107,106,108,-1,107,108,105,-1,105,108,109,-1,105,109,103,-1,104,103,110,-1,104,110,111,-1,111,110,112,-1,111,112,113,-1,113,112,114,-1,113,114,115,-1,115,114,116,-1,115,116,117,-1,117,116,118,-1,117,118,119,-1,119,118,120,-1,119,120,121,-1,121,120,122,-1,121,122,123,-1,123,122,124,-1,123,124,125,-1,125,124,126,-1,125,126,127,-1,127,126,128,-1,127,128,129,-1,129,128,130,-1,129,130,131,-1,131,130,132,-1,131,132,133,-1,133,132,134,-1,133,134,135,-1,135,134,1,-1,135,1,0,-1,61,63,85,-1,85,63,83,-1,111,43,104,-1,104,43,45,-1,21,23,127,-1,127,23,25,-1,127,25,125,-1,125,25,27,-1,125,27,123,-1,123,27,29,-1,123,29,121,-1,121,29,31,-1,121,31,119,-1,119,31,33,-1,119,33,117,-1,117,33,35,-1,117,35,115,-1,115,35,37,-1,115,37,113,-1,113,37,39,-1,113,39,111,-1,111,39,41,-1,111,41,43,-1,14,0,11,-1,11,0,5,-1,11,5,9,-1,9,5,4,-1,9,4,8,-1,63,65,83,-1,83,65,67,-1,83,67,81,-1,81,67,69,-1,81,69,79,-1,79,69,71,-1,79,71,76,-1,76,71,73,-1,76,73,75,-1,127,129,21,-1,21,129,131,-1,21,131,17,-1,17,131,133,-1,17,133,14,-1,14,133,135,-1,14,135,0,-1,85,87,61,-1,61,87,88,-1,61,88,59,-1,59,88,92,-1,59,92,57,-1,57,92,94,-1,57,94,55,-1,55,94,96,-1,55,96,53,-1,53,96,98,-1,53,98,51,-1,51,98,100,-1,51,100,49,-1,49,100,102,-1,49,102,47,-1,47,102,107,-1,47,107,45,-1,45,107,105,-1,45,105,104,-1,136,137,138,-1,138,137,139,-1,140,136,141,-1,141,136,138,-1,140,141,142,-1,140,142,143,-1,143,142,144,-1,143,144,145,-1,146,145,147,-1,147,145,144,-1,148,146,149,-1,149,146,147,-1,150,151,152,-1,152,151,148,-1,152,148,149,-1,153,151,154,-1,154,151,150,-1,155,156,157,-1,157,156,153,-1,157,153,154,-1,158,159,160,-1,160,159,156,-1,160,156,155,-1,159,158,161,-1,159,161,162,-1,162,161,163,-1,162,163,164,-1,163,165,164,-1,164,165,166,-1,164,166,167,-1,167,166,168,-1,167,168,169,-1,169,168,170,-1,169,170,171,-1,171,170,172,-1,171,172,173,-1,173,172,174,-1,173,174,175,-1,176,175,177,-1,177,175,174,-1,176,177,178,-1,176,178,179,-1,179,178,180,-1,179,180,181,-1,181,180,182,-1,183,184,182,-1,182,184,185,-1,182,185,181,-1,183,186,184,-1,184,186,187,-1,184,187,188,-1,188,187,189,-1,188,189,190,-1,190,189,191,-1,190,191,192,-1,192,191,193,-1,192,193,194,-1,139,137,195,-1,195,137,194,-1,195,194,193,-1,143,145,194,-1,137,136,194,-1,194,136,140,-1,194,140,143,-1,151,153,148,-1,148,153,156,-1,148,156,146,-1,192,162,190,-1,190,162,164,-1,175,176,173,-1,173,176,179,-1,173,179,171,-1,171,179,181,-1,171,181,169,-1,169,181,185,-1,169,185,167,-1,167,185,184,-1,167,184,164,-1,164,184,188,-1,164,188,190,-1,145,146,194,-1,194,146,156,-1,194,156,192,-1,192,156,159,-1,192,159,162,-1,196,197,198,-1,198,197,199,-1,200,201,202,-1,202,201,196,-1,202,196,198,-1,203,201,204,-1,204,201,200,-1,205,206,207,-1,207,206,203,-1,207,203,204,-1,208,206,209,-1,209,206,205,-1,210,211,212,-1,212,211,208,-1,212,208,209,-1,213,211,214,-1,214,211,210,-1,215,216,217,-1,217,216,213,-1,217,213,214,-1,218,216,219,-1,219,216,215,-1,220,221,222,-1,222,221,218,-1,222,218,219,-1,223,221,224,-1,224,221,220,-1,199,197,225,-1,225,197,223,-1,225,223,224,-1,206,208,203,-1,203,208,211,-1,197,196,223,-1,223,196,201,-1,216,218,213,-1,213,218,221,-1,213,221,211,-1,211,221,223,-1,211,223,203,-1,203,223,201,-1,226,227,228,-1,228,227,229,-1,228,229,230,-1,230,229,231,-1,230,231,232,-1,232,231,233,-1,232,233,234,-1,234,233,235,-1,234,235,236,-1,236,235,237,-1,236,237,238,-1,238,237,239,-1,238,239,240,-1,240,239,241,-1,240,241,242,-1,242,241,243,-1,242,243,244,-1,244,243,245,-1,244,245,246,-1,246,245,247,-1,246,247,248,-1,248,247,249,-1,248,249,250,-1,250,249,251,-1,250,251,252,-1,252,251,253,-1,252,253,254,-1,254,253,255,-1,254,255,256,-1,256,255,257,-1,256,257,258,-1,258,257,259,-1,258,259,260,-1,260,259,261,-1,260,261,226,-1,226,261,227,-1,249,247,262,-1,262,247,263,-1,249,262,264,-1,249,264,251,-1,251,264,265,-1,251,265,253,-1,253,265,266,-1,253,266,255,-1,255,266,267,-1,255,267,257,-1,257,267,268,-1,257,268,259,-1,259,268,269,-1,259,269,261,-1,261,269,270,-1,261,270,227,-1,227,270,271,-1,227,271,229,-1,229,271,272,-1,229,272,231,-1,231,272,273,-1,231,273,233,-1,233,273,274,-1,233,274,235,-1,235,274,275,-1,235,275,237,-1,237,275,276,-1,237,276,239,-1,239,276,277,-1,239,277,241,-1,241,277,278,-1,241,278,243,-1,245,243,279,-1,279,243,278,-1,247,245,263,-1,263,245,279,-1,242,244,280,-1,280,244,281,-1,244,246,281,-1,281,246,282,-1,246,248,282,-1,282,248,283,-1,256,284,285,-1,256,285,254,-1,254,285,286,-1,254,286,252,-1,252,286,287,-1,252,287,250,-1,250,287,283,-1,250,283,248,-1,228,288,289,-1,228,289,226,-1,226,289,290,-1,226,290,260,-1,260,290,291,-1,260,291,258,-1,258,291,284,-1,258,284,256,-1,236,292,293,-1,236,293,234,-1,234,293,294,-1,234,294,232,-1,232,294,295,-1,232,295,230,-1,230,295,288,-1,230,288,228,-1,242,280,296,-1,242,296,240,-1,240,296,297,-1,240,297,238,-1,238,297,292,-1,238,292,236,-1,
        ]
    }
}
Shape{
    appearance Appearance {
        material  Material 	{
            diffuseColor 0.2235294117647059 0.2235294117647059 0.2235294117647059
            specularColor 0.11372549019607843 0.11372549019607843 0.11372549019607843
            ambientIntensity 0.2
            transparency 0
            shininess 0.5
        }
    }
    geometry IndexedFaceSet {
        ccw TRUE
        solid FALSE
        coord DEF co Coordinate {
            point [
                1.5 0.1447 0.6155, 1.5 0.1447 0.5848, 1.5 0.1507 0.6155, 1.5 0.1505 0.5848, 1.5 0.1556 0.5854, 1.5 0.159 0.5866, 1.5 0.1616 0.5883, 1.5 0.1623 0.589, 1.5 0.1644 0.5916, 1.5 0.1657 0.5946, 1.5 0.1665 0.5983, 1.5 0.1666 0.6005, 1.5 0.1661 0.6051, 1.5 0.165 0.6081, 1.5 0.1635 0.6104, 1.5 0.1622 0.6117, 1.5 0.1557 0.6149, 1.5 0.1592 0.6137, 1.5 0.1592 0.6137
            ]
        }
        coordIndex [
            0,1,2,-1,2,1,3,-1,2,3,4,-1,4,5,2,-1,2,5,6,-1,2,6,7,-1,7,8,2,-1,2,8,9,-1,2,9,10,-1,10,11,2,-1,2,11,12,-1,2,12,13,-1,13,14,2,-1,2,14,15,-1,2,15,16,-1,16,15,17,-1,
        ]
    }
}
Shape{
    appearance Appearance {
        material  Material 	{
            diffuseColor 1.0 1.0 1.0
            specularColor 0.5019607843137255 0.5019607843137255 0.5019607843137255
            ambientIntensity 0.2
            transparency 0
            shininess 0.5
        }
    }
    geometry IndexedFaceSet {
        ccw TRUE
        solid FALSE
        coord DEF co Coordinate {
            point [
                1.5004 0.1853 0.5957, 1.5004 0.1836 0.5912, 1.5004 0.1986 0.5957, 1.5004 0.2002 0.5912, 1.5004 0.1912 0.6122, 1.5004 0.1893 0.62, 1.5004 0.1742 0.5803, 1.5004 0.1798 0.5803, 1.5004 0.1916 0.6133, 1.5004 0.1919 0.6149, 1.5004 0.1948 0.62, 1.5004 0.192 0.6149, 1.5004 0.1923 0.6133, 1.5004 0.1926 0.6122, 1.5004 0.2099 0.5803, 1.5004 0.2042 0.5803, 1.5 0.1948 0.62, 1.5 0.2099 0.5803, 1.5 0.1893 0.62, 1.5 0.1742 0.5803, 1.5 0.1798 0.5803, 1.5 0.1836 0.5912, 1.5 0.2002 0.5912, 1.5 0.2042 0.5803, 1.5 0.1853 0.5957, 1.5 0.1986 0.5957, 1.5 0.1926 0.6122, 1.5 0.192 0.6149, 1.5 0.1923 0.6133, 1.5 0.1919 0.6149, 1.5 0.1912 0.6122, 1.5 0.1916 0.6133, 1.5 0.1916 0.6133
            ]
        }
        coordIndex [
            0,1,2,-1,2,1,3,-1,4,5,0,-1,0,5,6,-1,0,6,1,-1,1,6,7,-1,4,8,5,-1,5,8,9,-1,5,9,10,-1,10,9,11,-1,10,11,12,-1,12,13,10,-1,10,13,2,-1,10,2,14,-1,14,2,3,-1,14,3,15,-1,10,14,16,-1,16,14,17,-1,5,10,18,-1,18,10,16,-1,6,5,19,-1,19,5,18,-1,7,6,20,-1,20,6,19,-1,1,7,21,-1,21,7,20,-1,3,1,22,-1,22,1,21,-1,15,3,23,-1,23,3,22,-1,14,15,17,-1,17,15,23,-1,0,2,24,-1,24,2,25,-1,2,13,25,-1,25,13,26,-1,11,27,28,-1,11,28,12,-1,12,28,26,-1,12,26,13,-1,11,9,27,-1,27,9,29,-1,4,30,31,-1,4,31,8,-1,8,31,29,-1,8,29,9,-1,4,0,30,-1,30,0,24,-1,
        ]
    }
}
Shape{
    appearance Appearance {
        material  Material 	{
            diffuseColor 0.2235294117647059 0.2235294117647059 0.2235294117647059
            specularColor 0.11372549019607843 0.11372549019607843 0.11372549019607843
            ambientIntensity 0.2
            transparency 0
            shininess 0.5
        }
    }
    geometry IndexedFaceSet {
        ccw TRUE
        solid FALSE
        coord DEF co Coordinate {
            point [
                1.5 0.192 0.6149, 1.5 0.1919 0.6149, 1.5 0.1923 0.6133, 1.5 0.1916 0.6133, 1.5 0.1926 0.6122, 1.5 0.1912 0.6122, 1.5 0.1986 0.5957, 1.5 0.1853 0.5957, 1.5 0.1853 0.5957
            ]
        }
        coordIndex [
            0,1,2,-1,2,1,3,-1,2,3,4,-1,4,3,5,-1,4,5,6,-1,6,5,7,-1,
        ]
    }
}
Shape{
    appearance Appearance {
        material  Material 	{
            diffuseColor 1.0 1.0 1.0
            specularColor 0.5019607843137255 0.5019607843137255 0.5019607843137255
            ambientIntensity 0.2
            transparency 0
            shininess 0.5
        }
    }
    geometry IndexedFaceSet {
        ccw TRUE
        solid FALSE
        coord DEF co Coordinate {
            point [
                1.5004 -0.1823 0.6486, 1.5004 -0.1761 0.652, 1.5004 -0.1774 0.6694, 1.5004 -0.1597 0.6703, 1.5004 -0.151 0.6496, 1.5004 -0.1467 0.6586, 1.5004 -0.1655 0.5656, 1.5004 -0.1773 0.5996, 1.5004 -0.171 0.5699, 1.5004 -0.175 0.5752, 1.5004 -0.0829 0.6135, 1.5004 -0.0917 0.6285, 1.5004 -0.1225 0.5926, 1.5004 -0.1295 0.6087, 1.5004 -0.1225 0.5898, 1.5004 -0.1325 0.5682, 1.5004 -0.1226 0.5866, 1.5004 -0.1277 0.5734, 1.5004 -0.1243 0.5796, 1.5004 -0.1662 0.6708, 1.5004 -0.0736 0.6414, 1.5004 -0.0713 0.6414, 1.5004 -0.0598 0.6567, 1.5004 -0.066 0.6408, 1.5004 -0.0584 0.6563, 1.5004 -0.0611 0.6389, 1.5004 -0.05 0.6521, 1.5004 -0.0424 0.6456, 1.5004 -0.154 0.677, 1.5004 -0.1403 0.6662, 1.5004 -0.1473 0.6827, 1.5004 -0.1328 0.6717, 1.5004 -0.1404 0.687, 1.5004 -0.1827 0.6029, 1.5004 -0.1811 0.5818, 1.5004 -0.1775 0.5807, 1.5004 -0.1691 0.6537, 1.5004 -0.166 0.6539, 1.5004 -0.163 0.6706, 1.5004 -0.1601 0.6532, 1.5004 -0.1537 0.6511, 1.5004 -0.1566 0.58, 1.5004 -0.154 0.5789, 1.5004 -0.1591 0.5628, 1.5004 -0.1515 0.5785, 1.5004 -0.1525 0.5616, 1.5004 -0.151 0.5785, 1.5004 -0.1507 0.5615, 1.5004 -0.1482 0.5788, 1.5004 -0.1446 0.5622, 1.5004 -0.1457 0.5798, 1.5004 -0.1382 0.5644, 1.5004 -0.1436 0.5813, 1.5004 -0.142 0.5831, 1.5004 -0.1407 0.5855, 1.5004 -0.0567 0.6358, 1.5004 -0.0534 0.6321, 1.5004 -0.0366 0.6376, 1.5004 -0.0508 0.6273, 1.5004 -0.0331 0.629, 1.5004 -0.0318 0.6197, 1.5004 -0.0422 0.5929, 1.5004 -0.0556 0.6039, 1.5004 -0.0499 0.5864, 1.5004 -0.0598 0.6006, 1.5004 -0.0585 0.5822, 1.5004 -0.0648 0.5983, 1.5004 -0.068 0.5802, 1.5004 -0.0696 0.5974, 1.5004 -0.0846 0.5802, 1.5004 -0.0824 0.5974, 1.5004 -0.0862 0.5804, 1.5004 -0.1879 0.6654, 1.5004 -0.1968 0.6591, 1.5004 -0.1875 0.6438, 1.5004 -0.1987 0.6573, 1.5004 -0.1913 0.6381, 1.5004 -0.2055 0.6485, 1.5004 -0.1935 0.6317, 1.5004 -0.1615 0.586, 1.5004 -0.1603 0.5836, 1.5004 -0.1587 0.5816, 1.5004 -0.162 0.5887, 1.5004 -0.1618 0.5914, 1.5004 -0.1769 0.6005, 1.5004 -0.161 0.5941, 1.5004 -0.1737 0.6063, 1.5004 -0.1595 0.5964, 1.5004 -0.1689 0.6115, 1.5004 -0.1584 0.5976, 1.5004 -0.163 0.6154, 1.5004 -0.1562 0.5992, 1.5004 -0.1568 0.6176, 1.5004 -0.1537 0.6001, 1.5004 -0.1507 0.6183, 1.5004 -0.151 0.6005, 1.5004 -0.1466 0.618, 1.5004 -0.1486 0.6002, 1.5004 -0.1399 0.6162, 1.5004 -0.146 0.5993, 1.5004 -0.134 0.6128, 1.5004 -0.1437 0.5978, 1.5004 -0.1419 0.5957, 1.5004 -0.1407 0.5934, 1.5004 -0.1401 0.5908, 1.5004 -0.14 0.5882, 1.5004 -0.0494 0.6218, 1.5004 -0.0493 0.6194, 1.5004 -0.0331 0.6097, 1.5004 -0.05 0.614, 1.5004 -0.0366 0.6007, 1.5004 -0.0519 0.609, 1.5004 -0.055 0.6045, 1.5004 -0.075 0.679, 1.5004 -0.0862 0.6661, 1.5004 -0.0657 0.6682, 1.5004 -0.0798 0.6585, 1.5004 -0.0754 0.6495, 1.5004 -0.1274 0.692, 1.5004 -0.1236 0.6754, 1.5004 -0.1134 0.6937, 1.5004 -0.1131 0.6768, 1.5004 -0.1018 0.6925, 1.5004 -0.1035 0.6756, 1.5004 -0.0876 0.6875, 1.5004 -0.0947 0.6722, 1.5004 -0.0867 0.6666, 1.5004 -0.0838 0.5977, 1.5004 -0.0906 0.5831, 1.5004 -0.0899 0.5825, 1.5004 -0.21 0.6383, 1.5004 -0.2119 0.6277, 1.5004 -0.1942 0.6256, 1.5004 -0.212 0.6251, 1.5004 -0.1938 0.6209, 1.5004 -0.2106 0.614, 1.5004 -0.1917 0.614, 1.5004 -0.2066 0.6034, 1.5004 -0.1879 0.6079, 1.5004 -0.2001 0.5943, 1.5004 -0.1913 0.5868, 1.5004 -0.0829 0.5975, 1.5004 -0.0881 0.5812, 1.5004 -0.0928 0.5889, 1.5004 -0.0925 0.5868, 1.5004 -0.0918 0.5849, 1.5004 -0.0862 0.5974, 1.5004 -0.0882 0.5966, 1.5004 -0.0927 0.59, 1.5004 -0.0899 0.5954, 1.5004 -0.0911 0.5941, 1.5004 -0.0922 0.5922, 1.5004 -0.0841 0.5977, 1.5 -0.0318 0.6197, 1.5 -0.0331 0.629, 1.5 -0.0404 0.643, 1.5 -0.0341 0.6313, 1.5 -0.0366 0.6376, 1.5 -0.0424 0.6456, 1.5 -0.05 0.6521, 1.5 -0.0584 0.6563, 1.5 -0.0598 0.6567, 1.5 -0.0657 0.6682, 1.5 -0.075 0.679, 1.5 -0.0815 0.6834, 1.5 -0.0876 0.6875, 1.5 -0.1018 0.6925, 1.5 -0.1134 0.6937, 1.5 -0.1473 0.6827, 1.5 -0.1462 0.6834, 1.5 -0.1404 0.687, 1.5 -0.1274 0.692, 1.5 -0.154 0.677, 1.5 -0.1597 0.6703, 1.5 -0.163 0.6706, 1.5 -0.1662 0.6708, 1.5 -0.1774 0.6694, 1.5 -0.1879 0.6654, 1.5 -0.1968 0.6591, 1.5 -0.1987 0.6573, 1.5 -0.212 0.6251, 1.5 -0.2055 0.6485, 1.5 -0.208 0.643, 1.5 -0.21 0.6383, 1.5 -0.2113 0.6313, 1.5 -0.2119 0.6277, 1.5 -0.2106 0.614, 1.5 -0.2066 0.6034, 1.5 -0.2001 0.5943, 1.5 -0.1913 0.5868, 1.5 -0.1811 0.5818, 1.5 -0.1775 0.5807, 1.5 -0.1772 0.58, 1.5 -0.175 0.5752, 1.5 -0.171 0.5699, 1.5 -0.1655 0.5656, 1.5 -0.1624 0.5642, 1.5 -0.1591 0.5628, 1.5 -0.1525 0.5616, 1.5 -0.1507 0.5615, 1.5 -0.1225 0.5898, 1.5 -0.1446 0.5622, 1.5 -0.1388 0.5642, 1.5 -0.1382 0.5644, 1.5 -0.1325 0.5682, 1.5 -0.1277 0.5734, 1.5 -0.1243 0.5796, 1.5 -0.1243 0.58, 1.5 -0.1226 0.5866, 1.5 -0.1225 0.5926, 1.5 -0.0829 0.6135, 1.5 -0.0917 0.6285, 1.5 -0.1295 0.6087, 1.5 -0.134 0.6128, 1.5 -0.1399 0.6162, 1.5 -0.1466 0.618, 1.5 -0.1507 0.6183, 1.5 -0.1568 0.6176, 1.5 -0.163 0.6154, 1.5 -0.1689 0.6115, 1.5 -0.1737 0.6063, 1.5 -0.1769 0.6005, 1.5 -0.1773 0.5996, 1.5 -0.1827 0.6029, 1.5 -0.1879 0.6079, 1.5 -0.1917 0.614, 1.5 -0.1938 0.6209, 1.5 -0.1942 0.6256, 1.5 -0.1936 0.6313, 1.5 -0.1935 0.6317, 1.5 -0.1913 0.6381, 1.5 -0.1881 0.643, 1.5 -0.1875 0.6438, 1.5 -0.1823 0.6486, 1.5 -0.1761 0.652, 1.5 -0.1691 0.6537, 1.5 -0.166 0.6539, 1.5 -0.1601 0.6532, 1.5 -0.1537 0.6511, 1.5 -0.151 0.6496, 1.5 -0.1467 0.6586, 1.5 -0.1403 0.6662, 1.5 -0.1328 0.6717, 1.5 -0.1236 0.6754, 1.5 -0.1131 0.6768, 1.5 -0.0736 0.6414, 1.5 -0.0739 0.643, 1.5 -0.0754 0.6495, 1.5 -0.0798 0.6585, 1.5 -0.0862 0.6661, 1.5 -0.0867 0.6666, 1.5 -0.0947 0.6722, 1.5 -0.1035 0.6756, 1.5 -0.0713 0.6414, 1.5 -0.066 0.6408, 1.5 -0.0611 0.6389, 1.5 -0.0567 0.6358, 1.5 -0.0534 0.6321, 1.5 -0.0529 0.6313, 1.5 -0.0508 0.6273, 1.5 -0.0494 0.6218, 1.5 -0.0493 0.6194, 1.5 -0.05 0.614, 1.5 -0.0519 0.609, 1.5 -0.055 0.6045, 1.5 -0.0556 0.6039, 1.5 -0.0598 0.6006, 1.5 -0.0648 0.5983, 1.5 -0.0696 0.5974, 1.5 -0.0824 0.5974, 1.5 -0.0829 0.5975, 1.5 -0.0838 0.5977, 1.5 -0.0841 0.5977, 1.5 -0.0862 0.5974, 1.5 -0.0882 0.5966, 1.5 -0.0899 0.5954, 1.5 -0.0911 0.5941, 1.5 -0.0922 0.5922, 1.5 -0.0927 0.59, 1.5 -0.0928 0.5889, 1.5 -0.0925 0.5868, 1.5 -0.0918 0.5849, 1.5 -0.0906 0.5831, 1.5 -0.0899 0.5825, 1.5 -0.0881 0.5812, 1.5 -0.0862 0.5804, 1.5 -0.0846 0.5802, 1.5 -0.068 0.5802, 1.5 -0.0585 0.5822, 1.5 -0.0499 0.5864, 1.5 -0.0422 0.5929, 1.5 -0.0366 0.6007, 1.5 -0.0331 0.6097, 1.5 -0.151 0.6005, 1.5 -0.1486 0.6002, 1.5 -0.146 0.5993, 1.5 -0.1437 0.5978, 1.5 -0.1419 0.5957, 1.5 -0.1407 0.5934, 1.5 -0.1401 0.5908, 1.5 -0.14 0.5882, 1.5 -0.1407 0.5855, 1.5 -0.142 0.5831, 1.5 -0.1436 0.5813, 1.5 -0.1457 0.5798, 1.5 -0.1482 0.5788, 1.5 -0.151 0.5785, 1.5 -0.1515 0.5785, 1.5 -0.154 0.5789, 1.5 -0.1566 0.58, 1.5 -0.1587 0.5816, 1.5 -0.1603 0.5836, 1.5 -0.1615 0.586, 1.5 -0.162 0.5887, 1.5 -0.1618 0.5914, 1.5 -0.161 0.5941, 1.5 -0.1595 0.5964, 1.5 -0.1584 0.5976, 1.5 -0.1562 0.5992, 1.5 -0.1537 0.6001, 1.5 -0.1537 0.6001
            ]
        }
        coordIndex [
            0,1,2,-1,3,4,5,-1,6,7,8,-1,8,7,9,-1,10,11,12,-1,12,11,13,-1,12,13,14,-1,14,13,15,-1,14,15,16,-1,16,15,17,-1,16,17,18,-1,2,1,19,-1,20,21,22,-1,22,21,23,-1,22,23,24,-1,24,23,25,-1,24,25,26,-1,26,25,27,-1,3,5,28,-1,28,5,29,-1,28,29,30,-1,30,29,31,-1,30,31,32,-1,33,34,7,-1,7,34,35,-1,7,35,9,-1,1,36,19,-1,19,36,37,-1,19,37,38,-1,38,37,39,-1,38,39,3,-1,3,39,40,-1,3,40,4,-1,41,6,42,-1,42,6,43,-1,42,43,44,-1,44,43,45,-1,44,45,46,-1,46,45,47,-1,46,47,48,-1,48,47,49,-1,48,49,50,-1,50,49,51,-1,50,51,52,-1,52,51,15,-1,52,15,53,-1,53,15,54,-1,25,55,27,-1,27,55,56,-1,27,56,57,-1,57,56,58,-1,57,58,59,-1,59,58,60,-1,61,62,63,-1,63,62,64,-1,63,64,65,-1,65,64,66,-1,65,66,67,-1,67,66,68,-1,67,68,69,-1,69,68,70,-1,69,70,71,-1,2,72,0,-1,0,72,73,-1,0,73,74,-1,74,73,75,-1,74,75,76,-1,76,75,77,-1,76,77,78,-1,79,7,80,-1,80,7,6,-1,80,6,81,-1,81,6,41,-1,79,82,7,-1,7,82,83,-1,7,83,84,-1,84,83,85,-1,84,85,86,-1,86,85,87,-1,86,87,88,-1,88,87,89,-1,88,89,90,-1,90,89,91,-1,90,91,92,-1,92,91,93,-1,92,93,94,-1,94,93,95,-1,94,95,96,-1,96,95,97,-1,96,97,98,-1,98,97,99,-1,98,99,100,-1,100,99,101,-1,100,101,13,-1,13,101,102,-1,102,103,13,-1,13,103,104,-1,13,104,15,-1,15,104,105,-1,15,105,54,-1,58,106,60,-1,60,106,107,-1,60,107,108,-1,108,107,109,-1,108,109,110,-1,110,109,111,-1,110,111,61,-1,61,111,112,-1,61,112,62,-1,113,114,115,-1,115,114,116,-1,115,116,22,-1,22,116,117,-1,22,117,20,-1,32,31,118,-1,118,31,119,-1,118,119,120,-1,120,119,121,-1,120,121,122,-1,122,121,123,-1,122,123,124,-1,124,123,125,-1,124,125,113,-1,113,125,126,-1,113,126,114,-1,127,128,129,-1,77,130,78,-1,78,130,131,-1,78,131,132,-1,132,131,133,-1,132,133,134,-1,134,133,135,-1,134,135,136,-1,136,135,137,-1,136,137,138,-1,138,137,139,-1,138,139,33,-1,33,139,140,-1,33,140,34,-1,70,141,71,-1,71,141,127,-1,71,127,142,-1,142,127,129,-1,143,144,127,-1,127,144,145,-1,127,145,128,-1,146,147,148,-1,147,149,148,-1,148,149,150,-1,148,150,151,-1,143,127,148,-1,148,127,152,-1,148,152,146,-1,60,153,154,-1,155,27,57,-1,60,154,59,-1,59,154,156,-1,59,156,57,-1,57,156,157,-1,57,157,155,-1,155,158,27,-1,27,158,159,-1,27,159,26,-1,26,159,160,-1,26,160,24,-1,24,160,161,-1,24,161,22,-1,22,161,162,-1,22,162,115,-1,115,162,163,-1,115,163,113,-1,124,113,164,-1,164,113,163,-1,164,165,124,-1,124,165,166,-1,124,166,122,-1,122,166,167,-1,122,167,120,-1,168,30,169,-1,169,30,32,-1,169,32,170,-1,170,32,118,-1,170,118,171,-1,171,118,120,-1,171,120,167,-1,30,168,172,-1,30,172,28,-1,28,172,173,-1,28,173,3,-1,3,173,174,-1,3,174,38,-1,38,174,175,-1,38,175,19,-1,19,175,176,-1,19,176,2,-1,2,176,177,-1,2,177,72,-1,72,177,178,-1,72,178,73,-1,73,178,179,-1,73,179,75,-1,180,133,131,-1,75,179,181,-1,75,181,77,-1,77,181,182,-1,77,182,130,-1,182,183,130,-1,130,183,184,-1,130,184,131,-1,131,184,185,-1,131,185,180,-1,133,180,186,-1,133,186,135,-1,135,186,187,-1,135,187,137,-1,137,187,188,-1,137,188,139,-1,139,188,189,-1,139,189,140,-1,140,189,190,-1,140,190,34,-1,34,190,191,-1,34,191,35,-1,35,191,192,-1,35,192,9,-1,192,193,9,-1,9,193,194,-1,9,194,8,-1,8,194,195,-1,8,195,6,-1,6,195,196,-1,6,196,43,-1,196,197,43,-1,43,197,198,-1,43,198,45,-1,45,198,199,-1,45,199,47,-1,200,14,16,-1,47,199,201,-1,202,51,201,-1,201,51,49,-1,201,49,47,-1,202,203,51,-1,51,203,204,-1,51,204,15,-1,15,204,205,-1,15,205,17,-1,17,205,206,-1,17,206,18,-1,18,206,207,-1,18,207,16,-1,16,207,208,-1,16,208,200,-1,12,14,209,-1,209,14,200,-1,10,12,210,-1,210,12,209,-1,11,10,211,-1,211,10,210,-1,13,11,212,-1,212,11,211,-1,13,212,213,-1,13,213,100,-1,100,213,214,-1,100,214,98,-1,98,214,215,-1,98,215,96,-1,96,215,216,-1,96,216,94,-1,94,216,217,-1,94,217,92,-1,92,217,218,-1,92,218,90,-1,90,218,219,-1,90,219,88,-1,88,219,220,-1,88,220,86,-1,86,220,221,-1,86,221,84,-1,84,221,222,-1,84,222,7,-1,7,222,223,-1,7,223,33,-1,33,223,224,-1,33,224,138,-1,138,224,225,-1,138,225,136,-1,136,225,226,-1,136,226,134,-1,134,226,227,-1,134,227,132,-1,78,132,227,-1,227,228,78,-1,78,228,229,-1,78,229,230,-1,231,74,230,-1,230,74,76,-1,230,76,78,-1,231,232,74,-1,74,232,233,-1,74,233,0,-1,0,233,234,-1,0,234,1,-1,1,234,235,-1,1,235,36,-1,36,235,236,-1,36,236,37,-1,37,236,237,-1,37,237,39,-1,39,237,238,-1,39,238,40,-1,40,238,239,-1,40,239,4,-1,4,239,240,-1,4,240,5,-1,5,240,241,-1,5,241,29,-1,29,241,242,-1,29,242,31,-1,31,242,243,-1,31,243,119,-1,119,243,244,-1,119,244,121,-1,245,20,246,-1,246,20,117,-1,246,117,247,-1,247,117,116,-1,247,116,248,-1,248,116,114,-1,248,114,249,-1,249,114,126,-1,249,126,250,-1,250,126,125,-1,250,125,251,-1,251,125,123,-1,251,123,252,-1,252,123,121,-1,252,121,244,-1,21,20,253,-1,253,20,245,-1,21,253,254,-1,21,254,23,-1,23,254,255,-1,23,255,25,-1,25,255,256,-1,25,256,55,-1,55,256,257,-1,55,257,56,-1,56,257,258,-1,56,258,58,-1,258,259,58,-1,58,259,260,-1,58,260,106,-1,106,260,261,-1,106,261,107,-1,107,261,262,-1,107,262,109,-1,109,262,263,-1,109,263,111,-1,111,263,264,-1,111,264,112,-1,112,264,265,-1,112,265,62,-1,62,265,266,-1,62,266,64,-1,64,266,267,-1,64,267,66,-1,66,267,268,-1,66,268,68,-1,70,68,269,-1,269,68,268,-1,70,269,270,-1,70,270,141,-1,141,270,271,-1,141,271,127,-1,127,271,272,-1,127,272,152,-1,152,272,273,-1,152,273,146,-1,146,273,274,-1,146,274,147,-1,147,274,275,-1,147,275,149,-1,149,275,276,-1,149,276,150,-1,150,276,277,-1,150,277,151,-1,151,277,278,-1,151,278,148,-1,148,278,279,-1,148,279,143,-1,143,279,280,-1,143,280,144,-1,144,280,281,-1,144,281,145,-1,145,281,282,-1,145,282,128,-1,128,282,283,-1,128,283,129,-1,129,283,284,-1,129,284,142,-1,142,284,285,-1,142,285,71,-1,71,285,286,-1,71,286,69,-1,67,69,287,-1,287,69,286,-1,67,287,288,-1,67,288,65,-1,65,288,289,-1,65,289,63,-1,63,289,290,-1,63,290,61,-1,61,290,291,-1,61,291,110,-1,110,291,292,-1,110,292,108,-1,108,292,153,-1,108,153,60,-1,95,293,294,-1,95,294,97,-1,97,294,295,-1,97,295,99,-1,99,295,296,-1,99,296,101,-1,101,296,297,-1,101,297,102,-1,102,297,298,-1,102,298,103,-1,103,298,299,-1,103,299,104,-1,104,299,300,-1,104,300,105,-1,105,300,301,-1,105,301,54,-1,54,301,302,-1,54,302,53,-1,53,302,303,-1,53,303,52,-1,52,303,304,-1,52,304,50,-1,50,304,305,-1,50,305,48,-1,48,305,306,-1,48,306,46,-1,46,306,307,-1,46,307,44,-1,44,307,308,-1,44,308,42,-1,42,308,309,-1,42,309,41,-1,41,309,310,-1,41,310,81,-1,81,310,311,-1,81,311,80,-1,80,311,312,-1,80,312,79,-1,79,312,313,-1,79,313,82,-1,82,313,314,-1,82,314,83,-1,83,314,315,-1,83,315,85,-1,85,315,316,-1,85,316,87,-1,87,316,317,-1,87,317,89,-1,89,317,318,-1,89,318,91,-1,91,318,319,-1,91,319,93,-1,93,319,293,-1,93,293,95,-1,
        ]
    }
}
Shape{
    appearance Appearance {
        material  Material 	{
            diffuseColor 0.2235294117647059 0.2235294117647059 0.2235294117647059
            specularColor 0.11372549019607843 0.11372549019607843 0.11372549019607843
            ambientIntensity 0.2
            transparency 0
            shininess 0.5
        }
    }
    geometry IndexedFaceSet {
        ccw TRUE
        solid FALSE
        coord DEF co Coordinate {
            point [
                1.5 -0.1515 0.5785, 1.5 -0.1584 0.5976, 1.5 -0.1595 0.5964, 1.5 -0.1482 0.5788, 1.5 -0.1457 0.5798, 1.5 -0.1486 0.6002, 1.5 -0.151 0.6005, 1.5 -0.1537 0.6001, 1.5 -0.1562 0.5992, 1.5 -0.1615 0.586, 1.5 -0.1603 0.5836, 1.5 -0.1587 0.5816, 1.5 -0.151 0.5785, 1.5 -0.161 0.5941, 1.5 -0.1618 0.5914, 1.5 -0.162 0.5887, 1.5 -0.1566 0.58, 1.5 -0.154 0.5789, 1.5 -0.1436 0.5813, 1.5 -0.142 0.5831, 1.5 -0.1407 0.5855, 1.5 -0.14 0.5882, 1.5 -0.1401 0.5908, 1.5 -0.1407 0.5934, 1.5 -0.1419 0.5957, 1.5 -0.1437 0.5978, 1.5 -0.146 0.5993, -0.874 -0.0866 0.9843, -0.5 -0.2441 0.9843, -0.874 0.0866 0.9843, -0.5 0.2441 0.9843, -0.8754 0.0968 0.9843, -1.1063 0.1207 0.9843, -1.2441 0.5 0.9843, -1.1145 0.1145 0.9843, -1.5 0.2441 0.9843, -1.1207 0.1063 0.9843, -1.1246 0.0968 0.9843, -0.8754 -0.0968 0.9843, -0.8793 -0.1063 0.9843, -0.7559 -0.5 0.9843, -0.8855 -0.1145 0.9843, -0.8937 -0.1207 0.9843, -0.9032 0.1246 0.9843, -0.8937 0.1207 0.9843, -0.7559 0.5 0.9843, -0.8855 0.1145 0.9843, -0.8793 0.1063 0.9843, -1.1207 -0.1063 0.9843, -1.5 -0.2441 0.9843, -1.1145 -0.1145 0.9843, -1.2441 -0.5 0.9843, -1.1063 -0.1207 0.9843, -1.0968 -0.1246 0.9843, -1.1246 -0.0968 0.9843, -1.126 -0.0866 0.9843, -1.126 0.0866 0.9843, -1.0968 0.1246 0.9843, -1.0866 0.126 0.9843, -0.9134 0.126 0.9843, -0.9032 -0.1246 0.9843, -0.9134 -0.126 0.9843, -1.0866 -0.126 0.9843, -1.5 -0.2441 0.1969, -1.5 0.2441 0.1969, -1.126 0.0866 0.1969, -1.1145 -0.1145 0.1969, -1.1063 -0.1207 0.1969, -1.4409 -0.3031 0.1969, -0.5591 0.3031 0.1969, -0.5 0.2441 0.1969, -0.8754 0.0968 0.1969, -1.126 -0.0866 0.1969, -1.1246 -0.0968 0.1969, -1.1207 -0.1063 0.1969, -0.9032 -0.1246 0.1969, -0.8937 -0.1207 0.1969, -0.5591 -0.3031 0.1969, -0.8793 0.1063 0.1969, -0.8855 0.1145 0.1969, -0.8937 0.1207 0.1969, -0.8855 -0.1145 0.1969, -0.8793 -0.1063 0.1969, -0.5 -0.2441 0.1969, -1.0968 0.1246 0.1969, -1.1063 0.1207 0.1969, -1.4409 0.3031 0.1969, -1.1145 0.1145 0.1969, -1.1207 0.1063 0.1969, -1.1246 0.0968 0.1969, -0.8754 -0.0968 0.1969, -0.874 -0.0866 0.1969, -0.874 0.0866 0.1969, -1.0968 -0.1246 0.1969, -1.0866 -0.126 0.1969, -0.9134 -0.126 0.1969, -0.9032 0.1246 0.1969, -0.9134 0.126 0.1969, -1.0866 0.126 0.1969, -1.4409 0.3031 0.0, -1.2441 0.5 0.0, -0.5591 0.3031 0.0, -0.7559 0.5 0.0, -1.2441 -0.5 0.0, -0.7559 -0.5 0.0, -0.5591 -0.3031 0.0, -1.4409 -0.3031 0.0, -1.4409 -0.3031 0.0
            ]
        }
        coordIndex [
            0,1,2,-1,3,4,5,-1,6,7,0,-1,0,7,8,-1,0,8,1,-1,9,10,2,-1,2,10,11,-1,6,0,5,-1,5,0,12,-1,5,12,3,-1,13,14,2,-1,2,14,15,-1,2,15,9,-1,11,16,2,-1,2,16,17,-1,2,17,0,-1,4,18,5,-1,5,18,19,-1,5,19,20,-1,20,21,5,-1,5,21,22,-1,5,22,23,-1,23,24,5,-1,5,24,25,-1,5,25,26,-1,27,28,29,-1,29,28,30,-1,29,30,31,-1,32,33,34,-1,34,33,35,-1,34,35,36,-1,36,35,37,-1,27,38,28,-1,28,38,39,-1,28,39,40,-1,40,39,41,-1,40,41,42,-1,43,44,45,-1,45,44,46,-1,45,46,30,-1,30,46,47,-1,30,47,31,-1,48,49,50,-1,50,49,51,-1,50,51,52,-1,52,51,53,-1,48,54,49,-1,49,54,55,-1,49,55,35,-1,35,55,56,-1,35,56,37,-1,32,57,33,-1,33,57,58,-1,33,58,45,-1,45,58,59,-1,45,59,43,-1,42,60,40,-1,40,60,61,-1,40,61,51,-1,51,61,62,-1,51,62,53,-1,63,64,65,-1,66,67,68,-1,69,70,71,-1,65,72,63,-1,63,72,73,-1,63,73,68,-1,68,73,74,-1,68,74,66,-1,75,76,77,-1,71,78,69,-1,69,78,79,-1,69,79,80,-1,76,81,77,-1,77,81,82,-1,77,82,83,-1,84,85,86,-1,85,87,86,-1,86,87,88,-1,86,88,64,-1,64,88,89,-1,64,89,65,-1,82,90,83,-1,83,90,91,-1,83,91,70,-1,70,91,92,-1,70,92,71,-1,67,93,68,-1,68,93,94,-1,68,94,77,-1,77,94,95,-1,77,95,75,-1,80,96,69,-1,69,96,97,-1,69,97,86,-1,86,97,98,-1,86,98,84,-1,99,100,101,-1,101,100,102,-1,70,30,83,-1,83,30,28,-1,33,45,100,-1,100,45,102,-1,63,49,64,-1,64,49,35,-1,103,104,51,-1,51,104,40,-1,105,104,106,-1,106,104,103,-1,106,103,68,-1,68,103,51,-1,68,51,63,-1,63,51,49,-1,83,28,77,-1,77,28,40,-1,77,40,105,-1,105,40,104,-1,64,35,86,-1,86,35,33,-1,86,33,99,-1,99,33,100,-1,101,102,69,-1,69,102,45,-1,69,45,70,-1,70,45,30,-1,101,69,99,-1,99,69,86,-1,77,105,68,-1,68,105,106,-1,
        ]
    }
}
Shape{
    appearance Appearance {
        material  Material 	{
            diffuseColor 0.9686274509803922 0.8784313725490196 0.6
            specularColor 0.6784313725490196 0.615686274509804 0.4196078431372549
            ambientIntensity 0.2
            transparency 0
            shininess 0.5
        }
    }
    geometry IndexedFaceSet {
        ccw TRUE
        solid FALSE
        coord DEF co Coordinate {
            point [
                -1.0669 -0.0669 -1.1811, -1.0669 0.0669 -1.1811, -0.9331 -0.0669 -1.1811, -0.9331 0.0669 -1.1811, -1.126 0.0866 -0.9607, -1.126 -0.0866 -0.9607, -1.126 0.0866 0.1969, -1.126 -0.0866 0.1969, -0.874 0.0866 0.1969, -0.874 -0.0866 0.1969, -0.874 0.0866 -0.9607, -0.874 -0.0866 -0.9607, -1.0866 -0.126 -0.9607, -0.9134 -0.126 -0.9607, -1.0866 -0.126 0.1969, -0.9134 -0.126 0.1969, -1.0866 0.126 0.1969, -0.9134 0.126 0.1969, -1.0866 0.126 -0.9607, -0.9134 0.126 -0.9607, -0.9134 0.126 0.9843, -1.0866 0.126 0.9843, -0.9134 0.126 3.1261, -1.0866 0.126 3.1261, -1.0669 0.0669 3.3465, -1.0669 -0.0669 3.3465, -0.9331 0.0669 3.3465, -0.9331 -0.0669 3.3465, -1.0866 -0.126 0.9843, -0.9134 -0.126 0.9843, -1.0866 -0.126 3.1261, -0.9134 -0.126 3.1261, -0.874 0.0866 3.1261, -0.874 -0.0866 3.1261, -0.874 0.0866 0.9843, -0.874 -0.0866 0.9843, -1.126 -0.0866 3.1261, -1.126 0.0866 3.1261, -1.126 -0.0866 0.9843, -1.126 0.0866 0.9843, -0.8937 0.1207 -0.9804, -0.8855 0.1145 -1.0037, -0.9082 0.1256 -0.962, -0.9057 0.1252 -0.9635, -0.9108 0.1259 -0.961, -1.1145 0.1145 -1.0037, -1.1063 0.1207 -0.9804, -1.1017 0.123 -0.9719, -0.9032 0.1246 -0.9657, -0.8983 0.123 -0.9719, -1.0968 0.1246 -0.9657, -1.0943 0.1252 -0.9635, -1.0918 0.1256 -0.962, -1.0892 0.1259 -0.961, -0.8793 -0.1063 -0.9804, -0.8855 -0.1145 -1.0037, -0.8793 0.1063 -0.9804, -0.877 0.1017 -0.9719, -0.8744 -0.0918 -0.962, -0.8748 -0.0943 -0.9635, -0.8754 0.0968 -0.9657, -0.8748 0.0943 -0.9635, -0.8744 0.0918 -0.962, -0.8741 -0.0892 -0.961, -0.8741 0.0892 -0.961, -0.8754 -0.0968 -0.9657, -0.877 -0.1017 -0.9719, -1.1207 0.1063 -0.9804, -1.1256 0.0918 -0.962, -1.1252 0.0943 -0.9635, -1.1259 0.0892 -0.961, -1.1145 -0.1145 -1.0037, -1.1207 -0.1063 -0.9804, -1.123 -0.1017 -0.9719, -1.1246 0.0968 -0.9657, -1.123 0.1017 -0.9719, -1.1246 -0.0968 -0.9657, -1.1252 -0.0943 -0.9635, -1.1256 -0.0918 -0.962, -1.1259 -0.0892 -0.961, -1.1063 -0.1207 -0.9804, -1.0918 -0.1256 -0.962, -1.0943 -0.1252 -0.9635, -1.0892 -0.1259 -0.961, -0.8937 -0.1207 -0.9804, -0.8983 -0.123 -0.9719, -1.0968 -0.1246 -0.9657, -1.1017 -0.123 -0.9719, -0.9032 -0.1246 -0.9657, -0.9057 -0.1252 -0.9635, -0.9082 -0.1256 -0.962, -0.9108 -0.1259 -0.961, -0.8937 -0.1207 3.1457, -0.8855 -0.1145 3.1691, -0.9082 -0.1256 3.1273, -0.9057 -0.1252 3.1289, -0.9108 -0.1259 3.1264, -1.1145 -0.1145 3.1691, -1.1063 -0.1207 3.1457, -1.1017 -0.123 3.1372, -0.9032 -0.1246 3.1311, -0.8983 -0.123 3.1372, -1.0968 -0.1246 3.1311, -1.0943 -0.1252 3.1289, -1.0918 -0.1256 3.1273, -1.0892 -0.1259 3.1264, -0.8793 0.1063 3.1457, -0.8855 0.1145 3.1691, -0.8793 -0.1063 3.1457, -0.877 -0.1017 3.1372, -0.8744 0.0918 3.1273, -0.8748 0.0943 3.1289, -0.8754 -0.0968 3.1311, -0.8748 -0.0943 3.1289, -0.8744 -0.0918 3.1273, -0.8741 0.0892 3.1264, -0.8741 -0.0892 3.1264, -0.8754 0.0968 3.1311, -0.877 0.1017 3.1372, -1.1207 -0.1063 3.1457, -1.1145 0.1145 3.1691, -1.1207 0.1063 3.1457, -1.123 0.1017 3.1372, -1.1256 -0.0918 3.1273, -1.1252 -0.0943 3.1289, -1.1246 0.0968 3.1311, -1.1252 0.0943 3.1289, -1.1256 0.0918 3.1273, -1.1259 -0.0892 3.1264, -1.1259 0.0892 3.1264, -1.1246 -0.0968 3.1311, -1.123 -0.1017 3.1372, -1.1063 0.1207 3.1457, -1.0918 0.1256 3.1273, -1.0943 0.1252 3.1289, -1.0892 0.1259 3.1264, -0.8937 0.1207 3.1457, -0.8983 0.123 3.1372, -1.0968 0.1246 3.1311, -1.1017 0.123 3.1372, -0.9032 0.1246 3.1311, -0.9057 0.1252 3.1289, -0.9082 0.1256 3.1273, -0.9108 0.1259 3.1264, -1.1246 0.0968 0.1969, -1.1207 0.1063 0.1969, -1.1145 0.1145 0.1969, -1.1063 0.1207 0.1969, -1.0968 0.1246 0.1969, -1.0968 -0.1246 0.1969, -1.1063 -0.1207 0.1969, -1.1145 -0.1145 0.1969, -1.1207 -0.1063 0.1969, -1.1246 -0.0968 0.1969, -1.0968 -0.1246 0.9843, -1.1063 -0.1207 0.9843, -1.1246 -0.0968 0.9843, -1.1145 -0.1145 0.9843, -1.1207 -0.1063 0.9843, -0.9032 0.1246 0.1969, -0.8937 0.1207 0.1969, -0.8855 0.1145 0.1969, -0.8793 0.1063 0.1969, -0.8754 0.0968 0.1969, -0.9032 0.1246 0.9843, -0.8937 0.1207 0.9843, -0.8754 0.0968 0.9843, -0.8855 0.1145 0.9843, -0.8793 0.1063 0.9843, -0.8754 -0.0968 0.1969, -0.8793 -0.1063 0.1969, -0.8855 -0.1145 0.1969, -0.8937 -0.1207 0.1969, -0.9032 -0.1246 0.1969, -0.8754 -0.0968 0.9843, -0.8793 -0.1063 0.9843, -0.9032 -0.1246 0.9843, -0.8855 -0.1145 0.9843, -0.8937 -0.1207 0.9843, -1.1246 0.0968 0.9843, -1.1207 0.1063 0.9843, -1.0968 0.1246 0.9843, -1.1145 0.1145 0.9843, -1.1063 0.1207 0.9843, -1.1063 0.1207 0.9843
            ]
        }
        coordIndex [
            0,1,2,-1,2,1,3,-1,4,5,6,-1,6,5,7,-1,8,9,10,-1,10,9,11,-1,12,13,14,-1,14,13,15,-1,16,17,18,-1,18,17,19,-1,20,21,22,-1,22,21,23,-1,24,25,26,-1,26,25,27,-1,28,29,30,-1,30,29,31,-1,32,33,34,-1,34,33,35,-1,36,37,38,-1,38,37,39,-1,40,41,3,-1,42,43,3,-1,42,3,44,-1,45,46,1,-1,1,46,47,-1,43,48,3,-1,3,48,49,-1,3,49,40,-1,47,50,1,-1,1,50,51,-1,1,51,52,-1,52,53,1,-1,1,53,18,-1,1,18,3,-1,3,18,19,-1,3,19,44,-1,54,55,2,-1,41,56,3,-1,3,56,57,-1,58,59,2,-1,57,60,3,-1,3,60,61,-1,3,61,62,-1,58,2,63,-1,62,64,3,-1,3,64,10,-1,3,10,2,-1,2,10,11,-1,2,11,63,-1,59,65,2,-1,2,65,66,-1,2,66,54,-1,67,45,1,-1,68,69,1,-1,68,1,70,-1,71,72,0,-1,0,72,73,-1,69,74,1,-1,1,74,75,-1,1,75,67,-1,73,76,0,-1,0,76,77,-1,0,77,78,-1,78,79,0,-1,0,79,5,-1,0,5,1,-1,1,5,4,-1,1,4,70,-1,80,71,0,-1,81,82,0,-1,81,0,83,-1,55,84,2,-1,2,84,85,-1,82,86,0,-1,0,86,87,-1,0,87,80,-1,85,88,2,-1,2,88,89,-1,2,89,90,-1,90,91,2,-1,2,91,13,-1,2,13,0,-1,0,13,12,-1,0,12,83,-1,92,93,27,-1,94,95,27,-1,94,27,96,-1,97,98,25,-1,25,98,99,-1,95,100,27,-1,27,100,101,-1,27,101,92,-1,99,102,25,-1,25,102,103,-1,25,103,104,-1,104,105,25,-1,25,105,30,-1,25,30,27,-1,27,30,31,-1,27,31,96,-1,106,107,26,-1,93,108,27,-1,27,108,109,-1,110,111,26,-1,109,112,27,-1,27,112,113,-1,27,113,114,-1,110,26,115,-1,114,116,27,-1,27,116,33,-1,27,33,26,-1,26,33,32,-1,26,32,115,-1,111,117,26,-1,26,117,118,-1,26,118,106,-1,119,97,25,-1,120,121,24,-1,24,121,122,-1,123,124,25,-1,122,125,24,-1,24,125,126,-1,24,126,127,-1,123,25,128,-1,127,129,24,-1,24,129,37,-1,24,37,25,-1,25,37,36,-1,25,36,128,-1,124,130,25,-1,25,130,131,-1,25,131,119,-1,132,120,24,-1,133,134,24,-1,133,24,135,-1,107,136,26,-1,26,136,137,-1,134,138,24,-1,24,138,139,-1,24,139,132,-1,137,140,26,-1,26,140,141,-1,26,141,142,-1,142,143,26,-1,26,143,22,-1,26,22,24,-1,24,22,23,-1,24,23,135,-1,4,6,70,-1,70,6,144,-1,70,144,68,-1,68,144,69,-1,67,75,144,-1,144,75,74,-1,144,74,69,-1,144,145,67,-1,67,145,146,-1,67,146,45,-1,45,146,147,-1,45,147,46,-1,16,18,148,-1,148,18,53,-1,148,53,52,-1,52,51,148,-1,148,51,50,-1,148,50,147,-1,147,50,47,-1,147,47,46,-1,12,14,83,-1,83,14,149,-1,83,149,81,-1,81,149,82,-1,80,87,149,-1,149,87,86,-1,149,86,82,-1,149,150,80,-1,80,150,151,-1,80,151,71,-1,71,151,152,-1,71,152,72,-1,7,5,153,-1,153,5,79,-1,153,79,78,-1,78,77,153,-1,153,77,76,-1,153,76,152,-1,152,76,73,-1,152,73,72,-1,28,30,154,-1,154,30,105,-1,154,105,104,-1,99,155,102,-1,102,155,154,-1,102,154,103,-1,103,154,104,-1,128,36,38,-1,128,38,123,-1,119,131,156,-1,156,131,130,-1,156,130,38,-1,38,130,124,-1,38,124,123,-1,99,98,155,-1,155,98,97,-1,155,97,157,-1,157,97,119,-1,157,119,158,-1,158,119,156,-1,19,17,44,-1,44,17,159,-1,44,159,42,-1,42,159,43,-1,40,49,159,-1,159,49,48,-1,159,48,43,-1,159,160,40,-1,40,160,161,-1,40,161,41,-1,41,161,162,-1,41,162,56,-1,8,10,163,-1,163,10,64,-1,163,64,62,-1,62,61,163,-1,163,61,60,-1,163,60,162,-1,162,60,57,-1,162,57,56,-1,20,22,164,-1,164,22,143,-1,164,143,142,-1,137,165,140,-1,140,165,164,-1,140,164,141,-1,141,164,142,-1,115,32,34,-1,115,34,110,-1,106,118,166,-1,166,118,117,-1,166,117,34,-1,34,117,111,-1,34,111,110,-1,137,136,165,-1,165,136,107,-1,165,107,167,-1,167,107,106,-1,167,106,168,-1,168,106,166,-1,11,9,63,-1,63,9,169,-1,63,169,58,-1,58,169,59,-1,54,66,169,-1,169,66,65,-1,169,65,59,-1,169,170,54,-1,54,170,171,-1,54,171,55,-1,55,171,172,-1,55,172,84,-1,15,13,173,-1,173,13,91,-1,173,91,90,-1,90,89,173,-1,173,89,88,-1,173,88,172,-1,172,88,85,-1,172,85,84,-1,35,33,174,-1,174,33,116,-1,174,116,114,-1,109,175,112,-1,112,175,174,-1,112,174,113,-1,113,174,114,-1,96,31,29,-1,96,29,94,-1,92,101,176,-1,176,101,100,-1,176,100,29,-1,29,100,95,-1,29,95,94,-1,109,108,175,-1,175,108,93,-1,175,93,177,-1,177,93,92,-1,177,92,178,-1,178,92,176,-1,39,37,179,-1,179,37,129,-1,179,129,127,-1,122,180,125,-1,125,180,179,-1,125,179,126,-1,126,179,127,-1,135,23,21,-1,135,21,133,-1,132,139,181,-1,181,139,138,-1,181,138,21,-1,21,138,134,-1,21,134,133,-1,122,121,180,-1,180,121,120,-1,180,120,182,-1,182,120,132,-1,182,132,183,-1,183,132,181,-1,
        ]
    }
}