#VRML V2.0 utf8
# 3D model generated by easyeda2kicad.py (https://github.com/uPesy/easyeda2kicad.py)

Shape{
    appearance Appearance {
        material  Material 	{
            diffuseColor 0.25098039215686274 0.25098039215686274 0.25098039215686274
            specularColor 0.12549019607843137 0.12549019607843137 0.12549019607843137
            ambientIntensity 0.2
            transparency 0
            shininess 0.5
        }
    }
    geometry IndexedFaceSet {
        ccw TRUE
        solid FALSE
        coord DEF co Coordinate {
            point [
                1.75 -0.0371 0.2978, 1.75 -0.0371 0.2505, 1.75 -0.0158 0.2505, 1.75 0.1207 0.2283, 1.75 0.1376 0.2283, 1.75 0.1376 0.244, 1.75 0.3548 0.0787, 1.75 0.4724 0.0787, 1.75 0.4724 0.1381, 1.75 -0.1121 0.2562, 1.75 -0.1018 0.2475, 1.75 -0.0658 0.2982, 1.75 -0.0658 0.244, 1.75 -0.1627 0.3038, 1.75 -0.1545 0.2982, 1.75 -0.1458 0.2924, 1.75 -0.1332 0.2778, 1.75 -0.1253 0.2624, 1.75 -0.1234 0.2618, 1.75 -0.2336 0.303, 1.75 -0.2161 0.3098, 1.75 -0.4724 0.5906, 1.75 -0.0658 0.5906, 1.75 -0.1974 0.3121, 1.75 -0.1817 0.3105, 1.75 -0.2414 0.2982, 1.75 -0.4724 0.2982, 1.75 -0.2429 0.2973, 1.75 -0.4724 0.244, 1.75 -0.3244 0.244, 1.75 -0.3211 0.2514, 1.75 -0.312 0.2631, 1.75 -0.2833 0.2795, 1.75 -0.2683 0.2814, 1.75 -0.2518 0.2897, 1.75 -0.264 0.2811, 1.75 -0.2596 0.2806, 1.75 -0.3094 0.2656, 1.75 -0.2974 0.2741, 1.75 -0.3021 0.1684, 1.75 -0.3139 0.1785, 1.75 -0.4724 0.1593, 1.75 -0.2883 0.1617, 1.75 -0.3225 0.1909, 1.75 -0.328 0.205, 1.75 -0.4724 0.2283, 1.75 -0.3298 0.2199, 1.75 -0.3297 0.2235, 1.75 -0.3289 0.2283, 1.75 -0.3272 0.2378, 1.75 -0.2835 0.1603, 1.75 -0.283 0.1593, 1.75 -0.2797 0.1521, 1.75 -0.4724 0.1381, 1.75 -0.274 0.1452, 1.75 -0.2666 0.1396, 1.75 -0.0658 0.0787, 1.75 -0.0658 0.1381, 1.75 -0.2318 0.1381, 1.75 -0.4724 0.0787, 1.75 -0.44 0.0787, 1.75 -0.2632 0.1381, 1.75 -0.2579 0.1359, 1.75 -0.2383 0.1356, 1.75 -0.2475 0.1345, 1.75 -0.2489 0.1345, 1.75 -0.0658 0.1593, 1.75 -0.2119 0.1593, 1.75 -0.212 0.159, 1.75 -0.2165 0.1506, 1.75 -0.2222 0.1442, 1.75 -0.2298 0.1389, 1.75 -0.0894 0.2251, 1.75 -0.0877 0.2127, 1.75 -0.0658 0.2283, 1.75 -0.1634 0.1817, 1.75 -0.1608 0.1827, 1.75 -0.1564 0.2043, 1.75 -0.1017 0.1766, 1.75 -0.112 0.1679, 1.75 -0.219 0.1979, 1.75 -0.1681 0.2244, 1.75 -0.2257 0.2039, 1.75 -0.2337 0.2082, 1.75 -0.1658 0.18, 1.75 -0.0942 0.1871, 1.75 -0.0894 0.1992, 1.75 -0.1579 0.1831, 1.75 -0.1575 0.183, 1.75 -0.1564 0.1828, 1.75 -0.3027 0.2054, 1.75 -0.2982 0.1978, 1.75 -0.279 0.1939, 1.75 -0.2914 0.1908, 1.75 -0.2831 0.1857, 1.75 -0.2649 0.2064, 1.75 -0.305 0.2283, 1.75 -0.2727 0.201, 1.75 -0.3059 0.2206, 1.75 -0.3054 0.2147, 1.75 -0.2566 0.2097, 1.75 -0.2475 0.2108, 1.75 -0.2429 0.2105, 1.75 -0.1697 0.1713, 1.75 -0.1696 0.1728, 1.75 -0.2095 0.1762, 1.75 -0.1688 0.1757, 1.75 -0.1673 0.1783, 1.75 -0.1556 0.1827, 1.75 -0.1385 0.1827, 1.75 -0.135 0.1832, 1.75 -0.1608 0.1599, 1.75 -0.1633 0.1609, 1.75 -0.1658 0.1626, 1.75 -0.1667 0.1635, 1.75 -0.1683 0.1659, 1.75 -0.1693 0.1685, 1.75 -0.2097 0.1684, 1.75 -0.2095 0.1724, 1.75 -0.1236 0.1622, 1.75 -0.1363 0.1595, 1.75 -0.1587 0.1595, 1.75 -0.1182 0.1931, 1.75 -0.1142 0.1991, 1.75 -0.1119 0.206, 1.75 -0.1112 0.2123, 1.75 -0.1114 0.2158, 1.75 -0.128 0.1855, 1.75 -0.1218 0.1894, 1.75 -0.1408 0.2419, 1.75 -0.1439 0.2419, 1.75 -0.1161 0.2283, 1.75 -0.1346 0.2412, 1.75 -0.1133 0.2231, 1.75 -0.3048 0.2299, 1.75 -0.3015 0.2383, 1.75 -0.1168 0.2296, 1.75 -0.1219 0.235, 1.75 -0.1279 0.2389, 1.75 -0.1521 0.2648, 1.75 -0.1607 0.275, 1.75 -0.2478 0.2529, 1.75 -0.1615 0.2758, 1.75 -0.1722 0.2832, 1.75 -0.242 0.2649, 1.75 -0.2976 0.244, 1.75 -0.2505 0.2543, 1.75 -0.1443 0.244, 1.75 -0.1462 0.2526, 1.75 -0.259 0.2575, 1.75 -0.268 0.2586, 1.75 -0.272 0.2584, 1.75 -0.2335 0.2751, 1.75 -0.1841 0.2877, 1.75 -0.2234 0.2825, 1.75 -0.197 0.2893, 1.75 -0.211 0.2875, 1.75 -0.2814 0.2561, 1.75 -0.2898 0.2516, 1.75 -0.2963 0.2459, 1.75 -0.0993 0.244, 1.75 -0.0941 0.2367, 1.75 -0.0907 0.2283, 1.75 0.1314 0.2131, 1.75 0.1207 0.2131, 1.75 0.1039 0.2131, 1.75 0.1108 0.1838, 1.75 0.1108 0.1658, 1.75 0.1207 0.1838, 1.75 0.1207 0.1658, 1.75 0.1298 0.1838, 1.75 0.1326 0.1658, 1.75 0.1298 0.1899, 1.75 0.1314 0.207, 1.75 0.1207 0.1899, 1.75 0.1207 0.207, 1.75 0.1108 0.1899, 1.75 0.1108 0.207, 1.75 0.0897 0.1978, 1.75 0.0967 0.1978, 1.75 0.0708 0.2283, 1.75 0.0708 0.1886, 1.75 0.0775 0.1692, 1.75 0.0793 0.1691, 1.75 0.1376 0.1593, 1.75 0.1326 0.1597, 1.75 0.1207 0.1593, 1.75 0.1207 0.1597, 1.75 0.1039 0.1597, 1.75 0.0783 0.1661, 1.75 0.0785 0.1661, 1.75 0.0788 0.1674, 1.75 0.0308 0.168, 1.75 0.024 0.2283, 1.75 0.024 0.1593, 1.75 0.0334 0.1663, 1.75 0.0339 0.1662, 1.75 0.0339 0.1803, 1.75 0.0328 0.1815, 1.75 0.0319 0.1829, 1.75 0.0312 0.185, 1.75 0.0309 0.1876, 1.75 0.0311 0.19, 1.75 0.0339 0.1804, 1.75 0.0368 0.1593, 1.75 0.0356 0.1594, 1.75 0.0339 0.1593, 1.75 0.0339 0.16, 1.75 0.0308 0.1611, 1.75 0.0412 0.1588, 1.75 0.0339 0.1381, 1.75 0.0451 0.1593, 1.75 0.0583 0.1381, 1.75 0.0543 0.1764, 1.75 0.0556 0.1746, 1.75 0.0548 0.1905, 1.75 0.0352 0.1957, 1.75 0.0371 0.1969, 1.75 0.0339 0.2283, 1.75 0.0319 0.1921, 1.75 0.0332 0.1939, 1.75 0.0339 0.1946, 1.75 0.0563 0.1726, 1.75 0.0566 0.1701, 1.75 0.0583 0.1593, 1.75 0.0563 0.1674, 1.75 0.0554 0.1653, 1.75 0.0542 0.1635, 1.75 0.0408 0.1982, 1.75 0.0457 0.1987, 1.75 0.0583 0.2283, 1.75 0.0548 0.197, 1.75 0.0496 0.1984, 1.75 0.0523 0.1619, 1.75 0.0506 0.1608, 1.75 0.0471 0.1595, 1.75 0.0451 0.1933, 1.75 0.0431 0.1931, 1.75 0.0378 0.1882, 1.75 0.0413 0.1927, 1.75 0.0398 0.1919, 1.75 0.0378 0.1873, 1.75 0.0381 0.1862, 1.75 0.0386 0.1853, 1.75 0.0392 0.1846, 1.75 0.0416 0.1831, 1.75 0.0495 0.1928, 1.75 0.0457 0.1813, 1.75 0.0532 0.1914, 1.75 0.0483 0.1803, 1.75 0.0527 0.1778, 1.75 0.0388 0.191, 1.75 0.0382 0.1901, 1.75 0.0379 0.1892, 1.75 0.0376 0.1648, 1.75 0.041 0.1765, 1.75 0.037 0.1783, 1.75 0.0418 0.1643, 1.75 0.0421 0.1643, 1.75 0.0454 0.1746, 1.75 0.0456 0.1647, 1.75 0.0497 0.1694, 1.75 0.0496 0.1703, 1.75 0.0473 0.1653, 1.75 0.0479 0.1657, 1.75 0.0487 0.1664, 1.75 0.0492 0.1672, 1.75 0.0496 0.1682, 1.75 0.0493 0.1713, 1.75 0.0488 0.1722, 1.75 0.048 0.1731, 1.75 0.1876 0.244, 1.75 0.1703 0.2444, 1.75 0.1626 0.2444, 1.75 0.1499 0.2978, 1.75 0.1876 0.2982, 1.75 0.1376 0.2982, 1.75 0.1298 0.2444, 1.75 0.1222 0.2444, 1.75 0.1207 0.244, 1.75 0.1376 0.259, 1.75 0.135 0.259, 1.75 0.1207 0.2982, 1.75 0.1376 0.2848, 1.75 0.1426 0.2978, 1.75 0.0657 0.2505, 1.75 0.0657 0.2444, 1.75 0.0708 0.244, 1.75 0.0645 0.2916, 1.75 0.0708 0.2982, 1.75 0.0645 0.2978, 1.75 0.0583 0.2982, 1.75 0.0583 0.2978, 1.75 0.0439 0.2684, 1.75 0.0439 0.2505, 1.75 0.0583 0.2684, 1.75 0.0583 0.2505, 1.75 0.063 0.2684, 1.75 0.063 0.2746, 1.75 0.0439 0.2916, 1.75 0.0439 0.2746, 1.75 0.0583 0.2916, 1.75 0.0583 0.2746, 1.75 0.037 0.2444, 1.75 0.0339 0.244, 1.75 0.0583 0.244, 1.75 0.0583 0.2444, 1.75 0.037 0.2978, 1.75 0.0339 0.2982, 1.75 -0.0057 0.2771, 1.75 0.024 0.2522, 1.75 -0.004 0.2818, 1.75 -0.0016 0.2857, 1.75 -0.0064 0.2705, 1.75 -0.0064 0.27, 1.75 0.0212 0.2509, 1.75 0.0152 0.2498, 1.75 0.0263 0.2893, 1.75 0.0263 0.2532, 1.75 0.0254 0.2898, 1.75 0.024 0.2903, 1.75 0.0199 0.2918, 1.75 -0.0056 0.2634, 1.75 -0.0039 0.2591, 1.75 -0.0012 0.2553, 1.75 0.0137 0.2925, 1.75 0.0114 0.2924, 1.75 0.0068 0.2914, 1.75 -0.0002 0.2543, 1.75 0.0033 0.2518, 1.75 0.0026 0.2894, 1.75 -0.0008 0.2865, 1.75 0.0071 0.2503, 1.75 0.0125 0.2496, 1.75 0.0192 0.2982, 1.75 0.0211 0.2981, 1.75 0.024 0.2982, 1.75 0.024 0.2972, 1.75 0.0263 0.2965, 1.75 -0.0113 0.5906, 1.75 0.0093 0.2982, 1.75 0.0 0.5906, 1.75 0.0137 0.2987, 1.75 0.024 0.5906, 1.75 0.0142 0.2987, 1.75 -0.0113 0.2982, 1.75 0.0013 0.296, 1.75 0.007 0.298, 1.75 -0.0096 0.2861, 1.75 -0.0059 0.2908, 1.75 -0.0041 0.2926, 1.75 -0.0145 0.2982, 1.75 -0.0122 0.2803, 1.75 -0.0113 0.2824, 1.75 -0.0113 0.258, 1.75 -0.0126 0.2615, 1.75 -0.0145 0.244, 1.75 -0.0136 0.2701, 1.75 -0.0135 0.2734, 1.75 0.0025 0.2449, 1.75 -0.0025 0.2472, 1.75 -0.0113 0.244, 1.75 -0.0068 0.2508, 1.75 -0.0073 0.2514, 1.75 -0.0105 0.2559, 1.75 0.0069 0.244, 1.75 -0.0113 0.2283, 1.75 0.0083 0.2437, 1.75 0.0115 0.2435, 1.75 0.0163 0.244, 1.75 0.0263 0.2466, 1.75 0.0254 0.2462, 1.75 0.024 0.244, 1.75 0.024 0.2457, 1.75 0.0197 0.2443, 1.75 -0.0062 0.1779, 1.75 -0.0051 0.1887, 1.75 -0.0075 0.176, 1.75 -0.0084 0.1736, 1.75 -0.0113 0.1593, 1.75 -0.0077 0.1646, 1.75 -0.0085 0.1669, 1.75 0.0096 0.1931, 1.75 0.0074 0.1933, 1.75 0.0038 0.1824, 1.75 0.012 0.1984, 1.75 0.0148 0.1975, 1.75 0.017 0.1963, 1.75 0.0188 0.1946, 1.75 0.0202 0.1924, 1.75 -0.0041 0.1797, 1.75 -0.0013 0.1811, 1.75 -0.0004 0.1916, 1.75 0.0038 0.193, 1.75 -0.0033 0.1603, 1.75 -0.0056 0.1618, 1.75 -0.0063 0.1626, 1.75 0.0151 0.1656, 1.75 0.0149 0.1656, 1.75 0.0151 0.1597, 1.75 0.0139 0.164, 1.75 0.0118 0.1618, 1.75 -0.0089 0.1699, 1.75 -0.0088 0.1707, 1.75 -0.0051 0.1952, 1.75 -0.0033 0.1962, 1.75 0.0018 0.198, 1.75 0.008 0.1987, 1.75 0.0212 0.1894, 1.75 0.0218 0.1843, 1.75 0.0218 0.1597, 1.75 0.0151 0.184, 1.75 0.0149 0.1869, 1.75 0.0142 0.1893, 1.75 0.0134 0.1907, 1.75 0.0124 0.1917, 1.75 0.0112 0.1925, 1.75 0.0069 0.1593, 1.75 0.0067 0.1592, 1.75 0.024 0.1381, 1.75 -0.0113 0.1381, 1.75 0.0032 0.1588, 1.75 -0.0007 0.1593, 1.75 -0.0008 0.1593, 1.75 0.0675 0.1978, 1.75 0.0601 0.1978, 1.75 0.0748 0.1593, 1.75 0.075 0.1598, 1.75 0.0708 0.1706, 1.75 0.0721 0.1529, 1.75 0.0708 0.1593, 1.75 0.0708 0.1505, 1.75 0.0708 0.1505, 1.75 0.0614 0.1483, 1.75 0.0614 0.1423, 1.75 0.0628 0.1478, 1.75 0.0652 0.1475, 1.75 0.0668 0.1477, 1.75 0.0708 0.143, 1.75 0.0684 0.1421, 1.75 0.0708 0.1381, 1.75 0.0657 0.1418, 1.75 0.0643 0.1418, 1.75 0.0683 0.1482, 1.75 0.0695 0.1491, 1.75 0.0794 0.154, 1.75 0.0763 0.1481, 1.75 0.1207 0.1381, 1.75 0.0814 0.1593, 1.75 0.0739 0.1451, 1.75 0.0734 0.1447, 1.75 0.0711 0.1431, 1.75 0.3548 0.1381, 1.75 0.1876 0.0787, 1.75 0.1876 0.1381, 1.75 0.1376 0.0787, 1.75 0.1376 0.1381, 1.75 0.1207 0.0787, 1.75 0.0708 0.0787, 1.75 0.0583 0.0787, 1.75 0.0339 0.0787, 1.75 0.024 0.0787, 1.75 0.0 0.0787, 1.75 -0.0113 0.0787, 1.75 0.0094 0.1602, 1.75 -0.044 0.2131, 1.75 -0.044 0.1597, 1.75 -0.0145 0.1593, 1.75 -0.0145 0.1381, 1.75 -0.0145 0.0787, 1.75 -0.0165 0.2131, 1.75 -0.0145 0.2283, 1.75 -0.0165 0.207, 1.75 -0.0153 0.1658, 1.75 -0.0153 0.1597, 1.75 -0.0371 0.1838, 1.75 -0.0371 0.1658, 1.75 -0.018 0.1838, 1.75 -0.018 0.1899, 1.75 -0.0371 0.1899, 1.75 -0.0371 0.207, 1.75 0.1846 0.1772, 1.75 0.1819 0.1717, 1.75 0.1876 0.1593, 1.75 0.1724 0.1631, 1.75 0.1663 0.1608, 1.75 0.1573 0.1597, 1.75 0.1427 0.1597, 1.75 0.1427 0.2131, 1.75 0.1579 0.2131, 1.75 0.1876 0.2283, 1.75 0.1667 0.212, 1.75 0.173 0.2096, 1.75 0.1836 0.1989, 1.75 0.1854 0.1936, 1.75 0.1861 0.1871, 1.75 0.1859 0.1834, 1.75 0.1781 0.1672, 1.75 0.1775 0.1667, 1.75 0.1781 0.206, 1.75 0.1804 0.2037, 1.75 0.1967 0.1597, 1.75 0.1891 0.1597, 1.75 0.2295 0.1597, 1.75 0.224 0.1743, 1.75 0.2018 0.1743, 1.75 0.2094 0.2131, 1.75 0.2168 0.2131, 1.75 0.3548 0.1593, 1.75 0.1572 0.259, 1.75 -0.044 0.2444, 1.75 -0.044 0.2978, 1.75 -0.0158 0.2444, 1.75 0.1055 0.2478, 1.75 0.0994 0.2455, 1.75 0.0905 0.2444, 1.75 0.0758 0.2444, 1.75 0.1177 0.2618, 1.75 0.115 0.2564, 1.75 0.0758 0.2978, 1.75 0.091 0.2978, 1.75 0.0998 0.2967, 1.75 0.1062 0.2942, 1.75 0.1167 0.2835, 1.75 0.1186 0.2783, 1.75 0.1193 0.2718, 1.75 0.1191 0.268, 1.75 0.1112 0.2519, 1.75 0.1107 0.2514, 1.75 0.1112 0.2907, 1.75 0.1136 0.2884, 1.75 0.2371 0.1597, 1.75 0.3548 0.2283, 1.75 0.3548 0.244, 1.75 0.3548 0.2982, 1.75 0.4724 0.1593, 1.75 0.4724 0.2283, 1.75 0.4724 0.244, 1.75 0.4724 0.2982, 1.75 -0.0145 0.5906, 1.75 0.4724 0.5906, 1.75 0.3548 0.5906, 1.75 0.1876 0.5906, 1.75 0.1376 0.5906, 1.75 0.1207 0.5906, 1.75 0.0708 0.5906, 1.75 0.0583 0.5906, 1.75 0.0339 0.5906, 0.2045 -0.5512 0.0787, -0.2045 -0.5512 0.0787, 0.25 -0.4724 0.0787, -0.25 -0.4724 0.0787, 0.7045 -0.5512 0.0787, 0.2955 -0.5512 0.0787, 0.75 -0.4724 0.0787, 1.2045 -0.5512 0.0787, 0.7955 -0.5512 0.0787, 1.25 -0.4724 0.0787, 0.75 -0.44 0.0787, 0.25 -0.44 0.0787, 1.25 -0.44 0.0787, 1.6644 -0.44 0.0787, 1.2955 -0.5512 0.0787, 1.6644 -0.5512 0.0787, 1.7045 -0.5512 0.0787, 1.7045 0.5512 0.0787, 1.6644 0.5512 0.0787, 1.6644 0.0 0.0787, 1.25 0.4724 0.0787, 1.4213 0.3287 0.0787, 1.25 0.0 0.0787, 1.4213 0.1713 0.0787, 1.5787 0.1713 0.0787, 1.2955 0.5512 0.0787, 1.5787 0.3287 0.0787, 0.75 0.4724 0.0787, 0.7955 0.5512 0.0787, 0.9213 0.3287 0.0787, 1.2045 0.5512 0.0787, 1.0787 0.3287 0.0787, 1.0787 0.1713 0.0787, 0.9213 0.1713 0.0787, 0.75 0.0 0.0787, 0.25 0.4724 0.0787, 0.2955 0.5512 0.0787, 0.4213 0.3287 0.0787, 0.7045 0.5512 0.0787, 0.5787 0.3287 0.0787, 0.5787 0.1713 0.0787, 0.4213 0.1713 0.0787, 0.25 0.0 0.0787, -0.25 0.4724 0.0787, -0.2045 0.5512 0.0787, -0.0787 0.3287 0.0787, 0.2045 0.5512 0.0787, 0.0787 0.3287 0.0787, 0.0787 0.1713 0.0787, -0.0787 0.1713 0.0787, -0.25 0.0 0.0787, -0.75 0.4724 0.0787, -0.7045 0.5512 0.0787, -0.5787 0.3287 0.0787, -0.2955 0.5512 0.0787, -0.4213 0.3287 0.0787, -0.4213 0.1713 0.0787, -0.5787 0.1713 0.0787, -0.75 0.0 0.0787, -1.25 0.4724 0.0787, -1.2045 0.5512 0.0787, -1.0787 0.3287 0.0787, -0.7955 0.5512 0.0787, -0.9213 0.3287 0.0787, -0.9213 0.1713 0.0787, -1.0787 0.1713 0.0787, -1.25 0.0 0.0787, -1.75 0.4724 0.0787, -1.7045 0.5512 0.0787, -1.5787 0.3287 0.0787, -1.2955 0.5512 0.0787, -1.4213 0.3287 0.0787, -1.4213 0.1713 0.0787, -1.5787 0.1713 0.0787, -1.75 0.0 0.0787, -1.2955 -0.5512 0.0787, -1.7045 -0.5512 0.0787, -1.25 -0.4724 0.0787, -1.75 -0.4724 0.0787, -1.75 -0.44 0.0787, -0.7955 -0.5512 0.0787, -1.2045 -0.5512 0.0787, -0.75 -0.4724 0.0787, -1.25 -0.44 0.0787, -0.25 -0.44 0.0787, -0.75 -0.44 0.0787, -0.2955 -0.5512 0.0787, -0.7045 -0.5512 0.0787, -1.4213 -0.1713 0.0787, -1.4213 -0.3287 0.0787, -1.5787 -0.3287 0.0787, -1.5787 -0.1713 0.0787, -0.9213 -0.1713 0.0787, -0.9213 -0.3287 0.0787, -1.0787 -0.3287 0.0787, -1.0787 -0.1713 0.0787, -0.4213 -0.1713 0.0787, -0.4213 -0.3287 0.0787, -0.5787 -0.3287 0.0787, -0.5787 -0.1713 0.0787, 0.0787 -0.1713 0.0787, 0.0787 -0.3287 0.0787, -0.0787 -0.3287 0.0787, -0.0787 -0.1713 0.0787, 0.5787 -0.1713 0.0787, 0.5787 -0.3287 0.0787, 0.4213 -0.3287 0.0787, 0.4213 -0.1713 0.0787, 1.0787 -0.1713 0.0787, 1.0787 -0.3287 0.0787, 0.9213 -0.3287 0.0787, 0.9213 -0.1713 0.0787, 1.5787 -0.1713 0.0787, 1.5787 -0.3287 0.0787, 1.4213 -0.3287 0.0787, 1.4213 -0.1713 0.0787, -0.1363 0.6693 0.0, 0.1363 0.6693 0.0, -0.2045 0.5512 0.0, 0.2045 0.5512 0.0, 0.1363 0.6693 0.5906, 0.25 0.4724 0.5906, -0.25 0.4724 0.5906, -0.1363 0.6693 0.5906, 0.1363 -0.6693 0.5906, -0.1363 -0.6693 0.5906, 0.1363 -0.6693 0.0, -0.1363 -0.6693 0.0, 1.4213 0.3287 0.5906, 1.5787 0.3287 0.5906, -1.75 -0.4724 0.5906, -1.7347 -0.499 0.5906, -1.6644 -0.499 0.5906, -1.6644 -0.6208 0.5906, 0.2347 -0.499 0.5906, -0.2347 -0.499 0.5906, 0.0787 -0.3287 0.5906, -0.0787 -0.3287 0.5906, 0.25 -0.4724 0.5906, 0.0787 -0.1713 0.5906, 0.25 0.0 0.5906, -0.0787 -0.1713 0.5906, -0.25 0.0 0.5906, -0.25 -0.4724 0.5906, -0.4213 -0.3287 0.5906, -0.2653 -0.499 0.5906, -0.5787 -0.3287 0.5906, -0.7347 -0.499 0.5906, -0.4213 -0.1713 0.5906, -0.5787 -0.1713 0.5906, -0.75 0.0 0.5906, -0.75 -0.4724 0.5906, -0.6363 -0.6693 0.5906, -0.3637 -0.6693 0.5906, -0.9213 -0.3287 0.5906, -0.7653 -0.499 0.5906, -1.0787 -0.3287 0.5906, -1.2347 -0.499 0.5906, -0.9213 -0.1713 0.5906, -1.0787 -0.1713 0.5906, -1.25 0.0 0.5906, -1.25 -0.4724 0.5906, -1.1363 -0.6693 0.5906, -0.8637 -0.6693 0.5906, -1.5787 -0.3287 0.5906, -1.5787 -0.1713 0.5906, -1.6644 0.0 0.5906, -1.4213 -0.1713 0.5906, -1.4213 -0.3287 0.5906, -1.2653 -0.499 0.5906, -1.6363 -0.6693 0.5906, -1.3637 -0.6693 0.5906, -1.75 0.0 0.5906, -1.25 0.4724 0.5906, -1.3637 0.6693 0.5906, -1.4213 0.3287 0.5906, -1.6363 0.6693 0.5906, -1.5787 0.3287 0.5906, -1.6644 0.6208 0.5906, -1.75 0.4724 0.5906, -1.4213 0.1713 0.5906, -1.5787 0.1713 0.5906, -0.8637 0.6693 0.5906, -1.1363 0.6693 0.5906, -0.75 0.4724 0.5906, -1.0787 0.3287 0.5906, -1.0787 0.1713 0.5906, -0.9213 0.1713 0.5906, -0.9213 0.3287 0.5906, -0.3637 0.6693 0.5906, -0.6363 0.6693 0.5906, -0.5787 0.3287 0.5906, -0.5787 0.1713 0.5906, -0.4213 0.1713 0.5906, -0.4213 0.3287 0.5906, -0.0787 0.3287 0.5906, 0.0787 0.3287 0.5906, 0.0787 0.1713 0.5906, -0.0787 0.1713 0.5906, 0.6363 0.6693 0.5906, 0.3637 0.6693 0.5906, 0.75 0.4724 0.5906, 0.4213 0.3287 0.5906, 0.4213 0.1713 0.5906, 0.5787 0.1713 0.5906, 0.75 0.0 0.5906, 0.5787 0.3287 0.5906, 1.1363 0.6693 0.5906, 0.8637 0.6693 0.5906, 1.25 0.4724 0.5906, 0.9213 0.3287 0.5906, 0.9213 0.1713 0.5906, 1.0787 0.1713 0.5906, 1.25 0.0 0.5906, 1.0787 0.3287 0.5906, 1.6363 0.6693 0.5906, 1.3637 0.6693 0.5906, 1.4213 0.1713 0.5906, 1.5787 0.1713 0.5906, 1.5787 -0.1713 0.5906, 1.5787 -0.3287 0.5906, 1.4213 -0.3287 0.5906, 1.2653 -0.499 0.5906, 1.7347 -0.499 0.5906, 1.4213 -0.1713 0.5906, 1.25 -0.4724 0.5906, 1.3637 -0.6693 0.5906, 1.6363 -0.6693 0.5906, 1.0787 -0.3287 0.5906, 1.2347 -0.499 0.5906, 0.9213 -0.3287 0.5906, 0.7653 -0.499 0.5906, 1.0787 -0.1713 0.5906, 0.9213 -0.1713 0.5906, 0.75 -0.4724 0.5906, 0.8637 -0.6693 0.5906, 1.1363 -0.6693 0.5906, 0.5787 -0.3287 0.5906, 0.7347 -0.499 0.5906, 0.4213 -0.3287 0.5906, 0.2653 -0.499 0.5906, 0.5787 -0.1713 0.5906, 0.4213 -0.1713 0.5906, 0.3637 -0.6693 0.5906, 0.6363 -0.6693 0.5906, 0.2045 -0.5512 0.0, -0.2045 -0.5512 0.0, -0.6363 0.6693 0.0, -0.3637 0.6693 0.0, -0.7045 0.5512 0.0, -0.2955 0.5512 0.0, -0.3637 -0.6693 0.0, -0.6363 -0.6693 0.0, -0.2955 -0.5512 0.0, -0.7045 -0.5512 0.0, -1.1363 0.6693 0.0, -0.8637 0.6693 0.0, -1.2045 0.5512 0.0, -0.7955 0.5512 0.0, -0.8637 -0.6693 0.0, -1.1363 -0.6693 0.0, -0.7955 -0.5512 0.0, -1.2045 -0.5512 0.0, -1.6363 0.6693 0.0, -1.3637 0.6693 0.0, -1.7045 0.5512 0.0, -1.2955 0.5512 0.0, -1.3637 -0.6693 0.0, -1.6363 -0.6693 0.0, -1.2955 -0.5512 0.0, -1.7045 -0.5512 0.0, 0.3637 0.6693 0.0, 0.6363 0.6693 0.0, 0.2955 0.5512 0.0, 0.7045 0.5512 0.0, 0.6363 -0.6693 0.0, 0.3637 -0.6693 0.0, 0.7045 -0.5512 0.0, 0.2955 -0.5512 0.0, 0.8637 0.6693 0.0, 1.1363 0.6693 0.0, 0.7955 0.5512 0.0, 1.2045 0.5512 0.0, 1.1363 -0.6693 0.0, 0.8637 -0.6693 0.0, 1.2045 -0.5512 0.0, 0.7955 -0.5512 0.0, 1.3637 0.6693 0.0, 1.6363 0.6693 0.0, 1.2955 0.5512 0.0, 1.7045 0.5512 0.0, 1.6363 -0.6693 0.0, 1.3637 -0.6693 0.0, 1.7045 -0.5512 0.0, 1.2955 -0.5512 0.0, 1.2955 -0.5512 0.0
            ]
        }
        coordIndex [
            0,1,2,-1,3,4,5,-1,6,7,8,-1,9,10,11,-1,11,10,12,-1,13,14,11,-1,11,14,15,-1,11,15,16,-1,16,17,11,-1,11,17,18,-1,11,18,9,-1,19,20,21,-1,21,20,22,-1,22,20,23,-1,22,23,24,-1,19,21,25,-1,25,21,26,-1,25,26,27,-1,28,29,26,-1,26,29,30,-1,26,30,31,-1,26,32,27,-1,27,32,33,-1,27,33,34,-1,34,33,35,-1,34,35,36,-1,31,37,26,-1,26,37,38,-1,26,38,32,-1,39,40,41,-1,39,41,42,-1,40,43,41,-1,41,43,44,-1,41,44,45,-1,45,44,46,-1,46,47,45,-1,45,47,48,-1,45,48,28,-1,28,48,49,-1,28,49,29,-1,50,42,51,-1,51,42,41,-1,51,41,52,-1,52,41,53,-1,52,53,54,-1,54,53,55,-1,56,57,58,-1,53,59,60,-1,55,53,61,-1,61,53,60,-1,61,60,62,-1,58,63,56,-1,56,63,64,-1,56,64,60,-1,60,64,65,-1,60,65,62,-1,66,67,57,-1,57,67,68,-1,57,68,69,-1,69,70,57,-1,57,70,71,-1,57,71,58,-1,72,73,74,-1,75,76,77,-1,78,79,66,-1,80,81,82,-1,82,81,83,-1,75,77,84,-1,78,66,85,-1,74,73,66,-1,66,73,86,-1,66,86,85,-1,76,87,77,-1,77,87,88,-1,77,88,89,-1,90,91,92,-1,92,91,93,-1,92,93,94,-1,95,96,97,-1,97,96,98,-1,97,98,92,-1,92,98,99,-1,92,99,90,-1,95,100,96,-1,96,100,101,-1,96,101,81,-1,81,101,102,-1,81,102,83,-1,103,104,105,-1,105,104,106,-1,105,106,77,-1,77,106,107,-1,77,107,84,-1,89,108,77,-1,77,108,109,-1,77,109,110,-1,111,112,67,-1,67,112,113,-1,67,113,114,-1,114,115,67,-1,67,115,116,-1,67,116,117,-1,117,116,103,-1,117,103,118,-1,118,103,105,-1,79,119,66,-1,66,119,120,-1,66,120,67,-1,67,120,121,-1,67,121,111,-1,122,123,77,-1,77,123,124,-1,77,124,81,-1,81,124,125,-1,81,125,126,-1,110,127,77,-1,77,127,128,-1,77,128,122,-1,129,130,131,-1,129,131,132,-1,126,133,81,-1,81,133,131,-1,81,131,96,-1,96,131,130,-1,96,130,134,-1,134,130,135,-1,136,137,131,-1,131,137,138,-1,131,138,132,-1,139,140,141,-1,140,142,141,-1,141,142,143,-1,141,143,144,-1,145,141,146,-1,135,130,145,-1,145,130,147,-1,145,147,141,-1,141,147,148,-1,141,148,139,-1,146,149,145,-1,145,149,150,-1,145,150,151,-1,144,143,152,-1,152,143,153,-1,152,153,154,-1,154,153,155,-1,154,155,156,-1,157,158,151,-1,151,158,159,-1,151,159,145,-1,10,160,12,-1,12,160,161,-1,12,161,74,-1,74,161,162,-1,74,162,72,-1,163,4,164,-1,164,4,3,-1,164,3,165,-1,166,167,168,-1,168,167,169,-1,168,169,170,-1,170,169,171,-1,170,171,172,-1,172,171,173,-1,172,173,174,-1,174,173,175,-1,174,175,176,-1,176,175,177,-1,178,179,180,-1,181,182,183,-1,163,173,4,-1,4,173,171,-1,4,171,184,-1,184,171,185,-1,184,185,186,-1,186,185,187,-1,186,187,188,-1,189,190,182,-1,182,190,191,-1,182,191,183,-1,192,193,194,-1,195,196,197,-1,198,199,192,-1,199,200,192,-1,192,200,201,-1,192,201,193,-1,193,201,202,-1,195,197,192,-1,192,197,203,-1,192,203,198,-1,204,205,206,-1,206,205,207,-1,206,207,194,-1,194,207,208,-1,194,208,192,-1,209,210,211,-1,211,210,212,-1,213,214,215,-1,216,217,218,-1,202,219,193,-1,193,219,220,-1,193,220,218,-1,218,220,221,-1,218,221,216,-1,222,223,224,-1,223,225,224,-1,224,225,226,-1,224,226,227,-1,217,228,218,-1,218,228,229,-1,218,229,230,-1,214,222,215,-1,215,222,224,-1,215,224,231,-1,231,224,230,-1,231,230,232,-1,232,230,229,-1,227,233,224,-1,224,233,234,-1,224,234,235,-1,236,237,238,-1,238,237,239,-1,238,239,240,-1,238,241,236,-1,236,241,242,-1,236,242,243,-1,243,244,236,-1,236,244,245,-1,236,245,246,-1,246,245,247,-1,246,247,248,-1,248,247,249,-1,248,249,215,-1,215,249,250,-1,215,250,213,-1,251,252,240,-1,240,252,253,-1,240,253,238,-1,254,255,196,-1,196,255,256,-1,196,256,197,-1,254,257,255,-1,255,257,258,-1,255,258,259,-1,259,258,260,-1,259,261,262,-1,260,263,259,-1,259,263,264,-1,259,264,265,-1,265,266,259,-1,259,266,267,-1,259,267,261,-1,262,268,259,-1,259,268,269,-1,259,269,270,-1,271,272,273,-1,272,271,274,-1,274,271,275,-1,274,275,276,-1,277,278,279,-1,5,280,281,-1,279,278,282,-1,282,278,283,-1,282,283,276,-1,276,283,284,-1,276,284,274,-1,285,286,287,-1,288,289,290,-1,290,289,291,-1,290,291,292,-1,293,294,295,-1,295,294,296,-1,295,296,297,-1,297,296,285,-1,297,285,298,-1,299,300,301,-1,301,300,302,-1,301,302,288,-1,303,304,305,-1,287,286,305,-1,305,286,306,-1,305,306,303,-1,292,291,307,-1,307,291,308,-1,307,308,303,-1,309,310,311,-1,311,310,312,-1,309,313,310,-1,310,313,314,-1,310,314,315,-1,315,314,316,-1,303,308,304,-1,304,308,317,-1,304,317,318,-1,318,317,319,-1,318,319,310,-1,310,319,320,-1,310,320,321,-1,322,323,324,-1,321,325,310,-1,310,325,326,-1,310,326,327,-1,322,324,314,-1,314,324,328,-1,314,328,329,-1,327,330,310,-1,310,330,331,-1,310,331,312,-1,329,332,314,-1,314,332,333,-1,314,333,316,-1,334,335,336,-1,336,335,337,-1,336,337,308,-1,308,337,338,-1,308,338,317,-1,339,340,341,-1,341,340,342,-1,341,342,343,-1,343,342,344,-1,345,346,347,-1,348,349,345,-1,345,349,350,-1,345,350,346,-1,351,352,345,-1,345,352,353,-1,345,353,348,-1,354,355,356,-1,356,355,357,-1,356,357,351,-1,351,357,358,-1,351,358,352,-1,359,360,361,-1,361,360,362,-1,362,363,361,-1,361,363,364,-1,361,364,354,-1,359,361,365,-1,365,361,366,-1,365,366,367,-1,367,366,368,-1,368,366,193,-1,368,193,369,-1,318,370,304,-1,304,370,371,-1,304,371,372,-1,372,371,373,-1,372,373,374,-1,375,376,377,-1,377,376,378,-1,379,380,381,-1,382,383,384,-1,385,386,193,-1,386,387,193,-1,193,387,388,-1,193,388,389,-1,375,390,376,-1,376,390,391,-1,376,391,392,-1,392,391,384,-1,392,384,393,-1,393,384,383,-1,394,395,379,-1,379,395,396,-1,379,396,380,-1,397,398,399,-1,399,398,400,-1,399,400,401,-1,381,402,379,-1,379,402,403,-1,379,403,366,-1,366,403,378,-1,366,378,404,-1,404,378,376,-1,404,405,366,-1,366,405,406,-1,366,406,193,-1,193,406,407,-1,193,407,385,-1,389,408,193,-1,193,408,409,-1,193,409,194,-1,194,409,410,-1,194,410,399,-1,411,412,384,-1,384,412,413,-1,384,413,414,-1,414,415,384,-1,384,415,416,-1,384,416,382,-1,417,418,419,-1,419,418,420,-1,418,421,420,-1,420,421,422,-1,420,422,379,-1,379,422,423,-1,379,423,394,-1,183,178,181,-1,181,178,180,-1,181,180,424,-1,424,180,425,-1,426,427,428,-1,429,430,431,-1,431,430,432,-1,430,224,433,-1,235,211,224,-1,224,211,212,-1,224,212,433,-1,433,212,434,-1,433,435,430,-1,430,435,436,-1,430,436,437,-1,438,439,440,-1,440,439,441,-1,440,441,212,-1,212,441,442,-1,212,442,434,-1,437,443,430,-1,430,443,444,-1,430,444,432,-1,445,446,447,-1,445,447,448,-1,446,449,447,-1,447,449,450,-1,447,450,440,-1,440,450,451,-1,440,451,438,-1,6,452,453,-1,453,452,454,-1,453,454,455,-1,455,454,456,-1,455,456,457,-1,457,456,447,-1,457,447,458,-1,458,447,440,-1,458,440,459,-1,459,440,212,-1,459,212,460,-1,460,212,210,-1,460,210,461,-1,461,210,419,-1,461,419,462,-1,462,419,420,-1,462,420,463,-1,209,204,210,-1,210,204,206,-1,210,206,419,-1,419,206,194,-1,419,194,417,-1,417,194,399,-1,417,399,464,-1,464,399,401,-1,465,74,466,-1,466,74,66,-1,466,66,467,-1,467,66,57,-1,467,57,468,-1,468,57,56,-1,468,56,469,-1,465,470,471,-1,470,472,471,-1,471,472,473,-1,471,473,467,-1,467,473,474,-1,467,474,466,-1,475,476,477,-1,477,476,473,-1,477,473,478,-1,478,473,472,-1,478,472,479,-1,479,472,480,-1,481,482,483,-1,484,485,483,-1,483,485,486,-1,483,486,184,-1,184,486,487,-1,184,487,4,-1,4,487,488,-1,4,488,489,-1,490,491,492,-1,493,494,490,-1,490,494,495,-1,490,495,483,-1,483,495,496,-1,483,496,481,-1,482,497,483,-1,483,497,498,-1,483,498,484,-1,492,499,490,-1,490,499,500,-1,490,500,493,-1,501,502,483,-1,503,504,505,-1,483,502,490,-1,490,502,506,-1,490,506,507,-1,354,356,361,-1,361,356,471,-1,361,471,366,-1,366,471,467,-1,366,467,379,-1,379,467,468,-1,379,468,420,-1,420,468,469,-1,420,469,463,-1,374,369,372,-1,372,369,193,-1,372,193,304,-1,304,193,218,-1,304,218,305,-1,305,218,230,-1,305,230,287,-1,452,508,454,-1,454,508,483,-1,454,483,456,-1,456,483,184,-1,456,184,447,-1,447,184,186,-1,447,186,448,-1,448,186,188,-1,448,188,179,-1,179,188,165,-1,179,165,180,-1,180,165,3,-1,180,3,279,-1,279,3,5,-1,279,5,277,-1,277,5,281,-1,509,280,273,-1,273,280,5,-1,273,5,271,-1,271,5,4,-1,271,4,490,-1,490,4,489,-1,490,489,491,-1,465,471,74,-1,74,471,356,-1,74,356,12,-1,12,356,510,-1,12,510,11,-1,510,511,11,-1,11,511,0,-1,11,0,351,-1,351,0,2,-1,351,2,356,-1,356,2,512,-1,356,512,510,-1,513,514,279,-1,515,516,287,-1,287,516,289,-1,287,289,285,-1,285,289,288,-1,285,288,298,-1,298,288,302,-1,517,518,279,-1,514,515,279,-1,279,515,287,-1,279,287,180,-1,180,287,230,-1,180,230,425,-1,425,230,224,-1,425,224,428,-1,428,224,430,-1,428,430,426,-1,426,430,429,-1,516,519,289,-1,289,519,520,-1,289,520,282,-1,282,520,521,-1,282,521,522,-1,523,524,282,-1,282,524,525,-1,282,525,279,-1,279,525,526,-1,279,526,517,-1,518,527,279,-1,279,527,528,-1,279,528,513,-1,522,529,282,-1,282,529,530,-1,282,530,523,-1,505,501,503,-1,503,501,483,-1,503,483,531,-1,531,483,508,-1,531,508,507,-1,507,508,532,-1,507,532,490,-1,490,532,533,-1,490,533,271,-1,271,533,534,-1,271,534,275,-1,6,8,452,-1,452,8,535,-1,452,535,508,-1,508,535,536,-1,508,536,532,-1,532,536,537,-1,532,537,533,-1,533,537,538,-1,533,538,534,-1,347,340,345,-1,345,340,339,-1,345,339,351,-1,351,339,539,-1,351,539,11,-1,11,539,22,-1,11,22,13,-1,13,22,24,-1,538,540,534,-1,534,540,541,-1,534,541,275,-1,275,541,542,-1,275,542,276,-1,276,542,543,-1,276,543,282,-1,282,543,544,-1,282,544,289,-1,289,544,545,-1,289,545,291,-1,291,545,546,-1,291,546,308,-1,308,546,547,-1,308,547,336,-1,336,547,343,-1,336,343,334,-1,334,343,344,-1,548,549,550,-1,550,549,551,-1,552,553,554,-1,554,553,550,-1,555,556,557,-1,557,556,554,-1,557,554,558,-1,558,554,550,-1,558,550,559,-1,558,560,557,-1,557,560,561,-1,557,561,562,-1,562,561,563,-1,563,561,59,-1,563,59,564,-1,565,7,566,-1,566,7,6,-1,566,6,567,-1,6,453,567,-1,567,453,455,-1,567,455,457,-1,457,458,567,-1,567,458,459,-1,567,459,460,-1,568,569,570,-1,570,569,571,-1,570,571,567,-1,567,571,572,-1,567,572,566,-1,568,573,569,-1,569,573,566,-1,569,566,574,-1,574,566,572,-1,575,576,577,-1,577,576,578,-1,577,578,579,-1,579,578,568,-1,579,568,580,-1,580,568,570,-1,580,570,581,-1,581,570,582,-1,581,582,577,-1,577,582,575,-1,583,584,585,-1,585,584,586,-1,585,586,587,-1,587,586,575,-1,587,575,588,-1,588,575,582,-1,588,582,589,-1,589,582,590,-1,589,590,585,-1,585,590,583,-1,591,592,593,-1,593,592,594,-1,593,594,595,-1,595,594,583,-1,595,583,596,-1,596,583,590,-1,596,590,597,-1,597,590,598,-1,597,598,593,-1,593,598,591,-1,599,600,601,-1,601,600,602,-1,601,602,603,-1,603,602,591,-1,603,591,604,-1,604,591,598,-1,604,598,605,-1,605,598,606,-1,605,606,601,-1,601,606,599,-1,607,608,609,-1,609,608,610,-1,609,610,611,-1,611,610,599,-1,611,599,612,-1,612,599,606,-1,612,606,613,-1,613,606,614,-1,613,614,609,-1,609,614,607,-1,615,616,617,-1,617,616,618,-1,617,618,619,-1,619,618,607,-1,619,607,620,-1,620,607,614,-1,620,614,621,-1,621,614,622,-1,621,622,617,-1,617,622,615,-1,623,624,625,-1,625,624,626,-1,625,626,627,-1,628,629,630,-1,630,629,625,-1,630,625,631,-1,631,625,627,-1,559,550,632,-1,632,550,551,-1,632,551,633,-1,634,635,551,-1,551,635,630,-1,551,630,633,-1,633,630,631,-1,636,614,637,-1,637,614,631,-1,637,631,638,-1,638,631,627,-1,638,627,639,-1,639,627,622,-1,639,622,636,-1,636,622,614,-1,640,606,641,-1,641,606,633,-1,641,633,642,-1,642,633,631,-1,642,631,643,-1,643,631,614,-1,643,614,640,-1,640,614,606,-1,644,598,645,-1,645,598,632,-1,645,632,646,-1,646,632,633,-1,646,633,647,-1,647,633,606,-1,647,606,644,-1,644,606,598,-1,648,590,649,-1,649,590,559,-1,649,559,650,-1,650,559,632,-1,650,632,651,-1,651,632,598,-1,651,598,648,-1,648,598,590,-1,652,582,653,-1,653,582,558,-1,653,558,654,-1,654,558,559,-1,654,559,655,-1,655,559,590,-1,655,590,652,-1,652,590,582,-1,656,570,657,-1,657,570,560,-1,657,560,658,-1,658,560,558,-1,658,558,659,-1,659,558,582,-1,659,582,656,-1,656,582,570,-1,660,567,661,-1,661,567,561,-1,661,561,662,-1,662,561,560,-1,662,560,663,-1,663,560,570,-1,663,570,660,-1,660,570,567,-1,460,461,567,-1,567,461,462,-1,567,462,463,-1,463,469,567,-1,567,469,56,-1,567,56,561,-1,561,56,60,-1,561,60,59,-1,664,665,666,-1,666,665,667,-1,667,665,594,-1,594,665,668,-1,594,668,583,-1,583,668,669,-1,664,666,592,-1,591,670,592,-1,592,670,671,-1,592,671,664,-1,665,664,668,-1,668,664,671,-1,672,673,674,-1,674,673,675,-1,676,677,540,-1,678,679,680,-1,680,679,681,-1,672,682,673,-1,673,682,683,-1,684,685,683,-1,683,682,684,-1,684,682,686,-1,684,686,687,-1,687,686,688,-1,687,688,689,-1,689,688,690,-1,689,690,685,-1,685,690,691,-1,685,691,683,-1,692,693,691,-1,692,694,695,-1,692,691,696,-1,696,691,690,-1,696,690,697,-1,697,690,698,-1,697,698,694,-1,694,698,699,-1,694,699,695,-1,692,695,693,-1,693,695,700,-1,693,700,701,-1,702,703,699,-1,702,704,705,-1,702,699,706,-1,706,699,698,-1,706,698,707,-1,707,698,708,-1,707,708,704,-1,704,708,709,-1,704,709,705,-1,702,705,703,-1,703,705,710,-1,703,710,711,-1,712,713,714,-1,714,713,708,-1,708,713,715,-1,708,715,709,-1,709,715,716,-1,709,716,717,-1,718,719,681,-1,681,719,717,-1,681,717,680,-1,680,717,716,-1,720,678,714,-1,714,678,680,-1,714,680,712,-1,712,680,716,-1,721,722,723,-1,723,722,724,-1,723,724,725,-1,725,724,726,-1,725,726,714,-1,714,726,727,-1,714,727,720,-1,721,723,708,-1,708,723,728,-1,708,728,714,-1,714,728,729,-1,714,729,725,-1,730,731,721,-1,732,730,733,-1,733,730,721,-1,733,721,734,-1,734,721,708,-1,734,708,735,-1,735,708,698,-1,735,698,736,-1,736,698,732,-1,736,732,733,-1,737,738,732,-1,670,737,739,-1,739,737,732,-1,739,732,740,-1,740,732,698,-1,740,698,741,-1,741,698,690,-1,741,690,742,-1,742,690,670,-1,742,670,739,-1,671,670,668,-1,668,670,743,-1,668,743,669,-1,669,743,744,-1,669,744,688,-1,688,744,745,-1,688,745,690,-1,690,745,746,-1,690,746,670,-1,670,746,743,-1,747,748,669,-1,749,747,750,-1,750,747,669,-1,750,669,751,-1,751,669,688,-1,751,688,752,-1,752,688,753,-1,752,753,754,-1,754,753,749,-1,754,749,750,-1,755,756,749,-1,757,755,758,-1,758,755,749,-1,758,749,759,-1,759,749,753,-1,759,753,760,-1,760,753,761,-1,760,761,762,-1,762,761,757,-1,762,757,758,-1,763,764,757,-1,540,763,676,-1,676,763,757,-1,676,757,765,-1,765,757,761,-1,765,761,766,-1,761,341,766,-1,766,341,343,-1,766,343,547,-1,547,546,766,-1,766,546,545,-1,766,545,544,-1,544,543,766,-1,766,543,542,-1,766,542,677,-1,677,542,541,-1,677,541,540,-1,767,22,539,-1,768,769,770,-1,22,767,21,-1,21,767,768,-1,21,768,771,-1,539,339,767,-1,767,339,341,-1,767,341,772,-1,772,341,761,-1,772,761,769,-1,769,761,773,-1,769,773,770,-1,768,770,771,-1,771,770,774,-1,771,774,775,-1,776,777,773,-1,776,778,779,-1,776,773,780,-1,780,773,761,-1,780,761,781,-1,781,761,753,-1,781,753,778,-1,778,753,782,-1,778,782,779,-1,776,779,777,-1,777,779,783,-1,777,783,784,-1,785,786,782,-1,785,787,788,-1,785,782,789,-1,789,782,753,-1,789,753,790,-1,790,753,688,-1,790,688,787,-1,787,688,686,-1,787,686,788,-1,785,788,786,-1,786,788,791,-1,786,791,792,-1,793,674,794,-1,794,674,675,-1,672,674,548,-1,548,674,793,-1,672,548,682,-1,682,548,550,-1,682,550,686,-1,549,794,675,-1,691,551,683,-1,683,551,549,-1,683,549,673,-1,673,549,675,-1,666,667,592,-1,592,667,594,-1,794,549,793,-1,793,549,548,-1,795,796,797,-1,797,796,798,-1,798,796,602,-1,602,796,737,-1,602,737,591,-1,591,737,670,-1,795,797,600,-1,599,732,600,-1,600,732,738,-1,600,738,795,-1,796,795,737,-1,737,795,738,-1,701,700,799,-1,799,700,800,-1,801,799,802,-1,802,799,800,-1,701,799,634,-1,634,799,801,-1,701,634,693,-1,693,634,551,-1,693,551,691,-1,635,802,800,-1,699,630,695,-1,695,630,635,-1,695,635,700,-1,700,635,800,-1,797,798,600,-1,600,798,602,-1,802,635,801,-1,801,635,634,-1,803,804,805,-1,805,804,806,-1,806,804,610,-1,610,804,730,-1,610,730,599,-1,599,730,732,-1,803,805,608,-1,607,721,608,-1,608,721,731,-1,608,731,803,-1,804,803,730,-1,730,803,731,-1,711,710,807,-1,807,710,808,-1,809,807,810,-1,810,807,808,-1,711,807,628,-1,628,807,809,-1,711,628,703,-1,703,628,630,-1,703,630,699,-1,629,810,808,-1,709,625,705,-1,705,625,629,-1,705,629,710,-1,710,629,808,-1,805,806,608,-1,608,806,610,-1,810,629,809,-1,809,629,628,-1,720,727,615,-1,626,678,627,-1,627,678,720,-1,627,720,622,-1,622,720,615,-1,811,812,813,-1,813,812,814,-1,814,812,618,-1,618,812,722,-1,618,722,607,-1,607,722,721,-1,724,811,616,-1,616,811,813,-1,724,616,726,-1,726,616,615,-1,726,615,727,-1,812,811,722,-1,722,811,724,-1,719,718,815,-1,815,718,816,-1,817,815,818,-1,818,815,816,-1,719,815,623,-1,623,815,817,-1,719,623,717,-1,717,623,625,-1,717,625,709,-1,818,816,624,-1,624,816,718,-1,678,626,679,-1,679,626,624,-1,679,624,681,-1,681,624,718,-1,813,814,616,-1,616,814,618,-1,818,624,817,-1,817,624,623,-1,819,820,821,-1,821,820,822,-1,822,820,586,-1,586,820,747,-1,586,747,575,-1,575,747,749,-1,819,821,584,-1,583,669,584,-1,584,669,748,-1,584,748,819,-1,820,819,747,-1,747,819,748,-1,792,791,823,-1,823,791,824,-1,825,823,826,-1,826,823,824,-1,792,823,552,-1,552,823,825,-1,792,552,786,-1,786,552,554,-1,786,554,782,-1,553,826,824,-1,686,550,788,-1,788,550,553,-1,788,553,791,-1,791,553,824,-1,821,822,584,-1,584,822,586,-1,826,553,825,-1,825,553,552,-1,827,828,829,-1,829,828,830,-1,830,828,578,-1,578,828,755,-1,578,755,568,-1,568,755,757,-1,827,829,576,-1,575,749,576,-1,576,749,756,-1,576,756,827,-1,828,827,755,-1,755,827,756,-1,784,783,831,-1,831,783,832,-1,833,831,834,-1,834,831,832,-1,784,831,555,-1,555,831,833,-1,784,555,777,-1,777,555,557,-1,777,557,773,-1,556,834,832,-1,782,554,779,-1,779,554,556,-1,779,556,783,-1,783,556,832,-1,829,830,576,-1,576,830,578,-1,834,556,833,-1,833,556,555,-1,835,836,837,-1,837,836,838,-1,8,7,565,-1,763,540,538,-1,838,836,565,-1,565,836,763,-1,538,537,763,-1,763,537,536,-1,763,536,565,-1,565,536,535,-1,565,535,8,-1,835,837,573,-1,568,757,573,-1,573,757,764,-1,573,764,835,-1,836,835,763,-1,763,835,764,-1,775,774,839,-1,839,774,840,-1,841,839,842,-1,842,839,840,-1,775,839,564,-1,564,839,841,-1,59,53,564,-1,564,53,41,-1,564,41,775,-1,775,41,45,-1,45,28,775,-1,775,28,26,-1,775,26,771,-1,771,26,21,-1,562,842,840,-1,773,557,770,-1,770,557,562,-1,770,562,774,-1,774,562,840,-1,573,837,566,-1,566,837,838,-1,566,838,565,-1,564,841,563,-1,563,841,842,-1,563,842,562,-1,
        ]
    }
}
Shape{
    appearance Appearance {
        material  Material 	{
            diffuseColor 1.0 1.0 0.0
            specularColor 0.5019607843137255 0.5019607843137255 0.0
            ambientIntensity 0.2
            transparency 0
            shininess 0.5
        }
    }
    geometry IndexedFaceSet {
        ccw TRUE
        solid FALSE
        coord DEF co Coordinate {
            point [
                0.0787 0.1713 -0.0, -0.0787 0.1713 -0.0, -0.0787 0.178 -0.0509, 0.0787 0.178 -0.0509, -0.0787 0.1976 -0.0984, 0.0787 0.1976 -0.0984, -0.0787 0.2289 -0.1392, 0.0787 0.2289 -0.1392, -0.0787 0.2697 -0.1705, 0.0787 0.2697 -0.1705, -0.0787 0.3172 -0.1901, 0.0787 0.3172 -0.1901, -0.0787 0.3681 -0.1969, 0.0787 0.3681 -0.1969, 0.0787 0.9252 -0.1969, -0.0787 0.9252 -0.1969, -0.0214 1.0827 -0.1395, -0.0214 1.0827 -0.0967, 0.0214 1.0827 -0.1395, 0.0214 1.0827 -0.0967, -0.0787 0.9252 -0.0394, -0.0787 0.3681 -0.0394, 0.0787 0.9252 -0.0394, 0.0787 0.3681 -0.0394, 0.0787 0.3579 -0.038, -0.0787 0.3579 -0.038, 0.0787 0.3484 -0.0341, -0.0787 0.3484 -0.0341, 0.0787 0.3403 -0.0278, -0.0787 0.3403 -0.0278, 0.0787 0.334 -0.0197, -0.0787 0.334 -0.0197, 0.0787 0.3301 -0.0102, -0.0787 0.3301 -0.0102, 0.0787 0.3287 -0.0, -0.0787 0.3287 -0.0, 0.0787 0.3287 0.0787, 0.0787 0.1713 0.0787, -0.0787 0.3287 0.0787, -0.0787 0.1713 0.0787, 0.0787 0.3287 1.811, 0.0787 0.3287 0.5906, -0.0787 0.3287 1.811, -0.0787 0.3287 0.5906, -0.0787 0.1713 1.811, -0.0787 0.1713 0.5906, 0.0787 0.1713 1.811, 0.0787 0.1713 0.5906, -0.0214 0.2714 1.9685, -0.0214 0.2286 1.9685, 0.0214 0.2714 1.9685, 0.0214 0.2286 1.9685, 0.0787 -0.3287 0.0, -0.0787 -0.3287 0.0, 0.0787 -0.3301 -0.0102, -0.0787 -0.3301 -0.0102, 0.0787 -0.334 -0.0197, -0.0787 -0.334 -0.0197, 0.0787 -0.3403 -0.0278, -0.0787 -0.3403 -0.0278, 0.0787 -0.3484 -0.0341, -0.0787 -0.3484 -0.0341, 0.0787 -0.3579 -0.038, -0.0787 -0.3579 -0.038, 0.0787 -0.3681 -0.0394, -0.0787 -0.3681 -0.0394, 0.0787 -0.9252 -0.0394, -0.0787 -0.9252 -0.0394, -0.0214 -1.0827 -0.0967, -0.0214 -1.0827 -0.1395, 0.0214 -1.0827 -0.0967, 0.0214 -1.0827 -0.1395, -0.0787 -0.9252 -0.1969, -0.0787 -0.3681 -0.1969, 0.0787 -0.9252 -0.1969, 0.0787 -0.3681 -0.1969, -0.0787 -0.3172 -0.1901, 0.0787 -0.3172 -0.1901, -0.0787 -0.2697 -0.1705, 0.0787 -0.2697 -0.1705, -0.0787 -0.2289 -0.1392, 0.0787 -0.2289 -0.1392, -0.0787 -0.1976 -0.0984, 0.0787 -0.1976 -0.0984, -0.0787 -0.178 -0.0509, 0.0787 -0.178 -0.0509, -0.0787 -0.1713 0.0, 0.0787 -0.1713 0.0, 0.0787 -0.3287 0.0787, 0.0787 -0.1713 0.0787, -0.0787 -0.3287 0.0787, -0.0787 -0.1713 0.0787, 0.0787 -0.1713 1.811, 0.0787 -0.1713 0.5906, -0.0787 -0.1713 1.811, -0.0787 -0.1713 0.5906, -0.0787 -0.3287 1.811, -0.0787 -0.3287 0.5906, 0.0787 -0.3287 1.811, 0.0787 -0.3287 0.5906, -0.0214 -0.2286 1.9685, -0.0214 -0.2714 1.9685, 0.0214 -0.2286 1.9685, 0.0214 -0.2714 1.9685, 0.4786 1.0827 -0.1395, 0.4786 1.0827 -0.0967, 0.5214 1.0827 -0.1395, 0.5214 1.0827 -0.0967, 0.4213 0.9252 -0.0394, 0.4213 0.3681 -0.0394, 0.5787 0.9252 -0.0394, 0.5787 0.3681 -0.0394, 0.5787 0.3579 -0.038, 0.4213 0.3579 -0.038, 0.5787 0.3484 -0.0341, 0.4213 0.3484 -0.0341, 0.5787 0.3403 -0.0278, 0.4213 0.3403 -0.0278, 0.5787 0.334 -0.0197, 0.4213 0.334 -0.0197, 0.5787 0.3301 -0.0102, 0.4213 0.3301 -0.0102, 0.5787 0.3287 -0.0, 0.4213 0.3287 -0.0, 0.5787 0.9252 -0.1969, 0.5787 0.3681 -0.1969, 0.4213 0.9252 -0.1969, 0.4213 0.3681 -0.1969, 0.5787 0.1713 -0.0, 0.4213 0.1713 -0.0, 0.4213 0.178 -0.0509, 0.5787 0.178 -0.0509, 0.4213 0.1976 -0.0984, 0.5787 0.1976 -0.0984, 0.4213 0.2289 -0.1392, 0.5787 0.2289 -0.1392, 0.4213 0.2697 -0.1705, 0.5787 0.2697 -0.1705, 0.4213 0.3172 -0.1901, 0.5787 0.3172 -0.1901, 0.4213 0.1713 0.0787, 0.5787 0.1713 0.0787, 0.4213 0.3287 0.0787, 0.5787 0.3287 0.0787, 0.9786 1.0827 -0.1395, 0.9786 1.0827 -0.0967, 1.0214 1.0827 -0.1395, 1.0214 1.0827 -0.0967, 0.9213 0.9252 -0.0394, 0.9213 0.3681 -0.0394, 1.0787 0.9252 -0.0394, 1.0787 0.3681 -0.0394, 1.0787 0.3579 -0.038, 0.9213 0.3579 -0.038, 1.0787 0.3484 -0.0341, 0.9213 0.3484 -0.0341, 1.0787 0.3403 -0.0278, 0.9213 0.3403 -0.0278, 1.0787 0.334 -0.0197, 0.9213 0.334 -0.0197, 1.0787 0.3301 -0.0102, 0.9213 0.3301 -0.0102, 1.0787 0.3287 -0.0, 0.9213 0.3287 -0.0, 1.0787 0.9252 -0.1969, 1.0787 0.3681 -0.1969, 0.9213 0.9252 -0.1969, 0.9213 0.3681 -0.1969, 1.0787 0.1713 -0.0, 0.9213 0.1713 -0.0, 0.9213 0.178 -0.0509, 1.0787 0.178 -0.0509, 0.9213 0.1976 -0.0984, 1.0787 0.1976 -0.0984, 0.9213 0.2289 -0.1392, 1.0787 0.2289 -0.1392, 0.9213 0.2697 -0.1705, 1.0787 0.2697 -0.1705, 0.9213 0.3172 -0.1901, 1.0787 0.3172 -0.1901, 0.9213 0.1713 0.0787, 1.0787 0.1713 0.0787, 0.9213 0.3287 0.0787, 1.0787 0.3287 0.0787, 1.4786 1.0827 -0.1395, 1.4786 1.0827 -0.0967, 1.5214 1.0827 -0.1395, 1.5214 1.0827 -0.0967, 1.4213 0.9252 -0.0394, 1.4213 0.3681 -0.0394, 1.5787 0.9252 -0.0394, 1.5787 0.3681 -0.0394, 1.5787 0.3579 -0.038, 1.4213 0.3579 -0.038, 1.5787 0.3484 -0.0341, 1.4213 0.3484 -0.0341, 1.5787 0.3403 -0.0278, 1.4213 0.3403 -0.0278, 1.5787 0.334 -0.0197, 1.4213 0.334 -0.0197, 1.5787 0.3301 -0.0102, 1.4213 0.3301 -0.0102, 1.5787 0.3287 -0.0, 1.4213 0.3287 -0.0, 1.5787 0.9252 -0.1969, 1.5787 0.3681 -0.1969, 1.4213 0.9252 -0.1969, 1.4213 0.3681 -0.1969, 1.5787 0.1713 -0.0, 1.4213 0.1713 -0.0, 1.4213 0.178 -0.0509, 1.5787 0.178 -0.0509, 1.4213 0.1976 -0.0984, 1.5787 0.1976 -0.0984, 1.4213 0.2289 -0.1392, 1.5787 0.2289 -0.1392, 1.4213 0.2697 -0.1705, 1.5787 0.2697 -0.1705, 1.4213 0.3172 -0.1901, 1.5787 0.3172 -0.1901, 1.4213 0.1713 0.0787, 1.5787 0.1713 0.0787, 1.4213 0.3287 0.0787, 1.5787 0.3287 0.0787, -0.5214 1.0827 -0.1395, -0.5214 1.0827 -0.0967, -0.4786 1.0827 -0.1395, -0.4786 1.0827 -0.0967, -0.5787 0.9252 -0.0394, -0.5787 0.3681 -0.0394, -0.4213 0.9252 -0.0394, -0.4213 0.3681 -0.0394, -0.4213 0.3579 -0.038, -0.5787 0.3579 -0.038, -0.4213 0.3484 -0.0341, -0.5787 0.3484 -0.0341, -0.4213 0.3403 -0.0278, -0.5787 0.3403 -0.0278, -0.4213 0.334 -0.0197, -0.5787 0.334 -0.0197, -0.4213 0.3301 -0.0102, -0.5787 0.3301 -0.0102, -0.4213 0.3287 -0.0, -0.5787 0.3287 -0.0, -0.4213 0.9252 -0.1969, -0.4213 0.3681 -0.1969, -0.5787 0.9252 -0.1969, -0.5787 0.3681 -0.1969, -0.4213 0.1713 -0.0, -0.5787 0.1713 -0.0, -0.5787 0.178 -0.0509, -0.4213 0.178 -0.0509, -0.5787 0.1976 -0.0984, -0.4213 0.1976 -0.0984, -0.5787 0.2289 -0.1392, -0.4213 0.2289 -0.1392, -0.5787 0.2697 -0.1705, -0.4213 0.2697 -0.1705, -0.5787 0.3172 -0.1901, -0.4213 0.3172 -0.1901, -0.5787 0.1713 0.0787, -0.4213 0.1713 0.0787, -0.5787 0.3287 0.0787, -0.4213 0.3287 0.0787, -1.0214 1.0827 -0.1395, -1.0214 1.0827 -0.0967, -0.9786 1.0827 -0.1395, -0.9786 1.0827 -0.0967, -1.0787 0.9252 -0.0394, -1.0787 0.3681 -0.0394, -0.9213 0.9252 -0.0394, -0.9213 0.3681 -0.0394, -0.9213 0.3579 -0.038, -1.0787 0.3579 -0.038, -0.9213 0.3484 -0.0341, -1.0787 0.3484 -0.0341, -0.9213 0.3403 -0.0278, -1.0787 0.3403 -0.0278, -0.9213 0.334 -0.0197, -1.0787 0.334 -0.0197, -0.9213 0.3301 -0.0102, -1.0787 0.3301 -0.0102, -0.9213 0.3287 -0.0, -1.0787 0.3287 -0.0, -0.9213 0.9252 -0.1969, -0.9213 0.3681 -0.1969, -1.0787 0.9252 -0.1969, -1.0787 0.3681 -0.1969, -0.9213 0.1713 -0.0, -1.0787 0.1713 -0.0, -1.0787 0.178 -0.0509, -0.9213 0.178 -0.0509, -1.0787 0.1976 -0.0984, -0.9213 0.1976 -0.0984, -1.0787 0.2289 -0.1392, -0.9213 0.2289 -0.1392, -1.0787 0.2697 -0.1705, -0.9213 0.2697 -0.1705, -1.0787 0.3172 -0.1901, -0.9213 0.3172 -0.1901, -1.0787 0.1713 0.0787, -0.9213 0.1713 0.0787, -1.0787 0.3287 0.0787, -0.9213 0.3287 0.0787, -1.5214 1.0827 -0.1395, -1.5214 1.0827 -0.0967, -1.4786 1.0827 -0.1395, -1.4786 1.0827 -0.0967, -1.5787 0.9252 -0.0394, -1.5787 0.3681 -0.0394, -1.4213 0.9252 -0.0394, -1.4213 0.3681 -0.0394, -1.4213 0.3579 -0.038, -1.5787 0.3579 -0.038, -1.4213 0.3484 -0.0341, -1.5787 0.3484 -0.0341, -1.4213 0.3403 -0.0278, -1.5787 0.3403 -0.0278, -1.4213 0.334 -0.0197, -1.5787 0.334 -0.0197, -1.4213 0.3301 -0.0102, -1.5787 0.3301 -0.0102, -1.4213 0.3287 -0.0, -1.5787 0.3287 -0.0, -1.4213 0.9252 -0.1969, -1.4213 0.3681 -0.1969, -1.5787 0.9252 -0.1969, -1.5787 0.3681 -0.1969, -1.4213 0.1713 -0.0, -1.5787 0.1713 -0.0, -1.5787 0.178 -0.0509, -1.4213 0.178 -0.0509, -1.5787 0.1976 -0.0984, -1.4213 0.1976 -0.0984, -1.5787 0.2289 -0.1392, -1.4213 0.2289 -0.1392, -1.5787 0.2697 -0.1705, -1.4213 0.2697 -0.1705, -1.5787 0.3172 -0.1901, -1.4213 0.3172 -0.1901, -1.5787 0.1713 0.0787, -1.4213 0.1713 0.0787, -1.5787 0.3287 0.0787, -1.4213 0.3287 0.0787, 0.5787 0.3287 1.811, 0.5787 0.3287 0.5906, 0.4213 0.3287 1.811, 0.4213 0.3287 0.5906, 0.4213 0.1713 1.811, 0.4213 0.1713 0.5906, 0.5787 0.1713 1.811, 0.5787 0.1713 0.5906, 0.4786 0.2714 1.9685, 0.4786 0.2286 1.9685, 0.5214 0.2714 1.9685, 0.5214 0.2286 1.9685, 1.0787 0.3287 1.811, 1.0787 0.3287 0.5906, 0.9213 0.3287 1.811, 0.9213 0.3287 0.5906, 0.9213 0.1713 1.811, 0.9213 0.1713 0.5906, 1.0787 0.1713 1.811, 1.0787 0.1713 0.5906, 0.9786 0.2714 1.9685, 0.9786 0.2286 1.9685, 1.0214 0.2714 1.9685, 1.0214 0.2286 1.9685, 1.5787 0.3287 1.811, 1.5787 0.3287 0.5906, 1.4213 0.3287 1.811, 1.4213 0.3287 0.5906, 1.4213 0.1713 1.811, 1.4213 0.1713 0.5906, 1.5787 0.1713 1.811, 1.5787 0.1713 0.5906, 1.4786 0.2714 1.9685, 1.4786 0.2286 1.9685, 1.5214 0.2714 1.9685, 1.5214 0.2286 1.9685, -0.4213 0.3287 1.811, -0.4213 0.3287 0.5906, -0.5787 0.3287 1.811, -0.5787 0.3287 0.5906, -0.5787 0.1713 1.811, -0.5787 0.1713 0.5906, -0.4213 0.1713 1.811, -0.4213 0.1713 0.5906, -0.5214 0.2714 1.9685, -0.5214 0.2286 1.9685, -0.4786 0.2714 1.9685, -0.4786 0.2286 1.9685, -0.9213 0.3287 1.811, -0.9213 0.3287 0.5906, -1.0787 0.3287 1.811, -1.0787 0.3287 0.5906, -1.0787 0.1713 1.811, -1.0787 0.1713 0.5906, -0.9213 0.1713 1.811, -0.9213 0.1713 0.5906, -1.0214 0.2714 1.9685, -1.0214 0.2286 1.9685, -0.9786 0.2714 1.9685, -0.9786 0.2286 1.9685, -1.4213 0.3287 1.811, -1.4213 0.3287 0.5906, -1.5787 0.3287 1.811, -1.5787 0.3287 0.5906, -1.5787 0.1713 1.811, -1.5787 0.1713 0.5906, -1.4213 0.1713 1.811, -1.4213 0.1713 0.5906, -1.5214 0.2714 1.9685, -1.5214 0.2286 1.9685, -1.4786 0.2714 1.9685, -1.4786 0.2286 1.9685, 0.4786 -1.0827 -0.0967, 0.4786 -1.0827 -0.1395, 0.5214 -1.0827 -0.0967, 0.5214 -1.0827 -0.1395, 0.4213 -0.9252 -0.1969, 0.4213 -0.3681 -0.1969, 0.5787 -0.9252 -0.1969, 0.5787 -0.3681 -0.1969, 0.4213 -0.3172 -0.1901, 0.5787 -0.3172 -0.1901, 0.4213 -0.2697 -0.1705, 0.5787 -0.2697 -0.1705, 0.4213 -0.2289 -0.1392, 0.5787 -0.2289 -0.1392, 0.4213 -0.1976 -0.0984, 0.5787 -0.1976 -0.0984, 0.4213 -0.178 -0.0509, 0.5787 -0.178 -0.0509, 0.4213 -0.1713 0.0, 0.5787 -0.1713 0.0, 0.5787 -0.9252 -0.0394, 0.5787 -0.3681 -0.0394, 0.4213 -0.9252 -0.0394, 0.4213 -0.3681 -0.0394, 0.5787 -0.3287 0.0, 0.4213 -0.3287 0.0, 0.5787 -0.3301 -0.0102, 0.4213 -0.3301 -0.0102, 0.5787 -0.334 -0.0197, 0.4213 -0.334 -0.0197, 0.5787 -0.3403 -0.0278, 0.4213 -0.3403 -0.0278, 0.5787 -0.3484 -0.0341, 0.4213 -0.3484 -0.0341, 0.5787 -0.3579 -0.038, 0.4213 -0.3579 -0.038, 0.4213 -0.3287 0.0787, 0.5787 -0.3287 0.0787, 0.4213 -0.1713 0.0787, 0.5787 -0.1713 0.0787, 0.9786 -1.0827 -0.0967, 0.9786 -1.0827 -0.1395, 1.0214 -1.0827 -0.0967, 1.0214 -1.0827 -0.1395, 0.9213 -0.9252 -0.1969, 0.9213 -0.3681 -0.1969, 1.0787 -0.9252 -0.1969, 1.0787 -0.3681 -0.1969, 0.9213 -0.3172 -0.1901, 1.0787 -0.3172 -0.1901, 0.9213 -0.2697 -0.1705, 1.0787 -0.2697 -0.1705, 0.9213 -0.2289 -0.1392, 1.0787 -0.2289 -0.1392, 0.9213 -0.1976 -0.0984, 1.0787 -0.1976 -0.0984, 0.9213 -0.178 -0.0509, 1.0787 -0.178 -0.0509, 0.9213 -0.1713 0.0, 1.0787 -0.1713 0.0, 1.0787 -0.9252 -0.0394, 1.0787 -0.3681 -0.0394, 0.9213 -0.9252 -0.0394, 0.9213 -0.3681 -0.0394, 1.0787 -0.3287 0.0, 0.9213 -0.3287 0.0, 1.0787 -0.3301 -0.0102, 0.9213 -0.3301 -0.0102, 1.0787 -0.334 -0.0197, 0.9213 -0.334 -0.0197, 1.0787 -0.3403 -0.0278, 0.9213 -0.3403 -0.0278, 1.0787 -0.3484 -0.0341, 0.9213 -0.3484 -0.0341, 1.0787 -0.3579 -0.038, 0.9213 -0.3579 -0.038, 0.9213 -0.3287 0.0787, 1.0787 -0.3287 0.0787, 0.9213 -0.1713 0.0787, 1.0787 -0.1713 0.0787, 1.4786 -1.0827 -0.0967, 1.4786 -1.0827 -0.1395, 1.5214 -1.0827 -0.0967, 1.5214 -1.0827 -0.1395, 1.4213 -0.9252 -0.1969, 1.4213 -0.3681 -0.1969, 1.5787 -0.9252 -0.1969, 1.5787 -0.3681 -0.1969, 1.4213 -0.3172 -0.1901, 1.5787 -0.3172 -0.1901, 1.4213 -0.2697 -0.1705, 1.5787 -0.2697 -0.1705, 1.4213 -0.2289 -0.1392, 1.5787 -0.2289 -0.1392, 1.4213 -0.1976 -0.0984, 1.5787 -0.1976 -0.0984, 1.4213 -0.178 -0.0509, 1.5787 -0.178 -0.0509, 1.4213 -0.1713 0.0, 1.5787 -0.1713 0.0, 1.5787 -0.9252 -0.0394, 1.5787 -0.3681 -0.0394, 1.4213 -0.9252 -0.0394, 1.4213 -0.3681 -0.0394, 1.5787 -0.3287 0.0, 1.4213 -0.3287 0.0, 1.5787 -0.3301 -0.0102, 1.4213 -0.3301 -0.0102, 1.5787 -0.334 -0.0197, 1.4213 -0.334 -0.0197, 1.5787 -0.3403 -0.0278, 1.4213 -0.3403 -0.0278, 1.5787 -0.3484 -0.0341, 1.4213 -0.3484 -0.0341, 1.5787 -0.3579 -0.038, 1.4213 -0.3579 -0.038, 1.4213 -0.3287 0.0787, 1.5787 -0.3287 0.0787, 1.4213 -0.1713 0.0787, 1.5787 -0.1713 0.0787, -0.5214 -1.0827 -0.0967, -0.5214 -1.0827 -0.1395, -0.4786 -1.0827 -0.0967, -0.4786 -1.0827 -0.1395, -0.5787 -0.9252 -0.1969, -0.5787 -0.3681 -0.1969, -0.4213 -0.9252 -0.1969, -0.4213 -0.3681 -0.1969, -0.5787 -0.3172 -0.1901, -0.4213 -0.3172 -0.1901, -0.5787 -0.2697 -0.1705, -0.4213 -0.2697 -0.1705, -0.5787 -0.2289 -0.1392, -0.4213 -0.2289 -0.1392, -0.5787 -0.1976 -0.0984, -0.4213 -0.1976 -0.0984, -0.5787 -0.178 -0.0509, -0.4213 -0.178 -0.0509, -0.5787 -0.1713 0.0, -0.4213 -0.1713 0.0, -0.4213 -0.9252 -0.0394, -0.4213 -0.3681 -0.0394, -0.5787 -0.9252 -0.0394, -0.5787 -0.3681 -0.0394, -0.4213 -0.3287 0.0, -0.5787 -0.3287 0.0, -0.4213 -0.3301 -0.0102, -0.5787 -0.3301 -0.0102, -0.4213 -0.334 -0.0197, -0.5787 -0.334 -0.0197, -0.4213 -0.3403 -0.0278, -0.5787 -0.3403 -0.0278, -0.4213 -0.3484 -0.0341, -0.5787 -0.3484 -0.0341, -0.4213 -0.3579 -0.038, -0.5787 -0.3579 -0.038, -0.5787 -0.3287 0.0787, -0.4213 -0.3287 0.0787, -0.5787 -0.1713 0.0787, -0.4213 -0.1713 0.0787, -1.0214 -1.0827 -0.0967, -1.0214 -1.0827 -0.1395, -0.9786 -1.0827 -0.0967, -0.9786 -1.0827 -0.1395, -1.0787 -0.9252 -0.1969, -1.0787 -0.3681 -0.1969, -0.9213 -0.9252 -0.1969, -0.9213 -0.3681 -0.1969, -1.0787 -0.3172 -0.1901, -0.9213 -0.3172 -0.1901, -1.0787 -0.2697 -0.1705, -0.9213 -0.2697 -0.1705, -1.0787 -0.2289 -0.1392, -0.9213 -0.2289 -0.1392, -1.0787 -0.1976 -0.0984, -0.9213 -0.1976 -0.0984, -1.0787 -0.178 -0.0509, -0.9213 -0.178 -0.0509, -1.0787 -0.1713 0.0, -0.9213 -0.1713 0.0, -0.9213 -0.9252 -0.0394, -0.9213 -0.3681 -0.0394, -1.0787 -0.9252 -0.0394, -1.0787 -0.3681 -0.0394, -0.9213 -0.3287 0.0, -1.0787 -0.3287 0.0, -0.9213 -0.3301 -0.0102, -1.0787 -0.3301 -0.0102, -0.9213 -0.334 -0.0197, -1.0787 -0.334 -0.0197, -0.9213 -0.3403 -0.0278, -1.0787 -0.3403 -0.0278, -0.9213 -0.3484 -0.0341, -1.0787 -0.3484 -0.0341, -0.9213 -0.3579 -0.038, -1.0787 -0.3579 -0.038, -1.0787 -0.3287 0.0787, -0.9213 -0.3287 0.0787, -1.0787 -0.1713 0.0787, -0.9213 -0.1713 0.0787, -1.5214 -1.0827 -0.0967, -1.5214 -1.0827 -0.1395, -1.4786 -1.0827 -0.0967, -1.4786 -1.0827 -0.1395, -1.5787 -0.9252 -0.1969, -1.5787 -0.3681 -0.1969, -1.4213 -0.9252 -0.1969, -1.4213 -0.3681 -0.1969, -1.5787 -0.3172 -0.1901, -1.4213 -0.3172 -0.1901, -1.5787 -0.2697 -0.1705, -1.4213 -0.2697 -0.1705, -1.5787 -0.2289 -0.1392, -1.4213 -0.2289 -0.1392, -1.5787 -0.1976 -0.0984, -1.4213 -0.1976 -0.0984, -1.5787 -0.178 -0.0509, -1.4213 -0.178 -0.0509, -1.5787 -0.1713 0.0, -1.4213 -0.1713 0.0, -1.4213 -0.9252 -0.0394, -1.4213 -0.3681 -0.0394, -1.5787 -0.9252 -0.0394, -1.5787 -0.3681 -0.0394, -1.4213 -0.3287 0.0, -1.5787 -0.3287 0.0, -1.4213 -0.3301 -0.0102, -1.5787 -0.3301 -0.0102, -1.4213 -0.334 -0.0197, -1.5787 -0.334 -0.0197, -1.4213 -0.3403 -0.0278, -1.5787 -0.3403 -0.0278, -1.4213 -0.3484 -0.0341, -1.5787 -0.3484 -0.0341, -1.4213 -0.3579 -0.038, -1.5787 -0.3579 -0.038, -1.5787 -0.3287 0.0787, -1.4213 -0.3287 0.0787, -1.5787 -0.1713 0.0787, -1.4213 -0.1713 0.0787, 0.5787 -0.1713 1.811, 0.5787 -0.1713 0.5906, 0.4213 -0.1713 1.811, 0.4213 -0.1713 0.5906, 0.4213 -0.3287 1.811, 0.4213 -0.3287 0.5906, 0.5787 -0.3287 1.811, 0.5787 -0.3287 0.5906, 0.4786 -0.2286 1.9685, 0.4786 -0.2714 1.9685, 0.5214 -0.2286 1.9685, 0.5214 -0.2714 1.9685, 1.0787 -0.1713 1.811, 1.0787 -0.1713 0.5906, 0.9213 -0.1713 1.811, 0.9213 -0.1713 0.5906, 0.9213 -0.3287 1.811, 0.9213 -0.3287 0.5906, 1.0787 -0.3287 1.811, 1.0787 -0.3287 0.5906, 0.9786 -0.2286 1.9685, 0.9786 -0.2714 1.9685, 1.0214 -0.2286 1.9685, 1.0214 -0.2714 1.9685, 1.5787 -0.1713 1.811, 1.5787 -0.1713 0.5906, 1.4213 -0.1713 1.811, 1.4213 -0.1713 0.5906, 1.4213 -0.3287 1.811, 1.4213 -0.3287 0.5906, 1.5787 -0.3287 1.811, 1.5787 -0.3287 0.5906, 1.4786 -0.2286 1.9685, 1.4786 -0.2714 1.9685, 1.5214 -0.2286 1.9685, 1.5214 -0.2714 1.9685, -0.4213 -0.1713 1.811, -0.4213 -0.1713 0.5906, -0.5787 -0.1713 1.811, -0.5787 -0.1713 0.5906, -0.5787 -0.3287 1.811, -0.5787 -0.3287 0.5906, -0.4213 -0.3287 1.811, -0.4213 -0.3287 0.5906, -0.5214 -0.2286 1.9685, -0.5214 -0.2714 1.9685, -0.4786 -0.2286 1.9685, -0.4786 -0.2714 1.9685, -0.9213 -0.1713 1.811, -0.9213 -0.1713 0.5906, -1.0787 -0.1713 1.811, -1.0787 -0.1713 0.5906, -1.0787 -0.3287 1.811, -1.0787 -0.3287 0.5906, -0.9213 -0.3287 1.811, -0.9213 -0.3287 0.5906, -1.0214 -0.2286 1.9685, -1.0214 -0.2714 1.9685, -0.9786 -0.2286 1.9685, -0.9786 -0.2714 1.9685, -1.4213 -0.1713 1.811, -1.4213 -0.1713 0.5906, -1.5787 -0.1713 1.811, -1.5787 -0.1713 0.5906, -1.5787 -0.3287 1.811, -1.5787 -0.3287 0.5906, -1.4213 -0.3287 1.811, -1.4213 -0.3287 0.5906, -1.5214 -0.2286 1.9685, -1.5214 -0.2714 1.9685, -1.4786 -0.2286 1.9685, -1.4786 -0.2714 1.9685, -1.4786 -0.2714 1.9685
            ]
        }
        coordIndex [
            0,1,2,-1,0,2,3,-1,3,2,4,-1,3,4,5,-1,5,4,6,-1,5,6,7,-1,7,6,8,-1,7,8,9,-1,9,8,10,-1,9,10,11,-1,11,10,12,-1,11,12,13,-1,14,13,15,-1,15,13,12,-1,16,17,18,-1,18,17,19,-1,20,21,22,-1,22,21,23,-1,23,21,24,-1,24,21,25,-1,24,25,26,-1,26,25,27,-1,26,27,28,-1,28,27,29,-1,28,29,30,-1,30,29,31,-1,30,31,32,-1,32,31,33,-1,32,33,34,-1,34,33,35,-1,36,37,34,-1,34,37,0,-1,34,0,32,-1,32,0,3,-1,32,3,30,-1,30,3,5,-1,30,5,28,-1,28,5,7,-1,28,7,26,-1,26,7,9,-1,26,9,24,-1,24,9,11,-1,24,11,23,-1,23,11,13,-1,23,13,22,-1,22,13,14,-1,20,15,21,-1,21,15,12,-1,21,12,25,-1,25,12,10,-1,25,10,27,-1,27,10,8,-1,27,8,29,-1,29,8,6,-1,29,6,31,-1,31,6,4,-1,31,4,33,-1,33,4,2,-1,33,2,35,-1,35,2,1,-1,35,1,38,-1,38,1,39,-1,1,0,39,-1,39,0,37,-1,36,34,38,-1,38,34,35,-1,40,41,42,-1,42,41,43,-1,44,45,46,-1,46,45,47,-1,46,47,40,-1,40,47,41,-1,42,43,44,-1,44,43,45,-1,48,49,50,-1,50,49,51,-1,46,51,44,-1,44,51,49,-1,40,50,46,-1,46,50,51,-1,48,42,49,-1,49,42,44,-1,42,48,40,-1,40,48,50,-1,22,19,20,-1,20,19,17,-1,14,18,22,-1,22,18,19,-1,16,15,17,-1,17,15,20,-1,15,16,14,-1,14,16,18,-1,52,53,54,-1,54,53,55,-1,54,55,56,-1,56,55,57,-1,56,57,58,-1,58,57,59,-1,58,59,60,-1,60,59,61,-1,60,61,62,-1,62,61,63,-1,62,63,64,-1,64,63,65,-1,66,64,67,-1,67,64,65,-1,68,69,70,-1,70,69,71,-1,72,73,74,-1,74,73,75,-1,75,73,76,-1,75,76,77,-1,77,76,78,-1,77,78,79,-1,79,78,80,-1,79,80,81,-1,81,80,82,-1,81,82,83,-1,83,82,84,-1,83,84,85,-1,85,84,86,-1,85,86,87,-1,66,74,64,-1,64,74,75,-1,64,75,62,-1,62,75,77,-1,62,77,60,-1,60,77,79,-1,60,79,58,-1,58,79,81,-1,58,81,56,-1,56,81,83,-1,56,83,54,-1,54,83,85,-1,54,85,52,-1,52,85,87,-1,52,87,88,-1,88,87,89,-1,90,91,53,-1,53,91,86,-1,53,86,55,-1,55,86,84,-1,55,84,57,-1,57,84,82,-1,57,82,59,-1,59,82,80,-1,59,80,61,-1,61,80,78,-1,61,78,63,-1,63,78,76,-1,63,76,65,-1,65,76,73,-1,65,73,67,-1,67,73,72,-1,53,52,90,-1,90,52,88,-1,89,87,91,-1,91,87,86,-1,92,93,94,-1,94,93,95,-1,96,97,98,-1,98,97,99,-1,98,99,92,-1,92,99,93,-1,94,95,96,-1,96,95,97,-1,100,101,102,-1,102,101,103,-1,98,103,96,-1,96,103,101,-1,92,102,98,-1,98,102,103,-1,100,94,101,-1,101,94,96,-1,94,100,92,-1,92,100,102,-1,74,71,72,-1,72,71,69,-1,66,70,74,-1,74,70,71,-1,68,67,69,-1,69,67,72,-1,67,68,66,-1,66,68,70,-1,104,105,106,-1,106,105,107,-1,108,109,110,-1,110,109,111,-1,111,109,112,-1,112,109,113,-1,112,113,114,-1,114,113,115,-1,114,115,116,-1,116,115,117,-1,116,117,118,-1,118,117,119,-1,118,119,120,-1,120,119,121,-1,120,121,122,-1,122,121,123,-1,124,125,126,-1,126,125,127,-1,128,129,130,-1,128,130,131,-1,131,130,132,-1,131,132,133,-1,133,132,134,-1,133,134,135,-1,135,134,136,-1,135,136,137,-1,137,136,138,-1,137,138,139,-1,139,138,127,-1,139,127,125,-1,129,128,140,-1,140,128,141,-1,108,126,109,-1,109,126,127,-1,109,127,113,-1,113,127,138,-1,113,138,115,-1,115,138,136,-1,115,136,117,-1,117,136,134,-1,117,134,119,-1,119,134,132,-1,119,132,121,-1,121,132,130,-1,121,130,123,-1,123,130,129,-1,123,129,142,-1,142,129,140,-1,143,122,142,-1,142,122,123,-1,143,141,122,-1,122,141,128,-1,122,128,120,-1,120,128,131,-1,120,131,118,-1,118,131,133,-1,118,133,116,-1,116,133,135,-1,116,135,114,-1,114,135,137,-1,114,137,112,-1,112,137,139,-1,112,139,111,-1,111,139,125,-1,111,125,110,-1,110,125,124,-1,124,106,110,-1,110,106,107,-1,110,107,108,-1,108,107,105,-1,104,126,105,-1,105,126,108,-1,126,104,124,-1,124,104,106,-1,144,145,146,-1,146,145,147,-1,148,149,150,-1,150,149,151,-1,151,149,152,-1,152,149,153,-1,152,153,154,-1,154,153,155,-1,154,155,156,-1,156,155,157,-1,156,157,158,-1,158,157,159,-1,158,159,160,-1,160,159,161,-1,160,161,162,-1,162,161,163,-1,164,165,166,-1,166,165,167,-1,168,169,170,-1,168,170,171,-1,171,170,172,-1,171,172,173,-1,173,172,174,-1,173,174,175,-1,175,174,176,-1,175,176,177,-1,177,176,178,-1,177,178,179,-1,179,178,167,-1,179,167,165,-1,169,168,180,-1,180,168,181,-1,148,166,149,-1,149,166,167,-1,149,167,153,-1,153,167,178,-1,153,178,155,-1,155,178,176,-1,155,176,157,-1,157,176,174,-1,157,174,159,-1,159,174,172,-1,159,172,161,-1,161,172,170,-1,161,170,163,-1,163,170,169,-1,163,169,182,-1,182,169,180,-1,183,162,182,-1,182,162,163,-1,183,181,162,-1,162,181,168,-1,162,168,160,-1,160,168,171,-1,160,171,158,-1,158,171,173,-1,158,173,156,-1,156,173,175,-1,156,175,154,-1,154,175,177,-1,154,177,152,-1,152,177,179,-1,152,179,151,-1,151,179,165,-1,151,165,150,-1,150,165,164,-1,164,146,150,-1,150,146,147,-1,150,147,148,-1,148,147,145,-1,144,166,145,-1,145,166,148,-1,166,144,164,-1,164,144,146,-1,184,185,186,-1,186,185,187,-1,188,189,190,-1,190,189,191,-1,191,189,192,-1,192,189,193,-1,192,193,194,-1,194,193,195,-1,194,195,196,-1,196,195,197,-1,196,197,198,-1,198,197,199,-1,198,199,200,-1,200,199,201,-1,200,201,202,-1,202,201,203,-1,204,205,206,-1,206,205,207,-1,208,209,210,-1,208,210,211,-1,211,210,212,-1,211,212,213,-1,213,212,214,-1,213,214,215,-1,215,214,216,-1,215,216,217,-1,217,216,218,-1,217,218,219,-1,219,218,207,-1,219,207,205,-1,209,208,220,-1,220,208,221,-1,188,206,189,-1,189,206,207,-1,189,207,193,-1,193,207,218,-1,193,218,195,-1,195,218,216,-1,195,216,197,-1,197,216,214,-1,197,214,199,-1,199,214,212,-1,199,212,201,-1,201,212,210,-1,201,210,203,-1,203,210,209,-1,203,209,222,-1,222,209,220,-1,223,202,222,-1,222,202,203,-1,223,221,202,-1,202,221,208,-1,202,208,200,-1,200,208,211,-1,200,211,198,-1,198,211,213,-1,198,213,196,-1,196,213,215,-1,196,215,194,-1,194,215,217,-1,194,217,192,-1,192,217,219,-1,192,219,191,-1,191,219,205,-1,191,205,190,-1,190,205,204,-1,204,186,190,-1,190,186,187,-1,190,187,188,-1,188,187,185,-1,184,206,185,-1,185,206,188,-1,206,184,204,-1,204,184,186,-1,224,225,226,-1,226,225,227,-1,228,229,230,-1,230,229,231,-1,231,229,232,-1,232,229,233,-1,232,233,234,-1,234,233,235,-1,234,235,236,-1,236,235,237,-1,236,237,238,-1,238,237,239,-1,238,239,240,-1,240,239,241,-1,240,241,242,-1,242,241,243,-1,244,245,246,-1,246,245,247,-1,248,249,250,-1,248,250,251,-1,251,250,252,-1,251,252,253,-1,253,252,254,-1,253,254,255,-1,255,254,256,-1,255,256,257,-1,257,256,258,-1,257,258,259,-1,259,258,247,-1,259,247,245,-1,249,248,260,-1,260,248,261,-1,228,246,229,-1,229,246,247,-1,229,247,233,-1,233,247,258,-1,233,258,235,-1,235,258,256,-1,235,256,237,-1,237,256,254,-1,237,254,239,-1,239,254,252,-1,239,252,241,-1,241,252,250,-1,241,250,243,-1,243,250,249,-1,243,249,262,-1,262,249,260,-1,263,242,262,-1,262,242,243,-1,263,261,242,-1,242,261,248,-1,242,248,240,-1,240,248,251,-1,240,251,238,-1,238,251,253,-1,238,253,236,-1,236,253,255,-1,236,255,234,-1,234,255,257,-1,234,257,232,-1,232,257,259,-1,232,259,231,-1,231,259,245,-1,231,245,230,-1,230,245,244,-1,244,226,230,-1,230,226,227,-1,230,227,228,-1,228,227,225,-1,224,246,225,-1,225,246,228,-1,246,224,244,-1,244,224,226,-1,264,265,266,-1,266,265,267,-1,268,269,270,-1,270,269,271,-1,271,269,272,-1,272,269,273,-1,272,273,274,-1,274,273,275,-1,274,275,276,-1,276,275,277,-1,276,277,278,-1,278,277,279,-1,278,279,280,-1,280,279,281,-1,280,281,282,-1,282,281,283,-1,284,285,286,-1,286,285,287,-1,288,289,290,-1,288,290,291,-1,291,290,292,-1,291,292,293,-1,293,292,294,-1,293,294,295,-1,295,294,296,-1,295,296,297,-1,297,296,298,-1,297,298,299,-1,299,298,287,-1,299,287,285,-1,289,288,300,-1,300,288,301,-1,268,286,269,-1,269,286,287,-1,269,287,273,-1,273,287,298,-1,273,298,275,-1,275,298,296,-1,275,296,277,-1,277,296,294,-1,277,294,279,-1,279,294,292,-1,279,292,281,-1,281,292,290,-1,281,290,283,-1,283,290,289,-1,283,289,302,-1,302,289,300,-1,303,282,302,-1,302,282,283,-1,303,301,282,-1,282,301,288,-1,282,288,280,-1,280,288,291,-1,280,291,278,-1,278,291,293,-1,278,293,276,-1,276,293,295,-1,276,295,274,-1,274,295,297,-1,274,297,272,-1,272,297,299,-1,272,299,271,-1,271,299,285,-1,271,285,270,-1,270,285,284,-1,284,266,270,-1,270,266,267,-1,270,267,268,-1,268,267,265,-1,264,286,265,-1,265,286,268,-1,286,264,284,-1,284,264,266,-1,304,305,306,-1,306,305,307,-1,308,309,310,-1,310,309,311,-1,311,309,312,-1,312,309,313,-1,312,313,314,-1,314,313,315,-1,314,315,316,-1,316,315,317,-1,316,317,318,-1,318,317,319,-1,318,319,320,-1,320,319,321,-1,320,321,322,-1,322,321,323,-1,324,325,326,-1,326,325,327,-1,328,329,330,-1,328,330,331,-1,331,330,332,-1,331,332,333,-1,333,332,334,-1,333,334,335,-1,335,334,336,-1,335,336,337,-1,337,336,338,-1,337,338,339,-1,339,338,327,-1,339,327,325,-1,329,328,340,-1,340,328,341,-1,308,326,309,-1,309,326,327,-1,309,327,313,-1,313,327,338,-1,313,338,315,-1,315,338,336,-1,315,336,317,-1,317,336,334,-1,317,334,319,-1,319,334,332,-1,319,332,321,-1,321,332,330,-1,321,330,323,-1,323,330,329,-1,323,329,342,-1,342,329,340,-1,343,322,342,-1,342,322,323,-1,343,341,322,-1,322,341,328,-1,322,328,320,-1,320,328,331,-1,320,331,318,-1,318,331,333,-1,318,333,316,-1,316,333,335,-1,316,335,314,-1,314,335,337,-1,314,337,312,-1,312,337,339,-1,312,339,311,-1,311,339,325,-1,311,325,310,-1,310,325,324,-1,324,306,310,-1,310,306,307,-1,310,307,308,-1,308,307,305,-1,304,326,305,-1,305,326,308,-1,326,304,324,-1,324,304,306,-1,344,345,346,-1,346,345,347,-1,346,347,348,-1,348,347,349,-1,348,349,350,-1,350,349,351,-1,350,351,344,-1,344,351,345,-1,352,353,354,-1,354,353,355,-1,344,354,350,-1,350,354,355,-1,350,355,348,-1,348,355,353,-1,352,346,353,-1,353,346,348,-1,346,352,344,-1,344,352,354,-1,356,357,358,-1,358,357,359,-1,358,359,360,-1,360,359,361,-1,360,361,362,-1,362,361,363,-1,362,363,356,-1,356,363,357,-1,364,365,366,-1,366,365,367,-1,356,366,362,-1,362,366,367,-1,362,367,360,-1,360,367,365,-1,364,358,365,-1,365,358,360,-1,358,364,356,-1,356,364,366,-1,368,369,370,-1,370,369,371,-1,370,371,372,-1,372,371,373,-1,372,373,374,-1,374,373,375,-1,374,375,368,-1,368,375,369,-1,376,377,378,-1,378,377,379,-1,368,378,374,-1,374,378,379,-1,374,379,372,-1,372,379,377,-1,376,370,377,-1,377,370,372,-1,370,376,368,-1,368,376,378,-1,380,381,382,-1,382,381,383,-1,382,383,384,-1,384,383,385,-1,384,385,386,-1,386,385,387,-1,386,387,380,-1,380,387,381,-1,388,389,390,-1,390,389,391,-1,380,390,386,-1,386,390,391,-1,386,391,384,-1,384,391,389,-1,388,382,389,-1,389,382,384,-1,382,388,380,-1,380,388,390,-1,392,393,394,-1,394,393,395,-1,394,395,396,-1,396,395,397,-1,396,397,398,-1,398,397,399,-1,398,399,392,-1,392,399,393,-1,400,401,402,-1,402,401,403,-1,392,402,398,-1,398,402,403,-1,398,403,396,-1,396,403,401,-1,400,394,401,-1,401,394,396,-1,394,400,392,-1,392,400,402,-1,404,405,406,-1,406,405,407,-1,406,407,408,-1,408,407,409,-1,408,409,410,-1,410,409,411,-1,410,411,404,-1,404,411,405,-1,412,413,414,-1,414,413,415,-1,404,414,410,-1,410,414,415,-1,410,415,408,-1,408,415,413,-1,412,406,413,-1,413,406,408,-1,406,412,404,-1,404,412,414,-1,416,417,418,-1,418,417,419,-1,420,421,422,-1,422,421,423,-1,423,421,424,-1,423,424,425,-1,425,424,426,-1,425,426,427,-1,427,426,428,-1,427,428,429,-1,429,428,430,-1,429,430,431,-1,431,430,432,-1,431,432,433,-1,433,432,434,-1,433,434,435,-1,436,437,438,-1,438,437,439,-1,440,441,442,-1,442,441,443,-1,442,443,444,-1,444,443,445,-1,444,445,446,-1,446,445,447,-1,446,447,448,-1,448,447,449,-1,448,449,450,-1,450,449,451,-1,450,451,437,-1,437,451,439,-1,441,440,452,-1,452,440,453,-1,452,454,441,-1,441,454,434,-1,441,434,443,-1,443,434,432,-1,443,432,445,-1,445,432,430,-1,445,430,447,-1,447,430,428,-1,447,428,449,-1,449,428,426,-1,449,426,451,-1,451,426,424,-1,451,424,439,-1,439,424,421,-1,439,421,438,-1,438,421,420,-1,455,435,454,-1,454,435,434,-1,436,422,437,-1,437,422,423,-1,437,423,450,-1,450,423,425,-1,450,425,448,-1,448,425,427,-1,448,427,446,-1,446,427,429,-1,446,429,444,-1,444,429,431,-1,444,431,442,-1,442,431,433,-1,442,433,440,-1,440,433,435,-1,440,435,453,-1,453,435,455,-1,436,418,422,-1,422,418,419,-1,422,419,420,-1,420,419,417,-1,416,438,417,-1,417,438,420,-1,438,416,436,-1,436,416,418,-1,456,457,458,-1,458,457,459,-1,460,461,462,-1,462,461,463,-1,463,461,464,-1,463,464,465,-1,465,464,466,-1,465,466,467,-1,467,466,468,-1,467,468,469,-1,469,468,470,-1,469,470,471,-1,471,470,472,-1,471,472,473,-1,473,472,474,-1,473,474,475,-1,476,477,478,-1,478,477,479,-1,480,481,482,-1,482,481,483,-1,482,483,484,-1,484,483,485,-1,484,485,486,-1,486,485,487,-1,486,487,488,-1,488,487,489,-1,488,489,490,-1,490,489,491,-1,490,491,477,-1,477,491,479,-1,481,480,492,-1,492,480,493,-1,492,494,481,-1,481,494,474,-1,481,474,483,-1,483,474,472,-1,483,472,485,-1,485,472,470,-1,485,470,487,-1,487,470,468,-1,487,468,489,-1,489,468,466,-1,489,466,491,-1,491,466,464,-1,491,464,479,-1,479,464,461,-1,479,461,478,-1,478,461,460,-1,495,475,494,-1,494,475,474,-1,476,462,477,-1,477,462,463,-1,477,463,490,-1,490,463,465,-1,490,465,488,-1,488,465,467,-1,488,467,486,-1,486,467,469,-1,486,469,484,-1,484,469,471,-1,484,471,482,-1,482,471,473,-1,482,473,480,-1,480,473,475,-1,480,475,493,-1,493,475,495,-1,476,458,462,-1,462,458,459,-1,462,459,460,-1,460,459,457,-1,456,478,457,-1,457,478,460,-1,478,456,476,-1,476,456,458,-1,496,497,498,-1,498,497,499,-1,500,501,502,-1,502,501,503,-1,503,501,504,-1,503,504,505,-1,505,504,506,-1,505,506,507,-1,507,506,508,-1,507,508,509,-1,509,508,510,-1,509,510,511,-1,511,510,512,-1,511,512,513,-1,513,512,514,-1,513,514,515,-1,516,517,518,-1,518,517,519,-1,520,521,522,-1,522,521,523,-1,522,523,524,-1,524,523,525,-1,524,525,526,-1,526,525,527,-1,526,527,528,-1,528,527,529,-1,528,529,530,-1,530,529,531,-1,530,531,517,-1,517,531,519,-1,521,520,532,-1,532,520,533,-1,532,534,521,-1,521,534,514,-1,521,514,523,-1,523,514,512,-1,523,512,525,-1,525,512,510,-1,525,510,527,-1,527,510,508,-1,527,508,529,-1,529,508,506,-1,529,506,531,-1,531,506,504,-1,531,504,519,-1,519,504,501,-1,519,501,518,-1,518,501,500,-1,535,515,534,-1,534,515,514,-1,516,502,517,-1,517,502,503,-1,517,503,530,-1,530,503,505,-1,530,505,528,-1,528,505,507,-1,528,507,526,-1,526,507,509,-1,526,509,524,-1,524,509,511,-1,524,511,522,-1,522,511,513,-1,522,513,520,-1,520,513,515,-1,520,515,533,-1,533,515,535,-1,516,498,502,-1,502,498,499,-1,502,499,500,-1,500,499,497,-1,496,518,497,-1,497,518,500,-1,518,496,516,-1,516,496,498,-1,536,537,538,-1,538,537,539,-1,540,541,542,-1,542,541,543,-1,543,541,544,-1,543,544,545,-1,545,544,546,-1,545,546,547,-1,547,546,548,-1,547,548,549,-1,549,548,550,-1,549,550,551,-1,551,550,552,-1,551,552,553,-1,553,552,554,-1,553,554,555,-1,556,557,558,-1,558,557,559,-1,560,561,562,-1,562,561,563,-1,562,563,564,-1,564,563,565,-1,564,565,566,-1,566,565,567,-1,566,567,568,-1,568,567,569,-1,568,569,570,-1,570,569,571,-1,570,571,557,-1,557,571,559,-1,561,560,572,-1,572,560,573,-1,572,574,561,-1,561,574,554,-1,561,554,563,-1,563,554,552,-1,563,552,565,-1,565,552,550,-1,565,550,567,-1,567,550,548,-1,567,548,569,-1,569,548,546,-1,569,546,571,-1,571,546,544,-1,571,544,559,-1,559,544,541,-1,559,541,558,-1,558,541,540,-1,575,555,574,-1,574,555,554,-1,556,542,557,-1,557,542,543,-1,557,543,570,-1,570,543,545,-1,570,545,568,-1,568,545,547,-1,568,547,566,-1,566,547,549,-1,566,549,564,-1,564,549,551,-1,564,551,562,-1,562,551,553,-1,562,553,560,-1,560,553,555,-1,560,555,573,-1,573,555,575,-1,556,538,542,-1,542,538,539,-1,542,539,540,-1,540,539,537,-1,536,558,537,-1,537,558,540,-1,558,536,556,-1,556,536,538,-1,576,577,578,-1,578,577,579,-1,580,581,582,-1,582,581,583,-1,583,581,584,-1,583,584,585,-1,585,584,586,-1,585,586,587,-1,587,586,588,-1,587,588,589,-1,589,588,590,-1,589,590,591,-1,591,590,592,-1,591,592,593,-1,593,592,594,-1,593,594,595,-1,596,597,598,-1,598,597,599,-1,600,601,602,-1,602,601,603,-1,602,603,604,-1,604,603,605,-1,604,605,606,-1,606,605,607,-1,606,607,608,-1,608,607,609,-1,608,609,610,-1,610,609,611,-1,610,611,597,-1,597,611,599,-1,601,600,612,-1,612,600,613,-1,612,614,601,-1,601,614,594,-1,601,594,603,-1,603,594,592,-1,603,592,605,-1,605,592,590,-1,605,590,607,-1,607,590,588,-1,607,588,609,-1,609,588,586,-1,609,586,611,-1,611,586,584,-1,611,584,599,-1,599,584,581,-1,599,581,598,-1,598,581,580,-1,615,595,614,-1,614,595,594,-1,596,582,597,-1,597,582,583,-1,597,583,610,-1,610,583,585,-1,610,585,608,-1,608,585,587,-1,608,587,606,-1,606,587,589,-1,606,589,604,-1,604,589,591,-1,604,591,602,-1,602,591,593,-1,602,593,600,-1,600,593,595,-1,600,595,613,-1,613,595,615,-1,596,578,582,-1,582,578,579,-1,582,579,580,-1,580,579,577,-1,576,598,577,-1,577,598,580,-1,598,576,596,-1,596,576,578,-1,616,617,618,-1,618,617,619,-1,620,621,622,-1,622,621,623,-1,623,621,624,-1,623,624,625,-1,625,624,626,-1,625,626,627,-1,627,626,628,-1,627,628,629,-1,629,628,630,-1,629,630,631,-1,631,630,632,-1,631,632,633,-1,633,632,634,-1,633,634,635,-1,636,637,638,-1,638,637,639,-1,640,641,642,-1,642,641,643,-1,642,643,644,-1,644,643,645,-1,644,645,646,-1,646,645,647,-1,646,647,648,-1,648,647,649,-1,648,649,650,-1,650,649,651,-1,650,651,637,-1,637,651,639,-1,641,640,652,-1,652,640,653,-1,652,654,641,-1,641,654,634,-1,641,634,643,-1,643,634,632,-1,643,632,645,-1,645,632,630,-1,645,630,647,-1,647,630,628,-1,647,628,649,-1,649,628,626,-1,649,626,651,-1,651,626,624,-1,651,624,639,-1,639,624,621,-1,639,621,638,-1,638,621,620,-1,655,635,654,-1,654,635,634,-1,636,622,637,-1,637,622,623,-1,637,623,650,-1,650,623,625,-1,650,625,648,-1,648,625,627,-1,648,627,646,-1,646,627,629,-1,646,629,644,-1,644,629,631,-1,644,631,642,-1,642,631,633,-1,642,633,640,-1,640,633,635,-1,640,635,653,-1,653,635,655,-1,636,618,622,-1,622,618,619,-1,622,619,620,-1,620,619,617,-1,616,638,617,-1,617,638,620,-1,638,616,636,-1,636,616,618,-1,656,657,658,-1,658,657,659,-1,658,659,660,-1,660,659,661,-1,660,661,662,-1,662,661,663,-1,662,663,656,-1,656,663,657,-1,664,665,666,-1,666,665,667,-1,656,666,662,-1,662,666,667,-1,662,667,660,-1,660,667,665,-1,664,658,665,-1,665,658,660,-1,658,664,656,-1,656,664,666,-1,668,669,670,-1,670,669,671,-1,670,671,672,-1,672,671,673,-1,672,673,674,-1,674,673,675,-1,674,675,668,-1,668,675,669,-1,676,677,678,-1,678,677,679,-1,668,678,674,-1,674,678,679,-1,674,679,672,-1,672,679,677,-1,676,670,677,-1,677,670,672,-1,670,676,668,-1,668,676,678,-1,680,681,682,-1,682,681,683,-1,682,683,684,-1,684,683,685,-1,684,685,686,-1,686,685,687,-1,686,687,680,-1,680,687,681,-1,688,689,690,-1,690,689,691,-1,680,690,686,-1,686,690,691,-1,686,691,684,-1,684,691,689,-1,688,682,689,-1,689,682,684,-1,682,688,680,-1,680,688,690,-1,692,693,694,-1,694,693,695,-1,694,695,696,-1,696,695,697,-1,696,697,698,-1,698,697,699,-1,698,699,692,-1,692,699,693,-1,700,701,702,-1,702,701,703,-1,692,702,698,-1,698,702,703,-1,698,703,696,-1,696,703,701,-1,700,694,701,-1,701,694,696,-1,694,700,692,-1,692,700,702,-1,704,705,706,-1,706,705,707,-1,706,707,708,-1,708,707,709,-1,708,709,710,-1,710,709,711,-1,710,711,704,-1,704,711,705,-1,712,713,714,-1,714,713,715,-1,704,714,710,-1,710,714,715,-1,710,715,708,-1,708,715,713,-1,712,706,713,-1,713,706,708,-1,706,712,704,-1,704,712,714,-1,716,717,718,-1,718,717,719,-1,718,719,720,-1,720,719,721,-1,720,721,722,-1,722,721,723,-1,722,723,716,-1,716,723,717,-1,724,725,726,-1,726,725,727,-1,716,726,722,-1,722,726,727,-1,722,727,720,-1,720,727,725,-1,724,718,725,-1,725,718,720,-1,718,724,716,-1,716,724,726,-1,
        ]
    }
}
Shape{
    appearance Appearance {
        material  Material 	{
            diffuseColor 1.0 1.0 1.0
            specularColor 0.5019607843137255 0.5019607843137255 0.5019607843137255
            ambientIntensity 0.2
            transparency 0
            shininess 0.5
        }
    }
    geometry IndexedFaceSet {
        ccw TRUE
        solid FALSE
        coord DEF co Coordinate {
            point [
                1.7539 -0.0158 0.2505, 1.7539 -0.0158 0.2444, 1.75 -0.0158 0.2505, 1.75 -0.0158 0.2444, 1.7539 -0.0371 0.2505, 1.75 -0.0371 0.2505, 1.7539 -0.0371 0.2978, 1.75 -0.0371 0.2978, 1.7539 -0.044 0.2978, 1.75 -0.044 0.2978, 1.7539 -0.044 0.2444, 1.75 -0.044 0.2444, 1.75 0.0263 0.2466, 1.7539 0.0263 0.2466, 1.7539 0.0254 0.2462, 1.7539 0.0115 0.2435, 1.75 0.0115 0.2435, 1.7539 0.0197 0.2443, 1.75 0.0163 0.244, 1.75 0.0197 0.2443, 1.75 0.024 0.2457, 1.75 0.0254 0.2462, 1.7539 0.0263 0.2532, 1.75 0.0263 0.2532, 1.75 0.024 0.2522, 1.7539 0.0212 0.2509, 1.75 0.0212 0.2509, 1.75 0.0152 0.2498, 1.7539 0.0152 0.2498, 1.75 0.0125 0.2496, 1.7539 0.0125 0.2496, 1.75 0.0071 0.2503, 1.7539 0.0071 0.2503, 1.75 0.0033 0.2518, 1.7539 0.0033 0.2518, 1.75 -0.0002 0.2543, 1.7539 -0.0002 0.2543, 1.75 -0.0012 0.2553, 1.7539 -0.0012 0.2553, 1.75 -0.0039 0.2591, 1.7539 -0.0039 0.2591, 1.75 -0.0056 0.2634, 1.7539 -0.0056 0.2634, 1.75 -0.0064 0.27, 1.7539 -0.0064 0.27, 1.75 -0.0064 0.2705, 1.7539 -0.0064 0.2705, 1.75 -0.0057 0.2771, 1.7539 -0.0057 0.2771, 1.75 -0.004 0.2818, 1.7539 -0.004 0.2818, 1.75 -0.0016 0.2857, 1.7539 -0.0016 0.2857, 1.75 -0.0008 0.2865, 1.7539 -0.0008 0.2865, 1.75 0.0026 0.2894, 1.7539 0.0026 0.2894, 1.75 0.0068 0.2914, 1.7539 0.0068 0.2914, 1.75 0.0114 0.2924, 1.7539 0.0114 0.2924, 1.75 0.0137 0.2925, 1.7539 0.0137 0.2925, 1.75 0.0263 0.2893, 1.7539 0.0263 0.2893, 1.7539 0.0254 0.2898, 1.75 0.0199 0.2918, 1.7539 0.0199 0.2918, 1.75 0.024 0.2903, 1.75 0.0254 0.2898, 1.7539 0.0263 0.2965, 1.75 0.0263 0.2965, 1.75 0.0137 0.2987, 1.7539 0.0137 0.2987, 1.7539 0.0142 0.2987, 1.75 0.024 0.2972, 1.7539 0.0211 0.2981, 1.75 0.0211 0.2981, 1.75 0.0192 0.2982, 1.75 0.0142 0.2987, 1.7539 0.007 0.298, 1.75 0.0093 0.2982, 1.75 0.007 0.298, 1.75 0.0013 0.296, 1.7539 0.0013 0.296, 1.75 -0.0041 0.2926, 1.7539 -0.0041 0.2926, 1.75 -0.0059 0.2908, 1.7539 -0.0059 0.2908, 1.75 -0.0096 0.2861, 1.75 -0.0113 0.2824, 1.7539 -0.0122 0.2803, 1.7539 -0.0096 0.2861, 1.75 -0.0122 0.2803, 1.75 -0.0135 0.2734, 1.7539 -0.0135 0.2734, 1.75 -0.0136 0.2701, 1.7539 -0.0136 0.2701, 1.75 -0.0126 0.2615, 1.7539 -0.0126 0.2615, 1.75 -0.0113 0.258, 1.7539 -0.0105 0.2559, 1.75 -0.0105 0.2559, 1.75 -0.0073 0.2514, 1.7539 -0.0073 0.2514, 1.75 -0.0068 0.2508, 1.7539 -0.0068 0.2508, 1.7539 0.0083 0.2437, 1.75 -0.0025 0.2472, 1.7539 -0.0025 0.2472, 1.75 0.0025 0.2449, 1.7539 0.0025 0.2449, 1.75 0.0069 0.244, 1.75 0.0083 0.2437, 1.7539 0.0657 0.2505, 1.7539 0.0657 0.2444, 1.75 0.0657 0.2505, 1.75 0.0657 0.2444, 1.75 0.0439 0.2505, 1.7539 0.0439 0.2505, 1.75 0.0583 0.2505, 1.7539 0.0439 0.2684, 1.75 0.0439 0.2684, 1.7539 0.063 0.2684, 1.75 0.0583 0.2684, 1.75 0.063 0.2684, 1.7539 0.063 0.2746, 1.75 0.063 0.2746, 1.75 0.0439 0.2746, 1.7539 0.0439 0.2746, 1.75 0.0583 0.2746, 1.7539 0.0439 0.2916, 1.75 0.0439 0.2916, 1.7539 0.0645 0.2916, 1.75 0.0583 0.2916, 1.75 0.0645 0.2916, 1.7539 0.0645 0.2978, 1.75 0.0645 0.2978, 1.75 0.037 0.2978, 1.7539 0.037 0.2978, 1.75 0.0583 0.2978, 1.7539 0.037 0.2444, 1.75 0.037 0.2444, 1.75 0.0583 0.2444, 1.7539 0.1119 0.2686, 1.7539 0.1191 0.268, 1.7539 0.112 0.2716, 1.7539 0.1193 0.2718, 1.7539 0.1113 0.2779, 1.7539 0.1186 0.2783, 1.7539 0.1099 0.2819, 1.7539 0.1167 0.2835, 1.7539 0.1079 0.2849, 1.7539 0.1136 0.2884, 1.7539 0.1062 0.2866, 1.7539 0.1112 0.2907, 1.7539 0.1021 0.2893, 1.7539 0.1062 0.2942, 1.7539 0.0974 0.2909, 1.7539 0.0998 0.2967, 1.7539 0.0908 0.2916, 1.7539 0.091 0.2978, 1.7539 0.0827 0.2916, 1.7539 0.0758 0.2978, 1.7539 0.0827 0.2505, 1.7539 0.0758 0.2444, 1.7539 0.0904 0.2505, 1.7539 0.0905 0.2444, 1.7539 0.0971 0.2512, 1.7539 0.0994 0.2455, 1.7539 0.1017 0.2528, 1.7539 0.1055 0.2478, 1.7539 0.1052 0.2551, 1.7539 0.1107 0.2514, 1.7539 0.1063 0.2561, 1.7539 0.1112 0.2519, 1.7539 0.1091 0.2596, 1.7539 0.115 0.2564, 1.7539 0.1109 0.2636, 1.7539 0.1177 0.2618, 1.75 0.0905 0.2444, 1.75 0.0758 0.2444, 1.75 0.0994 0.2455, 1.75 0.1055 0.2478, 1.75 0.1107 0.2514, 1.75 0.1112 0.2519, 1.75 0.115 0.2564, 1.75 0.1177 0.2618, 1.75 0.1191 0.268, 1.75 0.1193 0.2718, 1.75 0.1186 0.2783, 1.75 0.1167 0.2835, 1.75 0.1136 0.2884, 1.75 0.1112 0.2907, 1.75 0.1062 0.2942, 1.75 0.0998 0.2967, 1.75 0.091 0.2978, 1.75 0.0758 0.2978, 1.75 0.0908 0.2916, 1.75 0.0827 0.2916, 1.75 0.0827 0.2505, 1.75 0.0904 0.2505, 1.75 0.1063 0.2561, 1.75 0.1052 0.2551, 1.75 0.1017 0.2528, 1.75 0.0971 0.2512, 1.75 0.112 0.2716, 1.75 0.1119 0.2686, 1.75 0.1109 0.2636, 1.75 0.1091 0.2596, 1.75 0.1062 0.2866, 1.75 0.1079 0.2849, 1.75 0.1099 0.2819, 1.75 0.1113 0.2779, 1.75 0.0974 0.2909, 1.75 0.1021 0.2893, 1.75 0.1021 0.2893
            ]
        }
        coordIndex [
            0,1,2,-1,2,1,3,-1,4,0,5,-1,5,0,2,-1,6,4,7,-1,7,4,5,-1,8,6,9,-1,9,6,7,-1,10,8,11,-1,11,8,9,-1,1,10,3,-1,3,10,11,-1,6,8,4,-1,4,8,10,-1,4,10,0,-1,0,10,1,-1,12,13,14,-1,15,16,17,-1,17,16,18,-1,18,19,17,-1,17,19,20,-1,17,20,14,-1,14,20,21,-1,14,21,12,-1,22,13,23,-1,23,13,12,-1,22,23,24,-1,22,24,25,-1,24,26,25,-1,25,26,27,-1,25,27,28,-1,28,27,29,-1,28,29,30,-1,30,29,31,-1,30,31,32,-1,32,31,33,-1,32,33,34,-1,34,33,35,-1,34,35,36,-1,36,35,37,-1,36,37,38,-1,38,37,39,-1,38,39,40,-1,40,39,41,-1,40,41,42,-1,42,41,43,-1,42,43,44,-1,44,43,45,-1,44,45,46,-1,46,45,47,-1,46,47,48,-1,48,47,49,-1,48,49,50,-1,50,49,51,-1,50,51,52,-1,52,51,53,-1,52,53,54,-1,54,53,55,-1,54,55,56,-1,56,55,57,-1,56,57,58,-1,58,57,59,-1,58,59,60,-1,60,59,61,-1,60,61,62,-1,63,64,65,-1,62,61,66,-1,62,66,67,-1,67,66,68,-1,67,68,65,-1,65,68,69,-1,65,69,63,-1,70,64,71,-1,71,64,63,-1,72,73,74,-1,70,71,75,-1,70,75,76,-1,75,77,76,-1,76,77,78,-1,76,78,74,-1,74,78,79,-1,74,79,72,-1,73,72,80,-1,80,72,81,-1,81,82,80,-1,80,82,83,-1,80,83,84,-1,84,83,85,-1,84,85,86,-1,86,85,87,-1,86,87,88,-1,88,87,89,-1,90,91,89,-1,89,91,92,-1,89,92,88,-1,90,93,91,-1,91,93,94,-1,91,94,95,-1,95,94,96,-1,95,96,97,-1,97,96,98,-1,97,98,99,-1,99,98,100,-1,99,100,101,-1,100,102,101,-1,101,102,103,-1,101,103,104,-1,104,103,105,-1,104,105,106,-1,16,15,107,-1,106,105,108,-1,106,108,109,-1,109,108,110,-1,109,110,111,-1,111,110,112,-1,111,112,107,-1,107,112,113,-1,107,113,16,-1,65,64,70,-1,40,42,99,-1,48,50,92,-1,99,42,97,-1,92,50,88,-1,65,70,67,-1,67,70,76,-1,67,76,62,-1,62,76,74,-1,62,74,60,-1,60,74,73,-1,60,73,58,-1,58,73,80,-1,58,80,56,-1,13,22,14,-1,14,22,25,-1,14,25,17,-1,17,25,28,-1,17,28,15,-1,15,28,30,-1,15,30,107,-1,107,30,32,-1,107,32,111,-1,111,32,34,-1,111,34,109,-1,109,34,36,-1,109,36,106,-1,106,36,38,-1,106,38,104,-1,104,38,40,-1,104,40,101,-1,101,40,99,-1,80,84,56,-1,56,84,86,-1,56,86,54,-1,54,86,88,-1,54,88,52,-1,52,88,50,-1,42,44,97,-1,97,44,46,-1,97,46,95,-1,95,46,48,-1,95,48,91,-1,91,48,92,-1,114,115,116,-1,116,115,117,-1,118,119,120,-1,120,119,114,-1,120,114,116,-1,121,119,122,-1,122,119,118,-1,121,122,123,-1,123,122,124,-1,123,124,125,-1,126,123,127,-1,127,123,125,-1,128,129,130,-1,130,129,126,-1,130,126,127,-1,131,129,132,-1,132,129,128,-1,131,132,133,-1,133,132,134,-1,133,134,135,-1,136,133,137,-1,137,133,135,-1,138,139,140,-1,140,139,136,-1,140,136,137,-1,141,139,142,-1,142,139,138,-1,141,142,115,-1,115,142,143,-1,115,143,117,-1,141,115,114,-1,114,119,141,-1,141,119,121,-1,141,121,139,-1,133,136,131,-1,131,136,139,-1,131,139,129,-1,129,139,121,-1,129,121,126,-1,126,121,123,-1,144,145,146,-1,146,145,147,-1,146,147,148,-1,148,147,149,-1,148,149,150,-1,150,149,151,-1,150,151,152,-1,152,151,153,-1,152,153,154,-1,154,153,155,-1,154,155,156,-1,156,155,157,-1,156,157,158,-1,158,157,159,-1,158,159,160,-1,160,159,161,-1,160,161,162,-1,162,161,163,-1,162,163,164,-1,164,163,165,-1,164,165,166,-1,166,165,167,-1,166,167,168,-1,168,167,169,-1,168,169,170,-1,170,169,171,-1,170,171,172,-1,172,171,173,-1,172,173,174,-1,174,173,175,-1,174,175,176,-1,176,175,177,-1,176,177,178,-1,178,177,179,-1,178,179,144,-1,144,179,145,-1,167,165,180,-1,180,165,181,-1,167,180,182,-1,167,182,169,-1,169,182,183,-1,169,183,171,-1,171,183,184,-1,171,184,173,-1,173,184,185,-1,173,185,175,-1,175,185,186,-1,175,186,177,-1,177,186,187,-1,177,187,179,-1,179,187,188,-1,179,188,145,-1,145,188,189,-1,145,189,147,-1,147,189,190,-1,147,190,149,-1,149,190,191,-1,149,191,151,-1,151,191,192,-1,151,192,153,-1,153,192,193,-1,153,193,155,-1,155,193,194,-1,155,194,157,-1,157,194,195,-1,157,195,159,-1,159,195,196,-1,159,196,161,-1,163,161,197,-1,197,161,196,-1,165,163,181,-1,181,163,197,-1,160,162,198,-1,198,162,199,-1,162,164,199,-1,199,164,200,-1,164,166,200,-1,200,166,201,-1,174,202,203,-1,174,203,172,-1,172,203,204,-1,172,204,170,-1,170,204,205,-1,170,205,168,-1,168,205,201,-1,168,201,166,-1,146,206,207,-1,146,207,144,-1,144,207,208,-1,144,208,178,-1,178,208,209,-1,178,209,176,-1,176,209,202,-1,176,202,174,-1,154,210,211,-1,154,211,152,-1,152,211,212,-1,152,212,150,-1,150,212,213,-1,150,213,148,-1,148,213,206,-1,148,206,146,-1,160,198,214,-1,160,214,158,-1,158,214,215,-1,158,215,156,-1,156,215,210,-1,156,210,154,-1,
        ]
    }
}
Shape{
    appearance Appearance {
        material  Material 	{
            diffuseColor 0.25098039215686274 0.25098039215686274 0.25098039215686274
            specularColor 0.12549019607843137 0.12549019607843137 0.12549019607843137
            ambientIntensity 0.2
            transparency 0
            shininess 0.5
        }
    }
    geometry IndexedFaceSet {
        ccw TRUE
        solid FALSE
        coord DEF co Coordinate {
            point [
                1.75 0.0827 0.2916, 1.75 0.0827 0.2505, 1.75 0.0908 0.2916, 1.75 0.0904 0.2505, 1.75 0.0971 0.2512, 1.75 0.1017 0.2528, 1.75 0.1052 0.2551, 1.75 0.1063 0.2561, 1.75 0.1091 0.2596, 1.75 0.1109 0.2636, 1.75 0.1119 0.2686, 1.75 0.112 0.2716, 1.75 0.1113 0.2779, 1.75 0.1099 0.2819, 1.75 0.1079 0.2849, 1.75 0.1062 0.2866, 1.75 0.0974 0.2909, 1.75 0.1021 0.2893, 1.75 0.1021 0.2893
            ]
        }
        coordIndex [
            0,1,2,-1,2,1,3,-1,2,3,4,-1,4,5,2,-1,2,5,6,-1,2,6,7,-1,7,8,2,-1,2,8,9,-1,2,9,10,-1,10,11,2,-1,2,11,12,-1,2,12,13,-1,13,14,2,-1,2,14,15,-1,2,15,16,-1,16,15,17,-1,
        ]
    }
}
Shape{
    appearance Appearance {
        material  Material 	{
            diffuseColor 1.0 1.0 1.0
            specularColor 0.5019607843137255 0.5019607843137255 0.5019607843137255
            ambientIntensity 0.2
            transparency 0
            shininess 0.5
        }
    }
    geometry IndexedFaceSet {
        ccw TRUE
        solid FALSE
        coord DEF co Coordinate {
            point [
                1.7539 0.1372 0.265, 1.7539 0.135 0.259, 1.7539 0.1551 0.265, 1.7539 0.1572 0.259, 1.7539 0.1451 0.2872, 1.7539 0.1426 0.2978, 1.7539 0.1222 0.2444, 1.7539 0.1298 0.2444, 1.7539 0.1456 0.2888, 1.7539 0.146 0.291, 1.7539 0.1499 0.2978, 1.7539 0.1462 0.291, 1.7539 0.1466 0.2887, 1.7539 0.147 0.2872, 1.7539 0.1703 0.2444, 1.7539 0.1626 0.2444, 1.75 0.1499 0.2978, 1.75 0.1703 0.2444, 1.75 0.1426 0.2978, 1.75 0.1222 0.2444, 1.75 0.1376 0.2848, 1.75 0.1298 0.2444, 1.75 0.135 0.259, 1.75 0.1572 0.259, 1.75 0.1376 0.259, 1.75 0.1626 0.2444, 1.75 0.1372 0.265, 1.75 0.1551 0.265, 1.75 0.147 0.2872, 1.75 0.1462 0.291, 1.75 0.1466 0.2887, 1.75 0.146 0.291, 1.75 0.1451 0.2872, 1.75 0.1456 0.2888, 1.75 0.1456 0.2888
            ]
        }
        coordIndex [
            0,1,2,-1,2,1,3,-1,4,5,0,-1,0,5,6,-1,0,6,1,-1,1,6,7,-1,4,8,5,-1,5,8,9,-1,5,9,10,-1,10,9,11,-1,10,11,12,-1,12,13,10,-1,10,13,2,-1,10,2,14,-1,14,2,3,-1,14,3,15,-1,10,14,16,-1,16,14,17,-1,5,10,18,-1,18,10,16,-1,19,6,20,-1,20,6,5,-1,20,5,18,-1,7,6,21,-1,21,6,19,-1,1,7,22,-1,22,7,21,-1,23,3,24,-1,24,3,1,-1,24,1,22,-1,15,3,25,-1,25,3,23,-1,14,15,17,-1,17,15,25,-1,0,2,26,-1,26,2,27,-1,2,13,27,-1,27,13,28,-1,11,29,30,-1,11,30,12,-1,12,30,28,-1,12,28,13,-1,11,9,29,-1,29,9,31,-1,4,32,33,-1,4,33,8,-1,8,33,31,-1,8,31,9,-1,4,0,32,-1,32,0,26,-1,
        ]
    }
}
Shape{
    appearance Appearance {
        material  Material 	{
            diffuseColor 0.25098039215686274 0.25098039215686274 0.25098039215686274
            specularColor 0.12549019607843137 0.12549019607843137 0.12549019607843137
            ambientIntensity 0.2
            transparency 0
            shininess 0.5
        }
    }
    geometry IndexedFaceSet {
        ccw TRUE
        solid FALSE
        coord DEF co Coordinate {
            point [
                1.75 0.1462 0.291, 1.75 0.146 0.291, 1.75 0.1466 0.2887, 1.75 0.1456 0.2888, 1.75 0.147 0.2872, 1.75 0.1451 0.2872, 1.75 0.1551 0.265, 1.75 0.1372 0.265, 1.75 0.1372 0.265
            ]
        }
        coordIndex [
            0,1,2,-1,2,1,3,-1,2,3,4,-1,4,3,5,-1,4,5,6,-1,6,5,7,-1,
        ]
    }
}
Shape{
    appearance Appearance {
        material  Material 	{
            diffuseColor 1.0 1.0 1.0
            specularColor 0.5019607843137255 0.5019607843137255 0.5019607843137255
            ambientIntensity 0.2
            transparency 0
            shininess 0.5
        }
    }
    geometry IndexedFaceSet {
        ccw TRUE
        solid FALSE
        coord DEF co Coordinate {
            point [
                1.7539 -0.0153 0.1658, 1.7539 -0.0153 0.1597, 1.75 -0.0153 0.1658, 1.75 -0.0153 0.1597, 1.7539 -0.0371 0.1658, 1.75 -0.0371 0.1658, 1.7539 -0.0371 0.1838, 1.75 -0.0371 0.1838, 1.7539 -0.018 0.1838, 1.75 -0.018 0.1838, 1.7539 -0.018 0.1899, 1.75 -0.018 0.1899, 1.7539 -0.0371 0.1899, 1.75 -0.0371 0.1899, 1.7539 -0.0371 0.207, 1.75 -0.0371 0.207, 1.7539 -0.0165 0.207, 1.75 -0.0165 0.207, 1.7539 -0.0165 0.2131, 1.75 -0.0165 0.2131, 1.7539 -0.044 0.2131, 1.75 -0.044 0.2131, 1.7539 -0.044 0.1597, 1.75 -0.044 0.1597, 1.7539 0.0149 0.1656, 1.7539 0.0151 0.1656, 1.7539 0.0146 0.1718, 1.7539 -0.0013 0.1811, 1.7539 -0.0041 0.1797, 1.7539 -0.0003 0.1753, 1.7539 0.0151 0.1748, 1.7539 0.0218 0.1843, 1.7539 0.0151 0.1752, 1.7539 0.0151 0.1789, 1.7539 0.0151 0.1597, 1.7539 0.0218 0.1597, 1.7539 0.0137 0.1694, 1.7539 0.0122 0.1674, 1.7539 0.0139 0.164, 1.7539 0.0114 0.1666, 1.7539 0.0118 0.1618, 1.7539 0.0095 0.1653, 1.7539 0.0094 0.1602, 1.7539 0.0075 0.1646, 1.7539 0.0067 0.1592, 1.7539 0.005 0.1643, 1.7539 0.0032 0.1588, 1.7539 0.0027 0.1646, 1.7539 -0.0008 0.1593, 1.7539 0.0012 0.1651, 1.7539 -0.0033 0.1603, 1.7539 -0.0001 0.166, 1.7539 -0.0056 0.1618, 1.7539 -0.0007 0.1666, 1.7539 -0.0011 0.1743, 1.7539 -0.0062 0.1779, 1.7539 -0.0017 0.1731, 1.7539 -0.0075 0.176, 1.7539 -0.002 0.1715, 1.7539 0.0007 0.176, 1.7539 0.0023 0.1768, 1.7539 0.0038 0.1824, 1.7539 0.0062 0.1777, 1.7539 0.0151 0.184, 1.7539 -0.0051 0.1952, 1.7539 -0.0051 0.1887, 1.7539 -0.0033 0.1962, 1.7539 -0.0004 0.1916, 1.7539 0.0018 0.198, 1.7539 0.0038 0.193, 1.7539 0.008 0.1987, 1.7539 0.0074 0.1933, 1.7539 0.012 0.1984, 1.7539 0.0096 0.1931, 1.7539 0.0148 0.1975, 1.7539 0.0112 0.1925, 1.7539 0.017 0.1963, 1.7539 0.0124 0.1917, 1.7539 0.0188 0.1946, 1.7539 0.0134 0.1907, 1.7539 0.0202 0.1924, 1.7539 0.0142 0.1893, 1.7539 0.0212 0.1894, 1.7539 0.0149 0.1869, 1.7539 -0.0084 0.1736, 1.7539 -0.0088 0.1707, 1.7539 -0.0021 0.1705, 1.7539 -0.0089 0.1699, 1.7539 -0.0019 0.1689, 1.7539 -0.0085 0.1669, 1.7539 -0.0015 0.1677, 1.7539 -0.0077 0.1646, 1.7539 -0.0063 0.1626, 1.75 0.008 0.1987, 1.75 0.0018 0.198, 1.75 -0.0033 0.1962, 1.75 -0.0051 0.1952, 1.75 -0.0051 0.1887, 1.75 -0.0004 0.1916, 1.75 0.0038 0.193, 1.75 0.0074 0.1933, 1.75 0.0096 0.1931, 1.75 0.0112 0.1925, 1.75 0.0124 0.1917, 1.75 0.0134 0.1907, 1.75 0.0142 0.1893, 1.75 0.0149 0.1869, 1.75 0.0151 0.184, 1.75 0.0038 0.1824, 1.75 -0.0013 0.1811, 1.75 -0.0041 0.1797, 1.75 -0.0062 0.1779, 1.75 -0.0075 0.176, 1.75 -0.0084 0.1736, 1.75 -0.0088 0.1707, 1.75 -0.0089 0.1699, 1.75 -0.0085 0.1669, 1.75 -0.0077 0.1646, 1.75 -0.0063 0.1626, 1.75 -0.0056 0.1618, 1.75 0.0032 0.1588, 1.75 -0.0007 0.1593, 1.75 -0.0008 0.1593, 1.75 -0.0033 0.1603, 1.75 0.0067 0.1592, 1.75 0.0069 0.1593, 1.75 0.0094 0.1602, 1.75 0.0118 0.1618, 1.75 0.0139 0.164, 1.75 0.0149 0.1656, 1.75 0.0151 0.1656, 1.75 0.0151 0.1597, 1.75 0.0218 0.1597, 1.75 0.0218 0.1843, 1.75 0.0212 0.1894, 1.75 0.0202 0.1924, 1.75 0.0188 0.1946, 1.75 0.017 0.1963, 1.75 0.0148 0.1975, 1.75 0.012 0.1984, 1.75 -0.0003 0.1753, 1.75 0.0007 0.176, 1.75 0.0023 0.1768, 1.75 0.0062 0.1777, 1.75 -0.0021 0.1705, 1.75 -0.002 0.1715, 1.75 -0.0017 0.1731, 1.75 -0.0011 0.1743, 1.75 -0.0001 0.166, 1.75 -0.0007 0.1666, 1.75 -0.0015 0.1677, 1.75 -0.0019 0.1689, 1.75 0.005 0.1643, 1.75 0.0027 0.1646, 1.75 0.0012 0.1651, 1.75 0.0122 0.1674, 1.75 0.0114 0.1666, 1.75 0.0095 0.1653, 1.75 0.0075 0.1646, 1.75 0.0151 0.1752, 1.75 0.0151 0.1748, 1.75 0.0146 0.1718, 1.75 0.0137 0.1694, 1.75 0.0151 0.1789, 1.75 0.0151 0.1789
            ]
        }
        coordIndex [
            0,1,2,-1,2,1,3,-1,4,0,5,-1,5,0,2,-1,6,4,7,-1,7,4,5,-1,8,6,9,-1,9,6,7,-1,10,8,11,-1,11,8,9,-1,12,10,13,-1,13,10,11,-1,14,12,15,-1,15,12,13,-1,16,14,17,-1,17,14,15,-1,18,16,19,-1,19,16,17,-1,20,18,21,-1,21,18,19,-1,22,20,23,-1,23,20,21,-1,1,22,3,-1,3,22,23,-1,22,1,0,-1,0,4,22,-1,22,4,6,-1,22,6,20,-1,16,18,14,-1,14,18,20,-1,14,20,12,-1,12,20,6,-1,12,6,10,-1,10,6,8,-1,24,25,26,-1,27,28,29,-1,30,31,32,-1,32,31,33,-1,34,35,25,-1,25,35,31,-1,25,31,26,-1,26,31,30,-1,26,36,24,-1,24,36,37,-1,24,37,38,-1,38,37,39,-1,38,39,40,-1,40,39,41,-1,40,41,42,-1,42,41,43,-1,42,43,44,-1,44,43,45,-1,44,45,46,-1,46,45,47,-1,46,47,48,-1,48,47,49,-1,48,49,50,-1,50,49,51,-1,50,51,52,-1,52,51,53,-1,29,28,54,-1,54,28,55,-1,54,55,56,-1,56,55,57,-1,56,57,58,-1,29,59,27,-1,27,59,60,-1,27,60,61,-1,61,60,62,-1,61,62,63,-1,64,65,66,-1,66,65,67,-1,66,67,68,-1,68,67,69,-1,68,69,70,-1,70,69,71,-1,70,71,72,-1,72,71,73,-1,72,73,74,-1,74,73,75,-1,74,75,76,-1,76,75,77,-1,76,77,78,-1,78,77,79,-1,78,79,80,-1,80,79,81,-1,80,81,82,-1,82,81,83,-1,82,83,31,-1,31,83,63,-1,31,63,33,-1,33,63,62,-1,57,84,58,-1,58,84,85,-1,58,85,86,-1,86,85,87,-1,86,87,88,-1,88,87,89,-1,88,89,90,-1,90,89,91,-1,90,91,53,-1,53,91,92,-1,53,92,52,-1,70,93,94,-1,70,94,68,-1,68,94,95,-1,68,95,66,-1,66,95,96,-1,66,96,64,-1,65,64,97,-1,97,64,96,-1,65,97,98,-1,65,98,67,-1,67,98,99,-1,67,99,69,-1,69,99,100,-1,69,100,71,-1,71,100,101,-1,71,101,73,-1,73,101,102,-1,73,102,75,-1,75,102,103,-1,75,103,77,-1,77,103,104,-1,77,104,79,-1,79,104,105,-1,79,105,81,-1,81,105,106,-1,81,106,83,-1,83,106,107,-1,83,107,63,-1,61,63,108,-1,108,63,107,-1,61,108,109,-1,61,109,27,-1,27,109,110,-1,27,110,28,-1,28,110,111,-1,28,111,55,-1,55,111,112,-1,55,112,57,-1,57,112,113,-1,57,113,84,-1,84,113,114,-1,84,114,85,-1,85,114,115,-1,85,115,87,-1,87,115,116,-1,87,116,89,-1,89,116,117,-1,89,117,91,-1,91,117,118,-1,91,118,92,-1,92,118,119,-1,92,119,52,-1,120,46,121,-1,121,46,48,-1,121,48,122,-1,122,48,50,-1,122,50,123,-1,123,50,52,-1,123,52,119,-1,46,120,124,-1,46,124,44,-1,44,124,125,-1,44,125,42,-1,125,126,42,-1,42,126,127,-1,42,127,40,-1,40,127,128,-1,40,128,38,-1,38,128,129,-1,38,129,24,-1,25,24,130,-1,130,24,129,-1,34,25,131,-1,131,25,130,-1,35,34,132,-1,132,34,131,-1,31,35,133,-1,133,35,132,-1,31,133,134,-1,31,134,82,-1,82,134,135,-1,82,135,80,-1,80,135,136,-1,80,136,78,-1,78,136,137,-1,78,137,76,-1,76,137,138,-1,76,138,74,-1,74,138,139,-1,74,139,72,-1,72,139,93,-1,72,93,70,-1,29,140,141,-1,29,141,59,-1,59,141,142,-1,59,142,60,-1,60,142,143,-1,60,143,62,-1,86,144,145,-1,86,145,58,-1,58,145,146,-1,58,146,56,-1,56,146,147,-1,56,147,54,-1,54,147,140,-1,54,140,29,-1,51,148,149,-1,51,149,53,-1,53,149,150,-1,53,150,90,-1,90,150,151,-1,90,151,88,-1,88,151,144,-1,88,144,86,-1,45,152,153,-1,45,153,47,-1,47,153,154,-1,47,154,49,-1,49,154,148,-1,49,148,51,-1,37,155,156,-1,37,156,39,-1,39,156,157,-1,39,157,41,-1,41,157,158,-1,41,158,43,-1,43,158,152,-1,43,152,45,-1,32,159,160,-1,32,160,30,-1,30,160,161,-1,30,161,26,-1,26,161,162,-1,26,162,36,-1,36,162,155,-1,36,155,37,-1,32,33,159,-1,159,33,163,-1,33,62,163,-1,163,62,143,-1,
        ]
    }
}
Shape{
    appearance Appearance {
        material  Material 	{
            diffuseColor 0.25098039215686274 0.25098039215686274 0.25098039215686274
            specularColor 0.12549019607843137 0.12549019607843137 0.12549019607843137
            ambientIntensity 0.2
            transparency 0
            shininess 0.5
        }
    }
    geometry IndexedFaceSet {
        ccw TRUE
        solid FALSE
        coord DEF co Coordinate {
            point [
                1.75 0.0151 0.1789, 1.75 0.0062 0.1777, 1.75 0.0151 0.1752, 1.75 0.0023 0.1768, 1.75 0.0007 0.176, 1.75 -0.0003 0.1753, 1.75 0.0151 0.1748, 1.75 0.0146 0.1718, 1.75 -0.0011 0.1743, 1.75 0.0137 0.1694, 1.75 -0.0007 0.1666, 1.75 -0.0001 0.166, 1.75 0.0114 0.1666, 1.75 -0.0015 0.1677, 1.75 0.0095 0.1653, 1.75 0.0075 0.1646, 1.75 0.005 0.1643, 1.75 -0.0017 0.1731, 1.75 -0.002 0.1715, 1.75 0.0122 0.1674, 1.75 -0.0021 0.1705, 1.75 -0.0019 0.1689, 1.75 0.0012 0.1651, 1.75 0.0027 0.1646, 1.75 0.0027 0.1646
            ]
        }
        coordIndex [
            0,1,2,-1,2,1,3,-1,3,4,2,-1,2,4,5,-1,2,5,6,-1,6,5,7,-1,7,5,8,-1,7,8,9,-1,10,11,12,-1,10,12,13,-1,14,12,15,-1,15,12,16,-1,8,17,9,-1,9,17,18,-1,9,18,19,-1,19,18,20,-1,19,20,12,-1,12,20,21,-1,12,21,13,-1,11,22,12,-1,12,22,23,-1,12,23,16,-1,
        ]
    }
}
Shape{
    appearance Appearance {
        material  Material 	{
            diffuseColor 1.0 1.0 1.0
            specularColor 0.5019607843137255 0.5019607843137255 0.5019607843137255
            ambientIntensity 0.2
            transparency 0
            shininess 0.5
        }
    }
    geometry IndexedFaceSet {
        ccw TRUE
        solid FALSE
        coord DEF co Coordinate {
            point [
                1.75 0.0308 0.168, 1.7539 0.0308 0.168, 1.7539 0.0334 0.1663, 1.7539 0.0418 0.1643, 1.75 0.0418 0.1643, 1.75 0.0376 0.1648, 1.7539 0.0376 0.1648, 1.75 0.0339 0.1662, 1.75 0.0334 0.1663, 1.7539 0.0308 0.1611, 1.75 0.0308 0.1611, 1.75 0.0339 0.16, 1.7539 0.0356 0.1594, 1.75 0.0412 0.1588, 1.7539 0.0412 0.1588, 1.75 0.0368 0.1593, 1.75 0.0356 0.1594, 1.75 0.0451 0.1593, 1.7539 0.0471 0.1595, 1.75 0.0471 0.1595, 1.75 0.0506 0.1608, 1.7539 0.0506 0.1608, 1.75 0.0523 0.1619, 1.7539 0.0523 0.1619, 1.75 0.0542 0.1635, 1.7539 0.0542 0.1635, 1.75 0.0554 0.1653, 1.7539 0.0554 0.1653, 1.75 0.0563 0.1674, 1.7539 0.0563 0.1674, 1.75 0.0566 0.1701, 1.7539 0.0566 0.1701, 1.75 0.0563 0.1726, 1.7539 0.0563 0.1726, 1.75 0.0556 0.1746, 1.7539 0.0556 0.1746, 1.75 0.0543 0.1764, 1.7539 0.0543 0.1764, 1.75 0.0527 0.1778, 1.7539 0.0527 0.1778, 1.75 0.0483 0.1803, 1.7539 0.0483 0.1803, 1.75 0.0457 0.1813, 1.7539 0.0457 0.1813, 1.75 0.0416 0.1831, 1.7539 0.0416 0.1831, 1.75 0.0392 0.1846, 1.7539 0.0392 0.1846, 1.75 0.0386 0.1853, 1.7539 0.0386 0.1853, 1.75 0.0381 0.1862, 1.7539 0.0381 0.1862, 1.75 0.0378 0.1873, 1.7539 0.0378 0.1873, 1.75 0.0378 0.1882, 1.7539 0.0378 0.1882, 1.75 0.0379 0.1892, 1.7539 0.0379 0.1892, 1.75 0.0382 0.1901, 1.7539 0.0382 0.1901, 1.75 0.0388 0.191, 1.7539 0.0388 0.191, 1.75 0.0398 0.1919, 1.7539 0.0398 0.1919, 1.75 0.0413 0.1927, 1.7539 0.0413 0.1927, 1.75 0.0431 0.1931, 1.7539 0.0431 0.1931, 1.75 0.0451 0.1933, 1.7539 0.0451 0.1933, 1.75 0.0495 0.1928, 1.7539 0.0495 0.1928, 1.75 0.0532 0.1914, 1.7539 0.0532 0.1914, 1.75 0.0548 0.1905, 1.7539 0.0548 0.1905, 1.7539 0.0548 0.197, 1.75 0.0548 0.197, 1.75 0.0496 0.1984, 1.7539 0.0496 0.1984, 1.75 0.0457 0.1987, 1.7539 0.0457 0.1987, 1.75 0.0408 0.1982, 1.7539 0.0408 0.1982, 1.75 0.0371 0.1969, 1.7539 0.0371 0.1969, 1.75 0.0352 0.1957, 1.7539 0.0352 0.1957, 1.75 0.0339 0.1946, 1.7539 0.0332 0.1939, 1.75 0.0332 0.1939, 1.75 0.0319 0.1921, 1.7539 0.0319 0.1921, 1.75 0.0311 0.19, 1.7539 0.0311 0.19, 1.75 0.0309 0.1876, 1.7539 0.0309 0.1876, 1.75 0.0312 0.185, 1.7539 0.0312 0.185, 1.75 0.0319 0.1829, 1.7539 0.0319 0.1829, 1.75 0.0328 0.1815, 1.7539 0.0328 0.1815, 1.75 0.041 0.1765, 1.7539 0.041 0.1765, 1.7539 0.037 0.1783, 1.75 0.0339 0.1804, 1.7539 0.0339 0.1804, 1.75 0.0339 0.1803, 1.75 0.037 0.1783, 1.75 0.0454 0.1746, 1.7539 0.0454 0.1746, 1.75 0.048 0.1731, 1.7539 0.048 0.1731, 1.75 0.0488 0.1722, 1.7539 0.0488 0.1722, 1.75 0.0493 0.1713, 1.7539 0.0493 0.1713, 1.75 0.0496 0.1703, 1.7539 0.0496 0.1703, 1.75 0.0497 0.1694, 1.7539 0.0497 0.1694, 1.75 0.0496 0.1682, 1.7539 0.0496 0.1682, 1.75 0.0492 0.1672, 1.7539 0.0492 0.1672, 1.75 0.0487 0.1664, 1.7539 0.0487 0.1664, 1.75 0.0479 0.1657, 1.7539 0.0479 0.1657, 1.75 0.0473 0.1653, 1.7539 0.0473 0.1653, 1.75 0.0456 0.1647, 1.7539 0.0456 0.1647, 1.75 0.0421 0.1643, 1.7539 0.0421 0.1643, 1.7539 0.0897 0.1978, 1.7539 0.0967 0.1978, 1.75 0.0897 0.1978, 1.75 0.0967 0.1978, 1.7539 0.0793 0.1691, 1.75 0.0793 0.1691, 1.75 0.0788 0.1674, 1.7539 0.0788 0.1674, 1.75 0.0785 0.1661, 1.7539 0.0785 0.1661, 1.7539 0.0783 0.1661, 1.75 0.0783 0.1661, 1.7539 0.0775 0.1692, 1.75 0.0775 0.1692, 1.7539 0.0675 0.1978, 1.75 0.0708 0.1886, 1.75 0.0675 0.1978, 1.7539 0.0601 0.1978, 1.75 0.0601 0.1978, 1.7539 0.075 0.1598, 1.75 0.0708 0.1706, 1.75 0.075 0.1598, 1.75 0.0721 0.1529, 1.7539 0.0721 0.1529, 1.75 0.0748 0.1593, 1.75 0.0708 0.1505, 1.75 0.0708 0.1505, 1.7539 0.0695 0.1491, 1.7539 0.0708 0.1505, 1.75 0.0695 0.1491, 1.75 0.0683 0.1482, 1.7539 0.0683 0.1482, 1.75 0.0668 0.1477, 1.7539 0.0668 0.1477, 1.75 0.0652 0.1475, 1.7539 0.0652 0.1475, 1.75 0.0628 0.1478, 1.7539 0.0628 0.1478, 1.75 0.0614 0.1483, 1.7539 0.0614 0.1483, 1.7539 0.0614 0.1423, 1.75 0.0614 0.1423, 1.75 0.0643 0.1418, 1.7539 0.0643 0.1418, 1.75 0.0657 0.1418, 1.7539 0.0657 0.1418, 1.75 0.0684 0.1421, 1.7539 0.0684 0.1421, 1.75 0.0708 0.143, 1.7539 0.0711 0.1431, 1.75 0.0711 0.1431, 1.75 0.0734 0.1447, 1.7539 0.0734 0.1447, 1.75 0.0739 0.1451, 1.7539 0.0739 0.1451, 1.75 0.0763 0.1481, 1.7539 0.0763 0.1481, 1.75 0.0794 0.154, 1.7539 0.0794 0.154, 1.75 0.0814 0.1593, 1.7539 0.1326 0.1658, 1.7539 0.1326 0.1597, 1.75 0.1326 0.1658, 1.75 0.1326 0.1597, 1.7539 0.1108 0.1658, 1.75 0.1207 0.1658, 1.75 0.1108 0.1658, 1.7539 0.1108 0.1838, 1.75 0.1108 0.1838, 1.7539 0.1298 0.1838, 1.75 0.1207 0.1838, 1.75 0.1298 0.1838, 1.7539 0.1298 0.1899, 1.75 0.1298 0.1899, 1.75 0.1108 0.1899, 1.7539 0.1108 0.1899, 1.75 0.1207 0.1899, 1.7539 0.1108 0.207, 1.75 0.1108 0.207, 1.75 0.1314 0.207, 1.7539 0.1314 0.207, 1.75 0.1207 0.207, 1.7539 0.1314 0.2131, 1.75 0.1314 0.2131, 1.75 0.1039 0.2131, 1.7539 0.1039 0.2131, 1.75 0.1207 0.2131, 1.7539 0.1039 0.1597, 1.75 0.1039 0.1597, 1.75 0.1207 0.1597, 1.7539 0.1787 0.1839, 1.7539 0.1859 0.1834, 1.7539 0.1789 0.1869, 1.7539 0.1861 0.1871, 1.7539 0.1782 0.1932, 1.7539 0.1854 0.1936, 1.7539 0.1767 0.1972, 1.7539 0.1836 0.1989, 1.7539 0.1747 0.2002, 1.7539 0.1804 0.2037, 1.7539 0.173 0.2019, 1.7539 0.1781 0.206, 1.7539 0.1689 0.2046, 1.7539 0.173 0.2096, 1.7539 0.1642 0.2063, 1.7539 0.1667 0.212, 1.7539 0.1576 0.207, 1.7539 0.1579 0.2131, 1.7539 0.1495 0.207, 1.7539 0.1427 0.2131, 1.7539 0.1495 0.1658, 1.7539 0.1427 0.1597, 1.7539 0.1573 0.1658, 1.7539 0.1573 0.1597, 1.7539 0.1639 0.1665, 1.7539 0.1663 0.1608, 1.7539 0.1685 0.1681, 1.7539 0.1724 0.1631, 1.7539 0.1721 0.1704, 1.7539 0.1775 0.1667, 1.7539 0.1732 0.1714, 1.7539 0.1781 0.1672, 1.7539 0.176 0.1749, 1.7539 0.1819 0.1717, 1.7539 0.1777 0.1789, 1.7539 0.1846 0.1772, 1.75 0.1573 0.1597, 1.75 0.1427 0.1597, 1.75 0.1663 0.1608, 1.75 0.1724 0.1631, 1.75 0.1775 0.1667, 1.75 0.1781 0.1672, 1.75 0.1819 0.1717, 1.75 0.1846 0.1772, 1.75 0.1859 0.1834, 1.75 0.1861 0.1871, 1.75 0.1854 0.1936, 1.75 0.1836 0.1989, 1.75 0.1804 0.2037, 1.75 0.1781 0.206, 1.75 0.173 0.2096, 1.75 0.1667 0.212, 1.75 0.1579 0.2131, 1.75 0.1427 0.2131, 1.75 0.1576 0.207, 1.75 0.1495 0.207, 1.75 0.1495 0.1658, 1.75 0.1573 0.1658, 1.75 0.1732 0.1714, 1.75 0.1721 0.1704, 1.75 0.1685 0.1681, 1.75 0.1639 0.1665, 1.75 0.1789 0.1869, 1.75 0.1787 0.1839, 1.75 0.1777 0.1789, 1.75 0.176 0.1749, 1.75 0.173 0.2019, 1.75 0.1747 0.2002, 1.75 0.1767 0.1972, 1.75 0.1782 0.1932, 1.75 0.1642 0.2063, 1.75 0.1689 0.2046, 1.75 0.1689 0.2046
            ]
        }
        coordIndex [
            0,1,2,-1,3,4,5,-1,3,5,6,-1,6,5,7,-1,6,7,2,-1,2,7,8,-1,2,8,0,-1,9,1,10,-1,10,1,0,-1,10,11,9,-1,9,11,12,-1,13,14,15,-1,15,14,12,-1,15,12,16,-1,16,12,11,-1,13,17,14,-1,14,17,18,-1,17,19,18,-1,18,19,20,-1,18,20,21,-1,21,20,22,-1,21,22,23,-1,23,22,24,-1,23,24,25,-1,25,24,26,-1,25,26,27,-1,27,26,28,-1,27,28,29,-1,29,28,30,-1,29,30,31,-1,31,30,32,-1,31,32,33,-1,33,32,34,-1,33,34,35,-1,35,34,36,-1,35,36,37,-1,37,36,38,-1,37,38,39,-1,39,38,40,-1,39,40,41,-1,41,40,42,-1,41,42,43,-1,43,42,44,-1,43,44,45,-1,45,44,46,-1,45,46,47,-1,47,46,48,-1,47,48,49,-1,49,48,50,-1,49,50,51,-1,51,50,52,-1,51,52,53,-1,53,52,54,-1,53,54,55,-1,55,54,56,-1,55,56,57,-1,57,56,58,-1,57,58,59,-1,59,58,60,-1,59,60,61,-1,61,60,62,-1,61,62,63,-1,63,62,64,-1,63,64,65,-1,65,64,66,-1,65,66,67,-1,67,66,68,-1,67,68,69,-1,69,68,70,-1,69,70,71,-1,71,70,72,-1,71,72,73,-1,73,72,74,-1,73,74,75,-1,76,75,77,-1,77,75,74,-1,76,77,78,-1,76,78,79,-1,79,78,80,-1,79,80,81,-1,81,80,82,-1,81,82,83,-1,83,82,84,-1,83,84,85,-1,85,84,86,-1,85,86,87,-1,86,88,87,-1,87,88,89,-1,88,90,89,-1,89,90,91,-1,89,91,92,-1,92,91,93,-1,92,93,94,-1,94,93,95,-1,94,95,96,-1,96,95,97,-1,96,97,98,-1,98,97,99,-1,98,99,100,-1,100,99,101,-1,100,101,102,-1,103,104,105,-1,102,101,106,-1,102,106,107,-1,107,106,108,-1,107,108,105,-1,105,108,109,-1,105,109,103,-1,104,103,110,-1,104,110,111,-1,111,110,112,-1,111,112,113,-1,113,112,114,-1,113,114,115,-1,115,114,116,-1,115,116,117,-1,117,116,118,-1,117,118,119,-1,119,118,120,-1,119,120,121,-1,121,120,122,-1,121,122,123,-1,123,122,124,-1,123,124,125,-1,125,124,126,-1,125,126,127,-1,127,126,128,-1,127,128,129,-1,129,128,130,-1,129,130,131,-1,131,130,132,-1,131,132,133,-1,133,132,134,-1,133,134,135,-1,135,134,4,-1,135,4,3,-1,61,63,85,-1,85,63,83,-1,111,43,104,-1,104,43,45,-1,21,23,127,-1,127,23,25,-1,127,25,125,-1,125,25,27,-1,125,27,123,-1,123,27,29,-1,123,29,121,-1,121,29,31,-1,121,31,119,-1,119,31,33,-1,119,33,117,-1,117,33,35,-1,117,35,115,-1,115,35,37,-1,115,37,113,-1,113,37,39,-1,113,39,111,-1,111,39,41,-1,111,41,43,-1,14,3,12,-1,12,3,6,-1,12,6,9,-1,9,6,2,-1,9,2,1,-1,63,65,83,-1,83,65,67,-1,83,67,81,-1,81,67,69,-1,81,69,79,-1,79,69,71,-1,79,71,76,-1,76,71,73,-1,76,73,75,-1,127,129,21,-1,21,129,131,-1,21,131,18,-1,18,131,133,-1,18,133,14,-1,14,133,135,-1,14,135,3,-1,85,87,61,-1,61,87,89,-1,61,89,59,-1,59,89,92,-1,59,92,57,-1,57,92,94,-1,57,94,55,-1,55,94,96,-1,55,96,53,-1,53,96,98,-1,53,98,51,-1,51,98,100,-1,51,100,49,-1,49,100,102,-1,49,102,47,-1,47,102,107,-1,47,107,45,-1,45,107,105,-1,45,105,104,-1,136,137,138,-1,138,137,139,-1,140,136,141,-1,141,136,138,-1,140,141,142,-1,140,142,143,-1,143,142,144,-1,143,144,145,-1,146,145,147,-1,147,145,144,-1,148,146,149,-1,149,146,147,-1,148,149,150,-1,150,149,151,-1,150,151,152,-1,153,150,154,-1,154,150,152,-1,153,154,155,-1,155,154,156,-1,155,156,157,-1,158,159,160,-1,160,159,155,-1,160,155,157,-1,159,158,161,-1,162,163,161,-1,161,163,164,-1,161,164,159,-1,162,165,163,-1,163,165,166,-1,163,166,167,-1,167,166,168,-1,167,168,169,-1,169,168,170,-1,169,170,171,-1,171,170,172,-1,171,172,173,-1,173,172,174,-1,173,174,175,-1,176,175,177,-1,177,175,174,-1,176,177,178,-1,176,178,179,-1,179,178,180,-1,179,180,181,-1,181,180,182,-1,181,182,183,-1,183,182,184,-1,183,184,185,-1,184,186,185,-1,185,186,187,-1,185,187,188,-1,188,187,189,-1,188,189,190,-1,190,189,191,-1,190,191,192,-1,192,191,193,-1,192,193,194,-1,139,137,195,-1,195,137,194,-1,195,194,193,-1,143,145,194,-1,137,136,194,-1,194,136,140,-1,194,140,143,-1,150,153,148,-1,148,153,155,-1,148,155,146,-1,192,164,190,-1,190,164,163,-1,175,176,173,-1,173,176,179,-1,173,179,171,-1,171,179,181,-1,171,181,169,-1,169,181,183,-1,169,183,167,-1,167,183,185,-1,167,185,163,-1,163,185,188,-1,163,188,190,-1,145,146,194,-1,194,146,155,-1,194,155,192,-1,192,155,159,-1,192,159,164,-1,196,197,198,-1,198,197,199,-1,196,198,200,-1,200,198,201,-1,200,201,202,-1,203,200,204,-1,204,200,202,-1,203,204,205,-1,205,204,206,-1,205,206,207,-1,208,205,209,-1,209,205,207,-1,210,211,212,-1,212,211,208,-1,212,208,209,-1,213,211,214,-1,214,211,210,-1,215,216,217,-1,217,216,213,-1,217,213,214,-1,218,216,219,-1,219,216,215,-1,220,221,222,-1,222,221,218,-1,222,218,219,-1,223,221,224,-1,224,221,220,-1,223,224,197,-1,197,224,225,-1,197,225,199,-1,223,197,196,-1,196,200,223,-1,223,200,203,-1,223,203,221,-1,216,218,213,-1,213,218,221,-1,213,221,211,-1,211,221,203,-1,211,203,208,-1,208,203,205,-1,226,227,228,-1,228,227,229,-1,228,229,230,-1,230,229,231,-1,230,231,232,-1,232,231,233,-1,232,233,234,-1,234,233,235,-1,234,235,236,-1,236,235,237,-1,236,237,238,-1,238,237,239,-1,238,239,240,-1,240,239,241,-1,240,241,242,-1,242,241,243,-1,242,243,244,-1,244,243,245,-1,244,245,246,-1,246,245,247,-1,246,247,248,-1,248,247,249,-1,248,249,250,-1,250,249,251,-1,250,251,252,-1,252,251,253,-1,252,253,254,-1,254,253,255,-1,254,255,256,-1,256,255,257,-1,256,257,258,-1,258,257,259,-1,258,259,260,-1,260,259,261,-1,260,261,226,-1,226,261,227,-1,249,247,262,-1,262,247,263,-1,249,262,264,-1,249,264,251,-1,251,264,265,-1,251,265,253,-1,253,265,266,-1,253,266,255,-1,255,266,267,-1,255,267,257,-1,257,267,268,-1,257,268,259,-1,259,268,269,-1,259,269,261,-1,261,269,270,-1,261,270,227,-1,227,270,271,-1,227,271,229,-1,229,271,272,-1,229,272,231,-1,231,272,273,-1,231,273,233,-1,233,273,274,-1,233,274,235,-1,235,274,275,-1,235,275,237,-1,237,275,276,-1,237,276,239,-1,239,276,277,-1,239,277,241,-1,241,277,278,-1,241,278,243,-1,245,243,279,-1,279,243,278,-1,247,245,263,-1,263,245,279,-1,242,244,280,-1,280,244,281,-1,244,246,281,-1,281,246,282,-1,246,248,282,-1,282,248,283,-1,256,284,285,-1,256,285,254,-1,254,285,286,-1,254,286,252,-1,252,286,287,-1,252,287,250,-1,250,287,283,-1,250,283,248,-1,228,288,289,-1,228,289,226,-1,226,289,290,-1,226,290,260,-1,260,290,291,-1,260,291,258,-1,258,291,284,-1,258,284,256,-1,236,292,293,-1,236,293,234,-1,234,293,294,-1,234,294,232,-1,232,294,295,-1,232,295,230,-1,230,295,288,-1,230,288,228,-1,242,280,296,-1,242,296,240,-1,240,296,297,-1,240,297,238,-1,238,297,292,-1,238,292,236,-1,
        ]
    }
}
Shape{
    appearance Appearance {
        material  Material 	{
            diffuseColor 0.25098039215686274 0.25098039215686274 0.25098039215686274
            specularColor 0.12549019607843137 0.12549019607843137 0.12549019607843137
            ambientIntensity 0.2
            transparency 0
            shininess 0.5
        }
    }
    geometry IndexedFaceSet {
        ccw TRUE
        solid FALSE
        coord DEF co Coordinate {
            point [
                1.75 0.1495 0.207, 1.75 0.1495 0.1658, 1.75 0.1576 0.207, 1.75 0.1573 0.1658, 1.75 0.1639 0.1665, 1.75 0.1685 0.1681, 1.75 0.1721 0.1704, 1.75 0.1732 0.1714, 1.75 0.176 0.1749, 1.75 0.1777 0.1789, 1.75 0.1787 0.1839, 1.75 0.1789 0.1869, 1.75 0.1782 0.1932, 1.75 0.1767 0.1972, 1.75 0.1747 0.2002, 1.75 0.173 0.2019, 1.75 0.1642 0.2063, 1.75 0.1689 0.2046, 1.75 0.1689 0.2046
            ]
        }
        coordIndex [
            0,1,2,-1,2,1,3,-1,2,3,4,-1,4,5,2,-1,2,5,6,-1,2,6,7,-1,7,8,2,-1,2,8,9,-1,2,9,10,-1,10,11,2,-1,2,11,12,-1,2,12,13,-1,13,14,2,-1,2,14,15,-1,2,15,16,-1,16,15,17,-1,
        ]
    }
}
Shape{
    appearance Appearance {
        material  Material 	{
            diffuseColor 1.0 1.0 1.0
            specularColor 0.5019607843137255 0.5019607843137255 0.5019607843137255
            ambientIntensity 0.2
            transparency 0
            shininess 0.5
        }
    }
    geometry IndexedFaceSet {
        ccw TRUE
        solid FALSE
        coord DEF co Coordinate {
            point [
                1.7539 0.204 0.1804, 1.7539 0.2018 0.1743, 1.7539 0.2219 0.1804, 1.7539 0.224 0.1743, 1.7539 0.212 0.2025, 1.7539 0.2094 0.2131, 1.7539 0.1891 0.1597, 1.7539 0.1967 0.1597, 1.7539 0.2124 0.2041, 1.7539 0.2129 0.2063, 1.7539 0.2168 0.2131, 1.7539 0.213 0.2063, 1.7539 0.2135 0.204, 1.7539 0.2139 0.2025, 1.7539 0.2371 0.1597, 1.7539 0.2295 0.1597, 1.75 0.2168 0.2131, 1.75 0.2371 0.1597, 1.75 0.2094 0.2131, 1.75 0.1891 0.1597, 1.75 0.1967 0.1597, 1.75 0.2018 0.1743, 1.75 0.224 0.1743, 1.75 0.2295 0.1597, 1.75 0.204 0.1804, 1.75 0.2219 0.1804, 1.75 0.2139 0.2025, 1.75 0.213 0.2063, 1.75 0.2135 0.204, 1.75 0.2129 0.2063, 1.75 0.212 0.2025, 1.75 0.2124 0.2041, 1.75 0.2124 0.2041
            ]
        }
        coordIndex [
            0,1,2,-1,2,1,3,-1,4,5,0,-1,0,5,6,-1,0,6,1,-1,1,6,7,-1,4,8,5,-1,5,8,9,-1,5,9,10,-1,10,9,11,-1,10,11,12,-1,12,13,10,-1,10,13,2,-1,10,2,14,-1,14,2,3,-1,14,3,15,-1,10,14,16,-1,16,14,17,-1,5,10,18,-1,18,10,16,-1,6,5,19,-1,19,5,18,-1,7,6,20,-1,20,6,19,-1,1,7,21,-1,21,7,20,-1,3,1,22,-1,22,1,21,-1,15,3,23,-1,23,3,22,-1,14,15,17,-1,17,15,23,-1,0,2,24,-1,24,2,25,-1,2,13,25,-1,25,13,26,-1,11,27,28,-1,11,28,12,-1,12,28,26,-1,12,26,13,-1,11,9,27,-1,27,9,29,-1,4,30,31,-1,4,31,8,-1,8,31,29,-1,8,29,9,-1,4,0,30,-1,30,0,24,-1,
        ]
    }
}
Shape{
    appearance Appearance {
        material  Material 	{
            diffuseColor 0.25098039215686274 0.25098039215686274 0.25098039215686274
            specularColor 0.12549019607843137 0.12549019607843137 0.12549019607843137
            ambientIntensity 0.2
            transparency 0
            shininess 0.5
        }
    }
    geometry IndexedFaceSet {
        ccw TRUE
        solid FALSE
        coord DEF co Coordinate {
            point [
                1.75 0.213 0.2063, 1.75 0.2129 0.2063, 1.75 0.2135 0.204, 1.75 0.2124 0.2041, 1.75 0.2139 0.2025, 1.75 0.212 0.2025, 1.75 0.2219 0.1804, 1.75 0.204 0.1804, 1.75 0.204 0.1804
            ]
        }
        coordIndex [
            0,1,2,-1,2,1,3,-1,2,3,4,-1,4,3,5,-1,4,5,6,-1,6,5,7,-1,
        ]
    }
}
Shape{
    appearance Appearance {
        material  Material 	{
            diffuseColor 1.0 1.0 1.0
            specularColor 0.5019607843137255 0.5019607843137255 0.5019607843137255
            ambientIntensity 0.2
            transparency 0
            shininess 0.5
        }
    }
    geometry IndexedFaceSet {
        ccw TRUE
        solid FALSE
        coord DEF co Coordinate {
            point [
                1.7539 -0.2898 0.2516, 1.7539 -0.2814 0.2561, 1.7539 -0.2833 0.2795, 1.7539 -0.2165 0.1506, 1.7539 -0.212 0.159, 1.7539 -0.2097 0.1684, 1.7539 -0.2596 0.2806, 1.7539 -0.2478 0.2529, 1.7539 -0.242 0.2649, 1.7539 -0.2619 0.1674, 1.7539 -0.2626 0.171, 1.7539 -0.2831 0.1857, 1.7539 -0.2835 0.1603, 1.7539 -0.2883 0.1617, 1.7539 -0.2914 0.1908, 1.7539 -0.2683 0.2814, 1.7539 -0.1564 0.2043, 1.7539 -0.1681 0.2244, 1.7539 -0.2095 0.1762, 1.7539 -0.219 0.1979, 1.7539 -0.2095 0.1724, 1.7539 -0.2298 0.1389, 1.7539 -0.2222 0.1442, 1.7539 -0.2604 0.1642, 1.7539 -0.274 0.1452, 1.7539 -0.2797 0.1521, 1.7539 -0.2518 0.2897, 1.7539 -0.2335 0.2751, 1.7539 -0.2429 0.2973, 1.7539 -0.2234 0.2825, 1.7539 -0.2336 0.303, 1.7539 -0.272 0.2584, 1.7539 -0.268 0.2586, 1.7539 -0.264 0.2811, 1.7539 -0.259 0.2575, 1.7539 -0.2505 0.2543, 1.7539 -0.2358 0.1635, 1.7539 -0.2379 0.1611, 1.7539 -0.2408 0.1591, 1.7539 -0.2383 0.1356, 1.7539 -0.244 0.1578, 1.7539 -0.2475 0.1345, 1.7539 -0.2478 0.1573, 1.7539 -0.2489 0.1345, 1.7539 -0.2485 0.1573, 1.7539 -0.2579 0.1359, 1.7539 -0.2519 0.1578, 1.7539 -0.2666 0.1396, 1.7539 -0.2553 0.1593, 1.7539 -0.2582 0.1615, 1.7539 -0.234 0.1774, 1.7539 -0.2332 0.1738, 1.7539 -0.2331 0.1704, 1.7539 -0.2341 0.1667, 1.7539 -0.1236 0.1622, 1.7539 -0.135 0.1832, 1.7539 -0.1363 0.1595, 1.7539 -0.1385 0.1827, 1.7539 -0.1587 0.1595, 1.7539 -0.1556 0.1827, 1.7539 -0.1608 0.1599, 1.7539 -0.2624 0.1747, 1.7539 -0.2613 0.1782, 1.7539 -0.279 0.1939, 1.7539 -0.2593 0.1814, 1.7539 -0.2727 0.201, 1.7539 -0.2578 0.183, 1.7539 -0.2649 0.2064, 1.7539 -0.2549 0.1851, 1.7539 -0.2566 0.2097, 1.7539 -0.2516 0.1864, 1.7539 -0.2475 0.2108, 1.7539 -0.2478 0.1869, 1.7539 -0.2429 0.2105, 1.7539 -0.2447 0.1865, 1.7539 -0.2337 0.2082, 1.7539 -0.2412 0.1853, 1.7539 -0.2257 0.2039, 1.7539 -0.2381 0.1832, 1.7539 -0.2357 0.1805, 1.7539 -0.1439 0.2419, 1.7539 -0.1408 0.2419, 1.7539 -0.1253 0.2624, 1.7539 -0.1346 0.2412, 1.7539 -0.1234 0.2618, 1.7539 -0.1279 0.2389, 1.7539 -0.1121 0.2562, 1.7539 -0.1219 0.235, 1.7539 -0.1018 0.2475, 1.7539 -0.1168 0.2296, 1.7539 -0.0941 0.2367, 1.7539 -0.1133 0.2231, 1.7539 -0.0894 0.2251, 1.7539 -0.1114 0.2158, 1.7539 -0.0877 0.2127, 1.7539 -0.1112 0.2123, 1.7539 -0.0894 0.1992, 1.7539 -0.1119 0.206, 1.7539 -0.0942 0.1871, 1.7539 -0.1142 0.1991, 1.7539 -0.1017 0.1766, 1.7539 -0.1182 0.1931, 1.7539 -0.112 0.1679, 1.7539 -0.1218 0.1894, 1.7539 -0.128 0.1855, 1.7539 -0.1458 0.2924, 1.7539 -0.1607 0.275, 1.7539 -0.1332 0.2778, 1.7539 -0.1521 0.2648, 1.7539 -0.1462 0.2526, 1.7539 -0.3048 0.2299, 1.7539 -0.3297 0.2235, 1.7539 -0.3059 0.2206, 1.7539 -0.3298 0.2199, 1.7539 -0.3054 0.2147, 1.7539 -0.328 0.205, 1.7539 -0.3027 0.2054, 1.7539 -0.3225 0.1909, 1.7539 -0.2982 0.1978, 1.7539 -0.3139 0.1785, 1.7539 -0.3021 0.1684, 1.7539 -0.2161 0.3098, 1.7539 -0.211 0.2875, 1.7539 -0.1974 0.3121, 1.7539 -0.197 0.2893, 1.7539 -0.1817 0.3105, 1.7539 -0.1841 0.2877, 1.7539 -0.1627 0.3038, 1.7539 -0.1722 0.2832, 1.7539 -0.1615 0.2758, 1.7539 -0.2974 0.2741, 1.7539 -0.3094 0.2656, 1.7539 -0.2963 0.2459, 1.7539 -0.312 0.2631, 1.7539 -0.3015 0.2383, 1.7539 -0.3211 0.2514, 1.7539 -0.3272 0.2378, 1.7539 -0.1575 0.183, 1.7539 -0.1667 0.1635, 1.7539 -0.1658 0.1626, 1.7539 -0.1564 0.1828, 1.7539 -0.1633 0.1609, 1.7539 -0.1697 0.1713, 1.7539 -0.1693 0.1685, 1.7539 -0.1683 0.1659, 1.7539 -0.1608 0.1827, 1.7539 -0.1634 0.1817, 1.7539 -0.1696 0.1728, 1.7539 -0.1658 0.18, 1.7539 -0.1673 0.1783, 1.7539 -0.1688 0.1757, 1.7539 -0.1579 0.1831, 1.75 -0.0993 0.244, 1.75 -0.0941 0.2367, 1.75 -0.0907 0.2283, 1.75 -0.0894 0.2251, 1.75 -0.0877 0.2127, 1.75 -0.1018 0.2475, 1.75 -0.1121 0.2562, 1.75 -0.1234 0.2618, 1.75 -0.1253 0.2624, 1.75 -0.1332 0.2778, 1.75 -0.1458 0.2924, 1.75 -0.1545 0.2982, 1.75 -0.1627 0.3038, 1.75 -0.1817 0.3105, 1.75 -0.1974 0.3121, 1.75 -0.2429 0.2973, 1.75 -0.2414 0.2982, 1.75 -0.2336 0.303, 1.75 -0.2161 0.3098, 1.75 -0.2518 0.2897, 1.75 -0.2596 0.2806, 1.75 -0.264 0.2811, 1.75 -0.2683 0.2814, 1.75 -0.2833 0.2795, 1.75 -0.2974 0.2741, 1.75 -0.3094 0.2656, 1.75 -0.312 0.2631, 1.75 -0.3211 0.2514, 1.75 -0.3244 0.244, 1.75 -0.3272 0.2378, 1.75 -0.3289 0.2283, 1.75 -0.3297 0.2235, 1.75 -0.3298 0.2199, 1.75 -0.328 0.205, 1.75 -0.3225 0.1909, 1.75 -0.3139 0.1785, 1.75 -0.3021 0.1684, 1.75 -0.2883 0.1617, 1.75 -0.2835 0.1603, 1.75 -0.283 0.1593, 1.75 -0.2797 0.1521, 1.75 -0.274 0.1452, 1.75 -0.2666 0.1396, 1.75 -0.2632 0.1381, 1.75 -0.2579 0.1359, 1.75 -0.2489 0.1345, 1.75 -0.2475 0.1345, 1.75 -0.2095 0.1724, 1.75 -0.2383 0.1356, 1.75 -0.2318 0.1381, 1.75 -0.2298 0.1389, 1.75 -0.2222 0.1442, 1.75 -0.2165 0.1506, 1.75 -0.212 0.159, 1.75 -0.2119 0.1593, 1.75 -0.2097 0.1684, 1.75 -0.2095 0.1762, 1.75 -0.1564 0.2043, 1.75 -0.1681 0.2244, 1.75 -0.219 0.1979, 1.75 -0.2257 0.2039, 1.75 -0.2337 0.2082, 1.75 -0.2429 0.2105, 1.75 -0.2475 0.2108, 1.75 -0.2566 0.2097, 1.75 -0.2649 0.2064, 1.75 -0.2727 0.201, 1.75 -0.279 0.1939, 1.75 -0.2831 0.1857, 1.75 -0.2914 0.1908, 1.75 -0.2982 0.1978, 1.75 -0.3027 0.2054, 1.75 -0.3054 0.2147, 1.75 -0.3059 0.2206, 1.75 -0.305 0.2283, 1.75 -0.3048 0.2299, 1.75 -0.3015 0.2383, 1.75 -0.2976 0.244, 1.75 -0.2963 0.2459, 1.75 -0.2898 0.2516, 1.75 -0.2814 0.2561, 1.75 -0.272 0.2584, 1.75 -0.268 0.2586, 1.75 -0.259 0.2575, 1.75 -0.2505 0.2543, 1.75 -0.2478 0.2529, 1.75 -0.242 0.2649, 1.75 -0.2335 0.2751, 1.75 -0.2234 0.2825, 1.75 -0.211 0.2875, 1.75 -0.197 0.2893, 1.75 -0.1439 0.2419, 1.75 -0.1443 0.244, 1.75 -0.1462 0.2526, 1.75 -0.1521 0.2648, 1.75 -0.1607 0.275, 1.75 -0.1615 0.2758, 1.75 -0.1722 0.2832, 1.75 -0.1841 0.2877, 1.75 -0.1408 0.2419, 1.75 -0.1346 0.2412, 1.75 -0.1279 0.2389, 1.75 -0.1219 0.235, 1.75 -0.1168 0.2296, 1.75 -0.1161 0.2283, 1.75 -0.1133 0.2231, 1.75 -0.1114 0.2158, 1.75 -0.1112 0.2123, 1.75 -0.1119 0.206, 1.75 -0.1142 0.1991, 1.75 -0.1182 0.1931, 1.75 -0.1218 0.1894, 1.75 -0.128 0.1855, 1.75 -0.135 0.1832, 1.75 -0.1385 0.1827, 1.75 -0.1556 0.1827, 1.75 -0.1564 0.1828, 1.75 -0.1575 0.183, 1.75 -0.1579 0.1831, 1.75 -0.1608 0.1827, 1.75 -0.1634 0.1817, 1.75 -0.1658 0.18, 1.75 -0.1673 0.1783, 1.75 -0.1688 0.1757, 1.75 -0.1696 0.1728, 1.75 -0.1697 0.1713, 1.75 -0.1693 0.1685, 1.75 -0.1683 0.1659, 1.75 -0.1667 0.1635, 1.75 -0.1658 0.1626, 1.75 -0.1633 0.1609, 1.75 -0.1608 0.1599, 1.75 -0.1587 0.1595, 1.75 -0.1363 0.1595, 1.75 -0.1236 0.1622, 1.75 -0.112 0.1679, 1.75 -0.1017 0.1766, 1.75 -0.0942 0.1871, 1.75 -0.0894 0.1992, 1.75 -0.2478 0.1869, 1.75 -0.2447 0.1865, 1.75 -0.2412 0.1853, 1.75 -0.2381 0.1832, 1.75 -0.2357 0.1805, 1.75 -0.234 0.1774, 1.75 -0.2332 0.1738, 1.75 -0.2331 0.1704, 1.75 -0.2341 0.1667, 1.75 -0.2358 0.1635, 1.75 -0.2379 0.1611, 1.75 -0.2408 0.1591, 1.75 -0.244 0.1578, 1.75 -0.2478 0.1573, 1.75 -0.2485 0.1573, 1.75 -0.2519 0.1578, 1.75 -0.2553 0.1593, 1.75 -0.2582 0.1615, 1.75 -0.2604 0.1642, 1.75 -0.2619 0.1674, 1.75 -0.2626 0.171, 1.75 -0.2624 0.1747, 1.75 -0.2613 0.1782, 1.75 -0.2593 0.1814, 1.75 -0.2578 0.183, 1.75 -0.2549 0.1851, 1.75 -0.2516 0.1864, 1.75 -0.2516 0.1864
            ]
        }
        coordIndex [
            0,1,2,-1,3,4,5,-1,6,7,8,-1,9,10,11,-1,12,11,13,-1,13,11,14,-1,2,1,15,-1,16,17,18,-1,18,17,19,-1,18,19,20,-1,20,19,21,-1,20,21,5,-1,5,21,22,-1,5,22,3,-1,23,9,24,-1,24,9,11,-1,24,11,25,-1,25,11,12,-1,6,8,26,-1,26,8,27,-1,26,27,28,-1,28,27,29,-1,28,29,30,-1,1,31,15,-1,15,31,32,-1,15,32,33,-1,33,32,34,-1,33,34,6,-1,6,34,35,-1,6,35,7,-1,36,37,21,-1,21,37,38,-1,21,38,39,-1,39,38,40,-1,39,40,41,-1,41,40,42,-1,41,42,43,-1,43,42,44,-1,43,44,45,-1,45,44,46,-1,45,46,47,-1,47,46,48,-1,47,48,24,-1,24,48,49,-1,24,49,23,-1,50,51,19,-1,19,51,52,-1,19,52,21,-1,21,52,53,-1,21,53,36,-1,54,55,56,-1,56,55,57,-1,56,57,58,-1,58,57,59,-1,58,59,60,-1,10,61,11,-1,11,61,62,-1,11,62,63,-1,63,62,64,-1,63,64,65,-1,65,64,66,-1,65,66,67,-1,67,66,68,-1,67,68,69,-1,69,68,70,-1,69,70,71,-1,71,70,72,-1,71,72,73,-1,73,72,74,-1,73,74,75,-1,75,74,76,-1,75,76,77,-1,77,76,78,-1,77,78,19,-1,19,78,79,-1,19,79,50,-1,80,81,82,-1,82,81,83,-1,82,83,84,-1,84,83,85,-1,84,85,86,-1,86,85,87,-1,86,87,88,-1,88,87,89,-1,88,89,90,-1,90,89,91,-1,90,91,92,-1,92,91,93,-1,92,93,94,-1,94,93,95,-1,94,95,96,-1,96,95,97,-1,96,97,98,-1,98,97,99,-1,98,99,100,-1,100,99,101,-1,100,101,102,-1,102,101,103,-1,102,103,54,-1,54,103,104,-1,54,104,55,-1,105,106,107,-1,107,106,108,-1,107,108,82,-1,82,108,109,-1,82,109,80,-1,110,111,112,-1,112,111,113,-1,112,113,114,-1,114,113,115,-1,114,115,116,-1,116,115,117,-1,116,117,118,-1,118,117,119,-1,118,119,14,-1,14,119,120,-1,14,120,13,-1,30,29,121,-1,121,29,122,-1,121,122,123,-1,123,122,124,-1,123,124,125,-1,125,124,126,-1,125,126,127,-1,127,126,128,-1,127,128,105,-1,105,128,129,-1,105,129,106,-1,2,130,0,-1,0,130,131,-1,0,131,132,-1,132,131,133,-1,132,133,134,-1,134,133,135,-1,134,135,110,-1,110,135,136,-1,110,136,111,-1,137,138,139,-1,59,140,60,-1,60,140,137,-1,60,137,141,-1,141,137,139,-1,142,143,137,-1,137,143,144,-1,137,144,138,-1,145,146,147,-1,146,148,147,-1,147,148,149,-1,147,149,150,-1,142,137,147,-1,147,137,151,-1,147,151,145,-1,152,88,153,-1,153,88,90,-1,153,90,154,-1,154,90,92,-1,154,92,155,-1,155,92,94,-1,155,94,156,-1,152,157,88,-1,88,157,158,-1,88,158,86,-1,86,158,159,-1,86,159,84,-1,84,159,160,-1,84,160,82,-1,82,160,161,-1,82,161,107,-1,107,161,162,-1,107,162,105,-1,105,162,127,-1,127,162,163,-1,163,164,127,-1,127,164,165,-1,127,165,125,-1,125,165,166,-1,125,166,123,-1,167,28,168,-1,168,28,30,-1,168,30,169,-1,169,30,121,-1,169,121,170,-1,170,121,123,-1,170,123,166,-1,28,167,171,-1,28,171,26,-1,26,171,172,-1,26,172,6,-1,6,172,173,-1,6,173,33,-1,33,173,174,-1,33,174,15,-1,15,174,175,-1,15,175,2,-1,2,175,176,-1,2,176,130,-1,130,176,177,-1,130,177,131,-1,131,177,178,-1,131,178,133,-1,136,135,179,-1,179,135,133,-1,179,133,178,-1,179,180,136,-1,136,180,181,-1,136,181,111,-1,111,181,182,-1,182,183,111,-1,111,183,184,-1,111,184,113,-1,113,184,185,-1,113,185,115,-1,115,185,186,-1,115,186,117,-1,117,186,187,-1,117,187,119,-1,119,187,188,-1,119,188,120,-1,120,188,189,-1,120,189,13,-1,13,189,190,-1,13,190,12,-1,12,190,191,-1,12,191,25,-1,191,192,25,-1,25,192,193,-1,25,193,24,-1,24,193,194,-1,24,194,47,-1,47,194,195,-1,47,195,45,-1,195,196,45,-1,45,196,197,-1,45,197,43,-1,43,197,198,-1,43,198,41,-1,199,20,5,-1,41,198,200,-1,41,200,39,-1,39,200,201,-1,39,201,21,-1,201,202,21,-1,21,202,203,-1,21,203,22,-1,22,203,204,-1,22,204,3,-1,3,204,205,-1,3,205,4,-1,4,205,206,-1,4,206,5,-1,5,206,207,-1,5,207,199,-1,18,20,208,-1,208,20,199,-1,16,18,209,-1,209,18,208,-1,17,16,210,-1,210,16,209,-1,19,17,211,-1,211,17,210,-1,19,211,212,-1,19,212,77,-1,77,212,213,-1,77,213,75,-1,75,213,214,-1,75,214,73,-1,73,214,215,-1,73,215,71,-1,71,215,216,-1,71,216,69,-1,69,216,217,-1,69,217,67,-1,67,217,218,-1,67,218,65,-1,65,218,219,-1,65,219,63,-1,63,219,220,-1,63,220,11,-1,11,220,221,-1,11,221,14,-1,14,221,222,-1,14,222,118,-1,118,222,223,-1,118,223,116,-1,116,223,224,-1,116,224,114,-1,114,224,225,-1,114,225,112,-1,112,225,226,-1,112,226,110,-1,110,226,227,-1,110,227,228,-1,229,132,228,-1,228,132,134,-1,228,134,110,-1,229,230,132,-1,132,230,231,-1,132,231,0,-1,0,231,232,-1,0,232,1,-1,1,232,233,-1,1,233,31,-1,31,233,234,-1,31,234,32,-1,32,234,235,-1,32,235,34,-1,34,235,236,-1,34,236,35,-1,35,236,237,-1,35,237,7,-1,7,237,238,-1,7,238,8,-1,8,238,239,-1,8,239,27,-1,27,239,240,-1,27,240,29,-1,29,240,241,-1,29,241,122,-1,122,241,242,-1,122,242,124,-1,243,80,244,-1,244,80,109,-1,244,109,245,-1,245,109,108,-1,245,108,246,-1,246,108,106,-1,246,106,247,-1,247,106,129,-1,247,129,248,-1,248,129,128,-1,248,128,249,-1,249,128,126,-1,249,126,250,-1,250,126,124,-1,250,124,242,-1,81,80,251,-1,251,80,243,-1,81,251,252,-1,81,252,83,-1,83,252,253,-1,83,253,85,-1,85,253,254,-1,85,254,87,-1,87,254,255,-1,87,255,89,-1,89,255,256,-1,89,256,91,-1,256,257,91,-1,91,257,258,-1,91,258,93,-1,93,258,259,-1,93,259,95,-1,95,259,260,-1,95,260,97,-1,97,260,261,-1,97,261,99,-1,99,261,262,-1,99,262,101,-1,101,262,263,-1,101,263,103,-1,103,263,264,-1,103,264,104,-1,104,264,265,-1,104,265,55,-1,55,265,266,-1,55,266,57,-1,59,57,267,-1,267,57,266,-1,59,267,268,-1,59,268,140,-1,140,268,269,-1,140,269,137,-1,137,269,270,-1,137,270,151,-1,151,270,271,-1,151,271,145,-1,145,271,272,-1,145,272,146,-1,146,272,273,-1,146,273,148,-1,148,273,274,-1,148,274,149,-1,149,274,275,-1,149,275,150,-1,150,275,276,-1,150,276,147,-1,147,276,277,-1,147,277,142,-1,142,277,278,-1,142,278,143,-1,143,278,279,-1,143,279,144,-1,144,279,280,-1,144,280,138,-1,138,280,281,-1,138,281,139,-1,139,281,282,-1,139,282,141,-1,141,282,283,-1,141,283,60,-1,60,283,284,-1,60,284,58,-1,56,58,285,-1,285,58,284,-1,56,285,286,-1,56,286,54,-1,54,286,287,-1,54,287,102,-1,102,287,288,-1,102,288,100,-1,100,288,289,-1,100,289,98,-1,98,289,290,-1,98,290,96,-1,96,290,156,-1,96,156,94,-1,72,291,292,-1,72,292,74,-1,74,292,293,-1,74,293,76,-1,76,293,294,-1,76,294,78,-1,78,294,295,-1,78,295,79,-1,79,295,296,-1,79,296,50,-1,50,296,297,-1,50,297,51,-1,51,297,298,-1,51,298,52,-1,52,298,299,-1,52,299,53,-1,53,299,300,-1,53,300,36,-1,36,300,301,-1,36,301,37,-1,37,301,302,-1,37,302,38,-1,38,302,303,-1,38,303,40,-1,40,303,304,-1,40,304,42,-1,42,304,305,-1,42,305,44,-1,44,305,306,-1,44,306,46,-1,46,306,307,-1,46,307,48,-1,48,307,308,-1,48,308,49,-1,49,308,309,-1,49,309,23,-1,23,309,310,-1,23,310,9,-1,9,310,311,-1,9,311,10,-1,10,311,312,-1,10,312,61,-1,61,312,313,-1,61,313,62,-1,62,313,314,-1,62,314,64,-1,64,314,315,-1,64,315,66,-1,66,315,316,-1,66,316,68,-1,68,316,317,-1,68,317,70,-1,70,317,291,-1,70,291,72,-1,
        ]
    }
}
Shape{
    appearance Appearance {
        material  Material 	{
            diffuseColor 0.25098039215686274 0.25098039215686274 0.25098039215686274
            specularColor 0.12549019607843137 0.12549019607843137 0.12549019607843137
            ambientIntensity 0.2
            transparency 0
            shininess 0.5
        }
    }
    geometry IndexedFaceSet {
        ccw TRUE
        solid FALSE
        coord DEF co Coordinate {
            point [
                1.75 -0.2485 0.1573, 1.75 -0.2578 0.183, 1.75 -0.2593 0.1814, 1.75 -0.244 0.1578, 1.75 -0.2408 0.1591, 1.75 -0.2447 0.1865, 1.75 -0.2478 0.1869, 1.75 -0.2516 0.1864, 1.75 -0.2549 0.1851, 1.75 -0.2619 0.1674, 1.75 -0.2604 0.1642, 1.75 -0.2582 0.1615, 1.75 -0.2478 0.1573, 1.75 -0.2613 0.1782, 1.75 -0.2624 0.1747, 1.75 -0.2626 0.171, 1.75 -0.2553 0.1593, 1.75 -0.2519 0.1578, 1.75 -0.2379 0.1611, 1.75 -0.2358 0.1635, 1.75 -0.2341 0.1667, 1.75 -0.2331 0.1704, 1.75 -0.2332 0.1738, 1.75 -0.234 0.1774, 1.75 -0.2357 0.1805, 1.75 -0.2381 0.1832, 1.75 -0.2412 0.1853, 1.75 -0.2412 0.1853
            ]
        }
        coordIndex [
            0,1,2,-1,3,4,5,-1,6,7,0,-1,0,7,8,-1,0,8,1,-1,9,10,2,-1,2,10,11,-1,6,0,5,-1,5,0,12,-1,5,12,3,-1,13,14,2,-1,2,14,15,-1,2,15,9,-1,11,16,2,-1,2,16,17,-1,2,17,0,-1,4,18,5,-1,5,18,19,-1,5,19,20,-1,20,21,5,-1,5,21,22,-1,5,22,23,-1,23,24,5,-1,5,24,25,-1,5,25,26,-1,
        ]
    }
}