#VRML V2.0 utf8
# 3D model generated by easyeda2kicad.py (https://github.com/uPesy/easyeda2kicad.py)

Shape{
    appearance Appearance {
        material  Material 	{
            diffuseColor 0.29411764705882354 1.0 0.615686274509804
            specularColor 0.14901960784313725 0.5019607843137255 0.3058823529411765
            ambientIntensity 0.2
            transparency 0
            shininess 0.5
        }
    }
    geometry IndexedFaceSet {
        ccw TRUE
        solid FALSE
        coord DEF co Coordinate {
            point [
                -0.4061 0.4686 0.0, -0.31 0.537 0.0, -0.1614 0.0984 0.0, 0.3597 -0.5051 0.0, 0.2576 -0.564 0.0, 0.1614 -0.0984 -0.0, -0.3386 0.0984 0.0, -0.6201 -0.0 0.0, -0.6173 0.0589 0.0, -0.6173 -0.0589 0.0, -0.3386 -0.0984 -0.0, -0.595 -0.1747 0.0, -0.1614 -0.0984 0.0, 0.1614 0.0984 -0.0, 0.6089 -0.1174 0.0, 0.5757 -0.2305 0.0, 0.3386 -0.0984 0.0, 0.5216 -0.3352 0.0, 0.4488 -0.4279 0.0, 0.1462 -0.6026 0.0, 0.0295 -0.6194 0.0, -0.0882 -0.6138 0.0, -0.4874 -0.3833 0.0, -0.5511 -0.2841 0.0, -0.2028 -0.586 0.0, -0.31 -0.537 0.0, -0.4061 -0.4686 0.0, -0.2028 0.586 0.0, -0.0882 0.6138 0.0, 0.0295 0.6194 0.0, 0.1462 0.6026 0.0, 0.2576 0.564 0.0, 0.5216 0.3352 0.0, 0.3386 0.0984 -0.0, 0.4488 0.4279 0.0, 0.3597 0.5051 0.0, -0.595 0.1747 0.0, -0.5511 0.2841 0.0, -0.4874 0.3833 0.0, 0.5757 0.2305 0.0, 0.6089 0.1174 0.0, 0.6201 0.0 0.0, -0.6173 -0.0589 0.3937, -0.6201 -0.0 0.3937, -0.6173 0.0589 0.3937, -0.595 0.1747 0.3937, -0.5511 0.2841 0.3937, -0.4874 0.3833 0.3937, -0.4061 0.4686 0.3937, -0.31 0.537 0.3937, -0.2028 0.586 0.3937, -0.0882 0.6138 0.3937, 0.0295 0.6194 0.3937, 0.1462 0.6026 0.3937, 0.2576 0.564 0.3937, 0.3597 0.5051 0.3937, 0.4488 0.4279 0.3937, 0.5216 0.3352 0.3937, 0.5757 0.2305 0.3937, 0.6089 0.1174 0.3937, 0.6201 0.0 0.3937, 0.6089 -0.1174 0.3937, 0.5757 -0.2305 0.3937, 0.5216 -0.3352 0.3937, 0.4488 -0.4279 0.3937, 0.3597 -0.5051 0.3937, 0.2576 -0.564 0.3937, 0.1462 -0.6026 0.3937, 0.0295 -0.6194 0.3937, -0.0882 -0.6138 0.3937, -0.2028 -0.586 0.3937, -0.31 -0.537 0.3937, -0.4061 -0.4686 0.3937, -0.4874 -0.3833 0.3937, -0.5511 -0.2841 0.3937, -0.595 -0.1747 0.3937, -0.5709 -0.0 0.3937, -0.5599 -0.1114 0.3937, -0.5274 -0.2185 0.3937, -0.4747 -0.3172 0.3937, -0.4037 -0.4037 0.3937, -0.3172 -0.4747 0.3937, -0.2185 -0.5274 0.3937, -0.1114 -0.5599 0.3937, 0.0 -0.5709 0.3937, 0.1114 -0.5599 0.3937, 0.2185 -0.5274 0.3937, 0.3172 -0.4747 0.3937, 0.4037 -0.4037 0.3937, 0.4747 -0.3172 0.3937, 0.5274 -0.2185 0.3937, 0.5599 -0.1114 0.3937, 0.5709 0.0 0.3937, 0.5599 0.1114 0.3937, 0.5274 0.2185 0.3937, 0.4747 0.3172 0.3937, 0.4037 0.4037 0.3937, 0.3172 0.4747 0.3937, 0.2185 0.5274 0.3937, 0.1114 0.5599 0.3937, -0.0 0.5709 0.3937, -0.1114 0.5599 0.3937, -0.2185 0.5274 0.3937, -0.3172 0.4747 0.3937, -0.4037 0.4037 0.3937, -0.4747 0.3172 0.3937, -0.5274 0.2185 0.3937, -0.5599 0.1114 0.3937, 0.0044 -0.5708 0.7305, -0.0 -0.5709 0.7417, -0.0 -0.5709 0.7076, -0.0133 -0.5707 0.7977, -0.0133 -0.5707 0.7843, 0.0 -0.5709 0.7843, -0.0133 -0.5707 0.8151, -0.0133 -0.5707 0.8023, 0.0 -0.5709 0.8023, 0.0736 -0.5661 0.7997, 0.0812 -0.5651 0.7797, 0.1114 -0.5599 0.7562, 0.1101 -0.5601 0.7562, 0.0715 -0.5664 0.7907, 0.0549 -0.5682 0.7907, 0.0755 -0.5658 0.7797, 0.0511 -0.5686 0.7797, 0.0522 -0.5685 0.7516, 0.0522 -0.5685 0.7562, 0.0316 -0.57 0.7562, 0.0754 -0.5659 0.7559, 0.0769 -0.5657 0.7557, 0.0796 -0.5653 0.7548, 0.0823 -0.5649 0.7539, 0.0835 -0.5647 0.7531, 0.087 -0.5642 0.7509, 0.0885 -0.564 0.7493, 0.0888 -0.5639 0.749, 0.0905 -0.5637 0.7466, 0.0909 -0.5636 0.746, 0.0916 -0.5635 0.7442, 0.0368 -0.5697 0.7516, 0.0368 -0.5697 0.7388, 0.0511 -0.5686 0.7388, 0.0606 -0.5676 0.7562, 0.072 -0.5663 0.7562, 0.0368 -0.5697 0.7342, 0.0368 -0.5697 0.7208, 0.0511 -0.5686 0.7342, 0.0531 -0.5684 0.7208, -0.0 -0.5698 1.2008, 0.0 -0.5709 0.8197, 0.0597 -0.5677 1.2008, 0.0021 -0.5709 0.8197, 0.1112 -0.5587 1.2008, 0.0021 -0.5709 0.8151, 0.001 -0.5709 0.8023, 0.001 -0.5709 0.7977, 0.0106 -0.5708 0.7797, 0.0106 -0.5708 0.8197, 0.022 -0.5704 0.8197, 0.0255 -0.5703 0.8194, 0.0269 -0.5702 0.8192, 0.0297 -0.5701 0.8183, 0.0324 -0.5699 0.8174, 0.0337 -0.5699 0.8166, 0.0371 -0.5697 0.8144, 0.0387 -0.5696 0.8128, 0.039 -0.5695 0.8125, 0.0407 -0.5694 0.8101, 0.0411 -0.5694 0.8095, 0.0426 -0.5693 0.8049, 0.0432 -0.5692 0.8002, 0.0418 -0.5693 0.8077, 0.0424 -0.5693 0.806, 0.066 -0.567 0.8197, 0.0606 -0.5676 0.8197, 0.053 -0.5684 0.7997, 0.0431 -0.5692 0.7984, 0.0431 -0.5692 0.7984, 0.0423 -0.5693 0.7942, 0.0421 -0.5693 0.7931, 0.0454 -0.5691 0.7797, 0.0413 -0.5694 0.7912, 0.0405 -0.5694 0.7895, 0.0398 -0.5695 0.7886, 0.0371 -0.5697 0.7853, 0.0346 -0.5698 0.7836, 0.033 -0.5699 0.7825, 0.0312 -0.57 0.7818, 0.028 -0.5702 0.7806, 0.0 -0.5709 0.7448, 0.0044 -0.5708 0.7448, 0.0272 -0.5702 0.7805, 0.0216 -0.5705 0.7797, 0.1114 -0.5599 0.7271, 0.1045 -0.5612 0.7271, 0.1007 -0.5619 0.7162, 0.0951 -0.5629 0.7162, 0.0928 -0.5633 0.7349, 0.0928 -0.5633 0.7349, 0.1026 -0.5616 0.7362, 0.0922 -0.5634 0.7425, 0.0923 -0.5634 0.7414, 0.0929 -0.5633 0.7367, 0.0921 -0.5634 0.7307, 0.0919 -0.5634 0.7296, 0.0911 -0.5636 0.7277, 0.0903 -0.5637 0.726, 0.0896 -0.5638 0.7251, 0.087 -0.5642 0.7218, 0.0844 -0.5646 0.7201, 0.0829 -0.5648 0.719, 0.0771 -0.5656 0.717, 0.0057 -0.5708 0.7032, 0.0779 -0.5655 0.7171, 0.0811 -0.5651 0.7183, 0.0716 -0.5664 0.7162, 0.0606 -0.5676 0.7162, 0.0067 -0.5708 0.7037, 0.0077 -0.5708 0.7041, 0.0197 -0.5705 0.7283, 0.0133 -0.5707 0.7119, 0.0316 -0.57 0.7162, 0.0262 -0.5703 0.7448, 0.021 -0.5705 0.7448, 0.0171 -0.5706 0.734, 0.0081 -0.5708 0.734, 0.0132 -0.5707 0.7233, 0.0119 -0.5707 0.7233, 0.0125 -0.5707 0.7209, 0.0126 -0.5707 0.7104, 0.0117 -0.5707 0.7085, 0.0107 -0.5708 0.7072, 0.0097 -0.5708 0.7058, 0.0094 -0.5708 0.7055, 0.0094 -0.5708 0.7054, 0.0531 -0.5684 0.7162, 0.0082 -0.5708 0.7045, 0.0 -0.5709 0.8151, -0.0305 -0.5701 0.7388, -0.0231 -0.5704 0.7224, -0.0309 -0.57 0.74, -0.0312 -0.57 0.741, -0.0524 -0.5685 0.7267, -0.052 -0.5685 0.7277, -0.05 -0.5687 0.7379, -0.0517 -0.5685 0.7285, -0.0514 -0.5685 0.7289, -0.0507 -0.5686 0.73, -0.0497 -0.5687 0.7309, -0.0493 -0.5687 0.7312, -0.0484 -0.5688 0.7316, -0.0473 -0.5689 0.7322, -0.0471 -0.5689 0.7396, -0.0466 -0.569 0.7323, -0.0463 -0.569 0.7401, -0.0434 -0.5692 0.7332, -0.0407 -0.5694 0.7414, -0.0415 -0.5694 0.7413, -0.0391 -0.5695 0.7338, -0.0427 -0.5693 0.7412, -0.0444 -0.5691 0.7406, -0.0349 -0.5698 0.7344, -0.0351 -0.5698 0.736, -0.0351 -0.5698 0.7364, -0.0354 -0.5698 0.7377, -0.0356 -0.5698 0.7383, -0.0358 -0.5697 0.7387, -0.036 -0.5697 0.7392, -0.0362 -0.5697 0.7394, -0.0366 -0.5697 0.7399, -0.0367 -0.5697 0.74, -0.0372 -0.5697 0.7404, -0.0375 -0.5696 0.7405, -0.038 -0.5696 0.7407, -0.0387 -0.5696 0.741, -0.039 -0.5695 0.7411, -0.0739 -0.5661 0.7516, -0.0739 -0.5661 0.7388, -0.0585 -0.5679 0.7516, -0.0596 -0.5677 0.7388, -0.0585 -0.5679 0.7562, -0.0596 -0.5677 0.7342, -0.0525 -0.5685 0.7262, -0.0739 -0.5661 0.7342, -0.0739 -0.5661 0.7208, -0.0576 -0.568 0.7208, -0.0304 -0.5701 0.7381, -0.0299 -0.5701 0.7346, -0.0231 -0.5704 0.7172, -0.0299 -0.5701 0.7162, -0.0092 -0.5708 0.7168, -0.0108 -0.5708 0.7162, -0.0002 -0.5709 0.7031, -0.0118 -0.5707 0.716, -0.0154 -0.5707 0.7155, -0.016 -0.5706 0.7156, -0.0186 -0.5706 0.7158, -0.0197 -0.5705 0.7162, -0.0472 -0.5689 0.7162, -0.0482 -0.5688 0.7165, -0.0576 -0.568 0.7162, -0.0349 -0.5698 0.7162, -0.0528 -0.5684 0.7239, -0.0525 -0.5684 0.722, -0.0489 -0.5688 0.7169, -0.0504 -0.5686 0.7178, -0.0512 -0.5686 0.7189, -0.0516 -0.5685 0.7194, -0.052 -0.5685 0.7205, -0.0524 -0.5685 0.7215, -0.035 -0.5698 0.7206, -0.0356 -0.5698 0.7198, -0.0361 -0.5697 0.7192, -0.0374 -0.5696 0.7177, -0.0374 -0.5696 0.7177, -0.0386 -0.5696 0.7169, -0.0389 -0.5695 0.7167, -0.0398 -0.5695 0.7163, -0.0407 -0.5694 0.716, -0.0413 -0.5694 0.7159, -0.0438 -0.5692 0.7155, -0.0453 -0.5691 0.7157, -0.0458 -0.569 0.7157, -0.079 -0.5654 0.7162, 0.0051 -0.5708 0.7031, 0.0031 -0.5709 0.7027, -0.0 -0.5709 0.7031, -0.058 -0.5679 0.7843, -0.0191 -0.5705 0.7436, -0.0177 -0.5706 0.7442, -0.0161 -0.5706 0.7448, -0.0152 -0.5707 0.745, -0.012 -0.5707 0.7454, -0.0052 -0.5708 0.7393, -0.0052 -0.5708 0.7442, -0.0012 -0.5709 0.7448, -0.0084 -0.5708 0.7449, -0.0098 -0.5708 0.7453, -0.0155 -0.5707 0.7288, -0.0186 -0.5706 0.7202, -0.0177 -0.5706 0.7201, -0.0149 -0.5707 0.7196, -0.014 -0.5707 0.7197, -0.013 -0.5707 0.7197, -0.0121 -0.5707 0.7199, -0.0114 -0.5708 0.7201, -0.0111 -0.5708 0.7202, -0.0107 -0.5708 0.7204, -0.0106 -0.5708 0.7205, -0.0125 -0.5707 0.7275, -0.0097 -0.5708 0.7213, -0.0097 -0.5708 0.7255, -0.0101 -0.5708 0.7209, -0.0101 -0.5708 0.7208, -0.0092 -0.5708 0.7225, -0.009 -0.5708 0.7235, -0.0091 -0.5708 0.7241, -0.0094 -0.5708 0.7218, -0.0092 -0.5708 0.7222, -0.0091 -0.5708 0.7244, -0.0093 -0.5708 0.7248, -0.0096 -0.5708 0.7214, -0.0095 -0.5708 0.7253, -0.0103 -0.5708 0.7262, -0.0205 -0.5705 0.7211, -0.0167 -0.5706 0.7293, -0.0222 -0.5704 0.7218, -0.0179 -0.5706 0.73, -0.02 -0.5705 0.7312, -0.0205 -0.5705 0.7315, -0.0227 -0.5704 0.7347, -0.0222 -0.5704 0.7337, -0.0217 -0.5705 0.7326, -0.0331 -0.5699 0.7433, -0.0228 -0.5704 0.7352, -0.0231 -0.5704 0.7371, -0.0322 -0.57 0.7425, -0.0322 -0.57 0.7424, -0.0315 -0.57 0.7414, -0.033 -0.5699 0.7433, -0.0221 -0.5704 0.7408, -0.0219 -0.5704 0.7412, -0.058 -0.5679 0.7797, -0.0215 -0.5705 0.7416, -0.0199 -0.5705 0.7432, -0.0477 -0.5689 0.7438, -0.0458 -0.569 0.7446, -0.05 -0.5687 0.7428, -0.0444 -0.5691 0.7448, -0.0402 -0.5694 0.7454, -0.0375 -0.5696 0.7451, -0.0369 -0.5697 0.745, -0.0354 -0.5698 0.7445, -0.0345 -0.5698 0.7442, -0.0229 -0.5704 0.7384, -0.0341 -0.5699 0.744, -0.0228 -0.5704 0.7388, -0.0225 -0.5704 0.7401, -0.0225 -0.5704 0.7401, -0.079 -0.5654 0.7562, -0.079 -0.5654 0.7797, -0.1112 -0.5592 1.2008, -0.079 -0.5654 0.8197, -0.0991 -0.5622 1.2008, -0.0739 -0.5661 0.8197, -0.0199 -0.5705 1.2008, -0.0557 -0.5681 0.7926, -0.0558 -0.5681 0.7938, -0.0739 -0.5661 0.7843, -0.0564 -0.5681 0.799, -0.0563 -0.5681 0.7995, -0.0557 -0.5681 0.8049, -0.0555 -0.5682 0.806, -0.0547 -0.5682 0.8081, -0.0539 -0.5683 0.81, -0.0532 -0.5684 0.811, -0.0506 -0.5686 0.8145, -0.0476 -0.5689 0.8168, -0.0464 -0.569 0.8177, -0.0441 -0.5692 0.8186, -0.0418 -0.5693 0.8195, -0.0404 -0.5694 0.8198, -0.036 -0.5697 0.8204, -0.0318 -0.57 0.8201, -0.0309 -0.57 0.8199, -0.0265 -0.5703 0.8188, -0.0265 -0.5703 0.8134, -0.004 -0.5709 0.7222, -0.0041 -0.5709 0.7222, -0.0044 -0.5709 0.7209, -0.0045 -0.5708 0.7207, -0.0048 -0.5708 0.7202, -0.0051 -0.5708 0.7196, -0.0053 -0.5708 0.7194, -0.0002 -0.5709 0.7076, -0.007 -0.5708 0.7178, -0.0078 -0.5708 0.7173, -0.0394 -0.5695 0.8152, -0.0304 -0.5701 0.7848, -0.0359 -0.5697 0.8158, -0.0265 -0.5703 0.7863, -0.0456 -0.569 0.7866, -0.0438 -0.5692 0.7854, -0.0421 -0.5693 0.8143, -0.0504 -0.5686 0.8034, -0.051 -0.5686 0.7993, -0.0506 -0.5686 0.7952, -0.0468 -0.5689 0.8113, -0.0482 -0.5688 0.8093, -0.0502 -0.5687 0.8049, -0.0495 -0.5687 0.8066, -0.0486 -0.5688 0.8087, -0.0446 -0.5691 0.813, -0.0505 -0.5686 0.7945, -0.0499 -0.5687 0.7928, -0.0494 -0.5687 0.7914, -0.049 -0.5688 0.7907, -0.0439 -0.5692 0.8135, -0.0458 -0.569 0.7867, -0.0471 -0.5689 0.7879, -0.0434 -0.5692 0.7851, -0.0421 -0.5693 0.7846, -0.0409 -0.5694 0.7841, -0.0402 -0.5695 0.784, -0.0368 -0.5697 0.7836, -0.0344 -0.5698 0.784, -0.0404 -0.5694 0.815, -0.0314 -0.57 0.7844, -0.0423 -0.5693 0.7797, -0.0435 -0.5692 0.7799, 0.0 -0.5709 0.7797, -0.0185 -0.5706 0.7797, -0.0456 -0.569 0.7808, -0.0478 -0.5689 0.7818, -0.0486 -0.5688 0.7825, -0.0513 -0.5686 0.7845, -0.0537 -0.5683 0.7881, -0.0542 -0.5683 0.7887, -0.055 -0.5682 0.7908, -0.0185 -0.5706 0.8197, -0.0265 -0.5703 0.7814, -0.0278 -0.5702 0.7809, -0.0309 -0.57 0.7798, -0.0317 -0.57 0.7797, -0.0376 -0.5696 0.779, -0.0381 -0.5696 0.7791, -0.0303 -0.5701 0.8149, -0.0291 -0.5701 0.8142, -0.0282 -0.5702 0.814, -0.0317 -0.57 0.8151, -0.0038 -0.5709 0.724, -0.0042 -0.5709 0.7257, -0.0071 -0.5708 0.7299, -0.0055 -0.5708 0.7287, -0.0144 -0.5707 0.7411, -0.0087 -0.5708 0.7408, -0.0132 -0.5707 0.7413, -0.0095 -0.5708 0.7409, -0.0125 -0.5707 0.7414, -0.0148 -0.5707 0.7409, -0.0164 -0.5706 0.7403, -0.0165 -0.5706 0.7402, -0.017 -0.5706 0.7397, -0.0172 -0.5706 0.7395, -0.0174 -0.5706 0.739, -0.0176 -0.5706 0.7386, -0.0177 -0.5706 0.7384, -0.0179 -0.5706 0.7375, -0.0179 -0.5706 0.737, -0.0178 -0.5706 0.7367, -0.0176 -0.5706 0.7363, -0.0175 -0.5706 0.7358, -0.0173 -0.5706 0.7356, -0.0168 -0.5706 0.7349, -0.0148 -0.5707 0.7337, -0.012 -0.5707 0.7324, -0.0071 -0.5708 0.7401, -0.0104 -0.5708 0.7316, -0.0076 -0.5708 0.7303, -0.0054 -0.5708 0.7285, -0.0047 -0.5708 0.7272, -0.0043 -0.5709 0.7263, 0.003 -0.5709 0.7797, 0.003 -0.5709 0.7843, 0.0 -0.5709 0.7977, 0.0054 -0.5708 0.7078, 0.0058 -0.5708 0.7081, 0.006 -0.5708 0.7085, 0.0061 -0.5708 0.7083, 0.0063 -0.5708 0.7086, 0.0027 -0.5709 0.707, 0.0042 -0.5709 0.7073, 0.0043 -0.5709 0.7074, 0.0052 -0.5708 0.7077, 0.01 -0.5708 0.7163, 0.0078 -0.5708 0.7111, 0.0069 -0.5708 0.7093, 0.0068 -0.5708 0.7092, 0.1381 -0.5539 1.2008, 0.1155 -0.5591 0.7562, 0.123 -0.5575 0.7362, 0.2183 -0.5271 1.2008, 0.2139 -0.5293 1.2008, 0.1209 -0.5579 0.7271, 0.1249 -0.557 0.7162, 0.1304 -0.5558 0.7162, -0.238 -0.5189 0.7008, -0.2383 -0.5187 0.7009, -0.2337 -0.5208 0.6989, -0.2204 -0.5266 0.6981, -0.2255 -0.5244 0.6973, -0.2288 -0.523 0.6978, -0.2326 -0.5213 0.6984, -0.2418 -0.5171 0.7036, -0.243 -0.5166 0.7046, -0.2451 -0.5156 0.7073, -0.2469 -0.5147 0.7095, -0.2477 -0.5143 0.7114, -0.2525 -0.512 0.7175, -0.2501 -0.5132 0.7166, -0.2569 -0.5098 0.7197, -0.2619 -0.5072 0.7224, -0.2639 -0.5062 0.7243, -0.2704 -0.5028 0.7303, -0.2743 -0.5007 0.7364, -0.2752 -0.5002 0.7379, -0.2775 -0.4989 0.7442, -0.2793 -0.4979 0.749, -0.2797 -0.4977 0.7519, -0.2796 -0.4977 0.7713, -0.3171 -0.4745 1.2008, -0.2807 -0.4971 0.7624, -0.2808 -0.497 0.7613, -0.2792 -0.4979 0.7741, -0.2773 -0.499 0.7793, -0.2756 -0.4999 0.7839, -0.2741 -0.5008 0.7863, -0.2691 -0.5035 0.7938, -0.2683 -0.5039 0.7945, -0.2619 -0.5072 0.8, -0.2606 -0.5079 0.8011, -0.2551 -0.5107 0.8037, -0.2508 -0.5128 0.8057, -0.2482 -0.514 0.8061, -0.2503 -0.5131 1.2008, -0.2339 -0.5208 0.8069, -0.2282 -0.5233 0.8139, -0.2369 -0.5194 0.8071, -0.2398 -0.518 0.8074, -0.2004 -0.5345 0.8119, -0.2018 -0.534 0.8113, -0.2156 -0.5286 0.7523, -0.2081 -0.5316 0.8085, -0.2088 -0.5313 0.8082, -0.2134 -0.5295 0.8047, -0.2154 -0.5287 0.8031, -0.2183 -0.5275 0.7995, -0.2181 -0.5276 0.753, -0.2136 -0.5294 0.7512, -0.1903 -0.5382 0.8134, -0.1948 -0.5366 0.8127, -0.1718 -0.5444 0.8083, -0.1759 -0.5431 0.8101, -0.2103 -0.5307 0.7492, -0.1798 -0.5418 0.8118, -0.1822 -0.541 0.8122, -0.2097 -0.5309 0.7486, -0.2058 -0.5325 0.7448, -0.1879 -0.5391 0.7548, -0.1698 -0.545 0.8068, -0.1649 -0.5465 0.8032, -0.1286 -0.5562 0.7556, -0.1292 -0.5561 0.7606, -0.1613 -0.5476 0.7496, -0.1292 -0.556 0.7607, -0.1307 -0.5557 0.7647, -0.1311 -0.5556 0.7658, -0.1326 -0.5553 0.7681, -0.1339 -0.5549 0.7702, -0.1349 -0.5547 0.7713, -0.1352 -0.5546 0.7716, -0.1378 -0.554 0.7735, -0.1396 -0.5535 0.7749, -0.1413 -0.5531 0.7756, -0.1444 -0.5523 0.7769, -0.1692 -0.5452 0.73, -0.1683 -0.5455 0.7311, -0.1703 -0.5449 0.7277, -0.1699 -0.545 0.7287, -0.1695 -0.5451 0.7296, -0.1673 -0.5458 0.732, -0.1669 -0.5459 0.7323, -0.1661 -0.5462 0.7327, -0.1651 -0.5465 0.7332, -0.1646 -0.5466 0.7333, -0.1624 -0.5473 0.7337, -0.1608 -0.5478 0.7334, -0.1484 -0.5512 0.7334, -0.1453 -0.5521 0.7341, -0.1429 -0.5527 0.7347, -0.1414 -0.5531 0.7355, -0.1382 -0.5539 0.7371, -0.1379 -0.554 0.7373, -0.135 -0.5547 0.7398, -0.1343 -0.5549 0.7405, -0.1327 -0.5552 0.7428, -0.1314 -0.5556 0.7447, -0.1307 -0.5557 0.7465, -0.1294 -0.556 0.7497, -0.1293 -0.556 0.7504, -0.1543 -0.5496 0.7868, -0.1558 -0.5492 0.7899, -0.1698 -0.545 0.7647, -0.1451 -0.5521 0.777, -0.1501 -0.5508 0.7778, -0.1655 -0.5463 0.7572, -0.1523 -0.5502 0.7778, -0.1535 -0.5499 0.783, -0.1586 -0.5484 0.7956, -0.1592 -0.5482 0.7963, -0.164 -0.5468 0.8021, -0.1123 -0.5597 0.7474, -0.1142 -0.5593 0.7418, -0.1157 -0.559 0.7376, -0.1171 -0.5587 0.7355, -0.1216 -0.5578 0.7289, -0.1262 -0.5567 0.7249, -0.1281 -0.5563 0.7232, -0.1323 -0.5553 0.7209, -0.1629 -0.5471 0.7161, -0.1643 -0.5467 0.7164, -0.2003 -0.5346 0.7177, -0.1649 -0.5465 0.7166, -0.1659 -0.5462 0.717, -0.1668 -0.5459 0.7175, -0.1672 -0.5458 0.7178, -0.1683 -0.5455 0.7187, -0.1683 -0.5455 0.7187, -0.1692 -0.5452 0.7198, -0.1695 -0.5451 0.7202, -0.1699 -0.545 0.7211, -0.1703 -0.5449 0.7221, -0.1999 -0.5347 0.7203, -0.1704 -0.5448 0.7227, -0.1991 -0.535 0.7257, -0.2065 -0.5322 0.7063, -0.207 -0.532 0.7056, -0.203 -0.5336 0.7111, -0.1468 -0.5517 0.7161, -0.1476 -0.5515 0.7161, -0.1484 -0.5512 0.7161, -0.2014 -0.5342 0.715, -0.1369 -0.5542 0.7184, -0.1392 -0.5536 0.7179, -0.2036 -0.5333 0.7103, -0.2072 -0.532 0.7055, -0.211 -0.5304 0.7023, -0.2121 -0.53 0.7014, -0.2154 -0.5287 0.6999, -0.2184 -0.5274 0.6984, -0.2185 -0.5274 0.6984, -0.1708 -0.5447 0.7249, -0.1704 -0.5448 0.7271, -0.1991 -0.535 0.7286, -0.1803 -0.5416 0.7391, -0.2185 -0.5274 0.7532, -0.2184 -0.5274 0.7994, -0.2211 -0.5263 0.796, -0.263 -0.5067 0.7507, -0.2626 -0.5069 0.7495, -0.2473 -0.5145 0.7411, -0.261 -0.5077 0.7464, -0.2482 -0.5141 0.7393, -0.2605 -0.508 0.7453, -0.2581 -0.5092 0.7425, -0.2565 -0.51 0.7406, -0.2546 -0.5109 0.7391, -0.2499 -0.5133 0.7357, -0.2454 -0.5154 0.7438, -0.2645 -0.5059 0.7558, -0.2644 -0.506 0.7555, -0.2615 -0.5075 0.7764, -0.2628 -0.5068 0.7729, -0.2397 -0.5181 0.7496, -0.2422 -0.5169 0.7475, -0.2641 -0.5061 0.7696, -0.2434 -0.5164 0.7466, -0.2643 -0.506 0.7675, -0.2651 -0.5056 0.7619, -0.2384 -0.5187 0.7506, -0.2578 -0.5093 0.7817, -0.2607 -0.5079 0.7776, -0.2469 -0.5147 0.789, -0.249 -0.5137 0.788, -0.2328 -0.5212 0.7532, -0.2528 -0.5118 0.7862, -0.2533 -0.5116 0.7857, -0.2354 -0.5201 0.7521, -0.2569 -0.5098 0.7825, -0.2577 -0.5094 0.7819, -0.2325 -0.5214 0.7891, -0.2343 -0.5206 0.7895, -0.2443 -0.5159 0.7895, -0.2396 -0.5182 0.7903, -0.2222 -0.5258 0.7937, -0.2258 -0.5243 0.7861, -0.2218 -0.526 0.7541, -0.2229 -0.5256 0.7542, -0.2291 -0.5229 0.7876, -0.2308 -0.5221 0.7536, -0.2255 -0.5244 0.7545, -0.2174 -0.5279 0.8228, -0.2111 -0.5304 0.8255, -0.2179 -0.5261 1.2008, -0.2224 -0.5258 0.8194, -0.2205 -0.5266 0.8207, -0.2185 -0.5274 0.822, -0.2045 -0.533 0.8284, -0.2012 -0.5342 0.8289, -0.1764 -0.5429 1.2008, -0.1905 -0.5381 0.8305, -0.1828 -0.5408 0.8296, -0.1792 -0.542 0.8291, -0.1727 -0.5441 0.8268, -0.1669 -0.5459 0.8247, -0.1638 -0.5468 0.8226, -0.1536 -0.5498 0.8157, -0.1501 -0.5508 0.8114, -0.1449 -0.5522 0.8051, -0.1436 -0.5525 0.8027, -0.1388 -0.5537 0.7932, -0.1351 -0.5546 0.7914, -0.1293 -0.556 0.7885, -0.1284 -0.5562 0.7877, -0.1228 -0.5575 0.783, -0.1219 -0.5577 0.7822, -0.1184 -0.5585 0.7774, -0.117 -0.5588 0.7755, -0.115 -0.5592 0.771, -0.113 -0.5596 0.7663, -0.1126 -0.5597 0.7638, -0.1114 -0.5599 0.7564, -0.1113 -0.5599 0.7559, -0.1114 -0.5599 0.7553, -0.1121 -0.5598 0.7489, 0.5594 0.1113 1.2008, 0.5695 0.0398 1.2008, 0.5584 0.1187 1.2008, 0.5364 0.1952 1.2008, 0.504 0.268 1.2008, 0.5263 0.218 1.2008, 0.4033 0.4032 1.2008, 0.4106 0.3966 1.2008, 0.4618 0.3355 1.2008, 0.4737 0.3166 1.2008, 0.3515 0.4498 1.2008, 0.3164 0.4735 1.2008, 0.2854 0.4944 1.2008, 0.2183 0.5271 1.2008, 0.2139 0.5293 1.2008, 0.1381 0.5539 1.2008, 0.0597 0.5677 1.2008, 0.1112 0.5587 1.2008, -0.1112 0.5592 1.2008, -0.0991 0.5622 1.2008, -0.0199 0.5705 1.2008, -0.0 0.5698 1.2008, -0.1764 0.5429 1.2008, -0.2179 0.5261 1.2008, -0.2503 0.5131 1.2008, -0.3171 0.4745 1.2008, -0.3192 0.4733 1.2008, -0.382 0.4242 1.2008, -0.4373 0.3669 1.2008, -0.4027 0.4028 1.2008, -0.5266 0.2182 1.2008, -0.5215 0.2322 1.2008, -0.4841 0.3025 1.2008, -0.4739 0.3166 1.2008, -0.5488 0.1574 1.2008, -0.5586 0.1111 1.2008, -0.5653 0.0794 1.2008, -0.5709 -0.0 1.2008, -0.5653 -0.0794 1.2008, -0.5586 -0.1111 1.2008, -0.5488 -0.1574 1.2008, -0.5266 -0.2182 1.2008, -0.5215 -0.2322 1.2008, -0.4841 -0.3025 1.2008, -0.382 -0.4242 1.2008, -0.4027 -0.4028 1.2008, -0.4373 -0.3669 1.2008, -0.4739 -0.3166 1.2008, -0.3192 -0.4733 1.2008, 0.2854 -0.4944 1.2008, 0.3515 -0.4498 1.2008, 0.3164 -0.4735 1.2008, 0.4737 -0.3166 1.2008, 0.4618 -0.3355 1.2008, 0.4106 -0.3966 1.2008, 0.4033 -0.4032 1.2008, 0.504 -0.268 1.2008, 0.5263 -0.218 1.2008, 0.5364 -0.1952 1.2008, 0.5584 -0.1187 1.2008, 0.5709 0.0 1.2008, 0.5695 -0.0398 1.2008, 0.5594 -0.1113 1.2008, -0.5441 -0.156 1.2753, -0.5171 -0.2302 1.2753, -0.4336 -0.3638 1.2753, -0.3787 -0.4206 1.2753, -0.2481 -0.5087 1.2753, -0.1749 -0.5383 1.2753, -0.0983 -0.5574 1.2753, 0.0592 -0.5629 1.2753, 0.1369 -0.5492 1.2753, 0.283 -0.4902 1.2753, 0.3485 -0.446 1.2753, 0.4071 -0.3932 1.2753, 0.4997 -0.2657 1.2753, 0.5318 -0.1936 1.2753, 0.5646 -0.0395 1.2753, 0.5646 0.0395 1.2753, 0.5536 0.1177 1.2753, 0.4997 0.2657 1.2753, 0.4579 0.3327 1.2753, 0.3485 0.446 1.2753, 0.283 0.4902 1.2753, 0.212 0.5248 1.2753, 0.0592 0.5629 1.2753, -0.0198 0.5656 1.2753, -0.1749 0.5383 1.2753, -0.2481 0.5087 1.2753, -0.3165 0.4692 1.2753, -0.4336 0.3638 1.2753, -0.48 0.2999 1.2753, -0.5441 0.156 1.2753, -0.5605 0.0788 1.2753, -0.0826 0.1225 1.7522, -0.0417 0.0618 1.7668, -0.0327 0.067 1.7668, -0.0 -0.0 1.7717, -0.0499 0.0554 1.7668, -0.0989 0.1098 1.7522, -0.1462 0.1623 1.7282, -0.0571 0.0479 1.7668, -0.1132 0.095 1.7522, -0.1674 0.1404 1.7282, -0.2187 0.1835 1.6952, -0.0632 0.0395 1.7668, -0.1253 0.0783 1.7522, -0.1853 0.1158 1.7282, -0.2421 0.1513 1.6952, -0.2947 0.1842 1.6537, -0.0681 0.0303 1.7668, -0.135 0.0601 1.7522, -0.1996 0.0889 1.7282, -0.2608 0.1161 1.6952, -0.3175 0.1413 1.6537, -0.3688 0.1642 1.6045, -0.0716 0.0205 1.7668, -0.142 0.0407 1.7522, -0.21 0.0602 1.7282, -0.2744 0.0787 1.6952, -0.3341 0.0958 1.6537, -0.388 0.1113 1.6045, -0.4354 0.1248 1.5483, -0.0738 0.0104 1.7668, -0.1463 0.0206 1.7522, -0.2163 0.0304 1.7282, -0.2827 0.0397 1.6952, -0.3441 0.0484 1.6537, -0.3997 0.0562 1.6045, -0.4485 0.063 1.5483, -0.4896 0.0688 1.4862, -0.0745 -0.0 1.7668, -0.1478 -0.0 1.7522, -0.2185 -0.0 1.7282, -0.2854 -0.0 1.6952, -0.3475 -0.0 1.6537, -0.4037 -0.0 1.6045, -0.4529 -0.0 1.5483, -0.4944 -0.0 1.4862, -0.5274 -0.0 1.4192, -0.566 -0.0 1.2753, -0.546 0.0767 1.3485, -0.5514 -0.0 1.3485, -0.5223 0.0734 1.4192, -0.5301 0.152 1.3485, -0.507 0.1454 1.4192, -0.4752 0.1363 1.4862, -0.5171 0.2302 1.2753, -0.5037 0.2243 1.3485, -0.4818 0.2145 1.4192, -0.4516 0.2011 1.4862, -0.4137 0.1842 1.5483, -0.4676 0.2922 1.3485, -0.4473 0.2795 1.4192, -0.4193 0.262 1.4862, -0.3841 0.24 1.5483, -0.3423 0.2139 1.6045, -0.4224 0.3544 1.3485, -0.404 0.339 1.4192, -0.3787 0.3178 1.4862, -0.3469 0.2911 1.5483, -0.3092 0.2595 1.6045, -0.2662 0.2234 1.6537, -0.3787 0.4206 1.2753, -0.369 0.4098 1.3485, -0.3529 0.3919 1.4192, -0.3308 0.3674 1.4862, -0.303 0.3366 1.5483, -0.2701 0.3 1.6045, -0.2325 0.2583 1.6537, -0.191 0.2121 1.6952, -0.3083 0.4571 1.3485, -0.2949 0.4372 1.4192, -0.2765 0.4099 1.4862, -0.2533 0.3755 1.5483, -0.2257 0.3347 1.6045, -0.1943 0.2881 1.6537, -0.1596 0.2366 1.6952, -0.1222 0.1811 1.7282, -0.2417 0.4956 1.3485, -0.2312 0.474 1.4192, -0.2167 0.4444 1.4862, -0.1985 0.4071 1.5483, -0.177 0.3628 1.6045, -0.1523 0.3124 1.6537, -0.1251 0.2565 1.6952, -0.0958 0.1964 1.7282, -0.0648 0.1328 1.7522, -0.1704 0.5244 1.3485, -0.163 0.5016 1.4192, -0.1528 0.4702 1.4862, -0.14 0.4307 1.5483, -0.1247 0.3839 1.6045, -0.1074 0.3305 1.6537, -0.0882 0.2715 1.6952, -0.0675 0.2078 1.7282, -0.0457 0.1405 1.7522, -0.023 0.0709 1.7668, -0.0983 0.5574 1.2753, -0.0958 0.543 1.3485, -0.0916 0.5194 1.4192, -0.0858 0.4869 1.4862, -0.0786 0.446 1.5483, -0.0701 0.3975 1.6045, -0.0603 0.3422 1.6537, -0.0496 0.2811 1.6952, -0.0379 0.2151 1.7282, -0.0257 0.1455 1.7522, -0.0129 0.0734 1.7668, -0.0192 0.5511 1.3485, -0.0184 0.5271 1.4192, -0.0173 0.4941 1.4862, -0.0158 0.4526 1.5483, -0.0141 0.4034 1.6045, -0.0121 0.3473 1.6537, -0.01 0.2853 1.6952, -0.0076 0.2183 1.7282, -0.0052 0.1477 1.7522, -0.0026 0.0745 1.7668, 0.0576 0.5484 1.3485, 0.0551 0.5245 1.4192, 0.0517 0.4917 1.4862, 0.0473 0.4504 1.5483, 0.0422 0.4015 1.6045, 0.0363 0.3456 1.6537, 0.0298 0.2839 1.6952, 0.0228 0.2173 1.7282, 0.0154 0.1469 1.7522, 0.0078 0.0741 1.7668, 0.1369 0.5492 1.2753, 0.1334 0.535 1.3485, 0.1276 0.5117 1.4192, 0.1196 0.4797 1.4862, 0.1096 0.4394 1.5483, 0.0977 0.3917 1.6045, 0.0841 0.3372 1.6537, 0.0691 0.277 1.6952, 0.0529 0.212 1.7282, 0.0357 0.1434 1.7522, 0.018 0.0723 1.7668, 0.2066 0.5113 1.3485, 0.1976 0.489 1.4192, 0.1852 0.4584 1.4862, 0.1697 0.4199 1.5483, 0.1512 0.3743 1.6045, 0.1302 0.3222 1.6537, 0.1069 0.2646 1.6952, 0.0818 0.2026 1.7282, 0.0553 0.137 1.7522, 0.0279 0.0691 1.7668, 0.2757 0.4775 1.3485, 0.2637 0.4568 1.4192, 0.2472 0.4281 1.4862, 0.2264 0.3922 1.5483, 0.2018 0.3496 1.6045, 0.1738 0.301 1.6537, 0.1427 0.2472 1.6952, 0.1092 0.1892 1.7282, 0.0739 0.128 1.7522, 0.0373 0.0645 1.7668, 0.3395 0.4345 1.3485, 0.3247 0.4156 1.4192, 0.3044 0.3896 1.4862, 0.2788 0.3569 1.5483, 0.2485 0.3181 1.6045, 0.214 0.2739 1.6537, 0.1757 0.2249 1.6952, 0.1345 0.1721 1.7282, 0.091 0.1164 1.7522, 0.0459 0.0587 1.7668, 0.4071 0.3932 1.2753, 0.3967 0.383 1.3485, 0.3794 0.3664 1.4192, 0.3556 0.3434 1.4862, 0.3258 0.3146 1.5483, 0.2904 0.2804 1.6045, 0.25 0.2414 1.6537, 0.2053 0.1983 1.6952, 0.1571 0.1518 1.7282, 0.1063 0.1026 1.7522, 0.0536 0.0518 1.7668, 0.4461 0.3241 1.3485, 0.4267 0.31 1.4192, 0.4 0.2906 1.4862, 0.3664 0.2662 1.5483, 0.3266 0.2373 1.6045, 0.2812 0.2043 1.6537, 0.2309 0.1678 1.6952, 0.1767 0.1284 1.7282, 0.1195 0.0868 1.7522, 0.0603 0.0438 1.7668, 0.4869 0.2589 1.3485, 0.4657 0.2476 1.4192, 0.4365 0.2321 1.4862, 0.3999 0.2126 1.5483, 0.3564 0.1895 1.6045, 0.3068 0.1632 1.6537, 0.252 0.134 1.6952, 0.1929 0.1026 1.7282, 0.1305 0.0694 1.7522, 0.0658 0.035 1.7668, 0.5318 0.1936 1.2753, 0.5182 0.1886 1.3485, 0.4956 0.1804 1.4192, 0.4646 0.1691 1.4862, 0.4256 0.1549 1.5483, 0.3793 0.1381 1.6045, 0.3266 0.1189 1.6537, 0.2682 0.0976 1.6952, 0.2053 0.0747 1.7282, 0.1388 0.0505 1.7522, 0.07 0.0255 1.7668, 0.5394 0.1146 1.3485, 0.5159 0.1097 1.4192, 0.4836 0.1028 1.4862, 0.443 0.0942 1.5483, 0.3948 0.0839 1.6045, 0.3399 0.0723 1.6537, 0.2792 0.0593 1.6952, 0.2137 0.0454 1.7282, 0.1445 0.0307 1.7522, 0.0729 0.0155 1.7668, 0.5501 0.0385 1.3485, 0.5261 0.0368 1.4192, 0.4932 0.0345 1.4862, 0.4518 0.0316 1.5483, 0.4027 0.0282 1.6045, 0.3467 0.0242 1.6537, 0.2847 0.0199 1.6952, 0.2179 0.0152 1.7282, 0.1474 0.0103 1.7522, 0.0743 0.0052 1.7668, 0.5501 -0.0385 1.3485, 0.5261 -0.0368 1.4192, 0.4932 -0.0345 1.4862, 0.4518 -0.0316 1.5483, 0.4027 -0.0282 1.6045, 0.3467 -0.0242 1.6537, 0.2847 -0.0199 1.6952, 0.2179 -0.0152 1.7282, 0.1474 -0.0103 1.7522, 0.0743 -0.0052 1.7668, 0.5536 -0.1177 1.2753, 0.5394 -0.1146 1.3485, 0.5159 -0.1097 1.4192, 0.4836 -0.1028 1.4862, 0.443 -0.0942 1.5483, 0.3948 -0.0839 1.6045, 0.3399 -0.0723 1.6537, 0.2792 -0.0593 1.6952, 0.2137 -0.0454 1.7282, 0.1445 -0.0307 1.7522, 0.0729 -0.0155 1.7668, 0.5182 -0.1886 1.3485, 0.4956 -0.1804 1.4192, 0.4646 -0.1691 1.4862, 0.4256 -0.1549 1.5483, 0.3793 -0.1381 1.6045, 0.3266 -0.1189 1.6537, 0.2682 -0.0976 1.6952, 0.2053 -0.0747 1.7282, 0.1388 -0.0505 1.7522, 0.07 -0.0255 1.7668, 0.4869 -0.2589 1.3485, 0.4657 -0.2476 1.4192, 0.4365 -0.2321 1.4862, 0.3999 -0.2126 1.5483, 0.3564 -0.1895 1.6045, 0.3068 -0.1632 1.6537, 0.252 -0.134 1.6952, 0.1929 -0.1026 1.7282, 0.1305 -0.0694 1.7522, 0.0658 -0.035 1.7668, 0.4579 -0.3327 1.2753, 0.4461 -0.3241 1.3485, 0.4267 -0.31 1.4192, 0.4 -0.2906 1.4862, 0.3664 -0.2662 1.5483, 0.3266 -0.2373 1.6045, 0.2812 -0.2043 1.6537, 0.2309 -0.1678 1.6952, 0.1767 -0.1284 1.7282, 0.1195 -0.0868 1.7522, 0.0603 -0.0438 1.7668, 0.3967 -0.383 1.3485, 0.3794 -0.3664 1.4192, 0.3556 -0.3434 1.4862, 0.3258 -0.3146 1.5483, 0.2904 -0.2804 1.6045, 0.25 -0.2414 1.6537, 0.2053 -0.1983 1.6952, 0.1571 -0.1518 1.7282, 0.1063 -0.1026 1.7522, 0.0536 -0.0518 1.7668, 0.3395 -0.4345 1.3485, 0.3247 -0.4156 1.4192, 0.3044 -0.3896 1.4862, 0.2788 -0.3569 1.5483, 0.2485 -0.3181 1.6045, 0.214 -0.2739 1.6537, 0.1757 -0.2249 1.6952, 0.1345 -0.1721 1.7282, 0.091 -0.1164 1.7522, 0.0459 -0.0587 1.7668, 0.2757 -0.4775 1.3485, 0.2637 -0.4568 1.4192, 0.2472 -0.4281 1.4862, 0.2264 -0.3922 1.5483, 0.2018 -0.3496 1.6045, 0.1738 -0.301 1.6537, 0.1427 -0.2472 1.6952, 0.1092 -0.1892 1.7282, 0.0739 -0.128 1.7522, 0.0373 -0.0645 1.7668, 0.212 -0.5248 1.2753, 0.2066 -0.5113 1.3485, 0.1976 -0.489 1.4192, 0.1852 -0.4584 1.4862, 0.1697 -0.4199 1.5483, 0.1512 -0.3743 1.6045, 0.1302 -0.3222 1.6537, 0.1069 -0.2646 1.6952, 0.0818 -0.2026 1.7282, 0.0553 -0.137 1.7522, 0.0279 -0.0691 1.7668, 0.1334 -0.535 1.3485, 0.1276 -0.5117 1.4192, 0.1196 -0.4797 1.4862, 0.1096 -0.4394 1.5483, 0.0977 -0.3917 1.6045, 0.0841 -0.3372 1.6537, 0.0691 -0.277 1.6952, 0.0529 -0.212 1.7282, 0.0357 -0.1434 1.7522, 0.018 -0.0723 1.7668, 0.0576 -0.5484 1.3485, 0.0551 -0.5245 1.4192, 0.0517 -0.4917 1.4862, 0.0473 -0.4504 1.5483, 0.0422 -0.4015 1.6045, 0.0363 -0.3456 1.6537, 0.0298 -0.2839 1.6952, 0.0228 -0.2173 1.7282, 0.0154 -0.1469 1.7522, 0.0078 -0.0741 1.7668, -0.0198 -0.5656 1.2753, -0.0192 -0.5511 1.3485, -0.0184 -0.5271 1.4192, -0.0173 -0.4941 1.4862, -0.0158 -0.4526 1.5483, -0.0141 -0.4034 1.6045, -0.0121 -0.3473 1.6537, -0.01 -0.2853 1.6952, -0.0076 -0.2183 1.7282, -0.0052 -0.1477 1.7522, -0.0026 -0.0745 1.7668, -0.0958 -0.543 1.3485, -0.0916 -0.5194 1.4192, -0.0858 -0.4869 1.4862, -0.0786 -0.446 1.5483, -0.0701 -0.3975 1.6045, -0.0603 -0.3422 1.6537, -0.0496 -0.2811 1.6952, -0.0379 -0.2151 1.7282, -0.0257 -0.1455 1.7522, -0.0129 -0.0734 1.7668, -0.1704 -0.5244 1.3485, -0.163 -0.5016 1.4192, -0.1528 -0.4702 1.4862, -0.14 -0.4307 1.5483, -0.1247 -0.3839 1.6045, -0.1074 -0.3305 1.6537, -0.0882 -0.2715 1.6952, -0.0675 -0.2078 1.7282, -0.0457 -0.1405 1.7522, -0.023 -0.0709 1.7668, -0.2417 -0.4956 1.3485, -0.2312 -0.474 1.4192, -0.2167 -0.4444 1.4862, -0.1985 -0.4071 1.5483, -0.177 -0.3628 1.6045, -0.1523 -0.3124 1.6537, -0.1251 -0.2565 1.6952, -0.0958 -0.1964 1.7282, -0.0648 -0.1328 1.7522, -0.0327 -0.067 1.7668, -0.3165 -0.4692 1.2753, -0.3083 -0.4571 1.3485, -0.2949 -0.4372 1.4192, -0.2765 -0.4099 1.4862, -0.2533 -0.3755 1.5483, -0.2257 -0.3347 1.6045, -0.1943 -0.2881 1.6537, -0.1596 -0.2366 1.6952, -0.1222 -0.1811 1.7282, -0.0826 -0.1225 1.7522, -0.0417 -0.0618 1.7668, -0.369 -0.4098 1.3485, -0.3529 -0.3919 1.4192, -0.3308 -0.3674 1.4862, -0.303 -0.3366 1.5483, -0.2701 -0.3 1.6045, -0.2325 -0.2583 1.6537, -0.191 -0.2121 1.6952, -0.1462 -0.1623 1.7282, -0.0989 -0.1098 1.7522, -0.0499 -0.0554 1.7668, -0.4224 -0.3544 1.3485, -0.404 -0.339 1.4192, -0.3787 -0.3178 1.4862, -0.3469 -0.2911 1.5483, -0.3092 -0.2595 1.6045, -0.2662 -0.2234 1.6537, -0.2187 -0.1835 1.6952, -0.1674 -0.1404 1.7282, -0.1132 -0.095 1.7522, -0.0571 -0.0479 1.7668, -0.48 -0.2999 1.2753, -0.4676 -0.2922 1.3485, -0.4473 -0.2795 1.4192, -0.4193 -0.262 1.4862, -0.3841 -0.24 1.5483, -0.3423 -0.2139 1.6045, -0.2947 -0.1842 1.6537, -0.2421 -0.1513 1.6952, -0.1853 -0.1158 1.7282, -0.1253 -0.0783 1.7522, -0.0632 -0.0395 1.7668, -0.5037 -0.2243 1.3485, -0.4818 -0.2145 1.4192, -0.4516 -0.2011 1.4862, -0.4137 -0.1842 1.5483, -0.3688 -0.1642 1.6045, -0.3175 -0.1413 1.6537, -0.2608 -0.1161 1.6952, -0.1996 -0.0889 1.7282, -0.135 -0.0601 1.7522, -0.0681 -0.0303 1.7668, -0.5301 -0.152 1.3485, -0.507 -0.1454 1.4192, -0.4752 -0.1363 1.4862, -0.4354 -0.1248 1.5483, -0.388 -0.1113 1.6045, -0.3341 -0.0958 1.6537, -0.2744 -0.0787 1.6952, -0.21 -0.0602 1.7282, -0.142 -0.0407 1.7522, -0.0716 -0.0205 1.7668, -0.5605 -0.0788 1.2753, -0.546 -0.0767 1.3485, -0.5223 -0.0734 1.4192, -0.4896 -0.0688 1.4862, -0.4485 -0.063 1.5483, -0.3997 -0.0562 1.6045, -0.3441 -0.0484 1.6537, -0.2827 -0.0397 1.6952, -0.2163 -0.0304 1.7282, -0.1463 -0.0206 1.7522, -0.0738 -0.0104 1.7668, -0.0738 -0.0104 1.7668
            ]
        }
        coordIndex [
            0,1,2,-1,3,4,5,-1,6,7,8,-1,7,6,9,-1,9,6,10,-1,9,10,11,-1,5,12,13,-1,13,12,2,-1,14,15,16,-1,16,15,17,-1,16,17,5,-1,5,17,18,-1,5,18,3,-1,4,19,5,-1,5,19,20,-1,5,20,21,-1,12,22,10,-1,10,22,23,-1,10,23,11,-1,21,24,5,-1,5,24,25,-1,5,25,12,-1,12,25,26,-1,12,26,22,-1,2,1,13,-1,13,1,27,-1,13,27,28,-1,28,29,13,-1,13,29,30,-1,13,30,31,-1,32,33,34,-1,34,33,13,-1,34,13,35,-1,35,13,31,-1,8,36,6,-1,6,36,37,-1,6,37,2,-1,2,37,38,-1,2,38,0,-1,32,39,33,-1,33,39,40,-1,33,40,16,-1,16,40,41,-1,16,41,14,-1,42,43,7,-1,7,43,8,-1,43,44,8,-1,8,44,45,-1,8,45,36,-1,36,45,46,-1,36,46,37,-1,37,46,47,-1,37,47,38,-1,38,47,48,-1,38,48,0,-1,0,48,49,-1,0,49,1,-1,1,49,50,-1,1,50,27,-1,27,50,51,-1,27,51,28,-1,28,51,52,-1,28,52,29,-1,29,52,53,-1,29,53,30,-1,30,53,54,-1,30,54,31,-1,31,54,55,-1,31,55,35,-1,35,55,56,-1,35,56,34,-1,34,56,57,-1,34,57,32,-1,32,57,58,-1,32,58,39,-1,39,58,59,-1,39,59,40,-1,40,59,60,-1,40,60,41,-1,41,60,61,-1,41,61,14,-1,14,61,62,-1,14,62,15,-1,15,62,63,-1,15,63,17,-1,17,63,64,-1,17,64,18,-1,18,64,65,-1,18,65,3,-1,3,65,66,-1,3,66,4,-1,4,66,67,-1,4,67,19,-1,19,67,68,-1,19,68,20,-1,20,68,69,-1,20,69,21,-1,21,69,70,-1,21,70,24,-1,24,70,71,-1,24,71,25,-1,25,71,72,-1,25,72,26,-1,26,72,73,-1,26,73,22,-1,22,73,74,-1,22,74,23,-1,23,74,75,-1,23,75,11,-1,11,75,42,-1,11,42,9,-1,9,42,7,-1,44,43,76,-1,76,43,42,-1,76,42,77,-1,77,42,75,-1,77,75,78,-1,78,75,74,-1,78,74,79,-1,79,74,73,-1,79,73,80,-1,80,73,72,-1,80,72,81,-1,81,72,71,-1,81,71,82,-1,82,71,70,-1,82,70,83,-1,83,70,69,-1,83,69,84,-1,84,69,68,-1,84,68,85,-1,85,68,67,-1,85,67,86,-1,86,67,66,-1,86,66,87,-1,87,66,65,-1,87,65,88,-1,88,65,64,-1,88,64,89,-1,89,64,63,-1,89,63,90,-1,90,63,62,-1,90,62,91,-1,91,62,61,-1,91,61,92,-1,92,61,60,-1,92,60,93,-1,93,60,59,-1,93,59,94,-1,94,59,58,-1,94,58,95,-1,95,58,57,-1,95,57,96,-1,96,57,56,-1,96,56,97,-1,97,56,55,-1,97,55,98,-1,98,55,54,-1,98,54,99,-1,99,54,53,-1,99,53,100,-1,100,53,52,-1,100,52,101,-1,101,52,51,-1,101,51,102,-1,102,51,50,-1,102,50,103,-1,103,50,49,-1,103,49,104,-1,104,49,48,-1,104,48,105,-1,105,48,47,-1,105,47,106,-1,106,47,46,-1,106,46,107,-1,107,46,45,-1,107,45,76,-1,76,45,44,-1,108,109,110,-1,111,112,113,-1,114,115,116,-1,117,118,119,-1,119,118,120,-1,121,122,123,-1,123,122,124,-1,125,123,126,-1,126,123,124,-1,126,124,127,-1,123,128,118,-1,118,128,129,-1,118,129,130,-1,130,131,118,-1,118,131,132,-1,118,132,120,-1,132,133,120,-1,120,133,134,-1,120,134,135,-1,135,136,120,-1,120,136,137,-1,120,137,138,-1,125,139,140,-1,140,141,125,-1,125,141,142,-1,125,142,123,-1,123,142,143,-1,123,143,128,-1,144,145,146,-1,146,145,147,-1,148,149,150,-1,150,149,151,-1,150,151,152,-1,152,151,153,-1,154,155,156,-1,153,157,152,-1,152,157,158,-1,152,158,159,-1,159,160,152,-1,152,160,161,-1,152,161,162,-1,162,163,152,-1,152,163,164,-1,152,164,165,-1,165,166,152,-1,152,166,167,-1,152,167,168,-1,169,170,152,-1,168,171,152,-1,152,171,172,-1,152,172,169,-1,173,152,174,-1,174,152,170,-1,174,170,175,-1,175,170,176,-1,175,176,177,-1,177,178,175,-1,175,178,179,-1,175,179,180,-1,179,181,180,-1,180,181,182,-1,180,182,183,-1,183,184,180,-1,180,184,185,-1,180,185,186,-1,187,188,189,-1,186,187,180,-1,180,187,189,-1,180,189,124,-1,124,189,190,-1,124,190,127,-1,188,191,189,-1,189,191,192,-1,189,192,156,-1,85,193,194,-1,194,195,85,-1,85,195,196,-1,85,196,84,-1,197,198,199,-1,138,200,120,-1,120,200,201,-1,120,201,199,-1,199,201,202,-1,199,202,197,-1,198,203,199,-1,199,203,204,-1,199,204,196,-1,204,205,196,-1,196,205,206,-1,196,206,207,-1,207,208,196,-1,196,208,209,-1,196,209,210,-1,211,212,213,-1,213,212,196,-1,213,196,214,-1,214,196,210,-1,211,215,212,-1,212,215,216,-1,212,216,217,-1,217,216,218,-1,219,220,221,-1,219,221,222,-1,222,221,127,-1,222,127,223,-1,223,127,190,-1,223,190,224,-1,224,190,225,-1,224,225,226,-1,226,225,227,-1,226,227,228,-1,220,229,221,-1,221,229,230,-1,221,230,231,-1,231,232,221,-1,221,232,233,-1,221,233,234,-1,141,146,142,-1,142,146,147,-1,142,147,216,-1,216,147,235,-1,216,235,218,-1,218,235,221,-1,218,221,236,-1,236,221,234,-1,156,157,154,-1,154,157,153,-1,154,153,116,-1,116,153,237,-1,116,237,114,-1,238,239,240,-1,240,239,241,-1,242,243,244,-1,244,243,245,-1,244,245,246,-1,246,247,244,-1,244,247,248,-1,244,248,249,-1,249,250,244,-1,244,250,251,-1,244,251,252,-1,252,251,253,-1,252,253,254,-1,254,253,255,-1,256,257,258,-1,258,257,259,-1,258,259,255,-1,255,259,260,-1,255,260,254,-1,261,262,258,-1,258,262,263,-1,258,263,264,-1,264,265,258,-1,258,265,266,-1,258,266,267,-1,267,268,258,-1,258,268,269,-1,258,269,270,-1,270,271,258,-1,258,271,272,-1,258,272,273,-1,273,274,258,-1,258,274,275,-1,258,275,256,-1,276,277,278,-1,278,277,279,-1,280,278,244,-1,244,278,279,-1,244,279,242,-1,242,279,281,-1,242,281,282,-1,283,284,285,-1,238,286,239,-1,239,286,287,-1,239,287,288,-1,288,287,289,-1,290,291,292,-1,292,291,293,-1,292,293,294,-1,294,295,292,-1,292,295,296,-1,292,296,297,-1,298,299,300,-1,301,292,289,-1,289,292,297,-1,289,297,288,-1,281,283,282,-1,282,283,285,-1,282,285,302,-1,302,285,303,-1,299,304,300,-1,300,304,305,-1,300,305,306,-1,306,307,300,-1,300,307,308,-1,300,308,285,-1,285,308,309,-1,285,309,303,-1,310,311,301,-1,301,311,312,-1,312,313,301,-1,301,313,314,-1,301,314,315,-1,315,316,301,-1,301,316,317,-1,301,317,318,-1,318,319,301,-1,301,319,320,-1,301,320,292,-1,292,320,321,-1,292,321,322,-1,300,323,83,-1,212,324,196,-1,196,324,325,-1,196,325,84,-1,84,325,326,-1,84,326,83,-1,83,326,292,-1,83,292,300,-1,300,292,322,-1,300,322,298,-1,327,328,329,-1,329,330,327,-1,327,330,331,-1,327,331,332,-1,333,109,334,-1,334,109,335,-1,334,335,336,-1,336,335,327,-1,336,327,337,-1,337,327,332,-1,338,339,340,-1,340,341,338,-1,338,341,342,-1,338,342,343,-1,343,344,338,-1,338,344,345,-1,338,345,346,-1,346,347,338,-1,338,347,348,-1,338,348,349,-1,350,351,352,-1,352,351,353,-1,354,355,356,-1,357,358,354,-1,354,356,357,-1,357,356,359,-1,357,359,360,-1,350,361,351,-1,351,361,357,-1,351,357,362,-1,362,357,360,-1,353,351,348,-1,348,351,363,-1,348,363,349,-1,339,338,364,-1,364,338,365,-1,364,365,366,-1,366,365,367,-1,366,367,239,-1,239,367,368,-1,239,368,369,-1,370,241,371,-1,371,241,239,-1,371,239,372,-1,372,239,369,-1,373,374,375,-1,376,377,370,-1,370,377,378,-1,370,378,241,-1,374,373,370,-1,370,373,379,-1,370,379,376,-1,380,381,382,-1,382,381,383,-1,382,383,327,-1,327,383,384,-1,327,384,328,-1,385,386,382,-1,385,382,387,-1,386,388,382,-1,382,388,389,-1,382,389,390,-1,390,391,382,-1,382,391,392,-1,382,392,393,-1,394,393,375,-1,375,393,395,-1,375,395,373,-1,394,396,393,-1,393,396,397,-1,393,397,382,-1,382,397,398,-1,382,398,380,-1,244,387,280,-1,280,387,382,-1,280,382,399,-1,399,382,400,-1,399,400,401,-1,401,400,402,-1,401,402,403,-1,403,402,404,-1,403,404,405,-1,405,404,148,-1,406,407,408,-1,408,407,409,-1,408,409,404,-1,404,409,410,-1,404,410,411,-1,411,412,404,-1,404,412,413,-1,404,413,414,-1,414,415,404,-1,404,415,416,-1,404,416,148,-1,148,416,417,-1,417,418,148,-1,148,418,419,-1,148,419,420,-1,420,421,148,-1,148,421,422,-1,148,422,423,-1,423,424,148,-1,148,424,425,-1,148,425,426,-1,110,427,428,-1,428,429,110,-1,110,429,430,-1,110,430,431,-1,431,432,110,-1,110,432,433,-1,110,433,434,-1,434,433,435,-1,434,435,292,-1,292,435,436,-1,292,436,290,-1,437,438,439,-1,439,438,440,-1,441,442,443,-1,444,445,446,-1,447,448,446,-1,449,444,450,-1,450,444,446,-1,450,446,451,-1,451,446,448,-1,447,446,452,-1,452,446,453,-1,452,453,454,-1,454,455,452,-1,452,455,456,-1,452,456,457,-1,441,443,458,-1,457,456,443,-1,443,456,459,-1,443,459,458,-1,442,460,443,-1,443,460,461,-1,443,461,462,-1,462,463,443,-1,443,463,464,-1,443,464,465,-1,437,466,438,-1,438,466,443,-1,438,443,467,-1,467,443,465,-1,468,469,335,-1,470,471,189,-1,189,471,335,-1,469,472,335,-1,335,472,473,-1,335,473,327,-1,327,473,474,-1,327,474,475,-1,475,476,327,-1,327,476,477,-1,327,477,408,-1,408,477,478,-1,408,478,406,-1,471,479,440,-1,440,480,471,-1,471,480,481,-1,471,481,482,-1,482,483,471,-1,471,483,484,-1,471,484,335,-1,335,484,485,-1,335,485,468,-1,486,487,488,-1,488,487,426,-1,486,489,487,-1,487,489,439,-1,487,439,426,-1,426,439,440,-1,426,440,148,-1,148,440,479,-1,148,479,149,-1,427,110,490,-1,490,110,109,-1,490,109,491,-1,492,493,333,-1,494,495,496,-1,496,495,497,-1,496,497,498,-1,494,499,495,-1,495,499,500,-1,495,500,501,-1,501,502,495,-1,495,502,503,-1,495,503,504,-1,504,505,495,-1,495,505,506,-1,495,506,507,-1,507,508,495,-1,495,508,509,-1,495,509,510,-1,510,511,495,-1,495,511,512,-1,495,512,513,-1,513,514,495,-1,495,514,515,-1,495,515,516,-1,516,515,517,-1,516,517,333,-1,333,517,518,-1,333,518,492,-1,493,519,333,-1,333,519,520,-1,333,520,109,-1,109,520,521,-1,109,521,491,-1,470,189,522,-1,522,189,156,-1,522,156,523,-1,523,156,155,-1,523,155,113,-1,113,155,524,-1,113,524,111,-1,525,526,527,-1,527,526,528,-1,527,528,529,-1,530,531,110,-1,110,531,532,-1,110,532,527,-1,527,532,533,-1,527,533,525,-1,534,108,535,-1,535,108,110,-1,535,110,536,-1,536,110,527,-1,536,527,537,-1,537,527,529,-1,173,117,152,-1,152,117,119,-1,152,119,538,-1,538,119,539,-1,540,541,539,-1,539,541,542,-1,539,542,538,-1,543,193,544,-1,544,193,85,-1,544,85,545,-1,545,85,86,-1,546,547,81,-1,546,81,548,-1,549,550,82,-1,82,550,551,-1,82,551,81,-1,81,551,552,-1,81,552,548,-1,547,553,81,-1,81,553,554,-1,81,554,555,-1,555,556,81,-1,81,556,557,-1,81,557,558,-1,558,557,559,-1,558,560,81,-1,81,560,561,-1,81,561,562,-1,562,563,81,-1,81,563,564,-1,81,564,565,-1,565,566,81,-1,81,566,567,-1,81,567,568,-1,569,570,571,-1,571,570,572,-1,569,573,570,-1,570,573,574,-1,570,574,575,-1,575,576,570,-1,570,576,577,-1,570,577,578,-1,578,579,570,-1,570,579,580,-1,570,580,581,-1,581,582,570,-1,570,582,583,-1,570,583,584,-1,585,586,587,-1,587,586,584,-1,587,584,588,-1,588,584,583,-1,589,590,591,-1,590,592,591,-1,591,592,593,-1,591,593,594,-1,594,595,591,-1,591,595,596,-1,591,596,597,-1,598,599,591,-1,591,599,600,-1,591,600,589,-1,601,602,603,-1,603,602,604,-1,603,604,598,-1,598,604,605,-1,598,605,599,-1,606,607,608,-1,603,606,601,-1,601,606,608,-1,601,608,609,-1,609,608,610,-1,611,612,613,-1,613,612,614,-1,613,614,615,-1,615,616,613,-1,613,616,617,-1,613,617,618,-1,618,619,613,-1,613,619,620,-1,613,620,621,-1,621,622,613,-1,613,622,623,-1,613,623,624,-1,625,626,613,-1,627,628,613,-1,613,628,629,-1,613,629,625,-1,626,630,613,-1,613,630,631,-1,613,631,632,-1,632,633,613,-1,613,633,634,-1,613,634,635,-1,635,636,613,-1,613,636,637,-1,613,637,638,-1,638,639,613,-1,613,639,640,-1,613,640,641,-1,641,642,613,-1,613,642,643,-1,613,643,644,-1,644,645,613,-1,613,645,646,-1,613,646,647,-1,647,648,613,-1,613,648,649,-1,613,649,611,-1,650,651,652,-1,624,653,613,-1,613,653,654,-1,613,654,655,-1,655,654,656,-1,655,656,652,-1,652,656,657,-1,652,657,650,-1,651,658,652,-1,652,658,659,-1,652,659,608,-1,608,659,660,-1,608,660,610,-1,661,662,83,-1,662,663,83,-1,83,663,664,-1,83,664,665,-1,665,666,83,-1,83,666,667,-1,83,667,668,-1,669,670,671,-1,671,670,672,-1,671,672,673,-1,673,674,671,-1,671,674,675,-1,671,675,676,-1,676,677,671,-1,671,677,678,-1,671,678,679,-1,679,680,671,-1,671,680,681,-1,671,681,682,-1,682,681,683,-1,682,683,684,-1,685,686,83,-1,687,688,689,-1,689,690,687,-1,687,690,669,-1,687,669,691,-1,691,669,671,-1,668,692,83,-1,83,692,693,-1,83,693,688,-1,688,687,83,-1,83,687,694,-1,83,694,685,-1,686,695,83,-1,83,695,696,-1,83,696,697,-1,697,698,83,-1,83,698,699,-1,83,699,82,-1,82,699,700,-1,82,700,549,-1,683,701,684,-1,684,701,702,-1,684,702,703,-1,703,702,627,-1,703,627,704,-1,704,627,613,-1,597,596,705,-1,705,596,706,-1,705,706,707,-1,708,709,710,-1,710,709,711,-1,710,711,712,-1,712,711,713,-1,712,713,714,-1,714,715,712,-1,712,715,716,-1,712,716,717,-1,718,719,710,-1,710,719,720,-1,710,720,708,-1,721,722,723,-1,723,722,724,-1,724,722,725,-1,724,725,726,-1,726,725,727,-1,726,727,718,-1,718,727,728,-1,718,728,719,-1,729,730,723,-1,723,730,731,-1,723,731,721,-1,732,733,734,-1,733,735,734,-1,734,735,736,-1,734,736,737,-1,737,736,738,-1,737,738,729,-1,729,738,739,-1,729,739,730,-1,740,741,734,-1,732,734,742,-1,742,734,741,-1,742,741,743,-1,707,744,705,-1,705,744,745,-1,705,745,746,-1,746,745,747,-1,740,734,748,-1,748,734,749,-1,748,749,745,-1,745,749,750,-1,745,750,747,-1,751,752,753,-1,586,754,584,-1,584,754,755,-1,584,755,753,-1,753,755,756,-1,753,756,751,-1,752,757,753,-1,753,757,758,-1,753,758,759,-1,758,760,759,-1,759,760,761,-1,759,761,401,-1,401,761,762,-1,401,762,763,-1,763,764,401,-1,401,764,765,-1,401,765,766,-1,766,767,401,-1,401,767,768,-1,401,768,769,-1,770,771,769,-1,769,771,772,-1,769,772,401,-1,401,772,773,-1,773,774,401,-1,401,774,775,-1,401,775,776,-1,776,777,401,-1,401,777,778,-1,401,778,779,-1,779,780,401,-1,401,780,781,-1,401,781,399,-1,399,781,782,-1,399,782,323,-1,323,782,783,-1,323,783,83,-1,83,783,784,-1,83,784,661,-1,785,786,93,-1,93,786,92,-1,785,93,787,-1,787,93,94,-1,787,94,788,-1,95,789,94,-1,94,789,790,-1,94,790,788,-1,791,792,96,-1,96,792,793,-1,96,793,95,-1,95,793,794,-1,95,794,789,-1,791,96,795,-1,795,96,97,-1,795,97,796,-1,796,97,797,-1,797,97,98,-1,797,98,798,-1,798,98,799,-1,799,98,99,-1,799,99,800,-1,100,801,99,-1,99,801,802,-1,99,802,800,-1,803,804,101,-1,101,804,805,-1,101,805,100,-1,100,805,806,-1,100,806,801,-1,803,101,807,-1,807,101,102,-1,807,102,808,-1,808,102,809,-1,809,102,103,-1,809,103,810,-1,810,103,811,-1,811,103,104,-1,811,104,812,-1,105,813,104,-1,104,813,814,-1,104,814,812,-1,815,816,106,-1,106,816,817,-1,106,817,105,-1,105,817,818,-1,105,818,813,-1,815,106,819,-1,819,106,107,-1,819,107,820,-1,820,107,821,-1,821,107,76,-1,821,76,822,-1,822,76,823,-1,823,76,77,-1,823,77,824,-1,824,77,825,-1,825,77,78,-1,825,78,826,-1,826,78,827,-1,827,78,79,-1,827,79,828,-1,829,830,80,-1,80,830,831,-1,80,831,79,-1,79,831,832,-1,79,832,828,-1,568,572,81,-1,81,572,570,-1,81,570,80,-1,80,570,833,-1,80,833,829,-1,540,545,541,-1,541,545,86,-1,541,86,834,-1,834,86,87,-1,88,835,87,-1,87,835,836,-1,87,836,834,-1,837,838,89,-1,89,838,839,-1,89,839,88,-1,88,839,840,-1,88,840,835,-1,837,89,841,-1,841,89,90,-1,841,90,842,-1,842,90,843,-1,843,90,91,-1,843,91,844,-1,786,845,92,-1,92,845,846,-1,92,846,91,-1,91,846,847,-1,91,847,844,-1,824,825,848,-1,826,827,849,-1,832,831,850,-1,830,829,851,-1,570,584,852,-1,753,759,853,-1,401,403,854,-1,148,150,855,-1,152,538,856,-1,541,834,857,-1,836,835,858,-1,840,839,859,-1,837,841,860,-1,842,843,861,-1,847,846,862,-1,845,786,863,-1,785,787,864,-1,790,789,865,-1,794,793,866,-1,791,795,867,-1,796,797,868,-1,798,799,869,-1,802,801,870,-1,806,805,871,-1,803,807,872,-1,808,809,873,-1,810,811,874,-1,814,813,875,-1,818,817,876,-1,815,819,877,-1,820,821,878,-1,879,880,881,-1,881,880,882,-1,883,882,880,-1,883,880,884,-1,884,880,879,-1,884,879,885,-1,886,882,883,-1,886,883,887,-1,887,883,884,-1,887,884,888,-1,888,884,885,-1,888,885,889,-1,890,882,886,-1,890,886,891,-1,891,886,887,-1,891,887,892,-1,892,887,888,-1,892,888,893,-1,893,888,889,-1,893,889,894,-1,895,882,890,-1,895,890,896,-1,896,890,891,-1,896,891,897,-1,897,891,892,-1,897,892,898,-1,898,892,893,-1,898,893,899,-1,899,893,894,-1,899,894,900,-1,901,882,895,-1,901,895,902,-1,902,895,896,-1,902,896,903,-1,903,896,897,-1,903,897,904,-1,904,897,898,-1,904,898,905,-1,905,898,899,-1,905,899,906,-1,906,899,900,-1,906,900,907,-1,908,882,901,-1,908,901,909,-1,909,901,902,-1,909,902,910,-1,910,902,903,-1,910,903,911,-1,911,903,904,-1,911,904,912,-1,912,904,905,-1,912,905,913,-1,913,905,906,-1,913,906,914,-1,914,906,907,-1,914,907,915,-1,916,882,908,-1,916,908,917,-1,917,908,909,-1,917,909,918,-1,918,909,910,-1,918,910,919,-1,919,910,911,-1,919,911,920,-1,920,911,912,-1,920,912,921,-1,921,912,913,-1,921,913,922,-1,922,913,914,-1,922,914,923,-1,923,914,915,-1,923,915,924,-1,821,822,878,-1,878,822,925,-1,878,925,926,-1,926,925,927,-1,926,927,928,-1,819,820,877,-1,877,820,878,-1,877,878,929,-1,929,878,926,-1,929,926,930,-1,930,926,928,-1,930,928,931,-1,816,815,932,-1,932,815,877,-1,932,877,933,-1,933,877,929,-1,933,929,934,-1,934,929,930,-1,934,930,935,-1,935,930,931,-1,935,931,936,-1,817,816,876,-1,876,816,932,-1,876,932,937,-1,937,932,933,-1,937,933,938,-1,938,933,934,-1,938,934,939,-1,939,934,935,-1,939,935,940,-1,940,935,936,-1,940,936,941,-1,813,818,875,-1,875,818,876,-1,875,876,942,-1,942,876,937,-1,942,937,943,-1,943,937,938,-1,943,938,944,-1,944,938,939,-1,944,939,945,-1,945,939,940,-1,945,940,946,-1,946,940,941,-1,946,941,947,-1,812,814,948,-1,948,814,875,-1,948,875,949,-1,949,875,942,-1,949,942,950,-1,950,942,943,-1,950,943,951,-1,951,943,944,-1,951,944,952,-1,952,944,945,-1,952,945,953,-1,953,945,946,-1,953,946,954,-1,954,946,947,-1,954,947,955,-1,811,812,874,-1,874,812,948,-1,874,948,956,-1,956,948,949,-1,956,949,957,-1,957,949,950,-1,957,950,958,-1,958,950,951,-1,958,951,959,-1,959,951,952,-1,959,952,960,-1,960,952,953,-1,960,953,961,-1,961,953,954,-1,961,954,962,-1,962,954,955,-1,962,955,963,-1,809,810,873,-1,873,810,874,-1,873,874,964,-1,964,874,956,-1,964,956,965,-1,965,956,957,-1,965,957,966,-1,966,957,958,-1,966,958,967,-1,967,958,959,-1,967,959,968,-1,968,959,960,-1,968,960,969,-1,969,960,961,-1,969,961,970,-1,970,961,962,-1,970,962,971,-1,971,962,963,-1,971,963,972,-1,807,808,872,-1,872,808,873,-1,872,873,973,-1,973,873,964,-1,973,964,974,-1,974,964,965,-1,974,965,975,-1,975,965,966,-1,975,966,976,-1,976,966,967,-1,976,967,977,-1,977,967,968,-1,977,968,978,-1,978,968,969,-1,978,969,979,-1,979,969,970,-1,979,970,980,-1,980,970,971,-1,980,971,981,-1,981,971,972,-1,981,972,982,-1,804,803,983,-1,983,803,872,-1,983,872,984,-1,984,872,973,-1,984,973,985,-1,985,973,974,-1,985,974,986,-1,986,974,975,-1,986,975,987,-1,987,975,976,-1,987,976,988,-1,988,976,977,-1,988,977,989,-1,989,977,978,-1,989,978,990,-1,990,978,979,-1,990,979,991,-1,991,979,980,-1,991,980,992,-1,992,980,981,-1,992,981,993,-1,993,981,982,-1,805,804,871,-1,871,804,983,-1,871,983,994,-1,994,983,984,-1,994,984,995,-1,995,984,985,-1,995,985,996,-1,996,985,986,-1,996,986,997,-1,997,986,987,-1,997,987,998,-1,998,987,988,-1,998,988,999,-1,999,988,989,-1,999,989,1000,-1,1000,989,990,-1,1000,990,1001,-1,1001,990,991,-1,1001,991,1002,-1,1002,991,992,-1,1002,992,1003,-1,1003,992,993,-1,1003,993,882,-1,982,882,993,-1,927,924,928,-1,928,924,915,-1,928,915,931,-1,931,915,907,-1,931,907,936,-1,936,907,900,-1,936,900,941,-1,941,900,894,-1,941,894,947,-1,947,894,889,-1,947,889,955,-1,955,889,885,-1,955,885,963,-1,963,885,879,-1,963,879,972,-1,972,879,881,-1,972,881,982,-1,982,881,882,-1,801,806,870,-1,870,806,871,-1,870,871,1004,-1,1004,871,994,-1,1004,994,1005,-1,1005,994,995,-1,1005,995,1006,-1,1006,995,996,-1,1006,996,1007,-1,1007,996,997,-1,1007,997,1008,-1,1008,997,998,-1,1008,998,1009,-1,1009,998,999,-1,1009,999,1010,-1,1010,999,1000,-1,1010,1000,1011,-1,1011,1000,1001,-1,1011,1001,1012,-1,1012,1001,1002,-1,1012,1002,1013,-1,1013,1002,1003,-1,1013,1003,882,-1,800,802,1014,-1,1014,802,870,-1,1014,870,1015,-1,1015,870,1004,-1,1015,1004,1016,-1,1016,1004,1005,-1,1016,1005,1017,-1,1017,1005,1006,-1,1017,1006,1018,-1,1018,1006,1007,-1,1018,1007,1019,-1,1019,1007,1008,-1,1019,1008,1020,-1,1020,1008,1009,-1,1020,1009,1021,-1,1021,1009,1010,-1,1021,1010,1022,-1,1022,1010,1011,-1,1022,1011,1023,-1,1023,1011,1012,-1,1023,1012,1024,-1,1024,1012,1013,-1,1024,1013,882,-1,799,800,869,-1,869,800,1014,-1,869,1014,1025,-1,1025,1014,1015,-1,1025,1015,1026,-1,1026,1015,1016,-1,1026,1016,1027,-1,1027,1016,1017,-1,1027,1017,1028,-1,1028,1017,1018,-1,1028,1018,1029,-1,1029,1018,1019,-1,1029,1019,1030,-1,1030,1019,1020,-1,1030,1020,1031,-1,1031,1020,1021,-1,1031,1021,1032,-1,1032,1021,1022,-1,1032,1022,1033,-1,1033,1022,1023,-1,1033,1023,1034,-1,1034,1023,1024,-1,1034,1024,882,-1,797,798,868,-1,868,798,869,-1,868,869,1035,-1,1035,869,1025,-1,1035,1025,1036,-1,1036,1025,1026,-1,1036,1026,1037,-1,1037,1026,1027,-1,1037,1027,1038,-1,1038,1027,1028,-1,1038,1028,1039,-1,1039,1028,1029,-1,1039,1029,1040,-1,1040,1029,1030,-1,1040,1030,1041,-1,1041,1030,1031,-1,1041,1031,1042,-1,1042,1031,1032,-1,1042,1032,1043,-1,1043,1032,1033,-1,1043,1033,1044,-1,1044,1033,1034,-1,1044,1034,882,-1,795,796,867,-1,867,796,868,-1,867,868,1045,-1,1045,868,1035,-1,1045,1035,1046,-1,1046,1035,1036,-1,1046,1036,1047,-1,1047,1036,1037,-1,1047,1037,1048,-1,1048,1037,1038,-1,1048,1038,1049,-1,1049,1038,1039,-1,1049,1039,1050,-1,1050,1039,1040,-1,1050,1040,1051,-1,1051,1040,1041,-1,1051,1041,1052,-1,1052,1041,1042,-1,1052,1042,1053,-1,1053,1042,1043,-1,1053,1043,1054,-1,1054,1043,1044,-1,1054,1044,882,-1,792,791,1055,-1,1055,791,867,-1,1055,867,1056,-1,1056,867,1045,-1,1056,1045,1057,-1,1057,1045,1046,-1,1057,1046,1058,-1,1058,1046,1047,-1,1058,1047,1059,-1,1059,1047,1048,-1,1059,1048,1060,-1,1060,1048,1049,-1,1060,1049,1061,-1,1061,1049,1050,-1,1061,1050,1062,-1,1062,1050,1051,-1,1062,1051,1063,-1,1063,1051,1052,-1,1063,1052,1064,-1,1064,1052,1053,-1,1064,1053,1065,-1,1065,1053,1054,-1,1065,1054,882,-1,793,792,866,-1,866,792,1055,-1,866,1055,1066,-1,1066,1055,1056,-1,1066,1056,1067,-1,1067,1056,1057,-1,1067,1057,1068,-1,1068,1057,1058,-1,1068,1058,1069,-1,1069,1058,1059,-1,1069,1059,1070,-1,1070,1059,1060,-1,1070,1060,1071,-1,1071,1060,1061,-1,1071,1061,1072,-1,1072,1061,1062,-1,1072,1062,1073,-1,1073,1062,1063,-1,1073,1063,1074,-1,1074,1063,1064,-1,1074,1064,1075,-1,1075,1064,1065,-1,1075,1065,882,-1,789,794,865,-1,865,794,866,-1,865,866,1076,-1,1076,866,1066,-1,1076,1066,1077,-1,1077,1066,1067,-1,1077,1067,1078,-1,1078,1067,1068,-1,1078,1068,1079,-1,1079,1068,1069,-1,1079,1069,1080,-1,1080,1069,1070,-1,1080,1070,1081,-1,1081,1070,1071,-1,1081,1071,1082,-1,1082,1071,1072,-1,1082,1072,1083,-1,1083,1072,1073,-1,1083,1073,1084,-1,1084,1073,1074,-1,1084,1074,1085,-1,1085,1074,1075,-1,1085,1075,882,-1,788,790,1086,-1,1086,790,865,-1,1086,865,1087,-1,1087,865,1076,-1,1087,1076,1088,-1,1088,1076,1077,-1,1088,1077,1089,-1,1089,1077,1078,-1,1089,1078,1090,-1,1090,1078,1079,-1,1090,1079,1091,-1,1091,1079,1080,-1,1091,1080,1092,-1,1092,1080,1081,-1,1092,1081,1093,-1,1093,1081,1082,-1,1093,1082,1094,-1,1094,1082,1083,-1,1094,1083,1095,-1,1095,1083,1084,-1,1095,1084,1096,-1,1096,1084,1085,-1,1096,1085,882,-1,787,788,864,-1,864,788,1086,-1,864,1086,1097,-1,1097,1086,1087,-1,1097,1087,1098,-1,1098,1087,1088,-1,1098,1088,1099,-1,1099,1088,1089,-1,1099,1089,1100,-1,1100,1089,1090,-1,1100,1090,1101,-1,1101,1090,1091,-1,1101,1091,1102,-1,1102,1091,1092,-1,1102,1092,1103,-1,1103,1092,1093,-1,1103,1093,1104,-1,1104,1093,1094,-1,1104,1094,1105,-1,1105,1094,1095,-1,1105,1095,1106,-1,1106,1095,1096,-1,1106,1096,882,-1,786,785,863,-1,863,785,864,-1,863,864,1107,-1,1107,864,1097,-1,1107,1097,1108,-1,1108,1097,1098,-1,1108,1098,1109,-1,1109,1098,1099,-1,1109,1099,1110,-1,1110,1099,1100,-1,1110,1100,1111,-1,1111,1100,1101,-1,1111,1101,1112,-1,1112,1101,1102,-1,1112,1102,1113,-1,1113,1102,1103,-1,1113,1103,1114,-1,1114,1103,1104,-1,1114,1104,1115,-1,1115,1104,1105,-1,1115,1105,1116,-1,1116,1105,1106,-1,1116,1106,882,-1,846,845,862,-1,862,845,863,-1,862,863,1117,-1,1117,863,1107,-1,1117,1107,1118,-1,1118,1107,1108,-1,1118,1108,1119,-1,1119,1108,1109,-1,1119,1109,1120,-1,1120,1109,1110,-1,1120,1110,1121,-1,1121,1110,1111,-1,1121,1111,1122,-1,1122,1111,1112,-1,1122,1112,1123,-1,1123,1112,1113,-1,1123,1113,1124,-1,1124,1113,1114,-1,1124,1114,1125,-1,1125,1114,1115,-1,1125,1115,1126,-1,1126,1115,1116,-1,1126,1116,882,-1,844,847,1127,-1,1127,847,862,-1,1127,862,1128,-1,1128,862,1117,-1,1128,1117,1129,-1,1129,1117,1118,-1,1129,1118,1130,-1,1130,1118,1119,-1,1130,1119,1131,-1,1131,1119,1120,-1,1131,1120,1132,-1,1132,1120,1121,-1,1132,1121,1133,-1,1133,1121,1122,-1,1133,1122,1134,-1,1134,1122,1123,-1,1134,1123,1135,-1,1135,1123,1124,-1,1135,1124,1136,-1,1136,1124,1125,-1,1136,1125,1137,-1,1137,1125,1126,-1,1137,1126,882,-1,843,844,861,-1,861,844,1127,-1,861,1127,1138,-1,1138,1127,1128,-1,1138,1128,1139,-1,1139,1128,1129,-1,1139,1129,1140,-1,1140,1129,1130,-1,1140,1130,1141,-1,1141,1130,1131,-1,1141,1131,1142,-1,1142,1131,1132,-1,1142,1132,1143,-1,1143,1132,1133,-1,1143,1133,1144,-1,1144,1133,1134,-1,1144,1134,1145,-1,1145,1134,1135,-1,1145,1135,1146,-1,1146,1135,1136,-1,1146,1136,1147,-1,1147,1136,1137,-1,1147,1137,882,-1,841,842,860,-1,860,842,861,-1,860,861,1148,-1,1148,861,1138,-1,1148,1138,1149,-1,1149,1138,1139,-1,1149,1139,1150,-1,1150,1139,1140,-1,1150,1140,1151,-1,1151,1140,1141,-1,1151,1141,1152,-1,1152,1141,1142,-1,1152,1142,1153,-1,1153,1142,1143,-1,1153,1143,1154,-1,1154,1143,1144,-1,1154,1144,1155,-1,1155,1144,1145,-1,1155,1145,1156,-1,1156,1145,1146,-1,1156,1146,1157,-1,1157,1146,1147,-1,1157,1147,882,-1,838,837,1158,-1,1158,837,860,-1,1158,860,1159,-1,1159,860,1148,-1,1159,1148,1160,-1,1160,1148,1149,-1,1160,1149,1161,-1,1161,1149,1150,-1,1161,1150,1162,-1,1162,1150,1151,-1,1162,1151,1163,-1,1163,1151,1152,-1,1163,1152,1164,-1,1164,1152,1153,-1,1164,1153,1165,-1,1165,1153,1154,-1,1165,1154,1166,-1,1166,1154,1155,-1,1166,1155,1167,-1,1167,1155,1156,-1,1167,1156,1168,-1,1168,1156,1157,-1,1168,1157,882,-1,839,838,859,-1,859,838,1158,-1,859,1158,1169,-1,1169,1158,1159,-1,1169,1159,1170,-1,1170,1159,1160,-1,1170,1160,1171,-1,1171,1160,1161,-1,1171,1161,1172,-1,1172,1161,1162,-1,1172,1162,1173,-1,1173,1162,1163,-1,1173,1163,1174,-1,1174,1163,1164,-1,1174,1164,1175,-1,1175,1164,1165,-1,1175,1165,1176,-1,1176,1165,1166,-1,1176,1166,1177,-1,1177,1166,1167,-1,1177,1167,1178,-1,1178,1167,1168,-1,1178,1168,882,-1,835,840,858,-1,858,840,859,-1,858,859,1179,-1,1179,859,1169,-1,1179,1169,1180,-1,1180,1169,1170,-1,1180,1170,1181,-1,1181,1170,1171,-1,1181,1171,1182,-1,1182,1171,1172,-1,1182,1172,1183,-1,1183,1172,1173,-1,1183,1173,1184,-1,1184,1173,1174,-1,1184,1174,1185,-1,1185,1174,1175,-1,1185,1175,1186,-1,1186,1175,1176,-1,1186,1176,1187,-1,1187,1176,1177,-1,1187,1177,1188,-1,1188,1177,1178,-1,1188,1178,882,-1,834,836,857,-1,857,836,858,-1,857,858,1189,-1,1189,858,1179,-1,1189,1179,1190,-1,1190,1179,1180,-1,1190,1180,1191,-1,1191,1180,1181,-1,1191,1181,1192,-1,1192,1181,1182,-1,1192,1182,1193,-1,1193,1182,1183,-1,1193,1183,1194,-1,1194,1183,1184,-1,1194,1184,1195,-1,1195,1184,1185,-1,1195,1185,1196,-1,1196,1185,1186,-1,1196,1186,1197,-1,1197,1186,1187,-1,1197,1187,1198,-1,1198,1187,1188,-1,1198,1188,882,-1,542,541,1199,-1,1199,541,857,-1,1199,857,1200,-1,1200,857,1189,-1,1200,1189,1201,-1,1201,1189,1190,-1,1201,1190,1202,-1,1202,1190,1191,-1,1202,1191,1203,-1,1203,1191,1192,-1,1203,1192,1204,-1,1204,1192,1193,-1,1204,1193,1205,-1,1205,1193,1194,-1,1205,1194,1206,-1,1206,1194,1195,-1,1206,1195,1207,-1,1207,1195,1196,-1,1207,1196,1208,-1,1208,1196,1197,-1,1208,1197,1209,-1,1209,1197,1198,-1,1209,1198,882,-1,538,542,856,-1,856,542,1199,-1,856,1199,1210,-1,1210,1199,1200,-1,1210,1200,1211,-1,1211,1200,1201,-1,1211,1201,1212,-1,1212,1201,1202,-1,1212,1202,1213,-1,1213,1202,1203,-1,1213,1203,1214,-1,1214,1203,1204,-1,1214,1204,1215,-1,1215,1204,1205,-1,1215,1205,1216,-1,1216,1205,1206,-1,1216,1206,1217,-1,1217,1206,1207,-1,1217,1207,1218,-1,1218,1207,1208,-1,1218,1208,1219,-1,1219,1208,1209,-1,1219,1209,882,-1,150,152,855,-1,855,152,856,-1,855,856,1220,-1,1220,856,1210,-1,1220,1210,1221,-1,1221,1210,1211,-1,1221,1211,1222,-1,1222,1211,1212,-1,1222,1212,1223,-1,1223,1212,1213,-1,1223,1213,1224,-1,1224,1213,1214,-1,1224,1214,1225,-1,1225,1214,1215,-1,1225,1215,1226,-1,1226,1215,1216,-1,1226,1216,1227,-1,1227,1216,1217,-1,1227,1217,1228,-1,1228,1217,1218,-1,1228,1218,1229,-1,1229,1218,1219,-1,1229,1219,882,-1,405,148,1230,-1,1230,148,855,-1,1230,855,1231,-1,1231,855,1220,-1,1231,1220,1232,-1,1232,1220,1221,-1,1232,1221,1233,-1,1233,1221,1222,-1,1233,1222,1234,-1,1234,1222,1223,-1,1234,1223,1235,-1,1235,1223,1224,-1,1235,1224,1236,-1,1236,1224,1225,-1,1236,1225,1237,-1,1237,1225,1226,-1,1237,1226,1238,-1,1238,1226,1227,-1,1238,1227,1239,-1,1239,1227,1228,-1,1239,1228,1240,-1,1240,1228,1229,-1,1240,1229,882,-1,403,405,854,-1,854,405,1230,-1,854,1230,1241,-1,1241,1230,1231,-1,1241,1231,1242,-1,1242,1231,1232,-1,1242,1232,1243,-1,1243,1232,1233,-1,1243,1233,1244,-1,1244,1233,1234,-1,1244,1234,1245,-1,1245,1234,1235,-1,1245,1235,1246,-1,1246,1235,1236,-1,1246,1236,1247,-1,1247,1236,1237,-1,1247,1237,1248,-1,1248,1237,1238,-1,1248,1238,1249,-1,1249,1238,1239,-1,1249,1239,1250,-1,1250,1239,1240,-1,1250,1240,882,-1,759,401,853,-1,853,401,854,-1,853,854,1251,-1,1251,854,1241,-1,1251,1241,1252,-1,1252,1241,1242,-1,1252,1242,1253,-1,1253,1242,1243,-1,1253,1243,1254,-1,1254,1243,1244,-1,1254,1244,1255,-1,1255,1244,1245,-1,1255,1245,1256,-1,1256,1245,1246,-1,1256,1246,1257,-1,1257,1246,1247,-1,1257,1247,1258,-1,1258,1247,1248,-1,1258,1248,1259,-1,1259,1248,1249,-1,1259,1249,1260,-1,1260,1249,1250,-1,1260,1250,882,-1,584,753,852,-1,852,753,853,-1,852,853,1261,-1,1261,853,1251,-1,1261,1251,1262,-1,1262,1251,1252,-1,1262,1252,1263,-1,1263,1252,1253,-1,1263,1253,1264,-1,1264,1253,1254,-1,1264,1254,1265,-1,1265,1254,1255,-1,1265,1255,1266,-1,1266,1255,1256,-1,1266,1256,1267,-1,1267,1256,1257,-1,1267,1257,1268,-1,1268,1257,1258,-1,1268,1258,1269,-1,1269,1258,1259,-1,1269,1259,1270,-1,1270,1259,1260,-1,1270,1260,882,-1,833,570,1271,-1,1271,570,852,-1,1271,852,1272,-1,1272,852,1261,-1,1272,1261,1273,-1,1273,1261,1262,-1,1273,1262,1274,-1,1274,1262,1263,-1,1274,1263,1275,-1,1275,1263,1264,-1,1275,1264,1276,-1,1276,1264,1265,-1,1276,1265,1277,-1,1277,1265,1266,-1,1277,1266,1278,-1,1278,1266,1267,-1,1278,1267,1279,-1,1279,1267,1268,-1,1279,1268,1280,-1,1280,1268,1269,-1,1280,1269,1281,-1,1281,1269,1270,-1,1281,1270,882,-1,829,833,851,-1,851,833,1271,-1,851,1271,1282,-1,1282,1271,1272,-1,1282,1272,1283,-1,1283,1272,1273,-1,1283,1273,1284,-1,1284,1273,1274,-1,1284,1274,1285,-1,1285,1274,1275,-1,1285,1275,1286,-1,1286,1275,1276,-1,1286,1276,1287,-1,1287,1276,1277,-1,1287,1277,1288,-1,1288,1277,1278,-1,1288,1278,1289,-1,1289,1278,1279,-1,1289,1279,1290,-1,1290,1279,1280,-1,1290,1280,1291,-1,1291,1280,1281,-1,1291,1281,882,-1,831,830,850,-1,850,830,851,-1,850,851,1292,-1,1292,851,1282,-1,1292,1282,1293,-1,1293,1282,1283,-1,1293,1283,1294,-1,1294,1283,1284,-1,1294,1284,1295,-1,1295,1284,1285,-1,1295,1285,1296,-1,1296,1285,1286,-1,1296,1286,1297,-1,1297,1286,1287,-1,1297,1287,1298,-1,1298,1287,1288,-1,1298,1288,1299,-1,1299,1288,1289,-1,1299,1289,1300,-1,1300,1289,1290,-1,1300,1290,1301,-1,1301,1290,1291,-1,1301,1291,882,-1,828,832,1302,-1,1302,832,850,-1,1302,850,1303,-1,1303,850,1292,-1,1303,1292,1304,-1,1304,1292,1293,-1,1304,1293,1305,-1,1305,1293,1294,-1,1305,1294,1306,-1,1306,1294,1295,-1,1306,1295,1307,-1,1307,1295,1296,-1,1307,1296,1308,-1,1308,1296,1297,-1,1308,1297,1309,-1,1309,1297,1298,-1,1309,1298,1310,-1,1310,1298,1299,-1,1310,1299,1311,-1,1311,1299,1300,-1,1311,1300,1312,-1,1312,1300,1301,-1,1312,1301,882,-1,827,828,849,-1,849,828,1302,-1,849,1302,1313,-1,1313,1302,1303,-1,1313,1303,1314,-1,1314,1303,1304,-1,1314,1304,1315,-1,1315,1304,1305,-1,1315,1305,1316,-1,1316,1305,1306,-1,1316,1306,1317,-1,1317,1306,1307,-1,1317,1307,1318,-1,1318,1307,1308,-1,1318,1308,1319,-1,1319,1308,1309,-1,1319,1309,1320,-1,1320,1309,1310,-1,1320,1310,1321,-1,1321,1310,1311,-1,1321,1311,1322,-1,1322,1311,1312,-1,1322,1312,882,-1,825,826,848,-1,848,826,849,-1,848,849,1323,-1,1323,849,1313,-1,1323,1313,1324,-1,1324,1313,1314,-1,1324,1314,1325,-1,1325,1314,1315,-1,1325,1315,1326,-1,1326,1315,1316,-1,1326,1316,1327,-1,1327,1316,1317,-1,1327,1317,1328,-1,1328,1317,1318,-1,1328,1318,1329,-1,1329,1318,1319,-1,1329,1319,1330,-1,1330,1319,1320,-1,1330,1320,1331,-1,1331,1320,1321,-1,1331,1321,1332,-1,1332,1321,1322,-1,1332,1322,882,-1,823,824,1333,-1,1333,824,848,-1,1333,848,1334,-1,1334,848,1323,-1,1334,1323,1335,-1,1335,1323,1324,-1,1335,1324,1336,-1,1336,1324,1325,-1,1336,1325,1337,-1,1337,1325,1326,-1,1337,1326,1338,-1,1338,1326,1327,-1,1338,1327,1339,-1,1339,1327,1328,-1,1339,1328,1340,-1,1340,1328,1329,-1,1340,1329,1341,-1,1341,1329,1330,-1,1341,1330,1342,-1,1342,1330,1331,-1,1342,1331,1343,-1,1343,1331,1332,-1,1343,1332,882,-1,822,823,925,-1,925,823,1333,-1,925,1333,927,-1,927,1333,1334,-1,927,1334,924,-1,924,1334,1335,-1,924,1335,923,-1,923,1335,1336,-1,923,1336,922,-1,922,1336,1337,-1,922,1337,921,-1,921,1337,1338,-1,921,1338,920,-1,920,1338,1339,-1,920,1339,919,-1,919,1339,1340,-1,919,1340,918,-1,918,1340,1341,-1,918,1341,917,-1,917,1341,1342,-1,917,1342,916,-1,916,1342,1343,-1,916,1343,882,-1,
        ]
    }
}
Shape{
    appearance Appearance {
        material  Material 	{
            diffuseColor 0.8509803921568627 0.8509803921568627 0.8509803921568627
            specularColor 0.4235294117647059 0.4235294117647059 0.4235294117647059
            ambientIntensity 0.2
            transparency 0
            shininess 0.5
        }
    }
    geometry IndexedFaceSet {
        ccw TRUE
        solid FALSE
        coord DEF co Coordinate {
            point [
                -0.1614 -0.0984 -0.4724, -0.1614 0.0984 -0.4724, -0.1614 -0.0984 0.0, -0.1614 0.0984 0.0, -0.4114 -0.0984 -0.4724, -0.4114 0.0984 -0.4724, -0.4114 -0.0984 -1.8504, -0.4114 0.0984 -1.8504, -0.5886 -0.0984 -1.8504, -0.5886 0.0984 -1.8504, -0.5886 -0.0984 -0.374, -0.5886 0.0984 -0.374, -0.3386 -0.0984 -0.0, -0.3386 0.0984 0.0, 0.3386 -0.0984 -0.1094, 0.3386 0.0984 -0.1094, 0.3386 -0.0984 0.0, 0.3386 0.0984 -0.0, 0.5 -0.0984 -0.1094, 0.5 0.0984 -0.1094, 0.5886 -0.0984 -0.374, 0.5886 0.0984 -0.374, 0.5886 -0.0984 -2.4409, 0.5886 0.0984 -2.4409, 0.4114 -0.0984 -2.4409, 0.4114 0.0984 -2.4409, 0.4114 -0.0984 -0.4724, 0.4114 0.0984 -0.4724, 0.1614 -0.0984 -0.4724, 0.1614 0.0984 -0.4724, 0.1614 -0.0984 -0.0, 0.1614 0.0984 -0.0, 0.1614 0.0984 -0.0
            ]
        }
        coordIndex [
            0,1,2,-1,2,1,3,-1,4,5,0,-1,0,5,1,-1,6,7,4,-1,4,7,5,-1,8,9,6,-1,6,9,7,-1,10,11,8,-1,8,11,9,-1,12,13,10,-1,10,13,11,-1,1,5,3,-1,3,5,13,-1,7,9,5,-1,5,9,11,-1,5,11,13,-1,4,0,2,-1,8,6,10,-1,10,6,4,-1,10,4,12,-1,12,4,2,-1,14,15,16,-1,16,15,17,-1,18,19,14,-1,14,19,15,-1,20,21,18,-1,18,21,19,-1,22,23,20,-1,20,23,21,-1,24,25,22,-1,22,25,23,-1,26,27,24,-1,24,27,25,-1,28,29,26,-1,26,29,27,-1,30,31,28,-1,28,31,29,-1,23,25,21,-1,21,25,27,-1,31,17,29,-1,29,17,15,-1,29,15,27,-1,27,15,19,-1,27,19,21,-1,14,16,30,-1,24,22,26,-1,26,22,20,-1,20,18,26,-1,26,18,14,-1,26,14,28,-1,28,14,30,-1,
        ]
    }
}
Shape{
    appearance Appearance {
        material  Material 	{
            diffuseColor 0.0 0.0 0.0
            specularColor 0.0 0.0 0.0
            ambientIntensity 0.2
            transparency 0
            shininess 0.5
        }
    }
    geometry IndexedFaceSet {
        ccw TRUE
        solid FALSE
        coord DEF co Coordinate {
            point [
                -0.0739 -0.5661 0.8197, -0.0744 -0.57 0.8197, -0.0739 -0.5661 0.7843, -0.0744 -0.57 0.7843, -0.079 -0.5654 0.8197, -0.0795 -0.5693 0.8197, -0.079 -0.5654 0.7797, -0.0795 -0.5693 0.7797, -0.058 -0.5679 0.7797, -0.0584 -0.5718 0.7797, -0.058 -0.5679 0.7843, -0.0584 -0.5718 0.7843, -0.0368 -0.5697 0.7836, -0.0371 -0.5736 0.7836, -0.0344 -0.5698 0.784, -0.0346 -0.5738 0.784, -0.0314 -0.57 0.7844, -0.0316 -0.5739 0.7844, -0.0304 -0.5701 0.7848, -0.0306 -0.574 0.7848, -0.0265 -0.5703 0.7863, -0.0267 -0.5742 0.7863, -0.0471 -0.5689 0.7879, -0.0474 -0.5728 0.7879, -0.0458 -0.569 0.7867, -0.0458 -0.573 0.7867, -0.0404 -0.5734 0.7841, -0.0402 -0.5695 0.784, -0.0415 -0.5733 0.7842, -0.0409 -0.5694 0.7841, -0.0424 -0.5732 0.7846, -0.0421 -0.5693 0.7846, -0.0439 -0.5731 0.7852, -0.0434 -0.5692 0.7851, -0.0441 -0.5731 0.7854, -0.0438 -0.5692 0.7854, -0.0456 -0.569 0.7866, -0.051 -0.5686 0.7993, -0.0513 -0.5725 0.7993, -0.0506 -0.5686 0.7952, -0.0509 -0.5725 0.7952, -0.0505 -0.5686 0.7945, -0.0508 -0.5726 0.7945, -0.0499 -0.5687 0.7928, -0.0502 -0.5726 0.7928, -0.0494 -0.5687 0.7914, -0.0498 -0.5726 0.7915, -0.049 -0.5688 0.7907, -0.0493 -0.5727 0.7907, -0.0468 -0.5689 0.8113, -0.0471 -0.5729 0.8113, -0.0482 -0.5688 0.8093, -0.0485 -0.5727 0.8093, -0.0486 -0.5688 0.8087, -0.0489 -0.5727 0.8088, -0.0495 -0.5687 0.8066, -0.0498 -0.5726 0.8066, -0.0502 -0.5687 0.8049, -0.0505 -0.5726 0.8049, -0.0504 -0.5686 0.8034, -0.0507 -0.5726 0.8034, -0.0359 -0.5697 0.8158, -0.0362 -0.5737 0.8158, -0.0394 -0.5695 0.8152, -0.0397 -0.5734 0.8152, -0.0404 -0.5694 0.815, -0.0407 -0.5734 0.815, -0.0421 -0.5693 0.8143, -0.0424 -0.5732 0.8143, -0.0439 -0.5692 0.8135, -0.0442 -0.5731 0.8135, -0.0446 -0.5691 0.813, -0.0449 -0.573 0.813, -0.0265 -0.5703 0.8134, -0.0267 -0.5742 0.8134, -0.0282 -0.5702 0.814, -0.0284 -0.5741 0.814, -0.0303 -0.5701 0.8149, -0.0312 -0.574 0.8151, -0.0317 -0.57 0.8151, -0.032 -0.5739 0.8152, -0.0265 -0.5703 0.8188, -0.0267 -0.5742 0.8188, -0.036 -0.5697 0.8204, -0.0362 -0.5737 0.8204, -0.0318 -0.57 0.8201, -0.032 -0.5739 0.8201, -0.0309 -0.57 0.8199, -0.0311 -0.574 0.8199, -0.0506 -0.5686 0.8145, -0.051 -0.5725 0.8145, -0.0476 -0.5689 0.8168, -0.0479 -0.5728 0.8168, -0.0464 -0.569 0.8177, -0.0467 -0.5729 0.8177, -0.0441 -0.5692 0.8186, -0.0444 -0.5731 0.8186, -0.0418 -0.5693 0.8195, -0.0421 -0.5733 0.8195, -0.0404 -0.5694 0.8198, -0.0407 -0.5734 0.8198, -0.0564 -0.5681 0.799, -0.0568 -0.572 0.799, -0.0563 -0.5681 0.7995, -0.0567 -0.572 0.7995, -0.0557 -0.5681 0.8049, -0.056 -0.5721 0.8048, -0.0555 -0.5682 0.806, -0.0558 -0.5721 0.8061, -0.0547 -0.5682 0.8081, -0.055 -0.5722 0.8081, -0.0539 -0.5683 0.81, -0.0541 -0.5722 0.8103, -0.0532 -0.5684 0.811, -0.0536 -0.5723 0.811, -0.0513 -0.5686 0.7845, -0.0516 -0.5725 0.7845, -0.0537 -0.5683 0.7881, -0.0541 -0.5722 0.7881, -0.0542 -0.5683 0.7887, -0.0544 -0.5722 0.7885, -0.055 -0.5682 0.7908, -0.0554 -0.5721 0.7908, -0.0557 -0.5681 0.7926, -0.0559 -0.5721 0.7921, -0.0558 -0.5681 0.7938, -0.0561 -0.5721 0.7938, -0.0376 -0.5696 0.779, -0.0378 -0.5736 0.779, -0.0381 -0.5696 0.7791, -0.0384 -0.5735 0.7791, -0.0423 -0.5693 0.7797, -0.0425 -0.5732 0.7797, -0.0435 -0.5692 0.7799, -0.0438 -0.5731 0.7799, -0.0456 -0.569 0.7808, -0.0459 -0.573 0.7808, -0.0478 -0.5689 0.7818, -0.0481 -0.5728 0.7818, -0.0486 -0.5688 0.7825, -0.049 -0.5727 0.7825, -0.0278 -0.5702 0.7809, -0.0265 -0.5703 0.7814, -0.0267 -0.5742 0.7814, -0.0319 -0.5739 0.7798, -0.0309 -0.57 0.7798, -0.0301 -0.574 0.7801, -0.028 -0.5741 0.7809, -0.0317 -0.57 0.7797, -0.0133 -0.5707 0.7977, -0.0134 -0.5746 0.7977, -0.0133 -0.5707 0.7843, -0.0134 -0.5746 0.7843, 0.001 -0.5748 0.7977, 0.0 -0.5709 0.7977, 0.001 -0.5709 0.7977, 0.001 -0.5709 0.8023, 0.001 -0.5748 0.8023, -0.0133 -0.5707 0.8023, -0.0134 -0.5746 0.8023, 0.0 -0.5709 0.8023, -0.0133 -0.5707 0.8151, -0.0134 -0.5746 0.8151, 0.0021 -0.5748 0.8151, 0.0 -0.5709 0.8151, 0.0021 -0.5709 0.8151, 0.0021 -0.5709 0.8197, 0.0021 -0.5748 0.8197, -0.0185 -0.5706 0.8197, -0.0186 -0.5745 0.8197, 0.0 -0.5709 0.8197, -0.0185 -0.5706 0.7797, -0.0186 -0.5745 0.7797, 0.0031 -0.5748 0.7797, 0.0 -0.5709 0.7797, 0.003 -0.5709 0.7797, 0.003 -0.5709 0.7843, 0.0031 -0.5748 0.7843, 0.0 -0.5709 0.7843, 0.0222 -0.5744 0.8197, 0.022 -0.5704 0.8197, 0.0107 -0.5747 0.8197, 0.0106 -0.5708 0.8197, 0.0255 -0.5703 0.8194, 0.0256 -0.5742 0.8194, 0.0269 -0.5702 0.8192, 0.0271 -0.5742 0.8192, 0.0297 -0.5701 0.8183, 0.0299 -0.574 0.8183, 0.0324 -0.5699 0.8174, 0.0327 -0.5739 0.8174, 0.0337 -0.5699 0.8166, 0.0339 -0.5738 0.8166, 0.0371 -0.5697 0.8144, 0.0374 -0.5736 0.8144, 0.0387 -0.5696 0.8128, 0.0389 -0.5735 0.8129, 0.039 -0.5695 0.8125, 0.0392 -0.5735 0.8125, 0.0407 -0.5694 0.8101, 0.0409 -0.5733 0.8101, 0.0411 -0.5694 0.8095, 0.0412 -0.5733 0.8097, 0.0418 -0.5693 0.8077, 0.0421 -0.5733 0.8077, 0.0424 -0.5693 0.806, 0.0426 -0.5732 0.8065, 0.0426 -0.5693 0.8049, 0.0428 -0.5732 0.8049, 0.0432 -0.5692 0.8002, 0.0435 -0.5732 0.8002, 0.0431 -0.5692 0.7984, 0.0432 -0.5732 0.7985, 0.0431 -0.5692 0.7984, 0.0426 -0.5732 0.7942, 0.0374 -0.5736 0.7853, 0.0371 -0.5697 0.7853, 0.04 -0.5734 0.7887, 0.0398 -0.5695 0.7886, 0.041 -0.5733 0.79, 0.0405 -0.5694 0.7895, 0.0415 -0.5733 0.7912, 0.0413 -0.5694 0.7912, 0.0425 -0.5732 0.7936, 0.0421 -0.5693 0.7931, 0.0423 -0.5693 0.7942, 0.0346 -0.5698 0.7836, 0.0348 -0.5737 0.7836, 0.033 -0.5699 0.7825, 0.0333 -0.5738 0.7825, 0.0312 -0.57 0.7818, 0.0314 -0.5739 0.7818, 0.028 -0.5702 0.7806, 0.0282 -0.5741 0.7806, 0.0272 -0.5702 0.7805, 0.0274 -0.5741 0.7805, 0.0216 -0.5705 0.7797, 0.0218 -0.5744 0.7797, 0.0107 -0.5747 0.7797, 0.0106 -0.5708 0.7797, 0.0336 -0.5738 0.8114, 0.0309 -0.574 0.8129, 0.03 -0.574 0.8135, 0.0281 -0.5741 0.8141, 0.0259 -0.5742 0.8147, 0.0247 -0.5743 0.8149, 0.022 -0.5744 0.8151, 0.0159 -0.5746 0.8151, 0.0159 -0.5746 0.7843, 0.0217 -0.5744 0.7843, 0.0259 -0.5742 0.7849, 0.0274 -0.5741 0.7851, 0.029 -0.5741 0.7858, 0.0311 -0.574 0.7866, 0.0316 -0.5739 0.787, 0.0337 -0.5738 0.7884, 0.0353 -0.5737 0.7907, 0.0359 -0.5737 0.7915, 0.0365 -0.5736 0.7931, 0.0373 -0.5736 0.7949, 0.0341 -0.5738 0.8109, 0.0342 -0.5738 0.8107, 0.0356 -0.5737 0.8088, 0.0367 -0.5736 0.8065, 0.0361 -0.5737 0.8081, 0.0374 -0.5736 0.796, 0.038 -0.5735 0.8001, 0.0375 -0.5736 0.8038, 0.0373 -0.5736 0.8048, 0.0216 -0.5705 0.7843, 0.0158 -0.5706 0.7843, 0.0335 -0.5699 0.7884, 0.0314 -0.57 0.787, 0.031 -0.57 0.7867, 0.0288 -0.5701 0.7858, 0.0272 -0.5702 0.7851, 0.0257 -0.5703 0.7849, 0.0377 -0.5696 0.8001, 0.0372 -0.5697 0.796, 0.037 -0.5697 0.795, 0.0363 -0.5697 0.7931, 0.0355 -0.5698 0.7913, 0.0351 -0.5698 0.7907, 0.0334 -0.5699 0.8114, 0.0338 -0.5699 0.8108, 0.0343 -0.5698 0.8103, 0.0353 -0.5698 0.8088, 0.0359 -0.5697 0.8079, 0.0364 -0.5697 0.8065, 0.0371 -0.5697 0.8048, 0.0372 -0.5697 0.8038, 0.0218 -0.5704 0.8151, 0.0245 -0.5703 0.8148, 0.0258 -0.5703 0.8147, 0.0279 -0.5702 0.8141, 0.0298 -0.5701 0.8135, 0.0307 -0.57 0.8129, 0.0158 -0.5706 0.8151, 0.0158 -0.5706 0.8151
            ]
        }
        coordIndex [
            0,1,2,-1,2,1,3,-1,4,5,0,-1,0,5,1,-1,6,7,4,-1,4,7,5,-1,8,9,6,-1,6,9,7,-1,10,11,8,-1,8,11,9,-1,3,11,2,-1,2,11,10,-1,1,5,3,-1,3,5,7,-1,3,7,11,-1,11,7,9,-1,12,13,14,-1,14,13,15,-1,14,15,16,-1,16,15,17,-1,16,17,18,-1,18,17,19,-1,18,19,20,-1,20,19,21,-1,22,23,24,-1,24,23,25,-1,13,12,26,-1,26,12,27,-1,26,27,28,-1,28,27,29,-1,28,29,30,-1,30,29,31,-1,30,31,32,-1,32,31,33,-1,32,33,34,-1,34,33,35,-1,34,35,25,-1,25,35,36,-1,25,36,24,-1,37,38,39,-1,39,38,40,-1,39,40,41,-1,41,40,42,-1,41,42,43,-1,43,42,44,-1,43,44,45,-1,45,44,46,-1,45,46,47,-1,47,46,48,-1,47,48,22,-1,22,48,23,-1,49,50,51,-1,51,50,52,-1,51,52,53,-1,53,52,54,-1,53,54,55,-1,55,54,56,-1,55,56,57,-1,57,56,58,-1,57,58,59,-1,59,58,60,-1,59,60,37,-1,37,60,38,-1,61,62,63,-1,63,62,64,-1,63,64,65,-1,65,64,66,-1,65,66,67,-1,67,66,68,-1,67,68,69,-1,69,68,70,-1,69,70,71,-1,71,70,72,-1,71,72,49,-1,49,72,50,-1,73,74,75,-1,75,74,76,-1,75,76,77,-1,77,76,78,-1,77,78,79,-1,79,78,80,-1,79,80,61,-1,61,80,62,-1,81,82,73,-1,73,82,74,-1,83,84,85,-1,85,84,86,-1,85,86,87,-1,87,86,88,-1,87,88,81,-1,81,88,82,-1,89,90,91,-1,91,90,92,-1,91,92,93,-1,93,92,94,-1,93,94,95,-1,95,94,96,-1,95,96,97,-1,97,96,98,-1,97,98,99,-1,99,98,100,-1,99,100,83,-1,83,100,84,-1,101,102,103,-1,103,102,104,-1,103,104,105,-1,105,104,106,-1,105,106,107,-1,107,106,108,-1,107,108,109,-1,109,108,110,-1,109,110,111,-1,111,110,112,-1,111,112,113,-1,113,112,114,-1,113,114,89,-1,89,114,90,-1,115,116,117,-1,117,116,118,-1,117,118,119,-1,119,118,120,-1,119,120,121,-1,121,120,122,-1,121,122,123,-1,123,122,124,-1,123,124,125,-1,125,124,126,-1,125,126,101,-1,101,126,102,-1,127,128,129,-1,129,128,130,-1,129,130,131,-1,131,130,132,-1,131,132,133,-1,133,132,134,-1,133,134,135,-1,135,134,136,-1,135,136,137,-1,137,136,138,-1,137,138,139,-1,139,138,140,-1,139,140,115,-1,115,140,116,-1,141,142,143,-1,144,145,146,-1,146,145,141,-1,146,141,147,-1,147,141,143,-1,128,127,144,-1,144,127,148,-1,144,148,145,-1,21,143,20,-1,20,143,142,-1,143,21,147,-1,147,21,19,-1,147,19,146,-1,146,19,17,-1,146,17,144,-1,144,17,15,-1,144,15,128,-1,128,15,13,-1,128,13,130,-1,130,13,26,-1,130,26,132,-1,132,26,28,-1,132,28,134,-1,134,28,30,-1,134,30,136,-1,136,30,32,-1,136,32,138,-1,138,32,34,-1,138,34,140,-1,140,34,25,-1,140,25,116,-1,25,23,116,-1,116,23,48,-1,116,48,118,-1,118,48,46,-1,118,46,120,-1,120,46,122,-1,122,46,44,-1,122,44,124,-1,124,44,42,-1,124,42,126,-1,126,42,40,-1,126,40,102,-1,102,40,38,-1,102,38,104,-1,104,38,106,-1,106,38,60,-1,106,60,108,-1,108,60,58,-1,108,58,110,-1,110,58,56,-1,110,56,112,-1,112,56,54,-1,112,54,114,-1,114,54,52,-1,114,52,90,-1,90,52,50,-1,90,50,92,-1,92,50,72,-1,92,72,94,-1,94,72,70,-1,94,70,96,-1,96,70,68,-1,96,68,98,-1,98,68,66,-1,98,66,100,-1,100,66,64,-1,100,64,84,-1,84,64,62,-1,84,62,86,-1,86,62,80,-1,86,80,88,-1,74,82,76,-1,76,82,88,-1,76,88,78,-1,78,88,80,-1,149,150,151,-1,151,150,152,-1,150,149,153,-1,153,149,154,-1,153,154,155,-1,156,157,155,-1,155,157,153,-1,158,159,160,-1,160,159,157,-1,160,157,156,-1,161,162,158,-1,158,162,159,-1,162,161,163,-1,163,161,164,-1,163,164,165,-1,166,167,165,-1,165,167,163,-1,168,169,170,-1,170,169,167,-1,170,167,166,-1,171,172,168,-1,168,172,169,-1,172,171,173,-1,173,171,174,-1,173,174,175,-1,176,177,175,-1,175,177,173,-1,151,152,178,-1,178,152,177,-1,178,177,176,-1,172,173,177,-1,177,152,172,-1,172,152,150,-1,172,150,169,-1,163,167,162,-1,162,167,169,-1,162,169,159,-1,159,169,150,-1,159,150,157,-1,157,150,153,-1,179,180,181,-1,181,180,182,-1,180,179,183,-1,183,179,184,-1,183,184,185,-1,185,184,186,-1,185,186,187,-1,187,186,188,-1,187,188,189,-1,189,188,190,-1,189,190,191,-1,191,190,192,-1,191,192,193,-1,193,192,194,-1,193,194,195,-1,195,194,196,-1,195,196,197,-1,197,196,198,-1,197,198,199,-1,199,198,200,-1,199,200,201,-1,201,200,202,-1,201,202,203,-1,203,202,204,-1,203,204,205,-1,205,204,206,-1,205,206,207,-1,207,206,208,-1,207,208,209,-1,209,208,210,-1,209,210,211,-1,211,210,212,-1,211,212,213,-1,213,212,214,-1,215,216,217,-1,217,216,218,-1,217,218,219,-1,219,218,220,-1,219,220,221,-1,221,220,222,-1,221,222,223,-1,223,222,224,-1,223,224,214,-1,214,224,225,-1,214,225,213,-1,216,215,226,-1,226,215,227,-1,226,227,228,-1,228,227,229,-1,228,229,230,-1,230,229,231,-1,230,231,232,-1,232,231,233,-1,232,233,234,-1,234,233,235,-1,234,235,236,-1,236,235,237,-1,238,239,237,-1,237,239,236,-1,182,239,181,-1,181,239,238,-1,240,194,241,-1,241,194,192,-1,241,192,242,-1,242,192,190,-1,242,190,243,-1,243,190,188,-1,243,188,244,-1,244,188,186,-1,244,186,245,-1,245,186,184,-1,245,184,246,-1,246,184,179,-1,246,179,247,-1,247,179,181,-1,247,181,248,-1,248,181,238,-1,248,238,249,-1,249,238,237,-1,249,237,250,-1,250,237,235,-1,250,235,251,-1,251,235,233,-1,251,233,252,-1,252,233,231,-1,252,231,253,-1,253,231,229,-1,253,229,254,-1,254,229,227,-1,254,227,255,-1,255,227,215,-1,255,215,256,-1,256,215,217,-1,256,217,257,-1,257,217,219,-1,257,219,258,-1,258,219,221,-1,258,221,259,-1,240,260,194,-1,194,260,261,-1,194,261,196,-1,196,261,262,-1,263,202,264,-1,264,202,200,-1,264,200,262,-1,262,200,198,-1,262,198,196,-1,221,223,259,-1,259,223,214,-1,259,214,265,-1,265,214,212,-1,265,212,266,-1,266,212,210,-1,266,210,267,-1,267,210,208,-1,267,208,268,-1,268,208,206,-1,268,206,263,-1,263,206,204,-1,263,204,202,-1,249,269,248,-1,248,269,270,-1,255,271,254,-1,254,271,272,-1,254,272,253,-1,253,272,273,-1,253,273,252,-1,252,273,274,-1,252,274,251,-1,251,274,275,-1,251,275,250,-1,250,275,276,-1,250,276,249,-1,249,276,269,-1,266,277,265,-1,265,277,278,-1,265,278,259,-1,259,278,279,-1,259,279,258,-1,258,279,280,-1,258,280,257,-1,257,280,281,-1,257,281,256,-1,256,281,282,-1,256,282,255,-1,255,282,271,-1,240,283,260,-1,260,283,284,-1,260,284,261,-1,261,284,285,-1,261,285,262,-1,262,285,286,-1,262,286,264,-1,264,286,287,-1,264,287,263,-1,263,287,288,-1,263,288,268,-1,268,288,289,-1,268,289,267,-1,267,289,290,-1,267,290,266,-1,266,290,277,-1,246,291,245,-1,245,291,292,-1,245,292,244,-1,244,292,293,-1,244,293,243,-1,243,293,294,-1,243,294,242,-1,242,294,295,-1,242,295,241,-1,241,295,296,-1,241,296,240,-1,240,296,283,-1,247,297,246,-1,246,297,291,-1,247,248,297,-1,297,248,270,-1,
        ]
    }
}
Shape{
    appearance Appearance {
        material  Material 	{
            diffuseColor 0.29411764705882354 1.0 0.615686274509804
            specularColor 0.14901960784313725 0.5019607843137255 0.3058823529411765
            ambientIntensity 0.2
            transparency 0
            shininess 0.5
        }
    }
    geometry IndexedFaceSet {
        ccw TRUE
        solid FALSE
        coord DEF co Coordinate {
            point [
                0.0314 -0.57 0.787, 0.0335 -0.5699 0.7884, 0.0351 -0.5698 0.7907, 0.0216 -0.5705 0.7843, 0.0257 -0.5703 0.7849, 0.031 -0.57 0.7867, 0.0288 -0.5701 0.7858, 0.0272 -0.5702 0.7851, 0.0158 -0.5706 0.7843, 0.0355 -0.5698 0.7913, 0.0363 -0.5697 0.7931, 0.037 -0.5697 0.795, 0.0372 -0.5697 0.796, 0.0377 -0.5696 0.8001, 0.0372 -0.5697 0.8038, 0.0371 -0.5697 0.8048, 0.0364 -0.5697 0.8065, 0.0359 -0.5697 0.8079, 0.0353 -0.5698 0.8088, 0.0343 -0.5698 0.8103, 0.0338 -0.5699 0.8108, 0.0334 -0.5699 0.8114, 0.0307 -0.57 0.8129, 0.0298 -0.5701 0.8135, 0.0279 -0.5702 0.8141, 0.0258 -0.5703 0.8147, 0.0245 -0.5703 0.8148, 0.0218 -0.5704 0.8151, 0.0158 -0.5706 0.8151, 0.0158 -0.5706 0.8151
            ]
        }
        coordIndex [
            0,1,2,-1,3,4,2,-1,5,0,6,-1,6,0,2,-1,6,2,7,-1,7,2,4,-1,3,2,8,-1,8,2,9,-1,8,9,10,-1,10,11,8,-1,8,11,12,-1,8,12,13,-1,13,14,8,-1,8,14,15,-1,8,15,16,-1,16,17,8,-1,8,17,18,-1,8,18,19,-1,19,20,8,-1,8,20,21,-1,8,21,22,-1,22,23,8,-1,8,23,24,-1,8,24,25,-1,25,26,8,-1,8,26,27,-1,8,27,28,-1,
        ]
    }
}
Shape{
    appearance Appearance {
        material  Material 	{
            diffuseColor 0.0 0.0 0.0
            specularColor 0.0 0.0 0.0
            ambientIntensity 0.2
            transparency 0
            shininess 0.5
        }
    }
    geometry IndexedFaceSet {
        ccw TRUE
        solid FALSE
        coord DEF co Coordinate {
            point [
                0.0454 -0.5691 0.7797, 0.0457 -0.573 0.7797, 0.053 -0.5684 0.7997, 0.061 -0.5716 0.8197, 0.0606 -0.5676 0.8197, 0.0511 -0.5686 0.7797, 0.0514 -0.5725 0.7797, 0.0549 -0.5682 0.7907, 0.0553 -0.5721 0.7907, 0.0715 -0.5664 0.7907, 0.072 -0.5703 0.7907, 0.0755 -0.5658 0.7797, 0.076 -0.5698 0.7797, 0.0812 -0.5651 0.7797, 0.0817 -0.569 0.7797, 0.066 -0.567 0.8197, 0.0665 -0.5709 0.8197, 0.0736 -0.5661 0.7997, 0.0704 -0.5705 0.7952, 0.0569 -0.572 0.7952, 0.0599 -0.5717 0.8035, 0.0629 -0.5714 0.8118, 0.0637 -0.5713 0.8146, 0.0643 -0.5712 0.8118, 0.0673 -0.5708 0.8035, 0.0625 -0.5674 0.8118, 0.0632 -0.5674 0.8146, 0.0639 -0.5673 0.8118, 0.0699 -0.5666 0.7952, 0.0565 -0.5681 0.7952, 0.0565 -0.5681 0.7952
            ]
        }
        coordIndex [
            0,1,2,-1,2,1,3,-1,2,3,4,-1,5,6,0,-1,0,6,1,-1,7,8,5,-1,5,8,6,-1,9,10,7,-1,7,10,8,-1,11,12,9,-1,9,12,10,-1,13,14,11,-1,11,14,12,-1,15,16,17,-1,17,16,14,-1,17,14,13,-1,3,16,4,-1,4,16,15,-1,1,6,8,-1,10,18,8,-1,8,18,19,-1,8,19,1,-1,1,19,20,-1,1,20,3,-1,20,21,3,-1,3,21,22,-1,3,22,16,-1,16,22,23,-1,23,24,16,-1,16,24,18,-1,16,18,14,-1,14,18,10,-1,14,10,12,-1,21,25,22,-1,22,25,26,-1,22,26,23,-1,23,26,27,-1,28,18,27,-1,27,18,24,-1,27,24,23,-1,29,19,28,-1,28,19,18,-1,25,21,29,-1,29,21,20,-1,29,20,19,-1,
        ]
    }
}
Shape{
    appearance Appearance {
        material  Material 	{
            diffuseColor 0.29411764705882354 1.0 0.615686274509804
            specularColor 0.14901960784313725 0.5019607843137255 0.3058823529411765
            ambientIntensity 0.2
            transparency 0
            shininess 0.5
        }
    }
    geometry IndexedFaceSet {
        ccw TRUE
        solid FALSE
        coord DEF co Coordinate {
            point [
                0.0565 -0.5681 0.7952, 0.0699 -0.5666 0.7952, 0.0625 -0.5674 0.8118, 0.0639 -0.5673 0.8118, 0.0632 -0.5674 0.8146, 0.0632 -0.5674 0.8146
            ]
        }
        coordIndex [
            0,1,2,-1,2,1,3,-1,2,3,4,-1,
        ]
    }
}
Shape{
    appearance Appearance {
        material  Material 	{
            diffuseColor 0.0 0.0 0.0
            specularColor 0.0 0.0 0.0
            ambientIntensity 0.2
            transparency 0
            shininess 0.5
        }
    }
    geometry IndexedFaceSet {
        ccw TRUE
        solid FALSE
        coord DEF co Coordinate {
            point [
                -0.0739 -0.5661 0.7342, -0.0744 -0.57 0.7342, -0.0739 -0.5661 0.7208, -0.0744 -0.57 0.7208, -0.0596 -0.5677 0.7342, -0.06 -0.5717 0.7342, -0.0596 -0.5677 0.7388, -0.06 -0.5717 0.7388, -0.0739 -0.5661 0.7388, -0.0744 -0.57 0.7388, -0.0739 -0.5661 0.7516, -0.0744 -0.57 0.7516, -0.0585 -0.5679 0.7516, -0.0589 -0.5718 0.7516, -0.0585 -0.5679 0.7562, -0.0589 -0.5718 0.7562, -0.079 -0.5654 0.7562, -0.0795 -0.5693 0.7562, -0.079 -0.5654 0.7162, -0.0795 -0.5693 0.7162, -0.0576 -0.568 0.7162, -0.058 -0.5719 0.7162, -0.0576 -0.568 0.7208, -0.058 -0.5719 0.7208, -0.0407 -0.5694 0.7414, -0.041 -0.5733 0.7414, -0.0415 -0.5694 0.7413, -0.0418 -0.5733 0.7413, -0.0427 -0.5693 0.7412, -0.0427 -0.5732 0.7412, -0.0444 -0.5691 0.7406, -0.0447 -0.5731 0.7406, -0.0463 -0.569 0.7401, -0.0466 -0.5729 0.7401, -0.0471 -0.5689 0.7396, -0.0475 -0.5728 0.7396, -0.05 -0.5687 0.7379, -0.0504 -0.5726 0.7379, -0.0349 -0.5698 0.7344, -0.0352 -0.5737 0.7344, -0.0352 -0.5737 0.7355, -0.0351 -0.5698 0.736, -0.0353 -0.5737 0.736, -0.0351 -0.5698 0.7364, -0.0357 -0.5737 0.7377, -0.0354 -0.5698 0.7377, -0.0356 -0.5698 0.7383, -0.0357 -0.5737 0.738, -0.0358 -0.5697 0.7387, -0.0361 -0.5737 0.7387, -0.036 -0.5697 0.7392, -0.0363 -0.5737 0.7391, -0.0362 -0.5697 0.7394, -0.0369 -0.5736 0.7399, -0.0366 -0.5697 0.7399, -0.0368 -0.5736 0.7398, -0.0365 -0.5736 0.7394, -0.0393 -0.5735 0.7411, -0.039 -0.5695 0.7411, -0.0389 -0.5735 0.741, -0.0387 -0.5696 0.741, -0.0382 -0.5735 0.7407, -0.038 -0.5696 0.7407, -0.0376 -0.5736 0.7405, -0.0375 -0.5696 0.7405, -0.0375 -0.5736 0.7403, -0.0372 -0.5697 0.7404, -0.0367 -0.5697 0.74, -0.0434 -0.5692 0.7332, -0.0437 -0.5731 0.7332, -0.0391 -0.5695 0.7338, -0.0528 -0.5684 0.7239, -0.0532 -0.5723 0.7239, -0.0525 -0.5685 0.7262, -0.0528 -0.5724 0.7262, -0.0524 -0.5685 0.7267, -0.0527 -0.5724 0.7268, -0.052 -0.5685 0.7277, -0.0523 -0.5724 0.7277, -0.0517 -0.5685 0.7285, -0.052 -0.5724 0.7286, -0.0514 -0.5685 0.7289, -0.0518 -0.5725 0.7289, -0.051 -0.5725 0.7299, -0.0507 -0.5686 0.73, -0.051 -0.5725 0.73, -0.0497 -0.5687 0.7309, -0.05 -0.5726 0.7309, -0.0493 -0.5687 0.7312, -0.05 -0.5726 0.7309, -0.0484 -0.5688 0.7316, -0.0487 -0.5727 0.7316, -0.0473 -0.5689 0.7322, -0.0481 -0.5728 0.732, -0.0466 -0.569 0.7323, -0.0469 -0.5729 0.7323, -0.0504 -0.5686 0.7178, -0.0507 -0.5726 0.7178, -0.0512 -0.5686 0.7189, -0.0515 -0.5725 0.7189, -0.0516 -0.5685 0.7194, -0.0518 -0.5725 0.7192, -0.052 -0.5685 0.7205, -0.0523 -0.5724 0.7205, -0.0524 -0.5685 0.7215, -0.0528 -0.5724 0.7215, -0.0525 -0.5684 0.722, -0.0529 -0.5724 0.722, -0.0438 -0.5692 0.7155, -0.0441 -0.5731 0.7155, -0.0453 -0.5691 0.7157, -0.0456 -0.573 0.7157, -0.0458 -0.569 0.7157, -0.0461 -0.573 0.7157, -0.0472 -0.5689 0.7162, -0.0475 -0.5728 0.7162, -0.0482 -0.5688 0.7165, -0.0485 -0.5728 0.7165, -0.0489 -0.5688 0.7169, -0.0492 -0.5727 0.7169, -0.0377 -0.5736 0.7178, -0.0374 -0.5696 0.7177, -0.0374 -0.5736 0.718, -0.0361 -0.5697 0.7192, -0.0364 -0.5736 0.7192, -0.0356 -0.5698 0.7198, -0.0353 -0.5737 0.7206, -0.035 -0.5698 0.7206, -0.0416 -0.5733 0.7159, -0.0413 -0.5694 0.7159, -0.0407 -0.5734 0.7161, -0.0407 -0.5694 0.716, -0.04 -0.5734 0.7163, -0.0398 -0.5695 0.7163, -0.039 -0.5735 0.7168, -0.0389 -0.5695 0.7167, -0.0388 -0.5735 0.7169, -0.0386 -0.5696 0.7169, -0.0374 -0.5696 0.7177, -0.0349 -0.5698 0.7162, -0.0352 -0.5737 0.7162, -0.0299 -0.5701 0.7162, -0.0301 -0.574 0.7162, -0.0299 -0.5701 0.7346, -0.0301 -0.574 0.7346, -0.0318 -0.5739 0.7414, -0.0315 -0.57 0.7414, -0.0319 -0.5739 0.7416, -0.0322 -0.57 0.7424, -0.0325 -0.5739 0.7424, -0.0322 -0.57 0.7425, -0.0329 -0.5739 0.7429, -0.033 -0.5699 0.7433, -0.0333 -0.5738 0.7432, -0.0331 -0.5699 0.7433, -0.0343 -0.5738 0.744, -0.0341 -0.5699 0.744, -0.0343 -0.5738 0.744, -0.0345 -0.5698 0.7442, -0.0357 -0.5737 0.7445, -0.0354 -0.5698 0.7445, -0.0365 -0.5736 0.7449, -0.0369 -0.5697 0.745, -0.0378 -0.5736 0.745, -0.0375 -0.5696 0.7451, -0.0405 -0.5734 0.7454, -0.0402 -0.5694 0.7454, -0.0307 -0.574 0.738, -0.0304 -0.5701 0.7381, -0.0309 -0.574 0.7394, -0.0305 -0.5701 0.7388, -0.0311 -0.574 0.74, -0.0309 -0.57 0.74, -0.0312 -0.57 0.741, -0.05 -0.5687 0.7428, -0.0504 -0.5726 0.7428, -0.0477 -0.5689 0.7438, -0.048 -0.5728 0.7437, -0.0458 -0.569 0.7446, -0.0458 -0.573 0.7447, -0.0444 -0.5691 0.7448, -0.0447 -0.5731 0.7448, -0.046 -0.573 0.7283, -0.0446 -0.5731 0.7289, -0.0444 -0.5731 0.729, -0.0419 -0.5733 0.7296, -0.0385 -0.5735 0.7301, -0.0476 -0.5728 0.7265, -0.0352 -0.5737 0.7305, -0.0352 -0.5737 0.7278, -0.0353 -0.5737 0.7267, -0.0354 -0.5737 0.7261, -0.0358 -0.5737 0.7249, -0.0361 -0.5737 0.7239, -0.0364 -0.5736 0.7234, -0.0373 -0.5736 0.722, -0.0384 -0.5735 0.7212, -0.0388 -0.5735 0.7209, -0.0398 -0.5734 0.7204, -0.0408 -0.5734 0.72, -0.0428 -0.5732 0.7196, -0.0413 -0.5733 0.7199, -0.0442 -0.5731 0.7199, -0.045 -0.573 0.7201, -0.0454 -0.573 0.7203, -0.0466 -0.5729 0.7209, -0.047 -0.5729 0.7214, -0.0472 -0.5729 0.7217, -0.0475 -0.5728 0.7223, -0.0478 -0.5728 0.7228, -0.0478 -0.5728 0.7232, -0.0478 -0.5728 0.7258, -0.0481 -0.5728 0.7243, -0.048 -0.5728 0.7247, -0.048 -0.5728 0.7251, -0.0467 -0.5729 0.7279, -0.0474 -0.5728 0.7268, -0.0463 -0.569 0.7209, -0.0467 -0.569 0.7214, -0.0469 -0.5689 0.7216, -0.0472 -0.5689 0.7223, -0.0474 -0.5689 0.7228, -0.0475 -0.5689 0.7232, -0.0478 -0.5689 0.7243, -0.0425 -0.5693 0.7196, -0.0439 -0.5692 0.7199, -0.0447 -0.5691 0.7201, -0.0451 -0.5691 0.7203, -0.0371 -0.5697 0.722, -0.0381 -0.5696 0.7212, -0.0386 -0.5696 0.7208, -0.0395 -0.5695 0.7204, -0.0405 -0.5694 0.72, -0.041 -0.5694 0.7199, -0.0349 -0.5698 0.7278, -0.0351 -0.5698 0.7267, -0.0352 -0.5698 0.7261, -0.0355 -0.5698 0.7249, -0.0359 -0.5697 0.7239, -0.0362 -0.5697 0.7234, -0.0349 -0.5698 0.7305, -0.0416 -0.5693 0.7296, -0.0464 -0.569 0.7279, -0.0457 -0.569 0.7283, -0.0448 -0.5691 0.7288, -0.0441 -0.5692 0.729, -0.0477 -0.5689 0.7247, -0.0476 -0.5689 0.7252, -0.0475 -0.5689 0.7258, -0.0472 -0.5689 0.7265, -0.047 -0.5689 0.7268, -0.047 -0.5689 0.7268
            ]
        }
        coordIndex [
            0,1,2,-1,2,1,3,-1,4,5,0,-1,0,5,1,-1,6,7,4,-1,4,7,5,-1,8,9,6,-1,6,9,7,-1,10,11,8,-1,8,11,9,-1,12,13,10,-1,10,13,11,-1,14,15,12,-1,12,15,13,-1,16,17,14,-1,14,17,15,-1,18,19,16,-1,16,19,17,-1,20,21,18,-1,18,21,19,-1,22,23,20,-1,20,23,21,-1,3,23,2,-1,2,23,22,-1,19,21,23,-1,23,3,19,-1,19,3,1,-1,19,1,17,-1,13,15,11,-1,11,15,17,-1,11,17,9,-1,9,17,1,-1,9,1,7,-1,7,1,5,-1,24,25,26,-1,26,25,27,-1,26,27,28,-1,28,27,29,-1,28,29,30,-1,30,29,31,-1,30,31,32,-1,32,31,33,-1,32,33,34,-1,34,33,35,-1,34,35,36,-1,36,35,37,-1,38,39,40,-1,38,40,41,-1,41,40,42,-1,41,42,43,-1,43,42,44,-1,43,44,45,-1,45,44,46,-1,46,44,47,-1,46,47,48,-1,48,47,49,-1,48,49,50,-1,50,49,51,-1,50,51,52,-1,53,54,55,-1,55,54,52,-1,55,52,56,-1,56,52,51,-1,25,24,57,-1,57,24,58,-1,57,58,59,-1,59,58,60,-1,59,60,61,-1,61,60,62,-1,61,62,63,-1,63,62,64,-1,63,64,65,-1,65,64,66,-1,65,66,53,-1,53,66,67,-1,53,67,54,-1,68,69,70,-1,70,69,39,-1,70,39,38,-1,71,72,73,-1,73,72,74,-1,73,74,75,-1,75,74,76,-1,75,76,77,-1,77,76,78,-1,77,78,79,-1,79,78,80,-1,79,80,81,-1,80,82,81,-1,81,82,83,-1,81,83,84,-1,84,83,85,-1,84,85,86,-1,86,85,87,-1,86,87,88,-1,88,87,89,-1,88,89,90,-1,90,89,91,-1,90,91,92,-1,92,91,93,-1,92,93,94,-1,94,93,95,-1,94,95,68,-1,68,95,69,-1,96,97,98,-1,98,97,99,-1,98,99,100,-1,100,99,101,-1,100,101,102,-1,102,101,103,-1,102,103,104,-1,104,103,105,-1,104,105,106,-1,106,105,107,-1,106,107,71,-1,71,107,72,-1,108,109,110,-1,110,109,111,-1,110,111,112,-1,112,111,113,-1,112,113,114,-1,114,113,115,-1,114,115,116,-1,116,115,117,-1,116,117,118,-1,118,117,119,-1,118,119,96,-1,96,119,97,-1,120,121,122,-1,122,121,123,-1,122,123,124,-1,124,123,125,-1,124,125,126,-1,126,125,127,-1,109,108,128,-1,128,108,129,-1,128,129,130,-1,130,129,131,-1,130,131,132,-1,132,131,133,-1,132,133,134,-1,134,133,135,-1,134,135,136,-1,136,135,137,-1,136,137,120,-1,120,137,138,-1,120,138,121,-1,139,140,127,-1,127,140,126,-1,141,142,139,-1,139,142,140,-1,143,144,141,-1,141,144,142,-1,145,146,147,-1,147,146,148,-1,147,148,149,-1,149,148,150,-1,149,150,151,-1,151,150,152,-1,151,152,153,-1,153,152,154,-1,153,154,155,-1,155,154,156,-1,155,156,157,-1,157,156,158,-1,157,158,159,-1,159,158,160,-1,159,160,161,-1,161,160,162,-1,161,162,163,-1,163,162,164,-1,163,164,165,-1,165,164,166,-1,144,143,167,-1,167,143,168,-1,167,168,169,-1,169,168,170,-1,169,170,171,-1,171,170,172,-1,171,172,145,-1,145,172,173,-1,145,173,146,-1,174,175,176,-1,176,175,177,-1,176,177,178,-1,178,177,179,-1,178,179,180,-1,180,179,181,-1,180,181,166,-1,166,181,165,-1,37,175,36,-1,36,175,174,-1,175,37,35,-1,175,35,177,-1,177,35,33,-1,177,33,179,-1,179,33,31,-1,179,31,181,-1,31,29,181,-1,181,29,27,-1,181,27,165,-1,27,25,165,-1,165,25,57,-1,165,57,163,-1,163,57,59,-1,163,59,161,-1,161,59,61,-1,161,61,159,-1,159,61,63,-1,159,63,157,-1,157,63,65,-1,157,65,155,-1,155,65,53,-1,155,53,153,-1,153,53,55,-1,153,55,151,-1,151,55,56,-1,151,56,149,-1,149,56,147,-1,147,56,51,-1,147,51,145,-1,145,51,49,-1,145,49,171,-1,171,49,47,-1,171,47,169,-1,169,47,44,-1,169,44,167,-1,167,44,42,-1,167,42,144,-1,182,183,39,-1,39,183,184,-1,39,184,185,-1,185,186,39,-1,39,186,144,-1,39,144,40,-1,40,144,42,-1,82,80,187,-1,186,188,144,-1,144,188,189,-1,144,189,190,-1,191,192,126,-1,126,192,193,-1,126,193,194,-1,194,195,126,-1,126,195,196,-1,126,196,124,-1,124,196,197,-1,124,197,122,-1,122,197,120,-1,120,197,198,-1,120,198,136,-1,136,198,199,-1,136,199,134,-1,200,109,128,-1,200,128,201,-1,201,128,130,-1,201,130,199,-1,199,130,132,-1,199,132,134,-1,109,200,111,-1,111,200,202,-1,111,202,113,-1,113,202,203,-1,113,203,115,-1,115,203,204,-1,115,204,117,-1,117,204,205,-1,117,205,119,-1,119,205,97,-1,97,205,206,-1,97,206,99,-1,99,206,207,-1,99,207,101,-1,101,207,208,-1,101,208,103,-1,103,208,105,-1,105,208,209,-1,105,209,107,-1,107,209,210,-1,107,210,72,-1,187,80,211,-1,210,212,72,-1,72,212,213,-1,72,213,74,-1,74,213,214,-1,74,214,76,-1,76,214,211,-1,76,211,78,-1,78,211,80,-1,215,89,87,-1,215,87,216,-1,216,87,85,-1,216,85,187,-1,187,85,83,-1,187,83,82,-1,182,39,215,-1,215,39,69,-1,215,69,95,-1,95,93,215,-1,215,93,91,-1,215,91,89,-1,140,142,126,-1,126,142,144,-1,126,144,191,-1,191,144,190,-1,205,217,206,-1,206,217,218,-1,206,218,207,-1,207,218,219,-1,207,219,208,-1,208,219,220,-1,208,220,209,-1,209,220,221,-1,209,221,210,-1,210,221,222,-1,210,222,212,-1,212,222,223,-1,200,224,202,-1,202,224,225,-1,202,225,203,-1,203,225,226,-1,203,226,204,-1,204,226,227,-1,204,227,205,-1,205,227,217,-1,195,228,196,-1,196,228,229,-1,196,229,197,-1,197,229,230,-1,197,230,198,-1,198,230,231,-1,198,231,199,-1,199,231,232,-1,199,232,201,-1,201,232,233,-1,201,233,200,-1,200,233,224,-1,189,234,190,-1,190,234,235,-1,190,235,191,-1,191,235,236,-1,191,236,192,-1,192,236,237,-1,192,237,193,-1,193,237,238,-1,193,238,194,-1,194,238,239,-1,194,239,195,-1,195,239,228,-1,188,240,189,-1,189,240,234,-1,185,241,186,-1,186,241,240,-1,186,240,188,-1,215,242,182,-1,182,242,243,-1,182,243,183,-1,183,243,244,-1,183,244,184,-1,184,244,245,-1,184,245,185,-1,185,245,241,-1,212,223,213,-1,213,223,246,-1,213,246,214,-1,214,246,247,-1,214,247,211,-1,211,247,248,-1,211,248,187,-1,187,248,249,-1,187,249,216,-1,216,249,250,-1,216,250,215,-1,215,250,242,-1,
        ]
    }
}
Shape{
    appearance Appearance {
        material  Material 	{
            diffuseColor 0.29411764705882354 1.0 0.615686274509804
            specularColor 0.14901960784313725 0.5019607843137255 0.3058823529411765
            ambientIntensity 0.2
            transparency 0
            shininess 0.5
        }
    }
    geometry IndexedFaceSet {
        ccw TRUE
        solid FALSE
        coord DEF co Coordinate {
            point [
                -0.0457 -0.569 0.7283, -0.0464 -0.569 0.7279, -0.047 -0.5689 0.7268, -0.0355 -0.5698 0.7249, -0.0359 -0.5697 0.7239, -0.0362 -0.5697 0.7234, -0.0441 -0.5692 0.729, -0.0351 -0.5698 0.7267, -0.0416 -0.5693 0.7296, -0.0349 -0.5698 0.7278, -0.0349 -0.5698 0.7305, -0.0352 -0.5698 0.7261, -0.0448 -0.5691 0.7288, -0.0472 -0.5689 0.7265, -0.0395 -0.5695 0.7204, -0.0475 -0.5689 0.7258, -0.0476 -0.5689 0.7252, -0.0477 -0.5689 0.7247, -0.0478 -0.5689 0.7243, -0.0475 -0.5689 0.7232, -0.0451 -0.5691 0.7203, -0.0447 -0.5691 0.7201, -0.0439 -0.5692 0.7199, -0.0472 -0.5689 0.7223, -0.0469 -0.5689 0.7216, -0.0467 -0.569 0.7214, -0.0463 -0.569 0.7209, -0.0425 -0.5693 0.7196, -0.041 -0.5694 0.7199, -0.0474 -0.5689 0.7228, -0.0405 -0.5694 0.72, -0.0386 -0.5696 0.7208, -0.0381 -0.5696 0.7212, -0.0371 -0.5697 0.722, -0.0371 -0.5697 0.722
            ]
        }
        coordIndex [
            0,1,2,-1,3,0,4,-1,4,0,5,-1,6,7,8,-1,8,7,9,-1,8,9,10,-1,3,11,0,-1,0,11,7,-1,0,7,12,-1,12,7,6,-1,2,13,14,-1,14,13,15,-1,14,15,16,-1,16,17,14,-1,14,17,18,-1,14,18,19,-1,20,21,22,-1,23,24,20,-1,20,24,25,-1,20,25,26,-1,20,22,23,-1,23,22,27,-1,23,27,28,-1,19,29,14,-1,14,29,23,-1,14,23,30,-1,30,23,28,-1,14,31,2,-1,2,31,32,-1,2,32,0,-1,0,32,33,-1,0,33,5,-1,
        ]
    }
}
Shape{
    appearance Appearance {
        material  Material 	{
            diffuseColor 0.0 0.0 0.0
            specularColor 0.0 0.0 0.0
            ambientIntensity 0.2
            transparency 0
            shininess 0.5
        }
    }
    geometry IndexedFaceSet {
        ccw TRUE
        solid FALSE
        coord DEF co Coordinate {
            point [
                -0.0154 -0.5707 0.7155, -0.0155 -0.5746 0.7155, -0.016 -0.5706 0.7156, -0.0161 -0.5746 0.7156, -0.0186 -0.5706 0.7158, -0.0187 -0.5745 0.7158, -0.0197 -0.5705 0.7162, -0.0198 -0.5745 0.7162, -0.0231 -0.5704 0.7172, -0.0233 -0.5743 0.7172, -0.007 -0.5708 0.7178, -0.0071 -0.5748 0.7178, -0.0078 -0.5708 0.7173, -0.0078 -0.5747 0.7174, -0.0092 -0.5708 0.7168, -0.0093 -0.5747 0.7168, -0.0108 -0.5708 0.7162, -0.0108 -0.5747 0.7162, -0.0118 -0.5707 0.716, -0.0119 -0.5747 0.716, -0.0038 -0.5709 0.724, -0.0038 -0.5748 0.724, -0.004 -0.5709 0.7222, -0.0041 -0.5748 0.7222, -0.0041 -0.5709 0.7222, -0.0042 -0.5748 0.7216, -0.0044 -0.5709 0.7209, -0.0045 -0.5748 0.7209, -0.0045 -0.5708 0.7207, -0.0046 -0.5748 0.7205, -0.0048 -0.5708 0.7202, -0.0048 -0.5748 0.7202, -0.0051 -0.5708 0.7196, -0.0053 -0.5748 0.7195, -0.0053 -0.5708 0.7194, -0.0054 -0.5748 0.7194, -0.0055 -0.5708 0.7287, -0.0055 -0.5748 0.7287, -0.0054 -0.5708 0.7285, -0.0054 -0.5748 0.7285, -0.0047 -0.5708 0.7272, -0.0048 -0.5748 0.7272, -0.0043 -0.5709 0.7263, -0.0043 -0.5748 0.7263, -0.0042 -0.5709 0.7257, -0.0042 -0.5748 0.7257, -0.012 -0.5707 0.7324, -0.012 -0.5747 0.7324, -0.0104 -0.5708 0.7316, -0.0104 -0.5747 0.7316, -0.0076 -0.5708 0.7303, -0.0077 -0.5748 0.7303, -0.0071 -0.5708 0.7299, -0.0071 -0.5748 0.7299, -0.0169 -0.5746 0.7349, -0.0148 -0.5707 0.7337, -0.0168 -0.5706 0.7349, -0.0179 -0.5706 0.7375, -0.018 -0.5745 0.7375, -0.0179 -0.5706 0.737, -0.0179 -0.5745 0.7371, -0.0174 -0.5745 0.7356, -0.0173 -0.5706 0.7356, -0.0176 -0.5745 0.7358, -0.0175 -0.5706 0.7358, -0.0177 -0.5745 0.7363, -0.0176 -0.5706 0.7363, -0.0178 -0.5706 0.7367, -0.0164 -0.5706 0.7403, -0.0165 -0.5746 0.7403, -0.0165 -0.5706 0.7402, -0.0166 -0.5746 0.7402, -0.017 -0.5706 0.7397, -0.0171 -0.5745 0.7397, -0.0172 -0.5706 0.7395, -0.0173 -0.5745 0.7395, -0.0174 -0.5706 0.739, -0.0175 -0.5745 0.739, -0.0176 -0.5706 0.7386, -0.0178 -0.5745 0.7386, -0.0177 -0.5706 0.7384, -0.0178 -0.5745 0.7384, -0.0125 -0.5707 0.7414, -0.0125 -0.5747 0.7414, -0.0132 -0.5707 0.7413, -0.0133 -0.5746 0.7413, -0.0144 -0.5707 0.7411, -0.0146 -0.5746 0.7411, -0.0148 -0.5707 0.7409, -0.015 -0.5746 0.7409, -0.0052 -0.5708 0.7393, -0.0052 -0.5748 0.7393, -0.0071 -0.5708 0.7401, -0.0071 -0.5748 0.7401, -0.0087 -0.5708 0.7408, -0.0087 -0.5747 0.7408, -0.0095 -0.5708 0.7409, -0.0096 -0.5747 0.7409, -0.0052 -0.5708 0.7442, -0.0052 -0.5748 0.7442, -0.012 -0.5707 0.7454, -0.012 -0.5747 0.7454, -0.0098 -0.5708 0.7453, -0.0099 -0.5747 0.7453, -0.0084 -0.5708 0.7449, -0.0085 -0.5747 0.7449, -0.0153 -0.5746 0.745, -0.0152 -0.5707 0.745, -0.0164 -0.5746 0.7448, -0.0161 -0.5706 0.7448, -0.0178 -0.5745 0.7442, -0.0177 -0.5706 0.7442, -0.02 -0.5745 0.7432, -0.0191 -0.5705 0.7436, -0.0199 -0.5705 0.7432, -0.0231 -0.5704 0.7371, -0.0232 -0.5743 0.7371, -0.0229 -0.5704 0.7384, -0.023 -0.5743 0.7386, -0.0228 -0.5704 0.7388, -0.023 -0.5743 0.7388, -0.0225 -0.5704 0.7401, -0.0226 -0.5744 0.74, -0.0225 -0.5704 0.7401, -0.0225 -0.5744 0.7403, -0.0221 -0.5704 0.7408, -0.0222 -0.5744 0.7408, -0.0219 -0.5704 0.7412, -0.0218 -0.5744 0.7414, -0.0215 -0.5705 0.7416, -0.0216 -0.5744 0.7416, -0.0217 -0.5705 0.7326, -0.0218 -0.5744 0.7326, -0.0222 -0.5704 0.7337, -0.0224 -0.5744 0.7337, -0.0227 -0.5704 0.7347, -0.0228 -0.5744 0.7347, -0.0228 -0.5704 0.7352, -0.0229 -0.5743 0.7352, -0.0206 -0.5744 0.7315, -0.0205 -0.5705 0.7315, -0.0202 -0.5744 0.7312, -0.02 -0.5705 0.7312, -0.018 -0.5745 0.73, -0.0179 -0.5706 0.73, -0.0156 -0.5746 0.7288, -0.0167 -0.5706 0.7293, -0.0155 -0.5707 0.7288, -0.0103 -0.5747 0.7262, -0.0125 -0.5707 0.7275, -0.0103 -0.5708 0.7262, -0.009 -0.5708 0.7235, -0.009 -0.5747 0.7235, -0.0091 -0.5708 0.7241, -0.0091 -0.5747 0.724, -0.0091 -0.5708 0.7244, -0.0092 -0.5747 0.7244, -0.0093 -0.5708 0.7248, -0.0094 -0.5747 0.7248, -0.0095 -0.5708 0.7253, -0.0096 -0.5747 0.7253, -0.0097 -0.5708 0.7255, -0.0098 -0.5747 0.7255, -0.0102 -0.5747 0.7209, -0.0101 -0.5708 0.7208, -0.0103 -0.5747 0.7208, -0.0106 -0.5708 0.7205, -0.0107 -0.5747 0.7205, -0.0107 -0.5708 0.7204, -0.0109 -0.5747 0.7203, -0.0111 -0.5708 0.7202, -0.0112 -0.5747 0.7202, -0.0114 -0.5708 0.7201, -0.0119 -0.5747 0.72, -0.0121 -0.5707 0.7199, -0.0122 -0.5747 0.72, -0.013 -0.5707 0.7197, -0.0141 -0.5746 0.7197, -0.014 -0.5707 0.7197, -0.015 -0.5746 0.7196, -0.0149 -0.5707 0.7196, -0.0093 -0.5747 0.7225, -0.0092 -0.5708 0.7225, -0.0093 -0.5747 0.7222, -0.0092 -0.5708 0.7222, -0.0095 -0.5747 0.7218, -0.0094 -0.5708 0.7218, -0.0098 -0.5747 0.7213, -0.0096 -0.5708 0.7214, -0.0098 -0.5747 0.7213, -0.0097 -0.5708 0.7213, -0.0101 -0.5708 0.7209, -0.0231 -0.5704 0.7224, -0.0233 -0.5743 0.7224, -0.0222 -0.5704 0.7218, -0.0224 -0.5744 0.7218, -0.0205 -0.5705 0.7211, -0.0206 -0.5744 0.7211, -0.0186 -0.5706 0.7202, -0.0187 -0.5745 0.7202, -0.0177 -0.5706 0.7201, -0.0178 -0.5745 0.7201, 0.0133 -0.5746 0.7233, 0.0132 -0.5707 0.7233, 0.0126 -0.5747 0.7209, 0.0125 -0.5707 0.7209, 0.0119 -0.5707 0.7233, 0.012 -0.5747 0.7233, 0.0044 -0.5708 0.7448, 0.0044 -0.5748 0.7448, 0.0081 -0.5708 0.734, -0.0012 -0.5748 0.7448, 0.0 -0.5709 0.7448, -0.0012 -0.5709 0.7448, 0.01 -0.5708 0.7163, 0.0101 -0.5747 0.7163, 0.0044 -0.5708 0.7305, -0.0 -0.5709 0.7417, 0.0078 -0.5708 0.7111, 0.0079 -0.5747 0.7111, 0.0054 -0.5708 0.7078, 0.0052 -0.5708 0.7077, 0.0052 -0.5748 0.7078, 0.0052 -0.5748 0.7077, 0.0043 -0.5709 0.7074, 0.0043 -0.5748 0.7074, 0.0042 -0.5709 0.7073, 0.0037 -0.5748 0.7072, 0.0027 -0.5709 0.707, 0.0027 -0.5748 0.707, 0.0058 -0.5708 0.7081, 0.0059 -0.5748 0.7081, 0.0061 -0.5708 0.7083, 0.0059 -0.5748 0.7082, 0.0063 -0.5708 0.7086, 0.0069 -0.5748 0.7093, 0.0068 -0.5708 0.7092, 0.0066 -0.5748 0.7089, 0.0063 -0.5748 0.7086, 0.0069 -0.5708 0.7093, -0.0002 -0.5709 0.7076, -0.0002 -0.5748 0.7076, -0.0 -0.5709 0.7076, -0.0002 -0.5709 0.7031, -0.0002 -0.5748 0.7031, 0.0031 -0.5709 0.7027, 0.0031 -0.5748 0.7027, -0.0 -0.5709 0.7031, 0.0133 -0.5707 0.7119, 0.0134 -0.5746 0.7119, 0.0126 -0.5707 0.7104, 0.0126 -0.5747 0.7105, 0.0117 -0.5707 0.7085, 0.0114 -0.5747 0.708, 0.0107 -0.5708 0.7072, 0.0108 -0.5747 0.7073, 0.0097 -0.5708 0.7058, 0.0095 -0.5747 0.7055, 0.0094 -0.5708 0.7055, 0.0095 -0.5747 0.7055, 0.0052 -0.5748 0.7031, 0.0051 -0.5708 0.7031, 0.0057 -0.5748 0.7032, 0.0057 -0.5708 0.7032, 0.0068 -0.5748 0.7037, 0.0067 -0.5708 0.7037, 0.0077 -0.5748 0.7041, 0.0077 -0.5708 0.7041, 0.0082 -0.5747 0.7045, 0.0082 -0.5708 0.7045, 0.0094 -0.5708 0.7054, 0.0262 -0.5703 0.7448, 0.0264 -0.5742 0.7448, 0.0197 -0.5705 0.7283, 0.021 -0.5705 0.7448, 0.0212 -0.5744 0.7448, 0.0171 -0.5706 0.734, 0.0368 -0.5697 0.7342, 0.037 -0.5736 0.7342, 0.0368 -0.5697 0.7208, 0.037 -0.5736 0.7208, 0.0511 -0.5686 0.7342, 0.0514 -0.5725 0.7342, 0.0511 -0.5686 0.7388, 0.0514 -0.5725 0.7388, 0.0368 -0.5697 0.7388, 0.037 -0.5736 0.7388, 0.0368 -0.5697 0.7516, 0.037 -0.5736 0.7516, 0.0522 -0.5685 0.7516, 0.0526 -0.5724 0.7516, 0.0522 -0.5685 0.7562, 0.0526 -0.5724 0.7562, 0.0316 -0.57 0.7562, 0.0318 -0.5739 0.7562, 0.0316 -0.57 0.7162, 0.0318 -0.5739 0.7162, 0.0531 -0.5684 0.7162, 0.0535 -0.5723 0.7162, 0.0531 -0.5684 0.7208, 0.0535 -0.5723 0.7208, 0.0725 -0.5702 0.7562, 0.072 -0.5663 0.7562, 0.061 -0.5716 0.7562, 0.0606 -0.5676 0.7562, 0.0754 -0.5659 0.7559, 0.0759 -0.5698 0.7559, 0.0769 -0.5657 0.7557, 0.0774 -0.5696 0.7557, 0.0796 -0.5653 0.7548, 0.0802 -0.5692 0.7548, 0.0823 -0.5649 0.7539, 0.0829 -0.5688 0.7539, 0.0835 -0.5647 0.7531, 0.0841 -0.5686 0.7531, 0.087 -0.5642 0.7509, 0.0876 -0.5681 0.7509, 0.0885 -0.564 0.7493, 0.0891 -0.5679 0.7494, 0.0888 -0.5639 0.749, 0.0894 -0.5678 0.749, 0.0905 -0.5637 0.7466, 0.0911 -0.5675 0.7466, 0.0909 -0.5636 0.746, 0.0913 -0.5675 0.7462, 0.0916 -0.5635 0.7442, 0.0922 -0.5674 0.7442, 0.0922 -0.5634 0.7425, 0.0927 -0.5673 0.743, 0.0923 -0.5634 0.7414, 0.0929 -0.5672 0.7414, 0.0929 -0.5633 0.7367, 0.0936 -0.5671 0.7367, 0.0928 -0.5633 0.7349, 0.0933 -0.5672 0.7349, 0.0928 -0.5633 0.7349, 0.0927 -0.5673 0.7307, 0.0876 -0.5681 0.7218, 0.087 -0.5642 0.7218, 0.0901 -0.5677 0.7252, 0.0896 -0.5638 0.7251, 0.0911 -0.5675 0.7265, 0.0903 -0.5637 0.726, 0.0917 -0.5674 0.7277, 0.0911 -0.5636 0.7277, 0.0926 -0.5673 0.73, 0.0919 -0.5634 0.7296, 0.0921 -0.5634 0.7307, 0.0844 -0.5646 0.7201, 0.085 -0.5685 0.7201, 0.0829 -0.5648 0.719, 0.0835 -0.5687 0.719, 0.0811 -0.5651 0.7183, 0.0816 -0.569 0.7183, 0.0779 -0.5655 0.7171, 0.0785 -0.5694 0.7171, 0.0771 -0.5656 0.717, 0.0777 -0.5695 0.717, 0.0716 -0.5664 0.7162, 0.0721 -0.5703 0.7162, 0.061 -0.5716 0.7162, 0.0606 -0.5676 0.7162, 0.0838 -0.5687 0.7479, 0.0812 -0.569 0.7494, 0.0803 -0.5692 0.75, 0.0783 -0.5694 0.7506, 0.0762 -0.5697 0.7512, 0.0749 -0.5699 0.7513, 0.0723 -0.5702 0.7516, 0.0662 -0.571 0.7516, 0.0662 -0.571 0.7208, 0.072 -0.5703 0.7208, 0.0761 -0.5697 0.7214, 0.0777 -0.5695 0.7216, 0.0793 -0.5693 0.7223, 0.0813 -0.569 0.7231, 0.0818 -0.5689 0.7235, 0.0839 -0.5686 0.7249, 0.0855 -0.5684 0.7272, 0.0861 -0.5683 0.7279, 0.0867 -0.5682 0.7296, 0.0874 -0.5681 0.7314, 0.0876 -0.5681 0.7325, 0.0843 -0.5686 0.7473, 0.0844 -0.5686 0.7472, 0.0858 -0.5684 0.7452, 0.0875 -0.5681 0.7413, 0.0868 -0.5682 0.743, 0.0862 -0.5683 0.7446, 0.0882 -0.568 0.7366, 0.0877 -0.5681 0.7403, 0.0715 -0.5664 0.7208, 0.0658 -0.5671 0.7208, 0.0833 -0.5648 0.7249, 0.0813 -0.5651 0.7235, 0.0809 -0.5651 0.7232, 0.0787 -0.5654 0.7223, 0.0771 -0.5656 0.7216, 0.0756 -0.5658 0.7214, 0.0876 -0.5641 0.7366, 0.087 -0.5642 0.7325, 0.0868 -0.5642 0.7314, 0.0861 -0.5643 0.7296, 0.0854 -0.5644 0.7278, 0.0849 -0.5645 0.7272, 0.0832 -0.5648 0.7479, 0.0837 -0.5647 0.7473, 0.0842 -0.5646 0.7468, 0.0852 -0.5645 0.7452, 0.0858 -0.5644 0.7444, 0.0863 -0.5643 0.743, 0.0869 -0.5642 0.7413, 0.087 -0.5642 0.7403, 0.0718 -0.5663 0.7516, 0.0744 -0.566 0.7513, 0.0757 -0.5658 0.7512, 0.0778 -0.5655 0.7506, 0.0797 -0.5653 0.75, 0.0806 -0.5651 0.7494, 0.0658 -0.5671 0.7516, 0.0658 -0.5671 0.7516
            ]
        }
        coordIndex [
            0,1,2,-1,2,1,3,-1,2,3,4,-1,4,3,5,-1,4,5,6,-1,6,5,7,-1,6,7,8,-1,8,7,9,-1,10,11,12,-1,12,11,13,-1,12,13,14,-1,14,13,15,-1,14,15,16,-1,16,15,17,-1,16,17,18,-1,18,17,19,-1,18,19,0,-1,0,19,1,-1,20,21,22,-1,22,21,23,-1,22,23,24,-1,24,23,25,-1,24,25,26,-1,26,25,27,-1,26,27,28,-1,28,27,29,-1,28,29,30,-1,30,29,31,-1,30,31,32,-1,32,31,33,-1,32,33,34,-1,34,33,35,-1,34,35,10,-1,10,35,11,-1,36,37,38,-1,38,37,39,-1,38,39,40,-1,40,39,41,-1,40,41,42,-1,42,41,43,-1,42,43,44,-1,44,43,45,-1,44,45,20,-1,20,45,21,-1,46,47,48,-1,48,47,49,-1,48,49,50,-1,50,49,51,-1,50,51,52,-1,52,51,53,-1,52,53,36,-1,36,53,37,-1,47,46,54,-1,54,46,55,-1,54,55,56,-1,57,58,59,-1,59,58,60,-1,54,56,61,-1,61,56,62,-1,61,62,63,-1,63,62,64,-1,63,64,65,-1,65,64,66,-1,65,66,60,-1,60,66,67,-1,60,67,59,-1,68,69,70,-1,70,69,71,-1,70,71,72,-1,72,71,73,-1,72,73,74,-1,74,73,75,-1,74,75,76,-1,76,75,77,-1,76,77,78,-1,78,77,79,-1,78,79,80,-1,80,79,81,-1,80,81,57,-1,57,81,58,-1,82,83,84,-1,84,83,85,-1,84,85,86,-1,86,85,87,-1,86,87,88,-1,88,87,89,-1,88,89,68,-1,68,89,69,-1,90,91,92,-1,92,91,93,-1,92,93,94,-1,94,93,95,-1,94,95,96,-1,96,95,97,-1,96,97,82,-1,82,97,83,-1,98,99,90,-1,90,99,91,-1,100,101,102,-1,102,101,103,-1,102,103,104,-1,104,103,105,-1,104,105,98,-1,98,105,99,-1,101,100,106,-1,106,100,107,-1,106,107,108,-1,108,107,109,-1,108,109,110,-1,110,109,111,-1,110,111,112,-1,112,111,113,-1,112,113,114,-1,115,116,117,-1,117,116,118,-1,117,118,119,-1,119,118,120,-1,119,120,121,-1,121,120,122,-1,121,122,123,-1,123,122,124,-1,123,124,125,-1,125,124,126,-1,125,126,127,-1,127,126,128,-1,127,128,129,-1,129,128,130,-1,129,130,114,-1,114,130,112,-1,131,132,133,-1,133,132,134,-1,133,134,135,-1,135,134,136,-1,135,136,137,-1,137,136,138,-1,137,138,115,-1,115,138,116,-1,132,131,139,-1,139,131,140,-1,139,140,141,-1,141,140,142,-1,141,142,143,-1,143,142,144,-1,143,144,145,-1,145,144,146,-1,145,146,147,-1,145,147,148,-1,148,147,149,-1,148,149,150,-1,151,152,153,-1,153,152,154,-1,153,154,155,-1,155,154,156,-1,155,156,157,-1,157,156,158,-1,157,158,159,-1,159,158,160,-1,159,160,161,-1,161,160,162,-1,161,162,150,-1,150,162,148,-1,163,164,165,-1,165,164,166,-1,165,166,167,-1,167,166,168,-1,167,168,169,-1,169,168,170,-1,169,170,171,-1,171,170,172,-1,171,172,173,-1,173,172,174,-1,173,174,175,-1,175,174,176,-1,175,176,177,-1,177,176,178,-1,177,178,179,-1,179,178,180,-1,152,151,181,-1,181,151,182,-1,181,182,183,-1,183,182,184,-1,183,184,185,-1,185,184,186,-1,185,186,187,-1,187,186,188,-1,187,188,189,-1,189,188,190,-1,189,190,163,-1,163,190,191,-1,163,191,164,-1,192,193,194,-1,194,193,195,-1,194,195,196,-1,196,195,197,-1,196,197,198,-1,198,197,199,-1,198,199,200,-1,200,199,201,-1,200,201,180,-1,180,201,179,-1,9,193,8,-1,8,193,192,-1,54,143,47,-1,47,143,145,-1,47,145,49,-1,49,145,148,-1,49,148,51,-1,181,23,152,-1,152,23,21,-1,152,21,154,-1,154,21,45,-1,154,45,156,-1,156,45,43,-1,156,43,158,-1,158,43,41,-1,158,41,160,-1,160,41,39,-1,160,39,162,-1,162,39,37,-1,162,37,148,-1,148,37,53,-1,148,53,51,-1,183,27,181,-1,181,27,25,-1,181,25,23,-1,35,33,185,-1,185,33,31,-1,185,31,183,-1,183,31,29,-1,183,29,27,-1,185,187,35,-1,35,187,189,-1,35,189,11,-1,11,189,163,-1,11,163,13,-1,163,165,13,-1,13,165,167,-1,13,167,15,-1,167,169,15,-1,15,169,171,-1,15,171,17,-1,171,173,17,-1,17,173,175,-1,17,175,19,-1,19,175,177,-1,19,177,1,-1,1,177,179,-1,1,179,3,-1,3,179,5,-1,5,179,201,-1,5,201,7,-1,201,199,7,-1,7,199,197,-1,7,197,9,-1,9,197,195,-1,9,195,193,-1,61,139,54,-1,54,139,141,-1,54,141,143,-1,79,124,122,-1,79,122,81,-1,81,122,120,-1,81,120,58,-1,120,118,58,-1,58,118,116,-1,58,116,60,-1,60,116,138,-1,60,138,65,-1,65,138,136,-1,65,136,63,-1,63,136,134,-1,63,134,61,-1,61,134,132,-1,61,132,139,-1,124,79,126,-1,126,79,77,-1,126,77,128,-1,128,77,130,-1,130,77,75,-1,130,75,112,-1,75,73,112,-1,112,73,71,-1,112,71,110,-1,110,71,69,-1,110,69,108,-1,108,69,89,-1,108,89,106,-1,89,87,106,-1,106,87,85,-1,106,85,101,-1,101,85,83,-1,101,83,103,-1,103,83,97,-1,103,97,105,-1,91,99,93,-1,93,99,105,-1,93,105,95,-1,95,105,97,-1,202,203,204,-1,204,203,205,-1,206,207,205,-1,205,207,204,-1,208,209,210,-1,210,209,207,-1,210,207,206,-1,209,208,211,-1,211,208,212,-1,211,212,213,-1,214,215,216,-1,216,215,211,-1,216,211,217,-1,217,211,213,-1,218,219,214,-1,214,219,215,-1,220,221,222,-1,222,221,223,-1,223,221,224,-1,223,224,225,-1,225,224,226,-1,225,226,227,-1,227,226,228,-1,227,228,229,-1,220,222,230,-1,230,222,231,-1,230,231,232,-1,232,231,233,-1,232,233,234,-1,235,236,237,-1,237,236,234,-1,237,234,238,-1,238,234,233,-1,219,218,235,-1,235,218,239,-1,235,239,236,-1,240,241,242,-1,242,241,229,-1,242,229,228,-1,243,244,240,-1,240,244,241,-1,245,246,247,-1,247,246,244,-1,247,244,243,-1,248,249,250,-1,250,249,251,-1,250,251,252,-1,252,251,253,-1,252,253,254,-1,254,253,255,-1,254,255,256,-1,256,255,257,-1,256,257,258,-1,258,257,259,-1,246,245,260,-1,260,245,261,-1,260,261,262,-1,262,261,263,-1,262,263,264,-1,264,263,265,-1,264,265,266,-1,266,265,267,-1,266,267,268,-1,268,267,269,-1,268,269,259,-1,259,269,270,-1,259,270,258,-1,271,272,273,-1,273,272,249,-1,273,249,248,-1,274,275,271,-1,271,275,272,-1,203,202,276,-1,276,202,275,-1,276,275,274,-1,249,272,275,-1,209,211,207,-1,207,211,215,-1,207,215,204,-1,275,202,249,-1,249,202,204,-1,249,204,251,-1,251,204,215,-1,251,215,253,-1,253,215,219,-1,253,219,255,-1,255,219,235,-1,255,235,257,-1,257,235,237,-1,257,237,259,-1,259,237,238,-1,259,238,268,-1,241,244,229,-1,229,244,246,-1,229,246,227,-1,227,246,260,-1,227,260,225,-1,225,260,262,-1,225,262,223,-1,223,262,264,-1,223,264,222,-1,222,264,266,-1,222,266,231,-1,231,266,268,-1,231,268,233,-1,233,268,238,-1,277,278,279,-1,279,278,280,-1,281,282,277,-1,277,282,278,-1,283,284,281,-1,281,284,282,-1,285,286,283,-1,283,286,284,-1,287,288,285,-1,285,288,286,-1,289,290,287,-1,287,290,288,-1,291,292,289,-1,289,292,290,-1,293,294,291,-1,291,294,292,-1,295,296,293,-1,293,296,294,-1,297,298,295,-1,295,298,296,-1,299,300,297,-1,297,300,298,-1,280,300,279,-1,279,300,299,-1,296,298,300,-1,300,280,296,-1,296,280,278,-1,296,278,294,-1,290,292,288,-1,288,292,294,-1,288,294,286,-1,286,294,278,-1,286,278,284,-1,284,278,282,-1,301,302,303,-1,303,302,304,-1,302,301,305,-1,305,301,306,-1,305,306,307,-1,307,306,308,-1,307,308,309,-1,309,308,310,-1,309,310,311,-1,311,310,312,-1,311,312,313,-1,313,312,314,-1,313,314,315,-1,315,314,316,-1,315,316,317,-1,317,316,318,-1,317,318,319,-1,319,318,320,-1,319,320,321,-1,321,320,322,-1,321,322,323,-1,323,322,324,-1,323,324,325,-1,325,324,326,-1,325,326,327,-1,327,326,328,-1,327,328,329,-1,329,328,330,-1,329,330,331,-1,331,330,332,-1,331,332,333,-1,333,332,334,-1,333,334,335,-1,335,334,336,-1,337,338,339,-1,339,338,340,-1,339,340,341,-1,341,340,342,-1,341,342,343,-1,343,342,344,-1,343,344,345,-1,345,344,346,-1,345,346,336,-1,336,346,347,-1,336,347,335,-1,338,337,348,-1,348,337,349,-1,348,349,350,-1,350,349,351,-1,350,351,352,-1,352,351,353,-1,352,353,354,-1,354,353,355,-1,354,355,356,-1,356,355,357,-1,356,357,358,-1,358,357,359,-1,360,361,359,-1,359,361,358,-1,304,361,303,-1,303,361,360,-1,362,316,363,-1,363,316,314,-1,363,314,364,-1,364,314,312,-1,364,312,365,-1,365,312,310,-1,365,310,366,-1,366,310,308,-1,366,308,367,-1,367,308,306,-1,367,306,368,-1,368,306,301,-1,368,301,369,-1,369,301,303,-1,369,303,370,-1,370,303,360,-1,370,360,371,-1,371,360,359,-1,371,359,372,-1,372,359,357,-1,372,357,373,-1,373,357,355,-1,373,355,374,-1,374,355,353,-1,374,353,375,-1,375,353,351,-1,375,351,376,-1,376,351,349,-1,376,349,377,-1,377,349,337,-1,377,337,378,-1,378,337,339,-1,378,339,379,-1,379,339,341,-1,379,341,380,-1,380,341,343,-1,380,343,381,-1,381,343,345,-1,381,345,382,-1,362,383,316,-1,316,383,384,-1,316,384,318,-1,318,384,385,-1,386,326,387,-1,387,326,324,-1,387,324,388,-1,388,324,322,-1,388,322,385,-1,385,322,320,-1,385,320,318,-1,345,336,382,-1,382,336,334,-1,382,334,389,-1,389,334,332,-1,389,332,390,-1,390,332,330,-1,390,330,386,-1,386,330,328,-1,386,328,326,-1,371,391,370,-1,370,391,392,-1,377,393,376,-1,376,393,394,-1,376,394,375,-1,375,394,395,-1,375,395,374,-1,374,395,396,-1,374,396,373,-1,373,396,397,-1,373,397,372,-1,372,397,398,-1,372,398,371,-1,371,398,391,-1,389,399,382,-1,382,399,400,-1,382,400,381,-1,381,400,401,-1,381,401,380,-1,380,401,402,-1,380,402,379,-1,379,402,403,-1,379,403,378,-1,378,403,404,-1,378,404,377,-1,377,404,393,-1,362,405,383,-1,383,405,406,-1,383,406,384,-1,384,406,407,-1,384,407,385,-1,385,407,408,-1,385,408,388,-1,388,408,409,-1,388,409,387,-1,387,409,410,-1,387,410,386,-1,386,410,411,-1,386,411,390,-1,390,411,412,-1,390,412,389,-1,389,412,399,-1,368,413,367,-1,367,413,414,-1,367,414,366,-1,366,414,415,-1,366,415,365,-1,365,415,416,-1,365,416,364,-1,364,416,417,-1,364,417,363,-1,363,417,418,-1,363,418,362,-1,362,418,405,-1,369,419,368,-1,368,419,413,-1,369,370,419,-1,419,370,392,-1,
        ]
    }
}
Shape{
    appearance Appearance {
        material  Material 	{
            diffuseColor 0.29411764705882354 1.0 0.615686274509804
            specularColor 0.14901960784313725 0.5019607843137255 0.3058823529411765
            ambientIntensity 0.2
            transparency 0
            shininess 0.5
        }
    }
    geometry IndexedFaceSet {
        ccw TRUE
        solid FALSE
        coord DEF co Coordinate {
            point [
                0.0813 -0.5651 0.7235, 0.0833 -0.5648 0.7249, 0.0849 -0.5645 0.7272, 0.0787 -0.5654 0.7223, 0.0809 -0.5651 0.7232, 0.0854 -0.5644 0.7278, 0.0861 -0.5643 0.7296, 0.0868 -0.5642 0.7314, 0.0756 -0.5658 0.7214, 0.0771 -0.5656 0.7216, 0.087 -0.5642 0.7325, 0.0876 -0.5641 0.7366, 0.087 -0.5642 0.7403, 0.0658 -0.5671 0.7208, 0.0715 -0.5664 0.7208, 0.0863 -0.5643 0.743, 0.0869 -0.5642 0.7413, 0.0858 -0.5644 0.7444, 0.0852 -0.5645 0.7452, 0.0842 -0.5646 0.7468, 0.0837 -0.5647 0.7473, 0.0832 -0.5648 0.7479, 0.0806 -0.5651 0.7494, 0.0797 -0.5653 0.75, 0.0778 -0.5655 0.7506, 0.0757 -0.5658 0.7512, 0.0744 -0.566 0.7513, 0.0718 -0.5663 0.7516, 0.0658 -0.5671 0.7516, 0.0658 -0.5671 0.7516
            ]
        }
        coordIndex [
            0,1,2,-1,3,4,0,-1,0,2,3,-1,3,2,5,-1,3,5,6,-1,7,8,6,-1,6,8,9,-1,6,9,3,-1,7,10,8,-1,8,10,11,-1,8,11,12,-1,13,14,15,-1,15,14,8,-1,15,8,16,-1,16,8,12,-1,15,17,13,-1,13,17,18,-1,13,18,19,-1,19,20,13,-1,13,20,21,-1,13,21,22,-1,22,23,13,-1,13,23,24,-1,13,24,25,-1,25,26,13,-1,13,26,27,-1,13,27,28,-1,
        ]
    }
}
Shape{
    appearance Appearance {
        material  Material 	{
            diffuseColor 0.0 0.0 0.0
            specularColor 0.0 0.0 0.0
            ambientIntensity 0.2
            transparency 0
            shininess 0.5
        }
    }
    geometry IndexedFaceSet {
        ccw TRUE
        solid FALSE
        coord DEF co Coordinate {
            point [
                0.0951 -0.5629 0.7162, 0.0958 -0.5668 0.7162, 0.1026 -0.5616 0.7362, 0.1109 -0.564 0.7562, 0.1101 -0.5601 0.7562, 0.1007 -0.5619 0.7162, 0.1014 -0.5658 0.7162, 0.1045 -0.5612 0.7271, 0.1052 -0.5651 0.7271, 0.1209 -0.5579 0.7271, 0.1217 -0.5618 0.7271, 0.1114 -0.5599 0.7271, 0.1249 -0.557 0.7162, 0.1257 -0.5609 0.7162, 0.1304 -0.5558 0.7162, 0.1313 -0.5596 0.7162, 0.1155 -0.5591 0.7562, 0.1163 -0.5629 0.7562, 0.123 -0.5575 0.7362, 0.1114 -0.5599 0.7562, 0.1201 -0.5621 0.7317, 0.1069 -0.5648 0.7317, 0.1098 -0.5642 0.74, 0.1128 -0.5636 0.7483, 0.1135 -0.5635 0.7511, 0.1142 -0.5634 0.7483, 0.1171 -0.5627 0.74, 0.112 -0.5598 0.7483, 0.1128 -0.5596 0.7511, 0.1134 -0.5595 0.7483, 0.1193 -0.5583 0.7317, 0.1061 -0.5609 0.7317, 0.1061 -0.5609 0.7317
            ]
        }
        coordIndex [
            0,1,2,-1,2,1,3,-1,2,3,4,-1,5,6,0,-1,0,6,1,-1,7,8,5,-1,5,8,6,-1,9,10,11,-1,11,10,8,-1,11,8,7,-1,12,13,9,-1,9,13,10,-1,14,15,12,-1,12,15,13,-1,16,17,18,-1,18,17,15,-1,18,15,14,-1,17,16,3,-1,3,16,19,-1,3,19,4,-1,1,6,8,-1,10,20,8,-1,8,20,21,-1,8,21,1,-1,1,21,22,-1,1,22,3,-1,22,23,3,-1,3,23,24,-1,3,24,17,-1,17,24,25,-1,25,26,17,-1,17,26,20,-1,17,20,15,-1,15,20,10,-1,15,10,13,-1,23,27,24,-1,24,27,28,-1,24,28,25,-1,25,28,29,-1,30,20,29,-1,29,20,26,-1,29,26,25,-1,31,21,30,-1,30,21,20,-1,21,31,22,-1,22,31,27,-1,22,27,23,-1,
        ]
    }
}
Shape{
    appearance Appearance {
        material  Material 	{
            diffuseColor 0.29411764705882354 1.0 0.615686274509804
            specularColor 0.14901960784313725 0.5019607843137255 0.3058823529411765
            ambientIntensity 0.2
            transparency 0
            shininess 0.5
        }
    }
    geometry IndexedFaceSet {
        ccw TRUE
        solid FALSE
        coord DEF co Coordinate {
            point [
                0.1061 -0.5609 0.7317, 0.1193 -0.5583 0.7317, 0.112 -0.5598 0.7483, 0.1134 -0.5595 0.7483, 0.1128 -0.5596 0.7511, 0.1128 -0.5596 0.7511
            ]
        }
        coordIndex [
            0,1,2,-1,2,1,3,-1,2,3,4,-1,
        ]
    }
}
Shape{
    appearance Appearance {
        material  Material 	{
            diffuseColor 0.0 0.0 0.0
            specularColor 0.0 0.0 0.0
            ambientIntensity 0.2
            transparency 0
            shininess 0.5
        }
    }
    geometry IndexedFaceSet {
        ccw TRUE
        solid FALSE
        coord DEF co Coordinate {
            point [
                -0.1905 -0.5381 0.8305, -0.1919 -0.5418 0.8305, -0.1828 -0.5408 0.8296, -0.184 -0.5445 0.8297, -0.1792 -0.542 0.8291, -0.1818 -0.5453 0.8294, -0.1727 -0.5441 0.8268, -0.174 -0.5478 0.8267, -0.1669 -0.5459 0.8247, -0.168 -0.5497 0.8247, -0.1638 -0.5468 0.8226, -0.1649 -0.5506 0.8226, -0.1536 -0.5498 0.8157, -0.1547 -0.5536 0.8157, -0.2224 -0.5258 0.8194, -0.2239 -0.5294 0.8194, -0.2205 -0.5266 0.8207, -0.222 -0.5302 0.8207, -0.2185 -0.5274 0.822, -0.2189 -0.5315 0.8228, -0.2174 -0.5279 0.8228, -0.2111 -0.5304 0.8255, -0.2126 -0.534 0.8255, -0.2045 -0.533 0.8284, -0.206 -0.5366 0.8284, -0.2012 -0.5342 0.8289, -0.1999 -0.5389 0.8293, -0.2026 -0.5379 0.8289, -0.2296 -0.527 0.8136, -0.2282 -0.5233 0.8139, -0.2332 -0.5254 0.8099, -0.2339 -0.5208 0.8069, -0.2355 -0.5244 0.8069, -0.2415 -0.5216 0.8074, -0.2369 -0.5194 0.8071, -0.2398 -0.518 0.8074, -0.2691 -0.5035 0.7938, -0.271 -0.5069 0.7938, -0.2683 -0.5039 0.7945, -0.2702 -0.5073 0.7945, -0.2619 -0.5072 0.8, -0.2637 -0.5107 0.8, -0.2606 -0.5079 0.8011, -0.2625 -0.5114 0.801, -0.2551 -0.5107 0.8037, -0.2568 -0.5142 0.8037, -0.2508 -0.5128 0.8057, -0.2526 -0.5163 0.8057, -0.2482 -0.514 0.8061, -0.25 -0.5176 0.8061, -0.2807 -0.4971 0.7624, -0.2808 -0.497 0.7613, -0.2828 -0.5004 0.7613, -0.2827 -0.5005 0.7625, -0.2827 -0.5005 0.7627, -0.2796 -0.4977 0.7713, -0.2815 -0.5011 0.7713, -0.2792 -0.4979 0.7741, -0.2811 -0.5014 0.7742, -0.2773 -0.499 0.7793, -0.2792 -0.5024 0.7793, -0.2756 -0.4999 0.7839, -0.2775 -0.5034 0.784, -0.2741 -0.5008 0.7863, -0.276 -0.5042 0.7863, -0.2704 -0.5028 0.7303, -0.2722 -0.5062 0.7303, -0.2743 -0.5007 0.7364, -0.2762 -0.5041 0.7365, -0.2752 -0.5002 0.7379, -0.2771 -0.5036 0.738, -0.2775 -0.4989 0.7442, -0.2795 -0.5023 0.7442, -0.2793 -0.4979 0.749, -0.2812 -0.5013 0.749, -0.2797 -0.4977 0.7519, -0.2816 -0.5011 0.7519, -0.2501 -0.5132 0.7166, -0.2518 -0.5167 0.7166, -0.2525 -0.512 0.7175, -0.254 -0.5157 0.7173, -0.2569 -0.5098 0.7197, -0.2586 -0.5133 0.7198, -0.2619 -0.5072 0.7224, -0.2637 -0.5107 0.7224, -0.2639 -0.5062 0.7243, -0.2658 -0.5097 0.7243, -0.2255 -0.5244 0.6973, -0.2271 -0.528 0.6973, -0.2288 -0.523 0.6978, -0.2304 -0.5266 0.6977, -0.2326 -0.5213 0.6984, -0.2334 -0.5253 0.6981, -0.2337 -0.5208 0.6989, -0.2397 -0.5224 0.7008, -0.238 -0.5189 0.7008, -0.2394 -0.5226 0.7005, -0.2353 -0.5244 0.6989, -0.2494 -0.5179 0.7114, -0.2477 -0.5143 0.7114, -0.2485 -0.5183 0.7094, -0.2469 -0.5147 0.7095, -0.2468 -0.5191 0.7073, -0.2451 -0.5156 0.7073, -0.2445 -0.5202 0.7044, -0.243 -0.5166 0.7046, -0.2434 -0.5207 0.7036, -0.2418 -0.5171 0.7036, -0.2383 -0.5187 0.7009, -0.2219 -0.5302 0.6981, -0.2185 -0.5274 0.6984, -0.2196 -0.5312 0.6985, -0.2184 -0.5274 0.6984, -0.2168 -0.5323 0.6997, -0.2154 -0.5287 0.6999, -0.214 -0.5335 0.701, -0.2121 -0.53 0.7014, -0.2124 -0.5341 0.7023, -0.211 -0.5304 0.7023, -0.2088 -0.5355 0.7052, -0.2072 -0.532 0.7055, -0.2086 -0.5356 0.7055, -0.207 -0.532 0.7056, -0.2079 -0.5359 0.7063, -0.2065 -0.5322 0.7063, -0.2051 -0.537 0.7099, -0.2036 -0.5333 0.7103, -0.2049 -0.5371 0.7103, -0.203 -0.5336 0.7111, -0.2026 -0.5379 0.715, -0.2014 -0.5342 0.715, -0.2021 -0.5381 0.7161, -0.2003 -0.5346 0.7177, -0.2012 -0.5384 0.7203, -0.1999 -0.5347 0.7203, -0.2007 -0.5386 0.723, -0.1991 -0.535 0.7257, -0.2005 -0.5387 0.7257, -0.2204 -0.5266 0.6981, -0.1991 -0.535 0.7286, -0.2005 -0.5387 0.7286, -0.1613 -0.5476 0.7496, -0.1624 -0.5514 0.7496, -0.1803 -0.5416 0.7391, -0.1999 -0.5389 0.7289, -0.1709 -0.5488 0.7647, -0.1655 -0.5463 0.7572, -0.1698 -0.545 0.7647, -0.1879 -0.5391 0.7548, -0.1999 -0.5387 0.7488, -0.2058 -0.5325 0.7448, -0.2072 -0.5362 0.7448, -0.2218 -0.526 0.7541, -0.2229 -0.5256 0.7542, -0.2244 -0.5292 0.7543, -0.2247 -0.5291 0.7543, -0.2255 -0.5244 0.7545, -0.2271 -0.528 0.7545, -0.2185 -0.5274 0.7532, -0.2196 -0.5312 0.7531, -0.2181 -0.5276 0.753, -0.2156 -0.5286 0.7523, -0.2183 -0.5317 0.7528, -0.2136 -0.5294 0.7512, -0.2112 -0.5346 0.7485, -0.2103 -0.5307 0.7492, -0.2126 -0.534 0.7498, -0.2151 -0.533 0.7511, -0.2097 -0.5309 0.7486, -0.2499 -0.5133 0.7357, -0.2516 -0.5168 0.7357, -0.2482 -0.5141 0.7393, -0.2499 -0.5176 0.7393, -0.2473 -0.5145 0.7411, -0.2491 -0.518 0.7411, -0.2454 -0.5154 0.7438, -0.2471 -0.519 0.7438, -0.2434 -0.5164 0.7466, -0.245 -0.52 0.7466, -0.2422 -0.5169 0.7475, -0.2439 -0.5205 0.7475, -0.2397 -0.5181 0.7496, -0.2414 -0.5217 0.7497, -0.2384 -0.5187 0.7506, -0.2404 -0.5221 0.7504, -0.2354 -0.5201 0.7521, -0.237 -0.5237 0.7521, -0.2328 -0.5212 0.7532, -0.2346 -0.5248 0.7532, -0.2308 -0.5221 0.7536, -0.2324 -0.5257 0.7536, -0.2649 -0.5101 0.7507, -0.263 -0.5067 0.7507, -0.265 -0.5101 0.751, -0.2644 -0.506 0.7555, -0.2661 -0.5095 0.7556, -0.2645 -0.5059 0.7558, -0.2666 -0.5092 0.7575, -0.2651 -0.5056 0.7619, -0.2669 -0.5091 0.7619, -0.2564 -0.5145 0.7392, -0.2546 -0.5109 0.7391, -0.2583 -0.5135 0.7406, -0.2565 -0.51 0.7406, -0.2599 -0.5127 0.7425, -0.2581 -0.5092 0.7425, -0.2623 -0.5115 0.7453, -0.2605 -0.508 0.7453, -0.2628 -0.5112 0.7464, -0.261 -0.5077 0.7464, -0.2626 -0.5069 0.7495, -0.2443 -0.5159 0.7895, -0.2396 -0.5182 0.7903, -0.2412 -0.5217 0.7903, -0.2436 -0.5206 0.7902, -0.246 -0.5195 0.7896, -0.2469 -0.5147 0.789, -0.25 -0.5176 0.7886, -0.249 -0.5137 0.788, -0.2508 -0.5172 0.7882, -0.2528 -0.5118 0.7862, -0.2551 -0.5151 0.7858, -0.2533 -0.5116 0.7857, -0.2556 -0.5148 0.7855, -0.2569 -0.5098 0.7825, -0.2587 -0.5133 0.7826, -0.2577 -0.5094 0.7819, -0.2596 -0.5128 0.7817, -0.2578 -0.5093 0.7817, -0.26 -0.5127 0.7814, -0.2607 -0.5079 0.7776, -0.2625 -0.5114 0.7776, -0.2615 -0.5075 0.7764, -0.2636 -0.5108 0.7759, -0.2628 -0.5068 0.7729, -0.2647 -0.5102 0.7729, -0.2641 -0.5061 0.7696, -0.2659 -0.5096 0.7699, -0.2643 -0.506 0.7675, -0.2662 -0.5095 0.7675, -0.2258 -0.5243 0.7861, -0.2273 -0.5279 0.7861, -0.2291 -0.5229 0.7876, -0.2306 -0.5265 0.7876, -0.2325 -0.5214 0.7891, -0.2338 -0.5251 0.7891, -0.2343 -0.5206 0.7895, -0.2359 -0.5241 0.7894, -0.1948 -0.5366 0.8127, -0.1903 -0.5382 0.8134, -0.1916 -0.5419 0.8134, -0.1962 -0.5403 0.8128, -0.1999 -0.5389 0.8123, -0.2004 -0.5345 0.8119, -0.2006 -0.5387 0.8122, -0.2018 -0.534 0.8113, -0.2096 -0.5352 0.8086, -0.2081 -0.5316 0.8085, -0.2091 -0.5354 0.8089, -0.2032 -0.5377 0.8112, -0.2226 -0.53 0.7962, -0.2184 -0.5274 0.7994, -0.2199 -0.5311 0.7995, -0.2183 -0.5275 0.7995, -0.2166 -0.5324 0.8035, -0.2154 -0.5287 0.8031, -0.2149 -0.5331 0.8047, -0.2134 -0.5295 0.8047, -0.2088 -0.5313 0.8082, -0.2238 -0.5295 0.7937, -0.2222 -0.5258 0.7937, -0.2211 -0.5263 0.796, -0.1523 -0.5502 0.7778, -0.1533 -0.554 0.7778, -0.1535 -0.5499 0.783, -0.1545 -0.5536 0.783, -0.1543 -0.5496 0.7868, -0.1554 -0.5534 0.7868, -0.1558 -0.5492 0.7899, -0.1569 -0.553 0.7899, -0.1586 -0.5484 0.7956, -0.1597 -0.5522 0.7956, -0.1592 -0.5482 0.7963, -0.1603 -0.552 0.7963, -0.164 -0.5468 0.8021, -0.1652 -0.5506 0.8021, -0.1649 -0.5465 0.8032, -0.1661 -0.5503 0.8032, -0.1698 -0.545 0.8068, -0.171 -0.5488 0.8068, -0.1718 -0.5444 0.8083, -0.1729 -0.5482 0.8083, -0.1759 -0.5431 0.8101, -0.1772 -0.5468 0.8101, -0.1798 -0.5418 0.8118, -0.181 -0.5456 0.8118, -0.1822 -0.541 0.8122, -0.1835 -0.5447 0.8122, -0.1501 -0.5508 0.7778, -0.1511 -0.5546 0.7778, -0.1358 -0.5585 0.7713, -0.1339 -0.5549 0.7702, -0.1333 -0.5591 0.7682, -0.1326 -0.5553 0.7681, -0.1332 -0.5592 0.768, -0.1311 -0.5556 0.7658, -0.1315 -0.5596 0.7647, -0.1307 -0.5557 0.7647, -0.1308 -0.5597 0.7632, -0.1292 -0.556 0.7607, -0.1302 -0.5599 0.7607, -0.1292 -0.5561 0.7606, -0.1296 -0.56 0.7578, -0.1286 -0.5562 0.7556, -0.1294 -0.56 0.7556, -0.1461 -0.5559 0.777, -0.1451 -0.5521 0.777, -0.1452 -0.5562 0.7769, -0.1444 -0.5523 0.7769, -0.1423 -0.5569 0.7757, -0.1413 -0.5531 0.7756, -0.1405 -0.5574 0.7749, -0.1396 -0.5535 0.7749, -0.1387 -0.5578 0.7736, -0.1378 -0.554 0.7735, -0.1362 -0.5584 0.7717, -0.1352 -0.5546 0.7716, -0.1349 -0.5547 0.7713, -0.1484 -0.5512 0.7334, -0.1495 -0.555 0.7334, -0.1453 -0.5521 0.7341, -0.1463 -0.5559 0.7341, -0.1429 -0.5527 0.7347, -0.1438 -0.5565 0.7347, -0.1414 -0.5531 0.7355, -0.1423 -0.5569 0.7354, -0.1382 -0.5539 0.7371, -0.1391 -0.5577 0.737, -0.1379 -0.554 0.7373, -0.1389 -0.5578 0.7373, -0.135 -0.5547 0.7398, -0.1359 -0.5585 0.7398, -0.1343 -0.5549 0.7405, -0.1352 -0.5587 0.7405, -0.1327 -0.5552 0.7428, -0.1335 -0.5591 0.7428, -0.1314 -0.5556 0.7447, -0.1322 -0.5594 0.7447, -0.1307 -0.5557 0.7465, -0.1315 -0.5596 0.7465, -0.1294 -0.556 0.7497, -0.1303 -0.5598 0.7495, -0.1293 -0.556 0.7504, -0.1302 -0.5599 0.7504, -0.1608 -0.5478 0.7334, -0.1619 -0.5515 0.7334, -0.1624 -0.5473 0.7337, -0.1635 -0.5511 0.7337, -0.1708 -0.5447 0.7249, -0.172 -0.5485 0.7249, -0.1704 -0.5448 0.7271, -0.1716 -0.5486 0.7271, -0.1703 -0.5449 0.7277, -0.1714 -0.5486 0.7277, -0.1699 -0.545 0.7287, -0.171 -0.5488 0.7287, -0.1695 -0.5451 0.7296, -0.1706 -0.5489 0.7296, -0.1692 -0.5452 0.73, -0.1703 -0.549 0.73, -0.1683 -0.5455 0.7311, -0.1695 -0.5492 0.7311, -0.1673 -0.5458 0.732, -0.1685 -0.5496 0.732, -0.1669 -0.5459 0.7323, -0.1681 -0.5497 0.7323, -0.1661 -0.5462 0.7327, -0.1673 -0.5499 0.7327, -0.1651 -0.5465 0.7332, -0.1663 -0.5502 0.7331, -0.1646 -0.5466 0.7333, -0.1657 -0.5504 0.7333, -0.1629 -0.5471 0.7161, -0.1641 -0.5509 0.7161, -0.1643 -0.5467 0.7164, -0.1654 -0.5505 0.7164, -0.1649 -0.5465 0.7166, -0.166 -0.5503 0.7166, -0.1659 -0.5462 0.717, -0.1671 -0.55 0.717, -0.1668 -0.5459 0.7175, -0.168 -0.5497 0.7175, -0.1672 -0.5458 0.7178, -0.1684 -0.5496 0.7178, -0.1683 -0.5455 0.7187, -0.1695 -0.5492 0.7187, -0.1683 -0.5455 0.7187, -0.1695 -0.5492 0.7187, -0.1692 -0.5452 0.7198, -0.1704 -0.549 0.7198, -0.1695 -0.5451 0.7202, -0.1706 -0.5489 0.7201, -0.1699 -0.545 0.7211, -0.171 -0.5488 0.7211, -0.1703 -0.5449 0.7221, -0.1715 -0.5486 0.7221, -0.1704 -0.5448 0.7227, -0.1716 -0.5486 0.7227, -0.1484 -0.5512 0.7161, -0.1495 -0.555 0.7161, -0.1476 -0.5515 0.7161, -0.1486 -0.5553 0.7161, -0.1468 -0.5517 0.7161, -0.1478 -0.5555 0.7161, -0.1216 -0.5578 0.7289, -0.1224 -0.5616 0.7289, -0.1262 -0.5567 0.7249, -0.127 -0.5606 0.7249, -0.1281 -0.5563 0.7232, -0.1288 -0.5602 0.7233, -0.1323 -0.5553 0.7209, -0.1332 -0.5591 0.7209, -0.1369 -0.5542 0.7184, -0.1378 -0.558 0.7184, -0.1392 -0.5536 0.7179, -0.1402 -0.5574 0.7179, -0.1113 -0.5599 0.7559, -0.1121 -0.5638 0.7559, -0.1114 -0.5599 0.7553, -0.1129 -0.5636 0.7489, -0.1179 -0.5626 0.7355, -0.1171 -0.5587 0.7355, -0.1165 -0.5629 0.7376, -0.1157 -0.559 0.7376, -0.115 -0.5632 0.7418, -0.1142 -0.5593 0.7418, -0.1131 -0.5636 0.7473, -0.1123 -0.5597 0.7474, -0.1121 -0.5598 0.7489, -0.1388 -0.5537 0.7932, -0.1397 -0.5576 0.7932, -0.1351 -0.5546 0.7914, -0.136 -0.5585 0.7914, -0.1293 -0.556 0.7885, -0.1309 -0.5597 0.789, -0.1284 -0.5562 0.7877, -0.1293 -0.5601 0.7877, -0.1228 -0.5575 0.783, -0.1236 -0.5614 0.7831, -0.1219 -0.5577 0.7822, -0.1234 -0.5614 0.7829, -0.1184 -0.5585 0.7774, -0.1192 -0.5623 0.7774, -0.117 -0.5588 0.7755, -0.1176 -0.5627 0.7753, -0.115 -0.5592 0.771, -0.1157 -0.563 0.771, -0.113 -0.5596 0.7663, -0.1138 -0.5634 0.7665, -0.1126 -0.5597 0.7638, -0.1133 -0.5635 0.7638, -0.1114 -0.5599 0.7564, -0.1501 -0.5508 0.8114, -0.1511 -0.5546 0.8114, -0.1449 -0.5522 0.8051, -0.1463 -0.5559 0.8058, -0.1436 -0.5525 0.8027, -0.1447 -0.5563 0.8027, -0.2255 -0.5287 0.7363, -0.2249 -0.529 0.7361, -0.223 -0.5298 0.7355, -0.223 -0.5298 0.7354, -0.2215 -0.5304 0.7345, -0.2209 -0.5306 0.7341, -0.2201 -0.531 0.7333, -0.2201 -0.531 0.7333, -0.2198 -0.5311 0.733, -0.2189 -0.5315 0.7317, -0.2183 -0.5317 0.7308, -0.218 -0.5319 0.7299, -0.2174 -0.5321 0.7284, -0.2299 -0.5268 0.7361, -0.2273 -0.5279 0.7366, -0.2174 -0.5321 0.7281, -0.2171 -0.5322 0.7262, -0.217 -0.5322 0.726, -0.2172 -0.5322 0.7243, -0.2173 -0.5322 0.723, -0.2175 -0.5321 0.7223, -0.2181 -0.5318 0.7205, -0.2181 -0.5318 0.7204, -0.2191 -0.5314 0.7189, -0.2194 -0.5313 0.7184, -0.2203 -0.5309 0.7174, -0.2204 -0.5309 0.7172, -0.2218 -0.5303 0.7161, -0.2222 -0.5301 0.7158, -0.2232 -0.5297 0.7154, -0.2242 -0.5293 0.7149, -0.2248 -0.529 0.7148, -0.2273 -0.5279 0.7143, -0.2289 -0.5273 0.7146, -0.229 -0.5272 0.7146, -0.231 -0.5264 0.7152, -0.2314 -0.5262 0.7153, -0.2326 -0.5256 0.716, -0.2335 -0.5252 0.7166, -0.234 -0.525 0.7171, -0.2347 -0.5247 0.7178, -0.2352 -0.5245 0.7184, -0.2359 -0.5242 0.7195, -0.2365 -0.5239 0.7206, -0.2367 -0.5238 0.7212, -0.2373 -0.5235 0.723, -0.2373 -0.5235 0.723, -0.2375 -0.5234 0.7249, -0.2376 -0.5234 0.7255, -0.2374 -0.5235 0.7269, -0.2373 -0.5235 0.7281, -0.237 -0.5237 0.7288, -0.2364 -0.5239 0.7306, -0.2364 -0.524 0.7307, -0.2354 -0.5244 0.7322, -0.2351 -0.5245 0.7327, -0.2344 -0.5248 0.7335, -0.2305 -0.5266 0.736, -0.2343 -0.5249 0.7336, -0.2329 -0.5255 0.7347, -0.2325 -0.5257 0.735, -0.2315 -0.5261 0.7355, -0.219 -0.5272 0.7173, -0.2186 -0.5274 0.7176, -0.2258 -0.5243 0.7366, -0.2236 -0.5252 0.7362, -0.2234 -0.5253 0.7361, -0.2215 -0.5261 0.7354, -0.2213 -0.5262 0.7353, -0.22 -0.5268 0.7345, -0.2192 -0.5271 0.7339, -0.2186 -0.5273 0.7333, -0.2186 -0.5274 0.7332, -0.2175 -0.5278 0.732, -0.2174 -0.5279 0.7317, -0.2164 -0.5282 0.7299, -0.2163 -0.5283 0.7297, -0.2159 -0.5285 0.7281, -0.2157 -0.5286 0.7272, -0.2156 -0.5286 0.7262, -0.2156 -0.5286 0.7245, -0.2156 -0.5286 0.7243, -0.216 -0.5284 0.7223, -0.216 -0.5284 0.722, -0.2167 -0.5281 0.7205, -0.217 -0.528 0.7198, -0.2176 -0.5278 0.7189, -0.2203 -0.5266 0.7161, -0.2204 -0.5266 0.7161, -0.2217 -0.5261 0.7154, -0.2258 -0.5243 0.7143, -0.2233 -0.5254 0.7149, -0.2226 -0.5257 0.715, -0.2326 -0.5213 0.7336, -0.233 -0.5212 0.7333, -0.2274 -0.5236 0.7146, -0.2279 -0.5234 0.7147, -0.2294 -0.5228 0.7152, -0.2303 -0.5224 0.7156, -0.231 -0.522 0.716, -0.2323 -0.5214 0.717, -0.2324 -0.5214 0.7171, -0.2331 -0.5211 0.7178, -0.234 -0.5207 0.7189, -0.2343 -0.5206 0.7194, -0.2352 -0.5202 0.7212, -0.2352 -0.5202 0.7212, -0.2357 -0.5199 0.723, -0.2358 -0.5199 0.7233, -0.2359 -0.5199 0.7249, -0.2359 -0.5198 0.7261, -0.2358 -0.5199 0.7269, -0.2355 -0.52 0.7287, -0.2355 -0.52 0.7289, -0.2347 -0.5204 0.7307, -0.2346 -0.5205 0.7311, -0.2338 -0.5208 0.7322, -0.2313 -0.5219 0.7347, -0.2312 -0.522 0.7348, -0.2299 -0.5225 0.7354, -0.2283 -0.5232 0.736, -0.2289 -0.5229 0.7359, -0.2289 -0.5229 0.7359
            ]
        }
        coordIndex [
            0,1,2,-1,2,1,3,-1,2,3,4,-1,4,3,5,-1,4,5,6,-1,6,5,7,-1,6,7,8,-1,8,7,9,-1,8,9,10,-1,10,9,11,-1,10,11,12,-1,12,11,13,-1,14,15,16,-1,16,15,17,-1,16,17,18,-1,18,17,19,-1,18,19,20,-1,20,19,21,-1,21,19,22,-1,21,22,23,-1,23,22,24,-1,23,24,25,-1,1,0,26,-1,26,0,25,-1,26,25,27,-1,27,25,24,-1,15,14,28,-1,28,14,29,-1,28,29,30,-1,30,29,31,-1,30,31,32,-1,32,31,33,-1,33,31,34,-1,33,34,35,-1,36,37,38,-1,38,37,39,-1,38,39,40,-1,40,39,41,-1,40,41,42,-1,42,41,43,-1,42,43,44,-1,44,43,45,-1,44,45,46,-1,46,45,47,-1,46,47,48,-1,48,47,49,-1,48,49,35,-1,35,49,33,-1,50,51,52,-1,52,53,50,-1,50,53,54,-1,50,54,55,-1,55,54,56,-1,55,56,57,-1,57,56,58,-1,57,58,59,-1,59,58,60,-1,59,60,61,-1,61,60,62,-1,61,62,63,-1,63,62,64,-1,63,64,36,-1,36,64,37,-1,65,66,67,-1,67,66,68,-1,67,68,69,-1,69,68,70,-1,69,70,71,-1,71,70,72,-1,71,72,73,-1,73,72,74,-1,73,74,75,-1,75,74,76,-1,75,76,51,-1,51,76,52,-1,77,78,79,-1,79,78,80,-1,79,80,81,-1,81,80,82,-1,81,82,83,-1,83,82,84,-1,83,84,85,-1,85,84,86,-1,85,86,65,-1,65,86,66,-1,87,88,89,-1,89,88,90,-1,89,90,91,-1,91,90,92,-1,91,92,93,-1,94,95,96,-1,96,95,93,-1,96,93,97,-1,97,93,92,-1,78,77,98,-1,98,77,99,-1,98,99,100,-1,100,99,101,-1,100,101,102,-1,102,101,103,-1,102,103,104,-1,104,103,105,-1,104,105,106,-1,106,105,107,-1,106,107,94,-1,94,107,108,-1,94,108,95,-1,109,110,111,-1,111,110,112,-1,111,112,113,-1,113,112,114,-1,113,114,115,-1,115,114,116,-1,115,116,117,-1,117,116,118,-1,117,118,119,-1,119,118,120,-1,119,120,121,-1,121,120,122,-1,121,122,123,-1,123,122,124,-1,123,124,125,-1,125,124,126,-1,125,126,127,-1,127,126,128,-1,127,128,129,-1,129,128,130,-1,129,130,131,-1,131,130,132,-1,131,132,133,-1,133,132,134,-1,133,134,135,-1,135,134,136,-1,135,136,137,-1,88,87,109,-1,109,87,138,-1,109,138,110,-1,139,140,136,-1,136,140,137,-1,141,142,143,-1,143,142,144,-1,143,144,139,-1,139,144,140,-1,142,141,145,-1,145,141,146,-1,145,146,147,-1,145,147,148,-1,145,148,149,-1,149,148,150,-1,149,150,151,-1,152,153,154,-1,154,153,155,-1,155,153,156,-1,155,156,157,-1,152,154,158,-1,158,154,159,-1,158,159,160,-1,160,159,161,-1,161,159,162,-1,161,162,163,-1,164,165,166,-1,166,165,163,-1,166,163,167,-1,167,163,162,-1,151,150,164,-1,164,150,168,-1,164,168,165,-1,169,170,171,-1,171,170,172,-1,171,172,173,-1,173,172,174,-1,173,174,175,-1,175,174,176,-1,175,176,177,-1,177,176,178,-1,177,178,179,-1,179,178,180,-1,179,180,181,-1,181,180,182,-1,181,182,183,-1,183,182,184,-1,183,184,185,-1,185,184,186,-1,185,186,187,-1,187,186,188,-1,187,188,189,-1,189,188,190,-1,189,190,156,-1,156,190,157,-1,191,192,193,-1,193,192,194,-1,193,194,195,-1,195,194,196,-1,195,196,197,-1,197,196,198,-1,197,198,199,-1,170,169,200,-1,200,169,201,-1,200,201,202,-1,202,201,203,-1,202,203,204,-1,204,203,205,-1,204,205,206,-1,206,205,207,-1,206,207,208,-1,208,207,209,-1,208,209,191,-1,191,209,210,-1,191,210,192,-1,211,212,213,-1,213,214,211,-1,211,214,215,-1,211,215,216,-1,216,215,217,-1,216,217,218,-1,218,217,219,-1,218,219,220,-1,220,219,221,-1,220,221,222,-1,222,221,223,-1,222,223,224,-1,224,223,225,-1,224,225,226,-1,226,225,227,-1,226,227,228,-1,228,227,229,-1,228,229,230,-1,230,229,231,-1,230,231,232,-1,232,231,233,-1,232,233,234,-1,234,233,235,-1,234,235,236,-1,236,235,237,-1,236,237,238,-1,238,237,239,-1,238,239,198,-1,198,239,199,-1,240,241,242,-1,242,241,243,-1,242,243,244,-1,244,243,245,-1,244,245,246,-1,246,245,247,-1,246,247,212,-1,212,247,213,-1,248,249,250,-1,250,251,248,-1,248,251,252,-1,248,252,253,-1,253,252,254,-1,253,254,255,-1,256,257,258,-1,258,257,255,-1,258,255,259,-1,259,255,254,-1,260,261,262,-1,262,261,263,-1,262,263,264,-1,264,263,265,-1,264,265,266,-1,266,265,267,-1,266,267,256,-1,256,267,268,-1,256,268,257,-1,241,240,269,-1,269,240,270,-1,269,270,260,-1,260,270,271,-1,260,271,261,-1,272,273,274,-1,274,273,275,-1,274,275,276,-1,276,275,277,-1,276,277,278,-1,278,277,279,-1,278,279,280,-1,280,279,281,-1,280,281,282,-1,282,281,283,-1,282,283,284,-1,284,283,285,-1,284,285,286,-1,286,285,287,-1,286,287,288,-1,288,287,289,-1,288,289,290,-1,290,289,291,-1,290,291,292,-1,292,291,293,-1,292,293,294,-1,294,293,295,-1,294,295,296,-1,296,295,297,-1,296,297,249,-1,249,297,250,-1,298,299,272,-1,272,299,273,-1,300,301,302,-1,302,301,303,-1,302,303,304,-1,304,303,305,-1,304,305,306,-1,306,305,307,-1,306,307,308,-1,308,307,309,-1,308,309,310,-1,310,309,311,-1,310,311,312,-1,312,311,313,-1,312,313,314,-1,299,298,315,-1,315,298,316,-1,315,316,317,-1,317,316,318,-1,317,318,319,-1,319,318,320,-1,319,320,321,-1,321,320,322,-1,321,322,323,-1,323,322,324,-1,323,324,325,-1,325,324,326,-1,325,326,300,-1,300,326,327,-1,300,327,301,-1,328,329,330,-1,330,329,331,-1,330,331,332,-1,332,331,333,-1,332,333,334,-1,334,333,335,-1,334,335,336,-1,336,335,337,-1,336,337,338,-1,338,337,339,-1,338,339,340,-1,340,339,341,-1,340,341,342,-1,342,341,343,-1,342,343,344,-1,344,343,345,-1,344,345,346,-1,346,345,347,-1,346,347,348,-1,348,347,349,-1,348,349,350,-1,350,349,351,-1,350,351,352,-1,352,351,353,-1,352,353,313,-1,313,353,314,-1,354,355,328,-1,328,355,329,-1,356,357,354,-1,354,357,355,-1,358,359,360,-1,360,359,361,-1,360,361,362,-1,362,361,363,-1,362,363,364,-1,364,363,365,-1,364,365,366,-1,366,365,367,-1,366,367,368,-1,368,367,369,-1,368,369,370,-1,370,369,371,-1,370,371,372,-1,372,371,373,-1,372,373,374,-1,374,373,375,-1,374,375,376,-1,376,375,377,-1,376,377,378,-1,378,377,379,-1,378,379,380,-1,380,379,381,-1,380,381,356,-1,356,381,357,-1,382,383,384,-1,384,383,385,-1,384,385,386,-1,386,385,387,-1,386,387,388,-1,388,387,389,-1,388,389,390,-1,390,389,391,-1,390,391,392,-1,392,391,393,-1,392,393,394,-1,394,393,395,-1,394,395,396,-1,396,395,397,-1,396,397,398,-1,398,397,399,-1,398,399,400,-1,400,399,401,-1,400,401,402,-1,402,401,403,-1,402,403,404,-1,404,403,405,-1,404,405,406,-1,406,405,407,-1,406,407,358,-1,358,407,359,-1,408,409,382,-1,382,409,383,-1,410,411,408,-1,408,411,409,-1,412,413,410,-1,410,413,411,-1,414,415,416,-1,416,415,417,-1,416,417,418,-1,418,417,419,-1,418,419,420,-1,420,419,421,-1,420,421,422,-1,422,421,423,-1,422,423,424,-1,424,423,425,-1,424,425,412,-1,412,425,413,-1,426,427,428,-1,428,427,429,-1,415,414,430,-1,430,414,431,-1,430,431,432,-1,432,431,433,-1,432,433,434,-1,434,433,435,-1,434,435,436,-1,436,435,437,-1,436,437,429,-1,429,437,438,-1,429,438,428,-1,439,440,441,-1,441,440,442,-1,441,442,443,-1,443,442,444,-1,443,444,445,-1,445,444,446,-1,445,446,447,-1,447,446,448,-1,447,448,449,-1,449,448,450,-1,449,450,451,-1,451,450,452,-1,451,452,453,-1,453,452,454,-1,453,454,455,-1,455,454,456,-1,455,456,457,-1,457,456,458,-1,457,458,459,-1,459,458,460,-1,459,460,461,-1,461,460,427,-1,461,427,426,-1,12,13,462,-1,462,13,463,-1,462,463,464,-1,464,463,465,-1,464,465,466,-1,466,465,467,-1,466,467,439,-1,439,467,440,-1,275,273,440,-1,440,273,299,-1,299,315,440,-1,440,315,317,-1,440,317,442,-1,442,317,319,-1,442,319,444,-1,444,319,321,-1,444,321,446,-1,446,321,323,-1,446,323,448,-1,448,323,325,-1,448,325,450,-1,325,300,450,-1,450,300,302,-1,450,302,452,-1,452,302,304,-1,452,304,454,-1,454,304,306,-1,454,306,456,-1,456,306,308,-1,456,308,458,-1,458,308,310,-1,458,310,460,-1,460,310,312,-1,460,312,427,-1,427,312,314,-1,427,314,429,-1,429,314,353,-1,429,353,436,-1,436,353,351,-1,436,351,434,-1,434,351,349,-1,434,349,432,-1,432,349,347,-1,432,347,430,-1,430,347,345,-1,430,345,415,-1,415,345,343,-1,415,343,417,-1,355,383,329,-1,329,383,409,-1,343,341,417,-1,417,341,339,-1,417,339,419,-1,419,339,337,-1,419,337,421,-1,421,337,335,-1,421,335,423,-1,423,335,333,-1,423,333,425,-1,425,333,331,-1,425,331,413,-1,413,331,329,-1,413,329,411,-1,411,329,409,-1,355,357,381,-1,375,355,377,-1,377,355,381,-1,377,381,379,-1,375,373,355,-1,355,373,371,-1,355,371,369,-1,369,367,355,-1,355,367,365,-1,355,365,363,-1,363,361,355,-1,355,361,359,-1,355,359,407,-1,407,405,355,-1,355,405,403,-1,355,403,401,-1,401,399,355,-1,355,399,397,-1,355,397,395,-1,395,393,355,-1,355,393,391,-1,355,391,389,-1,389,387,355,-1,355,387,385,-1,355,385,383,-1,26,252,251,-1,26,251,1,-1,1,251,250,-1,1,250,3,-1,3,250,297,-1,3,297,5,-1,5,297,7,-1,7,297,295,-1,7,295,9,-1,9,295,293,-1,9,293,11,-1,293,291,11,-1,11,291,289,-1,11,289,13,-1,13,289,287,-1,13,287,463,-1,287,285,463,-1,463,285,283,-1,463,283,465,-1,465,283,281,-1,465,281,467,-1,467,281,279,-1,467,279,440,-1,440,279,277,-1,440,277,275,-1,468,469,140,-1,140,469,470,-1,140,470,471,-1,471,472,140,-1,140,472,473,-1,140,473,474,-1,474,475,140,-1,140,475,476,-1,140,476,477,-1,477,478,140,-1,140,478,479,-1,140,479,480,-1,481,482,151,-1,151,482,468,-1,480,483,140,-1,140,483,484,-1,140,484,137,-1,137,484,485,-1,137,485,135,-1,135,485,486,-1,135,486,133,-1,133,486,487,-1,133,487,131,-1,131,487,488,-1,131,488,129,-1,129,488,489,-1,129,489,127,-1,127,489,490,-1,127,490,125,-1,125,490,491,-1,125,491,123,-1,123,491,492,-1,123,492,121,-1,121,492,493,-1,121,493,119,-1,119,493,494,-1,119,494,117,-1,117,494,495,-1,117,495,115,-1,115,495,496,-1,115,496,113,-1,113,496,497,-1,113,497,111,-1,111,497,498,-1,111,498,109,-1,109,498,499,-1,109,499,88,-1,88,499,500,-1,88,500,90,-1,90,500,501,-1,90,501,92,-1,92,501,502,-1,92,502,97,-1,502,503,97,-1,97,503,504,-1,97,504,96,-1,96,504,505,-1,96,505,94,-1,94,505,106,-1,505,506,106,-1,106,506,507,-1,106,507,508,-1,508,509,106,-1,106,509,510,-1,106,510,511,-1,512,513,170,-1,170,513,514,-1,514,515,170,-1,170,515,516,-1,170,516,517,-1,517,518,170,-1,170,518,519,-1,170,519,172,-1,172,519,520,-1,172,520,174,-1,520,521,174,-1,174,521,522,-1,174,522,176,-1,176,522,523,-1,176,523,178,-1,178,523,524,-1,178,524,180,-1,166,167,525,-1,481,151,525,-1,525,151,164,-1,525,164,166,-1,167,162,525,-1,525,162,159,-1,525,159,154,-1,154,155,525,-1,525,155,157,-1,525,157,190,-1,524,526,180,-1,180,526,527,-1,180,527,182,-1,182,527,528,-1,182,528,184,-1,184,528,529,-1,184,529,186,-1,186,529,525,-1,186,525,188,-1,188,525,190,-1,32,260,30,-1,30,260,262,-1,30,262,28,-1,28,262,264,-1,28,264,15,-1,15,264,266,-1,15,266,17,-1,17,266,256,-1,17,256,19,-1,19,256,258,-1,19,258,22,-1,22,258,259,-1,252,26,254,-1,254,26,27,-1,254,27,259,-1,259,27,24,-1,259,24,22,-1,243,241,32,-1,32,241,269,-1,32,269,260,-1,78,170,80,-1,80,170,82,-1,82,170,84,-1,84,170,200,-1,84,200,86,-1,86,200,202,-1,86,202,66,-1,66,202,204,-1,66,204,68,-1,68,204,206,-1,68,206,70,-1,206,208,70,-1,70,208,191,-1,70,191,72,-1,72,191,193,-1,72,193,74,-1,74,193,195,-1,74,195,76,-1,76,195,197,-1,76,197,52,-1,52,197,199,-1,52,199,53,-1,53,199,54,-1,54,199,239,-1,54,239,56,-1,56,239,58,-1,58,239,237,-1,58,237,60,-1,60,237,235,-1,60,235,62,-1,62,235,233,-1,62,233,64,-1,64,233,231,-1,64,231,37,-1,231,229,37,-1,37,229,227,-1,37,227,39,-1,39,227,225,-1,39,225,41,-1,41,225,223,-1,41,223,43,-1,43,223,221,-1,43,221,45,-1,221,219,45,-1,45,219,217,-1,45,217,47,-1,47,217,215,-1,47,215,49,-1,49,215,214,-1,49,214,33,-1,214,213,33,-1,33,213,247,-1,33,247,32,-1,32,247,245,-1,32,245,243,-1,78,98,170,-1,170,98,100,-1,170,100,102,-1,511,512,106,-1,106,512,170,-1,106,170,104,-1,104,170,102,-1,468,140,151,-1,151,140,144,-1,151,144,149,-1,149,144,142,-1,149,142,145,-1,495,494,530,-1,530,494,531,-1,482,532,468,-1,468,532,533,-1,468,533,469,-1,469,533,534,-1,469,534,470,-1,470,534,535,-1,470,535,471,-1,471,535,536,-1,471,536,472,-1,472,536,537,-1,472,537,473,-1,473,537,538,-1,473,538,474,-1,474,538,539,-1,474,539,475,-1,475,539,540,-1,475,540,476,-1,476,540,541,-1,476,541,477,-1,477,541,542,-1,477,542,478,-1,478,542,543,-1,478,543,479,-1,479,543,544,-1,479,544,480,-1,480,544,545,-1,480,545,483,-1,483,545,546,-1,483,546,484,-1,484,546,547,-1,484,547,485,-1,485,547,486,-1,547,548,486,-1,486,548,549,-1,486,549,487,-1,487,549,550,-1,487,550,488,-1,488,550,551,-1,488,551,489,-1,489,551,552,-1,489,552,490,-1,490,552,553,-1,490,553,491,-1,491,553,554,-1,491,554,492,-1,492,554,531,-1,492,531,493,-1,493,531,494,-1,530,555,495,-1,495,555,556,-1,495,556,496,-1,496,556,557,-1,558,500,559,-1,559,500,499,-1,559,499,560,-1,560,499,498,-1,560,498,557,-1,557,498,497,-1,557,497,496,-1,527,526,561,-1,561,526,562,-1,500,558,501,-1,501,558,563,-1,501,563,502,-1,502,563,564,-1,502,564,503,-1,503,564,565,-1,503,565,504,-1,504,565,566,-1,504,566,505,-1,505,566,567,-1,505,567,506,-1,506,567,568,-1,506,568,507,-1,507,568,569,-1,507,569,508,-1,508,569,570,-1,508,570,509,-1,509,570,571,-1,509,571,510,-1,510,571,572,-1,510,572,511,-1,511,572,573,-1,511,573,512,-1,512,573,574,-1,512,574,513,-1,513,574,575,-1,513,575,514,-1,514,575,576,-1,514,576,515,-1,515,576,577,-1,515,577,516,-1,516,577,578,-1,516,578,517,-1,517,578,579,-1,517,579,518,-1,518,579,580,-1,518,580,519,-1,519,580,581,-1,519,581,520,-1,520,581,582,-1,520,582,521,-1,521,582,583,-1,521,583,522,-1,522,583,584,-1,522,584,523,-1,523,584,562,-1,523,562,524,-1,524,562,526,-1,561,585,527,-1,527,585,586,-1,527,586,528,-1,528,586,587,-1,532,482,588,-1,588,482,481,-1,588,481,589,-1,589,481,525,-1,589,525,587,-1,587,525,529,-1,587,529,528,-1,
        ]
    }
}
Shape{
    appearance Appearance {
        material  Material 	{
            diffuseColor 0.29411764705882354 1.0 0.615686274509804
            specularColor 0.14901960784313725 0.5019607843137255 0.3058823529411765
            ambientIntensity 0.2
            transparency 0
            shininess 0.5
        }
    }
    geometry IndexedFaceSet {
        ccw TRUE
        solid FALSE
        coord DEF co Coordinate {
            point [
                -0.2186 -0.5273 0.7333, -0.2324 -0.5214 0.7171, -0.2323 -0.5214 0.717, -0.231 -0.522 0.716, -0.2303 -0.5224 0.7156, -0.2294 -0.5228 0.7152, -0.2258 -0.5243 0.7143, -0.2233 -0.5254 0.7149, -0.2274 -0.5236 0.7146, -0.2279 -0.5234 0.7147, -0.2226 -0.5257 0.715, -0.2217 -0.5261 0.7154, -0.2195 -0.527 0.7247, -0.2204 -0.5266 0.7161, -0.2203 -0.5266 0.7161, -0.219 -0.5272 0.7173, -0.2186 -0.5274 0.7176, -0.2176 -0.5278 0.7189, -0.217 -0.528 0.7198, -0.2167 -0.5281 0.7205, -0.216 -0.5284 0.722, -0.216 -0.5284 0.7223, -0.2156 -0.5286 0.7243, -0.2156 -0.5286 0.7245, -0.2156 -0.5286 0.7262, -0.2157 -0.5286 0.7272, -0.2159 -0.5285 0.7281, -0.2163 -0.5283 0.7297, -0.2164 -0.5282 0.7299, -0.2174 -0.5279 0.7317, -0.2175 -0.5278 0.732, -0.2186 -0.5274 0.7332, -0.2192 -0.5271 0.7339, -0.22 -0.5268 0.7345, -0.2357 -0.5199 0.723, -0.2213 -0.5262 0.7353, -0.2215 -0.5261 0.7354, -0.2236 -0.5252 0.7362, -0.2258 -0.5243 0.7366, -0.2283 -0.5232 0.736, -0.232 -0.5216 0.7295, -0.2234 -0.5253 0.7361, -0.2289 -0.5229 0.7359, -0.2299 -0.5225 0.7354, -0.2312 -0.522 0.7348, -0.2313 -0.5219 0.7347, -0.2326 -0.5213 0.7336, -0.233 -0.5212 0.7333, -0.2338 -0.5208 0.7322, -0.2346 -0.5205 0.7311, -0.2347 -0.5204 0.7307, -0.2355 -0.52 0.7289, -0.2355 -0.52 0.7287, -0.2358 -0.5199 0.7269, -0.2359 -0.5198 0.7261, -0.2359 -0.5199 0.7249, -0.2358 -0.5199 0.7233, -0.2352 -0.5202 0.7212, -0.2343 -0.5206 0.7194, -0.2352 -0.5202 0.7212, -0.234 -0.5207 0.7189, -0.2331 -0.5211 0.7178, -0.2331 -0.5211 0.7178
            ]
        }
        coordIndex [
            0,1,2,-1,2,3,0,-1,0,3,4,-1,0,4,5,-1,6,7,8,-1,8,7,0,-1,8,0,9,-1,9,0,5,-1,7,10,0,-1,0,10,11,-1,0,11,12,-1,12,11,13,-1,12,13,14,-1,14,15,12,-1,12,15,16,-1,12,16,17,-1,17,18,12,-1,12,18,19,-1,12,19,20,-1,20,21,12,-1,12,21,22,-1,12,22,23,-1,23,24,12,-1,12,24,25,-1,12,25,26,-1,26,27,12,-1,12,27,28,-1,12,28,29,-1,29,30,12,-1,12,30,31,-1,12,31,0,-1,32,33,34,-1,34,33,35,-1,34,35,36,-1,37,38,39,-1,40,41,37,-1,37,39,40,-1,40,39,42,-1,40,42,43,-1,43,44,40,-1,40,44,45,-1,40,45,46,-1,46,47,40,-1,40,47,48,-1,40,48,49,-1,49,50,40,-1,40,50,51,-1,40,51,52,-1,52,53,40,-1,40,53,54,-1,40,54,55,-1,36,41,34,-1,34,41,40,-1,34,40,56,-1,56,40,55,-1,57,58,0,-1,32,34,0,-1,0,34,59,-1,0,59,57,-1,58,60,0,-1,0,60,61,-1,0,61,1,-1,
        ]
    }
}