#VRML V2.0 utf8
# 3D model generated by easyeda2kicad.py (https://github.com/uPesy/easyeda2kicad.py)

Shape{
    appearance Appearance {
        material  Material 	{
            diffuseColor 0.2235294117647059 0.2235294117647059 0.2235294117647059
            specularColor 0.11372549019607843 0.11372549019607843 0.11372549019607843
            ambientIntensity 0.2
            transparency 0
            shininess 0.5
        }
    }
    geometry IndexedFaceSet {
        ccw TRUE
        solid FALSE
        coord DEF co Coordinate {
            point [
                3.742 0.1983 1.4163, 3.7421 0.1955 1.416, 3.7421 0.2245 1.416, 3.7487 -1.1412 1.3689, 3.7487 -0.9104 1.3689, 3.7421 -0.9104 1.416, 3.7272 0.3888 1.5223, 3.74 0.3916 1.4306, 3.7205 0.4029 1.5698, 3.7421 0.4029 1.416, 3.7419 0.3916 1.417, 3.7421 0.365 1.416, 3.7272 0.3425 1.5223, 3.7325 0.3425 1.4842, 3.7272 0.365 1.5223, 3.7325 0.365 1.4842, 3.7325 0.3854 1.4842, 3.7344 0.3854 1.4706, 3.74 0.365 1.4306, 3.7344 0.365 1.4706, 3.74 0.3425 1.4306, 3.7344 0.3425 1.4706, 3.7419 0.365 1.417, 3.7419 0.327 1.417, 3.7421 0.3189 1.416, 3.7252 0.327 1.536, 3.73 0.2952 1.502, 3.73 0.3108 1.502, 3.7205 0.3189 1.5698, 3.7205 0.365 1.5698, 3.7252 0.365 1.536, 3.7252 0.3888 1.536, 3.739 0.2677 1.4381, 3.74 0.2695 1.4311, 3.74 0.2699 1.4311, 3.7205 0.2525 1.5698, 3.7329 0.2525 1.4813, 3.739 0.2717 1.438, 3.7396 0.2706 1.4341, 3.73 0.2284 1.502, 3.7205 0.2245 1.5698, 3.7385 0.2525 1.4413, 3.73 0.2452 1.502, 3.7421 0.2525 1.416, 3.7421 0.2616 1.416, 3.7419 0.2621 1.4172, 3.7448 0.2525 1.3964, 3.7448 0.2525 1.3964, 3.7441 0.2555 1.4018, 3.7487 0.2245 1.3689, 3.7474 0.2315 1.3782, 3.7455 0.2315 1.3915, 3.7458 0.2401 1.3898, 3.7457 0.2437 1.3902, 3.7472 0.2525 1.3797, 3.7475 0.2473 1.3777, 3.7487 0.2525 1.3689, 3.7476 0.2412 1.377, 3.7475 0.2379 1.3771, 3.7455 0.247 1.3914, 3.7453 0.2497 1.3933, 3.7437 0.2718 1.4042, 3.7456 0.265 1.3911, 3.7487 0.3189 1.3689, 3.7421 0.2765 1.416, 3.7465 0.2595 1.3845, 3.7466 0.2585 1.3836, 3.7472 0.2532 1.38, 3.7109 0.447 1.6382, 3.7109 0.4029 1.6382, 3.7154 0.4592 1.6057, 3.7154 0.4764 1.6057, 3.6987 0.4306 1.7247, 3.7205 1.113 1.5698, 3.6986 1.0911 1.7257, 3.6986 0.4029 1.7257, 3.6987 0.414 1.7247, 3.7028 0.4029 1.6957, 3.7154 0.3683 1.6057, 3.7154 0.3854 1.6057, 3.7109 0.397 1.6382, 3.6986 0.2525 1.7257, 3.6986 0.2245 1.7257, 3.6987 0.2384 1.7247, 3.6987 0.2245 1.7247, 3.7006 0.2384 1.711, 3.7135 0.2412 1.6193, 3.7154 0.2412 1.6057, 3.7006 0.1921 1.711, 3.706 0.1921 1.6729, 3.7006 0.2245 1.711, 3.706 0.2245 1.6729, 3.706 0.235 1.6729, 3.7079 0.235 1.6593, 3.7135 0.2245 1.6193, 3.7079 0.2245 1.6593, 3.7135 0.1921 1.6193, 3.7079 0.1921 1.6593, 3.6987 0.1766 1.7247, 3.6986 0.1696 1.7257, 3.7154 0.1766 1.6057, 3.7347 0.5115 1.4685, 3.7366 0.5082 1.4549, 3.7419 0.5187 1.417, 3.7383 0.5019 1.4428, 3.7396 0.4939 1.4337, 3.7252 0.5644 1.536, 3.7252 0.581 1.536, 3.7252 0.4485 1.536, 3.7255 0.4669 1.534, 3.7334 0.512 1.478, 3.7311 0.5101 1.4943, 3.7409 0.4812 1.4247, 3.7416 0.4675 1.4195, 3.7419 0.4473 1.417, 3.7274 0.4939 1.5202, 3.728 0.4982 1.516, 3.7295 0.5057 1.5056, 3.7374 0.5974 1.4496, 3.7374 0.5474 1.4496, 3.7419 0.6096 1.417, 3.7419 0.5358 1.417, 3.7421 1.1346 1.416, 3.7262 0.4814 1.5287, 3.7419 0.6268 1.417, 3.7419 0.4143 1.417, 3.7252 0.4143 1.536, 3.7795 1.172 1.1496, 3.7487 1.1412 1.3689, 3.7795 1.1713 1.1496, 3.7487 0.4029 1.3689, 3.7795 -1.172 1.1496, 3.7795 -1.1713 1.1496, 3.7421 -1.1346 1.416, 3.7205 -0.9104 1.5698, 3.7205 -1.113 1.5698, 3.6986 -0.9104 1.7257, 3.6986 -1.0911 1.7257, 3.6819 -0.9104 1.8444, 3.6819 -1.0744 1.8444, 3.6991 0.1525 1.7218, 3.6986 0.1417 1.7251, 3.6986 0.1361 1.7257, 3.7154 0.2245 1.6057, 3.7205 0.1696 1.5698, 3.7014 0.1525 1.7057, 3.7138 0.1215 1.6174, 3.7137 0.1287 1.6177, 3.7006 0.1371 1.7115, 3.7004 0.1242 1.7128, 3.7022 0.0915 1.6996, 3.7024 0.0906 1.6986, 3.7035 0.0848 1.6903, 3.705 0.0808 1.68, 3.7133 0.142 1.6205, 3.7127 0.1525 1.6254, 3.7147 0.1525 1.6106, 3.7149 0.1505 1.6096, 3.7152 0.098 1.607, 3.7145 0.0868 1.6126, 3.7205 0.068 1.5698, 3.7134 0.078 1.6199, 3.7133 0.0769 1.6211, 3.7073 0.0789 1.6638, 3.7075 0.0789 1.6621, 3.7095 0.0809 1.6477, 3.7124 0.0935 1.6272, 3.7132 0.1014 1.6218, 3.7136 0.1101 1.6187, 3.7011 0.1495 1.7073, 3.7004 0.1195 1.7126, 3.7007 0.1091 1.7106, 3.7013 0.0996 1.7063, 3.7109 0.0847 1.6381, 3.712 0.0907 1.6299, 3.7155 0.1376 1.6054, 3.7157 0.1193 1.6037, 3.7156 0.1108 1.6042, 3.6984 0.1263 1.7266, 3.6819 0.1696 1.8444, 3.6984 0.1241 1.7267, 3.6819 0.068 1.8444, 3.6986 0.1157 1.7257, 3.6994 0.0942 1.7198, 3.6987 0.1068 1.7246, 3.6986 0.068 1.7257, 3.7022 0.0723 1.6996, 3.7009 0.0799 1.7091, 3.7005 0.0826 1.7117, 3.7118 0.0698 1.6313, 3.7112 0.068 1.6359, 3.7205 0.0608 1.5698, 3.6986 0.0608 1.7257, 3.704 0.0662 1.6867, 3.7035 0.068 1.6905, 3.7101 0.0649 1.6437, 3.7074 0.0626 1.6629, 3.7062 0.063 1.6716, 3.6986 0.3189 1.7257, 3.6991 0.3189 1.7218, 3.6986 0.365 1.7257, 3.6997 0.3309 1.7174, 3.703 0.3552 1.6943, 3.7046 0.3597 1.683, 3.7069 0.3616 1.6667, 3.7082 0.3611 1.6572, 3.7101 0.3578 1.6436, 3.7118 0.3515 1.6315, 3.7009 0.3435 1.7089, 3.7015 0.3478 1.7047, 3.715 0.3189 1.6088, 3.7143 0.3308 1.6134, 3.7131 0.3435 1.6224, 3.6987 0.2981 1.7247, 3.699 0.3165 1.7226, 3.7151 0.3171 1.6081, 3.7154 0.2969 1.6057, 3.7154 0.2638 1.6057, 3.6987 0.2638 1.7247, 3.7418 0.1144 1.4181, 3.7421 0.1087 1.416, 3.7419 0.1272 1.417, 3.7413 0.1197 1.4216, 3.7421 0.068 1.416, 3.7404 0.0759 1.428, 3.7397 0.0741 1.433, 3.7301 0.1264 1.5013, 3.7318 0.1651 1.4892, 3.7312 0.1679 1.4932, 3.7418 0.0858 1.4182, 3.7421 0.0915 1.4161, 3.7421 0.0918 1.416, 3.7363 0.0792 1.4573, 3.7357 0.0838 1.4613, 3.7329 0.0817 1.4816, 3.7353 0.09 1.4646, 3.732 0.0914 1.4877, 3.7348 0.1018 1.4675, 3.7315 0.1149 1.4913, 3.7314 0.1099 1.4918, 3.7316 0.1008 1.4909, 3.7413 0.0807 1.4217, 3.741 0.079 1.4234, 3.7387 0.0733 1.4398, 3.7377 0.0741 1.4471, 3.7305 0.1314 1.4986, 3.731 0.1354 1.4949, 3.7325 0.1633 1.4844, 3.7317 0.1386 1.4902, 3.7326 0.141 1.4836, 3.7401 0.1272 1.4302, 3.7401 0.1268 1.4302, 3.7406 0.1245 1.4266, 3.7305 0.0868 1.4988, 3.7308 0.0817 1.496, 3.737 0.076 1.4525, 3.7299 0.0983 1.5026, 3.7297 0.1113 1.5039, 3.7298 0.1199 1.5032, 3.7351 0.167 1.4656, 3.7347 0.1651 1.4687, 3.7343 0.1423 1.4717, 3.734 0.1634 1.4733, 3.7332 0.1627 1.4791, 3.7344 0.1272 1.471, 3.7334 0.1267 1.4776, 3.7327 0.1251 1.4829, 3.7323 0.1234 1.486, 3.7355 0.1695 1.4631, 3.7394 0.1627 1.4354, 3.7355 0.1696 1.463, 3.7398 0.1679 1.4321, 3.7399 0.1696 1.4315, 3.7319 0.1211 1.4884, 3.7317 0.1184 1.4901, 3.7422 0.1005 1.415, 3.7487 0.068 1.3689, 3.7421 0.1083 1.4159, 3.7487 0.1696 1.3689, 3.7415 0.1627 1.42, 3.7419 0.1423 1.417, 3.7419 0.1696 1.4176, 3.7421 0.1696 1.416, 3.742 0.1727 1.4164, 3.7421 0.1766 1.416, 3.7422 0.1859 1.415, 3.7457 0.2346 1.3905, 3.7303 0.1765 1.4997, 3.7299 0.1847 1.5026, 3.7367 0.2156 1.4542, 3.7373 0.2184 1.4501, 3.7323 0.2165 1.4857, 3.7307 0.1724 1.4972, 3.7402 0.218 1.4294, 3.7408 0.2152 1.4255, 3.731 0.1696 1.4947, 3.7379 0.22 1.4457, 3.7387 0.2206 1.4401, 3.7395 0.2199 1.4342, 3.7297 0.1962 1.5039, 3.7303 0.2165 1.5002, 3.7298 0.2058 1.5032, 3.7413 0.2109 1.4218, 3.7416 0.2065 1.4192, 3.7314 0.1947 1.4918, 3.7315 0.1902 1.4915, 3.733 0.1783 1.4804, 3.7316 0.1862 1.4904, 3.7319 0.1828 1.4887, 3.7333 0.1784 1.4784, 3.7336 0.179 1.4761, 3.7339 0.1801 1.4741, 3.7341 0.1815 1.4725, 3.7346 0.1868 1.4692, 3.7316 0.2052 1.4906, 3.7352 0.1962 1.4652, 3.7321 0.2137 1.4873, 3.7355 0.202 1.4629, 3.7363 0.212 1.4574, 3.7322 0.1806 1.4867, 3.7324 0.1793 1.4848, 3.7327 0.1785 1.4828, 3.7403 0.1773 1.4284, 3.7367 0.1855 1.4544, 3.7361 0.1766 1.4584, 3.7405 0.1874 1.4272, 3.7405 0.1881 1.4272, 3.7373 0.1954 1.4503, 3.7404 0.1958 1.4281, 3.7389 0.2051 1.4387, 3.7386 0.205 1.4405, 3.7402 0.1997 1.4295, 3.7401 0.201 1.4303, 3.7399 0.2028 1.4318, 3.7396 0.2041 1.4337, 3.7393 0.2048 1.4358, 3.7383 0.2043 1.4429, 3.738 0.2032 1.4448, 3.7378 0.2013 1.4468, 3.6969 -0.2715 1.7373, 3.6986 -0.2541 1.7257, 3.6986 -0.0548 1.7257, 3.7004 -0.2347 1.7126, 3.705 -0.2063 1.68, 3.7205 -0.1108 1.5698, 3.7205 -0.0548 1.5698, 3.7178 -0.1184 1.5885, 3.7145 -0.1358 1.6125, 3.7117 -0.159 1.6319, 3.7098 -0.1886 1.6458, 3.71 -0.1844 1.6444, 3.6971 -0.4324 1.7364, 3.6949 -0.393 1.7514, 3.6942 -0.3508 1.7566, 3.6819 -0.0548 1.8444, 3.6948 -0.3142 1.7526, 3.6986 -0.4499 1.7257, 3.6989 -0.4533 1.7236, 3.7132 -0.6292 1.6214, 3.7096 -0.6087 1.6475, 3.7044 -0.5441 1.6839, 3.7039 -0.5105 1.6881, 3.7013 -0.4733 1.7066, 3.7039 -0.5007 1.6875, 3.7041 -0.4908 1.6864, 3.7088 -0.6029 1.6529, 3.7061 -0.5758 1.6718, 3.7392 -0.5863 1.4364, 3.7361 -0.613 1.4589, 3.7413 -0.5555 1.4215, 3.7322 -0.6324 1.4865, 3.7278 -0.6447 1.5179, 3.7231 -0.6488 1.5511, 3.722 -0.6486 1.5592, 3.7205 -0.6467 1.5698, 3.7175 -0.6428 1.591, 3.7494 -0.4869 1.364, 3.7487 -0.4988 1.3689, 3.7482 -0.5066 1.3722, 3.7418 -0.5446 1.4183, 3.7421 -0.5436 1.416, 3.7443 -0.5361 1.4001, 3.7465 -0.5233 1.3846, 3.7795 -0.9104 1.1496, 3.7487 -0.4282 1.3689, 3.7495 -0.4428 1.3633, 3.7795 -0.0548 1.1496, 3.7498 -0.4635 1.3608, 3.7498 -0.4668 1.3609, 3.7421 -0.3835 1.416, 3.7421 -0.3836 1.4156, 3.7487 -0.0548 1.3689, 3.7448 -0.3937 1.3968, 3.7468 -0.4068 1.3823, 3.7485 -0.4238 1.3706, 3.7351 -0.2745 1.4659, 3.7348 -0.2686 1.4682, 3.728 -0.2586 1.5164, 3.73 -0.3995 1.502, 3.7217 -0.285 1.5612, 3.7281 -0.4144 1.5155, 3.7268 -0.4325 1.5251, 3.7356 -0.2797 1.4622, 3.7334 -0.1186 1.4781, 3.7367 -0.1356 1.4547, 3.7421 -0.0548 1.416, 3.7244 -0.1574 1.5417, 3.7221 -0.1614 1.5579, 3.7205 -0.1679 1.5698, 3.7205 -0.5929 1.5698, 3.7215 -0.1079 1.5626, 3.7254 -0.104 1.535, 3.7296 -0.1079 1.5049, 3.7346 -0.262 1.4691, 3.7346 -0.2612 1.469, 3.7347 -0.2586 1.4684, 3.7276 -0.5878 1.519, 3.73 -0.5777 1.5019, 3.7312 -0.5344 1.4931, 3.7322 -0.5624 1.4863, 3.7338 -0.5438 1.475, 3.7273 -0.5028 1.5211, 3.729 -0.5203 1.5091, 3.7229 -0.595 1.5528, 3.7247 -0.594 1.5397, 3.7263 -0.4839 1.5283, 3.726 -0.4635 1.5308, 3.726 -0.4532 1.5302, 3.7394 -0.1588 1.4352, 3.7412 -0.1849 1.4226, 3.742 -0.2133 1.4166, 3.7383 -0.2885 1.4428, 3.7378 -0.2882 1.4462, 3.7368 -0.3781 1.4538, 3.7369 -0.2865 1.4526, 3.7361 -0.2832 1.4584, 3.7318 -0.1743 1.4894, 3.7299 -0.1649 1.5026, 3.7278 -0.159 1.5177, 3.7255 -0.157 1.5342, 3.742 -0.2637 1.4166, 3.7419 -0.2685 1.4174, 3.7416 -0.2742 1.4196, 3.741 -0.2797 1.4235, 3.7408 -0.2817 1.4255, 3.74 -0.2854 1.4308, 3.7392 -0.2877 1.4365, 3.7392 -0.3786 1.4365, 3.738 -0.3781 1.4454, 3.7348 -0.2569 1.4682, 3.7348 -0.2184 1.4682, 3.7343 -0.2031 1.4711, 3.7334 -0.188 1.4781, 3.7319 -0.1754 1.4883, 3.7091 -0.2488 1.651, 3.7059 -0.2681 1.6738, 3.7128 -0.4644 1.6246, 3.7056 -0.2702 1.6756, 3.7033 -0.2942 1.6921, 3.709 -0.4513 1.6514, 3.7123 -0.4704 1.6279, 3.7113 -0.4895 1.6348, 3.7201 -0.1694 1.5725, 3.7186 -0.1792 1.5833, 3.7162 -0.2236 1.6001, 3.7173 -0.1924 1.5924, 3.7165 -0.2073 1.5981, 3.7162 -0.2304 1.6001, 3.7129 -0.2357 1.6238, 3.7117 -0.5397 1.6319, 3.7132 -0.5587 1.6219, 3.711 -0.5186 1.6369, 3.715 -0.5733 1.609, 3.7173 -0.5851 1.5921, 3.7058 -0.4322 1.6741, 3.7019 -0.321 1.7023, 3.7035 -0.4093 1.6906, 3.7014 -0.3499 1.7058, 3.7019 -0.3814 1.7018, 3.711 -0.5096 1.6373, 3.72 -0.5925 1.5733, 3.6695 -1.062 1.9322, 3.6695 -0.9104 1.9322, 3.6695 -0.0548 1.9322, 3.6695 0.0608 1.9322, 3.6819 0.0608 1.8444, 3.6695 0.068 1.9322, 3.6695 0.1696 1.9322, 3.6695 0.2245 1.9322, 3.6819 0.2245 1.8444, 3.6695 0.2525 1.9322, 3.6819 0.2525 1.8444, 3.6695 0.3189 1.9322, 3.6819 0.3189 1.8444, 3.6695 0.365 1.9322, 3.6819 0.365 1.8444, 3.6695 0.4029 1.9322, 3.6819 0.4029 1.8444, 3.6695 1.062 1.9322, 3.6819 1.0744 1.8444, 3.6987 0.0099 1.7247, 3.7135 0.0099 1.6193, 3.7135 0.0577 1.6193, 3.7154 -0.0056 1.6057, 3.6987 -0.0056 1.7247, 3.7154 0.0577 1.6057, 3.74 0.0589 1.4306, 3.7419 0.0589 1.417, 3.7421 0.0608 1.416, 3.7419 -0.0056 1.417, 3.7272 0.0562 1.5223, 3.7252 -0.0056 1.536, 3.7252 0.0562 1.536, 3.7344 0.0099 1.4706, 3.74 0.0099 1.4306, 3.7344 0.0528 1.4706, 3.7325 0.0528 1.4842, 3.7325 0.0099 1.4842, 3.7272 0.0099 1.5223, 3.7487 0.365 1.3689, 3.7487 0.0608 1.3689, 3.7795 0.0608 1.1496, 3.7795 0.068 1.1496, 3.7795 0.1696 1.1496, 3.7795 0.2245 1.1496, 3.7795 0.2525 1.1496, 3.7795 0.3189 1.1496, 3.7795 0.365 1.1496, 3.7795 0.4029 1.1496, -3.7008 1.25 1.0512, -3.7008 1.25 1.1496, -3.2874 1.25 1.0512, -3.2874 1.25 1.1496, -2.7126 1.25 1.1496, -2.2874 1.25 1.1496, -2.7126 1.25 1.0512, -2.2874 1.25 1.0512, -1.7126 1.25 1.1496, -1.2874 1.25 1.1496, -1.7126 1.25 1.0512, -1.2874 1.25 1.0512, -0.7126 1.25 1.1496, -0.2874 1.25 1.1496, -0.7126 1.25 1.0512, -0.2874 1.25 1.0512, 0.2874 1.25 1.1496, 0.7126 1.25 1.1496, 0.2874 1.25 1.0512, 0.7126 1.25 1.0512, 1.2874 1.25 1.1496, 1.7126 1.25 1.1496, 1.2874 1.25 1.0512, 1.7126 1.25 1.0512, 1.7126 1.25 1.0512
            ]
        }
        coordIndex [
            0,1,2,-1,3,4,5,-1,6,7,8,-1,8,7,9,-1,9,7,10,-1,9,10,11,-1,12,13,14,-1,14,13,15,-1,14,15,6,-1,6,15,16,-1,6,16,7,-1,7,16,17,-1,7,17,18,-1,18,17,19,-1,18,19,20,-1,20,19,21,-1,10,22,11,-1,11,22,23,-1,11,23,24,-1,24,23,25,-1,26,27,28,-1,27,24,28,-1,28,24,25,-1,28,25,29,-1,29,25,30,-1,29,30,8,-1,8,30,31,-1,8,31,6,-1,32,33,34,-1,28,35,26,-1,26,35,36,-1,26,36,37,-1,37,36,32,-1,37,32,38,-1,38,32,34,-1,39,40,2,-1,39,2,41,-1,40,39,35,-1,35,39,42,-1,35,42,36,-1,2,43,41,-1,41,43,44,-1,41,44,45,-1,46,47,43,-1,43,47,48,-1,43,48,44,-1,49,50,51,-1,43,52,53,-1,54,55,56,-1,56,55,57,-1,56,57,49,-1,49,57,58,-1,49,58,50,-1,53,59,43,-1,43,59,60,-1,43,60,46,-1,61,62,63,-1,61,63,64,-1,62,65,63,-1,63,65,66,-1,63,66,56,-1,56,66,67,-1,56,67,54,-1,68,69,70,-1,70,69,8,-1,70,8,71,-1,72,71,73,-1,73,74,72,-1,72,74,75,-1,72,75,76,-1,76,75,77,-1,78,29,79,-1,79,29,8,-1,79,8,80,-1,80,8,69,-1,81,82,83,-1,83,82,84,-1,83,85,81,-1,81,85,86,-1,81,86,35,-1,35,86,87,-1,35,87,40,-1,88,89,90,-1,90,89,91,-1,90,91,85,-1,85,91,92,-1,85,92,86,-1,86,92,93,-1,86,93,94,-1,94,93,95,-1,94,95,96,-1,96,95,97,-1,84,82,98,-1,98,82,99,-1,98,99,100,-1,101,102,103,-1,103,102,104,-1,103,104,105,-1,8,106,107,-1,108,109,8,-1,101,103,110,-1,110,103,106,-1,110,106,111,-1,105,112,103,-1,103,112,113,-1,103,113,114,-1,115,116,106,-1,106,116,117,-1,106,117,111,-1,118,119,120,-1,120,119,121,-1,120,121,122,-1,8,109,106,-1,106,109,123,-1,106,123,115,-1,71,8,73,-1,73,8,107,-1,73,107,122,-1,122,107,124,-1,122,124,120,-1,121,103,122,-1,122,103,114,-1,122,114,9,-1,9,114,125,-1,9,125,8,-1,8,125,126,-1,8,126,108,-1,127,128,129,-1,129,128,130,-1,3,131,132,-1,3,5,133,-1,133,5,134,-1,133,134,135,-1,135,134,136,-1,135,136,137,-1,137,136,138,-1,137,138,139,-1,140,99,141,-1,141,99,142,-1,143,100,144,-1,144,100,99,-1,144,99,145,-1,145,99,140,-1,146,147,145,-1,148,149,150,-1,151,152,145,-1,145,152,153,-1,147,154,145,-1,145,154,155,-1,145,155,144,-1,144,155,156,-1,144,156,157,-1,158,159,160,-1,160,159,161,-1,160,161,162,-1,153,163,145,-1,145,163,164,-1,145,164,165,-1,166,167,145,-1,145,167,168,-1,145,168,146,-1,151,145,150,-1,150,145,169,-1,150,169,148,-1,149,170,150,-1,150,170,171,-1,150,171,172,-1,165,173,145,-1,145,173,174,-1,145,174,166,-1,157,175,144,-1,144,175,176,-1,144,176,160,-1,160,176,177,-1,160,177,158,-1,178,179,180,-1,180,179,181,-1,180,181,182,-1,183,184,185,-1,186,187,185,-1,185,187,188,-1,185,188,183,-1,162,189,160,-1,160,189,190,-1,160,190,191,-1,192,193,185,-1,185,193,194,-1,185,194,186,-1,190,195,191,-1,191,195,196,-1,191,196,192,-1,192,196,197,-1,192,197,193,-1,198,199,200,-1,200,199,201,-1,202,203,200,-1,200,203,204,-1,205,206,29,-1,29,206,207,-1,201,208,200,-1,200,208,209,-1,200,209,202,-1,210,28,211,-1,211,28,29,-1,211,29,212,-1,212,29,207,-1,77,75,78,-1,78,75,200,-1,78,200,29,-1,29,200,204,-1,29,204,205,-1,81,213,198,-1,198,213,214,-1,198,214,199,-1,210,215,28,-1,28,215,216,-1,28,216,35,-1,35,216,217,-1,35,217,81,-1,81,217,218,-1,81,218,213,-1,219,220,221,-1,219,221,222,-1,223,224,225,-1,226,227,228,-1,229,223,230,-1,230,223,231,-1,232,233,234,-1,234,233,235,-1,234,235,236,-1,236,235,237,-1,238,239,237,-1,237,239,240,-1,237,240,236,-1,229,241,223,-1,223,241,242,-1,223,242,224,-1,243,244,160,-1,226,245,227,-1,227,245,246,-1,227,246,247,-1,247,246,248,-1,247,248,249,-1,250,251,221,-1,221,251,252,-1,221,252,222,-1,253,160,254,-1,254,160,244,-1,254,244,234,-1,234,244,255,-1,234,255,232,-1,253,256,160,-1,160,256,257,-1,160,257,258,-1,259,260,261,-1,261,260,262,-1,261,262,249,-1,249,262,263,-1,249,263,247,-1,264,265,237,-1,237,265,266,-1,237,266,267,-1,268,269,270,-1,270,269,271,-1,270,271,272,-1,267,273,237,-1,237,273,274,-1,237,274,238,-1,275,276,277,-1,277,276,278,-1,277,278,220,-1,268,259,269,-1,269,259,261,-1,269,261,279,-1,279,261,280,-1,279,280,281,-1,281,280,282,-1,281,282,283,-1,283,282,284,-1,285,284,278,-1,278,284,282,-1,278,282,220,-1,220,282,280,-1,220,280,221,-1,285,278,1,-1,1,278,49,-1,1,49,2,-1,2,49,51,-1,2,51,43,-1,43,51,286,-1,43,286,52,-1,287,288,144,-1,289,290,291,-1,287,144,292,-1,2,293,294,-1,258,226,160,-1,160,226,228,-1,160,228,144,-1,144,228,295,-1,144,295,292,-1,296,297,2,-1,2,297,298,-1,2,298,293,-1,288,299,144,-1,144,299,40,-1,144,40,143,-1,143,40,87,-1,290,296,291,-1,291,296,2,-1,291,2,300,-1,300,2,40,-1,300,40,301,-1,301,40,299,-1,294,302,2,-1,2,302,303,-1,2,303,0,-1,304,305,306,-1,306,305,307,-1,306,307,308,-1,306,309,304,-1,304,309,310,-1,304,310,311,-1,311,312,304,-1,304,312,313,-1,304,313,314,-1,314,313,315,-1,314,315,316,-1,316,315,317,-1,316,317,291,-1,291,317,318,-1,291,318,289,-1,319,320,308,-1,308,320,321,-1,308,321,306,-1,322,323,272,-1,272,323,324,-1,272,324,270,-1,322,325,323,-1,323,325,326,-1,323,326,327,-1,327,326,328,-1,327,329,330,-1,328,331,327,-1,327,331,332,-1,327,332,333,-1,333,334,327,-1,327,334,335,-1,327,335,329,-1,330,336,327,-1,327,336,337,-1,327,337,338,-1,339,340,341,-1,341,340,342,-1,341,342,343,-1,344,345,346,-1,346,345,341,-1,346,341,347,-1,347,341,348,-1,343,349,341,-1,341,349,350,-1,341,350,348,-1,351,352,138,-1,138,352,353,-1,138,353,354,-1,354,353,355,-1,351,138,356,-1,356,138,136,-1,356,136,357,-1,136,358,359,-1,136,360,357,-1,357,360,361,-1,357,361,362,-1,362,361,363,-1,362,363,364,-1,359,365,136,-1,136,365,366,-1,136,366,360,-1,367,368,5,-1,367,5,369,-1,368,370,5,-1,5,370,371,-1,5,371,134,-1,134,371,372,-1,372,373,134,-1,134,373,374,-1,134,374,136,-1,136,374,375,-1,136,375,358,-1,376,377,4,-1,4,377,378,-1,379,369,380,-1,380,369,5,-1,380,5,381,-1,381,5,4,-1,381,4,382,-1,382,4,378,-1,3,132,4,-1,4,132,383,-1,4,383,376,-1,384,385,386,-1,386,385,387,-1,386,387,383,-1,383,387,388,-1,383,388,376,-1,389,390,391,-1,390,392,391,-1,391,392,393,-1,391,393,394,-1,395,396,397,-1,398,399,400,-1,400,399,401,-1,395,397,402,-1,403,404,405,-1,406,407,399,-1,399,407,408,-1,399,408,409,-1,344,410,345,-1,345,410,411,-1,345,411,405,-1,405,411,412,-1,405,412,403,-1,396,413,397,-1,397,413,414,-1,397,414,415,-1,416,417,418,-1,418,417,419,-1,418,419,420,-1,421,409,422,-1,422,409,423,-1,422,423,418,-1,418,423,424,-1,418,424,416,-1,421,425,409,-1,409,425,426,-1,409,426,399,-1,399,426,427,-1,399,427,401,-1,404,428,405,-1,405,428,429,-1,405,429,430,-1,431,432,433,-1,433,432,434,-1,433,434,397,-1,397,434,435,-1,397,435,402,-1,436,437,397,-1,397,437,438,-1,397,438,399,-1,399,438,439,-1,399,439,406,-1,440,441,389,-1,441,442,389,-1,389,442,443,-1,389,443,444,-1,444,445,389,-1,389,445,446,-1,389,446,447,-1,447,446,431,-1,447,431,448,-1,448,431,433,-1,415,449,397,-1,397,449,450,-1,397,450,451,-1,451,452,397,-1,397,452,453,-1,397,453,436,-1,454,455,456,-1,455,457,456,-1,456,457,458,-1,456,458,459,-1,408,456,409,-1,409,456,460,-1,409,460,461,-1,462,463,464,-1,464,463,465,-1,464,465,466,-1,462,464,408,-1,408,464,467,-1,408,467,456,-1,456,467,468,-1,456,468,454,-1,469,470,471,-1,471,470,472,-1,471,472,473,-1,459,458,474,-1,474,458,475,-1,474,475,476,-1,476,475,477,-1,476,477,478,-1,461,479,409,-1,409,479,471,-1,409,471,480,-1,480,471,473,-1,481,139,482,-1,482,139,138,-1,482,138,483,-1,483,138,354,-1,483,354,484,-1,484,354,485,-1,484,485,486,-1,486,485,181,-1,486,181,487,-1,487,181,179,-1,487,179,488,-1,488,179,489,-1,488,489,490,-1,490,489,491,-1,490,491,492,-1,492,491,493,-1,492,493,494,-1,494,493,495,-1,494,495,496,-1,496,495,497,-1,496,497,498,-1,498,497,499,-1,178,142,179,-1,179,142,99,-1,179,99,489,-1,489,99,82,-1,489,82,491,-1,491,82,81,-1,491,81,493,-1,493,81,198,-1,493,198,495,-1,495,198,200,-1,495,200,497,-1,497,200,75,-1,497,75,499,-1,499,75,74,-1,355,339,354,-1,354,339,341,-1,354,341,485,-1,485,341,192,-1,485,192,181,-1,181,192,185,-1,181,185,182,-1,182,185,184,-1,500,501,502,-1,503,504,341,-1,341,504,500,-1,341,500,192,-1,192,500,502,-1,192,502,191,-1,191,502,505,-1,191,505,345,-1,345,505,503,-1,345,503,341,-1,506,507,508,-1,508,507,509,-1,508,509,405,-1,225,243,223,-1,223,243,160,-1,223,160,508,-1,508,160,191,-1,508,191,506,-1,506,191,510,-1,405,509,345,-1,345,509,511,-1,345,511,191,-1,191,511,512,-1,191,512,510,-1,513,514,515,-1,515,514,506,-1,515,506,516,-1,516,506,510,-1,516,510,517,-1,517,510,518,-1,27,64,24,-1,24,64,63,-1,24,63,11,-1,11,63,519,-1,11,519,9,-1,9,519,130,-1,9,130,122,-1,122,130,128,-1,275,231,276,-1,276,231,223,-1,276,223,520,-1,520,223,508,-1,520,508,391,-1,391,508,405,-1,391,405,389,-1,389,405,430,-1,389,430,440,-1,394,384,391,-1,391,384,386,-1,391,386,520,-1,520,386,521,-1,520,521,276,-1,276,521,522,-1,276,522,278,-1,278,522,523,-1,278,523,49,-1,49,523,524,-1,49,524,56,-1,56,524,525,-1,56,525,63,-1,63,525,526,-1,63,526,519,-1,519,526,527,-1,519,527,130,-1,130,527,528,-1,130,528,129,-1,529,530,531,-1,531,530,532,-1,533,534,535,-1,535,534,536,-1,537,538,539,-1,539,538,540,-1,541,542,543,-1,543,542,544,-1,545,546,547,-1,547,546,548,-1,549,550,551,-1,551,550,552,-1,
        ]
    }
}
Shape{
    appearance Appearance {
        material  Material 	{
            diffuseColor 0.6470588235294118 0.6196078431372549 0.5882352941176471
            specularColor 0.45098039215686275 0.43529411764705883 0.4117647058823529
            ambientIntensity 0.2
            transparency 0
            shininess 0.5
        }
    }
    geometry IndexedFaceSet {
        ccw TRUE
        solid FALSE
        coord DEF co Coordinate {
            point [
                -3.1 -1.4508 0.0083, -3.1126 -1.4508 0.0274, -2.9 -1.4508 0.0083, -3.2644 -1.4508 0.2083, -2.8874 -1.4508 0.0274, -3.2769 -1.4508 0.2274, -2.7126 -1.4508 0.9626, -2.7126 -1.4508 0.2716, -3.2874 -1.4508 0.9626, -2.7153 -1.4508 0.2489, -3.2847 -1.4508 0.2489, -3.2874 -1.4508 0.2716, -2.7356 -1.4508 0.2083, -2.7231 -1.4508 0.2274, -3.0922 -1.4508 -0.0131, -2.9078 -1.4508 -0.0131, -3.0896 -1.4508 -0.0358, -2.9104 -1.4508 -0.0358, -3.0896 -1.4508 -1.1614, -2.9104 -1.4508 -1.1614, -3.0866 -1.4508 -1.1855, -3.0778 -1.4508 -1.208, -2.9134 -1.4508 -1.1855, -2.9222 -1.4508 -1.208, -2.9362 -1.4508 -1.2278, -2.9546 -1.4508 -1.2435, -3.0638 -1.4508 -1.2278, -3.0454 -1.4508 -1.2435, -3.0237 -1.4508 -1.2543, -2.9763 -1.4508 -1.2543, -3.0 -1.4508 -1.2594, -3.1 -1.5492 0.0083, -3.0922 -1.5492 -0.0131, -2.9 -1.5492 0.0083, -3.1126 -1.5492 0.0274, -3.2874 -1.5492 0.2716, -3.2847 -1.5492 0.2489, -2.8874 -1.5492 0.0274, -3.2769 -1.5492 0.2274, -3.2644 -1.5492 0.2083, -2.7231 -1.5492 0.2274, -2.7153 -1.5492 0.2489, -3.2874 -1.5492 0.9626, -2.7126 -1.5492 0.2716, -2.7126 -1.5492 0.9626, -3.0896 -1.5492 -1.1614, -2.9104 -1.5492 -1.1614, -3.0896 -1.5492 -0.0358, -2.9104 -1.5492 -0.0358, -2.9078 -1.5492 -0.0131, -2.7356 -1.5492 0.2083, -3.0638 -1.5492 -1.2278, -2.9546 -1.5492 -1.2435, -3.0778 -1.5492 -1.208, -2.9362 -1.5492 -1.2278, -2.9222 -1.5492 -1.208, -3.0866 -1.5492 -1.1855, -2.9134 -1.5492 -1.1855, -3.0454 -1.5492 -1.2435, -3.0237 -1.5492 -1.2543, -2.9763 -1.5492 -1.2543, -3.0 -1.5492 -1.2594, -2.7126 -1.25 1.0512, -2.7126 -1.25 1.1496, -2.7126 -1.3622 1.0512, -2.7126 -1.3622 1.1496, -2.7126 -1.3851 1.0482, -2.7126 -1.4106 1.1432, -2.7126 -1.4065 1.0393, -2.7126 -1.4557 1.1246, -2.7126 -1.4248 1.0252, -2.7126 -1.4944 1.0948, -2.7126 -1.4389 1.0069, -2.7126 -1.5242 1.0561, -2.7126 -1.4478 0.9855, -2.7126 -1.5428 1.011, -3.2874 -1.4478 0.9855, -3.2874 -1.5428 1.011, -3.2874 -1.4389 1.0069, -3.2874 -1.5242 1.0561, -3.2874 -1.4248 1.0252, -3.2874 -1.4944 1.0948, -3.2874 -1.4065 1.0393, -3.2874 -1.4557 1.1246, -3.2874 -1.3851 1.0482, -3.2874 -1.4106 1.1432, -3.2874 -1.3622 1.0512, -3.2874 -1.3622 1.1496, -3.2874 -1.25 1.0512, -3.2874 -1.25 1.1496, -3.2874 -1.25 1.1496
            ]
        }
        coordIndex [
            0,1,2,-1,2,1,3,-1,2,3,4,-1,4,3,5,-1,6,7,8,-1,8,7,9,-1,5,10,4,-1,4,10,11,-1,4,11,12,-1,12,11,8,-1,12,8,13,-1,13,8,9,-1,0,2,14,-1,14,2,15,-1,14,15,16,-1,16,15,17,-1,16,17,18,-1,18,17,19,-1,18,19,20,-1,20,19,21,-1,21,19,22,-1,21,22,23,-1,23,24,21,-1,21,24,25,-1,21,25,26,-1,26,25,27,-1,27,25,28,-1,28,25,29,-1,28,29,30,-1,31,32,33,-1,31,33,34,-1,35,36,37,-1,37,36,38,-1,37,38,33,-1,33,38,39,-1,33,39,34,-1,40,41,42,-1,42,41,43,-1,42,43,44,-1,45,46,47,-1,47,46,48,-1,47,48,32,-1,32,48,49,-1,32,49,33,-1,35,37,42,-1,42,37,50,-1,42,50,40,-1,51,52,53,-1,53,52,54,-1,53,54,55,-1,45,56,46,-1,46,56,53,-1,46,53,57,-1,57,53,55,-1,51,58,52,-1,52,58,59,-1,52,59,60,-1,60,59,61,-1,62,63,64,-1,64,63,65,-1,64,65,66,-1,66,65,67,-1,66,67,68,-1,68,67,69,-1,68,69,70,-1,70,69,71,-1,70,71,72,-1,72,71,73,-1,72,73,74,-1,74,73,75,-1,74,75,6,-1,6,75,44,-1,6,44,7,-1,7,44,43,-1,11,35,8,-1,8,35,42,-1,8,42,76,-1,76,42,77,-1,76,77,78,-1,78,77,79,-1,78,79,80,-1,80,79,81,-1,80,81,82,-1,82,81,83,-1,82,83,84,-1,84,83,85,-1,84,85,86,-1,86,85,87,-1,86,87,88,-1,88,87,89,-1,
        ]
    }
}
Shape{
    appearance Appearance {
        material  Material 	{
            diffuseColor 0.2235294117647059 0.2235294117647059 0.2235294117647059
            specularColor 0.11372549019607843 0.11372549019607843 0.11372549019607843
            ambientIntensity 0.2
            transparency 0
            shininess 0.5
        }
    }
    geometry IndexedFaceSet {
        ccw TRUE
        solid FALSE
        coord DEF co Coordinate {
            point [
                -3.7008 -1.25 1.1496, -3.7008 -1.25 1.0512, -3.2874 -1.25 1.1496, -3.2874 -1.25 1.0512, -3.2874 -1.25 1.0512
            ]
        }
        coordIndex [
            0,1,2,-1,2,1,3,-1,
        ]
    }
}
Shape{
    appearance Appearance {
        material  Material 	{
            diffuseColor 0.6470588235294118 0.6196078431372549 0.5882352941176471
            specularColor 0.45098039215686275 0.43529411764705883 0.4117647058823529
            ambientIntensity 0.2
            transparency 0
            shininess 0.5
        }
    }
    geometry IndexedFaceSet {
        ccw TRUE
        solid FALSE
        coord DEF co Coordinate {
            point [
                -1.8874 -1.4508 0.0274, -2.0922 -1.4508 -0.0131, -1.7356 -1.4508 0.2083, -2.1 -1.4508 0.0083, -1.7231 -1.4508 0.2274, -2.1126 -1.4508 0.0274, -1.7153 -1.4508 0.2489, -1.7126 -1.4508 0.2716, -2.2769 -1.4508 0.2274, -2.2847 -1.4508 0.2489, -1.7126 -1.4508 0.9626, -2.2874 -1.4508 0.2716, -2.2874 -1.4508 0.9626, -1.9134 -1.4508 -1.1855, -1.9222 -1.4508 -1.208, -2.0896 -1.4508 -1.1614, -2.2644 -1.4508 0.2083, -1.9 -1.4508 0.0083, -1.9078 -1.4508 -0.0131, -2.0896 -1.4508 -0.0358, -1.9104 -1.4508 -0.0358, -1.9104 -1.4508 -1.1614, -2.0 -1.4508 -1.2594, -2.0237 -1.4508 -1.2543, -1.9763 -1.4508 -1.2543, -2.0454 -1.4508 -1.2435, -1.9546 -1.4508 -1.2435, -2.0638 -1.4508 -1.2278, -2.0778 -1.4508 -1.208, -1.9362 -1.4508 -1.2278, -2.0866 -1.4508 -1.1855, -2.2874 -1.5492 0.9626, -2.2874 -1.5492 0.2716, -1.7126 -1.5492 0.9626, -2.2847 -1.5492 0.2489, -1.9078 -1.5492 -0.0131, -1.9 -1.5492 0.0083, -2.0922 -1.5492 -0.0131, -1.8874 -1.5492 0.0274, -2.1 -1.5492 0.0083, -1.7356 -1.5492 0.2083, -2.1126 -1.5492 0.0274, -1.7231 -1.5492 0.2274, -1.7153 -1.5492 0.2489, -1.7126 -1.5492 0.2716, -2.2644 -1.5492 0.2083, -2.2769 -1.5492 0.2274, -2.0866 -1.5492 -1.1855, -2.0778 -1.5492 -1.208, -1.9104 -1.5492 -1.1614, -1.9104 -1.5492 -0.0358, -2.0896 -1.5492 -0.0358, -2.0896 -1.5492 -1.1614, -2.0 -1.5492 -1.2594, -1.9763 -1.5492 -1.2543, -2.0237 -1.5492 -1.2543, -1.9546 -1.5492 -1.2435, -2.0454 -1.5492 -1.2435, -1.9362 -1.5492 -1.2278, -1.9222 -1.5492 -1.208, -2.0638 -1.5492 -1.2278, -1.9134 -1.5492 -1.1855, -1.7126 -1.25 1.0512, -1.7126 -1.25 1.1496, -1.7126 -1.3622 1.0512, -1.7126 -1.3622 1.1496, -1.7126 -1.3851 1.0482, -1.7126 -1.4106 1.1432, -1.7126 -1.4065 1.0393, -1.7126 -1.4557 1.1246, -1.7126 -1.4248 1.0252, -1.7126 -1.4944 1.0948, -1.7126 -1.4389 1.0069, -1.7126 -1.5242 1.0561, -1.7126 -1.4478 0.9855, -1.7126 -1.5428 1.011, -2.2874 -1.4478 0.9855, -2.2874 -1.5428 1.011, -2.2874 -1.4389 1.0069, -2.2874 -1.5242 1.0561, -2.2874 -1.4248 1.0252, -2.2874 -1.4944 1.0948, -2.2874 -1.4065 1.0393, -2.2874 -1.4557 1.1246, -2.2874 -1.3851 1.0482, -2.2874 -1.4106 1.1432, -2.2874 -1.3622 1.0512, -2.2874 -1.3622 1.1496, -2.2874 -1.25 1.0512, -2.2874 -1.25 1.1496, -2.2874 -1.25 1.1496
            ]
        }
        coordIndex [
            0,1,2,-1,2,1,3,-1,2,3,4,-1,4,3,5,-1,4,5,6,-1,6,5,7,-1,8,9,10,-1,10,9,11,-1,10,11,12,-1,13,14,15,-1,7,5,10,-1,10,5,16,-1,10,16,8,-1,0,17,1,-1,1,17,18,-1,1,18,19,-1,19,18,20,-1,19,20,15,-1,15,20,21,-1,15,21,13,-1,22,23,24,-1,24,23,25,-1,24,25,26,-1,26,25,27,-1,26,27,28,-1,14,29,15,-1,15,29,26,-1,15,26,30,-1,30,26,28,-1,31,32,33,-1,33,32,34,-1,35,36,37,-1,37,36,38,-1,37,38,39,-1,39,38,40,-1,39,40,41,-1,41,40,42,-1,42,43,41,-1,41,43,44,-1,41,44,45,-1,45,44,33,-1,45,33,46,-1,46,33,34,-1,47,48,49,-1,35,37,50,-1,50,37,51,-1,50,51,49,-1,49,51,52,-1,49,52,47,-1,53,54,55,-1,55,54,56,-1,55,56,57,-1,57,56,58,-1,57,58,59,-1,48,60,49,-1,49,60,57,-1,49,57,61,-1,61,57,59,-1,62,63,64,-1,64,63,65,-1,64,65,66,-1,66,65,67,-1,66,67,68,-1,68,67,69,-1,68,69,70,-1,70,69,71,-1,70,71,72,-1,72,71,73,-1,72,73,74,-1,74,73,75,-1,74,75,10,-1,10,75,33,-1,10,33,7,-1,7,33,44,-1,11,32,12,-1,12,32,31,-1,12,31,76,-1,76,31,77,-1,76,77,78,-1,78,77,79,-1,78,79,80,-1,80,79,81,-1,80,81,82,-1,82,81,83,-1,82,83,84,-1,84,83,85,-1,84,85,86,-1,86,85,87,-1,86,87,88,-1,88,87,89,-1,
        ]
    }
}
Shape{
    appearance Appearance {
        material  Material 	{
            diffuseColor 0.2235294117647059 0.2235294117647059 0.2235294117647059
            specularColor 0.11372549019607843 0.11372549019607843 0.11372549019607843
            ambientIntensity 0.2
            transparency 0
            shininess 0.5
        }
    }
    geometry IndexedFaceSet {
        ccw TRUE
        solid FALSE
        coord DEF co Coordinate {
            point [
                -2.7126 -1.25 1.0512, -2.2874 -1.25 1.0512, -2.7126 -1.25 1.1496, -2.2874 -1.25 1.1496, -2.2874 -1.25 1.1496
            ]
        }
        coordIndex [
            0,1,2,-1,2,1,3,-1,
        ]
    }
}
Shape{
    appearance Appearance {
        material  Material 	{
            diffuseColor 0.6470588235294118 0.6196078431372549 0.5882352941176471
            specularColor 0.45098039215686275 0.43529411764705883 0.4117647058823529
            ambientIntensity 0.2
            transparency 0
            shininess 0.5
        }
    }
    geometry IndexedFaceSet {
        ccw TRUE
        solid FALSE
        coord DEF co Coordinate {
            point [
                -0.8874 -1.4508 0.0274, -0.9 -1.4508 0.0083, -1.1 -1.4508 0.0083, -0.9078 -1.4508 -0.0131, -1.0922 -1.4508 -0.0131, -0.7126 -1.4508 0.2716, -0.7153 -1.4508 0.2489, -1.1126 -1.4508 0.0274, -0.7231 -1.4508 0.2274, -0.7356 -1.4508 0.2083, -1.2769 -1.4508 0.2274, -1.2847 -1.4508 0.2489, -0.7126 -1.4508 0.9626, -1.2874 -1.4508 0.2716, -1.2874 -1.4508 0.9626, -1.0896 -1.4508 -0.0358, -0.9104 -1.4508 -0.0358, -1.0896 -1.4508 -1.1614, -1.2644 -1.4508 0.2083, -1.0778 -1.4508 -1.208, -1.0866 -1.4508 -1.1855, -0.9546 -1.4508 -1.2435, -0.9362 -1.4508 -1.2278, -0.9104 -1.4508 -1.1614, -0.9134 -1.4508 -1.1855, -0.9222 -1.4508 -1.208, -1.0 -1.4508 -1.2594, -1.0237 -1.4508 -1.2543, -0.9763 -1.4508 -1.2543, -1.0454 -1.4508 -1.2435, -1.0638 -1.4508 -1.2278, -0.9 -1.5492 0.0083, -1.2644 -1.5492 0.2083, -1.1126 -1.5492 0.0274, -1.1 -1.5492 0.0083, -1.0922 -1.5492 -0.0131, -0.9078 -1.5492 -0.0131, -1.2769 -1.5492 0.2274, -0.8874 -1.5492 0.0274, -1.2847 -1.5492 0.2489, -1.2874 -1.5492 0.2716, -0.7356 -1.5492 0.2083, -0.7231 -1.5492 0.2274, -0.9104 -1.5492 -0.0358, -1.0896 -1.5492 -0.0358, -0.9104 -1.5492 -1.1614, -0.7126 -1.5492 0.9626, -1.2874 -1.5492 0.9626, -0.7126 -1.5492 0.2716, -0.7153 -1.5492 0.2489, -0.9222 -1.5492 -1.208, -0.9134 -1.5492 -1.1855, -1.0454 -1.5492 -1.2435, -1.0638 -1.5492 -1.2278, -1.0896 -1.5492 -1.1614, -1.0866 -1.5492 -1.1855, -1.0778 -1.5492 -1.208, -1.0 -1.5492 -1.2594, -0.9763 -1.5492 -1.2543, -1.0237 -1.5492 -1.2543, -0.9546 -1.5492 -1.2435, -0.9362 -1.5492 -1.2278, -0.7126 -1.25 1.0512, -0.7126 -1.25 1.1496, -0.7126 -1.3622 1.0512, -0.7126 -1.3622 1.1496, -0.7126 -1.3851 1.0482, -0.7126 -1.4106 1.1432, -0.7126 -1.4065 1.0393, -0.7126 -1.4557 1.1246, -0.7126 -1.4248 1.0252, -0.7126 -1.4944 1.0948, -0.7126 -1.4389 1.0069, -0.7126 -1.5242 1.0561, -0.7126 -1.4478 0.9855, -0.7126 -1.5428 1.011, -1.2874 -1.4478 0.9855, -1.2874 -1.5428 1.011, -1.2874 -1.4389 1.0069, -1.2874 -1.5242 1.0561, -1.2874 -1.4248 1.0252, -1.2874 -1.4944 1.0948, -1.2874 -1.4065 1.0393, -1.2874 -1.4557 1.1246, -1.2874 -1.3851 1.0482, -1.2874 -1.4106 1.1432, -1.2874 -1.3622 1.0512, -1.2874 -1.3622 1.1496, -1.2874 -1.25 1.0512, -1.2874 -1.25 1.1496, -1.2874 -1.25 1.1496
            ]
        }
        coordIndex [
            0,1,2,-1,2,1,3,-1,2,3,4,-1,5,6,7,-1,7,6,8,-1,7,8,2,-1,2,8,9,-1,2,9,0,-1,10,11,12,-1,12,11,13,-1,12,13,14,-1,4,3,15,-1,15,3,16,-1,15,16,17,-1,5,7,12,-1,12,7,18,-1,12,18,10,-1,19,20,21,-1,21,20,22,-1,16,23,17,-1,17,23,24,-1,17,24,20,-1,20,24,25,-1,20,25,22,-1,26,27,28,-1,28,27,29,-1,28,29,21,-1,21,29,30,-1,21,30,19,-1,31,32,33,-1,33,34,31,-1,31,34,35,-1,31,35,36,-1,32,31,37,-1,37,31,38,-1,37,38,39,-1,39,38,40,-1,40,38,41,-1,40,41,42,-1,36,35,43,-1,43,35,44,-1,43,44,45,-1,46,47,48,-1,48,47,40,-1,48,40,49,-1,49,40,42,-1,50,51,52,-1,52,51,53,-1,44,54,45,-1,45,54,55,-1,45,55,51,-1,51,55,56,-1,51,56,53,-1,57,58,59,-1,59,58,60,-1,59,60,52,-1,52,60,61,-1,52,61,50,-1,62,63,64,-1,64,63,65,-1,64,65,66,-1,66,65,67,-1,66,67,68,-1,68,67,69,-1,68,69,70,-1,70,69,71,-1,70,71,72,-1,72,71,73,-1,72,73,74,-1,74,73,75,-1,74,75,12,-1,12,75,46,-1,12,46,5,-1,5,46,48,-1,13,40,14,-1,14,40,47,-1,14,47,76,-1,76,47,77,-1,76,77,78,-1,78,77,79,-1,78,79,80,-1,80,79,81,-1,80,81,82,-1,82,81,83,-1,82,83,84,-1,84,83,85,-1,84,85,86,-1,86,85,87,-1,86,87,88,-1,88,87,89,-1,
        ]
    }
}
Shape{
    appearance Appearance {
        material  Material 	{
            diffuseColor 0.2235294117647059 0.2235294117647059 0.2235294117647059
            specularColor 0.11372549019607843 0.11372549019607843 0.11372549019607843
            ambientIntensity 0.2
            transparency 0
            shininess 0.5
        }
    }
    geometry IndexedFaceSet {
        ccw TRUE
        solid FALSE
        coord DEF co Coordinate {
            point [
                -1.7126 -1.25 1.0512, -1.2874 -1.25 1.0512, -1.7126 -1.25 1.1496, -1.2874 -1.25 1.1496, -1.2874 -1.25 1.1496
            ]
        }
        coordIndex [
            0,1,2,-1,2,1,3,-1,
        ]
    }
}
Shape{
    appearance Appearance {
        material  Material 	{
            diffuseColor 0.6470588235294118 0.6196078431372549 0.5882352941176471
            specularColor 0.45098039215686275 0.43529411764705883 0.4117647058823529
            ambientIntensity 0.2
            transparency 0
            shininess 0.5
        }
    }
    geometry IndexedFaceSet {
        ccw TRUE
        solid FALSE
        coord DEF co Coordinate {
            point [
                0.2874 -1.4508 0.9626, 0.2874 -1.4508 0.2716, -0.2874 -1.4508 0.9626, 0.2847 -1.4508 0.2489, -0.2769 -1.4508 0.2274, 0.1126 -1.4508 0.0274, -0.2644 -1.4508 0.2083, 0.1 -1.4508 0.0083, -0.1126 -1.4508 0.0274, -0.2847 -1.4508 0.2489, -0.2874 -1.4508 0.2716, 0.2644 -1.4508 0.2083, 0.2769 -1.4508 0.2274, -0.0454 -1.4508 -1.2435, -0.0638 -1.4508 -1.2278, 0.0896 -1.4508 -1.1614, -0.0778 -1.4508 -1.208, 0.0866 -1.4508 -1.1855, 0.0778 -1.4508 -1.208, 0.0638 -1.4508 -1.2278, 0.0454 -1.4508 -1.2435, 0.0237 -1.4508 -1.2543, -0.0237 -1.4508 -1.2543, 0.0 -1.4508 -1.2594, -0.0866 -1.4508 -1.1855, -0.0896 -1.4508 -1.1614, 0.0896 -1.4508 -0.0358, -0.0896 -1.4508 -0.0358, 0.0922 -1.4508 -0.0131, -0.0922 -1.4508 -0.0131, -0.1 -1.4508 0.0083, 0.0922 -1.5492 -0.0131, 0.1 -1.5492 0.0083, -0.0922 -1.5492 -0.0131, -0.1 -1.5492 0.0083, -0.2874 -1.5492 0.9626, -0.2874 -1.5492 0.2716, 0.2874 -1.5492 0.9626, -0.2847 -1.5492 0.2489, 0.1126 -1.5492 0.0274, 0.2644 -1.5492 0.2083, -0.1126 -1.5492 0.0274, 0.2769 -1.5492 0.2274, 0.2847 -1.5492 0.2489, 0.2874 -1.5492 0.2716, -0.2644 -1.5492 0.2083, -0.2769 -1.5492 0.2274, 0.0896 -1.5492 -0.0358, -0.0896 -1.5492 -0.0358, 0.0896 -1.5492 -1.1614, -0.0237 -1.5492 -1.2543, 0.0 -1.5492 -1.2594, 0.0237 -1.5492 -1.2543, 0.0638 -1.5492 -1.2278, 0.0778 -1.5492 -1.208, -0.0454 -1.5492 -1.2435, -0.0896 -1.5492 -1.1614, -0.0866 -1.5492 -1.1855, -0.0778 -1.5492 -1.208, 0.0454 -1.5492 -1.2435, -0.0638 -1.5492 -1.2278, 0.0866 -1.5492 -1.1855, 0.2874 -1.25 1.0512, 0.2874 -1.25 1.1496, 0.2874 -1.3622 1.0512, 0.2874 -1.3622 1.1496, 0.2874 -1.3851 1.0482, 0.2874 -1.4106 1.1432, 0.2874 -1.4065 1.0393, 0.2874 -1.4557 1.1246, 0.2874 -1.4248 1.0252, 0.2874 -1.4944 1.0948, 0.2874 -1.4389 1.0069, 0.2874 -1.5242 1.0561, 0.2874 -1.4478 0.9855, 0.2874 -1.5428 1.011, -0.2874 -1.4478 0.9855, -0.2874 -1.5428 1.011, -0.2874 -1.4389 1.0069, -0.2874 -1.5242 1.0561, -0.2874 -1.4248 1.0252, -0.2874 -1.4944 1.0948, -0.2874 -1.4065 1.0393, -0.2874 -1.4557 1.1246, -0.2874 -1.3851 1.0482, -0.2874 -1.4106 1.1432, -0.2874 -1.3622 1.0512, -0.2874 -1.3622 1.1496, -0.2874 -1.25 1.0512, -0.2874 -1.25 1.1496, -0.2874 -1.25 1.1496
            ]
        }
        coordIndex [
            0,1,2,-1,2,1,3,-1,4,5,6,-1,6,5,7,-1,6,7,8,-1,4,9,5,-1,5,9,10,-1,5,10,11,-1,11,10,2,-1,11,2,12,-1,12,2,3,-1,13,14,15,-1,15,14,16,-1,15,17,13,-1,13,17,18,-1,13,18,19,-1,19,20,13,-1,13,20,21,-1,13,21,22,-1,22,21,23,-1,16,24,15,-1,15,24,25,-1,15,25,26,-1,26,25,27,-1,26,27,28,-1,28,27,29,-1,28,29,7,-1,7,29,30,-1,7,30,8,-1,31,32,33,-1,33,32,34,-1,35,36,37,-1,37,36,38,-1,32,39,34,-1,34,39,40,-1,34,40,41,-1,41,40,42,-1,42,43,41,-1,41,43,44,-1,41,44,45,-1,45,44,37,-1,45,37,46,-1,46,37,38,-1,31,33,47,-1,47,33,48,-1,47,48,49,-1,50,51,52,-1,53,54,55,-1,48,56,49,-1,49,56,57,-1,49,57,58,-1,50,52,55,-1,55,52,59,-1,55,59,53,-1,58,60,49,-1,49,60,55,-1,49,55,61,-1,61,55,54,-1,62,63,64,-1,64,63,65,-1,64,65,66,-1,66,65,67,-1,66,67,68,-1,68,67,69,-1,68,69,70,-1,70,69,71,-1,70,71,72,-1,72,71,73,-1,72,73,74,-1,74,73,75,-1,74,75,0,-1,0,75,37,-1,0,37,1,-1,1,37,44,-1,10,36,2,-1,2,36,35,-1,2,35,76,-1,76,35,77,-1,76,77,78,-1,78,77,79,-1,78,79,80,-1,80,79,81,-1,80,81,82,-1,82,81,83,-1,82,83,84,-1,84,83,85,-1,84,85,86,-1,86,85,87,-1,86,87,88,-1,88,87,89,-1,
        ]
    }
}
Shape{
    appearance Appearance {
        material  Material 	{
            diffuseColor 0.2235294117647059 0.2235294117647059 0.2235294117647059
            specularColor 0.11372549019607843 0.11372549019607843 0.11372549019607843
            ambientIntensity 0.2
            transparency 0
            shininess 0.5
        }
    }
    geometry IndexedFaceSet {
        ccw TRUE
        solid FALSE
        coord DEF co Coordinate {
            point [
                -0.7126 -1.25 1.0512, -0.2874 -1.25 1.0512, -0.7126 -1.25 1.1496, -0.2874 -1.25 1.1496, -0.2874 -1.25 1.1496
            ]
        }
        coordIndex [
            0,1,2,-1,2,1,3,-1,
        ]
    }
}
Shape{
    appearance Appearance {
        material  Material 	{
            diffuseColor 0.6470588235294118 0.6196078431372549 0.5882352941176471
            specularColor 0.45098039215686275 0.43529411764705883 0.4117647058823529
            ambientIntensity 0.2
            transparency 0
            shininess 0.5
        }
    }
    geometry IndexedFaceSet {
        ccw TRUE
        solid FALSE
        coord DEF co Coordinate {
            point [
                1.2874 -1.4508 0.9626, 1.2874 -1.4508 0.2716, 0.7126 -1.4508 0.9626, 1.2847 -1.4508 0.2489, 0.9078 -1.4508 -0.0131, 0.9 -1.4508 0.0083, 1.0922 -1.4508 -0.0131, 0.8874 -1.4508 0.0274, 1.1 -1.4508 0.0083, 0.7356 -1.4508 0.2083, 1.1126 -1.4508 0.0274, 0.7231 -1.4508 0.2274, 0.9104 -1.4508 -0.0358, 1.0896 -1.4508 -0.0358, 0.9104 -1.4508 -1.1614, 0.7153 -1.4508 0.2489, 0.7126 -1.4508 0.2716, 1.2644 -1.4508 0.2083, 1.2769 -1.4508 0.2274, 0.9222 -1.4508 -1.208, 0.9134 -1.4508 -1.1855, 1.0454 -1.4508 -1.2435, 1.0638 -1.4508 -1.2278, 1.0896 -1.4508 -1.1614, 1.0866 -1.4508 -1.1855, 1.0778 -1.4508 -1.208, 1.0 -1.4508 -1.2594, 0.9763 -1.4508 -1.2543, 1.0237 -1.4508 -1.2543, 0.9546 -1.4508 -1.2435, 0.9362 -1.4508 -1.2278, 0.8874 -1.5492 0.0274, 0.9 -1.5492 0.0083, 1.1 -1.5492 0.0083, 0.9078 -1.5492 -0.0131, 1.0922 -1.5492 -0.0131, 1.0896 -1.5492 -0.0358, 0.9104 -1.5492 -0.0358, 1.0896 -1.5492 -1.1614, 0.7126 -1.5492 0.2716, 0.7153 -1.5492 0.2489, 1.1126 -1.5492 0.0274, 0.7231 -1.5492 0.2274, 0.7356 -1.5492 0.2083, 1.2769 -1.5492 0.2274, 1.2847 -1.5492 0.2489, 0.7126 -1.5492 0.9626, 1.2874 -1.5492 0.2716, 1.2874 -1.5492 0.9626, 1.2644 -1.5492 0.2083, 1.0778 -1.5492 -1.208, 1.0866 -1.5492 -1.1855, 0.9546 -1.5492 -1.2435, 0.9362 -1.5492 -1.2278, 0.9104 -1.5492 -1.1614, 0.9134 -1.5492 -1.1855, 0.9222 -1.5492 -1.208, 1.0 -1.5492 -1.2594, 1.0237 -1.5492 -1.2543, 0.9763 -1.5492 -1.2543, 1.0454 -1.5492 -1.2435, 1.0638 -1.5492 -1.2278, 1.2874 -1.25 1.0512, 1.2874 -1.25 1.1496, 1.2874 -1.3622 1.0512, 1.2874 -1.3622 1.1496, 1.2874 -1.3851 1.0482, 1.2874 -1.4106 1.1432, 1.2874 -1.4065 1.0393, 1.2874 -1.4557 1.1246, 1.2874 -1.4248 1.0252, 1.2874 -1.4944 1.0948, 1.2874 -1.4389 1.0069, 1.2874 -1.5242 1.0561, 1.2874 -1.4478 0.9855, 1.2874 -1.5428 1.011, 0.7126 -1.4478 0.9855, 0.7126 -1.5428 1.011, 0.7126 -1.4389 1.0069, 0.7126 -1.5242 1.0561, 0.7126 -1.4248 1.0252, 0.7126 -1.4944 1.0948, 0.7126 -1.4065 1.0393, 0.7126 -1.4557 1.1246, 0.7126 -1.3851 1.0482, 0.7126 -1.4106 1.1432, 0.7126 -1.3622 1.0512, 0.7126 -1.3622 1.1496, 0.7126 -1.25 1.0512, 0.7126 -1.25 1.1496, 0.7126 -1.25 1.1496
            ]
        }
        coordIndex [
            0,1,2,-1,2,1,3,-1,4,5,6,-1,6,5,7,-1,6,7,8,-1,8,7,9,-1,8,9,10,-1,10,9,11,-1,4,6,12,-1,12,6,13,-1,12,13,14,-1,11,15,10,-1,10,15,16,-1,10,16,17,-1,17,16,2,-1,17,2,18,-1,18,2,3,-1,19,20,21,-1,21,20,22,-1,13,23,14,-1,14,23,24,-1,14,24,20,-1,20,24,25,-1,20,25,22,-1,26,27,28,-1,28,27,29,-1,28,29,21,-1,21,29,30,-1,21,30,19,-1,31,32,33,-1,33,32,34,-1,33,34,35,-1,35,34,36,-1,36,34,37,-1,36,37,38,-1,39,40,41,-1,41,40,42,-1,41,42,33,-1,33,42,43,-1,33,43,31,-1,44,45,46,-1,46,45,47,-1,46,47,48,-1,39,41,46,-1,46,41,49,-1,46,49,44,-1,50,51,52,-1,52,51,53,-1,37,54,38,-1,38,54,55,-1,38,55,51,-1,51,55,56,-1,51,56,53,-1,57,58,59,-1,59,58,60,-1,59,60,52,-1,52,60,61,-1,52,61,50,-1,62,63,64,-1,64,63,65,-1,64,65,66,-1,66,65,67,-1,66,67,68,-1,68,67,69,-1,68,69,70,-1,70,69,71,-1,70,71,72,-1,72,71,73,-1,72,73,74,-1,74,73,75,-1,74,75,0,-1,0,75,48,-1,0,48,1,-1,1,48,47,-1,16,39,2,-1,2,39,46,-1,2,46,76,-1,76,46,77,-1,76,77,78,-1,78,77,79,-1,78,79,80,-1,80,79,81,-1,80,81,82,-1,82,81,83,-1,82,83,84,-1,84,83,85,-1,84,85,86,-1,86,85,87,-1,86,87,88,-1,88,87,89,-1,
        ]
    }
}
Shape{
    appearance Appearance {
        material  Material 	{
            diffuseColor 0.2235294117647059 0.2235294117647059 0.2235294117647059
            specularColor 0.11372549019607843 0.11372549019607843 0.11372549019607843
            ambientIntensity 0.2
            transparency 0
            shininess 0.5
        }
    }
    geometry IndexedFaceSet {
        ccw TRUE
        solid FALSE
        coord DEF co Coordinate {
            point [
                0.2874 -1.25 1.0512, 0.7126 -1.25 1.0512, 0.2874 -1.25 1.1496, 0.7126 -1.25 1.1496, 0.7126 -1.25 1.1496
            ]
        }
        coordIndex [
            0,1,2,-1,2,1,3,-1,
        ]
    }
}
Shape{
    appearance Appearance {
        material  Material 	{
            diffuseColor 0.6470588235294118 0.6196078431372549 0.5882352941176471
            specularColor 0.45098039215686275 0.43529411764705883 0.4117647058823529
            ambientIntensity 0.2
            transparency 0
            shininess 0.5
        }
    }
    geometry IndexedFaceSet {
        ccw TRUE
        solid FALSE
        coord DEF co Coordinate {
            point [
                2.1126 -1.4508 0.0274, 2.1 -1.4508 0.0083, 1.9 -1.4508 0.0083, 2.0922 -1.4508 -0.0131, 2.2874 -1.4508 0.2716, 2.2847 -1.4508 0.2489, 1.8874 -1.4508 0.0274, 2.2769 -1.4508 0.2274, 2.2644 -1.4508 0.2083, 1.7231 -1.4508 0.2274, 1.7153 -1.4508 0.2489, 2.2874 -1.4508 0.9626, 1.7126 -1.4508 0.2716, 1.7126 -1.4508 0.9626, 1.7356 -1.4508 0.2083, 1.9222 -1.4508 -1.208, 2.0896 -1.4508 -1.1614, 1.9362 -1.4508 -1.2278, 1.9546 -1.4508 -1.2435, 1.9134 -1.4508 -1.1855, 1.9104 -1.4508 -1.1614, 2.0896 -1.4508 -0.0358, 1.9104 -1.4508 -0.0358, 1.9078 -1.4508 -0.0131, 2.0866 -1.4508 -1.1855, 2.0778 -1.4508 -1.208, 2.0638 -1.4508 -1.2278, 2.0454 -1.4508 -1.2435, 2.0237 -1.4508 -1.2543, 1.9763 -1.4508 -1.2543, 2.0 -1.4508 -1.2594, 2.0922 -1.5492 -0.0131, 2.1 -1.5492 0.0083, 1.9078 -1.5492 -0.0131, 1.9 -1.5492 0.0083, 1.7126 -1.5492 0.9626, 1.7126 -1.5492 0.2716, 2.2874 -1.5492 0.9626, 1.7153 -1.5492 0.2489, 2.1126 -1.5492 0.0274, 2.2644 -1.5492 0.2083, 1.8874 -1.5492 0.0274, 2.2769 -1.5492 0.2274, 2.2847 -1.5492 0.2489, 2.2874 -1.5492 0.2716, 1.7356 -1.5492 0.2083, 1.7231 -1.5492 0.2274, 1.9134 -1.5492 -1.1855, 1.9222 -1.5492 -1.208, 2.0896 -1.5492 -1.1614, 2.0896 -1.5492 -0.0358, 1.9104 -1.5492 -0.0358, 1.9104 -1.5492 -1.1614, 1.9763 -1.5492 -1.2543, 2.0 -1.5492 -1.2594, 2.0237 -1.5492 -1.2543, 2.0638 -1.5492 -1.2278, 2.0778 -1.5492 -1.208, 1.9546 -1.5492 -1.2435, 2.0454 -1.5492 -1.2435, 1.9362 -1.5492 -1.2278, 2.0866 -1.5492 -1.1855, 2.2874 -1.25 1.0512, 2.2874 -1.25 1.1496, 2.2874 -1.3622 1.0512, 2.2874 -1.3622 1.1496, 2.2874 -1.3851 1.0482, 2.2874 -1.4106 1.1432, 2.2874 -1.4065 1.0393, 2.2874 -1.4557 1.1246, 2.2874 -1.4248 1.0252, 2.2874 -1.4944 1.0948, 2.2874 -1.4389 1.0069, 2.2874 -1.5242 1.0561, 2.2874 -1.4478 0.9855, 2.2874 -1.5428 1.011, 1.7126 -1.4478 0.9855, 1.7126 -1.5428 1.011, 1.7126 -1.4389 1.0069, 1.7126 -1.5242 1.0561, 1.7126 -1.4248 1.0252, 1.7126 -1.4944 1.0948, 1.7126 -1.4065 1.0393, 1.7126 -1.4557 1.1246, 1.7126 -1.3851 1.0482, 1.7126 -1.4106 1.1432, 1.7126 -1.3622 1.0512, 1.7126 -1.3622 1.1496, 1.7126 -1.25 1.0512, 1.7126 -1.25 1.1496, 1.7126 -1.25 1.1496
            ]
        }
        coordIndex [
            0,1,2,-1,2,1,3,-1,4,5,6,-1,6,5,7,-1,6,7,2,-1,2,7,8,-1,2,8,0,-1,9,10,11,-1,11,10,12,-1,11,12,13,-1,4,6,11,-1,11,6,14,-1,11,14,9,-1,15,16,17,-1,17,16,18,-1,15,19,16,-1,16,19,20,-1,16,20,21,-1,21,20,22,-1,21,22,3,-1,3,22,23,-1,3,23,2,-1,16,24,18,-1,18,24,25,-1,18,25,26,-1,26,27,18,-1,18,27,28,-1,18,28,29,-1,29,28,30,-1,31,32,33,-1,33,32,34,-1,35,36,37,-1,37,36,38,-1,32,39,34,-1,34,39,40,-1,34,40,41,-1,41,40,42,-1,42,43,41,-1,41,43,44,-1,41,44,45,-1,45,44,37,-1,45,37,46,-1,46,37,38,-1,47,48,49,-1,31,33,50,-1,50,33,51,-1,50,51,49,-1,49,51,52,-1,49,52,47,-1,53,54,55,-1,56,57,58,-1,53,55,58,-1,58,55,59,-1,58,59,56,-1,48,60,49,-1,49,60,58,-1,49,58,61,-1,61,58,57,-1,62,63,64,-1,64,63,65,-1,64,65,66,-1,66,65,67,-1,66,67,68,-1,68,67,69,-1,68,69,70,-1,70,69,71,-1,70,71,72,-1,72,71,73,-1,72,73,74,-1,74,73,75,-1,74,75,11,-1,11,75,37,-1,11,37,4,-1,4,37,44,-1,12,36,13,-1,13,36,35,-1,13,35,76,-1,76,35,77,-1,76,77,78,-1,78,77,79,-1,78,79,80,-1,80,79,81,-1,80,81,82,-1,82,81,83,-1,82,83,84,-1,84,83,85,-1,84,85,86,-1,86,85,87,-1,86,87,88,-1,88,87,89,-1,
        ]
    }
}
Shape{
    appearance Appearance {
        material  Material 	{
            diffuseColor 0.2235294117647059 0.2235294117647059 0.2235294117647059
            specularColor 0.11372549019607843 0.11372549019607843 0.11372549019607843
            ambientIntensity 0.2
            transparency 0
            shininess 0.5
        }
    }
    geometry IndexedFaceSet {
        ccw TRUE
        solid FALSE
        coord DEF co Coordinate {
            point [
                1.2874 -1.25 1.0512, 1.7126 -1.25 1.0512, 1.2874 -1.25 1.1496, 1.7126 -1.25 1.1496, 1.7126 -1.25 1.1496
            ]
        }
        coordIndex [
            0,1,2,-1,2,1,3,-1,
        ]
    }
}
Shape{
    appearance Appearance {
        material  Material 	{
            diffuseColor 0.6470588235294118 0.6196078431372549 0.5882352941176471
            specularColor 0.45098039215686275 0.43529411764705883 0.4117647058823529
            ambientIntensity 0.2
            transparency 0
            shininess 0.5
        }
    }
    geometry IndexedFaceSet {
        ccw TRUE
        solid FALSE
        coord DEF co Coordinate {
            point [
                3.1126 -1.4508 0.0274, 2.9078 -1.4508 -0.0131, 3.2644 -1.4508 0.2083, 2.9 -1.4508 0.0083, 3.2769 -1.4508 0.2274, 2.8874 -1.4508 0.0274, 3.2847 -1.4508 0.2489, 3.2874 -1.4508 0.2716, 2.7231 -1.4508 0.2274, 2.7153 -1.4508 0.2489, 3.2874 -1.4508 0.9626, 2.7126 -1.4508 0.2716, 2.7126 -1.4508 0.9626, 3.0866 -1.4508 -1.1855, 3.0778 -1.4508 -1.208, 2.9104 -1.4508 -1.1614, 2.7356 -1.4508 0.2083, 3.1 -1.4508 0.0083, 3.0922 -1.4508 -0.0131, 2.9104 -1.4508 -0.0358, 3.0896 -1.4508 -0.0358, 3.0896 -1.4508 -1.1614, 3.0 -1.4508 -1.2594, 2.9763 -1.4508 -1.2543, 3.0237 -1.4508 -1.2543, 2.9546 -1.4508 -1.2435, 3.0454 -1.4508 -1.2435, 2.9362 -1.4508 -1.2278, 2.9222 -1.4508 -1.208, 3.0638 -1.4508 -1.2278, 2.9134 -1.4508 -1.1855, 3.0922 -1.5492 -0.0131, 3.1 -1.5492 0.0083, 2.9078 -1.5492 -0.0131, 3.1126 -1.5492 0.0274, 2.9 -1.5492 0.0083, 3.2644 -1.5492 0.2083, 2.8874 -1.5492 0.0274, 3.2769 -1.5492 0.2274, 2.7126 -1.5492 0.9626, 2.7126 -1.5492 0.2716, 3.2874 -1.5492 0.9626, 2.7153 -1.5492 0.2489, 2.9134 -1.5492 -1.1855, 2.9222 -1.5492 -1.208, 3.0896 -1.5492 -1.1614, 3.2847 -1.5492 0.2489, 3.2874 -1.5492 0.2716, 2.7356 -1.5492 0.2083, 2.7231 -1.5492 0.2274, 3.0896 -1.5492 -0.0358, 2.9104 -1.5492 -0.0358, 2.9104 -1.5492 -1.1614, 3.0 -1.5492 -1.2594, 3.0237 -1.5492 -1.2543, 2.9763 -1.5492 -1.2543, 3.0454 -1.5492 -1.2435, 2.9546 -1.5492 -1.2435, 3.0638 -1.5492 -1.2278, 3.0778 -1.5492 -1.208, 2.9362 -1.5492 -1.2278, 3.0866 -1.5492 -1.1855, 3.2874 -1.25 1.0512, 3.2874 -1.25 1.1496, 3.2874 -1.3622 1.0512, 3.2874 -1.3622 1.1496, 3.2874 -1.3851 1.0482, 3.2874 -1.4106 1.1432, 3.2874 -1.4065 1.0393, 3.2874 -1.4557 1.1246, 3.2874 -1.4248 1.0252, 3.2874 -1.4944 1.0948, 3.2874 -1.4389 1.0069, 3.2874 -1.5242 1.0561, 3.2874 -1.4478 0.9855, 3.2874 -1.5428 1.011, 2.7126 -1.4478 0.9855, 2.7126 -1.5428 1.011, 2.7126 -1.4389 1.0069, 2.7126 -1.5242 1.0561, 2.7126 -1.4248 1.0252, 2.7126 -1.4944 1.0948, 2.7126 -1.4065 1.0393, 2.7126 -1.4557 1.1246, 2.7126 -1.3851 1.0482, 2.7126 -1.4106 1.1432, 2.7126 -1.3622 1.0512, 2.7126 -1.3622 1.1496, 2.7126 -1.25 1.0512, 2.7126 -1.25 1.1496, 2.7126 -1.25 1.1496
            ]
        }
        coordIndex [
            0,1,2,-1,2,1,3,-1,2,3,4,-1,4,3,5,-1,4,5,6,-1,6,5,7,-1,8,9,10,-1,10,9,11,-1,10,11,12,-1,13,14,15,-1,7,5,10,-1,10,5,16,-1,10,16,8,-1,0,17,1,-1,1,17,18,-1,1,18,19,-1,19,18,20,-1,19,20,15,-1,15,20,21,-1,15,21,13,-1,22,23,24,-1,24,23,25,-1,24,25,26,-1,26,25,27,-1,26,27,28,-1,14,29,15,-1,15,29,26,-1,15,26,30,-1,30,26,28,-1,31,32,33,-1,33,32,34,-1,33,34,35,-1,35,34,36,-1,35,36,37,-1,37,36,38,-1,39,40,41,-1,41,40,42,-1,43,44,45,-1,38,46,37,-1,37,46,47,-1,37,47,48,-1,48,47,41,-1,48,41,49,-1,49,41,42,-1,31,33,50,-1,50,33,51,-1,50,51,45,-1,45,51,52,-1,45,52,43,-1,53,54,55,-1,55,54,56,-1,55,56,57,-1,57,56,58,-1,57,58,59,-1,44,60,45,-1,45,60,57,-1,45,57,61,-1,61,57,59,-1,62,63,64,-1,64,63,65,-1,64,65,66,-1,66,65,67,-1,66,67,68,-1,68,67,69,-1,68,69,70,-1,70,69,71,-1,70,71,72,-1,72,71,73,-1,72,73,74,-1,74,73,75,-1,74,75,10,-1,10,75,41,-1,10,41,7,-1,7,41,47,-1,11,40,12,-1,12,40,39,-1,12,39,76,-1,76,39,77,-1,76,77,78,-1,78,77,79,-1,78,79,80,-1,80,79,81,-1,80,81,82,-1,82,81,83,-1,82,83,84,-1,84,83,85,-1,84,85,86,-1,86,85,87,-1,86,87,88,-1,88,87,89,-1,
        ]
    }
}
Shape{
    appearance Appearance {
        material  Material 	{
            diffuseColor 0.2235294117647059 0.2235294117647059 0.2235294117647059
            specularColor 0.11372549019607843 0.11372549019607843 0.11372549019607843
            ambientIntensity 0.2
            transparency 0
            shininess 0.5
        }
    }
    geometry IndexedFaceSet {
        ccw TRUE
        solid FALSE
        coord DEF co Coordinate {
            point [
                2.2874 -1.25 1.0512, 2.7126 -1.25 1.0512, 2.2874 -1.25 1.1496, 2.7126 -1.25 1.1496, 2.2874 1.25 1.1496, 2.7126 1.25 1.1496, 2.2874 1.25 1.0512, 2.7126 1.25 1.0512, 3.7795 -1.1713 1.0512, 3.7795 1.1713 1.0512, 3.7795 -1.1713 1.1496, 3.7795 1.1713 1.1496, 3.2874 1.25 1.1496, 3.7008 1.25 1.1496, 3.2874 1.25 1.0512, 3.7008 1.25 1.0512, -3.7795 1.1713 1.0512, -3.7795 -1.1713 1.0512, -3.7795 1.1713 1.1496, -3.7795 -1.1713 1.1496, 3.2874 -1.25 1.0512, 3.7008 -1.25 1.0512, 3.2874 -1.25 1.1496, 3.7008 -1.25 1.1496, -3.5916 1.062 2.0, 2.68 0.0784 2.0, 2.7103 0.1515 2.0, 2.9727 0.303 2.0, 3.0511 0.2926 2.0, 3.5916 1.062 2.0, -3.5916 -0.3937 2.0, -3.5916 -1.062 2.0, -3.2874 -0.3937 2.0, -3.1998 -0.3838 2.0, 3.2351 -0.1515 2.0, 3.1869 -0.2142 2.0, 3.5916 -1.062 2.0, 3.1242 -0.2624 2.0, 3.0511 -0.2926 2.0, 2.68 -0.0784 2.0, 2.7103 -0.1515 2.0, 2.7585 -0.2142 2.0, 2.7585 0.2142 2.0, 2.8212 0.2624 2.0, 2.8943 0.2926 2.0, 3.2351 0.1515 2.0, 3.2653 0.0784 2.0, 3.2757 0.0 2.0, 3.2653 -0.0784 2.0, -2.9796 0.2455 2.0, -2.9327 0.1708 2.0, -2.9036 0.0876 2.0, 2.6697 0.0 2.0, -2.8937 0.0 2.0, -2.9036 -0.0876 2.0, -2.9327 -0.1708 2.0, -3.5916 0.3937 2.0, -3.2874 0.3937 2.0, -3.1998 0.3838 2.0, -3.1166 0.3547 2.0, -3.0419 0.3078 2.0, 3.1242 0.2624 2.0, 3.1869 0.2142 2.0, 2.9727 -0.303 2.0, 2.8943 -0.2926 2.0, 2.8212 -0.2624 2.0, -2.9796 -0.2455 2.0, -3.0419 -0.3078 2.0, -3.1166 -0.3547 2.0, -3.5916 -1.062 0.2008, -3.5916 1.062 0.2008, 3.5916 -1.062 0.2008, 3.5916 1.062 0.2008, 3.7016 -1.25 1.0512, 3.5916 -1.14 0.2686, 1.7126 -1.25 1.0512, 1.2874 -1.25 1.0512, 0.7126 -1.25 1.0512, 0.2874 -1.25 1.0512, -3.5916 -1.14 0.2686, -0.2874 -1.25 1.0512, -0.7126 -1.25 1.0512, -1.2874 -1.25 1.0512, -1.7126 -1.25 1.0512, -2.2874 -1.25 1.0512, -2.7126 -1.25 1.0512, -3.2874 -1.25 1.0512, -3.7008 -1.25 1.0512, -3.7016 -1.25 1.0512, 3.7795 -1.172 1.0512, 3.6695 -1.062 0.2686, 3.6695 1.062 0.2686, 3.7795 1.172 1.0512, -3.7795 1.172 1.0512, -3.6695 1.062 0.2686, -3.6695 -1.062 0.2686, -3.7795 -1.172 1.0512, -3.5916 1.14 0.2686, -3.7016 1.25 1.0512, -3.7008 1.25 1.0512, -3.2874 1.25 1.0512, -2.7126 1.25 1.0512, -2.2874 1.25 1.0512, -1.7126 1.25 1.0512, -1.2874 1.25 1.0512, -0.7126 1.25 1.0512, -0.2874 1.25 1.0512, 0.2874 1.25 1.0512, 3.5916 1.14 0.2686, 0.7126 1.25 1.0512, 1.2874 1.25 1.0512, 1.7126 1.25 1.0512, 3.7016 1.25 1.0512, 3.7016 1.25 1.1496, 3.5916 1.14 1.9322, 1.7126 1.25 1.1496, 1.2874 1.25 1.1496, 0.7126 1.25 1.1496, 0.2874 1.25 1.1496, -3.5916 1.14 1.9322, -0.2874 1.25 1.1496, -0.7126 1.25 1.1496, -1.2874 1.25 1.1496, -1.7126 1.25 1.1496, -2.2874 1.25 1.1496, -2.7126 1.25 1.1496, -3.2874 1.25 1.1496, -3.7008 1.25 1.1496, -3.7016 1.25 1.1496, -3.6751 0.3937 1.8928, -3.6695 0.3937 1.9322, -3.6695 1.062 1.9322, -3.7795 1.172 1.1496, -3.6927 0.3315 1.7675, -3.6908 -0.347 1.7809, -3.6862 -0.3723 1.8135, -3.7795 -1.172 1.1496, -3.6809 -0.3882 1.8517, -3.6695 -1.062 1.9322, -3.6751 -0.3937 1.8928, -3.6695 -0.3937 1.9322, -3.6886 0.3607 1.7964, -3.6836 0.3815 1.8321, -3.678 0.3923 1.8721, -3.697 0.2566 1.7367, -3.6965 0.2766 1.7406, -3.6955 0.296 1.7472, -3.6943 -0.3144 1.7561, -3.6955 -0.296 1.7472, -3.6965 -0.2766 1.7406, -3.697 -0.2566 1.7367, -3.6972 -0.2362 1.7354, -3.6972 0.2362 1.7354, -3.7016 -1.25 1.1496, -3.7008 -1.25 1.1496, -3.5916 -1.14 1.9322, -3.2874 -1.25 1.1496, -2.7126 -1.25 1.1496, -2.2874 -1.25 1.1496, -1.7126 -1.25 1.1496, -1.2874 -1.25 1.1496, -0.7126 -1.25 1.1496, -0.2874 -1.25 1.1496, 3.5916 -1.14 1.9322, 0.2874 -1.25 1.1496, 0.7126 -1.25 1.1496, 1.2874 -1.25 1.1496, 1.7126 -1.25 1.1496, 3.7016 -1.25 1.1496, -3.2874 0.315 1.8819, -3.2874 0.315 1.9213, -3.5971 0.315 1.8819, -3.5916 0.315 1.9213, -3.2874 -0.315 1.8819, -3.2874 -0.315 1.9213, -3.2173 -0.3071 1.9213, -3.2059 -0.3042 1.8819, -3.2062 -0.3032 1.9213, -3.1299 -0.2728 1.8819, -3.1507 -0.2838 1.9213, -3.1309 -0.2713 1.9213, -3.0647 -0.2227 1.8819, -3.091 -0.2462 1.9213, -3.0661 -0.2213 1.9213, -3.0412 -0.1964 1.9213, -3.0146 -0.1575 1.8819, -3.0161 -0.1565 1.9213, -3.0036 -0.1367 1.9213, -2.9832 -0.0815 1.8819, -2.9842 -0.0812 1.9213, -2.9803 -0.0701 1.9213, -2.9724 -0.0 1.8819, -2.9724 -0.0 1.9213, -2.9803 0.0701 1.9213, -2.9832 0.0815 1.8819, -2.9842 0.0812 1.9213, -3.0146 0.1575 1.8819, -3.0036 0.1367 1.9213, -3.0161 0.1565 1.9213, -3.0647 0.2227 1.8819, -3.0412 0.1964 1.9213, -3.0661 0.2213 1.9213, -3.091 0.2462 1.9213, -3.1299 0.2728 1.8819, -3.1309 0.2713 1.9213, -3.1507 0.2838 1.9213, -3.2059 0.3042 1.8819, -3.2173 0.3071 1.9213, -3.2062 0.3032 1.9213, -3.5971 -0.315 1.8819, -3.5916 -0.315 1.9213, -3.6192 0.2362 1.8031, -3.6192 -0.2362 1.8031, -3.2874 0.2362 1.8031, -3.2874 -0.2362 1.8031, -3.2263 -0.2282 1.8031, -3.0828 -0.1181 1.8031, -3.0592 -0.0611 1.8031, -3.0828 0.1181 1.8031, -3.0512 -0.0 1.8031, -3.0592 0.0611 1.8031, -3.1204 -0.167 1.8031, -3.1204 0.167 1.8031, -3.1693 0.2046 1.8031, -3.1693 -0.2046 1.8031, -3.2263 0.2282 1.8031, 3.6102 1.062 0.203, 3.6096 1.0669 0.203, 3.5916 1.0982 0.2096, 3.5916 1.0984 0.2097, 3.601 1.0972 0.2097, 3.5916 1.1137 0.2201, 3.5916 1.1139 0.2203, 3.605 1.1122 0.2203, 3.6083 1.1243 0.2344, 3.6106 1.1329 0.251, 3.6283 1.1256 0.251, 3.6666 1.082 0.2662, 3.6649 1.062 0.251, 3.6586 1.1006 0.2647, 3.6665 1.0821 0.2662, 3.6624 1.081 0.251, 3.6115 1.137 0.2662, 3.6116 1.137 0.2662, 3.6301 1.1291 0.2647, 3.6302 1.129 0.2647, 3.6462 1.1166 0.2642, 3.5916 1.1354 0.251, 3.5916 1.1352 0.2505, 3.5916 1.1265 0.2344, 3.5916 1.1262 0.234, 3.6647 1.062 0.2505, 3.6539 1.0787 0.2344, 3.6238 1.1179 0.2344, 3.6435 1.1139 0.251, 3.6561 1.062 0.2344, 3.6558 1.062 0.234, 3.6417 1.0755 0.2203, 3.6175 1.107 0.2203, 3.6372 1.1076 0.2344, 3.6435 1.062 0.2203, 3.6432 1.062 0.2201, 3.6267 1.0714 0.2097, 3.6283 1.0987 0.2203, 3.6097 1.0935 0.2097, 3.5964 1.0801 0.203, 3.6585 1.1007 0.2647, 3.6551 1.0987 0.251, 3.6474 1.0943 0.2344, 3.6365 1.088 0.2203, 3.623 1.0802 0.2097, 3.6078 1.0714 0.203, 3.5916 1.0806 0.203, 3.5916 1.0808 0.203, 3.6173 1.0877 0.2097, 3.6009 1.0782 0.203, 3.6048 1.0753 0.203, 3.6279 1.062 0.2097, 3.6277 1.062 0.2096, 3.6103 1.062 0.203, 3.7689 1.2108 1.0492, 3.7689 1.2106 1.0492, 3.7767 1.1921 1.05, 3.7768 1.1916 1.05, 3.7565 1.2269 1.0489, 3.7404 1.2393 1.0492, 3.7401 1.2394 1.0492, 3.7217 1.2472 1.05, 3.7212 1.2473 1.05, 3.6649 -1.062 0.251, 3.6647 -1.062 0.2505, 3.6561 -1.062 0.2344, 3.6558 -1.062 0.234, 3.6435 -1.062 0.2203, 3.6432 -1.062 0.2201, 3.6279 -1.062 0.2097, 3.6277 -1.062 0.2096, 3.6103 -1.062 0.203, 3.6102 -1.062 0.203, -3.5916 1.1354 0.251, -3.5916 1.1352 0.2505, -3.5916 1.1265 0.2344, -3.5916 1.1262 0.234, -3.5916 1.1139 0.2203, -3.5916 1.1137 0.2201, -3.5916 1.0984 0.2097, -3.5916 1.0982 0.2096, -3.5916 1.0808 0.203, -3.5916 1.0806 0.203, -3.7404 1.2393 1.0492, -3.7401 1.2394 1.0492, -3.6115 1.137 0.2662, -3.7217 1.2472 1.05, -3.7212 1.2473 1.05, -3.6116 1.137 0.2662, -3.6301 1.1291 0.2647, -3.7565 1.2269 1.0489, -3.6302 1.129 0.2647, -3.6462 1.1166 0.2642, -3.6585 1.1007 0.2647, -3.7689 1.2108 1.0492, -3.6586 1.1006 0.2647, -3.7689 1.2106 1.0492, -3.6665 1.0821 0.2662, -3.7767 1.1921 1.05, -3.6666 1.082 0.2662, -3.7768 1.1916 1.05, -3.7212 1.2473 1.1508, -3.7217 1.2472 1.1508, -3.7401 1.2394 1.1516, -3.7404 1.2393 1.1516, -3.7565 1.2269 1.1518, -3.7689 1.2108 1.1516, -3.7689 1.2106 1.1516, -3.7767 1.1921 1.1508, -3.7768 1.1916 1.1508, 3.7795 1.172 1.1496, 3.7768 1.1916 1.1508, 3.7767 1.1921 1.1508, 3.7689 1.2106 1.1516, 3.7689 1.2108 1.1516, 3.7565 1.2269 1.1518, 3.7404 1.2393 1.1516, 3.7401 1.2394 1.1516, 3.7217 1.2472 1.1508, 3.7212 1.2473 1.1508, 3.5916 -1.0806 0.203, 3.5964 -1.0801 0.203, 3.6267 -1.0714 0.2097, 3.6417 -1.0755 0.2203, 3.6539 -1.0787 0.2344, 3.6624 -1.081 0.251, 3.6551 -1.0987 0.251, 3.6115 -1.137 0.2662, 3.5916 -1.1354 0.251, 3.6301 -1.1291 0.2647, 3.6116 -1.137 0.2662, 3.6106 -1.1329 0.251, 3.6666 -1.082 0.2662, 3.6665 -1.0821 0.2662, 3.6586 -1.1006 0.2647, 3.6585 -1.1007 0.2647, 3.6462 -1.1166 0.2642, 3.5916 -1.1352 0.2505, 3.6083 -1.1243 0.2344, 3.6474 -1.0943 0.2344, 3.6435 -1.1139 0.251, 3.5916 -1.1265 0.2344, 3.5916 -1.1262 0.234, 3.605 -1.1122 0.2203, 3.6365 -1.088 0.2203, 3.6372 -1.1076 0.2344, 3.5916 -1.1139 0.2203, 3.5916 -1.1137 0.2201, 3.601 -1.0972 0.2097, 3.6283 -1.0987 0.2203, 3.623 -1.0802 0.2097, 3.6096 -1.0669 0.203, 3.6302 -1.129 0.2647, 3.6283 -1.1256 0.251, 3.6238 -1.1179 0.2344, 3.6175 -1.107 0.2203, 3.6097 -1.0935 0.2097, 3.6009 -1.0782 0.203, 3.6173 -1.0877 0.2097, 3.6078 -1.0714 0.203, 3.6048 -1.0753 0.203, 3.5916 -1.0984 0.2097, 3.5916 -1.0982 0.2096, 3.5916 -1.0808 0.203, -3.5964 1.0801 0.203, -3.6277 1.062 0.2096, -3.6279 1.062 0.2097, -3.6267 1.0714 0.2097, -3.6432 1.062 0.2201, -3.6435 1.062 0.2203, -3.6417 1.0755 0.2203, -3.6539 1.0787 0.2344, -3.6624 1.081 0.251, -3.6551 1.0987 0.251, -3.6106 1.1329 0.251, -3.6649 1.062 0.251, -3.6647 1.062 0.2505, -3.6561 1.062 0.2344, -3.6558 1.062 0.234, -3.6083 1.1243 0.2344, -3.6474 1.0943 0.2344, -3.6435 1.1139 0.251, -3.605 1.1122 0.2203, -3.6365 1.088 0.2203, -3.6372 1.1076 0.2344, -3.601 1.0972 0.2097, -3.6283 1.0987 0.2203, -3.623 1.0802 0.2097, -3.6096 1.0669 0.203, -3.6283 1.1256 0.251, -3.6238 1.1179 0.2344, -3.6175 1.107 0.2203, -3.6097 1.0935 0.2097, -3.6009 1.0782 0.203, -3.6102 1.062 0.203, -3.6103 1.062 0.203, -3.6173 1.0877 0.2097, -3.6078 1.0714 0.203, -3.6048 1.0753 0.203, -3.6666 1.082 1.9346, -3.6665 1.0821 1.9346, -3.6586 1.1006 1.9361, -3.6585 1.1007 1.9361, -3.6462 1.1166 1.9366, -3.6302 1.129 1.9361, -3.6301 1.1291 1.9361, -3.6116 1.137 1.9346, -3.6115 1.137 1.9346, 3.5916 1.1354 1.9498, -3.5916 1.1354 1.9498, 3.5916 1.1352 1.9503, -3.5916 1.1352 1.9503, 3.5916 1.1265 1.9664, -3.5916 1.1265 1.9664, 3.5916 1.1262 1.9668, -3.5916 1.1262 1.9668, 3.5916 1.1139 1.9805, -3.5916 1.1139 1.9805, 3.5916 1.1137 1.9807, -3.5916 1.1137 1.9807, 3.5916 1.0984 1.9911, -3.5916 1.0984 1.9911, 3.5916 1.0982 1.9912, -3.5916 1.0982 1.9912, 3.5916 1.0808 1.9977, -3.5916 1.0808 1.9977, 3.5916 1.0806 1.9978, -3.5916 1.0806 1.9978, 3.6115 1.137 1.9346, 3.6116 1.137 1.9346, 3.6301 1.1291 1.9361, 3.6302 1.129 1.9361, 3.6462 1.1166 1.9366, 3.6585 1.1007 1.9361, 3.6586 1.1006 1.9361, 3.6665 1.0821 1.9346, 3.6666 1.082 1.9346, 3.6695 1.062 1.9322, 3.7183 -1.2477 1.0502, 3.7217 -1.2472 1.05, 3.7347 -1.2417 1.0494, 3.7404 -1.2393 1.0492, 3.7495 -1.2323 1.049, 3.7565 -1.2269 1.0489, 3.7618 -1.22 1.049, 3.7689 -1.2108 1.0492, 3.7712 -1.2052 1.0494, 3.7767 -1.1921 1.05, 3.7772 -1.1887 1.0502, -3.5916 -1.1354 0.251, -3.5916 -1.1352 0.2505, -3.5916 -1.1265 0.2344, -3.5916 -1.1262 0.234, -3.5916 -1.1139 0.2203, -3.5916 -1.1137 0.2201, -3.5916 -1.0984 0.2097, -3.5916 -1.0982 0.2096, -3.5916 -1.0808 0.203, -3.5916 -1.0806 0.203, -3.6649 -1.062 0.251, -3.6647 -1.062 0.2505, -3.6561 -1.062 0.2344, -3.6558 -1.062 0.234, -3.6435 -1.062 0.2203, -3.6432 -1.062 0.2201, -3.6279 -1.062 0.2097, -3.6277 -1.062 0.2096, -3.6103 -1.062 0.203, -3.6102 -1.062 0.203, -3.6558 1.062 1.9668, -3.6435 1.062 1.9805, -3.6417 1.0755 1.9805, -3.6267 1.0714 1.9911, -3.6096 1.0669 1.9977, -3.6078 1.0714 1.9977, -3.6009 1.0782 1.9977, -3.6048 1.0753 1.9977, -3.5964 1.0801 1.9977, -3.6102 1.062 1.9978, -3.6624 1.081 1.9498, -3.6551 1.0987 1.9498, -3.6435 1.1139 1.9498, -3.6283 1.1256 1.9498, -3.6106 1.1329 1.9498, -3.6432 1.062 1.9807, -3.6279 1.062 1.9911, -3.6277 1.062 1.9912, -3.6103 1.062 1.9977, -3.623 1.0802 1.9911, -3.6173 1.0877 1.9911, -3.6097 1.0935 1.9911, -3.601 1.0972 1.9911, -3.6365 1.088 1.9805, -3.6283 1.0987 1.9805, -3.6175 1.107 1.9805, -3.605 1.1122 1.9805, -3.6647 1.062 1.9503, -3.6561 1.062 1.9664, -3.6539 1.0787 1.9664, -3.6474 1.0943 1.9664, -3.6372 1.1076 1.9664, -3.6238 1.1179 1.9664, -3.6083 1.1243 1.9664, -3.6649 1.062 1.9498, 3.605 1.1122 1.9805, 3.601 1.0972 1.9911, 3.5964 1.0801 1.9977, 3.6009 1.0782 1.9977, 3.6078 1.0714 1.9977, 3.6048 1.0753 1.9977, 3.6096 1.0669 1.9977, 3.6106 1.1329 1.9498, 3.6283 1.1256 1.9498, 3.6435 1.1139 1.9498, 3.6551 1.0987 1.9498, 3.6624 1.081 1.9498, 3.6649 1.062 1.9498, 3.6102 1.062 1.9978, 3.6097 1.0935 1.9911, 3.6173 1.0877 1.9911, 3.623 1.0802 1.9911, 3.6267 1.0714 1.9911, 3.6103 1.062 1.9977, 3.6277 1.062 1.9912, 3.6279 1.062 1.9911, 3.6432 1.062 1.9807, 3.6175 1.107 1.9805, 3.6283 1.0987 1.9805, 3.6365 1.088 1.9805, 3.6417 1.0755 1.9805, 3.6083 1.1243 1.9664, 3.6238 1.1179 1.9664, 3.6372 1.1076 1.9664, 3.6474 1.0943 1.9664, 3.6539 1.0787 1.9664, 3.6435 1.062 1.9805, 3.6558 1.062 1.9668, 3.6561 1.062 1.9664, 3.6647 1.062 1.9503, 3.7183 -1.2477 1.1506, 3.7217 -1.2472 1.1508, 3.7347 -1.2417 1.1514, 3.7404 -1.2393 1.1516, 3.7495 -1.2323 1.1517, 3.7565 -1.2269 1.1518, 3.7618 -1.22 1.1517, 3.7689 -1.2108 1.1516, 3.7712 -1.2052 1.1514, 3.7767 -1.1921 1.1508, 3.7772 -1.1887 1.1506, 3.7795 -1.172 1.1496, -3.6096 -1.0669 0.203, -3.601 -1.0972 0.2097, -3.605 -1.1122 0.2203, -3.6083 -1.1243 0.2344, -3.6106 -1.1329 0.251, -3.6283 -1.1256 0.251, -3.6666 -1.082 0.2662, -3.6586 -1.1006 0.2647, -3.6665 -1.0821 0.2662, -3.6624 -1.081 0.251, -3.6115 -1.137 0.2662, -3.6116 -1.137 0.2662, -3.6301 -1.1291 0.2647, -3.6302 -1.129 0.2647, -3.6462 -1.1166 0.2642, -3.6539 -1.0787 0.2344, -3.6238 -1.1179 0.2344, -3.6435 -1.1139 0.251, -3.6417 -1.0755 0.2203, -3.6175 -1.107 0.2203, -3.6372 -1.1076 0.2344, -3.6267 -1.0714 0.2097, -3.6283 -1.0987 0.2203, -3.6097 -1.0935 0.2097, -3.5964 -1.0801 0.203, -3.6585 -1.1007 0.2647, -3.6551 -1.0987 0.251, -3.6474 -1.0943 0.2344, -3.6365 -1.088 0.2203, -3.623 -1.0802 0.2097, -3.6078 -1.0714 0.203, -3.6173 -1.0877 0.2097, -3.6009 -1.0782 0.203, -3.6048 -1.0753 0.203, -3.6685 0.3937 1.9382, -3.6644 0.3937 1.9502, -3.6627 0.3937 1.9549, -3.6555 0.3937 1.9666, -3.6534 0.3937 1.97, -3.643 0.3937 1.9805, -3.6409 0.3937 1.9826, -3.6276 0.3937 1.991, -3.6259 0.3937 1.9921, -3.6101 0.3937 1.9977, -3.6092 0.3937 1.998, 3.6695 -1.062 1.9322, 3.6649 -1.062 1.9498, 3.6647 -1.062 1.9503, 3.6561 -1.062 1.9664, 3.6558 -1.062 1.9668, 3.6435 -1.062 1.9805, 3.6432 -1.062 1.9807, 3.6279 -1.062 1.9911, 3.6277 -1.062 1.9912, 3.6103 -1.062 1.9977, 3.6102 -1.062 1.9978, 3.6462 -1.1166 1.9366, 3.6666 -1.082 1.9346, 3.6665 -1.0821 1.9346, 3.6586 -1.1006 1.9361, 3.6585 -1.1007 1.9361, 3.6302 -1.129 1.9361, 3.6301 -1.1291 1.9361, 3.6116 -1.137 1.9346, 3.6115 -1.137 1.9346, -3.7772 -1.1887 1.0502, -3.7689 -1.2108 1.0492, -3.7712 -1.2052 1.0494, -3.7767 -1.1921 1.05, -3.7565 -1.2269 1.0489, -3.7618 -1.22 1.049, -3.7495 -1.2323 1.049, -3.7404 -1.2393 1.0492, -3.7347 -1.2417 1.0494, -3.7217 -1.2472 1.05, -3.7183 -1.2477 1.0502, -3.6005 0.3605 1.9921, -3.5961 0.3767 1.998, -3.6004 0.3784 1.998, -3.5916 0.3761 1.998, -3.6117 0.3176 1.9241, -3.6115 0.3194 1.9382, -3.6119 0.3177 1.9241, -3.63 0.3271 1.9382, -3.6306 0.3255 1.9267, -3.6467 0.338 1.929, -3.6459 0.3393 1.9382, -3.6469 0.3383 1.929, -3.6582 0.3552 1.9382, -3.6591 0.3543 1.9308, -3.6669 0.3733 1.9318, -3.6658 0.3738 1.9382, -3.6669 0.3735 1.9318, -3.6086 0.3891 1.998, -3.6068 0.3849 1.998, -3.6087 0.3639 1.9921, -3.604 0.3812 1.998, -3.6159 0.3694 1.9921, -3.6213 0.3765 1.9921, -3.6247 0.3848 1.9921, -3.5916 0.3444 1.9826, -3.5916 0.3546 1.9891, -3.5916 0.3593 1.9921, -3.5916 0.3734 1.9971, -3.6043 0.346 1.9826, -3.6162 0.351 1.9826, -3.6265 0.3588 1.9826, -3.6343 0.369 1.9826, -3.6392 0.3809 1.9826, -3.5916 0.3259 1.9604, -3.5916 0.3319 1.97, -3.6076 0.334 1.97, -3.5916 0.3384 1.9766, -3.6225 0.3402 1.97, -3.6353 0.35 1.97, -3.6451 0.3628 1.97, -3.6513 0.3777 1.97, -3.5916 0.3179 1.9415, -3.5916 0.3225 1.9549, -3.61 0.325 1.9549, -3.6271 0.3321 1.9549, -3.6419 0.3434 1.9549, -3.6532 0.3581 1.9549, -3.6603 0.3753 1.9549, -3.5916 0.3168 1.9382, 3.6417 -1.0755 1.9805, 3.6267 -1.0714 1.9911, 3.6096 -1.0669 1.9977, 3.6078 -1.0714 1.9977, 3.6009 -1.0782 1.9977, 3.6048 -1.0753 1.9977, 3.5964 -1.0801 1.9977, 3.6624 -1.081 1.9498, 3.6551 -1.0987 1.9498, 3.6435 -1.1139 1.9498, 3.6283 -1.1256 1.9498, 3.6106 -1.1329 1.9498, 3.5916 -1.1354 1.9498, 3.5916 -1.0806 1.9978, 3.623 -1.0802 1.9911, 3.6173 -1.0877 1.9911, 3.6097 -1.0935 1.9911, 3.601 -1.0972 1.9911, 3.5916 -1.0808 1.9977, 3.5916 -1.0982 1.9912, 3.5916 -1.0984 1.9911, 3.5916 -1.1137 1.9807, 3.6365 -1.088 1.9805, 3.6283 -1.0987 1.9805, 3.6175 -1.107 1.9805, 3.605 -1.1122 1.9805, 3.6539 -1.0787 1.9664, 3.6474 -1.0943 1.9664, 3.6372 -1.1076 1.9664, 3.6238 -1.1179 1.9664, 3.6083 -1.1243 1.9664, 3.5916 -1.1139 1.9805, 3.5916 -1.1262 1.9668, 3.5916 -1.1265 1.9664, 3.5916 -1.1352 1.9503, -3.7772 -1.1887 1.1506, -3.7767 -1.1921 1.1508, -3.7712 -1.2052 1.1514, -3.7689 -1.2108 1.1516, -3.7618 -1.22 1.1517, -3.7565 -1.2269 1.1518, -3.7495 -1.2323 1.1517, -3.7404 -1.2393 1.1516, -3.7347 -1.2417 1.1514, -3.7217 -1.2472 1.1508, -3.7183 -1.2477 1.1506, -3.6724 0.3733 1.8925, -3.6646 0.3543 1.8914, -3.6361 0.3255 1.8874, -3.6522 0.338 1.8896, -3.6173 0.3176 1.8847, -3.619 0.2464 1.8038, -3.6185 0.2564 1.8058, -3.2874 0.2566 1.8058, -3.6185 0.2566 1.8058, -3.6176 0.2661 1.809, -3.2874 0.2756 1.8137, -3.6161 0.2753 1.8143, -3.6147 0.2839 1.8192, -3.2874 0.2919 1.8262, -3.6126 0.2914 1.8267, -3.6107 0.2985 1.8337, -3.2874 0.3044 1.8425, -3.6081 0.3038 1.8429, -3.6056 0.3089 1.8515, -3.2874 0.3123 1.8615, -3.6028 0.3116 1.8617, -3.6 0.3143 1.8715, -3.2874 0.3733 1.9973, -3.2874 0.3543 1.9895, -3.2874 0.338 1.9769, -3.2874 0.3255 1.9606, -3.2874 0.3176 1.9416, -3.5916 -1.1354 1.9498, -3.5916 -1.1352 1.9503, -3.5916 -1.1265 1.9664, -3.5916 -1.1262 1.9668, -3.5916 -1.1139 1.9805, -3.5916 -1.1137 1.9807, -3.5916 -1.0984 1.9911, -3.5916 -1.0982 1.9912, -3.5916 -1.0808 1.9977, -3.5916 -1.0806 1.9978, -3.6301 -1.1291 1.9361, -3.6115 -1.137 1.9346, -3.6116 -1.137 1.9346, -3.6462 -1.1166 1.9366, -3.6302 -1.129 1.9361, -3.6585 -1.1007 1.9361, -3.6586 -1.1006 1.9361, -3.6665 -1.0821 1.9346, -3.6666 -1.082 1.9346, -3.6363 0.2679 1.8073, -3.6336 0.2866 1.8183, -3.6298 0.3017 1.8339, -3.6252 0.3122 1.8529, -3.62 0.3172 1.8739, -3.6386 0.3252 1.8755, -3.6546 0.3376 1.8761, -3.6671 0.3537 1.8757, -3.675 0.3724 1.8744, -3.6435 0.3199 1.8522, -3.6593 0.3315 1.8496, -3.6718 0.3463 1.8452, -3.6801 0.3633 1.8392, -3.6478 0.3085 1.8312, -3.6636 0.3185 1.8256, -3.6761 0.331 1.8177, -3.6846 0.3454 1.8077, -3.6514 0.2919 1.8138, -3.667 0.2996 1.8059, -3.6796 0.3091 1.7951, -3.6883 0.32 1.7821, -3.6539 0.2713 1.8015, -3.6695 0.2761 1.792, -3.682 0.2821 1.7792, -3.6909 0.2888 1.764, -3.6371 0.2576 1.8038, -3.6547 0.26 1.7976, -3.6703 0.2632 1.7875, -3.6828 0.2672 1.7741, -3.6917 0.2718 1.7582, -3.6377 0.247 1.8016, -3.6552 0.2482 1.7952, -3.6707 0.2498 1.7848, -3.6833 0.2519 1.771, -3.6922 0.2542 1.7547, -3.6378 0.2362 1.8009, -3.6554 0.2362 1.7944, -3.6709 0.2362 1.7838, -3.6835 0.2362 1.7699, -3.6924 0.2362 1.7535, -3.2874 -0.2566 1.8058, -3.221 -0.2479 1.8058, -3.1591 -0.2222 1.8058, -3.106 -0.1814 1.8058, -3.0652 -0.1283 1.8058, -3.0395 -0.0664 1.8058, -3.0308 -0.0 1.8058, -3.0395 0.0664 1.8058, -3.0652 0.1283 1.8058, -3.106 0.1814 1.8058, -3.1591 0.2222 1.8058, -3.221 0.2479 1.8058, -3.2874 -0.2756 1.8137, -3.2161 -0.2662 1.8137, -3.1496 -0.2387 1.8137, -3.0925 -0.1949 1.8137, -3.0487 -0.1378 1.8137, -3.0212 -0.0713 1.8137, -3.0118 -0.0 1.8137, -3.0212 0.0713 1.8137, -3.0487 0.1378 1.8137, -3.0925 0.1949 1.8137, -3.1496 0.2387 1.8137, -3.2161 0.2662 1.8137, -3.2874 -0.2919 1.8262, -3.2119 -0.282 1.8262, -3.1415 -0.2528 1.8262, -3.081 -0.2064 1.8262, -3.0346 -0.1459 1.8262, -3.0054 -0.0755 1.8262, -2.9955 -0.0 1.8262, -3.0054 0.0755 1.8262, -3.0346 0.1459 1.8262, -3.081 0.2064 1.8262, -3.1415 0.2528 1.8262, -3.2119 0.282 1.8262, -3.2874 -0.3044 1.8425, -3.2086 -0.294 1.8425, -3.1352 -0.2636 1.8425, -3.0722 -0.2153 1.8425, -3.0238 -0.1522 1.8425, -2.9934 -0.0788 1.8425, -2.983 -0.0 1.8425, -2.9934 0.0788 1.8425, -3.0238 0.1522 1.8425, -3.0722 0.2153 1.8425, -3.1352 0.2636 1.8425, -3.2086 0.294 1.8425, -3.2874 -0.3123 1.8615, -3.2066 -0.3016 1.8615, -3.1313 -0.2704 1.8615, -3.0666 -0.2208 1.8615, -3.017 -0.1561 1.8615, -2.9858 -0.0808 1.8615, -2.9751 -0.0 1.8615, -2.9858 0.0808 1.8615, -3.017 0.1561 1.8615, -3.0666 0.2208 1.8615, -3.1313 0.2704 1.8615, -3.2066 0.3016 1.8615, -3.1496 0.2862 1.9416, -2.9777 0.0707 1.9416, -3.0012 -0.1378 1.9416, -3.2167 -0.3097 1.9416, -3.1254 -0.3364 1.9973, -3.0546 -0.2919 1.9973, -3.1337 -0.3192 1.9895, -3.0665 -0.277 1.9895, -3.1407 -0.3045 1.9769, -3.0766 -0.2643 1.9769, -3.1462 -0.2933 1.9606, -2.9511 0.162 1.9973, -2.9955 0.2328 1.9973, -2.9682 0.1537 1.9895, -3.0104 0.2209 1.9895, -2.9829 0.1467 1.9769, -3.0231 0.2108 1.9769, -2.9941 0.1412 1.9606, -3.2043 -0.364 1.9973, -3.2086 -0.3454 1.9895, -3.2122 -0.3295 1.9769, -3.215 -0.3173 1.9606, -2.9234 0.0831 1.9973, -2.942 0.0788 1.9895, -2.9579 0.0752 1.9769, -2.9701 0.0724 1.9606, -3.0844 -0.2545 1.9606, -3.0894 -0.2483 1.9416, -3.1496 -0.2862 1.9416, -3.0329 0.203 1.9606, -3.0391 0.198 1.9416, -3.0012 0.1378 1.9416, -3.2874 -0.3733 1.9973, -3.2874 -0.3543 1.9895, -3.2874 -0.338 1.9769, -3.2874 -0.3255 1.9606, -3.2874 -0.3176 1.9416, -3.0391 -0.198 1.9416, -3.0329 -0.203 1.9606, -3.0231 -0.2108 1.9769, -3.0104 -0.2209 1.9895, -2.9955 -0.2328 1.9973, -2.9941 -0.1412 1.9606, -2.9829 -0.1467 1.9769, -2.9682 -0.1537 1.9895, -2.9511 -0.162 1.9973, -2.9777 -0.0707 1.9416, -2.9701 -0.0724 1.9606, -2.9579 -0.0752 1.9769, -2.942 -0.0788 1.9895, -2.9234 -0.0831 1.9973, -2.9141 0.0 1.9973, -2.9331 0.0 1.9895, -2.9494 0.0 1.9769, -2.9619 0.0 1.9606, -2.9698 0.0 1.9416, -3.0894 0.2483 1.9416, -3.0844 0.2545 1.9606, -3.0766 0.2643 1.9769, -3.0665 0.277 1.9895, -3.0546 0.2919 1.9973, -3.1462 0.2933 1.9606, -3.1407 0.3045 1.9769, -3.1337 0.3192 1.9895, -3.1254 0.3364 1.9973, -3.2167 0.3097 1.9416, -3.215 0.3173 1.9606, -3.2122 0.3295 1.9769, -3.2086 0.3454 1.9895, -3.2043 0.364 1.9973, -3.605 -1.1122 1.9805, -3.601 -1.0972 1.9911, -3.5964 -1.0801 1.9977, -3.6009 -1.0782 1.9977, -3.6078 -1.0714 1.9977, -3.6048 -1.0753 1.9977, -3.6096 -1.0669 1.9977, -3.6106 -1.1329 1.9498, -3.6283 -1.1256 1.9498, -3.6435 -1.1139 1.9498, -3.6551 -1.0987 1.9498, -3.6624 -1.081 1.9498, -3.6649 -1.062 1.9498, -3.6102 -1.062 1.9978, -3.6097 -1.0935 1.9911, -3.6173 -1.0877 1.9911, -3.623 -1.0802 1.9911, -3.6267 -1.0714 1.9911, -3.6103 -1.062 1.9977, -3.6277 -1.062 1.9912, -3.6279 -1.062 1.9911, -3.6432 -1.062 1.9807, -3.6175 -1.107 1.9805, -3.6283 -1.0987 1.9805, -3.6365 -1.088 1.9805, -3.6417 -1.0755 1.9805, -3.6083 -1.1243 1.9664, -3.6238 -1.1179 1.9664, -3.6372 -1.1076 1.9664, -3.6474 -1.0943 1.9664, -3.6539 -1.0787 1.9664, -3.6435 -1.062 1.9805, -3.6558 -1.062 1.9668, -3.6561 -1.062 1.9664, -3.6647 -1.062 1.9503, -3.6924 -0.2362 1.7535, -3.6835 -0.2362 1.7699, -3.6709 -0.2362 1.7838, -3.6554 -0.2362 1.7944, -3.6378 -0.2362 1.8009, -3.6028 -0.3123 1.8615, -3.6029 -0.3122 1.8613, -3.6082 -0.3044 1.8425, -3.6082 -0.3042 1.8422, -3.6127 -0.2919 1.8262, -3.6128 -0.2916 1.8259, -3.6163 -0.2756 1.8137, -3.6163 -0.2753 1.8135, -3.6176 -0.2661 1.809, -3.619 -0.2464 1.8038, -3.6185 -0.2564 1.8058, -3.6185 -0.2566 1.8058, -3.5916 -0.3761 1.998, -3.5916 -0.3734 1.9971, -3.5916 -0.3593 1.9921, -3.5916 -0.3546 1.9891, -3.5916 -0.3444 1.9826, -3.5916 -0.3384 1.9766, -3.5916 -0.3319 1.97, -3.5916 -0.3259 1.9604, -3.5916 -0.3225 1.9549, -3.5916 -0.3179 1.9415, -3.5916 -0.3168 1.9382, -3.6685 -0.3937 1.9382, -3.6644 -0.3937 1.9502, -3.6627 -0.3937 1.9549, -3.6555 -0.3937 1.9666, -3.6534 -0.3937 1.97, -3.643 -0.3937 1.9805, -3.6409 -0.3937 1.9826, -3.6276 -0.3937 1.991, -3.6259 -0.3937 1.9921, -3.6101 -0.3937 1.9977, -3.6092 -0.3937 1.998, -3.6226 -0.3154 1.8632, -3.6276 -0.3075 1.843, -3.6319 -0.2946 1.8256, -3.6351 -0.2776 1.8122, -3.6371 -0.2577 1.8038, -3.6377 -0.247 1.8016, -3.6552 -0.2482 1.7952, -3.6707 -0.2499 1.7848, -3.6833 -0.2519 1.771, -3.6922 -0.2542 1.7547, -3.6547 -0.26 1.7976, -3.6703 -0.2632 1.7875, -3.6828 -0.2672 1.7741, -3.6917 -0.2718 1.7582, -3.6363 -0.2679 1.8073, -3.6539 -0.2713 1.8015, -3.6695 -0.2761 1.792, -3.682 -0.2821 1.7792, -3.6909 -0.2888 1.764, -3.6528 -0.282 1.807, -3.6684 -0.2883 1.7982, -3.6809 -0.2961 1.7863, -3.6897 -0.305 1.772, -3.6497 -0.3008 1.8219, -3.6654 -0.3097 1.8151, -3.678 -0.3208 1.8056, -3.6866 -0.3335 1.794, -3.6457 -0.3149 1.8413, -3.6615 -0.3258 1.8372, -3.674 -0.3396 1.8309, -3.6824 -0.3554 1.8228, -3.6411 -0.3233 1.8637, -3.657 -0.3354 1.8627, -3.6695 -0.351 1.8602, -3.6776 -0.369 1.8565, -3.6173 -0.3176 1.8847, -3.6361 -0.3255 1.8874, -3.6522 -0.338 1.8896, -3.6646 -0.3543 1.8914, -3.6724 -0.3733 1.8925, -3.6247 -0.3848 1.9921, -3.6086 -0.3891 1.998, -3.6068 -0.3849 1.998, -3.6669 -0.3735 1.9318, -3.6658 -0.3738 1.9382, -3.6669 -0.3733 1.9318, -3.6582 -0.3552 1.9382, -3.6591 -0.3543 1.9308, -3.6459 -0.3393 1.9382, -3.6469 -0.3383 1.929, -3.6467 -0.338 1.929, -3.63 -0.3271 1.9382, -3.6306 -0.3255 1.9267, -3.6115 -0.3194 1.9382, -3.6119 -0.3177 1.9241, -3.6117 -0.3176 1.9241, -3.5961 -0.3767 1.998, -3.6004 -0.3784 1.998, -3.6213 -0.3765 1.9921, -3.604 -0.3812 1.998, -3.6159 -0.3694 1.9921, -3.6087 -0.3639 1.9921, -3.6005 -0.3605 1.9921, -3.6392 -0.3809 1.9826, -3.6343 -0.369 1.9826, -3.6265 -0.3588 1.9826, -3.6162 -0.351 1.9826, -3.6043 -0.346 1.9826, -3.6513 -0.3777 1.97, -3.6076 -0.334 1.97, -3.6225 -0.3402 1.97, -3.6353 -0.35 1.97, -3.6451 -0.3628 1.97, -3.6603 -0.3753 1.9549, -3.6532 -0.3581 1.9549, -3.6419 -0.3434 1.9549, -3.6271 -0.3321 1.9549, -3.61 -0.325 1.9549, 3.2757 -0.0 1.9606, 3.2653 0.0784 1.9606, 3.2351 0.1515 1.9606, 3.1869 0.2142 1.9606, 3.1242 0.2624 1.9606, 3.0511 0.2926 1.9606, 2.9727 0.303 1.9606, 2.8943 0.2926 1.9606, 2.8212 0.2624 1.9606, 2.7585 0.2142 1.9606, 2.7103 0.1515 1.9606, 2.68 0.0784 1.9606, 2.6697 0.0 1.9606, 2.68 -0.0784 1.9606, 2.7103 -0.1515 1.9606, 2.7585 -0.2142 1.9606, 2.8212 -0.2624 1.9606, 2.8943 -0.2926 1.9606, 2.9727 -0.303 1.9606, 3.0511 -0.2926 1.9606, 3.1242 -0.2624 1.9606, 3.1869 -0.2142 1.9606, 3.2351 -0.1515 1.9606, 3.2653 -0.0784 1.9606, 2.9727 0.0 1.9606, 2.9727 0.0 1.9606
            ]
        }
        coordIndex [
            0,1,2,-1,2,1,3,-1,4,5,6,-1,6,5,7,-1,8,9,10,-1,10,9,11,-1,12,13,14,-1,14,13,15,-1,16,17,18,-1,18,17,19,-1,20,21,22,-1,22,21,23,-1,24,25,26,-1,27,28,29,-1,30,31,32,-1,32,31,33,-1,34,35,36,-1,36,35,37,-1,36,37,38,-1,39,31,40,-1,40,31,41,-1,26,42,24,-1,24,42,43,-1,24,43,29,-1,29,43,44,-1,29,44,27,-1,45,46,29,-1,29,46,47,-1,29,47,36,-1,36,47,48,-1,36,48,34,-1,49,50,25,-1,25,50,51,-1,25,51,52,-1,52,51,53,-1,52,53,39,-1,39,53,54,-1,39,54,55,-1,24,56,57,-1,57,58,24,-1,24,58,59,-1,24,59,25,-1,25,59,60,-1,25,60,49,-1,28,61,29,-1,29,61,62,-1,29,62,45,-1,38,63,36,-1,36,63,64,-1,36,64,31,-1,31,64,65,-1,31,65,41,-1,55,66,39,-1,39,66,67,-1,39,67,31,-1,31,67,68,-1,31,68,33,-1,69,70,71,-1,71,70,72,-1,73,21,74,-1,74,21,20,-1,74,20,1,-1,1,0,74,-1,74,0,75,-1,74,75,76,-1,76,77,74,-1,74,77,78,-1,74,78,79,-1,78,80,79,-1,79,80,81,-1,79,81,82,-1,82,83,79,-1,79,83,84,-1,79,84,85,-1,85,86,79,-1,79,86,87,-1,79,87,88,-1,8,89,90,-1,8,90,9,-1,9,90,91,-1,9,91,92,-1,16,93,94,-1,16,94,17,-1,17,94,95,-1,17,95,96,-1,97,98,99,-1,99,100,97,-1,97,100,101,-1,97,101,102,-1,102,103,97,-1,97,103,104,-1,97,104,105,-1,105,106,97,-1,97,106,107,-1,97,107,108,-1,108,107,109,-1,108,109,110,-1,110,111,108,-1,108,111,6,-1,108,6,7,-1,7,14,108,-1,108,14,15,-1,108,15,112,-1,113,13,114,-1,114,13,12,-1,114,12,5,-1,5,4,114,-1,114,4,115,-1,114,115,116,-1,116,117,114,-1,114,117,118,-1,114,118,119,-1,118,120,119,-1,119,120,121,-1,119,121,122,-1,122,123,119,-1,119,123,124,-1,119,124,125,-1,125,126,119,-1,119,126,127,-1,119,127,128,-1,129,130,131,-1,132,18,133,-1,134,19,135,-1,135,19,136,-1,135,136,137,-1,137,136,138,-1,137,138,139,-1,139,138,140,-1,133,141,132,-1,132,141,142,-1,132,142,131,-1,131,142,143,-1,131,143,129,-1,144,145,18,-1,18,145,146,-1,18,146,133,-1,134,147,19,-1,19,147,148,-1,19,148,149,-1,149,150,19,-1,19,150,151,-1,19,151,18,-1,18,151,152,-1,18,152,144,-1,153,154,155,-1,155,154,156,-1,155,156,157,-1,157,158,155,-1,155,158,159,-1,155,159,160,-1,160,161,155,-1,155,161,162,-1,155,162,163,-1,162,164,163,-1,163,164,165,-1,163,165,166,-1,166,167,163,-1,163,167,2,-1,163,2,3,-1,3,22,163,-1,163,22,23,-1,163,23,168,-1,169,170,171,-1,171,170,172,-1,173,174,175,-1,173,175,176,-1,176,175,177,-1,176,177,178,-1,177,179,178,-1,178,179,180,-1,178,180,181,-1,181,180,182,-1,182,183,181,-1,181,183,184,-1,181,184,185,-1,184,186,185,-1,185,186,187,-1,185,187,188,-1,187,189,188,-1,188,189,190,-1,188,190,191,-1,190,192,191,-1,191,192,193,-1,191,193,194,-1,194,193,195,-1,194,195,196,-1,195,197,196,-1,196,197,198,-1,196,198,199,-1,199,198,200,-1,200,201,199,-1,199,201,202,-1,199,202,203,-1,202,204,203,-1,203,204,205,-1,203,205,206,-1,170,169,207,-1,207,169,206,-1,207,206,208,-1,208,206,205,-1,209,210,173,-1,173,210,174,-1,211,212,213,-1,213,212,214,-1,213,214,215,-1,216,217,218,-1,218,217,219,-1,218,219,220,-1,216,218,221,-1,221,218,222,-1,221,222,223,-1,215,224,213,-1,213,224,221,-1,213,221,225,-1,225,221,223,-1,226,72,227,-1,228,229,230,-1,231,232,233,-1,234,235,236,-1,237,91,238,-1,239,240,241,-1,241,240,237,-1,242,243,235,-1,235,243,244,-1,235,244,236,-1,236,244,245,-1,236,245,246,-1,108,242,247,-1,247,242,235,-1,247,235,248,-1,248,235,234,-1,248,234,249,-1,249,234,250,-1,237,238,241,-1,241,238,251,-1,241,251,252,-1,232,250,233,-1,233,250,234,-1,233,234,253,-1,253,234,236,-1,253,236,254,-1,254,236,246,-1,251,255,252,-1,252,255,256,-1,252,256,257,-1,229,231,230,-1,230,231,233,-1,230,233,258,-1,258,233,253,-1,258,253,259,-1,259,253,254,-1,256,260,257,-1,257,260,261,-1,257,261,262,-1,259,263,258,-1,258,263,264,-1,258,264,230,-1,230,264,265,-1,230,265,228,-1,266,239,267,-1,267,239,241,-1,267,241,268,-1,268,241,252,-1,268,252,269,-1,269,252,257,-1,269,257,270,-1,270,257,262,-1,270,262,271,-1,271,262,227,-1,271,227,72,-1,72,272,265,-1,265,272,273,-1,265,273,228,-1,263,274,264,-1,264,274,275,-1,264,275,265,-1,265,275,72,-1,274,276,275,-1,275,276,72,-1,261,277,262,-1,262,277,278,-1,262,278,227,-1,227,278,279,-1,227,279,226,-1,246,266,254,-1,254,266,267,-1,254,267,259,-1,259,267,268,-1,259,268,263,-1,263,268,269,-1,263,269,274,-1,274,269,270,-1,274,270,276,-1,276,270,271,-1,276,271,72,-1,280,281,237,-1,237,281,282,-1,237,282,91,-1,91,282,283,-1,91,283,92,-1,237,240,280,-1,280,240,239,-1,280,239,284,-1,284,239,266,-1,266,246,284,-1,284,246,245,-1,284,245,285,-1,285,245,244,-1,285,244,286,-1,286,244,243,-1,286,243,287,-1,287,243,242,-1,287,242,288,-1,288,242,108,-1,288,108,112,-1,91,90,238,-1,238,90,289,-1,238,289,251,-1,251,289,290,-1,251,290,255,-1,255,290,291,-1,255,291,256,-1,256,291,292,-1,256,292,260,-1,260,292,293,-1,260,293,261,-1,261,293,294,-1,261,294,277,-1,277,294,295,-1,277,295,278,-1,278,295,296,-1,278,296,279,-1,279,296,297,-1,279,297,226,-1,297,298,226,-1,226,298,71,-1,226,71,72,-1,97,108,299,-1,299,108,247,-1,299,247,300,-1,300,247,248,-1,300,248,301,-1,301,248,249,-1,301,249,302,-1,302,249,250,-1,302,250,303,-1,303,250,232,-1,303,232,304,-1,304,232,231,-1,304,231,305,-1,305,231,229,-1,305,229,306,-1,306,229,228,-1,306,228,307,-1,307,228,273,-1,307,273,308,-1,273,272,308,-1,308,272,72,-1,308,72,70,-1,309,310,311,-1,311,310,312,-1,311,312,97,-1,97,312,313,-1,97,313,98,-1,311,314,309,-1,309,314,315,-1,309,315,316,-1,316,315,317,-1,317,318,316,-1,316,318,319,-1,316,319,320,-1,320,319,321,-1,320,321,322,-1,322,321,323,-1,322,323,324,-1,324,323,325,-1,324,325,326,-1,326,325,94,-1,326,94,93,-1,127,99,128,-1,128,99,98,-1,128,98,327,-1,327,98,313,-1,327,313,328,-1,328,313,312,-1,328,312,329,-1,329,312,310,-1,329,310,330,-1,330,310,309,-1,330,309,331,-1,331,309,316,-1,331,316,332,-1,332,316,320,-1,332,320,333,-1,333,320,322,-1,333,322,334,-1,334,322,324,-1,334,324,335,-1,335,324,326,-1,335,326,132,-1,132,326,93,-1,132,93,18,-1,18,93,16,-1,11,9,336,-1,336,9,92,-1,336,92,337,-1,337,92,283,-1,337,283,338,-1,338,283,282,-1,338,282,339,-1,339,282,281,-1,339,281,340,-1,340,281,280,-1,340,280,341,-1,341,280,284,-1,341,284,342,-1,342,284,285,-1,342,285,343,-1,343,285,286,-1,343,286,344,-1,344,286,287,-1,344,287,345,-1,345,287,288,-1,345,288,113,-1,113,288,112,-1,113,112,13,-1,13,112,15,-1,346,71,347,-1,296,295,348,-1,294,293,349,-1,350,351,352,-1,353,74,354,-1,355,356,357,-1,357,356,353,-1,358,359,351,-1,351,359,360,-1,351,360,352,-1,352,360,361,-1,352,361,362,-1,90,358,289,-1,289,358,351,-1,289,351,290,-1,290,351,350,-1,290,350,291,-1,291,350,292,-1,353,354,357,-1,357,354,363,-1,357,363,364,-1,293,292,349,-1,349,292,350,-1,349,350,365,-1,365,350,352,-1,365,352,366,-1,366,352,362,-1,363,367,364,-1,364,367,368,-1,364,368,369,-1,295,294,348,-1,348,294,349,-1,348,349,370,-1,370,349,365,-1,370,365,371,-1,371,365,366,-1,368,372,369,-1,369,372,373,-1,369,373,374,-1,371,375,370,-1,370,375,376,-1,370,376,348,-1,348,376,377,-1,348,377,296,-1,378,355,379,-1,379,355,357,-1,379,357,380,-1,380,357,364,-1,380,364,381,-1,381,364,369,-1,381,369,382,-1,382,369,374,-1,382,374,383,-1,383,374,347,-1,383,347,71,-1,71,298,377,-1,377,298,297,-1,377,297,296,-1,375,384,376,-1,376,384,385,-1,376,385,377,-1,377,385,71,-1,384,386,385,-1,385,386,71,-1,373,387,374,-1,374,387,388,-1,374,388,347,-1,347,388,389,-1,347,389,346,-1,362,378,366,-1,366,378,379,-1,366,379,371,-1,371,379,380,-1,371,380,375,-1,375,380,381,-1,375,381,384,-1,384,381,382,-1,384,382,386,-1,386,382,383,-1,386,383,71,-1,308,70,390,-1,391,392,393,-1,394,395,396,-1,397,398,399,-1,311,97,299,-1,315,314,400,-1,400,314,311,-1,325,323,398,-1,398,323,321,-1,398,321,399,-1,399,321,319,-1,399,319,318,-1,94,325,401,-1,401,325,398,-1,401,398,402,-1,402,398,397,-1,402,397,403,-1,403,397,404,-1,311,299,400,-1,400,299,300,-1,400,300,405,-1,395,404,396,-1,396,404,397,-1,396,397,406,-1,406,397,399,-1,406,399,407,-1,407,399,318,-1,300,301,405,-1,405,301,302,-1,405,302,408,-1,392,394,393,-1,393,394,396,-1,393,396,409,-1,409,396,406,-1,409,406,410,-1,410,406,407,-1,302,303,408,-1,408,303,304,-1,408,304,411,-1,410,412,409,-1,409,412,413,-1,409,413,393,-1,393,413,414,-1,393,414,391,-1,317,315,415,-1,415,315,400,-1,415,400,416,-1,416,400,405,-1,416,405,417,-1,417,405,408,-1,417,408,418,-1,418,408,411,-1,418,411,419,-1,419,411,390,-1,419,390,70,-1,70,420,414,-1,414,420,421,-1,414,421,391,-1,412,422,413,-1,413,422,423,-1,413,423,414,-1,414,423,70,-1,422,424,423,-1,423,424,70,-1,304,305,411,-1,411,305,306,-1,411,306,390,-1,390,306,307,-1,390,307,308,-1,318,317,407,-1,407,317,415,-1,407,415,410,-1,410,415,416,-1,410,416,412,-1,412,416,417,-1,412,417,422,-1,422,417,418,-1,422,418,424,-1,424,418,419,-1,424,419,70,-1,332,333,425,-1,425,333,334,-1,425,334,131,-1,131,334,335,-1,131,335,132,-1,425,426,332,-1,332,426,427,-1,332,427,331,-1,331,427,428,-1,428,429,331,-1,331,429,430,-1,331,430,330,-1,330,430,431,-1,330,431,329,-1,329,431,432,-1,329,432,328,-1,328,432,433,-1,328,433,327,-1,327,433,119,-1,327,119,128,-1,114,119,434,-1,434,119,435,-1,434,435,436,-1,436,435,437,-1,436,437,438,-1,438,437,439,-1,438,439,440,-1,440,439,441,-1,440,441,442,-1,442,441,443,-1,442,443,444,-1,444,443,445,-1,444,445,446,-1,446,445,447,-1,446,447,448,-1,448,447,449,-1,448,449,450,-1,450,449,451,-1,450,451,452,-1,451,453,452,-1,452,453,24,-1,452,24,29,-1,342,343,454,-1,454,343,344,-1,454,344,114,-1,114,344,345,-1,114,345,113,-1,454,455,342,-1,342,455,456,-1,342,456,341,-1,341,456,457,-1,457,458,341,-1,341,458,459,-1,341,459,340,-1,340,459,460,-1,340,460,339,-1,339,460,461,-1,339,461,338,-1,338,461,462,-1,338,462,337,-1,337,462,463,-1,337,463,336,-1,464,73,74,-1,464,74,465,-1,465,74,353,-1,465,353,466,-1,466,353,356,-1,466,356,467,-1,467,356,355,-1,467,355,468,-1,468,355,378,-1,468,378,469,-1,469,378,362,-1,469,362,470,-1,470,362,361,-1,470,361,471,-1,471,361,360,-1,471,360,472,-1,472,360,359,-1,472,359,473,-1,473,359,358,-1,473,358,474,-1,474,358,90,-1,474,90,89,-1,74,79,354,-1,354,79,475,-1,354,475,363,-1,363,475,476,-1,363,476,367,-1,367,476,477,-1,367,477,368,-1,368,477,478,-1,368,478,372,-1,372,478,479,-1,372,479,373,-1,373,479,480,-1,373,480,387,-1,387,480,481,-1,387,481,388,-1,388,481,482,-1,388,482,389,-1,389,482,483,-1,389,483,346,-1,483,484,346,-1,346,484,69,-1,346,69,71,-1,95,94,485,-1,485,94,401,-1,485,401,486,-1,486,401,402,-1,486,402,487,-1,487,402,403,-1,487,403,488,-1,488,403,404,-1,488,404,489,-1,489,404,395,-1,489,395,490,-1,490,395,394,-1,490,394,491,-1,491,394,392,-1,491,392,492,-1,492,392,391,-1,492,391,493,-1,493,391,421,-1,493,421,494,-1,421,420,494,-1,494,420,70,-1,494,70,69,-1,495,496,497,-1,498,499,500,-1,24,501,502,-1,503,501,24,-1,500,499,24,-1,504,24,499,-1,505,426,425,-1,426,505,427,-1,427,505,506,-1,427,506,428,-1,428,506,507,-1,428,507,429,-1,429,507,508,-1,429,508,430,-1,430,508,431,-1,431,508,509,-1,431,509,432,-1,432,509,433,-1,433,509,435,-1,433,435,119,-1,453,503,24,-1,510,511,498,-1,498,511,512,-1,498,512,499,-1,499,512,513,-1,499,513,504,-1,514,502,515,-1,515,502,501,-1,515,501,516,-1,516,501,503,-1,516,503,517,-1,453,451,503,-1,503,451,449,-1,503,449,517,-1,517,449,447,-1,517,447,445,-1,497,514,518,-1,518,514,515,-1,518,515,519,-1,519,515,516,-1,519,516,520,-1,520,516,517,-1,520,517,521,-1,521,517,445,-1,522,523,524,-1,524,523,495,-1,495,497,524,-1,524,497,518,-1,524,518,525,-1,525,518,519,-1,525,519,526,-1,526,519,520,-1,526,520,527,-1,527,520,521,-1,527,521,528,-1,496,510,497,-1,497,510,498,-1,497,498,514,-1,514,498,500,-1,514,500,502,-1,502,500,24,-1,522,505,529,-1,529,505,425,-1,529,425,131,-1,445,443,521,-1,521,443,441,-1,521,441,528,-1,528,441,439,-1,528,439,437,-1,522,524,505,-1,505,524,525,-1,505,525,506,-1,506,525,526,-1,506,526,507,-1,507,526,527,-1,507,527,508,-1,508,527,528,-1,508,528,509,-1,509,528,437,-1,509,437,435,-1,440,442,530,-1,531,532,533,-1,29,534,535,-1,536,534,29,-1,533,532,29,-1,452,29,532,-1,537,455,454,-1,455,537,456,-1,456,537,538,-1,456,538,457,-1,457,538,539,-1,457,539,458,-1,458,539,540,-1,458,540,459,-1,459,540,460,-1,460,540,541,-1,460,541,461,-1,461,541,462,-1,462,541,542,-1,462,542,463,-1,543,536,29,-1,444,446,531,-1,531,446,448,-1,531,448,532,-1,532,448,450,-1,532,450,452,-1,544,535,545,-1,545,535,534,-1,545,534,546,-1,546,534,536,-1,546,536,547,-1,543,548,536,-1,536,548,549,-1,536,549,547,-1,547,549,550,-1,547,550,551,-1,530,544,552,-1,552,544,545,-1,552,545,553,-1,553,545,546,-1,553,546,554,-1,554,546,547,-1,554,547,555,-1,555,547,551,-1,436,438,556,-1,556,438,440,-1,440,530,556,-1,556,530,552,-1,556,552,557,-1,557,552,553,-1,557,553,558,-1,558,553,554,-1,558,554,559,-1,559,554,555,-1,559,555,560,-1,442,444,530,-1,530,444,531,-1,530,531,544,-1,544,531,533,-1,544,533,535,-1,535,533,29,-1,436,537,434,-1,434,537,454,-1,434,454,114,-1,551,561,555,-1,555,561,562,-1,555,562,560,-1,560,562,563,-1,560,563,564,-1,436,556,537,-1,537,556,557,-1,537,557,538,-1,538,557,558,-1,538,558,539,-1,539,558,559,-1,539,559,540,-1,540,559,560,-1,540,560,541,-1,541,560,564,-1,541,564,542,-1,23,21,168,-1,168,21,73,-1,168,73,565,-1,565,73,464,-1,565,464,566,-1,566,464,465,-1,566,465,567,-1,567,465,466,-1,567,466,568,-1,568,466,467,-1,568,467,569,-1,569,467,468,-1,569,468,570,-1,570,468,469,-1,570,469,571,-1,571,469,470,-1,571,470,572,-1,572,470,471,-1,572,471,573,-1,573,471,472,-1,573,472,574,-1,574,472,473,-1,574,473,575,-1,575,473,474,-1,575,474,576,-1,576,474,89,-1,576,89,10,-1,10,89,8,-1,494,69,577,-1,482,481,578,-1,480,479,579,-1,580,581,582,-1,583,95,485,-1,584,585,586,-1,586,585,583,-1,587,588,581,-1,581,588,589,-1,581,589,582,-1,582,589,590,-1,582,590,591,-1,79,587,475,-1,475,587,581,-1,475,581,476,-1,476,581,580,-1,476,580,477,-1,477,580,478,-1,583,485,586,-1,586,485,486,-1,586,486,592,-1,479,478,579,-1,579,478,580,-1,579,580,593,-1,593,580,582,-1,593,582,594,-1,594,582,591,-1,486,487,592,-1,592,487,488,-1,592,488,595,-1,481,480,578,-1,578,480,579,-1,578,579,596,-1,596,579,593,-1,596,593,597,-1,597,593,594,-1,488,489,595,-1,595,489,490,-1,595,490,598,-1,597,599,596,-1,596,599,600,-1,596,600,578,-1,578,600,601,-1,578,601,482,-1,602,584,603,-1,603,584,586,-1,603,586,604,-1,604,586,592,-1,604,592,605,-1,605,592,595,-1,605,595,606,-1,606,595,598,-1,606,598,607,-1,607,598,577,-1,607,577,69,-1,69,484,601,-1,601,484,483,-1,601,483,482,-1,599,608,600,-1,600,608,609,-1,600,609,601,-1,601,609,69,-1,608,610,609,-1,609,610,69,-1,490,491,598,-1,598,491,492,-1,598,492,577,-1,577,492,493,-1,577,493,494,-1,591,602,594,-1,594,602,603,-1,594,603,597,-1,597,603,604,-1,597,604,599,-1,599,604,605,-1,599,605,608,-1,608,605,606,-1,608,606,610,-1,610,606,607,-1,610,607,69,-1,131,130,529,-1,529,130,611,-1,529,611,522,-1,522,611,612,-1,522,612,523,-1,523,612,613,-1,523,613,495,-1,495,613,614,-1,495,614,496,-1,496,614,615,-1,496,615,510,-1,510,615,616,-1,510,616,511,-1,511,616,512,-1,616,617,512,-1,512,617,618,-1,512,618,513,-1,513,618,504,-1,618,619,504,-1,504,619,620,-1,504,620,24,-1,24,620,621,-1,24,621,56,-1,622,463,623,-1,623,463,542,-1,623,542,624,-1,624,542,564,-1,624,564,625,-1,625,564,563,-1,625,563,626,-1,626,563,562,-1,626,562,627,-1,627,562,561,-1,627,561,628,-1,628,561,551,-1,628,551,629,-1,629,551,550,-1,629,550,630,-1,630,550,549,-1,630,549,631,-1,631,549,548,-1,631,548,632,-1,548,543,632,-1,632,543,29,-1,632,29,36,-1,575,576,622,-1,633,570,571,-1,575,622,574,-1,574,622,634,-1,574,634,573,-1,573,634,635,-1,573,635,572,-1,572,635,636,-1,572,636,571,-1,571,636,637,-1,571,637,633,-1,570,633,569,-1,569,633,638,-1,569,638,568,-1,568,638,639,-1,568,639,567,-1,567,639,640,-1,567,640,566,-1,566,640,641,-1,566,641,565,-1,565,641,163,-1,565,163,168,-1,642,96,95,-1,584,643,644,-1,642,95,645,-1,645,95,583,-1,645,583,644,-1,644,583,585,-1,644,585,584,-1,591,646,647,-1,643,584,647,-1,647,584,602,-1,647,602,591,-1,646,591,648,-1,648,591,590,-1,648,590,649,-1,649,590,589,-1,649,589,650,-1,650,589,588,-1,650,588,651,-1,651,588,587,-1,651,587,652,-1,652,587,79,-1,652,79,88,-1,653,654,655,-1,655,654,56,-1,656,56,654,-1,657,658,659,-1,659,658,660,-1,659,660,661,-1,661,660,662,-1,662,660,663,-1,662,663,664,-1,664,663,665,-1,664,665,666,-1,666,665,667,-1,667,665,668,-1,667,668,669,-1,669,668,611,-1,669,611,130,-1,56,621,670,-1,670,621,620,-1,671,56,670,-1,672,673,674,-1,674,673,671,-1,674,671,675,-1,675,671,670,-1,675,670,676,-1,676,670,620,-1,677,678,653,-1,653,678,679,-1,653,679,654,-1,654,679,680,-1,654,680,656,-1,681,672,682,-1,682,672,674,-1,682,674,683,-1,683,674,675,-1,683,675,684,-1,684,675,676,-1,684,676,685,-1,686,687,688,-1,688,687,689,-1,620,619,676,-1,676,619,618,-1,676,618,685,-1,685,618,617,-1,685,617,616,-1,689,681,688,-1,688,681,682,-1,688,682,690,-1,690,682,683,-1,690,683,691,-1,691,683,684,-1,691,684,692,-1,692,684,685,-1,692,685,693,-1,693,685,616,-1,694,695,696,-1,696,695,686,-1,686,688,696,-1,696,688,690,-1,696,690,697,-1,697,690,691,-1,697,691,698,-1,698,691,692,-1,698,692,699,-1,699,692,693,-1,699,693,700,-1,673,56,671,-1,689,677,681,-1,681,677,653,-1,681,653,672,-1,672,653,655,-1,672,655,673,-1,673,655,56,-1,694,658,701,-1,701,658,657,-1,701,657,172,-1,616,615,693,-1,693,615,614,-1,693,614,700,-1,700,614,613,-1,700,613,612,-1,694,696,658,-1,658,696,697,-1,658,697,660,-1,660,697,698,-1,660,698,663,-1,663,698,699,-1,663,699,665,-1,665,699,700,-1,665,700,668,-1,668,700,612,-1,668,612,611,-1,626,627,702,-1,703,704,705,-1,36,706,707,-1,708,706,36,-1,705,704,36,-1,632,36,704,-1,709,635,634,-1,635,709,636,-1,636,709,710,-1,636,710,637,-1,637,710,711,-1,637,711,633,-1,633,711,712,-1,633,712,638,-1,638,712,639,-1,639,712,713,-1,639,713,640,-1,640,713,641,-1,641,713,714,-1,641,714,163,-1,715,708,36,-1,628,629,703,-1,703,629,630,-1,703,630,704,-1,704,630,631,-1,704,631,632,-1,716,707,717,-1,717,707,706,-1,717,706,718,-1,718,706,708,-1,718,708,719,-1,715,720,708,-1,708,720,721,-1,708,721,719,-1,719,721,722,-1,719,722,723,-1,702,716,724,-1,724,716,717,-1,724,717,725,-1,725,717,718,-1,725,718,726,-1,726,718,719,-1,726,719,727,-1,727,719,723,-1,624,625,728,-1,728,625,626,-1,626,702,728,-1,728,702,724,-1,728,724,729,-1,729,724,725,-1,729,725,730,-1,730,725,726,-1,730,726,731,-1,731,726,727,-1,731,727,732,-1,627,628,702,-1,702,628,703,-1,702,703,716,-1,716,703,705,-1,716,705,707,-1,707,705,36,-1,624,709,623,-1,623,709,634,-1,623,634,622,-1,723,733,727,-1,727,733,734,-1,727,734,732,-1,732,734,735,-1,732,735,736,-1,624,728,709,-1,709,728,729,-1,709,729,710,-1,710,729,730,-1,710,730,711,-1,711,730,731,-1,711,731,712,-1,712,731,732,-1,712,732,713,-1,713,732,736,-1,713,736,714,-1,19,17,136,-1,136,17,96,-1,136,96,737,-1,737,96,642,-1,737,642,738,-1,738,642,645,-1,738,645,739,-1,739,645,644,-1,739,644,740,-1,740,644,643,-1,740,643,741,-1,741,643,647,-1,741,647,742,-1,742,647,646,-1,742,646,743,-1,743,646,648,-1,743,648,744,-1,744,648,649,-1,744,649,745,-1,745,649,650,-1,745,650,746,-1,746,650,651,-1,746,651,747,-1,747,651,652,-1,747,652,153,-1,153,652,88,-1,153,88,154,-1,154,88,87,-1,667,748,749,-1,748,667,129,-1,129,667,669,-1,129,669,130,-1,750,662,751,-1,751,662,664,-1,751,664,749,-1,749,664,666,-1,749,666,667,-1,657,659,750,-1,750,659,661,-1,750,661,662,-1,750,752,657,-1,657,752,171,-1,657,171,172,-1,753,211,213,-1,753,213,754,-1,754,213,755,-1,754,755,756,-1,756,755,757,-1,757,755,758,-1,757,758,759,-1,759,758,760,-1,760,758,761,-1,760,761,762,-1,762,761,763,-1,763,761,764,-1,763,764,765,-1,765,764,766,-1,766,764,767,-1,766,767,768,-1,768,767,769,-1,769,767,169,-1,769,169,171,-1,56,656,57,-1,57,656,770,-1,656,680,770,-1,770,680,679,-1,770,679,771,-1,679,678,771,-1,771,678,677,-1,771,677,772,-1,677,689,772,-1,772,689,687,-1,772,687,773,-1,687,686,773,-1,773,686,695,-1,773,695,774,-1,172,170,701,-1,701,170,774,-1,701,774,694,-1,694,774,695,-1,155,163,775,-1,775,163,714,-1,775,714,776,-1,776,714,736,-1,776,736,777,-1,777,736,735,-1,777,735,778,-1,778,735,734,-1,778,734,779,-1,779,734,733,-1,779,733,780,-1,780,733,723,-1,780,723,781,-1,781,723,722,-1,781,722,782,-1,782,722,721,-1,782,721,783,-1,783,721,720,-1,783,720,784,-1,720,715,784,-1,784,715,36,-1,784,36,31,-1,747,153,155,-1,785,744,745,-1,747,155,746,-1,746,155,786,-1,746,786,745,-1,745,786,787,-1,745,787,785,-1,788,742,743,-1,744,785,743,-1,743,785,789,-1,743,789,788,-1,742,788,741,-1,741,788,790,-1,741,790,740,-1,740,790,791,-1,740,791,739,-1,739,791,792,-1,739,792,738,-1,738,792,793,-1,738,793,737,-1,737,793,138,-1,737,138,136,-1,756,757,794,-1,759,760,795,-1,762,763,796,-1,765,766,797,-1,768,769,798,-1,769,171,798,-1,798,171,752,-1,798,752,799,-1,799,752,750,-1,799,750,800,-1,800,750,751,-1,800,751,801,-1,801,751,749,-1,801,749,802,-1,802,749,748,-1,802,748,143,-1,143,748,129,-1,766,768,797,-1,797,768,798,-1,797,798,803,-1,803,798,799,-1,803,799,804,-1,804,799,800,-1,804,800,805,-1,805,800,801,-1,805,801,806,-1,806,801,802,-1,806,802,142,-1,142,802,143,-1,763,765,796,-1,796,765,797,-1,796,797,807,-1,807,797,803,-1,807,803,808,-1,808,803,804,-1,808,804,809,-1,809,804,805,-1,809,805,810,-1,810,805,806,-1,810,806,141,-1,141,806,142,-1,760,762,795,-1,795,762,796,-1,795,796,811,-1,811,796,807,-1,811,807,812,-1,812,807,808,-1,812,808,813,-1,813,808,809,-1,813,809,814,-1,814,809,810,-1,814,810,133,-1,133,810,141,-1,757,759,794,-1,794,759,795,-1,794,795,815,-1,815,795,811,-1,815,811,816,-1,816,811,812,-1,816,812,817,-1,817,812,813,-1,817,813,818,-1,818,813,814,-1,818,814,146,-1,146,814,133,-1,754,756,819,-1,819,756,794,-1,819,794,820,-1,820,794,815,-1,820,815,821,-1,821,815,816,-1,821,816,822,-1,822,816,817,-1,822,817,823,-1,823,817,818,-1,823,818,145,-1,145,818,146,-1,753,754,824,-1,824,754,819,-1,824,819,825,-1,825,819,820,-1,825,820,826,-1,826,820,821,-1,826,821,827,-1,827,821,822,-1,827,822,828,-1,828,822,823,-1,828,823,144,-1,144,823,145,-1,211,753,829,-1,829,753,824,-1,829,824,830,-1,830,824,825,-1,830,825,831,-1,831,825,826,-1,831,826,832,-1,832,826,827,-1,832,827,833,-1,833,827,828,-1,833,828,152,-1,152,828,144,-1,214,834,215,-1,215,834,835,-1,215,835,224,-1,224,835,836,-1,224,836,221,-1,221,836,837,-1,221,837,216,-1,216,837,838,-1,216,838,217,-1,217,838,839,-1,217,839,219,-1,219,839,840,-1,219,840,220,-1,220,840,841,-1,220,841,218,-1,218,841,842,-1,218,842,222,-1,222,842,843,-1,222,843,223,-1,223,843,844,-1,223,844,225,-1,225,844,845,-1,225,845,213,-1,213,845,755,-1,834,846,835,-1,835,846,847,-1,835,847,836,-1,836,847,848,-1,836,848,837,-1,837,848,849,-1,837,849,838,-1,838,849,850,-1,838,850,839,-1,839,850,851,-1,839,851,840,-1,840,851,852,-1,840,852,841,-1,841,852,853,-1,841,853,842,-1,842,853,854,-1,842,854,843,-1,843,854,855,-1,843,855,844,-1,844,855,856,-1,844,856,845,-1,845,856,857,-1,845,857,755,-1,755,857,758,-1,846,858,847,-1,847,858,859,-1,847,859,848,-1,848,859,860,-1,848,860,849,-1,849,860,861,-1,849,861,850,-1,850,861,862,-1,850,862,851,-1,851,862,863,-1,851,863,852,-1,852,863,864,-1,852,864,853,-1,853,864,865,-1,853,865,854,-1,854,865,866,-1,854,866,855,-1,855,866,867,-1,855,867,856,-1,856,867,868,-1,856,868,857,-1,857,868,869,-1,857,869,758,-1,758,869,761,-1,858,870,859,-1,859,870,871,-1,859,871,860,-1,860,871,872,-1,860,872,861,-1,861,872,873,-1,861,873,862,-1,862,873,874,-1,862,874,863,-1,863,874,875,-1,863,875,864,-1,864,875,876,-1,864,876,865,-1,865,876,877,-1,865,877,866,-1,866,877,878,-1,866,878,867,-1,867,878,879,-1,867,879,868,-1,868,879,880,-1,868,880,869,-1,869,880,881,-1,869,881,761,-1,761,881,764,-1,870,882,871,-1,871,882,883,-1,871,883,872,-1,872,883,884,-1,872,884,873,-1,873,884,885,-1,873,885,874,-1,874,885,886,-1,874,886,875,-1,875,886,887,-1,875,887,876,-1,876,887,888,-1,876,888,877,-1,877,888,889,-1,877,889,878,-1,878,889,890,-1,878,890,879,-1,879,890,891,-1,879,891,880,-1,880,891,892,-1,880,892,881,-1,881,892,893,-1,881,893,764,-1,764,893,767,-1,882,173,883,-1,883,173,176,-1,883,176,884,-1,884,176,178,-1,884,178,885,-1,885,178,181,-1,885,181,886,-1,886,181,185,-1,886,185,887,-1,887,185,188,-1,887,188,888,-1,888,188,191,-1,888,191,889,-1,889,191,194,-1,889,194,890,-1,890,194,196,-1,890,196,891,-1,891,196,199,-1,891,199,892,-1,892,199,203,-1,892,203,893,-1,893,203,206,-1,893,206,767,-1,767,206,169,-1,208,205,894,-1,195,193,895,-1,189,187,896,-1,177,175,897,-1,68,67,898,-1,898,67,899,-1,898,899,900,-1,900,899,901,-1,900,901,902,-1,902,901,903,-1,902,903,904,-1,50,49,905,-1,905,49,906,-1,905,906,907,-1,907,906,908,-1,907,908,909,-1,909,908,910,-1,909,910,911,-1,33,68,912,-1,912,68,898,-1,912,898,913,-1,913,898,900,-1,913,900,914,-1,914,900,902,-1,914,902,915,-1,915,902,904,-1,915,904,897,-1,51,50,916,-1,916,50,905,-1,916,905,917,-1,917,905,907,-1,917,907,918,-1,918,907,909,-1,918,909,919,-1,919,909,911,-1,919,911,895,-1,920,921,922,-1,923,924,925,-1,32,33,926,-1,926,33,912,-1,926,912,927,-1,927,912,913,-1,927,913,928,-1,928,913,914,-1,928,914,929,-1,929,914,915,-1,929,915,930,-1,930,915,897,-1,930,897,174,-1,174,897,175,-1,903,920,904,-1,904,920,922,-1,904,922,897,-1,897,922,179,-1,897,179,177,-1,186,184,931,-1,931,184,921,-1,931,921,932,-1,932,921,920,-1,932,920,933,-1,933,920,903,-1,933,903,934,-1,934,903,901,-1,934,901,935,-1,935,901,899,-1,935,899,66,-1,66,899,67,-1,184,183,921,-1,921,183,182,-1,921,182,922,-1,922,182,180,-1,922,180,179,-1,187,186,896,-1,896,186,931,-1,896,931,936,-1,936,931,932,-1,936,932,937,-1,937,932,933,-1,937,933,938,-1,938,933,934,-1,938,934,939,-1,939,934,935,-1,939,935,55,-1,55,935,66,-1,190,189,940,-1,940,189,896,-1,940,896,941,-1,941,896,936,-1,941,936,942,-1,942,936,937,-1,942,937,943,-1,943,937,938,-1,943,938,944,-1,944,938,939,-1,944,939,54,-1,54,939,55,-1,54,53,944,-1,944,53,945,-1,944,945,943,-1,943,945,946,-1,943,946,942,-1,942,946,947,-1,942,947,941,-1,941,947,948,-1,941,948,940,-1,940,948,949,-1,940,949,190,-1,190,949,192,-1,53,51,945,-1,945,51,916,-1,945,916,946,-1,946,916,917,-1,946,917,947,-1,947,917,918,-1,947,918,948,-1,948,918,919,-1,948,919,949,-1,949,919,895,-1,949,895,192,-1,192,895,193,-1,910,923,911,-1,911,923,925,-1,911,925,895,-1,895,925,197,-1,895,197,195,-1,204,202,950,-1,950,202,924,-1,950,924,951,-1,951,924,923,-1,951,923,952,-1,952,923,910,-1,952,910,953,-1,953,910,908,-1,953,908,954,-1,954,908,906,-1,954,906,60,-1,60,906,49,-1,202,201,924,-1,924,201,200,-1,924,200,925,-1,925,200,198,-1,925,198,197,-1,205,204,894,-1,894,204,950,-1,894,950,955,-1,955,950,951,-1,955,951,956,-1,956,951,952,-1,956,952,957,-1,957,952,953,-1,957,953,958,-1,958,953,954,-1,958,954,59,-1,59,954,60,-1,207,208,959,-1,959,208,894,-1,959,894,960,-1,960,894,955,-1,960,955,961,-1,961,955,956,-1,961,956,962,-1,962,956,957,-1,962,957,963,-1,963,957,958,-1,963,958,58,-1,58,958,59,-1,58,57,963,-1,963,57,770,-1,963,770,962,-1,962,770,771,-1,962,771,961,-1,961,771,772,-1,961,772,960,-1,960,772,773,-1,960,773,959,-1,959,773,774,-1,959,774,207,-1,207,774,170,-1,778,779,964,-1,965,966,967,-1,31,968,969,-1,970,968,31,-1,967,966,31,-1,784,31,966,-1,971,787,786,-1,787,971,785,-1,785,971,972,-1,785,972,789,-1,789,972,973,-1,789,973,788,-1,788,973,974,-1,788,974,790,-1,790,974,791,-1,791,974,975,-1,791,975,792,-1,792,975,793,-1,793,975,976,-1,793,976,138,-1,977,970,31,-1,780,781,965,-1,965,781,782,-1,965,782,966,-1,966,782,783,-1,966,783,784,-1,978,969,979,-1,979,969,968,-1,979,968,980,-1,980,968,970,-1,980,970,981,-1,977,982,970,-1,970,982,983,-1,970,983,981,-1,981,983,984,-1,981,984,985,-1,964,978,986,-1,986,978,979,-1,986,979,987,-1,987,979,980,-1,987,980,988,-1,988,980,981,-1,988,981,989,-1,989,981,985,-1,776,777,990,-1,990,777,778,-1,778,964,990,-1,990,964,986,-1,990,986,991,-1,991,986,987,-1,991,987,992,-1,992,987,988,-1,992,988,993,-1,993,988,989,-1,993,989,994,-1,779,780,964,-1,964,780,965,-1,964,965,978,-1,978,965,967,-1,978,967,969,-1,969,967,31,-1,776,971,775,-1,775,971,786,-1,775,786,155,-1,985,995,989,-1,989,995,996,-1,989,996,994,-1,994,996,997,-1,994,997,998,-1,776,990,971,-1,971,990,991,-1,971,991,972,-1,972,991,992,-1,972,992,973,-1,973,992,993,-1,973,993,974,-1,974,993,994,-1,974,994,975,-1,975,994,998,-1,975,998,976,-1,152,151,999,-1,152,999,833,-1,833,999,1000,-1,833,1000,832,-1,832,1000,1001,-1,832,1001,831,-1,831,1001,1002,-1,831,1002,830,-1,830,1002,1003,-1,830,1003,829,-1,829,1003,212,-1,829,212,211,-1,173,882,209,-1,209,882,1004,-1,1004,882,1005,-1,1005,882,870,-1,1005,870,1006,-1,1006,870,1007,-1,1007,870,858,-1,1007,858,1008,-1,1008,858,1009,-1,1009,858,846,-1,1009,846,1010,-1,1010,846,1011,-1,1011,846,834,-1,1011,834,1012,-1,212,1013,214,-1,214,1013,1014,-1,214,1014,834,-1,834,1014,1015,-1,834,1015,1012,-1,30,32,1016,-1,1016,32,926,-1,1016,926,1017,-1,1017,926,1018,-1,1018,926,927,-1,1018,927,1019,-1,1019,927,1020,-1,1020,927,928,-1,1020,928,1021,-1,1021,928,1022,-1,1022,928,929,-1,1022,929,1023,-1,1023,929,1024,-1,1024,929,930,-1,1024,930,1025,-1,1025,930,1026,-1,1026,930,174,-1,1026,174,210,-1,140,138,1027,-1,1027,138,976,-1,1027,976,1028,-1,1028,976,998,-1,1028,998,1029,-1,1029,998,997,-1,1029,997,1030,-1,1030,997,996,-1,1030,996,1031,-1,1031,996,995,-1,1031,995,1032,-1,1032,995,985,-1,1032,985,1033,-1,1033,985,984,-1,1033,984,1034,-1,1034,984,983,-1,1034,983,1035,-1,1035,983,982,-1,1035,982,1036,-1,1036,982,977,-1,1036,977,1037,-1,1037,977,31,-1,1037,31,30,-1,1004,1005,1038,-1,1006,1007,1039,-1,1008,1009,1040,-1,1010,1011,1041,-1,1015,1014,1042,-1,1013,212,1043,-1,1043,212,1003,-1,1043,1003,1044,-1,1044,1003,1002,-1,1044,1002,1045,-1,1045,1002,1001,-1,1045,1001,1046,-1,1046,1001,1000,-1,1046,1000,1047,-1,1047,1000,999,-1,1047,999,150,-1,150,999,151,-1,1014,1013,1042,-1,1042,1013,1043,-1,1042,1043,1048,-1,1048,1043,1044,-1,1048,1044,1049,-1,1049,1044,1045,-1,1049,1045,1050,-1,1050,1045,1046,-1,1050,1046,1051,-1,1051,1046,1047,-1,1051,1047,149,-1,149,1047,150,-1,1012,1015,1052,-1,1052,1015,1042,-1,1052,1042,1053,-1,1053,1042,1048,-1,1053,1048,1054,-1,1054,1048,1049,-1,1054,1049,1055,-1,1055,1049,1050,-1,1055,1050,1056,-1,1056,1050,1051,-1,1056,1051,148,-1,148,1051,149,-1,1011,1012,1041,-1,1041,1012,1052,-1,1041,1052,1057,-1,1057,1052,1053,-1,1057,1053,1058,-1,1058,1053,1054,-1,1058,1054,1059,-1,1059,1054,1055,-1,1059,1055,1060,-1,1060,1055,1056,-1,1060,1056,147,-1,147,1056,148,-1,1009,1010,1040,-1,1040,1010,1041,-1,1040,1041,1061,-1,1061,1041,1057,-1,1061,1057,1062,-1,1062,1057,1058,-1,1062,1058,1063,-1,1063,1058,1059,-1,1063,1059,1064,-1,1064,1059,1060,-1,1064,1060,134,-1,134,1060,147,-1,1007,1008,1039,-1,1039,1008,1040,-1,1039,1040,1065,-1,1065,1040,1061,-1,1065,1061,1066,-1,1066,1061,1062,-1,1066,1062,1067,-1,1067,1062,1063,-1,1067,1063,1068,-1,1068,1063,1064,-1,1068,1064,135,-1,135,1064,134,-1,1005,1006,1038,-1,1038,1006,1039,-1,1038,1039,1069,-1,1069,1039,1065,-1,1069,1065,1070,-1,1070,1065,1066,-1,1070,1066,1071,-1,1071,1066,1067,-1,1071,1067,1072,-1,1072,1067,1068,-1,1072,1068,137,-1,137,1068,135,-1,209,1004,1073,-1,1073,1004,1038,-1,1073,1038,1074,-1,1074,1038,1069,-1,1074,1069,1075,-1,1075,1069,1070,-1,1075,1070,1076,-1,1076,1070,1071,-1,1076,1071,1077,-1,1077,1071,1072,-1,1077,1072,139,-1,139,1072,137,-1,1078,1079,1080,-1,1080,1079,30,-1,1081,1082,1083,-1,1083,1082,1084,-1,1083,1084,1085,-1,1085,1084,1086,-1,1085,1086,1087,-1,1087,1086,1088,-1,1088,1086,1089,-1,1088,1089,1090,-1,1090,1089,1091,-1,1090,1091,1092,-1,1092,1091,1093,-1,1093,1091,1026,-1,1093,1026,210,-1,1034,1035,1078,-1,1078,1035,1036,-1,1078,1036,1079,-1,1079,1036,1037,-1,1079,1037,30,-1,30,1016,1094,-1,1094,1016,1017,-1,1095,30,1094,-1,1096,1097,1098,-1,1098,1097,1095,-1,1098,1095,1099,-1,1099,1095,1094,-1,1099,1094,1100,-1,1100,1094,1017,-1,1101,1096,1102,-1,1102,1096,1098,-1,1102,1098,1103,-1,1103,1098,1099,-1,1103,1099,1104,-1,1104,1099,1100,-1,1104,1100,1105,-1,1030,1031,1106,-1,1106,1031,1032,-1,1017,1018,1100,-1,1100,1018,1019,-1,1100,1019,1105,-1,1105,1019,1020,-1,1105,1020,1021,-1,1021,1107,1105,-1,1105,1107,1108,-1,1105,1108,1104,-1,1104,1108,1109,-1,1104,1109,1103,-1,1103,1109,1110,-1,1103,1110,1102,-1,1102,1110,1106,-1,1102,1106,1101,-1,1101,1106,1032,-1,1101,1032,1033,-1,1028,1029,1111,-1,1111,1029,1030,-1,1030,1106,1111,-1,1111,1106,1110,-1,1111,1110,1112,-1,1112,1110,1109,-1,1112,1109,1113,-1,1113,1109,1108,-1,1113,1108,1114,-1,1114,1108,1107,-1,1114,1107,1115,-1,1097,30,1095,-1,1033,1034,1101,-1,1101,1034,1078,-1,1101,1078,1096,-1,1096,1078,1080,-1,1096,1080,1097,-1,1097,1080,30,-1,1081,140,1082,-1,1082,140,1027,-1,1082,1027,1028,-1,1021,1022,1107,-1,1107,1022,1023,-1,1107,1023,1115,-1,1115,1023,1024,-1,1115,1024,1025,-1,1028,1111,1082,-1,1082,1111,1112,-1,1082,1112,1084,-1,1084,1112,1113,-1,1084,1113,1086,-1,1086,1113,1114,-1,1086,1114,1089,-1,1089,1114,1115,-1,1089,1115,1091,-1,1091,1115,1025,-1,1091,1025,1026,-1,140,1081,139,-1,139,1081,1077,-1,1081,1083,1077,-1,1077,1083,1085,-1,1077,1085,1076,-1,1076,1085,1087,-1,1076,1087,1075,-1,1087,1088,1075,-1,1075,1088,1090,-1,1075,1090,1074,-1,1074,1090,1092,-1,1074,1092,1073,-1,1092,1093,1073,-1,1073,1093,210,-1,1073,210,209,-1,1116,47,1117,-1,1117,47,46,-1,1117,46,1118,-1,1118,46,45,-1,1118,45,1119,-1,1119,45,62,-1,1119,62,1120,-1,1120,62,61,-1,1120,61,1121,-1,1121,61,28,-1,1121,28,1122,-1,1122,28,27,-1,1122,27,1123,-1,1123,27,44,-1,1123,44,1124,-1,1124,44,43,-1,1124,43,1125,-1,1125,43,42,-1,1125,42,1126,-1,1126,42,26,-1,1126,26,1127,-1,1127,26,25,-1,1127,25,1128,-1,1128,25,52,-1,1128,52,1129,-1,1129,52,39,-1,1129,39,1130,-1,1130,39,40,-1,1130,40,1131,-1,1131,40,41,-1,1131,41,1132,-1,1132,41,65,-1,1132,65,1133,-1,1133,65,64,-1,1133,64,1134,-1,1134,64,63,-1,1134,63,1135,-1,1135,63,38,-1,1135,38,1136,-1,1136,38,37,-1,1136,37,1137,-1,1137,37,35,-1,1137,35,1138,-1,1138,35,34,-1,1138,34,1139,-1,1139,34,48,-1,1139,48,1116,-1,1116,48,47,-1,1138,1139,1140,-1,1140,1139,1116,-1,1140,1116,1117,-1,1135,1136,1140,-1,1140,1136,1137,-1,1140,1137,1138,-1,1132,1133,1140,-1,1140,1133,1134,-1,1140,1134,1135,-1,1129,1130,1140,-1,1140,1130,1131,-1,1140,1131,1132,-1,1126,1127,1140,-1,1140,1127,1128,-1,1140,1128,1129,-1,1123,1124,1140,-1,1140,1124,1125,-1,1140,1125,1126,-1,1120,1121,1140,-1,1140,1121,1122,-1,1140,1122,1123,-1,1117,1118,1140,-1,1140,1118,1119,-1,1140,1119,1120,-1,
        ]
    }
}
Shape{
    appearance Appearance {
        material  Material 	{
            diffuseColor 0.6470588235294118 0.6196078431372549 0.5882352941176471
            specularColor 0.45098039215686275 0.43529411764705883 0.4117647058823529
            ambientIntensity 0.2
            transparency 0
            shininess 0.5
        }
    }
    geometry IndexedFaceSet {
        ccw TRUE
        solid FALSE
        coord DEF co Coordinate {
            point [
                3.0922 1.4508 -0.0131, 3.1 1.4508 0.0083, 2.9078 1.4508 -0.0131, 3.1126 1.4508 0.0274, 2.9 1.4508 0.0083, 3.2644 1.4508 0.2083, 2.8874 1.4508 0.0274, 3.2769 1.4508 0.2274, 2.7126 1.4508 0.9626, 2.7126 1.4508 0.2716, 3.2874 1.4508 0.9626, 2.7153 1.4508 0.2489, 3.2847 1.4508 0.2489, 3.2874 1.4508 0.2716, 2.7356 1.4508 0.2083, 2.7231 1.4508 0.2274, 2.9134 1.4508 -1.1855, 2.9222 1.4508 -1.208, 3.0896 1.4508 -1.1614, 3.0896 1.4508 -0.0358, 2.9104 1.4508 -0.0358, 2.9104 1.4508 -1.1614, 2.9763 1.4508 -1.2543, 3.0 1.4508 -1.2594, 3.0237 1.4508 -1.2543, 3.0638 1.4508 -1.2278, 3.0778 1.4508 -1.208, 2.9546 1.4508 -1.2435, 3.0454 1.4508 -1.2435, 2.9362 1.4508 -1.2278, 3.0866 1.4508 -1.1855, 3.1126 1.5492 0.0274, 2.9078 1.5492 -0.0131, 3.2644 1.5492 0.2083, 2.9 1.5492 0.0083, 3.2769 1.5492 0.2274, 2.8874 1.5492 0.0274, 3.2847 1.5492 0.2489, 3.2874 1.5492 0.2716, 2.7231 1.5492 0.2274, 2.7153 1.5492 0.2489, 3.2874 1.5492 0.9626, 2.7126 1.5492 0.2716, 2.7126 1.5492 0.9626, 2.7356 1.5492 0.2083, 2.9222 1.5492 -1.208, 3.0896 1.5492 -1.1614, 2.9362 1.5492 -1.2278, 2.9546 1.5492 -1.2435, 3.1 1.5492 0.0083, 3.0922 1.5492 -0.0131, 2.9104 1.5492 -0.0358, 3.0896 1.5492 -0.0358, 2.9104 1.5492 -1.1614, 2.9134 1.5492 -1.1855, 3.0866 1.5492 -1.1855, 3.0778 1.5492 -1.208, 3.0638 1.5492 -1.2278, 3.0454 1.5492 -1.2435, 3.0237 1.5492 -1.2543, 2.9763 1.5492 -1.2543, 3.0 1.5492 -1.2594, 2.7126 1.5428 1.011, 3.2874 1.5428 1.011, 2.7126 1.5242 1.0561, 3.2874 1.5242 1.0561, 2.7126 1.4944 1.0948, 3.2874 1.4944 1.0948, 2.7126 1.4557 1.1246, 3.2874 1.4557 1.1246, 2.7126 1.4106 1.1432, 3.2874 1.4106 1.1432, 2.7126 1.3622 1.1496, 3.2874 1.3622 1.1496, 3.2874 1.25 1.1496, 2.7126 1.25 1.1496, 3.2874 1.3622 1.0512, 3.2874 1.25 1.0512, 2.7126 1.3622 1.0512, 2.7126 1.25 1.0512, 3.2874 1.3851 1.0482, 2.7126 1.3851 1.0482, 3.2874 1.4065 1.0393, 2.7126 1.4065 1.0393, 3.2874 1.4248 1.0252, 2.7126 1.4248 1.0252, 3.2874 1.4389 1.0069, 2.7126 1.4389 1.0069, 3.2874 1.4478 0.9855, 2.7126 1.4478 0.9855, 3.2874 -1.4508 0.9626, 2.7126 -1.4508 0.9626, 3.2874 -1.4478 0.9855, 2.7126 -1.4478 0.9855, 3.2874 -1.4389 1.0069, 2.7126 -1.4389 1.0069, 3.2874 -1.4248 1.0252, 2.7126 -1.4248 1.0252, 3.2874 -1.4065 1.0393, 2.7126 -1.4065 1.0393, 3.2874 -1.3851 1.0482, 2.7126 -1.3851 1.0482, 3.2874 -1.3622 1.0512, 2.7126 -1.3622 1.0512, 3.2874 -1.25 1.0512, 2.7126 -1.25 1.0512, 3.2874 -1.3622 1.1496, 3.2874 -1.25 1.1496, 2.7126 -1.3622 1.1496, 2.7126 -1.25 1.1496, 2.7126 -1.4106 1.1432, 3.2874 -1.4106 1.1432, 2.7126 -1.4557 1.1246, 3.2874 -1.4557 1.1246, 2.7126 -1.4944 1.0948, 3.2874 -1.4944 1.0948, 2.7126 -1.5242 1.0561, 3.2874 -1.5242 1.0561, 2.7126 -1.5428 1.011, 3.2874 -1.5428 1.011, 2.7126 -1.5492 0.9626, 3.2874 -1.5492 0.9626, 2.8874 -1.5492 0.0274, 2.7356 -1.5492 0.2083, 2.8874 -1.4508 0.0274, 2.7356 -1.4508 0.2083, 2.9104 -1.5492 -1.1614, 2.9104 -1.5492 -0.0358, 2.9104 -1.4508 -1.1614, 2.9104 -1.4508 -0.0358, 3.0896 -1.4508 -1.1614, 3.0896 -1.4508 -0.0358, 3.0896 -1.5492 -1.1614, 3.0896 -1.5492 -0.0358, 3.1126 -1.4508 0.0274, 3.2644 -1.4508 0.2083, 3.1126 -1.5492 0.0274, 3.2644 -1.5492 0.2083, 3.0 -1.5492 -1.2594, 3.0 -1.4508 -1.2594, 3.0237 -1.4508 -1.2543, 3.0237 -1.5492 -1.2543, 3.0454 -1.4508 -1.2435, 3.0454 -1.5492 -1.2435, 3.0638 -1.4508 -1.2278, 3.0638 -1.5492 -1.2278, 3.0778 -1.4508 -1.208, 3.0778 -1.5492 -1.208, 3.0866 -1.4508 -1.1855, 3.0866 -1.5492 -1.1855, 2.9134 -1.4508 -1.1855, 2.9134 -1.5492 -1.1855, 2.9222 -1.4508 -1.208, 2.9222 -1.5492 -1.208, 2.9362 -1.4508 -1.2278, 2.9362 -1.5492 -1.2278, 2.9546 -1.4508 -1.2435, 2.9546 -1.5492 -1.2435, 2.9763 -1.4508 -1.2543, 2.9763 -1.5492 -1.2543, 3.0922 -1.5492 -0.0131, 3.0922 -1.4508 -0.0131, 3.1 -1.5492 0.0083, 3.1 -1.4508 0.0083, 3.2874 -1.4508 0.2716, 3.2874 -1.5492 0.2716, 3.2847 -1.5492 0.2489, 3.2847 -1.4508 0.2489, 3.2769 -1.5492 0.2274, 3.2769 -1.4508 0.2274, 2.9 -1.5492 0.0083, 2.9 -1.4508 0.0083, 2.9078 -1.5492 -0.0131, 2.9078 -1.4508 -0.0131, 2.7126 -1.5492 0.2716, 2.7126 -1.4508 0.2716, 2.7153 -1.4508 0.2489, 2.7153 -1.5492 0.2489, 2.7231 -1.4508 0.2274, 2.7231 -1.5492 0.2274, 2.2874 -1.4508 0.9626, 1.7126 -1.4508 0.9626, 2.2874 -1.4478 0.9855, 1.7126 -1.4478 0.9855, 2.2874 -1.4389 1.0069, 1.7126 -1.4389 1.0069, 2.2874 -1.4248 1.0252, 1.7126 -1.4248 1.0252, 2.2874 -1.4065 1.0393, 1.7126 -1.4065 1.0393, 2.2874 -1.3851 1.0482, 1.7126 -1.3851 1.0482, 2.2874 -1.3622 1.0512, 1.7126 -1.3622 1.0512, 2.2874 -1.25 1.0512, 1.7126 -1.25 1.0512, 2.2874 -1.3622 1.1496, 2.2874 -1.25 1.1496, 1.7126 -1.3622 1.1496, 1.7126 -1.25 1.1496, 1.7126 -1.4106 1.1432, 2.2874 -1.4106 1.1432, 1.7126 -1.4557 1.1246, 2.2874 -1.4557 1.1246, 1.7126 -1.4944 1.0948, 2.2874 -1.4944 1.0948, 1.7126 -1.5242 1.0561, 2.2874 -1.5242 1.0561, 1.7126 -1.5428 1.011, 2.2874 -1.5428 1.011, 1.7126 -1.5492 0.9626, 2.2874 -1.5492 0.9626, 1.8874 -1.5492 0.0274, 1.7356 -1.5492 0.2083, 1.8874 -1.4508 0.0274, 1.7356 -1.4508 0.2083, 1.9104 -1.5492 -1.1614, 1.9104 -1.5492 -0.0358, 1.9104 -1.4508 -1.1614, 1.9104 -1.4508 -0.0358, 2.0896 -1.4508 -1.1614, 2.0896 -1.4508 -0.0358, 2.0896 -1.5492 -1.1614, 2.0896 -1.5492 -0.0358, 2.1126 -1.4508 0.0274, 2.2644 -1.4508 0.2083, 2.1126 -1.5492 0.0274, 2.2644 -1.5492 0.2083, 2.0 -1.5492 -1.2594, 2.0 -1.4508 -1.2594, 2.0237 -1.4508 -1.2543, 2.0237 -1.5492 -1.2543, 2.0454 -1.4508 -1.2435, 2.0454 -1.5492 -1.2435, 2.0638 -1.4508 -1.2278, 2.0638 -1.5492 -1.2278, 2.0778 -1.4508 -1.208, 2.0778 -1.5492 -1.208, 2.0866 -1.4508 -1.1855, 2.0866 -1.5492 -1.1855, 1.9134 -1.4508 -1.1855, 1.9134 -1.5492 -1.1855, 1.9222 -1.4508 -1.208, 1.9222 -1.5492 -1.208, 1.9362 -1.4508 -1.2278, 1.9362 -1.5492 -1.2278, 1.9546 -1.4508 -1.2435, 1.9546 -1.5492 -1.2435, 1.9763 -1.4508 -1.2543, 1.9763 -1.5492 -1.2543, 2.0922 -1.5492 -0.0131, 2.0922 -1.4508 -0.0131, 2.1 -1.5492 0.0083, 2.1 -1.4508 0.0083, 2.2874 -1.4508 0.2716, 2.2874 -1.5492 0.2716, 2.2847 -1.5492 0.2489, 2.2847 -1.4508 0.2489, 2.2769 -1.5492 0.2274, 2.2769 -1.4508 0.2274, 1.9 -1.5492 0.0083, 1.9 -1.4508 0.0083, 1.9078 -1.5492 -0.0131, 1.9078 -1.4508 -0.0131, 1.7126 -1.5492 0.2716, 1.7126 -1.4508 0.2716, 1.7153 -1.4508 0.2489, 1.7153 -1.5492 0.2489, 1.7231 -1.4508 0.2274, 1.7231 -1.5492 0.2274, 1.2874 -1.4508 0.9626, 0.7126 -1.4508 0.9626, 1.2874 -1.4478 0.9855, 0.7126 -1.4478 0.9855, 1.2874 -1.4389 1.0069, 0.7126 -1.4389 1.0069, 1.2874 -1.4248 1.0252, 0.7126 -1.4248 1.0252, 1.2874 -1.4065 1.0393, 0.7126 -1.4065 1.0393, 1.2874 -1.3851 1.0482, 0.7126 -1.3851 1.0482, 1.2874 -1.3622 1.0512, 0.7126 -1.3622 1.0512, 1.2874 -1.25 1.0512, 0.7126 -1.25 1.0512, 1.2874 -1.3622 1.1496, 1.2874 -1.25 1.1496, 0.7126 -1.3622 1.1496, 0.7126 -1.25 1.1496, 0.7126 -1.4106 1.1432, 1.2874 -1.4106 1.1432, 0.7126 -1.4557 1.1246, 1.2874 -1.4557 1.1246, 0.7126 -1.4944 1.0948, 1.2874 -1.4944 1.0948, 0.7126 -1.5242 1.0561, 1.2874 -1.5242 1.0561, 0.7126 -1.5428 1.011, 1.2874 -1.5428 1.011, 0.7126 -1.5492 0.9626, 1.2874 -1.5492 0.9626, 0.8874 -1.5492 0.0274, 0.7356 -1.5492 0.2083, 0.8874 -1.4508 0.0274, 0.7356 -1.4508 0.2083, 0.9104 -1.5492 -1.1614, 0.9104 -1.5492 -0.0358, 0.9104 -1.4508 -1.1614, 0.9104 -1.4508 -0.0358, 1.0896 -1.4508 -1.1614, 1.0896 -1.4508 -0.0358, 1.0896 -1.5492 -1.1614, 1.0896 -1.5492 -0.0358, 1.1126 -1.4508 0.0274, 1.2644 -1.4508 0.2083, 1.1126 -1.5492 0.0274, 1.2644 -1.5492 0.2083, 1.0 -1.5492 -1.2594, 1.0 -1.4508 -1.2594, 1.0237 -1.4508 -1.2543, 1.0237 -1.5492 -1.2543, 1.0454 -1.4508 -1.2435, 1.0454 -1.5492 -1.2435, 1.0638 -1.4508 -1.2278, 1.0638 -1.5492 -1.2278, 1.0778 -1.4508 -1.208, 1.0778 -1.5492 -1.208, 1.0866 -1.4508 -1.1855, 1.0866 -1.5492 -1.1855, 0.9134 -1.4508 -1.1855, 0.9134 -1.5492 -1.1855, 0.9222 -1.4508 -1.208, 0.9222 -1.5492 -1.208, 0.9362 -1.4508 -1.2278, 0.9362 -1.5492 -1.2278, 0.9546 -1.4508 -1.2435, 0.9546 -1.5492 -1.2435, 0.9763 -1.4508 -1.2543, 0.9763 -1.5492 -1.2543, 1.0922 -1.5492 -0.0131, 1.0922 -1.4508 -0.0131, 1.1 -1.5492 0.0083, 1.1 -1.4508 0.0083, 1.2874 -1.4508 0.2716, 1.2874 -1.5492 0.2716, 1.2847 -1.5492 0.2489, 1.2847 -1.4508 0.2489, 1.2769 -1.5492 0.2274, 1.2769 -1.4508 0.2274, 0.9 -1.5492 0.0083, 0.9 -1.4508 0.0083, 0.9078 -1.5492 -0.0131, 0.9078 -1.4508 -0.0131, 0.7126 -1.5492 0.2716, 0.7126 -1.4508 0.2716, 0.7153 -1.4508 0.2489, 0.7153 -1.5492 0.2489, 0.7231 -1.4508 0.2274, 0.7231 -1.5492 0.2274, 0.2874 -1.4508 0.9626, -0.2874 -1.4508 0.9626, 0.2874 -1.4478 0.9855, -0.2874 -1.4478 0.9855, 0.2874 -1.4389 1.0069, -0.2874 -1.4389 1.0069, 0.2874 -1.4248 1.0252, -0.2874 -1.4248 1.0252, 0.2874 -1.4065 1.0393, -0.2874 -1.4065 1.0393, 0.2874 -1.3851 1.0482, -0.2874 -1.3851 1.0482, 0.2874 -1.3622 1.0512, -0.2874 -1.3622 1.0512, 0.2874 -1.25 1.0512, -0.2874 -1.25 1.0512, 0.2874 -1.3622 1.1496, 0.2874 -1.25 1.1496, -0.2874 -1.3622 1.1496, -0.2874 -1.25 1.1496, -0.2874 -1.4106 1.1432, 0.2874 -1.4106 1.1432, -0.2874 -1.4557 1.1246, 0.2874 -1.4557 1.1246, -0.2874 -1.4944 1.0948, 0.2874 -1.4944 1.0948, -0.2874 -1.5242 1.0561, 0.2874 -1.5242 1.0561, -0.2874 -1.5428 1.011, 0.2874 -1.5428 1.011, -0.2874 -1.5492 0.9626, 0.2874 -1.5492 0.9626, -0.1126 -1.5492 0.0274, -0.2644 -1.5492 0.2083, -0.1126 -1.4508 0.0274, -0.2644 -1.4508 0.2083, -0.0896 -1.5492 -1.1614, -0.0896 -1.5492 -0.0358, -0.0896 -1.4508 -1.1614, -0.0896 -1.4508 -0.0358, 0.0896 -1.4508 -1.1614, 0.0896 -1.4508 -0.0358, 0.0896 -1.5492 -1.1614, 0.0896 -1.5492 -0.0358, 0.1126 -1.4508 0.0274, 0.2644 -1.4508 0.2083, 0.1126 -1.5492 0.0274, 0.2644 -1.5492 0.2083, 0.0 -1.5492 -1.2594, 0.0 -1.4508 -1.2594, 0.0237 -1.4508 -1.2543, 0.0237 -1.5492 -1.2543, 0.0454 -1.4508 -1.2435, 0.0454 -1.5492 -1.2435, 0.0638 -1.4508 -1.2278, 0.0638 -1.5492 -1.2278, 0.0778 -1.4508 -1.208, 0.0778 -1.5492 -1.208, 0.0866 -1.4508 -1.1855, 0.0866 -1.5492 -1.1855, -0.0866 -1.4508 -1.1855, -0.0866 -1.5492 -1.1855, -0.0778 -1.4508 -1.208, -0.0778 -1.5492 -1.208, -0.0638 -1.4508 -1.2278, -0.0638 -1.5492 -1.2278, -0.0454 -1.4508 -1.2435, -0.0454 -1.5492 -1.2435, -0.0237 -1.4508 -1.2543, -0.0237 -1.5492 -1.2543, 0.0922 -1.5492 -0.0131, 0.0922 -1.4508 -0.0131, 0.1 -1.5492 0.0083, 0.1 -1.4508 0.0083, 0.2874 -1.4508 0.2716, 0.2874 -1.5492 0.2716, 0.2847 -1.5492 0.2489, 0.2847 -1.4508 0.2489, 0.2769 -1.5492 0.2274, 0.2769 -1.4508 0.2274, -0.1 -1.5492 0.0083, -0.1 -1.4508 0.0083, -0.0922 -1.5492 -0.0131, -0.0922 -1.4508 -0.0131, -0.2874 -1.5492 0.2716, -0.2874 -1.4508 0.2716, -0.2847 -1.4508 0.2489, -0.2847 -1.5492 0.2489, -0.2769 -1.4508 0.2274, -0.2769 -1.5492 0.2274, -0.7126 -1.4508 0.9626, -1.2874 -1.4508 0.9626, -0.7126 -1.4478 0.9855, -1.2874 -1.4478 0.9855, -0.7126 -1.4389 1.0069, -1.2874 -1.4389 1.0069, -0.7126 -1.4248 1.0252, -1.2874 -1.4248 1.0252, -0.7126 -1.4065 1.0393, -1.2874 -1.4065 1.0393, -0.7126 -1.3851 1.0482, -1.2874 -1.3851 1.0482, -0.7126 -1.3622 1.0512, -1.2874 -1.3622 1.0512, -0.7126 -1.25 1.0512, -1.2874 -1.25 1.0512, -0.7126 -1.3622 1.1496, -0.7126 -1.25 1.1496, -1.2874 -1.3622 1.1496, -1.2874 -1.25 1.1496, -1.2874 -1.4106 1.1432, -0.7126 -1.4106 1.1432, -1.2874 -1.4557 1.1246, -0.7126 -1.4557 1.1246, -1.2874 -1.4944 1.0948, -0.7126 -1.4944 1.0948, -1.2874 -1.5242 1.0561, -0.7126 -1.5242 1.0561, -1.2874 -1.5428 1.011, -0.7126 -1.5428 1.011, -1.2874 -1.5492 0.9626, -0.7126 -1.5492 0.9626, -1.1126 -1.5492 0.0274, -1.2644 -1.5492 0.2083, -1.1126 -1.4508 0.0274, -1.2644 -1.4508 0.2083, -1.0896 -1.5492 -1.1614, -1.0896 -1.5492 -0.0358, -1.0896 -1.4508 -1.1614, -1.0896 -1.4508 -0.0358, -0.9104 -1.4508 -1.1614, -0.9104 -1.4508 -0.0358, -0.9104 -1.5492 -1.1614, -0.9104 -1.5492 -0.0358, -0.8874 -1.4508 0.0274, -0.7356 -1.4508 0.2083, -0.8874 -1.5492 0.0274, -0.7356 -1.5492 0.2083, -1.0 -1.5492 -1.2594, -1.0 -1.4508 -1.2594, -0.9763 -1.4508 -1.2543, -0.9763 -1.5492 -1.2543, -0.9546 -1.4508 -1.2435, -0.9546 -1.5492 -1.2435, -0.9362 -1.4508 -1.2278, -0.9362 -1.5492 -1.2278, -0.9222 -1.4508 -1.208, -0.9222 -1.5492 -1.208, -0.9134 -1.4508 -1.1855, -0.9134 -1.5492 -1.1855, -1.0866 -1.4508 -1.1855, -1.0866 -1.5492 -1.1855, -1.0778 -1.4508 -1.208, -1.0778 -1.5492 -1.208, -1.0638 -1.4508 -1.2278, -1.0638 -1.5492 -1.2278, -1.0454 -1.4508 -1.2435, -1.0454 -1.5492 -1.2435, -1.0237 -1.4508 -1.2543, -1.0237 -1.5492 -1.2543, -0.9078 -1.5492 -0.0131, -0.9078 -1.4508 -0.0131, -0.9 -1.5492 0.0083, -0.9 -1.4508 0.0083, -0.7126 -1.4508 0.2716, -0.7126 -1.5492 0.2716, -0.7153 -1.5492 0.2489, -0.7153 -1.4508 0.2489, -0.7231 -1.5492 0.2274, -0.7231 -1.4508 0.2274, -1.1 -1.5492 0.0083, -1.1 -1.4508 0.0083, -1.0922 -1.5492 -0.0131, -1.0922 -1.4508 -0.0131, -1.2874 -1.5492 0.2716, -1.2874 -1.4508 0.2716, -1.2847 -1.4508 0.2489, -1.2847 -1.5492 0.2489, -1.2769 -1.4508 0.2274, -1.2769 -1.5492 0.2274, -1.7126 -1.4508 0.9626, -2.2874 -1.4508 0.9626, -1.7126 -1.4478 0.9855, -2.2874 -1.4478 0.9855, -1.7126 -1.4389 1.0069, -2.2874 -1.4389 1.0069, -1.7126 -1.4248 1.0252, -2.2874 -1.4248 1.0252, -1.7126 -1.4065 1.0393, -2.2874 -1.4065 1.0393, -1.7126 -1.3851 1.0482, -2.2874 -1.3851 1.0482, -1.7126 -1.3622 1.0512, -2.2874 -1.3622 1.0512, -1.7126 -1.25 1.0512, -2.2874 -1.25 1.0512, -1.7126 -1.3622 1.1496, -1.7126 -1.25 1.1496, -2.2874 -1.3622 1.1496, -2.2874 -1.25 1.1496, -2.2874 -1.4106 1.1432, -1.7126 -1.4106 1.1432, -2.2874 -1.4557 1.1246, -1.7126 -1.4557 1.1246, -2.2874 -1.4944 1.0948, -1.7126 -1.4944 1.0948, -2.2874 -1.5242 1.0561, -1.7126 -1.5242 1.0561, -2.2874 -1.5428 1.011, -1.7126 -1.5428 1.011, -2.2874 -1.5492 0.9626, -1.7126 -1.5492 0.9626, -2.1126 -1.5492 0.0274, -2.2644 -1.5492 0.2083, -2.1126 -1.4508 0.0274, -2.2644 -1.4508 0.2083, -2.0896 -1.5492 -1.1614, -2.0896 -1.5492 -0.0358, -2.0896 -1.4508 -1.1614, -2.0896 -1.4508 -0.0358, -1.9104 -1.4508 -1.1614, -1.9104 -1.4508 -0.0358, -1.9104 -1.5492 -1.1614, -1.9104 -1.5492 -0.0358, -1.8874 -1.4508 0.0274, -1.7356 -1.4508 0.2083, -1.8874 -1.5492 0.0274, -1.7356 -1.5492 0.2083, -2.0 -1.5492 -1.2594, -2.0 -1.4508 -1.2594, -1.9763 -1.4508 -1.2543, -1.9763 -1.5492 -1.2543, -1.9546 -1.4508 -1.2435, -1.9546 -1.5492 -1.2435, -1.9362 -1.4508 -1.2278, -1.9362 -1.5492 -1.2278, -1.9222 -1.4508 -1.208, -1.9222 -1.5492 -1.208, -1.9134 -1.4508 -1.1855, -1.9134 -1.5492 -1.1855, -2.0866 -1.4508 -1.1855, -2.0866 -1.5492 -1.1855, -2.0778 -1.4508 -1.208, -2.0778 -1.5492 -1.208, -2.0638 -1.4508 -1.2278, -2.0638 -1.5492 -1.2278, -2.0454 -1.4508 -1.2435, -2.0454 -1.5492 -1.2435, -2.0237 -1.4508 -1.2543, -2.0237 -1.5492 -1.2543, -1.9078 -1.5492 -0.0131, -1.9078 -1.4508 -0.0131, -1.9 -1.5492 0.0083, -1.9 -1.4508 0.0083, -1.7126 -1.4508 0.2716, -1.7126 -1.5492 0.2716, -1.7153 -1.5492 0.2489, -1.7153 -1.4508 0.2489, -1.7231 -1.5492 0.2274, -1.7231 -1.4508 0.2274, -2.1 -1.5492 0.0083, -2.1 -1.4508 0.0083, -2.0922 -1.5492 -0.0131, -2.0922 -1.4508 -0.0131, -2.2874 -1.5492 0.2716, -2.2874 -1.4508 0.2716, -2.2847 -1.4508 0.2489, -2.2847 -1.5492 0.2489, -2.2769 -1.4508 0.2274, -2.2769 -1.5492 0.2274, -2.7126 -1.4508 0.9626, -3.2874 -1.4508 0.9626, -2.7126 -1.4478 0.9855, -3.2874 -1.4478 0.9855, -2.7126 -1.4389 1.0069, -3.2874 -1.4389 1.0069, -2.7126 -1.4248 1.0252, -3.2874 -1.4248 1.0252, -2.7126 -1.4065 1.0393, -3.2874 -1.4065 1.0393, -2.7126 -1.3851 1.0482, -3.2874 -1.3851 1.0482, -2.7126 -1.3622 1.0512, -3.2874 -1.3622 1.0512, -2.7126 -1.25 1.0512, -3.2874 -1.25 1.0512, -2.7126 -1.3622 1.1496, -2.7126 -1.25 1.1496, -3.2874 -1.3622 1.1496, -3.2874 -1.25 1.1496, -3.2874 -1.4106 1.1432, -2.7126 -1.4106 1.1432, -3.2874 -1.4557 1.1246, -2.7126 -1.4557 1.1246, -3.2874 -1.4944 1.0948, -2.7126 -1.4944 1.0948, -3.2874 -1.5242 1.0561, -2.7126 -1.5242 1.0561, -3.2874 -1.5428 1.011, -2.7126 -1.5428 1.011, -3.2874 -1.5492 0.9626, -2.7126 -1.5492 0.9626, -3.1126 -1.5492 0.0274, -3.2644 -1.5492 0.2083, -3.1126 -1.4508 0.0274, -3.2644 -1.4508 0.2083, -3.0896 -1.5492 -1.1614, -3.0896 -1.5492 -0.0358, -3.0896 -1.4508 -1.1614, -3.0896 -1.4508 -0.0358, -2.9104 -1.4508 -1.1614, -2.9104 -1.4508 -0.0358, -2.9104 -1.5492 -1.1614, -2.9104 -1.5492 -0.0358, -2.8874 -1.4508 0.0274, -2.7356 -1.4508 0.2083, -2.8874 -1.5492 0.0274, -2.7356 -1.5492 0.2083, -3.0 -1.5492 -1.2594, -3.0 -1.4508 -1.2594, -2.9763 -1.4508 -1.2543, -2.9763 -1.5492 -1.2543, -2.9546 -1.4508 -1.2435, -2.9546 -1.5492 -1.2435, -2.9362 -1.4508 -1.2278, -2.9362 -1.5492 -1.2278, -2.9222 -1.4508 -1.208, -2.9222 -1.5492 -1.208, -2.9134 -1.4508 -1.1855, -2.9134 -1.5492 -1.1855, -3.0866 -1.4508 -1.1855, -3.0866 -1.5492 -1.1855, -3.0778 -1.4508 -1.208, -3.0778 -1.5492 -1.208, -3.0638 -1.4508 -1.2278, -3.0638 -1.5492 -1.2278, -3.0454 -1.4508 -1.2435, -3.0454 -1.5492 -1.2435, -3.0237 -1.4508 -1.2543, -3.0237 -1.5492 -1.2543, -2.9078 -1.5492 -0.0131, -2.9078 -1.4508 -0.0131, -2.9 -1.5492 0.0083, -2.9 -1.4508 0.0083, -2.7126 -1.4508 0.2716, -2.7126 -1.5492 0.2716, -2.7153 -1.5492 0.2489, -2.7153 -1.4508 0.2489, -2.7231 -1.5492 0.2274, -2.7231 -1.4508 0.2274, -3.1 -1.5492 0.0083, -3.1 -1.4508 0.0083, -3.0922 -1.5492 -0.0131, -3.0922 -1.4508 -0.0131, -3.2874 -1.5492 0.2716, -3.2874 -1.4508 0.2716, -3.2847 -1.4508 0.2489, -3.2847 -1.5492 0.2489, -3.2769 -1.4508 0.2274, -3.2769 -1.5492 0.2274, 1.7356 1.4508 0.2083, 2.1 1.4508 0.0083, 1.7231 1.4508 0.2274, 2.1126 1.4508 0.0274, 1.7153 1.4508 0.2489, 1.7126 1.4508 0.2716, 2.2769 1.4508 0.2274, 2.2847 1.4508 0.2489, 1.7126 1.4508 0.9626, 2.2874 1.4508 0.2716, 2.2874 1.4508 0.9626, 1.8874 1.4508 0.0274, 1.9 1.4508 0.0083, 2.0922 1.4508 -0.0131, 1.9078 1.4508 -0.0131, 2.0896 1.4508 -0.0358, 1.9104 1.4508 -0.0358, 2.0896 1.4508 -1.1614, 2.2644 1.4508 0.2083, 1.9104 1.4508 -1.1614, 1.9134 1.4508 -1.1855, 1.9222 1.4508 -1.208, 1.9763 1.4508 -1.2543, 2.0 1.4508 -1.2594, 2.0237 1.4508 -1.2543, 2.0638 1.4508 -1.2278, 2.0778 1.4508 -1.208, 1.9546 1.4508 -1.2435, 2.0454 1.4508 -1.2435, 1.9362 1.4508 -1.2278, 2.0866 1.4508 -1.1855, 1.9 1.5492 0.0083, 2.1 1.5492 0.0083, 2.0922 1.5492 -0.0131, 2.2874 1.5492 0.9626, 2.2874 1.5492 0.2716, 1.7126 1.5492 0.9626, 2.2847 1.5492 0.2489, 1.8874 1.5492 0.0274, 1.7356 1.5492 0.2083, 2.1126 1.5492 0.0274, 1.7231 1.5492 0.2274, 1.7153 1.5492 0.2489, 1.7126 1.5492 0.2716, 2.2644 1.5492 0.2083, 2.2769 1.5492 0.2274, 2.0896 1.5492 -1.1614, 1.9104 1.5492 -1.1614, 2.0896 1.5492 -0.0358, 1.9104 1.5492 -0.0358, 1.9078 1.5492 -0.0131, 1.9546 1.5492 -1.2435, 1.9362 1.5492 -1.2278, 1.9222 1.5492 -1.208, 1.9134 1.5492 -1.1855, 2.0866 1.5492 -1.1855, 2.0778 1.5492 -1.208, 2.0638 1.5492 -1.2278, 2.0454 1.5492 -1.2435, 2.0237 1.5492 -1.2543, 1.9763 1.5492 -1.2543, 2.0 1.5492 -1.2594, 1.7126 1.5428 1.011, 2.2874 1.5428 1.011, 1.7126 1.5242 1.0561, 2.2874 1.5242 1.0561, 1.7126 1.4944 1.0948, 2.2874 1.4944 1.0948, 1.7126 1.4557 1.1246, 2.2874 1.4557 1.1246, 1.7126 1.4106 1.1432, 2.2874 1.4106 1.1432, 1.7126 1.3622 1.1496, 2.2874 1.3622 1.1496, 2.2874 1.25 1.1496, 1.7126 1.25 1.1496, 2.2874 1.3622 1.0512, 2.2874 1.25 1.0512, 1.7126 1.3622 1.0512, 1.7126 1.25 1.0512, 2.2874 1.3851 1.0482, 1.7126 1.3851 1.0482, 2.2874 1.4065 1.0393, 1.7126 1.4065 1.0393, 2.2874 1.4248 1.0252, 1.7126 1.4248 1.0252, 2.2874 1.4389 1.0069, 1.7126 1.4389 1.0069, 2.2874 1.4478 0.9855, 1.7126 1.4478 0.9855, 0.9 1.4508 0.0083, 0.9078 1.4508 -0.0131, 1.0922 1.4508 -0.0131, 1.0896 1.4508 -0.0358, 0.9104 1.4508 -0.0358, 1.0896 1.4508 -1.1614, 0.7126 1.4508 0.2716, 0.7153 1.4508 0.2489, 1.1126 1.4508 0.0274, 0.7231 1.4508 0.2274, 1.1 1.4508 0.0083, 0.7356 1.4508 0.2083, 0.8874 1.4508 0.0274, 1.2769 1.4508 0.2274, 1.2847 1.4508 0.2489, 0.7126 1.4508 0.9626, 1.2874 1.4508 0.2716, 1.2874 1.4508 0.9626, 1.2644 1.4508 0.2083, 1.0778 1.4508 -1.208, 1.0866 1.4508 -1.1855, 0.9546 1.4508 -1.2435, 0.9362 1.4508 -1.2278, 0.9104 1.4508 -1.1614, 0.9134 1.4508 -1.1855, 0.9222 1.4508 -1.208, 1.0 1.4508 -1.2594, 1.0237 1.4508 -1.2543, 0.9763 1.4508 -1.2543, 1.0454 1.4508 -1.2435, 1.0638 1.4508 -1.2278, 1.2874 1.5492 0.9626, 1.2874 1.5492 0.2716, 0.7126 1.5492 0.9626, 1.2847 1.5492 0.2489, 0.9078 1.5492 -0.0131, 0.9 1.5492 0.0083, 1.0922 1.5492 -0.0131, 0.8874 1.5492 0.0274, 1.1 1.5492 0.0083, 0.7356 1.5492 0.2083, 1.1126 1.5492 0.0274, 0.7231 1.5492 0.2274, 0.9104 1.5492 -0.0358, 1.0896 1.5492 -0.0358, 0.9104 1.5492 -1.1614, 0.7153 1.5492 0.2489, 0.7126 1.5492 0.2716, 1.2644 1.5492 0.2083, 1.2769 1.5492 0.2274, 0.9222 1.5492 -1.208, 0.9134 1.5492 -1.1855, 1.0454 1.5492 -1.2435, 1.0638 1.5492 -1.2278, 1.0896 1.5492 -1.1614, 1.0866 1.5492 -1.1855, 1.0778 1.5492 -1.208, 1.0 1.5492 -1.2594, 0.9763 1.5492 -1.2543, 1.0237 1.5492 -1.2543, 0.9546 1.5492 -1.2435, 0.9362 1.5492 -1.2278, 0.7126 1.5428 1.011, 1.2874 1.5428 1.011, 0.7126 1.5242 1.0561, 1.2874 1.5242 1.0561, 0.7126 1.4944 1.0948, 1.2874 1.4944 1.0948, 0.7126 1.4557 1.1246, 1.2874 1.4557 1.1246, 0.7126 1.4106 1.1432, 1.2874 1.4106 1.1432, 0.7126 1.3622 1.1496, 1.2874 1.3622 1.1496, 1.2874 1.25 1.1496, 0.7126 1.25 1.1496, 1.2874 1.3622 1.0512, 1.2874 1.25 1.0512, 0.7126 1.3622 1.0512, 0.7126 1.25 1.0512, 1.2874 1.3851 1.0482, 0.7126 1.3851 1.0482, 1.2874 1.4065 1.0393, 0.7126 1.4065 1.0393, 1.2874 1.4248 1.0252, 0.7126 1.4248 1.0252, 1.2874 1.4389 1.0069, 0.7126 1.4389 1.0069, 1.2874 1.4478 0.9855, 0.7126 1.4478 0.9855, -0.2874 1.4508 0.9626, -0.2874 1.4508 0.2716, 0.2874 1.4508 0.9626, -0.2847 1.4508 0.2489, 0.2769 1.4508 0.2274, -0.1126 1.4508 0.0274, 0.2644 1.4508 0.2083, -0.1 1.4508 0.0083, 0.1126 1.4508 0.0274, -0.0922 1.4508 -0.0131, 0.1 1.4508 0.0083, 0.2847 1.4508 0.2489, 0.2874 1.4508 0.2716, -0.2644 1.4508 0.2083, -0.2769 1.4508 0.2274, 0.0778 1.4508 -1.208, -0.0896 1.4508 -1.1614, 0.0638 1.4508 -1.2278, 0.0454 1.4508 -1.2435, 0.0866 1.4508 -1.1855, 0.0896 1.4508 -1.1614, -0.0896 1.4508 -0.0358, 0.0896 1.4508 -0.0358, 0.0922 1.4508 -0.0131, -0.0866 1.4508 -1.1855, -0.0778 1.4508 -1.208, -0.0638 1.4508 -1.2278, -0.0454 1.4508 -1.2435, -0.0237 1.4508 -1.2543, 0.0237 1.4508 -1.2543, 0.0 1.4508 -1.2594, 0.2874 1.5492 0.9626, 0.2874 1.5492 0.2716, -0.2874 1.5492 0.9626, 0.2847 1.5492 0.2489, -0.1 1.5492 0.0083, -0.1126 1.5492 0.0274, 0.1 1.5492 0.0083, -0.2644 1.5492 0.2083, 0.1126 1.5492 0.0274, -0.2769 1.5492 0.2274, -0.2847 1.5492 0.2489, -0.2874 1.5492 0.2716, 0.2644 1.5492 0.2083, 0.2769 1.5492 0.2274, 0.0866 1.5492 -1.1855, 0.0778 1.5492 -1.208, -0.0896 1.5492 -1.1614, -0.0922 1.5492 -0.0131, 0.0922 1.5492 -0.0131, -0.0896 1.5492 -0.0358, 0.0896 1.5492 -0.0358, 0.0896 1.5492 -1.1614, 0.0 1.5492 -1.2594, -0.0237 1.5492 -1.2543, 0.0237 1.5492 -1.2543, -0.0454 1.5492 -1.2435, 0.0454 1.5492 -1.2435, -0.0638 1.5492 -1.2278, -0.0778 1.5492 -1.208, 0.0638 1.5492 -1.2278, -0.0866 1.5492 -1.1855, -0.2874 1.5428 1.011, 0.2874 1.5428 1.011, -0.2874 1.5242 1.0561, 0.2874 1.5242 1.0561, -0.2874 1.4944 1.0948, 0.2874 1.4944 1.0948, -0.2874 1.4557 1.1246, 0.2874 1.4557 1.1246, -0.2874 1.4106 1.1432, 0.2874 1.4106 1.1432, -0.2874 1.3622 1.1496, 0.2874 1.3622 1.1496, 0.2874 1.25 1.1496, -0.2874 1.25 1.1496, 0.2874 1.3622 1.0512, 0.2874 1.25 1.0512, -0.2874 1.3622 1.0512, -0.2874 1.25 1.0512, 0.2874 1.3851 1.0482, -0.2874 1.3851 1.0482, 0.2874 1.4065 1.0393, -0.2874 1.4065 1.0393, 0.2874 1.4248 1.0252, -0.2874 1.4248 1.0252, 0.2874 1.4389 1.0069, -0.2874 1.4389 1.0069, 0.2874 1.4478 0.9855, -0.2874 1.4478 0.9855, -0.9 1.4508 0.0083, -0.8874 1.4508 0.0274, -1.1 1.4508 0.0083, -0.7356 1.4508 0.2083, -1.1126 1.4508 0.0274, -0.7231 1.4508 0.2274, -1.2874 1.4508 0.9626, -1.2874 1.4508 0.2716, -0.7126 1.4508 0.9626, -1.2847 1.4508 0.2489, -0.7153 1.4508 0.2489, -0.7126 1.4508 0.2716, -1.2644 1.4508 0.2083, -1.2769 1.4508 0.2274, -0.9078 1.4508 -0.0131, -1.0922 1.4508 -0.0131, -0.9104 1.4508 -0.0358, -1.0896 1.4508 -0.0358, -0.9104 1.4508 -1.1614, -0.9222 1.4508 -1.208, -0.9134 1.4508 -1.1855, -1.0454 1.4508 -1.2435, -1.0638 1.4508 -1.2278, -1.0896 1.4508 -1.1614, -1.0866 1.4508 -1.1855, -1.0778 1.4508 -1.208, -1.0 1.4508 -1.2594, -0.9763 1.4508 -1.2543, -1.0237 1.4508 -1.2543, -0.9546 1.4508 -1.2435, -0.9362 1.4508 -1.2278, -0.8874 1.5492 0.0274, -0.9 1.5492 0.0083, -1.1 1.5492 0.0083, -0.9078 1.5492 -0.0131, -1.0922 1.5492 -0.0131, -0.7126 1.5492 0.2716, -0.7153 1.5492 0.2489, -1.1126 1.5492 0.0274, -0.7231 1.5492 0.2274, -0.7356 1.5492 0.2083, -1.2769 1.5492 0.2274, -1.2847 1.5492 0.2489, -0.7126 1.5492 0.9626, -1.2874 1.5492 0.2716, -1.2874 1.5492 0.9626, -1.0896 1.5492 -0.0358, -0.9104 1.5492 -0.0358, -1.0896 1.5492 -1.1614, -1.2644 1.5492 0.2083, -1.0778 1.5492 -1.208, -1.0866 1.5492 -1.1855, -0.9546 1.5492 -1.2435, -0.9362 1.5492 -1.2278, -0.9104 1.5492 -1.1614, -0.9134 1.5492 -1.1855, -0.9222 1.5492 -1.208, -1.0 1.5492 -1.2594, -1.0237 1.5492 -1.2543, -0.9763 1.5492 -1.2543, -1.0454 1.5492 -1.2435, -1.0638 1.5492 -1.2278, -1.2874 1.5428 1.011, -0.7126 1.5428 1.011, -1.2874 1.5242 1.0561, -0.7126 1.5242 1.0561, -1.2874 1.4944 1.0948, -0.7126 1.4944 1.0948, -1.2874 1.4557 1.1246, -0.7126 1.4557 1.1246, -1.2874 1.4106 1.1432, -0.7126 1.4106 1.1432, -1.2874 1.3622 1.1496, -0.7126 1.3622 1.1496, -0.7126 1.25 1.1496, -1.2874 1.25 1.1496, -0.7126 1.3622 1.0512, -0.7126 1.25 1.0512, -1.2874 1.3622 1.0512, -1.2874 1.25 1.0512, -0.7126 1.3851 1.0482, -1.2874 1.3851 1.0482, -0.7126 1.4065 1.0393, -1.2874 1.4065 1.0393, -0.7126 1.4248 1.0252, -1.2874 1.4248 1.0252, -0.7126 1.4389 1.0069, -1.2874 1.4389 1.0069, -0.7126 1.4478 0.9855, -1.2874 1.4478 0.9855, -2.2874 1.4508 0.9626, -2.2874 1.4508 0.2716, -1.7126 1.4508 0.9626, -2.2847 1.4508 0.2489, -1.9078 1.4508 -0.0131, -1.9 1.4508 0.0083, -2.0922 1.4508 -0.0131, -1.8874 1.4508 0.0274, -2.1 1.4508 0.0083, -1.7356 1.4508 0.2083, -2.1126 1.4508 0.0274, -1.7231 1.4508 0.2274, -1.7153 1.4508 0.2489, -1.7126 1.4508 0.2716, -2.2644 1.4508 0.2083, -2.2769 1.4508 0.2274, -2.0866 1.4508 -1.1855, -2.0778 1.4508 -1.208, -1.9104 1.4508 -1.1614, -1.9104 1.4508 -0.0358, -2.0896 1.4508 -0.0358, -2.0896 1.4508 -1.1614, -2.0237 1.4508 -1.2543, -2.0 1.4508 -1.2594, -1.9763 1.4508 -1.2543, -1.9362 1.4508 -1.2278, -1.9222 1.4508 -1.208, -2.0454 1.4508 -1.2435, -1.9546 1.4508 -1.2435, -2.0638 1.4508 -1.2278, -1.9134 1.4508 -1.1855, -1.8874 1.5492 0.0274, -2.0922 1.5492 -0.0131, -1.7356 1.5492 0.2083, -2.1 1.5492 0.0083, -1.7231 1.5492 0.2274, -2.1126 1.5492 0.0274, -1.7153 1.5492 0.2489, -1.7126 1.5492 0.2716, -2.2769 1.5492 0.2274, -2.2847 1.5492 0.2489, -1.7126 1.5492 0.9626, -2.2874 1.5492 0.2716, -2.2874 1.5492 0.9626, -2.2644 1.5492 0.2083, -2.0778 1.5492 -1.208, -1.9104 1.5492 -1.1614, -2.0638 1.5492 -1.2278, -2.0454 1.5492 -1.2435, -1.9 1.5492 0.0083, -1.9078 1.5492 -0.0131, -2.0896 1.5492 -0.0358, -1.9104 1.5492 -0.0358, -2.0896 1.5492 -1.1614, -2.0866 1.5492 -1.1855, -1.9134 1.5492 -1.1855, -1.9222 1.5492 -1.208, -1.9362 1.5492 -1.2278, -1.9546 1.5492 -1.2435, -1.9763 1.5492 -1.2543, -2.0237 1.5492 -1.2543, -2.0 1.5492 -1.2594, -2.2874 1.5428 1.011, -1.7126 1.5428 1.011, -2.2874 1.5242 1.0561, -1.7126 1.5242 1.0561, -2.2874 1.4944 1.0948, -1.7126 1.4944 1.0948, -2.2874 1.4557 1.1246, -1.7126 1.4557 1.1246, -2.2874 1.4106 1.1432, -1.7126 1.4106 1.1432, -2.2874 1.3622 1.1496, -1.7126 1.3622 1.1496, -1.7126 1.25 1.1496, -2.2874 1.25 1.1496, -1.7126 1.3622 1.0512, -1.7126 1.25 1.0512, -2.2874 1.3622 1.0512, -2.2874 1.25 1.0512, -1.7126 1.3851 1.0482, -2.2874 1.3851 1.0482, -1.7126 1.4065 1.0393, -2.2874 1.4065 1.0393, -1.7126 1.4248 1.0252, -2.2874 1.4248 1.0252, -1.7126 1.4389 1.0069, -2.2874 1.4389 1.0069, -1.7126 1.4478 0.9855, -2.2874 1.4478 0.9855, -3.1126 1.4508 0.0274, -3.1 1.4508 0.0083, -2.9 1.4508 0.0083, -3.0922 1.4508 -0.0131, -2.9078 1.4508 -0.0131, -3.2874 1.4508 0.2716, -3.2847 1.4508 0.2489, -2.8874 1.4508 0.0274, -3.2769 1.4508 0.2274, -3.2644 1.4508 0.2083, -2.7231 1.4508 0.2274, -2.7153 1.4508 0.2489, -3.2874 1.4508 0.9626, -2.7126 1.4508 0.2716, -2.7126 1.4508 0.9626, -3.0866 1.4508 -1.1855, -3.0778 1.4508 -1.208, -2.9104 1.4508 -1.1614, -2.7356 1.4508 0.2083, -2.9104 1.4508 -0.0358, -3.0896 1.4508 -0.0358, -3.0896 1.4508 -1.1614, -3.0237 1.4508 -1.2543, -3.0 1.4508 -1.2594, -2.9763 1.4508 -1.2543, -2.9362 1.4508 -1.2278, -2.9222 1.4508 -1.208, -3.0454 1.4508 -1.2435, -2.9546 1.4508 -1.2435, -3.0638 1.4508 -1.2278, -2.9134 1.4508 -1.1855, -3.2769 1.5492 0.2274, -2.8874 1.5492 0.0274, -3.2644 1.5492 0.2083, -2.9 1.5492 0.0083, -3.1126 1.5492 0.0274, -2.7126 1.5492 0.9626, -2.7126 1.5492 0.2716, -3.2874 1.5492 0.9626, -2.7153 1.5492 0.2489, -3.2847 1.5492 0.2489, -3.2874 1.5492 0.2716, -2.7356 1.5492 0.2083, -2.7231 1.5492 0.2274, -2.9104 1.5492 -1.1614, -3.0896 1.5492 -1.1614, -2.9104 1.5492 -0.0358, -3.0896 1.5492 -0.0358, -2.9078 1.5492 -0.0131, -3.0922 1.5492 -0.0131, -3.1 1.5492 0.0083, -2.9134 1.5492 -1.1855, -3.0778 1.5492 -1.208, -3.0866 1.5492 -1.1855, -2.9222 1.5492 -1.208, -2.9362 1.5492 -1.2278, -2.9546 1.5492 -1.2435, -3.0 1.5492 -1.2594, -3.0237 1.5492 -1.2543, -2.9763 1.5492 -1.2543, -3.0454 1.5492 -1.2435, -3.0638 1.5492 -1.2278, -3.2874 1.5428 1.011, -2.7126 1.5428 1.011, -3.2874 1.5242 1.0561, -2.7126 1.5242 1.0561, -3.2874 1.4944 1.0948, -2.7126 1.4944 1.0948, -3.2874 1.4557 1.1246, -2.7126 1.4557 1.1246, -3.2874 1.4106 1.1432, -2.7126 1.4106 1.1432, -3.2874 1.3622 1.1496, -2.7126 1.3622 1.1496, -2.7126 1.25 1.1496, -3.2874 1.25 1.1496, -2.7126 1.3622 1.0512, -2.7126 1.25 1.0512, -3.2874 1.3622 1.0512, -3.2874 1.25 1.0512, -2.7126 1.3851 1.0482, -3.2874 1.3851 1.0482, -2.7126 1.4065 1.0393, -3.2874 1.4065 1.0393, -2.7126 1.4248 1.0252, -3.2874 1.4248 1.0252, -2.7126 1.4389 1.0069, -3.2874 1.4389 1.0069, -2.7126 1.4478 0.9855, -3.2874 1.4478 0.9855, -3.2874 1.4478 0.9855
            ]
        }
        coordIndex [
            0,1,2,-1,2,1,3,-1,2,3,4,-1,4,3,5,-1,4,5,6,-1,6,5,7,-1,8,9,10,-1,10,9,11,-1,7,12,6,-1,6,12,13,-1,6,13,14,-1,14,13,10,-1,14,10,15,-1,15,10,11,-1,16,17,18,-1,0,2,19,-1,19,2,20,-1,19,20,18,-1,18,20,21,-1,18,21,16,-1,22,23,24,-1,25,26,27,-1,22,24,27,-1,27,24,28,-1,27,28,25,-1,17,29,18,-1,18,29,27,-1,18,27,30,-1,30,27,26,-1,31,32,33,-1,33,32,34,-1,33,34,35,-1,35,34,36,-1,35,36,37,-1,37,36,38,-1,39,40,41,-1,41,40,42,-1,41,42,43,-1,38,36,41,-1,41,36,44,-1,41,44,39,-1,45,46,47,-1,47,46,48,-1,31,49,32,-1,32,49,50,-1,32,50,51,-1,51,50,52,-1,51,52,53,-1,53,52,46,-1,53,46,54,-1,54,46,45,-1,46,55,48,-1,48,55,56,-1,48,56,57,-1,57,58,48,-1,48,58,59,-1,48,59,60,-1,60,59,61,-1,41,43,62,-1,41,62,63,-1,63,62,64,-1,63,64,65,-1,65,64,66,-1,65,66,67,-1,67,66,68,-1,67,68,69,-1,69,68,70,-1,69,70,71,-1,71,70,72,-1,71,72,73,-1,74,73,75,-1,75,73,72,-1,76,77,78,-1,78,77,79,-1,76,78,80,-1,80,78,81,-1,80,81,82,-1,82,81,83,-1,82,83,84,-1,84,83,85,-1,84,85,86,-1,86,85,87,-1,86,87,88,-1,88,87,89,-1,88,89,10,-1,10,89,8,-1,13,38,10,-1,10,38,41,-1,10,41,88,-1,88,41,63,-1,88,63,86,-1,86,63,65,-1,86,65,84,-1,84,65,67,-1,84,67,82,-1,82,67,69,-1,82,69,80,-1,80,69,71,-1,80,71,76,-1,76,71,73,-1,76,73,77,-1,77,73,74,-1,79,75,78,-1,78,75,72,-1,78,72,81,-1,81,72,70,-1,81,70,83,-1,83,70,68,-1,83,68,85,-1,85,68,66,-1,85,66,87,-1,87,66,64,-1,87,64,89,-1,89,64,62,-1,89,62,8,-1,8,62,43,-1,8,43,9,-1,9,43,42,-1,21,20,53,-1,53,20,51,-1,6,14,36,-1,36,14,44,-1,31,33,3,-1,3,33,5,-1,46,52,18,-1,18,52,19,-1,46,18,30,-1,46,30,55,-1,55,30,26,-1,55,26,56,-1,56,26,25,-1,56,25,57,-1,57,25,28,-1,57,28,58,-1,58,28,24,-1,58,24,59,-1,59,24,23,-1,59,23,61,-1,61,23,22,-1,61,22,60,-1,60,22,27,-1,60,27,48,-1,48,27,29,-1,48,29,47,-1,47,29,17,-1,47,17,45,-1,45,17,16,-1,45,16,54,-1,54,16,21,-1,54,21,53,-1,31,3,49,-1,49,3,1,-1,49,1,50,-1,50,1,0,-1,50,0,52,-1,52,0,19,-1,38,13,12,-1,38,12,37,-1,37,12,7,-1,37,7,35,-1,35,7,5,-1,35,5,33,-1,51,20,32,-1,32,20,2,-1,32,2,34,-1,34,2,4,-1,34,4,36,-1,36,4,6,-1,9,42,40,-1,9,40,11,-1,11,40,39,-1,11,39,15,-1,15,39,44,-1,15,44,14,-1,90,91,92,-1,92,91,93,-1,92,93,94,-1,94,93,95,-1,94,95,96,-1,96,95,97,-1,96,97,98,-1,98,97,99,-1,98,99,100,-1,100,99,101,-1,100,101,102,-1,102,101,103,-1,104,102,105,-1,105,102,103,-1,106,107,108,-1,108,107,109,-1,106,108,110,-1,106,110,111,-1,111,110,112,-1,111,112,113,-1,113,112,114,-1,113,114,115,-1,115,114,116,-1,115,116,117,-1,117,116,118,-1,117,118,119,-1,119,118,120,-1,119,120,121,-1,122,123,124,-1,124,123,125,-1,126,127,128,-1,128,127,129,-1,130,131,132,-1,132,131,133,-1,134,135,136,-1,136,135,137,-1,138,139,140,-1,138,140,141,-1,141,140,142,-1,141,142,143,-1,143,142,144,-1,143,144,145,-1,145,144,146,-1,145,146,147,-1,147,146,148,-1,147,148,149,-1,149,148,130,-1,149,130,132,-1,126,128,150,-1,126,150,151,-1,151,150,152,-1,151,152,153,-1,153,152,154,-1,153,154,155,-1,155,154,156,-1,155,156,157,-1,157,156,158,-1,157,158,159,-1,159,158,139,-1,159,139,138,-1,133,131,160,-1,160,131,161,-1,160,161,162,-1,162,161,163,-1,162,163,136,-1,136,163,134,-1,164,165,166,-1,164,166,167,-1,167,166,168,-1,167,168,169,-1,169,168,137,-1,169,137,135,-1,122,124,170,-1,170,124,171,-1,170,171,172,-1,172,171,173,-1,172,173,127,-1,127,173,129,-1,174,175,176,-1,174,176,177,-1,177,176,178,-1,177,178,179,-1,179,178,125,-1,179,125,123,-1,180,181,182,-1,182,181,183,-1,182,183,184,-1,184,183,185,-1,184,185,186,-1,186,185,187,-1,186,187,188,-1,188,187,189,-1,188,189,190,-1,190,189,191,-1,190,191,192,-1,192,191,193,-1,194,192,195,-1,195,192,193,-1,196,197,198,-1,198,197,199,-1,196,198,200,-1,196,200,201,-1,201,200,202,-1,201,202,203,-1,203,202,204,-1,203,204,205,-1,205,204,206,-1,205,206,207,-1,207,206,208,-1,207,208,209,-1,209,208,210,-1,209,210,211,-1,212,213,214,-1,214,213,215,-1,216,217,218,-1,218,217,219,-1,220,221,222,-1,222,221,223,-1,224,225,226,-1,226,225,227,-1,228,229,230,-1,228,230,231,-1,231,230,232,-1,231,232,233,-1,233,232,234,-1,233,234,235,-1,235,234,236,-1,235,236,237,-1,237,236,238,-1,237,238,239,-1,239,238,220,-1,239,220,222,-1,216,218,240,-1,216,240,241,-1,241,240,242,-1,241,242,243,-1,243,242,244,-1,243,244,245,-1,245,244,246,-1,245,246,247,-1,247,246,248,-1,247,248,249,-1,249,248,229,-1,249,229,228,-1,223,221,250,-1,250,221,251,-1,250,251,252,-1,252,251,253,-1,252,253,226,-1,226,253,224,-1,254,255,256,-1,254,256,257,-1,257,256,258,-1,257,258,259,-1,259,258,227,-1,259,227,225,-1,212,214,260,-1,260,214,261,-1,260,261,262,-1,262,261,263,-1,262,263,217,-1,217,263,219,-1,264,265,266,-1,264,266,267,-1,267,266,268,-1,267,268,269,-1,269,268,215,-1,269,215,213,-1,270,271,272,-1,272,271,273,-1,272,273,274,-1,274,273,275,-1,274,275,276,-1,276,275,277,-1,276,277,278,-1,278,277,279,-1,278,279,280,-1,280,279,281,-1,280,281,282,-1,282,281,283,-1,284,282,285,-1,285,282,283,-1,286,287,288,-1,288,287,289,-1,286,288,290,-1,286,290,291,-1,291,290,292,-1,291,292,293,-1,293,292,294,-1,293,294,295,-1,295,294,296,-1,295,296,297,-1,297,296,298,-1,297,298,299,-1,299,298,300,-1,299,300,301,-1,302,303,304,-1,304,303,305,-1,306,307,308,-1,308,307,309,-1,310,311,312,-1,312,311,313,-1,314,315,316,-1,316,315,317,-1,318,319,320,-1,318,320,321,-1,321,320,322,-1,321,322,323,-1,323,322,324,-1,323,324,325,-1,325,324,326,-1,325,326,327,-1,327,326,328,-1,327,328,329,-1,329,328,310,-1,329,310,312,-1,306,308,330,-1,306,330,331,-1,331,330,332,-1,331,332,333,-1,333,332,334,-1,333,334,335,-1,335,334,336,-1,335,336,337,-1,337,336,338,-1,337,338,339,-1,339,338,319,-1,339,319,318,-1,313,311,340,-1,340,311,341,-1,340,341,342,-1,342,341,343,-1,342,343,316,-1,316,343,314,-1,344,345,346,-1,344,346,347,-1,347,346,348,-1,347,348,349,-1,349,348,317,-1,349,317,315,-1,302,304,350,-1,350,304,351,-1,350,351,352,-1,352,351,353,-1,352,353,307,-1,307,353,309,-1,354,355,356,-1,354,356,357,-1,357,356,358,-1,357,358,359,-1,359,358,305,-1,359,305,303,-1,360,361,362,-1,362,361,363,-1,362,363,364,-1,364,363,365,-1,364,365,366,-1,366,365,367,-1,366,367,368,-1,368,367,369,-1,368,369,370,-1,370,369,371,-1,370,371,372,-1,372,371,373,-1,374,372,375,-1,375,372,373,-1,376,377,378,-1,378,377,379,-1,376,378,380,-1,376,380,381,-1,381,380,382,-1,381,382,383,-1,383,382,384,-1,383,384,385,-1,385,384,386,-1,385,386,387,-1,387,386,388,-1,387,388,389,-1,389,388,390,-1,389,390,391,-1,392,393,394,-1,394,393,395,-1,396,397,398,-1,398,397,399,-1,400,401,402,-1,402,401,403,-1,404,405,406,-1,406,405,407,-1,408,409,410,-1,408,410,411,-1,411,410,412,-1,411,412,413,-1,413,412,414,-1,413,414,415,-1,415,414,416,-1,415,416,417,-1,417,416,418,-1,417,418,419,-1,419,418,400,-1,419,400,402,-1,396,398,420,-1,396,420,421,-1,421,420,422,-1,421,422,423,-1,423,422,424,-1,423,424,425,-1,425,424,426,-1,425,426,427,-1,427,426,428,-1,427,428,429,-1,429,428,409,-1,429,409,408,-1,403,401,430,-1,430,401,431,-1,430,431,432,-1,432,431,433,-1,432,433,406,-1,406,433,404,-1,434,435,436,-1,434,436,437,-1,437,436,438,-1,437,438,439,-1,439,438,407,-1,439,407,405,-1,392,394,440,-1,440,394,441,-1,440,441,442,-1,442,441,443,-1,442,443,397,-1,397,443,399,-1,444,445,446,-1,444,446,447,-1,447,446,448,-1,447,448,449,-1,449,448,395,-1,449,395,393,-1,450,451,452,-1,452,451,453,-1,452,453,454,-1,454,453,455,-1,454,455,456,-1,456,455,457,-1,456,457,458,-1,458,457,459,-1,458,459,460,-1,460,459,461,-1,460,461,462,-1,462,461,463,-1,464,462,465,-1,465,462,463,-1,466,467,468,-1,468,467,469,-1,466,468,470,-1,466,470,471,-1,471,470,472,-1,471,472,473,-1,473,472,474,-1,473,474,475,-1,475,474,476,-1,475,476,477,-1,477,476,478,-1,477,478,479,-1,479,478,480,-1,479,480,481,-1,482,483,484,-1,484,483,485,-1,486,487,488,-1,488,487,489,-1,490,491,492,-1,492,491,493,-1,494,495,496,-1,496,495,497,-1,498,499,500,-1,498,500,501,-1,501,500,502,-1,501,502,503,-1,503,502,504,-1,503,504,505,-1,505,504,506,-1,505,506,507,-1,507,506,508,-1,507,508,509,-1,509,508,490,-1,509,490,492,-1,486,488,510,-1,486,510,511,-1,511,510,512,-1,511,512,513,-1,513,512,514,-1,513,514,515,-1,515,514,516,-1,515,516,517,-1,517,516,518,-1,517,518,519,-1,519,518,499,-1,519,499,498,-1,493,491,520,-1,520,491,521,-1,520,521,522,-1,522,521,523,-1,522,523,496,-1,496,523,494,-1,524,525,526,-1,524,526,527,-1,527,526,528,-1,527,528,529,-1,529,528,497,-1,529,497,495,-1,482,484,530,-1,530,484,531,-1,530,531,532,-1,532,531,533,-1,532,533,487,-1,487,533,489,-1,534,535,536,-1,534,536,537,-1,537,536,538,-1,537,538,539,-1,539,538,485,-1,539,485,483,-1,540,541,542,-1,542,541,543,-1,542,543,544,-1,544,543,545,-1,544,545,546,-1,546,545,547,-1,546,547,548,-1,548,547,549,-1,548,549,550,-1,550,549,551,-1,550,551,552,-1,552,551,553,-1,554,552,555,-1,555,552,553,-1,556,557,558,-1,558,557,559,-1,556,558,560,-1,556,560,561,-1,561,560,562,-1,561,562,563,-1,563,562,564,-1,563,564,565,-1,565,564,566,-1,565,566,567,-1,567,566,568,-1,567,568,569,-1,569,568,570,-1,569,570,571,-1,572,573,574,-1,574,573,575,-1,576,577,578,-1,578,577,579,-1,580,581,582,-1,582,581,583,-1,584,585,586,-1,586,585,587,-1,588,589,590,-1,588,590,591,-1,591,590,592,-1,591,592,593,-1,593,592,594,-1,593,594,595,-1,595,594,596,-1,595,596,597,-1,597,596,598,-1,597,598,599,-1,599,598,580,-1,599,580,582,-1,576,578,600,-1,576,600,601,-1,601,600,602,-1,601,602,603,-1,603,602,604,-1,603,604,605,-1,605,604,606,-1,605,606,607,-1,607,606,608,-1,607,608,609,-1,609,608,589,-1,609,589,588,-1,583,581,610,-1,610,581,611,-1,610,611,612,-1,612,611,613,-1,612,613,586,-1,586,613,584,-1,614,615,616,-1,614,616,617,-1,617,616,618,-1,617,618,619,-1,619,618,587,-1,619,587,585,-1,572,574,620,-1,620,574,621,-1,620,621,622,-1,622,621,623,-1,622,623,577,-1,577,623,579,-1,624,625,626,-1,624,626,627,-1,627,626,628,-1,627,628,629,-1,629,628,575,-1,629,575,573,-1,630,631,632,-1,632,631,633,-1,632,633,634,-1,634,633,635,-1,634,635,636,-1,636,635,637,-1,636,637,638,-1,638,637,639,-1,638,639,640,-1,640,639,641,-1,640,641,642,-1,642,641,643,-1,644,642,645,-1,645,642,643,-1,646,647,648,-1,648,647,649,-1,646,648,650,-1,646,650,651,-1,651,650,652,-1,651,652,653,-1,653,652,654,-1,653,654,655,-1,655,654,656,-1,655,656,657,-1,657,656,658,-1,657,658,659,-1,659,658,660,-1,659,660,661,-1,662,663,664,-1,664,663,665,-1,666,667,668,-1,668,667,669,-1,670,671,672,-1,672,671,673,-1,674,675,676,-1,676,675,677,-1,678,679,680,-1,678,680,681,-1,681,680,682,-1,681,682,683,-1,683,682,684,-1,683,684,685,-1,685,684,686,-1,685,686,687,-1,687,686,688,-1,687,688,689,-1,689,688,670,-1,689,670,672,-1,666,668,690,-1,666,690,691,-1,691,690,692,-1,691,692,693,-1,693,692,694,-1,693,694,695,-1,695,694,696,-1,695,696,697,-1,697,696,698,-1,697,698,699,-1,699,698,679,-1,699,679,678,-1,673,671,700,-1,700,671,701,-1,700,701,702,-1,702,701,703,-1,702,703,676,-1,676,703,674,-1,704,705,706,-1,704,706,707,-1,707,706,708,-1,707,708,709,-1,709,708,677,-1,709,677,675,-1,662,664,710,-1,710,664,711,-1,710,711,712,-1,712,711,713,-1,712,713,667,-1,667,713,669,-1,714,715,716,-1,714,716,717,-1,717,716,718,-1,717,718,719,-1,719,718,665,-1,719,665,663,-1,720,721,722,-1,722,721,723,-1,722,723,724,-1,724,723,725,-1,726,727,728,-1,728,727,729,-1,728,729,730,-1,720,731,721,-1,721,731,732,-1,721,732,733,-1,733,732,734,-1,733,734,735,-1,735,734,736,-1,735,736,737,-1,725,723,728,-1,728,723,738,-1,728,738,726,-1,736,739,737,-1,737,739,740,-1,737,740,741,-1,742,743,744,-1,745,746,747,-1,742,744,747,-1,747,744,748,-1,747,748,745,-1,741,749,737,-1,737,749,747,-1,737,747,750,-1,750,747,746,-1,751,752,753,-1,754,755,756,-1,756,755,757,-1,751,758,752,-1,752,758,759,-1,752,759,760,-1,760,759,761,-1,761,762,760,-1,760,762,763,-1,760,763,764,-1,764,763,756,-1,764,756,765,-1,765,756,757,-1,766,767,768,-1,768,767,769,-1,768,769,753,-1,753,769,770,-1,753,770,751,-1,771,772,766,-1,772,773,766,-1,766,773,774,-1,766,774,767,-1,766,775,771,-1,771,775,776,-1,771,776,777,-1,777,778,771,-1,771,778,779,-1,771,779,780,-1,780,779,781,-1,754,756,782,-1,754,782,783,-1,783,782,784,-1,783,784,785,-1,785,784,786,-1,785,786,787,-1,787,786,788,-1,787,788,789,-1,789,788,790,-1,789,790,791,-1,791,790,792,-1,791,792,793,-1,794,793,795,-1,795,793,792,-1,796,797,798,-1,798,797,799,-1,796,798,800,-1,800,798,801,-1,800,801,802,-1,802,801,803,-1,802,803,804,-1,804,803,805,-1,804,805,806,-1,806,805,807,-1,806,807,808,-1,808,807,809,-1,808,809,730,-1,730,809,728,-1,729,755,730,-1,730,755,754,-1,730,754,808,-1,808,754,783,-1,808,783,806,-1,806,783,785,-1,806,785,804,-1,804,785,787,-1,804,787,802,-1,802,787,789,-1,802,789,800,-1,800,789,791,-1,800,791,796,-1,796,791,793,-1,796,793,797,-1,797,793,794,-1,799,795,798,-1,798,795,792,-1,798,792,801,-1,801,792,790,-1,801,790,803,-1,803,790,788,-1,803,788,805,-1,805,788,786,-1,805,786,807,-1,807,786,784,-1,807,784,809,-1,809,784,782,-1,809,782,728,-1,728,782,756,-1,728,756,725,-1,725,756,763,-1,810,811,812,-1,812,811,813,-1,813,811,814,-1,813,814,815,-1,816,817,818,-1,818,817,819,-1,818,819,820,-1,820,819,821,-1,820,821,812,-1,812,821,822,-1,812,822,810,-1,823,824,825,-1,825,824,826,-1,825,826,827,-1,816,818,825,-1,825,818,828,-1,825,828,823,-1,829,830,831,-1,831,830,832,-1,814,833,815,-1,815,833,834,-1,815,834,830,-1,830,834,835,-1,830,835,832,-1,836,837,838,-1,838,837,839,-1,838,839,831,-1,831,839,840,-1,831,840,829,-1,841,842,843,-1,843,842,844,-1,845,846,847,-1,847,846,848,-1,847,848,849,-1,849,848,850,-1,849,850,851,-1,851,850,852,-1,845,847,853,-1,853,847,854,-1,853,854,855,-1,852,856,851,-1,851,856,857,-1,851,857,858,-1,858,857,843,-1,858,843,859,-1,859,843,844,-1,860,861,862,-1,862,861,863,-1,854,864,855,-1,855,864,865,-1,855,865,861,-1,861,865,866,-1,861,866,863,-1,867,868,869,-1,869,868,870,-1,869,870,862,-1,862,870,871,-1,862,871,860,-1,841,843,872,-1,841,872,873,-1,873,872,874,-1,873,874,875,-1,875,874,876,-1,875,876,877,-1,877,876,878,-1,877,878,879,-1,879,878,880,-1,879,880,881,-1,881,880,882,-1,881,882,883,-1,884,883,885,-1,885,883,882,-1,886,887,888,-1,888,887,889,-1,886,888,890,-1,890,888,891,-1,890,891,892,-1,892,891,893,-1,892,893,894,-1,894,893,895,-1,894,895,896,-1,896,895,897,-1,896,897,898,-1,898,897,899,-1,898,899,827,-1,827,899,825,-1,826,842,827,-1,827,842,841,-1,827,841,898,-1,898,841,873,-1,898,873,896,-1,896,873,875,-1,896,875,894,-1,894,875,877,-1,894,877,892,-1,892,877,879,-1,892,879,890,-1,890,879,881,-1,890,881,886,-1,886,881,883,-1,886,883,887,-1,887,883,884,-1,889,885,888,-1,888,885,882,-1,888,882,891,-1,891,882,880,-1,891,880,893,-1,893,880,878,-1,893,878,895,-1,895,878,876,-1,895,876,897,-1,897,876,874,-1,897,874,899,-1,899,874,872,-1,899,872,825,-1,825,872,843,-1,825,843,816,-1,816,843,857,-1,900,901,902,-1,902,901,903,-1,904,905,906,-1,906,905,907,-1,906,907,908,-1,908,907,909,-1,908,909,910,-1,904,911,905,-1,905,911,912,-1,905,912,913,-1,913,912,902,-1,913,902,914,-1,914,902,903,-1,915,916,917,-1,917,916,918,-1,915,919,916,-1,916,919,920,-1,916,920,921,-1,921,920,922,-1,921,922,909,-1,909,922,923,-1,909,923,910,-1,916,924,918,-1,918,924,925,-1,918,925,926,-1,926,927,918,-1,918,927,928,-1,918,928,929,-1,929,928,930,-1,931,932,933,-1,933,932,934,-1,935,936,937,-1,937,936,938,-1,937,938,939,-1,939,938,940,-1,940,941,939,-1,939,941,942,-1,939,942,943,-1,943,942,933,-1,943,933,944,-1,944,933,934,-1,945,946,947,-1,935,937,948,-1,948,937,949,-1,948,949,950,-1,950,949,951,-1,950,951,947,-1,947,951,952,-1,947,952,945,-1,953,954,955,-1,955,954,956,-1,955,956,957,-1,957,956,958,-1,957,958,959,-1,946,960,947,-1,947,960,957,-1,947,957,961,-1,961,957,959,-1,931,933,962,-1,931,962,963,-1,963,962,964,-1,963,964,965,-1,965,964,966,-1,965,966,967,-1,967,966,968,-1,967,968,969,-1,969,968,970,-1,969,970,971,-1,971,970,972,-1,971,972,973,-1,974,973,975,-1,975,973,972,-1,976,977,978,-1,978,977,979,-1,976,978,980,-1,980,978,981,-1,980,981,982,-1,982,981,983,-1,982,983,984,-1,984,983,985,-1,984,985,986,-1,986,985,987,-1,986,987,988,-1,988,987,989,-1,988,989,902,-1,902,989,900,-1,912,932,902,-1,902,932,931,-1,902,931,988,-1,988,931,963,-1,988,963,986,-1,986,963,965,-1,986,965,984,-1,984,965,967,-1,984,967,982,-1,982,967,969,-1,982,969,980,-1,980,969,971,-1,980,971,976,-1,976,971,973,-1,976,973,977,-1,977,973,974,-1,979,975,978,-1,978,975,972,-1,978,972,981,-1,981,972,970,-1,981,970,983,-1,983,970,968,-1,983,968,985,-1,985,968,966,-1,985,966,987,-1,987,966,964,-1,987,964,989,-1,989,964,962,-1,989,962,900,-1,900,962,933,-1,900,933,901,-1,901,933,942,-1,990,991,992,-1,992,991,993,-1,992,993,994,-1,994,993,995,-1,996,997,998,-1,998,997,999,-1,995,1000,994,-1,994,1000,1001,-1,994,1001,1002,-1,1002,1001,998,-1,1002,998,1003,-1,1003,998,999,-1,990,992,1004,-1,1004,992,1005,-1,1004,1005,1006,-1,1006,1005,1007,-1,1006,1007,1008,-1,1009,1010,1011,-1,1011,1010,1012,-1,1007,1013,1008,-1,1008,1013,1014,-1,1008,1014,1010,-1,1010,1014,1015,-1,1010,1015,1012,-1,1016,1017,1018,-1,1018,1017,1019,-1,1018,1019,1011,-1,1011,1019,1020,-1,1011,1020,1009,-1,1021,1022,1023,-1,1023,1022,1024,-1,1023,1024,1025,-1,1026,1027,1028,-1,1028,1027,1029,-1,1028,1029,1023,-1,1023,1029,1030,-1,1023,1030,1021,-1,1031,1032,1033,-1,1033,1032,1034,-1,1033,1034,1035,-1,1025,1024,1036,-1,1036,1024,1037,-1,1036,1037,1038,-1,1026,1028,1033,-1,1033,1028,1039,-1,1033,1039,1031,-1,1040,1041,1042,-1,1042,1041,1043,-1,1037,1044,1038,-1,1038,1044,1045,-1,1038,1045,1041,-1,1041,1045,1046,-1,1041,1046,1043,-1,1047,1048,1049,-1,1049,1048,1050,-1,1049,1050,1042,-1,1042,1050,1051,-1,1042,1051,1040,-1,1033,1035,1052,-1,1033,1052,1053,-1,1053,1052,1054,-1,1053,1054,1055,-1,1055,1054,1056,-1,1055,1056,1057,-1,1057,1056,1058,-1,1057,1058,1059,-1,1059,1058,1060,-1,1059,1060,1061,-1,1061,1060,1062,-1,1061,1062,1063,-1,1064,1063,1065,-1,1065,1063,1062,-1,1066,1067,1068,-1,1068,1067,1069,-1,1066,1068,1070,-1,1070,1068,1071,-1,1070,1071,1072,-1,1072,1071,1073,-1,1072,1073,1074,-1,1074,1073,1075,-1,1074,1075,1076,-1,1076,1075,1077,-1,1076,1077,1078,-1,1078,1077,1079,-1,1078,1079,998,-1,998,1079,996,-1,1001,1026,998,-1,998,1026,1033,-1,998,1033,1078,-1,1078,1033,1053,-1,1078,1053,1076,-1,1076,1053,1055,-1,1076,1055,1074,-1,1074,1055,1057,-1,1074,1057,1072,-1,1072,1057,1059,-1,1072,1059,1070,-1,1070,1059,1061,-1,1070,1061,1066,-1,1066,1061,1063,-1,1066,1063,1067,-1,1067,1063,1064,-1,1069,1065,1068,-1,1068,1065,1062,-1,1068,1062,1071,-1,1071,1062,1060,-1,1071,1060,1073,-1,1073,1060,1058,-1,1073,1058,1075,-1,1075,1058,1056,-1,1075,1056,1077,-1,1077,1056,1054,-1,1077,1054,1079,-1,1079,1054,1052,-1,1079,1052,996,-1,996,1052,1035,-1,996,1035,997,-1,997,1035,1034,-1,1080,1081,1082,-1,1082,1081,1083,-1,1084,1085,1086,-1,1086,1085,1087,-1,1086,1087,1088,-1,1088,1087,1089,-1,1088,1089,1090,-1,1090,1089,1091,-1,1091,1092,1090,-1,1090,1092,1093,-1,1090,1093,1094,-1,1094,1093,1082,-1,1094,1082,1095,-1,1095,1082,1083,-1,1096,1097,1098,-1,1084,1086,1099,-1,1099,1086,1100,-1,1099,1100,1098,-1,1098,1100,1101,-1,1098,1101,1096,-1,1102,1103,1104,-1,1105,1106,1107,-1,1102,1104,1107,-1,1107,1104,1108,-1,1107,1108,1105,-1,1097,1109,1098,-1,1098,1109,1107,-1,1098,1107,1110,-1,1110,1107,1106,-1,1111,1112,1113,-1,1113,1112,1114,-1,1113,1114,1115,-1,1115,1114,1116,-1,1115,1116,1117,-1,1117,1116,1118,-1,1119,1120,1121,-1,1121,1120,1122,-1,1121,1122,1123,-1,1118,1116,1121,-1,1121,1116,1124,-1,1121,1124,1119,-1,1125,1126,1127,-1,1127,1126,1128,-1,1111,1129,1112,-1,1112,1129,1130,-1,1112,1130,1131,-1,1131,1130,1132,-1,1131,1132,1133,-1,1133,1132,1126,-1,1133,1126,1134,-1,1134,1126,1125,-1,1126,1135,1128,-1,1128,1135,1136,-1,1128,1136,1137,-1,1137,1138,1128,-1,1128,1138,1139,-1,1128,1139,1140,-1,1140,1139,1141,-1,1121,1123,1142,-1,1121,1142,1143,-1,1143,1142,1144,-1,1143,1144,1145,-1,1145,1144,1146,-1,1145,1146,1147,-1,1147,1146,1148,-1,1147,1148,1149,-1,1149,1148,1150,-1,1149,1150,1151,-1,1151,1150,1152,-1,1151,1152,1153,-1,1154,1153,1155,-1,1155,1153,1152,-1,1156,1157,1158,-1,1158,1157,1159,-1,1156,1158,1160,-1,1160,1158,1161,-1,1160,1161,1162,-1,1162,1161,1163,-1,1162,1163,1164,-1,1164,1163,1165,-1,1164,1165,1166,-1,1166,1165,1167,-1,1166,1167,1168,-1,1168,1167,1169,-1,1168,1169,1082,-1,1082,1169,1080,-1,1093,1118,1082,-1,1082,1118,1121,-1,1082,1121,1168,-1,1168,1121,1143,-1,1168,1143,1166,-1,1166,1143,1145,-1,1166,1145,1164,-1,1164,1145,1147,-1,1164,1147,1162,-1,1162,1147,1149,-1,1162,1149,1160,-1,1160,1149,1151,-1,1160,1151,1156,-1,1156,1151,1153,-1,1156,1153,1157,-1,1157,1153,1154,-1,1159,1155,1158,-1,1158,1155,1152,-1,1158,1152,1161,-1,1161,1152,1150,-1,1161,1150,1163,-1,1163,1150,1148,-1,1163,1148,1165,-1,1165,1148,1146,-1,1165,1146,1167,-1,1167,1146,1144,-1,1167,1144,1169,-1,1169,1144,1142,-1,1169,1142,1080,-1,1080,1142,1123,-1,1080,1123,1081,-1,1081,1123,1122,-1,1170,1171,1172,-1,1172,1171,1173,-1,1172,1173,1174,-1,1175,1176,1177,-1,1177,1176,1178,-1,1177,1178,1172,-1,1172,1178,1179,-1,1172,1179,1170,-1,1180,1181,1182,-1,1182,1181,1183,-1,1182,1183,1184,-1,1185,1186,1187,-1,1175,1177,1182,-1,1182,1177,1188,-1,1182,1188,1180,-1,1174,1173,1189,-1,1189,1173,1190,-1,1189,1190,1187,-1,1187,1190,1191,-1,1187,1191,1185,-1,1192,1193,1194,-1,1195,1196,1197,-1,1192,1194,1197,-1,1197,1194,1198,-1,1197,1198,1195,-1,1186,1199,1187,-1,1187,1199,1197,-1,1187,1197,1200,-1,1200,1197,1196,-1,1201,1202,1203,-1,1203,1202,1204,-1,1203,1204,1205,-1,1206,1207,1208,-1,1208,1207,1209,-1,1201,1210,1202,-1,1202,1210,1211,-1,1202,1211,1212,-1,1212,1211,1208,-1,1212,1208,1213,-1,1213,1208,1209,-1,1214,1215,1216,-1,1216,1215,1217,-1,1216,1217,1218,-1,1218,1217,1219,-1,1218,1219,1204,-1,1204,1219,1220,-1,1204,1220,1205,-1,1221,1222,1214,-1,1214,1222,1223,-1,1214,1223,1215,-1,1221,1224,1222,-1,1222,1224,1225,-1,1222,1225,1226,-1,1227,1228,1229,-1,1229,1228,1230,-1,1229,1230,1226,-1,1226,1230,1231,-1,1226,1231,1222,-1,1206,1208,1232,-1,1206,1232,1233,-1,1233,1232,1234,-1,1233,1234,1235,-1,1235,1234,1236,-1,1235,1236,1237,-1,1237,1236,1238,-1,1237,1238,1239,-1,1239,1238,1240,-1,1239,1240,1241,-1,1241,1240,1242,-1,1241,1242,1243,-1,1244,1243,1245,-1,1245,1243,1242,-1,1246,1247,1248,-1,1248,1247,1249,-1,1246,1248,1250,-1,1250,1248,1251,-1,1250,1251,1252,-1,1252,1251,1253,-1,1252,1253,1254,-1,1254,1253,1255,-1,1254,1255,1256,-1,1256,1255,1257,-1,1256,1257,1258,-1,1258,1257,1259,-1,1258,1259,1184,-1,1184,1259,1182,-1,1183,1207,1184,-1,1184,1207,1206,-1,1184,1206,1258,-1,1258,1206,1233,-1,1258,1233,1256,-1,1256,1233,1235,-1,1256,1235,1254,-1,1254,1235,1237,-1,1254,1237,1252,-1,1252,1237,1239,-1,1252,1239,1250,-1,1250,1239,1241,-1,1250,1241,1246,-1,1246,1241,1243,-1,1246,1243,1247,-1,1247,1243,1244,-1,1249,1245,1248,-1,1248,1245,1242,-1,1248,1242,1251,-1,1251,1242,1240,-1,1251,1240,1253,-1,1253,1240,1238,-1,1253,1238,1255,-1,1255,1238,1236,-1,1255,1236,1257,-1,1257,1236,1234,-1,1257,1234,1259,-1,1259,1234,1232,-1,1259,1232,1182,-1,1182,1232,1208,-1,1182,1208,1175,-1,1175,1208,1211,-1,1191,1190,1215,-1,1215,1190,1217,-1,1170,1179,1205,-1,1205,1179,1203,-1,1202,1212,1177,-1,1177,1212,1188,-1,1214,1216,1187,-1,1187,1216,1189,-1,1101,1100,1133,-1,1133,1100,1131,-1,1090,1094,1116,-1,1116,1094,1124,-1,1111,1113,1087,-1,1087,1113,1089,-1,1126,1132,1098,-1,1098,1132,1099,-1,1013,1007,1038,-1,1038,1007,1036,-1,994,1002,1028,-1,1028,1002,1039,-1,1021,1030,991,-1,991,1030,993,-1,1044,1037,1008,-1,1008,1037,1006,-1,916,921,947,-1,947,921,950,-1,905,913,936,-1,936,913,938,-1,939,943,908,-1,908,943,906,-1,952,951,920,-1,920,951,922,-1,833,814,855,-1,855,814,853,-1,822,821,848,-1,848,821,850,-1,851,858,818,-1,818,858,828,-1,864,854,815,-1,815,854,813,-1,739,736,767,-1,767,736,769,-1,731,720,758,-1,758,720,759,-1,760,764,723,-1,723,764,738,-1,766,768,737,-1,737,768,735,-1,766,737,750,-1,766,750,775,-1,775,750,746,-1,775,746,776,-1,776,746,745,-1,776,745,777,-1,777,745,748,-1,777,748,778,-1,778,748,744,-1,778,744,779,-1,779,744,743,-1,779,743,781,-1,781,743,742,-1,781,742,780,-1,780,742,747,-1,780,747,771,-1,771,747,749,-1,771,749,772,-1,772,749,741,-1,772,741,773,-1,773,741,740,-1,773,740,774,-1,774,740,739,-1,774,739,767,-1,760,723,752,-1,752,723,721,-1,752,721,753,-1,753,721,733,-1,753,733,768,-1,768,733,735,-1,755,729,727,-1,755,727,757,-1,757,727,726,-1,757,726,765,-1,765,726,738,-1,765,738,764,-1,769,736,770,-1,770,736,734,-1,770,734,751,-1,751,734,732,-1,751,732,758,-1,758,732,731,-1,725,763,762,-1,725,762,724,-1,724,762,761,-1,724,761,722,-1,722,761,759,-1,722,759,720,-1,864,815,830,-1,864,830,865,-1,865,830,829,-1,865,829,866,-1,866,829,840,-1,866,840,863,-1,863,840,839,-1,863,839,862,-1,862,839,837,-1,862,837,869,-1,869,837,836,-1,869,836,867,-1,867,836,838,-1,867,838,868,-1,868,838,831,-1,868,831,870,-1,870,831,832,-1,870,832,871,-1,871,832,835,-1,871,835,860,-1,860,835,834,-1,860,834,861,-1,861,834,833,-1,861,833,855,-1,851,818,849,-1,849,818,820,-1,849,820,847,-1,847,820,812,-1,847,812,854,-1,854,812,813,-1,842,826,824,-1,842,824,844,-1,844,824,823,-1,844,823,859,-1,859,823,828,-1,859,828,858,-1,853,814,845,-1,845,814,811,-1,845,811,846,-1,846,811,810,-1,846,810,848,-1,848,810,822,-1,816,857,856,-1,816,856,817,-1,817,856,852,-1,817,852,819,-1,819,852,850,-1,819,850,821,-1,952,920,919,-1,952,919,945,-1,945,919,915,-1,945,915,946,-1,946,915,917,-1,946,917,960,-1,960,917,918,-1,960,918,957,-1,957,918,929,-1,957,929,955,-1,955,929,930,-1,955,930,953,-1,953,930,928,-1,953,928,954,-1,954,928,927,-1,954,927,956,-1,956,927,926,-1,956,926,958,-1,958,926,925,-1,958,925,959,-1,959,925,924,-1,959,924,961,-1,961,924,916,-1,961,916,947,-1,939,908,937,-1,937,908,910,-1,937,910,949,-1,949,910,923,-1,949,923,951,-1,951,923,922,-1,932,912,911,-1,932,911,934,-1,934,911,904,-1,934,904,944,-1,944,904,906,-1,944,906,943,-1,950,921,948,-1,948,921,909,-1,948,909,935,-1,935,909,907,-1,935,907,936,-1,936,907,905,-1,901,942,941,-1,901,941,903,-1,903,941,940,-1,903,940,914,-1,914,940,938,-1,914,938,913,-1,1044,1008,1010,-1,1044,1010,1045,-1,1045,1010,1009,-1,1045,1009,1046,-1,1046,1009,1020,-1,1046,1020,1043,-1,1043,1020,1019,-1,1043,1019,1042,-1,1042,1019,1017,-1,1042,1017,1049,-1,1049,1017,1016,-1,1049,1016,1047,-1,1047,1016,1018,-1,1047,1018,1048,-1,1048,1018,1011,-1,1048,1011,1050,-1,1050,1011,1012,-1,1050,1012,1051,-1,1051,1012,1015,-1,1051,1015,1040,-1,1040,1015,1014,-1,1040,1014,1041,-1,1041,1014,1013,-1,1041,1013,1038,-1,1021,991,1022,-1,1022,991,990,-1,1022,990,1024,-1,1024,990,1004,-1,1024,1004,1037,-1,1037,1004,1006,-1,1026,1001,1000,-1,1026,1000,1027,-1,1027,1000,995,-1,1027,995,1029,-1,1029,995,993,-1,1029,993,1030,-1,1036,1007,1025,-1,1025,1007,1005,-1,1025,1005,1023,-1,1023,1005,992,-1,1023,992,1028,-1,1028,992,994,-1,997,1034,1032,-1,997,1032,999,-1,999,1032,1031,-1,999,1031,1003,-1,1003,1031,1039,-1,1003,1039,1002,-1,1126,1098,1110,-1,1126,1110,1135,-1,1135,1110,1106,-1,1135,1106,1136,-1,1136,1106,1105,-1,1136,1105,1137,-1,1137,1105,1108,-1,1137,1108,1138,-1,1138,1108,1104,-1,1138,1104,1139,-1,1139,1104,1103,-1,1139,1103,1141,-1,1141,1103,1102,-1,1141,1102,1140,-1,1140,1102,1107,-1,1140,1107,1128,-1,1128,1107,1109,-1,1128,1109,1127,-1,1127,1109,1097,-1,1127,1097,1125,-1,1125,1097,1096,-1,1125,1096,1134,-1,1134,1096,1101,-1,1134,1101,1133,-1,1111,1087,1129,-1,1129,1087,1085,-1,1129,1085,1130,-1,1130,1085,1084,-1,1130,1084,1132,-1,1132,1084,1099,-1,1118,1093,1092,-1,1118,1092,1117,-1,1117,1092,1091,-1,1117,1091,1115,-1,1115,1091,1089,-1,1115,1089,1113,-1,1131,1100,1112,-1,1112,1100,1086,-1,1112,1086,1114,-1,1114,1086,1088,-1,1114,1088,1116,-1,1116,1088,1090,-1,1081,1122,1120,-1,1081,1120,1083,-1,1083,1120,1119,-1,1083,1119,1095,-1,1095,1119,1124,-1,1095,1124,1094,-1,1214,1187,1200,-1,1214,1200,1221,-1,1221,1200,1196,-1,1221,1196,1224,-1,1224,1196,1195,-1,1224,1195,1225,-1,1225,1195,1198,-1,1225,1198,1226,-1,1226,1198,1194,-1,1226,1194,1229,-1,1229,1194,1193,-1,1229,1193,1227,-1,1227,1193,1192,-1,1227,1192,1228,-1,1228,1192,1197,-1,1228,1197,1230,-1,1230,1197,1199,-1,1230,1199,1231,-1,1231,1199,1186,-1,1231,1186,1222,-1,1222,1186,1185,-1,1222,1185,1223,-1,1223,1185,1191,-1,1223,1191,1215,-1,1202,1177,1204,-1,1204,1177,1172,-1,1204,1172,1218,-1,1218,1172,1174,-1,1218,1174,1216,-1,1216,1174,1189,-1,1207,1183,1181,-1,1207,1181,1209,-1,1209,1181,1180,-1,1209,1180,1213,-1,1213,1180,1188,-1,1213,1188,1212,-1,1217,1190,1219,-1,1219,1190,1173,-1,1219,1173,1220,-1,1220,1173,1171,-1,1220,1171,1205,-1,1205,1171,1170,-1,1175,1211,1210,-1,1175,1210,1176,-1,1176,1210,1201,-1,1176,1201,1178,-1,1178,1201,1203,-1,1178,1203,1179,-1,
        ]
    }
}
Shape{
    appearance Appearance {
        material  Material 	{
            diffuseColor 1.0 1.0 1.0
            specularColor 0.5019607843137255 0.5019607843137255 0.5019607843137255
            ambientIntensity 0.2
            transparency 0
            shininess 0.5
        }
    }
    geometry IndexedFaceSet {
        ccw TRUE
        solid FALSE
        coord DEF co Coordinate {
            point [
                3.714 0.0577 1.6193, 3.7159 0.0577 1.6058, 3.7135 0.0577 1.6193, 3.7154 0.0577 1.6057, 3.714 0.0099 1.6193, 3.7135 0.0099 1.6193, 3.6992 0.0099 1.7247, 3.6987 0.0099 1.7247, 3.6992 -0.0056 1.7247, 3.6987 -0.0056 1.7247, 3.7159 -0.0056 1.6058, 3.7154 -0.0056 1.6057, 3.7162 0.1193 1.6038, 3.7157 0.1193 1.6037, 3.7155 0.1376 1.6054, 3.716 0.1376 1.6055, 3.7149 0.1505 1.6096, 3.7154 0.1505 1.6097, 3.7147 0.1525 1.6106, 3.7152 0.1525 1.6107, 3.7132 0.1525 1.6254, 3.7127 0.1525 1.6254, 3.7133 0.142 1.6205, 3.7139 0.142 1.6206, 3.7137 0.1287 1.6177, 3.7142 0.1287 1.6178, 3.7138 0.1215 1.6174, 3.7143 0.1215 1.6175, 3.7136 0.1101 1.6187, 3.7141 0.1101 1.6187, 3.7132 0.1014 1.6218, 3.7137 0.1014 1.6219, 3.7124 0.0935 1.6272, 3.7129 0.0935 1.6273, 3.712 0.0907 1.6299, 3.7125 0.0907 1.63, 3.7109 0.0847 1.6381, 3.7114 0.0847 1.6381, 3.7095 0.0809 1.6477, 3.71 0.0809 1.6478, 3.7075 0.0789 1.6621, 3.708 0.0789 1.6621, 3.7073 0.0789 1.6638, 3.7078 0.0789 1.6639, 3.705 0.0808 1.68, 3.7055 0.0808 1.6801, 3.7035 0.0848 1.6903, 3.704 0.0848 1.6904, 3.7024 0.0906 1.6986, 3.7029 0.0906 1.6987, 3.7022 0.0915 1.6996, 3.7027 0.0915 1.6997, 3.7013 0.0996 1.7063, 3.7018 0.0996 1.7063, 3.7007 0.1091 1.7106, 3.7012 0.1091 1.7107, 3.7004 0.1195 1.7126, 3.7009 0.1195 1.7127, 3.7004 0.1242 1.7128, 3.7009 0.1242 1.7129, 3.7006 0.1371 1.7115, 3.7011 0.1371 1.7116, 3.7011 0.1495 1.7073, 3.7017 0.1495 1.7074, 3.7014 0.1525 1.7057, 3.7019 0.1525 1.7058, 3.6996 0.1525 1.7219, 3.6991 0.1525 1.7218, 3.6984 0.1241 1.7267, 3.6989 0.1241 1.7267, 3.6989 0.1263 1.7267, 3.6986 0.1417 1.7251, 3.6992 0.1417 1.7252, 3.6986 0.1361 1.7257, 3.6984 0.1263 1.7266, 3.6986 0.1157 1.7257, 3.6992 0.1068 1.7247, 3.6987 0.1068 1.7246, 3.6994 0.0942 1.7198, 3.6999 0.0942 1.7199, 3.7005 0.0826 1.7117, 3.701 0.0826 1.7118, 3.7009 0.0799 1.7091, 3.7014 0.0799 1.7092, 3.7022 0.0723 1.6996, 3.7027 0.0723 1.6997, 3.7035 0.068 1.6905, 3.7046 0.0662 1.6867, 3.704 0.0662 1.6867, 3.7062 0.063 1.6716, 3.7067 0.063 1.6717, 3.7074 0.0626 1.6629, 3.7079 0.0626 1.663, 3.7101 0.0649 1.6437, 3.7106 0.0649 1.6438, 3.7112 0.068 1.6359, 3.7123 0.0698 1.6314, 3.7118 0.0698 1.6313, 3.7133 0.0769 1.6211, 3.7138 0.0769 1.6212, 3.7134 0.078 1.6199, 3.7139 0.078 1.62, 3.7145 0.0868 1.6126, 3.715 0.0868 1.6126, 3.7152 0.098 1.607, 3.7157 0.098 1.6071, 3.7156 0.1108 1.6042, 3.7161 0.1108 1.6042, 3.714 0.2412 1.6193, 3.7159 0.2412 1.6058, 3.7135 0.2412 1.6193, 3.7154 0.2412 1.6057, 3.7135 0.1921 1.6193, 3.714 0.1921 1.6193, 3.7135 0.2245 1.6193, 3.7084 0.1921 1.6594, 3.7079 0.1921 1.6593, 3.7079 0.235 1.6593, 3.7084 0.235 1.6594, 3.7079 0.2245 1.6593, 3.7065 0.235 1.673, 3.706 0.235 1.6729, 3.706 0.1921 1.6729, 3.7065 0.1921 1.673, 3.706 0.2245 1.6729, 3.7011 0.1921 1.711, 3.7006 0.1921 1.711, 3.7006 0.2384 1.711, 3.7011 0.2384 1.711, 3.7006 0.2245 1.711, 3.6992 0.2384 1.7247, 3.6987 0.2384 1.7247, 3.6987 0.1766 1.7247, 3.6992 0.1766 1.7247, 3.6987 0.2245 1.7247, 3.7159 0.1766 1.6058, 3.7154 0.1766 1.6057, 3.7154 0.2245 1.6057, 3.7112 0.3387 1.6394, 3.7123 0.3325 1.6318, 3.7136 0.3435 1.6224, 3.7125 0.331 1.6304, 3.7149 0.3308 1.6135, 3.7132 0.3232 1.6251, 3.7156 0.3171 1.6082, 3.7138 0.3132 1.6213, 3.7159 0.2969 1.6058, 3.714 0.2968 1.6193, 3.7159 0.2638 1.6058, 3.714 0.2794 1.6193, 3.6992 0.2638 1.7247, 3.7011 0.2794 1.711, 3.6992 0.2981 1.7247, 3.7011 0.2975 1.711, 3.6995 0.3165 1.7227, 3.7014 0.3131 1.7093, 3.7002 0.3309 1.7175, 3.7019 0.3235 1.7056, 3.7014 0.3435 1.709, 3.7027 0.3322 1.6999, 3.702 0.3478 1.7048, 3.7033 0.3365 1.6955, 3.7035 0.3552 1.6944, 3.7043 0.3409 1.6885, 3.7051 0.3597 1.683, 3.7056 0.344 1.6793, 3.7074 0.3616 1.6668, 3.7074 0.3453 1.6663, 3.7087 0.3611 1.6573, 3.7084 0.345 1.6593, 3.7106 0.3578 1.6437, 3.71 0.3427 1.6483, 3.7123 0.3515 1.6316, 3.7154 0.2969 1.6057, 3.7154 0.2638 1.6057, 3.7131 0.3435 1.6224, 3.7151 0.3171 1.6081, 3.715 0.3189 1.6088, 3.7143 0.3308 1.6134, 3.7118 0.3515 1.6315, 3.7101 0.3578 1.6436, 3.7082 0.3611 1.6572, 3.7069 0.3616 1.6667, 3.7046 0.3597 1.683, 3.703 0.3552 1.6943, 3.7015 0.3478 1.7047, 3.7009 0.3435 1.7089, 3.6987 0.2981 1.7247, 3.6997 0.3309 1.7174, 3.6991 0.3189 1.7218, 3.699 0.3165 1.7226, 3.6987 0.2638 1.7247, 3.7006 0.2975 1.711, 3.7006 0.2794 1.711, 3.7135 0.2794 1.6193, 3.7135 0.2968 1.6193, 3.7118 0.3325 1.6317, 3.712 0.331 1.6303, 3.7127 0.3232 1.625, 3.7132 0.3132 1.6212, 3.7069 0.3453 1.6663, 3.7079 0.345 1.6592, 3.7095 0.3427 1.6482, 3.7107 0.3387 1.6393, 3.7022 0.3322 1.6998, 3.7028 0.3365 1.6954, 3.7038 0.3409 1.6884, 3.7051 0.344 1.6792, 3.7009 0.3131 1.7092, 3.7014 0.3235 1.7055, 3.7014 0.3235 1.7055
            ]
        }
        coordIndex [
            0,1,2,-1,2,1,3,-1,4,0,5,-1,5,0,2,-1,6,4,7,-1,7,4,5,-1,8,6,9,-1,9,6,7,-1,10,8,11,-1,11,8,9,-1,1,10,3,-1,3,10,11,-1,6,8,4,-1,4,8,10,-1,4,10,0,-1,0,10,1,-1,12,13,14,-1,12,14,15,-1,15,14,16,-1,15,16,17,-1,17,16,18,-1,17,18,19,-1,20,19,21,-1,21,19,18,-1,20,21,22,-1,20,22,23,-1,23,22,24,-1,23,24,25,-1,25,24,26,-1,25,26,27,-1,27,26,28,-1,27,28,29,-1,29,28,30,-1,29,30,31,-1,31,30,32,-1,31,32,33,-1,33,32,34,-1,33,34,35,-1,35,34,36,-1,35,36,37,-1,37,36,38,-1,37,38,39,-1,39,38,40,-1,39,40,41,-1,41,40,42,-1,41,42,43,-1,43,42,44,-1,43,44,45,-1,45,44,46,-1,45,46,47,-1,47,46,48,-1,47,48,49,-1,49,48,50,-1,49,50,51,-1,51,50,52,-1,51,52,53,-1,53,52,54,-1,53,54,55,-1,55,54,56,-1,55,56,57,-1,57,56,58,-1,57,58,59,-1,59,58,60,-1,59,60,61,-1,61,60,62,-1,61,62,63,-1,63,62,64,-1,63,64,65,-1,66,65,67,-1,67,65,64,-1,68,69,70,-1,66,67,71,-1,66,71,72,-1,72,71,73,-1,72,73,70,-1,70,73,74,-1,70,74,68,-1,69,68,75,-1,69,75,76,-1,75,77,76,-1,76,77,78,-1,76,78,79,-1,79,78,80,-1,79,80,81,-1,81,80,82,-1,81,82,83,-1,83,82,84,-1,83,84,85,-1,85,84,86,-1,85,86,87,-1,86,88,87,-1,87,88,89,-1,87,89,90,-1,90,89,91,-1,90,91,92,-1,92,91,93,-1,92,93,94,-1,94,93,95,-1,94,95,96,-1,95,97,96,-1,96,97,98,-1,96,98,99,-1,99,98,100,-1,99,100,101,-1,101,100,102,-1,101,102,103,-1,103,102,104,-1,103,104,105,-1,105,104,106,-1,105,106,107,-1,107,106,13,-1,107,13,12,-1,63,65,66,-1,53,55,76,-1,45,47,85,-1,76,55,69,-1,85,47,83,-1,63,66,61,-1,76,79,53,-1,53,79,81,-1,53,81,51,-1,51,81,83,-1,51,83,49,-1,49,83,47,-1,55,57,69,-1,69,57,59,-1,69,59,70,-1,70,59,61,-1,70,61,72,-1,72,61,66,-1,92,43,90,-1,90,43,45,-1,90,45,87,-1,87,45,85,-1,19,20,17,-1,17,20,23,-1,17,23,15,-1,15,23,25,-1,15,25,12,-1,12,25,27,-1,12,27,107,-1,107,27,29,-1,107,29,105,-1,105,29,31,-1,105,31,103,-1,103,31,33,-1,103,33,101,-1,101,33,35,-1,101,35,99,-1,99,35,37,-1,99,37,96,-1,96,37,94,-1,94,37,39,-1,94,39,92,-1,92,39,41,-1,92,41,43,-1,108,109,110,-1,110,109,111,-1,112,113,114,-1,114,113,108,-1,114,108,110,-1,115,113,116,-1,116,113,112,-1,117,118,119,-1,119,118,115,-1,119,115,116,-1,120,118,121,-1,121,118,117,-1,122,123,124,-1,124,123,120,-1,124,120,121,-1,125,123,126,-1,126,123,122,-1,127,128,129,-1,129,128,125,-1,129,125,126,-1,130,128,131,-1,131,128,127,-1,132,133,134,-1,134,133,130,-1,134,130,131,-1,135,133,136,-1,136,133,132,-1,111,109,137,-1,137,109,135,-1,137,135,136,-1,135,109,108,-1,108,113,135,-1,135,113,115,-1,135,115,133,-1,128,130,125,-1,125,130,133,-1,125,133,123,-1,123,133,115,-1,123,115,120,-1,120,115,118,-1,138,139,140,-1,140,139,141,-1,140,141,142,-1,142,141,143,-1,142,143,144,-1,144,143,145,-1,144,145,146,-1,146,145,147,-1,146,147,148,-1,148,147,149,-1,148,149,150,-1,150,149,151,-1,150,151,152,-1,152,151,153,-1,152,153,154,-1,154,153,155,-1,154,155,156,-1,156,155,157,-1,156,157,158,-1,158,157,159,-1,158,159,160,-1,160,159,161,-1,160,161,162,-1,162,161,163,-1,162,163,164,-1,164,163,165,-1,164,165,166,-1,166,165,167,-1,166,167,168,-1,168,167,169,-1,168,169,170,-1,170,169,171,-1,170,171,172,-1,172,171,138,-1,172,138,140,-1,146,148,173,-1,173,148,174,-1,175,140,142,-1,146,173,176,-1,146,176,144,-1,144,176,177,-1,144,177,142,-1,142,177,178,-1,142,178,175,-1,140,175,179,-1,140,179,172,-1,172,179,180,-1,172,180,170,-1,170,180,181,-1,170,181,168,-1,168,181,182,-1,168,182,166,-1,166,182,183,-1,166,183,164,-1,164,183,184,-1,164,184,162,-1,162,184,185,-1,162,185,160,-1,160,185,186,-1,160,186,158,-1,187,152,154,-1,158,186,188,-1,158,188,156,-1,156,188,189,-1,156,189,154,-1,154,189,190,-1,154,190,187,-1,150,152,191,-1,191,152,187,-1,148,150,174,-1,174,150,191,-1,153,151,192,-1,192,151,193,-1,151,149,193,-1,193,149,194,-1,149,147,194,-1,194,147,195,-1,139,196,197,-1,139,197,141,-1,141,197,198,-1,141,198,143,-1,143,198,199,-1,143,199,145,-1,145,199,195,-1,145,195,147,-1,167,200,201,-1,167,201,169,-1,169,201,202,-1,169,202,171,-1,171,202,203,-1,171,203,138,-1,138,203,196,-1,138,196,139,-1,159,204,205,-1,159,205,161,-1,161,205,206,-1,161,206,163,-1,163,206,207,-1,163,207,165,-1,165,207,200,-1,165,200,167,-1,153,192,208,-1,153,208,155,-1,155,208,209,-1,155,209,157,-1,157,209,204,-1,157,204,159,-1,
        ]
    }
}
Shape{
    appearance Appearance {
        material  Material 	{
            diffuseColor 0.2235294117647059 0.2235294117647059 0.2235294117647059
            specularColor 0.11372549019607843 0.11372549019607843 0.11372549019607843
            ambientIntensity 0.2
            transparency 0
            shininess 0.5
        }
    }
    geometry IndexedFaceSet {
        ccw TRUE
        solid FALSE
        coord DEF co Coordinate {
            point [
                3.7006 0.2794 1.711, 3.7135 0.2794 1.6193, 3.7006 0.2975 1.711, 3.7135 0.2968 1.6193, 3.7132 0.3132 1.6212, 3.7127 0.3232 1.625, 3.712 0.331 1.6303, 3.7118 0.3325 1.6317, 3.7079 0.345 1.6592, 3.7069 0.3453 1.6663, 3.7051 0.344 1.6792, 3.7038 0.3409 1.6884, 3.7028 0.3365 1.6954, 3.7022 0.3322 1.6998, 3.7009 0.3131 1.7092, 3.7014 0.3235 1.7055, 3.7107 0.3387 1.6393, 3.7095 0.3427 1.6482, 3.7095 0.3427 1.6482
            ]
        }
        coordIndex [
            0,1,2,-1,2,1,3,-1,2,3,4,-1,4,5,2,-1,2,5,6,-1,2,6,7,-1,8,9,2,-1,2,9,10,-1,2,10,11,-1,11,12,2,-1,2,12,13,-1,2,13,14,-1,14,13,15,-1,7,16,2,-1,2,16,17,-1,2,17,8,-1,
        ]
    }
}
Shape{
    appearance Appearance {
        material  Material 	{
            diffuseColor 1.0 1.0 1.0
            specularColor 0.5019607843137255 0.5019607843137255 0.5019607843137255
            ambientIntensity 0.2
            transparency 0
            shininess 0.5
        }
    }
    geometry IndexedFaceSet {
        ccw TRUE
        solid FALSE
        coord DEF co Coordinate {
            point [
                3.7095 0.4019 1.6518, 3.7114 0.397 1.6383, 3.7095 0.4422 1.6518, 3.7114 0.447 1.6383, 3.7025 0.4198 1.7012, 3.6992 0.414 1.7247, 3.7159 0.3683 1.6058, 3.7159 0.3854 1.6058, 3.702 0.4209 1.7047, 3.7014 0.4218 1.7095, 3.6992 0.4306 1.7247, 3.7014 0.4222 1.7095, 3.7021 0.4231 1.7045, 3.7025 0.424 1.7012, 3.7159 0.4764 1.6058, 3.7159 0.4592 1.6058, 3.6987 0.4306 1.7247, 3.7154 0.4764 1.6057, 3.6987 0.414 1.7247, 3.7154 0.3683 1.6057, 3.7028 0.4029 1.6957, 3.7154 0.3854 1.6057, 3.7109 0.397 1.6382, 3.7109 0.447 1.6382, 3.7109 0.4029 1.6382, 3.7154 0.4592 1.6057, 3.709 0.4019 1.6517, 3.709 0.4422 1.6517, 3.702 0.424 1.7011, 3.7008 0.4222 1.7094, 3.7016 0.4231 1.7044, 3.7008 0.4218 1.7094, 3.702 0.4198 1.7011, 3.7015 0.4209 1.7047, 3.7015 0.4209 1.7047
            ]
        }
        coordIndex [
            0,1,2,-1,2,1,3,-1,4,5,0,-1,0,5,6,-1,0,6,1,-1,1,6,7,-1,4,8,5,-1,5,8,9,-1,5,9,10,-1,10,9,11,-1,10,11,12,-1,12,13,10,-1,10,13,2,-1,10,2,14,-1,14,2,3,-1,14,3,15,-1,10,14,16,-1,16,14,17,-1,5,10,18,-1,18,10,16,-1,19,6,20,-1,20,6,5,-1,20,5,18,-1,7,6,21,-1,21,6,19,-1,1,7,22,-1,22,7,21,-1,23,3,24,-1,24,3,1,-1,24,1,22,-1,15,3,25,-1,25,3,23,-1,14,15,17,-1,17,15,25,-1,0,2,26,-1,26,2,27,-1,2,13,27,-1,27,13,28,-1,11,29,30,-1,11,30,12,-1,12,30,28,-1,12,28,13,-1,11,9,29,-1,29,9,31,-1,4,32,33,-1,4,33,8,-1,8,33,31,-1,8,31,9,-1,4,0,32,-1,32,0,26,-1,
        ]
    }
}
Shape{
    appearance Appearance {
        material  Material 	{
            diffuseColor 0.2235294117647059 0.2235294117647059 0.2235294117647059
            specularColor 0.11372549019607843 0.11372549019607843 0.11372549019607843
            ambientIntensity 0.2
            transparency 0
            shininess 0.5
        }
    }
    geometry IndexedFaceSet {
        ccw TRUE
        solid FALSE
        coord DEF co Coordinate {
            point [
                3.7008 0.4222 1.7094, 3.7008 0.4218 1.7094, 3.7016 0.4231 1.7044, 3.7015 0.4209 1.7047, 3.702 0.424 1.7011, 3.702 0.4198 1.7011, 3.709 0.4422 1.6517, 3.709 0.4019 1.6517, 3.709 0.4019 1.6517
            ]
        }
        coordIndex [
            0,1,2,-1,2,1,3,-1,2,3,4,-1,4,3,5,-1,4,5,6,-1,6,5,7,-1,
        ]
    }
}
Shape{
    appearance Appearance {
        material  Material 	{
            diffuseColor 1.0 1.0 1.0
            specularColor 0.5019607843137255 0.5019607843137255 0.5019607843137255
            ambientIntensity 0.2
            transparency 0
            shininess 0.5
        }
    }
    geometry IndexedFaceSet {
        ccw TRUE
        solid FALSE
        coord DEF co Coordinate {
            point [
                3.7405 0.0589 1.4307, 3.7424 0.0589 1.4171, 3.74 0.0589 1.4306, 3.7419 0.0589 1.417, 3.7405 0.0099 1.4307, 3.74 0.0099 1.4306, 3.7349 0.0099 1.4707, 3.7344 0.0099 1.4706, 3.7349 0.0528 1.4707, 3.7344 0.0528 1.4706, 3.733 0.0528 1.4843, 3.7325 0.0528 1.4842, 3.733 0.0099 1.4843, 3.7325 0.0099 1.4842, 3.7277 0.0099 1.5224, 3.7272 0.0099 1.5223, 3.7277 0.0562 1.5224, 3.7272 0.0562 1.5223, 3.7257 0.0562 1.536, 3.7252 0.0562 1.536, 3.7257 -0.0056 1.536, 3.7252 -0.0056 1.536, 3.7424 -0.0056 1.4171, 3.7419 -0.0056 1.417, 3.7406 0.1268 1.4302, 3.7406 0.1272 1.4302, 3.7387 0.1262 1.4439, 3.7377 0.1272 1.4506, 3.7348 0.1423 1.4718, 3.7376 0.1272 1.4516, 3.7365 0.1272 1.4597, 3.7424 0.1272 1.4171, 3.7424 0.1423 1.4171, 3.7374 0.0946 1.4533, 3.7371 0.0982 1.455, 3.7358 0.09 1.4647, 3.7394 0.124 1.4386, 3.74 0.1208 1.4343, 3.7411 0.1245 1.4267, 3.7403 0.1189 1.4324, 3.7418 0.1197 1.4216, 3.7407 0.1146 1.4296, 3.7423 0.1144 1.4181, 3.7409 0.1101 1.4279, 3.7426 0.1083 1.416, 3.741 0.1044 1.4273, 3.7427 0.1005 1.4151, 3.7409 0.0994 1.4279, 3.7426 0.0915 1.4161, 3.7408 0.096 1.4291, 3.7423 0.0858 1.4183, 3.7405 0.093 1.4312, 3.7418 0.0807 1.4218, 3.7403 0.0917 1.4324, 3.7354 0.1018 1.4676, 3.7368 0.1071 1.4571, 3.7349 0.1272 1.4711, 3.7376 0.0926 1.4518, 3.7362 0.0838 1.4614, 3.7379 0.0908 1.4496, 3.7368 0.0792 1.4574, 3.7383 0.0895 1.4468, 3.7375 0.076 1.4526, 3.7388 0.0887 1.4434, 3.7382 0.0741 1.4472, 3.7391 0.0886 1.4411, 3.7393 0.0733 1.4398, 3.7396 0.089 1.4376, 3.7402 0.0741 1.4331, 3.7399 0.09 1.4349, 3.7409 0.0759 1.4281, 3.7416 0.079 1.4235, 3.7313 0.0817 1.4961, 3.7334 0.0817 1.4816, 3.731 0.0868 1.4988, 3.7325 0.0914 1.4878, 3.7304 0.0983 1.5027, 3.7321 0.1008 1.491, 3.7302 0.1113 1.504, 3.7319 0.1099 1.4919, 3.7303 0.1199 1.5033, 3.732 0.1149 1.4914, 3.7306 0.1264 1.5014, 3.7322 0.1184 1.4902, 3.731 0.1314 1.4986, 3.7324 0.1211 1.4885, 3.7315 0.1354 1.4949, 3.7328 0.1234 1.4861, 3.7322 0.1386 1.4902, 3.7332 0.1251 1.483, 3.7331 0.141 1.4836, 3.7339 0.1267 1.4777, 3.7297 0.1113 1.5039, 3.7299 0.0983 1.5026, 3.7305 0.0868 1.4988, 3.7308 0.0817 1.496, 3.7329 0.0817 1.4816, 3.732 0.0914 1.4877, 3.7316 0.1008 1.4909, 3.7314 0.1099 1.4918, 3.7315 0.1149 1.4913, 3.7317 0.1184 1.4901, 3.7319 0.1211 1.4884, 3.7323 0.1234 1.486, 3.7327 0.1251 1.4829, 3.7334 0.1267 1.4776, 3.7344 0.1272 1.471, 3.7348 0.1018 1.4675, 3.7353 0.09 1.4646, 3.7357 0.0838 1.4613, 3.7363 0.0792 1.4573, 3.737 0.076 1.4525, 3.7377 0.0741 1.4471, 3.7387 0.0733 1.4398, 3.7397 0.0741 1.433, 3.7404 0.0759 1.428, 3.741 0.079 1.4234, 3.7413 0.0807 1.4217, 3.7422 0.1005 1.415, 3.7421 0.0918 1.416, 3.7421 0.0915 1.4161, 3.7418 0.0858 1.4182, 3.7421 0.1083 1.4159, 3.7421 0.1087 1.416, 3.7418 0.1144 1.4181, 3.7413 0.1197 1.4216, 3.7406 0.1245 1.4266, 3.7401 0.1268 1.4302, 3.7401 0.1272 1.4302, 3.7419 0.1272 1.417, 3.7419 0.1423 1.417, 3.7343 0.1423 1.4717, 3.7326 0.141 1.4836, 3.7317 0.1386 1.4902, 3.731 0.1354 1.4949, 3.7305 0.1314 1.4986, 3.7301 0.1264 1.5013, 3.7298 0.1199 1.5032, 3.7371 0.0926 1.4518, 3.7369 0.0946 1.4533, 3.7366 0.0982 1.4549, 3.7363 0.1071 1.457, 3.7386 0.0886 1.441, 3.7382 0.0887 1.4434, 3.7378 0.0895 1.4468, 3.7374 0.0908 1.4495, 3.74 0.093 1.4311, 3.7398 0.0917 1.4324, 3.7394 0.09 1.4349, 3.7391 0.089 1.4376, 3.7405 0.1044 1.4273, 3.7404 0.0994 1.4278, 3.7403 0.096 1.4291, 3.7395 0.1208 1.4342, 3.7398 0.1189 1.4324, 3.7402 0.1146 1.4295, 3.7404 0.1101 1.4279, 3.7371 0.1272 1.4515, 3.7372 0.1272 1.4505, 3.7382 0.1262 1.4439, 3.7389 0.124 1.4386, 3.736 0.1272 1.4597, 3.736 0.1272 1.4597
            ]
        }
        coordIndex [
            0,1,2,-1,2,1,3,-1,4,0,5,-1,5,0,2,-1,6,4,7,-1,7,4,5,-1,8,6,9,-1,9,6,7,-1,10,8,11,-1,11,8,9,-1,12,10,13,-1,13,10,11,-1,14,12,15,-1,15,12,13,-1,16,14,17,-1,17,14,15,-1,18,16,19,-1,19,16,17,-1,20,18,21,-1,21,18,19,-1,22,20,23,-1,23,20,21,-1,1,22,3,-1,3,22,23,-1,16,18,14,-1,14,18,20,-1,14,20,12,-1,1,0,22,-1,22,0,4,-1,22,4,6,-1,8,10,6,-1,6,10,12,-1,6,12,22,-1,22,12,20,-1,24,25,26,-1,27,28,29,-1,29,28,30,-1,31,32,25,-1,25,32,28,-1,25,28,26,-1,26,28,27,-1,33,34,35,-1,26,36,24,-1,24,36,37,-1,24,37,38,-1,38,37,39,-1,38,39,40,-1,40,39,41,-1,40,41,42,-1,42,41,43,-1,42,43,44,-1,44,43,45,-1,44,45,46,-1,46,45,47,-1,46,47,48,-1,48,47,49,-1,48,49,50,-1,50,49,51,-1,50,51,52,-1,52,51,53,-1,35,34,54,-1,54,34,55,-1,54,55,56,-1,33,35,57,-1,57,35,58,-1,57,58,59,-1,59,58,60,-1,59,60,61,-1,61,60,62,-1,61,62,63,-1,63,62,64,-1,63,64,65,-1,65,64,66,-1,65,66,67,-1,67,66,68,-1,67,68,69,-1,69,68,70,-1,69,70,53,-1,53,70,71,-1,53,71,52,-1,72,73,74,-1,74,73,75,-1,74,75,76,-1,76,75,77,-1,76,77,78,-1,78,77,79,-1,78,79,80,-1,80,79,81,-1,80,81,82,-1,82,81,83,-1,82,83,84,-1,84,83,85,-1,84,85,86,-1,86,85,87,-1,86,87,88,-1,88,87,89,-1,88,89,90,-1,90,89,91,-1,90,91,28,-1,28,91,56,-1,28,56,30,-1,30,56,55,-1,78,92,93,-1,78,93,76,-1,76,93,94,-1,76,94,74,-1,74,94,95,-1,74,95,72,-1,73,72,96,-1,96,72,95,-1,73,96,97,-1,73,97,75,-1,75,97,98,-1,75,98,77,-1,77,98,99,-1,77,99,79,-1,79,99,100,-1,79,100,81,-1,81,100,101,-1,81,101,83,-1,83,101,102,-1,83,102,85,-1,85,102,103,-1,85,103,87,-1,87,103,104,-1,87,104,89,-1,89,104,105,-1,89,105,91,-1,91,105,106,-1,91,106,56,-1,54,56,107,-1,107,56,106,-1,54,107,108,-1,54,108,35,-1,35,108,109,-1,35,109,58,-1,58,109,110,-1,58,110,60,-1,60,110,111,-1,60,111,62,-1,62,111,112,-1,62,112,64,-1,64,112,113,-1,64,113,66,-1,66,113,114,-1,66,114,68,-1,68,114,115,-1,68,115,70,-1,70,115,116,-1,70,116,71,-1,71,116,117,-1,71,117,52,-1,118,46,119,-1,119,46,48,-1,119,48,120,-1,120,48,50,-1,120,50,121,-1,121,50,52,-1,121,52,117,-1,46,118,122,-1,46,122,44,-1,44,122,123,-1,44,123,42,-1,123,124,42,-1,42,124,125,-1,42,125,40,-1,40,125,126,-1,40,126,38,-1,38,126,127,-1,38,127,24,-1,25,24,128,-1,128,24,127,-1,31,25,129,-1,129,25,128,-1,32,31,130,-1,130,31,129,-1,28,32,131,-1,131,32,130,-1,28,131,132,-1,28,132,90,-1,90,132,133,-1,90,133,88,-1,88,133,134,-1,88,134,86,-1,86,134,135,-1,86,135,84,-1,84,135,136,-1,84,136,82,-1,82,136,137,-1,82,137,80,-1,80,137,92,-1,80,92,78,-1,57,138,139,-1,57,139,33,-1,33,139,140,-1,33,140,34,-1,34,140,141,-1,34,141,55,-1,65,142,143,-1,65,143,63,-1,63,143,144,-1,63,144,61,-1,61,144,145,-1,61,145,59,-1,59,145,138,-1,59,138,57,-1,51,146,147,-1,51,147,53,-1,53,147,148,-1,53,148,69,-1,69,148,149,-1,69,149,67,-1,67,149,142,-1,67,142,65,-1,45,150,151,-1,45,151,47,-1,47,151,152,-1,47,152,49,-1,49,152,146,-1,49,146,51,-1,37,153,154,-1,37,154,39,-1,39,154,155,-1,39,155,41,-1,41,155,156,-1,41,156,43,-1,43,156,150,-1,43,150,45,-1,29,157,158,-1,29,158,27,-1,27,158,159,-1,27,159,26,-1,26,159,160,-1,26,160,36,-1,36,160,153,-1,36,153,37,-1,29,30,157,-1,157,30,161,-1,30,55,161,-1,161,55,141,-1,
        ]
    }
}
Shape{
    appearance Appearance {
        material  Material 	{
            diffuseColor 0.2235294117647059 0.2235294117647059 0.2235294117647059
            specularColor 0.11372549019607843 0.11372549019607843 0.11372549019607843
            ambientIntensity 0.2
            transparency 0
            shininess 0.5
        }
    }
    geometry IndexedFaceSet {
        ccw TRUE
        solid FALSE
        coord DEF co Coordinate {
            point [
                3.7372 0.1272 1.4505, 3.7371 0.1272 1.4515, 3.7371 0.0926 1.4518, 3.736 0.1272 1.4597, 3.7363 0.1071 1.457, 3.7366 0.0982 1.4549, 3.7369 0.0946 1.4533, 3.7382 0.1262 1.4439, 3.7374 0.0908 1.4495, 3.7389 0.124 1.4386, 3.7398 0.0917 1.4324, 3.74 0.093 1.4311, 3.7398 0.1189 1.4324, 3.7394 0.09 1.4349, 3.7402 0.1146 1.4295, 3.7404 0.1101 1.4279, 3.7405 0.1044 1.4273, 3.7378 0.0895 1.4468, 3.7382 0.0887 1.4434, 3.7395 0.1208 1.4342, 3.7386 0.0886 1.441, 3.7391 0.089 1.4376, 3.7403 0.096 1.4291, 3.7404 0.0994 1.4278, 3.7404 0.0994 1.4278
            ]
        }
        coordIndex [
            0,1,2,-1,1,3,4,-1,4,5,1,-1,1,5,6,-1,1,6,2,-1,0,2,7,-1,7,2,8,-1,7,8,9,-1,10,11,12,-1,10,12,13,-1,14,12,15,-1,15,12,16,-1,8,17,9,-1,9,17,18,-1,9,18,19,-1,19,18,20,-1,19,20,12,-1,12,20,21,-1,12,21,13,-1,11,22,12,-1,12,22,23,-1,12,23,16,-1,
        ]
    }
}
Shape{
    appearance Appearance {
        material  Material 	{
            diffuseColor 1.0 1.0 1.0
            specularColor 0.5019607843137255 0.5019607843137255 0.5019607843137255
            ambientIntensity 0.2
            transparency 0
            shininess 0.5
        }
    }
    geometry IndexedFaceSet {
        ccw TRUE
        solid FALSE
        coord DEF co Coordinate {
            point [
                3.7394 0.1627 1.4354, 3.7399 0.1627 1.4355, 3.7403 0.1679 1.4322, 3.741 0.1874 1.4273, 3.7405 0.1874 1.4272, 3.7403 0.1773 1.4284, 3.7408 0.1773 1.4285, 3.7399 0.1696 1.4315, 3.7398 0.1679 1.4321, 3.742 0.1627 1.4201, 3.7415 0.1627 1.42, 3.7425 0.1727 1.4165, 3.7419 0.1696 1.4176, 3.7422 0.1859 1.415, 3.7427 0.1859 1.4151, 3.7421 0.1766 1.416, 3.742 0.1727 1.4164, 3.7426 0.1983 1.4164, 3.7421 0.1955 1.416, 3.742 0.1983 1.4163, 3.7416 0.2065 1.4192, 3.7421 0.2065 1.4192, 3.7413 0.2109 1.4218, 3.7418 0.2109 1.4219, 3.7408 0.2152 1.4255, 3.7413 0.2152 1.4256, 3.7402 0.218 1.4294, 3.7407 0.218 1.4295, 3.7395 0.2199 1.4342, 3.74 0.2199 1.4342, 3.7387 0.2206 1.4401, 3.7392 0.2206 1.4402, 3.7379 0.22 1.4457, 3.7384 0.22 1.4458, 3.7373 0.2184 1.4501, 3.7378 0.2184 1.4502, 3.7367 0.2156 1.4542, 3.7372 0.2156 1.4543, 3.7363 0.212 1.4574, 3.7368 0.212 1.4574, 3.7355 0.202 1.4629, 3.736 0.202 1.4629, 3.7352 0.1962 1.4652, 3.7357 0.1962 1.4653, 3.7346 0.1868 1.4692, 3.7351 0.1868 1.4693, 3.7341 0.1815 1.4725, 3.7347 0.1815 1.4726, 3.7339 0.1801 1.4741, 3.7344 0.1801 1.4742, 3.7336 0.179 1.4761, 3.7341 0.179 1.4762, 3.7333 0.1784 1.4784, 3.7338 0.1784 1.4785, 3.733 0.1783 1.4804, 3.7335 0.1783 1.4805, 3.7327 0.1785 1.4828, 3.7332 0.1785 1.4828, 3.7324 0.1793 1.4848, 3.7329 0.1793 1.4849, 3.7322 0.1806 1.4867, 3.7327 0.1806 1.4868, 3.7319 0.1828 1.4887, 3.7324 0.1828 1.4887, 3.7316 0.1862 1.4904, 3.7321 0.1862 1.4905, 3.7315 0.1902 1.4915, 3.732 0.1902 1.4916, 3.7314 0.1947 1.4918, 3.7319 0.1947 1.4919, 3.7316 0.2052 1.4906, 3.7321 0.2052 1.4906, 3.7321 0.2137 1.4873, 3.7326 0.2137 1.4874, 3.7323 0.2165 1.4857, 3.7328 0.2165 1.4858, 3.7308 0.2165 1.5002, 3.7303 0.2165 1.5002, 3.7298 0.2058 1.5032, 3.7303 0.2058 1.5032, 3.7297 0.1962 1.5039, 3.7302 0.1962 1.504, 3.7299 0.1847 1.5026, 3.7304 0.1847 1.5027, 3.7303 0.1765 1.4997, 3.7308 0.1765 1.4997, 3.7307 0.1724 1.4972, 3.7312 0.1724 1.4972, 3.7317 0.1679 1.4933, 3.731 0.1696 1.4947, 3.7312 0.1679 1.4932, 3.7318 0.1651 1.4892, 3.7323 0.1651 1.4893, 3.7325 0.1633 1.4844, 3.733 0.1633 1.4845, 3.7332 0.1627 1.4791, 3.7337 0.1627 1.4791, 3.734 0.1634 1.4733, 3.7345 0.1634 1.4733, 3.7347 0.1651 1.4687, 3.7352 0.1651 1.4688, 3.7351 0.167 1.4656, 3.7356 0.167 1.4657, 3.7367 0.1855 1.4544, 3.7372 0.1855 1.4544, 3.7366 0.1766 1.4585, 3.7355 0.1695 1.4631, 3.736 0.1695 1.4631, 3.7355 0.1696 1.463, 3.7361 0.1766 1.4584, 3.7373 0.1954 1.4503, 3.7378 0.1954 1.4503, 3.7378 0.2013 1.4468, 3.7383 0.2013 1.4468, 3.738 0.2032 1.4448, 3.7385 0.2032 1.4449, 3.7383 0.2043 1.4429, 3.7388 0.2043 1.4429, 3.7386 0.205 1.4405, 3.7391 0.205 1.4406, 3.7389 0.2051 1.4387, 3.7394 0.2051 1.4388, 3.7393 0.2048 1.4358, 3.7398 0.2048 1.4359, 3.7396 0.2041 1.4337, 3.7401 0.2041 1.4338, 3.7399 0.2028 1.4318, 3.7404 0.2028 1.4319, 3.7401 0.201 1.4303, 3.7406 0.201 1.4304, 3.7402 0.1997 1.4295, 3.7407 0.1997 1.4295, 3.7404 0.1958 1.4281, 3.7409 0.1958 1.4281, 3.7405 0.1881 1.4272, 3.741 0.1881 1.4273, 3.7305 0.2952 1.5021, 3.7305 0.3108 1.5021, 3.73 0.2952 1.502, 3.73 0.3108 1.502, 3.7395 0.2717 1.4381, 3.739 0.2717 1.438, 3.7396 0.2706 1.4341, 3.7401 0.2706 1.4341, 3.74 0.2699 1.4311, 3.7405 0.2699 1.4312, 3.7405 0.2695 1.4312, 3.74 0.2695 1.4311, 3.7395 0.2677 1.4382, 3.739 0.2677 1.4381, 3.73 0.2452 1.502, 3.7305 0.2452 1.5021, 3.7329 0.2525 1.4813, 3.7305 0.2284 1.5021, 3.73 0.2284 1.502, 3.7419 0.2621 1.4172, 3.7424 0.2621 1.4173, 3.7385 0.2525 1.4413, 3.7441 0.2555 1.4018, 3.7446 0.2555 1.4018, 3.7421 0.2616 1.416, 3.7448 0.2525 1.3964, 3.7453 0.2525 1.3965, 3.7448 0.2525 1.3964, 3.7458 0.2497 1.3934, 3.7453 0.2497 1.3933, 3.7455 0.247 1.3914, 3.746 0.247 1.3915, 3.7457 0.2437 1.3902, 3.7462 0.2437 1.3903, 3.7458 0.2401 1.3898, 3.7463 0.2401 1.3899, 3.7457 0.2346 1.3905, 3.7462 0.2346 1.3906, 3.7455 0.2315 1.3915, 3.746 0.2315 1.3916, 3.7479 0.2315 1.3783, 3.7474 0.2315 1.3782, 3.7475 0.2379 1.3771, 3.7481 0.2379 1.3772, 3.7476 0.2412 1.377, 3.7481 0.2412 1.3771, 3.7475 0.2473 1.3777, 3.7472 0.2525 1.3797, 3.7477 0.2532 1.38, 3.748 0.2473 1.3778, 3.7472 0.2532 1.38, 3.7466 0.2585 1.3836, 3.7471 0.2585 1.3837, 3.7465 0.2595 1.3845, 3.747 0.2595 1.3846, 3.7456 0.265 1.3911, 3.7461 0.265 1.3911, 3.7437 0.2718 1.4042, 3.7443 0.2718 1.4043, 3.7421 0.2765 1.416, 3.7405 0.3916 1.4307, 3.7424 0.3916 1.4171, 3.74 0.3916 1.4306, 3.7419 0.3916 1.417, 3.74 0.3425 1.4306, 3.7405 0.3425 1.4307, 3.74 0.365 1.4306, 3.7349 0.3425 1.4707, 3.7344 0.3425 1.4706, 3.7344 0.3854 1.4706, 3.7349 0.3854 1.4707, 3.7344 0.365 1.4706, 3.733 0.3854 1.4843, 3.7325 0.3854 1.4842, 3.7325 0.3425 1.4842, 3.733 0.3425 1.4843, 3.7325 0.365 1.4842, 3.7277 0.3425 1.5224, 3.7272 0.3425 1.5223, 3.7272 0.3888 1.5223, 3.7277 0.3888 1.5224, 3.7272 0.365 1.5223, 3.7257 0.3888 1.536, 3.7252 0.3888 1.536, 3.7252 0.327 1.536, 3.7257 0.327 1.536, 3.7252 0.365 1.536, 3.7424 0.327 1.4171, 3.7419 0.327 1.417, 3.7419 0.365 1.417, 3.7377 0.4891 1.4507, 3.7388 0.4829 1.4431, 3.7401 0.4939 1.4338, 3.739 0.4814 1.4417, 3.7414 0.4812 1.4248, 3.7397 0.4736 1.4364, 3.7421 0.4675 1.4195, 3.7403 0.4637 1.4326, 3.7424 0.4473 1.4171, 3.7405 0.4472 1.4307, 3.7424 0.4143 1.4171, 3.7405 0.4298 1.4307, 3.7257 0.4143 1.536, 3.7277 0.4298 1.5224, 3.7257 0.4485 1.536, 3.7277 0.4479 1.5224, 3.726 0.4669 1.534, 3.7279 0.4635 1.5206, 3.7268 0.4814 1.5288, 3.7284 0.4739 1.5169, 3.7279 0.4939 1.5203, 3.7292 0.4826 1.5112, 3.7285 0.4982 1.5161, 3.7298 0.4869 1.5068, 3.73 0.5057 1.5057, 3.7308 0.4913 1.4998, 3.7316 0.5101 1.4944, 3.7321 0.4944 1.4906, 3.7339 0.512 1.4781, 3.7339 0.4957 1.4777, 3.7352 0.5115 1.4686, 3.7349 0.4954 1.4706, 3.7371 0.5082 1.455, 3.7365 0.4931 1.4596, 3.7388 0.5019 1.4429, 3.7419 0.4473 1.417, 3.7419 0.4143 1.417, 3.7416 0.4675 1.4195, 3.7409 0.4812 1.4247, 3.7396 0.4939 1.4337, 3.7383 0.5019 1.4428, 3.7366 0.5082 1.4549, 3.7347 0.5115 1.4685, 3.7334 0.512 1.478, 3.7311 0.5101 1.4943, 3.7295 0.5057 1.5056, 3.728 0.4982 1.516, 3.7274 0.4939 1.5202, 3.7262 0.4814 1.5287, 3.7255 0.4669 1.534, 3.7252 0.4485 1.536, 3.7252 0.4143 1.536, 3.7272 0.4479 1.5223, 3.7272 0.4298 1.5223, 3.74 0.4298 1.4306, 3.74 0.4472 1.4306, 3.7383 0.4829 1.443, 3.7385 0.4814 1.4416, 3.7392 0.4736 1.4363, 3.7398 0.4637 1.4325, 3.7334 0.4957 1.4776, 3.7344 0.4954 1.4706, 3.736 0.4931 1.4595, 3.7372 0.4891 1.4506, 3.7287 0.4826 1.5111, 3.7293 0.4869 1.5067, 3.7303 0.4913 1.4998, 3.7316 0.4944 1.4905, 3.7274 0.4635 1.5206, 3.7279 0.4739 1.5168, 3.7279 0.4739 1.5168
            ]
        }
        coordIndex [
            0,1,2,-1,3,4,5,-1,3,5,6,-1,6,5,7,-1,6,7,2,-1,2,7,8,-1,2,8,0,-1,9,1,10,-1,10,1,0,-1,11,9,12,-1,12,9,10,-1,13,14,15,-1,15,14,11,-1,15,11,16,-1,16,11,12,-1,17,14,18,-1,18,14,13,-1,18,19,17,-1,17,19,20,-1,17,20,21,-1,21,20,22,-1,21,22,23,-1,23,22,24,-1,23,24,25,-1,25,24,26,-1,25,26,27,-1,27,26,28,-1,27,28,29,-1,29,28,30,-1,29,30,31,-1,31,30,32,-1,31,32,33,-1,33,32,34,-1,33,34,35,-1,35,34,36,-1,35,36,37,-1,37,36,38,-1,37,38,39,-1,39,38,40,-1,39,40,41,-1,41,40,42,-1,41,42,43,-1,43,42,44,-1,43,44,45,-1,45,44,46,-1,45,46,47,-1,47,46,48,-1,47,48,49,-1,49,48,50,-1,49,50,51,-1,51,50,52,-1,51,52,53,-1,53,52,54,-1,53,54,55,-1,55,54,56,-1,55,56,57,-1,57,56,58,-1,57,58,59,-1,59,58,60,-1,59,60,61,-1,61,60,62,-1,61,62,63,-1,63,62,64,-1,63,64,65,-1,65,64,66,-1,65,66,67,-1,67,66,68,-1,67,68,69,-1,69,68,70,-1,69,70,71,-1,71,70,72,-1,71,72,73,-1,73,72,74,-1,73,74,75,-1,76,75,77,-1,77,75,74,-1,76,77,78,-1,76,78,79,-1,79,78,80,-1,79,80,81,-1,81,80,82,-1,81,82,83,-1,83,82,84,-1,83,84,85,-1,85,84,86,-1,85,86,87,-1,88,87,89,-1,89,87,86,-1,89,90,88,-1,88,90,91,-1,88,91,92,-1,92,91,93,-1,92,93,94,-1,94,93,95,-1,94,95,96,-1,96,95,97,-1,96,97,98,-1,98,97,99,-1,98,99,100,-1,100,99,101,-1,100,101,102,-1,103,104,105,-1,102,101,106,-1,102,106,107,-1,107,106,108,-1,107,108,105,-1,105,108,109,-1,105,109,103,-1,104,103,110,-1,104,110,111,-1,111,110,112,-1,111,112,113,-1,113,112,114,-1,113,114,115,-1,115,114,116,-1,115,116,117,-1,117,116,118,-1,117,118,119,-1,119,118,120,-1,119,120,121,-1,121,120,122,-1,121,122,123,-1,123,122,124,-1,123,124,125,-1,125,124,126,-1,125,126,127,-1,127,126,128,-1,127,128,129,-1,129,128,130,-1,129,130,131,-1,131,130,132,-1,131,132,133,-1,133,132,134,-1,133,134,135,-1,135,134,4,-1,135,4,3,-1,61,63,85,-1,85,63,83,-1,111,43,104,-1,104,43,45,-1,14,3,11,-1,11,3,6,-1,11,6,9,-1,9,6,2,-1,9,2,1,-1,63,65,83,-1,83,65,67,-1,83,67,81,-1,81,67,69,-1,81,69,79,-1,79,69,71,-1,79,71,76,-1,76,71,73,-1,76,73,75,-1,21,23,127,-1,127,23,25,-1,127,25,125,-1,125,25,27,-1,125,27,123,-1,123,27,29,-1,123,29,121,-1,121,29,31,-1,121,31,119,-1,119,31,33,-1,119,33,117,-1,117,33,35,-1,117,35,115,-1,115,35,37,-1,115,37,113,-1,113,37,39,-1,113,39,111,-1,111,39,41,-1,111,41,43,-1,127,129,21,-1,21,129,131,-1,21,131,17,-1,17,131,133,-1,17,133,14,-1,14,133,135,-1,14,135,3,-1,85,87,61,-1,61,87,88,-1,61,88,59,-1,59,88,92,-1,59,92,57,-1,57,92,94,-1,57,94,55,-1,55,94,96,-1,55,96,53,-1,53,96,98,-1,53,98,51,-1,51,98,100,-1,51,100,49,-1,49,100,102,-1,49,102,47,-1,47,102,107,-1,47,107,45,-1,45,107,105,-1,45,105,104,-1,136,137,138,-1,138,137,139,-1,140,136,141,-1,141,136,138,-1,140,141,142,-1,140,142,143,-1,143,142,144,-1,143,144,145,-1,146,145,147,-1,147,145,144,-1,148,146,149,-1,149,146,147,-1,150,151,152,-1,152,151,148,-1,152,148,149,-1,153,151,154,-1,154,151,150,-1,155,156,157,-1,157,156,153,-1,157,153,154,-1,158,159,160,-1,160,159,156,-1,160,156,155,-1,159,158,161,-1,159,161,162,-1,162,161,163,-1,162,163,164,-1,163,165,164,-1,164,165,166,-1,164,166,167,-1,167,166,168,-1,167,168,169,-1,169,168,170,-1,169,170,171,-1,171,170,172,-1,171,172,173,-1,173,172,174,-1,173,174,175,-1,176,175,177,-1,177,175,174,-1,176,177,178,-1,176,178,179,-1,179,178,180,-1,179,180,181,-1,181,180,182,-1,183,184,182,-1,182,184,185,-1,182,185,181,-1,183,186,184,-1,184,186,187,-1,184,187,188,-1,188,187,189,-1,188,189,190,-1,190,189,191,-1,190,191,192,-1,192,191,193,-1,192,193,194,-1,139,137,195,-1,195,137,194,-1,195,194,193,-1,143,145,194,-1,137,136,194,-1,194,136,140,-1,194,140,143,-1,151,153,148,-1,148,153,156,-1,148,156,146,-1,192,162,190,-1,190,162,164,-1,175,176,173,-1,173,176,179,-1,173,179,171,-1,171,179,181,-1,171,181,169,-1,169,181,185,-1,169,185,167,-1,167,185,184,-1,167,184,164,-1,164,184,188,-1,164,188,190,-1,145,146,194,-1,194,146,156,-1,194,156,192,-1,192,156,159,-1,192,159,162,-1,196,197,198,-1,198,197,199,-1,200,201,202,-1,202,201,196,-1,202,196,198,-1,203,201,204,-1,204,201,200,-1,205,206,207,-1,207,206,203,-1,207,203,204,-1,208,206,209,-1,209,206,205,-1,210,211,212,-1,212,211,208,-1,212,208,209,-1,213,211,214,-1,214,211,210,-1,215,216,217,-1,217,216,213,-1,217,213,214,-1,218,216,219,-1,219,216,215,-1,220,221,222,-1,222,221,218,-1,222,218,219,-1,223,221,224,-1,224,221,220,-1,199,197,225,-1,225,197,223,-1,225,223,224,-1,206,208,203,-1,203,208,211,-1,197,196,223,-1,223,196,201,-1,216,218,213,-1,213,218,221,-1,213,221,211,-1,211,221,223,-1,211,223,203,-1,203,223,201,-1,226,227,228,-1,228,227,229,-1,228,229,230,-1,230,229,231,-1,230,231,232,-1,232,231,233,-1,232,233,234,-1,234,233,235,-1,234,235,236,-1,236,235,237,-1,236,237,238,-1,238,237,239,-1,238,239,240,-1,240,239,241,-1,240,241,242,-1,242,241,243,-1,242,243,244,-1,244,243,245,-1,244,245,246,-1,246,245,247,-1,246,247,248,-1,248,247,249,-1,248,249,250,-1,250,249,251,-1,250,251,252,-1,252,251,253,-1,252,253,254,-1,254,253,255,-1,254,255,256,-1,256,255,257,-1,256,257,258,-1,258,257,259,-1,258,259,260,-1,260,259,226,-1,260,226,228,-1,234,236,261,-1,261,236,262,-1,234,261,263,-1,234,263,232,-1,232,263,264,-1,232,264,230,-1,230,264,265,-1,230,265,228,-1,228,265,266,-1,228,266,260,-1,260,266,267,-1,260,267,258,-1,258,267,268,-1,258,268,256,-1,256,268,269,-1,256,269,254,-1,254,269,270,-1,254,270,252,-1,252,270,271,-1,252,271,250,-1,250,271,272,-1,250,272,248,-1,248,272,273,-1,248,273,246,-1,246,273,274,-1,246,274,244,-1,244,274,275,-1,244,275,242,-1,242,275,276,-1,242,276,240,-1,238,240,277,-1,277,240,276,-1,236,238,262,-1,262,238,277,-1,241,239,278,-1,278,239,279,-1,239,237,279,-1,279,237,280,-1,237,235,280,-1,280,235,281,-1,227,282,283,-1,227,283,229,-1,229,283,284,-1,229,284,231,-1,231,284,285,-1,231,285,233,-1,233,285,281,-1,233,281,235,-1,255,286,287,-1,255,287,257,-1,257,287,288,-1,257,288,259,-1,259,288,289,-1,259,289,226,-1,226,289,282,-1,226,282,227,-1,247,290,291,-1,247,291,249,-1,249,291,292,-1,249,292,251,-1,251,292,293,-1,251,293,253,-1,253,293,286,-1,253,286,255,-1,241,278,294,-1,241,294,243,-1,243,294,295,-1,243,295,245,-1,245,295,290,-1,245,290,247,-1,
        ]
    }
}
Shape{
    appearance Appearance {
        material  Material 	{
            diffuseColor 0.2235294117647059 0.2235294117647059 0.2235294117647059
            specularColor 0.11372549019607843 0.11372549019607843 0.11372549019607843
            ambientIntensity 0.2
            transparency 0
            shininess 0.5
        }
    }
    geometry IndexedFaceSet {
        ccw TRUE
        solid FALSE
        coord DEF co Coordinate {
            point [
                3.7272 0.4298 1.5223, 3.74 0.4298 1.4306, 3.7272 0.4479 1.5223, 3.74 0.4472 1.4306, 3.7398 0.4637 1.4325, 3.7392 0.4736 1.4363, 3.7385 0.4814 1.4416, 3.7383 0.4829 1.443, 3.7344 0.4954 1.4706, 3.7334 0.4957 1.4776, 3.7316 0.4944 1.4905, 3.7303 0.4913 1.4998, 3.7293 0.4869 1.5067, 3.7287 0.4826 1.5111, 3.7274 0.4635 1.5206, 3.7279 0.4739 1.5168, 3.7372 0.4891 1.4506, 3.736 0.4931 1.4595, 3.736 0.4931 1.4595
            ]
        }
        coordIndex [
            0,1,2,-1,2,1,3,-1,2,3,4,-1,4,5,2,-1,2,5,6,-1,2,6,7,-1,8,9,2,-1,2,9,10,-1,2,10,11,-1,11,12,2,-1,2,12,13,-1,2,13,14,-1,14,13,15,-1,7,16,2,-1,2,16,17,-1,2,17,8,-1,
        ]
    }
}
Shape{
    appearance Appearance {
        material  Material 	{
            diffuseColor 1.0 1.0 1.0
            specularColor 0.5019607843137255 0.5019607843137255 0.5019607843137255
            ambientIntensity 0.2
            transparency 0
            shininess 0.5
        }
    }
    geometry IndexedFaceSet {
        ccw TRUE
        solid FALSE
        coord DEF co Coordinate {
            point [
                3.736 0.5523 1.4631, 3.7379 0.5474 1.4496, 3.736 0.5926 1.4631, 3.7379 0.5974 1.4496, 3.729 0.5702 1.5125, 3.7257 0.5644 1.536, 3.7424 0.5187 1.4171, 3.7424 0.5358 1.4171, 3.7285 0.5713 1.5161, 3.7279 0.5722 1.5208, 3.7257 0.581 1.536, 3.7279 0.5726 1.5208, 3.7286 0.5736 1.5158, 3.729 0.5745 1.5125, 3.7424 0.6268 1.4171, 3.7424 0.6096 1.4171, 3.7252 0.581 1.536, 3.7419 0.6268 1.417, 3.7252 0.5644 1.536, 3.7419 0.5187 1.417, 3.7419 0.5358 1.417, 3.7374 0.5474 1.4496, 3.7374 0.5974 1.4496, 3.7419 0.6096 1.417, 3.7355 0.5523 1.463, 3.7355 0.5926 1.463, 3.7285 0.5745 1.5124, 3.7274 0.5726 1.5208, 3.7281 0.5736 1.5157, 3.7274 0.5722 1.5208, 3.7285 0.5702 1.5124, 3.728 0.5713 1.516, 3.728 0.5713 1.516
            ]
        }
        coordIndex [
            0,1,2,-1,2,1,3,-1,4,5,0,-1,0,5,6,-1,0,6,1,-1,1,6,7,-1,4,8,5,-1,5,8,9,-1,5,9,10,-1,10,9,11,-1,10,11,12,-1,12,13,10,-1,10,13,2,-1,10,2,14,-1,14,2,3,-1,14,3,15,-1,10,14,16,-1,16,14,17,-1,5,10,18,-1,18,10,16,-1,6,5,19,-1,19,5,18,-1,7,6,20,-1,20,6,19,-1,1,7,21,-1,21,7,20,-1,3,1,22,-1,22,1,21,-1,15,3,23,-1,23,3,22,-1,14,15,17,-1,17,15,23,-1,0,2,24,-1,24,2,25,-1,2,13,25,-1,25,13,26,-1,11,27,28,-1,11,28,12,-1,12,28,26,-1,12,26,13,-1,11,9,27,-1,27,9,29,-1,4,30,31,-1,4,31,8,-1,8,31,29,-1,8,29,9,-1,4,0,30,-1,30,0,24,-1,
        ]
    }
}
Shape{
    appearance Appearance {
        material  Material 	{
            diffuseColor 0.2235294117647059 0.2235294117647059 0.2235294117647059
            specularColor 0.11372549019607843 0.11372549019607843 0.11372549019607843
            ambientIntensity 0.2
            transparency 0
            shininess 0.5
        }
    }
    geometry IndexedFaceSet {
        ccw TRUE
        solid FALSE
        coord DEF co Coordinate {
            point [
                3.7274 0.5726 1.5208, 3.7274 0.5722 1.5208, 3.7281 0.5736 1.5157, 3.728 0.5713 1.516, 3.7285 0.5745 1.5124, 3.7285 0.5702 1.5124, 3.7355 0.5926 1.463, 3.7355 0.5523 1.463, 3.7355 0.5523 1.463
            ]
        }
        coordIndex [
            0,1,2,-1,2,1,3,-1,2,3,4,-1,4,3,5,-1,4,5,6,-1,6,5,7,-1,
        ]
    }
}
Shape{
    appearance Appearance {
        material  Material 	{
            diffuseColor 1.0 1.0 1.0
            specularColor 0.5019607843137255 0.5019607843137255 0.5019607843137255
            ambientIntensity 0.2
            transparency 0
            shininess 0.5
        }
    }
    geometry IndexedFaceSet {
        ccw TRUE
        solid FALSE
        coord DEF co Coordinate {
            point [
                3.7137 -0.5587 1.6219, 3.7123 -0.5397 1.632, 3.7049 -0.5441 1.684, 3.7453 -0.3937 1.3969, 3.7426 -0.3836 1.4157, 3.7397 -0.3786 1.4366, 3.7046 -0.4908 1.6864, 3.7133 -0.4644 1.6247, 3.7095 -0.4513 1.6515, 3.74 -0.496 1.4342, 3.7389 -0.4976 1.4422, 3.7343 -0.5438 1.475, 3.7423 -0.5446 1.4184, 3.7418 -0.5555 1.4216, 3.7327 -0.5624 1.4864, 3.7044 -0.5105 1.6881, 3.7285 -0.2586 1.5165, 3.7222 -0.285 1.5613, 3.7373 -0.3781 1.4539, 3.7305 -0.3995 1.5021, 3.7385 -0.3781 1.4454, 3.749 -0.4238 1.3707, 3.7473 -0.4068 1.3824, 3.741 -0.4926 1.4271, 3.747 -0.5233 1.3847, 3.7448 -0.5361 1.4002, 3.7167 -0.2304 1.6002, 3.7167 -0.2236 1.6002, 3.7103 -0.1886 1.6459, 3.717 -0.2073 1.5982, 3.7105 -0.1844 1.6445, 3.7178 -0.1924 1.5925, 3.7122 -0.159 1.632, 3.715 -0.1358 1.6126, 3.7018 -0.4733 1.7066, 3.7063 -0.4322 1.6741, 3.6994 -0.4533 1.7237, 3.704 -0.4093 1.6907, 3.6976 -0.4324 1.7365, 3.7116 -0.5186 1.6369, 3.7115 -0.5096 1.6374, 3.7044 -0.5007 1.6876, 3.7118 -0.4895 1.6349, 3.7128 -0.4704 1.628, 3.7413 -0.4373 1.4254, 3.742 -0.4419 1.4202, 3.7427 -0.4484 1.4156, 3.75 -0.4428 1.3634, 3.7431 -0.4558 1.4127, 3.7504 -0.4635 1.3609, 3.7432 -0.4644 1.4116, 3.7503 -0.4668 1.3609, 3.7432 -0.4658 1.4117, 3.7499 -0.4869 1.364, 3.743 -0.4735 1.4129, 3.7488 -0.5066 1.3722, 3.7426 -0.4812 1.4162, 3.7419 -0.4877 1.4211, 3.7369 -0.4333 1.4564, 3.738 -0.4313 1.4485, 3.7391 -0.4313 1.4408, 3.7403 -0.4333 1.4327, 3.7372 -0.1356 1.4547, 3.7324 -0.1754 1.4884, 3.7399 -0.1588 1.4353, 3.7339 -0.188 1.4781, 3.7417 -0.1849 1.4226, 3.7348 -0.2031 1.4712, 3.7425 -0.2133 1.4167, 3.7353 -0.2184 1.4683, 3.7425 -0.2637 1.4167, 3.7353 -0.2569 1.4683, 3.7424 -0.2685 1.4175, 3.7378 -0.4972 1.4504, 3.7367 -0.4946 1.4584, 3.7318 -0.5344 1.4932, 3.7357 -0.4902 1.4654, 3.7295 -0.5203 1.5092, 3.7352 -0.4869 1.4689, 3.7278 -0.5028 1.5212, 3.7345 -0.4802 1.4736, 3.7268 -0.4839 1.5284, 3.7341 -0.4727 1.4765, 3.7265 -0.4635 1.5309, 3.734 -0.4644 1.4776, 3.7265 -0.4532 1.5302, 3.7341 -0.4573 1.4768, 3.7273 -0.4325 1.5252, 3.7345 -0.4493 1.474, 3.7286 -0.4144 1.5156, 3.7351 -0.4425 1.4694, 3.736 -0.437 1.4633, 3.7191 -0.1792 1.5833, 3.7206 -0.1694 1.5725, 3.7184 -0.1184 1.5885, 3.7227 -0.1614 1.558, 3.722 -0.1079 1.5627, 3.7249 -0.1574 1.5417, 3.7259 -0.104 1.5351, 3.726 -0.157 1.5342, 3.7301 -0.1079 1.5049, 3.7283 -0.159 1.5177, 3.7339 -0.1186 1.4781, 3.7304 -0.1649 1.5027, 3.7323 -0.1743 1.4895, 3.7009 -0.2347 1.7127, 3.7064 -0.2681 1.6738, 3.7055 -0.2063 1.6801, 3.7096 -0.2488 1.6511, 3.7134 -0.2357 1.6238, 3.7205 -0.5925 1.5733, 3.7225 -0.6486 1.5592, 3.7234 -0.595 1.5528, 3.7236 -0.6488 1.5511, 3.7252 -0.594 1.5397, 3.7283 -0.6447 1.518, 3.7281 -0.5878 1.519, 3.7327 -0.6324 1.4865, 3.7305 -0.5777 1.502, 3.7366 -0.613 1.459, 3.7397 -0.5863 1.4365, 3.6955 -0.393 1.7515, 3.7024 -0.3814 1.7019, 3.6947 -0.3508 1.7566, 3.7019 -0.3499 1.7059, 3.6953 -0.3142 1.7527, 3.7024 -0.321 1.7024, 3.6974 -0.2715 1.7374, 3.7038 -0.2942 1.6922, 3.7061 -0.2702 1.6757, 3.7066 -0.5758 1.6719, 3.7093 -0.6029 1.6529, 3.7155 -0.5733 1.609, 3.7101 -0.6087 1.6475, 3.7178 -0.5851 1.5922, 3.7137 -0.6292 1.6215, 3.718 -0.6428 1.591, 3.7351 -0.2612 1.4691, 3.7413 -0.2817 1.4256, 3.7415 -0.2797 1.4236, 3.7352 -0.2586 1.4685, 3.7421 -0.2742 1.4197, 3.7388 -0.2885 1.4429, 3.7397 -0.2877 1.4366, 3.7405 -0.2854 1.4309, 3.7353 -0.2686 1.4683, 3.7356 -0.2745 1.466, 3.7384 -0.2882 1.4462, 3.7361 -0.2797 1.4623, 3.7366 -0.2832 1.4585, 3.7375 -0.2865 1.4527, 3.7351 -0.262 1.4691, 3.7254 -0.104 1.535, 3.7215 -0.1079 1.5626, 3.7205 -0.1108 1.5698, 3.7178 -0.1184 1.5885, 3.7145 -0.1358 1.6125, 3.7117 -0.159 1.6319, 3.71 -0.1844 1.6444, 3.7098 -0.1886 1.6458, 3.705 -0.2063 1.68, 3.7004 -0.2347 1.7126, 3.6986 -0.2541 1.7257, 3.6969 -0.2715 1.7373, 3.6948 -0.3142 1.7526, 3.6942 -0.3508 1.7566, 3.6989 -0.4533 1.7236, 3.6986 -0.4499 1.7257, 3.6971 -0.4324 1.7364, 3.6949 -0.393 1.7514, 3.7013 -0.4733 1.7066, 3.7041 -0.4908 1.6864, 3.7039 -0.5007 1.6875, 3.7039 -0.5105 1.6881, 3.7044 -0.5441 1.6839, 3.7061 -0.5758 1.6718, 3.7088 -0.6029 1.6529, 3.7096 -0.6087 1.6475, 3.7231 -0.6488 1.5511, 3.7132 -0.6292 1.6214, 3.7175 -0.6428 1.591, 3.7205 -0.6467 1.5698, 3.722 -0.6486 1.5592, 3.7278 -0.6447 1.5179, 3.7322 -0.6324 1.4865, 3.7361 -0.613 1.4589, 3.7392 -0.5863 1.4364, 3.7413 -0.5555 1.4215, 3.7418 -0.5446 1.4183, 3.7421 -0.5436 1.416, 3.7443 -0.5361 1.4001, 3.7465 -0.5233 1.3846, 3.7482 -0.5066 1.3722, 3.7487 -0.4988 1.3689, 3.7494 -0.4869 1.364, 3.7498 -0.4668 1.3609, 3.7498 -0.4635 1.3608, 3.738 -0.3781 1.4454, 3.7495 -0.4428 1.3633, 3.7487 -0.4282 1.3689, 3.7485 -0.4238 1.3706, 3.7468 -0.4068 1.3823, 3.7448 -0.3937 1.3968, 3.7421 -0.3836 1.4156, 3.7421 -0.3835 1.416, 3.7392 -0.3786 1.4365, 3.7368 -0.3781 1.4538, 3.728 -0.2586 1.5164, 3.7217 -0.285 1.5612, 3.73 -0.3995 1.502, 3.7281 -0.4144 1.5155, 3.7268 -0.4325 1.5251, 3.726 -0.4532 1.5302, 3.726 -0.4635 1.5308, 3.7263 -0.4839 1.5283, 3.7273 -0.5028 1.5211, 3.729 -0.5203 1.5091, 3.7312 -0.5344 1.4931, 3.7338 -0.5438 1.475, 3.7322 -0.5624 1.4863, 3.73 -0.5777 1.5019, 3.7276 -0.5878 1.519, 3.7247 -0.594 1.5397, 3.7229 -0.595 1.5528, 3.7205 -0.5929 1.5698, 3.72 -0.5925 1.5733, 3.7173 -0.5851 1.5921, 3.715 -0.5733 1.609, 3.7132 -0.5587 1.6219, 3.7117 -0.5397 1.6319, 3.711 -0.5186 1.6369, 3.711 -0.5096 1.6373, 3.7113 -0.4895 1.6348, 3.7123 -0.4704 1.6279, 3.7128 -0.4644 1.6246, 3.709 -0.4513 1.6514, 3.7058 -0.4322 1.6741, 3.7035 -0.4093 1.6906, 3.7019 -0.3814 1.7018, 3.7014 -0.3499 1.7058, 3.7019 -0.321 1.7023, 3.7033 -0.2942 1.6921, 3.7056 -0.2702 1.6756, 3.7059 -0.2681 1.6738, 3.7091 -0.2488 1.651, 3.7129 -0.2357 1.6238, 3.7162 -0.2304 1.6001, 3.7162 -0.2236 1.6001, 3.7165 -0.2073 1.5981, 3.7173 -0.1924 1.5924, 3.7186 -0.1792 1.5833, 3.7201 -0.1694 1.5725, 3.7205 -0.1679 1.5698, 3.7221 -0.1614 1.5579, 3.7244 -0.1574 1.5417, 3.7255 -0.157 1.5342, 3.7278 -0.159 1.5177, 3.7299 -0.1649 1.5026, 3.7318 -0.1743 1.4894, 3.7319 -0.1754 1.4883, 3.7334 -0.188 1.4781, 3.7343 -0.2031 1.4711, 3.7348 -0.2184 1.4682, 3.7348 -0.2569 1.4682, 3.7347 -0.2586 1.4684, 3.7346 -0.2612 1.469, 3.7346 -0.262 1.4691, 3.7348 -0.2686 1.4682, 3.7351 -0.2745 1.4659, 3.7356 -0.2797 1.4622, 3.7361 -0.2832 1.4584, 3.7369 -0.2865 1.4526, 3.7378 -0.2882 1.4462, 3.7383 -0.2885 1.4428, 3.7392 -0.2877 1.4365, 3.74 -0.2854 1.4308, 3.7408 -0.2817 1.4255, 3.741 -0.2797 1.4235, 3.7416 -0.2742 1.4196, 3.7419 -0.2685 1.4174, 3.742 -0.2637 1.4166, 3.742 -0.2133 1.4166, 3.7412 -0.1849 1.4226, 3.7394 -0.1588 1.4352, 3.7367 -0.1356 1.4547, 3.7334 -0.1186 1.4781, 3.7296 -0.1079 1.5049, 3.7334 -0.4644 1.4775, 3.7336 -0.4573 1.4767, 3.7339 -0.4493 1.4739, 3.7346 -0.4425 1.4693, 3.7354 -0.437 1.4633, 3.7364 -0.4333 1.4563, 3.7375 -0.4313 1.4485, 3.7386 -0.4313 1.4407, 3.7398 -0.4333 1.4326, 3.7408 -0.4373 1.4254, 3.7415 -0.4419 1.4202, 3.7421 -0.4484 1.4156, 3.7426 -0.4558 1.4126, 3.7427 -0.4644 1.4116, 3.7427 -0.4658 1.4116, 3.7425 -0.4735 1.4128, 3.7421 -0.4812 1.4161, 3.7414 -0.4877 1.4211, 3.7405 -0.4926 1.4271, 3.7395 -0.496 1.4342, 3.7384 -0.4976 1.4421, 3.7373 -0.4972 1.4503, 3.7361 -0.4946 1.4583, 3.7352 -0.4902 1.4653, 3.7347 -0.4869 1.4688, 3.734 -0.4802 1.4735, 3.7336 -0.4727 1.4764, 3.7336 -0.4727 1.4764
            ]
        }
        coordIndex [
            0,1,2,-1,3,4,5,-1,6,7,8,-1,9,10,11,-1,12,11,13,-1,13,11,14,-1,2,1,15,-1,16,17,18,-1,18,17,19,-1,18,19,20,-1,20,19,21,-1,20,21,5,-1,5,21,22,-1,5,22,3,-1,23,9,24,-1,24,9,11,-1,24,11,25,-1,25,11,12,-1,26,27,28,-1,28,27,29,-1,28,29,30,-1,30,29,31,-1,30,31,32,-1,32,31,33,-1,6,8,34,-1,34,8,35,-1,34,35,36,-1,36,35,37,-1,36,37,38,-1,1,39,15,-1,15,39,40,-1,15,40,41,-1,41,40,42,-1,41,42,6,-1,6,42,43,-1,6,43,7,-1,44,45,21,-1,21,45,46,-1,21,46,47,-1,47,46,48,-1,47,48,49,-1,49,48,50,-1,49,50,51,-1,51,50,52,-1,51,52,53,-1,53,52,54,-1,53,54,55,-1,55,54,56,-1,55,56,24,-1,24,56,57,-1,24,57,23,-1,58,59,19,-1,19,59,60,-1,19,60,21,-1,21,60,61,-1,21,61,44,-1,62,63,64,-1,64,63,65,-1,64,65,66,-1,66,65,67,-1,66,67,68,-1,68,67,69,-1,68,69,70,-1,70,69,71,-1,70,71,72,-1,10,73,11,-1,11,73,74,-1,11,74,75,-1,75,74,76,-1,75,76,77,-1,77,76,78,-1,77,78,79,-1,79,78,80,-1,79,80,81,-1,81,80,82,-1,81,82,83,-1,83,82,84,-1,83,84,85,-1,85,84,86,-1,85,86,87,-1,87,86,88,-1,87,88,89,-1,89,88,90,-1,89,90,19,-1,19,90,91,-1,19,91,58,-1,31,92,33,-1,33,92,93,-1,33,93,94,-1,94,93,95,-1,94,95,96,-1,96,95,97,-1,96,97,98,-1,98,97,99,-1,98,99,100,-1,100,99,101,-1,100,101,102,-1,102,101,103,-1,102,103,62,-1,62,103,104,-1,62,104,63,-1,105,106,107,-1,107,106,108,-1,107,108,28,-1,28,108,109,-1,28,109,26,-1,110,111,112,-1,112,111,113,-1,112,113,114,-1,114,113,115,-1,114,115,116,-1,116,115,117,-1,116,117,118,-1,118,117,119,-1,118,119,14,-1,14,119,120,-1,14,120,13,-1,38,37,121,-1,121,37,122,-1,121,122,123,-1,123,122,124,-1,123,124,125,-1,125,124,126,-1,125,126,127,-1,127,126,128,-1,127,128,105,-1,105,128,129,-1,105,129,106,-1,2,130,0,-1,0,130,131,-1,0,131,132,-1,132,131,133,-1,132,133,134,-1,134,133,135,-1,134,135,110,-1,110,135,136,-1,110,136,111,-1,137,138,139,-1,71,140,72,-1,72,140,137,-1,72,137,141,-1,141,137,139,-1,142,143,137,-1,137,143,144,-1,137,144,138,-1,145,146,147,-1,146,148,147,-1,147,148,149,-1,147,149,150,-1,142,137,147,-1,147,137,151,-1,147,151,145,-1,98,152,153,-1,98,153,96,-1,96,153,154,-1,96,154,94,-1,154,155,94,-1,94,155,156,-1,94,156,33,-1,33,156,157,-1,33,157,32,-1,32,157,158,-1,32,158,30,-1,30,158,159,-1,30,159,28,-1,28,159,160,-1,28,160,107,-1,107,160,161,-1,107,161,105,-1,127,105,162,-1,162,105,161,-1,162,163,127,-1,127,163,164,-1,127,164,125,-1,125,164,165,-1,125,165,123,-1,166,36,167,-1,167,36,38,-1,167,38,168,-1,168,38,121,-1,168,121,169,-1,169,121,123,-1,169,123,165,-1,36,166,170,-1,36,170,34,-1,34,170,171,-1,34,171,6,-1,6,171,172,-1,6,172,41,-1,41,172,173,-1,41,173,15,-1,15,173,174,-1,15,174,2,-1,2,174,175,-1,2,175,130,-1,130,175,176,-1,130,176,131,-1,131,176,177,-1,131,177,133,-1,178,113,111,-1,133,177,179,-1,133,179,135,-1,135,179,180,-1,135,180,136,-1,136,180,181,-1,136,181,111,-1,111,181,182,-1,111,182,178,-1,113,178,183,-1,113,183,115,-1,115,183,184,-1,115,184,117,-1,117,184,185,-1,117,185,119,-1,119,185,186,-1,119,186,120,-1,120,186,187,-1,120,187,13,-1,13,187,188,-1,13,188,12,-1,12,188,189,-1,12,189,25,-1,189,190,25,-1,25,190,191,-1,25,191,24,-1,24,191,192,-1,24,192,55,-1,55,192,193,-1,55,193,53,-1,193,194,53,-1,53,194,195,-1,53,195,51,-1,51,195,196,-1,51,196,49,-1,197,20,5,-1,49,196,198,-1,49,198,47,-1,47,198,199,-1,47,199,21,-1,199,200,21,-1,21,200,201,-1,21,201,22,-1,22,201,202,-1,22,202,3,-1,3,202,203,-1,3,203,4,-1,4,203,204,-1,4,204,5,-1,5,204,205,-1,5,205,197,-1,18,20,206,-1,206,20,197,-1,16,18,207,-1,207,18,206,-1,17,16,208,-1,208,16,207,-1,19,17,209,-1,209,17,208,-1,19,209,210,-1,19,210,89,-1,89,210,211,-1,89,211,87,-1,87,211,212,-1,87,212,85,-1,85,212,213,-1,85,213,83,-1,83,213,214,-1,83,214,81,-1,81,214,215,-1,81,215,79,-1,79,215,216,-1,79,216,77,-1,77,216,217,-1,77,217,75,-1,75,217,218,-1,75,218,11,-1,11,218,219,-1,11,219,14,-1,14,219,220,-1,14,220,118,-1,118,220,221,-1,118,221,116,-1,116,221,222,-1,116,222,114,-1,114,222,223,-1,114,223,112,-1,110,112,224,-1,224,112,223,-1,224,225,110,-1,110,225,226,-1,110,226,134,-1,134,226,227,-1,134,227,132,-1,132,227,228,-1,132,228,0,-1,0,228,229,-1,0,229,1,-1,1,229,230,-1,1,230,39,-1,39,230,231,-1,39,231,40,-1,40,231,232,-1,40,232,42,-1,42,232,233,-1,42,233,43,-1,43,233,234,-1,43,234,7,-1,7,234,235,-1,7,235,8,-1,8,235,236,-1,8,236,35,-1,35,236,237,-1,35,237,37,-1,37,237,238,-1,37,238,122,-1,122,238,239,-1,122,239,124,-1,124,239,240,-1,124,240,126,-1,126,240,241,-1,126,241,128,-1,128,241,242,-1,128,242,129,-1,129,242,243,-1,129,243,106,-1,106,243,244,-1,106,244,108,-1,108,244,245,-1,108,245,109,-1,109,245,246,-1,109,246,26,-1,27,26,247,-1,247,26,246,-1,27,247,248,-1,27,248,29,-1,29,248,249,-1,29,249,31,-1,31,249,250,-1,31,250,92,-1,92,250,251,-1,92,251,93,-1,93,251,252,-1,93,252,95,-1,252,253,95,-1,95,253,254,-1,95,254,97,-1,97,254,255,-1,97,255,99,-1,99,255,256,-1,99,256,101,-1,101,256,257,-1,101,257,103,-1,103,257,258,-1,103,258,104,-1,104,258,259,-1,104,259,63,-1,63,259,260,-1,63,260,65,-1,65,260,261,-1,65,261,67,-1,67,261,262,-1,67,262,69,-1,71,69,263,-1,263,69,262,-1,71,263,264,-1,71,264,140,-1,140,264,265,-1,140,265,137,-1,137,265,266,-1,137,266,151,-1,151,266,267,-1,151,267,145,-1,145,267,268,-1,145,268,146,-1,146,268,269,-1,146,269,148,-1,148,269,270,-1,148,270,149,-1,149,270,271,-1,149,271,150,-1,150,271,272,-1,150,272,147,-1,147,272,273,-1,147,273,142,-1,142,273,274,-1,142,274,143,-1,143,274,275,-1,143,275,144,-1,144,275,276,-1,144,276,138,-1,138,276,277,-1,138,277,139,-1,139,277,278,-1,139,278,141,-1,141,278,279,-1,141,279,72,-1,72,279,280,-1,72,280,70,-1,68,70,281,-1,281,70,280,-1,68,281,282,-1,68,282,66,-1,66,282,283,-1,66,283,64,-1,64,283,284,-1,64,284,62,-1,62,284,285,-1,62,285,102,-1,102,285,286,-1,102,286,100,-1,100,286,152,-1,100,152,98,-1,84,287,288,-1,84,288,86,-1,86,288,289,-1,86,289,88,-1,88,289,290,-1,88,290,90,-1,90,290,291,-1,90,291,91,-1,91,291,292,-1,91,292,58,-1,58,292,293,-1,58,293,59,-1,59,293,294,-1,59,294,60,-1,60,294,295,-1,60,295,61,-1,61,295,296,-1,61,296,44,-1,44,296,297,-1,44,297,45,-1,45,297,298,-1,45,298,46,-1,46,298,299,-1,46,299,48,-1,48,299,300,-1,48,300,50,-1,50,300,301,-1,50,301,52,-1,52,301,302,-1,52,302,54,-1,54,302,303,-1,54,303,56,-1,56,303,304,-1,56,304,57,-1,57,304,305,-1,57,305,23,-1,23,305,306,-1,23,306,9,-1,9,306,307,-1,9,307,10,-1,10,307,308,-1,10,308,73,-1,73,308,309,-1,73,309,74,-1,74,309,310,-1,74,310,76,-1,76,310,311,-1,76,311,78,-1,78,311,312,-1,78,312,80,-1,80,312,313,-1,80,313,82,-1,82,313,287,-1,82,287,84,-1,
        ]
    }
}
Shape{
    appearance Appearance {
        material  Material 	{
            diffuseColor 0.2235294117647059 0.2235294117647059 0.2235294117647059
            specularColor 0.11372549019607843 0.11372549019607843 0.11372549019607843
            ambientIntensity 0.2
            transparency 0
            shininess 0.5
        }
    }
    geometry IndexedFaceSet {
        ccw TRUE
        solid FALSE
        coord DEF co Coordinate {
            point [
                3.7427 -0.4658 1.4116, 3.7347 -0.4869 1.4688, 3.7352 -0.4902 1.4653, 3.7426 -0.4558 1.4126, 3.7421 -0.4484 1.4156, 3.7336 -0.4573 1.4767, 3.7334 -0.4644 1.4775, 3.7336 -0.4727 1.4764, 3.734 -0.4802 1.4735, 3.7395 -0.496 1.4342, 3.7405 -0.4926 1.4271, 3.7414 -0.4877 1.4211, 3.7427 -0.4644 1.4116, 3.7361 -0.4946 1.4583, 3.7373 -0.4972 1.4503, 3.7384 -0.4976 1.4421, 3.7421 -0.4812 1.4161, 3.7425 -0.4735 1.4128, 3.7415 -0.4419 1.4202, 3.7408 -0.4373 1.4254, 3.7398 -0.4333 1.4326, 3.7386 -0.4313 1.4407, 3.7375 -0.4313 1.4485, 3.7364 -0.4333 1.4563, 3.7354 -0.437 1.4633, 3.7346 -0.4425 1.4693, 3.7339 -0.4493 1.4739, 3.7339 -0.4493 1.4739
            ]
        }
        coordIndex [
            0,1,2,-1,3,4,5,-1,6,7,0,-1,0,7,8,-1,0,8,1,-1,9,10,2,-1,2,10,11,-1,6,0,5,-1,5,0,12,-1,5,12,3,-1,13,14,2,-1,2,14,15,-1,2,15,9,-1,11,16,2,-1,2,16,17,-1,2,17,0,-1,4,18,5,-1,5,18,19,-1,5,19,20,-1,20,21,5,-1,5,21,22,-1,5,22,23,-1,23,24,5,-1,5,24,25,-1,5,25,26,-1,
        ]
    }
}