#VRML V2.0 utf8
# 3D model generated by easyeda2kicad.py (https://github.com/uPesy/easyeda2kicad.py)

Shape{
    appearance Appearance {
        material  Material 	{
            diffuseColor 0.7019607843137254 0.4627450980392157 0.3058823529411765
            specularColor 0.050980392156862744 0.03137254901960784 0.023529411764705882
            ambientIntensity 0.2
            transparency 0
            shininess 0.5
        }
    }
    geometry IndexedFaceSet {
        ccw TRUE
        solid FALSE
        coord DEF co Coordinate {
            point [
                1.2598 -0.3069 -0.1772, 1.2598 -0.2169 -0.0936, 1.2598 -0.3423 -0.0917, 1.2598 -0.2326 -0.041, 1.2598 -0.3543 0.0, 1.2598 -0.2358 0.0137, 1.2598 -0.3423 0.0917, 1.2598 -0.2263 0.0677, 1.2598 -0.3069 0.1772, 1.2598 -0.2046 0.1181, 1.2598 -0.2505 0.2505, 1.2598 -0.1718 0.1621, 1.2598 -0.1772 0.3069, 1.2598 -0.1298 0.1974, 1.2598 -0.0917 0.3423, 1.2598 -0.0808 0.222, 1.2598 -0.0 0.3543, 1.2598 0.3069 -0.1772, 1.2598 0.1895 -0.1411, 1.2598 0.2505 -0.2505, 1.2598 0.1518 -0.181, 1.2598 0.1772 -0.3069, 1.2598 0.106 -0.2111, 1.2598 0.0917 -0.3423, 1.2598 0.0545 -0.2299, 1.2598 -0.0 -0.3543, 1.2598 -0.0 -0.2362, 1.2598 -0.0917 -0.3423, 1.2598 -0.0545 -0.2299, 1.2598 -0.1772 -0.3069, 1.2598 -0.106 -0.2111, 1.2598 -0.2505 -0.2505, 1.2598 -0.1518 -0.181, 1.2598 -0.1895 -0.1411, 1.2598 -0.0274 0.2346, 1.2598 0.0274 0.2346, 1.2598 0.0917 0.3423, 1.2598 0.0808 0.222, 1.2598 0.1772 0.3069, 1.2598 0.1298 0.1974, 1.2598 0.2505 0.2505, 1.2598 0.1718 0.1621, 1.2598 0.3069 0.1772, 1.2598 0.2046 0.1181, 1.2598 0.3423 0.0917, 1.2598 0.2263 0.0677, 1.2598 0.3543 -0.0, 1.2598 0.2358 0.0137, 1.2598 0.3423 -0.0917, 1.2598 0.2326 -0.041, 1.2598 0.2169 -0.0936, 0.2389 0.472 0.0203, 0.2314 0.472 0.0194, 0.2244 0.4716 0.0275, -0.0265 0.4653 -0.082, -0.0265 0.4653 -0.082, -0.092 0.4712 -0.0348, 0.0 0.4716 0.0275, -0.092 0.4716 0.0275, 0.0 0.4526 0.1355, -0.092 0.4703 0.0452, -0.1024 0.4703 0.0452, -0.1975 0.4713 0.0325, -0.2135 0.4716 0.0275, -0.1975 0.4705 0.0432, -0.2135 0.4703 0.0452, -0.191 0.4703 0.045, -0.1024 0.4716 0.0275, -0.1437 0.4716 0.0275, -0.1445 0.4716 0.0286, -0.1491 0.4712 0.0348, -0.1521 0.471 0.037, -0.1576 0.4706 0.0412, -0.1579 0.4706 0.0415, -0.1633 0.4704 0.0437, -0.1658 0.4703 0.0448, -0.1697 0.4703 0.0453, -0.1785 0.4701 0.0465, -0.181 0.4702 0.0463, -0.1889 0.4702 0.0456, -0.2548 0.4703 0.0452, -0.2239 0.4711 0.036, -0.2239 0.4716 0.0275, -0.2548 0.4711 0.036, -0.2717 0.4716 0.0275, -0.2717 0.4703 0.0452, -0.2945 0.4703 0.0452, -0.3034 0.4704 0.0442, -0.3056 0.4704 0.0439, -0.3114 0.4706 0.0419, -0.3159 0.4707 0.0404, -0.3718 0.4703 0.0452, -0.3187 0.4709 0.0386, -0.3248 0.4712 0.0346, -0.3308 0.4716 0.0275, -0.3651 0.4712 0.0274, -0.3282 0.4714 0.0309, -0.3274 0.4714 0.0321, -0.3829 0.4703 0.0452, -0.1929 0.4712 0.0342, -0.1885 0.4711 0.0359, -0.1562 0.4716 0.0275, -0.1861 0.471 0.0362, -0.1786 0.471 0.0372, -0.176 0.471 0.037, -0.1748 0.471 0.037, -0.1699 0.4711 0.036, -0.1683 0.4711 0.0357, -0.1654 0.4712 0.0343, -0.1628 0.4713 0.0332, -0.1614 0.4714 0.0321, -0.1568 0.4716 0.0283, -0.1975 0.4719 -0.0216, -0.2135 0.4712 -0.0348, -0.1534 0.4719 0.0235, -0.1529 0.4719 0.0228, -0.1511 0.4721 0.0184, -0.1499 0.4722 0.0155, -0.1495 0.4723 0.0121, -0.1484 0.4724 0.0043, -0.1484 0.4724 0.0041, -0.1494 0.4724 -0.0043, -0.1496 0.4724 -0.006, -0.1508 0.4723 -0.0092, -0.1519 0.4723 -0.0123, -0.1529 0.4722 -0.0136, -0.1562 0.4721 -0.0186, -0.1577 0.472 -0.02, -0.1585 0.472 -0.0205, -0.1622 0.4719 -0.0233, -0.1627 0.4719 -0.0236, -0.1659 0.4718 -0.025, -0.1679 0.4717 -0.0258, -0.1701 0.4717 -0.0261, -0.1768 0.4717 -0.027, -0.1841 0.4717 -0.026, -0.1887 0.4718 -0.0253, -0.1912 0.4718 -0.0243, -0.4134 0.4712 -0.0348, -1.1417 0.4653 -0.082, -0.3981 0.4724 0.0052, -1.1417 0.4716 0.0275, -0.3896 0.4712 0.0274, -0.3528 0.4712 -0.0348, -0.3413 0.4712 -0.0348, -0.3138 0.4654 -0.0814, -0.1333 0.4653 -0.082, -0.372 0.4653 -0.082, -0.372 0.4654 -0.0814, -0.355 0.4654 -0.0814, -0.402 0.4712 -0.0348, -0.3979 0.4718 -0.0239, -0.3566 0.4718 -0.0239, -0.3938 0.4723 -0.0129, -0.3605 0.4723 -0.0129, -0.3948 0.4654 -0.0814, -0.4008 0.4653 -0.082, -0.3319 0.4717 0.0259, -0.3324 0.4718 0.0253, -0.3342 0.472 0.0208, -0.3366 0.4724 0.0017, -0.3366 0.4724 0.0008, -0.3566 0.4724 0.0052, -0.3353 0.4721 0.0183, -0.3357 0.4722 0.0149, -0.3369 0.4724 0.0062, -0.3351 0.4724 -0.0064, -0.3348 0.4724 -0.008, -0.3328 0.4723 -0.0124, -0.3314 0.4722 -0.0155, -0.3296 0.4721 -0.0177, -0.3248 0.4718 -0.0236, -0.3183 0.4716 -0.0282, -0.3157 0.4715 -0.03, -0.3122 0.4714 -0.0313, -0.307 0.4713 -0.0333, -0.3055 0.4713 -0.0335, -0.2937 0.4712 -0.0348, -0.2717 0.4712 -0.0348, -0.1343 0.4717 -0.0257, -0.142 0.4721 -0.0169, -0.1024 0.4717 -0.0257, -0.1404 0.4723 -0.0126, -0.1375 0.4724 0.0037, -0.1387 0.4724 -0.0061, -0.139 0.4724 -0.0089, -0.1379 0.4724 0.0066, -0.139 0.4722 0.0162, -0.139 0.4722 0.0167, -0.1414 0.4719 0.0228, -0.1427 0.4717 0.026, -0.1343 0.4712 -0.0348, -0.1753 0.4711 -0.0362, -0.1716 0.4711 -0.0359, -0.1688 0.4711 -0.0357, -0.1639 0.4712 -0.0346, -0.1609 0.4712 -0.0339, -0.1583 0.4713 -0.0326, -0.1541 0.4715 -0.0305, -0.1534 0.4715 -0.0299, -0.1478 0.4718 -0.0253, -0.1471 0.4718 -0.0243, -0.1429 0.4721 -0.0183, -0.1333 0.4654 -0.0814, -0.2566 0.4712 -0.0348, -0.1975 0.4714 -0.0315, -0.1944 0.4713 -0.0326, -0.1874 0.4711 -0.0349, -0.1871 0.4711 -0.035, -0.092 0.4654 -0.0814, -0.2525 0.4724 0.0012, -0.2525 0.4723 0.0104, -0.2239 0.4723 0.0104, -0.2566 0.4717 -0.0257, -0.2239 0.4717 -0.0257, -0.2239 0.4724 0.0012, -0.0242 0.4676 -0.0671, -0.0039 0.4716 -0.0288, -0.0129 0.4706 -0.0406, -0.0159 0.4703 -0.0446, -0.0196 0.4693 -0.0533, -0.0235 0.4683 -0.0625, -0.2593 0.4538 -0.1315, -0.2481 0.4609 -0.1038, -0.2401 0.4606 -0.105, -0.2568 0.4386 -0.1757, -0.2591 0.4387 -0.1753, -0.2595 0.4388 -0.1752, -0.2606 0.439 -0.1747, -0.2615 0.4391 -0.1743, -0.2619 0.4392 -0.174, -0.2624 0.4394 -0.1736, -0.2632 0.4397 -0.1728, -0.2641 0.4401 -0.1718, -0.2644 0.4403 -0.1712, -0.2661 0.4414 -0.1684, -0.2683 0.4432 -0.1635, -0.2705 0.445 -0.1586, -0.2926 0.4609 -0.1038, -0.303 0.4609 -0.1038, -0.3138 0.4653 -0.082, -0.237 0.4533 -0.133, -0.2395 0.4528 -0.135, -0.2401 0.4584 -0.1145, -0.229 0.4545 -0.1288, -0.2359 0.4588 -0.1127, -0.2328 0.4591 -0.1115, -0.2311 0.4592 -0.1112, -0.2256 0.4593 -0.1105, -0.2243 0.4593 -0.1106, -0.2224 0.4592 -0.1109, -0.2207 0.4592 -0.1112, -0.22 0.4591 -0.1116, -0.2162 0.4585 -0.1139, -0.2164 0.4585 -0.1137, -0.2177 0.4588 -0.1126, -0.2156 0.4583 -0.1146, -0.2154 0.4583 -0.1148, -0.2152 0.4582 -0.1152, -0.215 0.458 -0.1158, -0.215 0.458 -0.116, -0.2146 0.4575 -0.118, -0.2148 0.4572 -0.119, -0.2149 0.4569 -0.1202, -0.215 0.4569 -0.1203, -0.2152 0.4567 -0.1209, -0.2154 0.4566 -0.1212, -0.2157 0.4565 -0.1216, -0.2168 0.4561 -0.1231, -0.2206 0.4555 -0.1253, -0.2266 0.4548 -0.1278, -0.2389 0.4585 -0.1138, -0.2316 0.4542 -0.1301, -0.2361 0.4535 -0.1323, -0.2403 0.4524 -0.1361, -0.2409 0.4522 -0.1369, -0.2415 0.4517 -0.1384, -0.2422 0.4512 -0.14, -0.2424 0.4509 -0.1409, -0.2429 0.45 -0.144, -0.2428 0.4497 -0.1447, -0.2423 0.4487 -0.1479, -0.2502 0.4355 -0.1831, -0.2558 0.4385 -0.1759, -0.2529 0.4386 -0.1755, -0.2502 0.4389 -0.1748, -0.2423 0.4486 -0.1481, -0.2415 0.448 -0.1501, -0.2413 0.4478 -0.1507, -0.2405 0.4474 -0.1518, -0.2396 0.447 -0.1529, -0.239 0.4468 -0.1535, -0.2364 0.446 -0.1557, -0.2357 0.4459 -0.1561, -0.2339 0.4456 -0.1571, -0.2318 0.4453 -0.1578, -0.2279 0.4449 -0.1591, -0.2269 0.4448 -0.1592, -0.2198 0.4445 -0.16, -0.217 0.4446 -0.1597, -0.2113 0.4449 -0.1591, -0.453 0.445 -0.1587, -0.4982 0.4485 -0.1484, -0.4569 0.4485 -0.1484, -0.4941 0.4519 -0.1379, -0.4607 0.4519 -0.1379, -0.2531 0.4353 -0.1836, 0.0 0.4338 -0.1871, -0.5022 0.445 -0.1587, -0.2566 0.4352 -0.1838, -0.5137 0.445 -0.1587, -1.1417 0.4338 -0.1871, -0.4984 0.4568 -0.1205, -0.4834 0.4652 -0.082, -0.1351 0.445 -0.1587, -0.1581 0.4447 -0.1595, -0.1557 0.445 -0.1588, -0.1536 0.4452 -0.1581, -0.1526 0.4454 -0.1575, -0.1496 0.446 -0.1557, -0.1483 0.4465 -0.1544, -0.1481 0.4466 -0.1542, -0.1467 0.4473 -0.1521, -0.1452 0.4484 -0.1487, -0.1351 0.448 -0.1501, -0.1458 0.4479 -0.1502, -0.1463 0.4475 -0.1516, -0.1451 0.4487 -0.1479, -0.1447 0.4499 -0.1442, -0.1452 0.4511 -0.1403, -0.1454 0.4515 -0.1392, -0.1461 0.452 -0.1374, -0.1467 0.4526 -0.1357, -0.1503 0.4577 -0.1172, -0.1473 0.4528 -0.1349, -0.1488 0.4534 -0.1327, -0.1488 0.4535 -0.1327, -0.1509 0.454 -0.1309, -0.1512 0.454 -0.1307, -0.1534 0.4544 -0.1294, -0.155 0.4546 -0.1286, -0.156 0.4585 -0.1138, -0.157 0.4548 -0.1281, -0.1568 0.4587 -0.1133, -0.1637 0.4552 -0.1263, -0.1806 0.4559 -0.124, -0.1805 0.4563 -0.1225, -0.1803 0.4569 -0.1201, -0.1799 0.4573 -0.1185, -0.1793 0.4579 -0.1165, -0.1791 0.4579 -0.1162, -0.1783 0.4583 -0.1147, -0.1783 0.4583 -0.1146, -0.178 0.4584 -0.1142, -0.1769 0.4587 -0.1131, -0.1769 0.4587 -0.1131, -0.1757 0.4589 -0.1122, -0.1752 0.459 -0.1119, -0.1742 0.4591 -0.1115, -0.1729 0.4592 -0.111, -0.1721 0.4592 -0.1109, -0.169 0.4593 -0.1105, -0.1667 0.4593 -0.1108, -0.1637 0.4592 -0.1111, -0.1611 0.459 -0.1119, -0.092 0.445 -0.1587, -0.1806 0.4479 -0.1504, -0.1804 0.4479 -0.1504, -0.1806 0.445 -0.1587, -0.1798 0.4476 -0.1512, -0.1779 0.4469 -0.1534, -0.176 0.4461 -0.1555, -0.1757 0.446 -0.1557, -0.1732 0.4455 -0.1574, -0.1726 0.4453 -0.1579, -0.1707 0.4451 -0.1585, -0.1688 0.4448 -0.1592, -0.1676 0.4447 -0.1594, -0.1628 0.4445 -0.16, -0.1907 0.445 -0.1587, -0.1593 0.4447 -0.1596, -0.0206 0.4593 -0.1102, -0.0175 0.4575 -0.118, -0.092 0.4653 -0.082, -0.0246 0.4623 -0.0968, -0.0239 0.4614 -0.1017, -0.4832 0.4654 -0.0814, -0.4721 0.4654 -0.0814, -0.4719 0.4652 -0.082, -0.4037 0.4652 -0.0824, -0.4058 0.4652 -0.0826, -0.4117 0.4648 -0.0846, -0.4161 0.4645 -0.0861, -0.4189 0.4642 -0.0879, -0.4251 0.4634 -0.0918, -0.4276 0.4629 -0.0943, -0.4285 0.4627 -0.0955, -0.4322 0.4617 -0.1003, -0.4326 0.4616 -0.1009, -0.4345 0.4606 -0.1053, -0.4369 0.4559 -0.1238, -0.4369 0.4557 -0.1248, -0.4569 0.4568 -0.1205, -0.4356 0.46 -0.1078, -0.436 0.4592 -0.1111, -0.4372 0.4571 -0.1195, -0.4354 0.4537 -0.1317, -0.4351 0.4533 -0.1332, -0.4416 0.445 -0.1587, -0.4331 0.452 -0.1374, -0.4317 0.4511 -0.1404, -0.4299 0.4504 -0.1425, -0.4251 0.4486 -0.1481, -0.4186 0.4472 -0.1524, -0.416 0.4466 -0.1542, -0.4125 0.4462 -0.1554, -0.4072 0.4455 -0.1573, -0.2613 0.4355 -0.1831, -0.2602 0.4354 -0.1833, -0.3241 0.4637 -0.0904, -0.3241 0.4581 -0.1155, -0.355 0.4637 -0.0904, -0.3528 0.4581 -0.1155, -0.355 0.4653 -0.082, -0.372 0.445 -0.1587, -0.3528 0.4558 -0.1243, -0.4057 0.4454 -0.1574, -0.394 0.445 -0.1587, -0.2632 0.4358 -0.1824, -0.2652 0.4361 -0.1817, -0.3138 0.445 -0.1587, -0.29 0.4525 -0.1357, -0.277 0.442 -0.1668, -0.2763 0.4414 -0.1685, -0.2744 0.4402 -0.1715, -0.2714 0.4383 -0.1765, -0.2711 0.4381 -0.1767, -0.269 0.4372 -0.179, -0.2689 0.4372 -0.1791, -0.3241 0.4558 -0.1243, -0.3241 0.448 -0.1501, -0.3569 0.448 -0.1501, -0.3569 0.445 -0.1587, -0.2662 0.4364 -0.181, -0.1333 0.4637 -0.0904, -0.1503 0.46 -0.1077, -0.1514 0.4601 -0.1071, -0.156 0.4606 -0.1053, -0.1595 0.4609 -0.104, -0.1625 0.461 -0.1036, -0.17 0.4612 -0.1026, -0.2107 0.4602 -0.107, -0.2129 0.4605 -0.1057, -0.2151 0.4606 -0.1049, -0.2188 0.461 -0.1035, -0.2593 0.4609 -0.1038, -0.2198 0.461 -0.1034, -0.2266 0.4612 -0.1026, -0.2336 0.461 -0.1032, -0.2755 0.4481 -0.1497, -0.2764 0.4488 -0.1476, -0.2749 0.4488 -0.1475, -0.277 0.4495 -0.1454, -0.2742 0.4496 -0.1453, -0.2668 0.4557 -0.1247, -0.2848 0.4557 -0.1247, -0.1024 0.4581 -0.1155, -0.131 0.4581 -0.1155, -0.1024 0.4637 -0.0904, -0.131 0.4558 -0.1243, -0.1024 0.4558 -0.1243, -0.1024 0.448 -0.1501, -0.2314 0.4484 -0.1487, -0.2318 0.4487 -0.1478, -0.2138 0.4476 -0.1513, -0.2155 0.4475 -0.1515, -0.227 0.4477 -0.1508, -0.2207 0.4472 -0.1523, -0.2234 0.4473 -0.1521, -0.2239 0.4473 -0.1521, -0.2269 0.4475 -0.1515, -0.2276 0.4475 -0.1513, -0.2285 0.4477 -0.151, -0.2289 0.4477 -0.1508, -0.2295 0.4479 -0.1504, -0.2305 0.4481 -0.1497, -0.2306 0.4482 -0.1495, -0.2313 0.4484 -0.1487, -0.2322 0.449 -0.147, -0.2323 0.4491 -0.1466, -0.2326 0.4497 -0.1449, -0.2322 0.4502 -0.1434, -0.2321 0.4503 -0.1429, -0.2317 0.4506 -0.142, -0.2312 0.4509 -0.1411, -0.2309 0.451 -0.1408, -0.23 0.4513 -0.1397, -0.2258 0.452 -0.1374, -0.2195 0.4528 -0.1348, -0.2102 0.448 -0.1499, -0.2161 0.4532 -0.1334, -0.2068 0.4485 -0.1486, -0.205 0.4488 -0.1475, -0.213 0.4537 -0.1317, -0.2042 0.449 -0.147, -0.2097 0.4543 -0.1298, -0.209 0.4544 -0.1292, -0.2072 0.4549 -0.1276, -0.1907 0.456 -0.1236, -0.2042 0.4457 -0.1568, -0.2104 0.445 -0.1588, -0.2068 0.455 -0.1271, -0.2064 0.4552 -0.1263, -0.2057 0.4557 -0.1248, -0.205 0.4561 -0.1231, -0.2048 0.4564 -0.1221, -0.1897 0.4579 -0.1163, -0.1812 0.4607 -0.1049, -0.1816 0.4606 -0.105, -0.2058 0.4589 -0.1123, -0.1783 0.4609 -0.1038, -0.1836 0.4604 -0.1063, -0.1846 0.4602 -0.107, -0.1856 0.46 -0.108, -0.186 0.4599 -0.1084, -0.1873 0.4594 -0.1102, -0.188 0.4592 -0.1113, -0.2043 0.4573 -0.1188, -0.2044 0.4574 -0.1184, -0.1896 0.4582 -0.1154, -0.2048 0.4582 -0.1151, -0.2049 0.4583 -0.1149, -0.1886 0.4588 -0.1128, -0.2056 0.4588 -0.1129, -0.1778 0.461 -0.1036, -0.2066 0.4592 -0.1111, -0.2075 0.4595 -0.1099, -0.1735 0.4611 -0.103, -0.2081 0.4596 -0.1094, 1.1417 0.4526 0.1355, 1.1417 0.4716 0.0275, 0.2191 0.4712 0.0336, 0.2064 0.4703 0.0444, 0.2007 0.47 0.0479, 0.1937 0.4696 0.0523, 0.1812 0.469 0.0572, 0.1664 0.4683 0.0629, 0.1604 0.4681 0.0637, 0.1381 0.4677 0.0665, 0.1203 0.4681 0.0643, 0.1106 0.4682 0.0632, 0.0998 0.4687 0.0592, 0.0855 0.4694 0.0538, 0.0523 0.4715 0.0275, 0.0606 0.471 0.0371, 0.0813 0.4697 0.051, 0.3338 0.4697 -0.0503, 0.3328 0.4703 -0.0448, 1.1417 0.4653 -0.082, 0.3367 0.467 -0.0714, 0.3366 0.4677 -0.0667, 0.3366 0.4677 -0.0665, 0.3286 0.4711 -0.035, 0.3248 0.4717 -0.0261, 0.3213 0.4719 -0.0215, 0.31 0.4724 -0.0067, 0.3069 0.4724 -0.0038, 0.3066 0.4724 -0.0036, 0.2927 0.4724 0.0063, 0.2883 0.4724 0.0095, 0.278 0.4723 0.0137, 0.2689 0.4722 0.0173, 0.2631 0.4721 0.0181, 0.2445 0.472 0.0206, 0.249 0.436 -0.1819, 0.2519 0.4368 -0.18, 1.1417 0.4338 -0.1871, 0.2563 0.4387 -0.1752, 0.2609 0.4408 -0.1701, 0.2625 0.4418 -0.1672, 0.2673 0.4453 -0.1579, 0.2741 0.446 -0.1559, 0.2836 0.4474 -0.1516, 0.2944 0.4491 -0.1467, 0.2988 0.4502 -0.1431, 0.3128 0.4537 -0.1319, 0.3228 0.4573 -0.1184, 0.325 0.4581 -0.1156, 0.3298 0.4608 -0.1039, 0.3336 0.4628 -0.0948, 0.3344 0.4638 -0.0893, 0.3353 0.4651 -0.082, 0.1853 0.4338 -0.1871, 0.0 0.379 -0.2821, 0.1858 0.4337 -0.1874, 0.192 0.4327 -0.1898, 0.1976 0.4317 -0.1919, 0.2013 0.4315 -0.1923, 0.2132 0.4309 -0.1938, 0.2202 0.4312 -0.193, 0.2277 0.4317 -0.1921, 0.2308 0.4322 -0.191, 0.2406 0.4337 -0.1874, 1.1417 0.379 -0.2821, 0.2408 0.4337 -0.1874, 0.2412 0.4339 -0.1871, 0.0144 0.4609 -0.1039, 0.0119 0.4621 -0.098, 0.0839 0.4652 -0.082, 0.0106 0.4628 -0.0949, 0.01 0.4636 -0.0906, -0.0146 0.4564 -0.122, -0.0054 0.4528 -0.1346, 0.0 0.4515 -0.1391, 0.006 0.4499 -0.1441, 0.0082 0.4494 -0.1459, 0.0184 0.4477 -0.1509, 0.026 0.4464 -0.1547, 0.0309 0.446 -0.1557, 0.0464 0.4449 -0.159, 0.0481 0.4449 -0.159, 0.0498 0.4449 -0.159, 0.08 0.4449 -0.159, 0.0826 0.4451 -0.1584, 0.0844 0.4452 -0.1581, 0.0887 0.446 -0.156, 0.0912 0.4466 -0.154, 0.1614 0.4434 -0.1631, 0.0916 0.4468 -0.1537, 0.0932 0.4474 -0.1517, 0.094 0.4478 -0.1506, 0.0948 0.4484 -0.1488, 0.0957 0.449 -0.1469, 0.1593 0.4456 -0.1569, 0.0884 0.4459 -0.1563, 0.1631 0.4424 -0.1657, 0.1681 0.4395 -0.1733, 0.1682 0.4394 -0.1735, 0.1747 0.4368 -0.18, 0.1748 0.4368 -0.1801, 0.0858 0.4455 -0.1574, 0.183 0.4345 -0.1856, 0.0913 0.4541 -0.1304, 0.0912 0.4541 -0.1303, 0.1164 0.4583 -0.1149, 0.1573 0.4477 -0.1509, 0.0959 0.4494 -0.1458, 0.157 0.4488 -0.1475, 0.0965 0.4505 -0.1423, 0.1563 0.451 -0.1406, 0.0958 0.4517 -0.1384, 0.1563 0.4527 -0.1352, 0.0932 0.4534 -0.1327, 0.0956 0.452 -0.1374, 0.0947 0.4526 -0.1354, 0.0939 0.4532 -0.1336, 0.0888 0.4546 -0.1285, 0.0877 0.4548 -0.1278, 0.0766 0.4629 -0.0943, 0.0858 0.4551 -0.127, 0.0838 0.4553 -0.1261, 0.0826 0.4553 -0.1259, 0.0789 0.4555 -0.1253, 0.0754 0.4554 -0.1259, 0.0498 0.4554 -0.1259, 0.043 0.4557 -0.1245, 0.0387 0.456 -0.1237, 0.0355 0.4564 -0.1222, 0.029 0.4572 -0.1192, 0.0284 0.4573 -0.1187, 0.0226 0.4585 -0.1139, 0.0206 0.4589 -0.1122, 0.02 0.4591 -0.1115, 0.0153 0.4606 -0.1052, 0.1744 0.4719 0.0237, 0.1758 0.4719 0.0228, 0.0942 0.468 -0.0646, 0.0842 0.4723 0.0121, 0.0956 0.472 0.0202, 0.0995 0.4719 0.0229, 0.1083 0.4717 0.0265, 0.1107 0.4717 0.0275, 0.1883 0.4722 0.0142, 0.1909 0.4723 0.0125, 0.1985 0.4724 0.0038, 0.2221 0.4721 -0.0186, 0.2858 0.4714 -0.032, 0.2138 0.4719 -0.0221, 0.128 0.4652 -0.082, 0.2065 0.4723 -0.0074, 0.2043 0.4724 -0.0029, 0.229 0.4722 -0.0157, 0.2327 0.4722 -0.0151, 0.254 0.4722 -0.0145, 0.2513 0.4722 -0.0142, 0.2439 0.4722 -0.0136, 0.2612 0.4722 -0.0166, 0.267 0.4721 -0.0184, 0.2705 0.472 -0.0205, 0.278 0.4718 -0.0249, 0.2788 0.4717 -0.0256, 0.286 0.4713 -0.0322, 0.2918 0.4707 -0.0403, 0.294 0.4705 -0.0432, 0.2964 0.4698 -0.0492, 0.2987 0.4692 -0.0549, 0.2992 0.4688 -0.0584, 0.3009 0.4672 -0.0702, 0.2996 0.4653 -0.0816, 0.2995 0.4653 -0.082, 0.0088 0.4652 -0.0826, 0.0089 0.4653 -0.082, 0.0094 0.466 -0.0775, 0.0098 0.4667 -0.0737, 0.0111 0.4672 -0.0698, 0.0131 0.4681 -0.0637, 0.0139 0.4683 -0.0625, 0.0179 0.4691 -0.0561, 0.0185 0.4692 -0.0552, 0.0231 0.4697 -0.0504, 0.024 0.4698 -0.0497, 0.0304 0.4703 -0.045, 0.0316 0.4704 -0.0441, 0.0377 0.4706 -0.0416, 0.0409 0.4707 -0.0403, 0.0619 0.472 -0.0209, 0.0669 0.4722 -0.0109, 0.0451 0.4708 -0.0397, 0.0532 0.4709 -0.0386, 0.0854 0.4657 -0.0795, 0.0578 0.4709 -0.0386, 0.0612 0.4718 -0.024, 0.0708 0.4724 -0.0032, 0.0739 0.4724 0.0004, 0.2614 0.4592 -0.1112, 0.2961 0.4634 -0.0915, 0.2948 0.4627 -0.0952, 0.2914 0.4615 -0.1008, 0.2902 0.4611 -0.1026, 0.2851 0.4599 -0.1079, 0.2799 0.4586 -0.1134, 0.2767 0.4581 -0.1153, 0.2639 0.4579 -0.116, 0.2667 0.4566 -0.1215, 0.2995 0.4652 -0.0821, 0.258 0.4601 -0.1071, 0.2523 0.4617 -0.1004, 0.2509 0.4619 -0.0994, 0.2437 0.463 -0.0942, 0.241 0.4634 -0.0922, 0.2344 0.4639 -0.0895, 0.2277 0.4644 -0.0868, 0.2242 0.4645 -0.0863, 0.2132 0.4648 -0.0848, 0.2062 0.4647 -0.0853, 0.2061 0.4647 -0.0853, 0.1962 0.4643 -0.0877, 0.1929 0.4641 -0.0884, 0.187 0.4635 -0.0914, 0.1817 0.463 -0.0941, 0.1324 0.4649 -0.0843, 0.1791 0.4625 -0.0964, 0.1705 0.4609 -0.1038, 0.1375 0.4713 0.0325, 0.148 0.4714 0.0313, 0.1213 0.4715 0.0303, 0.1162 0.4715 0.0297, 0.1641 0.4716 0.0275, 0.1621 0.4716 0.0282, 0.1558 0.4715 0.0305, 0.0517 0.4716 0.0267, 0.0423 0.4722 0.016, 0.0393 0.4722 0.0101, 0.0299 0.4724 -0.0079, 0.0211 0.4723 -0.0119, 0.0116 0.4722 -0.0163, 0.0082 0.472 -0.019, 0.0 0.4717 -0.0256, -0.0036 0.4716 -0.0285, -1.1417 0.4526 0.1355, -1.1417 0.4091 0.2362, 0.0 0.4091 0.2362, -1.1417 0.3436 0.3242, 0.0 0.3436 0.3242, -1.1417 0.2596 0.3947, 0.0 0.2596 0.3947, -1.1417 0.1616 0.4439, 0.0 0.1616 0.4439, -1.1417 0.0548 0.4692, 0.0 0.0548 0.4692, -1.1417 -0.0 0.4724, 0.0 -0.0548 0.4692, 1.1417 0.4091 0.2362, 1.1417 0.3436 0.3242, 1.1417 0.2596 0.3947, 1.1417 0.1616 0.4439, 1.1417 0.0548 0.4692, 1.1417 -0.0548 0.4692, 0.0 -0.1616 0.4439, 1.1417 -0.1616 0.4439, 0.0 -0.2596 0.3947, 1.1417 -0.2596 0.3947, 0.0 -0.3436 0.3242, 1.1417 -0.3436 0.3242, 0.0 -0.4091 0.2362, 1.1417 -0.4091 0.2362, 0.0 -0.4526 0.1355, 1.1417 -0.4526 0.1355, 0.0 -0.4716 0.0275, 1.1417 -0.4716 0.0275, 0.0 -0.4653 -0.082, 1.1417 -0.4653 -0.082, 0.0 -0.4338 -0.1871, 1.1417 -0.4338 -0.1871, 0.0 -0.379 -0.2821, 1.1417 -0.379 -0.2821, 0.0 -0.3037 -0.3619, 1.1417 -0.3037 -0.3619, 0.0 -0.212 -0.4222, 1.1417 -0.212 -0.4222, 0.0 -0.109 -0.4597, 1.1417 -0.109 -0.4597, 0.0 -0.0 -0.4724, 1.1417 -0.0 -0.4724, 0.0 0.109 -0.4597, 1.1417 0.109 -0.4597, 0.0 0.212 -0.4222, 1.1417 0.212 -0.4222, 0.0 0.3037 -0.3619, 1.1417 0.3037 -0.3619, -1.1417 -0.0548 0.4692, -1.1417 -0.1616 0.4439, -1.1417 -0.2596 0.3947, -1.1417 -0.3436 0.3242, -1.1417 -0.4091 0.2362, -1.1417 -0.4526 0.1355, -1.1417 -0.4716 0.0275, -1.1417 -0.4653 -0.082, -1.1417 -0.4338 -0.1871, -1.1417 -0.379 -0.2821, -1.1417 -0.3037 -0.3619, -1.1417 -0.212 -0.4222, -1.1417 -0.109 -0.4597, -1.1417 -0.0 -0.4724, -1.1417 0.109 -0.4597, -1.1417 0.212 -0.4222, -1.1417 0.3037 -0.3619, -1.1417 0.379 -0.2821, -1.2598 -0.3069 0.1772, -1.2598 -0.2169 0.0936, -1.2598 -0.3423 0.0917, -1.2598 -0.2326 0.041, -1.2598 -0.3543 -0.0, -1.2598 -0.2358 -0.0137, -1.2598 -0.3423 -0.0917, -1.2598 -0.2263 -0.0677, -1.2598 -0.3069 -0.1772, -1.2598 -0.2046 -0.1181, -1.2598 -0.2505 -0.2505, -1.2598 -0.1718 -0.1621, -1.2598 -0.1772 -0.3069, -1.2598 -0.1298 -0.1974, -1.2598 -0.0917 -0.3423, -1.2598 -0.0808 -0.222, -1.2598 0.0 -0.3543, -1.2598 0.3069 0.1772, -1.2598 0.1895 0.1411, -1.2598 0.2505 0.2505, -1.2598 0.1518 0.181, -1.2598 0.1772 0.3069, -1.2598 0.106 0.2111, -1.2598 0.0917 0.3423, -1.2598 0.0545 0.2299, -1.2598 -0.0 0.3543, -1.2598 -0.0 0.2362, -1.2598 -0.0917 0.3423, -1.2598 -0.0545 0.2299, -1.2598 -0.1772 0.3069, -1.2598 -0.106 0.2111, -1.2598 -0.2505 0.2505, -1.2598 -0.1518 0.181, -1.2598 -0.1895 0.1411, -1.2598 -0.0274 -0.2346, -1.2598 0.0274 -0.2346, -1.2598 0.0917 -0.3423, -1.2598 0.0808 -0.222, -1.2598 0.1772 -0.3069, -1.2598 0.1298 -0.1974, -1.2598 0.2505 -0.2505, -1.2598 0.1718 -0.1621, -1.2598 0.3069 -0.1772, -1.2598 0.2046 -0.1181, -1.2598 0.3423 -0.0917, -1.2598 0.2263 -0.0677, -1.2598 0.3543 0.0, -1.2598 0.2358 -0.0137, -1.2598 0.3423 0.0917, -1.2598 0.2326 0.041, -1.2598 0.2169 0.0936, 1.1417 0.1086 -0.4582, 1.1417 0.1574 -0.4455, 1.1723 0.156 -0.4417, 1.1417 0.3032 -0.3614, 1.1417 0.3546 -0.3121, 1.1723 0.3516 -0.3095, 1.1417 0.3776 -0.2811, 1.1417 0.4023 -0.2477, 1.1723 0.3989 -0.2456, 1.1417 0.433 -0.1867, 1.1417 0.4384 -0.1762, 1.1723 0.4346 -0.1747, 1.1417 0.4641 -0.0819, 1.1417 0.472 -0.0201, 1.1723 0.468 -0.0199, 1.1417 0.4524 0.1354, 1.1417 0.4517 0.1383, 1.1723 0.4479 0.1372, 1.1417 0.4079 0.2354, 1.1417 0.3798 0.2809, 1.1723 0.3766 0.2785, 1.1417 0.2594 0.3943, 1.1417 0.1946 0.4305, 1.1723 0.1929 0.4268, 1.1417 0.161 0.4424, 1.1417 0.119 0.4572, 1.1723 0.118 0.4533, 1.1417 0.0547 0.4682, 1.1417 0.0401 0.4707, 1.1723 0.0397 0.4667, 1.1417 -0.0547 0.4682, 1.1417 -0.119 0.4572, 1.1723 -0.118 0.4533, 1.1417 -0.2594 0.3943, 1.1417 -0.2646 0.3914, 1.1723 -0.2623 0.3881, 1.1417 -0.3426 0.3233, 1.1417 -0.3798 0.2809, 1.1723 -0.3766 0.2785, 1.1417 -0.4524 0.1354, 1.1417 -0.4686 0.06, 1.1723 -0.4646 0.0595, 1.1417 -0.47 0.0274, 1.1417 -0.472 -0.0201, 1.1723 -0.468 -0.0199, 1.1417 -0.4641 -0.0819, 1.1417 -0.4618 -0.0995, 1.1723 -0.4579 -0.0987, 1.1417 -0.433 -0.1867, 1.1417 -0.4023 -0.2477, 1.1723 -0.3989 -0.2456, 1.1417 -0.3032 -0.3614, 1.1417 -0.2968 -0.3676, 1.1723 -0.2943 -0.3644, 1.1417 -0.2115 -0.421, 1.1417 -0.1574 -0.4455, 1.1723 -0.156 -0.4417, 1.2598 -0.0599 -0.3492, 1.2598 -0.118 -0.3341, 1.2558 -0.065 -0.3794, 1.2558 -0.1282 -0.3629, 1.244 -0.0699 -0.4074, 1.244 -0.1377 -0.3898, 1.2252 -0.074 -0.4315, 1.2252 -0.1459 -0.4128, 1.2008 -0.0772 -0.45, 1.2008 -0.1521 -0.4305, 1.1723 -0.0792 -0.4617, 1.2598 -0.266 -0.2341, 1.2598 -0.3017 -0.1858, 1.2558 -0.2889 -0.2543, 1.2558 -0.3278 -0.2018, 1.244 -0.3103 -0.2731, 1.244 -0.352 -0.2167, 1.2252 -0.3287 -0.2893, 1.2252 -0.3728 -0.2296, 1.2008 -0.3428 -0.3017, 1.2008 -0.3888 -0.2394, 1.1723 -0.3516 -0.3095, 1.2598 -0.3164 0.1595, 1.2598 -0.2849 0.2107, 1.2558 -0.3437 0.1733, 1.2558 -0.3095 0.2289, 1.244 -0.3691 0.1861, 1.244 -0.3324 0.2458, 1.2252 -0.391 0.1971, 1.2252 -0.352 0.2604, 1.2008 -0.4077 0.2056, 1.2008 -0.3671 0.2715, 1.1723 -0.4183 0.2109, 1.2598 -0.1459 0.3229, 1.2598 -0.0893 0.3429, 1.2558 -0.1585 0.3507, 1.2558 -0.097 0.3725, 1.244 -0.1703 0.3767, 1.244 -0.1042 0.4, 1.2252 -0.1804 0.399, 1.2252 -0.1103 0.4237, 1.2008 -0.1881 0.4161, 1.2008 -0.1151 0.4419, 1.1723 -0.1929 0.4268, 1.2598 0.2452 0.2558, 1.2598 0.2849 0.2107, 1.2558 0.2663 0.2779, 1.2558 0.3095 0.2289, 1.244 0.286 0.2984, 1.244 0.3324 0.2458, 1.2252 0.303 0.3161, 1.2252 0.352 0.2604, 1.2008 0.316 0.3297, 1.2008 0.3671 0.2715, 1.1723 0.3241 0.3382, 1.2598 0.3515 0.045, 1.2598 0.354 -0.015, 1.2558 0.3818 0.0489, 1.2558 0.3846 -0.0163, 1.244 0.41 0.0525, 1.244 0.413 -0.0175, 1.2252 0.4343 0.0556, 1.2252 0.4375 -0.0186, 1.2008 0.4529 0.058, 1.2008 0.4562 -0.0194, 1.1723 0.4646 0.0595, 1.2598 0.1728 -0.3093, 1.2598 0.118 -0.3341, 1.2558 0.1877 -0.336, 1.2558 0.1282 -0.3629, 1.244 0.2016 -0.3609, 1.244 0.1377 -0.3898, 1.2252 0.2135 -0.3822, 1.2252 0.1459 -0.4128, 1.2008 0.2227 -0.3986, 1.2008 0.1521 -0.4305, 1.1723 0.2284 -0.4089, 1.2558 -0.0 -0.3849, 1.244 -0.0 -0.4134, 1.2252 -0.0 -0.4378, 1.2008 -0.0 -0.4566, 1.1723 -0.0 -0.4684, 1.1417 -0.0798 -0.4656, 1.1417 -0.1086 -0.4582, 1.1417 -0.2304 -0.4124, 1.1723 -0.2284 -0.4089, 1.2008 -0.2227 -0.3986, 1.2252 -0.2135 -0.3822, 1.244 -0.2016 -0.3609, 1.2558 -0.1877 -0.336, 1.2598 -0.1728 -0.3093, 1.2598 -0.2226 -0.2757, 1.2558 -0.2418 -0.2995, 1.244 -0.2597 -0.3216, 1.2252 -0.2751 -0.3407, 1.2008 -0.2869 -0.3553, 1.1417 -0.3546 -0.3121, 1.1417 -0.3776 -0.2811, 1.1417 -0.4384 -0.1762, 1.1723 -0.4346 -0.1747, 1.2008 -0.4237 -0.1703, 1.2252 -0.4063 -0.1633, 1.244 -0.3836 -0.1541, 1.2558 -0.3571 -0.1435, 1.2598 -0.3288 -0.1321, 1.2598 -0.3464 -0.0746, 1.2558 -0.3763 -0.0811, 1.244 -0.4041 -0.0871, 1.2252 -0.428 -0.0922, 1.2008 -0.4464 -0.0962, 1.2008 -0.4562 -0.0194, 1.2252 -0.4375 -0.0186, 1.244 -0.413 -0.0175, 1.2558 -0.3846 -0.0163, 1.2598 -0.354 -0.015, 1.2008 -0.4529 0.058, 1.2252 -0.4343 0.0556, 1.244 -0.41 0.0525, 1.2558 -0.3818 0.0489, 1.2598 -0.3515 0.045, 1.1417 -0.4517 0.1383, 1.1723 -0.4479 0.1372, 1.2008 -0.4366 0.1337, 1.2252 -0.4187 0.1282, 1.244 -0.3953 0.121, 1.2558 -0.368 0.1127, 1.2598 -0.3388 0.1038, 1.1417 -0.4219 0.2127, 1.1417 -0.4079 0.2354, 1.1417 -0.3269 0.3411, 1.1723 -0.3241 0.3382, 1.2008 -0.316 0.3297, 1.2252 -0.303 0.3161, 1.244 -0.286 0.2984, 1.2558 -0.2663 0.2779, 1.2598 -0.2452 0.2558, 1.2598 -0.1984 0.2936, 1.2558 -0.2155 0.3189, 1.244 -0.2315 0.3425, 1.2252 -0.2452 0.3628, 1.2008 -0.2557 0.3783, 1.1417 -0.1946 0.4305, 1.1417 -0.161 0.4424, 1.1417 -0.0401 0.4707, 1.1723 -0.0397 0.4667, 1.2008 -0.0387 0.455, 1.2252 -0.0371 0.4363, 1.244 -0.0351 0.4119, 1.2558 -0.0326 0.3835, 1.2598 -0.03 0.3531, 1.2598 0.03 0.3531, 1.2558 0.0326 0.3835, 1.244 0.0351 0.4119, 1.2252 0.0371 0.4363, 1.2008 0.0387 0.455, 1.2008 0.1151 0.4419, 1.2252 0.1103 0.4237, 1.244 0.1042 0.4, 1.2558 0.097 0.3725, 1.2598 0.0893 0.3429, 1.2008 0.1881 0.4161, 1.2252 0.1804 0.399, 1.244 0.1703 0.3767, 1.2558 0.1585 0.3507, 1.2598 0.1459 0.3229, 1.1417 0.2646 0.3914, 1.1723 0.2623 0.3881, 1.2008 0.2557 0.3783, 1.2252 0.2452 0.3628, 1.244 0.2315 0.3425, 1.2558 0.2155 0.3189, 1.2598 0.1984 0.2936, 1.1417 0.3269 0.3411, 1.1417 0.3426 0.3233, 1.1417 0.4219 0.2127, 1.1723 0.4183 0.2109, 1.2008 0.4077 0.2056, 1.2252 0.391 0.1971, 1.244 0.3691 0.1861, 1.2558 0.3437 0.1733, 1.2598 0.3164 0.1595, 1.2598 0.3388 0.1038, 1.2558 0.368 0.1127, 1.244 0.3953 0.121, 1.2252 0.4187 0.1282, 1.2008 0.4366 0.1337, 1.1417 0.4686 0.06, 1.1417 0.47 0.0274, 1.1417 0.4618 -0.0995, 1.1723 0.4579 -0.0987, 1.2008 0.4464 -0.0962, 1.2252 0.428 -0.0922, 1.244 0.4041 -0.0871, 1.2558 0.3763 -0.0811, 1.2598 0.3464 -0.0746, 1.2598 0.3288 -0.1321, 1.2558 0.3571 -0.1435, 1.244 0.3836 -0.1541, 1.2252 0.4063 -0.1633, 1.2008 0.4237 -0.1703, 1.2008 0.3888 -0.2394, 1.2252 0.3728 -0.2296, 1.244 0.352 -0.2167, 1.2558 0.3278 -0.2018, 1.2598 0.3017 -0.1858, 1.2008 0.3428 -0.3017, 1.2252 0.3287 -0.2893, 1.244 0.3103 -0.2731, 1.2558 0.2889 -0.2543, 1.2598 0.266 -0.2341, 1.1417 0.2968 -0.3676, 1.1723 0.2943 -0.3644, 1.2008 0.2869 -0.3553, 1.2252 0.2751 -0.3407, 1.244 0.2597 -0.3216, 1.2558 0.2418 -0.2995, 1.2598 0.2226 -0.2757, 1.1417 0.2304 -0.4124, 1.1417 0.2115 -0.421, 1.1417 0.0798 -0.4656, 1.1723 0.0792 -0.4617, 1.2008 0.0772 -0.45, 1.2252 0.074 -0.4315, 1.244 0.0699 -0.4074, 1.2558 0.065 -0.3794, 1.2598 0.0599 -0.3492, -1.1417 0.0547 0.4678, -1.1417 0.0798 0.4656, -1.1723 0.0792 0.4617, -1.1417 0.1614 0.4436, -1.1417 0.2304 0.4124, -1.1723 0.2284 0.4089, -1.1417 0.2587 0.3933, -1.1417 0.2968 0.3676, -1.1723 0.2943 0.3644, -1.1417 0.3429 0.3234, -1.1417 0.3546 0.3121, -1.1723 0.3516 0.3095, -1.1417 0.4083 0.2358, -1.1417 0.4384 0.1762, -1.1723 0.4346 0.1747, -1.1417 0.4711 0.0274, -1.1417 0.472 0.0201, -1.1723 0.468 0.0199, -1.1417 0.4639 -0.0818, -1.1417 0.4517 -0.1383, -1.1723 0.4479 -0.1372, -1.1417 0.3789 -0.282, -1.1417 0.3269 -0.3411, -1.1723 0.3241 -0.3382, -1.1417 0.3027 -0.3607, -1.1417 0.2646 -0.3914, -1.1723 0.2623 -0.3881, -1.1417 0.1088 -0.4589, -1.1417 0.0401 -0.4707, -1.1723 0.0397 -0.4667, -1.1417 -0.0 -0.4707, -1.1417 -0.0401 -0.4707, -1.1723 -0.0397 -0.4667, -1.1417 -0.1088 -0.4589, -1.1417 -0.119 -0.4572, -1.1723 -0.118 -0.4533, -1.1417 -0.2114 -0.4211, -1.1417 -0.2646 -0.3914, -1.1723 -0.2623 -0.3881, -1.1417 -0.3789 -0.282, -1.1417 -0.3798 -0.2809, -1.1723 -0.3766 -0.2785, -1.1417 -0.4324 -0.1865, -1.1417 -0.4517 -0.1383, -1.1723 -0.4479 -0.1372, -1.1417 -0.4711 0.0274, -1.1417 -0.4618 0.0995, -1.1723 -0.4579 0.0987, -1.1417 -0.451 0.135, -1.1417 -0.4384 0.1762, -1.1723 -0.4346 0.1747, -1.1417 -0.4083 0.2358, -1.1417 -0.4023 0.2477, -1.1723 -0.3989 0.2456, -1.1417 -0.3429 0.3234, -1.1417 -0.2968 0.3676, -1.1723 -0.2943 0.3644, -1.2558 -0.1877 0.336, -1.2598 -0.1728 0.3093, -1.2598 -0.2226 0.2757, -1.2598 -0.118 0.3341, -1.2558 -0.1282 0.3629, -1.244 -0.1377 0.3898, -1.2598 -0.0599 0.3492, -1.2558 -0.065 0.3794, -1.244 -0.0699 0.4074, -1.2252 -0.074 0.4315, -1.2558 -0.0 0.3849, -1.244 -0.0 0.4134, -1.2252 -0.0 0.4378, -1.2008 -0.0 0.4566, -1.2598 0.0599 0.3492, -1.2558 0.065 0.3794, -1.244 0.0699 0.4074, -1.2252 0.074 0.4315, -1.2008 0.0772 0.45, -1.2008 -0.0772 0.45, -1.1723 -0.0792 0.4617, -1.1723 -0.0 0.4684, -1.1723 -0.156 0.4417, -1.2008 -0.1521 0.4305, -1.2252 -0.1459 0.4128, -1.1723 -0.2284 0.4089, -1.2008 -0.2869 0.3553, -1.2008 -0.2227 0.3986, -1.2252 -0.2751 0.3407, -1.2252 -0.2135 0.3822, -1.244 -0.2597 0.3216, -1.244 -0.2016 0.3609, -1.2558 -0.2418 0.2995, -1.2598 -0.3515 -0.045, -1.2598 -0.3388 -0.1038, -1.2558 -0.3818 -0.0489, -1.2558 -0.368 -0.1127, -1.244 -0.41 -0.0525, -1.244 -0.3953 -0.121, -1.2252 -0.4343 -0.0556, -1.2252 -0.4187 -0.1282, -1.2008 -0.4529 -0.058, -1.2008 -0.4366 -0.1337, -1.1723 -0.4646 -0.0595, -1.2598 -0.2452 -0.2558, -1.2598 -0.1984 -0.2936, -1.2558 -0.2663 -0.2779, -1.2558 -0.2155 -0.3189, -1.244 -0.286 -0.2984, -1.244 -0.2315 -0.3425, -1.2252 -0.303 -0.3161, -1.2252 -0.2452 -0.3628, -1.2008 -0.316 -0.3297, -1.2008 -0.2557 -0.3783, -1.1723 -0.3241 -0.3382, -1.2598 0.1459 -0.3229, -1.2598 0.1984 -0.2936, -1.2558 0.1585 -0.3507, -1.2558 0.2155 -0.3189, -1.244 0.1703 -0.3767, -1.244 0.2315 -0.3425, -1.2252 0.1804 -0.399, -1.2252 0.2452 -0.3628, -1.2008 0.1881 -0.4161, -1.2008 0.2557 -0.3783, -1.1723 0.1929 -0.4268, -1.2598 0.3164 -0.1595, -1.2598 0.3388 -0.1038, -1.2558 0.3437 -0.1733, -1.2558 0.368 -0.1127, -1.244 0.3691 -0.1861, -1.244 0.3953 -0.121, -1.2252 0.391 -0.1971, -1.2252 0.4187 -0.1282, -1.2008 0.4077 -0.2056, -1.2008 0.4366 -0.1337, -1.1723 0.4183 -0.2109, -1.2598 0.3464 0.0746, -1.2598 0.3288 0.1321, -1.2558 0.3763 0.0811, -1.2558 0.3571 0.1435, -1.244 0.4041 0.0871, -1.244 0.3836 0.1541, -1.2252 0.428 0.0922, -1.2252 0.4063 0.1633, -1.2008 0.4464 0.0962, -1.2008 0.4237 0.1703, -1.1723 0.4579 0.0987, -1.1417 -0.1614 0.4436, -1.1417 -0.1574 0.4455, -1.1417 -0.0798 0.4656, -1.1417 -0.0547 0.4678, -1.1417 -0.2304 0.4124, -1.1417 -0.2587 0.3933, -1.1417 -0.3546 0.3121, -1.1723 -0.3516 0.3095, -1.2008 -0.3428 0.3017, -1.2252 -0.3287 0.2893, -1.244 -0.3103 0.2731, -1.2558 -0.2889 0.2543, -1.2598 -0.266 0.2341, -1.2598 -0.3017 0.1858, -1.2558 -0.3278 0.2018, -1.244 -0.352 0.2167, -1.2252 -0.3728 0.2296, -1.2008 -0.3888 0.2394, -1.2008 -0.4237 0.1703, -1.2252 -0.4063 0.1633, -1.244 -0.3836 0.1541, -1.2558 -0.3571 0.1435, -1.2598 -0.3288 0.1321, -1.2008 -0.4464 0.0962, -1.2252 -0.428 0.0922, -1.244 -0.4041 0.0871, -1.2558 -0.3763 0.0811, -1.2598 -0.3464 0.0746, -1.1417 -0.472 0.0201, -1.1723 -0.468 0.0199, -1.2008 -0.4562 0.0194, -1.2252 -0.4375 0.0186, -1.244 -0.413 0.0175, -1.2558 -0.3846 0.0163, -1.2598 -0.354 0.015, -1.1417 -0.4686 -0.06, -1.1417 -0.4639 -0.0818, -1.1417 -0.4219 -0.2127, -1.1723 -0.4183 -0.2109, -1.2008 -0.4077 -0.2056, -1.2252 -0.391 -0.1971, -1.244 -0.3691 -0.1861, -1.2558 -0.3437 -0.1733, -1.2598 -0.3164 -0.1595, -1.2598 -0.2849 -0.2107, -1.2558 -0.3095 -0.2289, -1.244 -0.3324 -0.2458, -1.2252 -0.352 -0.2604, -1.2008 -0.3671 -0.2715, -1.1417 -0.3269 -0.3411, -1.1417 -0.3027 -0.3607, -1.1417 -0.1946 -0.4305, -1.1723 -0.1929 -0.4268, -1.2008 -0.1881 -0.4161, -1.2252 -0.1804 -0.399, -1.244 -0.1703 -0.3767, -1.2558 -0.1585 -0.3507, -1.2598 -0.1459 -0.3229, -1.2598 -0.0893 -0.3429, -1.2558 -0.097 -0.3725, -1.244 -0.1042 -0.4, -1.2252 -0.1103 -0.4237, -1.2008 -0.1151 -0.4419, -1.2008 -0.0387 -0.455, -1.2252 -0.0371 -0.4363, -1.244 -0.0351 -0.4119, -1.2558 -0.0326 -0.3835, -1.2598 -0.03 -0.3531, -1.2008 0.0387 -0.455, -1.2252 0.0371 -0.4363, -1.244 0.0351 -0.4119, -1.2558 0.0326 -0.3835, -1.2598 0.03 -0.3531, -1.1417 0.119 -0.4572, -1.1723 0.118 -0.4533, -1.2008 0.1151 -0.4419, -1.2252 0.1103 -0.4237, -1.244 0.1042 -0.4, -1.2558 0.097 -0.3725, -1.2598 0.0893 -0.3429, -1.1417 0.1946 -0.4305, -1.1417 0.2114 -0.4211, -1.2008 0.316 -0.3297, -1.2252 0.303 -0.3161, -1.244 0.286 -0.2984, -1.2558 0.2663 -0.2779, -1.2598 0.2452 -0.2558, -1.1417 0.3798 -0.2809, -1.1723 0.3766 -0.2785, -1.2008 0.3671 -0.2715, -1.2252 0.352 -0.2604, -1.244 0.3324 -0.2458, -1.2558 0.3095 -0.2289, -1.2598 0.2849 -0.2107, -1.1417 0.4219 -0.2127, -1.1417 0.4324 -0.1865, -1.1417 0.4686 -0.06, -1.1723 0.4646 -0.0595, -1.2008 0.4529 -0.058, -1.2252 0.4343 -0.0556, -1.244 0.41 -0.0525, -1.2558 0.3818 -0.0489, -1.2598 0.3515 -0.045, -1.2598 0.354 0.015, -1.2558 0.3846 0.0163, -1.244 0.413 0.0175, -1.2252 0.4375 0.0186, -1.2008 0.4562 0.0194, -1.1417 0.4618 0.0995, -1.1417 0.451 0.135, -1.1417 0.4023 0.2477, -1.1723 0.3989 0.2456, -1.2008 0.3888 0.2394, -1.2252 0.3728 0.2296, -1.244 0.352 0.2167, -1.2558 0.3278 0.2018, -1.2598 0.3017 0.1858, -1.2598 0.266 0.2341, -1.2558 0.2889 0.2543, -1.244 0.3103 0.2731, -1.2252 0.3287 0.2893, -1.2008 0.3428 0.3017, -1.2008 0.2869 0.3553, -1.2252 0.2751 0.3407, -1.244 0.2597 0.3216, -1.2558 0.2418 0.2995, -1.2598 0.2226 0.2757, -1.2008 0.2227 0.3986, -1.2252 0.2135 0.3822, -1.244 0.2016 0.3609, -1.2558 0.1877 0.336, -1.2598 0.1728 0.3093, -1.1417 0.1574 0.4455, -1.1723 0.156 0.4417, -1.2008 0.1521 0.4305, -1.2252 0.1459 0.4128, -1.244 0.1377 0.3898, -1.2558 0.1282 0.3629, -1.2598 0.118 0.3341, -1.2598 0.118 0.3341
            ]
        }
        coordIndex [
            0,1,2,-1,2,1,3,-1,2,3,4,-1,4,3,5,-1,4,5,6,-1,6,5,7,-1,6,7,8,-1,8,7,9,-1,8,9,10,-1,10,9,11,-1,10,11,12,-1,12,11,13,-1,12,13,14,-1,14,13,15,-1,14,15,16,-1,17,18,19,-1,19,18,20,-1,19,20,21,-1,21,20,22,-1,21,22,23,-1,23,22,24,-1,23,24,25,-1,25,24,26,-1,25,26,27,-1,27,26,28,-1,27,28,29,-1,29,28,30,-1,29,30,31,-1,31,30,32,-1,31,32,0,-1,0,32,33,-1,0,33,1,-1,15,34,16,-1,16,34,35,-1,16,35,36,-1,36,35,37,-1,36,37,38,-1,38,37,39,-1,38,39,40,-1,40,39,41,-1,40,41,42,-1,42,41,43,-1,42,43,44,-1,44,43,45,-1,44,45,46,-1,46,45,47,-1,46,47,48,-1,48,47,49,-1,48,49,17,-1,17,49,50,-1,17,50,18,-1,51,52,53,-1,54,55,56,-1,57,58,59,-1,59,58,60,-1,59,60,61,-1,62,63,64,-1,64,63,65,-1,64,65,66,-1,67,68,61,-1,61,68,69,-1,69,70,61,-1,61,70,71,-1,61,71,72,-1,72,73,61,-1,61,73,74,-1,61,74,75,-1,75,76,61,-1,61,76,77,-1,61,77,59,-1,59,77,78,-1,59,78,79,-1,80,59,65,-1,65,59,79,-1,65,79,66,-1,81,82,83,-1,83,82,84,-1,83,84,80,-1,80,84,85,-1,80,85,59,-1,85,86,59,-1,59,86,87,-1,59,87,88,-1,89,90,91,-1,91,90,92,-1,91,92,93,-1,94,95,96,-1,96,95,91,-1,96,91,97,-1,97,91,93,-1,98,59,91,-1,91,59,88,-1,91,88,89,-1,99,100,101,-1,101,100,102,-1,101,102,103,-1,103,104,101,-1,101,104,105,-1,101,105,106,-1,106,107,108,-1,108,109,110,-1,106,108,101,-1,101,108,110,-1,101,110,111,-1,112,113,63,-1,114,63,101,-1,101,63,62,-1,101,62,99,-1,114,115,63,-1,63,115,116,-1,63,116,117,-1,117,118,63,-1,63,118,119,-1,63,119,120,-1,120,121,63,-1,63,121,122,-1,63,122,123,-1,123,124,63,-1,63,124,125,-1,63,125,126,-1,126,127,63,-1,63,127,128,-1,63,128,129,-1,129,130,63,-1,63,130,131,-1,63,131,132,-1,132,133,63,-1,63,133,134,-1,63,134,135,-1,135,136,63,-1,63,136,137,-1,63,137,112,-1,138,139,140,-1,140,139,141,-1,140,141,142,-1,143,144,145,-1,145,144,146,-1,147,148,149,-1,149,138,145,-1,145,138,150,-1,145,150,143,-1,143,150,151,-1,143,151,152,-1,152,151,153,-1,152,153,154,-1,149,148,138,-1,138,148,155,-1,138,155,156,-1,94,157,95,-1,95,157,158,-1,95,158,159,-1,160,161,162,-1,159,163,95,-1,95,163,164,-1,95,164,162,-1,162,164,165,-1,162,165,160,-1,161,166,162,-1,162,166,167,-1,162,167,144,-1,144,167,168,-1,168,169,144,-1,144,169,170,-1,144,170,171,-1,171,172,144,-1,144,172,173,-1,144,173,174,-1,174,175,144,-1,144,175,176,-1,144,176,146,-1,146,176,177,-1,146,177,178,-1,179,180,181,-1,181,180,182,-1,183,67,184,-1,184,67,181,-1,184,181,185,-1,185,181,182,-1,183,186,67,-1,67,186,187,-1,67,187,188,-1,188,189,67,-1,67,189,190,-1,67,190,68,-1,191,192,193,-1,193,194,191,-1,191,194,195,-1,191,195,196,-1,196,197,191,-1,191,197,198,-1,191,198,199,-1,199,200,191,-1,191,200,201,-1,191,201,179,-1,179,201,202,-1,179,202,180,-1,203,204,113,-1,112,205,113,-1,113,205,206,-1,113,206,203,-1,203,206,207,-1,203,207,208,-1,208,192,203,-1,203,192,191,-1,203,191,209,-1,210,178,211,-1,211,178,84,-1,211,84,212,-1,212,84,82,-1,203,146,204,-1,204,146,178,-1,204,178,213,-1,213,178,210,-1,213,210,214,-1,214,210,215,-1,54,56,216,-1,58,217,218,-1,218,219,58,-1,58,219,220,-1,58,220,56,-1,56,220,221,-1,56,221,216,-1,222,223,224,-1,225,226,224,-1,224,226,227,-1,224,227,228,-1,228,229,224,-1,224,229,230,-1,224,230,231,-1,231,232,224,-1,224,232,233,-1,224,233,234,-1,234,235,224,-1,224,235,236,-1,224,236,222,-1,222,236,237,-1,238,239,240,-1,241,242,243,-1,244,245,246,-1,246,247,244,-1,244,247,248,-1,244,248,249,-1,249,250,244,-1,244,250,251,-1,244,251,252,-1,253,244,254,-1,254,244,252,-1,254,252,255,-1,253,256,244,-1,244,256,257,-1,244,257,258,-1,258,259,244,-1,244,259,260,-1,244,260,261,-1,261,262,244,-1,244,262,263,-1,244,263,264,-1,264,265,244,-1,244,265,266,-1,244,266,267,-1,268,269,267,-1,267,269,270,-1,267,270,244,-1,245,244,271,-1,271,244,272,-1,271,272,243,-1,243,272,273,-1,243,273,241,-1,242,274,243,-1,243,274,275,-1,243,275,276,-1,276,277,243,-1,243,277,278,-1,243,278,279,-1,280,281,282,-1,283,225,284,-1,284,225,224,-1,284,224,285,-1,285,224,243,-1,285,243,282,-1,282,243,279,-1,282,279,280,-1,281,286,282,-1,282,286,287,-1,282,287,288,-1,288,289,282,-1,282,289,290,-1,282,290,291,-1,291,292,282,-1,282,292,293,-1,282,293,294,-1,294,295,282,-1,282,295,296,-1,282,296,297,-1,297,298,282,-1,282,298,299,-1,282,299,300,-1,301,302,303,-1,303,302,304,-1,303,304,305,-1,306,282,307,-1,308,309,310,-1,310,309,311,-1,310,311,312,-1,312,311,139,-1,312,139,313,-1,314,315,316,-1,316,317,314,-1,314,317,318,-1,314,318,319,-1,319,320,314,-1,314,320,321,-1,314,321,322,-1,323,324,325,-1,325,324,314,-1,325,314,326,-1,326,314,322,-1,323,327,324,-1,324,327,328,-1,324,328,329,-1,329,330,324,-1,324,330,331,-1,324,331,332,-1,333,334,335,-1,335,336,333,-1,333,336,337,-1,333,337,338,-1,338,339,333,-1,333,339,340,-1,333,340,341,-1,341,340,342,-1,341,342,343,-1,343,342,344,-1,345,346,344,-1,344,346,347,-1,347,348,344,-1,344,348,349,-1,344,349,350,-1,350,351,344,-1,344,351,352,-1,344,352,353,-1,353,354,344,-1,344,354,355,-1,344,355,356,-1,356,357,344,-1,344,357,358,-1,344,358,359,-1,359,360,344,-1,344,360,361,-1,344,361,362,-1,362,363,344,-1,344,363,364,-1,344,364,343,-1,314,365,307,-1,366,367,368,-1,368,367,369,-1,369,370,368,-1,368,370,371,-1,368,371,372,-1,372,373,368,-1,368,373,374,-1,368,374,375,-1,375,376,368,-1,368,376,377,-1,368,377,378,-1,300,379,282,-1,282,379,368,-1,282,368,307,-1,307,368,378,-1,307,378,314,-1,314,378,380,-1,314,380,315,-1,381,382,365,-1,191,56,209,-1,209,56,55,-1,209,55,383,-1,383,55,384,-1,383,384,365,-1,365,384,385,-1,365,385,381,-1,313,139,386,-1,386,139,138,-1,386,138,387,-1,387,138,156,-1,387,156,388,-1,388,156,389,-1,388,389,390,-1,390,391,388,-1,388,391,392,-1,388,392,393,-1,393,394,388,-1,388,394,395,-1,388,395,396,-1,396,397,388,-1,388,397,398,-1,388,398,399,-1,400,401,402,-1,399,403,388,-1,388,403,404,-1,388,404,402,-1,402,404,405,-1,402,405,400,-1,401,406,402,-1,402,406,407,-1,402,407,408,-1,408,407,409,-1,408,409,410,-1,410,411,408,-1,408,411,412,-1,408,412,413,-1,413,414,408,-1,408,414,415,-1,408,415,416,-1,417,418,408,-1,408,418,309,-1,408,309,301,-1,301,309,308,-1,301,308,302,-1,419,420,421,-1,421,420,422,-1,149,423,147,-1,147,423,421,-1,147,421,424,-1,424,421,422,-1,424,422,425,-1,416,426,408,-1,408,426,427,-1,408,427,417,-1,417,427,424,-1,417,424,428,-1,428,424,429,-1,240,239,430,-1,430,239,431,-1,430,431,432,-1,432,433,430,-1,430,433,434,-1,430,434,435,-1,435,436,430,-1,430,436,437,-1,430,437,438,-1,439,440,425,-1,425,440,441,-1,425,441,424,-1,424,441,442,-1,424,442,429,-1,429,442,430,-1,429,430,443,-1,443,430,438,-1,146,444,445,-1,445,446,146,-1,146,446,447,-1,146,447,448,-1,448,449,146,-1,146,449,450,-1,146,450,451,-1,451,452,146,-1,146,452,453,-1,146,453,454,-1,223,455,146,-1,454,456,146,-1,146,456,457,-1,146,457,223,-1,223,457,458,-1,223,458,224,-1,459,460,461,-1,461,460,462,-1,461,462,463,-1,463,462,464,-1,464,462,465,-1,464,465,455,-1,455,465,238,-1,455,238,146,-1,146,238,240,-1,146,240,145,-1,466,467,468,-1,468,467,444,-1,444,467,445,-1,445,467,469,-1,445,469,333,-1,470,471,469,-1,469,471,324,-1,469,324,333,-1,333,324,332,-1,333,332,334,-1,472,473,474,-1,474,475,476,-1,476,475,477,-1,476,477,478,-1,478,479,476,-1,476,479,480,-1,476,480,481,-1,481,482,476,-1,476,482,483,-1,476,483,484,-1,484,485,476,-1,476,485,486,-1,476,486,474,-1,474,486,487,-1,474,487,472,-1,473,488,474,-1,474,488,489,-1,474,489,490,-1,490,491,474,-1,474,491,492,-1,474,492,493,-1,493,494,474,-1,474,494,495,-1,474,495,496,-1,496,497,474,-1,474,497,498,-1,474,498,499,-1,499,498,500,-1,499,500,501,-1,501,500,502,-1,502,500,503,-1,502,503,504,-1,504,503,505,-1,504,505,506,-1,506,507,504,-1,504,507,508,-1,504,508,509,-1,509,508,379,-1,509,379,510,-1,510,379,300,-1,507,511,508,-1,508,511,512,-1,508,512,513,-1,513,514,508,-1,508,514,515,-1,508,515,516,-1,517,518,519,-1,517,519,520,-1,518,521,519,-1,519,521,522,-1,519,522,523,-1,523,524,519,-1,519,524,525,-1,519,525,526,-1,515,527,516,-1,516,527,528,-1,516,528,529,-1,529,528,530,-1,529,530,531,-1,526,532,519,-1,519,532,529,-1,519,529,533,-1,533,529,531,-1,520,519,534,-1,534,519,535,-1,534,535,536,-1,450,537,451,-1,451,537,534,-1,451,534,538,-1,538,534,536,-1,539,540,53,-1,53,541,539,-1,539,541,542,-1,539,542,543,-1,543,544,539,-1,539,544,545,-1,539,545,546,-1,546,547,59,-1,59,547,548,-1,59,548,549,-1,549,550,59,-1,59,550,551,-1,59,551,552,-1,553,57,554,-1,554,57,59,-1,554,59,555,-1,555,59,552,-1,556,557,540,-1,558,559,560,-1,558,560,540,-1,540,560,561,-1,540,561,556,-1,557,562,540,-1,540,562,563,-1,540,563,564,-1,564,565,540,-1,540,565,566,-1,540,566,567,-1,567,568,540,-1,540,568,569,-1,540,569,570,-1,570,571,540,-1,540,571,572,-1,540,572,53,-1,53,572,573,-1,53,573,51,-1,574,575,576,-1,576,575,577,-1,576,577,578,-1,579,580,581,-1,582,576,581,-1,581,576,578,-1,581,578,579,-1,582,583,576,-1,576,583,584,-1,576,584,585,-1,585,586,576,-1,576,586,587,-1,576,587,588,-1,588,589,576,-1,576,589,590,-1,576,590,558,-1,558,590,591,-1,558,591,559,-1,307,592,593,-1,593,592,594,-1,594,595,593,-1,593,595,596,-1,593,596,597,-1,597,598,593,-1,593,598,599,-1,593,599,600,-1,601,602,603,-1,603,602,604,-1,603,604,576,-1,576,604,605,-1,576,605,574,-1,606,607,608,-1,608,607,609,-1,608,609,610,-1,382,611,365,-1,365,611,612,-1,365,612,307,-1,307,612,613,-1,307,613,614,-1,614,615,307,-1,307,615,616,-1,307,616,617,-1,617,618,307,-1,307,618,619,-1,307,619,620,-1,620,621,307,-1,307,621,622,-1,307,622,592,-1,592,622,623,-1,592,623,624,-1,625,626,627,-1,626,628,627,-1,627,628,629,-1,627,629,630,-1,630,631,627,-1,627,631,632,-1,627,632,633,-1,625,627,634,-1,634,627,635,-1,634,635,636,-1,636,637,634,-1,634,637,638,-1,634,638,639,-1,624,640,592,-1,592,640,634,-1,592,634,641,-1,641,634,639,-1,642,643,644,-1,633,632,645,-1,645,632,646,-1,645,646,647,-1,647,646,648,-1,647,648,649,-1,649,648,650,-1,649,650,651,-1,642,644,652,-1,650,653,651,-1,651,653,654,-1,651,654,644,-1,644,654,655,-1,644,655,652,-1,643,656,644,-1,644,656,657,-1,644,657,658,-1,657,659,658,-1,658,659,660,-1,658,660,661,-1,661,662,658,-1,658,662,663,-1,658,663,664,-1,664,665,658,-1,658,665,666,-1,658,666,667,-1,667,668,658,-1,658,668,669,-1,658,669,670,-1,670,671,658,-1,658,671,672,-1,658,672,608,-1,608,672,673,-1,608,673,606,-1,674,675,676,-1,677,678,676,-1,678,679,676,-1,676,679,680,-1,676,680,681,-1,675,682,676,-1,676,682,683,-1,676,683,684,-1,685,686,687,-1,687,686,688,-1,687,688,689,-1,689,688,676,-1,689,676,690,-1,690,676,684,-1,685,691,692,-1,693,685,694,-1,694,685,692,-1,694,692,695,-1,693,696,685,-1,685,696,697,-1,685,697,698,-1,698,699,685,-1,685,699,700,-1,685,700,686,-1,686,701,688,-1,688,701,702,-1,688,702,703,-1,703,704,688,-1,688,704,705,-1,688,705,706,-1,706,707,688,-1,688,707,708,-1,688,708,709,-1,610,710,608,-1,608,710,711,-1,608,711,712,-1,712,713,608,-1,608,713,714,-1,608,714,715,-1,715,716,608,-1,608,716,717,-1,608,717,718,-1,718,719,608,-1,608,719,720,-1,608,720,721,-1,721,722,608,-1,608,722,723,-1,608,723,724,-1,725,726,676,-1,724,727,608,-1,608,727,728,-1,608,728,729,-1,729,728,730,-1,729,730,676,-1,676,730,731,-1,676,731,725,-1,726,732,676,-1,676,732,733,-1,676,733,677,-1,734,735,736,-1,736,737,734,-1,734,737,738,-1,734,738,739,-1,739,740,734,-1,734,740,741,-1,734,741,742,-1,742,741,743,-1,735,734,744,-1,744,734,745,-1,744,745,709,-1,745,746,709,-1,709,746,747,-1,709,747,748,-1,748,749,709,-1,709,749,750,-1,709,750,751,-1,751,752,709,-1,709,752,753,-1,709,753,688,-1,688,753,754,-1,754,755,688,-1,688,755,756,-1,688,756,757,-1,757,758,688,-1,688,758,759,-1,688,759,760,-1,760,759,761,-1,760,761,762,-1,763,764,765,-1,765,764,681,-1,765,681,766,-1,674,676,767,-1,767,676,681,-1,767,681,768,-1,768,681,764,-1,768,764,769,-1,553,770,57,-1,57,770,771,-1,57,771,772,-1,772,773,57,-1,57,773,774,-1,57,774,775,-1,775,776,57,-1,57,776,777,-1,57,777,58,-1,58,777,778,-1,58,778,217,-1,142,141,98,-1,98,141,779,-1,98,779,59,-1,59,779,780,-1,59,780,781,-1,781,780,782,-1,781,782,783,-1,783,782,784,-1,783,784,785,-1,785,784,786,-1,785,786,787,-1,787,786,788,-1,787,788,789,-1,789,788,790,-1,789,790,791,-1,546,59,539,-1,539,59,781,-1,539,781,792,-1,792,781,783,-1,792,783,793,-1,793,783,785,-1,793,785,794,-1,794,785,787,-1,794,787,795,-1,795,787,789,-1,795,789,796,-1,796,789,791,-1,796,791,797,-1,797,791,798,-1,797,798,799,-1,799,798,800,-1,799,800,801,-1,801,800,802,-1,801,802,803,-1,803,802,804,-1,803,804,805,-1,805,804,806,-1,805,806,807,-1,807,806,808,-1,807,808,809,-1,809,808,810,-1,809,810,811,-1,811,810,812,-1,811,812,813,-1,813,812,814,-1,813,814,815,-1,815,814,816,-1,815,816,817,-1,817,816,818,-1,817,818,819,-1,819,818,820,-1,819,820,821,-1,821,820,822,-1,821,822,823,-1,823,822,824,-1,823,824,825,-1,825,824,826,-1,825,826,827,-1,827,826,828,-1,827,828,829,-1,829,828,593,-1,829,593,603,-1,603,593,600,-1,603,600,601,-1,790,830,791,-1,791,830,831,-1,791,831,798,-1,798,831,832,-1,798,832,800,-1,800,832,833,-1,800,833,802,-1,802,833,834,-1,802,834,804,-1,804,834,835,-1,804,835,806,-1,806,835,836,-1,806,836,808,-1,808,836,837,-1,808,837,810,-1,810,837,838,-1,810,838,812,-1,812,838,839,-1,812,839,814,-1,814,839,840,-1,814,840,816,-1,816,840,841,-1,816,841,818,-1,818,841,842,-1,818,842,820,-1,820,842,843,-1,820,843,822,-1,822,843,844,-1,822,844,824,-1,824,844,845,-1,824,845,826,-1,826,845,846,-1,826,846,828,-1,828,846,847,-1,828,847,593,-1,593,847,311,-1,593,311,307,-1,307,311,309,-1,307,309,306,-1,848,849,850,-1,850,849,851,-1,850,851,852,-1,852,851,853,-1,852,853,854,-1,854,853,855,-1,854,855,856,-1,856,855,857,-1,856,857,858,-1,858,857,859,-1,858,859,860,-1,860,859,861,-1,860,861,862,-1,862,861,863,-1,862,863,864,-1,865,866,867,-1,867,866,868,-1,867,868,869,-1,869,868,870,-1,869,870,871,-1,871,870,872,-1,871,872,873,-1,873,872,874,-1,873,874,875,-1,875,874,876,-1,875,876,877,-1,877,876,878,-1,877,878,879,-1,879,878,880,-1,879,880,848,-1,848,880,881,-1,848,881,849,-1,863,882,864,-1,864,882,883,-1,864,883,884,-1,884,883,885,-1,884,885,886,-1,886,885,887,-1,886,887,888,-1,888,887,889,-1,888,889,890,-1,890,889,891,-1,890,891,892,-1,892,891,893,-1,892,893,894,-1,894,893,895,-1,894,895,896,-1,896,895,897,-1,896,897,865,-1,865,897,898,-1,865,898,866,-1,899,900,901,-1,902,903,904,-1,905,906,907,-1,908,909,910,-1,911,912,913,-1,914,915,916,-1,917,918,919,-1,920,921,922,-1,923,924,925,-1,926,927,928,-1,929,930,931,-1,932,933,934,-1,935,936,937,-1,938,939,940,-1,941,942,943,-1,944,945,946,-1,947,948,949,-1,950,951,952,-1,953,954,955,-1,956,957,958,-1,958,957,959,-1,958,959,960,-1,960,959,961,-1,960,961,962,-1,962,961,963,-1,962,963,964,-1,964,963,965,-1,964,965,966,-1,966,965,955,-1,967,968,969,-1,969,968,970,-1,969,970,971,-1,971,970,972,-1,971,972,973,-1,973,972,974,-1,973,974,975,-1,975,974,976,-1,975,976,977,-1,977,976,949,-1,978,979,980,-1,980,979,981,-1,980,981,982,-1,982,981,983,-1,982,983,984,-1,984,983,985,-1,984,985,986,-1,986,985,987,-1,986,987,988,-1,988,987,937,-1,989,990,991,-1,991,990,992,-1,991,992,993,-1,993,992,994,-1,993,994,995,-1,995,994,996,-1,995,996,997,-1,997,996,998,-1,997,998,999,-1,999,998,931,-1,1000,1001,1002,-1,1002,1001,1003,-1,1002,1003,1004,-1,1004,1003,1005,-1,1004,1005,1006,-1,1006,1005,1007,-1,1006,1007,1008,-1,1008,1007,1009,-1,1008,1009,1010,-1,1010,1009,919,-1,1011,1012,1013,-1,1013,1012,1014,-1,1013,1014,1015,-1,1015,1014,1016,-1,1015,1016,1017,-1,1017,1016,1018,-1,1017,1018,1019,-1,1019,1018,1020,-1,1019,1020,1021,-1,1021,1020,913,-1,1022,1023,1024,-1,1024,1023,1025,-1,1024,1025,1026,-1,1026,1025,1027,-1,1026,1027,1028,-1,1028,1027,1029,-1,1028,1029,1030,-1,1030,1029,1031,-1,1030,1031,1032,-1,1032,1031,901,-1,25,956,1033,-1,1033,956,958,-1,1033,958,1034,-1,1034,958,960,-1,1034,960,1035,-1,1035,960,962,-1,1035,962,1036,-1,1036,962,964,-1,1036,964,1037,-1,1037,964,966,-1,1037,966,823,-1,823,966,1038,-1,955,954,966,-1,966,954,1039,-1,966,1039,1038,-1,1040,953,1041,-1,1041,953,955,-1,1041,955,1042,-1,1042,955,965,-1,1042,965,1043,-1,1043,965,963,-1,1043,963,1044,-1,1044,963,961,-1,1044,961,1045,-1,1045,961,959,-1,1045,959,1046,-1,1046,959,957,-1,1046,1047,1045,-1,1045,1047,1048,-1,1045,1048,1044,-1,1044,1048,1049,-1,1044,1049,1043,-1,1043,1049,1050,-1,1043,1050,1042,-1,1042,1050,1051,-1,1042,1051,1041,-1,1041,1051,952,-1,1041,952,1040,-1,1040,952,951,-1,1052,950,977,-1,977,950,952,-1,977,952,975,-1,975,952,1051,-1,975,1051,973,-1,973,1051,1050,-1,973,1050,971,-1,971,1050,1049,-1,971,1049,969,-1,969,1049,1048,-1,969,1048,967,-1,967,1048,1047,-1,949,948,977,-1,977,948,1053,-1,977,1053,1052,-1,1054,947,1055,-1,1055,947,949,-1,1055,949,1056,-1,1056,949,976,-1,1056,976,1057,-1,1057,976,974,-1,1057,974,1058,-1,1058,974,972,-1,1058,972,1059,-1,1059,972,970,-1,1059,970,1060,-1,1060,970,968,-1,1060,1061,1059,-1,1059,1061,1062,-1,1059,1062,1058,-1,1058,1062,1063,-1,1058,1063,1057,-1,1057,1063,1064,-1,1057,1064,1056,-1,1056,1064,1065,-1,1056,1065,1055,-1,1055,1065,946,-1,1055,946,1054,-1,1054,946,945,-1,942,944,943,-1,943,944,946,-1,943,946,1066,-1,1066,946,1065,-1,1066,1065,1067,-1,1067,1065,1064,-1,1067,1064,1068,-1,1068,1064,1063,-1,1068,1063,1069,-1,1069,1063,1062,-1,1069,1062,1070,-1,1070,1062,1061,-1,939,941,940,-1,940,941,943,-1,940,943,1071,-1,1071,943,1066,-1,1071,1066,1072,-1,1072,1066,1067,-1,1072,1067,1073,-1,1073,1067,1068,-1,1073,1068,1074,-1,1074,1068,1069,-1,1074,1069,1075,-1,1075,1069,1070,-1,1076,938,1077,-1,1077,938,940,-1,1077,940,1078,-1,1078,940,1071,-1,1078,1071,1079,-1,1079,1071,1072,-1,1079,1072,1080,-1,1080,1072,1073,-1,1080,1073,1081,-1,1081,1073,1074,-1,1081,1074,1082,-1,1082,1074,1075,-1,1082,978,1081,-1,1081,978,980,-1,1081,980,1080,-1,1080,980,982,-1,1080,982,1079,-1,1079,982,984,-1,1079,984,1078,-1,1078,984,986,-1,1078,986,1077,-1,1077,986,988,-1,1077,988,1076,-1,1076,988,1083,-1,937,936,988,-1,988,936,1084,-1,988,1084,1083,-1,1085,935,1086,-1,1086,935,937,-1,1086,937,1087,-1,1087,937,987,-1,1087,987,1088,-1,1088,987,985,-1,1088,985,1089,-1,1089,985,983,-1,1089,983,1090,-1,1090,983,981,-1,1090,981,1091,-1,1091,981,979,-1,1091,1092,1090,-1,1090,1092,1093,-1,1090,1093,1089,-1,1089,1093,1094,-1,1089,1094,1088,-1,1088,1094,1095,-1,1088,1095,1087,-1,1087,1095,1096,-1,1087,1096,1086,-1,1086,1096,934,-1,1086,934,1085,-1,1085,934,933,-1,1097,932,999,-1,999,932,934,-1,999,934,997,-1,997,934,1096,-1,997,1096,995,-1,995,1096,1095,-1,995,1095,993,-1,993,1095,1094,-1,993,1094,991,-1,991,1094,1093,-1,991,1093,989,-1,989,1093,1092,-1,931,930,999,-1,999,930,1098,-1,999,1098,1097,-1,1099,929,1100,-1,1100,929,931,-1,1100,931,1101,-1,1101,931,998,-1,1101,998,1102,-1,1102,998,996,-1,1102,996,1103,-1,1103,996,994,-1,1103,994,1104,-1,1104,994,992,-1,1104,992,1105,-1,1105,992,990,-1,1105,1106,1104,-1,1104,1106,1107,-1,1104,1107,1103,-1,1103,1107,1108,-1,1103,1108,1102,-1,1102,1108,1109,-1,1102,1109,1101,-1,1101,1109,1110,-1,1101,1110,1100,-1,1100,1110,928,-1,1100,928,1099,-1,1099,928,927,-1,924,926,925,-1,925,926,928,-1,925,928,1111,-1,1111,928,1110,-1,1111,1110,1112,-1,1112,1110,1109,-1,1112,1109,1113,-1,1113,1109,1108,-1,1113,1108,1114,-1,1114,1108,1107,-1,1114,1107,1115,-1,1115,1107,1106,-1,921,923,922,-1,922,923,925,-1,922,925,1116,-1,1116,925,1111,-1,1116,1111,1117,-1,1117,1111,1112,-1,1117,1112,1118,-1,1118,1112,1113,-1,1118,1113,1119,-1,1119,1113,1114,-1,1119,1114,1120,-1,1120,1114,1115,-1,1121,920,1122,-1,1122,920,922,-1,1122,922,1123,-1,1123,922,1116,-1,1123,1116,1124,-1,1124,1116,1117,-1,1124,1117,1125,-1,1125,1117,1118,-1,1125,1118,1126,-1,1126,1118,1119,-1,1126,1119,1127,-1,1127,1119,1120,-1,1127,1000,1126,-1,1126,1000,1002,-1,1126,1002,1125,-1,1125,1002,1004,-1,1125,1004,1124,-1,1124,1004,1006,-1,1124,1006,1123,-1,1123,1006,1008,-1,1123,1008,1122,-1,1122,1008,1010,-1,1122,1010,1121,-1,1121,1010,1128,-1,919,918,1010,-1,1010,918,1129,-1,1010,1129,1128,-1,1130,917,1131,-1,1131,917,919,-1,1131,919,1132,-1,1132,919,1009,-1,1132,1009,1133,-1,1133,1009,1007,-1,1133,1007,1134,-1,1134,1007,1005,-1,1134,1005,1135,-1,1135,1005,1003,-1,1135,1003,1136,-1,1136,1003,1001,-1,1136,1137,1135,-1,1135,1137,1138,-1,1135,1138,1134,-1,1134,1138,1139,-1,1134,1139,1133,-1,1133,1139,1140,-1,1133,1140,1132,-1,1132,1140,1141,-1,1132,1141,1131,-1,1131,1141,916,-1,1131,916,1130,-1,1130,916,915,-1,1142,914,1021,-1,1021,914,916,-1,1021,916,1019,-1,1019,916,1141,-1,1019,1141,1017,-1,1017,1141,1140,-1,1017,1140,1015,-1,1015,1140,1139,-1,1015,1139,1013,-1,1013,1139,1138,-1,1013,1138,1011,-1,1011,1138,1137,-1,913,912,1021,-1,1021,912,1143,-1,1021,1143,1142,-1,1144,911,1145,-1,1145,911,913,-1,1145,913,1146,-1,1146,913,1020,-1,1146,1020,1147,-1,1147,1020,1018,-1,1147,1018,1148,-1,1148,1018,1016,-1,1148,1016,1149,-1,1149,1016,1014,-1,1149,1014,1150,-1,1150,1014,1012,-1,1150,1151,1149,-1,1149,1151,1152,-1,1149,1152,1148,-1,1148,1152,1153,-1,1148,1153,1147,-1,1147,1153,1154,-1,1147,1154,1146,-1,1146,1154,1155,-1,1146,1155,1145,-1,1145,1155,910,-1,1145,910,1144,-1,1144,910,909,-1,906,908,907,-1,907,908,910,-1,907,910,1156,-1,1156,910,1155,-1,1156,1155,1157,-1,1157,1155,1154,-1,1157,1154,1158,-1,1158,1154,1153,-1,1158,1153,1159,-1,1159,1153,1152,-1,1159,1152,1160,-1,1160,1152,1151,-1,903,905,904,-1,904,905,907,-1,904,907,1161,-1,1161,907,1156,-1,1161,1156,1162,-1,1162,1156,1157,-1,1162,1157,1163,-1,1163,1157,1158,-1,1163,1158,1164,-1,1164,1158,1159,-1,1164,1159,1165,-1,1165,1159,1160,-1,1166,902,1167,-1,1167,902,904,-1,1167,904,1168,-1,1168,904,1161,-1,1168,1161,1169,-1,1169,1161,1162,-1,1169,1162,1170,-1,1170,1162,1163,-1,1170,1163,1171,-1,1171,1163,1164,-1,1171,1164,1172,-1,1172,1164,1165,-1,1172,1022,1171,-1,1171,1022,1024,-1,1171,1024,1170,-1,1170,1024,1026,-1,1170,1026,1169,-1,1169,1026,1028,-1,1169,1028,1168,-1,1168,1028,1030,-1,1168,1030,1167,-1,1167,1030,1032,-1,1167,1032,1166,-1,1166,1032,1173,-1,901,900,1032,-1,1032,900,1174,-1,1032,1174,1173,-1,1175,899,1176,-1,1176,899,901,-1,1176,901,1177,-1,1177,901,1031,-1,1177,1031,1178,-1,1178,1031,1029,-1,1178,1029,1179,-1,1179,1029,1027,-1,1179,1027,1180,-1,1180,1027,1025,-1,1180,1025,1181,-1,1181,1025,1023,-1,1181,25,1180,-1,1180,25,1033,-1,1180,1033,1179,-1,1179,1033,1034,-1,1179,1034,1178,-1,1178,1034,1035,-1,1178,1035,1177,-1,1177,1035,1036,-1,1177,1036,1176,-1,1176,1036,1037,-1,1176,1037,1175,-1,1175,1037,823,-1,1182,1183,1184,-1,1185,1186,1187,-1,1188,1189,1190,-1,1191,1192,1193,-1,1194,1195,1196,-1,1197,1198,1199,-1,1200,1201,1202,-1,1203,1204,1205,-1,1206,1207,1208,-1,1209,1210,1211,-1,1212,1213,1214,-1,1215,1216,1217,-1,1218,1219,1220,-1,1221,1222,1223,-1,1224,1225,1226,-1,1227,1228,1229,-1,1230,1231,1232,-1,1233,1234,1235,-1,1236,1237,1238,-1,1239,1240,1241,-1,1242,1240,1243,-1,1243,1240,1239,-1,1243,1239,1244,-1,1245,1242,1246,-1,1246,1242,1243,-1,1246,1243,1247,-1,1247,1243,1244,-1,1247,1244,1248,-1,873,1245,1249,-1,1249,1245,1246,-1,1249,1246,1250,-1,1250,1246,1247,-1,1250,1247,1251,-1,1251,1247,1248,-1,1251,1248,1252,-1,1253,873,1254,-1,1254,873,1249,-1,1254,1249,1255,-1,1255,1249,1250,-1,1255,1250,1256,-1,1256,1250,1251,-1,1256,1251,1257,-1,1257,1251,1252,-1,1257,1252,1184,-1,1258,1259,1260,-1,1261,1259,1262,-1,1262,1259,1258,-1,1262,1258,1263,-1,1238,1264,1265,-1,1265,1264,1266,-1,1265,1266,1267,-1,1267,1266,1268,-1,1267,1268,1269,-1,1269,1268,1270,-1,1269,1270,1271,-1,1272,1273,1274,-1,1274,1273,1275,-1,1274,1275,1276,-1,1276,1275,1277,-1,1276,1277,1278,-1,1278,1277,1279,-1,1278,1279,1280,-1,1280,1279,1281,-1,1280,1281,1282,-1,1282,1281,1226,-1,1283,1284,1285,-1,1285,1284,1286,-1,1285,1286,1287,-1,1287,1286,1288,-1,1287,1288,1289,-1,1289,1288,1290,-1,1289,1290,1291,-1,1291,1290,1292,-1,1291,1292,1293,-1,1293,1292,1220,-1,1294,1295,1296,-1,1296,1295,1297,-1,1296,1297,1298,-1,1298,1297,1299,-1,1298,1299,1300,-1,1300,1299,1301,-1,1300,1301,1302,-1,1302,1301,1303,-1,1302,1303,1304,-1,1304,1303,1208,-1,1305,1306,1307,-1,1307,1306,1308,-1,1307,1308,1309,-1,1309,1308,1310,-1,1309,1310,1311,-1,1311,1310,1312,-1,1311,1312,1313,-1,1313,1312,1314,-1,1313,1314,1315,-1,1315,1314,1202,-1,1316,1317,1318,-1,1318,1317,1319,-1,1318,1319,1320,-1,1320,1319,1321,-1,1320,1321,1322,-1,1322,1321,1323,-1,1322,1323,1324,-1,1324,1323,1325,-1,1324,1325,1326,-1,1326,1325,1196,-1,1327,1328,1261,-1,1261,1328,1329,-1,1261,1329,1259,-1,1259,1329,1330,-1,1259,1330,1260,-1,1260,1330,790,-1,1331,1327,1264,-1,1264,1327,1261,-1,1264,1261,1266,-1,1266,1261,1262,-1,1266,1262,1268,-1,1268,1262,1263,-1,1268,1263,1270,-1,1238,1237,1264,-1,1264,1237,1332,-1,1264,1332,1331,-1,1333,1236,1334,-1,1334,1236,1238,-1,1334,1238,1335,-1,1335,1238,1265,-1,1335,1265,1336,-1,1336,1265,1267,-1,1336,1267,1337,-1,1337,1267,1269,-1,1337,1269,1338,-1,1338,1269,1271,-1,1338,1271,1339,-1,1339,1271,1241,-1,1339,1340,1338,-1,1338,1340,1341,-1,1338,1341,1337,-1,1337,1341,1342,-1,1337,1342,1336,-1,1336,1342,1343,-1,1336,1343,1335,-1,1335,1343,1344,-1,1335,1344,1334,-1,1334,1344,1235,-1,1334,1235,1333,-1,1333,1235,1234,-1,1231,1233,1232,-1,1232,1233,1235,-1,1232,1235,1345,-1,1345,1235,1344,-1,1345,1344,1346,-1,1346,1344,1343,-1,1346,1343,1347,-1,1347,1343,1342,-1,1347,1342,1348,-1,1348,1342,1341,-1,1348,1341,1349,-1,1349,1341,1340,-1,1228,1230,1229,-1,1229,1230,1232,-1,1229,1232,1350,-1,1350,1232,1345,-1,1350,1345,1351,-1,1351,1345,1346,-1,1351,1346,1352,-1,1352,1346,1347,-1,1352,1347,1353,-1,1353,1347,1348,-1,1353,1348,1354,-1,1354,1348,1349,-1,1355,1227,1356,-1,1356,1227,1229,-1,1356,1229,1357,-1,1357,1229,1350,-1,1357,1350,1358,-1,1358,1350,1351,-1,1358,1351,1359,-1,1359,1351,1352,-1,1359,1352,1360,-1,1360,1352,1353,-1,1360,1353,1361,-1,1361,1353,1354,-1,1361,1272,1360,-1,1360,1272,1274,-1,1360,1274,1359,-1,1359,1274,1276,-1,1359,1276,1358,-1,1358,1276,1278,-1,1358,1278,1357,-1,1357,1278,1280,-1,1357,1280,1356,-1,1356,1280,1282,-1,1356,1282,1355,-1,1355,1282,1362,-1,1226,1225,1282,-1,1282,1225,1363,-1,1282,1363,1362,-1,1364,1224,1365,-1,1365,1224,1226,-1,1365,1226,1366,-1,1366,1226,1281,-1,1366,1281,1367,-1,1367,1281,1279,-1,1367,1279,1368,-1,1368,1279,1277,-1,1368,1277,1369,-1,1369,1277,1275,-1,1369,1275,1370,-1,1370,1275,1273,-1,1370,1371,1369,-1,1369,1371,1372,-1,1369,1372,1368,-1,1368,1372,1373,-1,1368,1373,1367,-1,1367,1373,1374,-1,1367,1374,1366,-1,1366,1374,1375,-1,1366,1375,1365,-1,1365,1375,1223,-1,1365,1223,1364,-1,1364,1223,1222,-1,1376,1221,1293,-1,1293,1221,1223,-1,1293,1223,1291,-1,1291,1223,1375,-1,1291,1375,1289,-1,1289,1375,1374,-1,1289,1374,1287,-1,1287,1374,1373,-1,1287,1373,1285,-1,1285,1373,1372,-1,1285,1372,1283,-1,1283,1372,1371,-1,1220,1219,1293,-1,1293,1219,1377,-1,1293,1377,1376,-1,1378,1218,1379,-1,1379,1218,1220,-1,1379,1220,1380,-1,1380,1220,1292,-1,1380,1292,1381,-1,1381,1292,1290,-1,1381,1290,1382,-1,1382,1290,1288,-1,1382,1288,1383,-1,1383,1288,1286,-1,1383,1286,1384,-1,1384,1286,1284,-1,1384,1385,1383,-1,1383,1385,1386,-1,1383,1386,1382,-1,1382,1386,1387,-1,1382,1387,1381,-1,1381,1387,1388,-1,1381,1388,1380,-1,1380,1388,1389,-1,1380,1389,1379,-1,1379,1389,1217,-1,1379,1217,1378,-1,1378,1217,1216,-1,1213,1215,1214,-1,1214,1215,1217,-1,1214,1217,1390,-1,1390,1217,1389,-1,1390,1389,1391,-1,1391,1389,1388,-1,1391,1388,1392,-1,1392,1388,1387,-1,1392,1387,1393,-1,1393,1387,1386,-1,1393,1386,1394,-1,1394,1386,1385,-1,1210,1212,1211,-1,1211,1212,1214,-1,1211,1214,1395,-1,1395,1214,1390,-1,1395,1390,1396,-1,1396,1390,1391,-1,1396,1391,1397,-1,1397,1391,1392,-1,1397,1392,1398,-1,1398,1392,1393,-1,1398,1393,1399,-1,1399,1393,1394,-1,1400,1209,1401,-1,1401,1209,1211,-1,1401,1211,1402,-1,1402,1211,1395,-1,1402,1395,1403,-1,1403,1395,1396,-1,1403,1396,1404,-1,1404,1396,1397,-1,1404,1397,1405,-1,1405,1397,1398,-1,1405,1398,1406,-1,1406,1398,1399,-1,1406,1294,1405,-1,1405,1294,1296,-1,1405,1296,1404,-1,1404,1296,1298,-1,1404,1298,1403,-1,1403,1298,1300,-1,1403,1300,1402,-1,1402,1300,1302,-1,1402,1302,1401,-1,1401,1302,1304,-1,1401,1304,1400,-1,1400,1304,1407,-1,1208,1207,1304,-1,1304,1207,1408,-1,1304,1408,1407,-1,1204,1206,1205,-1,1205,1206,1208,-1,1205,1208,1409,-1,1409,1208,1303,-1,1409,1303,1410,-1,1410,1303,1301,-1,1410,1301,1411,-1,1411,1301,1299,-1,1411,1299,1412,-1,1412,1299,1297,-1,1412,1297,1413,-1,1413,1297,1295,-1,1414,1203,1415,-1,1415,1203,1205,-1,1415,1205,1416,-1,1416,1205,1409,-1,1416,1409,1417,-1,1417,1409,1410,-1,1417,1410,1418,-1,1418,1410,1411,-1,1418,1411,1419,-1,1419,1411,1412,-1,1419,1412,1420,-1,1420,1412,1413,-1,1420,1305,1419,-1,1419,1305,1307,-1,1419,1307,1418,-1,1418,1307,1309,-1,1418,1309,1417,-1,1417,1309,1311,-1,1417,1311,1416,-1,1416,1311,1313,-1,1416,1313,1415,-1,1415,1313,1315,-1,1415,1315,1414,-1,1414,1315,1421,-1,1202,1201,1315,-1,1315,1201,1422,-1,1315,1422,1421,-1,1423,1200,1424,-1,1424,1200,1202,-1,1424,1202,1425,-1,1425,1202,1314,-1,1425,1314,1426,-1,1426,1314,1312,-1,1426,1312,1427,-1,1427,1312,1310,-1,1427,1310,1428,-1,1428,1310,1308,-1,1428,1308,1429,-1,1429,1308,1306,-1,1429,1430,1428,-1,1428,1430,1431,-1,1428,1431,1427,-1,1427,1431,1432,-1,1427,1432,1426,-1,1426,1432,1433,-1,1426,1433,1425,-1,1425,1433,1434,-1,1425,1434,1424,-1,1424,1434,1199,-1,1424,1199,1423,-1,1423,1199,1198,-1,1435,1197,1326,-1,1326,1197,1199,-1,1326,1199,1324,-1,1324,1199,1434,-1,1324,1434,1322,-1,1322,1434,1433,-1,1322,1433,1320,-1,1320,1433,1432,-1,1320,1432,1318,-1,1318,1432,1431,-1,1318,1431,1316,-1,1316,1431,1430,-1,1196,1195,1326,-1,1326,1195,1436,-1,1326,1436,1435,-1,1437,1194,1438,-1,1438,1194,1196,-1,1438,1196,1439,-1,1439,1196,1325,-1,1439,1325,1440,-1,1440,1325,1323,-1,1440,1323,1441,-1,1441,1323,1321,-1,1441,1321,1442,-1,1442,1321,1319,-1,1442,1319,1443,-1,1443,1319,1317,-1,1443,1444,1442,-1,1442,1444,1445,-1,1442,1445,1441,-1,1441,1445,1446,-1,1441,1446,1440,-1,1440,1446,1447,-1,1440,1447,1439,-1,1439,1447,1448,-1,1439,1448,1438,-1,1438,1448,1193,-1,1438,1193,1437,-1,1437,1193,1192,-1,1189,1191,1190,-1,1190,1191,1193,-1,1190,1193,1449,-1,1449,1193,1448,-1,1449,1448,1450,-1,1450,1448,1447,-1,1450,1447,1451,-1,1451,1447,1446,-1,1451,1446,1452,-1,1452,1446,1445,-1,1452,1445,1453,-1,1453,1445,1444,-1,1186,1188,1187,-1,1187,1188,1190,-1,1187,1190,1454,-1,1454,1190,1449,-1,1454,1449,1455,-1,1455,1449,1450,-1,1455,1450,1456,-1,1456,1450,1451,-1,1456,1451,1457,-1,1457,1451,1452,-1,1457,1452,1458,-1,1458,1452,1453,-1,1459,1185,1460,-1,1460,1185,1187,-1,1460,1187,1461,-1,1461,1187,1454,-1,1461,1454,1462,-1,1462,1454,1455,-1,1462,1455,1463,-1,1463,1455,1456,-1,1463,1456,1464,-1,1464,1456,1457,-1,1464,1457,1465,-1,1465,1457,1458,-1,1465,1253,1464,-1,1464,1253,1254,-1,1464,1254,1463,-1,1463,1254,1255,-1,1463,1255,1462,-1,1462,1255,1256,-1,1462,1256,1461,-1,1461,1256,1257,-1,1461,1257,1460,-1,1460,1257,1184,-1,1460,1184,1459,-1,1459,1184,1183,-1,1241,1271,1239,-1,1239,1271,1270,-1,1239,1270,1244,-1,1244,1270,1263,-1,1244,1263,1248,-1,1248,1263,1258,-1,1248,1258,1252,-1,1252,1258,1260,-1,1252,1260,1184,-1,1184,1260,790,-1,1184,790,1182,-1,
        ]
    }
}
Shape{
    appearance Appearance {
        material  Material 	{
            diffuseColor 1.0 1.0 1.0
            specularColor 0.5019607843137255 0.5019607843137255 0.5019607843137255
            ambientIntensity 0.2
            transparency 0
            shininess 0.5
        }
    }
    geometry IndexedFaceSet {
        ccw TRUE
        solid FALSE
        coord DEF co Coordinate {
            point [
                -2.0867 0.0591 -2.4409, -2.0749 0.0306 -2.4409, -2.189 0.0 -2.4409, -2.0709 0.0 -2.4409, -2.0749 -0.0306 -2.4409, -2.1584 0.1141 -2.4409, -2.1299 0.1023 -2.4409, -2.1055 0.0835 -2.4409, -2.248 0.1023 -2.4409, -2.2195 0.1141 -2.4409, -2.189 0.1181 -2.4409, -2.3031 0.0306 -2.4409, -2.2913 0.0591 -2.4409, -2.2725 0.0835 -2.4409, -2.2913 -0.0591 -2.4409, -2.3031 -0.0306 -2.4409, -2.3071 0.0 -2.4409, -2.2195 -0.1141 -2.4409, -2.248 -0.1023 -2.4409, -2.2725 -0.0835 -2.4409, -2.1299 -0.1023 -2.4409, -2.1584 -0.1141 -2.4409, -2.189 -0.1181 -2.4409, -2.0867 -0.0591 -2.4409, -2.1055 -0.0835 -2.4409, -1.7953 0.0 0.1181, -1.7953 -0.0306 0.1141, -1.378 -0.0272 0.1149, -1.7953 -0.0591 0.1023, -1.378 -0.053 0.1055, -1.378 -0.0304 0.1138, -1.7953 -0.0835 0.0835, -1.378 -0.0759 0.0905, -1.378 -0.0587 0.1018, -1.7953 -0.1023 0.0591, -1.378 -0.0947 0.0705, -1.378 -0.083 0.083, -1.7953 -0.1141 0.0306, -1.378 -0.1085 0.0468, -1.378 -0.1016 0.0587, -1.7953 -0.1181 0.0, -1.378 -0.1163 0.0205, -1.378 -0.1134 0.0304, -1.7953 -0.1141 -0.0306, -1.378 -0.1179 -0.0069, -1.378 -0.1175 -0.0, -1.7953 -0.1023 -0.0591, -1.378 -0.1131 -0.0339, -1.378 -0.1137 -0.0305, -1.7953 -0.0835 -0.0835, -1.378 -0.0859 -0.0811, -1.378 -0.1023 -0.0591, -1.7953 -0.0591 -0.1023, -1.378 -0.0649 -0.0987, -1.378 -0.0833 -0.0832, -1.7953 -0.0306 -0.1141, -1.378 -0.0404 -0.111, -1.378 -0.0588 -0.1018, -1.7953 0.0 -0.1181, -1.378 -0.0137 -0.1173, -1.378 -0.0304 -0.1134, -1.7953 0.0306 -0.1141, -1.378 0.0137 -0.1173, -1.378 0.0 -0.1173, -1.7953 0.0591 -0.1023, -1.378 0.0404 -0.111, -1.378 0.0304 -0.1134, -1.7953 0.0835 -0.0835, -1.378 0.0649 -0.0987, -1.378 0.0588 -0.1018, -1.7953 0.1023 -0.0591, -1.378 0.0859 -0.0811, -1.378 0.0833 -0.0832, -1.7953 0.1141 -0.0306, -1.378 0.1131 -0.0339, -1.378 0.1023 -0.0591, -1.7953 0.1181 0.0, -1.378 0.1179 -0.0069, -1.378 0.1137 -0.0305, -1.7953 0.1141 0.0306, -1.378 0.1163 0.0205, -1.378 0.1175 -0.0, -1.7953 0.1023 0.0591, -1.378 0.1085 0.0468, -1.378 0.1134 0.0304, -1.7953 0.0835 0.0835, -1.378 0.0947 0.0705, -1.378 0.1016 0.0587, -1.7953 0.0591 0.1023, -1.378 0.0759 0.0905, -1.378 0.083 0.083, -1.7953 0.0306 0.1141, -1.378 0.053 0.1055, -1.378 0.0587 0.1018, -1.378 0.0 0.1181, -1.378 0.0272 0.1149, -1.378 0.0304 0.1138, -2.0709 0.0 -0.3937, -2.0675 0.0 -0.3506, -2.0749 -0.0306 -0.3937, -2.0714 -0.0306 -0.35, -2.0867 -0.0591 -0.3937, -2.0831 -0.0591 -0.3481, -2.1055 -0.0835 -0.3937, -2.1016 -0.0835 -0.3452, -2.1299 -0.1023 -0.3937, -2.1258 -0.1023 -0.3414, -2.1584 -0.1141 -0.3937, -2.1539 -0.1141 -0.3369, -2.189 -0.1181 -0.3937, -2.1841 -0.1181 -0.3321, -2.2195 -0.1141 -0.3937, -2.2143 -0.1141 -0.3273, -2.248 -0.1023 -0.3937, -2.2425 -0.1023 -0.3229, -2.2725 -0.0835 -0.3937, -2.2666 -0.0835 -0.319, -2.2913 -0.0591 -0.3937, -2.2852 -0.0591 -0.3161, -2.3031 -0.0306 -0.3937, -2.2968 -0.0306 -0.3143, -2.3071 0.0 -0.3937, -2.3008 0.0 -0.3136, -2.3031 0.0306 -0.3937, -2.2968 0.0306 -0.3143, -2.2913 0.0591 -0.3937, -2.2852 0.0591 -0.3161, -2.2725 0.0835 -0.3937, -2.2666 0.0835 -0.319, -2.248 0.1023 -0.3937, -2.2425 0.1023 -0.3229, -2.2195 0.1141 -0.3937, -2.2143 0.1141 -0.3273, -2.189 0.1181 -0.3937, -2.1841 0.1181 -0.3321, -2.1584 0.1141 -0.3937, -2.1539 0.1141 -0.3369, -2.1299 0.1023 -0.3937, -2.1258 0.1023 -0.3414, -2.1055 0.0835 -0.3937, -2.1016 0.0835 -0.3452, -2.0867 0.0591 -0.3937, -2.0831 0.0591 -0.3481, -2.0749 0.0306 -0.3937, -2.0714 0.0306 -0.35, -2.0574 0.0 -0.3085, -2.0612 -0.0306 -0.3073, -2.0724 -0.0591 -0.3036, -2.0903 -0.0835 -0.2978, -2.1135 -0.1023 -0.2903, -2.1406 -0.1141 -0.2815, -2.1697 -0.1181 -0.272, -2.1988 -0.1141 -0.2626, -2.2259 -0.1023 -0.2538, -2.2491 -0.0835 -0.2462, -2.267 -0.0591 -0.2404, -2.2782 -0.0306 -0.2368, -2.282 0.0 -0.2355, -2.2782 0.0306 -0.2368, -2.267 0.0591 -0.2404, -2.2491 0.0835 -0.2462, -2.2259 0.1023 -0.2538, -2.1988 0.1141 -0.2626, -2.1697 0.1181 -0.272, -2.1406 0.1141 -0.2815, -2.1135 0.1023 -0.2903, -2.0903 0.0835 -0.2978, -2.0724 0.0591 -0.3036, -2.0612 0.0306 -0.3073, -2.0408 0.0 -0.2686, -2.0444 -0.0306 -0.2668, -2.0549 -0.0591 -0.2614, -2.0717 -0.0835 -0.2529, -2.0934 -0.1023 -0.2418, -2.1188 -0.1141 -0.2288, -2.1461 -0.1181 -0.215, -2.1733 -0.1141 -0.2011, -2.1987 -0.1023 -0.1882, -2.2205 -0.0835 -0.177, -2.2372 -0.0591 -0.1685, -2.2477 -0.0306 -0.1632, -2.2513 0.0 -0.1613, -2.2477 0.0306 -0.1632, -2.2372 0.0591 -0.1685, -2.2205 0.0835 -0.177, -2.1987 0.1023 -0.1882, -2.1733 0.1141 -0.2011, -2.1461 0.1181 -0.215, -2.1188 0.1141 -0.2288, -2.0934 0.1023 -0.2418, -2.0717 0.0835 -0.2529, -2.0549 0.0591 -0.2614, -2.0444 0.0306 -0.2668, -2.0182 0.0 -0.2317, -2.0215 -0.0306 -0.2293, -2.031 -0.0591 -0.2224, -2.0462 -0.0835 -0.2114, -2.066 -0.1023 -0.197, -2.0891 -0.1141 -0.1803, -2.1138 -0.1181 -0.1623, -2.1385 -0.1141 -0.1443, -2.1616 -0.1023 -0.1276, -2.1814 -0.0835 -0.1132, -2.1965 -0.0591 -0.1022, -2.2061 -0.0306 -0.0952, -2.2093 0.0 -0.0929, -2.2061 0.0306 -0.0952, -2.1965 0.0591 -0.1022, -2.1814 0.0835 -0.1132, -2.1616 0.1023 -0.1276, -2.1385 0.1141 -0.1443, -2.1138 0.1181 -0.1623, -2.0891 0.1141 -0.1803, -2.066 0.1023 -0.197, -2.0462 0.0835 -0.2114, -2.031 0.0591 -0.2224, -2.0215 0.0306 -0.2293, -1.9901 0.0 -0.1988, -1.993 -0.0306 -0.196, -2.0013 -0.0591 -0.1876, -2.0146 -0.0835 -0.1744, -2.0319 -0.1023 -0.1571, -2.052 -0.1141 -0.1369, -2.0737 -0.1181 -0.1153, -2.0953 -0.1141 -0.0937, -2.1154 -0.1023 -0.0736, -2.1327 -0.0835 -0.0563, -2.146 -0.0591 -0.043, -2.1543 -0.0306 -0.0346, -2.1572 0.0 -0.0318, -2.1543 0.0306 -0.0346, -2.146 0.0591 -0.043, -2.1327 0.0835 -0.0563, -2.1154 0.1023 -0.0736, -2.0953 0.1141 -0.0937, -2.0737 0.1181 -0.1153, -2.052 0.1141 -0.1369, -2.0319 0.1023 -0.1571, -2.0146 0.0835 -0.1744, -2.0013 0.0591 -0.1876, -1.993 0.0306 -0.196, -1.9573 0.0 -0.1707, -1.9596 -0.0306 -0.1675, -1.9666 -0.0591 -0.1579, -1.9776 -0.0835 -0.1428, -1.992 -0.1023 -0.123, -2.0087 -0.1141 -0.0999, -2.0267 -0.1181 -0.0752, -2.0447 -0.1141 -0.0505, -2.0614 -0.1023 -0.0274, -2.0758 -0.0835 -0.0076, -2.0868 -0.0591 0.0076, -2.0937 -0.0306 0.0171, -2.0961 0.0 0.0204, -2.0937 0.0306 0.0171, -2.0868 0.0591 0.0076, -2.0758 0.0835 -0.0076, -2.0614 0.1023 -0.0274, -2.0447 0.1141 -0.0505, -2.0267 0.1181 -0.0752, -2.0087 0.1141 -0.0999, -1.992 0.1023 -0.123, -1.9776 0.0835 -0.1428, -1.9666 0.0591 -0.1579, -1.9596 0.0306 -0.1675, -1.9204 0.0 -0.1481, -1.9222 -0.0306 -0.1446, -1.9276 -0.0591 -0.134, -1.9361 -0.0835 -0.1173, -1.9472 -0.1023 -0.0955, -1.9601 -0.1141 -0.0701, -1.974 -0.1181 -0.0429, -1.9879 -0.1141 -0.0157, -2.0008 -0.1023 0.0097, -2.0119 -0.0835 0.0315, -2.0204 -0.0591 0.0482, -2.0258 -0.0306 0.0587, -2.0276 0.0 0.0623, -2.0258 0.0306 0.0587, -2.0204 0.0591 0.0482, -2.0119 0.0835 0.0315, -2.0008 0.1023 0.0097, -1.9879 0.1141 -0.0157, -1.974 0.1181 -0.0429, -1.9601 0.1141 -0.0701, -1.9472 0.1023 -0.0955, -1.9361 0.0835 -0.1173, -1.9276 0.0591 -0.134, -1.9222 0.0306 -0.1446, -1.8804 0.0 -0.1316, -1.8817 -0.0306 -0.1278, -1.8853 -0.0591 -0.1165, -1.8911 -0.0835 -0.0987, -1.8987 -0.1023 -0.0754, -1.9075 -0.1141 -0.0483, -1.9169 -0.1181 -0.0193, -1.9264 -0.1141 0.0098, -1.9352 -0.1023 0.0369, -1.9427 -0.0835 0.0602, -1.9485 -0.0591 0.078, -1.9522 -0.0306 0.0892, -1.9534 0.0 0.0931, -1.9522 0.0306 0.0892, -1.9485 0.0591 0.078, -1.9427 0.0835 0.0602, -1.9352 0.1023 0.0369, -1.9264 0.1141 0.0098, -1.9169 0.1181 -0.0193, -1.9075 0.1141 -0.0483, -1.8987 0.1023 -0.0754, -1.8911 0.0835 -0.0987, -1.8853 0.0591 -0.1165, -1.8817 0.0306 -0.1278, -1.8384 0.0 -0.1215, -1.839 -0.0306 -0.1175, -1.8409 -0.0591 -0.1059, -1.8438 -0.0835 -0.0873, -1.8476 -0.1023 -0.0632, -1.8521 -0.1141 -0.035, -1.8569 -0.1181 -0.0048, -1.8616 -0.1141 0.0253, -1.8661 -0.1023 0.0535, -1.8699 -0.0835 0.0776, -1.8729 -0.0591 0.0962, -1.8747 -0.0306 0.1078, -1.8753 0.0 0.1118, -1.8747 0.0306 0.1078, -1.8729 0.0591 0.0962, -1.8699 0.0835 0.0776, -1.8661 0.1023 0.0535, -1.8616 0.1141 0.0253, -1.8569 0.1181 -0.0048, -1.8521 0.1141 -0.035, -1.8476 0.1023 -0.0632, -1.8438 0.0835 -0.0873, -1.8409 0.0591 -0.1059, -1.839 0.0306 -0.1175, 2.0867 -0.0591 -2.4409, 2.0749 -0.0306 -2.4409, 2.189 0.0 -2.4409, 2.0709 -0.0 -2.4409, 2.0749 0.0306 -2.4409, 2.1584 -0.1141 -2.4409, 2.1299 -0.1023 -2.4409, 2.1055 -0.0835 -2.4409, 2.248 -0.1023 -2.4409, 2.2195 -0.1141 -2.4409, 2.189 -0.1181 -2.4409, 2.3031 -0.0306 -2.4409, 2.2913 -0.0591 -2.4409, 2.2725 -0.0835 -2.4409, 2.2913 0.0591 -2.4409, 2.3031 0.0306 -2.4409, 2.3071 0.0 -2.4409, 2.2195 0.1141 -2.4409, 2.248 0.1023 -2.4409, 2.2725 0.0835 -2.4409, 2.1299 0.1023 -2.4409, 2.1584 0.1141 -2.4409, 2.189 0.1181 -2.4409, 2.0867 0.0591 -2.4409, 2.1055 0.0835 -2.4409, 1.7953 0.0 -0.1181, 1.7953 -0.0306 -0.1141, 1.378 -0.0272 -0.1149, 1.7953 -0.0591 -0.1023, 1.378 -0.053 -0.1055, 1.378 -0.0304 -0.1138, 1.7953 -0.0835 -0.0835, 1.378 -0.0759 -0.0905, 1.378 -0.0587 -0.1018, 1.7953 -0.1023 -0.0591, 1.378 -0.0947 -0.0705, 1.378 -0.083 -0.083, 1.7953 -0.1141 -0.0306, 1.378 -0.1085 -0.0468, 1.378 -0.1016 -0.0587, 1.7953 -0.1181 0.0, 1.378 -0.1163 -0.0205, 1.378 -0.1134 -0.0304, 1.7953 -0.1141 0.0306, 1.378 -0.1179 0.0069, 1.378 -0.1175 0.0, 1.7953 -0.1023 0.0591, 1.378 -0.1131 0.0339, 1.378 -0.1137 0.0305, 1.7953 -0.0835 0.0835, 1.378 -0.0859 0.0811, 1.378 -0.1023 0.0591, 1.7953 -0.0591 0.1023, 1.378 -0.0649 0.0987, 1.378 -0.0833 0.0832, 1.7953 -0.0306 0.1141, 1.378 -0.0404 0.111, 1.378 -0.0588 0.1018, 1.7953 0.0 0.1181, 1.378 -0.0137 0.1173, 1.378 -0.0304 0.1134, 1.7953 0.0306 0.1141, 1.378 0.0137 0.1173, 1.378 0.0 0.1173, 1.7953 0.0591 0.1023, 1.378 0.0404 0.111, 1.378 0.0304 0.1134, 1.7953 0.0835 0.0835, 1.378 0.0649 0.0987, 1.378 0.0588 0.1018, 1.7953 0.1023 0.0591, 1.378 0.0859 0.0811, 1.378 0.0833 0.0832, 1.7953 0.1141 0.0306, 1.378 0.1131 0.0339, 1.378 0.1023 0.0591, 1.7953 0.1181 0.0, 1.378 0.1179 0.0069, 1.378 0.1137 0.0305, 1.7953 0.1141 -0.0306, 1.378 0.1163 -0.0205, 1.378 0.1175 0.0, 1.7953 0.1023 -0.0591, 1.378 0.1085 -0.0468, 1.378 0.1134 -0.0304, 1.7953 0.0835 -0.0835, 1.378 0.0947 -0.0705, 1.378 0.1016 -0.0587, 1.7953 0.0591 -0.1023, 1.378 0.0759 -0.0905, 1.378 0.083 -0.083, 1.7953 0.0306 -0.1141, 1.378 0.053 -0.1055, 1.378 0.0587 -0.1018, 1.378 0.0 -0.1181, 1.378 0.0272 -0.1149, 1.378 0.0304 -0.1138, 2.0709 -0.0 -0.3937, 2.0675 -0.0 -0.3506, 2.0749 0.0306 -0.3937, 2.0714 0.0306 -0.35, 2.0867 0.0591 -0.3937, 2.0831 0.0591 -0.3481, 2.1055 0.0835 -0.3937, 2.1016 0.0835 -0.3452, 2.1299 0.1023 -0.3937, 2.1258 0.1023 -0.3414, 2.1584 0.1141 -0.3937, 2.1539 0.1141 -0.3369, 2.189 0.1181 -0.3937, 2.1841 0.1181 -0.3321, 2.2195 0.1141 -0.3937, 2.2143 0.1141 -0.3273, 2.248 0.1023 -0.3937, 2.2425 0.1023 -0.3229, 2.2725 0.0835 -0.3937, 2.2666 0.0835 -0.319, 2.2913 0.0591 -0.3937, 2.2852 0.0591 -0.3161, 2.3031 0.0306 -0.3937, 2.2968 0.0306 -0.3143, 2.3071 -0.0 -0.3937, 2.3008 -0.0 -0.3136, 2.3031 -0.0306 -0.3937, 2.2968 -0.0306 -0.3143, 2.2913 -0.0591 -0.3937, 2.2852 -0.0591 -0.3161, 2.2725 -0.0835 -0.3937, 2.2666 -0.0835 -0.319, 2.248 -0.1023 -0.3937, 2.2425 -0.1023 -0.3229, 2.2195 -0.1141 -0.3937, 2.2143 -0.1141 -0.3273, 2.189 -0.1181 -0.3937, 2.1841 -0.1181 -0.3321, 2.1584 -0.1141 -0.3937, 2.1539 -0.1141 -0.3369, 2.1299 -0.1023 -0.3937, 2.1258 -0.1023 -0.3414, 2.1055 -0.0835 -0.3937, 2.1016 -0.0835 -0.3452, 2.0867 -0.0591 -0.3937, 2.0831 -0.0591 -0.3481, 2.0749 -0.0306 -0.3937, 2.0714 -0.0306 -0.35, 2.0574 -0.0 -0.3085, 2.0612 0.0306 -0.3073, 2.0724 0.0591 -0.3036, 2.0903 0.0835 -0.2978, 2.1135 0.1023 -0.2903, 2.1406 0.1141 -0.2815, 2.1697 0.1181 -0.272, 2.1988 0.1141 -0.2626, 2.2259 0.1023 -0.2538, 2.2491 0.0835 -0.2462, 2.267 0.0591 -0.2404, 2.2782 0.0306 -0.2368, 2.282 -0.0 -0.2355, 2.2782 -0.0306 -0.2368, 2.267 -0.0591 -0.2404, 2.2491 -0.0835 -0.2462, 2.2259 -0.1023 -0.2538, 2.1988 -0.1141 -0.2626, 2.1697 -0.1181 -0.272, 2.1406 -0.1141 -0.2815, 2.1135 -0.1023 -0.2903, 2.0903 -0.0835 -0.2978, 2.0724 -0.0591 -0.3036, 2.0612 -0.0306 -0.3073, 2.0408 -0.0 -0.2686, 2.0444 0.0306 -0.2668, 2.0549 0.0591 -0.2614, 2.0717 0.0835 -0.2529, 2.0934 0.1023 -0.2418, 2.1188 0.1141 -0.2288, 2.1461 0.1181 -0.215, 2.1733 0.1141 -0.2011, 2.1987 0.1023 -0.1882, 2.2205 0.0835 -0.177, 2.2372 0.0591 -0.1685, 2.2477 0.0306 -0.1632, 2.2513 -0.0 -0.1613, 2.2477 -0.0306 -0.1632, 2.2372 -0.0591 -0.1685, 2.2205 -0.0835 -0.177, 2.1987 -0.1023 -0.1882, 2.1733 -0.1141 -0.2011, 2.1461 -0.1181 -0.215, 2.1188 -0.1141 -0.2288, 2.0934 -0.1023 -0.2418, 2.0717 -0.0835 -0.2529, 2.0549 -0.0591 -0.2614, 2.0444 -0.0306 -0.2668, 2.0182 -0.0 -0.2317, 2.0215 0.0306 -0.2293, 2.031 0.0591 -0.2224, 2.0462 0.0835 -0.2114, 2.066 0.1023 -0.197, 2.0891 0.1141 -0.1803, 2.1138 0.1181 -0.1623, 2.1385 0.1141 -0.1443, 2.1616 0.1023 -0.1276, 2.1814 0.0835 -0.1132, 2.1965 0.0591 -0.1022, 2.2061 0.0306 -0.0952, 2.2093 -0.0 -0.0929, 2.2061 -0.0306 -0.0952, 2.1965 -0.0591 -0.1022, 2.1814 -0.0835 -0.1132, 2.1616 -0.1023 -0.1276, 2.1385 -0.1141 -0.1443, 2.1138 -0.1181 -0.1623, 2.0891 -0.1141 -0.1803, 2.066 -0.1023 -0.197, 2.0462 -0.0835 -0.2114, 2.031 -0.0591 -0.2224, 2.0215 -0.0306 -0.2293, 1.9901 -0.0 -0.1988, 1.993 0.0306 -0.196, 2.0013 0.0591 -0.1876, 2.0146 0.0835 -0.1744, 2.0319 0.1023 -0.1571, 2.052 0.1141 -0.1369, 2.0737 0.1181 -0.1153, 2.0953 0.1141 -0.0937, 2.1154 0.1023 -0.0736, 2.1327 0.0835 -0.0563, 2.146 0.0591 -0.043, 2.1543 0.0306 -0.0346, 2.1572 -0.0 -0.0318, 2.1543 -0.0306 -0.0346, 2.146 -0.0591 -0.043, 2.1327 -0.0835 -0.0563, 2.1154 -0.1023 -0.0736, 2.0953 -0.1141 -0.0937, 2.0737 -0.1181 -0.1153, 2.052 -0.1141 -0.1369, 2.0319 -0.1023 -0.1571, 2.0146 -0.0835 -0.1744, 2.0013 -0.0591 -0.1876, 1.993 -0.0306 -0.196, 1.9573 -0.0 -0.1707, 1.9596 0.0306 -0.1675, 1.9666 0.0591 -0.1579, 1.9776 0.0835 -0.1428, 1.992 0.1023 -0.123, 2.0087 0.1141 -0.0999, 2.0267 0.1181 -0.0752, 2.0447 0.1141 -0.0505, 2.0614 0.1023 -0.0274, 2.0758 0.0835 -0.0076, 2.0868 0.0591 0.0076, 2.0937 0.0306 0.0171, 2.0961 -0.0 0.0204, 2.0937 -0.0306 0.0171, 2.0868 -0.0591 0.0076, 2.0758 -0.0835 -0.0076, 2.0614 -0.1023 -0.0274, 2.0447 -0.1141 -0.0505, 2.0267 -0.1181 -0.0752, 2.0087 -0.1141 -0.0999, 1.992 -0.1023 -0.123, 1.9776 -0.0835 -0.1428, 1.9666 -0.0591 -0.1579, 1.9596 -0.0306 -0.1675, 1.9204 -0.0 -0.1481, 1.9222 0.0306 -0.1446, 1.9276 0.0591 -0.134, 1.9361 0.0835 -0.1173, 1.9472 0.1023 -0.0955, 1.9601 0.1141 -0.0701, 1.974 0.1181 -0.0429, 1.9879 0.1141 -0.0157, 2.0008 0.1023 0.0097, 2.0119 0.0835 0.0315, 2.0204 0.0591 0.0482, 2.0258 0.0306 0.0587, 2.0276 -0.0 0.0623, 2.0258 -0.0306 0.0587, 2.0204 -0.0591 0.0482, 2.0119 -0.0835 0.0315, 2.0008 -0.1023 0.0097, 1.9879 -0.1141 -0.0157, 1.974 -0.1181 -0.0429, 1.9601 -0.1141 -0.0701, 1.9472 -0.1023 -0.0955, 1.9361 -0.0835 -0.1173, 1.9276 -0.0591 -0.134, 1.9222 -0.0306 -0.1446, 1.8804 -0.0 -0.1316, 1.8817 0.0306 -0.1278, 1.8853 0.0591 -0.1165, 1.8911 0.0835 -0.0987, 1.8987 0.1023 -0.0754, 1.9075 0.1141 -0.0483, 1.9169 0.1181 -0.0193, 1.9264 0.1141 0.0098, 1.9352 0.1023 0.0369, 1.9427 0.0835 0.0602, 1.9485 0.0591 0.078, 1.9522 0.0306 0.0892, 1.9534 -0.0 0.0931, 1.9522 -0.0306 0.0892, 1.9485 -0.0591 0.078, 1.9427 -0.0835 0.0602, 1.9352 -0.1023 0.0369, 1.9264 -0.1141 0.0098, 1.9169 -0.1181 -0.0193, 1.9075 -0.1141 -0.0483, 1.8987 -0.1023 -0.0754, 1.8911 -0.0835 -0.0987, 1.8853 -0.0591 -0.1165, 1.8817 -0.0306 -0.1278, 1.8384 -0.0 -0.1215, 1.839 0.0306 -0.1175, 1.8409 0.0591 -0.1059, 1.8438 0.0835 -0.0873, 1.8476 0.1023 -0.0632, 1.8521 0.1141 -0.035, 1.8569 0.1181 -0.0048, 1.8616 0.1141 0.0253, 1.8661 0.1023 0.0535, 1.8699 0.0835 0.0776, 1.8729 0.0591 0.0962, 1.8747 0.0306 0.1078, 1.8753 -0.0 0.1118, 1.8747 -0.0306 0.1078, 1.8729 -0.0591 0.0962, 1.8699 -0.0835 0.0776, 1.8661 -0.1023 0.0535, 1.8616 -0.1141 0.0253, 1.8569 -0.1181 -0.0048, 1.8521 -0.1141 -0.035, 1.8476 -0.1023 -0.0632, 1.8438 -0.0835 -0.0873, 1.8409 -0.0591 -0.1059, 1.839 -0.0306 -0.1175, 1.839 -0.0306 -0.1175
            ]
        }
        coordIndex [
            0,1,2,-1,2,1,3,-1,2,3,4,-1,5,6,2,-1,2,6,7,-1,2,7,0,-1,8,9,2,-1,2,9,10,-1,2,10,5,-1,11,12,2,-1,2,12,13,-1,2,13,8,-1,14,15,2,-1,2,15,16,-1,2,16,11,-1,17,18,2,-1,2,18,19,-1,2,19,14,-1,20,21,2,-1,2,21,22,-1,2,22,17,-1,4,23,2,-1,2,23,24,-1,2,24,20,-1,25,26,27,-1,28,29,26,-1,26,29,30,-1,26,30,27,-1,31,32,28,-1,28,32,33,-1,28,33,29,-1,34,35,31,-1,31,35,36,-1,31,36,32,-1,37,38,34,-1,34,38,39,-1,34,39,35,-1,40,41,37,-1,37,41,42,-1,37,42,38,-1,43,44,40,-1,40,44,45,-1,40,45,41,-1,46,47,43,-1,43,47,48,-1,43,48,44,-1,49,50,46,-1,46,50,51,-1,46,51,47,-1,52,53,49,-1,49,53,54,-1,49,54,50,-1,55,56,52,-1,52,56,57,-1,52,57,53,-1,58,59,55,-1,55,59,60,-1,55,60,56,-1,61,62,58,-1,58,62,63,-1,58,63,59,-1,64,65,61,-1,61,65,66,-1,61,66,62,-1,67,68,64,-1,64,68,69,-1,64,69,65,-1,70,71,67,-1,67,71,72,-1,67,72,68,-1,73,74,70,-1,70,74,75,-1,70,75,71,-1,76,77,73,-1,73,77,78,-1,73,78,74,-1,79,80,76,-1,76,80,81,-1,76,81,77,-1,82,83,79,-1,79,83,84,-1,79,84,80,-1,85,86,82,-1,82,86,87,-1,82,87,83,-1,88,89,85,-1,85,89,90,-1,85,90,86,-1,91,92,88,-1,88,92,93,-1,88,93,89,-1,27,94,25,-1,25,94,95,-1,25,95,91,-1,91,95,96,-1,91,96,92,-1,97,98,99,-1,99,98,100,-1,99,100,101,-1,101,100,102,-1,101,102,103,-1,103,102,104,-1,103,104,105,-1,105,104,106,-1,105,106,107,-1,107,106,108,-1,107,108,109,-1,109,108,110,-1,109,110,111,-1,111,110,112,-1,111,112,113,-1,113,112,114,-1,113,114,115,-1,115,114,116,-1,115,116,117,-1,117,116,118,-1,117,118,119,-1,119,118,120,-1,119,120,121,-1,121,120,122,-1,121,122,123,-1,123,122,124,-1,123,124,125,-1,125,124,126,-1,125,126,127,-1,127,126,128,-1,127,128,129,-1,129,128,130,-1,129,130,131,-1,131,130,132,-1,131,132,133,-1,133,132,134,-1,133,134,135,-1,135,134,136,-1,135,136,137,-1,137,136,138,-1,137,138,139,-1,139,138,140,-1,139,140,141,-1,141,140,142,-1,141,142,143,-1,143,142,144,-1,143,144,97,-1,97,144,98,-1,98,145,100,-1,100,145,146,-1,100,146,102,-1,102,146,147,-1,102,147,104,-1,104,147,148,-1,104,148,106,-1,106,148,149,-1,106,149,108,-1,108,149,150,-1,108,150,110,-1,110,150,151,-1,110,151,112,-1,112,151,152,-1,112,152,114,-1,114,152,153,-1,114,153,116,-1,116,153,154,-1,116,154,118,-1,118,154,155,-1,118,155,120,-1,120,155,156,-1,120,156,122,-1,122,156,157,-1,122,157,124,-1,124,157,158,-1,124,158,126,-1,126,158,159,-1,126,159,128,-1,128,159,160,-1,128,160,130,-1,130,160,161,-1,130,161,132,-1,132,161,162,-1,132,162,134,-1,134,162,163,-1,134,163,136,-1,136,163,164,-1,136,164,138,-1,138,164,165,-1,138,165,140,-1,140,165,166,-1,140,166,142,-1,142,166,167,-1,142,167,144,-1,144,167,168,-1,144,168,98,-1,98,168,145,-1,145,169,146,-1,146,169,170,-1,146,170,147,-1,147,170,171,-1,147,171,148,-1,148,171,172,-1,148,172,149,-1,149,172,173,-1,149,173,150,-1,150,173,174,-1,150,174,151,-1,151,174,175,-1,151,175,152,-1,152,175,176,-1,152,176,153,-1,153,176,177,-1,153,177,154,-1,154,177,178,-1,154,178,155,-1,155,178,179,-1,155,179,156,-1,156,179,180,-1,156,180,157,-1,157,180,181,-1,157,181,158,-1,158,181,182,-1,158,182,159,-1,159,182,183,-1,159,183,160,-1,160,183,184,-1,160,184,161,-1,161,184,185,-1,161,185,162,-1,162,185,186,-1,162,186,163,-1,163,186,187,-1,163,187,164,-1,164,187,188,-1,164,188,165,-1,165,188,189,-1,165,189,166,-1,166,189,190,-1,166,190,167,-1,167,190,191,-1,167,191,168,-1,168,191,192,-1,168,192,145,-1,145,192,169,-1,169,193,170,-1,170,193,194,-1,170,194,171,-1,171,194,195,-1,171,195,172,-1,172,195,196,-1,172,196,173,-1,173,196,197,-1,173,197,174,-1,174,197,198,-1,174,198,175,-1,175,198,199,-1,175,199,176,-1,176,199,200,-1,176,200,177,-1,177,200,201,-1,177,201,178,-1,178,201,202,-1,178,202,179,-1,179,202,203,-1,179,203,180,-1,180,203,204,-1,180,204,181,-1,181,204,205,-1,181,205,182,-1,182,205,206,-1,182,206,183,-1,183,206,207,-1,183,207,184,-1,184,207,208,-1,184,208,185,-1,185,208,209,-1,185,209,186,-1,186,209,210,-1,186,210,187,-1,187,210,211,-1,187,211,188,-1,188,211,212,-1,188,212,189,-1,189,212,213,-1,189,213,190,-1,190,213,214,-1,190,214,191,-1,191,214,215,-1,191,215,192,-1,192,215,216,-1,192,216,169,-1,169,216,193,-1,193,217,194,-1,194,217,218,-1,194,218,195,-1,195,218,219,-1,195,219,196,-1,196,219,220,-1,196,220,197,-1,197,220,221,-1,197,221,198,-1,198,221,222,-1,198,222,199,-1,199,222,223,-1,199,223,200,-1,200,223,224,-1,200,224,201,-1,201,224,225,-1,201,225,202,-1,202,225,226,-1,202,226,203,-1,203,226,227,-1,203,227,204,-1,204,227,228,-1,204,228,205,-1,205,228,229,-1,205,229,206,-1,206,229,230,-1,206,230,207,-1,207,230,231,-1,207,231,208,-1,208,231,232,-1,208,232,209,-1,209,232,233,-1,209,233,210,-1,210,233,234,-1,210,234,211,-1,211,234,235,-1,211,235,212,-1,212,235,236,-1,212,236,213,-1,213,236,237,-1,213,237,214,-1,214,237,238,-1,214,238,215,-1,215,238,239,-1,215,239,216,-1,216,239,240,-1,216,240,193,-1,193,240,217,-1,217,241,218,-1,218,241,242,-1,218,242,219,-1,219,242,243,-1,219,243,220,-1,220,243,244,-1,220,244,221,-1,221,244,245,-1,221,245,222,-1,222,245,246,-1,222,246,223,-1,223,246,247,-1,223,247,224,-1,224,247,248,-1,224,248,225,-1,225,248,249,-1,225,249,226,-1,226,249,250,-1,226,250,227,-1,227,250,251,-1,227,251,228,-1,228,251,252,-1,228,252,229,-1,229,252,253,-1,229,253,230,-1,230,253,254,-1,230,254,231,-1,231,254,255,-1,231,255,232,-1,232,255,256,-1,232,256,233,-1,233,256,257,-1,233,257,234,-1,234,257,258,-1,234,258,235,-1,235,258,259,-1,235,259,236,-1,236,259,260,-1,236,260,237,-1,237,260,261,-1,237,261,238,-1,238,261,262,-1,238,262,239,-1,239,262,263,-1,239,263,240,-1,240,263,264,-1,240,264,217,-1,217,264,241,-1,241,265,242,-1,242,265,266,-1,242,266,243,-1,243,266,267,-1,243,267,244,-1,244,267,268,-1,244,268,245,-1,245,268,269,-1,245,269,246,-1,246,269,270,-1,246,270,247,-1,247,270,271,-1,247,271,248,-1,248,271,272,-1,248,272,249,-1,249,272,273,-1,249,273,250,-1,250,273,274,-1,250,274,251,-1,251,274,275,-1,251,275,252,-1,252,275,276,-1,252,276,253,-1,253,276,277,-1,253,277,254,-1,254,277,278,-1,254,278,255,-1,255,278,279,-1,255,279,256,-1,256,279,280,-1,256,280,257,-1,257,280,281,-1,257,281,258,-1,258,281,282,-1,258,282,259,-1,259,282,283,-1,259,283,260,-1,260,283,284,-1,260,284,261,-1,261,284,285,-1,261,285,262,-1,262,285,286,-1,262,286,263,-1,263,286,287,-1,263,287,264,-1,264,287,288,-1,264,288,241,-1,241,288,265,-1,265,289,266,-1,266,289,290,-1,266,290,267,-1,267,290,291,-1,267,291,268,-1,268,291,292,-1,268,292,269,-1,269,292,293,-1,269,293,270,-1,270,293,294,-1,270,294,271,-1,271,294,295,-1,271,295,272,-1,272,295,296,-1,272,296,273,-1,273,296,297,-1,273,297,274,-1,274,297,298,-1,274,298,275,-1,275,298,299,-1,275,299,276,-1,276,299,300,-1,276,300,277,-1,277,300,301,-1,277,301,278,-1,278,301,302,-1,278,302,279,-1,279,302,303,-1,279,303,280,-1,280,303,304,-1,280,304,281,-1,281,304,305,-1,281,305,282,-1,282,305,306,-1,282,306,283,-1,283,306,307,-1,283,307,284,-1,284,307,308,-1,284,308,285,-1,285,308,309,-1,285,309,286,-1,286,309,310,-1,286,310,287,-1,287,310,311,-1,287,311,288,-1,288,311,312,-1,288,312,265,-1,265,312,289,-1,289,313,290,-1,290,313,314,-1,290,314,291,-1,291,314,315,-1,291,315,292,-1,292,315,316,-1,292,316,293,-1,293,316,317,-1,293,317,294,-1,294,317,318,-1,294,318,295,-1,295,318,319,-1,295,319,296,-1,296,319,320,-1,296,320,297,-1,297,320,321,-1,297,321,298,-1,298,321,322,-1,298,322,299,-1,299,322,323,-1,299,323,300,-1,300,323,324,-1,300,324,301,-1,301,324,325,-1,301,325,302,-1,302,325,326,-1,302,326,303,-1,303,326,327,-1,303,327,304,-1,304,327,328,-1,304,328,305,-1,305,328,329,-1,305,329,306,-1,306,329,330,-1,306,330,307,-1,307,330,331,-1,307,331,308,-1,308,331,332,-1,308,332,309,-1,309,332,333,-1,309,333,310,-1,310,333,334,-1,310,334,311,-1,311,334,335,-1,311,335,312,-1,312,335,336,-1,312,336,289,-1,289,336,313,-1,313,58,314,-1,314,58,55,-1,314,55,315,-1,315,55,52,-1,315,52,316,-1,316,52,49,-1,316,49,317,-1,317,49,46,-1,317,46,318,-1,318,46,43,-1,318,43,319,-1,319,43,40,-1,319,40,320,-1,320,40,37,-1,320,37,321,-1,321,37,34,-1,321,34,322,-1,322,34,31,-1,322,31,323,-1,323,31,28,-1,323,28,324,-1,324,28,26,-1,324,26,325,-1,325,26,25,-1,325,25,326,-1,326,25,91,-1,326,91,327,-1,327,91,88,-1,327,88,328,-1,328,88,85,-1,328,85,329,-1,329,85,82,-1,329,82,330,-1,330,82,79,-1,330,79,331,-1,331,79,76,-1,331,76,332,-1,332,76,73,-1,332,73,333,-1,333,73,70,-1,333,70,334,-1,334,70,67,-1,334,67,335,-1,335,67,64,-1,335,64,336,-1,336,64,61,-1,336,61,313,-1,313,61,58,-1,16,123,11,-1,11,123,125,-1,11,125,12,-1,12,125,127,-1,12,127,13,-1,13,127,129,-1,13,129,8,-1,8,129,131,-1,8,131,9,-1,9,131,133,-1,9,133,10,-1,10,133,135,-1,10,135,5,-1,5,135,137,-1,5,137,6,-1,6,137,139,-1,6,139,7,-1,7,139,141,-1,7,141,0,-1,0,141,143,-1,0,143,1,-1,1,143,97,-1,1,97,3,-1,3,97,99,-1,3,99,4,-1,4,99,101,-1,4,101,23,-1,23,101,103,-1,23,103,24,-1,24,103,105,-1,24,105,20,-1,20,105,107,-1,20,107,21,-1,21,107,109,-1,21,109,22,-1,22,109,111,-1,22,111,17,-1,17,111,113,-1,17,113,18,-1,18,113,115,-1,18,115,19,-1,19,115,117,-1,19,117,14,-1,14,117,119,-1,14,119,15,-1,15,119,121,-1,15,121,16,-1,16,121,123,-1,337,338,339,-1,339,338,340,-1,339,340,341,-1,342,343,339,-1,339,343,344,-1,339,344,337,-1,345,346,339,-1,339,346,347,-1,339,347,342,-1,348,349,339,-1,339,349,350,-1,339,350,345,-1,351,352,339,-1,339,352,353,-1,339,353,348,-1,354,355,339,-1,339,355,356,-1,339,356,351,-1,357,358,339,-1,339,358,359,-1,339,359,354,-1,341,360,339,-1,339,360,361,-1,339,361,357,-1,362,363,364,-1,365,366,363,-1,363,366,367,-1,363,367,364,-1,368,369,365,-1,365,369,370,-1,365,370,366,-1,371,372,368,-1,368,372,373,-1,368,373,369,-1,374,375,371,-1,371,375,376,-1,371,376,372,-1,377,378,374,-1,374,378,379,-1,374,379,375,-1,380,381,377,-1,377,381,382,-1,377,382,378,-1,383,384,380,-1,380,384,385,-1,380,385,381,-1,386,387,383,-1,383,387,388,-1,383,388,384,-1,389,390,386,-1,386,390,391,-1,386,391,387,-1,392,393,389,-1,389,393,394,-1,389,394,390,-1,395,396,392,-1,392,396,397,-1,392,397,393,-1,398,399,395,-1,395,399,400,-1,395,400,396,-1,401,402,398,-1,398,402,403,-1,398,403,399,-1,404,405,401,-1,401,405,406,-1,401,406,402,-1,407,408,404,-1,404,408,409,-1,404,409,405,-1,410,411,407,-1,407,411,412,-1,407,412,408,-1,413,414,410,-1,410,414,415,-1,410,415,411,-1,416,417,413,-1,413,417,418,-1,413,418,414,-1,419,420,416,-1,416,420,421,-1,416,421,417,-1,422,423,419,-1,419,423,424,-1,419,424,420,-1,425,426,422,-1,422,426,427,-1,422,427,423,-1,428,429,425,-1,425,429,430,-1,425,430,426,-1,364,431,362,-1,362,431,432,-1,362,432,428,-1,428,432,433,-1,428,433,429,-1,434,435,436,-1,436,435,437,-1,436,437,438,-1,438,437,439,-1,438,439,440,-1,440,439,441,-1,440,441,442,-1,442,441,443,-1,442,443,444,-1,444,443,445,-1,444,445,446,-1,446,445,447,-1,446,447,448,-1,448,447,449,-1,448,449,450,-1,450,449,451,-1,450,451,452,-1,452,451,453,-1,452,453,454,-1,454,453,455,-1,454,455,456,-1,456,455,457,-1,456,457,458,-1,458,457,459,-1,458,459,460,-1,460,459,461,-1,460,461,462,-1,462,461,463,-1,462,463,464,-1,464,463,465,-1,464,465,466,-1,466,465,467,-1,466,467,468,-1,468,467,469,-1,468,469,470,-1,470,469,471,-1,470,471,472,-1,472,471,473,-1,472,473,474,-1,474,473,475,-1,474,475,476,-1,476,475,477,-1,476,477,478,-1,478,477,479,-1,478,479,480,-1,480,479,481,-1,480,481,434,-1,434,481,435,-1,435,482,437,-1,437,482,483,-1,437,483,439,-1,439,483,484,-1,439,484,441,-1,441,484,485,-1,441,485,443,-1,443,485,486,-1,443,486,445,-1,445,486,487,-1,445,487,447,-1,447,487,488,-1,447,488,449,-1,449,488,489,-1,449,489,451,-1,451,489,490,-1,451,490,453,-1,453,490,491,-1,453,491,455,-1,455,491,492,-1,455,492,457,-1,457,492,493,-1,457,493,459,-1,459,493,494,-1,459,494,461,-1,461,494,495,-1,461,495,463,-1,463,495,496,-1,463,496,465,-1,465,496,497,-1,465,497,467,-1,467,497,498,-1,467,498,469,-1,469,498,499,-1,469,499,471,-1,471,499,500,-1,471,500,473,-1,473,500,501,-1,473,501,475,-1,475,501,502,-1,475,502,477,-1,477,502,503,-1,477,503,479,-1,479,503,504,-1,479,504,481,-1,481,504,505,-1,481,505,435,-1,435,505,482,-1,482,506,483,-1,483,506,507,-1,483,507,484,-1,484,507,508,-1,484,508,485,-1,485,508,509,-1,485,509,486,-1,486,509,510,-1,486,510,487,-1,487,510,511,-1,487,511,488,-1,488,511,512,-1,488,512,489,-1,489,512,513,-1,489,513,490,-1,490,513,514,-1,490,514,491,-1,491,514,515,-1,491,515,492,-1,492,515,516,-1,492,516,493,-1,493,516,517,-1,493,517,494,-1,494,517,518,-1,494,518,495,-1,495,518,519,-1,495,519,496,-1,496,519,520,-1,496,520,497,-1,497,520,521,-1,497,521,498,-1,498,521,522,-1,498,522,499,-1,499,522,523,-1,499,523,500,-1,500,523,524,-1,500,524,501,-1,501,524,525,-1,501,525,502,-1,502,525,526,-1,502,526,503,-1,503,526,527,-1,503,527,504,-1,504,527,528,-1,504,528,505,-1,505,528,529,-1,505,529,482,-1,482,529,506,-1,506,530,507,-1,507,530,531,-1,507,531,508,-1,508,531,532,-1,508,532,509,-1,509,532,533,-1,509,533,510,-1,510,533,534,-1,510,534,511,-1,511,534,535,-1,511,535,512,-1,512,535,536,-1,512,536,513,-1,513,536,537,-1,513,537,514,-1,514,537,538,-1,514,538,515,-1,515,538,539,-1,515,539,516,-1,516,539,540,-1,516,540,517,-1,517,540,541,-1,517,541,518,-1,518,541,542,-1,518,542,519,-1,519,542,543,-1,519,543,520,-1,520,543,544,-1,520,544,521,-1,521,544,545,-1,521,545,522,-1,522,545,546,-1,522,546,523,-1,523,546,547,-1,523,547,524,-1,524,547,548,-1,524,548,525,-1,525,548,549,-1,525,549,526,-1,526,549,550,-1,526,550,527,-1,527,550,551,-1,527,551,528,-1,528,551,552,-1,528,552,529,-1,529,552,553,-1,529,553,506,-1,506,553,530,-1,530,554,531,-1,531,554,555,-1,531,555,532,-1,532,555,556,-1,532,556,533,-1,533,556,557,-1,533,557,534,-1,534,557,558,-1,534,558,535,-1,535,558,559,-1,535,559,536,-1,536,559,560,-1,536,560,537,-1,537,560,561,-1,537,561,538,-1,538,561,562,-1,538,562,539,-1,539,562,563,-1,539,563,540,-1,540,563,564,-1,540,564,541,-1,541,564,565,-1,541,565,542,-1,542,565,566,-1,542,566,543,-1,543,566,567,-1,543,567,544,-1,544,567,568,-1,544,568,545,-1,545,568,569,-1,545,569,546,-1,546,569,570,-1,546,570,547,-1,547,570,571,-1,547,571,548,-1,548,571,572,-1,548,572,549,-1,549,572,573,-1,549,573,550,-1,550,573,574,-1,550,574,551,-1,551,574,575,-1,551,575,552,-1,552,575,576,-1,552,576,553,-1,553,576,577,-1,553,577,530,-1,530,577,554,-1,554,578,555,-1,555,578,579,-1,555,579,556,-1,556,579,580,-1,556,580,557,-1,557,580,581,-1,557,581,558,-1,558,581,582,-1,558,582,559,-1,559,582,583,-1,559,583,560,-1,560,583,584,-1,560,584,561,-1,561,584,585,-1,561,585,562,-1,562,585,586,-1,562,586,563,-1,563,586,587,-1,563,587,564,-1,564,587,588,-1,564,588,565,-1,565,588,589,-1,565,589,566,-1,566,589,590,-1,566,590,567,-1,567,590,591,-1,567,591,568,-1,568,591,592,-1,568,592,569,-1,569,592,593,-1,569,593,570,-1,570,593,594,-1,570,594,571,-1,571,594,595,-1,571,595,572,-1,572,595,596,-1,572,596,573,-1,573,596,597,-1,573,597,574,-1,574,597,598,-1,574,598,575,-1,575,598,599,-1,575,599,576,-1,576,599,600,-1,576,600,577,-1,577,600,601,-1,577,601,554,-1,554,601,578,-1,578,602,579,-1,579,602,603,-1,579,603,580,-1,580,603,604,-1,580,604,581,-1,581,604,605,-1,581,605,582,-1,582,605,606,-1,582,606,583,-1,583,606,607,-1,583,607,584,-1,584,607,608,-1,584,608,585,-1,585,608,609,-1,585,609,586,-1,586,609,610,-1,586,610,587,-1,587,610,611,-1,587,611,588,-1,588,611,612,-1,588,612,589,-1,589,612,613,-1,589,613,590,-1,590,613,614,-1,590,614,591,-1,591,614,615,-1,591,615,592,-1,592,615,616,-1,592,616,593,-1,593,616,617,-1,593,617,594,-1,594,617,618,-1,594,618,595,-1,595,618,619,-1,595,619,596,-1,596,619,620,-1,596,620,597,-1,597,620,621,-1,597,621,598,-1,598,621,622,-1,598,622,599,-1,599,622,623,-1,599,623,600,-1,600,623,624,-1,600,624,601,-1,601,624,625,-1,601,625,578,-1,578,625,602,-1,602,626,603,-1,603,626,627,-1,603,627,604,-1,604,627,628,-1,604,628,605,-1,605,628,629,-1,605,629,606,-1,606,629,630,-1,606,630,607,-1,607,630,631,-1,607,631,608,-1,608,631,632,-1,608,632,609,-1,609,632,633,-1,609,633,610,-1,610,633,634,-1,610,634,611,-1,611,634,635,-1,611,635,612,-1,612,635,636,-1,612,636,613,-1,613,636,637,-1,613,637,614,-1,614,637,638,-1,614,638,615,-1,615,638,639,-1,615,639,616,-1,616,639,640,-1,616,640,617,-1,617,640,641,-1,617,641,618,-1,618,641,642,-1,618,642,619,-1,619,642,643,-1,619,643,620,-1,620,643,644,-1,620,644,621,-1,621,644,645,-1,621,645,622,-1,622,645,646,-1,622,646,623,-1,623,646,647,-1,623,647,624,-1,624,647,648,-1,624,648,625,-1,625,648,649,-1,625,649,602,-1,602,649,626,-1,626,650,627,-1,627,650,651,-1,627,651,628,-1,628,651,652,-1,628,652,629,-1,629,652,653,-1,629,653,630,-1,630,653,654,-1,630,654,631,-1,631,654,655,-1,631,655,632,-1,632,655,656,-1,632,656,633,-1,633,656,657,-1,633,657,634,-1,634,657,658,-1,634,658,635,-1,635,658,659,-1,635,659,636,-1,636,659,660,-1,636,660,637,-1,637,660,661,-1,637,661,638,-1,638,661,662,-1,638,662,639,-1,639,662,663,-1,639,663,640,-1,640,663,664,-1,640,664,641,-1,641,664,665,-1,641,665,642,-1,642,665,666,-1,642,666,643,-1,643,666,667,-1,643,667,644,-1,644,667,668,-1,644,668,645,-1,645,668,669,-1,645,669,646,-1,646,669,670,-1,646,670,647,-1,647,670,671,-1,647,671,648,-1,648,671,672,-1,648,672,649,-1,649,672,673,-1,649,673,626,-1,626,673,650,-1,650,362,651,-1,651,362,428,-1,651,428,652,-1,652,428,425,-1,652,425,653,-1,653,425,422,-1,653,422,654,-1,654,422,419,-1,654,419,655,-1,655,419,416,-1,655,416,656,-1,656,416,413,-1,656,413,657,-1,657,413,410,-1,657,410,658,-1,658,410,407,-1,658,407,659,-1,659,407,404,-1,659,404,660,-1,660,404,401,-1,660,401,661,-1,661,401,398,-1,661,398,662,-1,662,398,395,-1,662,395,663,-1,663,395,392,-1,663,392,664,-1,664,392,389,-1,664,389,665,-1,665,389,386,-1,665,386,666,-1,666,386,383,-1,666,383,667,-1,667,383,380,-1,667,380,668,-1,668,380,377,-1,668,377,669,-1,669,377,374,-1,669,374,670,-1,670,374,371,-1,670,371,671,-1,671,371,368,-1,671,368,672,-1,672,368,365,-1,672,365,673,-1,673,365,363,-1,673,363,650,-1,650,363,362,-1,340,436,341,-1,341,436,438,-1,341,438,360,-1,360,438,440,-1,360,440,361,-1,361,440,442,-1,361,442,357,-1,357,442,444,-1,357,444,358,-1,358,444,446,-1,358,446,359,-1,359,446,448,-1,359,448,354,-1,354,448,450,-1,354,450,355,-1,355,450,452,-1,355,452,356,-1,356,452,454,-1,356,454,351,-1,351,454,456,-1,351,456,352,-1,352,456,458,-1,352,458,353,-1,353,458,460,-1,353,460,348,-1,348,460,462,-1,348,462,349,-1,349,462,464,-1,349,464,350,-1,350,464,466,-1,350,466,345,-1,345,466,468,-1,345,468,346,-1,346,468,470,-1,346,470,347,-1,347,470,472,-1,347,472,342,-1,342,472,474,-1,342,474,343,-1,343,474,476,-1,343,476,344,-1,344,476,478,-1,344,478,337,-1,337,478,480,-1,337,480,338,-1,338,480,434,-1,338,434,340,-1,340,434,436,-1,
        ]
    }
}
Shape{
    appearance Appearance {
        material  Material 	{
            diffuseColor 0.7019607843137254 0.4627450980392157 0.3058823529411765
            specularColor 0.050980392156862744 0.03137254901960784 0.023529411764705882
            ambientIntensity 0.2
            transparency 0
            shininess 0.5
        }
    }
    geometry IndexedFaceSet {
        ccw TRUE
        solid FALSE
        coord DEF co Coordinate {
            point [
                1.3474 -0.0548 -0.1091, 1.3474 -0.0282 -0.1188, 1.378 -0.0304 -0.1138, 1.378 -0.053 -0.1055, 1.378 -0.0587 -0.1018, 1.3474 -0.0785 -0.0936, 1.378 -0.0759 -0.0905, 1.378 -0.083 -0.083, 1.3474 -0.098 -0.0729, 1.378 -0.0947 -0.0705, 1.378 -0.1016 -0.0587, 1.3474 -0.1121 -0.0484, 1.378 -0.1085 -0.0468, 1.378 -0.1134 -0.0304, 1.3474 -0.1203 -0.0212, 1.378 -0.1163 -0.0205, 1.378 -0.1175 0.0, 1.3474 -0.1219 0.0071, 1.378 -0.1179 0.0069, 1.378 -0.1137 0.0305, 1.3474 -0.117 0.035, 1.378 -0.1131 0.0339, 1.3474 -0.1058 0.0611, 1.378 -0.1023 0.0591, 1.3474 -0.0888 0.0838, 1.378 -0.0859 0.0811, 1.378 -0.0833 0.0832, 1.3474 -0.0671 0.102, 1.378 -0.0649 0.0987, 1.378 -0.0588 0.1018, 1.3474 -0.0418 0.1148, 1.378 -0.0404 0.111, 1.378 -0.0304 0.1134, 1.3474 -0.0142 0.1213, 1.378 -0.0137 0.1173, 1.378 0.0 0.1173, 1.3474 0.0142 0.1213, 1.378 0.0137 0.1173, 1.378 0.0304 0.1134, 1.3474 0.0418 0.1148, 1.378 0.0404 0.111, 1.378 0.0588 0.1018, 1.3474 0.0671 0.102, 1.378 0.0649 0.0987, 1.378 0.0833 0.0832, 1.3474 0.0888 0.0838, 1.378 0.0859 0.0811, 1.3474 0.1058 0.0611, 1.378 0.1023 0.0591, 1.3474 0.117 0.035, 1.378 0.1131 0.0339, 1.378 0.1137 0.0305, 1.3474 0.1219 0.0071, 1.378 0.1179 0.0069, 1.378 0.1175 0.0, 1.3474 0.1203 -0.0212, 1.378 0.1163 -0.0205, 1.378 0.1134 -0.0304, 1.3474 0.1121 -0.0484, 1.378 0.1085 -0.0468, 1.378 0.1016 -0.0587, 1.3474 0.098 -0.0729, 1.378 0.0947 -0.0705, 1.378 0.083 -0.083, 1.3474 0.0785 -0.0936, 1.378 0.0759 -0.0905, 1.378 0.0587 -0.1018, 1.3474 0.0548 -0.1091, 1.378 0.053 -0.1055, 1.378 0.0304 -0.1138, 1.3474 0.0282 -0.1188, 1.378 0.0272 -0.1149, 1.3474 0.0 -0.1221, 1.378 0.0 -0.1181, 1.378 -0.0272 -0.1149, 1.3189 0.0309 -0.1303, 1.3189 0.0601 -0.1197, 1.3189 0.0861 -0.1026, 1.3189 0.1074 -0.08, 1.3189 0.123 -0.053, 1.3189 0.1319 -0.0233, 1.3189 0.1337 0.0078, 1.3189 0.1283 0.0384, 1.3189 0.116 0.067, 1.3189 0.0974 0.0919, 1.3189 0.0736 0.1119, 1.3189 0.0458 0.1259, 1.3189 0.0155 0.133, 1.3189 -0.0155 0.133, 1.3189 -0.0458 0.1259, 1.3189 -0.0736 0.1119, 1.3189 -0.0974 0.0919, 1.3189 -0.116 0.067, 1.3189 -0.1283 0.0384, 1.3189 -0.1337 0.0078, 1.3189 -0.1319 -0.0233, 1.3189 -0.123 -0.053, 1.3189 -0.1074 -0.08, 1.3189 -0.0861 -0.1026, 1.3189 -0.0601 -0.1197, 1.3189 -0.0309 -0.1303, 1.3189 0.0 -0.1339, 1.2944 0.0352 -0.1486, 1.2944 0.0685 -0.1365, 1.2944 0.0982 -0.117, 1.2944 0.1225 -0.0912, 1.2944 0.1402 -0.0605, 1.2944 0.1504 -0.0265, 1.2944 0.1524 0.0089, 1.2944 0.1463 0.0438, 1.2944 0.1322 0.0764, 1.2944 0.1111 0.1048, 1.2944 0.0839 0.1276, 1.2944 0.0522 0.1435, 1.2944 0.0177 0.1517, 1.2944 -0.0177 0.1517, 1.2944 -0.0522 0.1435, 1.2944 -0.0839 0.1276, 1.2944 -0.1111 0.1048, 1.2944 -0.1322 0.0764, 1.2944 -0.1463 0.0438, 1.2944 -0.1524 0.0089, 1.2944 -0.1504 -0.0265, 1.2944 -0.1402 -0.0605, 1.2944 -0.1225 -0.0912, 1.2944 -0.0982 -0.117, 1.2944 -0.0685 -0.1365, 1.2944 -0.0352 -0.1486, 1.2944 0.0 -0.1527, 1.2757 0.0409 -0.1724, 1.2757 0.0795 -0.1583, 1.2757 0.1139 -0.1357, 1.2757 0.1421 -0.1058, 1.2757 0.1627 -0.0702, 1.2757 0.1745 -0.0308, 1.2757 0.1769 0.0103, 1.2757 0.1697 0.0508, 1.2757 0.1534 0.0886, 1.2757 0.1289 0.1216, 1.2757 0.0974 0.148, 1.2757 0.0606 0.1665, 1.2757 0.0206 0.176, 1.2757 -0.0206 0.176, 1.2757 -0.0606 0.1665, 1.2757 -0.0974 0.148, 1.2757 -0.1289 0.1216, 1.2757 -0.1534 0.0886, 1.2757 -0.1697 0.0508, 1.2757 -0.1769 0.0103, 1.2757 -0.1745 -0.0308, 1.2757 -0.1627 -0.0702, 1.2757 -0.1421 -0.1058, 1.2757 -0.1139 -0.1357, 1.2757 -0.0795 -0.1583, 1.2757 -0.0409 -0.1724, 1.2757 0.0 -0.1772, 1.2639 0.0474 -0.2001, 1.2639 0.0923 -0.1838, 1.2639 0.1322 -0.1575, 1.2639 0.165 -0.1228, 1.2639 0.1888 -0.0815, 1.2639 0.2025 -0.0357, 1.2639 0.2053 0.012, 1.2639 0.197 0.059, 1.2639 0.1781 0.1028, 1.2639 0.1496 0.1411, 1.2639 0.113 0.1718, 1.2639 0.0703 0.1932, 1.2639 0.0239 0.2043, 1.2639 -0.0239 0.2043, 1.2639 -0.0703 0.1932, 1.2639 -0.113 0.1718, 1.2639 -0.1496 0.1411, 1.2639 -0.1781 0.1028, 1.2639 -0.197 0.059, 1.2639 -0.2053 0.012, 1.2639 -0.2025 -0.0357, 1.2639 -0.1888 -0.0815, 1.2639 -0.165 -0.1228, 1.2639 -0.1322 -0.1575, 1.2639 -0.0923 -0.1838, 1.2639 -0.0474 -0.2001, 1.2639 0.0 -0.2057, 1.2598 0.0545 -0.2299, 1.2598 0.106 -0.2111, 1.2598 0.1518 -0.181, 1.2598 0.1895 -0.1411, 1.2598 0.2169 -0.0936, 1.2598 0.2326 -0.041, 1.2598 0.2358 0.0137, 1.2598 0.2263 0.0677, 1.2598 0.2046 0.1181, 1.2598 0.1718 0.1621, 1.2598 0.1298 0.1974, 1.2598 0.0808 0.222, 1.2598 0.0274 0.2346, 1.2598 -0.0274 0.2346, 1.2598 -0.0808 0.222, 1.2598 -0.1298 0.1974, 1.2598 -0.1718 0.1621, 1.2598 -0.2046 0.1181, 1.2598 -0.2263 0.0677, 1.2598 -0.2358 0.0137, 1.2598 -0.2326 -0.041, 1.2598 -0.2169 -0.0936, 1.2598 -0.1895 -0.1411, 1.2598 -0.1518 -0.181, 1.2598 -0.106 -0.2111, 1.2598 -0.0545 -0.2299, 1.2598 -0.0 -0.2362, -1.3474 -0.0548 0.1091, -1.3474 -0.0282 0.1188, -1.378 -0.0304 0.1138, -1.378 -0.053 0.1055, -1.378 -0.0587 0.1018, -1.3474 -0.0785 0.0936, -1.378 -0.0759 0.0905, -1.378 -0.083 0.083, -1.3474 -0.098 0.0729, -1.378 -0.0947 0.0705, -1.378 -0.1016 0.0587, -1.3474 -0.1121 0.0484, -1.378 -0.1085 0.0468, -1.378 -0.1134 0.0304, -1.3474 -0.1203 0.0212, -1.378 -0.1163 0.0205, -1.378 -0.1175 -0.0, -1.3474 -0.1219 -0.0071, -1.378 -0.1179 -0.0069, -1.378 -0.1137 -0.0305, -1.3474 -0.117 -0.035, -1.378 -0.1131 -0.0339, -1.3474 -0.1058 -0.0611, -1.378 -0.1023 -0.0591, -1.3474 -0.0888 -0.0838, -1.378 -0.0859 -0.0811, -1.378 -0.0833 -0.0832, -1.3474 -0.0671 -0.102, -1.378 -0.0649 -0.0987, -1.378 -0.0588 -0.1018, -1.3474 -0.0418 -0.1148, -1.378 -0.0404 -0.111, -1.378 -0.0304 -0.1134, -1.3474 -0.0142 -0.1213, -1.378 -0.0137 -0.1173, -1.378 0.0 -0.1173, -1.3474 0.0142 -0.1213, -1.378 0.0137 -0.1173, -1.378 0.0304 -0.1134, -1.3474 0.0418 -0.1148, -1.378 0.0404 -0.111, -1.378 0.0588 -0.1018, -1.3474 0.0671 -0.102, -1.378 0.0649 -0.0987, -1.378 0.0833 -0.0832, -1.3474 0.0888 -0.0838, -1.378 0.0859 -0.0811, -1.3474 0.1058 -0.0611, -1.378 0.1023 -0.0591, -1.3474 0.117 -0.035, -1.378 0.1131 -0.0339, -1.378 0.1137 -0.0305, -1.3474 0.1219 -0.0071, -1.378 0.1179 -0.0069, -1.378 0.1175 -0.0, -1.3474 0.1203 0.0212, -1.378 0.1163 0.0205, -1.378 0.1134 0.0304, -1.3474 0.1121 0.0484, -1.378 0.1085 0.0468, -1.378 0.1016 0.0587, -1.3474 0.098 0.0729, -1.378 0.0947 0.0705, -1.378 0.083 0.083, -1.3474 0.0785 0.0936, -1.378 0.0759 0.0905, -1.378 0.0587 0.1018, -1.3474 0.0548 0.1091, -1.378 0.053 0.1055, -1.378 0.0304 0.1138, -1.3474 0.0282 0.1188, -1.378 0.0272 0.1149, -1.3474 0.0 0.1221, -1.378 0.0 0.1181, -1.378 -0.0272 0.1149, -1.3189 0.0309 0.1303, -1.3189 0.0601 0.1197, -1.3189 0.0861 0.1026, -1.3189 0.1074 0.08, -1.3189 0.123 0.053, -1.3189 0.1319 0.0233, -1.3189 0.1337 -0.0078, -1.3189 0.1283 -0.0384, -1.3189 0.116 -0.067, -1.3189 0.0974 -0.0919, -1.3189 0.0736 -0.1119, -1.3189 0.0458 -0.1259, -1.3189 0.0155 -0.133, -1.3189 -0.0155 -0.133, -1.3189 -0.0458 -0.1259, -1.3189 -0.0736 -0.1119, -1.3189 -0.0974 -0.0919, -1.3189 -0.116 -0.067, -1.3189 -0.1283 -0.0384, -1.3189 -0.1337 -0.0078, -1.3189 -0.1319 0.0233, -1.3189 -0.123 0.053, -1.3189 -0.1074 0.08, -1.3189 -0.0861 0.1026, -1.3189 -0.0601 0.1197, -1.3189 -0.0309 0.1303, -1.3189 0.0 0.1339, -1.2944 0.0352 0.1486, -1.2944 0.0685 0.1365, -1.2944 0.0982 0.117, -1.2944 0.1225 0.0912, -1.2944 0.1402 0.0605, -1.2944 0.1504 0.0265, -1.2944 0.1524 -0.0089, -1.2944 0.1463 -0.0438, -1.2944 0.1322 -0.0764, -1.2944 0.1111 -0.1048, -1.2944 0.0839 -0.1276, -1.2944 0.0522 -0.1435, -1.2944 0.0177 -0.1517, -1.2944 -0.0177 -0.1517, -1.2944 -0.0522 -0.1435, -1.2944 -0.0839 -0.1276, -1.2944 -0.1111 -0.1048, -1.2944 -0.1322 -0.0764, -1.2944 -0.1463 -0.0438, -1.2944 -0.1524 -0.0089, -1.2944 -0.1504 0.0265, -1.2944 -0.1402 0.0605, -1.2944 -0.1225 0.0912, -1.2944 -0.0982 0.117, -1.2944 -0.0685 0.1365, -1.2944 -0.0352 0.1486, -1.2944 0.0 0.1527, -1.2757 0.0409 0.1724, -1.2757 0.0795 0.1583, -1.2757 0.1139 0.1357, -1.2757 0.1421 0.1058, -1.2757 0.1627 0.0702, -1.2757 0.1745 0.0308, -1.2757 0.1769 -0.0103, -1.2757 0.1697 -0.0508, -1.2757 0.1534 -0.0886, -1.2757 0.1289 -0.1216, -1.2757 0.0974 -0.148, -1.2757 0.0606 -0.1665, -1.2757 0.0206 -0.176, -1.2757 -0.0206 -0.176, -1.2757 -0.0606 -0.1665, -1.2757 -0.0974 -0.148, -1.2757 -0.1289 -0.1216, -1.2757 -0.1534 -0.0886, -1.2757 -0.1697 -0.0508, -1.2757 -0.1769 -0.0103, -1.2757 -0.1745 0.0308, -1.2757 -0.1627 0.0702, -1.2757 -0.1421 0.1058, -1.2757 -0.1139 0.1357, -1.2757 -0.0795 0.1583, -1.2757 -0.0409 0.1724, -1.2757 0.0 0.1772, -1.2639 0.0474 0.2001, -1.2639 0.0923 0.1838, -1.2639 0.1322 0.1575, -1.2639 0.165 0.1228, -1.2639 0.1888 0.0815, -1.2639 0.2025 0.0357, -1.2639 0.2053 -0.012, -1.2639 0.197 -0.059, -1.2639 0.1781 -0.1028, -1.2639 0.1496 -0.1411, -1.2639 0.113 -0.1718, -1.2639 0.0703 -0.1932, -1.2639 0.0239 -0.2043, -1.2639 -0.0239 -0.2043, -1.2639 -0.0703 -0.1932, -1.2639 -0.113 -0.1718, -1.2639 -0.1496 -0.1411, -1.2639 -0.1781 -0.1028, -1.2639 -0.197 -0.059, -1.2639 -0.2053 -0.012, -1.2639 -0.2025 0.0357, -1.2639 -0.1888 0.0815, -1.2639 -0.165 0.1228, -1.2639 -0.1322 0.1575, -1.2639 -0.0923 0.1838, -1.2639 -0.0474 0.2001, -1.2639 0.0 0.2057, -1.2598 0.0545 0.2299, -1.2598 0.106 0.2111, -1.2598 0.1518 0.181, -1.2598 0.1895 0.1411, -1.2598 0.2169 0.0936, -1.2598 0.2326 0.041, -1.2598 0.2358 -0.0137, -1.2598 0.2263 -0.0677, -1.2598 0.2046 -0.1181, -1.2598 0.1718 -0.1621, -1.2598 0.1298 -0.1974, -1.2598 0.0808 -0.222, -1.2598 0.0274 -0.2346, -1.2598 -0.0274 -0.2346, -1.2598 -0.0808 -0.222, -1.2598 -0.1298 -0.1974, -1.2598 -0.1718 -0.1621, -1.2598 -0.2046 -0.1181, -1.2598 -0.2263 -0.0677, -1.2598 -0.2358 -0.0137, -1.2598 -0.2326 0.041, -1.2598 -0.2169 0.0936, -1.2598 -0.1895 0.1411, -1.2598 -0.1518 0.181, -1.2598 -0.106 0.2111, -1.2598 -0.0545 0.2299, -1.2598 -0.0 0.2362, -1.2598 -0.0 0.2362
            ]
        }
        coordIndex [
            0,1,2,-1,2,3,0,-1,0,3,4,-1,0,4,5,-1,4,6,5,-1,5,6,7,-1,5,7,8,-1,7,9,8,-1,8,9,10,-1,8,10,11,-1,10,12,11,-1,11,12,13,-1,11,13,14,-1,13,15,14,-1,14,15,16,-1,14,16,17,-1,16,18,17,-1,17,18,19,-1,17,19,20,-1,20,19,21,-1,20,21,22,-1,22,21,23,-1,22,23,24,-1,23,25,24,-1,24,25,26,-1,24,26,27,-1,26,28,27,-1,27,28,29,-1,27,29,30,-1,29,31,30,-1,30,31,32,-1,30,32,33,-1,32,34,33,-1,33,34,35,-1,33,35,36,-1,35,37,36,-1,36,37,38,-1,36,38,39,-1,38,40,39,-1,39,40,41,-1,39,41,42,-1,41,43,42,-1,42,43,44,-1,42,44,45,-1,45,44,46,-1,45,46,47,-1,47,46,48,-1,47,48,49,-1,48,50,49,-1,49,50,51,-1,49,51,52,-1,51,53,52,-1,52,53,54,-1,52,54,55,-1,54,56,55,-1,55,56,57,-1,55,57,58,-1,57,59,58,-1,58,59,60,-1,58,60,61,-1,60,62,61,-1,61,62,63,-1,61,63,64,-1,63,65,64,-1,64,65,66,-1,64,66,67,-1,66,68,67,-1,67,68,69,-1,67,69,70,-1,70,69,71,-1,70,71,72,-1,72,71,73,-1,72,73,1,-1,1,73,74,-1,1,74,2,-1,70,75,67,-1,67,75,76,-1,67,76,64,-1,64,76,77,-1,64,77,61,-1,61,77,78,-1,61,78,58,-1,58,78,79,-1,58,79,55,-1,55,79,80,-1,55,80,52,-1,52,80,81,-1,52,81,49,-1,49,81,82,-1,49,82,47,-1,47,82,83,-1,47,83,45,-1,45,83,84,-1,45,84,42,-1,42,84,85,-1,42,85,39,-1,39,85,86,-1,39,86,36,-1,36,86,87,-1,36,87,33,-1,33,87,88,-1,33,88,30,-1,30,88,89,-1,30,89,27,-1,27,89,90,-1,27,90,24,-1,24,90,91,-1,24,91,22,-1,22,91,92,-1,22,92,20,-1,20,92,93,-1,20,93,17,-1,17,93,94,-1,17,94,14,-1,14,94,95,-1,14,95,11,-1,11,95,96,-1,11,96,8,-1,8,96,97,-1,8,97,5,-1,5,97,98,-1,5,98,0,-1,0,98,99,-1,0,99,1,-1,1,99,100,-1,1,100,72,-1,72,100,101,-1,72,101,70,-1,70,101,75,-1,75,102,76,-1,76,102,103,-1,76,103,77,-1,77,103,104,-1,77,104,78,-1,78,104,105,-1,78,105,79,-1,79,105,106,-1,79,106,80,-1,80,106,107,-1,80,107,81,-1,81,107,108,-1,81,108,82,-1,82,108,109,-1,82,109,83,-1,83,109,110,-1,83,110,84,-1,84,110,111,-1,84,111,85,-1,85,111,112,-1,85,112,86,-1,86,112,113,-1,86,113,87,-1,87,113,114,-1,87,114,88,-1,88,114,115,-1,88,115,89,-1,89,115,116,-1,89,116,90,-1,90,116,117,-1,90,117,91,-1,91,117,118,-1,91,118,92,-1,92,118,119,-1,92,119,93,-1,93,119,120,-1,93,120,94,-1,94,120,121,-1,94,121,95,-1,95,121,122,-1,95,122,96,-1,96,122,123,-1,96,123,97,-1,97,123,124,-1,97,124,98,-1,98,124,125,-1,98,125,99,-1,99,125,126,-1,99,126,100,-1,100,126,127,-1,100,127,101,-1,101,127,128,-1,101,128,75,-1,75,128,102,-1,102,129,103,-1,103,129,130,-1,103,130,104,-1,104,130,131,-1,104,131,105,-1,105,131,132,-1,105,132,106,-1,106,132,133,-1,106,133,107,-1,107,133,134,-1,107,134,108,-1,108,134,135,-1,108,135,109,-1,109,135,136,-1,109,136,110,-1,110,136,137,-1,110,137,111,-1,111,137,138,-1,111,138,112,-1,112,138,139,-1,112,139,113,-1,113,139,140,-1,113,140,114,-1,114,140,141,-1,114,141,115,-1,115,141,142,-1,115,142,116,-1,116,142,143,-1,116,143,117,-1,117,143,144,-1,117,144,118,-1,118,144,145,-1,118,145,119,-1,119,145,146,-1,119,146,120,-1,120,146,147,-1,120,147,121,-1,121,147,148,-1,121,148,122,-1,122,148,149,-1,122,149,123,-1,123,149,150,-1,123,150,124,-1,124,150,151,-1,124,151,125,-1,125,151,152,-1,125,152,126,-1,126,152,153,-1,126,153,127,-1,127,153,154,-1,127,154,128,-1,128,154,155,-1,128,155,102,-1,102,155,129,-1,129,156,130,-1,130,156,157,-1,130,157,131,-1,131,157,158,-1,131,158,132,-1,132,158,159,-1,132,159,133,-1,133,159,160,-1,133,160,134,-1,134,160,161,-1,134,161,135,-1,135,161,162,-1,135,162,136,-1,136,162,163,-1,136,163,137,-1,137,163,164,-1,137,164,138,-1,138,164,165,-1,138,165,139,-1,139,165,166,-1,139,166,140,-1,140,166,167,-1,140,167,141,-1,141,167,168,-1,141,168,142,-1,142,168,169,-1,142,169,143,-1,143,169,170,-1,143,170,144,-1,144,170,171,-1,144,171,145,-1,145,171,172,-1,145,172,146,-1,146,172,173,-1,146,173,147,-1,147,173,174,-1,147,174,148,-1,148,174,175,-1,148,175,149,-1,149,175,176,-1,149,176,150,-1,150,176,177,-1,150,177,151,-1,151,177,178,-1,151,178,152,-1,152,178,179,-1,152,179,153,-1,153,179,180,-1,153,180,154,-1,154,180,181,-1,154,181,155,-1,155,181,182,-1,155,182,129,-1,129,182,156,-1,156,183,157,-1,157,183,184,-1,157,184,158,-1,158,184,185,-1,158,185,159,-1,159,185,186,-1,159,186,160,-1,160,186,187,-1,160,187,161,-1,161,187,188,-1,161,188,162,-1,162,188,189,-1,162,189,163,-1,163,189,190,-1,163,190,164,-1,164,190,191,-1,164,191,165,-1,165,191,192,-1,165,192,166,-1,166,192,193,-1,166,193,167,-1,167,193,194,-1,167,194,168,-1,168,194,195,-1,168,195,169,-1,169,195,196,-1,169,196,170,-1,170,196,197,-1,170,197,171,-1,171,197,198,-1,171,198,172,-1,172,198,199,-1,172,199,173,-1,173,199,200,-1,173,200,174,-1,174,200,201,-1,174,201,175,-1,175,201,202,-1,175,202,176,-1,176,202,203,-1,176,203,177,-1,177,203,204,-1,177,204,178,-1,178,204,205,-1,178,205,179,-1,179,205,206,-1,179,206,180,-1,180,206,207,-1,180,207,181,-1,181,207,208,-1,181,208,182,-1,182,208,209,-1,182,209,156,-1,156,209,183,-1,210,211,212,-1,212,213,210,-1,210,213,214,-1,210,214,215,-1,214,216,215,-1,215,216,217,-1,215,217,218,-1,217,219,218,-1,218,219,220,-1,218,220,221,-1,220,222,221,-1,221,222,223,-1,221,223,224,-1,223,225,224,-1,224,225,226,-1,224,226,227,-1,226,228,227,-1,227,228,229,-1,227,229,230,-1,230,229,231,-1,230,231,232,-1,232,231,233,-1,232,233,234,-1,233,235,234,-1,234,235,236,-1,234,236,237,-1,236,238,237,-1,237,238,239,-1,237,239,240,-1,239,241,240,-1,240,241,242,-1,240,242,243,-1,242,244,243,-1,243,244,245,-1,243,245,246,-1,245,247,246,-1,246,247,248,-1,246,248,249,-1,248,250,249,-1,249,250,251,-1,249,251,252,-1,251,253,252,-1,252,253,254,-1,252,254,255,-1,255,254,256,-1,255,256,257,-1,257,256,258,-1,257,258,259,-1,258,260,259,-1,259,260,261,-1,259,261,262,-1,261,263,262,-1,262,263,264,-1,262,264,265,-1,264,266,265,-1,265,266,267,-1,265,267,268,-1,267,269,268,-1,268,269,270,-1,268,270,271,-1,270,272,271,-1,271,272,273,-1,271,273,274,-1,273,275,274,-1,274,275,276,-1,274,276,277,-1,276,278,277,-1,277,278,279,-1,277,279,280,-1,280,279,281,-1,280,281,282,-1,282,281,283,-1,282,283,211,-1,211,283,284,-1,211,284,212,-1,280,285,277,-1,277,285,286,-1,277,286,274,-1,274,286,287,-1,274,287,271,-1,271,287,288,-1,271,288,268,-1,268,288,289,-1,268,289,265,-1,265,289,290,-1,265,290,262,-1,262,290,291,-1,262,291,259,-1,259,291,292,-1,259,292,257,-1,257,292,293,-1,257,293,255,-1,255,293,294,-1,255,294,252,-1,252,294,295,-1,252,295,249,-1,249,295,296,-1,249,296,246,-1,246,296,297,-1,246,297,243,-1,243,297,298,-1,243,298,240,-1,240,298,299,-1,240,299,237,-1,237,299,300,-1,237,300,234,-1,234,300,301,-1,234,301,232,-1,232,301,302,-1,232,302,230,-1,230,302,303,-1,230,303,227,-1,227,303,304,-1,227,304,224,-1,224,304,305,-1,224,305,221,-1,221,305,306,-1,221,306,218,-1,218,306,307,-1,218,307,215,-1,215,307,308,-1,215,308,210,-1,210,308,309,-1,210,309,211,-1,211,309,310,-1,211,310,282,-1,282,310,311,-1,282,311,280,-1,280,311,285,-1,285,312,286,-1,286,312,313,-1,286,313,287,-1,287,313,314,-1,287,314,288,-1,288,314,315,-1,288,315,289,-1,289,315,316,-1,289,316,290,-1,290,316,317,-1,290,317,291,-1,291,317,318,-1,291,318,292,-1,292,318,319,-1,292,319,293,-1,293,319,320,-1,293,320,294,-1,294,320,321,-1,294,321,295,-1,295,321,322,-1,295,322,296,-1,296,322,323,-1,296,323,297,-1,297,323,324,-1,297,324,298,-1,298,324,325,-1,298,325,299,-1,299,325,326,-1,299,326,300,-1,300,326,327,-1,300,327,301,-1,301,327,328,-1,301,328,302,-1,302,328,329,-1,302,329,303,-1,303,329,330,-1,303,330,304,-1,304,330,331,-1,304,331,305,-1,305,331,332,-1,305,332,306,-1,306,332,333,-1,306,333,307,-1,307,333,334,-1,307,334,308,-1,308,334,335,-1,308,335,309,-1,309,335,336,-1,309,336,310,-1,310,336,337,-1,310,337,311,-1,311,337,338,-1,311,338,285,-1,285,338,312,-1,312,339,313,-1,313,339,340,-1,313,340,314,-1,314,340,341,-1,314,341,315,-1,315,341,342,-1,315,342,316,-1,316,342,343,-1,316,343,317,-1,317,343,344,-1,317,344,318,-1,318,344,345,-1,318,345,319,-1,319,345,346,-1,319,346,320,-1,320,346,347,-1,320,347,321,-1,321,347,348,-1,321,348,322,-1,322,348,349,-1,322,349,323,-1,323,349,350,-1,323,350,324,-1,324,350,351,-1,324,351,325,-1,325,351,352,-1,325,352,326,-1,326,352,353,-1,326,353,327,-1,327,353,354,-1,327,354,328,-1,328,354,355,-1,328,355,329,-1,329,355,356,-1,329,356,330,-1,330,356,357,-1,330,357,331,-1,331,357,358,-1,331,358,332,-1,332,358,359,-1,332,359,333,-1,333,359,360,-1,333,360,334,-1,334,360,361,-1,334,361,335,-1,335,361,362,-1,335,362,336,-1,336,362,363,-1,336,363,337,-1,337,363,364,-1,337,364,338,-1,338,364,365,-1,338,365,312,-1,312,365,339,-1,339,366,340,-1,340,366,367,-1,340,367,341,-1,341,367,368,-1,341,368,342,-1,342,368,369,-1,342,369,343,-1,343,369,370,-1,343,370,344,-1,344,370,371,-1,344,371,345,-1,345,371,372,-1,345,372,346,-1,346,372,373,-1,346,373,347,-1,347,373,374,-1,347,374,348,-1,348,374,375,-1,348,375,349,-1,349,375,376,-1,349,376,350,-1,350,376,377,-1,350,377,351,-1,351,377,378,-1,351,378,352,-1,352,378,379,-1,352,379,353,-1,353,379,380,-1,353,380,354,-1,354,380,381,-1,354,381,355,-1,355,381,382,-1,355,382,356,-1,356,382,383,-1,356,383,357,-1,357,383,384,-1,357,384,358,-1,358,384,385,-1,358,385,359,-1,359,385,386,-1,359,386,360,-1,360,386,387,-1,360,387,361,-1,361,387,388,-1,361,388,362,-1,362,388,389,-1,362,389,363,-1,363,389,390,-1,363,390,364,-1,364,390,391,-1,364,391,365,-1,365,391,392,-1,365,392,339,-1,339,392,366,-1,366,393,367,-1,367,393,394,-1,367,394,368,-1,368,394,395,-1,368,395,369,-1,369,395,396,-1,369,396,370,-1,370,396,397,-1,370,397,371,-1,371,397,398,-1,371,398,372,-1,372,398,399,-1,372,399,373,-1,373,399,400,-1,373,400,374,-1,374,400,401,-1,374,401,375,-1,375,401,402,-1,375,402,376,-1,376,402,403,-1,376,403,377,-1,377,403,404,-1,377,404,378,-1,378,404,405,-1,378,405,379,-1,379,405,406,-1,379,406,380,-1,380,406,407,-1,380,407,381,-1,381,407,408,-1,381,408,382,-1,382,408,409,-1,382,409,383,-1,383,409,410,-1,383,410,384,-1,384,410,411,-1,384,411,385,-1,385,411,412,-1,385,412,386,-1,386,412,413,-1,386,413,387,-1,387,413,414,-1,387,414,388,-1,388,414,415,-1,388,415,389,-1,389,415,416,-1,389,416,390,-1,390,416,417,-1,390,417,391,-1,391,417,418,-1,391,418,392,-1,392,418,419,-1,392,419,366,-1,366,419,393,-1,
        ]
    }
}
Shape{
    appearance Appearance {
        material  Material 	{
            diffuseColor 0.0 0.0 0.0
            specularColor 0.0 0.0 0.0
            ambientIntensity 0.2
            transparency 0
            shininess 0.5
        }
    }
    geometry IndexedFaceSet {
        ccw TRUE
        solid FALSE
        coord DEF co Coordinate {
            point [
                -0.1024 0.4703 0.0452, -0.1024 0.4742 0.0455, -0.1024 0.4716 0.0275, -0.1024 0.4757 -0.0259, -0.1024 0.4717 -0.0257, -0.092 0.4703 0.0452, -0.092 0.4742 0.0455, -0.092 0.4712 -0.0348, -0.092 0.4751 -0.0351, -0.092 0.4716 0.0275, -0.1343 0.4712 -0.0348, -0.1343 0.4751 -0.0351, -0.1343 0.4717 -0.0257, -0.1343 0.4757 -0.0259, -0.1975 0.4759 -0.0218, -0.1975 0.4719 -0.0216, -0.1912 0.4757 -0.0245, -0.1912 0.4718 -0.0243, -0.1887 0.4757 -0.0255, -0.1887 0.4718 -0.0253, -0.1841 0.4757 -0.0262, -0.1841 0.4717 -0.026, -0.1782 0.4756 -0.0272, -0.1768 0.4717 -0.027, -0.1768 0.4756 -0.0272, -0.1562 0.4721 -0.0186, -0.1562 0.476 -0.0187, -0.1577 0.472 -0.02, -0.1576 0.476 -0.02, -0.1585 0.472 -0.0205, -0.1585 0.4759 -0.0207, -0.1622 0.4719 -0.0233, -0.1623 0.4758 -0.0234, -0.1627 0.4719 -0.0236, -0.1632 0.4758 -0.0241, -0.1659 0.4718 -0.025, -0.1659 0.4757 -0.0251, -0.1679 0.4717 -0.0258, -0.1686 0.4757 -0.0262, -0.1701 0.4717 -0.0261, -0.1701 0.4756 -0.0263, -0.1484 0.4724 0.0043, -0.1484 0.4764 0.0043, -0.1484 0.4724 0.0041, -0.1484 0.4764 0.0041, -0.1494 0.4724 -0.0043, -0.1493 0.4763 -0.0043, -0.1496 0.4724 -0.006, -0.1495 0.4763 -0.0056, -0.1508 0.4723 -0.0092, -0.1508 0.4763 -0.0093, -0.1519 0.4723 -0.0123, -0.1517 0.4762 -0.0119, -0.1529 0.4722 -0.0136, -0.1529 0.4762 -0.0137, -0.1568 0.4716 0.0283, -0.1568 0.4755 0.0286, -0.1562 0.4716 0.0275, -0.1533 0.4758 0.0238, -0.1495 0.4762 0.0122, -0.1495 0.4723 0.0121, -0.1499 0.4761 0.0157, -0.1499 0.4722 0.0155, -0.1511 0.476 0.0185, -0.1511 0.4721 0.0184, -0.1532 0.4758 0.0236, -0.1529 0.4719 0.0228, -0.1534 0.4719 0.0235, -0.1699 0.475 0.0363, -0.1748 0.471 0.037, -0.176 0.4749 0.0373, -0.176 0.471 0.037, -0.177 0.4749 0.0375, -0.1786 0.471 0.0372, -0.1786 0.4749 0.0375, -0.1615 0.4753 0.0323, -0.1614 0.4714 0.0321, -0.1632 0.4752 0.0336, -0.1628 0.4713 0.0332, -0.1654 0.4751 0.0346, -0.1654 0.4712 0.0343, -0.1688 0.475 0.0361, -0.1683 0.4711 0.0357, -0.1699 0.4711 0.036, -0.1975 0.4713 0.0325, -0.1975 0.4753 0.0327, -0.1929 0.4712 0.0342, -0.1929 0.4751 0.0346, -0.1885 0.4711 0.0359, -0.1892 0.475 0.036, -0.1861 0.471 0.0362, -0.186 0.475 0.0365, -0.1975 0.4705 0.0432, -0.1975 0.4744 0.0436, -0.1785 0.4701 0.0465, -0.1785 0.4741 0.0469, -0.181 0.4702 0.0463, -0.181 0.4741 0.0467, -0.1889 0.4702 0.0456, -0.1878 0.4741 0.0462, -0.191 0.4703 0.045, -0.1909 0.4742 0.0453, -0.1697 0.4742 0.0457, -0.1697 0.4703 0.0453, -0.1659 0.4742 0.0452, -0.1658 0.4703 0.0448, -0.1632 0.4743 0.0441, -0.1633 0.4704 0.0437, -0.159 0.4745 0.0424, -0.1579 0.4706 0.0415, -0.1576 0.4746 0.0415, -0.1576 0.4706 0.0412, -0.152 0.4749 0.0375, -0.1521 0.471 0.037, -0.1509 0.475 0.0367, -0.1491 0.4712 0.0348, -0.1491 0.4751 0.035, -0.1446 0.4755 0.0288, -0.1437 0.4716 0.0275, -0.1427 0.4757 0.0263, -0.1427 0.4717 0.026, -0.1414 0.4758 0.0229, -0.1414 0.4719 0.0228, -0.1393 0.476 0.0178, -0.139 0.4722 0.0167, -0.1391 0.4761 0.0163, -0.139 0.4722 0.0162, -0.1378 0.4763 0.0066, -0.1379 0.4724 0.0066, -0.1376 0.4764 0.0046, -0.1375 0.4724 0.0037, -0.1375 0.4764 0.0037, -0.1445 0.4716 0.0286, -0.1478 0.4718 -0.0253, -0.1478 0.4757 -0.0255, -0.1471 0.4718 -0.0243, -0.1471 0.4757 -0.0245, -0.1429 0.4721 -0.0183, -0.1429 0.476 -0.0185, -0.142 0.4721 -0.0169, -0.1423 0.4761 -0.0177, -0.1404 0.4723 -0.0126, -0.1404 0.4762 -0.0127, -0.139 0.4724 -0.0089, -0.139 0.4763 -0.0091, -0.1387 0.4724 -0.0061, -0.1387 0.4763 -0.0061, -0.1688 0.4711 -0.0357, -0.1716 0.4711 -0.0359, -0.1716 0.475 -0.0362, -0.1724 0.475 -0.0363, -0.1753 0.4711 -0.0362, -0.1753 0.475 -0.0365, -0.1639 0.4712 -0.0346, -0.1639 0.4751 -0.0349, -0.1609 0.4712 -0.0339, -0.1622 0.4751 -0.0346, -0.1583 0.4713 -0.0326, -0.1534 0.4754 -0.03, -0.1541 0.4715 -0.0305, -0.1552 0.4753 -0.0314, -0.1583 0.4752 -0.0328, -0.1534 0.4715 -0.0299, -0.1975 0.4714 -0.0315, -0.1975 0.4753 -0.0318, -0.1944 0.4713 -0.0326, -0.1944 0.4752 -0.0329, -0.1874 0.4711 -0.0349, -0.1903 0.4751 -0.0345, -0.1871 0.4751 -0.0349, -0.1871 0.4711 -0.035, -0.2239 0.4724 0.0012, -0.2239 0.4764 0.0012, -0.2239 0.4717 -0.0257, -0.2239 0.4757 -0.0259, -0.2525 0.4724 0.0012, -0.2525 0.4764 0.0012, -0.2525 0.4723 0.0104, -0.2525 0.4763 0.0105, -0.2239 0.4723 0.0104, -0.2239 0.4763 0.0105, -0.2239 0.475 0.0363, -0.2239 0.4716 0.0275, -0.2239 0.4711 0.036, -0.2548 0.4711 0.036, -0.2548 0.475 0.0363, -0.2548 0.4703 0.0452, -0.2548 0.4742 0.0455, -0.2135 0.4703 0.0452, -0.2135 0.4742 0.0455, -0.2135 0.4712 -0.0348, -0.2135 0.4751 -0.0351, -0.2135 0.4716 0.0275, -0.2566 0.4712 -0.0348, -0.2566 0.4751 -0.0351, -0.2566 0.4717 -0.0257, -0.2566 0.4757 -0.0259, -0.3365 0.4764 0.0018, -0.3366 0.4724 0.0017, -0.3368 0.4764 0.0032, -0.3369 0.4724 0.0062, -0.3369 0.4763 0.0063, -0.3248 0.4758 -0.0238, -0.3248 0.4718 -0.0236, -0.3296 0.476 -0.0178, -0.3296 0.4721 -0.0177, -0.3314 0.4761 -0.0157, -0.3314 0.4722 -0.0155, -0.3328 0.4762 -0.0125, -0.3328 0.4723 -0.0124, -0.3348 0.4763 -0.0079, -0.3348 0.4724 -0.008, -0.3351 0.4763 -0.0065, -0.3351 0.4724 -0.0064, -0.3366 0.4724 0.0008, -0.3248 0.4712 0.0346, -0.3248 0.4751 0.0349, -0.3274 0.4714 0.0321, -0.3278 0.4753 0.0319, -0.3282 0.4714 0.0309, -0.3283 0.4754 0.0312, -0.3308 0.4716 0.0275, -0.3319 0.4757 0.0261, -0.3357 0.4761 0.015, -0.3357 0.4722 0.0149, -0.3352 0.476 0.0185, -0.3353 0.4721 0.0183, -0.3342 0.4759 0.021, -0.3342 0.472 0.0208, -0.3324 0.4757 0.0254, -0.3324 0.4718 0.0253, -0.3319 0.4717 0.0259, -0.2945 0.4703 0.0452, -0.2945 0.4742 0.0455, -0.3034 0.4704 0.0442, -0.3034 0.4743 0.0445, -0.3056 0.4704 0.0439, -0.3056 0.4743 0.0443, -0.3114 0.4706 0.0419, -0.3114 0.4745 0.0423, -0.3159 0.4707 0.0404, -0.3159 0.4746 0.0407, -0.3187 0.4709 0.0386, -0.3187 0.4748 0.0389, -0.2717 0.4703 0.0452, -0.2717 0.4742 0.0455, -0.2717 0.4712 -0.0348, -0.2717 0.4751 -0.0351, -0.2717 0.4716 0.0275, -0.2937 0.4712 -0.0348, -0.2937 0.4751 -0.0351, -0.3183 0.4716 -0.0282, -0.3183 0.4755 -0.0284, -0.3157 0.4715 -0.03, -0.3162 0.4754 -0.03, -0.3122 0.4714 -0.0313, -0.3122 0.4753 -0.0315, -0.307 0.4713 -0.0333, -0.307 0.4752 -0.0335, -0.3055 0.4713 -0.0335, -0.3055 0.4752 -0.0337, -0.3006 0.4751 0.0355, -0.3039 0.4751 0.0351, -0.3069 0.4752 0.0341, -0.3114 0.4753 0.0325, -0.3122 0.4753 0.0319, -0.3173 0.4755 0.0287, -0.3196 0.4757 0.0263, -0.3197 0.4757 0.0261, -0.3222 0.4758 0.0223, -0.3229 0.4759 0.0214, -0.3239 0.476 0.0184, -0.3175 0.4761 -0.0175, -0.3208 0.4762 -0.0131, -0.3219 0.4762 -0.0118, -0.323 0.4763 -0.009, -0.3246 0.4764 -0.0054, -0.3247 0.4764 -0.0044, -0.3258 0.4764 0.0026, -0.326 0.4764 0.004, -0.326 0.4763 0.006, -0.3251 0.4762 0.0141, -0.3249 0.4761 0.0158, -0.3169 0.476 -0.018, -0.3166 0.476 -0.0183, -0.3122 0.4759 -0.0213, -0.3106 0.4759 -0.0224, -0.308 0.4758 -0.0234, -0.3044 0.4757 -0.0247, -0.3032 0.4757 -0.0249, -0.2937 0.4757 -0.0259, -0.282 0.4757 -0.0259, -0.282 0.475 0.0363, -0.2941 0.475 0.0363, -0.2937 0.4717 -0.0257, -0.282 0.4717 -0.0257, -0.3175 0.4721 -0.0174, -0.3169 0.4721 -0.0178, -0.3122 0.472 -0.0211, -0.3032 0.4718 -0.0246, -0.3046 0.4718 -0.0245, -0.308 0.4719 -0.0232, -0.311 0.4719 -0.022, -0.326 0.4724 0.0059, -0.3259 0.4724 0.0026, -0.3258 0.4724 0.0015, -0.3246 0.4724 -0.0044, -0.3242 0.4724 -0.0067, -0.3231 0.4723 -0.009, -0.3215 0.4723 -0.0123, -0.3209 0.4723 -0.0131, -0.3196 0.4717 0.0258, -0.3184 0.4716 0.0274, -0.3172 0.4716 0.0285, -0.3222 0.4719 0.0224, -0.3223 0.4719 0.0222, -0.324 0.4721 0.0183, -0.325 0.4722 0.0139, -0.3246 0.4721 0.0167, -0.2941 0.4711 0.036, -0.3006 0.4711 0.0352, -0.3038 0.4712 0.0349, -0.3069 0.4712 0.0338, -0.3113 0.4713 0.0322, -0.3122 0.4714 0.0317, -0.282 0.4711 0.036, -0.282 0.4711 0.036
            ]
        }
        coordIndex [
            0,1,2,-1,2,1,3,-1,2,3,4,-1,5,6,0,-1,0,6,1,-1,7,8,9,-1,9,8,6,-1,9,6,5,-1,10,11,7,-1,7,11,8,-1,12,13,10,-1,10,13,11,-1,3,13,4,-1,4,13,12,-1,1,6,3,-1,3,6,8,-1,3,8,13,-1,13,8,11,-1,14,15,16,-1,16,15,17,-1,16,17,18,-1,18,17,19,-1,18,19,20,-1,20,19,21,-1,20,21,22,-1,22,21,23,-1,22,23,24,-1,25,26,27,-1,27,26,28,-1,27,28,29,-1,29,28,30,-1,29,30,31,-1,31,30,32,-1,31,32,33,-1,33,32,34,-1,33,34,35,-1,35,34,36,-1,35,36,37,-1,37,36,38,-1,37,38,39,-1,39,38,40,-1,39,40,23,-1,23,40,24,-1,41,42,43,-1,43,42,44,-1,43,44,45,-1,45,44,46,-1,45,46,47,-1,47,46,48,-1,47,48,49,-1,49,48,50,-1,49,50,51,-1,51,50,52,-1,51,52,53,-1,53,52,54,-1,53,54,25,-1,25,54,26,-1,55,56,57,-1,57,56,58,-1,42,41,59,-1,59,41,60,-1,59,60,61,-1,61,60,62,-1,61,62,63,-1,63,62,64,-1,63,64,65,-1,65,64,66,-1,65,66,58,-1,58,66,67,-1,58,67,57,-1,68,69,70,-1,70,69,71,-1,70,71,72,-1,72,71,73,-1,72,73,74,-1,56,55,75,-1,75,55,76,-1,75,76,77,-1,77,76,78,-1,77,78,79,-1,79,78,80,-1,79,80,81,-1,81,80,82,-1,81,82,68,-1,68,82,83,-1,68,83,69,-1,84,85,86,-1,86,85,87,-1,86,87,88,-1,88,87,89,-1,88,89,90,-1,90,89,91,-1,90,91,73,-1,73,91,74,-1,92,93,84,-1,84,93,85,-1,94,95,96,-1,96,95,97,-1,96,97,98,-1,98,97,99,-1,98,99,100,-1,100,99,101,-1,100,101,92,-1,92,101,93,-1,95,94,102,-1,102,94,103,-1,102,103,104,-1,104,103,105,-1,104,105,106,-1,106,105,107,-1,106,107,108,-1,108,107,109,-1,108,109,110,-1,110,109,111,-1,110,111,112,-1,112,111,113,-1,112,113,114,-1,114,113,115,-1,114,115,116,-1,117,118,119,-1,119,118,120,-1,119,120,121,-1,121,120,122,-1,121,122,123,-1,123,122,124,-1,123,124,125,-1,125,124,126,-1,125,126,127,-1,127,126,128,-1,127,128,129,-1,129,128,130,-1,129,130,131,-1,116,115,117,-1,117,115,132,-1,117,132,118,-1,133,134,135,-1,135,134,136,-1,135,136,137,-1,137,136,138,-1,137,138,139,-1,139,138,140,-1,139,140,141,-1,141,140,142,-1,141,142,143,-1,143,142,144,-1,143,144,145,-1,145,144,146,-1,145,146,130,-1,130,146,131,-1,147,148,149,-1,149,148,150,-1,150,148,151,-1,150,151,152,-1,147,149,153,-1,153,149,154,-1,153,154,155,-1,155,154,156,-1,155,156,157,-1,158,159,160,-1,160,159,157,-1,160,157,161,-1,161,157,156,-1,134,133,158,-1,158,133,162,-1,158,162,159,-1,163,164,165,-1,165,164,166,-1,165,166,167,-1,167,166,168,-1,167,168,169,-1,152,151,169,-1,169,151,170,-1,169,170,167,-1,14,164,15,-1,15,164,163,-1,164,14,166,-1,166,14,16,-1,166,16,168,-1,168,16,18,-1,168,18,169,-1,169,18,20,-1,169,20,152,-1,20,22,152,-1,152,22,24,-1,152,24,150,-1,150,24,40,-1,150,40,149,-1,149,40,154,-1,154,40,38,-1,154,38,156,-1,156,38,36,-1,156,36,161,-1,161,36,34,-1,161,34,160,-1,160,34,32,-1,160,32,158,-1,32,30,158,-1,158,30,28,-1,158,28,134,-1,134,28,26,-1,134,26,136,-1,136,26,54,-1,136,54,138,-1,138,54,52,-1,61,125,59,-1,59,125,127,-1,59,127,42,-1,42,127,129,-1,42,129,44,-1,44,129,131,-1,44,131,46,-1,46,131,146,-1,46,146,48,-1,48,146,144,-1,48,144,50,-1,50,144,142,-1,50,142,52,-1,52,142,140,-1,52,140,138,-1,56,116,58,-1,58,116,117,-1,58,117,65,-1,65,117,119,-1,65,119,63,-1,63,119,121,-1,63,121,61,-1,61,121,123,-1,61,123,125,-1,79,108,77,-1,77,108,110,-1,77,110,75,-1,75,110,112,-1,75,112,56,-1,56,112,114,-1,56,114,116,-1,70,95,68,-1,68,95,102,-1,68,102,81,-1,81,102,104,-1,81,104,79,-1,79,104,106,-1,79,106,108,-1,70,72,95,-1,95,72,74,-1,95,74,97,-1,97,74,91,-1,97,91,99,-1,99,91,101,-1,85,93,87,-1,87,93,101,-1,87,101,89,-1,89,101,91,-1,171,172,173,-1,173,172,174,-1,175,176,171,-1,171,176,172,-1,177,178,175,-1,175,178,176,-1,179,180,177,-1,177,180,178,-1,180,179,181,-1,181,179,182,-1,181,182,183,-1,184,185,183,-1,183,185,181,-1,186,187,184,-1,184,187,185,-1,188,189,186,-1,186,189,187,-1,190,191,192,-1,192,191,189,-1,192,189,188,-1,193,194,190,-1,190,194,191,-1,195,196,193,-1,193,196,194,-1,174,196,173,-1,173,196,195,-1,191,194,196,-1,196,174,191,-1,191,174,172,-1,191,172,189,-1,185,187,181,-1,181,187,189,-1,181,189,180,-1,180,189,172,-1,180,172,178,-1,178,172,176,-1,197,198,199,-1,199,198,200,-1,199,200,201,-1,202,203,204,-1,204,203,205,-1,204,205,206,-1,206,205,207,-1,206,207,208,-1,208,207,209,-1,208,209,210,-1,210,209,211,-1,210,211,212,-1,212,211,213,-1,212,213,197,-1,197,213,214,-1,197,214,198,-1,215,216,217,-1,217,216,218,-1,217,218,219,-1,219,218,220,-1,219,220,221,-1,221,220,222,-1,201,200,223,-1,223,200,224,-1,223,224,225,-1,225,224,226,-1,225,226,227,-1,227,226,228,-1,227,228,229,-1,229,228,230,-1,229,230,222,-1,222,230,231,-1,222,231,221,-1,232,233,234,-1,234,233,235,-1,234,235,236,-1,236,235,237,-1,236,237,238,-1,238,237,239,-1,238,239,240,-1,240,239,241,-1,240,241,242,-1,242,241,243,-1,242,243,215,-1,215,243,216,-1,244,245,232,-1,232,245,233,-1,246,247,248,-1,248,247,245,-1,248,245,244,-1,249,250,246,-1,246,250,247,-1,203,202,251,-1,251,202,252,-1,251,252,253,-1,253,252,254,-1,253,254,255,-1,255,254,256,-1,255,256,257,-1,257,256,258,-1,257,258,259,-1,259,258,260,-1,259,260,249,-1,249,260,250,-1,233,261,235,-1,235,261,262,-1,235,262,237,-1,237,262,239,-1,239,262,263,-1,239,263,241,-1,241,263,264,-1,241,264,243,-1,243,264,265,-1,243,265,216,-1,216,265,266,-1,216,266,218,-1,266,267,218,-1,218,267,268,-1,218,268,220,-1,220,268,269,-1,220,269,222,-1,222,269,270,-1,222,270,229,-1,229,270,271,-1,272,202,273,-1,273,202,204,-1,273,204,274,-1,274,204,206,-1,274,206,275,-1,275,206,208,-1,275,208,276,-1,276,208,210,-1,276,210,277,-1,277,210,212,-1,277,212,278,-1,278,212,197,-1,278,197,279,-1,279,197,199,-1,279,199,280,-1,280,199,201,-1,280,201,281,-1,281,201,223,-1,281,223,282,-1,282,223,225,-1,282,225,271,-1,271,225,227,-1,271,227,229,-1,272,283,202,-1,202,283,284,-1,202,284,252,-1,252,284,285,-1,252,285,254,-1,254,285,286,-1,254,286,256,-1,256,286,287,-1,256,287,258,-1,258,287,288,-1,258,288,260,-1,260,288,289,-1,260,289,250,-1,250,289,290,-1,250,290,247,-1,247,290,291,-1,247,291,245,-1,245,291,292,-1,245,292,233,-1,233,292,293,-1,233,293,261,-1,290,294,291,-1,291,294,295,-1,272,296,283,-1,283,296,297,-1,283,297,284,-1,284,297,298,-1,294,290,299,-1,299,290,289,-1,299,289,300,-1,300,289,288,-1,300,288,301,-1,301,288,287,-1,301,287,302,-1,302,287,286,-1,302,286,298,-1,298,286,285,-1,298,285,284,-1,280,303,279,-1,279,303,304,-1,279,304,278,-1,278,304,305,-1,278,305,277,-1,277,305,306,-1,277,306,276,-1,276,306,307,-1,276,307,275,-1,275,307,308,-1,275,308,274,-1,274,308,309,-1,274,309,273,-1,273,309,310,-1,273,310,272,-1,272,310,296,-1,269,268,311,-1,311,268,267,-1,311,267,312,-1,312,267,266,-1,312,266,313,-1,311,314,269,-1,269,314,315,-1,269,315,270,-1,270,315,316,-1,303,280,317,-1,317,280,281,-1,317,281,318,-1,318,281,282,-1,318,282,316,-1,316,282,271,-1,316,271,270,-1,293,319,261,-1,261,319,320,-1,261,320,262,-1,262,320,321,-1,262,321,263,-1,263,321,322,-1,263,322,264,-1,264,322,323,-1,264,323,265,-1,265,323,324,-1,265,324,266,-1,266,324,313,-1,292,325,293,-1,293,325,319,-1,292,291,325,-1,325,291,295,-1,
        ]
    }
}
Shape{
    appearance Appearance {
        material  Material 	{
            diffuseColor 0.7019607843137254 0.4627450980392157 0.3058823529411765
            specularColor 0.050980392156862744 0.03137254901960784 0.023529411764705882
            ambientIntensity 0.2
            transparency 0
            shininess 0.5
        }
    }
    geometry IndexedFaceSet {
        ccw TRUE
        solid FALSE
        coord DEF co Coordinate {
            point [
                -0.3006 0.4711 0.0352, -0.2941 0.4711 0.036, -0.282 0.4711 0.036, -0.282 0.4717 -0.0257, -0.2937 0.4717 -0.0257, -0.3032 0.4718 -0.0246, -0.3046 0.4718 -0.0245, -0.308 0.4719 -0.0232, -0.311 0.4719 -0.022, -0.3122 0.472 -0.0211, -0.3169 0.4721 -0.0178, -0.3175 0.4721 -0.0174, -0.3209 0.4723 -0.0131, -0.3215 0.4723 -0.0123, -0.3231 0.4723 -0.009, -0.3242 0.4724 -0.0067, -0.3246 0.4724 -0.0044, -0.3258 0.4724 0.0015, -0.3259 0.4724 0.0026, -0.326 0.4724 0.0059, -0.325 0.4722 0.0139, -0.3246 0.4721 0.0167, -0.324 0.4721 0.0183, -0.3223 0.4719 0.0222, -0.3222 0.4719 0.0224, -0.3196 0.4717 0.0258, -0.3184 0.4716 0.0274, -0.3172 0.4716 0.0285, -0.3122 0.4714 0.0317, -0.3038 0.4712 0.0349, -0.3069 0.4712 0.0338, -0.3113 0.4713 0.0322, -0.3113 0.4713 0.0322
            ]
        }
        coordIndex [
            0,1,2,-1,2,3,4,-1,4,5,2,-1,2,5,6,-1,2,6,7,-1,7,8,2,-1,2,8,9,-1,2,9,10,-1,10,11,2,-1,2,11,12,-1,2,12,13,-1,13,14,2,-1,2,14,15,-1,2,15,16,-1,16,17,2,-1,2,17,18,-1,2,18,19,-1,19,20,2,-1,2,20,21,-1,2,21,22,-1,22,23,2,-1,2,23,24,-1,2,24,25,-1,25,26,2,-1,2,26,27,-1,2,27,28,-1,29,0,30,-1,30,0,2,-1,30,2,31,-1,31,2,28,-1,
        ]
    }
}
Shape{
    appearance Appearance {
        material  Material 	{
            diffuseColor 0.0 0.0 0.0
            specularColor 0.0 0.0 0.0
            ambientIntensity 0.2
            transparency 0
            shininess 0.5
        }
    }
    geometry IndexedFaceSet {
        ccw TRUE
        solid FALSE
        coord DEF co Coordinate {
            point [
                -0.3718 0.4742 0.0455, -0.3718 0.4703 0.0452, -0.3651 0.4712 0.0274, -0.3514 0.4763 -0.0086, -0.3566 0.4724 0.0052, -0.3413 0.4712 -0.0348, -0.3413 0.4751 -0.0351, -0.3528 0.4712 -0.0348, -0.3528 0.4751 -0.0351, -0.3605 0.4723 -0.0129, -0.3605 0.4762 -0.0131, -0.3566 0.4718 -0.0239, -0.3938 0.4723 -0.0129, -0.3938 0.4762 -0.0131, -0.402 0.4712 -0.0348, -0.402 0.4751 -0.0351, -0.3979 0.4718 -0.0239, -0.4134 0.4712 -0.0348, -0.4134 0.4751 -0.0351, -0.3829 0.4703 0.0452, -0.3829 0.4742 0.0455, -0.3896 0.4712 0.0274, -0.3929 0.476 0.0191, -0.3981 0.4724 0.0052, -0.3785 0.4755 0.0296, -0.3779 0.4753 0.0324, -0.3771 0.4751 0.0352, -0.3764 0.4753 0.0324, -0.3906 0.4764 -0.0039, -0.3637 0.4764 -0.0039, -0.3846 0.4762 0.0128, -0.3697 0.4762 0.0128, -0.3757 0.4755 0.0296, -0.377 0.4711 0.035, -0.3785 0.4715 0.0294, -0.3757 0.4715 0.0294, -0.3637 0.4724 -0.0039, -0.3906 0.4724 -0.0039, -0.3906 0.4724 -0.0039
            ]
        }
        coordIndex [
            0,1,2,-1,0,2,3,-1,2,4,3,-1,3,4,5,-1,3,5,6,-1,7,8,5,-1,5,8,6,-1,9,10,11,-1,11,10,8,-1,11,8,7,-1,12,13,9,-1,9,13,10,-1,14,15,16,-1,16,15,13,-1,16,13,12,-1,17,18,14,-1,14,18,15,-1,19,20,21,-1,21,20,22,-1,21,22,23,-1,23,22,18,-1,23,18,17,-1,0,20,1,-1,1,20,19,-1,24,22,25,-1,25,22,20,-1,25,20,26,-1,26,20,0,-1,26,0,27,-1,6,8,3,-1,3,8,10,-1,28,29,13,-1,13,29,10,-1,24,30,22,-1,22,30,28,-1,22,28,18,-1,18,28,13,-1,18,13,15,-1,10,29,3,-1,3,29,31,-1,3,31,0,-1,0,31,32,-1,0,32,27,-1,26,33,25,-1,25,33,34,-1,25,34,24,-1,33,26,35,-1,35,26,27,-1,35,27,32,-1,29,36,31,-1,31,36,35,-1,31,35,32,-1,28,37,29,-1,29,37,36,-1,24,34,30,-1,30,34,37,-1,30,37,28,-1,
        ]
    }
}
Shape{
    appearance Appearance {
        material  Material 	{
            diffuseColor 0.7019607843137254 0.4627450980392157 0.3058823529411765
            specularColor 0.050980392156862744 0.03137254901960784 0.023529411764705882
            ambientIntensity 0.2
            transparency 0
            shininess 0.5
        }
    }
    geometry IndexedFaceSet {
        ccw TRUE
        solid FALSE
        coord DEF co Coordinate {
            point [
                -0.3637 0.4724 -0.0039, -0.3906 0.4724 -0.0039, -0.3757 0.4715 0.0294, -0.3785 0.4715 0.0294, -0.377 0.4711 0.035, -0.377 0.4711 0.035
            ]
        }
        coordIndex [
            0,1,2,-1,2,1,3,-1,2,3,4,-1,
        ]
    }
}
Shape{
    appearance Appearance {
        material  Material 	{
            diffuseColor 0.0 0.0 0.0
            specularColor 0.0 0.0 0.0
            ambientIntensity 0.2
            transparency 0
            shininess 0.5
        }
    }
    geometry IndexedFaceSet {
        ccw TRUE
        solid FALSE
        coord DEF co Coordinate {
            point [
                -0.1024 0.4558 -0.1243, -0.1024 0.4596 -0.1254, -0.1024 0.448 -0.1501, -0.1024 0.4517 -0.1513, -0.131 0.4558 -0.1243, -0.131 0.4596 -0.1254, -0.131 0.4581 -0.1155, -0.131 0.4619 -0.1164, -0.1024 0.4581 -0.1155, -0.1024 0.4619 -0.1164, -0.1024 0.4637 -0.0904, -0.1024 0.4676 -0.0912, -0.1333 0.4637 -0.0904, -0.1333 0.4676 -0.0912, -0.1333 0.4693 -0.0821, -0.1333 0.4653 -0.082, -0.1333 0.4654 -0.0814, -0.092 0.4654 -0.0814, -0.092 0.4693 -0.0821, -0.092 0.445 -0.1587, -0.092 0.4487 -0.16, -0.092 0.4653 -0.082, -0.1351 0.445 -0.1587, -0.1351 0.4487 -0.16, -0.1351 0.448 -0.1501, -0.1351 0.4517 -0.1513, -0.169 0.4593 -0.1105, -0.169 0.4632 -0.1114, -0.1667 0.4593 -0.1108, -0.1667 0.4631 -0.1117, -0.1637 0.4592 -0.1111, -0.1641 0.463 -0.1119, -0.1611 0.459 -0.1119, -0.1611 0.4628 -0.1129, -0.1568 0.4587 -0.1133, -0.1568 0.4625 -0.1142, -0.156 0.4585 -0.1138, -0.156 0.4624 -0.1147, -0.1503 0.4577 -0.1172, -0.1503 0.4615 -0.1182, -0.1806 0.4559 -0.124, -0.1806 0.4597 -0.1251, -0.1805 0.4563 -0.1225, -0.1805 0.4601 -0.1235, -0.1803 0.4569 -0.1201, -0.1803 0.4606 -0.1215, -0.1799 0.4573 -0.1185, -0.1798 0.4611 -0.1195, -0.1793 0.4579 -0.1165, -0.1793 0.4617 -0.1175, -0.1791 0.4579 -0.1162, -0.1791 0.4618 -0.1171, -0.1783 0.4583 -0.1147, -0.1783 0.4621 -0.1157, -0.1783 0.4583 -0.1146, -0.1782 0.4622 -0.1154, -0.178 0.4584 -0.1142, -0.1769 0.4625 -0.114, -0.1769 0.4587 -0.1131, -0.177 0.4625 -0.1141, -0.178 0.4622 -0.1152, -0.1721 0.4631 -0.1119, -0.1721 0.4592 -0.1109, -0.1728 0.463 -0.1119, -0.1729 0.4592 -0.111, -0.1742 0.4629 -0.1125, -0.1742 0.4591 -0.1115, -0.1752 0.4628 -0.1129, -0.1752 0.459 -0.1119, -0.1757 0.4627 -0.1132, -0.1757 0.4589 -0.1122, -0.1769 0.4587 -0.1131, -0.1637 0.4552 -0.1263, -0.1637 0.459 -0.1274, -0.1447 0.4499 -0.1442, -0.1447 0.4536 -0.1454, -0.1452 0.4511 -0.1403, -0.1453 0.4549 -0.1415, -0.1454 0.4515 -0.1392, -0.1456 0.4554 -0.1398, -0.1461 0.452 -0.1374, -0.1461 0.4558 -0.1385, -0.1467 0.4526 -0.1357, -0.147 0.4564 -0.1364, -0.1473 0.4528 -0.1349, -0.1472 0.4565 -0.136, -0.1488 0.4534 -0.1327, -0.1488 0.4572 -0.1338, -0.1488 0.4535 -0.1327, -0.1489 0.4572 -0.1338, -0.1509 0.454 -0.1309, -0.1509 0.4577 -0.1321, -0.1512 0.454 -0.1307, -0.1516 0.4579 -0.1315, -0.1534 0.4544 -0.1294, -0.1535 0.4581 -0.1306, -0.155 0.4546 -0.1286, -0.1557 0.4585 -0.1294, -0.157 0.4548 -0.1281, -0.157 0.4586 -0.1291, -0.1482 0.4503 -0.1554, -0.1483 0.4465 -0.1544, -0.1489 0.45 -0.1563, -0.1496 0.446 -0.1557, -0.1496 0.4497 -0.157, -0.1452 0.4524 -0.1491, -0.1451 0.4487 -0.1479, -0.1454 0.452 -0.1503, -0.1452 0.4484 -0.1487, -0.1458 0.4517 -0.1514, -0.1458 0.4479 -0.1502, -0.1465 0.4511 -0.1531, -0.1463 0.4475 -0.1516, -0.1467 0.451 -0.1534, -0.1467 0.4473 -0.1521, -0.1481 0.4466 -0.1542, -0.1628 0.4445 -0.16, -0.1628 0.4482 -0.1613, -0.1593 0.4447 -0.1596, -0.1593 0.4484 -0.161, -0.1581 0.4447 -0.1595, -0.158 0.4484 -0.1608, -0.1557 0.445 -0.1588, -0.1557 0.4487 -0.1601, -0.1536 0.4452 -0.1581, -0.1536 0.4489 -0.1594, -0.1526 0.4454 -0.1575, -0.1526 0.4491 -0.1588, -0.1804 0.4479 -0.1504, -0.1804 0.4516 -0.1516, -0.1798 0.4476 -0.1512, -0.1794 0.4511 -0.153, -0.1779 0.4469 -0.1534, -0.1779 0.4506 -0.1546, -0.176 0.4461 -0.1555, -0.1757 0.4498 -0.157, -0.1757 0.446 -0.1557, -0.1756 0.4497 -0.1571, -0.1732 0.4455 -0.1574, -0.1732 0.4492 -0.1587, -0.1726 0.4453 -0.1579, -0.1724 0.449 -0.1592, -0.1707 0.4451 -0.1585, -0.1707 0.4488 -0.1598, -0.1688 0.4448 -0.1592, -0.1685 0.4485 -0.1606, -0.1676 0.4447 -0.1594, -0.1676 0.4484 -0.1607, -0.1806 0.4479 -0.1504, -0.1806 0.4516 -0.1516, -0.1806 0.445 -0.1587, -0.1806 0.4487 -0.16, -0.1907 0.445 -0.1587, -0.1907 0.4487 -0.16, -0.1907 0.456 -0.1236, -0.1907 0.4598 -0.1246, -0.1735 0.4611 -0.103, -0.17 0.4612 -0.1026, -0.17 0.465 -0.1034, -0.1836 0.4642 -0.1072, -0.1836 0.4604 -0.1063, -0.1831 0.4643 -0.1068, -0.1816 0.4606 -0.105, -0.1812 0.4645 -0.1058, -0.1812 0.4607 -0.1049, -0.1795 0.4647 -0.105, -0.1783 0.4609 -0.1038, -0.1783 0.4647 -0.1047, -0.1778 0.461 -0.1036, -0.1736 0.465 -0.1037, -0.1735 0.465 -0.1036, -0.1897 0.4617 -0.1173, -0.1897 0.4579 -0.1163, -0.1896 0.4619 -0.1166, -0.1896 0.4582 -0.1154, -0.1885 0.4626 -0.1138, -0.1886 0.4588 -0.1128, -0.1879 0.463 -0.1121, -0.188 0.4592 -0.1113, -0.1872 0.4632 -0.1111, -0.1873 0.4594 -0.1102, -0.1857 0.4637 -0.109, -0.186 0.4599 -0.1084, -0.1856 0.4638 -0.1089, -0.1856 0.46 -0.108, -0.1846 0.4602 -0.107, -0.1503 0.46 -0.1077, -0.1503 0.4638 -0.1086, -0.1514 0.4601 -0.1071, -0.1513 0.464 -0.108, -0.156 0.4606 -0.1053, -0.156 0.4644 -0.1062, -0.1595 0.4609 -0.104, -0.1594 0.4647 -0.1049, -0.1625 0.461 -0.1036, -0.1625 0.4648 -0.1044, -0.1596 0.4564 -0.1365, -0.161 0.4566 -0.1358, -0.1621 0.4567 -0.1355, -0.1672 0.4571 -0.1343, -0.1763 0.4525 -0.149, -0.1759 0.4524 -0.1493, -0.1736 0.4518 -0.151, -0.1727 0.4516 -0.1516, -0.1711 0.4514 -0.1523, -0.1694 0.4512 -0.1529, -0.1604 0.4513 -0.1525, -0.1615 0.4512 -0.1528, -0.1632 0.451 -0.1533, -0.1638 0.451 -0.1533, -0.1654 0.451 -0.1535, -0.1685 0.4511 -0.1531, -0.1569 0.4521 -0.15, -0.1578 0.4518 -0.151, -0.1595 0.4515 -0.152, -0.1557 0.4527 -0.1484, -0.1561 0.4525 -0.149, -0.1561 0.4554 -0.1398, -0.1557 0.4551 -0.1407, -0.1552 0.4547 -0.1421, -0.1552 0.4546 -0.1425, -0.1549 0.4539 -0.1446, -0.1552 0.4531 -0.1469, -0.1552 0.4531 -0.1472, -0.1555 0.4528 -0.148, -0.1575 0.4561 -0.1377, -0.1566 0.4556 -0.1391, -0.1583 0.4562 -0.1371, -0.1579 0.4561 -0.1374, -0.1806 0.4576 -0.1325, -0.1806 0.456 -0.1378, -0.1802 0.4551 -0.1408, -0.1801 0.4547 -0.1419, -0.1793 0.4541 -0.1438, -0.1786 0.4535 -0.1458, -0.178 0.4532 -0.1466, -0.1578 0.4481 -0.1498, -0.1569 0.4484 -0.1488, -0.1561 0.4487 -0.1477, -0.1556 0.4489 -0.1471, -0.1555 0.4491 -0.1468, -0.1552 0.4493 -0.146, -0.1552 0.4494 -0.1457, -0.1549 0.4501 -0.1434, -0.1654 0.4472 -0.1522, -0.1638 0.4473 -0.1521, -0.1633 0.4473 -0.152, -0.1615 0.4475 -0.1515, -0.1604 0.4476 -0.1512, -0.1595 0.4477 -0.1508, -0.1763 0.4487 -0.1478, -0.1759 0.4486 -0.1481, -0.1736 0.4481 -0.1498, -0.1728 0.4479 -0.1504, -0.1711 0.4477 -0.151, -0.1694 0.4474 -0.1517, -0.1685 0.4474 -0.1518, -0.1806 0.4522 -0.1367, -0.1802 0.4513 -0.1396, -0.1801 0.451 -0.1408, -0.1793 0.4504 -0.1427, -0.1786 0.4498 -0.1446, -0.178 0.4495 -0.1454, -0.1806 0.4538 -0.1314, -0.1672 0.4533 -0.1331, -0.1575 0.4523 -0.1365, -0.1579 0.4524 -0.1363, -0.1582 0.4524 -0.136, -0.1596 0.4526 -0.1354, -0.1609 0.4528 -0.1347, -0.1621 0.4529 -0.1344, -0.1552 0.4508 -0.1413, -0.1553 0.451 -0.1406, -0.1557 0.4514 -0.1395, -0.1562 0.4517 -0.1384, -0.1565 0.4519 -0.1379, -0.1565 0.4519 -0.1379
            ]
        }
        coordIndex [
            0,1,2,-1,2,1,3,-1,4,5,0,-1,0,5,1,-1,6,7,4,-1,4,7,5,-1,8,9,6,-1,6,9,7,-1,10,11,8,-1,8,11,9,-1,12,13,10,-1,10,13,11,-1,13,12,14,-1,14,12,15,-1,14,15,16,-1,17,18,16,-1,16,18,14,-1,19,20,21,-1,21,20,18,-1,21,18,17,-1,22,23,19,-1,19,23,20,-1,24,25,22,-1,22,25,23,-1,3,25,2,-1,2,25,24,-1,20,23,25,-1,25,3,20,-1,20,3,1,-1,20,1,18,-1,13,14,11,-1,11,14,18,-1,11,18,9,-1,9,18,1,-1,9,1,7,-1,7,1,5,-1,26,27,28,-1,28,27,29,-1,28,29,30,-1,30,29,31,-1,30,31,32,-1,32,31,33,-1,32,33,34,-1,34,33,35,-1,34,35,36,-1,36,35,37,-1,36,37,38,-1,38,37,39,-1,40,41,42,-1,42,41,43,-1,42,43,44,-1,44,43,45,-1,44,45,46,-1,46,45,47,-1,46,47,48,-1,48,47,49,-1,48,49,50,-1,50,49,51,-1,50,51,52,-1,52,51,53,-1,52,53,54,-1,54,53,55,-1,54,55,56,-1,57,58,59,-1,59,58,56,-1,59,56,60,-1,60,56,55,-1,27,26,61,-1,61,26,62,-1,61,62,63,-1,63,62,64,-1,63,64,65,-1,65,64,66,-1,65,66,67,-1,67,66,68,-1,67,68,69,-1,69,68,70,-1,69,70,57,-1,57,70,71,-1,57,71,58,-1,72,73,40,-1,40,73,41,-1,74,75,76,-1,76,75,77,-1,76,77,78,-1,78,77,79,-1,78,79,80,-1,80,79,81,-1,80,81,82,-1,82,81,83,-1,82,83,84,-1,84,83,85,-1,84,85,86,-1,86,85,87,-1,86,87,88,-1,88,87,89,-1,88,89,90,-1,90,89,91,-1,90,91,92,-1,92,91,93,-1,92,93,94,-1,94,93,95,-1,94,95,96,-1,96,95,97,-1,96,97,98,-1,98,97,99,-1,98,99,72,-1,72,99,73,-1,100,101,102,-1,102,101,103,-1,102,103,104,-1,75,74,105,-1,105,74,106,-1,105,106,107,-1,107,106,108,-1,107,108,109,-1,109,108,110,-1,109,110,111,-1,111,110,112,-1,111,112,113,-1,113,112,114,-1,113,114,100,-1,100,114,115,-1,100,115,101,-1,116,117,118,-1,118,117,119,-1,118,119,120,-1,120,119,121,-1,120,121,122,-1,122,121,123,-1,122,123,124,-1,124,123,125,-1,124,125,126,-1,126,125,127,-1,126,127,103,-1,103,127,104,-1,128,129,130,-1,130,129,131,-1,130,131,132,-1,132,131,133,-1,132,133,134,-1,134,133,135,-1,134,135,136,-1,136,135,137,-1,136,137,138,-1,138,137,139,-1,138,139,140,-1,140,139,141,-1,140,141,142,-1,142,141,143,-1,142,143,144,-1,144,143,145,-1,144,145,146,-1,146,145,147,-1,146,147,116,-1,116,147,117,-1,148,149,128,-1,128,149,129,-1,150,151,148,-1,148,151,149,-1,152,153,150,-1,150,153,151,-1,154,155,152,-1,152,155,153,-1,156,157,158,-1,159,160,161,-1,161,160,162,-1,161,162,163,-1,163,162,164,-1,163,164,165,-1,165,164,166,-1,165,166,167,-1,167,166,168,-1,167,168,169,-1,169,168,156,-1,169,156,170,-1,170,156,158,-1,155,154,171,-1,171,154,172,-1,171,172,173,-1,173,172,174,-1,173,174,175,-1,175,174,176,-1,175,176,177,-1,177,176,178,-1,177,178,179,-1,179,178,180,-1,179,180,181,-1,181,180,182,-1,181,182,183,-1,183,182,184,-1,183,184,159,-1,159,184,185,-1,159,185,160,-1,186,187,188,-1,188,187,189,-1,188,189,190,-1,190,189,191,-1,190,191,192,-1,192,191,193,-1,192,193,194,-1,194,193,195,-1,194,195,157,-1,157,195,158,-1,39,187,38,-1,38,187,186,-1,195,193,33,-1,33,193,191,-1,33,191,35,-1,35,191,189,-1,35,189,37,-1,37,189,187,-1,37,187,39,-1,33,31,195,-1,195,31,29,-1,195,29,158,-1,158,29,27,-1,158,27,170,-1,170,27,61,-1,170,61,169,-1,169,61,63,-1,169,63,167,-1,167,63,65,-1,167,65,165,-1,65,67,165,-1,165,67,69,-1,165,69,163,-1,163,69,57,-1,163,57,161,-1,161,57,159,-1,159,57,59,-1,159,59,183,-1,183,59,60,-1,183,60,181,-1,60,55,181,-1,181,55,53,-1,181,53,179,-1,179,53,51,-1,179,51,177,-1,177,51,175,-1,175,51,49,-1,175,49,173,-1,173,49,47,-1,173,47,171,-1,41,155,43,-1,43,155,171,-1,43,171,45,-1,45,171,47,-1,196,197,41,-1,41,197,155,-1,155,197,198,-1,155,198,199,-1,129,200,131,-1,131,200,201,-1,131,201,133,-1,133,201,202,-1,133,202,135,-1,135,202,203,-1,135,203,137,-1,137,203,204,-1,137,204,139,-1,139,204,205,-1,206,121,207,-1,207,121,119,-1,207,119,208,-1,208,119,117,-1,208,117,209,-1,209,117,147,-1,209,147,210,-1,210,147,145,-1,210,145,211,-1,211,145,143,-1,211,143,205,-1,205,143,141,-1,205,141,139,-1,212,104,213,-1,213,104,127,-1,213,127,214,-1,214,127,125,-1,214,125,206,-1,206,125,123,-1,206,123,121,-1,215,113,216,-1,216,113,100,-1,216,100,212,-1,212,100,102,-1,212,102,104,-1,217,83,218,-1,218,83,81,-1,218,81,219,-1,219,81,79,-1,219,79,220,-1,220,79,77,-1,220,77,221,-1,221,77,75,-1,221,75,222,-1,222,75,105,-1,222,105,223,-1,223,105,107,-1,223,107,224,-1,224,107,109,-1,224,109,215,-1,215,109,111,-1,215,111,113,-1,225,89,226,-1,226,89,87,-1,226,87,217,-1,217,87,85,-1,217,85,83,-1,196,41,227,-1,227,41,73,-1,227,73,99,-1,99,97,227,-1,227,97,95,-1,227,95,228,-1,228,95,93,-1,228,93,225,-1,225,93,91,-1,225,91,89,-1,199,229,155,-1,155,229,230,-1,155,230,231,-1,232,233,149,-1,149,233,234,-1,149,234,129,-1,129,234,235,-1,129,235,200,-1,151,153,149,-1,149,153,155,-1,149,155,232,-1,232,155,231,-1,213,236,212,-1,212,236,237,-1,212,237,216,-1,216,237,238,-1,216,238,215,-1,215,238,239,-1,215,239,224,-1,224,239,240,-1,224,240,223,-1,223,240,241,-1,223,241,222,-1,222,241,242,-1,222,242,221,-1,221,242,243,-1,210,244,209,-1,209,244,245,-1,209,245,208,-1,208,245,246,-1,208,246,207,-1,207,246,247,-1,207,247,206,-1,206,247,248,-1,206,248,214,-1,214,248,249,-1,214,249,213,-1,213,249,236,-1,200,250,201,-1,201,250,251,-1,201,251,202,-1,202,251,252,-1,202,252,203,-1,203,252,253,-1,203,253,204,-1,204,253,254,-1,204,254,205,-1,205,254,255,-1,205,255,211,-1,211,255,256,-1,211,256,210,-1,210,256,244,-1,230,257,231,-1,231,257,258,-1,231,258,232,-1,232,258,259,-1,232,259,233,-1,233,259,260,-1,233,260,234,-1,234,260,261,-1,234,261,235,-1,235,261,262,-1,235,262,200,-1,200,262,250,-1,229,263,230,-1,230,263,257,-1,199,264,229,-1,229,264,263,-1,225,265,228,-1,228,265,266,-1,228,266,227,-1,227,266,267,-1,227,267,196,-1,196,267,268,-1,196,268,197,-1,197,268,269,-1,197,269,198,-1,198,269,270,-1,198,270,199,-1,199,270,264,-1,221,243,220,-1,220,243,271,-1,220,271,219,-1,219,271,272,-1,219,272,218,-1,218,272,273,-1,218,273,217,-1,217,273,274,-1,217,274,226,-1,226,274,275,-1,226,275,225,-1,225,275,265,-1,
        ]
    }
}
Shape{
    appearance Appearance {
        material  Material 	{
            diffuseColor 0.7019607843137254 0.4627450980392157 0.3058823529411765
            specularColor 0.050980392156862744 0.03137254901960784 0.023529411764705882
            ambientIntensity 0.2
            transparency 0
            shininess 0.5
        }
    }
    geometry IndexedFaceSet {
        ccw TRUE
        solid FALSE
        coord DEF co Coordinate {
            point [
                -0.1579 0.4524 -0.1363, -0.1575 0.4523 -0.1365, -0.1565 0.4519 -0.1379, -0.1582 0.4524 -0.136, -0.1736 0.4481 -0.1498, -0.1763 0.4487 -0.1478, -0.1621 0.4529 -0.1344, -0.1759 0.4486 -0.1481, -0.1609 0.4528 -0.1347, -0.1596 0.4526 -0.1354, -0.178 0.4495 -0.1454, -0.1786 0.4498 -0.1446, -0.1793 0.4504 -0.1427, -0.1801 0.451 -0.1408, -0.1802 0.4513 -0.1396, -0.1672 0.4533 -0.1331, -0.1806 0.4522 -0.1367, -0.1806 0.4538 -0.1314, -0.1562 0.4517 -0.1384, -0.1557 0.4514 -0.1395, -0.1553 0.451 -0.1406, -0.1552 0.4508 -0.1413, -0.1549 0.4501 -0.1434, -0.1552 0.4494 -0.1457, -0.1552 0.4493 -0.146, -0.1555 0.4491 -0.1468, -0.1556 0.4489 -0.1471, -0.1561 0.4487 -0.1477, -0.1569 0.4484 -0.1488, -0.1604 0.4476 -0.1512, -0.1595 0.4477 -0.1508, -0.1578 0.4481 -0.1498, -0.1638 0.4473 -0.1521, -0.171 0.4477 -0.1508, -0.1633 0.4473 -0.152, -0.1615 0.4475 -0.1515, -0.1654 0.4472 -0.1522, -0.1685 0.4474 -0.1518, -0.1694 0.4474 -0.1517, -0.1711 0.4477 -0.151, -0.1728 0.4479 -0.1504, -0.1728 0.4479 -0.1504
            ]
        }
        coordIndex [
            0,1,2,-1,3,0,4,-1,5,6,7,-1,7,6,8,-1,7,8,4,-1,4,8,9,-1,4,9,3,-1,5,10,6,-1,6,10,11,-1,6,11,12,-1,12,13,6,-1,6,13,14,-1,6,14,15,-1,15,14,16,-1,15,16,17,-1,0,2,4,-1,4,2,18,-1,4,18,19,-1,19,20,4,-1,4,20,21,-1,4,21,22,-1,22,23,4,-1,4,23,24,-1,4,24,25,-1,25,26,4,-1,4,26,27,-1,4,27,28,-1,29,4,30,-1,30,4,28,-1,30,28,31,-1,32,33,34,-1,34,33,35,-1,32,36,37,-1,32,37,33,-1,33,37,38,-1,33,38,39,-1,29,35,4,-1,4,35,33,-1,4,33,40,-1,40,33,39,-1,
        ]
    }
}
Shape{
    appearance Appearance {
        material  Material 	{
            diffuseColor 0.0 0.0 0.0
            specularColor 0.0 0.0 0.0
            ambientIntensity 0.2
            transparency 0
            shininess 0.5
        }
    }
    geometry IndexedFaceSet {
        ccw TRUE
        solid FALSE
        coord DEF co Coordinate {
            point [
                -0.2198 0.4445 -0.16, -0.2198 0.4482 -0.1613, -0.217 0.4446 -0.1597, -0.217 0.4483 -0.161, -0.2113 0.4449 -0.1591, -0.2113 0.4486 -0.1604, -0.2104 0.445 -0.1588, -0.2104 0.4487 -0.1601, -0.2042 0.4457 -0.1568, -0.2042 0.4494 -0.1581, -0.2364 0.446 -0.1557, -0.2364 0.4498 -0.157, -0.2357 0.4459 -0.1561, -0.2357 0.4496 -0.1574, -0.2339 0.4456 -0.1571, -0.2343 0.4494 -0.1582, -0.2318 0.4453 -0.1578, -0.2318 0.449 -0.1591, -0.2279 0.4449 -0.1591, -0.2279 0.4486 -0.1604, -0.2269 0.4448 -0.1592, -0.2269 0.4485 -0.1605, -0.2428 0.4497 -0.1447, -0.2429 0.45 -0.144, -0.2429 0.4537 -0.1452, -0.2422 0.4524 -0.1493, -0.2423 0.4487 -0.1479, -0.2424 0.4525 -0.149, -0.2428 0.4535 -0.1459, -0.239 0.4505 -0.1547, -0.239 0.4468 -0.1535, -0.2398 0.4508 -0.154, -0.2396 0.447 -0.1529, -0.2404 0.4511 -0.153, -0.2405 0.4474 -0.1518, -0.2415 0.4516 -0.1515, -0.2413 0.4478 -0.1507, -0.2415 0.4517 -0.1514, -0.2415 0.448 -0.1501, -0.2423 0.4486 -0.1481, -0.2395 0.4528 -0.135, -0.2395 0.4565 -0.1361, -0.2403 0.4524 -0.1361, -0.2403 0.4562 -0.1373, -0.2409 0.4522 -0.1369, -0.2409 0.4559 -0.1381, -0.2415 0.4517 -0.1384, -0.2415 0.4555 -0.1395, -0.2422 0.4512 -0.14, -0.2422 0.455 -0.1411, -0.2424 0.4509 -0.1409, -0.2424 0.4547 -0.142, -0.237 0.4571 -0.1341, -0.237 0.4533 -0.133, -0.2361 0.4573 -0.1334, -0.2361 0.4535 -0.1323, -0.2315 0.4579 -0.1313, -0.2316 0.4542 -0.1301, -0.2266 0.4586 -0.1289, -0.229 0.4545 -0.1288, -0.2266 0.4548 -0.1278, -0.2207 0.4594 -0.1262, -0.2206 0.4555 -0.1253, -0.2179 0.4597 -0.1248, -0.2168 0.4561 -0.1231, -0.2168 0.4599 -0.1241, -0.2146 0.4575 -0.118, -0.2146 0.4613 -0.1189, -0.2148 0.4572 -0.119, -0.2148 0.461 -0.12, -0.2149 0.4569 -0.1202, -0.215 0.4607 -0.1212, -0.215 0.4569 -0.1203, -0.215 0.4607 -0.1213, -0.2152 0.4567 -0.1209, -0.2152 0.4605 -0.1219, -0.2154 0.4566 -0.1212, -0.2153 0.4604 -0.1222, -0.2157 0.4565 -0.1216, -0.2157 0.4603 -0.1226, -0.2177 0.4588 -0.1126, -0.2177 0.4627 -0.1135, -0.2164 0.4585 -0.1137, -0.2164 0.4624 -0.1147, -0.2162 0.4585 -0.1139, -0.2163 0.4623 -0.1148, -0.2156 0.4583 -0.1146, -0.2157 0.4622 -0.1156, -0.2154 0.4583 -0.1148, -0.2154 0.4621 -0.1158, -0.2152 0.4582 -0.1152, -0.2153 0.462 -0.1162, -0.215 0.458 -0.1158, -0.215 0.4618 -0.1168, -0.215 0.458 -0.116, -0.215 0.4618 -0.117, -0.2256 0.4593 -0.1105, -0.2256 0.4632 -0.1114, -0.2243 0.4593 -0.1106, -0.2247 0.4632 -0.1114, -0.2224 0.4592 -0.1109, -0.2224 0.4631 -0.1119, -0.2207 0.4592 -0.1112, -0.2207 0.463 -0.1122, -0.22 0.4591 -0.1116, -0.22 0.4629 -0.1125, -0.2401 0.4584 -0.1145, -0.2401 0.4622 -0.1155, -0.2389 0.4585 -0.1138, -0.2391 0.4623 -0.1149, -0.2359 0.4588 -0.1127, -0.2359 0.4626 -0.1136, -0.2328 0.4591 -0.1115, -0.2328 0.4629 -0.1124, -0.2311 0.4592 -0.1112, -0.2311 0.463 -0.1122, -0.2401 0.4606 -0.105, -0.2401 0.4645 -0.1059, -0.2336 0.461 -0.1032, -0.2266 0.4612 -0.1026, -0.2266 0.465 -0.1034, -0.2336 0.4648 -0.1043, -0.2312 0.4649 -0.1037, -0.2107 0.4602 -0.107, -0.2107 0.464 -0.1079, -0.2129 0.4605 -0.1057, -0.2126 0.4643 -0.1068, -0.2151 0.4606 -0.1049, -0.2151 0.4645 -0.1058, -0.2188 0.461 -0.1035, -0.2189 0.4648 -0.1044, -0.2198 0.461 -0.1034, -0.2198 0.4648 -0.1043, -0.2044 0.4574 -0.1184, -0.2043 0.4573 -0.1188, -0.2043 0.4611 -0.1198, -0.205 0.4621 -0.1159, -0.2048 0.4582 -0.1151, -0.2046 0.4618 -0.1169, -0.2044 0.4612 -0.1194, -0.2081 0.4634 -0.1103, -0.2081 0.4596 -0.1094, -0.2073 0.4632 -0.1111, -0.2075 0.4595 -0.1099, -0.2067 0.463 -0.1121, -0.2066 0.4592 -0.1111, -0.2056 0.4626 -0.1137, -0.2058 0.4589 -0.1123, -0.2056 0.4626 -0.1138, -0.2056 0.4588 -0.1129, -0.2049 0.4583 -0.1149, -0.2072 0.4549 -0.1276, -0.2072 0.4587 -0.1286, -0.2068 0.455 -0.1271, -0.2068 0.4588 -0.1281, -0.2064 0.4552 -0.1263, -0.2066 0.4589 -0.1278, -0.2057 0.4557 -0.1248, -0.2057 0.4595 -0.1258, -0.205 0.4561 -0.1231, -0.2051 0.4598 -0.1246, -0.2048 0.4564 -0.1221, -0.2049 0.4602 -0.1231, -0.2195 0.4528 -0.1348, -0.2195 0.4566 -0.136, -0.2161 0.4532 -0.1334, -0.217 0.4569 -0.1349, -0.213 0.4537 -0.1317, -0.213 0.4575 -0.1327, -0.2097 0.4543 -0.1298, -0.2097 0.4581 -0.1309, -0.209 0.4544 -0.1292, -0.209 0.4582 -0.1303, -0.2257 0.4557 -0.1388, -0.2258 0.452 -0.1374, -0.229 0.4553 -0.1402, -0.23 0.4513 -0.1397, -0.23 0.4551 -0.1409, -0.2326 0.4497 -0.1449, -0.2326 0.4534 -0.1461, -0.2322 0.4502 -0.1434, -0.2322 0.4539 -0.1445, -0.2321 0.4503 -0.1429, -0.2321 0.4541 -0.1441, -0.2317 0.4506 -0.142, -0.2317 0.4543 -0.1432, -0.2312 0.4509 -0.1411, -0.2312 0.4546 -0.1423, -0.2309 0.451 -0.1408, -0.2309 0.4547 -0.142, -0.2207 0.4472 -0.1523, -0.2207 0.451 -0.1535, -0.2234 0.4473 -0.1521, -0.2234 0.451 -0.1534, -0.2239 0.4473 -0.1521, -0.2242 0.451 -0.1533, -0.2269 0.4475 -0.1515, -0.2269 0.4512 -0.1528, -0.2276 0.4475 -0.1513, -0.2277 0.4513 -0.1526, -0.2285 0.4477 -0.151, -0.2285 0.4514 -0.1522, -0.2289 0.4477 -0.1508, -0.2294 0.4515 -0.1518, -0.2295 0.4479 -0.1504, -0.2295 0.4516 -0.1517, -0.2305 0.4481 -0.1497, -0.2306 0.4518 -0.1509, -0.2306 0.4482 -0.1495, -0.2307 0.4519 -0.1508, -0.2313 0.4484 -0.1487, -0.2313 0.4522 -0.15, -0.2314 0.4484 -0.1487, -0.2315 0.4522 -0.1497, -0.2318 0.4487 -0.1478, -0.2318 0.4525 -0.1491, -0.2322 0.449 -0.147, -0.2322 0.4527 -0.1482, -0.2323 0.4491 -0.1466, -0.2323 0.4529 -0.1478, -0.2042 0.449 -0.147, -0.2042 0.4527 -0.1483, -0.205 0.4488 -0.1475, -0.205 0.4526 -0.1487, -0.2068 0.4485 -0.1486, -0.2069 0.4522 -0.1498, -0.2102 0.448 -0.1499, -0.2102 0.4518 -0.1511, -0.2138 0.4476 -0.1513, -0.2138 0.4513 -0.1525, -0.2155 0.4475 -0.1515, -0.2155 0.4512 -0.1528, -0.2755 0.4481 -0.1497, -0.2756 0.4518 -0.151, -0.2764 0.4488 -0.1476, -0.277 0.4533 -0.1466, -0.277 0.4495 -0.1454, -0.2742 0.4533 -0.1465, -0.2749 0.4488 -0.1475, -0.2742 0.4496 -0.1453, -0.2593 0.4609 -0.1038, -0.2593 0.4647 -0.1047, -0.2668 0.4557 -0.1247, -0.2481 0.4609 -0.1038, -0.2481 0.4647 -0.1047, -0.2593 0.4538 -0.1315, -0.2692 0.4498 -0.1568, -0.2705 0.445 -0.1586, -0.2705 0.4487 -0.1599, -0.2661 0.4414 -0.1684, -0.2661 0.4451 -0.1698, -0.2683 0.4432 -0.1635, -0.2568 0.4386 -0.1757, -0.2558 0.4385 -0.1759, -0.2558 0.4421 -0.1773, -0.2568 0.4422 -0.1772, -0.2582 0.4423 -0.177, -0.2591 0.4387 -0.1753, -0.2591 0.4424 -0.1767, -0.2595 0.4388 -0.1752, -0.2604 0.4426 -0.1763, -0.2606 0.439 -0.1747, -0.2606 0.4426 -0.1762, -0.2615 0.4391 -0.1743, -0.2619 0.4429 -0.1754, -0.2644 0.444 -0.1726, -0.2644 0.4403 -0.1712, -0.2637 0.4436 -0.1737, -0.2641 0.4401 -0.1718, -0.2632 0.4434 -0.1742, -0.2632 0.4397 -0.1728, -0.2621 0.443 -0.1753, -0.2624 0.4394 -0.1736, -0.2619 0.4392 -0.174, -0.2529 0.4423 -0.1769, -0.2529 0.4386 -0.1755, -0.2511 0.4425 -0.1765, -0.2502 0.4389 -0.1748, -0.2502 0.4426 -0.1763, -0.2502 0.4355 -0.1831, -0.2502 0.4392 -0.1846, -0.2566 0.4352 -0.1838, -0.2566 0.4388 -0.1854, -0.2531 0.4353 -0.1836, -0.2763 0.4414 -0.1685, -0.277 0.442 -0.1668, -0.277 0.4457 -0.1682, -0.2744 0.4402 -0.1715, -0.2711 0.4418 -0.1781, -0.2714 0.4383 -0.1765, -0.2724 0.4424 -0.1766, -0.2744 0.4439 -0.1729, -0.2602 0.4391 -0.1848, -0.2602 0.4354 -0.1833, -0.2613 0.4391 -0.1847, -0.2613 0.4355 -0.1831, -0.2632 0.4394 -0.1839, -0.2632 0.4358 -0.1824, -0.2651 0.4397 -0.1832, -0.2652 0.4361 -0.1817, -0.2662 0.44 -0.1825, -0.2662 0.4364 -0.181, -0.2687 0.4408 -0.1807, -0.2689 0.4372 -0.1791, -0.2689 0.4409 -0.1805, -0.269 0.4372 -0.179, -0.2711 0.4381 -0.1767, -0.29 0.4525 -0.1357, -0.2982 0.4619 -0.1165, -0.303 0.4609 -0.1038, -0.303 0.4647 -0.1047, -0.2926 0.4609 -0.1038, -0.2926 0.4647 -0.1047, -0.2848 0.4557 -0.1247, -0.3241 0.4558 -0.1243, -0.3241 0.4596 -0.1254, -0.3241 0.448 -0.1501, -0.3241 0.4517 -0.1513, -0.3528 0.4558 -0.1243, -0.3528 0.4596 -0.1254, -0.3528 0.4581 -0.1155, -0.3528 0.4619 -0.1164, -0.3241 0.4581 -0.1155, -0.3241 0.4619 -0.1164, -0.3241 0.4637 -0.0904, -0.3241 0.4676 -0.0912, -0.355 0.4637 -0.0904, -0.355 0.4676 -0.0912, -0.355 0.4693 -0.0821, -0.355 0.4653 -0.082, -0.355 0.4654 -0.0814, -0.3138 0.4654 -0.0814, -0.3138 0.4693 -0.0821, -0.3138 0.445 -0.1587, -0.3138 0.4487 -0.16, -0.3138 0.4653 -0.082, -0.3569 0.445 -0.1587, -0.3569 0.4487 -0.16, -0.3569 0.448 -0.1501, -0.3569 0.4517 -0.1513, -0.4368 0.4597 -0.1248, -0.4369 0.4559 -0.1238, -0.4371 0.4601 -0.1234, -0.4372 0.4571 -0.1195, -0.4372 0.4609 -0.1205, -0.4251 0.4524 -0.1493, -0.4251 0.4486 -0.1481, -0.4299 0.4542 -0.1437, -0.4299 0.4504 -0.1425, -0.4316 0.4549 -0.1416, -0.4317 0.4511 -0.1404, -0.433 0.4558 -0.1386, -0.4331 0.452 -0.1374, -0.4351 0.4571 -0.1342, -0.4351 0.4533 -0.1332, -0.4354 0.4575 -0.1328, -0.4354 0.4537 -0.1317, -0.4369 0.4557 -0.1248, -0.4251 0.4634 -0.0918, -0.4251 0.4673 -0.0926, -0.4276 0.4629 -0.0943, -0.4281 0.4667 -0.0955, -0.4285 0.4627 -0.0955, -0.4286 0.4666 -0.0962, -0.4322 0.4617 -0.1003, -0.4322 0.4655 -0.1012, -0.4326 0.4616 -0.1009, -0.4327 0.4654 -0.1019, -0.4345 0.4606 -0.1053, -0.4345 0.4644 -0.1062, -0.4356 0.46 -0.1078, -0.4355 0.4638 -0.1086, -0.436 0.4592 -0.1111, -0.436 0.463 -0.112, -0.3948 0.4654 -0.0814, -0.3948 0.4693 -0.0821, -0.4008 0.4653 -0.082, -0.4037 0.4691 -0.0831, -0.4189 0.4681 -0.0886, -0.4189 0.4642 -0.0879, -0.4162 0.4684 -0.0868, -0.4161 0.4645 -0.0861, -0.4117 0.4687 -0.0853, -0.4117 0.4648 -0.0846, -0.4059 0.469 -0.0833, -0.4058 0.4652 -0.0826, -0.4037 0.4652 -0.0824, -0.372 0.4654 -0.0814, -0.372 0.4693 -0.0821, -0.372 0.445 -0.1587, -0.372 0.4487 -0.16, -0.372 0.4653 -0.082, -0.394 0.445 -0.1587, -0.394 0.4487 -0.16, -0.4186 0.4472 -0.1524, -0.4186 0.4509 -0.1537, -0.416 0.4466 -0.1542, -0.4164 0.4504 -0.1552, -0.4125 0.4462 -0.1554, -0.4125 0.4499 -0.1566, -0.4072 0.4455 -0.1573, -0.4073 0.4492 -0.1585, -0.4057 0.4454 -0.1574, -0.4057 0.4492 -0.1587, -0.4231 0.4645 -0.1058, -0.4242 0.4638 -0.1087, -0.4177 0.4543 -0.1433, -0.4211 0.4556 -0.1392, -0.4221 0.456 -0.1379, -0.4233 0.4568 -0.1352, -0.4249 0.4578 -0.1317, -0.425 0.4581 -0.1308, -0.426 0.4599 -0.124, -0.4262 0.4603 -0.1227, -0.4263 0.4608 -0.1208, -0.4254 0.4628 -0.1129, -0.4252 0.4632 -0.1113, -0.4172 0.4541 -0.1438, -0.4168 0.4541 -0.1441, -0.4125 0.4531 -0.147, -0.4109 0.4528 -0.148, -0.4083 0.4525 -0.149, -0.4047 0.4521 -0.1502, -0.4034 0.452 -0.1504, -0.3939 0.4517 -0.1513, -0.3823 0.4517 -0.1513, -0.3823 0.4676 -0.0912, -0.3944 0.4676 -0.0912, -0.4008 0.4674 -0.0919, -0.4042 0.4673 -0.0923, -0.4071 0.4671 -0.0934, -0.4116 0.4668 -0.0949, -0.4125 0.4667 -0.0955, -0.4175 0.4661 -0.0986, -0.4198 0.4655 -0.101, -0.4199 0.4655 -0.1011, -0.4225 0.4647 -0.1049, -0.3939 0.448 -0.1501, -0.3823 0.448 -0.1501, -0.4177 0.4505 -0.1422, -0.4171 0.4504 -0.1426, -0.4125 0.4494 -0.1458, -0.4034 0.4483 -0.1491, -0.4049 0.4484 -0.1489, -0.4083 0.4488 -0.1477, -0.4112 0.4491 -0.1466, -0.4263 0.457 -0.1198, -0.4261 0.4561 -0.123, -0.4261 0.4559 -0.124, -0.4249 0.4543 -0.1297, -0.4245 0.4537 -0.1319, -0.4234 0.453 -0.1341, -0.4218 0.4521 -0.1373, -0.4212 0.4518 -0.138, -0.4198 0.4616 -0.1004, -0.4187 0.462 -0.0989, -0.4175 0.4622 -0.0978, -0.4225 0.4609 -0.1038, -0.4226 0.4609 -0.1039, -0.4242 0.46 -0.1078, -0.4253 0.4589 -0.112, -0.4249 0.4596 -0.1093, -0.3944 0.4637 -0.0904, -0.4008 0.4636 -0.0912, -0.4041 0.4635 -0.0916, -0.4071 0.4633 -0.0926, -0.4116 0.463 -0.0941, -0.4125 0.4629 -0.0947, -0.3823 0.4637 -0.0904, -0.3823 0.4637 -0.0904
            ]
        }
        coordIndex [
            0,1,2,-1,2,1,3,-1,2,3,4,-1,4,3,5,-1,4,5,6,-1,6,5,7,-1,6,7,8,-1,8,7,9,-1,10,11,12,-1,12,11,13,-1,12,13,14,-1,14,13,15,-1,14,15,16,-1,16,15,17,-1,16,17,18,-1,18,17,19,-1,18,19,20,-1,20,19,21,-1,20,21,0,-1,0,21,1,-1,22,23,24,-1,25,26,27,-1,27,26,22,-1,27,22,28,-1,28,22,24,-1,11,10,29,-1,29,10,30,-1,29,30,31,-1,31,30,32,-1,31,32,33,-1,33,32,34,-1,33,34,35,-1,35,34,36,-1,35,36,37,-1,37,36,38,-1,37,38,25,-1,25,38,39,-1,25,39,26,-1,40,41,42,-1,42,41,43,-1,42,43,44,-1,44,43,45,-1,44,45,46,-1,46,45,47,-1,46,47,48,-1,48,47,49,-1,48,49,50,-1,50,49,51,-1,50,51,23,-1,23,51,24,-1,41,40,52,-1,52,40,53,-1,52,53,54,-1,54,53,55,-1,54,55,56,-1,56,55,57,-1,56,57,58,-1,58,57,59,-1,58,59,60,-1,58,60,61,-1,61,60,62,-1,61,62,63,-1,63,62,64,-1,63,64,65,-1,66,67,68,-1,68,67,69,-1,68,69,70,-1,70,69,71,-1,70,71,72,-1,72,71,73,-1,72,73,74,-1,74,73,75,-1,74,75,76,-1,76,75,77,-1,76,77,78,-1,78,77,79,-1,78,79,64,-1,64,79,65,-1,80,81,82,-1,82,81,83,-1,82,83,84,-1,84,83,85,-1,84,85,86,-1,86,85,87,-1,86,87,88,-1,88,87,89,-1,88,89,90,-1,90,89,91,-1,90,91,92,-1,92,91,93,-1,92,93,94,-1,94,93,95,-1,94,95,66,-1,66,95,67,-1,96,97,98,-1,98,97,99,-1,98,99,100,-1,100,99,101,-1,100,101,102,-1,102,101,103,-1,102,103,104,-1,104,103,105,-1,104,105,80,-1,80,105,81,-1,106,107,108,-1,108,107,109,-1,108,109,110,-1,110,109,111,-1,110,111,112,-1,112,111,113,-1,112,113,114,-1,114,113,115,-1,114,115,96,-1,96,115,97,-1,116,117,106,-1,106,117,107,-1,118,119,120,-1,117,116,121,-1,121,116,118,-1,121,118,122,-1,122,118,120,-1,123,124,125,-1,125,124,126,-1,125,126,127,-1,127,126,128,-1,127,128,129,-1,129,128,130,-1,129,130,131,-1,131,130,132,-1,131,132,119,-1,119,132,120,-1,133,134,135,-1,136,137,138,-1,138,137,133,-1,138,133,139,-1,139,133,135,-1,124,123,140,-1,140,123,141,-1,140,141,142,-1,142,141,143,-1,142,143,144,-1,144,143,145,-1,144,145,146,-1,146,145,147,-1,146,147,148,-1,148,147,149,-1,148,149,136,-1,136,149,150,-1,136,150,137,-1,151,152,153,-1,153,152,154,-1,153,154,155,-1,155,154,156,-1,155,156,157,-1,157,156,158,-1,157,158,159,-1,159,158,160,-1,159,160,161,-1,161,160,162,-1,161,162,134,-1,134,162,135,-1,163,164,165,-1,165,164,166,-1,165,166,167,-1,167,166,168,-1,167,168,169,-1,169,168,170,-1,169,170,171,-1,171,170,172,-1,171,172,151,-1,151,172,152,-1,164,163,173,-1,173,163,174,-1,173,174,175,-1,175,174,176,-1,175,176,177,-1,178,179,180,-1,180,179,181,-1,180,181,182,-1,182,181,183,-1,182,183,184,-1,184,183,185,-1,184,185,186,-1,186,185,187,-1,186,187,188,-1,188,187,189,-1,188,189,176,-1,176,189,177,-1,190,191,192,-1,192,191,193,-1,192,193,194,-1,194,193,195,-1,194,195,196,-1,196,195,197,-1,196,197,198,-1,198,197,199,-1,198,199,200,-1,200,199,201,-1,200,201,202,-1,202,201,203,-1,202,203,204,-1,204,203,205,-1,204,205,206,-1,206,205,207,-1,206,207,208,-1,208,207,209,-1,208,209,210,-1,210,209,211,-1,210,211,212,-1,212,211,213,-1,212,213,214,-1,214,213,215,-1,214,215,216,-1,216,215,217,-1,216,217,218,-1,218,217,219,-1,218,219,178,-1,178,219,179,-1,220,221,222,-1,222,221,223,-1,222,223,224,-1,224,223,225,-1,224,225,226,-1,226,225,227,-1,226,227,228,-1,228,227,229,-1,228,229,230,-1,230,229,231,-1,230,231,190,-1,190,231,191,-1,9,221,8,-1,8,221,220,-1,223,221,9,-1,63,168,166,-1,63,166,61,-1,61,166,164,-1,61,164,58,-1,58,164,173,-1,58,173,56,-1,56,173,175,-1,56,175,54,-1,54,175,177,-1,54,177,52,-1,52,177,41,-1,41,177,189,-1,41,189,43,-1,43,189,187,-1,43,187,45,-1,45,187,185,-1,45,185,47,-1,47,185,49,-1,49,185,183,-1,49,183,51,-1,51,183,181,-1,51,181,24,-1,24,181,179,-1,24,179,28,-1,168,63,170,-1,170,63,65,-1,170,65,172,-1,172,65,79,-1,172,79,152,-1,146,148,93,-1,93,148,95,-1,95,148,136,-1,95,136,67,-1,136,138,67,-1,67,138,139,-1,67,139,69,-1,69,139,135,-1,69,135,71,-1,71,135,162,-1,71,162,73,-1,73,162,160,-1,73,160,75,-1,75,160,158,-1,75,158,77,-1,77,158,156,-1,77,156,79,-1,79,156,154,-1,79,154,152,-1,146,93,144,-1,144,93,91,-1,144,91,142,-1,142,91,89,-1,142,89,140,-1,140,89,87,-1,140,87,124,-1,87,85,124,-1,124,85,83,-1,124,83,126,-1,126,83,81,-1,126,81,128,-1,128,81,105,-1,128,105,130,-1,130,105,103,-1,130,103,132,-1,132,103,101,-1,132,101,120,-1,101,99,120,-1,120,99,97,-1,120,97,122,-1,122,97,115,-1,122,115,121,-1,115,113,121,-1,121,113,111,-1,121,111,117,-1,117,111,109,-1,117,109,107,-1,31,33,215,-1,215,33,35,-1,215,35,217,-1,217,35,37,-1,217,37,219,-1,219,37,25,-1,219,25,179,-1,179,25,27,-1,179,27,28,-1,215,213,31,-1,31,213,211,-1,31,211,29,-1,29,211,209,-1,29,209,11,-1,11,209,207,-1,11,207,13,-1,13,207,205,-1,13,205,15,-1,205,203,15,-1,15,203,201,-1,15,201,17,-1,17,201,199,-1,17,199,19,-1,19,199,197,-1,19,197,21,-1,197,195,21,-1,21,195,193,-1,21,193,1,-1,1,193,191,-1,1,191,3,-1,3,191,231,-1,3,231,5,-1,5,231,229,-1,5,229,7,-1,7,229,227,-1,7,227,9,-1,9,227,225,-1,9,225,223,-1,232,233,234,-1,234,233,235,-1,234,235,236,-1,233,232,237,-1,237,232,238,-1,237,238,239,-1,240,241,242,-1,242,241,237,-1,242,237,239,-1,243,244,240,-1,240,244,241,-1,244,243,245,-1,244,245,246,-1,246,245,247,-1,246,247,248,-1,249,250,251,-1,251,250,248,-1,251,248,247,-1,252,253,254,-1,254,255,252,-1,252,255,256,-1,252,256,257,-1,257,256,258,-1,257,258,259,-1,259,258,260,-1,259,260,261,-1,261,260,262,-1,261,262,263,-1,263,262,264,-1,250,249,265,-1,265,249,266,-1,265,266,267,-1,267,266,268,-1,267,268,269,-1,269,268,270,-1,269,270,271,-1,271,270,272,-1,271,272,264,-1,264,272,273,-1,264,273,263,-1,254,253,274,-1,274,253,275,-1,274,275,276,-1,276,275,277,-1,276,277,278,-1,279,280,277,-1,277,280,278,-1,281,282,283,-1,283,282,280,-1,283,280,279,-1,284,285,286,-1,284,286,287,-1,288,289,290,-1,290,289,287,-1,290,287,291,-1,291,287,286,-1,282,281,292,-1,292,281,293,-1,292,293,294,-1,294,293,295,-1,294,295,296,-1,296,295,297,-1,296,297,298,-1,298,297,299,-1,298,299,300,-1,300,299,301,-1,300,301,302,-1,302,301,303,-1,302,303,304,-1,304,303,305,-1,304,305,288,-1,288,305,306,-1,288,306,289,-1,286,285,307,-1,286,307,308,-1,308,307,309,-1,308,309,310,-1,311,312,309,-1,309,312,310,-1,236,235,313,-1,313,235,312,-1,313,312,311,-1,308,310,312,-1,233,291,286,-1,308,312,286,-1,286,312,235,-1,286,235,233,-1,241,244,237,-1,237,244,246,-1,237,246,233,-1,233,246,248,-1,233,248,291,-1,291,248,250,-1,291,250,290,-1,290,250,265,-1,290,265,288,-1,288,265,267,-1,288,267,304,-1,304,267,269,-1,304,269,302,-1,269,271,302,-1,302,271,264,-1,302,264,300,-1,300,264,262,-1,300,262,298,-1,298,262,260,-1,298,260,296,-1,296,260,258,-1,296,258,294,-1,294,258,292,-1,258,256,292,-1,292,256,255,-1,292,255,282,-1,255,254,282,-1,282,254,274,-1,282,274,280,-1,280,274,276,-1,280,276,278,-1,314,315,316,-1,316,315,317,-1,318,319,314,-1,314,319,315,-1,320,321,318,-1,318,321,319,-1,322,323,320,-1,320,323,321,-1,324,325,322,-1,322,325,323,-1,326,327,324,-1,324,327,325,-1,327,326,328,-1,328,326,329,-1,328,329,330,-1,331,332,330,-1,330,332,328,-1,333,334,335,-1,335,334,332,-1,335,332,331,-1,336,337,333,-1,333,337,334,-1,338,339,336,-1,336,339,337,-1,317,339,316,-1,316,339,338,-1,334,337,339,-1,339,317,334,-1,334,317,315,-1,334,315,332,-1,327,328,325,-1,325,328,332,-1,325,332,323,-1,323,332,315,-1,323,315,321,-1,321,315,319,-1,340,341,342,-1,342,341,343,-1,342,343,344,-1,345,346,347,-1,347,346,348,-1,347,348,349,-1,349,348,350,-1,349,350,351,-1,351,350,352,-1,351,352,353,-1,353,352,354,-1,353,354,355,-1,355,354,356,-1,355,356,340,-1,340,356,357,-1,340,357,341,-1,358,359,360,-1,360,359,361,-1,360,361,362,-1,362,361,363,-1,362,363,364,-1,364,363,365,-1,364,365,366,-1,366,365,367,-1,366,367,368,-1,368,367,369,-1,368,369,370,-1,370,369,371,-1,370,371,372,-1,372,371,373,-1,372,373,343,-1,343,373,344,-1,374,375,376,-1,376,375,377,-1,359,358,378,-1,378,358,379,-1,378,379,380,-1,380,379,381,-1,380,381,382,-1,382,381,383,-1,382,383,384,-1,384,383,385,-1,384,385,377,-1,377,385,386,-1,377,386,376,-1,387,388,374,-1,374,388,375,-1,389,390,391,-1,391,390,388,-1,391,388,387,-1,392,393,389,-1,389,393,390,-1,346,345,394,-1,394,345,395,-1,394,395,396,-1,396,395,397,-1,396,397,398,-1,398,397,399,-1,398,399,400,-1,400,399,401,-1,400,401,402,-1,402,401,403,-1,402,403,392,-1,392,403,393,-1,365,404,367,-1,367,404,405,-1,406,345,407,-1,407,345,347,-1,407,347,408,-1,408,347,349,-1,408,349,409,-1,409,349,351,-1,409,351,410,-1,410,351,353,-1,410,353,411,-1,411,353,355,-1,411,355,412,-1,412,355,340,-1,412,340,413,-1,413,340,342,-1,413,342,414,-1,414,342,344,-1,414,344,415,-1,415,344,373,-1,415,373,416,-1,416,373,371,-1,416,371,405,-1,405,371,369,-1,405,369,367,-1,406,417,345,-1,345,417,418,-1,345,418,395,-1,395,418,419,-1,395,419,397,-1,397,419,420,-1,397,420,399,-1,399,420,421,-1,399,421,401,-1,401,421,422,-1,401,422,403,-1,403,422,423,-1,403,423,393,-1,393,423,424,-1,393,424,390,-1,390,424,425,-1,390,425,388,-1,388,425,426,-1,388,426,375,-1,375,426,427,-1,375,427,377,-1,377,427,428,-1,377,428,384,-1,384,428,429,-1,384,429,382,-1,382,429,430,-1,382,430,380,-1,380,430,431,-1,380,431,378,-1,378,431,432,-1,378,432,359,-1,359,432,433,-1,359,433,361,-1,361,433,434,-1,361,434,363,-1,363,434,435,-1,363,435,365,-1,365,435,436,-1,365,436,404,-1,424,437,425,-1,425,437,438,-1,406,439,417,-1,417,439,440,-1,417,440,418,-1,418,440,441,-1,437,424,442,-1,442,424,423,-1,442,423,443,-1,443,423,422,-1,443,422,444,-1,444,422,421,-1,444,421,445,-1,445,421,420,-1,445,420,441,-1,441,420,419,-1,441,419,418,-1,414,446,413,-1,413,446,447,-1,413,447,412,-1,412,447,448,-1,412,448,411,-1,411,448,449,-1,411,449,410,-1,410,449,450,-1,410,450,409,-1,409,450,451,-1,409,451,408,-1,408,451,452,-1,408,452,407,-1,407,452,453,-1,407,453,406,-1,406,453,439,-1,436,435,454,-1,454,435,434,-1,454,434,455,-1,455,434,433,-1,455,433,456,-1,454,457,436,-1,436,457,458,-1,436,458,404,-1,404,458,459,-1,446,414,460,-1,460,414,415,-1,460,415,461,-1,461,415,416,-1,461,416,459,-1,459,416,405,-1,459,405,404,-1,427,462,428,-1,428,462,463,-1,428,463,429,-1,429,463,464,-1,429,464,430,-1,430,464,465,-1,430,465,431,-1,431,465,466,-1,431,466,432,-1,432,466,467,-1,432,467,433,-1,433,467,456,-1,426,468,427,-1,427,468,462,-1,426,425,468,-1,468,425,438,-1,
        ]
    }
}
Shape{
    appearance Appearance {
        material  Material 	{
            diffuseColor 0.7019607843137254 0.4627450980392157 0.3058823529411765
            specularColor 0.050980392156862744 0.03137254901960784 0.023529411764705882
            ambientIntensity 0.2
            transparency 0
            shininess 0.5
        }
    }
    geometry IndexedFaceSet {
        ccw TRUE
        solid FALSE
        coord DEF co Coordinate {
            point [
                -0.3823 0.448 -0.1501, -0.3939 0.448 -0.1501, -0.3823 0.4637 -0.0904, -0.4034 0.4483 -0.1491, -0.4049 0.4484 -0.1489, -0.4083 0.4488 -0.1477, -0.4112 0.4491 -0.1466, -0.4125 0.4494 -0.1458, -0.4171 0.4504 -0.1426, -0.4177 0.4505 -0.1422, -0.4212 0.4518 -0.138, -0.4218 0.4521 -0.1373, -0.4234 0.453 -0.1341, -0.4245 0.4537 -0.1319, -0.4249 0.4543 -0.1297, -0.4261 0.4559 -0.124, -0.4261 0.4561 -0.123, -0.4263 0.457 -0.1198, -0.4253 0.4589 -0.112, -0.4249 0.4596 -0.1093, -0.4242 0.46 -0.1078, -0.4226 0.4609 -0.1039, -0.4225 0.4609 -0.1038, -0.4198 0.4616 -0.1004, -0.4187 0.462 -0.0989, -0.4175 0.4622 -0.0978, -0.4067 0.4632 -0.0929, -0.4125 0.4629 -0.0947, -0.4116 0.463 -0.0941, -0.4071 0.4633 -0.0926, -0.4041 0.4635 -0.0916, -0.4008 0.4636 -0.0912, -0.3944 0.4637 -0.0904, -0.3944 0.4637 -0.0904
            ]
        }
        coordIndex [
            0,1,2,-1,2,1,3,-1,2,3,4,-1,4,5,2,-1,2,5,6,-1,2,6,7,-1,7,8,2,-1,2,8,9,-1,2,9,10,-1,10,11,2,-1,2,11,12,-1,2,12,13,-1,13,14,2,-1,2,14,15,-1,2,15,16,-1,16,17,2,-1,2,17,18,-1,2,18,19,-1,19,20,2,-1,2,20,21,-1,2,21,22,-1,22,23,2,-1,2,23,24,-1,2,24,25,-1,26,27,28,-1,28,29,26,-1,26,29,30,-1,26,30,31,-1,25,27,2,-1,2,27,26,-1,2,26,32,-1,32,26,31,-1,
        ]
    }
}
Shape{
    appearance Appearance {
        material  Material 	{
            diffuseColor 0.0 0.0 0.0
            specularColor 0.0 0.0 0.0
            ambientIntensity 0.2
            transparency 0
            shininess 0.5
        }
    }
    geometry IndexedFaceSet {
        ccw TRUE
        solid FALSE
        coord DEF co Coordinate {
            point [
                -0.4721 0.4654 -0.0814, -0.4719 0.4652 -0.082, -0.4721 0.4693 -0.0821, -0.4569 0.4568 -0.1205, -0.4516 0.4569 -0.1348, -0.4416 0.445 -0.1587, -0.4416 0.4487 -0.16, -0.453 0.445 -0.1587, -0.453 0.4487 -0.16, -0.4607 0.4519 -0.1379, -0.4607 0.4556 -0.1391, -0.4569 0.4485 -0.1484, -0.4941 0.4519 -0.1379, -0.4941 0.4556 -0.1391, -0.5022 0.445 -0.1587, -0.5022 0.4487 -0.16, -0.4982 0.4485 -0.1484, -0.5137 0.445 -0.1587, -0.5137 0.4487 -0.16, -0.4832 0.4654 -0.0814, -0.4832 0.4693 -0.0821, -0.4834 0.4652 -0.082, -0.4932 0.464 -0.108, -0.4984 0.4568 -0.1205, -0.4788 0.4662 -0.0978, -0.4782 0.4668 -0.095, -0.4773 0.4674 -0.0922, -0.4766 0.4668 -0.095, -0.4909 0.4582 -0.1303, -0.464 0.4582 -0.1303, -0.4848 0.4625 -0.1141, -0.47 0.4625 -0.1141, -0.476 0.4662 -0.0978, -0.4773 0.4635 -0.0915, -0.4788 0.4624 -0.0969, -0.476 0.4624 -0.0969, -0.464 0.4544 -0.1293, -0.4909 0.4544 -0.1293, -0.4909 0.4544 -0.1293
            ]
        }
        coordIndex [
            0,1,2,-1,2,1,3,-1,2,3,4,-1,4,3,5,-1,4,5,6,-1,7,8,5,-1,5,8,6,-1,9,10,11,-1,11,10,8,-1,11,8,7,-1,12,13,9,-1,9,13,10,-1,14,15,16,-1,16,15,13,-1,16,13,12,-1,17,18,14,-1,14,18,15,-1,19,20,21,-1,21,20,22,-1,21,22,23,-1,23,22,18,-1,23,18,17,-1,2,20,0,-1,0,20,19,-1,24,22,25,-1,25,22,20,-1,25,20,26,-1,26,20,2,-1,26,2,27,-1,6,8,4,-1,4,8,10,-1,28,29,13,-1,13,29,10,-1,24,30,22,-1,22,30,28,-1,22,28,18,-1,18,28,13,-1,18,13,15,-1,10,29,4,-1,4,29,31,-1,4,31,2,-1,2,31,32,-1,2,32,27,-1,26,33,25,-1,25,33,34,-1,25,34,24,-1,33,26,35,-1,35,26,27,-1,35,27,32,-1,29,36,31,-1,31,36,35,-1,31,35,32,-1,28,37,29,-1,29,37,36,-1,24,34,30,-1,30,34,37,-1,30,37,28,-1,
        ]
    }
}
Shape{
    appearance Appearance {
        material  Material 	{
            diffuseColor 0.7019607843137254 0.4627450980392157 0.3058823529411765
            specularColor 0.050980392156862744 0.03137254901960784 0.023529411764705882
            ambientIntensity 0.2
            transparency 0
            shininess 0.5
        }
    }
    geometry IndexedFaceSet {
        ccw TRUE
        solid FALSE
        coord DEF co Coordinate {
            point [
                -0.464 0.4544 -0.1293, -0.4909 0.4544 -0.1293, -0.476 0.4624 -0.0969, -0.4788 0.4624 -0.0969, -0.4773 0.4635 -0.0915, -0.4773 0.4635 -0.0915
            ]
        }
        coordIndex [
            0,1,2,-1,2,1,3,-1,2,3,4,-1,
        ]
    }
}
Shape{
    appearance Appearance {
        material  Material 	{
            diffuseColor 0.0 0.0 0.0
            specularColor 0.0 0.0 0.0
            ambientIntensity 0.2
            transparency 0
            shininess 0.5
        }
    }
    geometry IndexedFaceSet {
        ccw TRUE
        solid FALSE
        coord DEF co Coordinate {
            point [
                0.0606 0.4749 0.0374, 0.0606 0.471 0.0371, 0.0812 0.4735 0.0516, 0.0813 0.4697 0.051, 0.084 0.4734 0.0535, 0.0855 0.4694 0.0538, 0.0998 0.4726 0.0597, 0.0998 0.4687 0.0592, 0.1092 0.4721 0.0633, 0.1106 0.4682 0.0632, 0.1203 0.4719 0.0649, 0.1203 0.4681 0.0643, 0.1344 0.4716 0.067, 0.1381 0.4677 0.0665, 0.1381 0.4716 0.067, 0.2064 0.4703 0.0444, 0.2064 0.4743 0.0448, 0.2007 0.47 0.0479, 0.2007 0.4739 0.0482, 0.1937 0.4696 0.0523, 0.1901 0.4732 0.0546, 0.1812 0.469 0.0572, 0.1812 0.4728 0.0579, 0.1664 0.4683 0.0629, 0.165 0.4721 0.0638, 0.1604 0.4681 0.0637, 0.1604 0.472 0.0644, 0.2314 0.472 0.0194, 0.2314 0.476 0.0196, 0.2244 0.4716 0.0275, 0.225 0.4756 0.0274, 0.2191 0.4712 0.0336, 0.2186 0.4751 0.0334, 0.2445 0.4759 0.0208, 0.2389 0.472 0.0203, 0.2445 0.472 0.0206, 0.31 0.4724 -0.0067, 0.31 0.4763 -0.0068, 0.3069 0.4724 -0.0038, 0.3067 0.4764 -0.0036, 0.3066 0.4724 -0.0036, 0.3066 0.4764 -0.0036, 0.2927 0.4724 0.0063, 0.2927 0.4763 0.0064, 0.2883 0.4724 0.0095, 0.288 0.4763 0.0098, 0.278 0.4723 0.0137, 0.278 0.4762 0.0138, 0.2689 0.4722 0.0173, 0.2688 0.4761 0.0175, 0.2631 0.4721 0.0181, 0.2631 0.476 0.0183, 0.3366 0.4677 -0.0665, 0.3366 0.4677 -0.0667, 0.3366 0.4716 -0.0673, 0.3366 0.4716 -0.0674, 0.3367 0.467 -0.0714, 0.3367 0.4709 -0.072, 0.3338 0.4697 -0.0503, 0.3338 0.4736 -0.0507, 0.3328 0.4703 -0.0448, 0.3329 0.4742 -0.0453, 0.3286 0.4711 -0.035, 0.3286 0.475 -0.0353, 0.3248 0.4717 -0.0261, 0.3248 0.4756 -0.0263, 0.3213 0.4719 -0.0215, 0.3179 0.476 -0.0172, 0.3213 0.4758 -0.0217, 0.3128 0.4537 -0.1319, 0.3128 0.4574 -0.133, 0.3228 0.4573 -0.1184, 0.3229 0.4611 -0.1195, 0.325 0.4581 -0.1156, 0.3343 0.4677 -0.0901, 0.3248 0.4618 -0.1169, 0.3252 0.4621 -0.1157, 0.3298 0.4608 -0.1039, 0.3298 0.4646 -0.1048, 0.3336 0.4628 -0.0948, 0.3336 0.4666 -0.0958, 0.3344 0.4638 -0.0893, 0.3353 0.4651 -0.082, 0.2673 0.4453 -0.1579, 0.2673 0.449 -0.1592, 0.2741 0.446 -0.1559, 0.2737 0.4496 -0.1574, 0.2836 0.4474 -0.1516, 0.2836 0.4512 -0.1528, 0.2944 0.4491 -0.1467, 0.2944 0.4528 -0.1479, 0.2988 0.4502 -0.1431, 0.2988 0.4539 -0.1443, 0.2202 0.4312 -0.193, 0.2132 0.4309 -0.1938, 0.2132 0.4344 -0.1954, 0.2171 0.4345 -0.1953, 0.2203 0.4348 -0.1947, 0.2277 0.4317 -0.1921, 0.231 0.4356 -0.1929, 0.2308 0.4322 -0.191, 0.231 0.4356 -0.1929, 0.2406 0.4337 -0.1874, 0.2406 0.4373 -0.1889, 0.2625 0.4455 -0.1686, 0.2625 0.4418 -0.1672, 0.2607 0.4442 -0.172, 0.2609 0.4408 -0.1701, 0.2565 0.4423 -0.1768, 0.2563 0.4387 -0.1752, 0.2533 0.4409 -0.1804, 0.2519 0.4368 -0.18, 0.249 0.4396 -0.1834, 0.249 0.436 -0.1819, 0.2425 0.4377 -0.1881, 0.2412 0.4339 -0.1871, 0.2408 0.4337 -0.1874, 0.1593 0.4456 -0.1569, 0.1573 0.4477 -0.1509, 0.1568 0.4526 -0.1488, 0.157 0.4488 -0.1475, 0.1567 0.4526 -0.1485, 0.1563 0.451 -0.1406, 0.1563 0.4548 -0.1418, 0.1592 0.4493 -0.1583, 0.16 0.4483 -0.1612, 0.1614 0.4434 -0.1631, 0.1632 0.4461 -0.1671, 0.1631 0.4424 -0.1657, 0.1681 0.4395 -0.1733, 0.1658 0.4443 -0.1718, 0.1685 0.4432 -0.1747, 0.186 0.4372 -0.1891, 0.1853 0.4338 -0.1871, 0.183 0.4381 -0.1871, 0.183 0.4345 -0.1856, 0.175 0.4404 -0.1817, 0.1748 0.4368 -0.1801, 0.1748 0.4405 -0.1815, 0.1747 0.4368 -0.18, 0.1682 0.4394 -0.1735, 0.2013 0.4351 -0.1939, 0.2013 0.4315 -0.1923, 0.1977 0.4353 -0.1935, 0.1976 0.4317 -0.1919, 0.192 0.4363 -0.1913, 0.192 0.4327 -0.1898, 0.1858 0.4337 -0.1874, 0.1563 0.4527 -0.1352, 0.1563 0.4565 -0.1363, 0.0766 0.4629 -0.0943, 0.0766 0.4668 -0.0951, 0.1164 0.4583 -0.1149, 0.1162 0.4616 -0.1156, 0.0942 0.468 -0.0646, 0.0942 0.4719 -0.0651, 0.0854 0.4657 -0.0795, 0.0839 0.4652 -0.082, 0.1705 0.4609 -0.1038, 0.1705 0.4647 -0.1047, 0.1324 0.4649 -0.0843, 0.128 0.4652 -0.082, 0.2062 0.4685 -0.0861, 0.2062 0.4647 -0.0853, 0.2068 0.4686 -0.0859, 0.2132 0.4648 -0.0848, 0.2132 0.4686 -0.0855, 0.1791 0.4663 -0.0972, 0.1791 0.4625 -0.0964, 0.1817 0.4668 -0.0949, 0.1817 0.463 -0.0941, 0.187 0.4674 -0.0922, 0.187 0.4635 -0.0914, 0.1934 0.468 -0.089, 0.1929 0.4641 -0.0884, 0.1962 0.4681 -0.0884, 0.1962 0.4643 -0.0877, 0.2061 0.4647 -0.0853, 0.2639 0.4579 -0.116, 0.2667 0.4566 -0.1215, 0.2667 0.4604 -0.1225, 0.2639 0.4618 -0.117, 0.2632 0.4621 -0.1157, 0.2614 0.4592 -0.1112, 0.2609 0.4632 -0.1113, 0.258 0.4601 -0.1071, 0.2581 0.464 -0.108, 0.2523 0.4617 -0.1004, 0.252 0.4656 -0.1008, 0.2509 0.4619 -0.0994, 0.251 0.4657 -0.1001, 0.2437 0.463 -0.0942, 0.2438 0.4668 -0.0949, 0.241 0.4634 -0.0922, 0.2408 0.4673 -0.0927, 0.2344 0.4639 -0.0895, 0.2344 0.4678 -0.0901, 0.2277 0.4644 -0.0868, 0.2282 0.4683 -0.0876, 0.2242 0.4645 -0.0863, 0.2242 0.4684 -0.087, 0.2948 0.4627 -0.0952, 0.2961 0.4634 -0.0915, 0.2965 0.4673 -0.0924, 0.3009 0.4672 -0.0702, 0.3009 0.4711 -0.0708, 0.2996 0.4653 -0.0816, 0.3002 0.4697 -0.0792, 0.2994 0.4692 -0.0822, 0.2968 0.4675 -0.0918, 0.2995 0.4652 -0.0821, 0.2995 0.4653 -0.082, 0.2914 0.4615 -0.1008, 0.2913 0.4654 -0.1016, 0.2902 0.4611 -0.1026, 0.2899 0.4649 -0.104, 0.2851 0.4599 -0.1079, 0.2852 0.4637 -0.1089, 0.2799 0.4586 -0.1134, 0.2802 0.4625 -0.1142, 0.2777 0.4621 -0.1157, 0.2767 0.4581 -0.1153, 0.2767 0.4619 -0.1163, 0.2612 0.4722 -0.0166, 0.254 0.4722 -0.0145, 0.2513 0.4762 -0.0142, 0.2513 0.4722 -0.0142, 0.2511 0.4762 -0.0142, 0.2439 0.4722 -0.0136, 0.2439 0.4762 -0.0137, 0.2612 0.4761 -0.0167, 0.2635 0.4761 -0.0172, 0.267 0.4721 -0.0184, 0.2643 0.4761 -0.0174, 0.2705 0.472 -0.0205, 0.2705 0.4759 -0.0207, 0.278 0.4718 -0.0249, 0.2755 0.4758 -0.0233, 0.2786 0.4756 -0.026, 0.2992 0.4727 -0.0589, 0.2992 0.4688 -0.0584, 0.2987 0.4732 -0.0553, 0.2987 0.4692 -0.0549, 0.2964 0.4737 -0.0497, 0.2964 0.4698 -0.0492, 0.2939 0.4744 -0.0434, 0.294 0.4705 -0.0432, 0.2918 0.4746 -0.0406, 0.2918 0.4707 -0.0403, 0.2858 0.4753 -0.0323, 0.286 0.4713 -0.0322, 0.2858 0.4753 -0.0323, 0.2858 0.4714 -0.032, 0.2788 0.4717 -0.0256, 0.2138 0.4719 -0.0221, 0.2138 0.4759 -0.0223, 0.2151 0.4759 -0.0215, 0.2221 0.4721 -0.0186, 0.222 0.476 -0.0187, 0.229 0.4722 -0.0157, 0.2256 0.4761 -0.0172, 0.2291 0.4761 -0.0158, 0.2327 0.4722 -0.0151, 0.2327 0.4761 -0.0153, 0.1375 0.4713 0.0325, 0.1375 0.4752 0.0328, 0.148 0.4714 0.0313, 0.1479 0.4753 0.0315, 0.1558 0.4715 0.0305, 0.1579 0.4754 0.0302, 0.1621 0.4716 0.0282, 0.1622 0.4755 0.0285, 0.1641 0.4716 0.0275, 0.1756 0.4758 0.0233, 0.1744 0.4719 0.0237, 0.1758 0.4719 0.0228, 0.1759 0.4758 0.0231, 0.1883 0.4722 0.0142, 0.1883 0.4761 0.0143, 0.1909 0.4723 0.0125, 0.1916 0.4762 0.0119, 0.1985 0.4724 0.0038, 0.1985 0.4763 0.0039, 0.2043 0.4724 -0.0029, 0.2042 0.4764 -0.0028, 0.2065 0.4723 -0.0074, 0.2065 0.4762 -0.0075, 0.2113 0.476 -0.0172, 0.0578 0.4709 -0.0386, 0.0578 0.4748 -0.0389, 0.0612 0.4718 -0.024, 0.0612 0.4757 -0.0242, 0.0619 0.472 -0.0209, 0.0619 0.4759 -0.021, 0.0638 0.476 -0.0172, 0.0669 0.4722 -0.0109, 0.0669 0.4762 -0.011, 0.0708 0.4724 -0.0032, 0.0708 0.4764 -0.0031, 0.0739 0.4724 0.0004, 0.0739 0.4763 0.0004, 0.0842 0.4723 0.0121, 0.0842 0.4762 0.0122, 0.0956 0.472 0.0202, 0.0956 0.4759 0.0203, 0.0995 0.4719 0.0229, 0.0997 0.4758 0.0233, 0.1083 0.4717 0.0265, 0.1083 0.4756 0.0267, 0.1213 0.4754 0.0306, 0.1213 0.4715 0.0303, 0.1163 0.4754 0.0299, 0.1162 0.4715 0.0297, 0.1107 0.4717 0.0275, 0.0532 0.4709 -0.0386, 0.0532 0.4748 -0.0389, 0.0088 0.4652 -0.0826, 0.0088 0.469 -0.0833, 0.0089 0.4653 -0.082, 0.0092 0.4699 -0.0782, 0.0094 0.466 -0.0775, 0.0098 0.4667 -0.0737, 0.0092 0.47 -0.0779, 0.0111 0.4672 -0.0698, 0.011 0.4711 -0.0703, 0.0117 0.4716 -0.0675, 0.0131 0.4681 -0.0637, 0.014 0.4722 -0.063, 0.0139 0.4683 -0.0625, 0.0179 0.4691 -0.0561, 0.0163 0.4727 -0.0587, 0.018 0.473 -0.0567, 0.0451 0.4747 -0.04, 0.0451 0.4708 -0.0397, 0.041 0.4746 -0.0406, 0.0409 0.4707 -0.0403, 0.0377 0.4745 -0.042, 0.0377 0.4706 -0.0416, 0.0318 0.4743 -0.0444, 0.0316 0.4704 -0.0441, 0.0304 0.4742 -0.0454, 0.0304 0.4703 -0.045, 0.024 0.4737 -0.0501, 0.024 0.4698 -0.0497, 0.0232 0.4737 -0.0507, 0.0231 0.4697 -0.0504, 0.0185 0.4692 -0.0552, 0.0498 0.4554 -0.1259, 0.0498 0.4592 -0.1269, 0.043 0.4557 -0.1245, 0.043 0.4595 -0.1256, 0.0387 0.456 -0.1237, 0.0387 0.4598 -0.1247, 0.0355 0.4564 -0.1222, 0.0355 0.4602 -0.1232, 0.029 0.4572 -0.1192, 0.029 0.461 -0.1202, 0.0284 0.4573 -0.1187, 0.0284 0.4611 -0.1197, 0.0236 0.4621 -0.1157, 0.0226 0.4585 -0.1139, 0.0226 0.4623 -0.1148, 0.0206 0.4589 -0.1122, 0.0206 0.4627 -0.1132, 0.02 0.4591 -0.1115, 0.02 0.4629 -0.1125, 0.0153 0.4606 -0.1052, 0.0153 0.4644 -0.1061, 0.0144 0.4609 -0.1039, 0.0145 0.4647 -0.1049, 0.0119 0.4621 -0.098, 0.0119 0.466 -0.0988, 0.0106 0.4628 -0.0949, 0.0106 0.4667 -0.0957, 0.01 0.4636 -0.0906, 0.01 0.4675 -0.0914, 0.0754 0.4554 -0.1259, 0.0754 0.4592 -0.1269, 0.0789 0.4555 -0.1253, 0.0789 0.4593 -0.1264, 0.0826 0.4591 -0.127, 0.0826 0.4553 -0.1259, 0.0838 0.4591 -0.1272, 0.0838 0.4553 -0.1261, 0.0858 0.4589 -0.128, 0.0858 0.4551 -0.127, 0.0877 0.4587 -0.1287, 0.0877 0.4548 -0.1278, 0.0888 0.4584 -0.1296, 0.0888 0.4546 -0.1285, 0.0911 0.4579 -0.1312, 0.0912 0.4541 -0.1303, 0.0913 0.4579 -0.1314, 0.0913 0.4541 -0.1304, 0.0933 0.4572 -0.1338, 0.0932 0.4534 -0.1327, 0.0934 0.4572 -0.1339, 0.0939 0.4532 -0.1336, 0.0948 0.4564 -0.1365, 0.0947 0.4526 -0.1354, 0.0953 0.4561 -0.1376, 0.0956 0.452 -0.1374, 0.0958 0.4555 -0.1396, 0.0958 0.4517 -0.1384, 0.0964 0.4548 -0.1419, 0.0965 0.4505 -0.1423, 0.0965 0.4543 -0.1434, 0.08 0.4449 -0.159, 0.08 0.4486 -0.1603, 0.0826 0.4451 -0.1584, 0.0826 0.4488 -0.1598, 0.0844 0.4452 -0.1581, 0.0844 0.4489 -0.1594, 0.0858 0.4455 -0.1574, 0.0858 0.4492 -0.1587, 0.0884 0.4459 -0.1563, 0.0883 0.4495 -0.1576, 0.0887 0.446 -0.156, 0.0887 0.4497 -0.1573, 0.0912 0.4466 -0.154, 0.0912 0.4503 -0.1553, 0.0916 0.4468 -0.1537, 0.0917 0.4505 -0.155, 0.0932 0.4474 -0.1517, 0.0932 0.4511 -0.153, 0.094 0.4478 -0.1506, 0.094 0.4515 -0.1519, 0.0948 0.4484 -0.1488, 0.0948 0.4521 -0.1501, 0.0957 0.449 -0.1469, 0.0957 0.4527 -0.1482, 0.0959 0.4494 -0.1458, 0.0959 0.4531 -0.147, 0.0498 0.4449 -0.159, 0.0498 0.4486 -0.1603, 0.0481 0.4449 -0.159, 0.0481 0.4486 -0.1603, 0.0464 0.4449 -0.159, 0.0464 0.4486 -0.1603, 0.0309 0.4497 -0.157, 0.0309 0.446 -0.1557, 0.0262 0.4501 -0.156, 0.026 0.4464 -0.1547, 0.0184 0.4514 -0.1522, 0.0184 0.4477 -0.1509, 0.0084 0.453 -0.1473, 0.0082 0.4494 -0.1459, 0.006 0.4537 -0.1453, 0.006 0.4499 -0.1441, -0.0054 0.4566 -0.1358, 0.0 0.4515 -0.1391, -0.0054 0.4528 -0.1346, -0.0265 0.4653 -0.082, -0.0265 0.4691 -0.0827, -0.0265 0.4653 -0.082, -0.0246 0.4662 -0.0976, -0.0246 0.4623 -0.0968, -0.0239 0.4614 -0.1017, -0.024 0.4652 -0.1024, -0.0206 0.4593 -0.1102, -0.0206 0.4632 -0.1111, -0.0175 0.4575 -0.118, -0.0188 0.4621 -0.1157, -0.0175 0.4613 -0.119, -0.0146 0.4564 -0.122, -0.0146 0.4602 -0.123, 0.0211 0.4723 -0.0119, 0.0299 0.4724 -0.0079, 0.0299 0.4763 -0.0079, 0.025 0.4763 -0.0097, 0.0211 0.4762 -0.0118, 0.0116 0.4722 -0.0163, 0.0111 0.4761 -0.0172, 0.0082 0.472 -0.019, -0.0034 0.4755 -0.0289, 0.0 0.4717 -0.0256, 0.0075 0.476 -0.0192, 0.008 0.476 -0.0189, -0.0242 0.4715 -0.0677, -0.0242 0.4676 -0.0671, -0.0234 0.4722 -0.0626, -0.0235 0.4683 -0.0625, -0.0198 0.4733 -0.0536, -0.0196 0.4693 -0.0533, -0.0171 0.4741 -0.047, -0.0159 0.4703 -0.0446, -0.0128 0.4745 -0.041, -0.0129 0.4706 -0.0406, -0.0059 0.4754 -0.0312, -0.0039 0.4716 -0.0288, -0.0036 0.4716 -0.0285, 0.0516 0.4755 0.027, 0.0523 0.4715 0.0275, 0.0595 0.475 0.0363, 0.0392 0.4762 0.0103, 0.0393 0.4722 0.0101, 0.0418 0.4761 0.0153, 0.0423 0.4722 0.016, 0.0517 0.4716 0.0267, 0.2041 0.4602 -0.123, 0.2021 0.4599 -0.1243, 0.2057 0.4604 -0.1225, 0.1995 0.4594 -0.1259, 0.1988 0.4592 -0.1267, 0.1959 0.4584 -0.1297, 0.1957 0.4583 -0.1299, 0.1939 0.4574 -0.133, 0.1931 0.457 -0.1345, 0.1925 0.4564 -0.1366, 0.1917 0.4554 -0.1398, 0.1917 0.4552 -0.1403, 0.1918 0.4539 -0.1447, 0.1918 0.4536 -0.1456, 0.1926 0.4527 -0.1484, 0.1932 0.452 -0.1505, 0.235 0.4528 -0.148, 0.2359 0.4539 -0.1445, 0.194 0.4515 -0.1519, 0.1956 0.4506 -0.1546, 0.196 0.4505 -0.155, 0.199 0.4493 -0.1582, 0.1992 0.4493 -0.1583, 0.2022 0.4486 -0.1604, 0.2031 0.4483 -0.161, 0.2053 0.448 -0.1619, 0.2075 0.4477 -0.1627, 0.2088 0.4477 -0.1629, 0.2138 0.4474 -0.1635, 0.2179 0.4476 -0.163, 0.2187 0.4476 -0.163, 0.2219 0.448 -0.1619, 0.2238 0.4483 -0.1613, 0.2254 0.4486 -0.1602, 0.2284 0.4493 -0.1583, 0.2288 0.4494 -0.1579, 0.2316 0.4505 -0.1549, 0.2321 0.4507 -0.1544, 0.2336 0.4516 -0.1516, 0.2346 0.4522 -0.1499, 0.2359 0.454 -0.1444, 0.2357 0.4553 -0.14, 0.2357 0.4557 -0.1387, 0.235 0.4565 -0.1363, 0.2342 0.4572 -0.1339, 0.2336 0.4575 -0.1328, 0.2317 0.4584 -0.1297, 0.2317 0.4584 -0.1296, 0.2286 0.4593 -0.1264, 0.2285 0.4593 -0.1263, 0.2254 0.4599 -0.1241, 0.2244 0.4601 -0.1235, 0.2222 0.4603 -0.1226, 0.22 0.4606 -0.1217, 0.2186 0.4606 -0.1215, 0.2138 0.4608 -0.1208, 0.2092 0.4607 -0.1214, 0.2096 0.4607 -0.1213, 0.234 0.4676 -0.091, 0.1992 0.4456 -0.157, 0.2138 0.457 -0.1198, 0.2096 0.4568 -0.1204, 0.2083 0.4568 -0.1206, 0.2057 0.4565 -0.1215, 0.2033 0.4563 -0.1224, 0.2021 0.4561 -0.1232, 0.1987 0.4555 -0.1255, 0.1987 0.4555 -0.1256, 0.1959 0.4546 -0.1286, 0.1952 0.4544 -0.1294, 0.1939 0.4536 -0.1319, 0.1928 0.4531 -0.1339, 0.1925 0.4526 -0.1355, 0.1917 0.4517 -0.1386, 0.1917 0.4515 -0.1391, 0.1917 0.4501 -0.1435, 0.1917 0.45 -0.1438, 0.1926 0.4489 -0.1472, 0.1986 0.4458 -0.1565, 0.196 0.4467 -0.1537, 0.1952 0.447 -0.1528, 0.194 0.4478 -0.1506, 0.193 0.4484 -0.1487, 0.2022 0.4448 -0.1591, 0.2026 0.4447 -0.1594, 0.2053 0.4443 -0.1605, 0.2138 0.4437 -0.1622, 0.2088 0.444 -0.1615, 0.2069 0.4441 -0.1612, 0.2284 0.4555 -0.1253, 0.218 0.4439 -0.1617, 0.2183 0.4439 -0.1617, 0.2219 0.4443 -0.1606, 0.2234 0.4445 -0.1601, 0.2254 0.4449 -0.1589, 0.2281 0.4455 -0.1573, 0.2288 0.4457 -0.1566, 0.2317 0.4468 -0.1537, 0.2318 0.4468 -0.1536, 0.2337 0.4479 -0.1504, 0.2343 0.4482 -0.1493, 0.2351 0.449 -0.1468, 0.2357 0.4497 -0.1448, 0.2357 0.4502 -0.1432, 0.2359 0.4514 -0.1395, 0.2358 0.4516 -0.1388, 0.2351 0.4527 -0.1351, 0.2349 0.4529 -0.1346, 0.2336 0.4537 -0.1317, 0.2329 0.4541 -0.1303, 0.2315 0.4546 -0.1287, 0.2293 0.4553 -0.126, 0.2254 0.4561 -0.1231, 0.2251 0.4562 -0.1228, 0.2222 0.4565 -0.1216, 0.2186 0.4568 -0.1206, 0.2204 0.4567 -0.1209, 0.2204 0.4567 -0.1209
            ]
        }
        coordIndex [
            0,1,2,-1,2,1,3,-1,2,3,4,-1,4,3,5,-1,4,5,6,-1,6,5,7,-1,6,7,8,-1,8,7,9,-1,8,9,10,-1,10,9,11,-1,10,11,12,-1,12,11,13,-1,12,13,14,-1,15,16,17,-1,17,16,18,-1,17,18,19,-1,19,18,20,-1,19,20,21,-1,21,20,22,-1,21,22,23,-1,23,22,24,-1,23,24,25,-1,25,24,26,-1,25,26,13,-1,13,26,14,-1,27,28,29,-1,29,28,30,-1,29,30,31,-1,31,30,32,-1,31,32,15,-1,15,32,16,-1,28,27,33,-1,33,27,34,-1,33,34,35,-1,36,37,38,-1,38,37,39,-1,38,39,40,-1,40,39,41,-1,40,41,42,-1,42,41,43,-1,42,43,44,-1,44,43,45,-1,44,45,46,-1,46,45,47,-1,46,47,48,-1,48,47,49,-1,48,49,50,-1,50,49,51,-1,50,51,35,-1,35,51,33,-1,52,53,54,-1,54,53,55,-1,55,53,56,-1,55,56,57,-1,52,54,58,-1,58,54,59,-1,58,59,60,-1,60,59,61,-1,60,61,62,-1,62,61,63,-1,62,63,64,-1,64,63,65,-1,64,65,66,-1,37,36,67,-1,67,36,66,-1,67,66,68,-1,68,66,65,-1,69,70,71,-1,71,70,72,-1,71,72,73,-1,74,57,56,-1,72,75,73,-1,73,75,76,-1,73,76,77,-1,77,76,78,-1,77,78,79,-1,79,78,80,-1,79,80,81,-1,81,80,74,-1,81,74,82,-1,82,74,56,-1,83,84,85,-1,85,84,86,-1,85,86,87,-1,87,86,88,-1,87,88,89,-1,89,88,90,-1,89,90,91,-1,91,90,92,-1,91,92,69,-1,69,92,70,-1,93,94,95,-1,95,96,93,-1,93,96,97,-1,93,97,98,-1,98,97,99,-1,98,99,100,-1,100,99,101,-1,100,101,102,-1,102,101,103,-1,84,83,104,-1,104,83,105,-1,104,105,106,-1,106,105,107,-1,106,107,108,-1,108,107,109,-1,108,109,110,-1,110,109,111,-1,110,111,112,-1,112,111,113,-1,112,113,114,-1,114,113,115,-1,114,115,103,-1,103,115,116,-1,103,116,102,-1,117,118,119,-1,119,118,120,-1,119,120,121,-1,121,120,122,-1,121,122,123,-1,119,124,117,-1,117,124,125,-1,117,125,126,-1,126,125,127,-1,126,127,128,-1,128,127,129,-1,129,127,130,-1,129,130,131,-1,132,133,134,-1,134,133,135,-1,134,135,136,-1,136,135,137,-1,136,137,138,-1,138,137,139,-1,138,139,131,-1,131,139,140,-1,131,140,129,-1,95,94,141,-1,141,94,142,-1,141,142,143,-1,143,142,144,-1,143,144,145,-1,145,144,146,-1,145,146,132,-1,132,146,147,-1,132,147,133,-1,148,149,122,-1,122,149,123,-1,150,151,152,-1,152,151,153,-1,152,153,148,-1,148,153,149,-1,154,155,156,-1,156,155,151,-1,156,151,157,-1,157,151,150,-1,158,159,160,-1,160,159,155,-1,160,155,161,-1,161,155,154,-1,162,163,164,-1,164,163,165,-1,164,165,166,-1,159,158,167,-1,167,158,168,-1,167,168,169,-1,169,168,170,-1,169,170,171,-1,171,170,172,-1,171,172,173,-1,173,172,174,-1,173,174,175,-1,175,174,176,-1,175,176,162,-1,162,176,177,-1,162,177,163,-1,178,179,180,-1,180,181,178,-1,178,181,182,-1,178,182,183,-1,183,182,184,-1,183,184,185,-1,185,184,186,-1,185,186,187,-1,187,186,188,-1,187,188,189,-1,189,188,190,-1,189,190,191,-1,191,190,192,-1,191,192,193,-1,193,192,194,-1,193,194,195,-1,195,194,196,-1,195,196,197,-1,197,196,198,-1,197,198,199,-1,199,198,200,-1,199,200,165,-1,165,200,166,-1,201,202,203,-1,204,205,206,-1,206,205,207,-1,206,207,208,-1,203,202,209,-1,209,202,210,-1,209,210,208,-1,208,210,211,-1,208,211,206,-1,201,203,212,-1,212,203,213,-1,212,213,214,-1,214,213,215,-1,214,215,216,-1,216,215,217,-1,216,217,218,-1,217,219,218,-1,218,219,220,-1,218,220,221,-1,221,220,222,-1,221,222,179,-1,179,222,180,-1,223,224,225,-1,225,224,226,-1,225,226,227,-1,227,226,228,-1,227,228,229,-1,225,230,223,-1,223,230,231,-1,223,231,232,-1,232,231,233,-1,232,233,234,-1,234,233,235,-1,234,235,236,-1,236,235,237,-1,236,237,238,-1,205,204,239,-1,239,204,240,-1,239,240,241,-1,241,240,242,-1,241,242,243,-1,243,242,244,-1,243,244,245,-1,245,244,246,-1,245,246,247,-1,247,246,248,-1,247,248,249,-1,249,248,250,-1,249,250,251,-1,251,250,252,-1,251,252,238,-1,238,252,253,-1,238,253,236,-1,254,255,256,-1,254,256,257,-1,257,256,258,-1,257,258,259,-1,258,260,259,-1,259,260,261,-1,259,261,262,-1,262,261,263,-1,262,263,228,-1,228,263,229,-1,264,265,266,-1,266,265,267,-1,266,267,268,-1,268,267,269,-1,268,269,270,-1,270,269,271,-1,270,271,272,-1,272,271,273,-1,272,273,274,-1,274,273,275,-1,275,273,276,-1,275,276,277,-1,277,276,278,-1,277,278,279,-1,279,278,280,-1,279,280,281,-1,281,280,282,-1,281,282,283,-1,283,282,284,-1,283,284,285,-1,285,284,286,-1,285,286,254,-1,254,286,287,-1,254,287,255,-1,288,289,290,-1,290,289,291,-1,290,291,292,-1,291,293,292,-1,292,293,294,-1,292,294,295,-1,295,294,296,-1,295,296,297,-1,297,296,298,-1,297,298,299,-1,299,298,300,-1,299,300,301,-1,301,300,302,-1,301,302,303,-1,303,302,304,-1,303,304,305,-1,305,304,306,-1,305,306,307,-1,307,306,308,-1,265,264,309,-1,309,264,310,-1,309,310,311,-1,311,310,312,-1,311,312,308,-1,308,312,313,-1,308,313,307,-1,314,315,288,-1,288,315,289,-1,316,317,318,-1,318,317,319,-1,318,319,320,-1,320,319,321,-1,321,319,322,-1,321,322,323,-1,322,324,323,-1,323,324,325,-1,323,325,326,-1,326,325,327,-1,326,327,328,-1,328,327,329,-1,329,327,330,-1,329,330,331,-1,315,314,332,-1,332,314,333,-1,332,333,334,-1,334,333,335,-1,334,335,336,-1,336,335,337,-1,336,337,338,-1,338,337,339,-1,338,339,340,-1,340,339,341,-1,340,341,342,-1,342,341,343,-1,342,343,344,-1,344,343,345,-1,344,345,331,-1,331,345,346,-1,331,346,329,-1,347,348,349,-1,349,348,350,-1,349,350,351,-1,351,350,352,-1,351,352,353,-1,353,352,354,-1,353,354,355,-1,355,354,356,-1,355,356,357,-1,356,358,357,-1,357,358,359,-1,357,359,360,-1,360,359,361,-1,360,361,362,-1,362,361,363,-1,362,363,364,-1,364,363,365,-1,364,365,366,-1,366,365,367,-1,366,367,368,-1,368,367,369,-1,368,369,370,-1,370,369,371,-1,370,371,372,-1,372,371,373,-1,372,373,374,-1,374,373,375,-1,374,375,316,-1,316,375,317,-1,376,377,347,-1,347,377,348,-1,378,379,376,-1,376,379,377,-1,379,378,380,-1,380,378,381,-1,380,381,382,-1,382,381,383,-1,382,383,384,-1,384,383,385,-1,384,385,386,-1,386,385,387,-1,386,387,388,-1,388,387,389,-1,388,389,390,-1,390,389,391,-1,390,391,392,-1,392,391,393,-1,392,393,394,-1,394,393,395,-1,394,395,396,-1,396,395,397,-1,396,397,398,-1,398,397,399,-1,398,399,400,-1,400,399,401,-1,400,401,402,-1,402,401,403,-1,402,403,404,-1,404,403,405,-1,404,405,406,-1,407,408,409,-1,409,408,410,-1,409,410,411,-1,411,410,412,-1,411,412,413,-1,413,412,414,-1,413,414,415,-1,415,414,416,-1,415,416,417,-1,417,416,418,-1,417,418,419,-1,419,418,420,-1,419,420,421,-1,421,420,422,-1,421,422,423,-1,423,422,424,-1,423,424,425,-1,425,424,426,-1,425,426,427,-1,427,426,428,-1,427,428,429,-1,429,428,430,-1,429,430,431,-1,431,430,432,-1,431,432,405,-1,405,432,406,-1,433,434,407,-1,407,434,408,-1,435,436,433,-1,433,436,434,-1,437,438,435,-1,435,438,436,-1,438,437,439,-1,439,437,440,-1,439,440,441,-1,441,440,442,-1,441,442,443,-1,443,442,444,-1,443,444,445,-1,445,444,446,-1,445,446,447,-1,447,446,448,-1,447,448,449,-1,449,448,450,-1,449,450,451,-1,452,453,454,-1,454,453,455,-1,454,455,456,-1,456,455,457,-1,457,455,458,-1,457,458,459,-1,459,458,460,-1,459,460,461,-1,460,462,461,-1,461,462,463,-1,461,463,464,-1,464,463,465,-1,464,465,451,-1,451,465,449,-1,466,467,468,-1,468,469,466,-1,466,469,470,-1,466,470,471,-1,471,470,472,-1,471,472,473,-1,474,475,476,-1,476,475,473,-1,476,473,477,-1,477,473,472,-1,453,452,478,-1,478,452,479,-1,478,479,480,-1,480,479,481,-1,480,481,482,-1,482,481,483,-1,482,483,484,-1,484,483,485,-1,484,485,486,-1,486,485,487,-1,486,487,488,-1,488,487,489,-1,488,489,474,-1,474,489,490,-1,474,490,475,-1,491,492,493,-1,493,492,1,-1,493,1,0,-1,468,467,494,-1,494,467,495,-1,494,495,496,-1,496,495,497,-1,496,497,491,-1,491,497,498,-1,491,498,492,-1,256,255,287,-1,315,332,472,-1,472,332,334,-1,472,334,336,-1,336,338,472,-1,472,338,340,-1,472,340,477,-1,477,340,342,-1,477,342,476,-1,476,342,344,-1,476,344,474,-1,474,344,488,-1,488,344,331,-1,488,331,486,-1,486,331,330,-1,486,330,484,-1,484,330,327,-1,484,327,482,-1,482,327,325,-1,482,325,480,-1,480,325,324,-1,480,324,478,-1,365,363,462,-1,365,462,367,-1,324,322,478,-1,478,322,319,-1,478,319,453,-1,453,319,317,-1,453,317,455,-1,455,317,375,-1,455,375,458,-1,458,375,373,-1,458,373,460,-1,460,373,371,-1,460,371,462,-1,462,371,369,-1,462,369,367,-1,465,359,449,-1,449,359,358,-1,363,361,462,-1,462,361,359,-1,462,359,463,-1,463,359,465,-1,348,438,350,-1,350,438,439,-1,350,439,352,-1,352,439,441,-1,352,441,354,-1,354,441,443,-1,354,443,356,-1,356,443,445,-1,356,445,358,-1,358,445,447,-1,358,447,449,-1,379,408,377,-1,377,408,434,-1,377,434,348,-1,348,434,436,-1,348,436,438,-1,379,380,408,-1,408,380,382,-1,408,382,384,-1,384,386,408,-1,408,386,388,-1,408,388,390,-1,390,392,408,-1,408,392,394,-1,408,394,396,-1,396,398,408,-1,408,398,400,-1,408,400,402,-1,432,430,428,-1,404,406,432,-1,404,432,402,-1,402,432,428,-1,402,428,426,-1,426,424,402,-1,402,424,422,-1,402,422,420,-1,420,418,402,-1,402,418,416,-1,402,416,414,-1,414,412,402,-1,402,412,410,-1,402,410,408,-1,470,294,472,-1,472,294,293,-1,472,293,315,-1,315,293,291,-1,315,291,289,-1,287,286,28,-1,28,286,284,-1,28,284,30,-1,30,284,282,-1,30,282,32,-1,32,282,280,-1,32,280,16,-1,16,280,278,-1,16,278,18,-1,18,278,276,-1,18,276,20,-1,20,276,273,-1,20,273,22,-1,22,273,271,-1,22,271,24,-1,24,271,269,-1,24,269,26,-1,26,269,267,-1,26,267,14,-1,14,267,265,-1,14,265,12,-1,12,265,309,-1,300,493,302,-1,302,493,0,-1,302,0,304,-1,304,0,2,-1,304,2,306,-1,306,2,4,-1,306,4,308,-1,308,4,6,-1,308,6,311,-1,311,6,8,-1,311,8,309,-1,309,8,10,-1,309,10,12,-1,470,469,294,-1,294,469,468,-1,294,468,296,-1,296,468,494,-1,296,494,298,-1,298,494,496,-1,298,496,300,-1,300,496,491,-1,300,491,493,-1,49,47,231,-1,47,45,231,-1,231,45,43,-1,231,43,41,-1,41,39,231,-1,231,39,37,-1,231,37,67,-1,231,230,49,-1,49,230,225,-1,49,225,51,-1,51,225,227,-1,51,227,33,-1,256,287,258,-1,227,229,33,-1,33,229,263,-1,33,263,28,-1,28,263,261,-1,28,261,287,-1,287,261,260,-1,287,260,258,-1,217,215,76,-1,76,215,213,-1,76,213,78,-1,213,203,78,-1,78,203,209,-1,78,209,80,-1,80,209,208,-1,80,208,74,-1,74,208,207,-1,74,207,57,-1,57,207,205,-1,57,205,55,-1,55,205,54,-1,238,237,67,-1,238,67,251,-1,54,205,59,-1,59,205,239,-1,59,239,61,-1,61,239,241,-1,61,241,63,-1,63,241,243,-1,63,243,65,-1,65,243,245,-1,65,245,68,-1,68,245,247,-1,68,247,67,-1,67,247,249,-1,67,249,251,-1,237,235,67,-1,67,235,233,-1,67,233,231,-1,499,500,149,-1,499,149,501,-1,500,502,149,-1,149,502,503,-1,149,503,504,-1,504,505,149,-1,149,505,506,-1,149,506,507,-1,507,508,149,-1,149,508,509,-1,149,509,123,-1,123,509,510,-1,123,510,121,-1,121,510,511,-1,121,511,119,-1,511,512,119,-1,119,512,513,-1,119,513,124,-1,124,513,514,-1,124,514,125,-1,515,516,180,-1,125,514,127,-1,127,514,517,-1,127,517,130,-1,130,517,518,-1,130,518,131,-1,131,518,519,-1,131,519,138,-1,138,519,520,-1,138,520,136,-1,136,520,521,-1,136,521,134,-1,134,521,522,-1,134,522,132,-1,132,522,523,-1,132,523,145,-1,145,523,524,-1,145,524,143,-1,143,524,525,-1,143,525,141,-1,141,525,526,-1,141,526,95,-1,95,526,527,-1,95,527,96,-1,96,527,97,-1,97,527,528,-1,97,528,99,-1,99,528,529,-1,99,529,101,-1,101,529,530,-1,101,530,103,-1,103,530,531,-1,103,531,114,-1,114,531,532,-1,114,532,112,-1,112,532,533,-1,112,533,534,-1,534,535,112,-1,112,535,536,-1,112,536,537,-1,515,180,538,-1,516,539,180,-1,180,539,540,-1,180,540,541,-1,541,542,180,-1,180,542,543,-1,180,543,181,-1,181,543,544,-1,181,544,182,-1,182,544,545,-1,545,546,182,-1,182,546,547,-1,182,547,548,-1,548,549,182,-1,182,549,550,-1,182,550,551,-1,551,552,182,-1,182,552,553,-1,182,553,554,-1,501,149,555,-1,555,149,153,-1,555,153,556,-1,180,222,90,-1,90,88,180,-1,180,88,86,-1,180,86,84,-1,75,220,76,-1,76,220,219,-1,76,219,217,-1,75,72,220,-1,220,72,70,-1,220,70,222,-1,222,70,92,-1,222,92,90,-1,84,104,180,-1,180,104,106,-1,180,106,108,-1,537,538,112,-1,112,538,180,-1,112,180,110,-1,110,180,108,-1,151,155,153,-1,153,155,159,-1,192,167,169,-1,169,171,192,-1,192,171,173,-1,192,173,175,-1,162,164,557,-1,557,164,166,-1,166,200,557,-1,557,200,198,-1,557,198,196,-1,175,162,192,-1,192,162,557,-1,192,557,194,-1,194,557,196,-1,188,186,159,-1,167,192,159,-1,159,192,190,-1,159,190,188,-1,186,184,159,-1,159,184,182,-1,159,182,153,-1,153,182,554,-1,153,554,556,-1,522,521,558,-1,554,559,556,-1,556,559,560,-1,556,560,555,-1,555,560,561,-1,555,561,501,-1,501,561,562,-1,501,562,499,-1,499,562,563,-1,499,563,500,-1,500,563,564,-1,500,564,502,-1,502,564,565,-1,502,565,503,-1,503,565,566,-1,503,566,504,-1,504,566,567,-1,504,567,505,-1,505,567,568,-1,505,568,506,-1,506,568,569,-1,506,569,507,-1,507,569,570,-1,507,570,508,-1,508,570,571,-1,508,571,509,-1,509,571,572,-1,509,572,510,-1,510,572,573,-1,510,573,511,-1,573,574,511,-1,511,574,575,-1,511,575,512,-1,512,575,576,-1,558,521,577,-1,577,521,520,-1,577,520,578,-1,578,520,519,-1,578,519,579,-1,579,519,518,-1,579,518,580,-1,580,518,517,-1,580,517,581,-1,581,517,514,-1,581,514,576,-1,576,514,513,-1,576,513,512,-1,558,582,522,-1,522,582,583,-1,522,583,523,-1,523,583,584,-1,585,527,586,-1,586,527,526,-1,586,526,587,-1,587,526,525,-1,587,525,584,-1,584,525,524,-1,584,524,523,-1,549,548,588,-1,527,585,528,-1,528,585,589,-1,528,589,529,-1,529,589,590,-1,529,590,530,-1,530,590,591,-1,530,591,531,-1,531,591,592,-1,531,592,532,-1,532,592,593,-1,532,593,533,-1,533,593,594,-1,533,594,534,-1,534,594,595,-1,534,595,535,-1,595,596,535,-1,535,596,597,-1,535,597,536,-1,536,597,598,-1,536,598,537,-1,537,598,538,-1,538,598,599,-1,538,599,515,-1,515,599,600,-1,515,600,516,-1,516,600,601,-1,516,601,539,-1,539,601,602,-1,539,602,540,-1,602,603,540,-1,540,603,604,-1,540,604,541,-1,541,604,605,-1,541,605,542,-1,542,605,606,-1,542,606,543,-1,543,606,607,-1,543,607,544,-1,544,607,608,-1,544,608,545,-1,545,608,609,-1,588,548,610,-1,610,548,547,-1,610,547,609,-1,609,547,546,-1,609,546,545,-1,588,611,549,-1,549,611,612,-1,549,612,550,-1,550,612,613,-1,559,554,614,-1,614,554,553,-1,614,553,615,-1,615,553,552,-1,615,552,613,-1,613,552,551,-1,613,551,550,-1,
        ]
    }
}
Shape{
    appearance Appearance {
        material  Material 	{
            diffuseColor 0.7019607843137254 0.4627450980392157 0.3058823529411765
            specularColor 0.050980392156862744 0.03137254901960784 0.023529411764705882
            ambientIntensity 0.2
            transparency 0
            shininess 0.5
        }
    }
    geometry IndexedFaceSet {
        ccw TRUE
        solid FALSE
        coord DEF co Coordinate {
            point [
                0.1987 0.4555 -0.1256, 0.2318 0.4468 -0.1536, 0.199 0.4508 -0.1414, 0.2317 0.4468 -0.1537, 0.2285 0.4458 -0.1563, 0.2288 0.4457 -0.1566, 0.2219 0.4443 -0.1606, 0.2183 0.4439 -0.1617, 0.218 0.4439 -0.1617, 0.2138 0.4437 -0.1622, 0.2088 0.444 -0.1615, 0.2069 0.4441 -0.1612, 0.2053 0.4443 -0.1605, 0.2026 0.4447 -0.1594, 0.2022 0.4448 -0.1591, 0.1992 0.4456 -0.157, 0.1986 0.4458 -0.1565, 0.196 0.4467 -0.1537, 0.1952 0.447 -0.1528, 0.194 0.4478 -0.1506, 0.193 0.4484 -0.1487, 0.1926 0.4489 -0.1472, 0.1917 0.45 -0.1438, 0.1917 0.4501 -0.1435, 0.1917 0.4515 -0.1391, 0.1917 0.4517 -0.1386, 0.1925 0.4526 -0.1355, 0.1928 0.4531 -0.1339, 0.1939 0.4536 -0.1319, 0.1952 0.4544 -0.1294, 0.1959 0.4546 -0.1286, 0.2281 0.4455 -0.1573, 0.2254 0.4449 -0.1589, 0.2234 0.4445 -0.1601, 0.2186 0.4568 -0.1206, 0.2204 0.4567 -0.1209, 0.2222 0.4565 -0.1216, 0.1987 0.4555 -0.1255, 0.2021 0.4561 -0.1232, 0.2033 0.4563 -0.1224, 0.2057 0.4565 -0.1215, 0.2138 0.457 -0.1198, 0.2096 0.4568 -0.1204, 0.2083 0.4568 -0.1206, 0.2251 0.4562 -0.1228, 0.2254 0.4561 -0.1231, 0.2284 0.4555 -0.1253, 0.2293 0.4553 -0.126, 0.2315 0.4546 -0.1287, 0.2329 0.4541 -0.1303, 0.2336 0.4537 -0.1317, 0.2349 0.4529 -0.1346, 0.2351 0.4527 -0.1351, 0.2358 0.4516 -0.1388, 0.2359 0.4514 -0.1395, 0.2357 0.4502 -0.1432, 0.2357 0.4497 -0.1448, 0.2351 0.449 -0.1468, 0.2343 0.4482 -0.1493, 0.2337 0.4479 -0.1504, 0.2337 0.4479 -0.1504
            ]
        }
        coordIndex [
            0,1,2,-1,2,1,3,-1,2,3,4,-1,4,3,5,-1,2,6,7,-1,7,8,2,-1,2,8,9,-1,2,9,10,-1,10,11,2,-1,2,11,12,-1,2,12,13,-1,13,14,2,-1,2,14,15,-1,2,15,16,-1,16,17,2,-1,2,17,18,-1,2,18,19,-1,19,20,2,-1,2,20,21,-1,2,21,22,-1,22,23,2,-1,2,23,24,-1,2,24,25,-1,25,26,2,-1,2,26,27,-1,2,27,28,-1,28,29,2,-1,2,29,30,-1,2,30,0,-1,5,31,4,-1,4,31,32,-1,4,32,2,-1,2,32,33,-1,2,33,6,-1,34,35,36,-1,37,38,36,-1,36,38,39,-1,36,39,40,-1,41,34,42,-1,42,34,36,-1,42,36,43,-1,43,36,40,-1,37,36,0,-1,0,36,44,-1,0,44,45,-1,45,46,0,-1,0,46,47,-1,0,47,48,-1,48,49,0,-1,0,49,50,-1,0,50,51,-1,51,52,0,-1,0,52,53,-1,0,53,54,-1,54,55,0,-1,0,55,56,-1,0,56,57,-1,57,58,0,-1,0,58,59,-1,0,59,1,-1,
        ]
    }
}