#VRML V2.0 utf8
# 3D model generated by easyeda2kicad.py (https://github.com/uPesy/easyeda2kicad.py)

Shape{
    appearance Appearance {
        material  Material 	{
            diffuseColor 0.37254901960784315 0.9490196078431372 1.0
            specularColor 0.18823529411764706 0.4745098039215686 0.5019607843137255
            ambientIntensity 0.2
            transparency 0
            shininess 0.5
        }
    }
    geometry IndexedFaceSet {
        ccw TRUE
        solid FALSE
        coord DEF co Coordinate {
            point [
                -0.2362 0.0 0.3346, -0.1687 0.0801 0.3249, -0.2362 0.0801 0.3249, -0.1687 0.1555 0.2963, -0.2362 0.1555 0.2963, -0.1687 0.2219 0.2505, -0.2362 0.2219 0.2505, -0.1687 0.2754 0.1901, -0.2362 0.2754 0.1901, -0.1687 0.3129 0.1187, -0.2362 0.3129 0.1187, -0.1687 0.3322 0.0403, -0.2362 0.3322 0.0403, -0.1687 0.3322 -0.0403, -0.2362 0.3322 -0.0403, -0.1687 0.3129 -0.1187, -0.2362 0.3129 -0.1187, -0.1687 0.2754 -0.1901, -0.2362 0.2754 -0.1901, -0.1687 0.2219 -0.2505, -0.2362 0.2219 -0.2505, -0.1687 0.1555 -0.2963, -0.2362 0.1555 -0.2963, -0.1687 0.0801 -0.3249, -0.2362 0.0801 -0.3249, -0.1687 0.0 -0.3346, -0.2362 0.0 -0.3346, -0.1687 -0.0801 -0.3249, -0.2362 -0.0801 -0.3249, -0.1687 -0.1555 -0.2963, -0.2362 -0.1555 -0.2963, -0.1687 -0.2219 -0.2505, -0.2362 -0.2219 -0.2505, -0.1687 -0.2754 -0.1901, -0.2362 -0.2754 -0.1901, -0.1687 -0.3129 -0.1187, -0.2362 -0.3129 -0.1187, -0.1687 -0.3322 -0.0403, -0.2362 -0.3322 -0.0403, -0.1687 -0.3322 0.0403, -0.2362 -0.3322 0.0403, -0.1687 -0.3129 0.1187, -0.2362 -0.3129 0.1187, -0.1687 -0.2754 0.1901, -0.2362 -0.2754 0.1901, -0.1687 -0.2219 0.2505, -0.2362 -0.2219 0.2505, -0.1687 -0.1555 0.2963, -0.2362 -0.1555 0.2963, -0.1687 -0.0801 0.3249, -0.2362 -0.0801 0.3249, -0.1687 -0.0 0.3346, -0.1687 -0.0 0.3346
            ]
        }
        coordIndex [
            0,1,2,-1,2,1,3,-1,2,3,4,-1,4,3,5,-1,4,5,6,-1,6,5,7,-1,6,7,8,-1,8,7,9,-1,8,9,10,-1,10,9,11,-1,10,11,12,-1,12,11,13,-1,12,13,14,-1,14,13,15,-1,14,15,16,-1,16,15,17,-1,16,17,18,-1,18,17,19,-1,18,19,20,-1,20,19,21,-1,20,21,22,-1,22,21,23,-1,22,23,24,-1,24,23,25,-1,24,25,26,-1,26,25,27,-1,26,27,28,-1,28,27,29,-1,28,29,30,-1,30,29,31,-1,30,31,32,-1,32,31,33,-1,32,33,34,-1,34,33,35,-1,34,35,36,-1,36,35,37,-1,36,37,38,-1,38,37,39,-1,38,39,40,-1,40,39,41,-1,40,41,42,-1,42,41,43,-1,42,43,44,-1,44,43,45,-1,44,45,46,-1,46,45,47,-1,46,47,48,-1,48,47,49,-1,48,49,50,-1,50,49,51,-1,50,51,0,-1,0,51,1,-1,
        ]
    }
}
Shape{
    appearance Appearance {
        material  Material 	{
            diffuseColor 0.6549019607843137 0.39215686274509803 0.0
            specularColor 0.32941176470588235 0.19607843137254902 0.0
            ambientIntensity 0.2
            transparency 0
            shininess 0.5
        }
    }
    geometry IndexedFaceSet {
        ccw TRUE
        solid FALSE
        coord DEF co Coordinate {
            point [
                -0.2953 0.2151 0.2564, -0.2953 0.2278 0.2714, -0.2953 0.2684 0.1998, -0.2953 0.2842 0.2116, -0.2953 0.3073 0.1325, -0.2953 0.3254 0.1403, -0.2953 0.3296 0.0581, -0.2953 0.3489 0.0615, -0.2953 0.3341 -0.0195, -0.2953 0.3537 -0.0206, -0.2953 0.3206 -0.096, -0.2953 0.3394 -0.1016, -0.2953 0.2898 -0.1673, -0.2953 0.3069 -0.1772, -0.2953 0.2434 -0.2296, -0.2953 0.2577 -0.2432, -0.2953 0.1839 -0.2796, -0.2953 0.1947 -0.296, -0.2953 0.1145 -0.3145, -0.2953 0.1212 -0.333, -0.2953 0.0389 -0.3324, -0.2953 0.0411 -0.3519, -0.2953 -0.0389 -0.3324, -0.2953 -0.0411 -0.3519, -0.2953 -0.1145 -0.3145, -0.2953 -0.1212 -0.333, -0.2953 -0.1839 -0.2796, -0.2953 -0.1947 -0.296, -0.2953 -0.2434 -0.2296, -0.2953 -0.2577 -0.2432, -0.2953 -0.2898 -0.1673, -0.2953 -0.3069 -0.1772, -0.2953 -0.3206 -0.096, -0.2953 -0.3394 -0.1016, -0.2953 -0.3341 -0.0195, -0.2953 -0.3537 -0.0206, -0.2953 -0.3296 0.0581, -0.2953 -0.3489 0.0615, -0.2953 -0.3073 0.1325, -0.2953 -0.3254 0.1403, -0.2953 -0.2684 0.1998, -0.2953 -0.2842 0.2116, -0.2953 -0.2151 0.2564, -0.2953 -0.2278 0.2714, -0.2953 -0.1502 0.2991, -0.2953 -0.159 0.3166, -0.2953 -0.0772 0.3256, -0.2953 -0.0817 0.3448, -0.2953 -0.0 0.3346, -0.2953 0.0 0.3543, -0.2953 0.0772 0.3256, -0.2953 0.0817 0.3448, -0.2953 0.1502 0.2991, -0.2953 0.159 0.3166, -0.2362 0.0817 0.3448, -0.2362 0.159 0.3166, -0.2362 0.2278 0.2714, -0.2362 0.2842 0.2116, -0.2362 0.3254 0.1403, -0.2362 0.3489 0.0615, -0.2362 0.3537 -0.0206, -0.2362 0.3394 -0.1016, -0.2362 0.3069 -0.1772, -0.2362 0.2577 -0.2432, -0.2362 0.1947 -0.296, -0.2362 0.1212 -0.333, -0.2362 0.0411 -0.3519, -0.2362 -0.0411 -0.3519, -0.2362 -0.1212 -0.333, -0.2362 -0.1947 -0.296, -0.2362 -0.2577 -0.2432, -0.2362 -0.3069 -0.1772, -0.2362 -0.3394 -0.1016, -0.2362 -0.3537 -0.0206, -0.2362 -0.3489 0.0615, -0.2362 -0.3254 0.1403, -0.2362 -0.2842 0.2116, -0.2362 -0.2278 0.2714, -0.2362 -0.159 0.3166, -0.2362 -0.0817 0.3448, -0.2362 -0.0 0.3543, -0.2362 -0.0801 -0.3249, -0.2362 0.0 -0.3346, -0.2362 0.0801 -0.3249, -0.2362 0.1555 -0.2963, -0.2362 0.2219 -0.2505, -0.2362 0.2754 -0.1901, -0.2362 0.3129 -0.1187, -0.2362 0.3322 -0.0403, -0.2362 0.3322 0.0403, -0.2362 0.3129 0.1187, -0.2362 0.2754 0.1901, -0.2362 0.2219 0.2505, -0.2362 0.1555 0.2963, -0.2362 0.0801 0.3249, -0.2362 0.0 0.3346, -0.2362 -0.0801 0.3249, -0.2362 -0.1555 0.2963, -0.2362 -0.2219 0.2505, -0.2362 -0.2754 0.1901, -0.2362 -0.3129 0.1187, -0.2362 -0.3322 0.0403, -0.2362 -0.3322 -0.0403, -0.2362 -0.3129 -0.1187, -0.2362 -0.2754 -0.1901, -0.2362 -0.2219 -0.2505, -0.2362 -0.1555 -0.2963, -0.2362 -0.1555 -0.2963
            ]
        }
        coordIndex [
            0,1,2,-1,2,1,3,-1,2,3,4,-1,4,3,5,-1,4,5,6,-1,6,5,7,-1,6,7,8,-1,8,7,9,-1,8,9,10,-1,10,9,11,-1,10,11,12,-1,12,11,13,-1,12,13,14,-1,14,13,15,-1,14,15,16,-1,16,15,17,-1,16,17,18,-1,18,17,19,-1,18,19,20,-1,20,19,21,-1,20,21,22,-1,22,21,23,-1,22,23,24,-1,24,23,25,-1,24,25,26,-1,26,25,27,-1,26,27,28,-1,28,27,29,-1,28,29,30,-1,30,29,31,-1,30,31,32,-1,32,31,33,-1,32,33,34,-1,34,33,35,-1,34,35,36,-1,36,35,37,-1,36,37,38,-1,38,37,39,-1,38,39,40,-1,40,39,41,-1,40,41,42,-1,42,41,43,-1,42,43,44,-1,44,43,45,-1,44,45,46,-1,46,45,47,-1,46,47,48,-1,48,47,49,-1,48,49,50,-1,50,49,51,-1,50,51,52,-1,52,51,53,-1,52,53,0,-1,0,53,1,-1,49,54,51,-1,51,54,55,-1,51,55,53,-1,53,55,56,-1,53,56,1,-1,1,56,57,-1,1,57,3,-1,3,57,58,-1,3,58,5,-1,5,58,59,-1,5,59,7,-1,7,59,60,-1,7,60,9,-1,9,60,61,-1,9,61,11,-1,11,61,62,-1,11,62,13,-1,13,62,63,-1,13,63,15,-1,15,63,64,-1,15,64,17,-1,17,64,65,-1,17,65,19,-1,19,65,66,-1,19,66,21,-1,21,66,67,-1,21,67,23,-1,23,67,68,-1,23,68,25,-1,25,68,69,-1,25,69,27,-1,27,69,70,-1,27,70,29,-1,29,70,71,-1,29,71,31,-1,31,71,72,-1,31,72,33,-1,33,72,73,-1,33,73,35,-1,35,73,74,-1,35,74,37,-1,37,74,75,-1,37,75,39,-1,39,75,76,-1,39,76,41,-1,41,76,77,-1,41,77,43,-1,43,77,78,-1,43,78,45,-1,45,78,79,-1,45,79,47,-1,47,79,80,-1,47,80,49,-1,49,80,54,-1,69,68,81,-1,81,68,67,-1,81,67,82,-1,82,67,66,-1,82,66,83,-1,83,66,65,-1,83,65,84,-1,84,65,64,-1,84,64,85,-1,85,64,63,-1,85,63,86,-1,86,63,62,-1,86,62,87,-1,87,62,61,-1,87,61,88,-1,88,61,60,-1,88,60,89,-1,89,60,59,-1,89,59,90,-1,90,59,58,-1,90,58,91,-1,91,58,57,-1,91,57,92,-1,92,57,56,-1,92,56,93,-1,93,56,55,-1,93,55,94,-1,94,55,54,-1,94,54,95,-1,95,54,80,-1,95,80,96,-1,96,80,79,-1,96,79,97,-1,97,79,78,-1,97,78,98,-1,98,78,77,-1,98,77,99,-1,99,77,76,-1,99,76,100,-1,100,76,75,-1,100,75,101,-1,101,75,74,-1,101,74,102,-1,102,74,73,-1,102,73,103,-1,103,73,72,-1,103,72,104,-1,104,72,71,-1,104,71,105,-1,105,71,70,-1,105,70,106,-1,106,70,69,-1,106,69,81,-1,
        ]
    }
}
Shape{
    appearance Appearance {
        material  Material 	{
            diffuseColor 0.8509803921568627 0.8509803921568627 0.8509803921568627
            specularColor 0.4235294117647059 0.4235294117647059 0.4235294117647059
            ambientIntensity 0.2
            transparency 0
            shininess 0.5
        }
    }
    geometry IndexedFaceSet {
        ccw TRUE
        solid FALSE
        coord DEF co Coordinate {
            point [
                -1.3491 0.0394 -2.3228, -1.3413 0.0204 -2.3228, -1.4173 0.0 -2.3228, -1.3386 0.0 -2.3228, -1.3413 -0.0204 -2.3228, -1.3969 0.0761 -2.3228, -1.378 0.0682 -2.3228, -1.3616 0.0557 -2.3228, -1.4567 0.0682 -2.3228, -1.4377 0.0761 -2.3228, -1.4173 0.0787 -2.3228, -1.4934 0.0204 -2.3228, -1.4855 0.0394 -2.3228, -1.473 0.0557 -2.3228, -1.4855 -0.0394 -2.3228, -1.4934 -0.0204 -2.3228, -1.4961 0.0 -2.3228, -1.4377 -0.0761 -2.3228, -1.4567 -0.0682 -2.3228, -1.473 -0.0557 -2.3228, -1.378 -0.0682 -2.3228, -1.3969 -0.0761 -2.3228, -1.4173 -0.0787 -2.3228, -1.3491 -0.0394 -2.3228, -1.3616 -0.0557 -2.3228, -1.4934 0.0204 -0.1969, -1.4855 0.0394 -0.1969, -1.473 0.0557 -0.1969, -1.4567 0.0682 -0.1969, -1.4377 0.0761 -0.1969, -1.4173 0.0787 -0.1969, -1.3969 0.0761 -0.1969, -1.378 0.0682 -0.1969, -1.3616 0.0557 -0.1969, -1.3491 0.0394 -0.1969, -1.3413 0.0204 -0.1969, -1.3386 -0.0 -0.1969, -1.3413 -0.0204 -0.1969, -1.3491 -0.0394 -0.1969, -1.3616 -0.0557 -0.1969, -1.378 -0.0682 -0.1969, -1.3969 -0.0761 -0.1969, -1.4173 -0.0787 -0.1969, -1.4377 -0.0761 -0.1969, -1.4567 -0.0682 -0.1969, -1.473 -0.0557 -0.1969, -1.4855 -0.0394 -0.1969, -1.4934 -0.0204 -0.1969, -1.4961 0.0 -0.1969, -1.3368 0.0 -0.1763, -1.3394 -0.0204 -0.1759, -1.3472 -0.0394 -0.1745, -1.3595 -0.0557 -0.1723, -1.3756 -0.0682 -0.1695, -1.3943 -0.0761 -0.1662, -1.4143 -0.0787 -0.1627, -1.4344 -0.0761 -0.1591, -1.4531 -0.0682 -0.1558, -1.4692 -0.0557 -0.153, -1.4815 -0.0394 -0.1508, -1.4892 -0.0204 -0.1495, -1.4919 0.0 -0.149, -1.4892 0.0204 -0.1495, -1.4815 0.0394 -0.1508, -1.4692 0.0557 -0.153, -1.4531 0.0682 -0.1558, -1.4344 0.0761 -0.1591, -1.4143 0.0787 -0.1627, -1.3943 0.0761 -0.1662, -1.3756 0.0682 -0.1695, -1.3595 0.0557 -0.1723, -1.3472 0.0394 -0.1745, -1.3394 0.0204 -0.1759, -1.3315 0.0 -0.1565, -1.334 -0.0204 -0.1555, -1.3414 -0.0394 -0.1528, -1.3531 -0.0557 -0.1486, -1.3685 -0.0682 -0.143, -1.3863 -0.0761 -0.1365, -1.4055 -0.0787 -0.1295, -1.4246 -0.0761 -0.1226, -1.4424 -0.0682 -0.1161, -1.4578 -0.0557 -0.1105, -1.4695 -0.0394 -0.1062, -1.4769 -0.0204 -0.1035, -1.4794 0.0 -0.1026, -1.4769 0.0204 -0.1035, -1.4695 0.0394 -0.1062, -1.4578 0.0557 -0.1105, -1.4424 0.0682 -0.1161, -1.4246 0.0761 -0.1226, -1.4055 0.0787 -0.1295, -1.3863 0.0761 -0.1365, -1.3685 0.0682 -0.143, -1.3531 0.0557 -0.1486, -1.3414 0.0394 -0.1528, -1.334 0.0204 -0.1555, -1.3228 0.0 -0.1378, -1.3251 -0.0204 -0.1365, -1.3319 -0.0394 -0.1325, -1.3427 -0.0557 -0.1263, -1.3569 -0.0682 -0.1181, -1.3733 -0.0761 -0.1086, -1.3909 -0.0787 -0.0984, -1.4086 -0.0761 -0.0882, -1.425 -0.0682 -0.0787, -1.4392 -0.0557 -0.0706, -1.45 -0.0394 -0.0643, -1.4568 -0.0204 -0.0604, -1.4591 0.0 -0.0591, -1.4568 0.0204 -0.0604, -1.45 0.0394 -0.0643, -1.4392 0.0557 -0.0706, -1.425 0.0682 -0.0787, -1.4086 0.0761 -0.0882, -1.3909 0.0787 -0.0984, -1.3733 0.0761 -0.1086, -1.3569 0.0682 -0.1181, -1.3427 0.0557 -0.1263, -1.3319 0.0394 -0.1325, -1.3251 0.0204 -0.1365, -1.311 0.0 -0.1209, -1.313 -0.0204 -0.1192, -1.319 -0.0394 -0.1141, -1.3286 -0.0557 -0.1061, -1.3411 -0.0682 -0.0956, -1.3557 -0.0761 -0.0834, -1.3713 -0.0787 -0.0703, -1.3869 -0.0761 -0.0572, -1.4014 -0.0682 -0.045, -1.4139 -0.0557 -0.0345, -1.4235 -0.0394 -0.0265, -1.4295 -0.0204 -0.0214, -1.4316 0.0 -0.0197, -1.4295 0.0204 -0.0214, -1.4235 0.0394 -0.0265, -1.4139 0.0557 -0.0345, -1.4014 0.0682 -0.045, -1.3869 0.0761 -0.0572, -1.3713 0.0787 -0.0703, -1.3557 0.0761 -0.0834, -1.3411 0.0682 -0.0956, -1.3286 0.0557 -0.1061, -1.319 0.0394 -0.1141, -1.313 0.0204 -0.1192, -1.2964 0.0 -0.1064, -1.2981 -0.0204 -0.1043, -1.3032 -0.0394 -0.0983, -1.3112 -0.0557 -0.0887, -1.3217 -0.0682 -0.0762, -1.3339 -0.0761 -0.0617, -1.347 -0.0787 -0.0461, -1.3601 -0.0761 -0.0304, -1.3723 -0.0682 -0.0159, -1.3828 -0.0557 -0.0034, -1.3908 -0.0394 0.0062, -1.3959 -0.0204 0.0122, -1.3976 0.0 0.0143, -1.3959 0.0204 0.0122, -1.3908 0.0394 0.0062, -1.3828 0.0557 -0.0034, -1.3723 0.0682 -0.0159, -1.3601 0.0761 -0.0304, -1.347 0.0787 -0.0461, -1.3339 0.0761 -0.0617, -1.3217 0.0682 -0.0762, -1.3112 0.0557 -0.0887, -1.3032 0.0394 -0.0983, -1.2981 0.0204 -0.1043, -1.2795 0.0 -0.0946, -1.2809 -0.0204 -0.0922, -1.2848 -0.0394 -0.0854, -1.2911 -0.0557 -0.0746, -1.2992 -0.0682 -0.0605, -1.3087 -0.0761 -0.044, -1.3189 -0.0787 -0.0264, -1.3291 -0.0761 -0.0087, -1.3386 -0.0682 0.0077, -1.3467 -0.0557 0.0218, -1.353 -0.0394 0.0327, -1.3569 -0.0204 0.0395, -1.3583 0.0 0.0418, -1.3569 0.0204 0.0395, -1.353 0.0394 0.0327, -1.3467 0.0557 0.0218, -1.3386 0.0682 0.0077, -1.3291 0.0761 -0.0087, -1.3189 0.0787 -0.0264, -1.3087 0.0761 -0.044, -1.2992 0.0682 -0.0605, -1.2911 0.0557 -0.0746, -1.2848 0.0394 -0.0854, -1.2809 0.0204 -0.0922, -1.2609 0.0 -0.0859, -1.2618 -0.0204 -0.0833, -1.2645 -0.0394 -0.076, -1.2688 -0.0557 -0.0642, -1.2743 -0.0682 -0.0489, -1.2808 -0.0761 -0.031, -1.2878 -0.0787 -0.0119, -1.2948 -0.0761 0.0073, -1.3013 -0.0682 0.0251, -1.3068 -0.0557 0.0404, -1.3111 -0.0394 0.0522, -1.3138 -0.0204 0.0596, -1.3147 0.0 0.0621, -1.3138 0.0204 0.0596, -1.3111 0.0394 0.0522, -1.3068 0.0557 0.0404, -1.3013 0.0682 0.0251, -1.2948 0.0761 0.0073, -1.2878 0.0787 -0.0119, -1.2808 0.0761 -0.031, -1.2743 0.0682 -0.0489, -1.2688 0.0557 -0.0642, -1.2645 0.0394 -0.076, -1.2618 0.0204 -0.0833, -1.241 0.0 -0.0805, -1.2414 -0.0204 -0.0779, -1.2428 -0.0394 -0.0701, -1.245 -0.0557 -0.0578, -1.2478 -0.0682 -0.0418, -1.2511 -0.0761 -0.0231, -1.2547 -0.0787 -0.003, -1.2582 -0.0761 0.0171, -1.2615 -0.0682 0.0358, -1.2643 -0.0557 0.0518, -1.2665 -0.0394 0.0642, -1.2679 -0.0204 0.0719, -1.2683 0.0 0.0746, -1.2679 0.0204 0.0719, -1.2665 0.0394 0.0642, -1.2643 0.0557 0.0518, -1.2615 0.0682 0.0358, -1.2582 0.0761 0.0171, -1.2547 0.0787 -0.003, -1.2511 0.0761 -0.0231, -1.2478 0.0682 -0.0418, -1.245 0.0557 -0.0578, -1.2428 0.0394 -0.0701, -1.2414 0.0204 -0.0779, -1.2205 0.0 -0.0787, -1.2205 -0.0204 -0.0761, -1.2205 -0.0394 -0.0682, -1.2205 -0.0557 -0.0557, -1.2205 -0.0682 -0.0394, -1.2205 -0.0761 -0.0204, -1.2205 -0.0787 -0.0, -1.2205 -0.0761 0.0204, -1.2205 -0.0682 0.0394, -1.2205 -0.0557 0.0557, -1.2205 -0.0394 0.0682, -1.2205 -0.0204 0.0761, -1.2205 0.0 0.0787, -1.2205 0.0204 0.0761, -1.2205 0.0394 0.0682, -1.2205 0.0557 0.0557, -1.2205 0.0682 0.0394, -1.2205 0.0761 0.0204, -1.2205 0.0787 -0.0, -1.2205 0.0761 -0.0204, -1.2205 0.0682 -0.0394, -1.2205 0.0557 -0.0557, -1.2205 0.0394 -0.0682, -1.2205 0.0204 -0.0761, -0.6299 0.0204 0.0761, -0.6299 0.0394 0.0682, -0.6299 0.0557 0.0557, -0.6299 0.0682 0.0394, -0.6299 0.0761 0.0204, -0.6299 0.0787 0.0, -0.6299 0.0761 -0.0204, -0.6299 0.0682 -0.0394, -0.6299 0.0557 -0.0557, -0.6299 0.0394 -0.0682, -0.6299 0.0204 -0.0761, -0.6299 0.0 -0.0787, -0.6299 -0.0204 -0.0761, -0.6299 -0.0394 -0.0682, -0.6299 -0.0557 -0.0557, -0.6299 -0.0682 -0.0394, -0.6299 -0.0761 -0.0204, -0.6299 -0.0787 -0.0, -0.6299 -0.0761 0.0204, -0.6299 -0.0682 0.0394, -0.6299 -0.0557 0.0557, -0.6299 -0.0394 0.0682, -0.6299 -0.0204 0.0761, -0.6299 0.0 0.0787, -0.6299 0.0 0.0787
            ]
        }
        coordIndex [
            0,1,2,-1,2,1,3,-1,2,3,4,-1,5,6,2,-1,2,6,7,-1,2,7,0,-1,8,9,2,-1,2,9,10,-1,2,10,5,-1,11,12,2,-1,2,12,13,-1,2,13,8,-1,14,15,2,-1,2,15,16,-1,2,16,11,-1,17,18,2,-1,2,18,19,-1,2,19,14,-1,20,21,2,-1,2,21,22,-1,2,22,17,-1,4,23,2,-1,2,23,24,-1,2,24,20,-1,16,25,11,-1,11,25,26,-1,11,26,12,-1,12,26,27,-1,12,27,13,-1,13,27,28,-1,13,28,8,-1,8,28,29,-1,8,29,9,-1,9,29,30,-1,9,30,10,-1,10,30,31,-1,10,31,5,-1,5,31,32,-1,5,32,6,-1,6,32,33,-1,6,33,7,-1,7,33,34,-1,7,34,0,-1,0,34,35,-1,0,35,1,-1,1,35,36,-1,1,36,3,-1,3,36,37,-1,3,37,4,-1,4,37,38,-1,4,38,23,-1,23,38,39,-1,23,39,24,-1,24,39,40,-1,24,40,20,-1,20,40,41,-1,20,41,21,-1,21,41,42,-1,21,42,22,-1,22,42,43,-1,22,43,17,-1,17,43,44,-1,17,44,18,-1,18,44,45,-1,18,45,19,-1,19,45,46,-1,19,46,14,-1,14,46,47,-1,14,47,15,-1,15,47,48,-1,15,48,16,-1,16,48,25,-1,36,49,37,-1,37,49,50,-1,37,50,38,-1,38,50,51,-1,38,51,39,-1,39,51,52,-1,39,52,40,-1,40,52,53,-1,40,53,41,-1,41,53,54,-1,41,54,42,-1,42,54,55,-1,42,55,43,-1,43,55,56,-1,43,56,44,-1,44,56,57,-1,44,57,45,-1,45,57,58,-1,45,58,46,-1,46,58,59,-1,46,59,47,-1,47,59,60,-1,47,60,48,-1,48,60,61,-1,48,61,25,-1,25,61,62,-1,25,62,26,-1,26,62,63,-1,26,63,27,-1,27,63,64,-1,27,64,28,-1,28,64,65,-1,28,65,29,-1,29,65,66,-1,29,66,30,-1,30,66,67,-1,30,67,31,-1,31,67,68,-1,31,68,32,-1,32,68,69,-1,32,69,33,-1,33,69,70,-1,33,70,34,-1,34,70,71,-1,34,71,35,-1,35,71,72,-1,35,72,36,-1,36,72,49,-1,49,73,50,-1,50,73,74,-1,50,74,51,-1,51,74,75,-1,51,75,52,-1,52,75,76,-1,52,76,53,-1,53,76,77,-1,53,77,54,-1,54,77,78,-1,54,78,55,-1,55,78,79,-1,55,79,56,-1,56,79,80,-1,56,80,57,-1,57,80,81,-1,57,81,58,-1,58,81,82,-1,58,82,59,-1,59,82,83,-1,59,83,60,-1,60,83,84,-1,60,84,61,-1,61,84,85,-1,61,85,62,-1,62,85,86,-1,62,86,63,-1,63,86,87,-1,63,87,64,-1,64,87,88,-1,64,88,65,-1,65,88,89,-1,65,89,66,-1,66,89,90,-1,66,90,67,-1,67,90,91,-1,67,91,68,-1,68,91,92,-1,68,92,69,-1,69,92,93,-1,69,93,70,-1,70,93,94,-1,70,94,71,-1,71,94,95,-1,71,95,72,-1,72,95,96,-1,72,96,49,-1,49,96,73,-1,73,97,74,-1,74,97,98,-1,74,98,75,-1,75,98,99,-1,75,99,76,-1,76,99,100,-1,76,100,77,-1,77,100,101,-1,77,101,78,-1,78,101,102,-1,78,102,79,-1,79,102,103,-1,79,103,80,-1,80,103,104,-1,80,104,81,-1,81,104,105,-1,81,105,82,-1,82,105,106,-1,82,106,83,-1,83,106,107,-1,83,107,84,-1,84,107,108,-1,84,108,85,-1,85,108,109,-1,85,109,86,-1,86,109,110,-1,86,110,87,-1,87,110,111,-1,87,111,88,-1,88,111,112,-1,88,112,89,-1,89,112,113,-1,89,113,90,-1,90,113,114,-1,90,114,91,-1,91,114,115,-1,91,115,92,-1,92,115,116,-1,92,116,93,-1,93,116,117,-1,93,117,94,-1,94,117,118,-1,94,118,95,-1,95,118,119,-1,95,119,96,-1,96,119,120,-1,96,120,73,-1,73,120,97,-1,97,121,98,-1,98,121,122,-1,98,122,99,-1,99,122,123,-1,99,123,100,-1,100,123,124,-1,100,124,101,-1,101,124,125,-1,101,125,102,-1,102,125,126,-1,102,126,103,-1,103,126,127,-1,103,127,104,-1,104,127,128,-1,104,128,105,-1,105,128,129,-1,105,129,106,-1,106,129,130,-1,106,130,107,-1,107,130,131,-1,107,131,108,-1,108,131,132,-1,108,132,109,-1,109,132,133,-1,109,133,110,-1,110,133,134,-1,110,134,111,-1,111,134,135,-1,111,135,112,-1,112,135,136,-1,112,136,113,-1,113,136,137,-1,113,137,114,-1,114,137,138,-1,114,138,115,-1,115,138,139,-1,115,139,116,-1,116,139,140,-1,116,140,117,-1,117,140,141,-1,117,141,118,-1,118,141,142,-1,118,142,119,-1,119,142,143,-1,119,143,120,-1,120,143,144,-1,120,144,97,-1,97,144,121,-1,121,145,122,-1,122,145,146,-1,122,146,123,-1,123,146,147,-1,123,147,124,-1,124,147,148,-1,124,148,125,-1,125,148,149,-1,125,149,126,-1,126,149,150,-1,126,150,127,-1,127,150,151,-1,127,151,128,-1,128,151,152,-1,128,152,129,-1,129,152,153,-1,129,153,130,-1,130,153,154,-1,130,154,131,-1,131,154,155,-1,131,155,132,-1,132,155,156,-1,132,156,133,-1,133,156,157,-1,133,157,134,-1,134,157,158,-1,134,158,135,-1,135,158,159,-1,135,159,136,-1,136,159,160,-1,136,160,137,-1,137,160,161,-1,137,161,138,-1,138,161,162,-1,138,162,139,-1,139,162,163,-1,139,163,140,-1,140,163,164,-1,140,164,141,-1,141,164,165,-1,141,165,142,-1,142,165,166,-1,142,166,143,-1,143,166,167,-1,143,167,144,-1,144,167,168,-1,144,168,121,-1,121,168,145,-1,145,169,146,-1,146,169,170,-1,146,170,147,-1,147,170,171,-1,147,171,148,-1,148,171,172,-1,148,172,149,-1,149,172,173,-1,149,173,150,-1,150,173,174,-1,150,174,151,-1,151,174,175,-1,151,175,152,-1,152,175,176,-1,152,176,153,-1,153,176,177,-1,153,177,154,-1,154,177,178,-1,154,178,155,-1,155,178,179,-1,155,179,156,-1,156,179,180,-1,156,180,157,-1,157,180,181,-1,157,181,158,-1,158,181,182,-1,158,182,159,-1,159,182,183,-1,159,183,160,-1,160,183,184,-1,160,184,161,-1,161,184,185,-1,161,185,162,-1,162,185,186,-1,162,186,163,-1,163,186,187,-1,163,187,164,-1,164,187,188,-1,164,188,165,-1,165,188,189,-1,165,189,166,-1,166,189,190,-1,166,190,167,-1,167,190,191,-1,167,191,168,-1,168,191,192,-1,168,192,145,-1,145,192,169,-1,169,193,170,-1,170,193,194,-1,170,194,171,-1,171,194,195,-1,171,195,172,-1,172,195,196,-1,172,196,173,-1,173,196,197,-1,173,197,174,-1,174,197,198,-1,174,198,175,-1,175,198,199,-1,175,199,176,-1,176,199,200,-1,176,200,177,-1,177,200,201,-1,177,201,178,-1,178,201,202,-1,178,202,179,-1,179,202,203,-1,179,203,180,-1,180,203,204,-1,180,204,181,-1,181,204,205,-1,181,205,182,-1,182,205,206,-1,182,206,183,-1,183,206,207,-1,183,207,184,-1,184,207,208,-1,184,208,185,-1,185,208,209,-1,185,209,186,-1,186,209,210,-1,186,210,187,-1,187,210,211,-1,187,211,188,-1,188,211,212,-1,188,212,189,-1,189,212,213,-1,189,213,190,-1,190,213,214,-1,190,214,191,-1,191,214,215,-1,191,215,192,-1,192,215,216,-1,192,216,169,-1,169,216,193,-1,193,217,194,-1,194,217,218,-1,194,218,195,-1,195,218,219,-1,195,219,196,-1,196,219,220,-1,196,220,197,-1,197,220,221,-1,197,221,198,-1,198,221,222,-1,198,222,199,-1,199,222,223,-1,199,223,200,-1,200,223,224,-1,200,224,201,-1,201,224,225,-1,201,225,202,-1,202,225,226,-1,202,226,203,-1,203,226,227,-1,203,227,204,-1,204,227,228,-1,204,228,205,-1,205,228,229,-1,205,229,206,-1,206,229,230,-1,206,230,207,-1,207,230,231,-1,207,231,208,-1,208,231,232,-1,208,232,209,-1,209,232,233,-1,209,233,210,-1,210,233,234,-1,210,234,211,-1,211,234,235,-1,211,235,212,-1,212,235,236,-1,212,236,213,-1,213,236,237,-1,213,237,214,-1,214,237,238,-1,214,238,215,-1,215,238,239,-1,215,239,216,-1,216,239,240,-1,216,240,193,-1,193,240,217,-1,217,241,218,-1,218,241,242,-1,218,242,219,-1,219,242,243,-1,219,243,220,-1,220,243,244,-1,220,244,221,-1,221,244,245,-1,221,245,222,-1,222,245,246,-1,222,246,223,-1,223,246,247,-1,223,247,224,-1,224,247,248,-1,224,248,225,-1,225,248,249,-1,225,249,226,-1,226,249,250,-1,226,250,227,-1,227,250,251,-1,227,251,228,-1,228,251,252,-1,228,252,229,-1,229,252,253,-1,229,253,230,-1,230,253,254,-1,230,254,231,-1,231,254,255,-1,231,255,232,-1,232,255,256,-1,232,256,233,-1,233,256,257,-1,233,257,234,-1,234,257,258,-1,234,258,235,-1,235,258,259,-1,235,259,236,-1,236,259,260,-1,236,260,237,-1,237,260,261,-1,237,261,238,-1,238,261,262,-1,238,262,239,-1,239,262,263,-1,239,263,240,-1,240,263,264,-1,240,264,217,-1,217,264,241,-1,253,265,254,-1,254,265,266,-1,254,266,255,-1,255,266,267,-1,255,267,256,-1,256,267,268,-1,256,268,257,-1,257,268,269,-1,257,269,258,-1,258,269,270,-1,258,270,259,-1,259,270,271,-1,259,271,260,-1,260,271,272,-1,260,272,261,-1,261,272,273,-1,261,273,262,-1,262,273,274,-1,262,274,263,-1,263,274,275,-1,263,275,264,-1,264,275,276,-1,264,276,241,-1,241,276,277,-1,241,277,242,-1,242,277,278,-1,242,278,243,-1,243,278,279,-1,243,279,244,-1,244,279,280,-1,244,280,245,-1,245,280,281,-1,245,281,246,-1,246,281,282,-1,246,282,247,-1,247,282,283,-1,247,283,248,-1,248,283,284,-1,248,284,249,-1,249,284,285,-1,249,285,250,-1,250,285,286,-1,250,286,251,-1,251,286,287,-1,251,287,252,-1,252,287,288,-1,252,288,253,-1,253,288,265,-1,
        ]
    }
}
Shape{
    appearance Appearance {
        material  Material 	{
            diffuseColor 0.37254901960784315 0.9490196078431372 1.0
            specularColor 0.18823529411764706 0.4745098039215686 0.5019607843137255
            ambientIntensity 0.2
            transparency 0
            shininess 0.5
        }
    }
    geometry IndexedFaceSet {
        ccw TRUE
        solid FALSE
        coord DEF co Coordinate {
            point [
                -0.6299 0.0 0.0787, -0.6299 -0.0204 0.0761, -0.6299 -0.0454 0.2718, -0.6299 -0.0557 0.0557, -0.6299 -0.1693 0.2175, -0.6299 -0.0394 0.0682, -0.6299 -0.1312 0.2424, -0.6299 -0.0895 0.2607, -0.6299 -0.0761 0.0204, -0.6299 -0.2524 0.1107, -0.6299 -0.0682 0.0394, -0.6299 -0.2307 0.1507, -0.6299 -0.2028 0.1867, -0.6299 -0.0761 -0.0204, -0.6299 -0.2746 -0.0228, -0.6299 -0.0787 -0.0, -0.6299 -0.2746 0.0228, -0.6299 -0.2672 0.0677, -0.6299 0.0 0.2756, -0.6299 0.0454 0.2718, -0.6299 0.0204 0.0761, -0.6299 0.0895 0.2607, -0.6299 0.0394 0.0682, -0.6299 -0.0394 -0.0682, -0.6299 -0.1693 -0.2175, -0.6299 -0.0557 -0.0557, -0.6299 -0.2028 -0.1867, -0.6299 -0.0682 -0.0394, -0.6299 -0.2307 -0.1507, -0.6299 -0.2524 -0.1107, -0.6299 -0.2672 -0.0677, -0.6299 0.0 -0.0787, -0.6299 -0.0454 -0.2718, -0.6299 -0.0204 -0.0761, -0.6299 -0.0895 -0.2607, -0.6299 -0.1312 -0.2424, -0.6299 0.0557 -0.0557, -0.6299 0.1693 -0.2175, -0.6299 0.0394 -0.0682, -0.6299 0.1312 -0.2424, -0.6299 0.0204 -0.0761, -0.6299 0.0761 -0.0204, -0.6299 0.2524 -0.1107, -0.6299 0.0682 -0.0394, -0.6299 0.2307 -0.1507, -0.6299 0.2028 -0.1867, -0.6299 0.1312 0.2424, -0.6299 0.1693 0.2175, -0.6299 0.0557 0.0557, -0.6299 0.2028 0.1867, -0.6299 0.0682 0.0394, -0.6299 0.0895 -0.2607, -0.6299 0.0454 -0.2718, -0.6299 0.0 -0.2756, -0.6299 0.0787 0.0, -0.6299 0.2746 -0.0228, -0.6299 0.2672 -0.0677, -0.6299 0.2307 0.1507, -0.6299 0.2524 0.1107, -0.6299 0.0761 0.0204, -0.6299 0.2672 0.0677, -0.6299 0.2746 0.0228, -0.5512 0.0814 0.3436, -0.5512 0.1151 0.3351, -0.5716 0.1142 0.3326, -0.5512 0.1587 0.316, -0.5512 0.1686 0.3116, -0.5716 0.1674 0.3093, -0.5512 0.2272 0.2708, -0.5512 0.2607 0.24, -0.5716 0.2587 0.2382, -0.5512 0.3252 0.1403, -0.5512 0.3435 0.087, -0.5716 0.3409 0.0863, -0.5512 0.3478 0.0613, -0.5512 0.3531 0.0293, -0.5716 0.3504 0.029, -0.5512 0.3531 -0.0206, -0.5512 0.3531 -0.0293, -0.5716 0.3504 -0.029, -0.5512 0.3386 -0.1013, -0.5512 0.3245 -0.1423, -0.5716 0.322 -0.1413, -0.5512 0.2575 -0.2429, -0.5512 0.2176 -0.2796, -0.5716 0.216 -0.2775, -0.5512 0.194 -0.295, -0.5512 0.1686 -0.3116, -0.5716 0.1674 -0.3093, -0.5512 0.121 -0.3325, -0.5512 0.1151 -0.3351, -0.5716 0.1142 -0.3326, -0.5512 0.0411 -0.3509, -0.5512 -0.0 -0.3543, -0.5716 -0.0 -0.3516, -0.5512 -0.121 -0.3325, -0.5512 -0.1686 -0.3116, -0.5716 -0.1674 -0.3093, -0.5512 -0.2575 -0.2429, -0.5512 -0.2607 -0.24, -0.5716 -0.2587 -0.2382, -0.5512 -0.3059 -0.1767, -0.5512 -0.3245 -0.1423, -0.5716 -0.322 -0.1413, -0.5512 -0.3531 -0.0206, -0.5512 -0.3531 0.0293, -0.5716 -0.3504 0.029, -0.5512 -0.3252 0.1403, -0.5512 -0.3245 0.1423, -0.5716 -0.322 0.1413, -0.5512 -0.2833 0.2109, -0.5512 -0.2607 0.24, -0.5716 -0.2587 0.2382, -0.5512 -0.1587 0.316, -0.5512 -0.1151 0.3351, -0.5716 -0.1142 0.3326, -0.6272 -0.0487 0.2919, -0.6272 -0.0961 0.2799, -0.6194 -0.0518 0.3107, -0.6194 -0.1023 0.2979, -0.6069 -0.0545 0.3268, -0.6069 -0.1076 0.3133, -0.5906 -0.0566 0.3391, -0.5906 -0.1116 0.3252, -0.5716 -0.0579 0.3469, -0.6272 -0.1818 0.2336, -0.6272 -0.2178 0.2005, -0.6194 -0.1935 0.2485, -0.6194 -0.2317 0.2133, -0.6069 -0.2035 0.2614, -0.6069 -0.2437 0.2244, -0.5906 -0.2112 0.2713, -0.5906 -0.2529 0.2328, -0.5716 -0.216 0.2775, -0.6272 -0.2869 0.0727, -0.6272 -0.295 0.0244, -0.6194 -0.3053 0.0773, -0.6194 -0.3139 0.026, -0.6069 -0.3211 0.0813, -0.6069 -0.3301 0.0274, -0.5906 -0.3333 0.0844, -0.5906 -0.3426 0.0284, -0.5716 -0.3409 0.0863, -0.6272 -0.2869 -0.0727, -0.6272 -0.271 -0.1189, -0.6194 -0.3053 -0.0773, -0.6194 -0.2884 -0.1265, -0.6069 -0.3211 -0.0813, -0.6069 -0.3034 -0.1331, -0.5906 -0.3333 -0.0844, -0.5906 -0.3148 -0.1381, -0.5716 -0.3409 -0.0863, -0.6272 -0.1818 -0.2336, -0.6272 -0.1409 -0.2603, -0.6194 -0.1935 -0.2485, -0.6194 -0.1499 -0.277, -0.6069 -0.2035 -0.2614, -0.6069 -0.1577 -0.2913, -0.5906 -0.2112 -0.2713, -0.5906 -0.1636 -0.3023, -0.5716 -0.216 -0.2775, -0.6272 -0.0487 -0.2919, -0.6272 -0.0 -0.296, -0.6194 -0.0518 -0.3107, -0.6194 -0.0 -0.315, -0.6069 -0.0545 -0.3268, -0.6069 -0.0 -0.3313, -0.5906 -0.0566 -0.3391, -0.5906 -0.0 -0.3438, -0.5716 -0.0579 -0.3469, -0.6272 0.2478 -0.1619, -0.6272 0.271 -0.1189, -0.6194 0.2637 -0.1723, -0.6194 0.2884 -0.1265, -0.6069 0.2773 -0.1812, -0.6069 0.3034 -0.1331, -0.5906 0.2878 -0.188, -0.5906 0.3148 -0.1381, -0.5716 0.2944 -0.1923, -0.6272 0.2478 0.1619, -0.6272 0.2178 0.2005, -0.6194 0.2637 0.1723, -0.6194 0.2317 0.2133, -0.6069 0.2773 0.1812, -0.6069 0.2437 0.2244, -0.5906 0.2878 0.188, -0.5906 0.2529 0.2328, -0.5716 0.2944 0.1923, -0.6272 0.0 0.296, -0.6194 0.0 0.315, -0.6069 0.0 0.3313, -0.5906 0.0 0.3438, -0.5716 0.0 0.3516, -0.5512 -0.0 0.3543, -0.5512 -0.0583 0.3495, -0.5512 -0.0814 0.3436, -0.5512 -0.1686 0.3116, -0.5716 -0.1674 0.3093, -0.5906 -0.1636 0.3023, -0.6069 -0.1577 0.2913, -0.6194 -0.1499 0.277, -0.6272 -0.1409 0.2603, -0.5512 -0.2176 0.2796, -0.5512 -0.2272 0.2708, -0.5512 -0.2966 0.1938, -0.5716 -0.2944 0.1923, -0.5906 -0.2878 0.188, -0.6069 -0.2773 0.1812, -0.6194 -0.2637 0.1723, -0.6272 -0.2478 0.1619, -0.6272 -0.271 0.1189, -0.6194 -0.2884 0.1265, -0.6069 -0.3034 0.1331, -0.5906 -0.3148 0.1381, -0.5512 -0.3435 0.087, -0.5512 -0.3478 0.0613, -0.5512 -0.3531 -0.0293, -0.5716 -0.3504 -0.029, -0.5906 -0.3426 -0.0284, -0.6069 -0.3301 -0.0274, -0.6194 -0.3139 -0.026, -0.6272 -0.295 -0.0244, -0.5512 -0.3435 -0.087, -0.5512 -0.3386 -0.1013, -0.5512 -0.2966 -0.1938, -0.5716 -0.2944 -0.1923, -0.5906 -0.2878 -0.188, -0.6069 -0.2773 -0.1812, -0.6194 -0.2637 -0.1723, -0.6272 -0.2478 -0.1619, -0.6272 -0.2178 -0.2005, -0.6194 -0.2317 -0.2133, -0.6069 -0.2437 -0.2244, -0.5906 -0.2529 -0.2328, -0.5512 -0.2176 -0.2796, -0.5512 -0.194 -0.295, -0.5512 -0.1151 -0.3351, -0.5716 -0.1142 -0.3326, -0.5906 -0.1116 -0.3252, -0.6069 -0.1076 -0.3133, -0.6194 -0.1023 -0.2979, -0.6272 -0.0961 -0.2799, -0.5512 -0.0583 -0.3495, -0.5512 -0.0411 -0.3509, -0.5512 0.0583 -0.3495, -0.5716 0.0579 -0.3469, -0.5906 0.0566 -0.3391, -0.6069 0.0545 -0.3268, -0.6194 0.0518 -0.3107, -0.6272 0.0487 -0.2919, -0.6272 0.0961 -0.2799, -0.6194 0.1023 -0.2979, -0.6069 0.1076 -0.3133, -0.5906 0.1116 -0.3252, -0.5906 0.1636 -0.3023, -0.6069 0.1577 -0.2913, -0.6194 0.1499 -0.277, -0.6272 0.1409 -0.2603, -0.5906 0.2112 -0.2713, -0.6069 0.2035 -0.2614, -0.6194 0.1935 -0.2485, -0.6272 0.1818 -0.2336, -0.5512 0.2607 -0.24, -0.5716 0.2587 -0.2382, -0.5906 0.2529 -0.2328, -0.6069 0.2437 -0.2244, -0.6194 0.2317 -0.2133, -0.6272 0.2178 -0.2005, -0.5512 0.2966 -0.1938, -0.5512 0.3059 -0.1767, -0.5512 0.3435 -0.087, -0.5716 0.3409 -0.0863, -0.5906 0.3333 -0.0844, -0.6069 0.3211 -0.0813, -0.6194 0.3053 -0.0773, -0.6272 0.2869 -0.0727, -0.6272 0.295 -0.0244, -0.6194 0.3139 -0.026, -0.6069 0.3301 -0.0274, -0.5906 0.3426 -0.0284, -0.5906 0.3426 0.0284, -0.6069 0.3301 0.0274, -0.6194 0.3139 0.026, -0.6272 0.295 0.0244, -0.5906 0.3333 0.0844, -0.6069 0.3211 0.0813, -0.6194 0.3053 0.0773, -0.6272 0.2869 0.0727, -0.5512 0.3245 0.1423, -0.5716 0.322 0.1413, -0.5906 0.3148 0.1381, -0.6069 0.3034 0.1331, -0.6194 0.2884 0.1265, -0.6272 0.271 0.1189, -0.5512 0.2966 0.1938, -0.5512 0.2833 0.2109, -0.5512 0.2176 0.2796, -0.5716 0.216 0.2775, -0.5906 0.2112 0.2713, -0.6069 0.2035 0.2614, -0.6194 0.1935 0.2485, -0.6272 0.1818 0.2336, -0.6272 0.1409 0.2603, -0.6194 0.1499 0.277, -0.6069 0.1577 0.2913, -0.5906 0.1636 0.3023, -0.5906 0.1116 0.3252, -0.6069 0.1076 0.3133, -0.6194 0.1023 0.2979, -0.6272 0.0961 0.2799, -0.5512 0.0583 0.3495, -0.5716 0.0579 0.3469, -0.5906 0.0566 0.3391, -0.6069 0.0545 0.3268, -0.6194 0.0518 0.3107, -0.6272 0.0487 0.2919, -0.315 -0.0817 0.3448, -0.315 0.0 0.3543, -0.315 -0.159 0.3166, -0.315 -0.2278 0.2714, -0.315 -0.2842 0.2116, -0.315 -0.3254 0.1403, -0.315 -0.3489 0.0615, -0.315 -0.3537 -0.0206, -0.315 -0.3394 -0.1016, -0.315 -0.3069 -0.1772, -0.315 -0.2577 -0.2432, -0.315 -0.1947 -0.296, -0.315 -0.1212 -0.333, -0.315 -0.0411 -0.3519, -0.315 0.0411 -0.3519, -0.315 0.1212 -0.333, -0.315 0.1947 -0.296, -0.315 0.2577 -0.2432, -0.315 0.3069 -0.1772, -0.315 0.3394 -0.1016, -0.315 0.3537 -0.0206, -0.315 0.3489 0.0615, -0.315 0.3254 0.1403, -0.315 0.2842 0.2116, -0.315 0.2278 0.2714, -0.315 0.159 0.3166, -0.315 0.0817 0.3448, -0.2953 0.0772 0.3256, -0.2953 0.1502 0.2991, -0.2953 0.2151 0.2564, -0.2953 0.2684 0.1998, -0.2953 0.3073 0.1325, -0.2953 0.3296 0.0581, -0.2953 0.3341 -0.0195, -0.2953 0.3206 -0.096, -0.2953 0.2898 -0.1673, -0.2953 0.2434 -0.2296, -0.2953 0.1839 -0.2796, -0.2953 0.1145 -0.3145, -0.2953 0.0389 -0.3324, -0.2953 -0.0389 -0.3324, -0.2953 -0.1145 -0.3145, -0.2953 -0.1839 -0.2796, -0.2953 -0.2434 -0.2296, -0.2953 -0.2898 -0.1673, -0.2953 -0.3206 -0.096, -0.2953 -0.3341 -0.0195, -0.2953 -0.3296 0.0581, -0.2953 -0.3073 0.1325, -0.2953 -0.2684 0.1998, -0.2953 -0.2151 0.2564, -0.2953 -0.1502 0.2991, -0.2953 -0.0772 0.3256, -0.2953 -0.0 0.3346, -0.2953 -0.0 0.3346
            ]
        }
        coordIndex [
            0,1,2,-1,3,4,5,-1,5,4,6,-1,5,6,1,-1,1,6,7,-1,1,7,2,-1,8,9,10,-1,10,9,11,-1,10,11,3,-1,3,11,12,-1,3,12,4,-1,13,14,15,-1,15,14,16,-1,15,16,8,-1,8,16,17,-1,8,17,9,-1,2,18,0,-1,0,18,19,-1,0,19,20,-1,20,19,21,-1,20,21,22,-1,23,24,25,-1,25,24,26,-1,25,26,27,-1,26,28,27,-1,27,28,29,-1,27,29,13,-1,13,29,30,-1,13,30,14,-1,31,32,33,-1,33,32,34,-1,33,34,23,-1,23,34,35,-1,23,35,24,-1,36,37,38,-1,38,37,39,-1,38,39,40,-1,41,42,43,-1,43,42,44,-1,43,44,36,-1,36,44,45,-1,36,45,37,-1,21,46,22,-1,22,46,47,-1,22,47,48,-1,48,47,49,-1,48,49,50,-1,39,51,40,-1,40,51,52,-1,40,52,31,-1,31,52,53,-1,31,53,32,-1,54,55,41,-1,41,55,56,-1,41,56,42,-1,49,57,50,-1,50,57,58,-1,50,58,59,-1,59,58,60,-1,59,60,54,-1,54,60,61,-1,54,61,55,-1,62,63,64,-1,65,66,67,-1,68,69,70,-1,71,72,73,-1,74,75,76,-1,77,78,79,-1,80,81,82,-1,83,84,85,-1,86,87,88,-1,89,90,91,-1,92,93,94,-1,95,96,97,-1,98,99,100,-1,101,102,103,-1,104,105,106,-1,107,108,109,-1,110,111,112,-1,113,114,115,-1,2,7,116,-1,116,7,117,-1,116,117,118,-1,118,117,119,-1,118,119,120,-1,120,119,121,-1,120,121,122,-1,122,121,123,-1,122,123,124,-1,124,123,115,-1,4,12,125,-1,125,12,126,-1,125,126,127,-1,127,126,128,-1,127,128,129,-1,129,128,130,-1,129,130,131,-1,131,130,132,-1,131,132,133,-1,133,132,112,-1,17,16,134,-1,134,16,135,-1,134,135,136,-1,136,135,137,-1,136,137,138,-1,138,137,139,-1,138,139,140,-1,140,139,141,-1,140,141,142,-1,142,141,106,-1,30,29,143,-1,143,29,144,-1,143,144,145,-1,145,144,146,-1,145,146,147,-1,147,146,148,-1,147,148,149,-1,149,148,150,-1,149,150,151,-1,151,150,103,-1,24,35,152,-1,152,35,153,-1,152,153,154,-1,154,153,155,-1,154,155,156,-1,156,155,157,-1,156,157,158,-1,158,157,159,-1,158,159,160,-1,160,159,97,-1,32,53,161,-1,161,53,162,-1,161,162,163,-1,163,162,164,-1,163,164,165,-1,165,164,166,-1,165,166,167,-1,167,166,168,-1,167,168,169,-1,169,168,94,-1,44,42,170,-1,170,42,171,-1,170,171,172,-1,172,171,173,-1,172,173,174,-1,174,173,175,-1,174,175,176,-1,176,175,177,-1,176,177,178,-1,178,177,82,-1,57,49,179,-1,179,49,180,-1,179,180,181,-1,181,180,182,-1,181,182,183,-1,183,182,184,-1,183,184,185,-1,185,184,186,-1,185,186,187,-1,187,186,70,-1,18,2,188,-1,188,2,116,-1,188,116,189,-1,189,116,118,-1,189,118,190,-1,190,118,120,-1,190,120,191,-1,191,120,122,-1,191,122,192,-1,192,122,124,-1,192,124,193,-1,193,124,194,-1,115,114,124,-1,124,114,195,-1,124,195,194,-1,196,113,197,-1,197,113,115,-1,197,115,198,-1,198,115,123,-1,198,123,199,-1,199,123,121,-1,199,121,200,-1,200,121,119,-1,200,119,201,-1,201,119,117,-1,201,117,6,-1,6,117,7,-1,6,4,201,-1,201,4,125,-1,201,125,200,-1,200,125,127,-1,200,127,199,-1,199,127,129,-1,199,129,198,-1,198,129,131,-1,198,131,197,-1,197,131,133,-1,197,133,196,-1,196,133,202,-1,112,111,133,-1,133,111,203,-1,133,203,202,-1,204,110,205,-1,205,110,112,-1,205,112,206,-1,206,112,132,-1,206,132,207,-1,207,132,130,-1,207,130,208,-1,208,130,128,-1,208,128,209,-1,209,128,126,-1,209,126,11,-1,11,126,12,-1,11,9,209,-1,209,9,210,-1,209,210,208,-1,208,210,211,-1,208,211,207,-1,207,211,212,-1,207,212,206,-1,206,212,213,-1,206,213,205,-1,205,213,109,-1,205,109,204,-1,204,109,108,-1,214,107,142,-1,142,107,109,-1,142,109,140,-1,140,109,213,-1,140,213,138,-1,138,213,212,-1,138,212,136,-1,136,212,211,-1,136,211,134,-1,134,211,210,-1,134,210,17,-1,17,210,9,-1,106,105,142,-1,142,105,215,-1,142,215,214,-1,216,104,217,-1,217,104,106,-1,217,106,218,-1,218,106,141,-1,218,141,219,-1,219,141,139,-1,219,139,220,-1,220,139,137,-1,220,137,221,-1,221,137,135,-1,221,135,14,-1,14,135,16,-1,14,30,221,-1,221,30,143,-1,221,143,220,-1,220,143,145,-1,220,145,219,-1,219,145,147,-1,219,147,218,-1,218,147,149,-1,218,149,217,-1,217,149,151,-1,217,151,216,-1,216,151,222,-1,103,102,151,-1,151,102,223,-1,151,223,222,-1,224,101,225,-1,225,101,103,-1,225,103,226,-1,226,103,150,-1,226,150,227,-1,227,150,148,-1,227,148,228,-1,228,148,146,-1,228,146,229,-1,229,146,144,-1,229,144,28,-1,28,144,29,-1,28,26,229,-1,229,26,230,-1,229,230,228,-1,228,230,231,-1,228,231,227,-1,227,231,232,-1,227,232,226,-1,226,232,233,-1,226,233,225,-1,225,233,100,-1,225,100,224,-1,224,100,99,-1,234,98,160,-1,160,98,100,-1,160,100,158,-1,158,100,233,-1,158,233,156,-1,156,233,232,-1,156,232,154,-1,154,232,231,-1,154,231,152,-1,152,231,230,-1,152,230,24,-1,24,230,26,-1,97,96,160,-1,160,96,235,-1,160,235,234,-1,236,95,237,-1,237,95,97,-1,237,97,238,-1,238,97,159,-1,238,159,239,-1,239,159,157,-1,239,157,240,-1,240,157,155,-1,240,155,241,-1,241,155,153,-1,241,153,34,-1,34,153,35,-1,34,32,241,-1,241,32,161,-1,241,161,240,-1,240,161,163,-1,240,163,239,-1,239,163,165,-1,239,165,238,-1,238,165,167,-1,238,167,237,-1,237,167,169,-1,237,169,236,-1,236,169,242,-1,94,93,169,-1,169,93,243,-1,169,243,242,-1,244,92,245,-1,245,92,94,-1,245,94,246,-1,246,94,168,-1,246,168,247,-1,247,168,166,-1,247,166,248,-1,248,166,164,-1,248,164,249,-1,249,164,162,-1,249,162,52,-1,52,162,53,-1,52,51,249,-1,249,51,250,-1,249,250,248,-1,248,250,251,-1,248,251,247,-1,247,251,252,-1,247,252,246,-1,246,252,253,-1,246,253,245,-1,245,253,91,-1,245,91,244,-1,244,91,90,-1,87,89,88,-1,88,89,91,-1,88,91,254,-1,254,91,253,-1,254,253,255,-1,255,253,252,-1,255,252,256,-1,256,252,251,-1,256,251,257,-1,257,251,250,-1,257,250,39,-1,39,250,51,-1,84,86,85,-1,85,86,88,-1,85,88,258,-1,258,88,254,-1,258,254,259,-1,259,254,255,-1,259,255,260,-1,260,255,256,-1,260,256,261,-1,261,256,257,-1,261,257,37,-1,37,257,39,-1,262,83,263,-1,263,83,85,-1,263,85,264,-1,264,85,258,-1,264,258,265,-1,265,258,259,-1,265,259,266,-1,266,259,260,-1,266,260,267,-1,267,260,261,-1,267,261,45,-1,45,261,37,-1,45,44,267,-1,267,44,170,-1,267,170,266,-1,266,170,172,-1,266,172,265,-1,265,172,174,-1,265,174,264,-1,264,174,176,-1,264,176,263,-1,263,176,178,-1,263,178,262,-1,262,178,268,-1,82,81,178,-1,178,81,269,-1,178,269,268,-1,270,80,271,-1,271,80,82,-1,271,82,272,-1,272,82,177,-1,272,177,273,-1,273,177,175,-1,273,175,274,-1,274,175,173,-1,274,173,275,-1,275,173,171,-1,275,171,56,-1,56,171,42,-1,56,55,275,-1,275,55,276,-1,275,276,274,-1,274,276,277,-1,274,277,273,-1,273,277,278,-1,273,278,272,-1,272,278,279,-1,272,279,271,-1,271,279,79,-1,271,79,270,-1,270,79,78,-1,75,77,76,-1,76,77,79,-1,76,79,280,-1,280,79,279,-1,280,279,281,-1,281,279,278,-1,281,278,282,-1,282,278,277,-1,282,277,283,-1,283,277,276,-1,283,276,61,-1,61,276,55,-1,72,74,73,-1,73,74,76,-1,73,76,284,-1,284,76,280,-1,284,280,285,-1,285,280,281,-1,285,281,286,-1,286,281,282,-1,286,282,287,-1,287,282,283,-1,287,283,60,-1,60,283,61,-1,288,71,289,-1,289,71,73,-1,289,73,290,-1,290,73,284,-1,290,284,291,-1,291,284,285,-1,291,285,292,-1,292,285,286,-1,292,286,293,-1,293,286,287,-1,293,287,58,-1,58,287,60,-1,58,57,293,-1,293,57,179,-1,293,179,292,-1,292,179,181,-1,292,181,291,-1,291,181,183,-1,291,183,290,-1,290,183,185,-1,290,185,289,-1,289,185,187,-1,289,187,288,-1,288,187,294,-1,70,69,187,-1,187,69,295,-1,187,295,294,-1,296,68,297,-1,297,68,70,-1,297,70,298,-1,298,70,186,-1,298,186,299,-1,299,186,184,-1,299,184,300,-1,300,184,182,-1,300,182,301,-1,301,182,180,-1,301,180,47,-1,47,180,49,-1,47,46,301,-1,301,46,302,-1,301,302,300,-1,300,302,303,-1,300,303,299,-1,299,303,304,-1,299,304,298,-1,298,304,305,-1,298,305,297,-1,297,305,67,-1,297,67,296,-1,296,67,66,-1,63,65,64,-1,64,65,67,-1,64,67,306,-1,306,67,305,-1,306,305,307,-1,307,305,304,-1,307,304,308,-1,308,304,303,-1,308,303,309,-1,309,303,302,-1,309,302,21,-1,21,302,46,-1,310,62,311,-1,311,62,64,-1,311,64,312,-1,312,64,306,-1,312,306,313,-1,313,306,307,-1,313,307,314,-1,314,307,308,-1,314,308,315,-1,315,308,309,-1,315,309,19,-1,19,309,21,-1,19,18,315,-1,315,18,188,-1,315,188,314,-1,314,188,189,-1,314,189,313,-1,313,189,190,-1,313,190,312,-1,312,190,191,-1,312,191,311,-1,311,191,192,-1,311,192,310,-1,310,192,193,-1,194,316,317,-1,113,318,114,-1,114,318,316,-1,114,316,195,-1,195,316,194,-1,113,196,318,-1,318,196,202,-1,318,202,319,-1,110,320,111,-1,111,320,319,-1,111,319,203,-1,203,319,202,-1,110,204,320,-1,320,204,108,-1,320,108,321,-1,108,107,321,-1,321,107,214,-1,321,214,322,-1,104,323,105,-1,105,323,322,-1,105,322,215,-1,215,322,214,-1,104,216,323,-1,323,216,222,-1,323,222,324,-1,101,325,102,-1,102,325,324,-1,102,324,223,-1,223,324,222,-1,101,224,325,-1,325,224,99,-1,325,99,326,-1,99,98,326,-1,326,98,234,-1,326,234,327,-1,95,328,96,-1,96,328,327,-1,96,327,235,-1,235,327,234,-1,95,236,328,-1,328,236,242,-1,328,242,329,-1,92,330,93,-1,93,330,329,-1,93,329,243,-1,243,329,242,-1,92,244,330,-1,330,244,90,-1,330,90,331,-1,90,89,331,-1,331,89,87,-1,331,87,332,-1,83,333,84,-1,84,333,332,-1,84,332,86,-1,86,332,87,-1,83,262,333,-1,333,262,268,-1,333,268,334,-1,80,335,81,-1,81,335,334,-1,81,334,269,-1,269,334,268,-1,80,270,335,-1,335,270,78,-1,335,78,336,-1,78,77,336,-1,336,77,75,-1,336,75,337,-1,71,338,72,-1,72,338,337,-1,72,337,74,-1,74,337,75,-1,71,288,338,-1,338,288,294,-1,338,294,339,-1,68,340,69,-1,69,340,339,-1,69,339,295,-1,295,339,294,-1,68,296,340,-1,340,296,66,-1,340,66,341,-1,66,65,341,-1,341,65,63,-1,341,63,342,-1,63,62,342,-1,342,62,310,-1,342,310,317,-1,317,310,193,-1,317,193,194,-1,317,343,342,-1,342,343,344,-1,342,344,341,-1,341,344,345,-1,341,345,340,-1,340,345,346,-1,340,346,339,-1,339,346,347,-1,339,347,338,-1,338,347,348,-1,338,348,337,-1,337,348,349,-1,337,349,336,-1,336,349,350,-1,336,350,335,-1,335,350,351,-1,335,351,334,-1,334,351,352,-1,334,352,333,-1,333,352,353,-1,333,353,332,-1,332,353,354,-1,332,354,331,-1,331,354,355,-1,331,355,330,-1,330,355,356,-1,330,356,329,-1,329,356,357,-1,329,357,328,-1,328,357,358,-1,328,358,327,-1,327,358,359,-1,327,359,326,-1,326,359,360,-1,326,360,325,-1,325,360,361,-1,325,361,324,-1,324,361,362,-1,324,362,323,-1,323,362,363,-1,323,363,322,-1,322,363,364,-1,322,364,321,-1,321,364,365,-1,321,365,320,-1,320,365,366,-1,320,366,319,-1,319,366,367,-1,319,367,318,-1,318,367,368,-1,318,368,316,-1,316,368,369,-1,316,369,317,-1,317,369,343,-1,
        ]
    }
}
Shape{
    appearance Appearance {
        material  Material 	{
            diffuseColor 0.20392156862745098 0.20392156862745098 0.20392156862745098
            specularColor 0.10196078431372549 0.10196078431372549 0.10196078431372549
            ambientIntensity 0.2
            transparency 0
            shininess 0.5
        }
    }
    geometry IndexedFaceSet {
        ccw TRUE
        solid FALSE
        coord DEF co Coordinate {
            point [
                -0.1097 -0.1947 -0.296, -0.1097 -0.1212 -0.333, -0.1097 -0.0801 -0.3249, -0.1097 -0.0411 -0.3519, -0.1097 0.0 -0.3346, -0.1097 0.0411 -0.3519, -0.1097 0.0801 -0.3249, -0.1097 0.1212 -0.333, -0.1097 0.1555 -0.2963, -0.1097 0.1947 -0.296, -0.1097 0.2219 -0.2505, -0.1097 0.2577 -0.2432, -0.1097 0.2754 -0.1901, -0.1097 0.3069 -0.1772, -0.1097 0.3129 -0.1187, -0.1097 0.3394 -0.1016, -0.1097 0.3322 -0.0403, -0.1097 0.3537 -0.0206, -0.1097 0.3322 0.0403, -0.1097 0.3489 0.0615, -0.1097 0.3129 0.1187, -0.1097 0.3254 0.1403, -0.1097 0.2754 0.1901, -0.1097 0.2842 0.2116, -0.1097 0.2219 0.2505, -0.1097 0.2278 0.2714, -0.1097 0.1555 0.2963, -0.1097 0.159 0.3166, -0.1097 0.0801 0.3249, -0.1097 0.0817 0.3448, -0.1097 0.0 0.3346, -0.1097 -0.0 0.3543, -0.1097 -0.0801 0.3249, -0.1097 -0.0817 0.3448, -0.1097 -0.1555 0.2963, -0.1097 -0.159 0.3166, -0.1097 -0.2219 0.2505, -0.1097 -0.2278 0.2714, -0.1097 -0.2754 0.1901, -0.1097 -0.2842 0.2116, -0.1097 -0.3129 0.1187, -0.1097 -0.3254 0.1403, -0.1097 -0.3322 0.0403, -0.1097 -0.3489 0.0615, -0.1097 -0.3322 -0.0403, -0.1097 -0.3537 -0.0206, -0.1097 -0.3129 -0.1187, -0.1097 -0.3394 -0.1016, -0.1097 -0.2754 -0.1901, -0.1097 -0.3069 -0.1772, -0.1097 -0.2219 -0.2505, -0.1097 -0.2577 -0.2432, -0.1097 -0.1555 -0.2963, -0.1687 0.0 0.3543, -0.1687 0.0817 0.3448, -0.1687 0.159 0.3166, -0.1687 0.2278 0.2714, -0.1687 0.2842 0.2116, -0.1687 0.3254 0.1403, -0.1687 0.3489 0.0615, -0.1687 0.3537 -0.0206, -0.1687 0.3394 -0.1016, -0.1687 0.3069 -0.1772, -0.1687 0.2577 -0.2432, -0.1687 0.1947 -0.296, -0.1687 0.1212 -0.333, -0.1687 0.0411 -0.3519, -0.1687 -0.0411 -0.3519, -0.1687 -0.1212 -0.333, -0.1687 -0.1947 -0.296, -0.1687 -0.2577 -0.2432, -0.1687 -0.3069 -0.1772, -0.1687 -0.3394 -0.1016, -0.1687 -0.3537 -0.0206, -0.1687 -0.3489 0.0615, -0.1687 -0.3254 0.1403, -0.1687 -0.2842 0.2116, -0.1687 -0.2278 0.2714, -0.1687 -0.159 0.3166, -0.1687 -0.0817 0.3448, -0.1687 0.0801 -0.3249, -0.1687 0.0 -0.3346, -0.1687 -0.0801 -0.3249, -0.1687 -0.1555 -0.2963, -0.1687 -0.2219 -0.2505, -0.1687 -0.2754 -0.1901, -0.1687 -0.3129 -0.1187, -0.1687 -0.3322 -0.0403, -0.1687 -0.3322 0.0403, -0.1687 -0.3129 0.1187, -0.1687 -0.2754 0.1901, -0.1687 -0.2219 0.2505, -0.1687 -0.1555 0.2963, -0.1687 -0.0801 0.3249, -0.1687 -0.0 0.3346, -0.1687 0.0801 0.3249, -0.1687 0.1555 0.2963, -0.1687 0.2219 0.2505, -0.1687 0.2754 0.1901, -0.1687 0.3129 0.1187, -0.1687 0.3322 0.0403, -0.1687 0.3322 -0.0403, -0.1687 0.3129 -0.1187, -0.1687 0.2754 -0.1901, -0.1687 0.2219 -0.2505, -0.1687 0.1555 -0.2963, -0.1687 0.1555 -0.2963
            ]
        }
        coordIndex [
            0,1,2,-1,2,1,3,-1,2,3,4,-1,4,3,5,-1,4,5,6,-1,6,5,7,-1,6,7,8,-1,8,7,9,-1,8,9,10,-1,10,9,11,-1,10,11,12,-1,12,11,13,-1,12,13,14,-1,14,13,15,-1,14,15,16,-1,16,15,17,-1,16,17,18,-1,18,17,19,-1,18,19,20,-1,20,19,21,-1,20,21,22,-1,22,21,23,-1,22,23,24,-1,24,23,25,-1,24,25,26,-1,26,25,27,-1,26,27,28,-1,28,27,29,-1,28,29,30,-1,30,29,31,-1,30,31,32,-1,32,31,33,-1,32,33,34,-1,34,33,35,-1,34,35,36,-1,36,35,37,-1,36,37,38,-1,38,37,39,-1,38,39,40,-1,40,39,41,-1,40,41,42,-1,42,41,43,-1,42,43,44,-1,44,43,45,-1,44,45,46,-1,46,45,47,-1,46,47,48,-1,48,47,49,-1,48,49,50,-1,50,49,51,-1,50,51,52,-1,52,51,0,-1,52,0,2,-1,53,29,54,-1,54,29,27,-1,54,27,55,-1,55,27,25,-1,55,25,56,-1,56,25,23,-1,56,23,57,-1,57,23,21,-1,57,21,58,-1,58,21,19,-1,58,19,59,-1,59,19,17,-1,59,17,60,-1,60,17,15,-1,60,15,61,-1,61,15,13,-1,61,13,62,-1,62,13,11,-1,62,11,63,-1,63,11,9,-1,63,9,64,-1,64,9,7,-1,64,7,65,-1,65,7,5,-1,65,5,66,-1,66,5,3,-1,66,3,67,-1,67,3,1,-1,67,1,68,-1,68,1,0,-1,68,0,69,-1,69,0,51,-1,69,51,70,-1,70,51,49,-1,70,49,71,-1,71,49,47,-1,71,47,72,-1,72,47,45,-1,72,45,73,-1,73,45,43,-1,73,43,74,-1,74,43,41,-1,74,41,75,-1,75,41,39,-1,75,39,76,-1,76,39,37,-1,76,37,77,-1,77,37,35,-1,77,35,78,-1,78,35,33,-1,78,33,79,-1,79,33,31,-1,79,31,53,-1,53,31,29,-1,64,65,80,-1,80,65,66,-1,80,66,81,-1,81,66,67,-1,81,67,82,-1,82,67,68,-1,82,68,83,-1,83,68,69,-1,83,69,84,-1,84,69,70,-1,84,70,85,-1,85,70,71,-1,85,71,86,-1,86,71,72,-1,86,72,87,-1,87,72,73,-1,87,73,88,-1,88,73,74,-1,88,74,89,-1,89,74,75,-1,89,75,90,-1,90,75,76,-1,90,76,91,-1,91,76,77,-1,91,77,92,-1,92,77,78,-1,92,78,93,-1,93,78,79,-1,93,79,94,-1,94,79,53,-1,94,53,95,-1,95,53,54,-1,95,54,96,-1,96,54,55,-1,96,55,97,-1,97,55,56,-1,97,56,98,-1,98,56,57,-1,98,57,99,-1,99,57,58,-1,99,58,100,-1,100,58,59,-1,100,59,101,-1,101,59,60,-1,101,60,102,-1,102,60,61,-1,102,61,103,-1,103,61,62,-1,103,62,104,-1,104,62,63,-1,104,63,105,-1,105,63,64,-1,105,64,80,-1,
        ]
    }
}
Shape{
    appearance Appearance {
        material  Material 	{
            diffuseColor 0.37254901960784315 0.9490196078431372 1.0
            specularColor 0.18823529411764706 0.4745098039215686 0.5019607843137255
            ambientIntensity 0.2
            transparency 0
            shininess 0.5
        }
    }
    geometry IndexedFaceSet {
        ccw TRUE
        solid FALSE
        coord DEF co Coordinate {
            point [
                0.0527 -0.0847 -0.3237, 0.0526 -0.0854 -0.3236, 0.0218 -0.0801 -0.3249, 0.0518 -0.0874 -0.323, 0.0511 -0.0889 -0.3226, 0.0507 -0.0894 -0.3225, 0.0494 -0.091 -0.322, 0.0494 -0.0911 -0.322, 0.0478 -0.0923 -0.3217, 0.0472 -0.0928 -0.3215, 0.0459 -0.0933 -0.3214, 0.0444 -0.094 -0.3212, 0.0438 -0.0941 -0.3211, 0.041 -0.0945 -0.321, 0.0396 -0.0947 -0.321, 0.0346 -0.0941 -0.3211, 0.0342 -0.0941 -0.3212, -0.0714 -0.0984 -0.3198, -0.0674 -0.0878 -0.3229, -0.0511 -0.0878 -0.3229, -0.0697 -0.08 -0.3244, -0.077 -0.0981 -0.32, -0.1097 -0.0801 -0.3249, -0.0771 -0.0984 -0.3198, -0.1097 -0.1555 -0.2963, -0.0474 -0.0984 -0.3198, -0.0416 -0.0984 -0.3198, -0.0488 -0.08 -0.3244, -0.038 -0.0845 -0.3238, -0.0369 -0.0872 -0.3231, -0.0363 -0.0888 -0.3226, -0.0354 -0.09 -0.3223, -0.0341 -0.0919 -0.3218, -0.0333 -0.0925 -0.3216, -0.0313 -0.0944 -0.3211, -0.0309 -0.0946 -0.321, -0.0281 -0.0962 -0.3205, -0.0273 -0.0966 -0.3204, -0.0205 -0.0982 -0.3199, 0.1245 -0.1555 -0.2963, -0.0225 -0.098 -0.32, -0.0246 -0.0974 -0.3202, 0.0026 -0.0813 -0.3246, 0.0165 -0.0813 -0.3246, 0.0165 -0.0943 -0.3211, 0.0006 -0.0984 -0.3198, 0.0218 -0.0984 -0.3198, 0.0006 -0.0943 -0.3211, -0.007 -0.0984 -0.3198, -0.0177 -0.0984 -0.3198, 0.0621 -0.0943 -0.3211, 0.057 -0.0888 -0.3226, 0.077 -0.0943 -0.3211, 0.0574 -0.0875 -0.323, 0.0587 -0.0802 -0.3249, 0.077 -0.0801 -0.3249, 0.0584 -0.0839 -0.324, 0.0583 -0.0845 -0.3238, 0.0621 -0.0984 -0.3198, 0.0403 -0.0989 -0.3197, 0.0446 -0.0983 -0.3199, 0.0458 -0.0982 -0.3199, 0.0478 -0.0974 -0.3202, 0.0497 -0.0967 -0.3204, 0.0505 -0.0962 -0.3205, 0.0526 -0.0948 -0.3209, 0.0529 -0.0945 -0.321, 0.0546 -0.0927 -0.3215, 0.055 -0.0923 -0.3217, 0.0561 -0.0903 -0.3222, 0.0312 -0.093 -0.3215, 0.0294 -0.0923 -0.3217, 0.0294 -0.0965 -0.3204, 0.0334 -0.0979 -0.32, 0.0342 -0.0982 -0.3199, 0.0376 -0.0986 -0.3198, 0.0026 -0.0801 -0.3249, -0.007 -0.0801 -0.3249, 0.0026 -0.0771 -0.3256, 0.0823 -0.0984 -0.3198, 0.1245 -0.0801 -0.3249, 0.0823 -0.0801 -0.3249, 0.1245 0.0 -0.3346, 0.0823 -0.0602 -0.3292, 0.077 -0.0602 -0.3292, 0.0218 -0.0602 -0.3292, 0.0016 -0.0602 -0.3292, -0.1097 0.0 -0.3346, 0.0294 -0.0664 -0.328, 0.0294 -0.0613 -0.329, 0.0311 -0.0607 -0.3291, 0.0587 -0.0801 -0.3249, 0.0581 -0.0751 -0.3261, 0.058 -0.0743 -0.3263, 0.0568 -0.0714 -0.3269, 0.0561 -0.0695 -0.3274, 0.0553 -0.0683 -0.3276, 0.0535 -0.0658 -0.3281, 0.0532 -0.0656 -0.3282, 0.0507 -0.0634 -0.3286, 0.0502 -0.063 -0.3287, 0.0478 -0.0619 -0.3289, 0.0462 -0.061 -0.329, 0.0446 -0.0607 -0.3291, 0.0415 -0.0599 -0.3292, 0.0407 -0.0599 -0.3292, 0.0387 -0.0597 -0.3293, 0.0337 -0.0604 -0.3292, -0.0387 -0.079 -0.3252, -0.0386 -0.0801 -0.3249, -0.0381 -0.0838 -0.324, -0.0242 -0.061 -0.329, -0.0271 -0.062 -0.3288, -0.0565 -0.0602 -0.3292, -0.0288 -0.0626 -0.3287, -0.0302 -0.0635 -0.3286, -0.0327 -0.0652 -0.3282, -0.0328 -0.0653 -0.3282, -0.035 -0.0676 -0.3277, -0.0371 -0.0712 -0.327, -0.0564 -0.0606 -0.3291, -0.0366 -0.0703 -0.3272, -0.0352 -0.068 -0.3277, -0.0378 -0.0734 -0.3265, -0.0384 -0.0753 -0.3261, -0.0385 -0.077 -0.3257, -0.0618 -0.0602 -0.3292, 0.0016 -0.0644 -0.3284, 0.0165 -0.0644 -0.3284, 0.0165 -0.0771 -0.3256, -0.007 -0.0602 -0.3292, -0.0182 -0.0602 -0.3292, -0.0233 -0.0608 -0.3291, 0.0329 -0.0651 -0.3283, 0.0339 -0.0647 -0.3283, 0.0366 -0.0643 -0.3284, 0.0387 -0.064 -0.3285, 0.0421 -0.0645 -0.3284, 0.0435 -0.0648 -0.3283, 0.0447 -0.0652 -0.3282, 0.0463 -0.0659 -0.3281, 0.0468 -0.0663 -0.328, 0.0486 -0.0676 -0.3277, 0.0487 -0.0677 -0.3277, 0.0502 -0.0694 -0.3274, 0.0506 -0.0699 -0.3273, 0.0515 -0.0715 -0.3269, 0.0521 -0.0727 -0.3266, 0.0524 -0.074 -0.3264, 0.0532 -0.0771 -0.3256, 0.0533 -0.0773 -0.3256, 0.0535 -0.0799 -0.325, 0.0534 -0.0801 -0.3249, -0.1097 0.0801 -0.3249, 0.1245 0.0801 -0.3249, -0.1097 0.1555 -0.2963, 0.1245 0.1555 -0.2963, -0.1097 0.2219 -0.2505, 0.1245 0.2219 -0.2505, -0.1097 0.2754 -0.1901, 0.1245 0.2754 -0.1901, -0.1097 0.3129 -0.1187, 0.1245 0.3129 -0.1187, -0.1097 0.3322 -0.0403, 0.1245 0.3322 -0.0403, -0.1097 0.3322 0.0403, 0.1245 0.3322 0.0403, -0.1097 0.3129 0.1187, 0.1245 0.3129 0.1187, -0.1097 0.2754 0.1901, 0.1245 0.2754 0.1901, -0.1097 0.2219 0.2505, 0.1245 0.2219 0.2505, -0.1097 0.1555 0.2963, 0.1245 0.1555 0.2963, -0.1097 0.0801 0.3249, 0.1245 0.0801 0.3249, -0.1097 0.0 0.3346, 0.1245 -0.0 0.3346, -0.1097 -0.0801 0.3249, 0.1245 -0.0801 0.3249, -0.1097 -0.1555 0.2963, 0.1245 -0.1555 0.2963, -0.1097 -0.2219 0.2505, 0.1245 -0.2219 0.2505, -0.1097 -0.2754 0.1901, 0.1245 -0.2754 0.1901, -0.1097 -0.3129 0.1187, 0.1245 -0.3129 0.1187, -0.1097 -0.3322 0.0403, 0.1245 -0.3322 0.0403, -0.1097 -0.3322 -0.0403, 0.1245 -0.3322 -0.0403, -0.1097 -0.3129 -0.1187, 0.1245 -0.3129 -0.1187, -0.1097 -0.2754 -0.1901, 0.1245 -0.2754 -0.1901, -0.1097 -0.2219 -0.2505, 0.1245 -0.2219 -0.2505, 0.1245 -0.2219 -0.2505
            ]
        }
        coordIndex [
            0,1,2,-1,2,1,3,-1,2,3,4,-1,4,5,2,-1,2,5,6,-1,2,6,7,-1,7,8,2,-1,2,8,9,-1,2,9,10,-1,10,11,2,-1,2,11,12,-1,2,12,13,-1,13,14,2,-1,2,14,15,-1,2,15,16,-1,17,18,19,-1,20,21,22,-1,22,21,23,-1,22,23,24,-1,24,23,17,-1,24,17,25,-1,25,17,19,-1,26,27,28,-1,28,29,26,-1,26,29,30,-1,26,30,31,-1,31,32,26,-1,26,32,33,-1,26,33,34,-1,34,35,26,-1,26,35,36,-1,26,36,37,-1,38,39,40,-1,40,39,26,-1,40,26,41,-1,41,26,37,-1,42,43,44,-1,45,46,39,-1,47,45,48,-1,48,45,39,-1,48,39,49,-1,49,39,38,-1,50,51,52,-1,52,51,53,-1,54,55,56,-1,56,55,52,-1,56,52,57,-1,57,52,53,-1,58,59,60,-1,60,61,58,-1,58,61,62,-1,58,62,63,-1,63,64,58,-1,58,64,65,-1,58,65,66,-1,66,67,58,-1,58,67,68,-1,58,68,50,-1,50,68,69,-1,50,69,51,-1,16,70,2,-1,2,70,71,-1,2,71,46,-1,46,71,72,-1,72,73,46,-1,46,73,74,-1,46,74,39,-1,39,74,75,-1,39,75,59,-1,44,47,42,-1,42,47,48,-1,42,48,76,-1,76,48,77,-1,76,77,78,-1,59,58,39,-1,39,58,79,-1,39,79,80,-1,80,79,81,-1,80,81,82,-1,82,81,83,-1,82,83,84,-1,85,86,87,-1,88,2,89,-1,89,2,85,-1,89,85,90,-1,54,91,55,-1,55,91,92,-1,55,92,84,-1,84,92,93,-1,84,93,94,-1,94,95,84,-1,84,95,96,-1,84,96,97,-1,97,98,84,-1,84,98,99,-1,84,99,100,-1,100,101,84,-1,84,101,102,-1,84,102,103,-1,104,105,87,-1,87,105,106,-1,87,106,85,-1,85,106,107,-1,85,107,90,-1,108,109,27,-1,27,109,110,-1,27,110,28,-1,111,112,113,-1,113,112,114,-1,113,114,115,-1,115,116,113,-1,113,116,117,-1,113,117,118,-1,119,120,121,-1,121,120,113,-1,121,113,122,-1,122,113,118,-1,119,123,120,-1,120,123,124,-1,120,124,27,-1,27,124,125,-1,27,125,108,-1,20,22,126,-1,126,22,87,-1,126,87,113,-1,127,128,129,-1,129,78,127,-1,127,78,77,-1,127,77,86,-1,86,77,130,-1,86,130,87,-1,87,130,131,-1,87,131,113,-1,113,131,132,-1,113,132,111,-1,88,133,2,-1,2,133,134,-1,2,134,135,-1,135,136,2,-1,2,136,137,-1,2,137,138,-1,138,139,2,-1,2,139,140,-1,2,140,141,-1,141,142,2,-1,2,142,143,-1,2,143,144,-1,144,145,2,-1,2,145,146,-1,2,146,147,-1,147,148,2,-1,2,148,149,-1,2,149,150,-1,150,151,2,-1,2,151,152,-1,2,152,0,-1,103,104,84,-1,84,104,87,-1,84,87,82,-1,82,87,153,-1,82,153,154,-1,154,153,155,-1,154,155,156,-1,156,155,157,-1,156,157,158,-1,158,157,159,-1,158,159,160,-1,160,159,161,-1,160,161,162,-1,162,161,163,-1,162,163,164,-1,164,163,165,-1,164,165,166,-1,166,165,167,-1,166,167,168,-1,168,167,169,-1,168,169,170,-1,170,169,171,-1,170,171,172,-1,172,171,173,-1,172,173,174,-1,174,173,175,-1,174,175,176,-1,176,175,177,-1,176,177,178,-1,178,177,179,-1,178,179,180,-1,180,179,181,-1,180,181,182,-1,182,181,183,-1,182,183,184,-1,184,183,185,-1,184,185,186,-1,186,185,187,-1,186,187,188,-1,188,187,189,-1,188,189,190,-1,190,189,191,-1,190,191,192,-1,192,191,193,-1,192,193,194,-1,194,193,195,-1,194,195,196,-1,196,195,197,-1,196,197,198,-1,198,197,24,-1,198,24,39,-1,39,24,25,-1,39,25,26,-1,
        ]
    }
}
Shape{
    appearance Appearance {
        material  Material 	{
            diffuseColor 0.09019607843137255 0.592156862745098 0.0
            specularColor 0.043137254901960784 0.29411764705882354 0.0
            ambientIntensity 0.2
            transparency 0
            shininess 0.5
        }
    }
    geometry IndexedFaceSet {
        ccw TRUE
        solid FALSE
        coord DEF co Coordinate {
            point [
                0.1836 -0.1947 -0.296, 0.1836 -0.1212 -0.333, 0.1836 -0.0801 -0.3249, 0.1836 -0.0411 -0.3519, 0.1836 0.0 -0.3346, 0.1836 0.0411 -0.3519, 0.1836 0.0801 -0.3249, 0.1836 0.1212 -0.333, 0.1836 0.1555 -0.2963, 0.1836 0.1947 -0.296, 0.1836 0.2219 -0.2505, 0.1836 0.2577 -0.2432, 0.1836 0.2754 -0.1901, 0.1836 0.3069 -0.1772, 0.1836 0.3129 -0.1187, 0.1836 0.3394 -0.1016, 0.1836 0.3322 -0.0403, 0.1836 0.3537 -0.0206, 0.1836 0.3322 0.0403, 0.1836 0.3489 0.0615, 0.1836 0.3129 0.1187, 0.1836 0.3254 0.1403, 0.1836 0.2754 0.1901, 0.1836 0.2842 0.2116, 0.1836 0.2219 0.2505, 0.1836 0.2278 0.2714, 0.1836 0.1555 0.2963, 0.1836 0.159 0.3166, 0.1836 0.0801 0.3249, 0.1836 0.0817 0.3448, 0.1836 0.0 0.3346, 0.1836 -0.0 0.3543, 0.1836 -0.0801 0.3249, 0.1836 -0.0817 0.3448, 0.1836 -0.1555 0.2963, 0.1836 -0.159 0.3166, 0.1836 -0.2219 0.2505, 0.1836 -0.2278 0.2714, 0.1836 -0.2754 0.1901, 0.1836 -0.2842 0.2116, 0.1836 -0.3129 0.1187, 0.1836 -0.3254 0.1403, 0.1836 -0.3322 0.0403, 0.1836 -0.3489 0.0615, 0.1836 -0.3322 -0.0403, 0.1836 -0.3537 -0.0206, 0.1836 -0.3129 -0.1187, 0.1836 -0.3394 -0.1016, 0.1836 -0.2754 -0.1901, 0.1836 -0.3069 -0.1772, 0.1836 -0.2219 -0.2505, 0.1836 -0.2577 -0.2432, 0.1836 -0.1555 -0.2963, 0.1245 0.0 0.3543, 0.1245 0.0817 0.3448, 0.1245 0.159 0.3166, 0.1245 0.2278 0.2714, 0.1245 0.2842 0.2116, 0.1245 0.3254 0.1403, 0.1245 0.3489 0.0615, 0.1245 0.3537 -0.0206, 0.1245 0.3394 -0.1016, 0.1245 0.3069 -0.1772, 0.1245 0.2577 -0.2432, 0.1245 0.1947 -0.296, 0.1245 0.1212 -0.333, 0.1245 0.0411 -0.3519, 0.1245 -0.0411 -0.3519, 0.1245 -0.1212 -0.333, 0.1245 -0.1947 -0.296, 0.1245 -0.2577 -0.2432, 0.1245 -0.3069 -0.1772, 0.1245 -0.3394 -0.1016, 0.1245 -0.3537 -0.0206, 0.1245 -0.3489 0.0615, 0.1245 -0.3254 0.1403, 0.1245 -0.2842 0.2116, 0.1245 -0.2278 0.2714, 0.1245 -0.159 0.3166, 0.1245 -0.0817 0.3448, 0.1245 0.0801 -0.3249, 0.1245 0.0 -0.3346, 0.1245 -0.0801 -0.3249, 0.1245 -0.1555 -0.2963, 0.1245 -0.2219 -0.2505, 0.1245 -0.2754 -0.1901, 0.1245 -0.3129 -0.1187, 0.1245 -0.3322 -0.0403, 0.1245 -0.3322 0.0403, 0.1245 -0.3129 0.1187, 0.1245 -0.2754 0.1901, 0.1245 -0.2219 0.2505, 0.1245 -0.1555 0.2963, 0.1245 -0.0801 0.3249, 0.1245 -0.0 0.3346, 0.1245 0.0801 0.3249, 0.1245 0.1555 0.2963, 0.1245 0.2219 0.2505, 0.1245 0.2754 0.1901, 0.1245 0.3129 0.1187, 0.1245 0.3322 0.0403, 0.1245 0.3322 -0.0403, 0.1245 0.3129 -0.1187, 0.1245 0.2754 -0.1901, 0.1245 0.2219 -0.2505, 0.1245 0.1555 -0.2963, 0.1245 0.1555 -0.2963
            ]
        }
        coordIndex [
            0,1,2,-1,2,1,3,-1,2,3,4,-1,4,3,5,-1,4,5,6,-1,6,5,7,-1,6,7,8,-1,8,7,9,-1,8,9,10,-1,10,9,11,-1,10,11,12,-1,12,11,13,-1,12,13,14,-1,14,13,15,-1,14,15,16,-1,16,15,17,-1,16,17,18,-1,18,17,19,-1,18,19,20,-1,20,19,21,-1,20,21,22,-1,22,21,23,-1,22,23,24,-1,24,23,25,-1,24,25,26,-1,26,25,27,-1,26,27,28,-1,28,27,29,-1,28,29,30,-1,30,29,31,-1,30,31,32,-1,32,31,33,-1,32,33,34,-1,34,33,35,-1,34,35,36,-1,36,35,37,-1,36,37,38,-1,38,37,39,-1,38,39,40,-1,40,39,41,-1,40,41,42,-1,42,41,43,-1,42,43,44,-1,44,43,45,-1,44,45,46,-1,46,45,47,-1,46,47,48,-1,48,47,49,-1,48,49,50,-1,50,49,51,-1,50,51,52,-1,52,51,0,-1,52,0,2,-1,53,29,54,-1,54,29,27,-1,54,27,55,-1,55,27,25,-1,55,25,56,-1,56,25,23,-1,56,23,57,-1,57,23,21,-1,57,21,58,-1,58,21,19,-1,58,19,59,-1,59,19,17,-1,59,17,60,-1,60,17,15,-1,60,15,61,-1,61,15,13,-1,61,13,62,-1,62,13,11,-1,62,11,63,-1,63,11,9,-1,63,9,64,-1,64,9,7,-1,64,7,65,-1,65,7,5,-1,65,5,66,-1,66,5,3,-1,66,3,67,-1,67,3,1,-1,67,1,68,-1,68,1,0,-1,68,0,69,-1,69,0,51,-1,69,51,70,-1,70,51,49,-1,70,49,71,-1,71,49,47,-1,71,47,72,-1,72,47,45,-1,72,45,73,-1,73,45,43,-1,73,43,74,-1,74,43,41,-1,74,41,75,-1,75,41,39,-1,75,39,76,-1,76,39,37,-1,76,37,77,-1,77,37,35,-1,77,35,78,-1,78,35,33,-1,78,33,79,-1,79,33,31,-1,79,31,53,-1,53,31,29,-1,64,65,80,-1,80,65,66,-1,80,66,81,-1,81,66,67,-1,81,67,82,-1,82,67,68,-1,82,68,83,-1,83,68,69,-1,83,69,84,-1,84,69,70,-1,84,70,85,-1,85,70,71,-1,85,71,86,-1,86,71,72,-1,86,72,87,-1,87,72,73,-1,87,73,88,-1,88,73,74,-1,88,74,89,-1,89,74,75,-1,89,75,90,-1,90,75,76,-1,90,76,91,-1,91,76,77,-1,91,77,92,-1,92,77,78,-1,92,78,93,-1,93,78,79,-1,93,79,94,-1,94,79,53,-1,94,53,95,-1,95,53,54,-1,95,54,96,-1,96,54,55,-1,96,55,97,-1,97,55,56,-1,97,56,98,-1,98,56,57,-1,98,57,99,-1,99,57,58,-1,99,58,100,-1,100,58,59,-1,100,59,101,-1,101,59,60,-1,101,60,102,-1,102,60,61,-1,102,61,103,-1,103,61,62,-1,103,62,104,-1,104,62,63,-1,104,63,105,-1,105,63,64,-1,105,64,80,-1,
        ]
    }
}
Shape{
    appearance Appearance {
        material  Material 	{
            diffuseColor 0.37254901960784315 0.9490196078431372 1.0
            specularColor 0.18823529411764706 0.4745098039215686 0.5019607843137255
            ambientIntensity 0.2
            transparency 0
            shininess 0.5
        }
    }
    geometry IndexedFaceSet {
        ccw TRUE
        solid FALSE
        coord DEF co Coordinate {
            point [
                0.1836 0.0 0.3346, 0.2362 0.0801 0.3249, 0.1836 0.0801 0.3249, 0.2362 0.1555 0.2963, 0.1836 0.1555 0.2963, 0.2362 0.2219 0.2505, 0.1836 0.2219 0.2505, 0.2362 0.2754 0.1901, 0.1836 0.2754 0.1901, 0.2362 0.3129 0.1187, 0.1836 0.3129 0.1187, 0.2362 0.3322 0.0403, 0.1836 0.3322 0.0403, 0.2362 0.3322 -0.0403, 0.1836 0.3322 -0.0403, 0.2362 0.3129 -0.1187, 0.1836 0.3129 -0.1187, 0.2362 0.2754 -0.1901, 0.1836 0.2754 -0.1901, 0.2362 0.2219 -0.2505, 0.1836 0.2219 -0.2505, 0.2362 0.1555 -0.2963, 0.1836 0.1555 -0.2963, 0.2362 0.0801 -0.3249, 0.1836 0.0801 -0.3249, 0.2362 0.0 -0.3346, 0.1836 0.0 -0.3346, 0.2362 -0.0801 -0.3249, 0.1836 -0.0801 -0.3249, 0.2362 -0.1555 -0.2963, 0.1836 -0.1555 -0.2963, 0.2362 -0.2219 -0.2505, 0.1836 -0.2219 -0.2505, 0.2362 -0.2754 -0.1901, 0.1836 -0.2754 -0.1901, 0.2362 -0.3129 -0.1187, 0.1836 -0.3129 -0.1187, 0.2362 -0.3322 -0.0403, 0.1836 -0.3322 -0.0403, 0.2362 -0.3322 0.0403, 0.1836 -0.3322 0.0403, 0.2362 -0.3129 0.1187, 0.1836 -0.3129 0.1187, 0.2362 -0.2754 0.1901, 0.1836 -0.2754 0.1901, 0.2362 -0.2219 0.2505, 0.1836 -0.2219 0.2505, 0.2362 -0.1555 0.2963, 0.1836 -0.1555 0.2963, 0.2362 -0.0801 0.3249, 0.1836 -0.0801 0.3249, 0.2362 -0.0 0.3346, 0.2362 -0.0 0.3346
            ]
        }
        coordIndex [
            0,1,2,-1,2,1,3,-1,2,3,4,-1,4,3,5,-1,4,5,6,-1,6,5,7,-1,6,7,8,-1,8,7,9,-1,8,9,10,-1,10,9,11,-1,10,11,12,-1,12,11,13,-1,12,13,14,-1,14,13,15,-1,14,15,16,-1,16,15,17,-1,16,17,18,-1,18,17,19,-1,18,19,20,-1,20,19,21,-1,20,21,22,-1,22,21,23,-1,22,23,24,-1,24,23,25,-1,24,25,26,-1,26,25,27,-1,26,27,28,-1,28,27,29,-1,28,29,30,-1,30,29,31,-1,30,31,32,-1,32,31,33,-1,32,33,34,-1,34,33,35,-1,34,35,36,-1,36,35,37,-1,36,37,38,-1,38,37,39,-1,38,39,40,-1,40,39,41,-1,40,41,42,-1,42,41,43,-1,42,43,44,-1,44,43,45,-1,44,45,46,-1,46,45,47,-1,46,47,48,-1,48,47,49,-1,48,49,50,-1,50,49,51,-1,50,51,0,-1,0,51,1,-1,
        ]
    }
}
Shape{
    appearance Appearance {
        material  Material 	{
            diffuseColor 0.8745098039215686 0.11372549019607843 0.0
            specularColor 0.4392156862745098 0.058823529411764705 0.0
            ambientIntensity 0.2
            transparency 0
            shininess 0.5
        }
    }
    geometry IndexedFaceSet {
        ccw TRUE
        solid FALSE
        coord DEF co Coordinate {
            point [
                0.2362 0.1947 -0.296, 0.2362 0.1212 -0.333, 0.2362 0.0801 -0.3249, 0.2362 0.0411 -0.3519, 0.2362 0.0 -0.3346, 0.2362 -0.0411 -0.3519, 0.2362 -0.0801 -0.3249, 0.2362 -0.1212 -0.333, 0.2362 -0.1555 -0.2963, 0.2362 -0.1947 -0.296, 0.2362 -0.2219 -0.2505, 0.2362 -0.2577 -0.2432, 0.2362 -0.2754 -0.1901, 0.2362 -0.3069 -0.1772, 0.2362 -0.3129 -0.1187, 0.2362 -0.3394 -0.1016, 0.2362 -0.3322 -0.0403, 0.2362 -0.3537 -0.0206, 0.2362 -0.3322 0.0403, 0.2362 -0.3489 0.0615, 0.2362 -0.3129 0.1187, 0.2362 -0.3254 0.1403, 0.2362 -0.2754 0.1901, 0.2362 -0.2842 0.2116, 0.2362 -0.2219 0.2505, 0.2362 -0.2278 0.2714, 0.2362 -0.1555 0.2963, 0.2362 -0.159 0.3166, 0.2362 -0.0801 0.3249, 0.2362 -0.0817 0.3448, 0.2362 -0.0 0.3346, 0.2362 0.0 0.3543, 0.2362 0.0801 0.3249, 0.2362 0.0817 0.3448, 0.2362 0.1555 0.2963, 0.2362 0.159 0.3166, 0.2362 0.2219 0.2505, 0.2362 0.2278 0.2714, 0.2362 0.2754 0.1901, 0.2362 0.2842 0.2116, 0.2362 0.3129 0.1187, 0.2362 0.3254 0.1403, 0.2362 0.3322 0.0403, 0.2362 0.3489 0.0615, 0.2362 0.3322 -0.0403, 0.2362 0.3537 -0.0206, 0.2362 0.3129 -0.1187, 0.2362 0.3394 -0.1016, 0.2362 0.2754 -0.1901, 0.2362 0.3069 -0.1772, 0.2362 0.2219 -0.2505, 0.2362 0.2577 -0.2432, 0.2362 0.1555 -0.2963, 0.2953 0.0817 0.3448, 0.2953 0.159 0.3166, 0.2953 0.2278 0.2714, 0.2953 0.2842 0.2116, 0.2953 0.3254 0.1403, 0.2953 0.3489 0.0615, 0.2953 0.3537 -0.0206, 0.2953 0.3394 -0.1016, 0.2953 0.3069 -0.1772, 0.2953 0.2577 -0.2432, 0.2953 0.1947 -0.296, 0.2953 0.1212 -0.333, 0.2953 0.0411 -0.3519, 0.2953 -0.0411 -0.3519, 0.2953 -0.1212 -0.333, 0.2953 -0.1947 -0.296, 0.2953 -0.2577 -0.2432, 0.2953 -0.3069 -0.1772, 0.2953 -0.3394 -0.1016, 0.2953 -0.3537 -0.0206, 0.2953 -0.3489 0.0615, 0.2953 -0.3254 0.1403, 0.2953 -0.2842 0.2116, 0.2953 -0.2278 0.2714, 0.2953 -0.159 0.3166, 0.2953 -0.0817 0.3448, 0.2953 -0.0 0.3543, 0.2953 0.0 0.3346, 0.2953 0.0389 0.3324, 0.2953 0.1145 0.3145, 0.2953 0.1839 0.2796, 0.2953 0.2434 0.2296, 0.2953 0.2898 0.1673, 0.2953 0.3206 0.096, 0.2953 0.3341 0.0195, 0.2953 0.3296 -0.0581, 0.2953 0.3073 -0.1325, 0.2953 0.2684 -0.1998, 0.2953 0.2151 -0.2564, 0.2953 0.1502 -0.2991, 0.2953 0.0772 -0.3256, 0.2953 0.0 -0.3346, 0.2953 -0.0772 -0.3256, 0.2953 -0.1502 -0.2991, 0.2953 -0.2151 -0.2564, 0.2953 -0.2684 -0.1998, 0.2953 -0.3073 -0.1325, 0.2953 -0.3296 -0.0581, 0.2953 -0.3341 0.0195, 0.2953 -0.3206 0.096, 0.2953 -0.2898 0.1673, 0.2953 -0.2434 0.2296, 0.2953 -0.1839 0.2796, 0.2953 -0.1145 0.3145, 0.2953 -0.0389 0.3324, 0.2953 -0.0389 0.3324
            ]
        }
        coordIndex [
            0,1,2,-1,2,1,3,-1,2,3,4,-1,4,3,5,-1,4,5,6,-1,6,5,7,-1,6,7,8,-1,8,7,9,-1,8,9,10,-1,10,9,11,-1,10,11,12,-1,12,11,13,-1,12,13,14,-1,14,13,15,-1,14,15,16,-1,16,15,17,-1,16,17,18,-1,18,17,19,-1,18,19,20,-1,20,19,21,-1,20,21,22,-1,22,21,23,-1,22,23,24,-1,24,23,25,-1,24,25,26,-1,26,25,27,-1,26,27,28,-1,28,27,29,-1,28,29,30,-1,30,29,31,-1,30,31,32,-1,32,31,33,-1,32,33,34,-1,34,33,35,-1,34,35,36,-1,36,35,37,-1,36,37,38,-1,38,37,39,-1,38,39,40,-1,40,39,41,-1,40,41,42,-1,42,41,43,-1,42,43,44,-1,44,43,45,-1,44,45,46,-1,46,45,47,-1,46,47,48,-1,48,47,49,-1,48,49,50,-1,50,49,51,-1,50,51,52,-1,52,51,0,-1,52,0,2,-1,31,53,33,-1,33,53,54,-1,33,54,35,-1,35,54,55,-1,35,55,37,-1,37,55,56,-1,37,56,39,-1,39,56,57,-1,39,57,41,-1,41,57,58,-1,41,58,43,-1,43,58,59,-1,43,59,45,-1,45,59,60,-1,45,60,47,-1,47,60,61,-1,47,61,49,-1,49,61,62,-1,49,62,51,-1,51,62,63,-1,51,63,0,-1,0,63,64,-1,0,64,1,-1,1,64,65,-1,1,65,3,-1,3,65,66,-1,3,66,5,-1,5,66,67,-1,5,67,7,-1,7,67,68,-1,7,68,9,-1,9,68,69,-1,9,69,11,-1,11,69,70,-1,11,70,13,-1,13,70,71,-1,13,71,15,-1,15,71,72,-1,15,72,17,-1,17,72,73,-1,17,73,19,-1,19,73,74,-1,19,74,21,-1,21,74,75,-1,21,75,23,-1,23,75,76,-1,23,76,25,-1,25,76,77,-1,25,77,27,-1,27,77,78,-1,27,78,29,-1,29,78,79,-1,29,79,31,-1,31,79,53,-1,80,81,53,-1,53,81,82,-1,53,82,54,-1,54,82,83,-1,54,83,55,-1,55,83,84,-1,55,84,56,-1,56,84,85,-1,56,85,57,-1,57,85,86,-1,57,86,58,-1,58,86,87,-1,58,87,59,-1,59,87,88,-1,59,88,60,-1,60,88,89,-1,60,89,61,-1,61,89,90,-1,61,90,62,-1,62,90,91,-1,62,91,63,-1,63,91,92,-1,63,92,64,-1,64,92,93,-1,64,93,65,-1,65,93,94,-1,65,94,66,-1,66,94,95,-1,66,95,67,-1,67,95,96,-1,67,96,68,-1,68,96,97,-1,68,97,69,-1,69,97,98,-1,69,98,70,-1,70,98,99,-1,70,99,71,-1,71,99,100,-1,71,100,72,-1,72,100,101,-1,72,101,73,-1,73,101,102,-1,73,102,74,-1,74,102,103,-1,74,103,75,-1,75,103,104,-1,75,104,76,-1,76,104,105,-1,76,105,77,-1,77,105,106,-1,77,106,78,-1,78,106,107,-1,78,107,79,-1,79,107,80,-1,79,80,53,-1,
        ]
    }
}
Shape{
    appearance Appearance {
        material  Material 	{
            diffuseColor 0.8509803921568627 0.8509803921568627 0.8509803921568627
            specularColor 0.4235294117647059 0.4235294117647059 0.4235294117647059
            ambientIntensity 0.2
            transparency 0
            shininess 0.5
        }
    }
    geometry IndexedFaceSet {
        ccw TRUE
        solid FALSE
        coord DEF co Coordinate {
            point [
                1.3491 -0.0394 -2.3228, 1.3413 -0.0204 -2.3228, 1.4173 0.0 -2.3228, 1.3386 0.0 -2.3228, 1.3413 0.0204 -2.3228, 1.3969 -0.0761 -2.3228, 1.378 -0.0682 -2.3228, 1.3616 -0.0557 -2.3228, 1.4567 -0.0682 -2.3228, 1.4377 -0.0761 -2.3228, 1.4173 -0.0787 -2.3228, 1.4934 -0.0204 -2.3228, 1.4855 -0.0394 -2.3228, 1.473 -0.0557 -2.3228, 1.4855 0.0394 -2.3228, 1.4934 0.0204 -2.3228, 1.4961 0.0 -2.3228, 1.4377 0.0761 -2.3228, 1.4567 0.0682 -2.3228, 1.473 0.0557 -2.3228, 1.378 0.0682 -2.3228, 1.3969 0.0761 -2.3228, 1.4173 0.0787 -2.3228, 1.3491 0.0394 -2.3228, 1.3616 0.0557 -2.3228, 1.4961 0.0 -0.1969, 1.4934 0.0204 -0.1969, 1.4855 0.0394 -0.1969, 1.473 0.0557 -0.1969, 1.4567 0.0682 -0.1969, 1.4377 0.0761 -0.1969, 1.4173 0.0787 -0.1969, 1.3969 0.0761 -0.1969, 1.378 0.0682 -0.1969, 1.3616 0.0557 -0.1969, 1.3491 0.0394 -0.1969, 1.3413 0.0204 -0.1969, 1.3386 0.0 -0.1969, 1.3413 -0.0204 -0.1969, 1.3491 -0.0394 -0.1969, 1.3616 -0.0557 -0.1969, 1.378 -0.0682 -0.1969, 1.3969 -0.0761 -0.1969, 1.4173 -0.0787 -0.1969, 1.4377 -0.0761 -0.1969, 1.4567 -0.0682 -0.1969, 1.473 -0.0557 -0.1969, 1.4855 -0.0394 -0.1969, 1.4934 -0.0204 -0.1969, 1.2205 -0.0 -0.0787, 1.241 0.0 -0.0805, 1.2205 -0.0204 -0.0761, 1.2414 -0.0204 -0.0779, 1.2205 -0.0394 -0.0682, 1.2428 -0.0394 -0.0701, 1.2205 -0.0557 -0.0557, 1.245 -0.0557 -0.0578, 1.2205 -0.0682 -0.0394, 1.2478 -0.0682 -0.0418, 1.2205 -0.0761 -0.0204, 1.2511 -0.0761 -0.0231, 1.2205 -0.0787 -0.0, 1.2547 -0.0787 -0.003, 1.2205 -0.0761 0.0204, 1.2582 -0.0761 0.0171, 1.2205 -0.0682 0.0394, 1.2615 -0.0682 0.0358, 1.2205 -0.0557 0.0557, 1.2643 -0.0557 0.0518, 1.2205 -0.0394 0.0682, 1.2665 -0.0394 0.0642, 1.2205 -0.0204 0.0761, 1.2679 -0.0204 0.0719, 1.2205 0.0 0.0787, 1.2683 0.0 0.0746, 1.2205 0.0204 0.0761, 1.2679 0.0204 0.0719, 1.2205 0.0394 0.0682, 1.2665 0.0394 0.0642, 1.2205 0.0557 0.0557, 1.2643 0.0557 0.0518, 1.2205 0.0682 0.0394, 1.2615 0.0682 0.0358, 1.2205 0.0761 0.0204, 1.2582 0.0761 0.0171, 1.2205 0.0787 -0.0, 1.2547 0.0787 -0.003, 1.2205 0.0761 -0.0204, 1.2511 0.0761 -0.0231, 1.2205 0.0682 -0.0394, 1.2478 0.0682 -0.0418, 1.2205 0.0557 -0.0557, 1.245 0.0557 -0.0578, 1.2205 0.0394 -0.0682, 1.2428 0.0394 -0.0701, 1.2205 0.0204 -0.0761, 1.2414 0.0204 -0.0779, 1.2609 0.0 -0.0859, 1.2618 -0.0204 -0.0833, 1.2645 -0.0394 -0.076, 1.2688 -0.0557 -0.0642, 1.2743 -0.0682 -0.0489, 1.2808 -0.0761 -0.031, 1.2878 -0.0787 -0.0119, 1.2948 -0.0761 0.0073, 1.3013 -0.0682 0.0251, 1.3068 -0.0557 0.0404, 1.3111 -0.0394 0.0522, 1.3138 -0.0204 0.0596, 1.3147 0.0 0.0621, 1.3138 0.0204 0.0596, 1.3111 0.0394 0.0522, 1.3068 0.0557 0.0404, 1.3013 0.0682 0.0251, 1.2948 0.0761 0.0073, 1.2878 0.0787 -0.0119, 1.2808 0.0761 -0.031, 1.2743 0.0682 -0.0489, 1.2688 0.0557 -0.0642, 1.2645 0.0394 -0.076, 1.2618 0.0204 -0.0833, 1.2795 0.0 -0.0946, 1.2809 -0.0204 -0.0922, 1.2848 -0.0394 -0.0854, 1.2911 -0.0557 -0.0746, 1.2992 -0.0682 -0.0605, 1.3087 -0.0761 -0.044, 1.3189 -0.0787 -0.0264, 1.3291 -0.0761 -0.0087, 1.3386 -0.0682 0.0077, 1.3467 -0.0557 0.0218, 1.353 -0.0394 0.0327, 1.3569 -0.0204 0.0395, 1.3583 0.0 0.0418, 1.3569 0.0204 0.0395, 1.353 0.0394 0.0327, 1.3467 0.0557 0.0218, 1.3386 0.0682 0.0077, 1.3291 0.0761 -0.0087, 1.3189 0.0787 -0.0264, 1.3087 0.0761 -0.044, 1.2992 0.0682 -0.0605, 1.2911 0.0557 -0.0746, 1.2848 0.0394 -0.0854, 1.2809 0.0204 -0.0922, 1.2964 0.0 -0.1064, 1.2981 -0.0204 -0.1043, 1.3032 -0.0394 -0.0983, 1.3112 -0.0557 -0.0887, 1.3217 -0.0682 -0.0762, 1.3339 -0.0761 -0.0617, 1.347 -0.0787 -0.0461, 1.3601 -0.0761 -0.0304, 1.3723 -0.0682 -0.0159, 1.3828 -0.0557 -0.0034, 1.3908 -0.0394 0.0062, 1.3959 -0.0204 0.0122, 1.3976 0.0 0.0143, 1.3959 0.0204 0.0122, 1.3908 0.0394 0.0062, 1.3828 0.0557 -0.0034, 1.3723 0.0682 -0.0159, 1.3601 0.0761 -0.0304, 1.347 0.0787 -0.0461, 1.3339 0.0761 -0.0617, 1.3217 0.0682 -0.0762, 1.3112 0.0557 -0.0887, 1.3032 0.0394 -0.0983, 1.2981 0.0204 -0.1043, 1.311 0.0 -0.1209, 1.313 -0.0204 -0.1192, 1.319 -0.0394 -0.1141, 1.3286 -0.0557 -0.1061, 1.3411 -0.0682 -0.0956, 1.3557 -0.0761 -0.0834, 1.3713 -0.0787 -0.0703, 1.3869 -0.0761 -0.0572, 1.4014 -0.0682 -0.045, 1.4139 -0.0557 -0.0345, 1.4235 -0.0394 -0.0265, 1.4295 -0.0204 -0.0214, 1.4316 0.0 -0.0197, 1.4295 0.0204 -0.0214, 1.4235 0.0394 -0.0265, 1.4139 0.0557 -0.0345, 1.4014 0.0682 -0.045, 1.3869 0.0761 -0.0572, 1.3713 0.0787 -0.0703, 1.3557 0.0761 -0.0834, 1.3411 0.0682 -0.0956, 1.3286 0.0557 -0.1061, 1.319 0.0394 -0.1141, 1.313 0.0204 -0.1192, 1.3228 0.0 -0.1378, 1.3251 -0.0204 -0.1365, 1.3319 -0.0394 -0.1325, 1.3427 -0.0557 -0.1263, 1.3569 -0.0682 -0.1181, 1.3733 -0.0761 -0.1086, 1.3909 -0.0787 -0.0984, 1.4086 -0.0761 -0.0882, 1.425 -0.0682 -0.0787, 1.4392 -0.0557 -0.0706, 1.45 -0.0394 -0.0643, 1.4568 -0.0204 -0.0604, 1.4591 0.0 -0.0591, 1.4568 0.0204 -0.0604, 1.45 0.0394 -0.0643, 1.4392 0.0557 -0.0706, 1.425 0.0682 -0.0787, 1.4086 0.0761 -0.0882, 1.3909 0.0787 -0.0984, 1.3733 0.0761 -0.1086, 1.3569 0.0682 -0.1181, 1.3427 0.0557 -0.1263, 1.3319 0.0394 -0.1325, 1.3251 0.0204 -0.1365, 1.3315 0.0 -0.1565, 1.334 -0.0204 -0.1555, 1.3414 -0.0394 -0.1528, 1.3531 -0.0557 -0.1486, 1.3685 -0.0682 -0.143, 1.3863 -0.0761 -0.1365, 1.4055 -0.0787 -0.1295, 1.4246 -0.0761 -0.1226, 1.4424 -0.0682 -0.1161, 1.4578 -0.0557 -0.1105, 1.4695 -0.0394 -0.1062, 1.4769 -0.0204 -0.1035, 1.4794 0.0 -0.1026, 1.4769 0.0204 -0.1035, 1.4695 0.0394 -0.1062, 1.4578 0.0557 -0.1105, 1.4424 0.0682 -0.1161, 1.4246 0.0761 -0.1226, 1.4055 0.0787 -0.1295, 1.3863 0.0761 -0.1365, 1.3685 0.0682 -0.143, 1.3531 0.0557 -0.1486, 1.3414 0.0394 -0.1528, 1.334 0.0204 -0.1555, 1.3368 0.0 -0.1763, 1.3394 -0.0204 -0.1759, 1.3472 -0.0394 -0.1745, 1.3595 -0.0557 -0.1723, 1.3756 -0.0682 -0.1695, 1.3943 -0.0761 -0.1662, 1.4143 -0.0787 -0.1627, 1.4344 -0.0761 -0.1591, 1.4531 -0.0682 -0.1558, 1.4692 -0.0557 -0.153, 1.4815 -0.0394 -0.1508, 1.4892 -0.0204 -0.1495, 1.4919 0.0 -0.149, 1.4892 0.0204 -0.1495, 1.4815 0.0394 -0.1508, 1.4692 0.0557 -0.153, 1.4531 0.0682 -0.1558, 1.4344 0.0761 -0.1591, 1.4143 0.0787 -0.1627, 1.3943 0.0761 -0.1662, 1.3756 0.0682 -0.1695, 1.3595 0.0557 -0.1723, 1.3472 0.0394 -0.1745, 1.3394 0.0204 -0.1759, 0.6299 0.0 0.0787, 0.6299 0.0204 0.0761, 0.6299 0.0394 0.0682, 0.6299 0.0557 0.0557, 0.6299 0.0682 0.0394, 0.6299 0.0761 0.0204, 0.6299 0.0787 0.0, 0.6299 0.0761 -0.0204, 0.6299 0.0682 -0.0394, 0.6299 0.0557 -0.0557, 0.6299 0.0394 -0.0682, 0.6299 0.0204 -0.0761, 0.6299 0.0 -0.0787, 0.6299 -0.0204 -0.0761, 0.6299 -0.0394 -0.0682, 0.6299 -0.0557 -0.0557, 0.6299 -0.0682 -0.0394, 0.6299 -0.0761 -0.0204, 0.6299 -0.0787 -0.0, 0.6299 -0.0761 0.0204, 0.6299 -0.0682 0.0394, 0.6299 -0.0557 0.0557, 0.6299 -0.0394 0.0682, 0.6299 -0.0204 0.0761, 0.6299 -0.0204 0.0761
            ]
        }
        coordIndex [
            0,1,2,-1,2,1,3,-1,2,3,4,-1,5,6,2,-1,2,6,7,-1,2,7,0,-1,8,9,2,-1,2,9,10,-1,2,10,5,-1,11,12,2,-1,2,12,13,-1,2,13,8,-1,14,15,2,-1,2,15,16,-1,2,16,11,-1,17,18,2,-1,2,18,19,-1,2,19,14,-1,20,21,2,-1,2,21,22,-1,2,22,17,-1,4,23,2,-1,2,23,24,-1,2,24,20,-1,25,15,26,-1,26,15,14,-1,26,14,27,-1,27,14,19,-1,27,19,28,-1,28,19,18,-1,28,18,29,-1,29,18,17,-1,29,17,30,-1,30,17,22,-1,30,22,31,-1,31,22,21,-1,31,21,32,-1,32,21,20,-1,32,20,33,-1,33,20,24,-1,33,24,34,-1,34,24,23,-1,34,23,35,-1,35,23,4,-1,35,4,36,-1,36,4,3,-1,36,3,37,-1,37,3,1,-1,37,1,38,-1,38,1,0,-1,38,0,39,-1,39,0,7,-1,39,7,40,-1,40,7,6,-1,40,6,41,-1,41,6,5,-1,41,5,42,-1,42,5,10,-1,42,10,43,-1,43,10,9,-1,43,9,44,-1,44,9,8,-1,44,8,45,-1,45,8,13,-1,45,13,46,-1,46,13,12,-1,46,12,47,-1,47,12,11,-1,47,11,48,-1,48,11,16,-1,48,16,25,-1,25,16,15,-1,49,50,51,-1,51,50,52,-1,51,52,53,-1,53,52,54,-1,53,54,55,-1,55,54,56,-1,55,56,57,-1,57,56,58,-1,57,58,59,-1,59,58,60,-1,59,60,61,-1,61,60,62,-1,61,62,63,-1,63,62,64,-1,63,64,65,-1,65,64,66,-1,65,66,67,-1,67,66,68,-1,67,68,69,-1,69,68,70,-1,69,70,71,-1,71,70,72,-1,71,72,73,-1,73,72,74,-1,73,74,75,-1,75,74,76,-1,75,76,77,-1,77,76,78,-1,77,78,79,-1,79,78,80,-1,79,80,81,-1,81,80,82,-1,81,82,83,-1,83,82,84,-1,83,84,85,-1,85,84,86,-1,85,86,87,-1,87,86,88,-1,87,88,89,-1,89,88,90,-1,89,90,91,-1,91,90,92,-1,91,92,93,-1,93,92,94,-1,93,94,95,-1,95,94,96,-1,95,96,49,-1,49,96,50,-1,50,97,52,-1,52,97,98,-1,52,98,54,-1,54,98,99,-1,54,99,56,-1,56,99,100,-1,56,100,58,-1,58,100,101,-1,58,101,60,-1,60,101,102,-1,60,102,62,-1,62,102,103,-1,62,103,64,-1,64,103,104,-1,64,104,66,-1,66,104,105,-1,66,105,68,-1,68,105,106,-1,68,106,70,-1,70,106,107,-1,70,107,72,-1,72,107,108,-1,72,108,74,-1,74,108,109,-1,74,109,76,-1,76,109,110,-1,76,110,78,-1,78,110,111,-1,78,111,80,-1,80,111,112,-1,80,112,82,-1,82,112,113,-1,82,113,84,-1,84,113,114,-1,84,114,86,-1,86,114,115,-1,86,115,88,-1,88,115,116,-1,88,116,90,-1,90,116,117,-1,90,117,92,-1,92,117,118,-1,92,118,94,-1,94,118,119,-1,94,119,96,-1,96,119,120,-1,96,120,50,-1,50,120,97,-1,97,121,98,-1,98,121,122,-1,98,122,99,-1,99,122,123,-1,99,123,100,-1,100,123,124,-1,100,124,101,-1,101,124,125,-1,101,125,102,-1,102,125,126,-1,102,126,103,-1,103,126,127,-1,103,127,104,-1,104,127,128,-1,104,128,105,-1,105,128,129,-1,105,129,106,-1,106,129,130,-1,106,130,107,-1,107,130,131,-1,107,131,108,-1,108,131,132,-1,108,132,109,-1,109,132,133,-1,109,133,110,-1,110,133,134,-1,110,134,111,-1,111,134,135,-1,111,135,112,-1,112,135,136,-1,112,136,113,-1,113,136,137,-1,113,137,114,-1,114,137,138,-1,114,138,115,-1,115,138,139,-1,115,139,116,-1,116,139,140,-1,116,140,117,-1,117,140,141,-1,117,141,118,-1,118,141,142,-1,118,142,119,-1,119,142,143,-1,119,143,120,-1,120,143,144,-1,120,144,97,-1,97,144,121,-1,121,145,122,-1,122,145,146,-1,122,146,123,-1,123,146,147,-1,123,147,124,-1,124,147,148,-1,124,148,125,-1,125,148,149,-1,125,149,126,-1,126,149,150,-1,126,150,127,-1,127,150,151,-1,127,151,128,-1,128,151,152,-1,128,152,129,-1,129,152,153,-1,129,153,130,-1,130,153,154,-1,130,154,131,-1,131,154,155,-1,131,155,132,-1,132,155,156,-1,132,156,133,-1,133,156,157,-1,133,157,134,-1,134,157,158,-1,134,158,135,-1,135,158,159,-1,135,159,136,-1,136,159,160,-1,136,160,137,-1,137,160,161,-1,137,161,138,-1,138,161,162,-1,138,162,139,-1,139,162,163,-1,139,163,140,-1,140,163,164,-1,140,164,141,-1,141,164,165,-1,141,165,142,-1,142,165,166,-1,142,166,143,-1,143,166,167,-1,143,167,144,-1,144,167,168,-1,144,168,121,-1,121,168,145,-1,145,169,146,-1,146,169,170,-1,146,170,147,-1,147,170,171,-1,147,171,148,-1,148,171,172,-1,148,172,149,-1,149,172,173,-1,149,173,150,-1,150,173,174,-1,150,174,151,-1,151,174,175,-1,151,175,152,-1,152,175,176,-1,152,176,153,-1,153,176,177,-1,153,177,154,-1,154,177,178,-1,154,178,155,-1,155,178,179,-1,155,179,156,-1,156,179,180,-1,156,180,157,-1,157,180,181,-1,157,181,158,-1,158,181,182,-1,158,182,159,-1,159,182,183,-1,159,183,160,-1,160,183,184,-1,160,184,161,-1,161,184,185,-1,161,185,162,-1,162,185,186,-1,162,186,163,-1,163,186,187,-1,163,187,164,-1,164,187,188,-1,164,188,165,-1,165,188,189,-1,165,189,166,-1,166,189,190,-1,166,190,167,-1,167,190,191,-1,167,191,168,-1,168,191,192,-1,168,192,145,-1,145,192,169,-1,169,193,170,-1,170,193,194,-1,170,194,171,-1,171,194,195,-1,171,195,172,-1,172,195,196,-1,172,196,173,-1,173,196,197,-1,173,197,174,-1,174,197,198,-1,174,198,175,-1,175,198,199,-1,175,199,176,-1,176,199,200,-1,176,200,177,-1,177,200,201,-1,177,201,178,-1,178,201,202,-1,178,202,179,-1,179,202,203,-1,179,203,180,-1,180,203,204,-1,180,204,181,-1,181,204,205,-1,181,205,182,-1,182,205,206,-1,182,206,183,-1,183,206,207,-1,183,207,184,-1,184,207,208,-1,184,208,185,-1,185,208,209,-1,185,209,186,-1,186,209,210,-1,186,210,187,-1,187,210,211,-1,187,211,188,-1,188,211,212,-1,188,212,189,-1,189,212,213,-1,189,213,190,-1,190,213,214,-1,190,214,191,-1,191,214,215,-1,191,215,192,-1,192,215,216,-1,192,216,169,-1,169,216,193,-1,193,217,194,-1,194,217,218,-1,194,218,195,-1,195,218,219,-1,195,219,196,-1,196,219,220,-1,196,220,197,-1,197,220,221,-1,197,221,198,-1,198,221,222,-1,198,222,199,-1,199,222,223,-1,199,223,200,-1,200,223,224,-1,200,224,201,-1,201,224,225,-1,201,225,202,-1,202,225,226,-1,202,226,203,-1,203,226,227,-1,203,227,204,-1,204,227,228,-1,204,228,205,-1,205,228,229,-1,205,229,206,-1,206,229,230,-1,206,230,207,-1,207,230,231,-1,207,231,208,-1,208,231,232,-1,208,232,209,-1,209,232,233,-1,209,233,210,-1,210,233,234,-1,210,234,211,-1,211,234,235,-1,211,235,212,-1,212,235,236,-1,212,236,213,-1,213,236,237,-1,213,237,214,-1,214,237,238,-1,214,238,215,-1,215,238,239,-1,215,239,216,-1,216,239,240,-1,216,240,193,-1,193,240,217,-1,217,241,218,-1,218,241,242,-1,218,242,219,-1,219,242,243,-1,219,243,220,-1,220,243,244,-1,220,244,221,-1,221,244,245,-1,221,245,222,-1,222,245,246,-1,222,246,223,-1,223,246,247,-1,223,247,224,-1,224,247,248,-1,224,248,225,-1,225,248,249,-1,225,249,226,-1,226,249,250,-1,226,250,227,-1,227,250,251,-1,227,251,228,-1,228,251,252,-1,228,252,229,-1,229,252,253,-1,229,253,230,-1,230,253,254,-1,230,254,231,-1,231,254,255,-1,231,255,232,-1,232,255,256,-1,232,256,233,-1,233,256,257,-1,233,257,234,-1,234,257,258,-1,234,258,235,-1,235,258,259,-1,235,259,236,-1,236,259,260,-1,236,260,237,-1,237,260,261,-1,237,261,238,-1,238,261,262,-1,238,262,239,-1,239,262,263,-1,239,263,240,-1,240,263,264,-1,240,264,217,-1,217,264,241,-1,241,37,242,-1,242,37,38,-1,242,38,243,-1,243,38,39,-1,243,39,244,-1,244,39,40,-1,244,40,245,-1,245,40,41,-1,245,41,246,-1,246,41,42,-1,246,42,247,-1,247,42,43,-1,247,43,248,-1,248,43,44,-1,248,44,249,-1,249,44,45,-1,249,45,250,-1,250,45,46,-1,250,46,251,-1,251,46,47,-1,251,47,252,-1,252,47,48,-1,252,48,253,-1,253,48,25,-1,253,25,254,-1,254,25,26,-1,254,26,255,-1,255,26,27,-1,255,27,256,-1,256,27,28,-1,256,28,257,-1,257,28,29,-1,257,29,258,-1,258,29,30,-1,258,30,259,-1,259,30,31,-1,259,31,260,-1,260,31,32,-1,260,32,261,-1,261,32,33,-1,261,33,262,-1,262,33,34,-1,262,34,263,-1,263,34,35,-1,263,35,264,-1,264,35,36,-1,264,36,241,-1,241,36,37,-1,265,75,266,-1,266,75,77,-1,266,77,267,-1,267,77,79,-1,267,79,268,-1,268,79,81,-1,268,81,269,-1,269,81,83,-1,269,83,270,-1,270,83,85,-1,270,85,271,-1,271,85,87,-1,271,87,272,-1,272,87,89,-1,272,89,273,-1,273,89,91,-1,273,91,274,-1,274,91,93,-1,274,93,275,-1,275,93,95,-1,275,95,276,-1,276,95,49,-1,276,49,277,-1,277,49,51,-1,277,51,278,-1,278,51,53,-1,278,53,279,-1,279,53,55,-1,279,55,280,-1,280,55,57,-1,280,57,281,-1,281,57,59,-1,281,59,282,-1,282,59,61,-1,282,61,283,-1,283,61,63,-1,283,63,284,-1,284,63,65,-1,284,65,285,-1,285,65,67,-1,285,67,286,-1,286,67,69,-1,286,69,287,-1,287,69,71,-1,287,71,288,-1,288,71,73,-1,288,73,265,-1,265,73,75,-1,
        ]
    }
}
Shape{
    appearance Appearance {
        material  Material 	{
            diffuseColor 0.37254901960784315 0.9490196078431372 1.0
            specularColor 0.18823529411764706 0.4745098039215686 0.5019607843137255
            ambientIntensity 0.2
            transparency 0
            shininess 0.5
        }
    }
    geometry IndexedFaceSet {
        ccw TRUE
        solid FALSE
        coord DEF co Coordinate {
            point [
                0.6299 0.0 -0.0787, 0.6299 -0.0204 -0.0761, 0.6299 -0.0454 -0.2718, 0.6299 0.0394 -0.0682, 0.6299 0.1693 -0.2175, 0.6299 0.0557 -0.0557, 0.6299 0.2028 -0.1867, 0.6299 0.0682 -0.0394, 0.6299 0.0 -0.2756, 0.6299 0.0454 -0.2718, 0.6299 0.0204 -0.0761, 0.6299 0.0895 -0.2607, 0.6299 0.1312 -0.2424, 0.6299 0.0557 0.0557, 0.6299 0.1693 0.2175, 0.6299 0.0394 0.0682, 0.6299 0.1312 0.2424, 0.6299 0.0204 0.0761, 0.6299 0.0761 -0.0204, 0.6299 0.2746 -0.0228, 0.6299 0.0787 0.0, 0.6299 0.2746 0.0228, 0.6299 0.0761 0.0204, 0.6299 -0.0557 -0.0557, 0.6299 -0.1693 -0.2175, 0.6299 -0.0394 -0.0682, 0.6299 -0.1312 -0.2424, 0.6299 -0.0895 -0.2607, 0.6299 -0.0394 0.0682, 0.6299 -0.1693 0.2175, 0.6299 -0.0557 0.0557, 0.6299 -0.2028 0.1867, 0.6299 -0.0682 0.0394, 0.6299 0.0 0.0787, 0.6299 -0.0454 0.2718, 0.6299 -0.0204 0.0761, 0.6299 -0.0895 0.2607, 0.6299 -0.1312 0.2424, 0.6299 0.0895 0.2607, 0.6299 0.0454 0.2718, 0.6299 -0.0 0.2756, 0.6299 0.2672 0.0677, 0.6299 0.2524 0.1107, 0.6299 0.0682 0.0394, 0.6299 0.2307 0.1507, 0.6299 0.2028 0.1867, 0.6299 0.2307 -0.1507, 0.6299 0.2524 -0.1107, 0.6299 0.2672 -0.0677, 0.6299 -0.0761 -0.0204, 0.6299 -0.2524 -0.1107, 0.6299 -0.0682 -0.0394, 0.6299 -0.2307 -0.1507, 0.6299 -0.2028 -0.1867, 0.6299 -0.0787 -0.0, 0.6299 -0.2746 -0.0228, 0.6299 -0.2672 -0.0677, 0.6299 -0.2307 0.1507, 0.6299 -0.2524 0.1107, 0.6299 -0.0761 0.0204, 0.6299 -0.2672 0.0677, 0.6299 -0.2746 0.0228, 0.5512 -0.1587 0.316, 0.5716 -0.1674 0.3093, 0.5716 -0.1142 0.3326, 0.5512 -0.1686 0.3116, 0.5512 -0.2176 0.2796, 0.5716 -0.216 0.2775, 0.5512 -0.2272 0.2708, 0.5716 -0.2587 0.2382, 0.5512 -0.2607 0.24, 0.5716 -0.2944 0.1923, 0.5512 -0.2833 0.2109, 0.5512 -0.2966 0.1938, 0.5512 -0.3245 0.1423, 0.5716 -0.322 0.1413, 0.5512 -0.3252 0.1403, 0.5716 -0.3409 0.0863, 0.5512 -0.3435 0.087, 0.5512 -0.3478 0.0613, 0.5716 -0.3504 0.029, 0.5512 -0.3531 0.0293, 0.5512 -0.3531 -0.0206, 0.5716 -0.3504 -0.029, 0.5512 -0.3531 -0.0293, 0.5512 -0.3435 -0.087, 0.5716 -0.3409 -0.0863, 0.5512 -0.3386 -0.1013, 0.5716 -0.322 -0.1413, 0.5512 -0.3245 -0.1423, 0.5716 -0.2944 -0.1923, 0.5512 -0.3059 -0.1767, 0.5512 -0.2966 -0.1938, 0.5512 -0.2607 -0.24, 0.5716 -0.2587 -0.2382, 0.5512 -0.2575 -0.2429, 0.5716 -0.216 -0.2775, 0.5512 -0.2176 -0.2796, 0.5512 -0.194 -0.295, 0.5716 -0.1674 -0.3093, 0.5512 -0.1686 -0.3116, 0.5512 -0.121 -0.3325, 0.5716 -0.1142 -0.3326, 0.5512 -0.1151 -0.3351, 0.5512 -0.0583 -0.3495, 0.5716 -0.0579 -0.3469, 0.5512 -0.0411 -0.3509, 0.5716 -0.0 -0.3516, 0.5512 -0.0 -0.3543, 0.5716 0.0579 -0.3469, 0.5512 0.0411 -0.3509, 0.5512 0.0583 -0.3495, 0.5512 0.1151 -0.3351, 0.5716 0.1142 -0.3326, 0.5512 0.121 -0.3325, 0.5716 0.1674 -0.3093, 0.5512 0.1686 -0.3116, 0.5716 0.216 -0.2775, 0.5512 0.194 -0.295, 0.5512 0.2176 -0.2796, 0.5512 0.2575 -0.2429, 0.5716 0.2587 -0.2382, 0.5512 0.2607 -0.24, 0.5512 0.2966 -0.1938, 0.5716 0.2944 -0.1923, 0.5512 0.3059 -0.1767, 0.5716 0.322 -0.1413, 0.5512 0.3245 -0.1423, 0.5716 0.3409 -0.0863, 0.5512 0.3386 -0.1013, 0.5512 0.3435 -0.087, 0.5512 0.3531 -0.0293, 0.5716 0.3504 -0.029, 0.5512 0.3531 -0.0206, 0.5716 0.3504 0.029, 0.5512 0.3531 0.0293, 0.5716 0.3409 0.0863, 0.5512 0.3478 0.0613, 0.5512 0.3435 0.087, 0.5512 0.3252 0.1403, 0.5716 0.322 0.1413, 0.5512 0.3245 0.1423, 0.5512 0.2966 0.1938, 0.5716 0.2944 0.1923, 0.5512 0.2833 0.2109, 0.5716 0.2587 0.2382, 0.5512 0.2607 0.24, 0.5716 0.216 0.2775, 0.5512 0.2272 0.2708, 0.5512 0.2176 0.2796, 0.5512 0.1686 0.3116, 0.5716 0.1674 0.3093, 0.5512 0.1587 0.316, 0.5716 0.1142 0.3326, 0.5512 0.1151 0.3351, 0.5716 0.0579 0.3469, 0.5512 0.0814 0.3436, 0.5512 0.0583 0.3495, 0.5512 0.0 0.3543, 0.5716 0.0 0.3516, 0.5512 -0.0583 0.3495, 0.5716 -0.0579 0.3469, 0.5512 -0.0814 0.3436, 0.5512 -0.1151 0.3351, 0.5906 0.0566 0.3391, 0.5906 0.1116 0.3252, 0.5906 0.1636 0.3023, 0.5906 0.2112 0.2713, 0.5906 0.2529 0.2328, 0.5906 0.2878 0.188, 0.5906 0.3148 0.1381, 0.5906 0.3333 0.0844, 0.5906 0.3426 0.0284, 0.5906 0.3426 -0.0284, 0.5906 0.3333 -0.0844, 0.5906 0.3148 -0.1381, 0.5906 0.2878 -0.188, 0.5906 0.2529 -0.2328, 0.5906 0.2112 -0.2713, 0.5906 0.1636 -0.3023, 0.5906 0.1116 -0.3252, 0.5906 0.0566 -0.3391, 0.5906 -0.0 -0.3438, 0.5906 -0.0566 -0.3391, 0.5906 -0.1116 -0.3252, 0.5906 -0.1636 -0.3023, 0.5906 -0.2112 -0.2713, 0.5906 -0.2529 -0.2328, 0.5906 -0.2878 -0.188, 0.5906 -0.3148 -0.1381, 0.5906 -0.3333 -0.0844, 0.5906 -0.3426 -0.0284, 0.5906 -0.3426 0.0284, 0.5906 -0.3333 0.0844, 0.5906 -0.3148 0.1381, 0.5906 -0.2878 0.188, 0.5906 -0.2529 0.2328, 0.5906 -0.2112 0.2713, 0.5906 -0.1636 0.3023, 0.5906 -0.1116 0.3252, 0.5906 -0.0566 0.3391, 0.5906 0.0 0.3438, 0.6069 0.0545 0.3268, 0.6069 0.1076 0.3133, 0.6069 0.1577 0.2913, 0.6069 0.2035 0.2614, 0.6069 0.2437 0.2244, 0.6069 0.2773 0.1812, 0.6069 0.3034 0.1331, 0.6069 0.3211 0.0813, 0.6069 0.3301 0.0274, 0.6069 0.3301 -0.0274, 0.6069 0.3211 -0.0813, 0.6069 0.3034 -0.1331, 0.6069 0.2773 -0.1812, 0.6069 0.2437 -0.2244, 0.6069 0.2035 -0.2614, 0.6069 0.1577 -0.2913, 0.6069 0.1076 -0.3133, 0.6069 0.0545 -0.3268, 0.6069 -0.0 -0.3313, 0.6069 -0.0545 -0.3268, 0.6069 -0.1076 -0.3133, 0.6069 -0.1577 -0.2913, 0.6069 -0.2035 -0.2614, 0.6069 -0.2437 -0.2244, 0.6069 -0.2773 -0.1812, 0.6069 -0.3034 -0.1331, 0.6069 -0.3211 -0.0813, 0.6069 -0.3301 -0.0274, 0.6069 -0.3301 0.0274, 0.6069 -0.3211 0.0813, 0.6069 -0.3034 0.1331, 0.6069 -0.2773 0.1812, 0.6069 -0.2437 0.2244, 0.6069 -0.2035 0.2614, 0.6069 -0.1577 0.2913, 0.6069 -0.1076 0.3133, 0.6069 -0.0545 0.3268, 0.6069 0.0 0.3313, 0.6194 0.0518 0.3107, 0.6194 0.1023 0.2979, 0.6194 0.1499 0.277, 0.6194 0.1935 0.2485, 0.6194 0.2317 0.2133, 0.6194 0.2637 0.1723, 0.6194 0.2884 0.1265, 0.6194 0.3053 0.0773, 0.6194 0.3139 0.026, 0.6194 0.3139 -0.026, 0.6194 0.3053 -0.0773, 0.6194 0.2884 -0.1265, 0.6194 0.2637 -0.1723, 0.6194 0.2317 -0.2133, 0.6194 0.1935 -0.2485, 0.6194 0.1499 -0.277, 0.6194 0.1023 -0.2979, 0.6194 0.0518 -0.3107, 0.6194 -0.0 -0.315, 0.6194 -0.0518 -0.3107, 0.6194 -0.1023 -0.2979, 0.6194 -0.1499 -0.277, 0.6194 -0.1935 -0.2485, 0.6194 -0.2317 -0.2133, 0.6194 -0.2637 -0.1723, 0.6194 -0.2884 -0.1265, 0.6194 -0.3053 -0.0773, 0.6194 -0.3139 -0.026, 0.6194 -0.3139 0.026, 0.6194 -0.3053 0.0773, 0.6194 -0.2884 0.1265, 0.6194 -0.2637 0.1723, 0.6194 -0.2317 0.2133, 0.6194 -0.1935 0.2485, 0.6194 -0.1499 0.277, 0.6194 -0.1023 0.2979, 0.6194 -0.0518 0.3107, 0.6194 0.0 0.315, 0.6272 0.0487 0.2919, 0.6272 0.0961 0.2799, 0.6272 0.1409 0.2603, 0.6272 0.1818 0.2336, 0.6272 0.2178 0.2005, 0.6272 0.2478 0.1619, 0.6272 0.271 0.1189, 0.6272 0.2869 0.0727, 0.6272 0.295 0.0244, 0.6272 0.295 -0.0244, 0.6272 0.2869 -0.0727, 0.6272 0.271 -0.1189, 0.6272 0.2478 -0.1619, 0.6272 0.2178 -0.2005, 0.6272 0.1818 -0.2336, 0.6272 0.1409 -0.2603, 0.6272 0.0961 -0.2799, 0.6272 0.0487 -0.2919, 0.6272 -0.0 -0.296, 0.6272 -0.0487 -0.2919, 0.6272 -0.0961 -0.2799, 0.6272 -0.1409 -0.2603, 0.6272 -0.1818 -0.2336, 0.6272 -0.2178 -0.2005, 0.6272 -0.2478 -0.1619, 0.6272 -0.271 -0.1189, 0.6272 -0.2869 -0.0727, 0.6272 -0.295 -0.0244, 0.6272 -0.295 0.0244, 0.6272 -0.2869 0.0727, 0.6272 -0.271 0.1189, 0.6272 -0.2478 0.1619, 0.6272 -0.2178 0.2005, 0.6272 -0.1818 0.2336, 0.6272 -0.1409 0.2603, 0.6272 -0.0961 0.2799, 0.6272 -0.0487 0.2919, 0.6272 0.0 0.296, 0.315 -0.3232 0.1394, 0.315 -0.3069 0.1772, 0.315 -0.2823 0.2102, 0.315 -0.2577 0.2432, 0.315 -0.2262 0.2696, 0.315 -0.3372 -0.1009, 0.315 -0.3489 -0.0615, 0.315 -0.3513 -0.0205, 0.315 -0.3537 0.0206, 0.315 -0.3466 0.0611, 0.315 -0.3394 0.1016, 0.315 -0.256 -0.2415, 0.315 -0.2842 -0.2116, 0.315 -0.3048 -0.176, 0.315 -0.3254 -0.1403, 0.315 -0.0409 -0.3496, 0.315 -0.0817 -0.3448, 0.315 -0.1204 -0.3307, 0.315 -0.159 -0.3166, 0.315 -0.1934 -0.294, 0.315 -0.2278 -0.2714, 0.315 0.1204 -0.3307, 0.315 0.0817 -0.3448, 0.315 0.0409 -0.3496, 0.315 0.0 -0.3543, 0.315 0.3048 -0.176, 0.315 0.2842 -0.2116, 0.315 0.256 -0.2415, 0.315 0.2278 -0.2714, 0.315 0.1934 -0.294, 0.315 0.159 -0.3166, 0.315 0.3513 -0.0205, 0.315 0.3489 -0.0615, 0.315 0.3372 -0.1009, 0.315 0.3254 -0.1403, 0.315 0.3069 0.1772, 0.315 0.3232 0.1394, 0.315 0.3394 0.1016, 0.315 0.3466 0.0611, 0.315 0.3537 0.0206, 0.315 0.1579 0.3145, 0.315 0.1947 0.296, 0.315 0.2262 0.2696, 0.315 0.2577 0.2432, 0.315 0.2823 0.2102, 0.315 -0.1947 0.296, 0.315 -0.1579 0.3145, 0.315 -0.1212 0.333, 0.315 -0.0812 0.3424, 0.315 -0.0411 0.3519, 0.315 0.0 0.3543, 0.315 0.0411 0.3519, 0.315 0.0812 0.3424, 0.315 0.1212 0.333, 0.2953 -0.0772 -0.3256, 0.2953 0.0 -0.3346, 0.2953 -0.1502 -0.2991, 0.2953 -0.2151 -0.2564, 0.2953 -0.2684 -0.1998, 0.2953 -0.3073 -0.1325, 0.2953 -0.3296 -0.0581, 0.2953 -0.3341 0.0195, 0.2953 -0.3206 0.096, 0.2953 -0.2898 0.1673, 0.2953 -0.2434 0.2296, 0.2953 -0.1839 0.2796, 0.2953 -0.1145 0.3145, 0.2953 -0.0389 0.3324, 0.2953 0.0 0.3346, 0.2953 0.0389 0.3324, 0.2953 0.1145 0.3145, 0.2953 0.1839 0.2796, 0.2953 0.2434 0.2296, 0.2953 0.2898 0.1673, 0.2953 0.3206 0.096, 0.2953 0.3341 0.0195, 0.2953 0.3296 -0.0581, 0.2953 0.3073 -0.1325, 0.2953 0.2684 -0.1998, 0.2953 0.2151 -0.2564, 0.2953 0.1502 -0.2991, 0.2953 0.0772 -0.3256, 0.2953 0.0772 -0.3256
            ]
        }
        coordIndex [
            0,1,2,-1,3,4,5,-1,5,4,6,-1,5,6,7,-1,2,8,0,-1,0,8,9,-1,0,9,10,-1,10,9,11,-1,10,11,3,-1,3,11,12,-1,3,12,4,-1,13,14,15,-1,15,14,16,-1,15,16,17,-1,18,19,20,-1,20,19,21,-1,20,21,22,-1,23,24,25,-1,25,24,26,-1,25,26,1,-1,1,26,27,-1,1,27,2,-1,28,29,30,-1,30,29,31,-1,30,31,32,-1,33,34,35,-1,35,34,36,-1,35,36,28,-1,28,36,37,-1,28,37,29,-1,16,38,17,-1,17,38,39,-1,17,39,33,-1,33,39,40,-1,33,40,34,-1,21,41,22,-1,22,41,42,-1,22,42,43,-1,43,42,44,-1,43,44,13,-1,13,44,45,-1,13,45,14,-1,6,46,7,-1,7,46,47,-1,7,47,18,-1,18,47,48,-1,18,48,19,-1,49,50,51,-1,51,50,52,-1,51,52,23,-1,23,52,53,-1,23,53,24,-1,54,55,49,-1,49,55,56,-1,49,56,50,-1,31,57,32,-1,32,57,58,-1,32,58,59,-1,59,58,60,-1,59,60,54,-1,54,60,61,-1,54,61,55,-1,62,63,64,-1,62,65,63,-1,63,65,66,-1,63,66,67,-1,67,66,68,-1,67,68,69,-1,69,68,70,-1,69,70,71,-1,71,70,72,-1,72,73,71,-1,71,73,74,-1,71,74,75,-1,75,74,76,-1,75,76,77,-1,76,78,77,-1,77,78,79,-1,77,79,80,-1,79,81,80,-1,80,81,82,-1,80,82,83,-1,82,84,83,-1,83,84,85,-1,83,85,86,-1,86,85,87,-1,86,87,88,-1,88,87,89,-1,88,89,90,-1,90,89,91,-1,91,92,90,-1,90,92,93,-1,90,93,94,-1,94,93,95,-1,94,95,96,-1,95,97,96,-1,96,97,98,-1,96,98,99,-1,98,100,99,-1,99,100,101,-1,99,101,102,-1,101,103,102,-1,102,103,104,-1,102,104,105,-1,105,104,106,-1,105,106,107,-1,107,106,108,-1,107,108,109,-1,109,108,110,-1,110,111,109,-1,109,111,112,-1,109,112,113,-1,113,112,114,-1,113,114,115,-1,115,114,116,-1,115,116,117,-1,117,116,118,-1,118,119,117,-1,117,119,120,-1,117,120,121,-1,120,122,121,-1,121,122,123,-1,121,123,124,-1,124,123,125,-1,124,125,126,-1,126,125,127,-1,126,127,128,-1,128,127,129,-1,129,130,128,-1,128,130,131,-1,128,131,132,-1,132,131,133,-1,132,133,134,-1,134,133,135,-1,134,135,136,-1,136,135,137,-1,137,138,136,-1,136,138,139,-1,136,139,140,-1,139,141,140,-1,140,141,142,-1,140,142,143,-1,143,142,144,-1,143,144,145,-1,145,144,146,-1,145,146,147,-1,147,146,148,-1,148,149,147,-1,147,149,150,-1,147,150,151,-1,151,150,152,-1,151,152,153,-1,153,152,154,-1,153,154,155,-1,155,154,156,-1,156,157,155,-1,155,157,158,-1,155,158,159,-1,159,158,160,-1,159,160,161,-1,161,160,162,-1,161,162,64,-1,64,162,163,-1,64,163,62,-1,159,164,155,-1,155,164,165,-1,155,165,153,-1,153,165,166,-1,153,166,151,-1,151,166,167,-1,151,167,147,-1,147,167,168,-1,147,168,145,-1,145,168,169,-1,145,169,143,-1,143,169,170,-1,143,170,140,-1,140,170,171,-1,140,171,136,-1,136,171,172,-1,136,172,134,-1,134,172,173,-1,134,173,132,-1,132,173,174,-1,132,174,128,-1,128,174,175,-1,128,175,126,-1,126,175,176,-1,126,176,124,-1,124,176,177,-1,124,177,121,-1,121,177,178,-1,121,178,117,-1,117,178,179,-1,117,179,115,-1,115,179,180,-1,115,180,113,-1,113,180,181,-1,113,181,109,-1,109,181,182,-1,109,182,107,-1,107,182,183,-1,107,183,105,-1,105,183,184,-1,105,184,102,-1,102,184,185,-1,102,185,99,-1,99,185,186,-1,99,186,96,-1,96,186,187,-1,96,187,94,-1,94,187,188,-1,94,188,90,-1,90,188,189,-1,90,189,88,-1,88,189,190,-1,88,190,86,-1,86,190,191,-1,86,191,83,-1,83,191,192,-1,83,192,80,-1,80,192,193,-1,80,193,77,-1,77,193,194,-1,77,194,75,-1,75,194,195,-1,75,195,71,-1,71,195,196,-1,71,196,69,-1,69,196,197,-1,69,197,67,-1,67,197,198,-1,67,198,63,-1,63,198,199,-1,63,199,64,-1,64,199,200,-1,64,200,161,-1,161,200,201,-1,161,201,159,-1,159,201,164,-1,201,202,164,-1,164,202,203,-1,164,203,165,-1,165,203,204,-1,165,204,166,-1,166,204,205,-1,166,205,167,-1,167,205,206,-1,167,206,168,-1,168,206,207,-1,168,207,169,-1,169,207,208,-1,169,208,170,-1,170,208,209,-1,170,209,171,-1,171,209,210,-1,171,210,172,-1,172,210,211,-1,172,211,173,-1,173,211,212,-1,173,212,174,-1,174,212,213,-1,174,213,175,-1,175,213,214,-1,175,214,176,-1,176,214,215,-1,176,215,177,-1,177,215,216,-1,177,216,178,-1,178,216,217,-1,178,217,179,-1,179,217,218,-1,179,218,180,-1,180,218,219,-1,180,219,181,-1,181,219,220,-1,181,220,182,-1,182,220,221,-1,182,221,183,-1,183,221,222,-1,183,222,184,-1,184,222,223,-1,184,223,185,-1,185,223,224,-1,185,224,186,-1,186,224,225,-1,186,225,187,-1,187,225,226,-1,187,226,188,-1,188,226,227,-1,188,227,189,-1,189,227,228,-1,189,228,190,-1,190,228,229,-1,190,229,191,-1,191,229,230,-1,191,230,192,-1,192,230,231,-1,192,231,193,-1,193,231,232,-1,193,232,194,-1,194,232,233,-1,194,233,195,-1,195,233,234,-1,195,234,196,-1,196,234,235,-1,196,235,197,-1,197,235,236,-1,197,236,198,-1,198,236,237,-1,198,237,199,-1,199,237,238,-1,199,238,200,-1,200,238,239,-1,200,239,201,-1,201,239,202,-1,239,240,202,-1,202,240,241,-1,202,241,203,-1,203,241,242,-1,203,242,204,-1,204,242,243,-1,204,243,205,-1,205,243,244,-1,205,244,206,-1,206,244,245,-1,206,245,207,-1,207,245,246,-1,207,246,208,-1,208,246,247,-1,208,247,209,-1,209,247,248,-1,209,248,210,-1,210,248,249,-1,210,249,211,-1,211,249,250,-1,211,250,212,-1,212,250,251,-1,212,251,213,-1,213,251,252,-1,213,252,214,-1,214,252,253,-1,214,253,215,-1,215,253,254,-1,215,254,216,-1,216,254,255,-1,216,255,217,-1,217,255,256,-1,217,256,218,-1,218,256,257,-1,218,257,219,-1,219,257,258,-1,219,258,220,-1,220,258,259,-1,220,259,221,-1,221,259,260,-1,221,260,222,-1,222,260,261,-1,222,261,223,-1,223,261,262,-1,223,262,224,-1,224,262,263,-1,224,263,225,-1,225,263,264,-1,225,264,226,-1,226,264,265,-1,226,265,227,-1,227,265,266,-1,227,266,228,-1,228,266,267,-1,228,267,229,-1,229,267,268,-1,229,268,230,-1,230,268,269,-1,230,269,231,-1,231,269,270,-1,231,270,232,-1,232,270,271,-1,232,271,233,-1,233,271,272,-1,233,272,234,-1,234,272,273,-1,234,273,235,-1,235,273,274,-1,235,274,236,-1,236,274,275,-1,236,275,237,-1,237,275,276,-1,237,276,238,-1,238,276,277,-1,238,277,239,-1,239,277,240,-1,277,278,240,-1,240,278,279,-1,240,279,241,-1,241,279,280,-1,241,280,242,-1,242,280,281,-1,242,281,243,-1,243,281,282,-1,243,282,244,-1,244,282,283,-1,244,283,245,-1,245,283,284,-1,245,284,246,-1,246,284,285,-1,246,285,247,-1,247,285,286,-1,247,286,248,-1,248,286,287,-1,248,287,249,-1,249,287,288,-1,249,288,250,-1,250,288,289,-1,250,289,251,-1,251,289,290,-1,251,290,252,-1,252,290,291,-1,252,291,253,-1,253,291,292,-1,253,292,254,-1,254,292,293,-1,254,293,255,-1,255,293,294,-1,255,294,256,-1,256,294,295,-1,256,295,257,-1,257,295,296,-1,257,296,258,-1,258,296,297,-1,258,297,259,-1,259,297,298,-1,259,298,260,-1,260,298,299,-1,260,299,261,-1,261,299,300,-1,261,300,262,-1,262,300,301,-1,262,301,263,-1,263,301,302,-1,263,302,264,-1,264,302,303,-1,264,303,265,-1,265,303,304,-1,265,304,266,-1,266,304,305,-1,266,305,267,-1,267,305,306,-1,267,306,268,-1,268,306,307,-1,268,307,269,-1,269,307,308,-1,269,308,270,-1,270,308,309,-1,270,309,271,-1,271,309,310,-1,271,310,272,-1,272,310,311,-1,272,311,273,-1,273,311,312,-1,273,312,274,-1,274,312,313,-1,274,313,275,-1,275,313,314,-1,275,314,276,-1,276,314,315,-1,276,315,277,-1,277,315,278,-1,315,39,278,-1,278,39,38,-1,278,38,279,-1,279,38,16,-1,279,16,280,-1,280,16,14,-1,280,14,281,-1,281,14,45,-1,281,45,282,-1,282,45,44,-1,282,44,283,-1,283,44,42,-1,283,42,284,-1,284,42,41,-1,284,41,285,-1,285,41,21,-1,285,21,286,-1,286,21,19,-1,286,19,287,-1,287,19,48,-1,287,48,288,-1,288,48,47,-1,288,47,289,-1,289,47,46,-1,289,46,290,-1,290,46,6,-1,290,6,291,-1,291,6,4,-1,291,4,292,-1,292,4,12,-1,292,12,293,-1,293,12,11,-1,293,11,294,-1,294,11,9,-1,294,9,295,-1,295,9,8,-1,295,8,296,-1,296,8,2,-1,296,2,297,-1,297,2,27,-1,297,27,298,-1,298,27,26,-1,298,26,299,-1,299,26,24,-1,299,24,300,-1,300,24,53,-1,300,53,301,-1,301,53,52,-1,301,52,302,-1,302,52,50,-1,302,50,303,-1,303,50,56,-1,303,56,304,-1,304,56,55,-1,304,55,305,-1,305,55,61,-1,305,61,306,-1,306,61,60,-1,306,60,307,-1,307,60,58,-1,307,58,308,-1,308,58,57,-1,308,57,309,-1,309,57,31,-1,309,31,310,-1,310,31,29,-1,310,29,311,-1,311,29,37,-1,311,37,312,-1,312,37,36,-1,312,36,313,-1,313,36,34,-1,313,34,314,-1,314,34,40,-1,314,40,315,-1,315,40,39,-1,316,74,317,-1,317,74,73,-1,317,73,318,-1,318,73,72,-1,318,72,319,-1,319,72,70,-1,319,70,320,-1,321,85,322,-1,322,85,84,-1,322,84,323,-1,323,84,82,-1,323,82,324,-1,324,82,81,-1,324,81,325,-1,325,81,79,-1,325,79,326,-1,326,79,78,-1,326,78,316,-1,316,78,76,-1,316,76,74,-1,327,93,328,-1,328,93,92,-1,328,92,329,-1,329,92,91,-1,329,91,330,-1,330,91,89,-1,330,89,321,-1,321,89,87,-1,321,87,85,-1,331,104,332,-1,332,104,103,-1,332,103,333,-1,333,103,101,-1,333,101,334,-1,334,101,100,-1,334,100,335,-1,335,100,98,-1,335,98,336,-1,336,98,97,-1,336,97,327,-1,327,97,95,-1,327,95,93,-1,337,112,338,-1,338,112,111,-1,338,111,339,-1,339,111,110,-1,339,110,340,-1,340,110,108,-1,340,108,331,-1,331,108,106,-1,331,106,104,-1,341,123,342,-1,342,123,122,-1,342,122,343,-1,343,122,120,-1,343,120,344,-1,344,120,119,-1,344,119,345,-1,345,119,118,-1,345,118,346,-1,346,118,116,-1,346,116,337,-1,337,116,114,-1,337,114,112,-1,347,131,348,-1,348,131,130,-1,348,130,349,-1,349,130,129,-1,349,129,350,-1,350,129,127,-1,350,127,341,-1,341,127,125,-1,341,125,123,-1,351,141,352,-1,352,141,139,-1,352,139,353,-1,353,139,138,-1,353,138,354,-1,354,138,137,-1,354,137,355,-1,355,137,135,-1,355,135,347,-1,347,135,133,-1,347,133,131,-1,356,150,357,-1,357,150,149,-1,357,149,358,-1,358,149,148,-1,358,148,359,-1,359,148,146,-1,359,146,360,-1,360,146,144,-1,360,144,351,-1,351,144,142,-1,351,142,141,-1,70,68,320,-1,320,68,66,-1,320,66,361,-1,361,66,65,-1,361,65,362,-1,362,65,62,-1,362,62,363,-1,363,62,163,-1,363,163,364,-1,364,163,162,-1,364,162,365,-1,365,162,160,-1,365,160,366,-1,366,160,158,-1,366,158,367,-1,367,158,157,-1,367,157,368,-1,368,157,156,-1,368,156,369,-1,369,156,154,-1,369,154,356,-1,356,154,152,-1,356,152,150,-1,370,371,331,-1,331,332,370,-1,370,332,333,-1,370,333,372,-1,333,334,372,-1,372,334,335,-1,372,335,373,-1,373,335,336,-1,373,336,374,-1,374,336,327,-1,327,328,374,-1,374,328,329,-1,374,329,375,-1,329,330,375,-1,375,330,321,-1,375,321,376,-1,321,322,376,-1,376,322,323,-1,376,323,377,-1,323,324,377,-1,377,324,325,-1,377,325,378,-1,325,326,378,-1,378,326,316,-1,378,316,379,-1,316,317,379,-1,379,317,318,-1,379,318,380,-1,318,319,380,-1,380,319,320,-1,380,320,381,-1,320,361,381,-1,381,361,362,-1,381,362,382,-1,362,363,382,-1,382,363,364,-1,382,364,383,-1,383,364,365,-1,383,365,384,-1,384,365,366,-1,384,366,385,-1,366,367,385,-1,385,367,368,-1,385,368,386,-1,368,369,386,-1,386,369,356,-1,386,356,387,-1,356,357,387,-1,387,357,358,-1,387,358,388,-1,358,359,388,-1,388,359,360,-1,388,360,389,-1,389,360,351,-1,389,351,390,-1,351,352,390,-1,390,352,353,-1,390,353,391,-1,391,353,354,-1,354,355,391,-1,391,355,347,-1,391,347,392,-1,347,348,392,-1,392,348,349,-1,392,349,393,-1,393,349,350,-1,393,350,394,-1,394,350,341,-1,341,342,394,-1,394,342,343,-1,394,343,395,-1,343,344,395,-1,395,344,345,-1,395,345,396,-1,345,346,396,-1,396,346,337,-1,396,337,397,-1,337,338,397,-1,397,338,339,-1,397,339,371,-1,371,339,340,-1,371,340,331,-1,
        ]
    }
}
Shape{
    appearance Appearance {
        material  Material 	{
            diffuseColor 0.792156862745098 0.8196078431372549 0.9333333333333333
            specularColor 0.396078431372549 0.4117647058823529 0.4666666666666667
            ambientIntensity 0.2
            transparency 0
            shininess 0.5
        }
    }
    geometry IndexedFaceSet {
        ccw TRUE
        solid FALSE
        coord DEF co Coordinate {
            point [
                -0.0714 -0.0984 -0.3198, -0.0714 -0.1007 -0.3274, -0.0674 -0.0878 -0.3229, -0.0694 -0.0953 -0.329, -0.0674 -0.0899 -0.3305, -0.0511 -0.0899 -0.3305, -0.0511 -0.0878 -0.3229, -0.0474 -0.1007 -0.3274, -0.0474 -0.0984 -0.3198, -0.0493 -0.0953 -0.329, -0.0416 -0.1007 -0.3274, -0.0416 -0.0984 -0.3198, -0.0488 -0.08 -0.3244, -0.0491 -0.0813 -0.3327, -0.0564 -0.0606 -0.3291, -0.0565 -0.0616 -0.3369, -0.0565 -0.0602 -0.3292, -0.0618 -0.0616 -0.3369, -0.0618 -0.0602 -0.3292, -0.0697 -0.08 -0.3244, -0.0695 -0.0813 -0.3327, -0.077 -0.0981 -0.32, -0.0771 -0.1007 -0.3274, -0.0771 -0.0984 -0.3198, -0.0656 -0.0856 -0.3316, -0.059 -0.0664 -0.336, -0.0597 -0.0692 -0.3355, -0.0627 -0.0774 -0.3337, -0.0525 -0.0856 -0.3316, -0.0554 -0.0774 -0.3337, -0.0583 -0.0692 -0.3355, -0.0597 -0.0676 -0.3277, -0.059 -0.0649 -0.3283, -0.0583 -0.0676 -0.3277, -0.0525 -0.0836 -0.324, -0.0656 -0.0836 -0.324, -0.0656 -0.0836 -0.324
            ]
        }
        coordIndex [
            0,1,2,-1,2,1,3,-1,2,3,4,-1,5,6,4,-1,4,6,2,-1,7,8,9,-1,9,8,6,-1,9,6,5,-1,10,11,7,-1,7,11,8,-1,11,10,12,-1,12,10,13,-1,12,13,14,-1,14,13,15,-1,14,15,16,-1,17,18,15,-1,15,18,16,-1,18,17,19,-1,19,17,20,-1,19,20,21,-1,21,20,22,-1,21,22,23,-1,0,23,1,-1,1,23,22,-1,24,22,20,-1,15,25,17,-1,17,25,26,-1,17,26,20,-1,20,26,27,-1,20,27,24,-1,10,7,9,-1,28,5,24,-1,24,5,4,-1,24,4,22,-1,22,4,3,-1,22,3,1,-1,9,5,10,-1,10,5,28,-1,10,28,13,-1,13,28,29,-1,13,29,15,-1,15,29,30,-1,15,30,25,-1,31,26,32,-1,32,26,25,-1,30,33,25,-1,25,33,32,-1,33,30,34,-1,34,30,29,-1,34,29,28,-1,24,35,28,-1,28,35,34,-1,35,24,31,-1,31,24,27,-1,31,27,26,-1,
        ]
    }
}
Shape{
    appearance Appearance {
        material  Material 	{
            diffuseColor 0.37254901960784315 0.9490196078431372 1.0
            specularColor 0.18823529411764706 0.4745098039215686 0.5019607843137255
            ambientIntensity 0.2
            transparency 0
            shininess 0.5
        }
    }
    geometry IndexedFaceSet {
        ccw TRUE
        solid FALSE
        coord DEF co Coordinate {
            point [
                -0.0525 -0.0836 -0.324, -0.0656 -0.0836 -0.324, -0.0583 -0.0676 -0.3277, -0.0597 -0.0676 -0.3277, -0.059 -0.0649 -0.3283, -0.059 -0.0649 -0.3283
            ]
        }
        coordIndex [
            0,1,2,-1,2,1,3,-1,2,3,4,-1,
        ]
    }
}
Shape{
    appearance Appearance {
        material  Material 	{
            diffuseColor 0.792156862745098 0.8196078431372549 0.9333333333333333
            specularColor 0.396078431372549 0.4117647058823529 0.4666666666666667
            ambientIntensity 0.2
            transparency 0
            shininess 0.5
        }
    }
    geometry IndexedFaceSet {
        ccw TRUE
        solid FALSE
        coord DEF co Coordinate {
            point [
                -0.0182 -0.0616 -0.3369, -0.0182 -0.0602 -0.3292, -0.007 -0.0616 -0.3369, -0.007 -0.0602 -0.3292, -0.0387 -0.0808 -0.3328, -0.0387 -0.079 -0.3252, -0.0385 -0.0788 -0.3333, -0.0385 -0.077 -0.3257, -0.0381 -0.0758 -0.334, -0.0384 -0.0753 -0.3261, -0.0378 -0.0751 -0.3342, -0.0378 -0.0734 -0.3265, -0.0366 -0.072 -0.3349, -0.0371 -0.0712 -0.327, -0.0366 -0.0703 -0.3272, -0.0365 -0.0716 -0.335, -0.0352 -0.068 -0.3277, -0.0349 -0.0693 -0.3355, -0.035 -0.0676 -0.3277, -0.0341 -0.0681 -0.3357, -0.0328 -0.0653 -0.3282, -0.0327 -0.0668 -0.336, -0.0327 -0.0652 -0.3282, -0.0323 -0.0664 -0.336, -0.0302 -0.0635 -0.3286, -0.0233 -0.0608 -0.3291, -0.0233 -0.0623 -0.3368, -0.0242 -0.061 -0.329, -0.024 -0.0624 -0.3368, -0.0271 -0.062 -0.3288, -0.0271 -0.0635 -0.3366, -0.0288 -0.0626 -0.3287, -0.0287 -0.0641 -0.3365, -0.0302 -0.065 -0.3363, -0.0177 -0.1007 -0.3274, -0.0177 -0.0984 -0.3198, -0.0205 -0.1005 -0.3274, -0.0205 -0.0982 -0.3199, -0.0218 -0.1004 -0.3275, -0.0225 -0.098 -0.32, -0.0246 -0.0996 -0.3277, -0.0246 -0.0974 -0.3202, -0.0267 -0.0991 -0.3279, -0.0273 -0.0966 -0.3204, -0.028 -0.0984 -0.3281, -0.0281 -0.0962 -0.3205, -0.0307 -0.097 -0.3285, -0.0309 -0.0946 -0.321, -0.0309 -0.0968 -0.3286, -0.0313 -0.0944 -0.3211, -0.0334 -0.0947 -0.3292, -0.0333 -0.0925 -0.3216, -0.0339 -0.0942 -0.3293, -0.0341 -0.0919 -0.3218, -0.0354 -0.0921 -0.3299, -0.0354 -0.09 -0.3223, -0.0363 -0.0908 -0.3303, -0.0363 -0.0888 -0.3226, -0.0369 -0.0892 -0.3307, -0.0369 -0.0872 -0.3231, -0.038 -0.0864 -0.3314, -0.038 -0.0845 -0.3238, -0.0381 -0.0857 -0.3316, -0.0386 -0.0801 -0.3249, -0.0381 -0.0838 -0.324, -0.007 -0.1007 -0.3274, -0.007 -0.0984 -0.3198, -0.007 -0.0801 -0.3249, -0.0181 -0.066 -0.3361, -0.0214 -0.0663 -0.3361, -0.0215 -0.0663 -0.3361, -0.0243 -0.0671 -0.3359, -0.0255 -0.0674 -0.3358, -0.0265 -0.068 -0.3357, -0.0281 -0.0688 -0.3355, -0.0284 -0.0691 -0.3355, -0.0298 -0.0704 -0.3352, -0.0299 -0.0705 -0.3352, -0.0311 -0.0722 -0.3348, -0.0314 -0.0726 -0.3347, -0.0321 -0.0743 -0.3344, -0.0334 -0.0809 -0.3328, -0.0329 -0.077 -0.3338, -0.0327 -0.0757 -0.3341, -0.0333 -0.0835 -0.3322, -0.0331 -0.0843 -0.332, -0.0324 -0.0872 -0.3312, -0.0322 -0.088 -0.331, -0.0314 -0.0895 -0.3306, -0.0307 -0.0907 -0.3303, -0.0302 -0.0913 -0.3301, -0.0288 -0.0929 -0.3297, -0.0288 -0.0929 -0.3297, -0.027 -0.0941 -0.3293, -0.0265 -0.0945 -0.3292, -0.0248 -0.0951 -0.3291, -0.0233 -0.0958 -0.3289, -0.022 -0.0959 -0.3288, -0.0123 -0.066 -0.3361, -0.0123 -0.0965 -0.3286, -0.0179 -0.0965 -0.3286, -0.0179 -0.0943 -0.3211, -0.0123 -0.0943 -0.3211, -0.0287 -0.0907 -0.3221, -0.033 -0.0823 -0.3244, -0.0334 -0.0801 -0.3249, -0.0334 -0.0791 -0.3252, -0.0325 -0.085 -0.3237, -0.0324 -0.0852 -0.3236, -0.0314 -0.0874 -0.323, -0.0292 -0.0904 -0.3222, -0.0302 -0.0892 -0.3225, -0.0311 -0.0881 -0.3228, -0.027 -0.092 -0.3218, -0.0268 -0.0921 -0.3217, -0.0248 -0.0929 -0.3215, -0.022 -0.0937 -0.3213, -0.0233 -0.0935 -0.3213, -0.0181 -0.0644 -0.3284, -0.0199 -0.0646 -0.3284, -0.0214 -0.0649 -0.3283, -0.0243 -0.0654 -0.3282, -0.0246 -0.0655 -0.3282, -0.0265 -0.0664 -0.328, -0.0273 -0.0667 -0.3279, -0.0283 -0.0675 -0.3278, -0.0329 -0.0752 -0.3261, -0.0327 -0.074 -0.3264, -0.0321 -0.0726 -0.3267, -0.0313 -0.0707 -0.3271, -0.0311 -0.0705 -0.3271, -0.0299 -0.0689 -0.3275, -0.0295 -0.0685 -0.3276, -0.0123 -0.0644 -0.3284, -0.0123 -0.0644 -0.3284
            ]
        }
        coordIndex [
            0,1,2,-1,2,1,3,-1,4,5,6,-1,6,5,7,-1,6,7,8,-1,8,7,9,-1,8,9,10,-1,10,9,11,-1,10,11,12,-1,11,13,12,-1,12,13,14,-1,12,14,15,-1,15,14,16,-1,15,16,17,-1,17,16,18,-1,17,18,19,-1,19,18,20,-1,19,20,21,-1,21,20,22,-1,21,22,23,-1,23,22,24,-1,1,0,25,-1,25,0,26,-1,25,26,27,-1,27,26,28,-1,27,28,29,-1,29,28,30,-1,29,30,31,-1,31,30,32,-1,31,32,24,-1,24,32,33,-1,24,33,23,-1,34,35,36,-1,36,35,37,-1,36,37,38,-1,38,37,39,-1,38,39,40,-1,40,39,41,-1,40,41,42,-1,42,41,43,-1,42,43,44,-1,44,43,45,-1,44,45,46,-1,46,45,47,-1,46,47,48,-1,48,47,49,-1,48,49,50,-1,50,49,51,-1,50,51,52,-1,52,51,53,-1,52,53,54,-1,54,53,55,-1,54,55,56,-1,56,55,57,-1,56,57,58,-1,58,57,59,-1,58,59,60,-1,60,59,61,-1,60,61,62,-1,5,4,63,-1,63,4,62,-1,63,62,64,-1,64,62,61,-1,65,66,34,-1,34,66,35,-1,2,3,65,-1,65,3,67,-1,65,67,66,-1,0,68,69,-1,0,69,26,-1,26,69,70,-1,26,70,28,-1,28,70,71,-1,28,71,30,-1,30,71,72,-1,30,72,32,-1,32,72,73,-1,32,73,33,-1,33,73,74,-1,33,74,23,-1,23,74,75,-1,23,75,21,-1,21,75,76,-1,21,76,19,-1,19,76,77,-1,19,77,17,-1,77,78,17,-1,17,78,79,-1,17,79,15,-1,15,79,80,-1,62,4,81,-1,81,4,6,-1,81,6,82,-1,82,6,8,-1,82,8,83,-1,83,8,10,-1,83,10,80,-1,80,10,12,-1,80,12,15,-1,81,84,62,-1,62,84,85,-1,62,85,60,-1,60,85,86,-1,60,86,58,-1,58,86,87,-1,58,87,56,-1,56,87,88,-1,56,88,54,-1,54,88,52,-1,52,88,89,-1,52,89,50,-1,50,89,90,-1,50,90,48,-1,90,91,48,-1,48,91,92,-1,48,92,46,-1,46,92,93,-1,46,93,44,-1,44,93,94,-1,44,94,42,-1,42,94,95,-1,42,95,40,-1,40,95,96,-1,40,96,38,-1,38,96,97,-1,68,0,98,-1,98,0,2,-1,98,2,99,-1,99,2,65,-1,99,65,100,-1,100,65,34,-1,100,34,97,-1,97,34,36,-1,97,36,38,-1,100,101,99,-1,99,101,102,-1,93,92,103,-1,86,85,104,-1,104,85,84,-1,104,84,105,-1,105,84,81,-1,105,81,106,-1,104,107,86,-1,86,107,108,-1,86,108,87,-1,87,108,109,-1,103,92,110,-1,110,92,91,-1,110,91,111,-1,111,91,90,-1,111,90,112,-1,112,90,89,-1,112,89,109,-1,109,89,88,-1,109,88,87,-1,103,113,93,-1,93,113,114,-1,93,114,94,-1,94,114,115,-1,101,100,116,-1,116,100,97,-1,116,97,117,-1,117,97,96,-1,117,96,115,-1,115,96,95,-1,115,95,94,-1,69,68,118,-1,118,119,69,-1,69,119,120,-1,69,120,70,-1,70,120,71,-1,120,121,71,-1,71,121,122,-1,71,122,72,-1,72,122,123,-1,72,123,73,-1,73,123,124,-1,73,124,74,-1,74,124,125,-1,106,81,126,-1,126,81,82,-1,126,82,127,-1,127,82,83,-1,127,83,128,-1,128,83,80,-1,128,80,129,-1,129,80,79,-1,129,79,130,-1,130,79,78,-1,130,78,131,-1,131,78,77,-1,131,77,132,-1,132,77,76,-1,132,76,125,-1,125,76,75,-1,125,75,74,-1,98,133,68,-1,68,133,118,-1,98,99,133,-1,133,99,102,-1,
        ]
    }
}
Shape{
    appearance Appearance {
        material  Material 	{
            diffuseColor 0.37254901960784315 0.9490196078431372 1.0
            specularColor 0.18823529411764706 0.4745098039215686 0.5019607843137255
            ambientIntensity 0.2
            transparency 0
            shininess 0.5
        }
    }
    geometry IndexedFaceSet {
        ccw TRUE
        solid FALSE
        coord DEF co Coordinate {
            point [
                -0.022 -0.0937 -0.3213, -0.0254 -0.0922 -0.3217, -0.0179 -0.0943 -0.3211, -0.0123 -0.0943 -0.3211, -0.0233 -0.0935 -0.3213, -0.0248 -0.0929 -0.3215, -0.0268 -0.0921 -0.3217, -0.027 -0.092 -0.3218, -0.0287 -0.0907 -0.3221, -0.0292 -0.0904 -0.3222, -0.0302 -0.0892 -0.3225, -0.0311 -0.0881 -0.3228, -0.0314 -0.0874 -0.323, -0.0324 -0.0852 -0.3236, -0.0325 -0.085 -0.3237, -0.033 -0.0823 -0.3244, -0.0334 -0.0801 -0.3249, -0.0334 -0.0791 -0.3252, -0.0329 -0.0752 -0.3261, -0.0327 -0.074 -0.3264, -0.0321 -0.0726 -0.3267, -0.0313 -0.0707 -0.3271, -0.0311 -0.0705 -0.3271, -0.0299 -0.0689 -0.3275, -0.0295 -0.0685 -0.3276, -0.0283 -0.0675 -0.3278, -0.0273 -0.0667 -0.3279, -0.0265 -0.0664 -0.328, -0.0246 -0.0655 -0.3282, -0.0243 -0.0654 -0.3282, -0.0214 -0.0649 -0.3283, -0.0199 -0.0646 -0.3284, -0.0181 -0.0644 -0.3284, -0.0123 -0.0644 -0.3284, -0.0123 -0.0644 -0.3284
            ]
        }
        coordIndex [
            0,1,2,-1,2,1,3,-1,0,4,1,-1,1,4,5,-1,1,5,6,-1,6,7,1,-1,1,7,8,-1,1,8,3,-1,3,8,9,-1,9,10,3,-1,3,10,11,-1,3,11,12,-1,12,13,3,-1,3,13,14,-1,3,14,15,-1,15,16,3,-1,3,16,17,-1,3,17,18,-1,18,19,3,-1,3,19,20,-1,3,20,21,-1,21,22,3,-1,3,22,23,-1,3,23,24,-1,24,25,3,-1,3,25,26,-1,3,26,27,-1,27,28,3,-1,3,28,29,-1,3,29,30,-1,30,31,3,-1,3,31,32,-1,3,32,33,-1,
        ]
    }
}
Shape{
    appearance Appearance {
        material  Material 	{
            diffuseColor 0.792156862745098 0.8196078431372549 0.9333333333333333
            specularColor 0.396078431372549 0.4117647058823529 0.4666666666666667
            ambientIntensity 0.2
            transparency 0
            shininess 0.5
        }
    }
    geometry IndexedFaceSet {
        ccw TRUE
        solid FALSE
        coord DEF co Coordinate {
            point [
                0.0218 -0.0616 -0.3369, 0.0218 -0.0602 -0.3292, 0.0218 -0.1007 -0.3274, 0.0218 -0.0801 -0.3249, 0.0218 -0.0984 -0.3198, 0.0016 -0.0616 -0.3369, 0.0016 -0.0602 -0.3292, 0.0016 -0.066 -0.3361, 0.0016 -0.0644 -0.3284, 0.0165 -0.066 -0.3361, 0.0165 -0.0644 -0.3284, 0.0165 -0.0789 -0.3333, 0.0165 -0.0771 -0.3256, 0.0026 -0.0789 -0.3333, 0.0026 -0.0771 -0.3256, 0.0026 -0.0801 -0.3249, 0.0026 -0.0832 -0.3323, 0.0026 -0.0813 -0.3246, 0.0165 -0.0832 -0.3323, 0.0165 -0.0813 -0.3246, 0.0165 -0.0965 -0.3286, 0.0165 -0.0943 -0.3211, 0.0006 -0.0965 -0.3286, 0.0006 -0.0943 -0.3211, 0.0006 -0.1007 -0.3274, 0.0006 -0.0984 -0.3198, 0.0587 -0.0821 -0.3325, 0.0587 -0.0802 -0.3249, 0.0583 -0.0859 -0.3316, 0.0584 -0.0839 -0.324, 0.0582 -0.0868 -0.3313, 0.0583 -0.0845 -0.3238, 0.0574 -0.0895 -0.3306, 0.0574 -0.0875 -0.323, 0.0569 -0.0912 -0.3302, 0.057 -0.0888 -0.3226, 0.0562 -0.0924 -0.3298, 0.0561 -0.0903 -0.3222, 0.0549 -0.0946 -0.3292, 0.055 -0.0923 -0.3217, 0.0546 -0.0949 -0.3291, 0.0546 -0.0927 -0.3215, 0.0529 -0.0967 -0.3286, 0.0529 -0.0945 -0.321, 0.0526 -0.097 -0.3285, 0.0526 -0.0948 -0.3209, 0.0505 -0.0984 -0.3281, 0.0505 -0.0962 -0.3205, 0.0496 -0.099 -0.3279, 0.0497 -0.0967 -0.3204, 0.0478 -0.0997 -0.3277, 0.0478 -0.0974 -0.3202, 0.0456 -0.1005 -0.3275, 0.0458 -0.0982 -0.3199, 0.0446 -0.1006 -0.3274, 0.0446 -0.0983 -0.3199, 0.0403 -0.1012 -0.3272, 0.0403 -0.0989 -0.3197, 0.0387 -0.0611 -0.337, 0.0387 -0.0597 -0.3293, 0.0407 -0.0613 -0.337, 0.0407 -0.0599 -0.3292, 0.0408 -0.0613 -0.337, 0.0415 -0.0599 -0.3292, 0.0446 -0.0621 -0.3369, 0.0446 -0.0607 -0.3291, 0.0457 -0.0623 -0.3368, 0.0462 -0.061 -0.329, 0.0478 -0.0633 -0.3366, 0.0478 -0.0619 -0.3289, 0.0498 -0.0642 -0.3365, 0.0502 -0.063 -0.3287, 0.0507 -0.065 -0.3363, 0.0507 -0.0634 -0.3286, 0.0532 -0.0671 -0.3359, 0.0532 -0.0656 -0.3282, 0.0535 -0.0658 -0.3281, 0.0553 -0.0699 -0.3353, 0.0553 -0.0683 -0.3276, 0.0558 -0.0705 -0.3352, 0.0561 -0.0695 -0.3274, 0.0568 -0.073 -0.3346, 0.0568 -0.0714 -0.3269, 0.0577 -0.0751 -0.3342, 0.058 -0.0743 -0.3263, 0.058 -0.0769 -0.3338, 0.0587 -0.0801 -0.3249, 0.0581 -0.0751 -0.3261, 0.0337 -0.0604 -0.3292, 0.0337 -0.0616 -0.3369, 0.0311 -0.0607 -0.3291, 0.0294 -0.0627 -0.3367, 0.0294 -0.0613 -0.329, 0.0294 -0.068 -0.3357, 0.0294 -0.0664 -0.328, 0.0387 -0.0655 -0.3362, 0.0387 -0.064 -0.3285, 0.0366 -0.0658 -0.3361, 0.0366 -0.0643 -0.3284, 0.0341 -0.0662 -0.3361, 0.0339 -0.0647 -0.3283, 0.0329 -0.0666 -0.336, 0.0329 -0.0651 -0.3283, 0.0535 -0.0817 -0.3326, 0.0535 -0.0799 -0.325, 0.0533 -0.0798 -0.3331, 0.0533 -0.0773 -0.3256, 0.0531 -0.079 -0.3333, 0.0532 -0.0771 -0.3256, 0.0524 -0.0757 -0.334, 0.0524 -0.074 -0.3264, 0.0522 -0.0748 -0.3343, 0.0521 -0.0727 -0.3266, 0.0514 -0.0732 -0.3346, 0.0515 -0.0715 -0.3269, 0.0508 -0.0718 -0.3349, 0.0506 -0.0699 -0.3273, 0.0502 -0.0711 -0.3351, 0.0502 -0.0694 -0.3274, 0.0488 -0.0693 -0.3354, 0.0487 -0.0677 -0.3277, 0.0487 -0.0693 -0.3354, 0.0486 -0.0676 -0.3277, 0.0468 -0.0678 -0.3357, 0.0468 -0.0663 -0.328, 0.0464 -0.0676 -0.3358, 0.0463 -0.0659 -0.3281, 0.0447 -0.0668 -0.3359, 0.0447 -0.0652 -0.3282, 0.0434 -0.0663 -0.3361, 0.0435 -0.0648 -0.3283, 0.0421 -0.066 -0.3361, 0.0421 -0.0645 -0.3284, 0.0396 -0.097 -0.3285, 0.0396 -0.0947 -0.321, 0.0411 -0.0968 -0.3285, 0.041 -0.0945 -0.321, 0.0421 -0.0967 -0.3286, 0.0438 -0.0963 -0.3287, 0.0438 -0.0941 -0.3211, 0.0444 -0.094 -0.3212, 0.0452 -0.0959 -0.3288, 0.0459 -0.0933 -0.3214, 0.0459 -0.0955 -0.3289, 0.0477 -0.0946 -0.3292, 0.0472 -0.0928 -0.3215, 0.0478 -0.0946 -0.3292, 0.0478 -0.0923 -0.3217, 0.0494 -0.0932 -0.3296, 0.0494 -0.0911 -0.322, 0.0494 -0.091 -0.322, 0.0497 -0.0929 -0.3297, 0.0507 -0.0894 -0.3225, 0.0507 -0.0915 -0.3301, 0.0513 -0.0906 -0.3303, 0.0511 -0.0889 -0.3226, 0.0518 -0.0894 -0.3306, 0.0518 -0.0874 -0.323, 0.0526 -0.0874 -0.3312, 0.0526 -0.0854 -0.3236, 0.0527 -0.0867 -0.3314, 0.0534 -0.0801 -0.3249, 0.0527 -0.0847 -0.3237, 0.0294 -0.0945 -0.3292, 0.0294 -0.0923 -0.3217, 0.0312 -0.0952 -0.329, 0.0312 -0.093 -0.3215, 0.034 -0.0962 -0.3287, 0.0342 -0.0941 -0.3212, 0.0346 -0.0963 -0.3287, 0.0346 -0.0941 -0.3211, 0.0294 -0.0987 -0.328, 0.0294 -0.0965 -0.3204, 0.0376 -0.1009 -0.3273, 0.0376 -0.0986 -0.3198, 0.0342 -0.1005 -0.3275, 0.0342 -0.0982 -0.3199, 0.0334 -0.1002 -0.3275, 0.0334 -0.0979 -0.32, 0.0823 -0.0616 -0.3369, 0.0823 -0.0602 -0.3292, 0.0823 -0.1007 -0.3274, 0.0823 -0.0801 -0.3249, 0.0823 -0.0984 -0.3198, 0.077 -0.0616 -0.3369, 0.077 -0.0602 -0.3292, 0.077 -0.0801 -0.3249, 0.077 -0.0965 -0.3286, 0.077 -0.0943 -0.3211, 0.0621 -0.0965 -0.3286, 0.0621 -0.0943 -0.3211, 0.0621 -0.1007 -0.3274, 0.0621 -0.0984 -0.3198, 0.0621 -0.0984 -0.3198
            ]
        }
        coordIndex [
            0,1,2,-1,2,1,3,-1,2,3,4,-1,5,6,0,-1,0,6,1,-1,7,8,5,-1,5,8,6,-1,9,10,7,-1,7,10,8,-1,11,12,9,-1,9,12,10,-1,13,14,11,-1,11,14,12,-1,14,13,15,-1,15,13,16,-1,15,16,17,-1,18,19,16,-1,16,19,17,-1,20,21,18,-1,18,21,19,-1,22,23,20,-1,20,23,21,-1,24,25,22,-1,22,25,23,-1,4,25,2,-1,2,25,24,-1,2,24,22,-1,22,20,2,-1,2,20,18,-1,2,18,0,-1,7,5,9,-1,9,5,0,-1,9,0,11,-1,11,0,18,-1,11,18,13,-1,13,18,16,-1,26,27,28,-1,28,27,29,-1,28,29,30,-1,30,29,31,-1,30,31,32,-1,32,31,33,-1,32,33,34,-1,34,33,35,-1,34,35,36,-1,36,35,37,-1,36,37,38,-1,38,37,39,-1,38,39,40,-1,40,39,41,-1,40,41,42,-1,42,41,43,-1,42,43,44,-1,44,43,45,-1,44,45,46,-1,46,45,47,-1,46,47,48,-1,48,47,49,-1,48,49,50,-1,50,49,51,-1,50,51,52,-1,52,51,53,-1,52,53,54,-1,54,53,55,-1,54,55,56,-1,56,55,57,-1,58,59,60,-1,60,59,61,-1,60,61,62,-1,62,61,63,-1,62,63,64,-1,64,63,65,-1,64,65,66,-1,66,65,67,-1,66,67,68,-1,68,67,69,-1,68,69,70,-1,70,69,71,-1,70,71,72,-1,72,71,73,-1,72,73,74,-1,73,75,74,-1,74,75,76,-1,74,76,77,-1,77,76,78,-1,77,78,79,-1,79,78,80,-1,79,80,81,-1,81,80,82,-1,81,82,83,-1,83,82,84,-1,83,84,85,-1,27,26,86,-1,86,26,85,-1,86,85,87,-1,87,85,84,-1,59,58,88,-1,88,58,89,-1,88,89,90,-1,90,89,91,-1,90,91,92,-1,93,94,91,-1,91,94,92,-1,95,96,97,-1,97,96,98,-1,97,98,99,-1,99,98,100,-1,99,100,101,-1,101,100,102,-1,101,102,93,-1,93,102,94,-1,103,104,105,-1,105,104,106,-1,105,106,107,-1,107,106,108,-1,107,108,109,-1,109,108,110,-1,109,110,111,-1,111,110,112,-1,111,112,113,-1,113,112,114,-1,113,114,115,-1,115,114,116,-1,115,116,117,-1,117,116,118,-1,117,118,119,-1,119,118,120,-1,119,120,121,-1,121,120,122,-1,121,122,123,-1,123,122,124,-1,123,124,125,-1,125,124,126,-1,125,126,127,-1,127,126,128,-1,127,128,129,-1,129,128,130,-1,129,130,131,-1,131,130,132,-1,131,132,95,-1,95,132,96,-1,133,134,135,-1,135,134,136,-1,135,136,137,-1,137,136,138,-1,136,139,138,-1,138,139,140,-1,138,140,141,-1,141,140,142,-1,141,142,143,-1,143,142,144,-1,144,142,145,-1,144,145,146,-1,146,145,147,-1,146,147,148,-1,147,149,148,-1,148,149,150,-1,148,150,151,-1,151,150,152,-1,151,152,153,-1,153,152,154,-1,154,152,155,-1,154,155,156,-1,156,155,157,-1,156,157,158,-1,158,157,159,-1,158,159,160,-1,104,103,161,-1,161,103,160,-1,161,160,162,-1,162,160,159,-1,163,164,165,-1,165,164,166,-1,165,166,167,-1,167,166,168,-1,167,168,169,-1,169,168,170,-1,169,170,133,-1,133,170,134,-1,171,172,163,-1,163,172,164,-1,56,57,173,-1,173,57,174,-1,173,174,175,-1,175,174,176,-1,175,176,177,-1,177,176,178,-1,177,178,171,-1,171,178,172,-1,171,163,165,-1,171,165,177,-1,177,165,167,-1,177,167,175,-1,175,167,169,-1,175,169,173,-1,173,169,133,-1,173,133,56,-1,56,133,135,-1,56,135,54,-1,135,137,54,-1,54,137,138,-1,54,138,52,-1,52,138,141,-1,52,141,50,-1,50,141,143,-1,50,143,48,-1,48,143,144,-1,48,144,46,-1,46,144,146,-1,46,146,44,-1,44,146,148,-1,44,148,42,-1,42,148,151,-1,42,151,40,-1,40,151,153,-1,85,26,103,-1,103,26,28,-1,103,28,160,-1,160,28,30,-1,160,30,158,-1,158,30,32,-1,158,32,156,-1,156,32,34,-1,156,34,154,-1,154,34,36,-1,154,36,153,-1,153,36,38,-1,153,38,40,-1,103,105,85,-1,85,105,107,-1,85,107,83,-1,83,107,109,-1,83,109,81,-1,81,109,111,-1,81,111,79,-1,79,111,113,-1,79,113,77,-1,113,115,77,-1,77,115,117,-1,77,117,74,-1,123,72,121,-1,121,72,74,-1,121,74,119,-1,119,74,117,-1,58,60,131,-1,131,60,62,-1,131,62,129,-1,129,62,64,-1,129,64,127,-1,127,64,66,-1,127,66,125,-1,125,66,68,-1,125,68,123,-1,123,68,70,-1,123,70,72,-1,131,95,58,-1,58,95,97,-1,58,97,89,-1,93,91,101,-1,101,91,89,-1,101,89,99,-1,99,89,97,-1,179,180,181,-1,181,180,182,-1,181,182,183,-1,184,185,179,-1,179,185,180,-1,185,184,186,-1,186,184,187,-1,186,187,188,-1,189,190,187,-1,187,190,188,-1,191,192,189,-1,189,192,190,-1,183,192,181,-1,181,192,191,-1,184,179,187,-1,187,179,181,-1,187,181,189,-1,189,181,191,-1,
        ]
    }
}