#VRML V2.0 utf8
# 3D model generated by easyeda2kicad.py (https://github.com/uPesy/easyeda2kicad.py)

Shape{
    appearance Appearance {
        material  Material 	{
            diffuseColor 0.37254901960784315 0.9490196078431372 1.0
            specularColor 0.18823529411764706 0.4745098039215686 0.5019607843137255
            ambientIntensity 0.2
            transparency 0
            shininess 0.5
        }
    }
    geometry IndexedFaceSet {
        ccw TRUE
        solid FALSE
        coord DEF co Coordinate {
            point [
                1.2205 0.0933 0.1997, 1.2205 0.0819 0.1708, 1.2205 0.096 0.1708, 1.2205 0.0 0.0787, 1.2205 0.01 0.0774, 1.2205 0.01 0.155, 1.2205 0.0538 0.2701, 1.2205 0.0538 0.2573, 1.2205 0.0646 0.2573, 1.2205 0.1039 0.1892, 1.2205 0.1039 0.1757, 1.2205 0.1114 0.1757, 1.2205 -0.2246 0.2296, 1.2205 -0.2225 0.2343, 1.2205 -0.384 0.2343, 1.2205 -0.0556 0.237, 1.2205 -0.0537 0.2343, 1.2205 -0.0285 0.2343, 1.2205 -0.1012 0.2792, 1.2205 -0.095 0.275, 1.2205 -0.0285 0.275, 1.2205 -0.0885 0.2706, 1.2205 -0.0791 0.2598, 1.2205 -0.0731 0.2481, 1.2205 -0.0718 0.2477, 1.2205 -0.0633 0.2435, 1.2205 -0.0285 0.4494, 1.2205 -0.1044 0.4406, 1.2205 -0.1155 0.2842, 1.2205 -0.1544 0.2786, 1.2205 -0.1526 0.2793, 1.2205 -0.1526 0.423, 1.2205 -0.1413 0.2837, 1.2205 -0.1272 0.2854, 1.2205 -0.2032 0.4046, 1.2205 -0.291 0.3468, 1.2205 -0.1602 0.275, 1.2205 -0.3588 0.275, 1.2205 -0.1614 0.2743, 1.2205 -0.2113 0.2505, 1.2205 -0.2022 0.2569, 1.2205 -0.1917 0.261, 1.2205 -0.1804 0.2624, 1.2205 -0.168 0.2686, 1.2205 -0.1772 0.2622, 1.2205 -0.1739 0.2618, 1.2205 -0.3632 0.2704, 1.2205 -0.22 0.2399, 1.2205 -0.2132 0.2487, 1.2205 -0.4004 0.2058, 1.2205 -0.2252 0.2058, 1.2205 -0.2265 0.2163, 1.2205 -0.2265 0.2189, 1.2205 -0.1955 0.1727, 1.2205 -0.2057 0.1777, 1.2205 -0.4183 0.1708, 1.2205 -0.2146 0.1852, 1.2205 -0.2211 0.1945, 1.2205 -0.2251 0.2051, 1.2205 -0.4157 0.1793, 1.2205 -0.423 0.155, 1.2205 -0.1765 0.155, 1.2205 -0.1795 0.1562, 1.2205 -0.1918 0.1716, 1.2205 -0.1915 0.1708, 1.2205 -0.1891 0.1658, 1.2205 -0.185 0.1605, 1.2205 -0.1526 -0.426, 1.2205 -0.1526 0.155, 1.2205 -0.1529 0.155, 1.2205 -0.452 -0.0263, 1.2205 -0.4337 -0.1299, 1.2205 -0.173 0.1534, 1.2205 -0.3921 -0.2264, 1.2205 -0.3293 -0.3107, 1.2205 -0.1662 0.1523, 1.2205 -0.4459 0.0786, 1.2205 -0.1583 0.153, 1.2205 -0.1648 0.1522, 1.2205 -0.1549 -0.4255, 1.2205 -0.2488 -0.3783, 1.2205 -0.1381 0.1708, 1.2205 -0.1381 0.1708, 1.2205 -0.0285 0.155, 1.2205 -0.1415 0.1644, 1.2205 -0.1462 0.1591, 1.2205 -0.152 0.1553, 1.2205 -0.1526 0.155, 1.2205 -0.0285 0.2058, 1.2205 -0.0456 0.2058, 1.2205 -0.0462 0.2008, 1.2205 -0.1035 0.1864, 1.2205 -0.1018 0.1876, 1.2205 -0.0965 0.2046, 1.2205 -0.0998 0.1884, 1.2205 -0.0976 0.1887, 1.2205 -0.0973 0.1886, 1.2205 -0.0285 0.1708, 1.2205 -0.0498 0.1917, 1.2205 -0.0555 0.1838, 1.2205 -0.0632 0.1773, 1.2205 -0.0719 0.173, 1.2205 -0.0814 0.171, 1.2205 -0.1064 0.1798, 1.2205 -0.1064 0.181, 1.2205 -0.1363 0.1835, 1.2205 -0.1058 0.1831, 1.2205 -0.1047 0.1851, 1.2205 -0.0964 0.1884, 1.2205 -0.0959 0.1884, 1.2205 -0.0831 0.1884, 1.2205 -0.0982 0.171, 1.2205 -0.0998 0.1713, 1.2205 -0.1017 0.172, 1.2205 -0.1035 0.1733, 1.2205 -0.1042 0.174, 1.2205 -0.1054 0.1758, 1.2205 -0.1062 0.1777, 1.2205 -0.1365 0.1778, 1.2205 -0.1363 0.1807, 1.2205 -0.0685 0.1954, 1.2205 -0.0653 0.1998, 1.2205 -0.0776 0.1895, 1.2205 -0.0726 0.1919, 1.2205 -0.1319 0.2058, 1.2205 -0.1053 0.2197, 1.2205 -0.1526 0.2343, 1.2205 -0.0633 0.2049, 1.2205 -0.0632 0.2058, 1.2205 -0.0972 0.2058, 1.2205 -0.0626 0.2106, 1.2205 -0.0628 0.2138, 1.2205 -0.0698 0.227, 1.2205 -0.0742 0.2301, 1.2205 -0.0643 0.2192, 1.2205 -0.0671 0.224, 1.2205 -0.0792 0.2321, 1.2205 -0.0848 0.2328, 1.2205 -0.1512 0.2058, 1.2205 -0.1482 0.2041, 1.2205 -0.1434 0.1998, 1.2205 -0.161 0.2092, 1.2205 -0.1541 0.2074, 1.2205 -0.1526 0.2066, 1.2205 -0.2055 0.2297, 1.2205 -0.2079 0.2233, 1.2205 -0.1775 0.2064, 1.2205 -0.2086 0.2168, 1.2205 -0.2082 0.2123, 1.2205 -0.1784 0.2058, 1.2205 -0.2063 0.2058, 1.2205 -0.1834 0.2024, 1.2205 -0.2024 0.2343, 1.2205 -0.1712 0.2087, 1.2205 -0.1648 0.2094, 1.2205 -0.1973 0.1941, 1.2205 -0.1915 0.1906, 1.2205 -0.1881 0.1971, 1.2205 -0.2025 0.1992, 1.2205 -0.2062 0.2053, 1.2205 -0.1526 0.2589, 1.2205 -0.1543 0.2577, 1.2205 -0.1607 0.2501, 1.2205 -0.1651 0.241, 1.2205 -0.1676 0.2424, 1.2205 -0.174 0.2446, 1.2205 -0.1801 0.2453, 1.2205 -0.183 0.2452, 1.2205 -0.1901 0.2435, 1.2205 -0.1964 0.2401, 1.2205 -0.2017 0.2354, 1.2205 -0.0998 0.2577, 1.2205 -0.1003 0.2582, 1.2205 -0.0933 0.25, 1.2205 -0.0871 0.2328, 1.2205 -0.0874 0.2343, 1.2205 -0.0889 0.2409, 1.2205 -0.1083 0.2637, 1.2205 -0.1172 0.2672, 1.2205 -0.1269 0.2684, 1.2205 -0.1374 0.267, 1.2205 -0.1467 0.2632, 1.2205 -0.0498 0.2289, 1.2205 -0.0463 0.2202, 1.2205 -0.0449 0.2109, 1.2205 0.1278 0.1711, 1.2205 0.1278 0.2058, 1.2205 0.124 0.2058, 1.2205 0.1278 0.2112, 1.2205 0.124 0.2343, 1.2205 0.1779 0.2112, 1.2205 0.1834 0.2112, 1.2205 0.1392 0.2112, 1.2205 0.1456 0.2104, 1.2205 0.1545 0.2058, 1.2205 0.1758 0.2058, 1.2205 0.1544 0.2059, 1.2205 0.1504 0.2086, 1.2205 0.1987 0.1711, 1.2205 0.1929 0.1711, 1.2205 0.124 0.1708, 1.2205 0.15 0.1737, 1.2205 0.1454 0.1719, 1.2205 0.1626 0.1711, 1.2205 0.156 0.2042, 1.2205 0.1584 0.2007, 1.2205 0.1598 0.1968, 1.2205 0.1388 0.1711, 1.2205 0.1683 0.1711, 1.2205 0.1722 0.1821, 1.2205 0.1889 0.1821, 1.2205 0.1604 0.1917, 1.2205 0.1603 0.1888, 1.2205 0.1592 0.1842, 1.2205 0.1572 0.1801, 1.2205 0.1544 0.1768, 1.2205 0.1539 0.1763, 1.2205 0.1203 0.1757, 1.2205 0.1203 0.1711, 1.2205 0.1114 0.1708, 1.2205 0.1114 0.2058, 1.2205 0.1114 0.1938, 1.2205 0.1182 0.1938, 1.2205 0.1182 0.1892, 1.2205 0.1114 0.1892, 1.2205 0.1039 0.1938, 1.2205 0.1039 0.2058, 1.2205 0.1039 0.2066, 1.2205 0.1114 0.2066, 1.2205 0.0987 0.1711, 1.2205 0.0987 0.2058, 1.2205 0.096 0.2058, 1.2205 0.0987 0.2112, 1.2205 0.0439 0.1773, 1.2205 0.0372 0.1895, 1.2205 0.0439 0.1722, 1.2205 0.0372 0.1711, 1.2205 0.0463 0.1713, 1.2205 0.0296 0.1727, 1.2205 0.0279 0.1715, 1.2205 0.0321 0.1711, 1.2205 0.026 0.1708, 1.2205 0.0124 0.1708, 1.2205 0.015 0.1748, 1.2205 0.0144 0.1765, 1.2205 0.0124 0.2058, 1.2205 0.0448 0.1954, 1.2205 0.0457 0.1968, 1.2205 0.0124 0.155, 1.2205 0.0203 0.1708, 1.2205 0.0202 0.1708, 1.2205 0.0183 0.1715, 1.2205 0.0163 0.1848, 1.2205 0.0178 0.1862, 1.2205 0.017 0.1929, 1.2205 0.02 0.1873, 1.2205 0.0202 0.1949, 1.2205 0.0237 0.1881, 1.2205 0.028 0.1961, 1.2205 0.0263 0.1963, 1.2205 0.0233 0.196, 1.2205 0.0166 0.1727, 1.2205 0.0161 0.1733, 1.2205 0.0459 0.1761, 1.2205 0.0463 0.176, 1.2205 0.0463 0.1866, 1.2205 0.0321 0.1756, 1.2205 0.032 0.1756, 1.2205 0.0312 0.1744, 1.2205 0.0368 0.1933, 1.2205 0.0442 0.1901, 1.2205 0.017 0.1977, 1.2205 0.0183 0.1985, 1.2205 0.0221 0.1999, 1.2205 0.0442 0.1938, 1.2205 0.035 0.1972, 1.2205 0.0142 0.1788, 1.2205 0.0142 0.1795, 1.2205 0.0145 0.1817, 1.2205 0.0152 0.1834, 1.2205 0.036 0.1956, 1.2205 0.044 0.192, 1.2205 0.032 0.1995, 1.2205 0.0337 0.1985, 1.2205 0.0321 0.1893, 1.2205 0.032 0.1915, 1.2205 0.0314 0.1933, 1.2205 0.0309 0.1944, 1.2205 0.0462 0.1866, 1.2205 0.0454 0.1875, 1.2205 0.0447 0.1885, 1.2205 0.0268 0.2004, 1.2205 0.0299 0.2001, 1.2205 0.0301 0.1952, 1.2205 0.0292 0.1957, 1.2205 0.0549 0.1708, 1.2205 0.0517 0.1705, 1.2205 0.0463 0.155, 1.2205 0.0484 0.1708, 1.2205 0.0463 0.1708, 1.2205 0.0475 0.1709, 1.2205 0.0646 0.2058, 1.2205 0.0619 0.1991, 1.2205 0.0619 0.1943, 1.2205 0.0616 0.1837, 1.2205 0.0625 0.1823, 1.2205 0.0487 0.199, 1.2205 0.0463 0.2058, 1.2205 0.0472 0.1981, 1.2205 0.0463 0.1973, 1.2205 0.0631 0.1808, 1.2205 0.0633 0.1789, 1.2205 0.0646 0.1708, 1.2205 0.063 0.1769, 1.2205 0.0624 0.1753, 1.2205 0.0514 0.2, 1.2205 0.0551 0.2004, 1.2205 0.0579 0.2002, 1.2205 0.0615 0.174, 1.2205 0.06 0.1727, 1.2205 0.0585 0.1719, 1.2205 0.0546 0.1963, 1.2205 0.0531 0.1962, 1.2205 0.0491 0.1925, 1.2205 0.0518 0.1959, 1.2205 0.0507 0.1953, 1.2205 0.0492 0.1918, 1.2205 0.0494 0.191, 1.2205 0.0498 0.1904, 1.2205 0.0502 0.1898, 1.2205 0.052 0.1887, 1.2205 0.0579 0.1959, 1.2205 0.0551 0.1874, 1.2205 0.0607 0.1949, 1.2205 0.0571 0.1866, 1.2205 0.0604 0.1847, 1.2205 0.0499 0.1946, 1.2205 0.0495 0.194, 1.2205 0.0492 0.1933, 1.2205 0.0491 0.1749, 1.2205 0.0516 0.1837, 1.2205 0.0486 0.1851, 1.2205 0.0522 0.1746, 1.2205 0.0524 0.1746, 1.2205 0.0549 0.1823, 1.2205 0.055 0.1749, 1.2205 0.0581 0.1784, 1.2205 0.0581 0.1791, 1.2205 0.0563 0.1753, 1.2205 0.0567 0.1756, 1.2205 0.0573 0.1761, 1.2205 0.0578 0.1768, 1.2205 0.058 0.1775, 1.2205 0.0578 0.1798, 1.2205 0.0574 0.1805, 1.2205 0.0568 0.1812, 1.2205 0.1387 0.2456, 1.2205 0.124 0.2456, 1.2205 0.1428 0.2347, 1.2205 0.1485 0.2347, 1.2205 0.1333 0.2747, 1.2205 0.384 0.2343, 1.2205 0.1221 0.2456, 1.2205 0.1182 0.2347, 1.2205 0.1114 0.2343, 1.2205 0.1125 0.2347, 1.2205 0.1114 0.275, 1.2205 0.124 0.265, 1.2205 0.124 0.275, 1.2205 0.1277 0.2747, 1.2205 0.096 0.2343, 1.2205 0.0953 0.2354, 1.2205 0.0887 0.2347, 1.2205 0.0891 0.2747, 1.2205 0.096 0.275, 1.2205 0.0739 0.275, 1.2205 0.0739 0.2343, 1.2205 0.0777 0.2347, 1.2205 0.0777 0.2747, 1.2205 0.1059 0.2677, 1.2205 0.1083 0.2642, 1.2205 0.1091 0.2477, 1.2205 0.1071 0.2436, 1.2205 0.1042 0.2694, 1.2205 0.0955 0.274, 1.2205 0.096 0.2737, 1.2205 0.1003 0.2721, 1.2205 0.0999 0.2372, 1.2205 0.096 0.2357, 1.2205 0.1042 0.2403, 1.2205 0.1038 0.2398, 1.2205 0.1097 0.2603, 1.2205 0.1103 0.2552, 1.2205 0.1101 0.2523, 1.2205 0.0646 0.275, 1.2205 0.0692 0.2747, 1.2205 0.0646 0.2747, 1.2205 0.0538 0.2392, 1.2205 0.0646 0.2392, 1.2205 0.0538 0.2527, 1.2205 0.0646 0.2527, 1.2205 0.0681 0.2527, 1.2205 0.0701 0.2392, 1.2205 0.0681 0.2573, 1.2205 0.0692 0.2701, 1.2205 0.0646 0.2701, 1.2205 0.0486 0.2347, 1.2205 0.0463 0.2343, 1.2205 0.0646 0.2343, 1.2205 0.0701 0.2347, 1.2205 0.0646 0.2347, 1.2205 0.0486 0.2747, 1.2205 0.0463 0.275, 1.2205 -0.0204 0.0761, 1.2205 -0.0682 -0.0394, 1.2205 -0.0761 -0.0204, 1.2205 -0.0787 0.0, 1.2205 -0.0761 0.0204, 1.2205 -0.0682 0.0394, 1.2205 -0.0557 0.0557, 1.2205 -0.0394 0.0682, 1.2205 -0.0285 0.0727, 1.2205 0.0124 -0.4497, 1.2205 0.01 -0.0774, 1.2205 0.01 -0.4497, 1.2205 -0.0 -0.0787, 1.2205 -0.0285 -0.4497, 1.2205 -0.0204 -0.0761, 1.2205 -0.0285 -0.0727, 1.2205 -0.0526 -0.4497, 1.2205 -0.0394 -0.0682, 1.2205 -0.0557 -0.0557, 1.2205 0.0463 -0.4497, 1.2205 0.0204 -0.0761, 1.2205 0.0124 -0.0771, 1.2205 0.0646 -0.4468, 1.2205 0.0646 -0.0441, 1.2205 0.0557 -0.0557, 1.2205 0.0526 -0.4497, 1.2205 0.0463 -0.0629, 1.2205 0.0394 -0.0682, 1.2205 0.0682 -0.0394, 1.2205 0.0739 -0.4446, 1.2205 0.0739 -0.0256, 1.2205 0.0739 0.155, 1.2205 0.0739 0.0256, 1.2205 0.096 0.155, 1.2205 0.0761 0.0204, 1.2205 0.0787 -0.0, 1.2205 0.0761 -0.0204, 1.2205 0.096 -0.4394, 1.2205 0.0394 0.0682, 1.2205 0.0463 0.0629, 1.2205 0.0646 0.155, 1.2205 0.0558 0.1709, 1.2205 0.0557 0.0557, 1.2205 0.0646 0.0441, 1.2205 0.0682 0.0394, 1.2205 0.0124 0.0771, 1.2205 0.0204 0.0761, 1.2205 0.0 0.4528, 1.2205 0.01 0.275, 1.2205 0.01 0.4516, 1.2205 0.0124 0.275, 1.2205 0.0124 0.4513, 1.2205 0.0739 0.4441, 1.2205 0.0646 0.4452, 1.2205 0.0463 0.4473, 1.2205 0.0352 0.275, 1.2205 0.2032 0.4046, 1.2205 0.124 0.4334, 1.2205 0.1114 0.438, 1.2205 0.1044 0.4406, 1.2205 0.096 0.4415, 1.2205 0.3632 0.2704, 1.2205 0.3588 0.275, 1.2205 0.291 0.3468, 1.2205 0.124 0.155, 1.2205 0.423 0.155, 1.2205 0.4183 0.1708, 1.2205 0.2488 -0.3783, 1.2205 0.3293 -0.3107, 1.2205 0.3921 -0.2264, 1.2205 0.4337 -0.1299, 1.2205 0.452 -0.0263, 1.2205 0.4459 0.0786, 1.2205 0.1114 -0.4358, 1.2205 0.1114 0.155, 1.2205 0.124 -0.4328, 1.2205 0.1549 -0.4255, 1.2205 0.0366 0.2749, 1.2205 0.0406 0.2737, 1.2205 0.0406 0.2683, 1.2205 0.0406 0.2413, 1.2205 0.0406 0.2363, 1.2205 0.0364 0.2348, 1.2205 0.0325 0.2343, 1.2205 0.0319 0.2386, 1.2205 0.0365 0.2395, 1.2205 0.016 0.2539, 1.2205 0.016 0.2542, 1.2205 0.0197 0.2657, 1.2205 0.0178 0.2628, 1.2205 0.0166 0.2593, 1.2205 0.0358 0.2702, 1.2205 0.0311 0.2707, 1.2205 0.0294 0.2706, 1.2205 0.0259 0.2699, 1.2205 0.0167 0.2489, 1.2205 0.0179 0.2457, 1.2205 0.02 0.2428, 1.2205 0.0236 0.24, 1.2205 0.0265 0.239, 1.2205 0.0302 0.2386, 1.2205 0.0399 0.2687, 1.2205 0.0228 0.2684, 1.2205 0.0202 0.2663, 1.2205 0.0209 0.2419, 1.2205 0.0124 0.2632, 1.2205 0.0136 0.2659, 1.2205 0.0215 0.2732, 1.2205 0.0257 0.2748, 1.2205 0.0281 0.275, 1.2205 0.0311 0.2754, 1.2205 0.0315 0.2754, 1.2205 0.0164 0.2695, 1.2205 0.0175 0.2706, 1.2205 0.0116 0.2615, 1.2205 0.0124 0.2448, 1.2205 0.0114 0.2475, 1.2205 0.01 0.2343, 1.2205 0.0106 0.2539, 1.2205 0.0107 0.2563, 1.2205 0.0188 0.2369, 1.2205 0.0157 0.2394, 1.2205 0.0124 0.2343, 1.2205 0.0154 0.2399, 1.2205 0.013 0.2433, 1.2205 0.0295 0.234, 1.2205 0.0268 0.2341, 1.2205 0.0259 0.2343, 1.2205 0.0225 0.2351, 1.2205 -0.007 0.2058, 1.2205 -0.007 0.1938, 1.2205 0.01 0.2058, 1.2205 0.0073 0.1938, 1.2205 -0.007 0.1892, 1.2205 -0.007 0.1757, 1.2205 0.0073 0.1892, 1.2205 0.0094 0.1757, 1.2205 0.01 0.1708, 1.2205 0.0094 0.1711, 1.2205 -0.0122 0.1711, 1.2205 0.0258 0.1708, 1.2205 0.0232 0.1705, 1.2205 0.0881 0.1997, 1.2205 0.1114 0.1711, 1.2205 0.0789 0.1783, 1.2205 0.0796 0.1759, 1.2205 0.0797 0.1759, 1.2205 0.0739 0.2058, 1.2205 0.0739 0.1928, 1.2205 0.0803 0.1782, 1.2205 0.0799 0.1769, 1.2205 0.0739 0.1793, 1.2205 0.0659 0.1997, 1.2205 0.0715 0.1997, 1.2205 0.0769 0.1708, 1.2205 0.0771 0.1712, 1.2205 0.0739 0.1642, 1.2205 0.0739 0.1642, 1.2205 0.0739 0.1708, 1.2205 0.0749 0.166, 1.2205 0.0669 0.1626, 1.2205 0.0669 0.1581, 1.2205 0.0679 0.1622, 1.2205 0.0697 0.162, 1.2205 0.071 0.1621, 1.2205 0.0739 0.1586, 1.2205 0.0722 0.1579, 1.2205 0.0701 0.1577, 1.2205 0.069 0.1577, 1.2205 0.0721 0.1625, 1.2205 0.073 0.1632, 1.2205 0.0803 0.1668, 1.2205 0.0781 0.1624, 1.2205 0.0762 0.1602, 1.2205 0.0759 0.1599, 1.2205 0.0741 0.1587, 1.2205 -0.007 0.2747, 1.2205 -0.007 0.2392, 1.2205 0.009 0.2392, 1.2205 -0.0122 0.2347, 1.2205 -0.0122 0.2747, 1.2205 0.009 0.2347, 1.2205 -0.007 0.2066, 1.2205 0.0085 0.2066, 1.2205 0.0085 0.2112, 1.2205 -0.0122 0.2112, 1.2205 -0.0122 0.2058, 1.2205 0.1193 0.2066, 1.2205 0.1193 0.2112, 1.2205 0.1114 0.2112, 1.2205 0.4004 0.2058, 1.2205 0.1855 0.2058, 1.2205 0.4157 0.1793, -0.5709 0.0 0.5118, -0.3862 0.1139 0.499, -0.5709 0.1139 0.499, -0.3862 0.2221 0.4611, -0.5709 0.2221 0.4611, -0.3862 0.3191 0.4002, -0.5709 0.3191 0.4002, -0.3862 0.4002 0.3191, -0.5709 0.4002 0.3191, -0.3862 0.4611 0.2221, -0.5709 0.4611 0.2221, -0.3862 0.499 0.1139, -0.5709 0.499 0.1139, -0.3862 0.5118 0.0, -0.5709 0.5118 0.0, -0.3862 0.499 -0.1139, -0.5709 0.499 -0.1139, -0.3862 0.4611 -0.2221, -0.5709 0.4611 -0.2221, -0.3862 0.4002 -0.3191, -0.5709 0.4002 -0.3191, -0.3862 0.3191 -0.4002, -0.5709 0.3191 -0.4002, -0.3862 0.2221 -0.4611, -0.5709 0.2221 -0.4611, -0.3862 0.1139 -0.499, -0.5709 0.1139 -0.499, -0.3862 0.0 -0.5118, -0.5709 0.0 -0.5118, -0.3862 -0.1139 -0.499, -0.5709 -0.1139 -0.499, -0.3862 -0.2221 -0.4611, -0.5709 -0.2221 -0.4611, -0.3862 -0.3191 -0.4002, -0.5709 -0.3191 -0.4002, -0.3862 -0.4002 -0.3191, -0.5709 -0.4002 -0.3191, -0.3862 -0.4611 -0.2221, -0.5709 -0.4611 -0.2221, -0.3862 -0.499 -0.1139, -0.5709 -0.499 -0.1139, -0.3862 -0.5118 -0.0, -0.5709 -0.5118 -0.0, -0.3862 -0.499 0.1139, -0.5709 -0.499 0.1139, -0.3862 -0.4611 0.2221, -0.5709 -0.4611 0.2221, -0.3862 -0.4002 0.3191, -0.5709 -0.4002 0.3191, -0.3862 -0.3191 0.4002, -0.5709 -0.3191 0.4002, -0.3862 -0.2221 0.4611, -0.5709 -0.2221 0.4611, -0.3862 -0.1139 0.499, -0.5709 -0.1139 0.499, -0.3862 0.0 0.5118, -0.3862 0.0 0.5118
            ]
        }
        coordIndex [
            0,1,2,-1,3,4,5,-1,6,7,8,-1,9,10,11,-1,12,13,14,-1,15,16,17,-1,18,19,20,-1,20,19,21,-1,20,21,22,-1,22,23,20,-1,20,23,24,-1,20,24,25,-1,26,27,28,-1,29,30,31,-1,31,30,32,-1,31,32,27,-1,27,32,33,-1,27,33,28,-1,31,34,29,-1,29,34,35,-1,29,35,36,-1,36,35,37,-1,36,37,38,-1,39,40,37,-1,37,40,41,-1,37,41,38,-1,38,41,42,-1,38,42,43,-1,43,42,44,-1,43,44,45,-1,14,13,46,-1,46,13,47,-1,46,47,37,-1,37,47,48,-1,37,48,39,-1,49,50,51,-1,49,51,14,-1,14,51,52,-1,14,52,12,-1,53,54,55,-1,54,56,55,-1,55,56,57,-1,55,57,58,-1,50,49,58,-1,58,49,59,-1,58,59,55,-1,60,61,62,-1,63,53,64,-1,64,53,55,-1,64,55,65,-1,65,55,60,-1,65,60,66,-1,66,60,62,-1,67,68,69,-1,70,71,72,-1,71,73,72,-1,72,73,74,-1,72,74,75,-1,61,60,72,-1,72,60,76,-1,72,76,70,-1,69,77,67,-1,67,77,78,-1,67,78,79,-1,79,78,75,-1,79,75,80,-1,80,75,74,-1,81,82,83,-1,83,82,84,-1,84,85,83,-1,83,85,86,-1,83,86,68,-1,68,86,87,-1,68,87,69,-1,88,89,90,-1,91,92,93,-1,92,94,93,-1,93,94,95,-1,93,95,96,-1,88,90,97,-1,97,90,98,-1,97,98,99,-1,99,100,97,-1,97,100,101,-1,97,101,102,-1,103,104,105,-1,105,104,106,-1,105,106,93,-1,93,106,107,-1,93,107,91,-1,96,108,93,-1,93,108,109,-1,93,109,110,-1,111,112,81,-1,111,81,102,-1,112,113,81,-1,81,113,114,-1,81,114,115,-1,115,116,81,-1,81,116,117,-1,81,117,118,-1,118,117,103,-1,118,103,119,-1,119,103,105,-1,120,121,93,-1,110,122,93,-1,93,122,123,-1,93,123,120,-1,124,125,126,-1,121,127,93,-1,93,127,128,-1,93,128,129,-1,129,128,130,-1,129,130,131,-1,129,132,133,-1,131,134,129,-1,129,134,135,-1,129,135,132,-1,133,136,129,-1,129,136,137,-1,129,137,125,-1,126,138,124,-1,124,138,139,-1,124,139,140,-1,141,142,126,-1,126,142,143,-1,126,143,138,-1,144,145,146,-1,145,147,146,-1,146,147,148,-1,146,148,149,-1,149,148,150,-1,149,150,151,-1,144,146,152,-1,152,146,153,-1,152,153,126,-1,126,153,154,-1,126,154,141,-1,155,156,157,-1,155,157,158,-1,151,150,157,-1,157,150,159,-1,157,159,158,-1,126,160,161,-1,161,162,126,-1,126,162,163,-1,126,163,152,-1,152,163,164,-1,164,165,152,-1,152,165,166,-1,152,166,167,-1,168,169,167,-1,167,169,170,-1,167,170,152,-1,171,172,126,-1,171,126,173,-1,137,174,125,-1,125,174,175,-1,125,175,126,-1,126,175,176,-1,126,176,173,-1,172,177,126,-1,126,177,178,-1,126,178,179,-1,179,180,126,-1,126,180,181,-1,126,181,160,-1,16,182,17,-1,17,182,183,-1,17,183,88,-1,88,183,184,-1,88,184,89,-1,185,186,187,-1,187,186,188,-1,187,188,189,-1,189,190,191,-1,188,192,189,-1,189,192,193,-1,189,193,190,-1,194,195,196,-1,196,195,190,-1,196,190,197,-1,197,190,193,-1,198,199,200,-1,201,202,203,-1,194,204,195,-1,195,204,205,-1,195,205,206,-1,202,207,203,-1,203,207,200,-1,203,200,208,-1,208,200,199,-1,208,199,209,-1,209,199,210,-1,206,211,195,-1,195,211,212,-1,195,212,203,-1,203,212,213,-1,203,213,214,-1,214,215,203,-1,203,215,216,-1,203,216,201,-1,217,218,200,-1,200,218,219,-1,220,221,187,-1,187,221,222,-1,187,222,223,-1,207,185,200,-1,200,185,187,-1,200,187,217,-1,217,187,223,-1,217,223,11,-1,11,223,224,-1,11,224,9,-1,225,221,226,-1,226,221,220,-1,226,220,227,-1,227,220,228,-1,229,230,231,-1,231,230,232,-1,233,234,235,-1,235,234,236,-1,235,236,237,-1,238,239,240,-1,240,239,241,-1,240,241,236,-1,242,243,244,-1,245,246,247,-1,248,249,242,-1,242,249,250,-1,242,250,251,-1,252,253,254,-1,254,253,255,-1,254,255,256,-1,256,255,257,-1,258,259,257,-1,257,259,260,-1,257,260,256,-1,251,261,242,-1,242,261,262,-1,242,262,243,-1,263,264,265,-1,266,267,240,-1,240,267,268,-1,240,268,238,-1,269,234,270,-1,254,271,245,-1,245,271,272,-1,245,272,273,-1,274,246,275,-1,244,276,242,-1,242,276,277,-1,242,277,245,-1,245,277,278,-1,245,278,254,-1,254,278,279,-1,254,279,252,-1,263,265,233,-1,275,280,274,-1,274,280,269,-1,274,269,281,-1,281,269,270,-1,245,282,246,-1,246,282,283,-1,246,283,275,-1,284,285,257,-1,257,285,286,-1,257,286,287,-1,265,288,233,-1,233,288,289,-1,233,289,234,-1,234,289,290,-1,234,290,270,-1,273,291,245,-1,245,291,292,-1,245,292,282,-1,287,293,257,-1,257,293,294,-1,257,294,258,-1,295,296,297,-1,297,296,298,-1,297,298,299,-1,299,298,300,-1,299,300,237,-1,301,302,303,-1,304,305,303,-1,306,307,308,-1,308,307,309,-1,310,311,312,-1,312,311,313,-1,312,313,314,-1,306,315,307,-1,307,315,316,-1,307,316,301,-1,301,316,317,-1,301,317,302,-1,314,318,312,-1,312,318,319,-1,312,319,320,-1,321,322,323,-1,323,322,324,-1,323,324,325,-1,323,326,321,-1,321,326,327,-1,321,327,328,-1,328,329,321,-1,321,329,330,-1,321,330,331,-1,331,330,332,-1,331,332,333,-1,333,332,334,-1,333,334,303,-1,303,334,335,-1,303,335,304,-1,336,337,325,-1,325,337,338,-1,325,338,323,-1,339,340,264,-1,264,340,341,-1,264,341,265,-1,339,342,340,-1,340,342,343,-1,340,343,344,-1,344,343,345,-1,344,346,347,-1,345,348,344,-1,344,348,349,-1,344,349,350,-1,350,351,344,-1,344,351,352,-1,344,352,346,-1,347,353,344,-1,344,353,354,-1,344,354,355,-1,356,357,358,-1,358,357,189,-1,358,189,359,-1,360,359,361,-1,357,362,189,-1,189,362,363,-1,189,363,364,-1,364,363,365,-1,364,365,366,-1,366,365,367,-1,366,367,368,-1,368,367,369,-1,368,369,360,-1,370,371,372,-1,373,374,375,-1,370,372,376,-1,376,372,377,-1,376,377,375,-1,375,377,378,-1,375,378,373,-1,379,380,366,-1,381,382,364,-1,379,366,383,-1,373,384,374,-1,374,384,385,-1,374,385,366,-1,366,385,386,-1,366,386,383,-1,364,387,370,-1,370,387,388,-1,370,388,371,-1,382,389,364,-1,364,389,390,-1,364,390,387,-1,380,391,366,-1,366,391,392,-1,366,392,364,-1,364,392,393,-1,364,393,381,-1,375,394,395,-1,395,394,396,-1,397,398,399,-1,399,398,400,-1,400,398,401,-1,401,398,402,-1,401,402,403,-1,403,402,404,-1,403,404,8,-1,8,404,405,-1,8,405,6,-1,406,407,408,-1,395,404,375,-1,375,404,402,-1,375,402,376,-1,376,402,409,-1,376,409,408,-1,408,409,410,-1,408,410,406,-1,396,394,411,-1,411,394,412,-1,411,412,406,-1,102,81,97,-1,97,81,83,-1,97,83,5,-1,5,83,413,-1,5,413,3,-1,414,415,67,-1,67,415,416,-1,67,416,68,-1,68,416,417,-1,68,417,418,-1,418,419,68,-1,68,419,420,-1,68,420,83,-1,83,420,421,-1,83,421,413,-1,422,423,424,-1,424,423,425,-1,424,425,426,-1,425,427,426,-1,426,427,428,-1,426,428,429,-1,429,428,430,-1,429,430,67,-1,67,430,431,-1,67,431,414,-1,432,433,422,-1,422,433,434,-1,422,434,423,-1,435,436,437,-1,435,437,438,-1,438,437,439,-1,438,439,432,-1,432,439,440,-1,432,440,433,-1,436,435,441,-1,441,435,442,-1,441,442,443,-1,444,445,446,-1,446,445,447,-1,446,447,448,-1,443,442,449,-1,449,442,450,-1,449,450,448,-1,451,452,297,-1,297,452,453,-1,297,453,295,-1,295,453,312,-1,295,312,454,-1,454,312,320,-1,452,455,453,-1,453,455,456,-1,453,456,444,-1,444,456,457,-1,444,457,445,-1,248,458,297,-1,297,458,459,-1,297,459,451,-1,28,18,26,-1,26,18,20,-1,26,20,460,-1,460,20,461,-1,460,461,462,-1,463,464,462,-1,374,465,375,-1,375,465,466,-1,375,466,394,-1,394,466,467,-1,394,467,412,-1,412,467,468,-1,469,470,368,-1,368,470,471,-1,368,471,366,-1,366,471,472,-1,366,472,374,-1,374,472,473,-1,374,473,465,-1,361,474,360,-1,360,474,475,-1,360,475,368,-1,368,475,476,-1,368,476,469,-1,477,478,479,-1,480,481,477,-1,477,481,482,-1,477,482,483,-1,483,484,477,-1,477,484,485,-1,477,485,478,-1,448,450,446,-1,446,450,486,-1,446,486,487,-1,487,486,488,-1,487,488,477,-1,477,488,489,-1,477,489,480,-1,468,490,412,-1,412,490,491,-1,412,491,492,-1,493,494,407,-1,407,494,495,-1,407,495,496,-1,497,498,499,-1,499,498,493,-1,499,493,500,-1,501,502,493,-1,493,502,503,-1,493,503,500,-1,504,505,493,-1,493,505,506,-1,493,506,507,-1,508,509,510,-1,511,512,499,-1,499,512,513,-1,499,513,497,-1,406,412,407,-1,407,412,492,-1,407,492,493,-1,493,492,514,-1,493,514,504,-1,507,515,493,-1,493,515,516,-1,493,516,501,-1,508,510,499,-1,499,510,517,-1,499,517,511,-1,463,518,519,-1,520,521,463,-1,463,521,522,-1,463,522,464,-1,464,522,523,-1,464,523,467,-1,467,523,524,-1,467,524,468,-1,519,525,463,-1,463,525,526,-1,463,526,520,-1,462,461,463,-1,463,461,527,-1,463,527,518,-1,528,529,530,-1,530,529,531,-1,530,531,461,-1,461,531,532,-1,461,532,527,-1,533,534,535,-1,535,534,536,-1,535,536,537,-1,538,245,307,-1,307,245,247,-1,307,247,309,-1,538,539,245,-1,245,539,540,-1,245,540,535,-1,535,540,541,-1,535,541,533,-1,542,543,544,-1,544,543,545,-1,546,547,548,-1,548,547,549,-1,545,548,544,-1,544,548,549,-1,544,549,550,-1,550,549,551,-1,550,551,552,-1,237,236,299,-1,299,236,241,-1,299,241,297,-1,297,241,553,-1,297,553,248,-1,248,553,554,-1,248,554,249,-1,555,0,231,-1,231,0,2,-1,231,2,229,-1,229,2,219,-1,229,219,556,-1,556,219,218,-1,557,558,559,-1,231,560,555,-1,555,560,561,-1,555,561,562,-1,562,561,557,-1,562,557,563,-1,563,557,559,-1,564,565,312,-1,305,310,303,-1,303,310,312,-1,303,312,301,-1,301,312,565,-1,301,565,560,-1,560,565,566,-1,560,566,561,-1,567,568,564,-1,569,570,571,-1,571,570,572,-1,571,572,567,-1,567,564,571,-1,571,564,312,-1,571,312,573,-1,573,312,453,-1,573,453,574,-1,573,575,571,-1,571,575,576,-1,571,576,577,-1,578,579,444,-1,444,579,580,-1,444,580,453,-1,453,580,581,-1,453,581,574,-1,577,582,571,-1,571,582,583,-1,571,583,569,-1,584,585,446,-1,585,586,446,-1,446,586,587,-1,446,587,444,-1,444,587,588,-1,444,588,578,-1,589,590,591,-1,530,592,17,-1,17,592,20,-1,17,20,15,-1,15,20,25,-1,592,593,20,-1,20,593,589,-1,20,589,461,-1,461,589,591,-1,461,591,530,-1,530,591,594,-1,530,594,592,-1,595,542,596,-1,596,542,544,-1,596,544,597,-1,597,544,530,-1,597,530,598,-1,598,530,17,-1,598,17,599,-1,599,17,88,-1,599,88,552,-1,552,88,97,-1,552,97,550,-1,550,97,5,-1,4,458,5,-1,5,458,248,-1,5,248,550,-1,550,248,242,-1,550,242,544,-1,544,242,245,-1,544,245,530,-1,530,245,535,-1,530,535,528,-1,528,535,537,-1,228,220,600,-1,600,220,187,-1,600,187,601,-1,601,187,189,-1,601,189,602,-1,602,189,364,-1,602,364,232,-1,232,364,370,-1,232,370,231,-1,231,370,376,-1,231,376,560,-1,560,376,408,-1,560,408,301,-1,301,408,407,-1,301,407,307,-1,307,407,496,-1,307,496,538,-1,359,189,361,-1,361,189,191,-1,361,191,603,-1,603,191,604,-1,603,604,605,-1,605,604,198,-1,605,198,479,-1,479,198,200,-1,479,200,477,-1,477,200,219,-1,477,219,487,-1,487,219,2,-1,487,2,446,-1,446,2,1,-1,446,1,584,-1,606,607,608,-1,608,607,609,-1,608,609,610,-1,610,609,611,-1,610,611,612,-1,612,611,613,-1,612,613,614,-1,614,613,615,-1,614,615,616,-1,616,615,617,-1,616,617,618,-1,618,617,619,-1,618,619,620,-1,620,619,621,-1,620,621,622,-1,622,621,623,-1,622,623,624,-1,624,623,625,-1,624,625,626,-1,626,625,627,-1,626,627,628,-1,628,627,629,-1,628,629,630,-1,630,629,631,-1,630,631,632,-1,632,631,633,-1,632,633,634,-1,634,633,635,-1,634,635,636,-1,636,635,637,-1,636,637,638,-1,638,637,639,-1,638,639,640,-1,640,639,641,-1,640,641,642,-1,642,641,643,-1,642,643,644,-1,644,643,645,-1,644,645,646,-1,646,645,647,-1,646,647,648,-1,648,647,649,-1,648,649,650,-1,650,649,651,-1,650,651,652,-1,652,651,653,-1,652,653,654,-1,654,653,655,-1,654,655,656,-1,656,655,657,-1,656,657,658,-1,658,657,659,-1,658,659,660,-1,660,659,661,-1,660,661,606,-1,606,661,607,-1,
        ]
    }
}
Shape{
    appearance Appearance {
        material  Material 	{
            diffuseColor 0.5803921568627451 0.9490196078431372 1.0
            specularColor 0.2901960784313726 0.4745098039215686 0.5019607843137255
            ambientIntensity 0.2
            transparency 0
            shininess 0.5
        }
    }
    geometry IndexedFaceSet {
        ccw TRUE
        solid FALSE
        coord DEF co Coordinate {
            point [
                -0.7283 0.4937 -0.1967, -0.7283 0.4399 -0.2983, -0.7283 0.4002 -0.3191, -0.7283 0.3655 -0.3859, -0.7283 0.3191 -0.4002, -0.7283 0.274 -0.4554, -0.7283 0.2221 -0.4611, -0.7283 0.1697 -0.5037, -0.7283 0.1139 -0.499, -0.7283 0.0575 -0.5284, -0.7283 0.0 -0.5118, -0.7283 -0.0575 -0.5284, -0.7283 -0.1139 -0.499, -0.7283 -0.1697 -0.5037, -0.7283 -0.2221 -0.4611, -0.7283 -0.274 -0.4554, -0.7283 -0.3191 -0.4002, -0.7283 -0.3655 -0.3859, -0.7283 -0.4002 -0.3191, -0.7283 -0.4399 -0.2983, -0.7283 -0.4611 -0.2221, -0.7283 -0.4937 -0.1967, -0.7283 -0.499 -0.1139, -0.7283 -0.5245 -0.086, -0.7283 -0.5118 -0.0, -0.7283 -0.5307 0.0288, -0.7283 -0.499 0.1139, -0.7283 -0.5121 0.1422, -0.7283 -0.4611 0.2221, -0.7283 -0.4696 0.249, -0.7283 -0.4002 0.3191, -0.7283 -0.4051 0.3441, -0.7283 -0.3191 0.4002, -0.7283 -0.3216 0.4231, -0.7283 -0.2221 0.4611, -0.7283 -0.2232 0.4824, -0.7283 -0.1139 0.499, -0.7283 -0.1143 0.5191, -0.7283 0.0 0.5118, -0.7283 -0.0 0.5315, -0.7283 0.1139 0.499, -0.7283 0.1143 0.5191, -0.7283 0.2221 0.4611, -0.7283 0.2232 0.4824, -0.7283 0.3191 0.4002, -0.7283 0.3216 0.4231, -0.7283 0.4002 0.3191, -0.7283 0.4051 0.3441, -0.7283 0.4611 0.2221, -0.7283 0.4696 0.249, -0.7283 0.499 0.1139, -0.7283 0.5121 0.1422, -0.7283 0.5118 0.0, -0.7283 0.5307 0.0288, -0.7283 0.499 -0.1139, -0.7283 0.5245 -0.086, -0.7283 0.4611 -0.2221, -0.5709 0.1143 0.5191, -0.5709 0.2232 0.4824, -0.5709 0.3216 0.4231, -0.5709 0.4051 0.3441, -0.5709 0.4696 0.249, -0.5709 0.5121 0.1422, -0.5709 0.5307 0.0288, -0.5709 0.5245 -0.086, -0.5709 0.4937 -0.1967, -0.5709 0.4399 -0.2983, -0.5709 0.3655 -0.3859, -0.5709 0.274 -0.4554, -0.5709 0.1697 -0.5037, -0.5709 0.0575 -0.5284, -0.5709 -0.0575 -0.5284, -0.5709 -0.1697 -0.5037, -0.5709 -0.274 -0.4554, -0.5709 -0.3655 -0.3859, -0.5709 -0.4399 -0.2983, -0.5709 -0.4937 -0.1967, -0.5709 -0.5245 -0.086, -0.5709 -0.5307 0.0288, -0.5709 -0.5121 0.1422, -0.5709 -0.4696 0.249, -0.5709 -0.4051 0.3441, -0.5709 -0.3216 0.4231, -0.5709 -0.2232 0.4824, -0.5709 -0.1143 0.5191, -0.5709 0.0 0.5315, -0.5709 -0.4002 -0.3191, -0.5709 -0.3191 -0.4002, -0.5709 -0.2221 -0.4611, -0.5709 -0.1139 -0.499, -0.5709 0.0 -0.5118, -0.5709 0.1139 -0.499, -0.5709 0.2221 -0.4611, -0.5709 0.3191 -0.4002, -0.5709 0.4002 -0.3191, -0.5709 0.4611 -0.2221, -0.5709 0.499 -0.1139, -0.5709 0.5118 0.0, -0.5709 0.499 0.1139, -0.5709 0.4611 0.2221, -0.5709 0.4002 0.3191, -0.5709 0.3191 0.4002, -0.5709 0.2221 0.4611, -0.5709 0.1139 0.499, -0.5709 0.0 0.5118, -0.5709 -0.1139 0.499, -0.5709 -0.2221 0.4611, -0.5709 -0.3191 0.4002, -0.5709 -0.4002 0.3191, -0.5709 -0.4611 0.2221, -0.5709 -0.499 0.1139, -0.5709 -0.5118 -0.0, -0.5709 -0.499 -0.1139, -0.5709 -0.4611 -0.2221, -0.5709 -0.4611 -0.2221
            ]
        }
        coordIndex [
            0,1,2,-1,2,1,3,-1,2,3,4,-1,4,3,5,-1,4,5,6,-1,6,5,7,-1,6,7,8,-1,8,7,9,-1,8,9,10,-1,10,9,11,-1,10,11,12,-1,12,11,13,-1,12,13,14,-1,14,13,15,-1,14,15,16,-1,16,15,17,-1,16,17,18,-1,18,17,19,-1,18,19,20,-1,20,19,21,-1,20,21,22,-1,22,21,23,-1,22,23,24,-1,24,23,25,-1,24,25,26,-1,26,25,27,-1,26,27,28,-1,28,27,29,-1,28,29,30,-1,30,29,31,-1,30,31,32,-1,32,31,33,-1,32,33,34,-1,34,33,35,-1,34,35,36,-1,36,35,37,-1,36,37,38,-1,38,37,39,-1,38,39,40,-1,40,39,41,-1,40,41,42,-1,42,41,43,-1,42,43,44,-1,44,43,45,-1,44,45,46,-1,46,45,47,-1,46,47,48,-1,48,47,49,-1,48,49,50,-1,50,49,51,-1,50,51,52,-1,52,51,53,-1,52,53,54,-1,54,53,55,-1,54,55,56,-1,56,55,0,-1,56,0,2,-1,39,57,41,-1,41,57,58,-1,41,58,43,-1,43,58,59,-1,43,59,45,-1,45,59,60,-1,45,60,47,-1,47,60,61,-1,47,61,49,-1,49,61,62,-1,49,62,51,-1,51,62,63,-1,51,63,53,-1,53,63,64,-1,53,64,55,-1,55,64,65,-1,55,65,0,-1,0,65,66,-1,0,66,1,-1,1,66,67,-1,1,67,3,-1,3,67,68,-1,3,68,5,-1,5,68,69,-1,5,69,7,-1,7,69,70,-1,7,70,9,-1,9,70,71,-1,9,71,11,-1,11,71,72,-1,11,72,13,-1,13,72,73,-1,13,73,15,-1,15,73,74,-1,15,74,17,-1,17,74,75,-1,17,75,19,-1,19,75,76,-1,19,76,21,-1,21,76,77,-1,21,77,23,-1,23,77,78,-1,23,78,25,-1,25,78,79,-1,25,79,27,-1,27,79,80,-1,27,80,29,-1,29,80,81,-1,29,81,31,-1,31,81,82,-1,31,82,33,-1,33,82,83,-1,33,83,35,-1,35,83,84,-1,35,84,37,-1,37,84,85,-1,37,85,39,-1,39,85,57,-1,76,75,86,-1,86,75,74,-1,86,74,87,-1,87,74,73,-1,87,73,88,-1,88,73,72,-1,88,72,89,-1,89,72,71,-1,89,71,90,-1,90,71,70,-1,90,70,91,-1,91,70,69,-1,91,69,92,-1,92,69,68,-1,92,68,93,-1,93,68,67,-1,93,67,94,-1,94,67,66,-1,94,66,95,-1,95,66,65,-1,95,65,96,-1,96,65,64,-1,96,64,97,-1,97,64,63,-1,97,63,98,-1,98,63,62,-1,98,62,99,-1,99,62,61,-1,99,61,100,-1,100,61,60,-1,100,60,101,-1,101,60,59,-1,101,59,102,-1,102,59,58,-1,102,58,103,-1,103,58,57,-1,103,57,104,-1,104,57,85,-1,104,85,105,-1,105,85,84,-1,105,84,106,-1,106,84,83,-1,106,83,107,-1,107,83,82,-1,107,82,108,-1,108,82,81,-1,108,81,109,-1,109,81,80,-1,109,80,110,-1,110,80,79,-1,110,79,111,-1,111,79,78,-1,111,78,112,-1,112,78,77,-1,112,77,113,-1,113,77,76,-1,113,76,86,-1,
        ]
    }
}
Shape{
    appearance Appearance {
        material  Material 	{
            diffuseColor 0.8509803921568627 0.8509803921568627 0.8509803921568627
            specularColor 0.4235294117647059 0.4235294117647059 0.4235294117647059
            ambientIntensity 0.2
            transparency 0
            shininess 0.5
        }
    }
    geometry IndexedFaceSet {
        ccw TRUE
        solid FALSE
        coord DEF co Coordinate {
            point [
                -1.9397 0.0394 -2.5, -1.9318 0.0204 -2.5, -2.0079 0.0 -2.5, -1.9291 0.0 -2.5, -1.9318 -0.0204 -2.5, -1.9875 0.0761 -2.5, -1.9685 0.0682 -2.5, -1.9522 0.0557 -2.5, -2.0472 0.0682 -2.5, -2.0283 0.0761 -2.5, -2.0079 0.0787 -2.5, -2.0839 0.0204 -2.5, -2.0761 0.0394 -2.5, -2.0636 0.0557 -2.5, -2.0761 -0.0394 -2.5, -2.0839 -0.0204 -2.5, -2.0866 0.0 -2.5, -2.0283 -0.0761 -2.5, -2.0472 -0.0682 -2.5, -2.0636 -0.0557 -2.5, -1.9685 -0.0682 -2.5, -1.9875 -0.0761 -2.5, -2.0079 -0.0787 -2.5, -1.9397 -0.0394 -2.5, -1.9522 -0.0557 -2.5, -2.0839 0.0204 -0.1969, -2.0761 0.0394 -0.1969, -2.0636 0.0557 -0.1969, -2.0472 0.0682 -0.1969, -2.0283 0.0761 -0.1969, -2.0079 0.0787 -0.1969, -1.9875 0.0761 -0.1969, -1.9685 0.0682 -0.1969, -1.9522 0.0557 -0.1969, -1.9397 0.0394 -0.1969, -1.9318 0.0204 -0.1969, -1.9291 -0.0 -0.1969, -1.9318 -0.0204 -0.1969, -1.9397 -0.0394 -0.1969, -1.9522 -0.0557 -0.1969, -1.9685 -0.0682 -0.1969, -1.9875 -0.0761 -0.1969, -2.0079 -0.0787 -0.1969, -2.0283 -0.0761 -0.1969, -2.0472 -0.0682 -0.1969, -2.0636 -0.0557 -0.1969, -2.0761 -0.0394 -0.1969, -2.0839 -0.0204 -0.1969, -2.0866 0.0 -0.1969, -1.9269 0.0 -0.1738, -1.9295 -0.0204 -0.1733, -1.9372 -0.0394 -0.1717, -1.9495 -0.0557 -0.1693, -1.9655 -0.0682 -0.1661, -1.9841 -0.0761 -0.1624, -2.0041 -0.0787 -0.1584, -2.0241 -0.0761 -0.1545, -2.0427 -0.0682 -0.1508, -2.0587 -0.0557 -0.1476, -2.071 -0.0394 -0.1451, -2.0787 -0.0204 -0.1436, -2.0813 0.0 -0.1431, -2.0787 0.0204 -0.1436, -2.071 0.0394 -0.1451, -2.0587 0.0557 -0.1476, -2.0427 0.0682 -0.1508, -2.0241 0.0761 -0.1545, -2.0041 0.0787 -0.1584, -1.9841 0.0761 -0.1624, -1.9655 0.0682 -0.1661, -1.9495 0.0557 -0.1693, -1.9372 0.0394 -0.1717, -1.9295 0.0204 -0.1733, -1.9201 0.0 -0.1517, -1.9226 -0.0204 -0.1506, -1.9299 -0.0394 -0.1476, -1.9414 -0.0557 -0.1428, -1.9565 -0.0682 -0.1366, -1.9741 -0.0761 -0.1293, -1.9929 -0.0787 -0.1215, -2.0117 -0.0761 -0.1137, -2.0293 -0.0682 -0.1065, -2.0443 -0.0557 -0.1002, -2.0559 -0.0394 -0.0954, -2.0632 -0.0204 -0.0924, -2.0656 0.0 -0.0914, -2.0632 0.0204 -0.0924, -2.0559 0.0394 -0.0954, -2.0443 0.0557 -0.1002, -2.0293 0.0682 -0.1065, -2.0117 0.0761 -0.1137, -1.9929 0.0787 -0.1215, -1.9741 0.0761 -0.1293, -1.9565 0.0682 -0.1366, -1.9414 0.0557 -0.1428, -1.9299 0.0394 -0.1476, -1.9226 0.0204 -0.1506, -1.9092 0.0 -0.1312, -1.9115 -0.0204 -0.1297, -1.918 -0.0394 -0.1254, -1.9284 -0.0557 -0.1184, -1.942 -0.0682 -0.1094, -1.9578 -0.0761 -0.0988, -1.9747 -0.0787 -0.0875, -1.9916 -0.0761 -0.0762, -2.0074 -0.0682 -0.0656, -2.021 -0.0557 -0.0566, -2.0314 -0.0394 -0.0496, -2.0379 -0.0204 -0.0452, -2.0402 0.0 -0.0437, -2.0379 0.0204 -0.0452, -2.0314 0.0394 -0.0496, -2.021 0.0557 -0.0566, -2.0074 0.0682 -0.0656, -1.9916 0.0761 -0.0762, -1.9747 0.0787 -0.0875, -1.9578 0.0761 -0.0988, -1.942 0.0682 -0.1094, -1.9284 0.0557 -0.1184, -1.918 0.0394 -0.1254, -1.9115 0.0204 -0.1297, -1.8945 0.0 -0.1133, -1.8964 -0.0204 -0.1114, -1.902 -0.0394 -0.1059, -1.9108 -0.0557 -0.097, -1.9224 -0.0682 -0.0855, -1.9358 -0.0761 -0.0721, -1.9502 -0.0787 -0.0577, -1.9646 -0.0761 -0.0432, -1.9781 -0.0682 -0.0298, -1.9896 -0.0557 -0.0183, -1.9984 -0.0394 -0.0094, -2.004 -0.0204 -0.0039, -2.0059 0.0 -0.002, -2.004 0.0204 -0.0039, -1.9984 0.0394 -0.0094, -1.9896 0.0557 -0.0183, -1.9781 0.0682 -0.0298, -1.9646 0.0761 -0.0432, -1.9502 0.0787 -0.0577, -1.9358 0.0761 -0.0721, -1.9224 0.0682 -0.0855, -1.9108 0.0557 -0.097, -1.902 0.0394 -0.1059, -1.8964 0.0204 -0.1114, -1.8766 0.0 -0.0986, -1.8781 -0.0204 -0.0964, -1.8825 -0.0394 -0.0899, -1.8895 -0.0557 -0.0795, -1.8985 -0.0682 -0.0659, -1.9091 -0.0761 -0.0501, -1.9204 -0.0787 -0.0332, -1.9317 -0.0761 -0.0162, -1.9423 -0.0682 -0.0004, -1.9513 -0.0557 0.0131, -1.9583 -0.0394 0.0235, -1.9626 -0.0204 0.0301, -1.9641 0.0 0.0323, -1.9626 0.0204 0.0301, -1.9583 0.0394 0.0235, -1.9513 0.0557 0.0131, -1.9423 0.0682 -0.0004, -1.9317 0.0761 -0.0162, -1.9204 0.0787 -0.0332, -1.9091 0.0761 -0.0501, -1.8985 0.0682 -0.0659, -1.8895 0.0557 -0.0795, -1.8825 0.0394 -0.0899, -1.8781 0.0204 -0.0964, -1.8562 0.0 -0.0877, -1.8572 -0.0204 -0.0853, -1.8603 -0.0394 -0.078, -1.865 -0.0557 -0.0664, -1.8713 -0.0682 -0.0514, -1.8786 -0.0761 -0.0338, -1.8864 -0.0787 -0.015, -1.8942 -0.0761 0.0038, -1.9014 -0.0682 0.0214, -1.9077 -0.0557 0.0365, -1.9125 -0.0394 0.048, -1.9155 -0.0204 0.0553, -1.9165 0.0 0.0578, -1.9155 0.0204 0.0553, -1.9125 0.0394 0.048, -1.9077 0.0557 0.0365, -1.9014 0.0682 0.0214, -1.8942 0.0761 0.0038, -1.8864 0.0787 -0.015, -1.8786 0.0761 -0.0338, -1.8713 0.0682 -0.0514, -1.865 0.0557 -0.0664, -1.8603 0.0394 -0.078, -1.8572 0.0204 -0.0853, -1.8341 0.0 -0.081, -1.8346 -0.0204 -0.0784, -1.8361 -0.0394 -0.0707, -1.8386 -0.0557 -0.0584, -1.8417 -0.0682 -0.0424, -1.8455 -0.0761 -0.0238, -1.8494 -0.0787 -0.0038, -1.8534 -0.0761 0.0162, -1.8571 -0.0682 0.0348, -1.8603 -0.0557 0.0508, -1.8627 -0.0394 0.0631, -1.8643 -0.0204 0.0708, -1.8648 0.0 0.0734, -1.8643 0.0204 0.0708, -1.8627 0.0394 0.0631, -1.8603 0.0557 0.0508, -1.8571 0.0682 0.0348, -1.8534 0.0761 0.0162, -1.8494 0.0787 -0.0038, -1.8455 0.0761 -0.0238, -1.8417 0.0682 -0.0424, -1.8386 0.0557 -0.0584, -1.8361 0.0394 -0.0707, -1.8346 0.0204 -0.0784, -1.811 0.0 -0.0787, -1.811 -0.0204 -0.0761, -1.811 -0.0394 -0.0682, -1.811 -0.0557 -0.0557, -1.811 -0.0682 -0.0394, -1.811 -0.0761 -0.0204, -1.811 -0.0787 -0.0, -1.811 -0.0761 0.0204, -1.811 -0.0682 0.0394, -1.811 -0.0557 0.0557, -1.811 -0.0394 0.0682, -1.811 -0.0204 0.0761, -1.811 0.0 0.0787, -1.811 0.0204 0.0761, -1.811 0.0394 0.0682, -1.811 0.0557 0.0557, -1.811 0.0682 0.0394, -1.811 0.0761 0.0204, -1.811 0.0787 -0.0, -1.811 0.0761 -0.0204, -1.811 0.0682 -0.0394, -1.811 0.0557 -0.0557, -1.811 0.0394 -0.0682, -1.811 0.0204 -0.0761, -1.2205 0.0204 0.0761, -1.2205 0.0394 0.0682, -1.2205 0.0557 0.0557, -1.2205 0.0682 0.0394, -1.2205 0.0761 0.0204, -1.2205 0.0787 0.0, -1.2205 0.0761 -0.0204, -1.2205 0.0682 -0.0394, -1.2205 0.0557 -0.0557, -1.2205 0.0394 -0.0682, -1.2205 0.0204 -0.0761, -1.2205 0.0 -0.0787, -1.2205 -0.0204 -0.0761, -1.2205 -0.0394 -0.0682, -1.2205 -0.0557 -0.0557, -1.2205 -0.0682 -0.0394, -1.2205 -0.0761 -0.0204, -1.2205 -0.0787 -0.0, -1.2205 -0.0761 0.0204, -1.2205 -0.0682 0.0394, -1.2205 -0.0557 0.0557, -1.2205 -0.0394 0.0682, -1.2205 -0.0204 0.0761, -1.2205 0.0 0.0787, -1.2205 0.0 0.0787
            ]
        }
        coordIndex [
            0,1,2,-1,2,1,3,-1,2,3,4,-1,5,6,2,-1,2,6,7,-1,2,7,0,-1,8,9,2,-1,2,9,10,-1,2,10,5,-1,11,12,2,-1,2,12,13,-1,2,13,8,-1,14,15,2,-1,2,15,16,-1,2,16,11,-1,17,18,2,-1,2,18,19,-1,2,19,14,-1,20,21,2,-1,2,21,22,-1,2,22,17,-1,4,23,2,-1,2,23,24,-1,2,24,20,-1,16,25,11,-1,11,25,26,-1,11,26,12,-1,12,26,27,-1,12,27,13,-1,13,27,28,-1,13,28,8,-1,8,28,29,-1,8,29,9,-1,9,29,30,-1,9,30,10,-1,10,30,31,-1,10,31,5,-1,5,31,32,-1,5,32,6,-1,6,32,33,-1,6,33,7,-1,7,33,34,-1,7,34,0,-1,0,34,35,-1,0,35,1,-1,1,35,36,-1,1,36,3,-1,3,36,37,-1,3,37,4,-1,4,37,38,-1,4,38,23,-1,23,38,39,-1,23,39,24,-1,24,39,40,-1,24,40,20,-1,20,40,41,-1,20,41,21,-1,21,41,42,-1,21,42,22,-1,22,42,43,-1,22,43,17,-1,17,43,44,-1,17,44,18,-1,18,44,45,-1,18,45,19,-1,19,45,46,-1,19,46,14,-1,14,46,47,-1,14,47,15,-1,15,47,48,-1,15,48,16,-1,16,48,25,-1,36,49,37,-1,37,49,50,-1,37,50,38,-1,38,50,51,-1,38,51,39,-1,39,51,52,-1,39,52,40,-1,40,52,53,-1,40,53,41,-1,41,53,54,-1,41,54,42,-1,42,54,55,-1,42,55,43,-1,43,55,56,-1,43,56,44,-1,44,56,57,-1,44,57,45,-1,45,57,58,-1,45,58,46,-1,46,58,59,-1,46,59,47,-1,47,59,60,-1,47,60,48,-1,48,60,61,-1,48,61,25,-1,25,61,62,-1,25,62,26,-1,26,62,63,-1,26,63,27,-1,27,63,64,-1,27,64,28,-1,28,64,65,-1,28,65,29,-1,29,65,66,-1,29,66,30,-1,30,66,67,-1,30,67,31,-1,31,67,68,-1,31,68,32,-1,32,68,69,-1,32,69,33,-1,33,69,70,-1,33,70,34,-1,34,70,71,-1,34,71,35,-1,35,71,72,-1,35,72,36,-1,36,72,49,-1,49,73,50,-1,50,73,74,-1,50,74,51,-1,51,74,75,-1,51,75,52,-1,52,75,76,-1,52,76,53,-1,53,76,77,-1,53,77,54,-1,54,77,78,-1,54,78,55,-1,55,78,79,-1,55,79,56,-1,56,79,80,-1,56,80,57,-1,57,80,81,-1,57,81,58,-1,58,81,82,-1,58,82,59,-1,59,82,83,-1,59,83,60,-1,60,83,84,-1,60,84,61,-1,61,84,85,-1,61,85,62,-1,62,85,86,-1,62,86,63,-1,63,86,87,-1,63,87,64,-1,64,87,88,-1,64,88,65,-1,65,88,89,-1,65,89,66,-1,66,89,90,-1,66,90,67,-1,67,90,91,-1,67,91,68,-1,68,91,92,-1,68,92,69,-1,69,92,93,-1,69,93,70,-1,70,93,94,-1,70,94,71,-1,71,94,95,-1,71,95,72,-1,72,95,96,-1,72,96,49,-1,49,96,73,-1,73,97,74,-1,74,97,98,-1,74,98,75,-1,75,98,99,-1,75,99,76,-1,76,99,100,-1,76,100,77,-1,77,100,101,-1,77,101,78,-1,78,101,102,-1,78,102,79,-1,79,102,103,-1,79,103,80,-1,80,103,104,-1,80,104,81,-1,81,104,105,-1,81,105,82,-1,82,105,106,-1,82,106,83,-1,83,106,107,-1,83,107,84,-1,84,107,108,-1,84,108,85,-1,85,108,109,-1,85,109,86,-1,86,109,110,-1,86,110,87,-1,87,110,111,-1,87,111,88,-1,88,111,112,-1,88,112,89,-1,89,112,113,-1,89,113,90,-1,90,113,114,-1,90,114,91,-1,91,114,115,-1,91,115,92,-1,92,115,116,-1,92,116,93,-1,93,116,117,-1,93,117,94,-1,94,117,118,-1,94,118,95,-1,95,118,119,-1,95,119,96,-1,96,119,120,-1,96,120,73,-1,73,120,97,-1,97,121,98,-1,98,121,122,-1,98,122,99,-1,99,122,123,-1,99,123,100,-1,100,123,124,-1,100,124,101,-1,101,124,125,-1,101,125,102,-1,102,125,126,-1,102,126,103,-1,103,126,127,-1,103,127,104,-1,104,127,128,-1,104,128,105,-1,105,128,129,-1,105,129,106,-1,106,129,130,-1,106,130,107,-1,107,130,131,-1,107,131,108,-1,108,131,132,-1,108,132,109,-1,109,132,133,-1,109,133,110,-1,110,133,134,-1,110,134,111,-1,111,134,135,-1,111,135,112,-1,112,135,136,-1,112,136,113,-1,113,136,137,-1,113,137,114,-1,114,137,138,-1,114,138,115,-1,115,138,139,-1,115,139,116,-1,116,139,140,-1,116,140,117,-1,117,140,141,-1,117,141,118,-1,118,141,142,-1,118,142,119,-1,119,142,143,-1,119,143,120,-1,120,143,144,-1,120,144,97,-1,97,144,121,-1,121,145,122,-1,122,145,146,-1,122,146,123,-1,123,146,147,-1,123,147,124,-1,124,147,148,-1,124,148,125,-1,125,148,149,-1,125,149,126,-1,126,149,150,-1,126,150,127,-1,127,150,151,-1,127,151,128,-1,128,151,152,-1,128,152,129,-1,129,152,153,-1,129,153,130,-1,130,153,154,-1,130,154,131,-1,131,154,155,-1,131,155,132,-1,132,155,156,-1,132,156,133,-1,133,156,157,-1,133,157,134,-1,134,157,158,-1,134,158,135,-1,135,158,159,-1,135,159,136,-1,136,159,160,-1,136,160,137,-1,137,160,161,-1,137,161,138,-1,138,161,162,-1,138,162,139,-1,139,162,163,-1,139,163,140,-1,140,163,164,-1,140,164,141,-1,141,164,165,-1,141,165,142,-1,142,165,166,-1,142,166,143,-1,143,166,167,-1,143,167,144,-1,144,167,168,-1,144,168,121,-1,121,168,145,-1,145,169,146,-1,146,169,170,-1,146,170,147,-1,147,170,171,-1,147,171,148,-1,148,171,172,-1,148,172,149,-1,149,172,173,-1,149,173,150,-1,150,173,174,-1,150,174,151,-1,151,174,175,-1,151,175,152,-1,152,175,176,-1,152,176,153,-1,153,176,177,-1,153,177,154,-1,154,177,178,-1,154,178,155,-1,155,178,179,-1,155,179,156,-1,156,179,180,-1,156,180,157,-1,157,180,181,-1,157,181,158,-1,158,181,182,-1,158,182,159,-1,159,182,183,-1,159,183,160,-1,160,183,184,-1,160,184,161,-1,161,184,185,-1,161,185,162,-1,162,185,186,-1,162,186,163,-1,163,186,187,-1,163,187,164,-1,164,187,188,-1,164,188,165,-1,165,188,189,-1,165,189,166,-1,166,189,190,-1,166,190,167,-1,167,190,191,-1,167,191,168,-1,168,191,192,-1,168,192,145,-1,145,192,169,-1,169,193,170,-1,170,193,194,-1,170,194,171,-1,171,194,195,-1,171,195,172,-1,172,195,196,-1,172,196,173,-1,173,196,197,-1,173,197,174,-1,174,197,198,-1,174,198,175,-1,175,198,199,-1,175,199,176,-1,176,199,200,-1,176,200,177,-1,177,200,201,-1,177,201,178,-1,178,201,202,-1,178,202,179,-1,179,202,203,-1,179,203,180,-1,180,203,204,-1,180,204,181,-1,181,204,205,-1,181,205,182,-1,182,205,206,-1,182,206,183,-1,183,206,207,-1,183,207,184,-1,184,207,208,-1,184,208,185,-1,185,208,209,-1,185,209,186,-1,186,209,210,-1,186,210,187,-1,187,210,211,-1,187,211,188,-1,188,211,212,-1,188,212,189,-1,189,212,213,-1,189,213,190,-1,190,213,214,-1,190,214,191,-1,191,214,215,-1,191,215,192,-1,192,215,216,-1,192,216,169,-1,169,216,193,-1,193,217,194,-1,194,217,218,-1,194,218,195,-1,195,218,219,-1,195,219,196,-1,196,219,220,-1,196,220,197,-1,197,220,221,-1,197,221,198,-1,198,221,222,-1,198,222,199,-1,199,222,223,-1,199,223,200,-1,200,223,224,-1,200,224,201,-1,201,224,225,-1,201,225,202,-1,202,225,226,-1,202,226,203,-1,203,226,227,-1,203,227,204,-1,204,227,228,-1,204,228,205,-1,205,228,229,-1,205,229,206,-1,206,229,230,-1,206,230,207,-1,207,230,231,-1,207,231,208,-1,208,231,232,-1,208,232,209,-1,209,232,233,-1,209,233,210,-1,210,233,234,-1,210,234,211,-1,211,234,235,-1,211,235,212,-1,212,235,236,-1,212,236,213,-1,213,236,237,-1,213,237,214,-1,214,237,238,-1,214,238,215,-1,215,238,239,-1,215,239,216,-1,216,239,240,-1,216,240,193,-1,193,240,217,-1,229,241,230,-1,230,241,242,-1,230,242,231,-1,231,242,243,-1,231,243,232,-1,232,243,244,-1,232,244,233,-1,233,244,245,-1,233,245,234,-1,234,245,246,-1,234,246,235,-1,235,246,247,-1,235,247,236,-1,236,247,248,-1,236,248,237,-1,237,248,249,-1,237,249,238,-1,238,249,250,-1,238,250,239,-1,239,250,251,-1,239,251,240,-1,240,251,252,-1,240,252,217,-1,217,252,253,-1,217,253,218,-1,218,253,254,-1,218,254,219,-1,219,254,255,-1,219,255,220,-1,220,255,256,-1,220,256,221,-1,221,256,257,-1,221,257,222,-1,222,257,258,-1,222,258,223,-1,223,258,259,-1,223,259,224,-1,224,259,260,-1,224,260,225,-1,225,260,261,-1,225,261,226,-1,226,261,262,-1,226,262,227,-1,227,262,263,-1,227,263,228,-1,228,263,264,-1,228,264,229,-1,229,264,241,-1,
        ]
    }
}
Shape{
    appearance Appearance {
        material  Material 	{
            diffuseColor 0.37254901960784315 0.9490196078431372 1.0
            specularColor 0.18823529411764706 0.4745098039215686 0.5019607843137255
            ambientIntensity 0.2
            transparency 0
            shininess 0.5
        }
    }
    geometry IndexedFaceSet {
        ccw TRUE
        solid FALSE
        coord DEF co Coordinate {
            point [
                -1.2205 0.0 0.0787, -1.2205 -0.0204 0.0761, -1.2205 -0.0691 0.4474, -1.2205 -0.0557 0.0557, -1.2205 -0.2605 0.3703, -1.2205 -0.0394 0.0682, -1.2205 -0.2009 0.4057, -1.2205 -0.1366 0.4317, -1.2205 0.0 0.4528, -1.2205 0.0691 0.4474, -1.2205 0.0204 0.0761, -1.2205 0.1366 0.4317, -1.2205 0.0394 0.0682, -1.2205 -0.0761 -0.0204, -1.2205 -0.4498 -0.0519, -1.2205 -0.0787 -0.0, -1.2205 -0.4524 0.0173, -1.2205 -0.0761 0.0204, -1.2205 0.1692 -0.4199, -1.2205 0.0204 -0.0761, -1.2205 0.0394 -0.0682, -1.2205 -0.0682 0.0394, -1.2205 -0.3601 0.2745, -1.2205 -0.314 0.3262, -1.2205 -0.4445 0.0862, -1.2205 -0.4261 0.153, -1.2205 -0.3978 0.2163, -1.2205 -0.0394 -0.0682, -1.2205 -0.2881 -0.3493, -1.2205 -0.0557 -0.0557, -1.2205 -0.338 -0.3012, -1.2205 -0.0682 -0.0394, -1.2205 -0.38 -0.2461, -1.2205 -0.4131 -0.1852, -1.2205 -0.4366 -0.12, -1.2205 -0.0204 -0.0761, -1.2205 -0.1692 -0.4199, -1.2205 -0.2314 -0.3892, -1.2205 0.1032 -0.4408, -1.2205 0.0347 -0.4514, -1.2205 0.0 -0.0787, -1.2205 -0.0347 -0.4514, -1.2205 -0.1032 -0.4408, -1.2205 0.0557 -0.0557, -1.2205 0.2881 -0.3493, -1.2205 0.2314 -0.3892, -1.2205 0.0761 -0.0204, -1.2205 0.4131 -0.1852, -1.2205 0.0682 -0.0394, -1.2205 0.38 -0.2461, -1.2205 0.338 -0.3012, -1.2205 0.3601 0.2745, -1.2205 0.0682 0.0394, -1.2205 0.0557 0.0557, -1.2205 0.0787 0.0, -1.2205 0.4498 -0.0519, -1.2205 0.4366 -0.12, -1.2205 0.3978 0.2163, -1.2205 0.4261 0.153, -1.2205 0.0761 0.0204, -1.2205 0.4445 0.0862, -1.2205 0.4524 0.0173, -1.2205 0.2009 0.4057, -1.2205 0.2605 0.3703, -1.2205 0.314 0.3262, -1.1417 0.1139 0.5176, -1.1417 0.1604 0.5067, -1.1621 0.1596 0.5042, -1.1417 0.3209 0.4222, -1.1417 0.3686 0.383, -1.1621 0.3667 0.381, -1.1417 0.4692 0.2488, -1.1417 0.5002 0.1797, -1.1621 0.4977 0.1787, -1.1417 0.5106 0.1418, -1.1417 0.5218 0.1012, -1.1621 0.5191 0.1007, -1.1417 0.5301 0.0287, -1.1417 0.5311 0.0204, -1.1621 0.5284 0.0203, -1.1417 0.5232 -0.0857, -1.1417 0.5125 -0.1408, -1.1621 0.5099 -0.1401, -1.1417 0.4393 -0.2978, -1.1417 0.3968 -0.3536, -1.1621 0.3948 -0.3518, -1.1417 0.2739 -0.4552, -1.1417 0.2716 -0.4569, -1.1621 0.2702 -0.4546, -1.1417 0.1693 -0.5023, -1.1417 0.1211 -0.5175, -1.1621 0.1205 -0.5149, -1.1417 -0.0573 -0.5274, -1.1417 -0.1211 -0.5175, -1.1621 -0.1205 -0.5149, -1.1417 -0.2739 -0.4552, -1.1417 -0.3382 -0.41, -1.1621 -0.3365 -0.408, -1.1417 -0.3644 -0.3848, -1.1417 -0.3968 -0.3536, -1.1621 -0.3948 -0.3518, -1.1417 -0.4393 -0.2978, -1.1417 -0.4461 -0.2889, -1.1621 -0.4439 -0.2874, -1.1417 -0.4926 -0.1963, -1.1417 -0.5125 -0.1408, -1.1621 -0.5099 -0.1401, -1.1417 -0.5301 0.0287, -1.1417 -0.5218 0.1012, -1.1621 -0.5191 0.1007, -1.1417 -0.4692 0.2488, -1.1417 -0.4669 0.2539, -1.1621 -0.4646 0.2526, -1.1417 -0.404 0.3431, -1.1417 -0.3686 0.383, -1.1621 -0.3667 0.381, -1.1417 -0.2228 0.4815, -1.1417 -0.1604 0.5067, -1.1621 -0.1596 0.5042, -1.2178 -0.0722 0.4676, -1.2178 -0.1428 0.4511, -1.2099 -0.0751 0.4864, -1.2099 -0.1485 0.4692, -1.1974 -0.0776 0.5025, -1.1974 -0.1534 0.4847, -1.1811 -0.0795 0.5148, -1.1811 -0.1572 0.4967, -1.1621 -0.0807 0.5226, -1.2178 -0.2722 0.387, -1.2178 -0.3281 0.3409, -1.2099 -0.2831 0.4025, -1.2099 -0.3413 0.3546, -1.1974 -0.2925 0.4159, -1.1974 -0.3526 0.3663, -1.1811 -0.2997 0.4261, -1.1811 -0.3612 0.3754, -1.1621 -0.3042 0.4325, -1.2178 -0.4453 0.1599, -1.2178 -0.4645 0.0901, -1.2099 -0.4632 0.1663, -1.2099 -0.4831 0.0937, -1.1974 -0.4785 0.1719, -1.1974 -0.4991 0.0968, -1.1811 -0.4903 0.1761, -1.1811 -0.5114 0.0992, -1.1621 -0.4977 0.1787, -1.2178 -0.47 -0.0543, -1.2178 -0.4562 -0.1254, -1.2099 -0.4889 -0.0564, -1.2099 -0.4745 -0.1304, -1.1974 -0.5051 -0.0583, -1.1974 -0.4903 -0.1347, -1.1811 -0.5175 -0.0597, -1.1811 -0.5023 -0.138, -1.1621 -0.5253 -0.0606, -1.2178 -0.1769 -0.4388, -1.2178 -0.1078 -0.4607, -1.2099 -0.184 -0.4564, -1.2099 -0.1121 -0.4792, -1.1974 -0.1901 -0.4716, -1.1974 -0.1158 -0.4951, -1.1811 -0.1947 -0.4832, -1.1811 -0.1187 -0.5072, -1.1621 -0.1977 -0.4905, -1.2178 0.0362 -0.4717, -1.2178 0.1078 -0.4607, -1.2099 0.0377 -0.4907, -1.2099 0.1121 -0.4792, -1.1974 0.0389 -0.5069, -1.1974 0.1158 -0.4951, -1.1811 0.0399 -0.5194, -1.1811 0.1187 -0.5072, -1.1621 0.0405 -0.5273, -1.2178 0.301 -0.365, -1.2178 0.3532 -0.3148, -1.2099 0.3131 -0.3797, -1.2099 0.3674 -0.3274, -1.1974 0.3235 -0.3923, -1.1974 0.3796 -0.3383, -1.1811 0.3314 -0.4019, -1.1811 0.3889 -0.3466, -1.1621 0.3365 -0.408, -1.2178 0.4317 -0.1935, -1.2178 0.4562 -0.1254, -1.2099 0.4491 -0.2013, -1.2099 0.4745 -0.1304, -1.1974 0.4639 -0.208, -1.1974 0.4903 -0.1347, -1.1811 0.4754 -0.2131, -1.1811 0.5023 -0.138, -1.1621 0.4825 -0.2163, -1.2178 0.3763 0.2868, -1.2178 0.3281 0.3409, -1.2099 0.3914 0.2983, -1.2099 0.3413 0.3546, -1.1974 0.4044 0.3082, -1.1974 0.3526 0.3663, -1.1811 0.4143 0.3158, -1.1811 0.3612 0.3754, -1.1621 0.4206 0.3206, -1.2178 0.2099 0.424, -1.2178 0.1428 0.4511, -1.2099 0.2184 0.441, -1.2099 0.1485 0.4692, -1.1974 0.2256 0.4556, -1.1974 0.1534 0.4847, -1.1811 0.2312 0.4669, -1.1811 0.1572 0.4967, -1.1621 0.2346 0.4739, -1.2178 0.0 0.4731, -1.2099 0.0 0.4921, -1.1974 0.0 0.5084, -1.1811 0.0 0.5209, -1.1621 0.0 0.5288, -1.1417 -0.0 0.5315, -1.1417 -0.0811 0.5253, -1.1417 -0.1139 0.5176, -1.1417 -0.2358 0.4763, -1.1621 -0.2346 0.4739, -1.1811 -0.2312 0.4669, -1.1974 -0.2256 0.4556, -1.2099 -0.2184 0.441, -1.2178 -0.2099 0.424, -1.1417 -0.3058 0.4347, -1.1417 -0.3209 0.4222, -1.1417 -0.4227 0.3222, -1.1621 -0.4206 0.3206, -1.1811 -0.4143 0.3158, -1.1974 -0.4044 0.3082, -1.2099 -0.3914 0.2983, -1.2178 -0.3763 0.2868, -1.2178 -0.4157 0.226, -1.2099 -0.4323 0.2351, -1.1974 -0.4467 0.2429, -1.1811 -0.4577 0.2489, -1.1417 -0.5002 0.1797, -1.1417 -0.5106 0.1418, -1.1417 -0.5311 0.0204, -1.1621 -0.5284 0.0203, -1.1811 -0.5206 0.02, -1.1974 -0.5081 0.0195, -1.2099 -0.4918 0.0188, -1.2178 -0.4728 0.0181, -1.1417 -0.528 -0.061, -1.1417 -0.5232 -0.0857, -1.1417 -0.485 -0.2174, -1.1621 -0.4825 -0.2163, -1.1811 -0.4754 -0.2131, -1.1974 -0.4639 -0.208, -1.2099 -0.4491 -0.2013, -1.2178 -0.4317 -0.1935, -1.2178 -0.3971 -0.2572, -1.2099 -0.4131 -0.2675, -1.1974 -0.4268 -0.2764, -1.1811 -0.4373 -0.2832, -1.1811 -0.3889 -0.3466, -1.1974 -0.3796 -0.3383, -1.2099 -0.3674 -0.3274, -1.2178 -0.3532 -0.3148, -1.1811 -0.3314 -0.4019, -1.1974 -0.3235 -0.3923, -1.2099 -0.3131 -0.3797, -1.2178 -0.301 -0.365, -1.1417 -0.2716 -0.4569, -1.1621 -0.2702 -0.4546, -1.1811 -0.2662 -0.4478, -1.1974 -0.2598 -0.437, -1.2099 -0.2515 -0.423, -1.2178 -0.2418 -0.4067, -1.1417 -0.1987 -0.493, -1.1417 -0.1693 -0.5023, -1.1417 -0.0407 -0.5299, -1.1621 -0.0405 -0.5273, -1.1811 -0.0399 -0.5194, -1.1974 -0.0389 -0.5069, -1.2099 -0.0377 -0.4907, -1.2178 -0.0362 -0.4717, -1.1417 0.0407 -0.5299, -1.1417 0.0573 -0.5274, -1.1417 0.1987 -0.493, -1.1621 0.1977 -0.4905, -1.1811 0.1947 -0.4832, -1.1974 0.1901 -0.4716, -1.2099 0.184 -0.4564, -1.2178 0.1769 -0.4388, -1.2178 0.2418 -0.4067, -1.2099 0.2515 -0.423, -1.1974 0.2598 -0.437, -1.1811 0.2662 -0.4478, -1.1417 0.3382 -0.41, -1.1417 0.3644 -0.3848, -1.1417 0.4461 -0.2889, -1.1621 0.4439 -0.2874, -1.1811 0.4373 -0.2832, -1.1974 0.4268 -0.2764, -1.2099 0.4131 -0.2675, -1.2178 0.3971 -0.2572, -1.1417 0.485 -0.2174, -1.1417 0.4926 -0.1963, -1.1417 0.528 -0.061, -1.1621 0.5253 -0.0606, -1.1811 0.5175 -0.0597, -1.1974 0.5051 -0.0583, -1.2099 0.4889 -0.0564, -1.2178 0.47 -0.0543, -1.2178 0.4728 0.0181, -1.2099 0.4918 0.0188, -1.1974 0.5081 0.0195, -1.1811 0.5206 0.02, -1.1811 0.5114 0.0992, -1.1974 0.4991 0.0968, -1.2099 0.4831 0.0937, -1.2178 0.4645 0.0901, -1.1811 0.4903 0.1761, -1.1974 0.4785 0.1719, -1.2099 0.4632 0.1663, -1.2178 0.4453 0.1599, -1.1417 0.4669 0.2539, -1.1621 0.4646 0.2526, -1.1811 0.4577 0.2489, -1.1974 0.4467 0.2429, -1.2099 0.4323 0.2351, -1.2178 0.4157 0.226, -1.1417 0.4227 0.3222, -1.1417 0.404 0.3431, -1.1417 0.3058 0.4347, -1.1621 0.3042 0.4325, -1.1811 0.2997 0.4261, -1.1974 0.2925 0.4159, -1.2099 0.2831 0.4025, -1.2178 0.2722 0.387, -1.1417 0.2358 0.4763, -1.1417 0.2228 0.4815, -1.1417 0.0811 0.5253, -1.1621 0.0807 0.5226, -1.1811 0.0795 0.5148, -1.1974 0.0776 0.5025, -1.2099 0.0751 0.4864, -1.2178 0.0722 0.4676, -0.748 -0.1143 0.5191, -0.748 0.0 0.5315, -0.748 -0.2232 0.4824, -0.748 -0.3216 0.4231, -0.748 -0.4051 0.3441, -0.748 -0.4696 0.249, -0.748 -0.5121 0.1422, -0.748 -0.5307 0.0288, -0.748 -0.5245 -0.086, -0.748 -0.4937 -0.1967, -0.748 -0.4399 -0.2983, -0.748 -0.3655 -0.3859, -0.748 -0.274 -0.4554, -0.748 -0.1697 -0.5037, -0.748 -0.0575 -0.5284, -0.748 0.0575 -0.5284, -0.748 0.1697 -0.5037, -0.748 0.274 -0.4554, -0.748 0.3655 -0.3859, -0.748 0.4399 -0.2983, -0.748 0.4937 -0.1967, -0.748 0.5245 -0.086, -0.748 0.5307 0.0288, -0.748 0.5121 0.1422, -0.748 0.4696 0.249, -0.748 0.4051 0.3441, -0.748 0.3216 0.4231, -0.748 0.2232 0.4824, -0.748 0.1143 0.5191, -0.7283 0.11 0.4998, -0.7283 0.2149 0.4645, -0.7283 0.3097 0.4074, -0.7283 0.3901 0.3313, -0.7283 0.4522 0.2397, -0.7283 0.4932 0.1369, -0.7283 0.5111 0.0277, -0.7283 0.5051 -0.0828, -0.7283 0.4755 -0.1894, -0.7283 0.4236 -0.2872, -0.7283 0.352 -0.3716, -0.7283 0.2639 -0.4385, -0.7283 0.1634 -0.485, -0.7283 0.0553 -0.5088, -0.7283 -0.0553 -0.5088, -0.7283 -0.1634 -0.485, -0.7283 -0.2639 -0.4385, -0.7283 -0.352 -0.3716, -0.7283 -0.4236 -0.2872, -0.7283 -0.4755 -0.1894, -0.7283 -0.5051 -0.0828, -0.7283 -0.5111 0.0277, -0.7283 -0.4932 0.1369, -0.7283 -0.4522 0.2397, -0.7283 -0.3901 0.3313, -0.7283 -0.3097 0.4074, -0.7283 -0.2149 0.4645, -0.7283 -0.11 0.4998, -0.7283 0.0 0.5118, -0.7283 0.0 0.5118
            ]
        }
        coordIndex [
            0,1,2,-1,3,4,5,-1,5,4,6,-1,5,6,1,-1,1,6,7,-1,1,7,2,-1,2,8,0,-1,0,8,9,-1,0,9,10,-1,10,9,11,-1,10,11,12,-1,13,14,15,-1,15,14,16,-1,15,16,17,-1,18,19,20,-1,21,22,3,-1,3,22,23,-1,3,23,4,-1,16,24,17,-1,17,24,25,-1,17,25,21,-1,21,25,26,-1,21,26,22,-1,27,28,29,-1,29,28,30,-1,29,30,31,-1,30,32,31,-1,31,32,33,-1,31,33,13,-1,13,33,34,-1,13,34,14,-1,35,36,27,-1,27,36,37,-1,27,37,28,-1,18,38,19,-1,19,38,39,-1,19,39,40,-1,40,39,41,-1,40,41,35,-1,35,41,42,-1,35,42,36,-1,43,44,20,-1,20,44,45,-1,20,45,18,-1,46,47,48,-1,48,47,49,-1,48,49,43,-1,43,49,50,-1,43,50,44,-1,51,52,53,-1,54,55,46,-1,46,55,56,-1,46,56,47,-1,51,57,52,-1,52,57,58,-1,52,58,59,-1,59,58,60,-1,59,60,54,-1,54,60,61,-1,54,61,55,-1,11,62,12,-1,12,62,63,-1,12,63,53,-1,53,63,64,-1,53,64,51,-1,65,66,67,-1,68,69,70,-1,71,72,73,-1,74,75,76,-1,77,78,79,-1,80,81,82,-1,83,84,85,-1,86,87,88,-1,89,90,91,-1,92,93,94,-1,95,96,97,-1,98,99,100,-1,101,102,103,-1,104,105,106,-1,107,108,109,-1,110,111,112,-1,113,114,115,-1,116,117,118,-1,2,7,119,-1,119,7,120,-1,119,120,121,-1,121,120,122,-1,121,122,123,-1,123,122,124,-1,123,124,125,-1,125,124,126,-1,125,126,127,-1,127,126,118,-1,4,23,128,-1,128,23,129,-1,128,129,130,-1,130,129,131,-1,130,131,132,-1,132,131,133,-1,132,133,134,-1,134,133,135,-1,134,135,136,-1,136,135,115,-1,25,24,137,-1,137,24,138,-1,137,138,139,-1,139,138,140,-1,139,140,141,-1,141,140,142,-1,141,142,143,-1,143,142,144,-1,143,144,145,-1,145,144,109,-1,14,34,146,-1,146,34,147,-1,146,147,148,-1,148,147,149,-1,148,149,150,-1,150,149,151,-1,150,151,152,-1,152,151,153,-1,152,153,154,-1,154,153,106,-1,36,42,155,-1,155,42,156,-1,155,156,157,-1,157,156,158,-1,157,158,159,-1,159,158,160,-1,159,160,161,-1,161,160,162,-1,161,162,163,-1,163,162,94,-1,39,38,164,-1,164,38,165,-1,164,165,166,-1,166,165,167,-1,166,167,168,-1,168,167,169,-1,168,169,170,-1,170,169,171,-1,170,171,172,-1,172,171,91,-1,44,50,173,-1,173,50,174,-1,173,174,175,-1,175,174,176,-1,175,176,177,-1,177,176,178,-1,177,178,179,-1,179,178,180,-1,179,180,181,-1,181,180,85,-1,47,56,182,-1,182,56,183,-1,182,183,184,-1,184,183,185,-1,184,185,186,-1,186,185,187,-1,186,187,188,-1,188,187,189,-1,188,189,190,-1,190,189,82,-1,51,64,191,-1,191,64,192,-1,191,192,193,-1,193,192,194,-1,193,194,195,-1,195,194,196,-1,195,196,197,-1,197,196,198,-1,197,198,199,-1,199,198,70,-1,62,11,200,-1,200,11,201,-1,200,201,202,-1,202,201,203,-1,202,203,204,-1,204,203,205,-1,204,205,206,-1,206,205,207,-1,206,207,208,-1,208,207,67,-1,8,2,209,-1,209,2,119,-1,209,119,210,-1,210,119,121,-1,210,121,211,-1,211,121,123,-1,211,123,212,-1,212,123,125,-1,212,125,213,-1,213,125,127,-1,213,127,214,-1,214,127,215,-1,118,117,127,-1,127,117,216,-1,127,216,215,-1,217,116,218,-1,218,116,118,-1,218,118,219,-1,219,118,126,-1,219,126,220,-1,220,126,124,-1,220,124,221,-1,221,124,122,-1,221,122,222,-1,222,122,120,-1,222,120,6,-1,6,120,7,-1,6,4,222,-1,222,4,128,-1,222,128,221,-1,221,128,130,-1,221,130,220,-1,220,130,132,-1,220,132,219,-1,219,132,134,-1,219,134,218,-1,218,134,136,-1,218,136,217,-1,217,136,223,-1,115,114,136,-1,136,114,224,-1,136,224,223,-1,225,113,226,-1,226,113,115,-1,226,115,227,-1,227,115,135,-1,227,135,228,-1,228,135,133,-1,228,133,229,-1,229,133,131,-1,229,131,230,-1,230,131,129,-1,230,129,22,-1,22,129,23,-1,22,26,230,-1,230,26,231,-1,230,231,229,-1,229,231,232,-1,229,232,228,-1,228,232,233,-1,228,233,227,-1,227,233,234,-1,227,234,226,-1,226,234,112,-1,226,112,225,-1,225,112,111,-1,235,110,145,-1,145,110,112,-1,145,112,143,-1,143,112,234,-1,143,234,141,-1,141,234,233,-1,141,233,139,-1,139,233,232,-1,139,232,137,-1,137,232,231,-1,137,231,25,-1,25,231,26,-1,109,108,145,-1,145,108,236,-1,145,236,235,-1,237,107,238,-1,238,107,109,-1,238,109,239,-1,239,109,144,-1,239,144,240,-1,240,144,142,-1,240,142,241,-1,241,142,140,-1,241,140,242,-1,242,140,138,-1,242,138,16,-1,16,138,24,-1,16,14,242,-1,242,14,146,-1,242,146,241,-1,241,146,148,-1,241,148,240,-1,240,148,150,-1,240,150,239,-1,239,150,152,-1,239,152,238,-1,238,152,154,-1,238,154,237,-1,237,154,243,-1,106,105,154,-1,154,105,244,-1,154,244,243,-1,245,104,246,-1,246,104,106,-1,246,106,247,-1,247,106,153,-1,247,153,248,-1,248,153,151,-1,248,151,249,-1,249,151,149,-1,249,149,250,-1,250,149,147,-1,250,147,33,-1,33,147,34,-1,33,32,250,-1,250,32,251,-1,250,251,249,-1,249,251,252,-1,249,252,248,-1,248,252,253,-1,248,253,247,-1,247,253,254,-1,247,254,246,-1,246,254,103,-1,246,103,245,-1,245,103,102,-1,99,101,100,-1,100,101,103,-1,100,103,255,-1,255,103,254,-1,255,254,256,-1,256,254,253,-1,256,253,257,-1,257,253,252,-1,257,252,258,-1,258,252,251,-1,258,251,30,-1,30,251,32,-1,96,98,97,-1,97,98,100,-1,97,100,259,-1,259,100,255,-1,259,255,260,-1,260,255,256,-1,260,256,261,-1,261,256,257,-1,261,257,262,-1,262,257,258,-1,262,258,28,-1,28,258,30,-1,263,95,264,-1,264,95,97,-1,264,97,265,-1,265,97,259,-1,265,259,266,-1,266,259,260,-1,266,260,267,-1,267,260,261,-1,267,261,268,-1,268,261,262,-1,268,262,37,-1,37,262,28,-1,37,36,268,-1,268,36,155,-1,268,155,267,-1,267,155,157,-1,267,157,266,-1,266,157,159,-1,266,159,265,-1,265,159,161,-1,265,161,264,-1,264,161,163,-1,264,163,263,-1,263,163,269,-1,94,93,163,-1,163,93,270,-1,163,270,269,-1,271,92,272,-1,272,92,94,-1,272,94,273,-1,273,94,162,-1,273,162,274,-1,274,162,160,-1,274,160,275,-1,275,160,158,-1,275,158,276,-1,276,158,156,-1,276,156,41,-1,41,156,42,-1,41,39,276,-1,276,39,164,-1,276,164,275,-1,275,164,166,-1,275,166,274,-1,274,166,168,-1,274,168,273,-1,273,168,170,-1,273,170,272,-1,272,170,172,-1,272,172,271,-1,271,172,277,-1,91,90,172,-1,172,90,278,-1,172,278,277,-1,279,89,280,-1,280,89,91,-1,280,91,281,-1,281,91,171,-1,281,171,282,-1,282,171,169,-1,282,169,283,-1,283,169,167,-1,283,167,284,-1,284,167,165,-1,284,165,18,-1,18,165,38,-1,18,45,284,-1,284,45,285,-1,284,285,283,-1,283,285,286,-1,283,286,282,-1,282,286,287,-1,282,287,281,-1,281,287,288,-1,281,288,280,-1,280,288,88,-1,280,88,279,-1,279,88,87,-1,289,86,181,-1,181,86,88,-1,181,88,179,-1,179,88,288,-1,179,288,177,-1,177,288,287,-1,177,287,175,-1,175,287,286,-1,175,286,173,-1,173,286,285,-1,173,285,44,-1,44,285,45,-1,85,84,181,-1,181,84,290,-1,181,290,289,-1,291,83,292,-1,292,83,85,-1,292,85,293,-1,293,85,180,-1,293,180,294,-1,294,180,178,-1,294,178,295,-1,295,178,176,-1,295,176,296,-1,296,176,174,-1,296,174,49,-1,49,174,50,-1,49,47,296,-1,296,47,182,-1,296,182,295,-1,295,182,184,-1,295,184,294,-1,294,184,186,-1,294,186,293,-1,293,186,188,-1,293,188,292,-1,292,188,190,-1,292,190,291,-1,291,190,297,-1,82,81,190,-1,190,81,298,-1,190,298,297,-1,299,80,300,-1,300,80,82,-1,300,82,301,-1,301,82,189,-1,301,189,302,-1,302,189,187,-1,302,187,303,-1,303,187,185,-1,303,185,304,-1,304,185,183,-1,304,183,55,-1,55,183,56,-1,55,61,304,-1,304,61,305,-1,304,305,303,-1,303,305,306,-1,303,306,302,-1,302,306,307,-1,302,307,301,-1,301,307,308,-1,301,308,300,-1,300,308,79,-1,300,79,299,-1,299,79,78,-1,75,77,76,-1,76,77,79,-1,76,79,309,-1,309,79,308,-1,309,308,310,-1,310,308,307,-1,310,307,311,-1,311,307,306,-1,311,306,312,-1,312,306,305,-1,312,305,60,-1,60,305,61,-1,72,74,73,-1,73,74,76,-1,73,76,313,-1,313,76,309,-1,313,309,314,-1,314,309,310,-1,314,310,315,-1,315,310,311,-1,315,311,316,-1,316,311,312,-1,316,312,58,-1,58,312,60,-1,317,71,318,-1,318,71,73,-1,318,73,319,-1,319,73,313,-1,319,313,320,-1,320,313,314,-1,320,314,321,-1,321,314,315,-1,321,315,322,-1,322,315,316,-1,322,316,57,-1,57,316,58,-1,57,51,322,-1,322,51,191,-1,322,191,321,-1,321,191,193,-1,321,193,320,-1,320,193,195,-1,320,195,319,-1,319,195,197,-1,319,197,318,-1,318,197,199,-1,318,199,317,-1,317,199,323,-1,70,69,199,-1,199,69,324,-1,199,324,323,-1,325,68,326,-1,326,68,70,-1,326,70,327,-1,327,70,198,-1,327,198,328,-1,328,198,196,-1,328,196,329,-1,329,196,194,-1,329,194,330,-1,330,194,192,-1,330,192,63,-1,63,192,64,-1,63,62,330,-1,330,62,200,-1,330,200,329,-1,329,200,202,-1,329,202,328,-1,328,202,204,-1,328,204,327,-1,327,204,206,-1,327,206,326,-1,326,206,208,-1,326,208,325,-1,325,208,331,-1,67,66,208,-1,208,66,332,-1,208,332,331,-1,333,65,334,-1,334,65,67,-1,334,67,335,-1,335,67,207,-1,335,207,336,-1,336,207,205,-1,336,205,337,-1,337,205,203,-1,337,203,338,-1,338,203,201,-1,338,201,9,-1,9,201,11,-1,9,8,338,-1,338,8,209,-1,338,209,337,-1,337,209,210,-1,337,210,336,-1,336,210,211,-1,336,211,335,-1,335,211,212,-1,335,212,334,-1,334,212,213,-1,334,213,333,-1,333,213,214,-1,215,339,340,-1,116,341,117,-1,117,341,339,-1,117,339,216,-1,216,339,215,-1,116,217,341,-1,341,217,223,-1,341,223,342,-1,113,343,114,-1,114,343,342,-1,114,342,224,-1,224,342,223,-1,113,225,343,-1,343,225,111,-1,343,111,344,-1,111,110,344,-1,344,110,235,-1,344,235,345,-1,107,346,108,-1,108,346,345,-1,108,345,236,-1,236,345,235,-1,107,237,346,-1,346,237,243,-1,346,243,347,-1,104,348,105,-1,105,348,347,-1,105,347,244,-1,244,347,243,-1,104,245,348,-1,348,245,102,-1,348,102,349,-1,102,101,349,-1,349,101,99,-1,349,99,350,-1,95,351,96,-1,96,351,350,-1,96,350,98,-1,98,350,99,-1,95,263,351,-1,351,263,269,-1,351,269,352,-1,92,353,93,-1,93,353,352,-1,93,352,270,-1,270,352,269,-1,92,271,353,-1,353,271,277,-1,353,277,354,-1,89,355,90,-1,90,355,354,-1,90,354,278,-1,278,354,277,-1,89,279,355,-1,355,279,87,-1,355,87,356,-1,87,86,356,-1,356,86,289,-1,356,289,357,-1,83,358,84,-1,84,358,357,-1,84,357,290,-1,290,357,289,-1,83,291,358,-1,358,291,297,-1,358,297,359,-1,80,360,81,-1,81,360,359,-1,81,359,298,-1,298,359,297,-1,80,299,360,-1,360,299,78,-1,360,78,361,-1,78,77,361,-1,361,77,75,-1,361,75,362,-1,71,363,72,-1,72,363,362,-1,72,362,74,-1,74,362,75,-1,71,317,363,-1,363,317,323,-1,363,323,364,-1,68,365,69,-1,69,365,364,-1,69,364,324,-1,324,364,323,-1,68,325,365,-1,365,325,331,-1,365,331,366,-1,331,332,366,-1,366,332,66,-1,366,66,367,-1,66,65,367,-1,367,65,333,-1,367,333,340,-1,340,333,214,-1,340,214,215,-1,340,368,367,-1,367,368,369,-1,367,369,366,-1,366,369,370,-1,366,370,365,-1,365,370,371,-1,365,371,364,-1,364,371,372,-1,364,372,363,-1,363,372,373,-1,363,373,362,-1,362,373,374,-1,362,374,361,-1,361,374,375,-1,361,375,360,-1,360,375,376,-1,360,376,359,-1,359,376,377,-1,359,377,358,-1,358,377,378,-1,358,378,357,-1,357,378,379,-1,357,379,356,-1,356,379,380,-1,356,380,355,-1,355,380,381,-1,355,381,354,-1,354,381,382,-1,354,382,353,-1,353,382,383,-1,353,383,352,-1,352,383,384,-1,352,384,351,-1,351,384,385,-1,351,385,350,-1,350,385,386,-1,350,386,349,-1,349,386,387,-1,349,387,348,-1,348,387,388,-1,348,388,347,-1,347,388,389,-1,347,389,346,-1,346,389,390,-1,346,390,345,-1,345,390,391,-1,345,391,344,-1,344,391,392,-1,344,392,343,-1,343,392,393,-1,343,393,342,-1,342,393,394,-1,342,394,341,-1,341,394,395,-1,341,395,339,-1,339,395,396,-1,339,396,340,-1,340,396,368,-1,
        ]
    }
}
Shape{
    appearance Appearance {
        material  Material 	{
            diffuseColor 0.5803921568627451 0.9490196078431372 1.0
            specularColor 0.2901960784313726 0.4745098039215686 0.5019607843137255
            ambientIntensity 0.2
            transparency 0
            shininess 0.5
        }
    }
    geometry IndexedFaceSet {
        ccw TRUE
        solid FALSE
        coord DEF co Coordinate {
            point [
                -0.2288 -0.4937 -0.1967, -0.2288 -0.4399 -0.2983, -0.2288 -0.4002 -0.3191, -0.2288 -0.3655 -0.3859, -0.2288 -0.3191 -0.4002, -0.2288 -0.274 -0.4554, -0.2288 -0.2221 -0.4611, -0.2288 -0.1697 -0.5037, -0.2288 -0.1139 -0.499, -0.2288 -0.0575 -0.5284, -0.2288 0.0 -0.5118, -0.2288 0.0575 -0.5284, -0.2288 0.1139 -0.499, -0.2288 0.1697 -0.5037, -0.2288 0.2221 -0.4611, -0.2288 0.274 -0.4554, -0.2288 0.3191 -0.4002, -0.2288 0.3655 -0.3859, -0.2288 0.4002 -0.3191, -0.2288 0.4399 -0.2983, -0.2288 0.4611 -0.2221, -0.2288 0.4937 -0.1967, -0.2288 0.499 -0.1139, -0.2288 0.5245 -0.086, -0.2288 0.5118 0.0, -0.2288 0.5307 0.0288, -0.2288 0.499 0.1139, -0.2288 0.5121 0.1422, -0.2288 0.4611 0.2221, -0.2288 0.4696 0.249, -0.2288 0.4002 0.3191, -0.2288 0.4051 0.3441, -0.2288 0.3191 0.4002, -0.2288 0.3216 0.4231, -0.2288 0.2221 0.4611, -0.2288 0.2232 0.4824, -0.2288 0.1139 0.499, -0.2288 0.1143 0.5191, -0.2288 -0.0 0.5118, -0.2288 0.0 0.5315, -0.2288 -0.1139 0.499, -0.2288 -0.1143 0.5191, -0.2288 -0.2221 0.4611, -0.2288 -0.2232 0.4824, -0.2288 -0.3191 0.4002, -0.2288 -0.3216 0.4231, -0.2288 -0.4002 0.3191, -0.2288 -0.4051 0.3441, -0.2288 -0.4611 0.2221, -0.2288 -0.4696 0.249, -0.2288 -0.499 0.1139, -0.2288 -0.5121 0.1422, -0.2288 -0.5118 -0.0, -0.2288 -0.5307 0.0288, -0.2288 -0.499 -0.1139, -0.2288 -0.5245 -0.086, -0.2288 -0.4611 -0.2221, -0.3862 0.0 0.5315, -0.3862 0.1143 0.5191, -0.3862 0.2232 0.4824, -0.3862 0.3216 0.4231, -0.3862 0.4051 0.3441, -0.3862 0.4696 0.249, -0.3862 0.5121 0.1422, -0.3862 0.5307 0.0288, -0.3862 0.5245 -0.086, -0.3862 0.4937 -0.1967, -0.3862 0.4399 -0.2983, -0.3862 0.3655 -0.3859, -0.3862 0.274 -0.4554, -0.3862 0.1697 -0.5037, -0.3862 0.0575 -0.5284, -0.3862 -0.0575 -0.5284, -0.3862 -0.1697 -0.5037, -0.3862 -0.274 -0.4554, -0.3862 -0.3655 -0.3859, -0.3862 -0.4399 -0.2983, -0.3862 -0.4937 -0.1967, -0.3862 -0.5245 -0.086, -0.3862 -0.5307 0.0288, -0.3862 -0.5121 0.1422, -0.3862 -0.4696 0.249, -0.3862 -0.4051 0.3441, -0.3862 -0.3216 0.4231, -0.3862 -0.2232 0.4824, -0.3862 -0.1143 0.5191, -0.3862 0.4002 -0.3191, -0.3862 0.3191 -0.4002, -0.3862 0.2221 -0.4611, -0.3862 0.1139 -0.499, -0.3862 0.0 -0.5118, -0.3862 -0.1139 -0.499, -0.3862 -0.2221 -0.4611, -0.3862 -0.3191 -0.4002, -0.3862 -0.4002 -0.3191, -0.3862 -0.4611 -0.2221, -0.3862 -0.499 -0.1139, -0.3862 -0.5118 -0.0, -0.3862 -0.499 0.1139, -0.3862 -0.4611 0.2221, -0.3862 -0.4002 0.3191, -0.3862 -0.3191 0.4002, -0.3862 -0.2221 0.4611, -0.3862 -0.1139 0.499, -0.3862 0.0 0.5118, -0.3862 0.1139 0.499, -0.3862 0.2221 0.4611, -0.3862 0.3191 0.4002, -0.3862 0.4002 0.3191, -0.3862 0.4611 0.2221, -0.3862 0.499 0.1139, -0.3862 0.5118 0.0, -0.3862 0.499 -0.1139, -0.3862 0.4611 -0.2221, -0.3862 0.4611 -0.2221
            ]
        }
        coordIndex [
            0,1,2,-1,2,1,3,-1,2,3,4,-1,4,3,5,-1,4,5,6,-1,6,5,7,-1,6,7,8,-1,8,7,9,-1,8,9,10,-1,10,9,11,-1,10,11,12,-1,12,11,13,-1,12,13,14,-1,14,13,15,-1,14,15,16,-1,16,15,17,-1,16,17,18,-1,18,17,19,-1,18,19,20,-1,20,19,21,-1,20,21,22,-1,22,21,23,-1,22,23,24,-1,24,23,25,-1,24,25,26,-1,26,25,27,-1,26,27,28,-1,28,27,29,-1,28,29,30,-1,30,29,31,-1,30,31,32,-1,32,31,33,-1,32,33,34,-1,34,33,35,-1,34,35,36,-1,36,35,37,-1,36,37,38,-1,38,37,39,-1,38,39,40,-1,40,39,41,-1,40,41,42,-1,42,41,43,-1,42,43,44,-1,44,43,45,-1,44,45,46,-1,46,45,47,-1,46,47,48,-1,48,47,49,-1,48,49,50,-1,50,49,51,-1,50,51,52,-1,52,51,53,-1,52,53,54,-1,54,53,55,-1,54,55,56,-1,56,55,0,-1,56,0,2,-1,57,37,58,-1,58,37,35,-1,58,35,59,-1,59,35,33,-1,59,33,60,-1,60,33,31,-1,60,31,61,-1,61,31,29,-1,61,29,62,-1,62,29,27,-1,62,27,63,-1,63,27,25,-1,63,25,64,-1,64,25,23,-1,64,23,65,-1,65,23,21,-1,65,21,66,-1,66,21,19,-1,66,19,67,-1,67,19,17,-1,67,17,68,-1,68,17,15,-1,68,15,69,-1,69,15,13,-1,69,13,70,-1,70,13,11,-1,70,11,71,-1,71,11,9,-1,71,9,72,-1,72,9,7,-1,72,7,73,-1,73,7,5,-1,73,5,74,-1,74,5,3,-1,74,3,75,-1,75,3,1,-1,75,1,76,-1,76,1,0,-1,76,0,77,-1,77,0,55,-1,77,55,78,-1,78,55,53,-1,78,53,79,-1,79,53,51,-1,79,51,80,-1,80,51,49,-1,80,49,81,-1,81,49,47,-1,81,47,82,-1,82,47,45,-1,82,45,83,-1,83,45,43,-1,83,43,84,-1,84,43,41,-1,84,41,85,-1,85,41,39,-1,85,39,57,-1,57,39,37,-1,66,67,86,-1,86,67,68,-1,86,68,87,-1,87,68,69,-1,87,69,88,-1,88,69,70,-1,88,70,89,-1,89,70,71,-1,89,71,90,-1,90,71,72,-1,90,72,91,-1,91,72,73,-1,91,73,92,-1,92,73,74,-1,92,74,93,-1,93,74,75,-1,93,75,94,-1,94,75,76,-1,94,76,95,-1,95,76,77,-1,95,77,96,-1,96,77,78,-1,96,78,97,-1,97,78,79,-1,97,79,98,-1,98,79,80,-1,98,80,99,-1,99,80,81,-1,99,81,100,-1,100,81,82,-1,100,82,101,-1,101,82,83,-1,101,83,102,-1,102,83,84,-1,102,84,103,-1,103,84,85,-1,103,85,104,-1,104,85,57,-1,104,57,105,-1,105,57,58,-1,105,58,106,-1,106,58,59,-1,106,59,107,-1,107,59,60,-1,107,60,108,-1,108,60,61,-1,108,61,109,-1,109,61,62,-1,109,62,110,-1,110,62,63,-1,110,63,111,-1,111,63,64,-1,111,64,112,-1,112,64,65,-1,112,65,113,-1,113,65,66,-1,113,66,86,-1,
        ]
    }
}
Shape{
    appearance Appearance {
        material  Material 	{
            diffuseColor 0.37254901960784315 0.9490196078431372 1.0
            specularColor 0.18823529411764706 0.4745098039215686 0.5019607843137255
            ambientIntensity 0.2
            transparency 0
            shininess 0.5
        }
    }
    geometry IndexedFaceSet {
        ccw TRUE
        solid FALSE
        coord DEF co Coordinate {
            point [
                -0.2288 -0.0 0.5118, 0.1865 0.1139 0.499, -0.2288 0.1139 0.499, 0.1865 0.2221 0.4611, -0.2288 0.2221 0.4611, 0.1865 0.3191 0.4002, -0.2288 0.3191 0.4002, 0.1865 0.4002 0.3191, -0.2288 0.4002 0.3191, 0.1865 0.4611 0.2221, -0.2288 0.4611 0.2221, 0.1865 0.499 0.1139, -0.2288 0.499 0.1139, 0.1865 0.5118 0.0, -0.2288 0.5118 0.0, 0.1865 0.499 -0.1139, -0.2288 0.499 -0.1139, 0.1865 0.4611 -0.2221, -0.2288 0.4611 -0.2221, 0.1865 0.4002 -0.3191, -0.2288 0.4002 -0.3191, 0.1865 0.3191 -0.4002, -0.2288 0.3191 -0.4002, 0.1865 0.2221 -0.4611, -0.2288 0.2221 -0.4611, 0.1865 0.1139 -0.499, -0.2288 0.1139 -0.499, 0.1865 0.0 -0.5118, -0.2288 0.0 -0.5118, 0.1865 -0.1139 -0.499, -0.2288 -0.1139 -0.499, 0.1865 -0.2221 -0.4611, -0.2288 -0.2221 -0.4611, 0.1865 -0.3191 -0.4002, -0.2288 -0.3191 -0.4002, 0.1865 -0.4002 -0.3191, -0.2288 -0.4002 -0.3191, 0.1865 -0.4611 -0.2221, -0.2288 -0.4611 -0.2221, 0.1865 -0.499 -0.1139, -0.2288 -0.499 -0.1139, 0.1865 -0.5118 -0.0, -0.2288 -0.5118 -0.0, 0.1865 -0.499 0.1139, -0.2288 -0.499 0.1139, 0.1865 -0.4611 0.2221, -0.2288 -0.4611 0.2221, 0.1865 -0.4002 0.3191, -0.2288 -0.4002 0.3191, 0.1865 -0.3191 0.4002, -0.2288 -0.3191 0.4002, 0.1865 -0.2221 0.4611, -0.2288 -0.2221 0.4611, 0.1865 -0.1139 0.499, -0.2288 -0.1139 0.499, 0.1865 0.0 0.5118, 0.1865 0.0 0.5118
            ]
        }
        coordIndex [
            0,1,2,-1,2,1,3,-1,2,3,4,-1,4,3,5,-1,4,5,6,-1,6,5,7,-1,6,7,8,-1,8,7,9,-1,8,9,10,-1,10,9,11,-1,10,11,12,-1,12,11,13,-1,12,13,14,-1,14,13,15,-1,14,15,16,-1,16,15,17,-1,16,17,18,-1,18,17,19,-1,18,19,20,-1,20,19,21,-1,20,21,22,-1,22,21,23,-1,22,23,24,-1,24,23,25,-1,24,25,26,-1,26,25,27,-1,26,27,28,-1,28,27,29,-1,28,29,30,-1,30,29,31,-1,30,31,32,-1,32,31,33,-1,32,33,34,-1,34,33,35,-1,34,35,36,-1,36,35,37,-1,36,37,38,-1,38,37,39,-1,38,39,40,-1,40,39,41,-1,40,41,42,-1,42,41,43,-1,42,43,44,-1,44,43,45,-1,44,45,46,-1,46,45,47,-1,46,47,48,-1,48,47,49,-1,48,49,50,-1,50,49,51,-1,50,51,52,-1,52,51,53,-1,52,53,54,-1,54,53,55,-1,54,55,0,-1,0,55,1,-1,
        ]
    }
}
Shape{
    appearance Appearance {
        material  Material 	{
            diffuseColor 0.5803921568627451 0.9490196078431372 1.0
            specularColor 0.2901960784313726 0.4745098039215686 0.5019607843137255
            ambientIntensity 0.2
            transparency 0
            shininess 0.5
        }
    }
    geometry IndexedFaceSet {
        ccw TRUE
        solid FALSE
        coord DEF co Coordinate {
            point [
                0.3439 -0.4937 -0.1967, 0.3439 -0.4399 -0.2983, 0.3439 -0.4002 -0.3191, 0.3439 -0.3655 -0.3859, 0.3439 -0.3191 -0.4002, 0.3439 -0.274 -0.4554, 0.3439 -0.2221 -0.4611, 0.3439 -0.1697 -0.5037, 0.3439 -0.1139 -0.499, 0.3439 -0.0575 -0.5284, 0.3439 0.0 -0.5118, 0.3439 0.0575 -0.5284, 0.3439 0.1139 -0.499, 0.3439 0.1697 -0.5037, 0.3439 0.2221 -0.4611, 0.3439 0.274 -0.4554, 0.3439 0.3191 -0.4002, 0.3439 0.3655 -0.3859, 0.3439 0.4002 -0.3191, 0.3439 0.4399 -0.2983, 0.3439 0.4611 -0.2221, 0.3439 0.4937 -0.1967, 0.3439 0.499 -0.1139, 0.3439 0.5245 -0.086, 0.3439 0.5118 0.0, 0.3439 0.5307 0.0288, 0.3439 0.499 0.1139, 0.3439 0.5121 0.1422, 0.3439 0.4611 0.2221, 0.3439 0.4696 0.249, 0.3439 0.4002 0.3191, 0.3439 0.4051 0.3441, 0.3439 0.3191 0.4002, 0.3439 0.3216 0.4231, 0.3439 0.2221 0.4611, 0.3439 0.2232 0.4824, 0.3439 0.1139 0.499, 0.3439 0.1143 0.5191, 0.3439 -0.0 0.5118, 0.3439 0.0 0.5315, 0.3439 -0.1139 0.499, 0.3439 -0.1143 0.5191, 0.3439 -0.2221 0.4611, 0.3439 -0.2232 0.4824, 0.3439 -0.3191 0.4002, 0.3439 -0.3216 0.4231, 0.3439 -0.4002 0.3191, 0.3439 -0.4051 0.3441, 0.3439 -0.4611 0.2221, 0.3439 -0.4696 0.249, 0.3439 -0.499 0.1139, 0.3439 -0.5121 0.1422, 0.3439 -0.5118 -0.0, 0.3439 -0.5307 0.0288, 0.3439 -0.499 -0.1139, 0.3439 -0.5245 -0.086, 0.3439 -0.4611 -0.2221, 0.1865 0.0 0.5315, 0.1865 0.1143 0.5191, 0.1865 0.2232 0.4824, 0.1865 0.3216 0.4231, 0.1865 0.4051 0.3441, 0.1865 0.4696 0.249, 0.1865 0.5121 0.1422, 0.1865 0.5307 0.0288, 0.1865 0.5245 -0.086, 0.1865 0.4937 -0.1967, 0.1865 0.4399 -0.2983, 0.1865 0.3655 -0.3859, 0.1865 0.274 -0.4554, 0.1865 0.1697 -0.5037, 0.1865 0.0575 -0.5284, 0.1865 -0.0575 -0.5284, 0.1865 -0.1697 -0.5037, 0.1865 -0.274 -0.4554, 0.1865 -0.3655 -0.3859, 0.1865 -0.4399 -0.2983, 0.1865 -0.4937 -0.1967, 0.1865 -0.5245 -0.086, 0.1865 -0.5307 0.0288, 0.1865 -0.5121 0.1422, 0.1865 -0.4696 0.249, 0.1865 -0.4051 0.3441, 0.1865 -0.3216 0.4231, 0.1865 -0.2232 0.4824, 0.1865 -0.1143 0.5191, 0.1865 0.4002 -0.3191, 0.1865 0.3191 -0.4002, 0.1865 0.2221 -0.4611, 0.1865 0.1139 -0.499, 0.1865 0.0 -0.5118, 0.1865 -0.1139 -0.499, 0.1865 -0.2221 -0.4611, 0.1865 -0.3191 -0.4002, 0.1865 -0.4002 -0.3191, 0.1865 -0.4611 -0.2221, 0.1865 -0.499 -0.1139, 0.1865 -0.5118 -0.0, 0.1865 -0.499 0.1139, 0.1865 -0.4611 0.2221, 0.1865 -0.4002 0.3191, 0.1865 -0.3191 0.4002, 0.1865 -0.2221 0.4611, 0.1865 -0.1139 0.499, 0.1865 0.0 0.5118, 0.1865 0.1139 0.499, 0.1865 0.2221 0.4611, 0.1865 0.3191 0.4002, 0.1865 0.4002 0.3191, 0.1865 0.4611 0.2221, 0.1865 0.499 0.1139, 0.1865 0.5118 0.0, 0.1865 0.499 -0.1139, 0.1865 0.4611 -0.2221, 0.1865 0.4611 -0.2221
            ]
        }
        coordIndex [
            0,1,2,-1,2,1,3,-1,2,3,4,-1,4,3,5,-1,4,5,6,-1,6,5,7,-1,6,7,8,-1,8,7,9,-1,8,9,10,-1,10,9,11,-1,10,11,12,-1,12,11,13,-1,12,13,14,-1,14,13,15,-1,14,15,16,-1,16,15,17,-1,16,17,18,-1,18,17,19,-1,18,19,20,-1,20,19,21,-1,20,21,22,-1,22,21,23,-1,22,23,24,-1,24,23,25,-1,24,25,26,-1,26,25,27,-1,26,27,28,-1,28,27,29,-1,28,29,30,-1,30,29,31,-1,30,31,32,-1,32,31,33,-1,32,33,34,-1,34,33,35,-1,34,35,36,-1,36,35,37,-1,36,37,38,-1,38,37,39,-1,38,39,40,-1,40,39,41,-1,40,41,42,-1,42,41,43,-1,42,43,44,-1,44,43,45,-1,44,45,46,-1,46,45,47,-1,46,47,48,-1,48,47,49,-1,48,49,50,-1,50,49,51,-1,50,51,52,-1,52,51,53,-1,52,53,54,-1,54,53,55,-1,54,55,56,-1,56,55,0,-1,56,0,2,-1,57,37,58,-1,58,37,35,-1,58,35,59,-1,59,35,33,-1,59,33,60,-1,60,33,31,-1,60,31,61,-1,61,31,29,-1,61,29,62,-1,62,29,27,-1,62,27,63,-1,63,27,25,-1,63,25,64,-1,64,25,23,-1,64,23,65,-1,65,23,21,-1,65,21,66,-1,66,21,19,-1,66,19,67,-1,67,19,17,-1,67,17,68,-1,68,17,15,-1,68,15,69,-1,69,15,13,-1,69,13,70,-1,70,13,11,-1,70,11,71,-1,71,11,9,-1,71,9,72,-1,72,9,7,-1,72,7,73,-1,73,7,5,-1,73,5,74,-1,74,5,3,-1,74,3,75,-1,75,3,1,-1,75,1,76,-1,76,1,0,-1,76,0,77,-1,77,0,55,-1,77,55,78,-1,78,55,53,-1,78,53,79,-1,79,53,51,-1,79,51,80,-1,80,51,49,-1,80,49,81,-1,81,49,47,-1,81,47,82,-1,82,47,45,-1,82,45,83,-1,83,45,43,-1,83,43,84,-1,84,43,41,-1,84,41,85,-1,85,41,39,-1,85,39,57,-1,57,39,37,-1,66,67,86,-1,86,67,68,-1,86,68,87,-1,87,68,69,-1,87,69,88,-1,88,69,70,-1,88,70,89,-1,89,70,71,-1,89,71,90,-1,90,71,72,-1,90,72,91,-1,91,72,73,-1,91,73,92,-1,92,73,74,-1,92,74,93,-1,93,74,75,-1,93,75,94,-1,94,75,76,-1,94,76,95,-1,95,76,77,-1,95,77,96,-1,96,77,78,-1,96,78,97,-1,97,78,79,-1,97,79,98,-1,98,79,80,-1,98,80,99,-1,99,80,81,-1,99,81,100,-1,100,81,82,-1,100,82,101,-1,101,82,83,-1,101,83,102,-1,102,83,84,-1,102,84,103,-1,103,84,85,-1,103,85,104,-1,104,85,57,-1,104,57,105,-1,105,57,58,-1,105,58,106,-1,106,58,59,-1,106,59,107,-1,107,59,60,-1,107,60,108,-1,108,60,61,-1,108,61,109,-1,109,61,62,-1,109,62,110,-1,110,62,63,-1,110,63,111,-1,111,63,64,-1,111,64,112,-1,112,64,65,-1,112,65,113,-1,113,65,66,-1,113,66,86,-1,
        ]
    }
}
Shape{
    appearance Appearance {
        material  Material 	{
            diffuseColor 0.37254901960784315 0.9490196078431372 1.0
            specularColor 0.18823529411764706 0.4745098039215686 0.5019607843137255
            ambientIntensity 0.2
            transparency 0
            shininess 0.5
        }
    }
    geometry IndexedFaceSet {
        ccw TRUE
        solid FALSE
        coord DEF co Coordinate {
            point [
                0.3439 -0.0 0.5118, 0.5709 0.1139 0.499, 0.3439 0.1139 0.499, 0.5709 0.2221 0.4611, 0.3439 0.2221 0.4611, 0.5709 0.3191 0.4002, 0.3439 0.3191 0.4002, 0.5709 0.4002 0.3191, 0.3439 0.4002 0.3191, 0.5709 0.4611 0.2221, 0.3439 0.4611 0.2221, 0.5709 0.499 0.1139, 0.3439 0.499 0.1139, 0.5709 0.5118 0.0, 0.3439 0.5118 0.0, 0.5709 0.499 -0.1139, 0.3439 0.499 -0.1139, 0.5709 0.4611 -0.2221, 0.3439 0.4611 -0.2221, 0.5709 0.4002 -0.3191, 0.3439 0.4002 -0.3191, 0.5709 0.3191 -0.4002, 0.3439 0.3191 -0.4002, 0.5709 0.2221 -0.4611, 0.3439 0.2221 -0.4611, 0.5709 0.1139 -0.499, 0.3439 0.1139 -0.499, 0.5709 0.0 -0.5118, 0.3439 0.0 -0.5118, 0.5709 -0.1139 -0.499, 0.3439 -0.1139 -0.499, 0.5709 -0.2221 -0.4611, 0.3439 -0.2221 -0.4611, 0.5709 -0.3191 -0.4002, 0.3439 -0.3191 -0.4002, 0.5709 -0.4002 -0.3191, 0.3439 -0.4002 -0.3191, 0.5709 -0.4611 -0.2221, 0.3439 -0.4611 -0.2221, 0.5709 -0.499 -0.1139, 0.3439 -0.499 -0.1139, 0.5709 -0.5118 -0.0, 0.3439 -0.5118 -0.0, 0.5709 -0.499 0.1139, 0.3439 -0.499 0.1139, 0.5709 -0.4611 0.2221, 0.3439 -0.4611 0.2221, 0.5709 -0.4002 0.3191, 0.3439 -0.4002 0.3191, 0.5709 -0.3191 0.4002, 0.3439 -0.3191 0.4002, 0.5709 -0.2221 0.4611, 0.3439 -0.2221 0.4611, 0.5709 -0.1139 0.499, 0.3439 -0.1139 0.499, 0.5709 0.0 0.5118, 0.5709 0.0 0.5118
            ]
        }
        coordIndex [
            0,1,2,-1,2,1,3,-1,2,3,4,-1,4,3,5,-1,4,5,6,-1,6,5,7,-1,6,7,8,-1,8,7,9,-1,8,9,10,-1,10,9,11,-1,10,11,12,-1,12,11,13,-1,12,13,14,-1,14,13,15,-1,14,15,16,-1,16,15,17,-1,16,17,18,-1,18,17,19,-1,18,19,20,-1,20,19,21,-1,20,21,22,-1,22,21,23,-1,22,23,24,-1,24,23,25,-1,24,25,26,-1,26,25,27,-1,26,27,28,-1,28,27,29,-1,28,29,30,-1,30,29,31,-1,30,31,32,-1,32,31,33,-1,32,33,34,-1,34,33,35,-1,34,35,36,-1,36,35,37,-1,36,37,38,-1,38,37,39,-1,38,39,40,-1,40,39,41,-1,40,41,42,-1,42,41,43,-1,42,43,44,-1,44,43,45,-1,44,45,46,-1,46,45,47,-1,46,47,48,-1,48,47,49,-1,48,49,50,-1,50,49,51,-1,50,51,52,-1,52,51,53,-1,52,53,54,-1,54,53,55,-1,54,55,0,-1,0,55,1,-1,
        ]
    }
}
Shape{
    appearance Appearance {
        material  Material 	{
            diffuseColor 0.5803921568627451 0.9490196078431372 1.0
            specularColor 0.2901960784313726 0.4745098039215686 0.5019607843137255
            ambientIntensity 0.2
            transparency 0
            shininess 0.5
        }
    }
    geometry IndexedFaceSet {
        ccw TRUE
        solid FALSE
        coord DEF co Coordinate {
            point [
                0.5709 0.4937 -0.1967, 0.5709 0.4399 -0.2983, 0.5709 0.4002 -0.3191, 0.5709 0.3655 -0.3859, 0.5709 0.3191 -0.4002, 0.5709 0.274 -0.4554, 0.5709 0.2221 -0.4611, 0.5709 0.1697 -0.5037, 0.5709 0.1139 -0.499, 0.5709 0.0575 -0.5284, 0.5709 0.0 -0.5118, 0.5709 -0.0575 -0.5284, 0.5709 -0.1139 -0.499, 0.5709 -0.1697 -0.5037, 0.5709 -0.2221 -0.4611, 0.5709 -0.274 -0.4554, 0.5709 -0.3191 -0.4002, 0.5709 -0.3655 -0.3859, 0.5709 -0.4002 -0.3191, 0.5709 -0.4399 -0.2983, 0.5709 -0.4611 -0.2221, 0.5709 -0.4937 -0.1967, 0.5709 -0.499 -0.1139, 0.5709 -0.5245 -0.086, 0.5709 -0.5118 -0.0, 0.5709 -0.5307 0.0288, 0.5709 -0.499 0.1139, 0.5709 -0.5121 0.1422, 0.5709 -0.4611 0.2221, 0.5709 -0.4696 0.249, 0.5709 -0.4002 0.3191, 0.5709 -0.4051 0.3441, 0.5709 -0.3191 0.4002, 0.5709 -0.3216 0.4231, 0.5709 -0.2221 0.4611, 0.5709 -0.2232 0.4824, 0.5709 -0.1139 0.499, 0.5709 -0.1143 0.5191, 0.5709 0.0 0.5118, 0.5709 -0.0 0.5315, 0.5709 0.1139 0.499, 0.5709 0.1143 0.5191, 0.5709 0.2221 0.4611, 0.5709 0.2232 0.4824, 0.5709 0.3191 0.4002, 0.5709 0.3216 0.4231, 0.5709 0.4002 0.3191, 0.5709 0.4051 0.3441, 0.5709 0.4611 0.2221, 0.5709 0.4696 0.249, 0.5709 0.499 0.1139, 0.5709 0.5121 0.1422, 0.5709 0.5118 0.0, 0.5709 0.5307 0.0288, 0.5709 0.499 -0.1139, 0.5709 0.5245 -0.086, 0.5709 0.4611 -0.2221, 0.7283 0.1143 0.5191, 0.7283 0.2232 0.4824, 0.7283 0.3216 0.4231, 0.7283 0.4051 0.3441, 0.7283 0.4696 0.249, 0.7283 0.5121 0.1422, 0.7283 0.5307 0.0288, 0.7283 0.5245 -0.086, 0.7283 0.4937 -0.1967, 0.7283 0.4399 -0.2983, 0.7283 0.3655 -0.3859, 0.7283 0.274 -0.4554, 0.7283 0.1697 -0.5037, 0.7283 0.0575 -0.5284, 0.7283 -0.0575 -0.5284, 0.7283 -0.1697 -0.5037, 0.7283 -0.274 -0.4554, 0.7283 -0.3655 -0.3859, 0.7283 -0.4399 -0.2983, 0.7283 -0.4937 -0.1967, 0.7283 -0.5245 -0.086, 0.7283 -0.5307 0.0288, 0.7283 -0.5121 0.1422, 0.7283 -0.4696 0.249, 0.7283 -0.4051 0.3441, 0.7283 -0.3216 0.4231, 0.7283 -0.2232 0.4824, 0.7283 -0.1143 0.5191, 0.7283 0.0 0.5315, 0.7283 -0.4002 -0.3191, 0.7283 -0.3191 -0.4002, 0.7283 -0.2221 -0.4611, 0.7283 -0.1139 -0.499, 0.7283 0.0 -0.5118, 0.7283 0.1139 -0.499, 0.7283 0.2221 -0.4611, 0.7283 0.3191 -0.4002, 0.7283 0.4002 -0.3191, 0.7283 0.4611 -0.2221, 0.7283 0.499 -0.1139, 0.7283 0.5118 0.0, 0.7283 0.499 0.1139, 0.7283 0.4611 0.2221, 0.7283 0.4002 0.3191, 0.7283 0.3191 0.4002, 0.7283 0.2221 0.4611, 0.7283 0.1139 0.499, 0.7283 0.0 0.5118, 0.7283 -0.1139 0.499, 0.7283 -0.2221 0.4611, 0.7283 -0.3191 0.4002, 0.7283 -0.4002 0.3191, 0.7283 -0.4611 0.2221, 0.7283 -0.499 0.1139, 0.7283 -0.5118 -0.0, 0.7283 -0.499 -0.1139, 0.7283 -0.4611 -0.2221, 0.7283 -0.4611 -0.2221
            ]
        }
        coordIndex [
            0,1,2,-1,2,1,3,-1,2,3,4,-1,4,3,5,-1,4,5,6,-1,6,5,7,-1,6,7,8,-1,8,7,9,-1,8,9,10,-1,10,9,11,-1,10,11,12,-1,12,11,13,-1,12,13,14,-1,14,13,15,-1,14,15,16,-1,16,15,17,-1,16,17,18,-1,18,17,19,-1,18,19,20,-1,20,19,21,-1,20,21,22,-1,22,21,23,-1,22,23,24,-1,24,23,25,-1,24,25,26,-1,26,25,27,-1,26,27,28,-1,28,27,29,-1,28,29,30,-1,30,29,31,-1,30,31,32,-1,32,31,33,-1,32,33,34,-1,34,33,35,-1,34,35,36,-1,36,35,37,-1,36,37,38,-1,38,37,39,-1,38,39,40,-1,40,39,41,-1,40,41,42,-1,42,41,43,-1,42,43,44,-1,44,43,45,-1,44,45,46,-1,46,45,47,-1,46,47,48,-1,48,47,49,-1,48,49,50,-1,50,49,51,-1,50,51,52,-1,52,51,53,-1,52,53,54,-1,54,53,55,-1,54,55,56,-1,56,55,0,-1,56,0,2,-1,39,57,41,-1,41,57,58,-1,41,58,43,-1,43,58,59,-1,43,59,45,-1,45,59,60,-1,45,60,47,-1,47,60,61,-1,47,61,49,-1,49,61,62,-1,49,62,51,-1,51,62,63,-1,51,63,53,-1,53,63,64,-1,53,64,55,-1,55,64,65,-1,55,65,0,-1,0,65,66,-1,0,66,1,-1,1,66,67,-1,1,67,3,-1,3,67,68,-1,3,68,5,-1,5,68,69,-1,5,69,7,-1,7,69,70,-1,7,70,9,-1,9,70,71,-1,9,71,11,-1,11,71,72,-1,11,72,13,-1,13,72,73,-1,13,73,15,-1,15,73,74,-1,15,74,17,-1,17,74,75,-1,17,75,19,-1,19,75,76,-1,19,76,21,-1,21,76,77,-1,21,77,23,-1,23,77,78,-1,23,78,25,-1,25,78,79,-1,25,79,27,-1,27,79,80,-1,27,80,29,-1,29,80,81,-1,29,81,31,-1,31,81,82,-1,31,82,33,-1,33,82,83,-1,33,83,35,-1,35,83,84,-1,35,84,37,-1,37,84,85,-1,37,85,39,-1,39,85,57,-1,76,75,86,-1,86,75,74,-1,86,74,87,-1,87,74,73,-1,87,73,88,-1,88,73,72,-1,88,72,89,-1,89,72,71,-1,89,71,90,-1,90,71,70,-1,90,70,91,-1,91,70,69,-1,91,69,92,-1,92,69,68,-1,92,68,93,-1,93,68,67,-1,93,67,94,-1,94,67,66,-1,94,66,95,-1,95,66,65,-1,95,65,96,-1,96,65,64,-1,96,64,97,-1,97,64,63,-1,97,63,98,-1,98,63,62,-1,98,62,99,-1,99,62,61,-1,99,61,100,-1,100,61,60,-1,100,60,101,-1,101,60,59,-1,101,59,102,-1,102,59,58,-1,102,58,103,-1,103,58,57,-1,103,57,104,-1,104,57,85,-1,104,85,105,-1,105,85,84,-1,105,84,106,-1,106,84,83,-1,106,83,107,-1,107,83,82,-1,107,82,108,-1,108,82,81,-1,108,81,109,-1,109,81,80,-1,109,80,110,-1,110,80,79,-1,110,79,111,-1,111,79,78,-1,111,78,112,-1,112,78,77,-1,112,77,113,-1,113,77,76,-1,113,76,86,-1,
        ]
    }
}
Shape{
    appearance Appearance {
        material  Material 	{
            diffuseColor 0.8509803921568627 0.8509803921568627 0.8509803921568627
            specularColor 0.4235294117647059 0.4235294117647059 0.4235294117647059
            ambientIntensity 0.2
            transparency 0
            shininess 0.5
        }
    }
    geometry IndexedFaceSet {
        ccw TRUE
        solid FALSE
        coord DEF co Coordinate {
            point [
                1.9397 -0.0394 -2.5, 1.9318 -0.0204 -2.5, 2.0079 0.0 -2.5, 1.9291 0.0 -2.5, 1.9318 0.0204 -2.5, 1.9875 -0.0761 -2.5, 1.9685 -0.0682 -2.5, 1.9522 -0.0557 -2.5, 2.0472 -0.0682 -2.5, 2.0283 -0.0761 -2.5, 2.0079 -0.0787 -2.5, 2.0839 -0.0204 -2.5, 2.0761 -0.0394 -2.5, 2.0636 -0.0557 -2.5, 2.0761 0.0394 -2.5, 2.0839 0.0204 -2.5, 2.0866 0.0 -2.5, 2.0283 0.0761 -2.5, 2.0472 0.0682 -2.5, 2.0636 0.0557 -2.5, 1.9685 0.0682 -2.5, 1.9875 0.0761 -2.5, 2.0079 0.0787 -2.5, 1.9397 0.0394 -2.5, 1.9522 0.0557 -2.5, 2.0866 0.0 -0.1969, 2.0839 0.0204 -0.1969, 2.0761 0.0394 -0.1969, 2.0636 0.0557 -0.1969, 2.0472 0.0682 -0.1969, 2.0283 0.0761 -0.1969, 2.0079 0.0787 -0.1969, 1.9875 0.0761 -0.1969, 1.9685 0.0682 -0.1969, 1.9522 0.0557 -0.1969, 1.9397 0.0394 -0.1969, 1.9318 0.0204 -0.1969, 1.9291 0.0 -0.1969, 1.9318 -0.0204 -0.1969, 1.9397 -0.0394 -0.1969, 1.9522 -0.0557 -0.1969, 1.9685 -0.0682 -0.1969, 1.9875 -0.0761 -0.1969, 2.0079 -0.0787 -0.1969, 2.0283 -0.0761 -0.1969, 2.0472 -0.0682 -0.1969, 2.0636 -0.0557 -0.1969, 2.0761 -0.0394 -0.1969, 2.0839 -0.0204 -0.1969, 1.811 -0.0 -0.0787, 1.8341 0.0 -0.081, 1.811 -0.0204 -0.0761, 1.8346 -0.0204 -0.0784, 1.811 -0.0394 -0.0682, 1.8361 -0.0394 -0.0707, 1.811 -0.0557 -0.0557, 1.8386 -0.0557 -0.0584, 1.811 -0.0682 -0.0394, 1.8417 -0.0682 -0.0424, 1.811 -0.0761 -0.0204, 1.8455 -0.0761 -0.0238, 1.811 -0.0787 -0.0, 1.8494 -0.0787 -0.0038, 1.811 -0.0761 0.0204, 1.8534 -0.0761 0.0162, 1.811 -0.0682 0.0394, 1.8571 -0.0682 0.0348, 1.811 -0.0557 0.0557, 1.8603 -0.0557 0.0508, 1.811 -0.0394 0.0682, 1.8627 -0.0394 0.0631, 1.811 -0.0204 0.0761, 1.8643 -0.0204 0.0708, 1.811 0.0 0.0787, 1.8648 0.0 0.0734, 1.811 0.0204 0.0761, 1.8643 0.0204 0.0708, 1.811 0.0394 0.0682, 1.8627 0.0394 0.0631, 1.811 0.0557 0.0557, 1.8603 0.0557 0.0508, 1.811 0.0682 0.0394, 1.8571 0.0682 0.0348, 1.811 0.0761 0.0204, 1.8534 0.0761 0.0162, 1.811 0.0787 -0.0, 1.8494 0.0787 -0.0038, 1.811 0.0761 -0.0204, 1.8455 0.0761 -0.0238, 1.811 0.0682 -0.0394, 1.8417 0.0682 -0.0424, 1.811 0.0557 -0.0557, 1.8386 0.0557 -0.0584, 1.811 0.0394 -0.0682, 1.8361 0.0394 -0.0707, 1.811 0.0204 -0.0761, 1.8346 0.0204 -0.0784, 1.8562 0.0 -0.0877, 1.8572 -0.0204 -0.0853, 1.8603 -0.0394 -0.078, 1.865 -0.0557 -0.0664, 1.8713 -0.0682 -0.0514, 1.8786 -0.0761 -0.0338, 1.8864 -0.0787 -0.015, 1.8942 -0.0761 0.0038, 1.9014 -0.0682 0.0214, 1.9077 -0.0557 0.0365, 1.9125 -0.0394 0.048, 1.9155 -0.0204 0.0553, 1.9165 0.0 0.0578, 1.9155 0.0204 0.0553, 1.9125 0.0394 0.048, 1.9077 0.0557 0.0365, 1.9014 0.0682 0.0214, 1.8942 0.0761 0.0038, 1.8864 0.0787 -0.015, 1.8786 0.0761 -0.0338, 1.8713 0.0682 -0.0514, 1.865 0.0557 -0.0664, 1.8603 0.0394 -0.078, 1.8572 0.0204 -0.0853, 1.8766 0.0 -0.0986, 1.8781 -0.0204 -0.0964, 1.8825 -0.0394 -0.0899, 1.8895 -0.0557 -0.0795, 1.8985 -0.0682 -0.0659, 1.9091 -0.0761 -0.0501, 1.9204 -0.0787 -0.0332, 1.9317 -0.0761 -0.0162, 1.9423 -0.0682 -0.0004, 1.9513 -0.0557 0.0131, 1.9583 -0.0394 0.0235, 1.9626 -0.0204 0.0301, 1.9641 0.0 0.0323, 1.9626 0.0204 0.0301, 1.9583 0.0394 0.0235, 1.9513 0.0557 0.0131, 1.9423 0.0682 -0.0004, 1.9317 0.0761 -0.0162, 1.9204 0.0787 -0.0332, 1.9091 0.0761 -0.0501, 1.8985 0.0682 -0.0659, 1.8895 0.0557 -0.0795, 1.8825 0.0394 -0.0899, 1.8781 0.0204 -0.0964, 1.8945 0.0 -0.1133, 1.8964 -0.0204 -0.1114, 1.902 -0.0394 -0.1059, 1.9108 -0.0557 -0.097, 1.9224 -0.0682 -0.0855, 1.9358 -0.0761 -0.0721, 1.9502 -0.0787 -0.0577, 1.9646 -0.0761 -0.0432, 1.9781 -0.0682 -0.0298, 1.9896 -0.0557 -0.0183, 1.9984 -0.0394 -0.0094, 2.004 -0.0204 -0.0039, 2.0059 0.0 -0.002, 2.004 0.0204 -0.0039, 1.9984 0.0394 -0.0094, 1.9896 0.0557 -0.0183, 1.9781 0.0682 -0.0298, 1.9646 0.0761 -0.0432, 1.9502 0.0787 -0.0577, 1.9358 0.0761 -0.0721, 1.9224 0.0682 -0.0855, 1.9108 0.0557 -0.097, 1.902 0.0394 -0.1059, 1.8964 0.0204 -0.1114, 1.9092 0.0 -0.1312, 1.9115 -0.0204 -0.1297, 1.918 -0.0394 -0.1254, 1.9284 -0.0557 -0.1184, 1.942 -0.0682 -0.1094, 1.9578 -0.0761 -0.0988, 1.9747 -0.0787 -0.0875, 1.9916 -0.0761 -0.0762, 2.0074 -0.0682 -0.0656, 2.021 -0.0557 -0.0566, 2.0314 -0.0394 -0.0496, 2.0379 -0.0204 -0.0452, 2.0402 0.0 -0.0437, 2.0379 0.0204 -0.0452, 2.0314 0.0394 -0.0496, 2.021 0.0557 -0.0566, 2.0074 0.0682 -0.0656, 1.9916 0.0761 -0.0762, 1.9747 0.0787 -0.0875, 1.9578 0.0761 -0.0988, 1.942 0.0682 -0.1094, 1.9284 0.0557 -0.1184, 1.918 0.0394 -0.1254, 1.9115 0.0204 -0.1297, 1.9201 0.0 -0.1517, 1.9226 -0.0204 -0.1506, 1.9299 -0.0394 -0.1476, 1.9414 -0.0557 -0.1428, 1.9565 -0.0682 -0.1366, 1.9741 -0.0761 -0.1293, 1.9929 -0.0787 -0.1215, 2.0117 -0.0761 -0.1137, 2.0293 -0.0682 -0.1065, 2.0443 -0.0557 -0.1002, 2.0559 -0.0394 -0.0954, 2.0632 -0.0204 -0.0924, 2.0656 0.0 -0.0914, 2.0632 0.0204 -0.0924, 2.0559 0.0394 -0.0954, 2.0443 0.0557 -0.1002, 2.0293 0.0682 -0.1065, 2.0117 0.0761 -0.1137, 1.9929 0.0787 -0.1215, 1.9741 0.0761 -0.1293, 1.9565 0.0682 -0.1366, 1.9414 0.0557 -0.1428, 1.9299 0.0394 -0.1476, 1.9226 0.0204 -0.1506, 1.9269 0.0 -0.1738, 1.9295 -0.0204 -0.1733, 1.9372 -0.0394 -0.1717, 1.9495 -0.0557 -0.1693, 1.9655 -0.0682 -0.1661, 1.9841 -0.0761 -0.1624, 2.0041 -0.0787 -0.1584, 2.0241 -0.0761 -0.1545, 2.0427 -0.0682 -0.1508, 2.0587 -0.0557 -0.1476, 2.071 -0.0394 -0.1451, 2.0787 -0.0204 -0.1436, 2.0813 0.0 -0.1431, 2.0787 0.0204 -0.1436, 2.071 0.0394 -0.1451, 2.0587 0.0557 -0.1476, 2.0427 0.0682 -0.1508, 2.0241 0.0761 -0.1545, 2.0041 0.0787 -0.1584, 1.9841 0.0761 -0.1624, 1.9655 0.0682 -0.1661, 1.9495 0.0557 -0.1693, 1.9372 0.0394 -0.1717, 1.9295 0.0204 -0.1733, 1.2205 0.0 0.0787, 1.2205 0.0204 0.0761, 1.2205 0.0394 0.0682, 1.2205 0.0557 0.0557, 1.2205 0.0682 0.0394, 1.2205 0.0761 0.0204, 1.2205 0.0787 -0.0, 1.2205 0.0761 -0.0204, 1.2205 0.0682 -0.0394, 1.2205 0.0557 -0.0557, 1.2205 0.0394 -0.0682, 1.2205 0.0204 -0.0761, 1.2205 -0.0 -0.0787, 1.2205 -0.0204 -0.0761, 1.2205 -0.0394 -0.0682, 1.2205 -0.0557 -0.0557, 1.2205 -0.0682 -0.0394, 1.2205 -0.0761 -0.0204, 1.2205 -0.0787 0.0, 1.2205 -0.0761 0.0204, 1.2205 -0.0682 0.0394, 1.2205 -0.0557 0.0557, 1.2205 -0.0394 0.0682, 1.2205 -0.0204 0.0761, 1.2205 -0.0204 0.0761
            ]
        }
        coordIndex [
            0,1,2,-1,2,1,3,-1,2,3,4,-1,5,6,2,-1,2,6,7,-1,2,7,0,-1,8,9,2,-1,2,9,10,-1,2,10,5,-1,11,12,2,-1,2,12,13,-1,2,13,8,-1,14,15,2,-1,2,15,16,-1,2,16,11,-1,17,18,2,-1,2,18,19,-1,2,19,14,-1,20,21,2,-1,2,21,22,-1,2,22,17,-1,4,23,2,-1,2,23,24,-1,2,24,20,-1,25,15,26,-1,26,15,14,-1,26,14,27,-1,27,14,19,-1,27,19,28,-1,28,19,18,-1,28,18,29,-1,29,18,17,-1,29,17,30,-1,30,17,22,-1,30,22,31,-1,31,22,21,-1,31,21,32,-1,32,21,20,-1,32,20,33,-1,33,20,24,-1,33,24,34,-1,34,24,23,-1,34,23,35,-1,35,23,4,-1,35,4,36,-1,36,4,3,-1,36,3,37,-1,37,3,1,-1,37,1,38,-1,38,1,0,-1,38,0,39,-1,39,0,7,-1,39,7,40,-1,40,7,6,-1,40,6,41,-1,41,6,5,-1,41,5,42,-1,42,5,10,-1,42,10,43,-1,43,10,9,-1,43,9,44,-1,44,9,8,-1,44,8,45,-1,45,8,13,-1,45,13,46,-1,46,13,12,-1,46,12,47,-1,47,12,11,-1,47,11,48,-1,48,11,16,-1,48,16,25,-1,25,16,15,-1,49,50,51,-1,51,50,52,-1,51,52,53,-1,53,52,54,-1,53,54,55,-1,55,54,56,-1,55,56,57,-1,57,56,58,-1,57,58,59,-1,59,58,60,-1,59,60,61,-1,61,60,62,-1,61,62,63,-1,63,62,64,-1,63,64,65,-1,65,64,66,-1,65,66,67,-1,67,66,68,-1,67,68,69,-1,69,68,70,-1,69,70,71,-1,71,70,72,-1,71,72,73,-1,73,72,74,-1,73,74,75,-1,75,74,76,-1,75,76,77,-1,77,76,78,-1,77,78,79,-1,79,78,80,-1,79,80,81,-1,81,80,82,-1,81,82,83,-1,83,82,84,-1,83,84,85,-1,85,84,86,-1,85,86,87,-1,87,86,88,-1,87,88,89,-1,89,88,90,-1,89,90,91,-1,91,90,92,-1,91,92,93,-1,93,92,94,-1,93,94,95,-1,95,94,96,-1,95,96,49,-1,49,96,50,-1,50,97,52,-1,52,97,98,-1,52,98,54,-1,54,98,99,-1,54,99,56,-1,56,99,100,-1,56,100,58,-1,58,100,101,-1,58,101,60,-1,60,101,102,-1,60,102,62,-1,62,102,103,-1,62,103,64,-1,64,103,104,-1,64,104,66,-1,66,104,105,-1,66,105,68,-1,68,105,106,-1,68,106,70,-1,70,106,107,-1,70,107,72,-1,72,107,108,-1,72,108,74,-1,74,108,109,-1,74,109,76,-1,76,109,110,-1,76,110,78,-1,78,110,111,-1,78,111,80,-1,80,111,112,-1,80,112,82,-1,82,112,113,-1,82,113,84,-1,84,113,114,-1,84,114,86,-1,86,114,115,-1,86,115,88,-1,88,115,116,-1,88,116,90,-1,90,116,117,-1,90,117,92,-1,92,117,118,-1,92,118,94,-1,94,118,119,-1,94,119,96,-1,96,119,120,-1,96,120,50,-1,50,120,97,-1,97,121,98,-1,98,121,122,-1,98,122,99,-1,99,122,123,-1,99,123,100,-1,100,123,124,-1,100,124,101,-1,101,124,125,-1,101,125,102,-1,102,125,126,-1,102,126,103,-1,103,126,127,-1,103,127,104,-1,104,127,128,-1,104,128,105,-1,105,128,129,-1,105,129,106,-1,106,129,130,-1,106,130,107,-1,107,130,131,-1,107,131,108,-1,108,131,132,-1,108,132,109,-1,109,132,133,-1,109,133,110,-1,110,133,134,-1,110,134,111,-1,111,134,135,-1,111,135,112,-1,112,135,136,-1,112,136,113,-1,113,136,137,-1,113,137,114,-1,114,137,138,-1,114,138,115,-1,115,138,139,-1,115,139,116,-1,116,139,140,-1,116,140,117,-1,117,140,141,-1,117,141,118,-1,118,141,142,-1,118,142,119,-1,119,142,143,-1,119,143,120,-1,120,143,144,-1,120,144,97,-1,97,144,121,-1,121,145,122,-1,122,145,146,-1,122,146,123,-1,123,146,147,-1,123,147,124,-1,124,147,148,-1,124,148,125,-1,125,148,149,-1,125,149,126,-1,126,149,150,-1,126,150,127,-1,127,150,151,-1,127,151,128,-1,128,151,152,-1,128,152,129,-1,129,152,153,-1,129,153,130,-1,130,153,154,-1,130,154,131,-1,131,154,155,-1,131,155,132,-1,132,155,156,-1,132,156,133,-1,133,156,157,-1,133,157,134,-1,134,157,158,-1,134,158,135,-1,135,158,159,-1,135,159,136,-1,136,159,160,-1,136,160,137,-1,137,160,161,-1,137,161,138,-1,138,161,162,-1,138,162,139,-1,139,162,163,-1,139,163,140,-1,140,163,164,-1,140,164,141,-1,141,164,165,-1,141,165,142,-1,142,165,166,-1,142,166,143,-1,143,166,167,-1,143,167,144,-1,144,167,168,-1,144,168,121,-1,121,168,145,-1,145,169,146,-1,146,169,170,-1,146,170,147,-1,147,170,171,-1,147,171,148,-1,148,171,172,-1,148,172,149,-1,149,172,173,-1,149,173,150,-1,150,173,174,-1,150,174,151,-1,151,174,175,-1,151,175,152,-1,152,175,176,-1,152,176,153,-1,153,176,177,-1,153,177,154,-1,154,177,178,-1,154,178,155,-1,155,178,179,-1,155,179,156,-1,156,179,180,-1,156,180,157,-1,157,180,181,-1,157,181,158,-1,158,181,182,-1,158,182,159,-1,159,182,183,-1,159,183,160,-1,160,183,184,-1,160,184,161,-1,161,184,185,-1,161,185,162,-1,162,185,186,-1,162,186,163,-1,163,186,187,-1,163,187,164,-1,164,187,188,-1,164,188,165,-1,165,188,189,-1,165,189,166,-1,166,189,190,-1,166,190,167,-1,167,190,191,-1,167,191,168,-1,168,191,192,-1,168,192,145,-1,145,192,169,-1,169,193,170,-1,170,193,194,-1,170,194,171,-1,171,194,195,-1,171,195,172,-1,172,195,196,-1,172,196,173,-1,173,196,197,-1,173,197,174,-1,174,197,198,-1,174,198,175,-1,175,198,199,-1,175,199,176,-1,176,199,200,-1,176,200,177,-1,177,200,201,-1,177,201,178,-1,178,201,202,-1,178,202,179,-1,179,202,203,-1,179,203,180,-1,180,203,204,-1,180,204,181,-1,181,204,205,-1,181,205,182,-1,182,205,206,-1,182,206,183,-1,183,206,207,-1,183,207,184,-1,184,207,208,-1,184,208,185,-1,185,208,209,-1,185,209,186,-1,186,209,210,-1,186,210,187,-1,187,210,211,-1,187,211,188,-1,188,211,212,-1,188,212,189,-1,189,212,213,-1,189,213,190,-1,190,213,214,-1,190,214,191,-1,191,214,215,-1,191,215,192,-1,192,215,216,-1,192,216,169,-1,169,216,193,-1,193,217,194,-1,194,217,218,-1,194,218,195,-1,195,218,219,-1,195,219,196,-1,196,219,220,-1,196,220,197,-1,197,220,221,-1,197,221,198,-1,198,221,222,-1,198,222,199,-1,199,222,223,-1,199,223,200,-1,200,223,224,-1,200,224,201,-1,201,224,225,-1,201,225,202,-1,202,225,226,-1,202,226,203,-1,203,226,227,-1,203,227,204,-1,204,227,228,-1,204,228,205,-1,205,228,229,-1,205,229,206,-1,206,229,230,-1,206,230,207,-1,207,230,231,-1,207,231,208,-1,208,231,232,-1,208,232,209,-1,209,232,233,-1,209,233,210,-1,210,233,234,-1,210,234,211,-1,211,234,235,-1,211,235,212,-1,212,235,236,-1,212,236,213,-1,213,236,237,-1,213,237,214,-1,214,237,238,-1,214,238,215,-1,215,238,239,-1,215,239,216,-1,216,239,240,-1,216,240,193,-1,193,240,217,-1,217,37,218,-1,218,37,38,-1,218,38,219,-1,219,38,39,-1,219,39,220,-1,220,39,40,-1,220,40,221,-1,221,40,41,-1,221,41,222,-1,222,41,42,-1,222,42,223,-1,223,42,43,-1,223,43,224,-1,224,43,44,-1,224,44,225,-1,225,44,45,-1,225,45,226,-1,226,45,46,-1,226,46,227,-1,227,46,47,-1,227,47,228,-1,228,47,48,-1,228,48,229,-1,229,48,25,-1,229,25,230,-1,230,25,26,-1,230,26,231,-1,231,26,27,-1,231,27,232,-1,232,27,28,-1,232,28,233,-1,233,28,29,-1,233,29,234,-1,234,29,30,-1,234,30,235,-1,235,30,31,-1,235,31,236,-1,236,31,32,-1,236,32,237,-1,237,32,33,-1,237,33,238,-1,238,33,34,-1,238,34,239,-1,239,34,35,-1,239,35,240,-1,240,35,36,-1,240,36,217,-1,217,36,37,-1,241,75,242,-1,242,75,77,-1,242,77,243,-1,243,77,79,-1,243,79,244,-1,244,79,81,-1,244,81,245,-1,245,81,83,-1,245,83,246,-1,246,83,85,-1,246,85,247,-1,247,85,87,-1,247,87,248,-1,248,87,89,-1,248,89,249,-1,249,89,91,-1,249,91,250,-1,250,91,93,-1,250,93,251,-1,251,93,95,-1,251,95,252,-1,252,95,49,-1,252,49,253,-1,253,49,51,-1,253,51,254,-1,254,51,53,-1,254,53,255,-1,255,53,55,-1,255,55,256,-1,256,55,57,-1,256,57,257,-1,257,57,59,-1,257,59,258,-1,258,59,61,-1,258,61,259,-1,259,61,63,-1,259,63,260,-1,260,63,65,-1,260,65,261,-1,261,65,67,-1,261,67,262,-1,262,67,69,-1,262,69,263,-1,263,69,71,-1,263,71,264,-1,264,71,73,-1,264,73,241,-1,241,73,75,-1,
        ]
    }
}
Shape{
    appearance Appearance {
        material  Material 	{
            diffuseColor 0.37254901960784315 0.9490196078431372 1.0
            specularColor 0.18823529411764706 0.4745098039215686 0.5019607843137255
            ambientIntensity 0.2
            transparency 0
            shininess 0.5
        }
    }
    geometry IndexedFaceSet {
        ccw TRUE
        solid FALSE
        coord DEF co Coordinate {
            point [
                1.1417 -0.404 0.3431, 1.1621 -0.4206 0.3206, 1.1417 -0.3686 0.383, 1.1621 -0.3667 0.381, 1.1417 -0.3209 0.4222, 1.1621 -0.3042 0.4325, 1.1417 -0.3058 0.4347, 1.1621 -0.2346 0.4739, 1.1417 -0.2358 0.4763, 1.1417 -0.4227 0.3222, 1.1417 -0.4669 0.2539, 1.1621 -0.4646 0.2526, 1.1417 -0.4692 0.2488, 1.1621 -0.4977 0.1787, 1.1417 -0.5002 0.1797, 1.1417 -0.5106 0.1418, 1.1621 -0.5191 0.1007, 1.1417 -0.5218 0.1012, 1.1417 -0.5301 0.0287, 1.1621 -0.5284 0.0203, 1.1417 -0.5311 0.0204, 1.1417 -0.528 -0.061, 1.1621 -0.5253 -0.0606, 1.1417 -0.5232 -0.0857, 1.1621 -0.5099 -0.1401, 1.1417 -0.5125 -0.1408, 1.1621 -0.4825 -0.2163, 1.1417 -0.4926 -0.1963, 1.1417 -0.485 -0.2174, 1.1417 -0.4461 -0.2889, 1.1621 -0.4439 -0.2874, 1.1417 -0.4393 -0.2978, 1.1621 -0.3948 -0.3518, 1.1417 -0.3968 -0.3536, 1.1621 -0.3365 -0.408, 1.1417 -0.3644 -0.3848, 1.1417 -0.3382 -0.41, 1.1417 -0.2739 -0.4552, 1.1621 -0.2702 -0.4546, 1.1417 -0.2716 -0.4569, 1.1417 -0.1987 -0.493, 1.1621 -0.1977 -0.4905, 1.1417 -0.1693 -0.5023, 1.1621 -0.1205 -0.5149, 1.1417 -0.1211 -0.5175, 1.1621 -0.0405 -0.5273, 1.1417 -0.0573 -0.5274, 1.1417 -0.0407 -0.5299, 1.1417 0.0407 -0.5299, 1.1621 0.0405 -0.5273, 1.1417 0.0573 -0.5274, 1.1621 0.1205 -0.5149, 1.1417 0.1211 -0.5175, 1.1621 0.1977 -0.4905, 1.1417 0.1693 -0.5023, 1.1417 0.1987 -0.493, 1.1417 0.2716 -0.4569, 1.1621 0.2702 -0.4546, 1.1417 0.2739 -0.4552, 1.1621 0.3365 -0.408, 1.1417 0.3382 -0.41, 1.1417 0.3644 -0.3848, 1.1621 0.3948 -0.3518, 1.1417 0.3968 -0.3536, 1.1417 0.4393 -0.2978, 1.1621 0.4439 -0.2874, 1.1417 0.4461 -0.2889, 1.1417 0.485 -0.2174, 1.1621 0.4825 -0.2163, 1.1417 0.4926 -0.1963, 1.1621 0.5099 -0.1401, 1.1417 0.5125 -0.1408, 1.1621 0.5253 -0.0606, 1.1417 0.5232 -0.0857, 1.1417 0.528 -0.061, 1.1417 0.5311 0.0204, 1.1621 0.5284 0.0203, 1.1417 0.5301 0.0287, 1.1621 0.5191 0.1007, 1.1417 0.5218 0.1012, 1.1621 0.4977 0.1787, 1.1417 0.5106 0.1418, 1.1417 0.5002 0.1797, 1.1417 0.4692 0.2488, 1.1621 0.4646 0.2526, 1.1417 0.4669 0.2539, 1.1417 0.4227 0.3222, 1.1621 0.4206 0.3206, 1.1417 0.404 0.3431, 1.1621 0.3667 0.381, 1.1417 0.3686 0.383, 1.1621 0.3042 0.4325, 1.1417 0.3209 0.4222, 1.1417 0.3058 0.4347, 1.1417 0.2358 0.4763, 1.1621 0.2346 0.4739, 1.1417 0.2228 0.4815, 1.1621 0.1596 0.5042, 1.1417 0.1604 0.5067, 1.1621 0.0807 0.5226, 1.1417 0.1139 0.5176, 1.1417 0.0811 0.5253, 1.1417 0.0 0.5315, 1.1621 0.0 0.5288, 1.1417 -0.0811 0.5253, 1.1621 -0.0807 0.5226, 1.1417 -0.1139 0.5176, 1.1621 -0.1596 0.5042, 1.1417 -0.1604 0.5067, 1.1417 -0.2228 0.4815, 1.1811 0.0795 0.5148, 1.1811 0.1572 0.4967, 1.1811 0.2312 0.4669, 1.1811 0.2997 0.4261, 1.1811 0.3612 0.3754, 1.1811 0.4143 0.3158, 1.1811 0.4577 0.2489, 1.1811 0.4903 0.1761, 1.1811 0.5114 0.0992, 1.1811 0.5206 0.02, 1.1811 0.5175 -0.0597, 1.1811 0.5023 -0.138, 1.1811 0.4754 -0.2131, 1.1811 0.4373 -0.2832, 1.1811 0.3889 -0.3466, 1.1811 0.3314 -0.4019, 1.1811 0.2662 -0.4478, 1.1811 0.1947 -0.4832, 1.1811 0.1187 -0.5072, 1.1811 0.0399 -0.5194, 1.1811 -0.0399 -0.5194, 1.1811 -0.1187 -0.5072, 1.1811 -0.1947 -0.4832, 1.1811 -0.2662 -0.4478, 1.1811 -0.3314 -0.4019, 1.1811 -0.3889 -0.3466, 1.1811 -0.4373 -0.2832, 1.1811 -0.4754 -0.2131, 1.1811 -0.5023 -0.138, 1.1811 -0.5175 -0.0597, 1.1811 -0.5206 0.02, 1.1811 -0.5114 0.0992, 1.1811 -0.4903 0.1761, 1.1811 -0.4577 0.2489, 1.1811 -0.4143 0.3158, 1.1811 -0.3612 0.3754, 1.1811 -0.2997 0.4261, 1.1811 -0.2312 0.4669, 1.1811 -0.1572 0.4967, 1.1811 -0.0795 0.5148, 1.1811 0.0 0.5209, 1.1974 0.0776 0.5025, 1.1974 0.1534 0.4847, 1.1974 0.2256 0.4556, 1.1974 0.2925 0.4159, 1.1974 0.3526 0.3663, 1.1974 0.4044 0.3082, 1.1974 0.4467 0.2429, 1.1974 0.4785 0.1719, 1.1974 0.4991 0.0968, 1.1974 0.5081 0.0195, 1.1974 0.5051 -0.0583, 1.1974 0.4903 -0.1347, 1.1974 0.4639 -0.208, 1.1974 0.4268 -0.2764, 1.1974 0.3796 -0.3383, 1.1974 0.3235 -0.3923, 1.1974 0.2598 -0.437, 1.1974 0.1901 -0.4716, 1.1974 0.1158 -0.4951, 1.1974 0.0389 -0.5069, 1.1974 -0.0389 -0.5069, 1.1974 -0.1158 -0.4951, 1.1974 -0.1901 -0.4716, 1.1974 -0.2598 -0.437, 1.1974 -0.3235 -0.3923, 1.1974 -0.3796 -0.3383, 1.1974 -0.4268 -0.2764, 1.1974 -0.4639 -0.208, 1.1974 -0.4903 -0.1347, 1.1974 -0.5051 -0.0583, 1.1974 -0.5081 0.0195, 1.1974 -0.4991 0.0968, 1.1974 -0.4785 0.1719, 1.1974 -0.4467 0.2429, 1.1974 -0.4044 0.3082, 1.1974 -0.3526 0.3663, 1.1974 -0.2925 0.4159, 1.1974 -0.2256 0.4556, 1.1974 -0.1534 0.4847, 1.1974 -0.0776 0.5025, 1.1974 0.0 0.5084, 1.2099 0.0751 0.4864, 1.2099 0.1485 0.4692, 1.2099 0.2184 0.441, 1.2099 0.2831 0.4025, 1.2099 0.3413 0.3546, 1.2099 0.3914 0.2983, 1.2099 0.4323 0.2351, 1.2099 0.4632 0.1663, 1.2099 0.4831 0.0937, 1.2099 0.4918 0.0188, 1.2099 0.4889 -0.0564, 1.2099 0.4745 -0.1304, 1.2099 0.4491 -0.2013, 1.2099 0.4131 -0.2675, 1.2099 0.3674 -0.3274, 1.2099 0.3131 -0.3797, 1.2099 0.2515 -0.423, 1.2099 0.184 -0.4564, 1.2099 0.1121 -0.4792, 1.2099 0.0377 -0.4907, 1.2099 -0.0377 -0.4907, 1.2099 -0.1121 -0.4792, 1.2099 -0.184 -0.4564, 1.2099 -0.2515 -0.423, 1.2099 -0.3131 -0.3797, 1.2099 -0.3674 -0.3274, 1.2099 -0.4131 -0.2675, 1.2099 -0.4491 -0.2013, 1.2099 -0.4745 -0.1304, 1.2099 -0.4889 -0.0564, 1.2099 -0.4918 0.0188, 1.2099 -0.4831 0.0937, 1.2099 -0.4632 0.1663, 1.2099 -0.4323 0.2351, 1.2099 -0.3914 0.2983, 1.2099 -0.3413 0.3546, 1.2099 -0.2831 0.4025, 1.2099 -0.2184 0.441, 1.2099 -0.1485 0.4692, 1.2099 -0.0751 0.4864, 1.2099 0.0 0.4921, 1.2178 0.0722 0.4676, 1.2178 0.1428 0.4511, 1.2178 0.2099 0.424, 1.2178 0.2722 0.387, 1.2178 0.3281 0.3409, 1.2178 0.3763 0.2868, 1.2178 0.4157 0.226, 1.2178 0.4453 0.1599, 1.2178 0.4645 0.0901, 1.2178 0.4728 0.0181, 1.2178 0.47 -0.0543, 1.2178 0.4562 -0.1254, 1.2178 0.4317 -0.1935, 1.2178 0.3971 -0.2572, 1.2178 0.3532 -0.3148, 1.2178 0.301 -0.365, 1.2178 0.2418 -0.4067, 1.2178 0.1769 -0.4388, 1.2178 0.1078 -0.4607, 1.2178 0.0362 -0.4717, 1.2178 -0.0362 -0.4717, 1.2178 -0.1078 -0.4607, 1.2178 -0.1769 -0.4388, 1.2178 -0.2418 -0.4067, 1.2178 -0.301 -0.365, 1.2178 -0.3532 -0.3148, 1.2178 -0.3971 -0.2572, 1.2178 -0.4317 -0.1935, 1.2178 -0.4562 -0.1254, 1.2178 -0.47 -0.0543, 1.2178 -0.4728 0.0181, 1.2178 -0.4645 0.0901, 1.2178 -0.4453 0.1599, 1.2178 -0.4157 0.226, 1.2178 -0.3763 0.2868, 1.2178 -0.3281 0.3409, 1.2178 -0.2722 0.387, 1.2178 -0.2099 0.424, 1.2178 -0.1428 0.4511, 1.2178 -0.0722 0.4676, 1.2178 0.0 0.4731, 1.2205 0.0691 0.4474, 1.2205 0.1366 0.4317, 1.2205 0.2009 0.4057, 1.2205 0.2605 0.3703, 1.2205 0.314 0.3262, 1.2205 0.3601 0.2745, 1.2205 0.3978 0.2163, 1.2205 0.4261 0.153, 1.2205 0.4445 0.0862, 1.2205 0.4524 0.0173, 1.2205 0.4498 -0.0519, 1.2205 0.4366 -0.12, 1.2205 0.4131 -0.1852, 1.2205 0.38 -0.2461, 1.2205 0.338 -0.3012, 1.2205 0.2881 -0.3493, 1.2205 0.2314 -0.3892, 1.2205 0.1692 -0.4199, 1.2205 0.1032 -0.4408, 1.2205 0.0347 -0.4514, 1.2205 -0.0347 -0.4514, 1.2205 -0.1032 -0.4408, 1.2205 -0.1692 -0.4199, 1.2205 -0.2314 -0.3892, 1.2205 -0.2881 -0.3493, 1.2205 -0.338 -0.3012, 1.2205 -0.38 -0.2461, 1.2205 -0.4131 -0.1852, 1.2205 -0.4366 -0.12, 1.2205 -0.4498 -0.0519, 1.2205 -0.4524 0.0173, 1.2205 -0.4445 0.0862, 1.2205 -0.4261 0.153, 1.2205 -0.3978 0.2163, 1.2205 -0.3601 0.2745, 1.2205 -0.314 0.3262, 1.2205 -0.2605 0.3703, 1.2205 -0.2009 0.4057, 1.2205 -0.1366 0.4317, 1.2205 -0.0691 0.4474, 1.2205 0.0 0.4528, 0.748 -0.4668 0.2475, 0.748 -0.4399 0.2983, 0.748 -0.4027 0.3421, 0.748 -0.3655 0.3859, 0.748 -0.3198 0.4206, 0.748 -0.5214 -0.0855, 0.748 -0.5307 -0.0288, 0.748 -0.5276 0.0286, 0.748 -0.5245 0.086, 0.748 -0.5091 0.1414, 0.748 -0.4937 0.1967, 0.748 -0.4373 -0.2965, 0.748 -0.4696 -0.249, 0.748 -0.4909 -0.1956, 0.748 -0.5121 -0.1422, 0.748 -0.2232 -0.4824, 0.748 -0.2724 -0.4527, 0.748 -0.3216 -0.4231, 0.748 -0.3634 -0.3836, 0.748 -0.4051 -0.3441, 0.748 0.0571 -0.5253, 0.748 0.0 -0.5315, 0.748 -0.0571 -0.5253, 0.748 -0.1143 -0.5191, 0.748 -0.1687 -0.5007, 0.748 0.2724 -0.4527, 0.748 0.2232 -0.4824, 0.748 0.1687 -0.5007, 0.748 0.1143 -0.5191, 0.748 0.4909 -0.1956, 0.748 0.4696 -0.249, 0.748 0.4373 -0.2965, 0.748 0.4051 -0.3441, 0.748 0.3634 -0.3836, 0.748 0.3216 -0.4231, 0.748 0.5276 0.0286, 0.748 0.5307 -0.0288, 0.748 0.5214 -0.0855, 0.748 0.5121 -0.1422, 0.748 0.4027 0.3421, 0.748 0.4399 0.2983, 0.748 0.4668 0.2475, 0.748 0.4937 0.1967, 0.748 0.5091 0.1414, 0.748 0.5245 0.086, 0.748 0.2219 0.4795, 0.748 0.274 0.4554, 0.748 0.3198 0.4206, 0.748 0.3655 0.3859, 0.748 -0.274 0.4554, 0.748 -0.2219 0.4795, 0.748 -0.1697 0.5037, 0.748 -0.1136 0.516, 0.748 -0.0575 0.5284, 0.748 0.0 0.5315, 0.748 0.0575 0.5284, 0.748 0.1136 0.516, 0.748 0.1697 0.5037, 0.7283 0.0 -0.5118, 0.7283 -0.11 -0.4998, 0.7283 -0.2149 -0.4645, 0.7283 -0.3097 -0.4074, 0.7283 -0.3901 -0.3313, 0.7283 -0.4522 -0.2397, 0.7283 -0.4932 -0.1369, 0.7283 -0.5111 -0.0277, 0.7283 -0.5051 0.0828, 0.7283 -0.4755 0.1894, 0.7283 -0.4236 0.2872, 0.7283 -0.352 0.3716, 0.7283 -0.2639 0.4385, 0.7283 -0.1634 0.485, 0.7283 -0.0553 0.5088, 0.7283 0.0 0.5118, 0.7283 0.0553 0.5088, 0.7283 0.1634 0.485, 0.7283 0.2639 0.4385, 0.7283 0.352 0.3716, 0.7283 0.4236 0.2872, 0.7283 0.4755 0.1894, 0.7283 0.5051 0.0828, 0.7283 0.5111 -0.0277, 0.7283 0.4932 -0.1369, 0.7283 0.4522 -0.2397, 0.7283 0.3901 -0.3313, 0.7283 0.3097 -0.4074, 0.7283 0.2149 -0.4645, 0.7283 0.11 -0.4998, 0.7283 0.11 -0.4998
            ]
        }
        coordIndex [
            0,1,2,-1,2,1,3,-1,2,3,4,-1,4,3,5,-1,4,5,6,-1,6,5,7,-1,6,7,8,-1,0,9,1,-1,1,9,10,-1,1,10,11,-1,11,10,12,-1,11,12,13,-1,12,14,13,-1,13,14,15,-1,13,15,16,-1,15,17,16,-1,16,17,18,-1,16,18,19,-1,18,20,19,-1,19,20,21,-1,19,21,22,-1,22,21,23,-1,22,23,24,-1,24,23,25,-1,24,25,26,-1,26,25,27,-1,27,28,26,-1,26,28,29,-1,26,29,30,-1,30,29,31,-1,30,31,32,-1,32,31,33,-1,32,33,34,-1,34,33,35,-1,35,36,34,-1,34,36,37,-1,34,37,38,-1,37,39,38,-1,38,39,40,-1,38,40,41,-1,41,40,42,-1,41,42,43,-1,43,42,44,-1,43,44,45,-1,45,44,46,-1,46,47,45,-1,45,47,48,-1,45,48,49,-1,49,48,50,-1,49,50,51,-1,51,50,52,-1,51,52,53,-1,53,52,54,-1,54,55,53,-1,53,55,56,-1,53,56,57,-1,57,56,58,-1,57,58,59,-1,58,60,59,-1,59,60,61,-1,59,61,62,-1,61,63,62,-1,62,63,64,-1,62,64,65,-1,64,66,65,-1,65,66,67,-1,65,67,68,-1,68,67,69,-1,68,69,70,-1,70,69,71,-1,70,71,72,-1,72,71,73,-1,73,74,72,-1,72,74,75,-1,72,75,76,-1,76,75,77,-1,76,77,78,-1,78,77,79,-1,78,79,80,-1,80,79,81,-1,81,82,80,-1,80,82,83,-1,80,83,84,-1,83,85,84,-1,84,85,86,-1,84,86,87,-1,87,86,88,-1,87,88,89,-1,89,88,90,-1,89,90,91,-1,91,90,92,-1,92,93,91,-1,91,93,94,-1,91,94,95,-1,95,94,96,-1,95,96,97,-1,97,96,98,-1,97,98,99,-1,99,98,100,-1,100,101,99,-1,99,101,102,-1,99,102,103,-1,103,102,104,-1,103,104,105,-1,105,104,106,-1,105,106,107,-1,107,106,108,-1,107,108,7,-1,7,108,109,-1,7,109,8,-1,103,110,99,-1,99,110,111,-1,99,111,97,-1,97,111,112,-1,97,112,95,-1,95,112,113,-1,95,113,91,-1,91,113,114,-1,91,114,89,-1,89,114,115,-1,89,115,87,-1,87,115,116,-1,87,116,84,-1,84,116,117,-1,84,117,80,-1,80,117,118,-1,80,118,78,-1,78,118,119,-1,78,119,76,-1,76,119,120,-1,76,120,72,-1,72,120,121,-1,72,121,70,-1,70,121,122,-1,70,122,68,-1,68,122,123,-1,68,123,65,-1,65,123,124,-1,65,124,62,-1,62,124,125,-1,62,125,59,-1,59,125,126,-1,59,126,57,-1,57,126,127,-1,57,127,53,-1,53,127,128,-1,53,128,51,-1,51,128,129,-1,51,129,49,-1,49,129,130,-1,49,130,45,-1,45,130,131,-1,45,131,43,-1,43,131,132,-1,43,132,41,-1,41,132,133,-1,41,133,38,-1,38,133,134,-1,38,134,34,-1,34,134,135,-1,34,135,32,-1,32,135,136,-1,32,136,30,-1,30,136,137,-1,30,137,26,-1,26,137,138,-1,26,138,24,-1,24,138,139,-1,24,139,22,-1,22,139,140,-1,22,140,19,-1,19,140,141,-1,19,141,16,-1,16,141,142,-1,16,142,13,-1,13,142,143,-1,13,143,11,-1,11,143,144,-1,11,144,1,-1,1,144,145,-1,1,145,3,-1,3,145,146,-1,3,146,5,-1,5,146,147,-1,5,147,7,-1,7,147,148,-1,7,148,107,-1,107,148,149,-1,107,149,105,-1,105,149,150,-1,105,150,103,-1,103,150,110,-1,150,151,110,-1,110,151,152,-1,110,152,111,-1,111,152,153,-1,111,153,112,-1,112,153,154,-1,112,154,113,-1,113,154,155,-1,113,155,114,-1,114,155,156,-1,114,156,115,-1,115,156,157,-1,115,157,116,-1,116,157,158,-1,116,158,117,-1,117,158,159,-1,117,159,118,-1,118,159,160,-1,118,160,119,-1,119,160,161,-1,119,161,120,-1,120,161,162,-1,120,162,121,-1,121,162,163,-1,121,163,122,-1,122,163,164,-1,122,164,123,-1,123,164,165,-1,123,165,124,-1,124,165,166,-1,124,166,125,-1,125,166,167,-1,125,167,126,-1,126,167,168,-1,126,168,127,-1,127,168,169,-1,127,169,128,-1,128,169,170,-1,128,170,129,-1,129,170,171,-1,129,171,130,-1,130,171,172,-1,130,172,131,-1,131,172,173,-1,131,173,132,-1,132,173,174,-1,132,174,133,-1,133,174,175,-1,133,175,134,-1,134,175,176,-1,134,176,135,-1,135,176,177,-1,135,177,136,-1,136,177,178,-1,136,178,137,-1,137,178,179,-1,137,179,138,-1,138,179,180,-1,138,180,139,-1,139,180,181,-1,139,181,140,-1,140,181,182,-1,140,182,141,-1,141,182,183,-1,141,183,142,-1,142,183,184,-1,142,184,143,-1,143,184,185,-1,143,185,144,-1,144,185,186,-1,144,186,145,-1,145,186,187,-1,145,187,146,-1,146,187,188,-1,146,188,147,-1,147,188,189,-1,147,189,148,-1,148,189,190,-1,148,190,149,-1,149,190,191,-1,149,191,150,-1,150,191,151,-1,191,192,151,-1,151,192,193,-1,151,193,152,-1,152,193,194,-1,152,194,153,-1,153,194,195,-1,153,195,154,-1,154,195,196,-1,154,196,155,-1,155,196,197,-1,155,197,156,-1,156,197,198,-1,156,198,157,-1,157,198,199,-1,157,199,158,-1,158,199,200,-1,158,200,159,-1,159,200,201,-1,159,201,160,-1,160,201,202,-1,160,202,161,-1,161,202,203,-1,161,203,162,-1,162,203,204,-1,162,204,163,-1,163,204,205,-1,163,205,164,-1,164,205,206,-1,164,206,165,-1,165,206,207,-1,165,207,166,-1,166,207,208,-1,166,208,167,-1,167,208,209,-1,167,209,168,-1,168,209,210,-1,168,210,169,-1,169,210,211,-1,169,211,170,-1,170,211,212,-1,170,212,171,-1,171,212,213,-1,171,213,172,-1,172,213,214,-1,172,214,173,-1,173,214,215,-1,173,215,174,-1,174,215,216,-1,174,216,175,-1,175,216,217,-1,175,217,176,-1,176,217,218,-1,176,218,177,-1,177,218,219,-1,177,219,178,-1,178,219,220,-1,178,220,179,-1,179,220,221,-1,179,221,180,-1,180,221,222,-1,180,222,181,-1,181,222,223,-1,181,223,182,-1,182,223,224,-1,182,224,183,-1,183,224,225,-1,183,225,184,-1,184,225,226,-1,184,226,185,-1,185,226,227,-1,185,227,186,-1,186,227,228,-1,186,228,187,-1,187,228,229,-1,187,229,188,-1,188,229,230,-1,188,230,189,-1,189,230,231,-1,189,231,190,-1,190,231,232,-1,190,232,191,-1,191,232,192,-1,232,233,192,-1,192,233,234,-1,192,234,193,-1,193,234,235,-1,193,235,194,-1,194,235,236,-1,194,236,195,-1,195,236,237,-1,195,237,196,-1,196,237,238,-1,196,238,197,-1,197,238,239,-1,197,239,198,-1,198,239,240,-1,198,240,199,-1,199,240,241,-1,199,241,200,-1,200,241,242,-1,200,242,201,-1,201,242,243,-1,201,243,202,-1,202,243,244,-1,202,244,203,-1,203,244,245,-1,203,245,204,-1,204,245,246,-1,204,246,205,-1,205,246,247,-1,205,247,206,-1,206,247,248,-1,206,248,207,-1,207,248,249,-1,207,249,208,-1,208,249,250,-1,208,250,209,-1,209,250,251,-1,209,251,210,-1,210,251,252,-1,210,252,211,-1,211,252,253,-1,211,253,212,-1,212,253,254,-1,212,254,213,-1,213,254,255,-1,213,255,214,-1,214,255,256,-1,214,256,215,-1,215,256,257,-1,215,257,216,-1,216,257,258,-1,216,258,217,-1,217,258,259,-1,217,259,218,-1,218,259,260,-1,218,260,219,-1,219,260,261,-1,219,261,220,-1,220,261,262,-1,220,262,221,-1,221,262,263,-1,221,263,222,-1,222,263,264,-1,222,264,223,-1,223,264,265,-1,223,265,224,-1,224,265,266,-1,224,266,225,-1,225,266,267,-1,225,267,226,-1,226,267,268,-1,226,268,227,-1,227,268,269,-1,227,269,228,-1,228,269,270,-1,228,270,229,-1,229,270,271,-1,229,271,230,-1,230,271,272,-1,230,272,231,-1,231,272,273,-1,231,273,232,-1,232,273,233,-1,273,274,233,-1,233,274,275,-1,233,275,234,-1,234,275,276,-1,234,276,235,-1,235,276,277,-1,235,277,236,-1,236,277,278,-1,236,278,237,-1,237,278,279,-1,237,279,238,-1,238,279,280,-1,238,280,239,-1,239,280,281,-1,239,281,240,-1,240,281,282,-1,240,282,241,-1,241,282,283,-1,241,283,242,-1,242,283,284,-1,242,284,243,-1,243,284,285,-1,243,285,244,-1,244,285,286,-1,244,286,245,-1,245,286,287,-1,245,287,246,-1,246,287,288,-1,246,288,247,-1,247,288,289,-1,247,289,248,-1,248,289,290,-1,248,290,249,-1,249,290,291,-1,249,291,250,-1,250,291,292,-1,250,292,251,-1,251,292,293,-1,251,293,252,-1,252,293,294,-1,252,294,253,-1,253,294,295,-1,253,295,254,-1,254,295,296,-1,254,296,255,-1,255,296,297,-1,255,297,256,-1,256,297,298,-1,256,298,257,-1,257,298,299,-1,257,299,258,-1,258,299,300,-1,258,300,259,-1,259,300,301,-1,259,301,260,-1,260,301,302,-1,260,302,261,-1,261,302,303,-1,261,303,262,-1,262,303,304,-1,262,304,263,-1,263,304,305,-1,263,305,264,-1,264,305,306,-1,264,306,265,-1,265,306,307,-1,265,307,266,-1,266,307,308,-1,266,308,267,-1,267,308,309,-1,267,309,268,-1,268,309,310,-1,268,310,269,-1,269,310,311,-1,269,311,270,-1,270,311,312,-1,270,312,271,-1,271,312,313,-1,271,313,272,-1,272,313,314,-1,272,314,273,-1,273,314,274,-1,315,10,316,-1,316,10,9,-1,316,9,317,-1,317,9,0,-1,317,0,318,-1,318,0,2,-1,318,2,319,-1,320,21,321,-1,321,21,20,-1,321,20,322,-1,322,20,18,-1,322,18,323,-1,323,18,17,-1,323,17,324,-1,324,17,15,-1,324,15,325,-1,325,15,14,-1,325,14,315,-1,315,14,12,-1,315,12,10,-1,326,29,327,-1,327,29,28,-1,327,28,328,-1,328,28,27,-1,328,27,329,-1,329,27,25,-1,329,25,320,-1,320,25,23,-1,320,23,21,-1,330,39,331,-1,331,39,37,-1,331,37,332,-1,332,37,36,-1,332,36,333,-1,333,36,35,-1,333,35,334,-1,334,35,33,-1,334,33,326,-1,326,33,31,-1,326,31,29,-1,335,48,336,-1,336,48,47,-1,336,47,337,-1,337,47,46,-1,337,46,338,-1,338,46,44,-1,338,44,339,-1,339,44,42,-1,339,42,330,-1,330,42,40,-1,330,40,39,-1,340,56,341,-1,341,56,55,-1,341,55,342,-1,342,55,54,-1,342,54,343,-1,343,54,52,-1,343,52,335,-1,335,52,50,-1,335,50,48,-1,344,67,345,-1,345,67,66,-1,345,66,346,-1,346,66,64,-1,346,64,347,-1,347,64,63,-1,347,63,348,-1,348,63,61,-1,348,61,349,-1,349,61,60,-1,349,60,340,-1,340,60,58,-1,340,58,56,-1,350,75,351,-1,351,75,74,-1,351,74,352,-1,352,74,73,-1,352,73,353,-1,353,73,71,-1,353,71,344,-1,344,71,69,-1,344,69,67,-1,354,86,355,-1,355,86,85,-1,355,85,356,-1,356,85,83,-1,356,83,357,-1,357,83,82,-1,357,82,358,-1,358,82,81,-1,358,81,359,-1,359,81,79,-1,359,79,350,-1,350,79,77,-1,350,77,75,-1,360,94,361,-1,361,94,93,-1,361,93,362,-1,362,93,92,-1,362,92,363,-1,363,92,90,-1,363,90,354,-1,354,90,88,-1,354,88,86,-1,2,4,319,-1,319,4,6,-1,319,6,364,-1,364,6,8,-1,364,8,365,-1,365,8,109,-1,365,109,366,-1,366,109,108,-1,366,108,367,-1,367,108,106,-1,367,106,368,-1,368,106,104,-1,368,104,369,-1,369,104,102,-1,369,102,370,-1,370,102,101,-1,370,101,371,-1,371,101,100,-1,371,100,372,-1,372,100,98,-1,372,98,360,-1,360,98,96,-1,360,96,94,-1,373,336,337,-1,373,337,374,-1,374,337,338,-1,374,338,375,-1,338,339,375,-1,375,339,330,-1,375,330,376,-1,330,331,376,-1,376,331,332,-1,376,332,377,-1,377,332,333,-1,333,334,377,-1,377,334,326,-1,377,326,378,-1,378,326,327,-1,378,327,379,-1,327,328,379,-1,379,328,329,-1,379,329,380,-1,329,320,380,-1,380,320,321,-1,380,321,381,-1,321,322,381,-1,381,322,323,-1,381,323,382,-1,323,324,382,-1,382,324,325,-1,382,325,383,-1,325,315,383,-1,383,315,316,-1,383,316,384,-1,384,316,317,-1,317,318,384,-1,384,318,319,-1,384,319,385,-1,319,364,385,-1,385,364,365,-1,385,365,386,-1,365,366,386,-1,386,366,367,-1,386,367,387,-1,387,367,368,-1,387,368,388,-1,388,368,369,-1,388,369,389,-1,389,369,370,-1,389,370,390,-1,370,371,390,-1,390,371,372,-1,390,372,391,-1,372,360,391,-1,391,360,361,-1,391,361,392,-1,361,362,392,-1,392,362,363,-1,392,363,393,-1,363,354,393,-1,393,354,355,-1,393,355,394,-1,355,356,394,-1,394,356,357,-1,394,357,395,-1,357,358,395,-1,395,358,359,-1,395,359,396,-1,359,350,396,-1,396,350,351,-1,396,351,397,-1,351,352,397,-1,397,352,353,-1,397,353,398,-1,353,344,398,-1,398,344,345,-1,398,345,399,-1,399,345,346,-1,346,347,399,-1,399,347,348,-1,399,348,400,-1,400,348,349,-1,400,349,401,-1,349,340,401,-1,401,340,341,-1,401,341,402,-1,341,342,402,-1,402,342,343,-1,402,343,373,-1,373,343,335,-1,373,335,336,-1,
        ]
    }
}
Shape{
    appearance Appearance {
        material  Material 	{
            diffuseColor 0.0 0.0 0.0
            specularColor 0.0 0.0 0.0
            ambientIntensity 0.2
            transparency 0
            shininess 0.5
        }
    }
    geometry IndexedFaceSet {
        ccw TRUE
        solid FALSE
        coord DEF co Coordinate {
            point [
                1.2209 0.009 0.2392, 1.2209 0.009 0.2347, 1.2205 0.009 0.2392, 1.2205 0.009 0.2347, 1.2209 -0.007 0.2392, 1.2205 -0.007 0.2392, 1.2209 -0.007 0.2747, 1.2205 -0.007 0.2747, 1.2209 -0.0122 0.2747, 1.2205 -0.0122 0.2747, 1.2209 -0.0122 0.2347, 1.2205 -0.0122 0.2347, 1.2205 0.0406 0.2363, 1.2209 0.0406 0.2363, 1.2209 0.0364 0.2348, 1.2209 0.0295 0.234, 1.2205 0.0295 0.234, 1.2205 0.0325 0.2343, 1.2205 0.0364 0.2348, 1.2209 0.0406 0.2413, 1.2205 0.0406 0.2413, 1.2205 0.0365 0.2395, 1.2209 0.0365 0.2395, 1.2205 0.0319 0.2386, 1.2209 0.0319 0.2386, 1.2205 0.0302 0.2386, 1.2209 0.0302 0.2386, 1.2205 0.0265 0.239, 1.2209 0.0265 0.239, 1.2205 0.0236 0.24, 1.2209 0.0236 0.24, 1.2205 0.0209 0.2419, 1.2209 0.0209 0.2419, 1.2205 0.02 0.2428, 1.2209 0.02 0.2428, 1.2205 0.0179 0.2457, 1.2209 0.0179 0.2457, 1.2205 0.0167 0.2489, 1.2209 0.0167 0.2489, 1.2205 0.016 0.2539, 1.2209 0.016 0.2539, 1.2205 0.016 0.2542, 1.2209 0.016 0.2542, 1.2205 0.0166 0.2593, 1.2209 0.0166 0.2593, 1.2205 0.0178 0.2628, 1.2209 0.0178 0.2628, 1.2205 0.0197 0.2657, 1.2209 0.0197 0.2657, 1.2205 0.0202 0.2663, 1.2209 0.0202 0.2663, 1.2205 0.0228 0.2684, 1.2209 0.0228 0.2684, 1.2205 0.0259 0.2699, 1.2209 0.0259 0.2699, 1.2205 0.0294 0.2706, 1.2209 0.0294 0.2706, 1.2205 0.0311 0.2707, 1.2209 0.0311 0.2707, 1.2205 0.0358 0.2702, 1.2209 0.0358 0.2702, 1.2205 0.0399 0.2687, 1.2209 0.0399 0.2687, 1.2205 0.0406 0.2683, 1.2209 0.0406 0.2683, 1.2209 0.0406 0.2737, 1.2205 0.0406 0.2737, 1.2205 0.0311 0.2754, 1.2209 0.0311 0.2754, 1.2209 0.0315 0.2754, 1.2205 0.0366 0.2749, 1.2209 0.0366 0.2749, 1.2205 0.0352 0.275, 1.2205 0.0315 0.2754, 1.2209 0.0257 0.2748, 1.2205 0.0281 0.275, 1.2205 0.0257 0.2748, 1.2205 0.0215 0.2732, 1.2209 0.0215 0.2732, 1.2205 0.0175 0.2706, 1.2209 0.0175 0.2706, 1.2205 0.0164 0.2695, 1.2209 0.0164 0.2695, 1.2205 0.0136 0.2659, 1.2209 0.0136 0.2659, 1.2205 0.0124 0.2632, 1.2209 0.0116 0.2615, 1.2205 0.0116 0.2615, 1.2205 0.0107 0.2563, 1.2209 0.0107 0.2563, 1.2205 0.0106 0.2539, 1.2209 0.0106 0.2539, 1.2205 0.0114 0.2475, 1.2209 0.0114 0.2475, 1.2205 0.0124 0.2448, 1.2209 0.013 0.2433, 1.2205 0.013 0.2433, 1.2205 0.0154 0.2399, 1.2209 0.0154 0.2399, 1.2205 0.0157 0.2394, 1.2209 0.0157 0.2394, 1.2205 0.0225 0.2351, 1.2209 0.0188 0.2369, 1.2205 0.0188 0.2369, 1.2205 0.0259 0.2343, 1.2209 0.0268 0.2341, 1.2209 0.0225 0.2351, 1.2205 0.0268 0.2341, 1.2209 0.0701 0.2392, 1.2209 0.0701 0.2347, 1.2205 0.0701 0.2392, 1.2205 0.0701 0.2347, 1.2205 0.0538 0.2392, 1.2209 0.0538 0.2392, 1.2205 0.0646 0.2392, 1.2209 0.0538 0.2527, 1.2205 0.0538 0.2527, 1.2205 0.0681 0.2527, 1.2209 0.0681 0.2527, 1.2205 0.0646 0.2527, 1.2209 0.0681 0.2573, 1.2205 0.0681 0.2573, 1.2205 0.0538 0.2573, 1.2209 0.0538 0.2573, 1.2205 0.0646 0.2573, 1.2209 0.0538 0.2701, 1.2205 0.0538 0.2701, 1.2205 0.0692 0.2701, 1.2209 0.0692 0.2701, 1.2205 0.0646 0.2701, 1.2209 0.0692 0.2747, 1.2205 0.0692 0.2747, 1.2205 0.0486 0.2747, 1.2209 0.0486 0.2747, 1.2205 0.0646 0.2747, 1.2209 0.0486 0.2347, 1.2205 0.0486 0.2347, 1.2205 0.0646 0.2347, 1.2209 0.1047 0.2528, 1.2209 0.1101 0.2523, 1.2209 0.1048 0.255, 1.2209 0.1103 0.2552, 1.2209 0.1044 0.2596, 1.2209 0.1097 0.2603, 1.2209 0.1033 0.2626, 1.2209 0.1083 0.2642, 1.2209 0.1018 0.265, 1.2209 0.1059 0.2677, 1.2209 0.1005 0.2663, 1.2209 0.1042 0.2694, 1.2209 0.0974 0.2683, 1.2209 0.1003 0.2721, 1.2209 0.0939 0.2696, 1.2209 0.0955 0.274, 1.2209 0.0889 0.2701, 1.2209 0.0891 0.2747, 1.2209 0.0828 0.2701, 1.2209 0.0777 0.2747, 1.2209 0.0828 0.2392, 1.2209 0.0777 0.2347, 1.2209 0.0887 0.2392, 1.2209 0.0887 0.2347, 1.2209 0.0937 0.2398, 1.2209 0.0953 0.2354, 1.2209 0.0971 0.241, 1.2209 0.0999 0.2372, 1.2209 0.0998 0.2427, 1.2209 0.1038 0.2398, 1.2209 0.1006 0.2434, 1.2209 0.1042 0.2403, 1.2209 0.1027 0.246, 1.2209 0.1071 0.2436, 1.2209 0.104 0.249, 1.2209 0.1091 0.2477, 1.2205 0.0887 0.2347, 1.2205 0.0777 0.2347, 1.2205 0.0953 0.2354, 1.2205 0.096 0.2357, 1.2205 0.0999 0.2372, 1.2205 0.1038 0.2398, 1.2205 0.1042 0.2403, 1.2205 0.1071 0.2436, 1.2205 0.1091 0.2477, 1.2205 0.1101 0.2523, 1.2205 0.1103 0.2552, 1.2205 0.1097 0.2603, 1.2205 0.1083 0.2642, 1.2205 0.1059 0.2677, 1.2205 0.1042 0.2694, 1.2205 0.1003 0.2721, 1.2205 0.096 0.2737, 1.2205 0.0955 0.274, 1.2205 0.0891 0.2747, 1.2205 0.0777 0.2747, 1.2205 0.0889 0.2701, 1.2205 0.0828 0.2701, 1.2205 0.0828 0.2392, 1.2205 0.0887 0.2392, 1.2205 0.1006 0.2434, 1.2205 0.0998 0.2427, 1.2205 0.0971 0.241, 1.2205 0.0937 0.2398, 1.2205 0.1048 0.255, 1.2205 0.1047 0.2528, 1.2205 0.104 0.249, 1.2205 0.1027 0.246, 1.2205 0.1005 0.2663, 1.2205 0.1018 0.265, 1.2205 0.1033 0.2626, 1.2205 0.1044 0.2596, 1.2205 0.0939 0.2696, 1.2205 0.0974 0.2683, 1.2205 0.0974 0.2683
            ]
        }
        coordIndex [
            0,1,2,-1,2,1,3,-1,4,0,5,-1,5,0,2,-1,6,4,7,-1,7,4,5,-1,8,6,9,-1,9,6,7,-1,10,8,11,-1,11,8,9,-1,1,10,3,-1,3,10,11,-1,6,8,4,-1,4,8,10,-1,4,10,0,-1,0,10,1,-1,12,13,14,-1,15,16,17,-1,15,17,14,-1,14,17,18,-1,14,18,12,-1,19,13,20,-1,20,13,12,-1,19,20,21,-1,19,21,22,-1,22,21,23,-1,22,23,24,-1,24,23,25,-1,24,25,26,-1,26,25,27,-1,26,27,28,-1,28,27,29,-1,28,29,30,-1,30,29,31,-1,30,31,32,-1,32,31,33,-1,32,33,34,-1,34,33,35,-1,34,35,36,-1,36,35,37,-1,36,37,38,-1,38,37,39,-1,38,39,40,-1,40,39,41,-1,40,41,42,-1,42,41,43,-1,42,43,44,-1,44,43,45,-1,44,45,46,-1,46,45,47,-1,46,47,48,-1,48,47,49,-1,48,49,50,-1,50,49,51,-1,50,51,52,-1,52,51,53,-1,52,53,54,-1,54,53,55,-1,54,55,56,-1,56,55,57,-1,56,57,58,-1,58,57,59,-1,58,59,60,-1,60,59,61,-1,60,61,62,-1,62,61,63,-1,62,63,64,-1,65,64,66,-1,66,64,63,-1,67,68,69,-1,65,66,70,-1,65,70,71,-1,71,70,72,-1,71,72,69,-1,69,72,73,-1,69,73,67,-1,74,68,75,-1,75,68,67,-1,75,76,74,-1,74,76,77,-1,74,77,78,-1,78,77,79,-1,78,79,80,-1,80,79,81,-1,80,81,82,-1,82,81,83,-1,82,83,84,-1,84,83,85,-1,84,85,86,-1,85,87,86,-1,86,87,88,-1,86,88,89,-1,89,88,90,-1,89,90,91,-1,91,90,92,-1,91,92,93,-1,93,92,94,-1,93,94,95,-1,94,96,95,-1,95,96,97,-1,95,97,98,-1,98,97,99,-1,98,99,100,-1,101,102,103,-1,103,102,100,-1,103,100,99,-1,104,105,101,-1,101,105,106,-1,101,106,102,-1,104,107,105,-1,105,107,16,-1,105,16,15,-1,62,64,65,-1,36,38,93,-1,44,46,84,-1,93,38,91,-1,84,46,82,-1,62,65,60,-1,60,65,71,-1,60,71,58,-1,58,71,69,-1,58,69,56,-1,56,69,68,-1,56,68,54,-1,54,68,74,-1,54,74,52,-1,13,19,14,-1,14,19,22,-1,14,22,15,-1,74,78,52,-1,52,78,80,-1,52,80,50,-1,50,80,82,-1,50,82,48,-1,48,82,46,-1,93,95,36,-1,36,95,98,-1,36,98,34,-1,34,98,100,-1,34,100,32,-1,32,100,102,-1,32,102,30,-1,30,102,106,-1,30,106,28,-1,28,106,105,-1,28,105,26,-1,26,105,15,-1,26,15,24,-1,24,15,22,-1,38,40,91,-1,91,40,42,-1,91,42,89,-1,89,42,44,-1,89,44,86,-1,86,44,84,-1,108,109,110,-1,110,109,111,-1,112,113,114,-1,114,113,108,-1,114,108,110,-1,115,113,116,-1,116,113,112,-1,117,118,119,-1,119,118,115,-1,119,115,116,-1,120,118,121,-1,121,118,117,-1,122,123,124,-1,124,123,120,-1,124,120,121,-1,125,123,126,-1,126,123,122,-1,127,128,129,-1,129,128,125,-1,129,125,126,-1,130,128,131,-1,131,128,127,-1,132,133,134,-1,134,133,130,-1,134,130,131,-1,135,133,136,-1,136,133,132,-1,111,109,137,-1,137,109,135,-1,137,135,136,-1,135,109,108,-1,108,113,135,-1,135,113,115,-1,135,115,133,-1,128,130,125,-1,125,130,133,-1,125,133,123,-1,123,133,115,-1,123,115,120,-1,120,115,118,-1,138,139,140,-1,140,139,141,-1,140,141,142,-1,142,141,143,-1,142,143,144,-1,144,143,145,-1,144,145,146,-1,146,145,147,-1,146,147,148,-1,148,147,149,-1,148,149,150,-1,150,149,151,-1,150,151,152,-1,152,151,153,-1,152,153,154,-1,154,153,155,-1,154,155,156,-1,156,155,157,-1,156,157,158,-1,158,157,159,-1,158,159,160,-1,160,159,161,-1,160,161,162,-1,162,161,163,-1,162,163,164,-1,164,163,165,-1,164,165,166,-1,166,165,167,-1,166,167,168,-1,168,167,169,-1,168,169,170,-1,170,169,171,-1,170,171,172,-1,172,171,173,-1,172,173,138,-1,138,173,139,-1,161,159,174,-1,174,159,175,-1,161,174,176,-1,161,176,163,-1,163,176,177,-1,163,177,165,-1,177,178,165,-1,165,178,179,-1,165,179,167,-1,167,179,180,-1,167,180,169,-1,169,180,181,-1,169,181,171,-1,171,181,182,-1,171,182,173,-1,173,182,183,-1,173,183,139,-1,139,183,184,-1,139,184,141,-1,141,184,185,-1,141,185,143,-1,143,185,186,-1,143,186,145,-1,145,186,187,-1,145,187,147,-1,147,187,188,-1,147,188,149,-1,149,188,189,-1,190,153,189,-1,189,153,151,-1,189,151,149,-1,190,191,153,-1,153,191,192,-1,153,192,155,-1,157,155,193,-1,193,155,192,-1,159,157,175,-1,175,157,193,-1,154,156,194,-1,194,156,195,-1,156,158,195,-1,195,158,196,-1,158,160,196,-1,196,160,197,-1,168,198,199,-1,168,199,166,-1,166,199,200,-1,166,200,164,-1,164,200,201,-1,164,201,162,-1,162,201,197,-1,162,197,160,-1,140,202,203,-1,140,203,138,-1,138,203,204,-1,138,204,172,-1,172,204,205,-1,172,205,170,-1,170,205,198,-1,170,198,168,-1,148,206,207,-1,148,207,146,-1,146,207,208,-1,146,208,144,-1,144,208,209,-1,144,209,142,-1,142,209,202,-1,142,202,140,-1,154,194,210,-1,154,210,152,-1,152,210,211,-1,152,211,150,-1,150,211,206,-1,150,206,148,-1,
        ]
    }
}
Shape{
    appearance Appearance {
        material  Material 	{
            diffuseColor 0.37254901960784315 0.9490196078431372 1.0
            specularColor 0.18823529411764706 0.4745098039215686 0.5019607843137255
            ambientIntensity 0.2
            transparency 0
            shininess 0.5
        }
    }
    geometry IndexedFaceSet {
        ccw TRUE
        solid FALSE
        coord DEF co Coordinate {
            point [
                1.2205 0.0828 0.2701, 1.2205 0.0828 0.2392, 1.2205 0.0889 0.2701, 1.2205 0.0887 0.2392, 1.2205 0.0937 0.2398, 1.2205 0.0971 0.241, 1.2205 0.0998 0.2427, 1.2205 0.1006 0.2434, 1.2205 0.1027 0.246, 1.2205 0.104 0.249, 1.2205 0.1047 0.2528, 1.2205 0.1048 0.255, 1.2205 0.1044 0.2596, 1.2205 0.1033 0.2626, 1.2205 0.1018 0.265, 1.2205 0.1005 0.2663, 1.2205 0.0939 0.2696, 1.2205 0.0974 0.2683, 1.2205 0.0974 0.2683
            ]
        }
        coordIndex [
            0,1,2,-1,2,1,3,-1,2,3,4,-1,4,5,2,-1,2,5,6,-1,2,6,7,-1,7,8,2,-1,2,8,9,-1,2,9,10,-1,10,11,2,-1,2,11,12,-1,2,12,13,-1,13,14,2,-1,2,14,15,-1,2,15,16,-1,16,15,17,-1,
        ]
    }
}
Shape{
    appearance Appearance {
        material  Material 	{
            diffuseColor 0.0 0.0 0.0
            specularColor 0.0 0.0 0.0
            ambientIntensity 0.2
            transparency 0
            shininess 0.5
        }
    }
    geometry IndexedFaceSet {
        ccw TRUE
        solid FALSE
        coord DEF co Coordinate {
            point [
                1.2209 0.1237 0.2501, 1.2209 0.1221 0.2456, 1.2209 0.1371 0.2501, 1.2209 0.1387 0.2456, 1.2209 0.1297 0.2668, 1.2209 0.1277 0.2747, 1.2209 0.1125 0.2347, 1.2209 0.1182 0.2347, 1.2209 0.13 0.268, 1.2209 0.1303 0.2696, 1.2209 0.1333 0.2747, 1.2209 0.1305 0.2696, 1.2209 0.1308 0.2679, 1.2209 0.1311 0.2668, 1.2209 0.1485 0.2347, 1.2209 0.1428 0.2347, 1.2205 0.1333 0.2747, 1.2205 0.1485 0.2347, 1.2205 0.1277 0.2747, 1.2205 0.1125 0.2347, 1.2205 0.124 0.265, 1.2205 0.1182 0.2347, 1.2205 0.1221 0.2456, 1.2205 0.1387 0.2456, 1.2205 0.124 0.2456, 1.2205 0.1428 0.2347, 1.2205 0.1237 0.2501, 1.2205 0.1371 0.2501, 1.2205 0.1311 0.2668, 1.2205 0.1305 0.2696, 1.2205 0.1308 0.2679, 1.2205 0.1303 0.2696, 1.2205 0.1297 0.2668, 1.2205 0.13 0.268, 1.2205 0.13 0.268
            ]
        }
        coordIndex [
            0,1,2,-1,2,1,3,-1,4,5,0,-1,0,5,6,-1,0,6,1,-1,1,6,7,-1,4,8,5,-1,5,8,9,-1,5,9,10,-1,10,9,11,-1,10,11,12,-1,12,13,10,-1,10,13,2,-1,10,2,14,-1,14,2,3,-1,14,3,15,-1,10,14,16,-1,16,14,17,-1,5,10,18,-1,18,10,16,-1,19,6,20,-1,20,6,5,-1,20,5,18,-1,7,6,21,-1,21,6,19,-1,1,7,22,-1,22,7,21,-1,23,3,24,-1,24,3,1,-1,24,1,22,-1,15,3,25,-1,25,3,23,-1,14,15,17,-1,17,15,25,-1,0,2,26,-1,26,2,27,-1,2,13,27,-1,27,13,28,-1,11,29,30,-1,11,30,12,-1,12,30,28,-1,12,28,13,-1,11,9,29,-1,29,9,31,-1,4,32,33,-1,4,33,8,-1,8,33,31,-1,8,31,9,-1,4,0,32,-1,32,0,26,-1,
        ]
    }
}
Shape{
    appearance Appearance {
        material  Material 	{
            diffuseColor 0.37254901960784315 0.9490196078431372 1.0
            specularColor 0.18823529411764706 0.4745098039215686 0.5019607843137255
            ambientIntensity 0.2
            transparency 0
            shininess 0.5
        }
    }
    geometry IndexedFaceSet {
        ccw TRUE
        solid FALSE
        coord DEF co Coordinate {
            point [
                1.2205 0.1305 0.2696, 1.2205 0.1303 0.2696, 1.2205 0.1308 0.2679, 1.2205 0.13 0.268, 1.2205 0.1311 0.2668, 1.2205 0.1297 0.2668, 1.2205 0.1371 0.2501, 1.2205 0.1237 0.2501, 1.2205 0.1237 0.2501
            ]
        }
        coordIndex [
            0,1,2,-1,2,1,3,-1,2,3,4,-1,4,3,5,-1,4,5,6,-1,6,5,7,-1,
        ]
    }
}
Shape{
    appearance Appearance {
        material  Material 	{
            diffuseColor 0.0 0.0 0.0
            specularColor 0.0 0.0 0.0
            ambientIntensity 0.2
            transparency 0
            shininess 0.5
        }
    }
    geometry IndexedFaceSet {
        ccw TRUE
        solid FALSE
        coord DEF co Coordinate {
            point [
                1.2209 0.0094 0.1757, 1.2209 0.0094 0.1711, 1.2205 0.0094 0.1757, 1.2205 0.0094 0.1711, 1.2209 -0.007 0.1757, 1.2205 -0.007 0.1757, 1.2209 -0.007 0.1892, 1.2205 -0.007 0.1892, 1.2209 0.0073 0.1892, 1.2205 0.0073 0.1892, 1.2209 0.0073 0.1938, 1.2205 0.0073 0.1938, 1.2209 -0.007 0.1938, 1.2205 -0.007 0.1938, 1.2209 -0.007 0.2066, 1.2205 -0.007 0.2058, 1.2205 -0.007 0.2066, 1.2209 0.0085 0.2066, 1.2205 0.0085 0.2066, 1.2209 0.0085 0.2112, 1.2205 0.0085 0.2112, 1.2209 -0.0122 0.2112, 1.2205 -0.0122 0.2112, 1.2205 -0.0122 0.1711, 1.2209 -0.0122 0.1711, 1.2205 -0.0122 0.2058, 1.2209 0.032 0.1756, 1.2209 0.0321 0.1756, 1.2209 0.0318 0.1802, 1.2209 0.02 0.1873, 1.2209 0.0178 0.1862, 1.2209 0.0206 0.1828, 1.2209 0.0321 0.1824, 1.2209 0.0372 0.1895, 1.2209 0.0321 0.1828, 1.2209 0.0321 0.1855, 1.2209 0.0321 0.1711, 1.2209 0.0372 0.1711, 1.2209 0.0311 0.1784, 1.2209 0.03 0.1769, 1.2209 0.0312 0.1744, 1.2209 0.0294 0.1763, 1.2209 0.0296 0.1727, 1.2209 0.0279 0.1753, 1.2209 0.0279 0.1715, 1.2209 0.0264 0.1748, 1.2209 0.0258 0.1708, 1.2209 0.0245 0.1746, 1.2209 0.0232 0.1705, 1.2209 0.0229 0.1748, 1.2209 0.0202 0.1708, 1.2209 0.0217 0.1752, 1.2209 0.0183 0.1715, 1.2209 0.0207 0.1759, 1.2209 0.0166 0.1727, 1.2209 0.0203 0.1763, 1.2209 0.02 0.1821, 1.2209 0.0163 0.1848, 1.2209 0.0196 0.1812, 1.2209 0.0152 0.1834, 1.2209 0.0193 0.18, 1.2209 0.0213 0.1834, 1.2209 0.0225 0.1839, 1.2209 0.0237 0.1881, 1.2209 0.0254 0.1846, 1.2209 0.0321 0.1893, 1.2209 0.017 0.1977, 1.2209 0.017 0.1929, 1.2209 0.0183 0.1985, 1.2209 0.0202 0.1949, 1.2209 0.0221 0.1999, 1.2209 0.0233 0.196, 1.2209 0.0268 0.2004, 1.2209 0.0263 0.1963, 1.2209 0.0299 0.2001, 1.2209 0.028 0.1961, 1.2209 0.032 0.1995, 1.2209 0.0292 0.1957, 1.2209 0.0337 0.1985, 1.2209 0.0301 0.1952, 1.2209 0.035 0.1972, 1.2209 0.0309 0.1944, 1.2209 0.036 0.1956, 1.2209 0.0314 0.1933, 1.2209 0.0368 0.1933, 1.2209 0.032 0.1915, 1.2209 0.0145 0.1817, 1.2209 0.0142 0.1795, 1.2209 0.0193 0.1792, 1.2209 0.0142 0.1788, 1.2209 0.0194 0.1781, 1.2209 0.0144 0.1765, 1.2209 0.0197 0.1772, 1.2209 0.015 0.1748, 1.2209 0.0161 0.1733, 1.2205 0.0268 0.2004, 1.2205 0.0221 0.1999, 1.2205 0.0183 0.1985, 1.2205 0.017 0.1977, 1.2205 0.017 0.1929, 1.2205 0.0202 0.1949, 1.2205 0.0233 0.196, 1.2205 0.0263 0.1963, 1.2205 0.028 0.1961, 1.2205 0.0292 0.1957, 1.2205 0.0301 0.1952, 1.2205 0.0309 0.1944, 1.2205 0.0314 0.1933, 1.2205 0.032 0.1915, 1.2205 0.0321 0.1893, 1.2205 0.0237 0.1881, 1.2205 0.02 0.1873, 1.2205 0.0178 0.1862, 1.2205 0.0163 0.1848, 1.2205 0.0152 0.1834, 1.2205 0.0145 0.1817, 1.2205 0.0142 0.1795, 1.2205 0.0142 0.1788, 1.2205 0.0144 0.1765, 1.2205 0.015 0.1748, 1.2205 0.0161 0.1733, 1.2205 0.0166 0.1727, 1.2205 0.0232 0.1705, 1.2205 0.0203 0.1708, 1.2205 0.0202 0.1708, 1.2205 0.0183 0.1715, 1.2205 0.0258 0.1708, 1.2205 0.026 0.1708, 1.2205 0.0279 0.1715, 1.2205 0.0296 0.1727, 1.2205 0.0312 0.1744, 1.2205 0.032 0.1756, 1.2205 0.0321 0.1756, 1.2205 0.0321 0.1711, 1.2205 0.0372 0.1711, 1.2205 0.0372 0.1895, 1.2205 0.0368 0.1933, 1.2205 0.036 0.1956, 1.2205 0.035 0.1972, 1.2205 0.0337 0.1985, 1.2205 0.032 0.1995, 1.2205 0.0299 0.2001, 1.2205 0.0206 0.1828, 1.2205 0.0213 0.1834, 1.2205 0.0225 0.1839, 1.2205 0.0254 0.1846, 1.2205 0.0193 0.1792, 1.2205 0.0193 0.18, 1.2205 0.0196 0.1812, 1.2205 0.02 0.1821, 1.2205 0.0207 0.1759, 1.2205 0.0203 0.1763, 1.2205 0.0197 0.1772, 1.2205 0.0194 0.1781, 1.2205 0.0245 0.1746, 1.2205 0.0229 0.1748, 1.2205 0.0217 0.1752, 1.2205 0.03 0.1769, 1.2205 0.0294 0.1763, 1.2205 0.0279 0.1753, 1.2205 0.0264 0.1748, 1.2205 0.0321 0.1828, 1.2205 0.0321 0.1824, 1.2205 0.0318 0.1802, 1.2205 0.0311 0.1784, 1.2205 0.0321 0.1855, 1.2205 0.0321 0.1855
            ]
        }
        coordIndex [
            0,1,2,-1,2,1,3,-1,4,0,5,-1,5,0,2,-1,6,4,7,-1,7,4,5,-1,8,6,9,-1,9,6,7,-1,10,8,11,-1,11,8,9,-1,12,10,13,-1,13,10,11,-1,12,13,14,-1,14,13,15,-1,14,15,16,-1,17,14,18,-1,18,14,16,-1,19,17,20,-1,20,17,18,-1,21,19,22,-1,22,19,20,-1,23,24,25,-1,25,24,21,-1,25,21,22,-1,1,24,3,-1,3,24,23,-1,17,19,14,-1,14,19,21,-1,14,21,12,-1,1,0,24,-1,24,0,4,-1,24,4,6,-1,8,10,6,-1,6,10,12,-1,6,12,24,-1,24,12,21,-1,26,27,28,-1,29,30,31,-1,32,33,34,-1,34,33,35,-1,36,37,27,-1,27,37,33,-1,27,33,28,-1,28,33,32,-1,28,38,26,-1,26,38,39,-1,26,39,40,-1,40,39,41,-1,40,41,42,-1,42,41,43,-1,42,43,44,-1,44,43,45,-1,44,45,46,-1,46,45,47,-1,46,47,48,-1,48,47,49,-1,48,49,50,-1,50,49,51,-1,50,51,52,-1,52,51,53,-1,52,53,54,-1,54,53,55,-1,31,30,56,-1,56,30,57,-1,56,57,58,-1,58,57,59,-1,58,59,60,-1,31,61,29,-1,29,61,62,-1,29,62,63,-1,63,62,64,-1,63,64,65,-1,66,67,68,-1,68,67,69,-1,68,69,70,-1,70,69,71,-1,70,71,72,-1,72,71,73,-1,72,73,74,-1,74,73,75,-1,74,75,76,-1,76,75,77,-1,76,77,78,-1,78,77,79,-1,78,79,80,-1,80,79,81,-1,80,81,82,-1,82,81,83,-1,82,83,84,-1,84,83,85,-1,84,85,33,-1,33,85,65,-1,33,65,35,-1,35,65,64,-1,59,86,60,-1,60,86,87,-1,60,87,88,-1,88,87,89,-1,88,89,90,-1,90,89,91,-1,90,91,92,-1,92,91,93,-1,92,93,55,-1,55,93,94,-1,55,94,54,-1,72,95,96,-1,72,96,70,-1,70,96,97,-1,70,97,68,-1,68,97,98,-1,68,98,66,-1,67,66,99,-1,99,66,98,-1,67,99,100,-1,67,100,69,-1,69,100,101,-1,69,101,71,-1,71,101,102,-1,71,102,73,-1,73,102,103,-1,73,103,75,-1,75,103,104,-1,75,104,77,-1,77,104,105,-1,77,105,79,-1,79,105,106,-1,79,106,81,-1,81,106,107,-1,81,107,83,-1,83,107,108,-1,83,108,85,-1,85,108,109,-1,85,109,65,-1,63,65,110,-1,110,65,109,-1,63,110,111,-1,63,111,29,-1,29,111,112,-1,29,112,30,-1,30,112,113,-1,30,113,57,-1,57,113,114,-1,57,114,59,-1,59,114,115,-1,59,115,86,-1,86,115,116,-1,86,116,87,-1,87,116,117,-1,87,117,89,-1,89,117,118,-1,89,118,91,-1,91,118,119,-1,91,119,93,-1,93,119,120,-1,93,120,94,-1,94,120,121,-1,94,121,54,-1,122,48,123,-1,123,48,50,-1,123,50,124,-1,124,50,52,-1,124,52,125,-1,125,52,54,-1,125,54,121,-1,48,122,126,-1,48,126,46,-1,46,126,127,-1,46,127,44,-1,127,128,44,-1,44,128,129,-1,44,129,42,-1,42,129,130,-1,42,130,40,-1,40,130,131,-1,40,131,26,-1,27,26,132,-1,132,26,131,-1,36,27,133,-1,133,27,132,-1,37,36,134,-1,134,36,133,-1,33,37,135,-1,135,37,134,-1,33,135,136,-1,33,136,84,-1,84,136,137,-1,84,137,82,-1,82,137,138,-1,82,138,80,-1,80,138,139,-1,80,139,78,-1,78,139,140,-1,78,140,76,-1,76,140,141,-1,76,141,74,-1,74,141,95,-1,74,95,72,-1,31,142,143,-1,31,143,61,-1,61,143,144,-1,61,144,62,-1,62,144,145,-1,62,145,64,-1,88,146,147,-1,88,147,60,-1,60,147,148,-1,60,148,58,-1,58,148,149,-1,58,149,56,-1,56,149,142,-1,56,142,31,-1,53,150,151,-1,53,151,55,-1,55,151,152,-1,55,152,92,-1,92,152,153,-1,92,153,90,-1,90,153,146,-1,90,146,88,-1,47,154,155,-1,47,155,49,-1,49,155,156,-1,49,156,51,-1,51,156,150,-1,51,150,53,-1,39,157,158,-1,39,158,41,-1,41,158,159,-1,41,159,43,-1,43,159,160,-1,43,160,45,-1,45,160,154,-1,45,154,47,-1,34,161,162,-1,34,162,32,-1,32,162,163,-1,32,163,28,-1,28,163,164,-1,28,164,38,-1,38,164,157,-1,38,157,39,-1,34,35,161,-1,161,35,165,-1,35,64,165,-1,165,64,145,-1,
        ]
    }
}
Shape{
    appearance Appearance {
        material  Material 	{
            diffuseColor 0.37254901960784315 0.9490196078431372 1.0
            specularColor 0.18823529411764706 0.4745098039215686 0.5019607843137255
            ambientIntensity 0.2
            transparency 0
            shininess 0.5
        }
    }
    geometry IndexedFaceSet {
        ccw TRUE
        solid FALSE
        coord DEF co Coordinate {
            point [
                1.2205 0.0321 0.1855, 1.2205 0.0254 0.1846, 1.2205 0.0321 0.1828, 1.2205 0.0225 0.1839, 1.2205 0.0213 0.1834, 1.2205 0.0206 0.1828, 1.2205 0.0321 0.1824, 1.2205 0.0318 0.1802, 1.2205 0.02 0.1821, 1.2205 0.0311 0.1784, 1.2205 0.0203 0.1763, 1.2205 0.0207 0.1759, 1.2205 0.0294 0.1763, 1.2205 0.0197 0.1772, 1.2205 0.0279 0.1753, 1.2205 0.0264 0.1748, 1.2205 0.0245 0.1746, 1.2205 0.0196 0.1812, 1.2205 0.0193 0.18, 1.2205 0.03 0.1769, 1.2205 0.0193 0.1792, 1.2205 0.0194 0.1781, 1.2205 0.0217 0.1752, 1.2205 0.0229 0.1748, 1.2205 0.0229 0.1748
            ]
        }
        coordIndex [
            0,1,2,-1,2,1,3,-1,3,4,2,-1,2,4,5,-1,2,5,6,-1,6,5,7,-1,7,5,8,-1,7,8,9,-1,10,11,12,-1,10,12,13,-1,14,12,15,-1,15,12,16,-1,8,17,9,-1,9,17,18,-1,9,18,19,-1,19,18,20,-1,19,20,12,-1,12,20,21,-1,12,21,13,-1,11,22,12,-1,12,22,23,-1,12,23,16,-1,
        ]
    }
}
Shape{
    appearance Appearance {
        material  Material 	{
            diffuseColor 0.0 0.0 0.0
            specularColor 0.0 0.0 0.0
            ambientIntensity 0.2
            transparency 0
            shininess 0.5
        }
    }
    geometry IndexedFaceSet {
        ccw TRUE
        solid FALSE
        coord DEF co Coordinate {
            point [
                1.2209 0.0522 0.1746, 1.2205 0.0522 0.1746, 1.2205 0.0491 0.1749, 1.2205 0.0463 0.176, 1.2209 0.0459 0.1761, 1.2209 0.0491 0.1749, 1.2205 0.0459 0.1761, 1.2205 0.0439 0.1773, 1.2209 0.0439 0.1773, 1.2209 0.0439 0.1722, 1.2205 0.0439 0.1722, 1.2209 0.0475 0.1709, 1.2205 0.0463 0.1713, 1.2205 0.0517 0.1705, 1.2209 0.0517 0.1705, 1.2205 0.0484 0.1708, 1.2205 0.0475 0.1709, 1.2209 0.0558 0.1709, 1.2205 0.0549 0.1708, 1.2205 0.0558 0.1709, 1.2205 0.0585 0.1719, 1.2209 0.0585 0.1719, 1.2205 0.06 0.1727, 1.2209 0.06 0.1727, 1.2205 0.0615 0.174, 1.2209 0.0615 0.174, 1.2205 0.0624 0.1753, 1.2209 0.0624 0.1753, 1.2205 0.063 0.1769, 1.2209 0.063 0.1769, 1.2205 0.0633 0.1789, 1.2209 0.0633 0.1789, 1.2205 0.0631 0.1808, 1.2209 0.0631 0.1808, 1.2205 0.0625 0.1823, 1.2209 0.0625 0.1823, 1.2205 0.0616 0.1837, 1.2209 0.0616 0.1837, 1.2205 0.0604 0.1847, 1.2209 0.0604 0.1847, 1.2205 0.0571 0.1866, 1.2209 0.0571 0.1866, 1.2205 0.0551 0.1874, 1.2209 0.0551 0.1874, 1.2205 0.052 0.1887, 1.2209 0.052 0.1887, 1.2205 0.0502 0.1898, 1.2209 0.0502 0.1898, 1.2205 0.0498 0.1904, 1.2209 0.0498 0.1904, 1.2205 0.0494 0.191, 1.2209 0.0494 0.191, 1.2205 0.0492 0.1918, 1.2209 0.0492 0.1918, 1.2205 0.0491 0.1925, 1.2209 0.0491 0.1925, 1.2205 0.0492 0.1933, 1.2209 0.0492 0.1933, 1.2205 0.0495 0.194, 1.2209 0.0495 0.194, 1.2205 0.0499 0.1946, 1.2209 0.0499 0.1946, 1.2205 0.0507 0.1953, 1.2209 0.0507 0.1953, 1.2205 0.0518 0.1959, 1.2209 0.0518 0.1959, 1.2205 0.0531 0.1962, 1.2209 0.0531 0.1962, 1.2205 0.0546 0.1963, 1.2209 0.0546 0.1963, 1.2205 0.0579 0.1959, 1.2209 0.0579 0.1959, 1.2205 0.0607 0.1949, 1.2209 0.0607 0.1949, 1.2205 0.0619 0.1943, 1.2209 0.0619 0.1943, 1.2209 0.0619 0.1991, 1.2205 0.0619 0.1991, 1.2205 0.0579 0.2002, 1.2209 0.0579 0.2002, 1.2205 0.0551 0.2004, 1.2209 0.0551 0.2004, 1.2205 0.0514 0.2, 1.2209 0.0514 0.2, 1.2205 0.0487 0.199, 1.2209 0.0487 0.199, 1.2205 0.0472 0.1981, 1.2209 0.0472 0.1981, 1.2209 0.0457 0.1968, 1.2205 0.0463 0.1973, 1.2205 0.0457 0.1968, 1.2205 0.0448 0.1954, 1.2209 0.0448 0.1954, 1.2205 0.0442 0.1938, 1.2209 0.0442 0.1938, 1.2205 0.044 0.192, 1.2209 0.044 0.192, 1.2205 0.0442 0.1901, 1.2209 0.0442 0.1901, 1.2205 0.0447 0.1885, 1.2209 0.0447 0.1885, 1.2205 0.0454 0.1875, 1.2209 0.0454 0.1875, 1.2205 0.0516 0.1837, 1.2209 0.0516 0.1837, 1.2209 0.0486 0.1851, 1.2205 0.0462 0.1866, 1.2209 0.0462 0.1866, 1.2205 0.0463 0.1866, 1.2205 0.0486 0.1851, 1.2205 0.0549 0.1823, 1.2209 0.0549 0.1823, 1.2205 0.0568 0.1812, 1.2209 0.0568 0.1812, 1.2205 0.0574 0.1805, 1.2209 0.0574 0.1805, 1.2205 0.0578 0.1798, 1.2209 0.0578 0.1798, 1.2205 0.0581 0.1791, 1.2209 0.0581 0.1791, 1.2205 0.0581 0.1784, 1.2209 0.0581 0.1784, 1.2205 0.058 0.1775, 1.2209 0.058 0.1775, 1.2205 0.0578 0.1768, 1.2209 0.0578 0.1768, 1.2205 0.0573 0.1761, 1.2209 0.0573 0.1761, 1.2205 0.0567 0.1756, 1.2209 0.0567 0.1756, 1.2205 0.0563 0.1753, 1.2209 0.0563 0.1753, 1.2205 0.055 0.1749, 1.2209 0.055 0.1749, 1.2205 0.0524 0.1746, 1.2209 0.0524 0.1746, 1.2209 0.0881 0.1997, 1.2209 0.0933 0.1997, 1.2205 0.0881 0.1997, 1.2205 0.0933 0.1997, 1.2209 0.0803 0.1782, 1.2205 0.0803 0.1782, 1.2205 0.0799 0.1769, 1.2209 0.0799 0.1769, 1.2205 0.0797 0.1759, 1.2209 0.0797 0.1759, 1.2209 0.0796 0.1759, 1.2205 0.0796 0.1759, 1.2209 0.0789 0.1783, 1.2205 0.0789 0.1783, 1.2205 0.0715 0.1997, 1.2209 0.0715 0.1997, 1.2205 0.0739 0.1928, 1.2209 0.0659 0.1997, 1.2205 0.0659 0.1997, 1.2205 0.0771 0.1712, 1.2209 0.0771 0.1712, 1.2205 0.0739 0.1793, 1.2205 0.0749 0.166, 1.2209 0.0749 0.166, 1.2205 0.0769 0.1708, 1.2205 0.0739 0.1642, 1.2209 0.0739 0.1642, 1.2205 0.0739 0.1642, 1.2209 0.073 0.1632, 1.2205 0.073 0.1632, 1.2205 0.0721 0.1625, 1.2209 0.0721 0.1625, 1.2205 0.071 0.1621, 1.2209 0.071 0.1621, 1.2205 0.0697 0.162, 1.2209 0.0697 0.162, 1.2205 0.0679 0.1622, 1.2209 0.0679 0.1622, 1.2205 0.0669 0.1626, 1.2209 0.0669 0.1626, 1.2209 0.0669 0.1581, 1.2205 0.0669 0.1581, 1.2205 0.069 0.1577, 1.2209 0.069 0.1577, 1.2205 0.0701 0.1577, 1.2209 0.0701 0.1577, 1.2205 0.0722 0.1579, 1.2205 0.0739 0.1586, 1.2209 0.0741 0.1587, 1.2209 0.0722 0.1579, 1.2205 0.0741 0.1587, 1.2205 0.0759 0.1599, 1.2209 0.0759 0.1599, 1.2205 0.0762 0.1602, 1.2209 0.0762 0.1602, 1.2205 0.0781 0.1624, 1.2209 0.0781 0.1624, 1.2205 0.0803 0.1668, 1.2209 0.0803 0.1668, 1.2205 0.0819 0.1708, 1.2209 0.1203 0.1757, 1.2209 0.1203 0.1711, 1.2205 0.1203 0.1757, 1.2205 0.1203 0.1711, 1.2205 0.1039 0.1757, 1.2209 0.1039 0.1757, 1.2205 0.1114 0.1757, 1.2209 0.1039 0.1892, 1.2205 0.1039 0.1892, 1.2205 0.1182 0.1892, 1.2209 0.1182 0.1892, 1.2205 0.1114 0.1892, 1.2209 0.1182 0.1938, 1.2205 0.1182 0.1938, 1.2205 0.1039 0.1938, 1.2209 0.1039 0.1938, 1.2205 0.1114 0.1938, 1.2209 0.1039 0.2066, 1.2205 0.1039 0.2058, 1.2205 0.1039 0.2066, 1.2205 0.1193 0.2066, 1.2209 0.1193 0.2066, 1.2205 0.1114 0.2066, 1.2209 0.1193 0.2112, 1.2205 0.1193 0.2112, 1.2205 0.0987 0.2112, 1.2209 0.0987 0.2112, 1.2205 0.1114 0.2112, 1.2205 0.0987 0.1711, 1.2209 0.0987 0.1711, 1.2205 0.0987 0.2058, 1.2205 0.1114 0.1711, 1.2209 0.1549 0.1893, 1.2209 0.1603 0.1888, 1.2209 0.155 0.1915, 1.2209 0.1604 0.1917, 1.2209 0.1545 0.1961, 1.2209 0.1598 0.1968, 1.2209 0.1534 0.1991, 1.2209 0.1584 0.2007, 1.2209 0.1519 0.2014, 1.2209 0.156 0.2042, 1.2209 0.1506 0.2028, 1.2209 0.1544 0.2059, 1.2209 0.1475 0.2048, 1.2209 0.1504 0.2086, 1.2209 0.144 0.2061, 1.2209 0.1456 0.2104, 1.2209 0.139 0.2066, 1.2209 0.1392 0.2112, 1.2209 0.133 0.2066, 1.2209 0.1278 0.2112, 1.2209 0.133 0.1757, 1.2209 0.1278 0.1711, 1.2209 0.1388 0.1757, 1.2209 0.1388 0.1711, 1.2209 0.1439 0.1763, 1.2209 0.1454 0.1719, 1.2209 0.1473 0.1775, 1.2209 0.15 0.1737, 1.2209 0.1499 0.1792, 1.2209 0.1539 0.1763, 1.2209 0.1507 0.1799, 1.2209 0.1544 0.1768, 1.2209 0.1528 0.1825, 1.2209 0.1572 0.1801, 1.2209 0.1541 0.1855, 1.2209 0.1592 0.1842, 1.2205 0.1388 0.1711, 1.2205 0.1278 0.1711, 1.2205 0.1454 0.1719, 1.2205 0.15 0.1737, 1.2205 0.1539 0.1763, 1.2205 0.1544 0.1768, 1.2205 0.1572 0.1801, 1.2205 0.1592 0.1842, 1.2205 0.1603 0.1888, 1.2205 0.1604 0.1917, 1.2205 0.1544 0.2059, 1.2205 0.1545 0.2058, 1.2205 0.156 0.2042, 1.2205 0.1584 0.2007, 1.2205 0.1598 0.1968, 1.2205 0.1504 0.2086, 1.2205 0.1456 0.2104, 1.2205 0.1392 0.2112, 1.2205 0.1278 0.2112, 1.2205 0.1278 0.2058, 1.2205 0.139 0.2066, 1.2205 0.133 0.2066, 1.2205 0.133 0.1757, 1.2205 0.1388 0.1757, 1.2205 0.1507 0.1799, 1.2205 0.1499 0.1792, 1.2205 0.1473 0.1775, 1.2205 0.1439 0.1763, 1.2205 0.155 0.1915, 1.2205 0.1549 0.1893, 1.2205 0.1541 0.1855, 1.2205 0.1528 0.1825, 1.2205 0.1506 0.2028, 1.2205 0.1519 0.2014, 1.2205 0.1534 0.1991, 1.2205 0.1545 0.1961, 1.2205 0.144 0.2061, 1.2205 0.1475 0.2048, 1.2205 0.1475 0.2048
            ]
        }
        coordIndex [
            0,1,2,-1,3,4,2,-1,2,4,5,-1,2,5,0,-1,3,6,4,-1,4,6,7,-1,4,7,8,-1,9,8,10,-1,10,8,7,-1,11,9,12,-1,12,9,10,-1,13,14,15,-1,15,14,11,-1,15,11,16,-1,16,11,12,-1,14,13,17,-1,17,13,18,-1,18,19,17,-1,17,19,20,-1,17,20,21,-1,21,20,22,-1,21,22,23,-1,23,22,24,-1,23,24,25,-1,25,24,26,-1,25,26,27,-1,27,26,28,-1,27,28,29,-1,29,28,30,-1,29,30,31,-1,31,30,32,-1,31,32,33,-1,33,32,34,-1,33,34,35,-1,35,34,36,-1,35,36,37,-1,37,36,38,-1,37,38,39,-1,39,38,40,-1,39,40,41,-1,41,40,42,-1,41,42,43,-1,43,42,44,-1,43,44,45,-1,45,44,46,-1,45,46,47,-1,47,46,48,-1,47,48,49,-1,49,48,50,-1,49,50,51,-1,51,50,52,-1,51,52,53,-1,53,52,54,-1,53,54,55,-1,55,54,56,-1,55,56,57,-1,57,56,58,-1,57,58,59,-1,59,58,60,-1,59,60,61,-1,61,60,62,-1,61,62,63,-1,63,62,64,-1,63,64,65,-1,65,64,66,-1,65,66,67,-1,67,66,68,-1,67,68,69,-1,69,68,70,-1,69,70,71,-1,71,70,72,-1,71,72,73,-1,73,72,74,-1,73,74,75,-1,76,75,77,-1,77,75,74,-1,76,77,78,-1,76,78,79,-1,79,78,80,-1,79,80,81,-1,81,80,82,-1,81,82,83,-1,83,82,84,-1,83,84,85,-1,85,84,86,-1,85,86,87,-1,87,86,88,-1,88,86,89,-1,89,90,88,-1,88,90,91,-1,88,91,92,-1,92,91,93,-1,92,93,94,-1,94,93,95,-1,94,95,96,-1,96,95,97,-1,96,97,98,-1,98,97,99,-1,98,99,100,-1,100,99,101,-1,100,101,102,-1,103,104,105,-1,102,101,106,-1,102,106,107,-1,107,106,108,-1,107,108,105,-1,105,108,109,-1,105,109,103,-1,104,103,110,-1,104,110,111,-1,111,110,112,-1,111,112,113,-1,113,112,114,-1,113,114,115,-1,115,114,116,-1,115,116,117,-1,117,116,118,-1,117,118,119,-1,119,118,120,-1,119,120,121,-1,121,120,122,-1,121,122,123,-1,123,122,124,-1,123,124,125,-1,125,124,126,-1,125,126,127,-1,127,126,128,-1,127,128,129,-1,129,128,130,-1,129,130,131,-1,131,130,132,-1,131,132,133,-1,133,132,134,-1,133,134,135,-1,135,134,1,-1,135,1,0,-1,61,63,85,-1,85,63,83,-1,111,43,104,-1,104,43,45,-1,21,23,127,-1,127,23,25,-1,127,25,125,-1,125,25,27,-1,125,27,123,-1,123,27,29,-1,123,29,121,-1,121,29,31,-1,121,31,119,-1,119,31,33,-1,119,33,117,-1,117,33,35,-1,117,35,115,-1,115,35,37,-1,115,37,113,-1,113,37,39,-1,113,39,111,-1,111,39,41,-1,111,41,43,-1,14,0,11,-1,11,0,5,-1,11,5,9,-1,9,5,4,-1,9,4,8,-1,63,65,83,-1,83,65,67,-1,83,67,81,-1,81,67,69,-1,81,69,79,-1,79,69,71,-1,79,71,76,-1,76,71,73,-1,76,73,75,-1,127,129,21,-1,21,129,131,-1,21,131,17,-1,17,131,133,-1,17,133,14,-1,14,133,135,-1,14,135,0,-1,85,87,61,-1,61,87,88,-1,61,88,59,-1,59,88,92,-1,59,92,57,-1,57,92,94,-1,57,94,55,-1,55,94,96,-1,55,96,53,-1,53,96,98,-1,53,98,51,-1,51,98,100,-1,51,100,49,-1,49,100,102,-1,49,102,47,-1,47,102,107,-1,47,107,45,-1,45,107,105,-1,45,105,104,-1,136,137,138,-1,138,137,139,-1,140,136,141,-1,141,136,138,-1,140,141,142,-1,140,142,143,-1,143,142,144,-1,143,144,145,-1,146,145,147,-1,147,145,144,-1,148,146,149,-1,149,146,147,-1,150,151,152,-1,152,151,148,-1,152,148,149,-1,153,151,154,-1,154,151,150,-1,155,156,157,-1,157,156,153,-1,157,153,154,-1,158,159,160,-1,160,159,156,-1,160,156,155,-1,159,158,161,-1,159,161,162,-1,162,161,163,-1,162,163,164,-1,163,165,164,-1,164,165,166,-1,164,166,167,-1,167,166,168,-1,167,168,169,-1,169,168,170,-1,169,170,171,-1,171,170,172,-1,171,172,173,-1,173,172,174,-1,173,174,175,-1,176,175,177,-1,177,175,174,-1,176,177,178,-1,176,178,179,-1,179,178,180,-1,179,180,181,-1,181,180,182,-1,183,184,182,-1,182,184,185,-1,182,185,181,-1,183,186,184,-1,184,186,187,-1,184,187,188,-1,188,187,189,-1,188,189,190,-1,190,189,191,-1,190,191,192,-1,192,191,193,-1,192,193,194,-1,139,137,195,-1,195,137,194,-1,195,194,193,-1,143,145,194,-1,137,136,194,-1,194,136,140,-1,194,140,143,-1,151,153,148,-1,148,153,156,-1,148,156,146,-1,192,162,190,-1,190,162,164,-1,175,176,173,-1,173,176,179,-1,173,179,171,-1,171,179,181,-1,171,181,169,-1,169,181,185,-1,169,185,167,-1,167,185,184,-1,167,184,164,-1,164,184,188,-1,164,188,190,-1,145,146,194,-1,194,146,156,-1,194,156,192,-1,192,156,159,-1,192,159,162,-1,196,197,198,-1,198,197,199,-1,200,201,202,-1,202,201,196,-1,202,196,198,-1,203,201,204,-1,204,201,200,-1,205,206,207,-1,207,206,203,-1,207,203,204,-1,208,206,209,-1,209,206,205,-1,210,211,212,-1,212,211,208,-1,212,208,209,-1,211,210,213,-1,213,210,214,-1,213,214,215,-1,216,217,218,-1,218,217,213,-1,218,213,215,-1,219,217,220,-1,220,217,216,-1,221,222,223,-1,223,222,219,-1,223,219,220,-1,224,225,226,-1,226,225,222,-1,226,222,221,-1,199,197,227,-1,227,197,225,-1,227,225,224,-1,217,219,213,-1,213,219,222,-1,213,222,211,-1,197,196,225,-1,225,196,201,-1,225,201,203,-1,206,208,203,-1,203,208,211,-1,203,211,225,-1,225,211,222,-1,228,229,230,-1,230,229,231,-1,230,231,232,-1,232,231,233,-1,232,233,234,-1,234,233,235,-1,234,235,236,-1,236,235,237,-1,236,237,238,-1,238,237,239,-1,238,239,240,-1,240,239,241,-1,240,241,242,-1,242,241,243,-1,242,243,244,-1,244,243,245,-1,244,245,246,-1,246,245,247,-1,246,247,248,-1,248,247,249,-1,248,249,250,-1,250,249,251,-1,250,251,252,-1,252,251,253,-1,252,253,254,-1,254,253,255,-1,254,255,256,-1,256,255,257,-1,256,257,258,-1,258,257,259,-1,258,259,260,-1,260,259,261,-1,260,261,262,-1,262,261,263,-1,262,263,228,-1,228,263,229,-1,251,249,264,-1,264,249,265,-1,251,264,266,-1,251,266,253,-1,253,266,267,-1,253,267,255,-1,255,267,268,-1,255,268,257,-1,257,268,269,-1,257,269,259,-1,259,269,270,-1,259,270,261,-1,261,270,271,-1,261,271,263,-1,263,271,272,-1,263,272,229,-1,229,272,273,-1,229,273,231,-1,274,239,275,-1,275,239,237,-1,275,237,276,-1,276,237,235,-1,276,235,277,-1,277,235,233,-1,277,233,278,-1,278,233,231,-1,278,231,273,-1,239,274,279,-1,239,279,241,-1,241,279,280,-1,241,280,243,-1,243,280,281,-1,243,281,245,-1,247,245,282,-1,282,245,281,-1,265,249,283,-1,283,249,247,-1,283,247,282,-1,244,246,284,-1,284,246,285,-1,246,248,285,-1,285,248,286,-1,248,250,286,-1,286,250,287,-1,258,288,289,-1,258,289,256,-1,256,289,290,-1,256,290,254,-1,254,290,291,-1,254,291,252,-1,252,291,287,-1,252,287,250,-1,230,292,293,-1,230,293,228,-1,228,293,294,-1,228,294,262,-1,262,294,295,-1,262,295,260,-1,260,295,288,-1,260,288,258,-1,238,296,297,-1,238,297,236,-1,236,297,298,-1,236,298,234,-1,234,298,299,-1,234,299,232,-1,232,299,292,-1,232,292,230,-1,244,284,300,-1,244,300,242,-1,242,300,301,-1,242,301,240,-1,240,301,296,-1,240,296,238,-1,
        ]
    }
}
Shape{
    appearance Appearance {
        material  Material 	{
            diffuseColor 0.37254901960784315 0.9490196078431372 1.0
            specularColor 0.18823529411764706 0.4745098039215686 0.5019607843137255
            ambientIntensity 0.2
            transparency 0
            shininess 0.5
        }
    }
    geometry IndexedFaceSet {
        ccw TRUE
        solid FALSE
        coord DEF co Coordinate {
            point [
                1.2205 0.133 0.2066, 1.2205 0.133 0.1757, 1.2205 0.139 0.2066, 1.2205 0.1388 0.1757, 1.2205 0.1439 0.1763, 1.2205 0.1473 0.1775, 1.2205 0.1499 0.1792, 1.2205 0.1507 0.1799, 1.2205 0.1528 0.1825, 1.2205 0.1541 0.1855, 1.2205 0.1549 0.1893, 1.2205 0.155 0.1915, 1.2205 0.1545 0.1961, 1.2205 0.1534 0.1991, 1.2205 0.1519 0.2014, 1.2205 0.1506 0.2028, 1.2205 0.144 0.2061, 1.2205 0.1475 0.2048, 1.2205 0.1475 0.2048
            ]
        }
        coordIndex [
            0,1,2,-1,2,1,3,-1,2,3,4,-1,4,5,2,-1,2,5,6,-1,2,6,7,-1,7,8,2,-1,2,8,9,-1,2,9,10,-1,10,11,2,-1,2,11,12,-1,2,12,13,-1,13,14,2,-1,2,14,15,-1,2,15,16,-1,16,15,17,-1,
        ]
    }
}
Shape{
    appearance Appearance {
        material  Material 	{
            diffuseColor 0.0 0.0 0.0
            specularColor 0.0 0.0 0.0
            ambientIntensity 0.2
            transparency 0
            shininess 0.5
        }
    }
    geometry IndexedFaceSet {
        ccw TRUE
        solid FALSE
        coord DEF co Coordinate {
            point [
                1.2209 0.1738 0.1866, 1.2209 0.1722 0.1821, 1.2209 0.1873 0.1866, 1.2209 0.1889 0.1821, 1.2209 0.1798 0.2033, 1.2209 0.1779 0.2112, 1.2209 0.1626 0.1711, 1.2209 0.1683 0.1711, 1.2209 0.1802 0.2045, 1.2209 0.1805 0.2061, 1.2209 0.1834 0.2112, 1.2209 0.1806 0.2061, 1.2209 0.1809 0.2044, 1.2209 0.1812 0.2033, 1.2209 0.1987 0.1711, 1.2209 0.1929 0.1711, 1.2205 0.1834 0.2112, 1.2205 0.1855 0.2058, 1.2205 0.1987 0.1711, 1.2205 0.1779 0.2112, 1.2205 0.1626 0.1711, 1.2205 0.1758 0.2058, 1.2205 0.1683 0.1711, 1.2205 0.1722 0.1821, 1.2205 0.1889 0.1821, 1.2205 0.1929 0.1711, 1.2205 0.1738 0.1866, 1.2205 0.1873 0.1866, 1.2205 0.1812 0.2033, 1.2205 0.1806 0.2061, 1.2205 0.1809 0.2044, 1.2205 0.1805 0.2061, 1.2205 0.1798 0.2033, 1.2205 0.1802 0.2045, 1.2205 0.1802 0.2045
            ]
        }
        coordIndex [
            0,1,2,-1,2,1,3,-1,4,5,0,-1,0,5,6,-1,0,6,1,-1,1,6,7,-1,4,8,5,-1,5,8,9,-1,5,9,10,-1,10,9,11,-1,10,11,12,-1,12,13,10,-1,10,13,2,-1,10,2,14,-1,14,2,3,-1,14,3,15,-1,16,10,17,-1,17,10,14,-1,17,14,18,-1,5,10,19,-1,19,10,16,-1,20,6,21,-1,21,6,5,-1,21,5,19,-1,7,6,22,-1,22,6,20,-1,1,7,23,-1,23,7,22,-1,3,1,24,-1,24,1,23,-1,15,3,25,-1,25,3,24,-1,14,15,18,-1,18,15,25,-1,0,2,26,-1,26,2,27,-1,2,13,27,-1,27,13,28,-1,11,29,30,-1,11,30,12,-1,12,30,28,-1,12,28,13,-1,11,9,29,-1,29,9,31,-1,4,32,33,-1,4,33,8,-1,8,33,31,-1,8,31,9,-1,4,0,32,-1,32,0,26,-1,
        ]
    }
}
Shape{
    appearance Appearance {
        material  Material 	{
            diffuseColor 0.37254901960784315 0.9490196078431372 1.0
            specularColor 0.18823529411764706 0.4745098039215686 0.5019607843137255
            ambientIntensity 0.2
            transparency 0
            shininess 0.5
        }
    }
    geometry IndexedFaceSet {
        ccw TRUE
        solid FALSE
        coord DEF co Coordinate {
            point [
                1.2205 0.1806 0.2061, 1.2205 0.1805 0.2061, 1.2205 0.1809 0.2044, 1.2205 0.1802 0.2045, 1.2205 0.1812 0.2033, 1.2205 0.1798 0.2033, 1.2205 0.1873 0.1866, 1.2205 0.1738 0.1866, 1.2205 0.1738 0.1866
            ]
        }
        coordIndex [
            0,1,2,-1,2,1,3,-1,2,3,4,-1,4,3,5,-1,4,5,6,-1,6,5,7,-1,
        ]
    }
}
Shape{
    appearance Appearance {
        material  Material 	{
            diffuseColor 0.0 0.0 0.0
            specularColor 0.0 0.0 0.0
            ambientIntensity 0.2
            transparency 0
            shininess 0.5
        }
    }
    geometry IndexedFaceSet {
        ccw TRUE
        solid FALSE
        coord DEF co Coordinate {
            point [
                1.2209 -0.1891 0.1658, 1.2209 -0.185 0.1605, 1.2209 -0.1915 0.1906, 1.2209 -0.1964 0.2401, 1.2209 -0.1901 0.2435, 1.2209 -0.1917 0.261, 1.2209 -0.1415 0.1644, 1.2209 -0.1381 0.1708, 1.2209 -0.1365 0.1778, 1.2209 -0.1739 0.2618, 1.2209 -0.1651 0.241, 1.2209 -0.1607 0.2501, 1.2209 -0.1804 0.2624, 1.2209 -0.0965 0.2046, 1.2209 -0.1053 0.2197, 1.2209 -0.1363 0.1835, 1.2209 -0.1434 0.1998, 1.2209 -0.1363 0.1807, 1.2209 -0.152 0.1553, 1.2209 -0.1462 0.1591, 1.2209 -0.1761 0.1796, 1.2209 -0.1756 0.1769, 1.2209 -0.1745 0.1745, 1.2209 -0.0871 0.2328, 1.2209 -0.0848 0.2328, 1.2209 -0.0731 0.2481, 1.2209 -0.0792 0.2321, 1.2209 -0.0718 0.2477, 1.2209 -0.0742 0.2301, 1.2209 -0.0633 0.2435, 1.2209 -0.0556 0.237, 1.2209 -0.168 0.2686, 1.2209 -0.1543 0.2577, 1.2209 -0.1614 0.2743, 1.2209 -0.1467 0.2632, 1.2209 -0.1544 0.2786, 1.2209 -0.1973 0.1941, 1.2209 -0.1955 0.1727, 1.2209 -0.1918 0.1716, 1.2209 -0.183 0.2452, 1.2209 -0.1801 0.2453, 1.2209 -0.1772 0.2622, 1.2209 -0.174 0.2446, 1.2209 -0.1676 0.2424, 1.2209 -0.156 0.174, 1.2209 -0.1576 0.1722, 1.2209 -0.1597 0.1707, 1.2209 -0.1583 0.153, 1.2209 -0.1622 0.1697, 1.2209 -0.1648 0.1522, 1.2209 -0.1651 0.1693, 1.2209 -0.1662 0.1523, 1.2209 -0.1655 0.1693, 1.2209 -0.173 0.1534, 1.2209 -0.1681 0.1697, 1.2209 -0.1795 0.1562, 1.2209 -0.1707 0.1708, 1.2209 -0.1729 0.1725, 1.2209 -0.1547 0.1844, 1.2209 -0.154 0.1817, 1.2209 -0.154 0.1791, 1.2209 -0.1547 0.1764, 1.2209 -0.2022 0.2569, 1.2209 -0.2113 0.2505, 1.2209 -0.2017 0.2354, 1.2209 -0.2132 0.2487, 1.2209 -0.2055 0.2297, 1.2209 -0.22 0.2399, 1.2209 -0.2079 0.2233, 1.2209 -0.176 0.1824, 1.2209 -0.1752 0.185, 1.2209 -0.1881 0.1971, 1.2209 -0.1737 0.1874, 1.2209 -0.1834 0.2024, 1.2209 -0.1726 0.1886, 1.2209 -0.1775 0.2064, 1.2209 -0.1703 0.1902, 1.2209 -0.1712 0.2087, 1.2209 -0.1678 0.1911, 1.2209 -0.1648 0.2094, 1.2209 -0.1651 0.1915, 1.2209 -0.161 0.2092, 1.2209 -0.1627 0.1912, 1.2209 -0.1541 0.2074, 1.2209 -0.16 0.1903, 1.2209 -0.1482 0.2041, 1.2209 -0.1578 0.1888, 1.2209 -0.1559 0.1867, 1.2209 -0.0698 0.227, 1.2209 -0.0671 0.224, 1.2209 -0.0498 0.2289, 1.2209 -0.0643 0.2192, 1.2209 -0.0463 0.2202, 1.2209 -0.0628 0.2138, 1.2209 -0.0449 0.2109, 1.2209 -0.0626 0.2106, 1.2209 -0.0462 0.2008, 1.2209 -0.0633 0.2049, 1.2209 -0.0498 0.1917, 1.2209 -0.0653 0.1998, 1.2209 -0.0555 0.1838, 1.2209 -0.0685 0.1954, 1.2209 -0.0632 0.1773, 1.2209 -0.0726 0.1919, 1.2209 -0.0719 0.173, 1.2209 -0.0776 0.1895, 1.2209 -0.0814 0.171, 1.2209 -0.0831 0.1884, 1.2209 -0.0982 0.171, 1.2209 -0.0959 0.1884, 1.2209 -0.0998 0.1713, 1.2209 -0.0885 0.2706, 1.2209 -0.0998 0.2577, 1.2209 -0.0791 0.2598, 1.2209 -0.0933 0.25, 1.2209 -0.0889 0.2409, 1.2209 -0.0973 0.1886, 1.2209 -0.1042 0.174, 1.2209 -0.1035 0.1733, 1.2209 -0.1413 0.2837, 1.2209 -0.1374 0.267, 1.2209 -0.1272 0.2854, 1.2209 -0.1269 0.2684, 1.2209 -0.1155 0.2842, 1.2209 -0.1172 0.2672, 1.2209 -0.1012 0.2792, 1.2209 -0.1083 0.2637, 1.2209 -0.1003 0.2582, 1.2209 -0.0964 0.1884, 1.2209 -0.1017 0.172, 1.2209 -0.2246 0.2296, 1.2209 -0.2265 0.2189, 1.2209 -0.2086 0.2168, 1.2209 -0.2265 0.2163, 1.2209 -0.2082 0.2123, 1.2209 -0.2251 0.2051, 1.2209 -0.2062 0.2053, 1.2209 -0.2211 0.1945, 1.2209 -0.2025 0.1992, 1.2209 -0.2146 0.1852, 1.2209 -0.2057 0.1777, 1.2209 -0.1064 0.1798, 1.2209 -0.1062 0.1777, 1.2209 -0.1054 0.1758, 1.2209 -0.0998 0.1884, 1.2209 -0.1018 0.1876, 1.2209 -0.1064 0.181, 1.2209 -0.1035 0.1864, 1.2209 -0.1047 0.1851, 1.2209 -0.1058 0.1831, 1.2209 -0.0976 0.1887, 1.2205 -0.0449 0.2109, 1.2205 -0.0463 0.2202, 1.2205 -0.0498 0.2289, 1.2205 -0.0537 0.2343, 1.2205 -0.0556 0.237, 1.2205 -0.0633 0.2435, 1.2205 -0.0718 0.2477, 1.2205 -0.0731 0.2481, 1.2205 -0.0791 0.2598, 1.2205 -0.0885 0.2706, 1.2205 -0.095 0.275, 1.2205 -0.1012 0.2792, 1.2205 -0.1155 0.2842, 1.2205 -0.1272 0.2854, 1.2205 -0.1413 0.2837, 1.2205 -0.1614 0.2743, 1.2205 -0.1602 0.275, 1.2205 -0.1526 0.2793, 1.2205 -0.1544 0.2786, 1.2205 -0.168 0.2686, 1.2205 -0.1739 0.2618, 1.2205 -0.1772 0.2622, 1.2205 -0.1804 0.2624, 1.2205 -0.1917 0.261, 1.2205 -0.2022 0.2569, 1.2205 -0.2113 0.2505, 1.2205 -0.2132 0.2487, 1.2205 -0.22 0.2399, 1.2205 -0.2225 0.2343, 1.2205 -0.2246 0.2296, 1.2205 -0.2265 0.2189, 1.2205 -0.2265 0.2163, 1.2205 -0.2252 0.2058, 1.2205 -0.2251 0.2051, 1.2205 -0.2211 0.1945, 1.2205 -0.2146 0.1852, 1.2205 -0.2057 0.1777, 1.2205 -0.1955 0.1727, 1.2205 -0.1918 0.1716, 1.2205 -0.1915 0.1708, 1.2205 -0.1891 0.1658, 1.2205 -0.185 0.1605, 1.2205 -0.1795 0.1562, 1.2205 -0.1765 0.155, 1.2205 -0.173 0.1534, 1.2205 -0.1662 0.1523, 1.2205 -0.1648 0.1522, 1.2205 -0.1363 0.1807, 1.2205 -0.1583 0.153, 1.2205 -0.1529 0.155, 1.2205 -0.1526 0.155, 1.2205 -0.152 0.1553, 1.2205 -0.1462 0.1591, 1.2205 -0.1415 0.1644, 1.2205 -0.1381 0.1708, 1.2205 -0.1381 0.1708, 1.2205 -0.1365 0.1778, 1.2205 -0.1363 0.1835, 1.2205 -0.0965 0.2046, 1.2205 -0.1053 0.2197, 1.2205 -0.0972 0.2058, 1.2205 -0.1434 0.1998, 1.2205 -0.1319 0.2058, 1.2205 -0.1526 0.2066, 1.2205 -0.1512 0.2058, 1.2205 -0.1482 0.2041, 1.2205 -0.1541 0.2074, 1.2205 -0.161 0.2092, 1.2205 -0.1648 0.2094, 1.2205 -0.1712 0.2087, 1.2205 -0.1775 0.2064, 1.2205 -0.1784 0.2058, 1.2205 -0.1834 0.2024, 1.2205 -0.1881 0.1971, 1.2205 -0.1915 0.1906, 1.2205 -0.2086 0.2168, 1.2205 -0.1973 0.1941, 1.2205 -0.2025 0.1992, 1.2205 -0.2062 0.2053, 1.2205 -0.2063 0.2058, 1.2205 -0.2082 0.2123, 1.2205 -0.2079 0.2233, 1.2205 -0.2055 0.2297, 1.2205 -0.2024 0.2343, 1.2205 -0.2017 0.2354, 1.2205 -0.1964 0.2401, 1.2205 -0.1901 0.2435, 1.2205 -0.183 0.2452, 1.2205 -0.1801 0.2453, 1.2205 -0.174 0.2446, 1.2205 -0.1676 0.2424, 1.2205 -0.1651 0.241, 1.2205 -0.1607 0.2501, 1.2205 -0.1543 0.2577, 1.2205 -0.1526 0.2589, 1.2205 -0.1467 0.2632, 1.2205 -0.1374 0.267, 1.2205 -0.1269 0.2684, 1.2205 -0.0871 0.2328, 1.2205 -0.0874 0.2343, 1.2205 -0.0889 0.2409, 1.2205 -0.0933 0.25, 1.2205 -0.0998 0.2577, 1.2205 -0.1003 0.2582, 1.2205 -0.1083 0.2637, 1.2205 -0.1172 0.2672, 1.2205 -0.0848 0.2328, 1.2205 -0.0792 0.2321, 1.2205 -0.0742 0.2301, 1.2205 -0.0698 0.227, 1.2205 -0.0671 0.224, 1.2205 -0.0643 0.2192, 1.2205 -0.0628 0.2138, 1.2205 -0.0626 0.2106, 1.2205 -0.0632 0.2058, 1.2205 -0.0633 0.2049, 1.2205 -0.0653 0.1998, 1.2205 -0.0685 0.1954, 1.2205 -0.0726 0.1919, 1.2205 -0.0776 0.1895, 1.2205 -0.0831 0.1884, 1.2205 -0.0959 0.1884, 1.2205 -0.0964 0.1884, 1.2205 -0.0973 0.1886, 1.2205 -0.0976 0.1887, 1.2205 -0.0998 0.1884, 1.2205 -0.1018 0.1876, 1.2205 -0.1035 0.1864, 1.2205 -0.1047 0.1851, 1.2205 -0.1058 0.1831, 1.2205 -0.1064 0.181, 1.2205 -0.1064 0.1798, 1.2205 -0.1062 0.1777, 1.2205 -0.1054 0.1758, 1.2205 -0.1042 0.174, 1.2205 -0.1035 0.1733, 1.2205 -0.1017 0.172, 1.2205 -0.0998 0.1713, 1.2205 -0.0982 0.171, 1.2205 -0.0814 0.171, 1.2205 -0.0719 0.173, 1.2205 -0.0632 0.1773, 1.2205 -0.0555 0.1838, 1.2205 -0.0456 0.2058, 1.2205 -0.0462 0.2008, 1.2205 -0.0498 0.1917, 1.2205 -0.1651 0.1915, 1.2205 -0.1627 0.1912, 1.2205 -0.16 0.1903, 1.2205 -0.1578 0.1888, 1.2205 -0.1559 0.1867, 1.2205 -0.1547 0.1844, 1.2205 -0.154 0.1817, 1.2205 -0.154 0.1791, 1.2205 -0.1547 0.1764, 1.2205 -0.156 0.174, 1.2205 -0.1576 0.1722, 1.2205 -0.1597 0.1707, 1.2205 -0.1622 0.1697, 1.2205 -0.1651 0.1693, 1.2205 -0.1655 0.1693, 1.2205 -0.1681 0.1697, 1.2205 -0.1707 0.1708, 1.2205 -0.1729 0.1725, 1.2205 -0.1745 0.1745, 1.2205 -0.1756 0.1769, 1.2205 -0.1761 0.1796, 1.2205 -0.176 0.1824, 1.2205 -0.1752 0.185, 1.2205 -0.1737 0.1874, 1.2205 -0.1726 0.1886, 1.2205 -0.1703 0.1902, 1.2205 -0.1678 0.1911, 1.2205 -0.1678 0.1911
            ]
        }
        coordIndex [
            0,1,2,-1,3,4,5,-1,6,7,8,-1,9,10,11,-1,5,4,12,-1,13,14,15,-1,15,14,16,-1,15,16,17,-1,17,16,18,-1,17,18,8,-1,8,18,19,-1,8,19,6,-1,20,2,21,-1,21,2,1,-1,21,1,22,-1,23,24,25,-1,25,24,26,-1,25,26,27,-1,27,26,28,-1,27,28,29,-1,29,28,30,-1,9,11,31,-1,31,11,32,-1,31,32,33,-1,33,32,34,-1,33,34,35,-1,36,37,2,-1,2,37,38,-1,2,38,0,-1,4,39,12,-1,12,39,40,-1,12,40,41,-1,41,40,42,-1,41,42,9,-1,9,42,43,-1,9,43,10,-1,44,45,18,-1,18,45,46,-1,18,46,47,-1,47,46,48,-1,47,48,49,-1,49,48,50,-1,49,50,51,-1,51,50,52,-1,51,52,53,-1,53,52,54,-1,53,54,55,-1,55,54,56,-1,55,56,1,-1,1,56,57,-1,1,57,22,-1,58,59,16,-1,16,59,60,-1,16,60,18,-1,18,60,61,-1,18,61,44,-1,5,62,3,-1,3,62,63,-1,3,63,64,-1,64,63,65,-1,64,65,66,-1,66,65,67,-1,66,67,68,-1,20,69,2,-1,2,69,70,-1,2,70,71,-1,71,70,72,-1,71,72,73,-1,73,72,74,-1,73,74,75,-1,75,74,76,-1,75,76,77,-1,77,76,78,-1,77,78,79,-1,79,78,80,-1,79,80,81,-1,81,80,82,-1,81,82,83,-1,83,82,84,-1,83,84,85,-1,85,84,86,-1,85,86,16,-1,16,86,87,-1,16,87,58,-1,28,88,30,-1,30,88,89,-1,30,89,90,-1,90,89,91,-1,90,91,92,-1,92,91,93,-1,92,93,94,-1,94,93,95,-1,94,95,96,-1,96,95,97,-1,96,97,98,-1,98,97,99,-1,98,99,100,-1,100,99,101,-1,100,101,102,-1,102,101,103,-1,102,103,104,-1,104,103,105,-1,104,105,106,-1,106,105,107,-1,106,107,108,-1,108,107,109,-1,108,109,110,-1,111,112,113,-1,113,112,114,-1,113,114,25,-1,25,114,115,-1,25,115,23,-1,116,117,118,-1,35,34,119,-1,119,34,120,-1,119,120,121,-1,121,120,122,-1,121,122,123,-1,123,122,124,-1,123,124,125,-1,125,124,126,-1,125,126,111,-1,111,126,127,-1,111,127,112,-1,109,128,110,-1,110,128,116,-1,110,116,129,-1,129,116,118,-1,67,130,68,-1,68,130,131,-1,68,131,132,-1,132,131,133,-1,132,133,134,-1,134,133,135,-1,134,135,136,-1,136,135,137,-1,136,137,138,-1,138,137,139,-1,138,139,36,-1,36,139,140,-1,36,140,37,-1,141,142,116,-1,116,142,143,-1,116,143,117,-1,144,145,146,-1,145,147,146,-1,146,147,148,-1,146,148,149,-1,141,116,146,-1,146,116,150,-1,146,150,144,-1,94,151,152,-1,94,152,92,-1,92,152,153,-1,92,153,90,-1,90,153,154,-1,90,154,30,-1,154,155,30,-1,30,155,156,-1,30,156,29,-1,29,156,157,-1,29,157,27,-1,27,157,158,-1,27,158,25,-1,25,158,159,-1,25,159,113,-1,113,159,160,-1,113,160,111,-1,125,111,161,-1,161,111,160,-1,161,162,125,-1,125,162,163,-1,125,163,123,-1,123,163,164,-1,123,164,121,-1,121,164,165,-1,166,33,167,-1,167,33,35,-1,121,165,119,-1,119,165,168,-1,119,168,35,-1,35,168,169,-1,35,169,167,-1,33,166,170,-1,33,170,31,-1,31,170,171,-1,31,171,9,-1,9,171,172,-1,9,172,41,-1,41,172,173,-1,41,173,12,-1,12,173,174,-1,12,174,5,-1,5,174,175,-1,5,175,62,-1,62,175,176,-1,62,176,63,-1,63,176,177,-1,63,177,65,-1,65,177,178,-1,65,178,67,-1,67,178,179,-1,67,179,130,-1,179,180,130,-1,130,180,181,-1,130,181,131,-1,131,181,182,-1,131,182,133,-1,133,182,135,-1,135,182,183,-1,183,184,135,-1,135,184,185,-1,135,185,137,-1,137,185,186,-1,137,186,139,-1,139,186,187,-1,139,187,140,-1,140,187,188,-1,140,188,37,-1,37,188,189,-1,37,189,38,-1,38,189,190,-1,38,190,0,-1,190,191,0,-1,0,191,192,-1,0,192,1,-1,1,192,193,-1,1,193,55,-1,55,193,194,-1,55,194,53,-1,194,195,53,-1,53,195,196,-1,53,196,51,-1,51,196,197,-1,51,197,49,-1,198,17,8,-1,47,49,199,-1,199,49,197,-1,47,199,18,-1,18,199,200,-1,18,200,201,-1,201,202,18,-1,18,202,203,-1,18,203,19,-1,19,203,204,-1,19,204,6,-1,6,204,205,-1,6,205,7,-1,7,205,206,-1,7,206,8,-1,8,206,207,-1,8,207,198,-1,15,17,208,-1,208,17,198,-1,13,15,209,-1,209,15,208,-1,210,14,211,-1,211,14,13,-1,211,13,209,-1,212,16,213,-1,213,16,14,-1,213,14,210,-1,214,83,215,-1,215,83,85,-1,215,85,216,-1,216,85,16,-1,216,16,212,-1,214,217,83,-1,83,217,218,-1,83,218,81,-1,81,218,219,-1,81,219,79,-1,79,219,220,-1,79,220,77,-1,77,220,221,-1,77,221,75,-1,75,221,222,-1,75,222,73,-1,222,223,73,-1,73,223,224,-1,73,224,71,-1,71,224,225,-1,71,225,2,-1,226,132,134,-1,2,225,227,-1,2,227,36,-1,36,227,228,-1,36,228,138,-1,138,228,229,-1,138,229,136,-1,136,229,230,-1,136,230,134,-1,134,230,231,-1,134,231,226,-1,132,226,232,-1,132,232,68,-1,68,232,233,-1,68,233,66,-1,66,233,234,-1,66,234,64,-1,234,235,64,-1,64,235,236,-1,64,236,3,-1,3,236,237,-1,3,237,4,-1,4,237,238,-1,4,238,39,-1,39,238,239,-1,39,239,40,-1,40,239,240,-1,40,240,42,-1,42,240,241,-1,42,241,43,-1,43,241,242,-1,43,242,10,-1,10,242,243,-1,10,243,11,-1,11,243,244,-1,11,244,32,-1,32,244,245,-1,32,245,34,-1,245,246,34,-1,34,246,247,-1,34,247,120,-1,120,247,248,-1,120,248,122,-1,249,23,250,-1,250,23,115,-1,250,115,251,-1,251,115,114,-1,251,114,252,-1,252,114,112,-1,252,112,253,-1,253,112,127,-1,253,127,254,-1,254,127,126,-1,254,126,255,-1,255,126,124,-1,255,124,256,-1,256,124,122,-1,256,122,248,-1,24,23,257,-1,257,23,249,-1,24,257,258,-1,24,258,26,-1,26,258,259,-1,26,259,28,-1,28,259,260,-1,28,260,88,-1,88,260,261,-1,88,261,89,-1,89,261,262,-1,89,262,91,-1,91,262,263,-1,91,263,93,-1,93,263,264,-1,93,264,95,-1,95,264,97,-1,97,264,265,-1,265,266,97,-1,97,266,267,-1,97,267,99,-1,99,267,268,-1,99,268,101,-1,101,268,269,-1,101,269,103,-1,103,269,270,-1,103,270,105,-1,105,270,271,-1,105,271,107,-1,109,107,272,-1,272,107,271,-1,109,272,273,-1,109,273,128,-1,128,273,274,-1,128,274,116,-1,116,274,275,-1,116,275,150,-1,150,275,276,-1,150,276,144,-1,144,276,277,-1,144,277,145,-1,145,277,278,-1,145,278,147,-1,147,278,279,-1,147,279,148,-1,148,279,280,-1,148,280,149,-1,149,280,281,-1,149,281,146,-1,146,281,282,-1,146,282,141,-1,141,282,283,-1,141,283,142,-1,142,283,284,-1,142,284,143,-1,143,284,285,-1,143,285,117,-1,117,285,286,-1,117,286,118,-1,118,286,287,-1,118,287,129,-1,129,287,288,-1,129,288,110,-1,110,288,289,-1,110,289,108,-1,106,108,290,-1,290,108,289,-1,106,290,291,-1,106,291,104,-1,104,291,292,-1,104,292,102,-1,102,292,293,-1,102,293,100,-1,151,94,294,-1,294,94,96,-1,294,96,295,-1,295,96,98,-1,295,98,296,-1,296,98,100,-1,296,100,293,-1,80,297,298,-1,80,298,82,-1,82,298,299,-1,82,299,84,-1,84,299,300,-1,84,300,86,-1,86,300,301,-1,86,301,87,-1,87,301,302,-1,87,302,58,-1,58,302,303,-1,58,303,59,-1,59,303,304,-1,59,304,60,-1,60,304,305,-1,60,305,61,-1,61,305,306,-1,61,306,44,-1,44,306,307,-1,44,307,45,-1,45,307,308,-1,45,308,46,-1,46,308,309,-1,46,309,48,-1,48,309,310,-1,48,310,50,-1,50,310,311,-1,50,311,52,-1,52,311,312,-1,52,312,54,-1,54,312,313,-1,54,313,56,-1,56,313,314,-1,56,314,57,-1,57,314,315,-1,57,315,22,-1,22,315,316,-1,22,316,21,-1,21,316,317,-1,21,317,20,-1,20,317,318,-1,20,318,69,-1,69,318,319,-1,69,319,70,-1,70,319,320,-1,70,320,72,-1,72,320,321,-1,72,321,74,-1,74,321,322,-1,74,322,76,-1,76,322,323,-1,76,323,78,-1,78,323,297,-1,78,297,80,-1,
        ]
    }
}
Shape{
    appearance Appearance {
        material  Material 	{
            diffuseColor 0.37254901960784315 0.9490196078431372 1.0
            specularColor 0.18823529411764706 0.4745098039215686 0.5019607843137255
            ambientIntensity 0.2
            transparency 0
            shininess 0.5
        }
    }
    geometry IndexedFaceSet {
        ccw TRUE
        solid FALSE
        coord DEF co Coordinate {
            point [
                1.2205 -0.1655 0.1693, 1.2205 -0.1726 0.1886, 1.2205 -0.1737 0.1874, 1.2205 -0.1622 0.1697, 1.2205 -0.1597 0.1707, 1.2205 -0.1627 0.1912, 1.2205 -0.1651 0.1915, 1.2205 -0.1678 0.1911, 1.2205 -0.1703 0.1902, 1.2205 -0.1756 0.1769, 1.2205 -0.1745 0.1745, 1.2205 -0.1729 0.1725, 1.2205 -0.1651 0.1693, 1.2205 -0.1752 0.185, 1.2205 -0.176 0.1824, 1.2205 -0.1761 0.1796, 1.2205 -0.1707 0.1708, 1.2205 -0.1681 0.1697, 1.2205 -0.1576 0.1722, 1.2205 -0.156 0.174, 1.2205 -0.1547 0.1764, 1.2205 -0.154 0.1791, 1.2205 -0.154 0.1817, 1.2205 -0.1547 0.1844, 1.2205 -0.1559 0.1867, 1.2205 -0.1578 0.1888, 1.2205 -0.16 0.1903, 1.2205 -0.16 0.1903
            ]
        }
        coordIndex [
            0,1,2,-1,3,4,5,-1,6,7,0,-1,0,7,8,-1,0,8,1,-1,9,10,2,-1,2,10,11,-1,6,0,5,-1,5,0,12,-1,5,12,3,-1,13,14,2,-1,2,14,15,-1,2,15,9,-1,11,16,2,-1,2,16,17,-1,2,17,0,-1,4,18,5,-1,5,18,19,-1,5,19,20,-1,20,21,5,-1,5,21,22,-1,5,22,23,-1,23,24,5,-1,5,24,25,-1,5,25,26,-1,
        ]
    }
}