#VRML V2.0 utf8
# 3D model generated by easyeda2kicad.py (https://github.com/uPesy/easyeda2kicad.py)

Shape{
    appearance Appearance {
        material  Material 	{
            diffuseColor 0.25098039215686274 0.25098039215686274 0.25098039215686274
            specularColor 0.12549019607843137 0.12549019607843137 0.12549019607843137
            ambientIntensity 0.2
            transparency 0
            shininess 0.5
        }
    }
    geometry IndexedFaceSet {
        ccw TRUE
        solid FALSE
        coord DEF co Coordinate {
            point [
                0.5709 -0.0189 0.0, 0.5709 0.0042 0.0, 0.5627 0.0042 0.1168, 0.5624 0.042 0.1217, 0.5623 0.0425 0.1224, 0.562 0.0425 0.1263, 0.562 0.0316 0.1264, 0.562 0.0312 0.1263, 0.562 0.0369 0.1263, 0.559 0.006 0.1697, 0.5589 0.0056 0.1706, 0.5599 0.0056 0.1573, 0.5709 -0.256 -0.0, 0.5709 -0.1968 0.0, 0.5627 -0.1968 0.1168, 0.5605 0.0698 0.1477, 0.5618 0.0703 0.1293, 0.5599 0.0726 0.1573, 0.562 0.0726 0.1263, 0.562 0.0703 0.1265, 0.562 0.065 0.1263, 0.5613 0.0605 0.1373, 0.5618 0.0605 0.1293, 0.5613 0.065 0.1373, 0.5618 0.065 0.1293, 0.5613 0.0691 0.1373, 0.5611 0.0691 0.1401, 0.5611 0.065 0.1401, 0.5605 0.065 0.1477, 0.5611 0.0605 0.1401, 0.5605 0.0605 0.1477, 0.562 0.065 0.1265, 0.562 0.0574 0.1265, 0.562 0.0558 0.1263, 0.5603 0.0574 0.1505, 0.5577 0.0781 0.1885, 0.5594 0.0873 0.1645, 0.5599 0.245 0.1573, 0.5589 0.0814 0.1711, 0.5589 0.0726 0.1711, 0.5594 0.0839 0.1645, 0.5577 0.2428 0.1887, 0.5577 0.0726 0.1887, 0.5577 0.0748 0.1885, 0.5581 0.0726 0.1827, 0.5613 0.0944 0.1373, 0.5615 0.0938 0.1345, 0.562 0.0958 0.1265, 0.5616 0.0926 0.132, 0.5618 0.0908 0.1299, 0.5603 0.1049 0.1505, 0.5603 0.1082 0.1505, 0.5612 0.0944 0.1388, 0.5609 0.094 0.1421, 0.5603 0.0817 0.1505, 0.5604 0.0854 0.1501, 0.5619 0.0883 0.1281, 0.562 0.0855 0.127, 0.562 0.0815 0.1265, 0.5606 0.0908 0.1473, 0.5606 0.0917 0.1465, 0.5608 0.0932 0.1444, 0.5616 0.1115 0.1331, 0.5616 0.1015 0.1331, 0.562 0.114 0.1265, 0.562 0.0992 0.1265, 0.562 0.2471 0.1263, 0.5604 0.0883 0.149, 0.562 0.1174 0.1265, 0.562 0.0749 0.1265, 0.5603 0.0749 0.1505, 0.5627 -0.2478 0.1168, 0.562 -0.1968 0.1263, 0.562 -0.2471 0.1263, 0.5599 -0.1968 0.1573, 0.5599 -0.245 0.1573, 0.5577 -0.1968 0.1887, 0.5577 -0.2428 0.1887, 0.5544 -0.1968 0.2359, 0.5544 -0.2395 0.2359, 0.5577 0.0259 0.1887, 0.5577 0.0194 0.1887, 0.5577 0.02 0.1887, 0.5577 0.0225 0.1879, 0.558 0.0225 0.1847, 0.5599 0.0259 0.1573, 0.5579 0.0223 0.1848, 0.5586 0.0078 0.1753, 0.5588 0.0082 0.1729, 0.5593 0.0115 0.1648, 0.5593 0.0093 0.166, 0.5592 0.0163 0.1669, 0.5592 0.0179 0.167, 0.5591 0.0205 0.1676, 0.5591 0.0225 0.1685, 0.5593 0.0225 0.1655, 0.5593 0.0221 0.1653, 0.5581 0.0102 0.1833, 0.5582 0.009 0.1816, 0.5589 0.009 0.171, 0.559 0.0102 0.1694, 0.5591 0.0108 0.1688, 0.5591 0.0124 0.1677, 0.5592 0.0141 0.1671, 0.5579 0.0169 0.1861, 0.5579 0.0158 0.1861, 0.558 0.0103 0.1835, 0.5579 0.0138 0.1856, 0.5579 0.0119 0.1847, 0.5583 0.0082 0.1795, 0.5585 0.0078 0.1762, 0.5594 0.0195 0.1645, 0.5594 0.0159 0.1641, 0.5594 0.0141 0.1642, 0.5592 0.0076 0.1674, 0.5591 0.0074 0.1676, 0.5579 0.0198 0.1858, 0.5577 0.0168 0.1889, 0.5544 0.0259 0.2359, 0.5577 0.0152 0.1887, 0.5544 0.0056 0.2359, 0.5577 0.0056 0.1887, 0.5581 0.0063 0.1831, 0.5579 0.008 0.1854, 0.5579 0.0085 0.1859, 0.5578 0.0109 0.1875, 0.5577 0.0134 0.1885, 0.5577 0.0042 0.1887, 0.5582 0.0051 0.1804, 0.5582 0.0056 0.1816, 0.5588 0.005 0.1722, 0.5599 0.0042 0.1573, 0.5586 0.0045 0.1761, 0.5585 0.0046 0.1773, 0.5577 0.0397 0.1885, 0.5577 0.0425 0.1887, 0.5577 0.0369 0.1887, 0.5586 0.0304 0.1753, 0.5592 0.0304 0.1673, 0.5586 0.0369 0.1753, 0.5592 0.0369 0.1673, 0.5586 0.039 0.1753, 0.5592 0.0403 0.1673, 0.5584 0.039 0.1781, 0.5579 0.0397 0.1857, 0.5584 0.0369 0.1781, 0.5579 0.0369 0.1857, 0.5584 0.0304 0.1781, 0.5579 0.0304 0.1857, 0.5599 0.0425 0.1573, 0.5594 0.0403 0.1645, 0.5599 0.0369 0.1573, 0.5594 0.0369 0.1645, 0.5594 0.0273 0.1645, 0.5577 0.0273 0.1885, 0.5577 0.0369 0.1885, 0.5594 0.0514 0.1645, 0.5594 0.0448 0.1645, 0.5577 0.0516 0.1885, 0.5577 0.0558 0.1887, 0.5577 0.0448 0.1885, 0.5588 0.0637 0.1725, 0.559 0.0625 0.17, 0.5599 0.065 0.1573, 0.5586 0.0643 0.1753, 0.5577 0.065 0.1887, 0.5583 0.064 0.1801, 0.5585 0.0644 0.1768, 0.5591 0.0607 0.1679, 0.5593 0.0582 0.1661, 0.5599 0.0558 0.1573, 0.5593 0.0558 0.1652, 0.5593 0.0555 0.165, 0.5579 0.0607 0.1853, 0.558 0.0616 0.1845, 0.5581 0.0631 0.1824, 0.5577 0.0553 0.1881, 0.5577 0.0558 0.1879, 0.5578 0.0582 0.187, 0.5594 0.0657 0.1645, 0.5594 0.0691 0.1645, 0.5589 0.0714 0.1711, 0.562 0.0149 0.1267, 0.562 0.0138 0.1263, 0.562 0.0175 0.1265, 0.5614 0.0079 0.1347, 0.5611 0.0084 0.1395, 0.5615 0.0073 0.1338, 0.5616 0.0069 0.1328, 0.562 0.016 0.1274, 0.562 0.0056 0.1263, 0.5619 0.0072 0.1287, 0.5618 0.0068 0.1297, 0.5609 0.0084 0.1424, 0.5609 0.009 0.1428, 0.5608 0.0173 0.1435, 0.561 0.0251 0.1411, 0.5609 0.0256 0.1419, 0.5614 0.0088 0.1355, 0.5613 0.0101 0.1361, 0.561 0.0102 0.1407, 0.5613 0.0124 0.1367, 0.561 0.015 0.1415, 0.561 0.014 0.1416, 0.561 0.0121 0.1414, 0.562 0.0092 0.1268, 0.562 0.0082 0.1275, 0.5619 0.0078 0.1278, 0.5618 0.0175 0.1292, 0.5618 0.0174 0.1292, 0.5619 0.0169 0.1284, 0.5608 0.0112 0.1437, 0.5608 0.0143 0.144, 0.5608 0.0161 0.1439, 0.5617 0.0067 0.1311, 0.5617 0.0067 0.1315, 0.5609 0.0183 0.1429, 0.5609 0.0191 0.1422, 0.5611 0.0247 0.1401, 0.561 0.0198 0.1412, 0.5611 0.0202 0.1398, 0.5613 0.0175 0.1374, 0.5612 0.0174 0.1387, 0.5611 0.0171 0.1398, 0.561 0.0167 0.1404, 0.5614 0.0259 0.1358, 0.5618 0.0246 0.1302, 0.5614 0.0259 0.1358, 0.5618 0.0257 0.1295, 0.5618 0.0259 0.1294, 0.5613 0.0254 0.1363, 0.5613 0.025 0.1369, 0.5612 0.0205 0.1375, 0.5612 0.0247 0.1379, 0.5611 0.0246 0.139, 0.561 0.0162 0.1409, 0.561 0.0157 0.1412, 0.562 0.0137 0.1263, 0.5627 0.0259 0.1168, 0.5627 0.0056 0.1168, 0.562 0.0121 0.1261, 0.562 0.0104 0.1263, 0.562 0.0103 0.1263, 0.562 0.0246 0.1271, 0.562 0.0205 0.1265, 0.562 0.0259 0.1266, 0.562 0.0259 0.1263, 0.562 0.0265 0.1264, 0.562 0.0274 0.1263, 0.562 0.0292 0.1261, 0.5608 0.0353 0.1433, 0.5611 0.0353 0.1404, 0.5609 0.0265 0.1427, 0.5609 0.0274 0.1432, 0.5618 0.036 0.13, 0.5618 0.0356 0.129, 0.5619 0.0351 0.1282, 0.5609 0.0259 0.1422, 0.5608 0.0291 0.1438, 0.5608 0.0313 0.144, 0.5608 0.0333 0.1439, 0.5615 0.0351 0.134, 0.5616 0.0357 0.1332, 0.5616 0.036 0.1323, 0.5617 0.0361 0.1312, 0.562 0.0342 0.1275, 0.562 0.0332 0.1269, 0.561 0.031 0.1416, 0.561 0.0301 0.1415, 0.5611 0.0277 0.1393, 0.561 0.0293 0.1413, 0.561 0.0286 0.141, 0.5612 0.0277 0.1389, 0.5612 0.0278 0.1384, 0.5612 0.028 0.138, 0.5612 0.0283 0.1377, 0.5613 0.0294 0.137, 0.561 0.033 0.1414, 0.5613 0.0313 0.1362, 0.561 0.0347 0.1407, 0.5614 0.0324 0.1358, 0.5615 0.0344 0.1346, 0.561 0.0281 0.1406, 0.5611 0.0279 0.1402, 0.5611 0.0277 0.1398, 0.5619 0.0276 0.1288, 0.5615 0.0291 0.134, 0.5614 0.0273 0.1349, 0.5619 0.0295 0.1286, 0.5619 0.0296 0.1286, 0.5616 0.0311 0.1332, 0.5619 0.0312 0.1287, 0.5617 0.0331 0.1309, 0.5617 0.033 0.1313, 0.5618 0.032 0.129, 0.5618 0.0322 0.1292, 0.5618 0.0326 0.1295, 0.5618 0.0328 0.1299, 0.5618 0.033 0.1303, 0.5617 0.0329 0.1317, 0.5616 0.0327 0.1321, 0.5616 0.0323 0.1325, 0.5608 0.0511 0.1436, 0.5608 0.0542 0.1436, 0.5603 0.065 0.1505, 0.5603 0.0698 0.1505, 0.5617 0.0456 0.1308, 0.5618 0.0459 0.1294, 0.5618 0.046 0.1294, 0.5611 0.0425 0.1395, 0.5617 0.0464 0.1307, 0.5618 0.0461 0.13, 0.5617 0.0425 0.1314, 0.5608 0.0377 0.1436, 0.5608 0.0411 0.1436, 0.562 0.0444 0.1266, 0.562 0.0443 0.1263, 0.5622 0.0431 0.1234, 0.5627 0.0369 0.1168, 0.5626 0.0383 0.1187, 0.5624 0.0383 0.1214, 0.5624 0.0389 0.1212, 0.5624 0.04 0.121, 0.5625 0.0425 0.119, 0.5626 0.0415 0.1186, 0.5627 0.0425 0.1168, 0.5626 0.0403 0.1185, 0.5626 0.0396 0.1185, 0.5624 0.0408 0.1211, 0.5624 0.0414 0.1214, 0.5622 0.0464 0.1239, 0.5624 0.045 0.1213, 0.5627 0.0558 0.1168, 0.562 0.0473 0.1263, 0.5625 0.0439 0.12, 0.5625 0.0437 0.1198, 0.5625 0.0427 0.1191, 0.5575 -0.0619 0.1909, 0.5577 -0.0588 0.1887, 0.5577 -0.0189 0.1887, 0.5579 -0.0549 0.1861, 0.5583 -0.0492 0.1795, 0.5599 -0.0301 0.1573, 0.5599 -0.0189 0.1573, 0.5596 -0.0316 0.1611, 0.5593 -0.0351 0.1659, 0.559 -0.0398 0.1698, 0.5588 -0.0457 0.1726, 0.5588 -0.0448 0.1723, 0.5575 -0.0941 0.191, 0.5573 -0.0862 0.194, 0.5544 -0.0189 0.2359, 0.5572 -0.0781 0.1949, 0.5573 -0.0704 0.194, 0.5577 -0.0979 0.1887, 0.5577 -0.0986 0.1883, 0.5591 -0.1338 0.1677, 0.5588 -0.1297 0.1729, 0.5583 -0.1168 0.1803, 0.5582 -0.1101 0.1811, 0.5579 -0.1026 0.1849, 0.5582 -0.1081 0.181, 0.5582 -0.1061 0.1808, 0.5587 -0.1286 0.174, 0.5584 -0.1231 0.1778, 0.5617 -0.1252 0.1304, 0.5614 -0.1306 0.135, 0.562 -0.1191 0.1274, 0.561 -0.1345 0.1405, 0.5606 -0.1369 0.1469, 0.5601 -0.1377 0.1535, 0.56 -0.1377 0.1552, 0.5599 -0.1373 0.1573, 0.5596 -0.1365 0.1616, 0.562 -0.1169 0.1268, 0.562 -0.1167 0.1263, 0.5623 -0.1152 0.1231, 0.5625 -0.1126 0.12, 0.5627 -0.1093 0.1175, 0.5627 -0.0189 0.1168, 0.5627 -0.0936 0.1168, 0.5628 -0.1054 0.1158, 0.5627 -0.1077 0.1168, 0.5628 -0.0965 0.1157, 0.5628 -0.1007 0.1152, 0.5628 -0.1013 0.1152, 0.562 -0.0189 0.1263, 0.562 -0.0847 0.1263, 0.562 -0.0847 0.1262, 0.5623 -0.0867 0.1225, 0.5625 -0.0893 0.1195, 0.5627 -0.0927 0.1172, 0.5613 -0.0629 0.1364, 0.5613 -0.0617 0.1368, 0.5606 -0.0597 0.1465, 0.5615 -0.0351 0.1341, 0.5618 -0.0397 0.1302, 0.5608 -0.0879 0.1436, 0.56 -0.065 0.1556, 0.5606 -0.0909 0.1464, 0.5605 -0.0945 0.1483, 0.5614 -0.0639 0.1356, 0.5612 -0.0317 0.1388, 0.5603 -0.0395 0.1516, 0.56 -0.0403 0.1549, 0.5599 -0.0416 0.1573, 0.5599 -0.1266 0.1573, 0.56 -0.0296 0.1559, 0.5604 -0.0288 0.1503, 0.5608 -0.0296 0.1442, 0.5613 -0.0604 0.137, 0.5613 -0.0602 0.137, 0.5613 -0.0597 0.1369, 0.5606 -0.1255 0.1471, 0.5608 -0.1235 0.1436, 0.5609 -0.1148 0.1419, 0.561 -0.1205 0.1405, 0.5612 -0.1167 0.1382, 0.5606 -0.1085 0.1475, 0.5607 -0.112 0.1451, 0.5601 -0.127 0.1539, 0.5603 -0.1268 0.1512, 0.5605 -0.1048 0.1489, 0.5604 -0.1007 0.1494, 0.5604 -0.0986 0.1493, 0.5617 -0.0657 0.1317, 0.5616 -0.0656 0.1324, 0.5615 -0.0836 0.1339, 0.5615 -0.0653 0.1337, 0.5614 -0.0646 0.1349, 0.561 -0.0428 0.1411, 0.5608 -0.041 0.1438, 0.5606 -0.0398 0.1468, 0.5604 -0.0394 0.1501, 0.562 -0.0617 0.1266, 0.562 -0.0628 0.127, 0.5619 -0.0639 0.1278, 0.5619 -0.0643 0.1282, 0.5618 -0.0651 0.1293, 0.5617 -0.0655 0.1305, 0.5617 -0.0837 0.1305, 0.5616 -0.0836 0.1322, 0.5619 -0.045 0.1276, 0.562 -0.0506 0.1264, 0.562 -0.0607 0.1264, 0.5613 -0.0593 0.1368, 0.5613 -0.0517 0.1368, 0.5613 -0.0486 0.1374, 0.5612 -0.0456 0.1388, 0.561 -0.0431 0.1409, 0.5587 -0.0577 0.1737, 0.5584 -0.0616 0.1782, 0.5591 -0.1008 0.1684, 0.5584 -0.062 0.1786, 0.5581 -0.0668 0.1819, 0.5587 -0.0982 0.1737, 0.559 -0.1021 0.169, 0.5589 -0.1059 0.1704, 0.5598 -0.0418 0.1578, 0.5597 -0.0438 0.16, 0.5594 -0.0527 0.1634, 0.5595 -0.0465 0.1619, 0.5595 -0.0494 0.163, 0.5594 -0.0541 0.1634, 0.5591 -0.0551 0.1682, 0.559 -0.1159 0.1698, 0.5591 -0.1197 0.1678, 0.5589 -0.1117 0.1708, 0.5593 -0.1226 0.1652, 0.5596 -0.125 0.1618, 0.5584 -0.0944 0.1783, 0.558 -0.0722 0.184, 0.5582 -0.0898 0.1816, 0.558 -0.078 0.1847, 0.558 -0.0843 0.1839, 0.5589 -0.1099 0.1709, 0.5598 -0.1265 0.158, 0.5627 0.2478 0.1168, 0.5627 0.0726 0.1168, 0.5627 0.065 0.1168, 0.5544 0.2395 0.2359, 0.5544 0.0726 0.2359, 0.5544 0.065 0.2359, 0.5544 0.0558 0.2359, 0.5544 0.0425 0.2359, 0.5544 0.0369 0.2359, 0.5709 0.256 0.0, 0.5709 0.0726 0.0, 0.5709 0.065 0.0, 0.5709 0.0558 0.0, 0.5709 0.0425 0.0, 0.5709 0.0369 0.0, 0.5709 0.0259 0.0, 0.5709 0.0056 0.0, 0.562 0.0042 0.1263, 0.5613 -0.006 0.1373, 0.5618 -0.006 0.1293, 0.5613 0.0026 0.1373, 0.5618 0.0038 0.1293, 0.5611 0.0026 0.1401, 0.562 -0.0091 0.1265, 0.5603 -0.0091 0.1505, 0.5603 0.0033 0.1505, 0.5605 0.0033 0.1477, 0.5605 -0.006 0.1477, 0.5611 -0.006 0.1401, 0.562 0.0038 0.1265, 0.5577 -0.006 0.1885, 0.5592 -0.006 0.1673, 0.5592 0.0036 0.1673, 0.5594 -0.0091 0.1645, 0.5577 -0.0091 0.1885, 0.5594 0.0036 0.1645, 0.5544 0.0042 0.2359, 0.5515 0.2366 0.277, 0.5515 0.0726 0.277, 0.5515 0.065 0.277, 0.5515 0.0558 0.277, 0.5515 0.0425 0.277, 0.5515 0.0369 0.277, 0.5515 0.0259 0.277, 0.5515 0.0056 0.277, 0.5515 0.0042 0.277, 0.5515 -0.0189 0.277, 0.5515 -0.1968 0.277, 0.5515 -0.2366 0.277, -0.015 -0.0144 -0.1575, -0.015 -0.0187 -0.1575, -0.0188 -0.0189 -0.1575, 0.0061 -0.0187 -0.1575, -0.014 0.0164 -0.1575, 0.0008 0.0164 -0.1575, 0.0008 0.0034 -0.1575, 0.0138 -0.0167 -0.1575, 0.0138 -0.0123 -0.1575, 0.0061 0.0207 -0.1575, 0.0008 -0.0009 -0.1575, 0.0008 -0.0144 -0.1575, -0.0131 -0.0009 -0.1575, -0.0131 0.0034 -0.1575, 0.0333 -0.0174 -0.1575, 0.0464 -0.0187 -0.1575, 0.0295 -0.0187 -0.1575, 0.0269 -0.0189 -0.1575, -0.014 0.0207 -0.1575, -0.0188 0.2462 -0.1575, 0.041 0.0103 -0.1575, 0.0387 0.014 -0.1575, 0.0613 0.0207 -0.1575, 0.0269 0.0164 -0.1575, 0.0298 0.0153 -0.1575, 0.0145 -0.0127 -0.1575, 0.0326 0.0135 -0.1575, 0.0349 0.0109 -0.1575, 0.0378 0.0006 -0.1575, 0.0374 -0.0037 -0.1575, 0.0363 -0.0071 -0.1575, 0.0276 -0.0144 -0.1575, 0.0239 -0.0149 -0.1575, 0.0304 -0.0134 -0.1575, 0.0329 -0.0118 -0.1575, 0.0347 -0.0098 -0.1575, 0.0187 -0.0143 -0.1575, 0.0366 0.0078 -0.1575, 0.0376 0.0036 -0.1575, 0.0351 0.0174 -0.1575, 0.0666 0.0207 -0.1575, 0.5415 0.2462 -0.1575, 0.0666 -0.0187 -0.1575, 0.5415 -0.0189 -0.1575, 0.0365 -0.0153 -0.1575, 0.0394 -0.0122 -0.1575, 0.0464 -0.0144 -0.1575, 0.0415 -0.0085 -0.1575, 0.0613 -0.0144 -0.1575, 0.0427 -0.0043 -0.1575, 0.0431 0.0002 -0.1575, 0.0425 0.0058 -0.1575, 0.0314 0.0196 -0.1575, 0.027 0.0208 -0.1575, 0.0231 0.0212 -0.1575, 0.0184 0.0208 -0.1575, 0.0138 0.0196 -0.1575, 0.0138 0.0143 -0.1575, 0.0182 0.0162 -0.1575, 0.023 0.0168 -0.1575, 0.0246 -0.0192 -0.1575, 0.5415 -0.2462 -0.1575, 0.0236 -0.0192 -0.1575, -0.0188 -0.2462 -0.1575, 0.022 -0.0189 -0.1575, -0.5415 -0.2462 -0.1575, -0.5415 -0.0189 -0.1575, 0.018 -0.0184 -0.1575, -0.063 -0.0187 -0.1575, -0.0573 -0.0187 -0.1575, -0.0524 -0.0079 -0.1575, -0.0502 -0.0114 -0.1575, -0.0469 -0.0145 -0.1575, -0.0428 -0.0169 -0.1575, -0.0721 0.0207 -0.1575, -0.5415 0.2462 -0.1575, -0.0774 0.0207 -0.1575, -0.0928 -0.0187 -0.1575, -0.087 -0.0187 -0.1575, -0.083 -0.0076 -0.1575, -0.0668 -0.0076 -0.1575, -0.0227 0.0207 -0.1575, -0.0338 0.0207 -0.1575, -0.0484 0.0155 -0.1575, -0.0512 0.0125 -0.1575, -0.053 0.0091 -0.1575, -0.0395 0.0201 -0.1575, -0.0441 0.0185 -0.1575, -0.0484 0.0156 -0.1575, -0.0383 -0.0183 -0.1575, -0.0334 -0.0187 -0.1575, -0.0227 -0.0187 -0.1575, -0.0541 0.0052 -0.1575, -0.0544 0.0015 -0.1575, -0.0538 -0.0038 -0.1575, 0.5415 -0.2659 -0.1392, 0.5512 -0.2756 0.0, 0.4547 -0.2756 -0.0, 0.4547 -0.2734 -0.0315, 0.2972 -0.2734 -0.0315, -0.5415 -0.2659 -0.1392, -0.4547 -0.2756 -0.0, -0.5512 -0.2756 -0.0, -0.4547 -0.2734 -0.0315, -0.2972 -0.2734 -0.0315, -0.2972 -0.2756 0.0, 0.2972 -0.2756 -0.0, -0.4547 -0.2745 0.0157, -0.5319 -0.2562 0.277, -0.2972 -0.2745 0.0157, 0.5319 -0.2562 0.277, 0.4547 -0.2745 0.0157, 0.2972 -0.2745 0.0157, 0.5611 -0.2462 -0.1392, 0.5611 0.2462 -0.1392, -0.5611 0.2462 -0.1392, -0.5611 -0.2462 -0.1392, -0.5709 0.256 0.0, -0.5709 -0.256 -0.0, 0.0827 0.2756 0.0, 0.5512 0.2756 0.0, 0.0827 0.2734 -0.0315, 0.5415 0.2659 -0.1392, -0.0827 0.2734 -0.0315, -0.5415 0.2659 -0.1392, -0.0827 0.2756 0.0, -0.5512 0.2756 0.0, -0.0827 0.2745 0.0157, -0.5319 0.2562 0.277, 0.0827 0.2745 0.0157, 0.5319 0.2562 0.277, -0.5515 0.2366 0.277, -0.5515 -0.2366 0.277, -0.3746 -0.1686 0.2953, 0.5319 -0.2366 0.2953, -0.3688 -0.1611 0.2953, -0.3652 -0.1524 0.2953, -0.4095 -0.1779 0.2953, -0.4182 -0.1743 0.2953, -0.5319 -0.2366 0.2953, -0.4257 -0.1686 0.2953, -0.4314 -0.1611 0.2953, -0.435 -0.1524 0.2953, -0.4363 -0.143 0.2953, -0.5319 0.2366 0.2953, -0.435 -0.1337 0.2953, -0.4314 -0.125 0.2953, -0.3821 -0.1743 0.2953, -0.3908 -0.1779 0.2953, -0.4001 -0.1792 0.2953, -0.3746 -0.1175 0.2953, -0.3688 -0.125 0.2953, 0.5319 0.2366 0.2953, -0.3652 -0.1337 0.2953, -0.364 -0.143 0.2953, -0.4257 -0.1175 0.2953, -0.4182 -0.1117 0.2953, -0.4095 -0.1081 0.2953, -0.4001 -0.1069 0.2953, -0.3908 -0.1081 0.2953, -0.3821 -0.1117 0.2953, -0.3821 -0.1117 0.2953
            ]
        }
        coordIndex [
            0,1,2,-1,3,4,5,-1,6,7,8,-1,9,10,11,-1,12,13,14,-1,15,16,17,-1,17,16,18,-1,18,16,19,-1,18,19,20,-1,21,22,23,-1,23,22,24,-1,23,24,25,-1,25,24,16,-1,25,16,26,-1,26,16,15,-1,26,15,27,-1,27,15,28,-1,27,28,29,-1,29,28,30,-1,19,31,20,-1,20,31,32,-1,20,32,33,-1,33,32,34,-1,35,36,37,-1,38,39,40,-1,40,39,17,-1,40,17,36,-1,37,41,35,-1,35,41,42,-1,35,42,43,-1,43,42,44,-1,45,46,47,-1,47,46,48,-1,47,48,49,-1,17,50,51,-1,45,47,52,-1,52,47,50,-1,52,50,53,-1,54,55,17,-1,49,56,47,-1,47,56,57,-1,47,57,58,-1,59,60,50,-1,50,60,61,-1,50,61,53,-1,62,63,64,-1,64,63,65,-1,64,65,66,-1,17,55,50,-1,50,55,67,-1,50,67,59,-1,36,17,37,-1,37,17,51,-1,37,51,66,-1,66,51,68,-1,66,68,64,-1,65,47,66,-1,66,47,58,-1,66,58,18,-1,18,58,69,-1,18,69,17,-1,17,69,70,-1,17,70,54,-1,12,14,71,-1,71,14,72,-1,71,72,73,-1,73,72,74,-1,73,74,75,-1,75,74,76,-1,75,76,77,-1,77,76,78,-1,77,78,79,-1,80,81,82,-1,82,83,80,-1,80,83,84,-1,80,84,85,-1,86,87,88,-1,11,89,90,-1,91,92,86,-1,86,92,93,-1,86,93,84,-1,84,93,94,-1,84,94,85,-1,85,94,95,-1,85,95,96,-1,86,97,98,-1,88,99,86,-1,86,99,100,-1,86,100,101,-1,101,102,86,-1,86,102,103,-1,86,103,91,-1,104,105,106,-1,106,105,107,-1,106,107,108,-1,98,109,86,-1,86,109,110,-1,86,110,87,-1,96,111,85,-1,85,111,112,-1,85,112,11,-1,11,112,113,-1,11,113,89,-1,90,114,11,-1,11,114,115,-1,11,115,9,-1,97,86,106,-1,106,86,116,-1,106,116,104,-1,117,118,119,-1,119,118,120,-1,121,122,123,-1,123,124,121,-1,121,124,125,-1,121,125,126,-1,127,128,121,-1,121,128,129,-1,121,129,122,-1,10,130,131,-1,131,130,132,-1,131,132,127,-1,127,132,133,-1,127,133,128,-1,134,135,136,-1,137,138,139,-1,139,138,140,-1,139,140,141,-1,141,140,142,-1,141,142,143,-1,143,142,144,-1,143,144,145,-1,145,144,146,-1,145,146,147,-1,147,146,148,-1,134,144,135,-1,135,144,142,-1,135,142,149,-1,149,142,150,-1,149,150,151,-1,151,150,152,-1,151,152,85,-1,85,152,153,-1,85,153,80,-1,80,153,154,-1,80,154,136,-1,136,154,155,-1,136,155,134,-1,156,157,149,-1,158,159,135,-1,149,157,135,-1,135,157,160,-1,135,160,158,-1,161,162,163,-1,161,163,164,-1,165,166,167,-1,162,168,163,-1,163,168,169,-1,163,169,170,-1,170,169,171,-1,170,171,172,-1,173,174,165,-1,165,174,175,-1,165,175,166,-1,158,176,159,-1,159,176,177,-1,159,177,165,-1,165,177,178,-1,165,178,173,-1,179,163,180,-1,180,163,17,-1,180,17,181,-1,181,17,39,-1,44,42,179,-1,179,42,165,-1,179,165,163,-1,163,165,167,-1,163,167,164,-1,182,183,184,-1,185,186,187,-1,187,186,188,-1,182,184,189,-1,190,191,192,-1,11,193,194,-1,195,196,197,-1,185,198,186,-1,186,198,199,-1,186,199,200,-1,200,199,201,-1,202,203,201,-1,201,203,204,-1,201,204,200,-1,205,206,190,-1,190,206,207,-1,190,207,191,-1,208,209,184,-1,184,209,210,-1,184,210,189,-1,194,211,11,-1,11,211,212,-1,11,212,213,-1,192,214,190,-1,190,214,215,-1,190,215,11,-1,11,215,188,-1,11,188,193,-1,193,188,186,-1,195,216,196,-1,196,216,217,-1,196,217,218,-1,218,217,219,-1,218,219,220,-1,221,222,201,-1,201,222,223,-1,201,223,224,-1,225,226,227,-1,227,226,228,-1,227,228,229,-1,230,231,232,-1,232,231,233,-1,232,233,220,-1,220,233,234,-1,220,234,218,-1,224,235,201,-1,201,235,236,-1,201,236,202,-1,183,237,238,-1,238,237,239,-1,237,240,239,-1,239,240,241,-1,239,241,190,-1,190,241,242,-1,190,242,205,-1,225,230,226,-1,226,230,232,-1,226,232,243,-1,243,232,244,-1,243,244,245,-1,245,244,246,-1,245,246,247,-1,247,246,248,-1,249,248,238,-1,238,248,246,-1,238,246,183,-1,183,246,244,-1,183,244,184,-1,250,251,8,-1,252,253,85,-1,254,255,8,-1,8,255,256,-1,213,195,11,-1,11,195,197,-1,11,197,85,-1,85,197,257,-1,85,257,252,-1,253,258,85,-1,85,258,259,-1,85,259,151,-1,151,259,260,-1,151,260,250,-1,261,262,251,-1,251,262,263,-1,251,263,8,-1,8,263,264,-1,8,264,254,-1,256,265,8,-1,8,265,266,-1,8,266,6,-1,267,268,269,-1,269,268,270,-1,269,270,271,-1,269,272,267,-1,267,272,273,-1,267,273,274,-1,274,275,267,-1,267,275,276,-1,267,276,277,-1,277,276,278,-1,277,278,279,-1,279,278,280,-1,279,280,251,-1,251,280,281,-1,251,281,261,-1,282,283,271,-1,271,283,284,-1,271,284,269,-1,285,286,229,-1,229,286,287,-1,229,287,227,-1,285,288,286,-1,286,288,289,-1,286,289,290,-1,290,289,291,-1,290,292,293,-1,291,294,290,-1,290,294,295,-1,290,295,296,-1,296,297,290,-1,290,297,298,-1,290,298,292,-1,293,299,290,-1,290,299,300,-1,290,300,301,-1,302,303,170,-1,303,33,170,-1,170,33,34,-1,170,34,163,-1,163,34,304,-1,163,304,17,-1,17,304,305,-1,17,305,15,-1,306,307,308,-1,172,156,170,-1,170,156,149,-1,170,149,302,-1,302,149,309,-1,302,309,310,-1,310,309,306,-1,310,306,311,-1,311,306,308,-1,5,312,8,-1,8,312,313,-1,250,8,151,-1,151,8,313,-1,151,313,149,-1,149,313,314,-1,149,314,309,-1,315,312,316,-1,316,312,5,-1,316,5,317,-1,317,5,4,-1,318,319,320,-1,249,238,7,-1,7,238,318,-1,7,318,8,-1,8,318,320,-1,8,320,5,-1,5,320,321,-1,5,321,322,-1,323,324,325,-1,325,324,326,-1,325,326,318,-1,318,326,327,-1,318,327,319,-1,322,328,5,-1,5,328,329,-1,5,329,3,-1,330,331,332,-1,330,332,333,-1,331,334,332,-1,332,334,335,-1,332,335,325,-1,325,335,336,-1,325,336,323,-1,337,338,339,-1,339,338,340,-1,339,340,341,-1,342,343,344,-1,344,343,339,-1,344,339,345,-1,345,339,346,-1,341,347,339,-1,339,347,348,-1,339,348,346,-1,349,350,78,-1,78,350,351,-1,351,350,352,-1,351,352,353,-1,349,78,354,-1,354,78,76,-1,354,76,355,-1,76,356,357,-1,76,358,355,-1,355,358,359,-1,355,359,360,-1,360,359,361,-1,360,361,362,-1,357,363,76,-1,76,363,364,-1,76,364,358,-1,365,366,72,-1,365,72,367,-1,366,368,72,-1,72,368,369,-1,72,369,74,-1,74,369,370,-1,370,371,74,-1,74,371,372,-1,74,372,76,-1,76,372,373,-1,76,373,356,-1,374,367,375,-1,375,367,72,-1,375,72,376,-1,376,72,14,-1,376,14,377,-1,377,14,378,-1,0,379,380,-1,13,381,14,-1,14,381,382,-1,14,382,378,-1,380,383,0,-1,0,383,384,-1,0,384,13,-1,13,384,385,-1,13,385,381,-1,386,387,379,-1,379,387,388,-1,379,388,389,-1,389,390,379,-1,379,390,391,-1,379,391,380,-1,392,393,394,-1,395,396,386,-1,397,398,399,-1,399,398,400,-1,392,394,401,-1,395,386,402,-1,403,404,398,-1,398,404,405,-1,398,405,406,-1,342,407,343,-1,343,407,408,-1,343,408,386,-1,386,408,409,-1,386,409,402,-1,393,410,394,-1,394,410,411,-1,394,411,412,-1,413,414,415,-1,415,414,416,-1,415,416,417,-1,418,406,419,-1,419,406,420,-1,419,420,415,-1,415,420,421,-1,415,421,413,-1,418,422,406,-1,406,422,423,-1,406,423,398,-1,398,423,424,-1,398,424,400,-1,425,426,427,-1,427,426,428,-1,427,428,394,-1,394,428,429,-1,394,429,401,-1,430,431,394,-1,394,431,432,-1,394,432,398,-1,398,432,433,-1,398,433,403,-1,434,435,387,-1,387,435,436,-1,387,436,437,-1,437,438,387,-1,387,438,439,-1,387,439,440,-1,440,439,425,-1,440,425,441,-1,441,425,427,-1,396,442,386,-1,386,442,443,-1,386,443,387,-1,387,443,444,-1,387,444,434,-1,412,445,394,-1,394,445,446,-1,394,446,447,-1,447,448,394,-1,394,448,449,-1,394,449,430,-1,450,451,452,-1,451,453,452,-1,452,453,454,-1,452,454,455,-1,405,452,406,-1,406,452,456,-1,406,456,457,-1,458,459,460,-1,460,459,461,-1,460,461,462,-1,458,460,405,-1,405,460,463,-1,405,463,452,-1,452,463,464,-1,452,464,450,-1,465,466,467,-1,467,466,468,-1,467,468,469,-1,455,454,470,-1,470,454,471,-1,470,471,472,-1,472,471,473,-1,472,473,474,-1,457,475,406,-1,406,475,467,-1,406,467,476,-1,476,467,469,-1,477,66,478,-1,478,66,18,-1,478,18,479,-1,479,18,20,-1,479,20,332,-1,332,20,33,-1,332,33,333,-1,333,33,303,-1,41,480,42,-1,42,480,481,-1,42,481,165,-1,165,481,482,-1,165,482,159,-1,159,482,483,-1,159,483,135,-1,135,483,484,-1,135,484,136,-1,136,484,485,-1,136,485,80,-1,80,485,118,-1,80,118,81,-1,81,118,117,-1,486,477,487,-1,487,477,478,-1,487,478,488,-1,488,478,479,-1,488,479,489,-1,489,479,332,-1,489,332,490,-1,490,332,325,-1,490,325,491,-1,491,325,318,-1,491,318,492,-1,492,318,238,-1,492,238,493,-1,493,238,239,-1,10,131,11,-1,11,131,494,-1,11,494,190,-1,190,494,2,-1,190,2,239,-1,239,2,1,-1,239,1,493,-1,495,496,497,-1,497,496,498,-1,497,498,499,-1,0,2,379,-1,379,2,494,-1,379,494,386,-1,386,494,500,-1,386,500,343,-1,343,500,501,-1,343,501,131,-1,131,501,502,-1,131,502,503,-1,504,505,503,-1,503,505,499,-1,503,499,131,-1,131,499,498,-1,131,498,494,-1,494,498,506,-1,494,506,500,-1,507,508,509,-1,510,511,339,-1,339,511,507,-1,339,507,127,-1,127,507,509,-1,127,509,131,-1,131,509,512,-1,131,512,343,-1,343,512,510,-1,343,510,339,-1,126,119,121,-1,121,119,120,-1,121,120,127,-1,127,120,513,-1,127,513,339,-1,339,513,351,-1,339,351,337,-1,337,351,353,-1,480,514,481,-1,481,514,515,-1,481,515,482,-1,482,515,516,-1,482,516,483,-1,483,516,517,-1,483,517,484,-1,484,517,518,-1,484,518,485,-1,485,518,519,-1,485,519,118,-1,118,519,520,-1,118,520,120,-1,120,520,521,-1,120,521,513,-1,513,521,522,-1,513,522,351,-1,351,522,523,-1,351,523,78,-1,78,523,524,-1,78,524,79,-1,79,524,525,-1,526,527,528,-1,528,527,529,-1,530,531,532,-1,533,529,534,-1,534,529,535,-1,536,537,538,-1,538,537,526,-1,538,526,539,-1,540,541,542,-1,542,541,543,-1,532,539,530,-1,530,539,526,-1,530,526,544,-1,544,526,545,-1,544,545,535,-1,546,547,548,-1,549,550,551,-1,551,550,552,-1,551,552,553,-1,554,555,551,-1,551,555,556,-1,557,558,559,-1,559,558,560,-1,556,561,551,-1,551,561,560,-1,551,560,562,-1,562,560,558,-1,553,563,551,-1,551,563,564,-1,551,564,554,-1,547,565,548,-1,548,565,545,-1,548,545,566,-1,566,545,567,-1,566,567,568,-1,568,567,569,-1,540,570,541,-1,541,570,571,-1,541,571,572,-1,572,571,573,-1,572,573,574,-1,573,575,574,-1,574,575,576,-1,574,576,548,-1,548,576,577,-1,548,577,546,-1,565,578,545,-1,545,578,579,-1,545,579,580,-1,580,581,545,-1,545,581,582,-1,545,582,535,-1,535,582,583,-1,535,583,534,-1,534,583,584,-1,534,584,551,-1,551,584,585,-1,551,585,549,-1,541,568,543,-1,543,568,569,-1,543,569,586,-1,586,569,587,-1,586,587,588,-1,588,587,589,-1,588,589,590,-1,591,592,589,-1,589,592,528,-1,589,528,590,-1,590,528,529,-1,590,529,593,-1,593,529,533,-1,594,595,528,-1,596,597,595,-1,595,597,598,-1,595,598,599,-1,545,600,601,-1,601,600,602,-1,601,602,592,-1,592,602,603,-1,592,603,528,-1,528,603,604,-1,528,604,594,-1,594,604,605,-1,594,605,606,-1,526,528,545,-1,545,528,607,-1,545,607,608,-1,609,610,600,-1,600,610,611,-1,608,612,545,-1,545,612,613,-1,545,613,600,-1,600,613,614,-1,600,614,609,-1,599,615,595,-1,595,615,616,-1,595,616,528,-1,528,616,617,-1,528,617,607,-1,611,618,600,-1,600,618,619,-1,600,619,595,-1,595,619,620,-1,595,620,596,-1,621,622,623,-1,623,624,621,-1,621,624,625,-1,621,625,626,-1,627,628,629,-1,629,628,626,-1,629,626,630,-1,630,626,625,-1,630,625,631,-1,631,625,632,-1,628,627,633,-1,628,633,634,-1,634,633,635,-1,634,635,636,-1,623,622,637,-1,637,622,636,-1,637,636,638,-1,638,636,635,-1,638,635,632,-1,632,635,631,-1,639,640,12,-1,12,640,486,-1,641,642,643,-1,643,642,644,-1,645,646,647,-1,647,646,648,-1,647,648,649,-1,649,648,650,-1,649,650,651,-1,651,650,652,-1,651,652,653,-1,653,652,654,-1,653,654,655,-1,655,654,656,-1,655,656,645,-1,645,656,646,-1,643,644,657,-1,657,644,658,-1,659,660,661,-1,661,660,662,-1,663,664,665,-1,665,664,666,-1,665,666,667,-1,667,668,665,-1,665,668,669,-1,665,669,670,-1,670,669,671,-1,670,671,672,-1,659,673,660,-1,660,673,674,-1,660,674,665,-1,665,674,675,-1,665,675,663,-1,676,677,678,-1,678,677,679,-1,678,679,660,-1,660,679,680,-1,660,680,662,-1,672,681,670,-1,670,681,682,-1,670,682,683,-1,683,684,670,-1,670,684,685,-1,670,685,678,-1,678,685,686,-1,678,686,676,-1,
        ]
    }
}
Shape{
    appearance Appearance {
        material  Material 	{
            diffuseColor 1.0 1.0 1.0
            specularColor 0.5019607843137255 0.5019607843137255 0.5019607843137255
            ambientIntensity 0.2
            transparency 0
            shininess 0.5
        }
    }
    geometry IndexedFaceSet {
        ccw TRUE
        solid FALSE
        coord DEF co Coordinate {
            point [
                0.0827 0.3506 0.0157, -0.0827 0.3506 0.0157, 0.0827 0.2745 0.0157, -0.0827 0.2745 0.0157, 0.0827 0.5118 -0.1772, 0.0827 0.433 -0.1772, -0.0827 0.5118 -0.1772, -0.0827 0.433 -0.1772, 0.0827 0.5118 -0.1299, -0.0827 0.5118 -0.1299, 0.0827 0.433 -0.1299, -0.0827 0.433 -0.1299, 0.0827 0.43 -0.1295, -0.0827 0.43 -0.1295, 0.0827 0.4273 -0.1284, -0.0827 0.4273 -0.1284, 0.0827 0.4249 -0.1267, -0.0827 0.4249 -0.1267, 0.0827 0.423 -0.1244, -0.0827 0.423 -0.1244, 0.0827 0.4217 -0.1217, -0.0827 0.4217 -0.1217, 0.0827 0.4212 -0.1187, -0.0827 0.4212 -0.1187, 0.0827 0.4175 -0.0477, -0.0827 0.4175 -0.0477, -0.0827 0.4145 -0.0311, 0.0827 0.4145 -0.0311, -0.0827 0.4074 -0.0157, 0.0827 0.4074 -0.0157, -0.0827 0.3967 -0.0026, 0.0827 0.3967 -0.0026, -0.0827 0.3831 0.0074, 0.0827 0.3831 0.0074, -0.0827 0.3674 0.0136, 0.0827 0.3674 0.0136, -0.0827 0.3506 -0.0315, 0.0827 0.3506 -0.0315, -0.0827 0.2734 -0.0315, 0.0827 0.2734 -0.0315, 0.0827 0.3556 -0.0321, -0.0827 0.3556 -0.0321, 0.0827 0.3602 -0.034, -0.0827 0.3602 -0.034, 0.0827 0.3642 -0.0369, -0.0827 0.3642 -0.0369, 0.0827 0.3673 -0.0407, -0.0827 0.3673 -0.0407, 0.0827 0.3694 -0.0453, -0.0827 0.3694 -0.0453, 0.0827 0.3703 -0.0502, -0.0827 0.3703 -0.0502, 0.0827 0.374 -0.1212, -0.0827 0.374 -0.1212, -0.0827 0.3767 -0.1359, 0.0827 0.3767 -0.1359, -0.0827 0.3829 -0.1494, 0.0827 0.3829 -0.1494, -0.0827 0.3923 -0.1609, 0.0827 0.3923 -0.1609, -0.0827 0.4044 -0.1698, 0.0827 0.4044 -0.1698, -0.0827 0.4182 -0.1753, 0.0827 0.4182 -0.1753, 0.0827 0.2756 0.0, -0.0827 0.2756 0.0, 0.4547 -0.3703 -0.0502, 0.2972 -0.3703 -0.0502, 0.4547 -0.3694 -0.0453, 0.2972 -0.3694 -0.0453, 0.4547 -0.3673 -0.0407, 0.2972 -0.3673 -0.0407, 0.4547 -0.3642 -0.0369, 0.2972 -0.3642 -0.0369, 0.4547 -0.3602 -0.034, 0.2972 -0.3602 -0.034, 0.4547 -0.3556 -0.0321, 0.2972 -0.3556 -0.0321, 0.4547 -0.3506 -0.0315, 0.2972 -0.3506 -0.0315, 0.4547 -0.2734 -0.0315, 0.2972 -0.2734 -0.0315, 0.4547 -0.3506 0.0157, 0.4547 -0.2745 0.0157, 0.2972 -0.3506 0.0157, 0.2972 -0.2745 0.0157, 0.2972 -0.3674 0.0136, 0.4547 -0.3674 0.0136, 0.2972 -0.3831 0.0074, 0.4547 -0.3831 0.0074, 0.2972 -0.3967 -0.0026, 0.4547 -0.3967 -0.0026, 0.2972 -0.4074 -0.0157, 0.4547 -0.4074 -0.0157, 0.2972 -0.4145 -0.0311, 0.4547 -0.4145 -0.0311, 0.2972 -0.4175 -0.0477, 0.4547 -0.4175 -0.0477, 0.4547 -0.4212 -0.1187, 0.2972 -0.4212 -0.1187, 0.4547 -0.4217 -0.1217, 0.2972 -0.4217 -0.1217, 0.4547 -0.423 -0.1244, 0.2972 -0.423 -0.1244, 0.4547 -0.4249 -0.1267, 0.2972 -0.4249 -0.1267, 0.4547 -0.4273 -0.1284, 0.2972 -0.4273 -0.1284, 0.4547 -0.43 -0.1295, 0.2972 -0.43 -0.1295, 0.4547 -0.433 -0.1299, 0.2972 -0.433 -0.1299, 0.4547 -0.5118 -0.1299, 0.2972 -0.5118 -0.1299, 0.4547 -0.5118 -0.1772, 0.2972 -0.5118 -0.1772, 0.4547 -0.433 -0.1772, 0.2972 -0.433 -0.1772, 0.2972 -0.4182 -0.1753, 0.4547 -0.4182 -0.1753, 0.2972 -0.4044 -0.1698, 0.4547 -0.4044 -0.1698, 0.2972 -0.3923 -0.1609, 0.4547 -0.3923 -0.1609, 0.2972 -0.3829 -0.1494, 0.4547 -0.3829 -0.1494, 0.2972 -0.3767 -0.1359, 0.4547 -0.3767 -0.1359, 0.2972 -0.374 -0.1212, 0.4547 -0.374 -0.1212, 0.4547 -0.2756 -0.0, 0.2972 -0.2756 -0.0, -0.4547 -0.3506 -0.0315, -0.2972 -0.3506 -0.0315, -0.4547 -0.3556 -0.0321, -0.2972 -0.3556 -0.0321, -0.4547 -0.3602 -0.034, -0.2972 -0.3602 -0.034, -0.4547 -0.3642 -0.0369, -0.2972 -0.3642 -0.0369, -0.4547 -0.3673 -0.0407, -0.2972 -0.3673 -0.0407, -0.4547 -0.3694 -0.0453, -0.2972 -0.3694 -0.0453, -0.4547 -0.3703 -0.0502, -0.2972 -0.3703 -0.0502, -0.4547 -0.374 -0.1212, -0.2972 -0.374 -0.1212, -0.2972 -0.3767 -0.1359, -0.4547 -0.3767 -0.1359, -0.2972 -0.3829 -0.1494, -0.4547 -0.3829 -0.1494, -0.2972 -0.3923 -0.1609, -0.4547 -0.3923 -0.1609, -0.2972 -0.4044 -0.1698, -0.4547 -0.4044 -0.1698, -0.2972 -0.4182 -0.1753, -0.4547 -0.4182 -0.1753, -0.2972 -0.433 -0.1772, -0.4547 -0.433 -0.1772, -0.4547 -0.5118 -0.1772, -0.2972 -0.5118 -0.1772, -0.4547 -0.5118 -0.1299, -0.2972 -0.5118 -0.1299, -0.4547 -0.433 -0.1299, -0.2972 -0.433 -0.1299, -0.4547 -0.43 -0.1295, -0.2972 -0.43 -0.1295, -0.4547 -0.4273 -0.1284, -0.2972 -0.4273 -0.1284, -0.4547 -0.4249 -0.1267, -0.2972 -0.4249 -0.1267, -0.4547 -0.423 -0.1244, -0.2972 -0.423 -0.1244, -0.4547 -0.4217 -0.1217, -0.2972 -0.4217 -0.1217, -0.4547 -0.4212 -0.1187, -0.2972 -0.4212 -0.1187, -0.4547 -0.4175 -0.0477, -0.2972 -0.4175 -0.0477, -0.2972 -0.4145 -0.0311, -0.4547 -0.4145 -0.0311, -0.2972 -0.4074 -0.0157, -0.4547 -0.4074 -0.0157, -0.2972 -0.3967 -0.0026, -0.4547 -0.3967 -0.0026, -0.2972 -0.3831 0.0074, -0.4547 -0.3831 0.0074, -0.2972 -0.3674 0.0136, -0.4547 -0.3674 0.0136, -0.2972 -0.3506 0.0157, -0.4547 -0.3506 0.0157, -0.4547 -0.2745 0.0157, -0.2972 -0.2745 0.0157, -0.4547 -0.2734 -0.0315, -0.2972 -0.2734 -0.0315, -0.4547 -0.2756 -0.0, -0.2972 -0.2756 0.0, -0.2972 -0.2756 0.0
            ]
        }
        coordIndex [
            0,1,2,-1,2,1,3,-1,4,5,6,-1,6,5,7,-1,8,4,9,-1,9,4,6,-1,10,8,11,-1,11,8,9,-1,10,11,12,-1,12,11,13,-1,12,13,14,-1,14,13,15,-1,14,15,16,-1,16,15,17,-1,16,17,18,-1,18,17,19,-1,18,19,20,-1,20,19,21,-1,20,21,22,-1,22,21,23,-1,24,22,25,-1,25,22,23,-1,24,25,26,-1,24,26,27,-1,27,26,28,-1,27,28,29,-1,29,28,30,-1,29,30,31,-1,31,30,32,-1,31,32,33,-1,33,32,34,-1,33,34,35,-1,35,34,1,-1,35,1,0,-1,36,37,38,-1,38,37,39,-1,37,36,40,-1,40,36,41,-1,40,41,42,-1,42,41,43,-1,42,43,44,-1,44,43,45,-1,44,45,46,-1,46,45,47,-1,46,47,48,-1,48,47,49,-1,48,49,50,-1,50,49,51,-1,52,50,53,-1,53,50,51,-1,52,53,54,-1,52,54,55,-1,55,54,56,-1,55,56,57,-1,57,56,58,-1,57,58,59,-1,59,58,60,-1,59,60,61,-1,61,60,62,-1,61,62,63,-1,63,62,7,-1,63,7,5,-1,39,35,64,-1,64,35,0,-1,64,0,2,-1,4,8,5,-1,5,8,10,-1,5,10,63,-1,63,10,12,-1,63,12,61,-1,61,12,14,-1,61,14,59,-1,59,14,16,-1,59,16,57,-1,57,16,18,-1,57,18,55,-1,55,18,20,-1,55,20,52,-1,52,20,22,-1,52,22,50,-1,50,22,24,-1,50,24,48,-1,48,24,27,-1,48,27,46,-1,46,27,29,-1,46,29,44,-1,44,29,31,-1,44,31,42,-1,42,31,33,-1,42,33,40,-1,40,33,35,-1,40,35,37,-1,37,35,39,-1,65,3,1,-1,1,34,65,-1,65,34,36,-1,65,36,38,-1,9,6,11,-1,11,6,7,-1,11,7,13,-1,13,7,62,-1,13,62,15,-1,15,62,60,-1,15,60,17,-1,17,60,58,-1,17,58,19,-1,19,58,56,-1,19,56,21,-1,21,56,54,-1,21,54,23,-1,23,54,53,-1,23,53,25,-1,25,53,51,-1,25,51,26,-1,26,51,49,-1,26,49,28,-1,28,49,47,-1,28,47,30,-1,30,47,45,-1,30,45,32,-1,32,45,43,-1,32,43,34,-1,34,43,41,-1,34,41,36,-1,66,67,68,-1,68,67,69,-1,68,69,70,-1,70,69,71,-1,70,71,72,-1,72,71,73,-1,72,73,74,-1,74,73,75,-1,74,75,76,-1,76,75,77,-1,76,77,78,-1,78,77,79,-1,80,78,81,-1,81,78,79,-1,82,83,84,-1,84,83,85,-1,82,84,86,-1,82,86,87,-1,87,86,88,-1,87,88,89,-1,89,88,90,-1,89,90,91,-1,91,90,92,-1,91,92,93,-1,93,92,94,-1,93,94,95,-1,95,94,96,-1,95,96,97,-1,98,97,99,-1,99,97,96,-1,98,99,100,-1,100,99,101,-1,100,101,102,-1,102,101,103,-1,102,103,104,-1,104,103,105,-1,104,105,106,-1,106,105,107,-1,106,107,108,-1,108,107,109,-1,108,109,110,-1,110,109,111,-1,112,110,113,-1,113,110,111,-1,114,112,115,-1,115,112,113,-1,116,114,117,-1,117,114,115,-1,116,117,118,-1,116,118,119,-1,119,118,120,-1,119,120,121,-1,121,120,122,-1,121,122,123,-1,123,122,124,-1,123,124,125,-1,125,124,126,-1,125,126,127,-1,127,126,128,-1,127,128,129,-1,66,129,67,-1,67,129,128,-1,112,114,110,-1,110,114,116,-1,110,116,108,-1,108,116,119,-1,108,119,106,-1,106,119,121,-1,106,121,104,-1,104,121,123,-1,104,123,102,-1,102,123,125,-1,102,125,100,-1,100,125,127,-1,100,127,98,-1,98,127,129,-1,98,129,97,-1,97,129,66,-1,97,66,95,-1,95,66,68,-1,95,68,93,-1,93,68,70,-1,93,70,91,-1,91,70,72,-1,91,72,89,-1,89,72,74,-1,89,74,87,-1,87,130,82,-1,82,130,83,-1,80,130,78,-1,78,130,87,-1,78,87,76,-1,76,87,74,-1,81,86,131,-1,131,86,84,-1,131,84,85,-1,115,113,117,-1,117,113,111,-1,117,111,118,-1,118,111,109,-1,118,109,120,-1,120,109,107,-1,120,107,122,-1,122,107,105,-1,122,105,124,-1,124,105,103,-1,124,103,126,-1,126,103,101,-1,126,101,128,-1,128,101,99,-1,128,99,67,-1,67,99,96,-1,67,96,69,-1,69,96,94,-1,69,94,71,-1,71,94,92,-1,71,92,73,-1,73,92,90,-1,73,90,75,-1,75,90,88,-1,75,88,77,-1,77,88,86,-1,77,86,79,-1,79,86,81,-1,132,133,134,-1,134,133,135,-1,134,135,136,-1,136,135,137,-1,136,137,138,-1,138,137,139,-1,138,139,140,-1,140,139,141,-1,140,141,142,-1,142,141,143,-1,142,143,144,-1,144,143,145,-1,146,144,147,-1,147,144,145,-1,146,147,148,-1,146,148,149,-1,149,148,150,-1,149,150,151,-1,151,150,152,-1,151,152,153,-1,153,152,154,-1,153,154,155,-1,155,154,156,-1,155,156,157,-1,157,156,158,-1,157,158,159,-1,160,159,161,-1,161,159,158,-1,162,160,163,-1,163,160,161,-1,164,162,165,-1,165,162,163,-1,164,165,166,-1,166,165,167,-1,166,167,168,-1,168,167,169,-1,168,169,170,-1,170,169,171,-1,170,171,172,-1,172,171,173,-1,172,173,174,-1,174,173,175,-1,174,175,176,-1,176,175,177,-1,178,176,179,-1,179,176,177,-1,178,179,180,-1,178,180,181,-1,181,180,182,-1,181,182,183,-1,183,182,184,-1,183,184,185,-1,185,184,186,-1,185,186,187,-1,187,186,188,-1,187,188,189,-1,189,188,190,-1,189,190,191,-1,192,191,193,-1,193,191,190,-1,132,194,133,-1,133,194,195,-1,194,189,196,-1,196,189,191,-1,196,191,192,-1,194,132,189,-1,189,132,134,-1,189,134,187,-1,187,134,136,-1,187,136,185,-1,185,136,138,-1,185,138,183,-1,183,138,140,-1,183,140,181,-1,181,140,142,-1,181,142,178,-1,178,142,144,-1,178,144,176,-1,176,144,146,-1,176,146,174,-1,174,146,149,-1,174,149,172,-1,172,149,151,-1,172,151,170,-1,170,151,153,-1,170,153,168,-1,168,153,155,-1,168,155,166,-1,166,155,157,-1,166,157,164,-1,164,157,159,-1,164,159,162,-1,162,159,160,-1,188,197,190,-1,190,197,193,-1,163,161,165,-1,165,161,158,-1,165,158,167,-1,167,158,156,-1,167,156,169,-1,169,156,154,-1,169,154,171,-1,171,154,152,-1,171,152,173,-1,173,152,150,-1,173,150,175,-1,175,150,148,-1,175,148,177,-1,177,148,147,-1,177,147,179,-1,179,147,145,-1,179,145,180,-1,180,145,143,-1,180,143,182,-1,182,143,141,-1,182,141,184,-1,184,141,139,-1,184,139,186,-1,186,139,137,-1,186,137,188,-1,195,197,133,-1,133,197,188,-1,133,188,135,-1,135,188,137,-1,
        ]
    }
}
Shape{
    appearance Appearance {
        material  Material 	{
            diffuseColor 0.0 0.0 0.0
            specularColor 0.0 0.0 0.0
            ambientIntensity 0.2
            transparency 0
            shininess 0.5
        }
    }
    geometry IndexedFaceSet {
        ccw TRUE
        solid FALSE
        coord DEF co Coordinate {
            point [
                -0.364 -0.143 0.2949, -0.364 -0.143 0.2953, -0.3652 -0.1337 0.2949, -0.3652 -0.1337 0.2953, -0.3688 -0.125 0.2949, -0.3688 -0.125 0.2953, -0.3746 -0.1175 0.2949, -0.3746 -0.1175 0.2953, -0.3821 -0.1117 0.2949, -0.3821 -0.1117 0.2953, -0.3908 -0.1081 0.2949, -0.3908 -0.1081 0.2953, -0.4001 -0.1069 0.2949, -0.4001 -0.1069 0.2953, -0.4095 -0.1081 0.2949, -0.4095 -0.1081 0.2953, -0.4182 -0.1117 0.2949, -0.4182 -0.1117 0.2953, -0.4257 -0.1175 0.2949, -0.4257 -0.1175 0.2953, -0.4314 -0.125 0.2949, -0.4314 -0.125 0.2953, -0.435 -0.1337 0.2949, -0.435 -0.1337 0.2953, -0.4363 -0.143 0.2949, -0.4363 -0.143 0.2953, -0.435 -0.1524 0.2949, -0.435 -0.1524 0.2953, -0.4314 -0.1611 0.2949, -0.4314 -0.1611 0.2953, -0.4257 -0.1686 0.2949, -0.4257 -0.1686 0.2953, -0.4182 -0.1743 0.2949, -0.4182 -0.1743 0.2953, -0.4095 -0.1779 0.2949, -0.4095 -0.1779 0.2953, -0.4001 -0.1792 0.2949, -0.4001 -0.1792 0.2953, -0.3908 -0.1779 0.2949, -0.3908 -0.1779 0.2953, -0.3821 -0.1743 0.2949, -0.3821 -0.1743 0.2953, -0.3746 -0.1686 0.2949, -0.3746 -0.1686 0.2953, -0.3688 -0.1611 0.2949, -0.3688 -0.1611 0.2953, -0.3652 -0.1524 0.2949, -0.3652 -0.1524 0.2953, -0.4001 -0.143 0.2949, -0.0774 0.0207 -0.1571, -0.0928 -0.0187 -0.1571, -0.0774 0.0207 -0.1575, -0.0928 -0.0187 -0.1575, -0.087 -0.0187 -0.1571, -0.087 -0.0187 -0.1575, -0.083 -0.0076 -0.1571, -0.083 -0.0076 -0.1575, -0.0668 -0.0076 -0.1571, -0.0668 -0.0076 -0.1575, -0.063 -0.0187 -0.1571, -0.063 -0.0187 -0.1575, -0.0573 -0.0187 -0.1571, -0.0573 -0.0187 -0.1575, -0.0721 0.0207 -0.1571, -0.0721 0.0207 -0.1575, -0.0681 -0.0033 -0.1571, -0.0813 -0.0033 -0.1571, -0.074 0.0131 -0.1571, -0.0744 0.0145 -0.1571, -0.0746 0.0159 -0.1571, -0.0747 0.0159 -0.1571, -0.075 0.0145 -0.1571, -0.0753 0.0131 -0.1571, -0.0681 -0.0033 -0.1575, -0.0813 -0.0033 -0.1575, -0.074 0.0131 -0.1575, -0.0744 0.0145 -0.1575, -0.0746 0.0159 -0.1575, -0.0747 0.0159 -0.1575, -0.075 0.0145 -0.1575, -0.0753 0.0131 -0.1575, -0.0334 -0.0187 -0.1571, -0.0227 -0.0187 -0.1571, -0.0334 -0.0187 -0.1575, -0.0227 -0.0187 -0.1575, -0.0227 0.0207 -0.1571, -0.0227 0.0207 -0.1575, -0.0338 0.0207 -0.1571, -0.0338 0.0207 -0.1575, -0.0544 0.0015 -0.1571, -0.0544 0.0015 -0.1575, -0.0541 0.0052 -0.1575, -0.0541 0.0052 -0.1571, -0.053 0.0091 -0.1575, -0.053 0.0091 -0.1571, -0.0512 0.0125 -0.1575, -0.0512 0.0125 -0.1571, -0.0484 0.0155 -0.1575, -0.0484 0.0155 -0.1571, -0.0484 0.0156 -0.1575, -0.0484 0.0156 -0.1571, -0.0441 0.0185 -0.1575, -0.0441 0.0185 -0.1571, -0.0395 0.0201 -0.1575, -0.0395 0.0201 -0.1571, -0.0383 -0.0183 -0.1575, -0.0383 -0.0183 -0.1571, -0.0428 -0.0169 -0.1575, -0.0428 -0.0169 -0.1571, -0.0469 -0.0145 -0.1575, -0.0469 -0.0145 -0.1571, -0.0502 -0.0114 -0.1575, -0.0502 -0.0114 -0.1571, -0.0524 -0.0079 -0.1575, -0.0524 -0.0079 -0.1571, -0.0538 -0.0038 -0.1575, -0.0538 -0.0038 -0.1571, -0.0465 0.0108 -0.1571, -0.0446 0.0129 -0.1571, -0.0417 0.0147 -0.1571, -0.0384 0.0159 -0.1571, -0.0338 0.0164 -0.1571, -0.028 0.0164 -0.1571, -0.028 -0.0144 -0.1571, -0.0336 -0.0144 -0.1571, -0.0377 -0.014 -0.1571, -0.041 -0.013 -0.1571, -0.0437 -0.0114 -0.1571, -0.0459 -0.0092 -0.1571, -0.0476 -0.0065 -0.1571, -0.0487 -0.0028 -0.1571, -0.0491 0.0014 -0.1571, -0.0488 0.0053 -0.1571, -0.0478 0.0084 -0.1571, -0.0338 0.0164 -0.1575, -0.028 0.0164 -0.1575, -0.0384 0.0159 -0.1575, -0.0417 0.0147 -0.1575, -0.0446 0.0129 -0.1575, -0.0465 0.0108 -0.1575, -0.0478 0.0084 -0.1575, -0.0488 0.0053 -0.1575, -0.0491 0.0014 -0.1575, -0.0487 -0.0028 -0.1575, -0.0476 -0.0065 -0.1575, -0.0459 -0.0092 -0.1575, -0.0437 -0.0114 -0.1575, -0.041 -0.013 -0.1575, -0.0377 -0.014 -0.1575, -0.0336 -0.0144 -0.1575, -0.028 -0.0144 -0.1575, -0.015 -0.0144 -0.1571, -0.015 -0.0187 -0.1571, -0.015 -0.0144 -0.1575, -0.015 -0.0187 -0.1575, 0.0061 -0.0187 -0.1571, 0.0061 -0.0187 -0.1575, 0.0061 0.0207 -0.1571, 0.0061 0.0207 -0.1575, -0.014 0.0207 -0.1571, -0.014 0.0207 -0.1575, -0.014 0.0164 -0.1571, -0.014 0.0164 -0.1575, 0.0008 0.0164 -0.1571, 0.0008 0.0164 -0.1575, 0.0008 0.0034 -0.1571, 0.0008 0.0034 -0.1575, -0.0131 0.0034 -0.1571, -0.0131 0.0034 -0.1575, -0.0131 -0.0009 -0.1571, -0.0131 -0.0009 -0.1575, 0.0008 -0.0009 -0.1571, 0.0008 -0.0009 -0.1575, 0.0008 -0.0144 -0.1571, 0.0008 -0.0144 -0.1575, 0.0138 -0.0123 -0.1571, 0.0138 -0.0167 -0.1571, 0.0138 -0.0123 -0.1575, 0.0138 -0.0167 -0.1575, 0.018 -0.0184 -0.1571, 0.0246 -0.0192 -0.1571, 0.0246 -0.0192 -0.1575, 0.0236 -0.0192 -0.1575, 0.0236 -0.0192 -0.1571, 0.022 -0.0189 -0.1575, 0.018 -0.0184 -0.1575, 0.0269 -0.0189 -0.1575, 0.0295 -0.0187 -0.1571, 0.0295 -0.0187 -0.1575, 0.0333 -0.0174 -0.1571, 0.0333 -0.0174 -0.1575, 0.0365 -0.0153 -0.1571, 0.0365 -0.0153 -0.1575, 0.0394 -0.0122 -0.1571, 0.0394 -0.0122 -0.1575, 0.0415 -0.0085 -0.1571, 0.0415 -0.0085 -0.1575, 0.0427 -0.0043 -0.1571, 0.0427 -0.0043 -0.1575, 0.0431 0.0002 -0.1571, 0.0431 0.0002 -0.1575, 0.0231 0.0212 -0.1571, 0.0231 0.0212 -0.1575, 0.027 0.0208 -0.1575, 0.027 0.0208 -0.1571, 0.0314 0.0196 -0.1575, 0.0314 0.0196 -0.1571, 0.0351 0.0174 -0.1575, 0.0351 0.0174 -0.1571, 0.0387 0.014 -0.1575, 0.0387 0.014 -0.1571, 0.041 0.0103 -0.1575, 0.041 0.0103 -0.1571, 0.0425 0.0058 -0.1575, 0.0425 0.0058 -0.1571, 0.0138 0.0196 -0.1571, 0.0138 0.0196 -0.1575, 0.0184 0.0208 -0.1575, 0.0184 0.0208 -0.1571, 0.0138 0.0143 -0.1571, 0.0138 0.0143 -0.1575, 0.023 0.0168 -0.1571, 0.023 0.0168 -0.1575, 0.0182 0.0162 -0.1575, 0.0182 0.0162 -0.1571, 0.0378 0.0006 -0.1571, 0.0378 0.0006 -0.1575, 0.0376 0.0036 -0.1575, 0.0376 0.0036 -0.1571, 0.0366 0.0078 -0.1575, 0.0366 0.0078 -0.1571, 0.0349 0.0109 -0.1575, 0.0349 0.0109 -0.1571, 0.0326 0.0135 -0.1575, 0.0326 0.0135 -0.1571, 0.0298 0.0153 -0.1575, 0.0298 0.0153 -0.1571, 0.0269 0.0164 -0.1575, 0.0269 0.0164 -0.1571, 0.0239 -0.0149 -0.1571, 0.0239 -0.0149 -0.1575, 0.0276 -0.0144 -0.1575, 0.0276 -0.0144 -0.1571, 0.0304 -0.0134 -0.1575, 0.0304 -0.0134 -0.1571, 0.0329 -0.0118 -0.1575, 0.0329 -0.0118 -0.1571, 0.0347 -0.0098 -0.1575, 0.0347 -0.0098 -0.1571, 0.0363 -0.0071 -0.1575, 0.0363 -0.0071 -0.1571, 0.0374 -0.0037 -0.1575, 0.0374 -0.0037 -0.1571, 0.0145 -0.0127 -0.1575, 0.0145 -0.0127 -0.1571, 0.0187 -0.0143 -0.1575, 0.0187 -0.0143 -0.1571, 0.0464 -0.0144 -0.1571, 0.0464 -0.0187 -0.1571, 0.0464 -0.0144 -0.1575, 0.0464 -0.0187 -0.1575, 0.0666 -0.0187 -0.1571, 0.0666 -0.0187 -0.1575, 0.0666 0.0207 -0.1571, 0.0666 0.0207 -0.1575, 0.0613 0.0207 -0.1571, 0.0613 0.0207 -0.1575, 0.0613 -0.0144 -0.1571, 0.0613 -0.0144 -0.1575, 0.0613 -0.0144 -0.1575
            ]
        }
        coordIndex [
            0,1,2,-1,2,1,3,-1,2,3,4,-1,4,3,5,-1,4,5,6,-1,6,5,7,-1,6,7,8,-1,8,7,9,-1,8,9,10,-1,10,9,11,-1,10,11,12,-1,12,11,13,-1,12,13,14,-1,14,13,15,-1,14,15,16,-1,16,15,17,-1,16,17,18,-1,18,17,19,-1,18,19,20,-1,20,19,21,-1,20,21,22,-1,22,21,23,-1,22,23,24,-1,24,23,25,-1,24,25,26,-1,26,25,27,-1,26,27,28,-1,28,27,29,-1,28,29,30,-1,30,29,31,-1,30,31,32,-1,32,31,33,-1,32,33,34,-1,34,33,35,-1,34,35,36,-1,36,35,37,-1,36,37,38,-1,38,37,39,-1,38,39,40,-1,40,39,41,-1,40,41,42,-1,42,41,43,-1,42,43,44,-1,44,43,45,-1,44,45,46,-1,46,45,47,-1,46,47,0,-1,0,47,1,-1,44,46,48,-1,48,46,0,-1,48,0,2,-1,38,40,48,-1,48,40,42,-1,48,42,44,-1,32,34,48,-1,48,34,36,-1,48,36,38,-1,26,28,48,-1,48,28,30,-1,48,30,32,-1,20,22,48,-1,48,22,24,-1,48,24,26,-1,14,16,48,-1,48,16,18,-1,48,18,20,-1,8,10,48,-1,48,10,12,-1,48,12,14,-1,2,4,48,-1,48,4,6,-1,48,6,8,-1,49,50,51,-1,51,50,52,-1,50,53,52,-1,52,53,54,-1,53,55,54,-1,54,55,56,-1,55,57,56,-1,56,57,58,-1,57,59,58,-1,58,59,60,-1,59,61,60,-1,60,61,62,-1,61,63,62,-1,62,63,64,-1,63,49,64,-1,64,49,51,-1,65,57,66,-1,66,57,55,-1,67,63,65,-1,65,63,61,-1,65,61,57,-1,57,61,59,-1,67,68,63,-1,63,68,69,-1,63,69,49,-1,49,69,70,-1,49,70,71,-1,71,72,49,-1,49,72,66,-1,49,66,50,-1,50,66,55,-1,50,55,53,-1,65,66,73,-1,73,66,74,-1,67,65,75,-1,75,65,73,-1,67,75,76,-1,67,76,68,-1,68,76,77,-1,68,77,69,-1,70,69,78,-1,78,69,77,-1,70,78,79,-1,70,79,71,-1,71,79,80,-1,71,80,72,-1,66,72,74,-1,74,72,80,-1,81,82,83,-1,83,82,84,-1,82,85,84,-1,84,85,86,-1,85,87,86,-1,86,87,88,-1,89,90,91,-1,89,91,92,-1,92,91,93,-1,92,93,94,-1,94,93,95,-1,94,95,96,-1,96,95,97,-1,96,97,98,-1,98,97,99,-1,98,99,100,-1,100,99,101,-1,100,101,102,-1,102,101,103,-1,102,103,104,-1,104,103,88,-1,104,88,87,-1,81,83,105,-1,81,105,106,-1,106,105,107,-1,106,107,108,-1,108,107,109,-1,108,109,110,-1,110,109,111,-1,110,111,112,-1,112,111,113,-1,112,113,114,-1,114,113,115,-1,114,115,116,-1,116,115,90,-1,116,90,89,-1,94,96,117,-1,117,96,98,-1,117,98,118,-1,118,98,100,-1,118,100,119,-1,119,100,102,-1,119,102,120,-1,120,102,104,-1,120,104,121,-1,121,104,87,-1,121,87,122,-1,122,87,85,-1,122,85,123,-1,123,85,82,-1,123,82,124,-1,124,82,81,-1,124,81,125,-1,125,81,106,-1,125,106,126,-1,126,106,108,-1,126,108,127,-1,127,108,110,-1,127,110,128,-1,128,110,112,-1,128,112,129,-1,129,112,114,-1,129,114,130,-1,130,114,116,-1,130,116,131,-1,131,116,89,-1,131,89,132,-1,132,89,92,-1,132,92,133,-1,133,92,94,-1,133,94,117,-1,121,122,134,-1,134,122,135,-1,121,134,136,-1,121,136,120,-1,120,136,137,-1,120,137,119,-1,119,137,138,-1,119,138,118,-1,118,138,139,-1,118,139,117,-1,117,139,140,-1,117,140,133,-1,133,140,141,-1,133,141,132,-1,132,141,142,-1,132,142,131,-1,131,142,143,-1,131,143,130,-1,130,143,144,-1,130,144,129,-1,129,144,145,-1,129,145,128,-1,128,145,146,-1,128,146,127,-1,127,146,147,-1,127,147,126,-1,126,147,148,-1,126,148,125,-1,125,148,149,-1,125,149,124,-1,123,124,150,-1,150,124,149,-1,122,123,135,-1,135,123,150,-1,151,152,153,-1,153,152,154,-1,152,155,154,-1,154,155,156,-1,155,157,156,-1,156,157,158,-1,157,159,158,-1,158,159,160,-1,159,161,160,-1,160,161,162,-1,161,163,162,-1,162,163,164,-1,163,165,164,-1,164,165,166,-1,165,167,166,-1,166,167,168,-1,167,169,168,-1,168,169,170,-1,169,171,170,-1,170,171,172,-1,171,173,172,-1,172,173,174,-1,173,151,174,-1,174,151,153,-1,155,152,151,-1,151,173,155,-1,155,173,171,-1,155,171,157,-1,161,159,163,-1,163,159,157,-1,163,157,165,-1,165,157,171,-1,165,171,167,-1,167,171,169,-1,175,176,177,-1,177,176,178,-1,178,176,179,-1,180,181,182,-1,180,182,183,-1,183,182,184,-1,183,184,179,-1,179,184,185,-1,179,185,178,-1,181,180,186,-1,186,180,187,-1,186,187,188,-1,188,187,189,-1,188,189,190,-1,190,189,191,-1,190,191,192,-1,192,191,193,-1,192,193,194,-1,194,193,195,-1,194,195,196,-1,196,195,197,-1,196,197,198,-1,198,197,199,-1,198,199,200,-1,201,202,203,-1,201,203,204,-1,204,203,205,-1,204,205,206,-1,206,205,207,-1,206,207,208,-1,208,207,209,-1,208,209,210,-1,210,209,211,-1,210,211,212,-1,212,211,213,-1,212,213,214,-1,214,213,200,-1,214,200,199,-1,215,216,217,-1,215,217,218,-1,218,217,202,-1,218,202,201,-1,215,219,216,-1,216,219,220,-1,221,222,223,-1,221,223,224,-1,224,223,220,-1,224,220,219,-1,225,226,227,-1,225,227,228,-1,228,227,229,-1,228,229,230,-1,230,229,231,-1,230,231,232,-1,232,231,233,-1,232,233,234,-1,234,233,235,-1,234,235,236,-1,236,235,237,-1,236,237,238,-1,238,237,222,-1,238,222,221,-1,239,240,241,-1,239,241,242,-1,242,241,243,-1,242,243,244,-1,244,243,245,-1,244,245,246,-1,246,245,247,-1,246,247,248,-1,248,247,249,-1,248,249,250,-1,250,249,251,-1,250,251,252,-1,252,251,226,-1,252,226,225,-1,175,177,253,-1,175,253,254,-1,254,253,255,-1,254,255,256,-1,256,255,240,-1,256,240,239,-1,242,180,239,-1,239,180,183,-1,239,183,256,-1,256,183,179,-1,256,179,254,-1,254,179,176,-1,254,176,175,-1,219,215,224,-1,224,215,218,-1,224,218,221,-1,221,218,201,-1,221,201,238,-1,238,201,204,-1,238,204,236,-1,236,204,206,-1,236,206,234,-1,234,206,208,-1,234,208,232,-1,232,208,210,-1,232,210,230,-1,230,210,212,-1,230,212,228,-1,228,212,214,-1,228,214,225,-1,225,214,199,-1,225,199,252,-1,252,199,197,-1,252,197,250,-1,250,197,195,-1,250,195,248,-1,248,195,193,-1,248,193,246,-1,246,193,191,-1,246,191,244,-1,244,191,189,-1,244,189,242,-1,242,189,187,-1,242,187,180,-1,257,258,259,-1,259,258,260,-1,258,261,260,-1,260,261,262,-1,261,263,262,-1,262,263,264,-1,263,265,264,-1,264,265,266,-1,265,267,266,-1,266,267,268,-1,267,257,268,-1,268,257,259,-1,265,263,267,-1,267,263,261,-1,267,261,257,-1,257,261,258,-1,
        ]
    }
}
Shape{
    appearance Appearance {
        material  Material 	{
            diffuseColor 0.25098039215686274 0.25098039215686274 0.25098039215686274
            specularColor 0.12549019607843137 0.12549019607843137 0.12549019607843137
            ambientIntensity 0.2
            transparency 0
            shininess 0.5
        }
    }
    geometry IndexedFaceSet {
        ccw TRUE
        solid FALSE
        coord DEF co Coordinate {
            point [
                -0.0681 -0.0033 -0.1575, -0.0813 -0.0033 -0.1575, -0.074 0.0131 -0.1575, -0.0753 0.0131 -0.1575, -0.0744 0.0145 -0.1575, -0.075 0.0145 -0.1575, -0.0746 0.0159 -0.1575, -0.0747 0.0159 -0.1575, -0.028 0.0164 -0.1575, -0.028 -0.0144 -0.1575, -0.0338 0.0164 -0.1575, -0.0336 -0.0144 -0.1575, -0.0377 -0.014 -0.1575, -0.0491 0.0014 -0.1575, -0.0488 0.0053 -0.1575, -0.0478 0.0084 -0.1575, -0.0384 0.0159 -0.1575, -0.041 -0.013 -0.1575, -0.0437 -0.0114 -0.1575, -0.0459 -0.0092 -0.1575, -0.0476 -0.0065 -0.1575, -0.0487 -0.0028 -0.1575, -0.0465 0.0108 -0.1575, -0.0446 0.0129 -0.1575, -0.0417 0.0147 -0.1575, 0.5515 -0.2366 0.277, 0.5515 0.2366 0.277, 0.5506 -0.2366 0.2816, 0.5506 0.2366 0.2816, 0.5505 -0.2366 0.2818, 0.5505 0.2366 0.2818, 0.5485 -0.2366 0.2861, 0.5485 0.2366 0.2861, 0.5484 -0.2366 0.2862, 0.5484 0.2366 0.2862, 0.5454 -0.2366 0.2899, 0.5454 0.2366 0.2899, 0.5453 -0.2366 0.29, 0.5453 0.2366 0.29, 0.5414 -0.2366 0.2928, 0.5414 0.2366 0.2928, 0.5413 -0.2366 0.2929, 0.5413 0.2366 0.2929, 0.5368 -0.2366 0.2947, 0.5368 0.2366 0.2947, 0.5367 -0.2366 0.2947, 0.5367 0.2366 0.2947, 0.5319 0.2366 0.2953, 0.5319 -0.2366 0.2953, 0.5319 0.2531 0.2862, 0.5319 0.2501 0.2899, 0.5354 0.2496 0.2899, 0.5343 0.2458 0.2928, 0.5331 0.2413 0.2947, 0.5343 0.2408 0.2947, 0.5361 0.239 0.2947, 0.5353 0.2401 0.2947, 0.5366 0.2379 0.2947, 0.5319 0.2415 0.2947, 0.5367 0.2547 0.2816, 0.5369 0.2555 0.2773, 0.5369 0.2555 0.2773, 0.5417 0.2536 0.2775, 0.5412 0.2528 0.2816, 0.5417 0.2536 0.2775, 0.5451 0.2498 0.2816, 0.5457 0.2504 0.2775, 0.5481 0.246 0.2816, 0.5488 0.2464 0.2775, 0.5488 0.2464 0.2775, 0.55 0.2414 0.2816, 0.5508 0.2417 0.2773, 0.5508 0.2417 0.2773, 0.5319 0.25 0.29, 0.5319 0.2461 0.2928, 0.5319 0.246 0.2929, 0.5319 0.2415 0.2947, 0.5366 0.2448 0.2928, 0.5386 0.2433 0.2928, 0.5401 0.2413 0.2928, 0.541 0.239 0.2928, 0.5386 0.2483 0.2899, 0.5414 0.2461 0.2899, 0.5435 0.2433 0.2899, 0.5449 0.2401 0.2899, 0.5319 0.2553 0.2818, 0.5319 0.2532 0.2861, 0.5362 0.2527 0.2861, 0.5402 0.251 0.2861, 0.5436 0.2483 0.2861, 0.5463 0.2449 0.2861, 0.5479 0.2409 0.2861, 0.5319 0.2553 0.2816, 0.5319 0.2562 0.277, 0.5449 -0.2401 0.2899, 0.541 -0.239 0.2928, 0.5366 -0.2379 0.2947, 0.5361 -0.239 0.2947, 0.5343 -0.2408 0.2947, 0.5353 -0.2401 0.2947, 0.5331 -0.2413 0.2947, 0.55 -0.2414 0.2816, 0.5508 -0.2417 0.2773, 0.5508 -0.2417 0.2773, 0.5488 -0.2464 0.2775, 0.5481 -0.246 0.2816, 0.5488 -0.2464 0.2775, 0.5451 -0.2498 0.2816, 0.5457 -0.2504 0.2775, 0.5412 -0.2528 0.2816, 0.5417 -0.2536 0.2775, 0.5417 -0.2536 0.2775, 0.5367 -0.2547 0.2816, 0.5369 -0.2555 0.2773, 0.5369 -0.2555 0.2773, 0.5319 -0.2553 0.2816, 0.5319 -0.2562 0.277, 0.5319 -0.2415 0.2947, 0.5401 -0.2413 0.2928, 0.5386 -0.2433 0.2928, 0.5366 -0.2448 0.2928, 0.5343 -0.2458 0.2928, 0.5319 -0.2415 0.2947, 0.5319 -0.246 0.2929, 0.5319 -0.2461 0.2928, 0.5319 -0.25 0.29, 0.5435 -0.2433 0.2899, 0.5414 -0.2461 0.2899, 0.5386 -0.2483 0.2899, 0.5354 -0.2496 0.2899, 0.5479 -0.2409 0.2861, 0.5463 -0.2449 0.2861, 0.5436 -0.2483 0.2861, 0.5402 -0.251 0.2861, 0.5362 -0.2527 0.2861, 0.5319 -0.2501 0.2899, 0.5319 -0.2531 0.2862, 0.5319 -0.2532 0.2861, 0.5319 -0.2553 0.2818, 0.5512 0.2756 0.0, 0.5563 0.2749 0.0, 0.5588 0.2741 0.0, 0.5611 0.273 0.0, 0.5632 0.2715 0.0, 0.5651 0.2698 0.0, 0.5668 0.2679 0.0, 0.5682 0.2658 0.0, 0.5694 0.2635 0.0, 0.5702 0.261 0.0, 0.5709 0.256 0.0, -0.5319 0.2562 0.277, -0.5319 0.2553 0.2816, -0.5319 0.2553 0.2818, -0.5319 0.2532 0.2861, -0.5319 0.2531 0.2862, -0.5319 0.2501 0.2899, -0.5319 0.25 0.29, -0.5319 0.2461 0.2928, -0.5319 0.246 0.2929, -0.5319 0.2415 0.2947, -0.5319 0.2415 0.2947, -0.5319 0.2366 0.2953, -0.5515 0.2366 0.277, -0.5515 -0.2366 0.277, -0.5506 0.2366 0.2816, -0.5506 -0.2366 0.2816, -0.5505 0.2366 0.2818, -0.5505 -0.2366 0.2818, -0.5485 0.2366 0.2861, -0.5485 -0.2366 0.2861, -0.5484 0.2366 0.2862, -0.5484 -0.2366 0.2862, -0.5454 0.2366 0.2899, -0.5454 -0.2366 0.2899, -0.5453 0.2366 0.29, -0.5453 -0.2366 0.29, -0.5414 0.2366 0.2928, -0.5414 -0.2366 0.2928, -0.5413 0.2366 0.2929, -0.5413 -0.2366 0.2929, -0.5368 0.2366 0.2947, -0.5368 -0.2366 0.2947, -0.5367 0.2366 0.2947, -0.5367 -0.2366 0.2947, -0.5319 -0.2366 0.2953, -0.5319 -0.2562 0.277, -0.5319 -0.2553 0.2816, -0.5319 -0.2553 0.2818, -0.5319 -0.2532 0.2861, -0.5319 -0.2531 0.2862, -0.5319 -0.2501 0.2899, -0.5319 -0.25 0.29, -0.5319 -0.2461 0.2928, -0.5319 -0.246 0.2929, -0.5319 -0.2415 0.2947, -0.5319 -0.2415 0.2947, 0.5709 -0.256 -0.0, 0.5702 -0.261 -0.0, 0.5694 -0.2635 -0.0, 0.5682 -0.2658 -0.0, 0.5668 -0.2679 -0.0, 0.5651 -0.2698 -0.0, 0.5632 -0.2715 -0.0, 0.5611 -0.273 -0.0, 0.5588 -0.2741 -0.0, 0.5563 -0.2749 -0.0, 0.5512 -0.2756 0.0, 0.5611 0.2462 -0.1392, 0.5605 0.2506 -0.1394, 0.5604 0.2513 -0.1395, 0.559 0.2547 -0.1396, 0.5585 0.256 -0.1397, 0.5567 0.2583 -0.1397, 0.5553 0.2601 -0.1397, 0.5536 0.2614 -0.1397, 0.5513 0.2632 -0.1397, 0.5499 0.2638 -0.1396, 0.5415 0.2659 -0.1392, 0.5459 0.2653 -0.1394, 0.5466 0.2652 -0.1395, -0.5449 0.2401 0.2899, -0.541 0.239 0.2928, -0.5366 0.2379 0.2947, -0.5361 0.239 0.2947, -0.5343 0.2408 0.2947, -0.5353 0.2401 0.2947, -0.5331 0.2413 0.2947, -0.55 0.2414 0.2816, -0.5508 0.2417 0.2773, -0.5508 0.2417 0.2773, -0.5488 0.2464 0.2775, -0.5481 0.246 0.2816, -0.5488 0.2464 0.2775, -0.5451 0.2498 0.2816, -0.5457 0.2504 0.2775, -0.5412 0.2528 0.2816, -0.5417 0.2536 0.2775, -0.5417 0.2536 0.2775, -0.5367 0.2547 0.2816, -0.5369 0.2555 0.2773, -0.5369 0.2555 0.2773, -0.5401 0.2413 0.2928, -0.5386 0.2433 0.2928, -0.5366 0.2448 0.2928, -0.5343 0.2458 0.2928, -0.5435 0.2433 0.2899, -0.5414 0.2461 0.2899, -0.5386 0.2483 0.2899, -0.5354 0.2496 0.2899, -0.5479 0.2409 0.2861, -0.5463 0.2449 0.2861, -0.5436 0.2483 0.2861, -0.5402 0.251 0.2861, -0.5362 0.2527 0.2861, -0.5354 -0.2496 0.2899, -0.5343 -0.2458 0.2928, -0.5331 -0.2413 0.2947, -0.5343 -0.2408 0.2947, -0.5361 -0.239 0.2947, -0.5353 -0.2401 0.2947, -0.5366 -0.2379 0.2947, -0.5367 -0.2547 0.2816, -0.5369 -0.2555 0.2773, -0.5369 -0.2555 0.2773, -0.5417 -0.2536 0.2775, -0.5412 -0.2528 0.2816, -0.5417 -0.2536 0.2775, -0.5451 -0.2498 0.2816, -0.5457 -0.2504 0.2775, -0.5481 -0.246 0.2816, -0.5488 -0.2464 0.2775, -0.5488 -0.2464 0.2775, -0.55 -0.2414 0.2816, -0.5508 -0.2417 0.2773, -0.5508 -0.2417 0.2773, -0.5366 -0.2448 0.2928, -0.5386 -0.2433 0.2928, -0.5401 -0.2413 0.2928, -0.541 -0.239 0.2928, -0.5386 -0.2483 0.2899, -0.5414 -0.2461 0.2899, -0.5435 -0.2433 0.2899, -0.5449 -0.2401 0.2899, -0.5362 -0.2527 0.2861, -0.5402 -0.251 0.2861, -0.5436 -0.2483 0.2861, -0.5463 -0.2449 0.2861, -0.5479 -0.2409 0.2861, 0.5415 -0.2659 -0.1392, 0.5466 -0.2652 -0.1395, 0.5466 -0.2652 -0.1395, 0.5513 -0.2632 -0.1397, 0.5513 -0.2632 -0.1397, 0.5553 -0.2601 -0.1397, 0.5585 -0.256 -0.1397, 0.5585 -0.256 -0.1397, 0.5604 -0.2513 -0.1395, 0.5604 -0.2513 -0.1395, 0.5611 -0.2462 -0.1392, 0.5415 -0.0189 -0.1575, 0.5415 0.2462 -0.1575, 0.5464 0.2462 -0.1569, 0.5415 -0.2462 -0.1575, 0.5464 -0.2462 -0.1569, 0.5464 -0.2462 -0.1569, 0.5464 0.2462 -0.1569, 0.5509 -0.2462 -0.1551, 0.5509 0.2462 -0.1551, 0.551 -0.2462 -0.155, 0.551 0.2462 -0.155, 0.5549 -0.2462 -0.1522, 0.5549 0.2462 -0.1522, 0.555 -0.2462 -0.1521, 0.555 0.2462 -0.1521, 0.5581 -0.2462 -0.1484, 0.5581 0.2462 -0.1484, 0.5581 -0.2462 -0.1483, 0.5581 0.2462 -0.1483, 0.5602 -0.2462 -0.144, 0.5602 0.2462 -0.144, 0.5602 -0.2462 -0.1438, 0.5602 0.2462 -0.1438, 0.5463 0.2473 -0.1569, 0.5446 0.2501 -0.1569, 0.5453 0.2493 -0.1569, 0.5415 0.2557 -0.1551, 0.5415 0.2557 -0.155, 0.5436 0.2555 -0.155, 0.5415 0.2596 -0.1522, 0.5415 0.2597 -0.1521, 0.5445 0.2594 -0.1521, 0.5452 0.2624 -0.1483, 0.5457 0.2645 -0.1438, 0.5496 0.2631 -0.1438, 0.5584 0.2543 -0.1438, 0.5598 0.2504 -0.1438, 0.5532 0.2609 -0.1438, 0.5415 0.265 -0.1438, 0.5415 0.2649 -0.144, 0.5415 0.2629 -0.1483, 0.5415 0.2628 -0.1484, 0.5577 0.2499 -0.1483, 0.5487 0.2612 -0.1483, 0.5546 0.2492 -0.1521, 0.5474 0.2584 -0.1521, 0.5519 0.2592 -0.1483, 0.5561 0.2579 -0.1438, 0.5508 0.2483 -0.155, 0.5545 0.2566 -0.1483, 0.5499 0.2568 -0.1521, 0.5456 0.2548 -0.155, 0.5426 0.251 -0.1569, 0.5489 0.2521 -0.155, 0.5565 0.2534 -0.1483, 0.5537 0.2521 -0.1521, 0.5501 0.2503 -0.155, 0.5459 0.2483 -0.1569, 0.5415 0.2511 -0.1569, 0.5415 0.2511 -0.1569, 0.552 0.2546 -0.1521, 0.5474 0.2536 -0.155, 0.5436 0.2506 -0.1569, -0.5709 0.256 0.0, -0.5702 0.261 0.0, -0.5694 0.2635 0.0, -0.5682 0.2658 0.0, -0.5668 0.2679 0.0, -0.5651 0.2698 0.0, -0.5632 0.2715 0.0, -0.5611 0.273 0.0, -0.5588 0.2741 0.0, -0.5563 0.2749 0.0, -0.5512 0.2756 0.0, -0.5512 -0.2756 -0.0, -0.5563 -0.2749 -0.0, -0.5588 -0.2741 -0.0, -0.5611 -0.273 -0.0, -0.5632 -0.2715 -0.0, -0.5651 -0.2698 -0.0, -0.5668 -0.2679 -0.0, -0.5682 -0.2658 -0.0, -0.5694 -0.2635 -0.0, -0.5702 -0.261 -0.0, -0.5709 -0.256 -0.0, 0.5415 -0.2511 -0.1569, 0.5428 -0.251 -0.1569, 0.5507 -0.2487 -0.155, 0.5545 -0.2497 -0.1521, 0.5576 -0.2505 -0.1483, 0.5596 -0.2511 -0.1438, 0.5577 -0.2556 -0.1438, 0.5415 -0.265 -0.1438, 0.5463 -0.2643 -0.1438, 0.5415 -0.2649 -0.144, 0.5458 -0.2623 -0.1483, 0.5559 -0.2545 -0.1483, 0.5547 -0.2595 -0.1438, 0.5415 -0.2629 -0.1483, 0.5415 -0.2628 -0.1484, 0.545 -0.2593 -0.1521, 0.5532 -0.253 -0.1521, 0.5533 -0.258 -0.1483, 0.5415 -0.2597 -0.1521, 0.5415 -0.2596 -0.1522, 0.544 -0.2554 -0.155, 0.551 -0.2558 -0.1521, 0.5497 -0.251 -0.155, 0.5462 -0.2475 -0.1569, 0.5509 -0.2624 -0.1438, 0.5498 -0.2606 -0.1483, 0.5482 -0.2579 -0.1521, 0.5462 -0.2544 -0.155, 0.5439 -0.2505 -0.1569, 0.5482 -0.2529 -0.155, 0.5457 -0.2487 -0.1569, 0.545 -0.2497 -0.1569, 0.5415 -0.2557 -0.155, 0.5415 -0.2557 -0.1551, 0.5415 -0.2511 -0.1569, -0.0188 0.2462 -0.1575, -0.5415 0.2462 -0.1575, -0.5415 0.2511 -0.1569, -0.5415 0.2659 -0.1392, -0.5415 0.265 -0.1438, -0.5415 0.2649 -0.144, -0.5415 0.2629 -0.1483, -0.5415 0.2628 -0.1484, -0.5415 0.2597 -0.1521, -0.5415 0.2596 -0.1522, -0.5415 0.2557 -0.155, -0.5415 0.2557 -0.1551, -0.5415 0.2511 -0.1569, -0.5459 0.2653 -0.1394, -0.5466 0.2652 -0.1395, -0.5499 0.2638 -0.1396, -0.5513 0.2632 -0.1397, -0.5536 0.2614 -0.1397, -0.5553 0.2601 -0.1397, -0.5567 0.2583 -0.1397, -0.5585 0.256 -0.1397, -0.559 0.2547 -0.1396, -0.5611 0.2462 -0.1392, -0.5605 0.2506 -0.1394, -0.5604 0.2513 -0.1395, -0.5611 -0.2462 -0.1392, -0.5604 -0.2513 -0.1395, -0.5604 -0.2513 -0.1395, -0.5585 -0.256 -0.1397, -0.5585 -0.256 -0.1397, -0.5553 -0.2601 -0.1397, -0.5513 -0.2632 -0.1397, -0.5513 -0.2632 -0.1397, -0.5466 -0.2652 -0.1395, -0.5466 -0.2652 -0.1395, -0.5415 -0.2659 -0.1392, -0.0188 -0.2462 -0.1575, -0.5415 -0.2462 -0.1575, -0.5415 -0.2511 -0.1569, -0.5415 -0.2511 -0.1569, -0.5415 -0.2557 -0.1551, -0.5415 -0.2557 -0.155, -0.5415 -0.2596 -0.1522, -0.5415 -0.2597 -0.1521, -0.5415 -0.2628 -0.1484, -0.5415 -0.2629 -0.1483, -0.5415 -0.2649 -0.144, -0.5415 -0.265 -0.1438, -0.5426 0.251 -0.1569, -0.5453 0.2493 -0.1569, -0.5446 0.2501 -0.1569, -0.5509 0.2462 -0.1551, -0.551 0.2462 -0.155, -0.5508 0.2483 -0.155, -0.5549 0.2462 -0.1522, -0.555 0.2462 -0.1521, -0.5546 0.2492 -0.1521, -0.5577 0.2499 -0.1483, -0.5598 0.2504 -0.1438, -0.5584 0.2543 -0.1438, -0.5496 0.2631 -0.1438, -0.5457 0.2645 -0.1438, -0.5561 0.2579 -0.1438, -0.5602 0.2462 -0.1438, -0.5602 0.2462 -0.144, -0.5581 0.2462 -0.1483, -0.5581 0.2462 -0.1484, -0.5452 0.2624 -0.1483, -0.5565 0.2534 -0.1483, -0.5445 0.2594 -0.1521, -0.5537 0.2521 -0.1521, -0.5545 0.2566 -0.1483, -0.5532 0.2609 -0.1438, -0.5436 0.2555 -0.155, -0.5519 0.2592 -0.1483, -0.552 0.2546 -0.1521, -0.5501 0.2503 -0.155, -0.5463 0.2473 -0.1569, -0.5474 0.2536 -0.155, -0.5487 0.2612 -0.1483, -0.5474 0.2584 -0.1521, -0.5456 0.2548 -0.155, -0.5436 0.2506 -0.1569, -0.5464 0.2462 -0.1569, -0.5464 0.2462 -0.1569, -0.5499 0.2568 -0.1521, -0.5489 0.2521 -0.155, -0.5459 0.2483 -0.1569, -0.5464 -0.2462 -0.1569, -0.5462 -0.2475 -0.1569, -0.544 -0.2554 -0.155, -0.545 -0.2593 -0.1521, -0.5458 -0.2623 -0.1483, -0.5463 -0.2643 -0.1438, -0.5509 -0.2624 -0.1438, -0.5602 -0.2462 -0.1438, -0.5596 -0.2511 -0.1438, -0.5602 -0.2462 -0.144, -0.5576 -0.2505 -0.1483, -0.5498 -0.2606 -0.1483, -0.5547 -0.2595 -0.1438, -0.5581 -0.2462 -0.1483, -0.5581 -0.2462 -0.1484, -0.5545 -0.2497 -0.1521, -0.5482 -0.2579 -0.1521, -0.5533 -0.258 -0.1483, -0.555 -0.2462 -0.1521, -0.5549 -0.2462 -0.1522, -0.5507 -0.2487 -0.155, -0.551 -0.2558 -0.1521, -0.5462 -0.2544 -0.155, -0.5428 -0.251 -0.1569, -0.5577 -0.2556 -0.1438, -0.5559 -0.2545 -0.1483, -0.5532 -0.253 -0.1521, -0.5497 -0.251 -0.155, -0.5457 -0.2487 -0.1569, -0.5482 -0.2529 -0.155, -0.5439 -0.2505 -0.1569, -0.545 -0.2497 -0.1569, -0.551 -0.2462 -0.155, -0.5509 -0.2462 -0.1551, -0.5464 -0.2462 -0.1569, -0.5415 -0.0189 -0.1575, -0.5415 -0.0189 -0.1575
            ]
        }
        coordIndex [
            0,1,2,-1,2,1,3,-1,2,3,4,-1,4,3,5,-1,4,5,6,-1,6,5,7,-1,8,9,10,-1,10,9,11,-1,10,11,12,-1,13,14,10,-1,10,14,15,-1,10,15,16,-1,12,17,10,-1,10,17,18,-1,10,18,19,-1,19,20,10,-1,10,20,21,-1,10,21,13,-1,22,23,15,-1,15,23,24,-1,15,24,16,-1,25,26,27,-1,27,26,28,-1,27,28,29,-1,29,28,30,-1,29,30,31,-1,31,30,32,-1,31,32,33,-1,33,32,34,-1,33,34,35,-1,35,34,36,-1,35,36,37,-1,37,36,38,-1,37,38,39,-1,39,38,40,-1,39,40,41,-1,41,40,42,-1,41,42,43,-1,43,42,44,-1,43,44,45,-1,44,46,45,-1,45,46,47,-1,45,47,48,-1,49,50,51,-1,52,53,54,-1,47,55,56,-1,57,55,47,-1,54,53,47,-1,58,47,53,-1,59,60,61,-1,60,59,62,-1,62,59,63,-1,62,63,64,-1,64,63,65,-1,64,65,66,-1,66,65,67,-1,66,67,68,-1,68,67,69,-1,69,67,70,-1,69,70,71,-1,71,70,72,-1,72,70,28,-1,72,28,26,-1,46,57,47,-1,73,74,52,-1,52,74,75,-1,52,75,53,-1,53,75,76,-1,53,76,58,-1,77,56,78,-1,78,56,55,-1,78,55,79,-1,79,55,57,-1,79,57,80,-1,46,44,57,-1,57,44,42,-1,57,42,80,-1,80,42,40,-1,80,40,38,-1,51,77,81,-1,81,77,78,-1,81,78,82,-1,82,78,79,-1,82,79,83,-1,83,79,80,-1,83,80,84,-1,84,80,38,-1,85,86,87,-1,87,86,49,-1,49,51,87,-1,87,51,81,-1,87,81,88,-1,88,81,82,-1,88,82,89,-1,89,82,83,-1,89,83,90,-1,90,83,84,-1,90,84,91,-1,50,73,51,-1,51,73,52,-1,51,52,77,-1,77,52,54,-1,77,54,56,-1,56,54,47,-1,85,59,92,-1,92,59,61,-1,92,61,93,-1,38,36,84,-1,84,36,34,-1,84,34,91,-1,91,34,32,-1,91,32,30,-1,85,87,59,-1,59,87,88,-1,59,88,63,-1,63,88,89,-1,63,89,65,-1,65,89,90,-1,65,90,67,-1,67,90,91,-1,67,91,70,-1,70,91,30,-1,70,30,28,-1,33,35,94,-1,95,96,97,-1,48,98,99,-1,100,98,48,-1,97,96,48,-1,45,48,96,-1,101,102,103,-1,102,101,104,-1,104,101,105,-1,104,105,106,-1,106,105,107,-1,106,107,108,-1,108,107,109,-1,108,109,110,-1,110,109,111,-1,111,109,112,-1,111,112,113,-1,113,112,114,-1,114,112,115,-1,114,115,116,-1,117,100,48,-1,37,39,95,-1,95,39,41,-1,95,41,96,-1,96,41,43,-1,96,43,45,-1,118,99,119,-1,119,99,98,-1,119,98,120,-1,120,98,100,-1,120,100,121,-1,117,122,100,-1,100,122,123,-1,100,123,121,-1,121,123,124,-1,121,124,125,-1,94,118,126,-1,126,118,119,-1,126,119,127,-1,127,119,120,-1,127,120,128,-1,128,120,121,-1,128,121,129,-1,129,121,125,-1,29,31,130,-1,130,31,33,-1,33,94,130,-1,130,94,126,-1,130,126,131,-1,131,126,127,-1,131,127,132,-1,132,127,128,-1,132,128,133,-1,133,128,129,-1,133,129,134,-1,35,37,94,-1,94,37,95,-1,94,95,118,-1,118,95,97,-1,118,97,99,-1,99,97,48,-1,29,101,27,-1,27,101,103,-1,27,103,25,-1,125,135,129,-1,129,135,136,-1,129,136,134,-1,134,136,137,-1,134,137,138,-1,29,130,101,-1,101,130,131,-1,101,131,105,-1,105,131,132,-1,105,132,107,-1,107,132,133,-1,107,133,109,-1,109,133,134,-1,109,134,112,-1,112,134,138,-1,112,138,115,-1,93,61,139,-1,139,61,140,-1,140,61,141,-1,141,61,60,-1,141,60,142,-1,142,60,62,-1,142,62,143,-1,143,62,64,-1,143,64,144,-1,144,64,66,-1,144,66,145,-1,145,66,68,-1,145,68,146,-1,146,68,69,-1,146,69,147,-1,147,69,71,-1,147,71,148,-1,71,72,148,-1,148,72,26,-1,148,26,149,-1,93,150,92,-1,92,150,151,-1,92,151,85,-1,85,151,152,-1,85,152,86,-1,86,152,153,-1,86,153,49,-1,49,153,154,-1,49,154,50,-1,50,154,155,-1,50,155,73,-1,73,155,156,-1,73,156,74,-1,74,156,157,-1,74,157,75,-1,75,157,158,-1,75,158,76,-1,76,158,159,-1,76,159,58,-1,159,160,58,-1,58,160,161,-1,58,161,47,-1,162,163,164,-1,164,163,165,-1,164,165,166,-1,166,165,167,-1,166,167,168,-1,168,167,169,-1,168,169,170,-1,170,169,171,-1,170,171,172,-1,172,171,173,-1,172,173,174,-1,174,173,175,-1,174,175,176,-1,176,175,177,-1,176,177,178,-1,178,177,179,-1,178,179,180,-1,180,179,181,-1,180,181,182,-1,181,183,182,-1,182,183,184,-1,182,184,161,-1,185,116,186,-1,186,116,115,-1,186,115,187,-1,187,115,138,-1,187,138,188,-1,188,138,137,-1,188,137,189,-1,189,137,136,-1,189,136,190,-1,190,136,135,-1,190,135,191,-1,191,135,125,-1,191,125,192,-1,192,125,124,-1,192,124,193,-1,193,124,123,-1,193,123,194,-1,194,123,122,-1,194,122,195,-1,122,117,195,-1,195,117,48,-1,195,48,184,-1,25,103,196,-1,196,103,197,-1,197,103,198,-1,198,103,102,-1,198,102,199,-1,199,102,104,-1,199,104,200,-1,200,104,106,-1,200,106,201,-1,201,106,108,-1,201,108,202,-1,202,108,110,-1,202,110,203,-1,203,110,111,-1,203,111,204,-1,204,111,113,-1,204,113,205,-1,113,114,205,-1,205,114,116,-1,205,116,206,-1,149,207,208,-1,149,208,148,-1,148,208,209,-1,148,209,147,-1,147,209,210,-1,147,210,146,-1,146,210,211,-1,146,211,145,-1,145,211,212,-1,145,212,144,-1,144,212,213,-1,144,213,143,-1,143,213,214,-1,143,214,142,-1,142,214,215,-1,142,215,141,-1,141,215,216,-1,141,216,140,-1,217,139,218,-1,218,139,140,-1,218,140,219,-1,219,140,216,-1,170,172,220,-1,221,222,223,-1,161,224,225,-1,226,224,161,-1,223,222,161,-1,182,161,222,-1,227,228,229,-1,228,227,230,-1,230,227,231,-1,230,231,232,-1,232,231,233,-1,232,233,234,-1,234,233,235,-1,234,235,236,-1,236,235,237,-1,237,235,238,-1,237,238,239,-1,239,238,240,-1,240,238,151,-1,240,151,150,-1,160,226,161,-1,174,176,221,-1,221,176,178,-1,221,178,222,-1,222,178,180,-1,222,180,182,-1,241,225,242,-1,242,225,224,-1,242,224,243,-1,243,224,226,-1,243,226,244,-1,160,159,226,-1,226,159,158,-1,226,158,244,-1,244,158,157,-1,244,157,156,-1,220,241,245,-1,245,241,242,-1,245,242,246,-1,246,242,243,-1,246,243,247,-1,247,243,244,-1,247,244,248,-1,248,244,156,-1,166,168,249,-1,249,168,170,-1,170,220,249,-1,249,220,245,-1,249,245,250,-1,250,245,246,-1,250,246,251,-1,251,246,247,-1,251,247,252,-1,252,247,248,-1,252,248,253,-1,172,174,220,-1,220,174,221,-1,220,221,241,-1,241,221,223,-1,241,223,225,-1,225,223,161,-1,166,227,164,-1,164,227,229,-1,164,229,162,-1,156,155,248,-1,248,155,154,-1,248,154,253,-1,253,154,153,-1,253,153,152,-1,166,249,227,-1,227,249,250,-1,227,250,231,-1,231,250,251,-1,231,251,233,-1,233,251,252,-1,233,252,235,-1,235,252,253,-1,235,253,238,-1,238,253,152,-1,238,152,151,-1,189,190,254,-1,255,256,257,-1,184,258,259,-1,260,258,184,-1,257,256,184,-1,195,184,256,-1,261,262,263,-1,262,261,264,-1,264,261,265,-1,264,265,266,-1,266,265,267,-1,266,267,268,-1,268,267,269,-1,268,269,270,-1,270,269,271,-1,271,269,272,-1,271,272,273,-1,273,272,274,-1,274,272,165,-1,274,165,163,-1,183,260,184,-1,191,192,255,-1,255,192,193,-1,255,193,256,-1,256,193,194,-1,256,194,195,-1,275,259,276,-1,276,259,258,-1,276,258,277,-1,277,258,260,-1,277,260,278,-1,183,181,260,-1,260,181,179,-1,260,179,278,-1,278,179,177,-1,278,177,175,-1,254,275,279,-1,279,275,276,-1,279,276,280,-1,280,276,277,-1,280,277,281,-1,281,277,278,-1,281,278,282,-1,282,278,175,-1,187,188,283,-1,283,188,189,-1,189,254,283,-1,283,254,279,-1,283,279,284,-1,284,279,280,-1,284,280,285,-1,285,280,281,-1,285,281,286,-1,286,281,282,-1,286,282,287,-1,190,191,254,-1,254,191,255,-1,254,255,275,-1,275,255,257,-1,275,257,259,-1,259,257,184,-1,187,261,186,-1,186,261,263,-1,186,263,185,-1,175,173,282,-1,282,173,171,-1,282,171,287,-1,287,171,169,-1,287,169,167,-1,187,283,261,-1,261,283,284,-1,261,284,265,-1,265,284,285,-1,265,285,267,-1,267,285,286,-1,267,286,269,-1,269,286,287,-1,269,287,272,-1,272,287,167,-1,272,167,165,-1,288,289,206,-1,206,289,205,-1,205,289,204,-1,204,289,290,-1,204,290,203,-1,203,290,291,-1,203,291,202,-1,202,291,292,-1,202,292,201,-1,201,292,293,-1,201,293,200,-1,200,293,294,-1,200,294,199,-1,199,294,295,-1,199,295,198,-1,198,295,296,-1,198,296,197,-1,296,297,197,-1,197,297,298,-1,197,298,196,-1,299,300,301,-1,302,299,303,-1,303,299,301,-1,303,301,304,-1,304,301,305,-1,304,305,306,-1,306,305,307,-1,306,307,308,-1,308,307,309,-1,308,309,310,-1,310,309,311,-1,310,311,312,-1,312,311,313,-1,312,313,314,-1,314,313,315,-1,314,315,316,-1,316,315,317,-1,316,317,318,-1,318,317,319,-1,318,319,320,-1,320,319,321,-1,320,321,298,-1,298,321,207,-1,301,300,322,-1,323,324,300,-1,325,326,327,-1,328,329,330,-1,331,332,333,-1,211,210,334,-1,209,208,335,-1,335,208,207,-1,336,214,213,-1,333,216,215,-1,216,333,219,-1,219,333,332,-1,219,332,218,-1,217,218,337,-1,337,218,332,-1,337,332,338,-1,338,332,331,-1,338,331,339,-1,339,331,340,-1,207,321,335,-1,335,321,319,-1,335,319,341,-1,329,340,330,-1,330,340,331,-1,330,331,342,-1,342,331,333,-1,342,333,336,-1,336,333,215,-1,336,215,214,-1,319,317,341,-1,341,317,315,-1,341,315,343,-1,326,328,327,-1,327,328,330,-1,327,330,344,-1,344,330,342,-1,344,342,345,-1,345,342,336,-1,345,336,346,-1,346,336,213,-1,346,213,212,-1,315,313,343,-1,343,313,311,-1,343,311,347,-1,346,348,345,-1,345,348,349,-1,345,349,344,-1,344,349,350,-1,344,350,327,-1,327,350,351,-1,327,351,325,-1,324,323,352,-1,210,209,334,-1,334,209,335,-1,334,335,353,-1,353,335,341,-1,353,341,354,-1,354,341,343,-1,354,343,355,-1,355,343,347,-1,355,347,356,-1,356,347,322,-1,356,322,300,-1,300,357,351,-1,351,357,358,-1,351,358,325,-1,348,359,349,-1,349,359,360,-1,349,360,350,-1,350,360,361,-1,350,361,351,-1,351,361,300,-1,359,352,360,-1,360,352,323,-1,360,323,361,-1,361,323,300,-1,311,309,347,-1,347,309,307,-1,347,307,322,-1,322,307,305,-1,322,305,301,-1,212,211,346,-1,346,211,334,-1,346,334,348,-1,348,334,353,-1,348,353,359,-1,359,353,354,-1,359,354,352,-1,352,354,355,-1,352,355,324,-1,324,355,356,-1,324,356,300,-1,162,229,362,-1,362,229,363,-1,363,229,364,-1,364,229,228,-1,364,228,365,-1,365,228,230,-1,365,230,366,-1,366,230,232,-1,366,232,367,-1,367,232,234,-1,367,234,368,-1,368,234,236,-1,368,236,369,-1,369,236,237,-1,369,237,370,-1,370,237,239,-1,370,239,371,-1,239,240,371,-1,371,240,150,-1,371,150,372,-1,185,263,373,-1,373,263,374,-1,374,263,375,-1,375,263,262,-1,375,262,376,-1,376,262,264,-1,376,264,377,-1,377,264,266,-1,377,266,378,-1,378,266,268,-1,378,268,379,-1,379,268,270,-1,379,270,380,-1,380,270,271,-1,380,271,381,-1,381,271,273,-1,381,273,382,-1,273,274,382,-1,382,274,163,-1,382,163,383,-1,384,302,385,-1,306,308,386,-1,310,312,387,-1,388,389,390,-1,289,288,391,-1,291,290,392,-1,392,290,289,-1,297,296,389,-1,389,296,295,-1,389,295,390,-1,390,295,294,-1,390,294,293,-1,298,297,320,-1,320,297,389,-1,320,389,318,-1,318,389,388,-1,318,388,316,-1,316,388,314,-1,289,391,392,-1,392,391,393,-1,392,393,394,-1,312,314,387,-1,387,314,388,-1,387,388,395,-1,395,388,390,-1,395,390,396,-1,396,390,293,-1,393,397,394,-1,394,397,398,-1,394,398,399,-1,308,310,386,-1,386,310,387,-1,386,387,400,-1,400,387,395,-1,400,395,401,-1,401,395,396,-1,398,402,399,-1,399,402,403,-1,399,403,404,-1,401,405,400,-1,400,405,406,-1,400,406,386,-1,386,406,407,-1,386,407,306,-1,292,291,408,-1,408,291,392,-1,408,392,409,-1,409,392,394,-1,409,394,410,-1,410,394,399,-1,410,399,411,-1,411,399,404,-1,411,404,412,-1,412,404,385,-1,412,385,302,-1,302,303,407,-1,407,303,304,-1,407,304,306,-1,405,413,406,-1,406,413,414,-1,406,414,407,-1,407,414,302,-1,413,415,414,-1,414,415,302,-1,403,416,404,-1,404,416,417,-1,404,417,385,-1,385,417,418,-1,385,418,384,-1,293,292,396,-1,396,292,408,-1,396,408,401,-1,401,408,409,-1,401,409,405,-1,405,409,410,-1,405,410,413,-1,413,410,411,-1,413,411,415,-1,415,411,412,-1,415,412,302,-1,419,420,421,-1,422,217,423,-1,423,217,337,-1,423,337,424,-1,424,337,338,-1,424,338,425,-1,425,338,339,-1,425,339,426,-1,426,339,340,-1,426,340,427,-1,427,340,329,-1,427,329,428,-1,428,329,328,-1,428,328,429,-1,429,328,326,-1,429,326,430,-1,430,326,325,-1,430,325,431,-1,431,325,358,-1,431,358,421,-1,421,358,357,-1,421,357,419,-1,419,357,300,-1,372,422,432,-1,372,432,371,-1,371,432,433,-1,371,433,370,-1,370,433,434,-1,370,434,369,-1,369,434,435,-1,369,435,368,-1,368,435,436,-1,368,436,367,-1,367,436,437,-1,367,437,366,-1,366,437,438,-1,366,438,365,-1,365,438,439,-1,365,439,364,-1,364,439,440,-1,364,440,363,-1,441,362,442,-1,442,362,363,-1,442,363,443,-1,443,363,440,-1,444,445,383,-1,383,445,382,-1,382,445,381,-1,381,445,446,-1,381,446,380,-1,380,446,447,-1,380,447,379,-1,379,447,448,-1,379,448,378,-1,378,448,449,-1,378,449,377,-1,377,449,450,-1,377,450,376,-1,376,450,451,-1,376,451,375,-1,375,451,452,-1,375,452,374,-1,452,453,374,-1,374,453,454,-1,374,454,373,-1,455,302,384,-1,456,455,457,-1,457,455,384,-1,457,384,458,-1,458,384,418,-1,458,418,459,-1,459,418,417,-1,459,417,460,-1,460,417,416,-1,460,416,461,-1,461,416,403,-1,461,403,462,-1,462,403,402,-1,462,402,463,-1,463,402,398,-1,463,398,464,-1,464,398,397,-1,464,397,465,-1,465,397,393,-1,465,393,466,-1,466,393,391,-1,466,391,454,-1,454,391,288,-1,421,420,467,-1,468,469,420,-1,470,471,472,-1,473,474,475,-1,476,477,478,-1,435,434,479,-1,433,432,480,-1,480,432,422,-1,481,438,437,-1,478,440,439,-1,440,478,443,-1,443,478,477,-1,443,477,442,-1,441,442,482,-1,482,442,477,-1,482,477,483,-1,483,477,476,-1,483,476,484,-1,484,476,485,-1,422,423,480,-1,480,423,424,-1,480,424,486,-1,474,485,475,-1,475,485,476,-1,475,476,487,-1,487,476,478,-1,487,478,481,-1,481,478,439,-1,481,439,438,-1,424,425,486,-1,486,425,426,-1,486,426,488,-1,471,473,472,-1,472,473,475,-1,472,475,489,-1,489,475,487,-1,489,487,490,-1,490,487,481,-1,490,481,491,-1,491,481,437,-1,491,437,436,-1,426,427,488,-1,488,427,428,-1,488,428,492,-1,491,493,490,-1,490,493,494,-1,490,494,489,-1,489,494,495,-1,489,495,472,-1,472,495,496,-1,472,496,470,-1,469,468,497,-1,434,433,479,-1,479,433,480,-1,479,480,498,-1,498,480,486,-1,498,486,499,-1,499,486,488,-1,499,488,500,-1,500,488,492,-1,500,492,501,-1,501,492,467,-1,501,467,420,-1,420,502,496,-1,496,502,503,-1,496,503,470,-1,493,504,494,-1,494,504,505,-1,494,505,495,-1,495,505,506,-1,495,506,496,-1,496,506,420,-1,504,497,505,-1,505,497,468,-1,505,468,506,-1,506,468,420,-1,428,429,492,-1,492,429,430,-1,492,430,467,-1,467,430,431,-1,467,431,421,-1,436,435,491,-1,491,435,479,-1,491,479,493,-1,493,479,498,-1,493,498,504,-1,504,498,499,-1,504,499,497,-1,497,499,500,-1,497,500,469,-1,469,500,501,-1,469,501,420,-1,507,456,508,-1,459,460,509,-1,461,462,510,-1,511,512,513,-1,445,444,514,-1,447,446,515,-1,515,446,445,-1,453,452,512,-1,512,452,451,-1,512,451,513,-1,513,451,450,-1,513,450,449,-1,454,453,466,-1,466,453,512,-1,466,512,465,-1,465,512,511,-1,465,511,464,-1,464,511,463,-1,445,514,515,-1,515,514,516,-1,515,516,517,-1,462,463,510,-1,510,463,511,-1,510,511,518,-1,518,511,513,-1,518,513,519,-1,519,513,449,-1,516,520,517,-1,517,520,521,-1,517,521,522,-1,460,461,509,-1,509,461,510,-1,509,510,523,-1,523,510,518,-1,523,518,524,-1,524,518,519,-1,521,525,522,-1,522,525,526,-1,522,526,527,-1,524,528,523,-1,523,528,529,-1,523,529,509,-1,509,529,530,-1,509,530,459,-1,448,447,531,-1,531,447,515,-1,531,515,532,-1,532,515,517,-1,532,517,533,-1,533,517,522,-1,533,522,534,-1,534,522,527,-1,534,527,535,-1,535,527,508,-1,535,508,456,-1,456,457,530,-1,530,457,458,-1,530,458,459,-1,528,536,529,-1,529,536,537,-1,529,537,530,-1,530,537,456,-1,536,538,537,-1,537,538,456,-1,526,539,527,-1,527,539,540,-1,527,540,508,-1,508,540,541,-1,508,541,507,-1,449,448,519,-1,519,448,531,-1,519,531,524,-1,524,531,532,-1,524,532,528,-1,528,532,533,-1,528,533,536,-1,536,533,534,-1,536,534,538,-1,538,534,535,-1,538,535,456,-1,542,456,507,-1,444,441,514,-1,514,441,482,-1,514,482,516,-1,516,482,483,-1,516,483,520,-1,520,483,484,-1,520,484,521,-1,521,484,485,-1,521,485,525,-1,525,485,474,-1,525,474,526,-1,526,474,473,-1,526,473,539,-1,539,473,471,-1,539,471,540,-1,540,471,470,-1,540,470,541,-1,541,470,503,-1,541,503,507,-1,507,503,502,-1,507,502,542,-1,542,502,420,-1,
        ]
    }
}
Shape{
    appearance Appearance {
        material  Material 	{
            diffuseColor 1.0 1.0 1.0
            specularColor 0.5019607843137255 0.5019607843137255 0.5019607843137255
            ambientIntensity 0.2
            transparency 0
            shininess 0.5
        }
    }
    geometry IndexedFaceSet {
        ccw TRUE
        solid FALSE
        coord DEF co Coordinate {
            point [
                0.5592 0.0036 0.1673, 0.5594 0.0036 0.1645, 0.5592 0.0036 0.1673, 0.5594 0.0036 0.1645, 0.5592 -0.006 0.1673, 0.5592 -0.006 0.1673, 0.5577 -0.006 0.1885, 0.5577 -0.006 0.1885, 0.5577 -0.0091 0.1885, 0.5577 -0.0091 0.1885, 0.5594 -0.0091 0.1645, 0.5594 -0.0091 0.1645, 0.5577 -0.0091 0.1885, 0.5594 0.0159 0.1641, 0.5594 0.0159 0.1641, 0.5594 0.0195 0.1645, 0.5594 0.0195 0.1645, 0.5593 0.0221 0.1653, 0.5593 0.0221 0.1653, 0.5593 0.0225 0.1655, 0.5593 0.0225 0.1655, 0.5591 0.0225 0.1685, 0.5591 0.0225 0.1685, 0.5591 0.0205 0.1676, 0.5592 0.0205 0.1676, 0.5592 0.0179 0.167, 0.5592 0.0179 0.167, 0.5592 0.0163 0.1669, 0.5592 0.0163 0.1669, 0.5592 0.0141 0.1671, 0.5592 0.0141 0.1671, 0.5591 0.0124 0.1677, 0.5592 0.0124 0.1677, 0.5591 0.0108 0.1688, 0.5591 0.0108 0.1688, 0.559 0.0102 0.1694, 0.5591 0.0102 0.1694, 0.5589 0.009 0.171, 0.5589 0.009 0.171, 0.5588 0.0082 0.1729, 0.5588 0.0082 0.1729, 0.5586 0.0078 0.1753, 0.5586 0.0078 0.1753, 0.5585 0.0078 0.1762, 0.5586 0.0078 0.1763, 0.5583 0.0082 0.1795, 0.5584 0.0082 0.1795, 0.5582 0.009 0.1816, 0.5582 0.009 0.1816, 0.5581 0.0102 0.1833, 0.5581 0.0102 0.1833, 0.558 0.0103 0.1835, 0.5581 0.0103 0.1835, 0.5579 0.0119 0.1847, 0.558 0.0119 0.1847, 0.5579 0.0138 0.1856, 0.5579 0.0138 0.1856, 0.5579 0.0158 0.1861, 0.5579 0.0158 0.1861, 0.5579 0.0169 0.1861, 0.5579 0.0169 0.1861, 0.5579 0.0198 0.1858, 0.5579 0.0198 0.1858, 0.5579 0.0223 0.1848, 0.558 0.0223 0.1848, 0.558 0.0225 0.1847, 0.558 0.0225 0.1847, 0.5578 0.0225 0.1879, 0.5577 0.0225 0.1879, 0.5577 0.0168 0.1889, 0.5577 0.0168 0.1889, 0.5577 0.0194 0.1887, 0.5577 0.02 0.1887, 0.5577 0.02 0.1887, 0.5577 0.0152 0.1887, 0.5577 0.0134 0.1885, 0.5577 0.0134 0.1885, 0.5578 0.0109 0.1875, 0.5578 0.0109 0.1875, 0.5579 0.0085 0.1859, 0.5579 0.0085 0.1859, 0.5579 0.008 0.1854, 0.5579 0.008 0.1854, 0.5581 0.0063 0.1831, 0.5581 0.0063 0.1831, 0.5582 0.0056 0.1816, 0.5583 0.0051 0.1804, 0.5582 0.0051 0.1804, 0.5585 0.0046 0.1773, 0.5585 0.0046 0.1773, 0.5586 0.0045 0.1761, 0.5586 0.0045 0.1761, 0.5588 0.005 0.1722, 0.5589 0.005 0.1722, 0.5589 0.0056 0.1706, 0.559 0.006 0.1697, 0.559 0.006 0.1697, 0.5591 0.0074 0.1676, 0.5592 0.0074 0.1676, 0.5592 0.0076 0.1674, 0.5592 0.0076 0.1674, 0.5593 0.0093 0.166, 0.5593 0.0093 0.166, 0.5593 0.0115 0.1648, 0.5594 0.0115 0.1648, 0.5594 0.0141 0.1642, 0.5594 0.0141 0.1642, 0.5592 0.0403 0.1673, 0.5594 0.0403 0.1645, 0.5592 0.0403 0.1673, 0.5594 0.0403 0.1645, 0.5592 0.0304 0.1673, 0.5592 0.0304 0.1673, 0.5592 0.0369 0.1673, 0.5586 0.0304 0.1753, 0.5586 0.0304 0.1753, 0.5586 0.039 0.1753, 0.5586 0.039 0.1753, 0.5586 0.0369 0.1753, 0.5585 0.039 0.1781, 0.5584 0.039 0.1781, 0.5584 0.0304 0.1781, 0.5585 0.0304 0.1781, 0.5584 0.0369 0.1781, 0.5579 0.0304 0.1857, 0.5579 0.0304 0.1857, 0.5579 0.0397 0.1857, 0.5579 0.0397 0.1857, 0.5579 0.0369 0.1857, 0.5577 0.0397 0.1885, 0.5577 0.0397 0.1885, 0.5577 0.0273 0.1885, 0.5577 0.0273 0.1885, 0.5577 0.0369 0.1885, 0.5594 0.0273 0.1645, 0.5594 0.0273 0.1645, 0.5577 0.0273 0.1885, 0.5594 0.0369 0.1645, 0.5589 0.0597 0.1712, 0.559 0.0585 0.1698, 0.5592 0.0607 0.1679, 0.5591 0.0582 0.1695, 0.5593 0.0582 0.1661, 0.5591 0.0567 0.1684, 0.5594 0.0555 0.165, 0.5592 0.0547 0.1677, 0.5594 0.0514 0.1645, 0.5592 0.0514 0.1673, 0.5594 0.0448 0.1645, 0.5592 0.0479 0.1673, 0.5577 0.0448 0.1885, 0.5579 0.0479 0.1857, 0.5577 0.0516 0.1885, 0.5579 0.0515 0.1857, 0.5578 0.0553 0.1881, 0.5579 0.0547 0.1854, 0.5578 0.0582 0.187, 0.558 0.0568 0.1846, 0.5579 0.0607 0.1853, 0.5581 0.0585 0.1835, 0.558 0.0616 0.1845, 0.5581 0.0591 0.1828, 0.5582 0.0631 0.1824, 0.5582 0.0601 0.1815, 0.5583 0.064 0.1801, 0.5583 0.0607 0.1797, 0.5585 0.0644 0.1768, 0.5585 0.0611 0.1767, 0.5586 0.0643 0.1753, 0.5587 0.061 0.1752, 0.5588 0.0637 0.1725, 0.5588 0.0605 0.173, 0.559 0.0625 0.17, 0.5594 0.0514 0.1645, 0.5594 0.0448 0.1645, 0.5591 0.0607 0.1679, 0.5593 0.0555 0.165, 0.5593 0.0558 0.1652, 0.5593 0.0582 0.1661, 0.559 0.0625 0.17, 0.5588 0.0637 0.1725, 0.5586 0.0643 0.1753, 0.5585 0.0644 0.1768, 0.5583 0.064 0.1801, 0.5581 0.0631 0.1824, 0.558 0.0616 0.1845, 0.5579 0.0607 0.1853, 0.5577 0.0516 0.1885, 0.5578 0.0582 0.187, 0.5577 0.0558 0.1879, 0.5577 0.0553 0.1881, 0.5577 0.0448 0.1885, 0.5577 0.0448 0.1885, 0.5579 0.0515 0.1857, 0.5579 0.0479 0.1857, 0.5579 0.0479 0.1857, 0.5592 0.0479 0.1673, 0.5592 0.0514 0.1673, 0.559 0.0585 0.1698, 0.559 0.0582 0.1695, 0.5591 0.0567 0.1684, 0.5591 0.0547 0.1677, 0.5585 0.0611 0.1767, 0.5586 0.061 0.1752, 0.5588 0.0605 0.173, 0.5589 0.0597 0.1712, 0.558 0.0585 0.1835, 0.5581 0.0591 0.1828, 0.5582 0.0601 0.1815, 0.5583 0.0607 0.1797, 0.5579 0.0547 0.1854, 0.558 0.0568 0.1846, 0.558 0.0568 0.1846
            ]
        }
        coordIndex [
            0,1,2,-1,2,1,3,-1,4,0,5,-1,5,0,2,-1,6,4,7,-1,7,4,5,-1,8,6,9,-1,9,6,7,-1,10,8,11,-1,11,8,12,-1,1,10,3,-1,3,10,11,-1,6,8,4,-1,4,8,10,-1,4,10,0,-1,0,10,1,-1,13,14,15,-1,13,15,16,-1,16,15,17,-1,16,17,18,-1,18,17,19,-1,18,19,20,-1,21,20,22,-1,22,20,19,-1,21,22,23,-1,21,23,24,-1,24,23,25,-1,24,25,26,-1,26,25,27,-1,26,27,28,-1,28,27,29,-1,28,29,30,-1,30,29,31,-1,30,31,32,-1,32,31,33,-1,32,33,34,-1,34,33,35,-1,34,35,36,-1,36,35,37,-1,36,37,38,-1,38,37,39,-1,38,39,40,-1,40,39,41,-1,40,41,42,-1,42,41,43,-1,42,43,44,-1,44,43,45,-1,44,45,46,-1,46,45,47,-1,46,47,48,-1,48,47,49,-1,48,49,50,-1,50,49,51,-1,50,51,52,-1,52,51,53,-1,52,53,54,-1,54,53,55,-1,54,55,56,-1,56,55,57,-1,56,57,58,-1,58,57,59,-1,58,59,60,-1,60,59,61,-1,60,61,62,-1,62,61,63,-1,62,63,64,-1,64,63,65,-1,64,65,66,-1,67,66,68,-1,68,66,65,-1,69,70,71,-1,71,70,72,-1,71,72,73,-1,73,72,67,-1,73,67,68,-1,70,69,74,-1,70,74,75,-1,74,76,75,-1,75,76,77,-1,75,77,78,-1,78,77,79,-1,78,79,80,-1,80,79,81,-1,80,81,82,-1,82,81,83,-1,82,83,84,-1,84,83,85,-1,84,85,86,-1,85,87,86,-1,86,87,88,-1,86,88,89,-1,89,88,90,-1,89,90,91,-1,91,90,92,-1,91,92,93,-1,93,92,94,-1,93,94,95,-1,94,96,95,-1,95,96,97,-1,95,97,98,-1,98,97,99,-1,98,99,100,-1,100,99,101,-1,100,101,102,-1,102,101,103,-1,102,103,104,-1,104,103,105,-1,104,105,106,-1,106,105,14,-1,106,14,13,-1,46,48,84,-1,54,56,75,-1,84,48,82,-1,75,56,70,-1,75,78,54,-1,54,78,80,-1,54,80,52,-1,52,80,82,-1,52,82,50,-1,50,82,48,-1,56,58,70,-1,70,58,60,-1,70,60,72,-1,72,60,62,-1,72,62,67,-1,67,62,64,-1,67,64,66,-1,91,44,89,-1,89,44,46,-1,89,46,86,-1,86,46,84,-1,20,21,18,-1,18,21,24,-1,18,24,16,-1,16,24,26,-1,16,26,13,-1,13,26,28,-1,13,28,106,-1,106,28,30,-1,106,30,104,-1,104,30,32,-1,104,32,102,-1,102,32,34,-1,102,34,100,-1,100,34,36,-1,100,36,98,-1,98,36,38,-1,98,38,95,-1,95,38,93,-1,93,38,40,-1,93,40,91,-1,91,40,42,-1,91,42,44,-1,107,108,109,-1,109,108,110,-1,111,112,113,-1,113,112,107,-1,113,107,109,-1,114,112,115,-1,115,112,111,-1,116,117,118,-1,118,117,114,-1,118,114,115,-1,119,117,120,-1,120,117,116,-1,121,122,123,-1,123,122,119,-1,123,119,120,-1,124,122,125,-1,125,122,121,-1,126,127,128,-1,128,127,124,-1,128,124,125,-1,129,127,130,-1,130,127,126,-1,131,132,133,-1,133,132,129,-1,133,129,130,-1,134,132,135,-1,135,132,136,-1,110,108,137,-1,137,108,134,-1,137,134,135,-1,134,108,107,-1,107,112,134,-1,134,112,114,-1,134,114,132,-1,127,129,124,-1,124,129,132,-1,124,132,122,-1,122,132,114,-1,122,114,119,-1,119,114,117,-1,138,139,140,-1,140,139,141,-1,140,141,142,-1,142,141,143,-1,142,143,144,-1,144,143,145,-1,144,145,146,-1,146,145,147,-1,146,147,148,-1,148,147,149,-1,148,149,150,-1,150,149,151,-1,150,151,152,-1,152,151,153,-1,152,153,154,-1,154,153,155,-1,154,155,156,-1,156,155,157,-1,156,157,158,-1,158,157,159,-1,158,159,160,-1,160,159,161,-1,160,161,162,-1,162,161,163,-1,162,163,164,-1,164,163,165,-1,164,165,166,-1,166,165,167,-1,166,167,168,-1,168,167,169,-1,168,169,170,-1,170,169,171,-1,170,171,172,-1,172,171,138,-1,172,138,140,-1,146,148,173,-1,173,148,174,-1,175,140,142,-1,146,173,176,-1,146,176,144,-1,144,176,177,-1,144,177,142,-1,142,177,178,-1,142,178,175,-1,140,175,179,-1,140,179,172,-1,172,179,180,-1,172,180,170,-1,170,180,181,-1,170,181,168,-1,168,181,182,-1,168,182,166,-1,166,182,183,-1,166,183,164,-1,164,183,184,-1,164,184,162,-1,162,184,185,-1,162,185,160,-1,160,185,186,-1,160,186,158,-1,187,152,154,-1,158,186,188,-1,158,188,156,-1,156,188,189,-1,156,189,154,-1,154,189,190,-1,154,190,187,-1,150,152,191,-1,191,152,187,-1,148,150,174,-1,174,150,192,-1,153,151,193,-1,193,151,194,-1,151,149,195,-1,195,149,196,-1,149,147,196,-1,196,147,197,-1,139,198,199,-1,139,199,141,-1,141,199,200,-1,141,200,143,-1,143,200,201,-1,143,201,145,-1,145,201,197,-1,145,197,147,-1,167,202,203,-1,167,203,169,-1,169,203,204,-1,169,204,171,-1,171,204,205,-1,171,205,138,-1,138,205,198,-1,138,198,139,-1,159,206,207,-1,159,207,161,-1,161,207,208,-1,161,208,163,-1,163,208,209,-1,163,209,165,-1,165,209,202,-1,165,202,167,-1,153,193,210,-1,153,210,155,-1,155,210,211,-1,155,211,157,-1,157,211,206,-1,157,206,159,-1,
        ]
    }
}
Shape{
    appearance Appearance {
        material  Material 	{
            diffuseColor 0.25098039215686274 0.25098039215686274 0.25098039215686274
            specularColor 0.12549019607843137 0.12549019607843137 0.12549019607843137
            ambientIntensity 0.2
            transparency 0
            shininess 0.5
        }
    }
    geometry IndexedFaceSet {
        ccw TRUE
        solid FALSE
        coord DEF co Coordinate {
            point [
                0.5579 0.0479 0.1857, 0.5592 0.0479 0.1673, 0.5579 0.0515 0.1857, 0.5592 0.0514 0.1673, 0.5591 0.0547 0.1677, 0.5591 0.0567 0.1684, 0.559 0.0582 0.1695, 0.559 0.0585 0.1698, 0.5589 0.0597 0.1712, 0.5588 0.0605 0.173, 0.5585 0.0611 0.1767, 0.558 0.0585 0.1835, 0.558 0.0568 0.1846, 0.5583 0.0607 0.1797, 0.5582 0.0601 0.1815, 0.5581 0.0591 0.1828, 0.5586 0.061 0.1752, 0.5579 0.0547 0.1854, 0.5579 0.0547 0.1854
            ]
        }
        coordIndex [
            0,1,2,-1,2,1,3,-1,3,4,2,-1,2,4,5,-1,2,5,6,-1,6,7,2,-1,2,7,8,-1,2,8,9,-1,10,11,12,-1,13,14,10,-1,10,14,15,-1,10,15,11,-1,9,16,2,-1,2,16,10,-1,2,10,17,-1,17,10,12,-1,
        ]
    }
}
Shape{
    appearance Appearance {
        material  Material 	{
            diffuseColor 1.0 1.0 1.0
            specularColor 0.5019607843137255 0.5019607843137255 0.5019607843137255
            ambientIntensity 0.2
            transparency 0
            shininess 0.5
        }
    }
    geometry IndexedFaceSet {
        ccw TRUE
        solid FALSE
        coord DEF co Coordinate {
            point [
                0.5588 0.0724 0.1738, 0.5589 0.0714 0.1711, 0.5588 0.0805 0.1738, 0.5589 0.0814 0.1711, 0.5581 0.076 0.1838, 0.5577 0.0748 0.1885, 0.5594 0.0657 0.1645, 0.5594 0.0691 0.1645, 0.558 0.0762 0.1845, 0.5579 0.0764 0.1854, 0.5577 0.0781 0.1885, 0.5579 0.0765 0.1854, 0.558 0.0767 0.1844, 0.5581 0.0768 0.1838, 0.5594 0.0873 0.1645, 0.5594 0.0839 0.1645, 0.5577 0.0781 0.1885, 0.5594 0.0873 0.1645, 0.5577 0.0748 0.1885, 0.5594 0.0657 0.1645, 0.5581 0.0726 0.1827, 0.5577 0.0748 0.1885, 0.5594 0.0691 0.1645, 0.5589 0.0714 0.1711, 0.5589 0.0814 0.1711, 0.5589 0.0726 0.1711, 0.5594 0.0839 0.1645, 0.5589 0.0814 0.1711, 0.5587 0.0724 0.1738, 0.5587 0.0805 0.1738, 0.558 0.0768 0.1838, 0.5579 0.0765 0.1854, 0.558 0.0767 0.1844, 0.5579 0.0764 0.1854, 0.558 0.076 0.1838, 0.558 0.0762 0.1845, 0.558 0.0762 0.1845
            ]
        }
        coordIndex [
            0,1,2,-1,2,1,3,-1,4,5,0,-1,0,5,6,-1,0,6,1,-1,1,6,7,-1,4,8,5,-1,5,8,9,-1,5,9,10,-1,10,9,11,-1,10,11,12,-1,12,13,10,-1,10,13,2,-1,10,2,14,-1,14,2,3,-1,14,3,15,-1,10,14,16,-1,16,14,17,-1,5,10,18,-1,18,10,16,-1,19,6,20,-1,20,6,5,-1,20,5,21,-1,7,6,22,-1,22,6,19,-1,1,7,23,-1,23,7,22,-1,24,3,25,-1,25,3,1,-1,25,1,23,-1,15,3,26,-1,26,3,27,-1,14,15,17,-1,17,15,26,-1,0,2,28,-1,28,2,29,-1,2,13,29,-1,29,13,30,-1,11,31,32,-1,11,32,12,-1,12,32,30,-1,12,30,13,-1,11,9,31,-1,31,9,33,-1,4,34,35,-1,4,35,8,-1,8,35,33,-1,8,33,9,-1,4,0,34,-1,34,0,28,-1,
        ]
    }
}
Shape{
    appearance Appearance {
        material  Material 	{
            diffuseColor 0.25098039215686274 0.25098039215686274 0.25098039215686274
            specularColor 0.12549019607843137 0.12549019607843137 0.12549019607843137
            ambientIntensity 0.2
            transparency 0
            shininess 0.5
        }
    }
    geometry IndexedFaceSet {
        ccw TRUE
        solid FALSE
        coord DEF co Coordinate {
            point [
                0.5579 0.0765 0.1854, 0.5579 0.0764 0.1854, 0.558 0.0767 0.1844, 0.558 0.0762 0.1845, 0.558 0.0768 0.1838, 0.558 0.076 0.1838, 0.5587 0.0805 0.1738, 0.5587 0.0724 0.1738, 0.5587 0.0724 0.1738
            ]
        }
        coordIndex [
            0,1,2,-1,2,1,3,-1,2,3,4,-1,4,3,5,-1,4,5,6,-1,6,5,7,-1,
        ]
    }
}
Shape{
    appearance Appearance {
        material  Material 	{
            diffuseColor 1.0 1.0 1.0
            specularColor 0.5019607843137255 0.5019607843137255 0.5019607843137255
            ambientIntensity 0.2
            transparency 0
            shininess 0.5
        }
    }
    geometry IndexedFaceSet {
        ccw TRUE
        solid FALSE
        coord DEF co Coordinate {
            point [
                0.5619 0.0038 0.1293, 0.5621 0.0038 0.1265, 0.5618 0.0038 0.1293, 0.562 0.0038 0.1265, 0.5619 -0.006 0.1293, 0.5618 -0.006 0.1293, 0.5613 -0.006 0.1373, 0.5613 -0.006 0.1373, 0.5613 0.0026 0.1373, 0.5613 0.0026 0.1373, 0.5611 0.0026 0.1401, 0.5611 0.0026 0.1401, 0.5611 -0.006 0.1401, 0.5611 -0.006 0.1401, 0.5606 -0.006 0.1477, 0.5605 -0.006 0.1477, 0.5606 0.0033 0.1477, 0.5605 0.0033 0.1477, 0.5604 0.0033 0.1505, 0.5603 0.0033 0.1505, 0.5604 -0.0091 0.1505, 0.5603 -0.0091 0.1505, 0.5621 -0.0091 0.1265, 0.562 -0.0091 0.1265, 0.5603 -0.0091 0.1505, 0.5619 0.0174 0.1292, 0.5619 0.0175 0.1292, 0.5617 0.0173 0.1319, 0.5616 0.0175 0.1333, 0.5613 0.0205 0.1375, 0.5616 0.0175 0.1335, 0.5615 0.0175 0.1351, 0.5621 0.0175 0.1265, 0.5621 0.0205 0.1265, 0.5617 0.0098 0.1318, 0.5616 0.0099 0.1325, 0.5615 0.0073 0.1338, 0.5618 0.0168 0.1309, 0.5618 0.0162 0.13, 0.5619 0.0169 0.1284, 0.5618 0.0158 0.1296, 0.562 0.016 0.1274, 0.5619 0.015 0.129, 0.562 0.0149 0.1267, 0.5619 0.014 0.1287, 0.5621 0.0137 0.1263, 0.5619 0.0129 0.1286, 0.5621 0.0121 0.1261, 0.5619 0.0119 0.1287, 0.5621 0.0103 0.1263, 0.5619 0.0112 0.1289, 0.562 0.0092 0.1268, 0.5619 0.0106 0.1294, 0.562 0.0082 0.1275, 0.5618 0.0104 0.1296, 0.5615 0.0079 0.1347, 0.5616 0.0102 0.1331, 0.5614 0.0088 0.1355, 0.5616 0.0105 0.1335, 0.5614 0.0101 0.1361, 0.5615 0.0109 0.1338, 0.5615 0.0116 0.1341, 0.5613 0.0124 0.1367, 0.5615 0.0135 0.1346, 0.5613 0.0175 0.1374, 0.5616 0.0069 0.1328, 0.5617 0.0067 0.1315, 0.5617 0.0097 0.1314, 0.5617 0.0067 0.1311, 0.5618 0.0098 0.1307, 0.5618 0.0068 0.1297, 0.5618 0.01 0.1301, 0.5619 0.0072 0.1287, 0.562 0.0078 0.1278, 0.5609 0.0084 0.1424, 0.5611 0.0084 0.1395, 0.5609 0.009 0.1428, 0.5611 0.0102 0.1407, 0.5609 0.0112 0.1437, 0.561 0.0121 0.1414, 0.5608 0.0143 0.144, 0.561 0.014 0.1416, 0.5608 0.0161 0.1439, 0.561 0.015 0.1415, 0.5609 0.0173 0.1435, 0.561 0.0157 0.1412, 0.5609 0.0183 0.1429, 0.5611 0.0162 0.1409, 0.561 0.0191 0.1422, 0.5611 0.0167 0.1404, 0.561 0.0198 0.1412, 0.5611 0.0171 0.1398, 0.5611 0.0202 0.1398, 0.5612 0.0174 0.1387, 0.5608 0.0143 0.144, 0.5608 0.0112 0.1437, 0.5609 0.009 0.1428, 0.5609 0.0084 0.1424, 0.5611 0.0084 0.1395, 0.561 0.0102 0.1407, 0.561 0.0121 0.1414, 0.561 0.014 0.1416, 0.561 0.015 0.1415, 0.561 0.0157 0.1412, 0.561 0.0162 0.1409, 0.561 0.0167 0.1404, 0.5611 0.0171 0.1398, 0.5612 0.0174 0.1387, 0.5613 0.0175 0.1374, 0.5613 0.0124 0.1367, 0.5613 0.0101 0.1361, 0.5614 0.0088 0.1355, 0.5614 0.0079 0.1347, 0.5615 0.0073 0.1338, 0.5616 0.0069 0.1328, 0.5617 0.0067 0.1315, 0.5617 0.0067 0.1311, 0.5618 0.0068 0.1297, 0.5619 0.0072 0.1287, 0.5619 0.0078 0.1278, 0.562 0.0082 0.1275, 0.562 0.0121 0.1261, 0.562 0.0104 0.1263, 0.562 0.0103 0.1263, 0.562 0.0092 0.1268, 0.562 0.0137 0.1263, 0.562 0.0138 0.1263, 0.562 0.0149 0.1267, 0.562 0.016 0.1274, 0.5619 0.0169 0.1284, 0.5618 0.0174 0.1292, 0.5618 0.0175 0.1292, 0.562 0.0175 0.1265, 0.562 0.0205 0.1265, 0.5612 0.0205 0.1375, 0.5611 0.0202 0.1398, 0.561 0.0198 0.1412, 0.5609 0.0191 0.1422, 0.5609 0.0183 0.1429, 0.5608 0.0173 0.1435, 0.5608 0.0161 0.1439, 0.5615 0.0105 0.1335, 0.5615 0.0109 0.1338, 0.5615 0.0116 0.1341, 0.5615 0.0135 0.1346, 0.5617 0.0097 0.1313, 0.5616 0.0098 0.1318, 0.5616 0.0099 0.1325, 0.5616 0.0102 0.1331, 0.5618 0.0106 0.1294, 0.5618 0.0104 0.1296, 0.5618 0.01 0.1301, 0.5617 0.0098 0.1307, 0.5619 0.0129 0.1286, 0.5619 0.0119 0.1287, 0.5618 0.0112 0.1289, 0.5618 0.0162 0.13, 0.5618 0.0158 0.1296, 0.5618 0.015 0.129, 0.5619 0.014 0.1287, 0.5615 0.0175 0.1335, 0.5615 0.0175 0.1333, 0.5616 0.0173 0.1319, 0.5617 0.0168 0.1309, 0.5614 0.0175 0.1351, 0.5614 0.0175 0.1351
            ]
        }
        coordIndex [
            0,1,2,-1,2,1,3,-1,4,0,5,-1,5,0,2,-1,6,4,7,-1,7,4,5,-1,8,6,9,-1,9,6,7,-1,10,8,11,-1,11,8,9,-1,12,10,13,-1,13,10,11,-1,14,12,15,-1,15,12,13,-1,16,14,17,-1,17,14,15,-1,18,16,19,-1,19,16,17,-1,20,18,21,-1,21,18,19,-1,22,20,23,-1,23,20,24,-1,1,22,3,-1,3,22,23,-1,1,0,22,-1,22,0,4,-1,8,10,6,-1,6,10,12,-1,16,18,14,-1,14,18,20,-1,14,20,12,-1,12,20,22,-1,12,22,6,-1,6,22,4,-1,25,26,27,-1,28,29,30,-1,30,29,31,-1,32,33,26,-1,26,33,29,-1,26,29,27,-1,27,29,28,-1,34,35,36,-1,27,37,25,-1,25,37,38,-1,25,38,39,-1,39,38,40,-1,39,40,41,-1,41,40,42,-1,41,42,43,-1,43,42,44,-1,43,44,45,-1,45,44,46,-1,45,46,47,-1,47,46,48,-1,47,48,49,-1,49,48,50,-1,49,50,51,-1,51,50,52,-1,51,52,53,-1,53,52,54,-1,36,35,55,-1,55,35,56,-1,55,56,57,-1,57,56,58,-1,57,58,59,-1,58,60,59,-1,59,60,61,-1,59,61,62,-1,62,61,63,-1,62,63,64,-1,36,65,34,-1,34,65,66,-1,34,66,67,-1,67,66,68,-1,67,68,69,-1,69,68,70,-1,69,70,71,-1,71,70,72,-1,71,72,54,-1,54,72,73,-1,54,73,53,-1,74,75,76,-1,76,75,77,-1,76,77,78,-1,78,77,79,-1,78,79,80,-1,80,79,81,-1,80,81,82,-1,82,81,83,-1,82,83,84,-1,84,83,85,-1,84,85,86,-1,86,85,87,-1,86,87,88,-1,88,87,89,-1,88,89,90,-1,90,89,91,-1,90,91,92,-1,92,91,93,-1,92,93,29,-1,29,93,64,-1,29,64,31,-1,31,64,63,-1,80,94,95,-1,80,95,78,-1,78,95,96,-1,78,96,76,-1,76,96,97,-1,76,97,74,-1,75,74,98,-1,98,74,97,-1,75,98,99,-1,75,99,77,-1,77,99,100,-1,77,100,79,-1,79,100,101,-1,79,101,81,-1,81,101,102,-1,81,102,83,-1,83,102,103,-1,83,103,85,-1,85,103,104,-1,85,104,87,-1,87,104,105,-1,87,105,89,-1,89,105,106,-1,89,106,91,-1,91,106,107,-1,91,107,93,-1,93,107,108,-1,93,108,64,-1,62,64,109,-1,109,64,108,-1,62,109,110,-1,62,110,59,-1,59,110,111,-1,59,111,57,-1,57,111,112,-1,57,112,55,-1,55,112,113,-1,55,113,36,-1,36,113,114,-1,36,114,65,-1,65,114,115,-1,65,115,66,-1,66,115,116,-1,66,116,68,-1,68,116,117,-1,68,117,70,-1,70,117,118,-1,70,118,72,-1,72,118,119,-1,72,119,73,-1,73,119,120,-1,73,120,53,-1,121,47,122,-1,122,47,49,-1,122,49,123,-1,123,49,51,-1,123,51,124,-1,124,51,53,-1,124,53,120,-1,47,121,125,-1,47,125,45,-1,45,125,126,-1,45,126,43,-1,126,127,43,-1,43,127,128,-1,43,128,41,-1,41,128,129,-1,41,129,39,-1,39,129,130,-1,39,130,25,-1,26,25,131,-1,131,25,130,-1,32,26,132,-1,132,26,131,-1,33,32,133,-1,133,32,132,-1,29,33,134,-1,134,33,133,-1,29,134,135,-1,29,135,92,-1,92,135,136,-1,92,136,90,-1,90,136,137,-1,90,137,88,-1,88,137,138,-1,88,138,86,-1,86,138,139,-1,86,139,84,-1,84,139,140,-1,84,140,82,-1,82,140,94,-1,82,94,80,-1,58,141,142,-1,58,142,60,-1,60,142,143,-1,60,143,61,-1,61,143,144,-1,61,144,63,-1,67,145,146,-1,67,146,34,-1,34,146,147,-1,34,147,35,-1,35,147,148,-1,35,148,56,-1,56,148,141,-1,56,141,58,-1,52,149,150,-1,52,150,54,-1,54,150,151,-1,54,151,71,-1,71,151,152,-1,71,152,69,-1,69,152,145,-1,69,145,67,-1,46,153,154,-1,46,154,48,-1,48,154,155,-1,48,155,50,-1,50,155,149,-1,50,149,52,-1,38,156,157,-1,38,157,40,-1,40,157,158,-1,40,158,42,-1,42,158,159,-1,42,159,44,-1,44,159,153,-1,44,153,46,-1,30,160,161,-1,30,161,28,-1,28,161,162,-1,28,162,27,-1,27,162,163,-1,27,163,37,-1,37,163,156,-1,37,156,38,-1,30,31,160,-1,160,31,164,-1,31,63,164,-1,164,63,144,-1,
        ]
    }
}
Shape{
    appearance Appearance {
        material  Material 	{
            diffuseColor 0.25098039215686274 0.25098039215686274 0.25098039215686274
            specularColor 0.12549019607843137 0.12549019607843137 0.12549019607843137
            ambientIntensity 0.2
            transparency 0
            shininess 0.5
        }
    }
    geometry IndexedFaceSet {
        ccw TRUE
        solid FALSE
        coord DEF co Coordinate {
            point [
                0.5615 0.0175 0.1333, 0.5615 0.0175 0.1335, 0.5615 0.0105 0.1335, 0.5614 0.0175 0.1351, 0.5615 0.0135 0.1346, 0.5615 0.0116 0.1341, 0.5615 0.0109 0.1338, 0.5616 0.0173 0.1319, 0.5616 0.0102 0.1331, 0.5617 0.0168 0.1309, 0.5618 0.0104 0.1296, 0.5618 0.0106 0.1294, 0.5618 0.0158 0.1296, 0.5618 0.01 0.1301, 0.5618 0.015 0.129, 0.5619 0.014 0.1287, 0.5619 0.0129 0.1286, 0.5616 0.0099 0.1325, 0.5616 0.0098 0.1318, 0.5618 0.0162 0.13, 0.5617 0.0097 0.1313, 0.5617 0.0098 0.1307, 0.5618 0.0112 0.1289, 0.5619 0.0119 0.1287, 0.5619 0.0119 0.1287
            ]
        }
        coordIndex [
            0,1,2,-1,1,3,4,-1,4,5,1,-1,1,5,6,-1,1,6,2,-1,0,2,7,-1,7,2,8,-1,7,8,9,-1,10,11,12,-1,10,12,13,-1,14,12,15,-1,15,12,16,-1,8,17,9,-1,9,17,18,-1,9,18,19,-1,19,18,20,-1,19,20,12,-1,12,20,21,-1,12,21,13,-1,11,22,12,-1,12,22,23,-1,12,23,16,-1,
        ]
    }
}
Shape{
    appearance Appearance {
        material  Material 	{
            diffuseColor 1.0 1.0 1.0
            specularColor 0.5019607843137255 0.5019607843137255 0.5019607843137255
            ambientIntensity 0.2
            transparency 0
            shininess 0.5
        }
    }
    geometry IndexedFaceSet {
        ccw TRUE
        solid FALSE
        coord DEF co Coordinate {
            point [
                0.5618 0.0246 0.1302, 0.5618 0.0246 0.1302, 0.5618 0.0257 0.1295, 0.5619 0.0295 0.1286, 0.5619 0.0295 0.1286, 0.5619 0.0276 0.1288, 0.5619 0.0276 0.1288, 0.5618 0.0259 0.1294, 0.5618 0.0257 0.1295, 0.562 0.0246 0.1271, 0.562 0.0246 0.1271, 0.5621 0.0265 0.1264, 0.562 0.0259 0.1266, 0.562 0.0292 0.1261, 0.5621 0.0292 0.1261, 0.562 0.0274 0.1263, 0.562 0.0265 0.1264, 0.5621 0.0316 0.1264, 0.562 0.0312 0.1263, 0.562 0.0316 0.1264, 0.562 0.0332 0.1269, 0.562 0.0332 0.1269, 0.562 0.0342 0.1275, 0.562 0.0342 0.1275, 0.5619 0.0351 0.1282, 0.5619 0.0351 0.1282, 0.5618 0.0356 0.129, 0.5619 0.0356 0.129, 0.5618 0.036 0.13, 0.5618 0.036 0.13, 0.5617 0.0361 0.1312, 0.5617 0.0361 0.1312, 0.5616 0.036 0.1323, 0.5617 0.036 0.1323, 0.5616 0.0357 0.1332, 0.5616 0.0357 0.1332, 0.5615 0.0351 0.134, 0.5615 0.0351 0.134, 0.5615 0.0344 0.1346, 0.5615 0.0344 0.1346, 0.5614 0.0324 0.1358, 0.5614 0.0324 0.1358, 0.5613 0.0313 0.1362, 0.5614 0.0313 0.1362, 0.5613 0.0294 0.137, 0.5613 0.0294 0.137, 0.5612 0.0283 0.1377, 0.5613 0.0283 0.1377, 0.5612 0.028 0.138, 0.5613 0.028 0.138, 0.5612 0.0278 0.1384, 0.5612 0.0278 0.1384, 0.5612 0.0277 0.1389, 0.5612 0.0277 0.1389, 0.5611 0.0277 0.1393, 0.5612 0.0277 0.1393, 0.5611 0.0277 0.1398, 0.5611 0.0277 0.1398, 0.5611 0.0279 0.1402, 0.5611 0.0279 0.1402, 0.561 0.0281 0.1406, 0.5611 0.0281 0.1406, 0.561 0.0286 0.141, 0.561 0.0286 0.141, 0.561 0.0293 0.1413, 0.561 0.0293 0.1413, 0.561 0.0301 0.1415, 0.561 0.0301 0.1415, 0.561 0.031 0.1416, 0.561 0.031 0.1416, 0.561 0.033 0.1414, 0.561 0.033 0.1414, 0.561 0.0347 0.1407, 0.5611 0.0347 0.1407, 0.5611 0.0353 0.1404, 0.5611 0.0353 0.1404, 0.5609 0.0353 0.1433, 0.5608 0.0353 0.1433, 0.5608 0.0333 0.1439, 0.5608 0.0333 0.1439, 0.5608 0.0313 0.144, 0.5608 0.0313 0.144, 0.5608 0.0291 0.1438, 0.5609 0.0291 0.1438, 0.5609 0.0274 0.1432, 0.5609 0.0274 0.1432, 0.5609 0.0265 0.1427, 0.5609 0.0265 0.1427, 0.561 0.0256 0.1419, 0.5609 0.0259 0.1422, 0.5609 0.0256 0.1419, 0.561 0.0251 0.1411, 0.561 0.0251 0.1411, 0.5611 0.0247 0.1401, 0.5611 0.0247 0.1401, 0.5611 0.0246 0.139, 0.5612 0.0246 0.139, 0.5612 0.0247 0.1379, 0.5613 0.0247 0.1379, 0.5613 0.025 0.1369, 0.5613 0.025 0.1369, 0.5613 0.0254 0.1363, 0.5614 0.0254 0.1363, 0.5615 0.0291 0.134, 0.5615 0.0291 0.134, 0.5615 0.0273 0.1349, 0.5614 0.0259 0.1358, 0.5614 0.0259 0.1358, 0.5614 0.0259 0.1358, 0.5614 0.0273 0.1349, 0.5616 0.0311 0.1332, 0.5616 0.0311 0.1332, 0.5616 0.0323 0.1325, 0.5616 0.0323 0.1325, 0.5616 0.0327 0.1321, 0.5617 0.0327 0.1321, 0.5617 0.0329 0.1317, 0.5617 0.0329 0.1317, 0.5617 0.033 0.1313, 0.5617 0.033 0.1313, 0.5617 0.0331 0.1309, 0.5618 0.0331 0.1309, 0.5618 0.033 0.1303, 0.5618 0.033 0.1303, 0.5618 0.0328 0.1299, 0.5618 0.0328 0.1299, 0.5618 0.0326 0.1295, 0.5618 0.0326 0.1295, 0.5618 0.0322 0.1292, 0.5619 0.0322 0.1292, 0.5618 0.032 0.129, 0.5619 0.032 0.129, 0.5619 0.0312 0.1287, 0.5619 0.0312 0.1287, 0.5619 0.0296 0.1286, 0.5619 0.0296 0.1286, 0.5609 0.0511 0.1436, 0.5609 0.0542 0.1436, 0.5608 0.0511 0.1436, 0.5608 0.0542 0.1436, 0.5618 0.0464 0.1308, 0.5617 0.0464 0.1307, 0.5608 0.0511 0.1436, 0.5618 0.0461 0.13, 0.5618 0.0461 0.13, 0.5618 0.046 0.1294, 0.5619 0.046 0.1294, 0.5619 0.0459 0.1294, 0.5618 0.0459 0.1294, 0.5618 0.0456 0.1308, 0.5617 0.0456 0.1308, 0.5608 0.0411 0.1436, 0.5609 0.0411 0.1436, 0.5611 0.0425 0.1395, 0.5609 0.0377 0.1436, 0.5608 0.0377 0.1436, 0.562 0.0444 0.1266, 0.5621 0.0444 0.1266, 0.5617 0.0425 0.1314, 0.5608 0.0377 0.1436, 0.5622 0.0431 0.1234, 0.5623 0.0431 0.1234, 0.562 0.0443 0.1263, 0.562 0.0444 0.1266, 0.5623 0.0425 0.1224, 0.5623 0.0425 0.1224, 0.5624 0.042 0.1217, 0.5624 0.042 0.1217, 0.5624 0.0414 0.1214, 0.5624 0.0414 0.1214, 0.5624 0.0408 0.1211, 0.5624 0.0408 0.1211, 0.5624 0.04 0.121, 0.5624 0.04 0.121, 0.5624 0.0389 0.1212, 0.5624 0.0389 0.1212, 0.5624 0.0383 0.1214, 0.5624 0.0383 0.1214, 0.5626 0.0383 0.1187, 0.5626 0.0383 0.1187, 0.5626 0.0396 0.1185, 0.5626 0.0396 0.1185, 0.5626 0.0403 0.1185, 0.5626 0.0403 0.1185, 0.5626 0.0415 0.1186, 0.5626 0.0415 0.1186, 0.5625 0.0425 0.119, 0.5626 0.0427 0.1191, 0.5625 0.0427 0.1191, 0.5625 0.0437 0.1198, 0.5625 0.0437 0.1198, 0.5625 0.0439 0.12, 0.5625 0.0439 0.12, 0.5624 0.045 0.1213, 0.5624 0.045 0.1213, 0.5622 0.0464 0.1239, 0.5622 0.0464 0.1239, 0.562 0.0473 0.1263, 0.5619 0.0703 0.1293, 0.5621 0.0703 0.1265, 0.5618 0.0703 0.1293, 0.562 0.0703 0.1265, 0.5618 0.0605 0.1293, 0.5619 0.0605 0.1293, 0.5618 0.065 0.1293, 0.5613 0.0605 0.1373, 0.5613 0.0605 0.1373, 0.5613 0.0691 0.1373, 0.5613 0.0691 0.1373, 0.5613 0.065 0.1373, 0.5611 0.0691 0.1401, 0.5611 0.0691 0.1401, 0.5611 0.0605 0.1401, 0.5611 0.0605 0.1401, 0.5611 0.065 0.1401, 0.5606 0.0605 0.1477, 0.5605 0.0605 0.1477, 0.5605 0.0698 0.1477, 0.5606 0.0698 0.1477, 0.5605 0.065 0.1477, 0.5604 0.0698 0.1505, 0.5603 0.0698 0.1505, 0.5603 0.0574 0.1505, 0.5604 0.0574 0.1505, 0.5603 0.065 0.1505, 0.5621 0.0574 0.1265, 0.562 0.0574 0.1265, 0.5603 0.0574 0.1505, 0.562 0.065 0.1265, 0.5616 0.0898 0.1332, 0.5617 0.0886 0.1318, 0.5618 0.0908 0.1299, 0.5617 0.0883 0.1315, 0.5619 0.0883 0.1281, 0.5618 0.0868 0.1304, 0.562 0.0855 0.127, 0.5618 0.0848 0.1296, 0.5621 0.0815 0.1265, 0.5619 0.0815 0.1293, 0.5621 0.0749 0.1265, 0.5619 0.078 0.1293, 0.5604 0.0749 0.1505, 0.5606 0.078 0.1477, 0.5604 0.0817 0.1505, 0.5606 0.0816 0.1477, 0.5604 0.0854 0.1501, 0.5606 0.0848 0.1474, 0.5605 0.0883 0.149, 0.5607 0.0869 0.1466, 0.5606 0.0908 0.1473, 0.5607 0.0885 0.1455, 0.5607 0.0917 0.1465, 0.5608 0.0892 0.1448, 0.5608 0.0932 0.1444, 0.5609 0.0901 0.1435, 0.561 0.094 0.1421, 0.561 0.0908 0.1417, 0.5612 0.0944 0.1388, 0.5612 0.0912 0.1387, 0.5613 0.0944 0.1373, 0.5613 0.0911 0.1372, 0.5615 0.0938 0.1345, 0.5615 0.0906 0.135, 0.5617 0.0926 0.132, 0.562 0.0815 0.1265, 0.562 0.0749 0.1265, 0.562 0.0855 0.127, 0.5619 0.0883 0.1281, 0.5618 0.0908 0.1299, 0.5616 0.0926 0.132, 0.5615 0.0938 0.1345, 0.5613 0.0944 0.1373, 0.5612 0.0944 0.1388, 0.5609 0.094 0.1421, 0.5608 0.0932 0.1444, 0.5606 0.0917 0.1465, 0.5606 0.0908 0.1473, 0.5604 0.0883 0.149, 0.5604 0.0854 0.1501, 0.5603 0.0817 0.1505, 0.5603 0.0749 0.1505, 0.5603 0.0749 0.1505, 0.5605 0.0816 0.1477, 0.5605 0.078 0.1477, 0.5605 0.078 0.1477, 0.5618 0.078 0.1293, 0.5618 0.0815 0.1293, 0.5617 0.0886 0.1318, 0.5617 0.0883 0.1315, 0.5617 0.0868 0.1304, 0.5618 0.0848 0.1296, 0.5612 0.0912 0.1387, 0.5613 0.0911 0.1372, 0.5614 0.0906 0.135, 0.5616 0.0898 0.1332, 0.5607 0.0885 0.1455, 0.5607 0.0892 0.1448, 0.5608 0.0901 0.1435, 0.561 0.0908 0.1417, 0.5606 0.0848 0.1474, 0.5606 0.0869 0.1466, 0.5606 0.0869 0.1466
            ]
        }
        coordIndex [
            0,1,2,-1,3,4,5,-1,3,5,6,-1,6,5,7,-1,6,7,2,-1,2,7,8,-1,2,8,0,-1,9,1,10,-1,10,1,0,-1,11,9,12,-1,12,9,10,-1,13,14,15,-1,15,14,11,-1,15,11,16,-1,16,11,12,-1,17,14,18,-1,18,14,13,-1,18,19,17,-1,17,19,20,-1,17,20,21,-1,21,20,22,-1,21,22,23,-1,23,22,24,-1,23,24,25,-1,25,24,26,-1,25,26,27,-1,27,26,28,-1,27,28,29,-1,29,28,30,-1,29,30,31,-1,31,30,32,-1,31,32,33,-1,33,32,34,-1,33,34,35,-1,35,34,36,-1,35,36,37,-1,37,36,38,-1,37,38,39,-1,39,38,40,-1,39,40,41,-1,41,40,42,-1,41,42,43,-1,43,42,44,-1,43,44,45,-1,45,44,46,-1,45,46,47,-1,47,46,48,-1,47,48,49,-1,49,48,50,-1,49,50,51,-1,51,50,52,-1,51,52,53,-1,53,52,54,-1,53,54,55,-1,55,54,56,-1,55,56,57,-1,57,56,58,-1,57,58,59,-1,59,58,60,-1,59,60,61,-1,61,60,62,-1,61,62,63,-1,63,62,64,-1,63,64,65,-1,65,64,66,-1,65,66,67,-1,67,66,68,-1,67,68,69,-1,69,68,70,-1,69,70,71,-1,71,70,72,-1,71,72,73,-1,73,72,74,-1,73,74,75,-1,76,75,77,-1,77,75,74,-1,76,77,78,-1,76,78,79,-1,79,78,80,-1,79,80,81,-1,81,80,82,-1,81,82,83,-1,83,82,84,-1,83,84,85,-1,85,84,86,-1,85,86,87,-1,88,87,89,-1,89,87,86,-1,89,90,88,-1,88,90,91,-1,88,91,92,-1,92,91,93,-1,92,93,94,-1,94,93,95,-1,94,95,96,-1,96,95,97,-1,96,97,98,-1,98,97,99,-1,98,99,100,-1,100,99,101,-1,100,101,102,-1,103,104,105,-1,102,101,106,-1,102,106,107,-1,107,106,108,-1,107,108,105,-1,105,108,109,-1,105,109,103,-1,104,103,110,-1,104,110,111,-1,111,110,112,-1,111,112,113,-1,113,112,114,-1,113,114,115,-1,115,114,116,-1,115,116,117,-1,117,116,118,-1,117,118,119,-1,119,118,120,-1,119,120,121,-1,121,120,122,-1,121,122,123,-1,123,122,124,-1,123,124,125,-1,125,124,126,-1,125,126,127,-1,127,126,128,-1,127,128,129,-1,129,128,130,-1,129,130,131,-1,131,130,132,-1,131,132,133,-1,133,132,134,-1,133,134,135,-1,135,134,4,-1,135,4,3,-1,61,63,85,-1,85,63,83,-1,111,43,104,-1,104,43,45,-1,21,23,127,-1,127,23,25,-1,127,25,125,-1,125,25,27,-1,125,27,123,-1,123,27,29,-1,123,29,121,-1,121,29,31,-1,121,31,119,-1,119,31,33,-1,119,33,117,-1,117,33,35,-1,117,35,115,-1,115,35,37,-1,115,37,113,-1,113,37,39,-1,113,39,111,-1,111,39,41,-1,111,41,43,-1,14,3,11,-1,11,3,6,-1,11,6,9,-1,9,6,2,-1,9,2,1,-1,63,65,83,-1,83,65,67,-1,83,67,81,-1,81,67,69,-1,81,69,79,-1,79,69,71,-1,79,71,76,-1,76,71,73,-1,76,73,75,-1,127,129,21,-1,21,129,131,-1,21,131,17,-1,17,131,133,-1,17,133,14,-1,14,133,135,-1,14,135,3,-1,85,87,61,-1,61,87,88,-1,61,88,59,-1,59,88,92,-1,59,92,57,-1,57,92,94,-1,57,94,55,-1,55,94,96,-1,55,96,53,-1,53,96,98,-1,53,98,51,-1,51,98,100,-1,51,100,49,-1,49,100,102,-1,49,102,47,-1,47,102,107,-1,47,107,45,-1,45,107,105,-1,45,105,104,-1,136,137,138,-1,138,137,139,-1,140,136,141,-1,141,136,142,-1,140,141,143,-1,140,143,144,-1,144,143,145,-1,144,145,146,-1,147,146,148,-1,148,146,145,-1,149,147,150,-1,150,147,148,-1,151,152,153,-1,153,152,149,-1,153,149,150,-1,154,152,155,-1,155,152,151,-1,156,157,158,-1,158,157,154,-1,158,154,159,-1,160,161,162,-1,162,161,157,-1,162,157,163,-1,161,160,164,-1,161,164,165,-1,165,164,166,-1,165,166,167,-1,167,166,168,-1,167,168,169,-1,169,168,170,-1,169,170,171,-1,171,170,172,-1,171,172,173,-1,173,172,174,-1,173,174,175,-1,175,174,176,-1,175,176,177,-1,178,177,179,-1,179,177,176,-1,178,179,180,-1,178,180,181,-1,181,180,182,-1,181,182,183,-1,183,182,184,-1,183,184,185,-1,185,184,186,-1,185,186,187,-1,186,188,187,-1,187,188,189,-1,187,189,190,-1,190,189,191,-1,190,191,192,-1,192,191,193,-1,192,193,194,-1,194,193,195,-1,194,195,196,-1,139,137,197,-1,197,137,196,-1,197,196,195,-1,144,146,196,-1,137,136,196,-1,196,136,140,-1,196,140,144,-1,152,154,149,-1,149,154,157,-1,149,157,147,-1,177,178,175,-1,175,178,181,-1,175,181,173,-1,173,181,183,-1,173,183,171,-1,171,183,185,-1,171,185,169,-1,169,185,187,-1,169,187,167,-1,194,165,192,-1,192,165,167,-1,192,167,190,-1,190,167,187,-1,146,147,196,-1,196,147,157,-1,196,157,194,-1,194,157,161,-1,194,161,165,-1,198,199,200,-1,200,199,201,-1,202,203,204,-1,204,203,198,-1,204,198,200,-1,205,203,206,-1,206,203,202,-1,207,208,209,-1,209,208,205,-1,209,205,206,-1,210,208,211,-1,211,208,207,-1,212,213,214,-1,214,213,210,-1,214,210,211,-1,215,213,216,-1,216,213,212,-1,217,218,219,-1,219,218,215,-1,219,215,216,-1,220,218,221,-1,221,218,217,-1,222,223,224,-1,224,223,220,-1,224,220,221,-1,225,223,226,-1,226,223,227,-1,201,199,228,-1,228,199,225,-1,228,225,226,-1,225,199,198,-1,198,203,225,-1,225,203,205,-1,225,205,223,-1,218,220,215,-1,215,220,223,-1,215,223,213,-1,213,223,205,-1,213,205,210,-1,210,205,208,-1,229,230,231,-1,231,230,232,-1,231,232,233,-1,233,232,234,-1,233,234,235,-1,235,234,236,-1,235,236,237,-1,237,236,238,-1,237,238,239,-1,239,238,240,-1,239,240,241,-1,241,240,242,-1,241,242,243,-1,243,242,244,-1,243,244,245,-1,245,244,246,-1,245,246,247,-1,247,246,248,-1,247,248,249,-1,249,248,250,-1,249,250,251,-1,251,250,252,-1,251,252,253,-1,253,252,254,-1,253,254,255,-1,255,254,256,-1,255,256,257,-1,257,256,258,-1,257,258,259,-1,259,258,260,-1,259,260,261,-1,261,260,262,-1,261,262,263,-1,263,262,229,-1,263,229,231,-1,237,239,264,-1,264,239,265,-1,237,264,266,-1,237,266,235,-1,235,266,267,-1,235,267,233,-1,233,267,268,-1,233,268,231,-1,231,268,269,-1,231,269,263,-1,263,269,270,-1,263,270,261,-1,261,270,271,-1,261,271,259,-1,259,271,272,-1,259,272,257,-1,257,272,273,-1,257,273,255,-1,255,273,274,-1,255,274,253,-1,253,274,275,-1,253,275,251,-1,251,275,276,-1,251,276,249,-1,249,276,277,-1,249,277,247,-1,247,277,278,-1,247,278,245,-1,245,278,279,-1,245,279,243,-1,241,243,280,-1,280,243,279,-1,239,241,265,-1,265,241,281,-1,244,242,282,-1,282,242,283,-1,242,240,284,-1,284,240,285,-1,240,238,285,-1,285,238,286,-1,230,287,288,-1,230,288,232,-1,232,288,289,-1,232,289,234,-1,234,289,290,-1,234,290,236,-1,236,290,286,-1,236,286,238,-1,258,291,292,-1,258,292,260,-1,260,292,293,-1,260,293,262,-1,262,293,294,-1,262,294,229,-1,229,294,287,-1,229,287,230,-1,250,295,296,-1,250,296,252,-1,252,296,297,-1,252,297,254,-1,254,297,298,-1,254,298,256,-1,256,298,291,-1,256,291,258,-1,244,282,299,-1,244,299,246,-1,246,299,300,-1,246,300,248,-1,248,300,295,-1,248,295,250,-1,
        ]
    }
}
Shape{
    appearance Appearance {
        material  Material 	{
            diffuseColor 0.25098039215686274 0.25098039215686274 0.25098039215686274
            specularColor 0.12549019607843137 0.12549019607843137 0.12549019607843137
            ambientIntensity 0.2
            transparency 0
            shininess 0.5
        }
    }
    geometry IndexedFaceSet {
        ccw TRUE
        solid FALSE
        coord DEF co Coordinate {
            point [
                0.5605 0.078 0.1477, 0.5618 0.078 0.1293, 0.5605 0.0816 0.1477, 0.5618 0.0815 0.1293, 0.5618 0.0848 0.1296, 0.5617 0.0868 0.1304, 0.5617 0.0883 0.1315, 0.5617 0.0886 0.1318, 0.5616 0.0898 0.1332, 0.5614 0.0906 0.135, 0.5612 0.0912 0.1387, 0.5607 0.0885 0.1455, 0.5606 0.0869 0.1466, 0.561 0.0908 0.1417, 0.5608 0.0901 0.1435, 0.5607 0.0892 0.1448, 0.5613 0.0911 0.1372, 0.5606 0.0848 0.1474, 0.5606 0.0848 0.1474
            ]
        }
        coordIndex [
            0,1,2,-1,2,1,3,-1,3,4,2,-1,2,4,5,-1,2,5,6,-1,6,7,2,-1,2,7,8,-1,2,8,9,-1,10,11,12,-1,13,14,10,-1,10,14,15,-1,10,15,11,-1,9,16,2,-1,2,16,10,-1,2,10,17,-1,17,10,12,-1,
        ]
    }
}
Shape{
    appearance Appearance {
        material  Material 	{
            diffuseColor 1.0 1.0 1.0
            specularColor 0.5019607843137255 0.5019607843137255 0.5019607843137255
            ambientIntensity 0.2
            transparency 0
            shininess 0.5
        }
    }
    geometry IndexedFaceSet {
        ccw TRUE
        solid FALSE
        coord DEF co Coordinate {
            point [
                0.5614 0.1025 0.1358, 0.5616 0.1015 0.1331, 0.5614 0.1105 0.1358, 0.5616 0.1115 0.1331, 0.5607 0.1061 0.1457, 0.5604 0.1049 0.1505, 0.5621 0.0958 0.1265, 0.5621 0.0992 0.1265, 0.5607 0.1063 0.1465, 0.5606 0.1065 0.1474, 0.5604 0.1082 0.1505, 0.5606 0.1065 0.1474, 0.5607 0.1067 0.1464, 0.5607 0.1069 0.1457, 0.5621 0.1174 0.1265, 0.5621 0.114 0.1265, 0.5603 0.1082 0.1505, 0.562 0.1174 0.1265, 0.5603 0.1049 0.1505, 0.562 0.0958 0.1265, 0.5603 0.1049 0.1505, 0.562 0.0992 0.1265, 0.5616 0.1015 0.1331, 0.5616 0.1115 0.1331, 0.562 0.114 0.1265, 0.5616 0.1115 0.1331, 0.5614 0.1025 0.1358, 0.5614 0.1105 0.1358, 0.5607 0.1069 0.1457, 0.5606 0.1065 0.1474, 0.5606 0.1067 0.1464, 0.5606 0.1065 0.1474, 0.5607 0.1061 0.1457, 0.5606 0.1063 0.1465, 0.5606 0.1063 0.1465
            ]
        }
        coordIndex [
            0,1,2,-1,2,1,3,-1,4,5,0,-1,0,5,6,-1,0,6,1,-1,1,6,7,-1,4,8,5,-1,5,8,9,-1,5,9,10,-1,10,9,11,-1,10,11,12,-1,12,13,10,-1,10,13,2,-1,10,2,14,-1,14,2,3,-1,14,3,15,-1,10,14,16,-1,16,14,17,-1,5,10,18,-1,18,10,16,-1,6,5,19,-1,19,5,20,-1,7,6,21,-1,21,6,19,-1,1,7,22,-1,22,7,21,-1,3,1,23,-1,23,1,22,-1,15,3,24,-1,24,3,25,-1,14,15,17,-1,17,15,24,-1,0,2,26,-1,26,2,27,-1,2,13,27,-1,27,13,28,-1,11,29,30,-1,11,30,12,-1,12,30,28,-1,12,28,13,-1,11,9,29,-1,29,9,31,-1,4,32,33,-1,4,33,8,-1,8,33,31,-1,8,31,9,-1,4,0,32,-1,32,0,26,-1,
        ]
    }
}
Shape{
    appearance Appearance {
        material  Material 	{
            diffuseColor 0.25098039215686274 0.25098039215686274 0.25098039215686274
            specularColor 0.12549019607843137 0.12549019607843137 0.12549019607843137
            ambientIntensity 0.2
            transparency 0
            shininess 0.5
        }
    }
    geometry IndexedFaceSet {
        ccw TRUE
        solid FALSE
        coord DEF co Coordinate {
            point [
                0.5606 0.1065 0.1474, 0.5606 0.1065 0.1474, 0.5606 0.1067 0.1464, 0.5606 0.1063 0.1465, 0.5607 0.1069 0.1457, 0.5607 0.1061 0.1457, 0.5614 0.1105 0.1358, 0.5614 0.1025 0.1358, 0.5614 0.1025 0.1358
            ]
        }
        coordIndex [
            0,1,2,-1,2,1,3,-1,2,3,4,-1,4,3,5,-1,4,5,6,-1,6,5,7,-1,
        ]
    }
}
Shape{
    appearance Appearance {
        material  Material 	{
            diffuseColor 1.0 1.0 1.0
            specularColor 0.5019607843137255 0.5019607843137255 0.5019607843137255
            ambientIntensity 0.2
            transparency 0
            shininess 0.5
        }
    }
    geometry IndexedFaceSet {
        ccw TRUE
        solid FALSE
        coord DEF co Coordinate {
            point [
                0.5592 -0.1197 0.1678, 0.559 -0.1159 0.1698, 0.5583 -0.1168 0.1803, 0.5623 -0.0867 0.1225, 0.5621 -0.0847 0.1262, 0.5618 -0.0837 0.1305, 0.5583 -0.1061 0.1808, 0.5591 -0.1008 0.1684, 0.5588 -0.0982 0.1737, 0.5618 -0.1072 0.13, 0.5617 -0.1075 0.1316, 0.5612 -0.1167 0.1382, 0.562 -0.1169 0.1268, 0.562 -0.1191 0.1274, 0.5611 -0.1205 0.1405, 0.5582 -0.1101 0.1811, 0.5607 -0.0597 0.1465, 0.56 -0.065 0.1556, 0.5615 -0.0836 0.1339, 0.5609 -0.0879 0.1436, 0.5617 -0.0836 0.1322, 0.5627 -0.0927 0.1172, 0.5625 -0.0893 0.1195, 0.5619 -0.1065 0.1285, 0.5625 -0.1126 0.12, 0.5623 -0.1152 0.1231, 0.5595 -0.0541 0.1634, 0.5595 -0.0527 0.1634, 0.5588 -0.0457 0.1726, 0.5595 -0.0494 0.163, 0.5589 -0.0448 0.1723, 0.5596 -0.0465 0.1619, 0.559 -0.0398 0.1698, 0.5593 -0.0351 0.1659, 0.558 -0.1026 0.1849, 0.5584 -0.0944 0.1783, 0.5577 -0.0986 0.1883, 0.5582 -0.0898 0.1816, 0.5575 -0.0941 0.191, 0.559 -0.1117 0.1708, 0.559 -0.1099 0.1709, 0.5582 -0.1081 0.181, 0.559 -0.1059 0.1704, 0.5591 -0.1021 0.169, 0.5619 -0.0954 0.1282, 0.562 -0.0964 0.1272, 0.5621 -0.0977 0.1262, 0.5628 -0.0965 0.1157, 0.5621 -0.0991 0.1256, 0.5629 -0.1007 0.1152, 0.5621 -0.1008 0.1254, 0.5628 -0.1013 0.1152, 0.5621 -0.1011 0.1254, 0.5628 -0.1054 0.1158, 0.5621 -0.1027 0.1257, 0.5627 -0.1093 0.1175, 0.5621 -0.1042 0.1263, 0.562 -0.1055 0.1273, 0.5615 -0.0946 0.1344, 0.5616 -0.0942 0.1328, 0.5617 -0.0942 0.1313, 0.5618 -0.0946 0.1297, 0.5615 -0.0351 0.1341, 0.5611 -0.0431 0.1409, 0.5618 -0.0397 0.1302, 0.5612 -0.0456 0.1388, 0.562 -0.045 0.1276, 0.5613 -0.0486 0.1374, 0.5621 -0.0506 0.1264, 0.5613 -0.0517 0.1368, 0.5621 -0.0607 0.1264, 0.5613 -0.0593 0.1368, 0.5621 -0.0617 0.1266, 0.5616 -0.1074 0.1332, 0.5615 -0.1069 0.1348, 0.561 -0.1148 0.1419, 0.5614 -0.106 0.1362, 0.5608 -0.112 0.1451, 0.5613 -0.1053 0.137, 0.5606 -0.1085 0.1475, 0.5613 -0.104 0.1379, 0.5605 -0.1048 0.1489, 0.5612 -0.1025 0.1385, 0.5605 -0.1007 0.1494, 0.5612 -0.1008 0.1387, 0.5605 -0.0986 0.1493, 0.5612 -0.0994 0.1386, 0.5605 -0.0945 0.1483, 0.5613 -0.0978 0.138, 0.5607 -0.0909 0.1464, 0.5613 -0.0965 0.1371, 0.5614 -0.0954 0.1358, 0.5597 -0.0438 0.16, 0.5599 -0.0418 0.1578, 0.5596 -0.0316 0.1611, 0.5601 -0.0403 0.1549, 0.56 -0.0296 0.1559, 0.5603 -0.0395 0.1516, 0.5604 -0.0288 0.1503, 0.5604 -0.0394 0.1501, 0.5608 -0.0296 0.1442, 0.5606 -0.0398 0.1468, 0.5612 -0.0317 0.1388, 0.5609 -0.041 0.1438, 0.561 -0.0428 0.1411, 0.5579 -0.0549 0.1861, 0.5584 -0.0616 0.1782, 0.5584 -0.0492 0.1795, 0.5588 -0.0577 0.1737, 0.5591 -0.0551 0.1682, 0.5599 -0.1265 0.158, 0.5601 -0.1377 0.1552, 0.5601 -0.127 0.1539, 0.5602 -0.1377 0.1535, 0.5603 -0.1268 0.1512, 0.5606 -0.1369 0.1469, 0.5606 -0.1255 0.1471, 0.5611 -0.1345 0.1405, 0.5609 -0.1235 0.1436, 0.5615 -0.1306 0.135, 0.5618 -0.1252 0.1304, 0.5573 -0.0862 0.194, 0.558 -0.0843 0.1839, 0.5573 -0.0781 0.1949, 0.558 -0.078 0.1847, 0.5573 -0.0704 0.194, 0.558 -0.0722 0.184, 0.5576 -0.0619 0.1909, 0.5582 -0.0668 0.182, 0.5584 -0.062 0.1786, 0.5585 -0.1231 0.1779, 0.5587 -0.1286 0.174, 0.5594 -0.1226 0.1652, 0.5588 -0.1297 0.173, 0.5596 -0.125 0.1618, 0.5592 -0.1338 0.1677, 0.5596 -0.1365 0.1616, 0.5613 -0.0602 0.137, 0.5619 -0.0643 0.1282, 0.562 -0.0639 0.1278, 0.5613 -0.0597 0.1369, 0.562 -0.0628 0.127, 0.5617 -0.0657 0.1317, 0.5618 -0.0655 0.1305, 0.5619 -0.0651 0.1293, 0.5613 -0.0617 0.1368, 0.5614 -0.0629 0.1364, 0.5616 -0.0656 0.1324, 0.5614 -0.0639 0.1356, 0.5615 -0.0646 0.1349, 0.5616 -0.0653 0.1337, 0.5613 -0.0604 0.137, 0.5604 -0.0288 0.1503, 0.56 -0.0296 0.1559, 0.5599 -0.0301 0.1573, 0.5596 -0.0316 0.1611, 0.5593 -0.0351 0.1659, 0.559 -0.0398 0.1698, 0.5588 -0.0448 0.1723, 0.5588 -0.0457 0.1726, 0.5583 -0.0492 0.1795, 0.5579 -0.0549 0.1861, 0.5577 -0.0588 0.1887, 0.5575 -0.0619 0.1909, 0.5573 -0.0704 0.194, 0.5572 -0.0781 0.1949, 0.5577 -0.0986 0.1883, 0.5577 -0.0979 0.1887, 0.5575 -0.0941 0.191, 0.5573 -0.0862 0.194, 0.5579 -0.1026 0.1849, 0.5582 -0.1061 0.1808, 0.5582 -0.1081 0.181, 0.5582 -0.1101 0.1811, 0.5583 -0.1168 0.1803, 0.5584 -0.1231 0.1778, 0.5587 -0.1286 0.174, 0.5588 -0.1297 0.1729, 0.5601 -0.1377 0.1535, 0.5591 -0.1338 0.1677, 0.5596 -0.1365 0.1616, 0.5599 -0.1373 0.1573, 0.56 -0.1377 0.1552, 0.5606 -0.1369 0.1469, 0.561 -0.1345 0.1405, 0.5614 -0.1306 0.135, 0.5617 -0.1252 0.1304, 0.562 -0.1191 0.1274, 0.562 -0.1169 0.1268, 0.562 -0.1167 0.1263, 0.5623 -0.1152 0.1231, 0.5625 -0.1126 0.12, 0.5627 -0.1093 0.1175, 0.5627 -0.1077 0.1168, 0.5628 -0.1054 0.1158, 0.5628 -0.1013 0.1152, 0.5628 -0.1007 0.1152, 0.5616 -0.0836 0.1322, 0.5628 -0.0965 0.1157, 0.5627 -0.0936 0.1168, 0.5627 -0.0927 0.1172, 0.5625 -0.0893 0.1195, 0.5623 -0.0867 0.1225, 0.562 -0.0847 0.1262, 0.562 -0.0847 0.1263, 0.5617 -0.0837 0.1305, 0.5615 -0.0836 0.1339, 0.5606 -0.0597 0.1465, 0.56 -0.065 0.1556, 0.5608 -0.0879 0.1436, 0.5606 -0.0909 0.1464, 0.5605 -0.0945 0.1483, 0.5604 -0.0986 0.1493, 0.5604 -0.1007 0.1494, 0.5605 -0.1048 0.1489, 0.5606 -0.1085 0.1475, 0.5607 -0.112 0.1451, 0.5609 -0.1148 0.1419, 0.5612 -0.1167 0.1382, 0.561 -0.1205 0.1405, 0.5608 -0.1235 0.1436, 0.5606 -0.1255 0.1471, 0.5603 -0.1268 0.1512, 0.5601 -0.127 0.1539, 0.5599 -0.1266 0.1573, 0.5598 -0.1265 0.158, 0.5596 -0.125 0.1618, 0.5593 -0.1226 0.1652, 0.5591 -0.1197 0.1678, 0.559 -0.1159 0.1698, 0.5589 -0.1117 0.1708, 0.5589 -0.1099 0.1709, 0.5589 -0.1059 0.1704, 0.559 -0.1021 0.169, 0.5591 -0.1008 0.1684, 0.5587 -0.0982 0.1737, 0.5584 -0.0944 0.1783, 0.5582 -0.0898 0.1816, 0.558 -0.0843 0.1839, 0.558 -0.078 0.1847, 0.558 -0.0722 0.184, 0.5581 -0.0668 0.1819, 0.5584 -0.062 0.1786, 0.5584 -0.0616 0.1782, 0.5587 -0.0577 0.1737, 0.5591 -0.0551 0.1682, 0.5594 -0.0541 0.1634, 0.5594 -0.0527 0.1634, 0.5595 -0.0494 0.163, 0.5595 -0.0465 0.1619, 0.5597 -0.0438 0.16, 0.5598 -0.0418 0.1578, 0.5599 -0.0416 0.1573, 0.56 -0.0403 0.1549, 0.5603 -0.0395 0.1516, 0.5604 -0.0394 0.1501, 0.5606 -0.0398 0.1468, 0.5608 -0.041 0.1438, 0.561 -0.0428 0.1411, 0.561 -0.0431 0.1409, 0.5612 -0.0456 0.1388, 0.5613 -0.0486 0.1374, 0.5613 -0.0517 0.1368, 0.5613 -0.0593 0.1368, 0.5613 -0.0597 0.1369, 0.5613 -0.0602 0.137, 0.5613 -0.0604 0.137, 0.5613 -0.0617 0.1368, 0.5613 -0.0629 0.1364, 0.5614 -0.0639 0.1356, 0.5614 -0.0646 0.1349, 0.5615 -0.0653 0.1337, 0.5616 -0.0656 0.1324, 0.5617 -0.0657 0.1317, 0.5617 -0.0655 0.1305, 0.5618 -0.0651 0.1293, 0.5619 -0.0643 0.1282, 0.5619 -0.0639 0.1278, 0.562 -0.0628 0.127, 0.562 -0.0617 0.1266, 0.562 -0.0607 0.1264, 0.562 -0.0506 0.1264, 0.5619 -0.045 0.1276, 0.5618 -0.0397 0.1302, 0.5615 -0.0351 0.1341, 0.5612 -0.0317 0.1388, 0.5608 -0.0296 0.1442, 0.5612 -0.1008 0.1387, 0.5612 -0.0994 0.1385, 0.5612 -0.0978 0.138, 0.5613 -0.0965 0.1371, 0.5614 -0.0954 0.1358, 0.5615 -0.0946 0.1344, 0.5616 -0.0942 0.1328, 0.5617 -0.0942 0.1313, 0.5618 -0.0946 0.1297, 0.5619 -0.0954 0.1282, 0.562 -0.0964 0.1272, 0.562 -0.0977 0.1262, 0.5621 -0.0991 0.1256, 0.5621 -0.1008 0.1254, 0.5621 -0.1011 0.1254, 0.5621 -0.1027 0.1257, 0.562 -0.1042 0.1263, 0.562 -0.1055 0.1273, 0.5619 -0.1065 0.1285, 0.5618 -0.1072 0.13, 0.5617 -0.1075 0.1316, 0.5615 -0.1074 0.1332, 0.5614 -0.1069 0.1348, 0.5613 -0.106 0.1362, 0.5613 -0.1053 0.137, 0.5612 -0.104 0.1379, 0.5612 -0.1025 0.1385, 0.5612 -0.1025 0.1385
            ]
        }
        coordIndex [
            0,1,2,-1,3,4,5,-1,6,7,8,-1,9,10,11,-1,12,11,13,-1,13,11,14,-1,2,1,15,-1,16,17,18,-1,18,17,19,-1,18,19,20,-1,20,19,21,-1,20,21,5,-1,5,21,22,-1,5,22,3,-1,23,9,24,-1,24,9,11,-1,24,11,25,-1,25,11,12,-1,26,27,28,-1,28,27,29,-1,28,29,30,-1,30,29,31,-1,30,31,32,-1,32,31,33,-1,6,8,34,-1,34,8,35,-1,34,35,36,-1,36,35,37,-1,36,37,38,-1,1,39,15,-1,15,39,40,-1,15,40,41,-1,41,40,42,-1,41,42,6,-1,6,42,43,-1,6,43,7,-1,44,45,21,-1,21,45,46,-1,21,46,47,-1,47,46,48,-1,47,48,49,-1,49,48,50,-1,49,50,51,-1,51,50,52,-1,51,52,53,-1,53,52,54,-1,53,54,55,-1,55,54,56,-1,55,56,24,-1,24,56,57,-1,24,57,23,-1,58,59,19,-1,19,59,60,-1,19,60,21,-1,21,60,61,-1,21,61,44,-1,62,63,64,-1,64,63,65,-1,64,65,66,-1,66,65,67,-1,66,67,68,-1,68,67,69,-1,68,69,70,-1,70,69,71,-1,70,71,72,-1,10,73,11,-1,11,73,74,-1,11,74,75,-1,75,74,76,-1,75,76,77,-1,77,76,78,-1,77,78,79,-1,79,78,80,-1,79,80,81,-1,81,80,82,-1,81,82,83,-1,83,82,84,-1,83,84,85,-1,85,84,86,-1,85,86,87,-1,87,86,88,-1,87,88,89,-1,89,88,90,-1,89,90,19,-1,19,90,91,-1,19,91,58,-1,31,92,33,-1,33,92,93,-1,33,93,94,-1,94,93,95,-1,94,95,96,-1,96,95,97,-1,96,97,98,-1,98,97,99,-1,98,99,100,-1,100,99,101,-1,100,101,102,-1,102,101,103,-1,102,103,62,-1,62,103,104,-1,62,104,63,-1,105,106,107,-1,107,106,108,-1,107,108,28,-1,28,108,109,-1,28,109,26,-1,110,111,112,-1,112,111,113,-1,112,113,114,-1,114,113,115,-1,114,115,116,-1,116,115,117,-1,116,117,118,-1,118,117,119,-1,118,119,14,-1,14,119,120,-1,14,120,13,-1,38,37,121,-1,121,37,122,-1,121,122,123,-1,123,122,124,-1,123,124,125,-1,125,124,126,-1,125,126,127,-1,127,126,128,-1,127,128,105,-1,105,128,129,-1,105,129,106,-1,2,130,0,-1,0,130,131,-1,0,131,132,-1,132,131,133,-1,132,133,134,-1,134,133,135,-1,134,135,110,-1,110,135,136,-1,110,136,111,-1,137,138,139,-1,71,140,72,-1,72,140,137,-1,72,137,141,-1,141,137,139,-1,142,143,137,-1,137,143,144,-1,137,144,138,-1,145,146,147,-1,146,148,147,-1,147,148,149,-1,147,149,150,-1,142,137,147,-1,147,137,151,-1,147,151,145,-1,98,152,153,-1,98,153,96,-1,96,153,154,-1,96,154,94,-1,154,155,94,-1,94,155,156,-1,94,156,33,-1,33,156,157,-1,33,157,32,-1,32,157,158,-1,32,158,30,-1,30,158,159,-1,30,159,28,-1,28,159,160,-1,28,160,107,-1,107,160,161,-1,107,161,105,-1,127,105,162,-1,162,105,161,-1,162,163,127,-1,127,163,164,-1,127,164,125,-1,125,164,165,-1,125,165,123,-1,166,36,167,-1,167,36,38,-1,167,38,168,-1,168,38,121,-1,168,121,169,-1,169,121,123,-1,169,123,165,-1,36,166,170,-1,36,170,34,-1,34,170,171,-1,34,171,6,-1,6,171,172,-1,6,172,41,-1,41,172,173,-1,41,173,15,-1,15,173,174,-1,15,174,2,-1,2,174,175,-1,2,175,130,-1,130,175,176,-1,130,176,131,-1,131,176,177,-1,131,177,133,-1,178,113,111,-1,133,177,179,-1,133,179,135,-1,135,179,180,-1,135,180,136,-1,136,180,181,-1,136,181,111,-1,111,181,182,-1,111,182,178,-1,113,178,183,-1,113,183,115,-1,115,183,184,-1,115,184,117,-1,117,184,185,-1,117,185,119,-1,119,185,186,-1,119,186,120,-1,120,186,187,-1,120,187,13,-1,13,187,188,-1,13,188,12,-1,12,188,189,-1,12,189,25,-1,189,190,25,-1,25,190,191,-1,25,191,24,-1,24,191,192,-1,24,192,55,-1,55,192,193,-1,55,193,53,-1,193,194,53,-1,53,194,195,-1,53,195,51,-1,51,195,196,-1,51,196,49,-1,197,20,5,-1,49,196,198,-1,49,198,47,-1,47,198,199,-1,47,199,21,-1,199,200,21,-1,21,200,201,-1,21,201,22,-1,22,201,202,-1,22,202,3,-1,3,202,203,-1,3,203,4,-1,4,203,204,-1,4,204,5,-1,5,204,205,-1,5,205,197,-1,18,20,206,-1,206,20,197,-1,16,18,207,-1,207,18,206,-1,17,16,208,-1,208,16,207,-1,19,17,209,-1,209,17,208,-1,19,209,210,-1,19,210,89,-1,89,210,211,-1,89,211,87,-1,87,211,212,-1,87,212,85,-1,85,212,213,-1,85,213,83,-1,83,213,214,-1,83,214,81,-1,81,214,215,-1,81,215,79,-1,79,215,216,-1,79,216,77,-1,77,216,217,-1,77,217,75,-1,75,217,218,-1,75,218,11,-1,11,218,219,-1,11,219,14,-1,14,219,220,-1,14,220,118,-1,118,220,221,-1,118,221,116,-1,116,221,222,-1,116,222,114,-1,114,222,223,-1,114,223,112,-1,110,112,224,-1,224,112,223,-1,224,225,110,-1,110,225,226,-1,110,226,134,-1,134,226,227,-1,134,227,132,-1,132,227,228,-1,132,228,0,-1,0,228,229,-1,0,229,1,-1,1,229,230,-1,1,230,39,-1,39,230,231,-1,39,231,40,-1,40,231,232,-1,40,232,42,-1,42,232,233,-1,42,233,43,-1,43,233,234,-1,43,234,7,-1,7,234,235,-1,7,235,8,-1,8,235,236,-1,8,236,35,-1,35,236,237,-1,35,237,37,-1,37,237,238,-1,37,238,122,-1,122,238,239,-1,122,239,124,-1,124,239,240,-1,124,240,126,-1,126,240,241,-1,126,241,128,-1,128,241,242,-1,128,242,129,-1,129,242,243,-1,129,243,106,-1,106,243,244,-1,106,244,108,-1,108,244,245,-1,108,245,109,-1,109,245,246,-1,109,246,26,-1,27,26,247,-1,247,26,246,-1,27,247,248,-1,27,248,29,-1,29,248,249,-1,29,249,31,-1,31,249,250,-1,31,250,92,-1,92,250,251,-1,92,251,93,-1,93,251,252,-1,93,252,95,-1,252,253,95,-1,95,253,254,-1,95,254,97,-1,97,254,255,-1,97,255,99,-1,99,255,256,-1,99,256,101,-1,101,256,257,-1,101,257,103,-1,103,257,258,-1,103,258,104,-1,104,258,259,-1,104,259,63,-1,63,259,260,-1,63,260,65,-1,65,260,261,-1,65,261,67,-1,67,261,262,-1,67,262,69,-1,71,69,263,-1,263,69,262,-1,71,263,264,-1,71,264,140,-1,140,264,265,-1,140,265,137,-1,137,265,266,-1,137,266,151,-1,151,266,267,-1,151,267,145,-1,145,267,268,-1,145,268,146,-1,146,268,269,-1,146,269,148,-1,148,269,270,-1,148,270,149,-1,149,270,271,-1,149,271,150,-1,150,271,272,-1,150,272,147,-1,147,272,273,-1,147,273,142,-1,142,273,274,-1,142,274,143,-1,143,274,275,-1,143,275,144,-1,144,275,276,-1,144,276,138,-1,138,276,277,-1,138,277,139,-1,139,277,278,-1,139,278,141,-1,141,278,279,-1,141,279,72,-1,72,279,280,-1,72,280,70,-1,68,70,281,-1,281,70,280,-1,68,281,282,-1,68,282,66,-1,66,282,283,-1,66,283,64,-1,64,283,284,-1,64,284,62,-1,62,284,285,-1,62,285,102,-1,102,285,286,-1,102,286,100,-1,100,286,152,-1,100,152,98,-1,84,287,288,-1,84,288,86,-1,86,288,289,-1,86,289,88,-1,88,289,290,-1,88,290,90,-1,90,290,291,-1,90,291,91,-1,91,291,292,-1,91,292,58,-1,58,292,293,-1,58,293,59,-1,59,293,294,-1,59,294,60,-1,60,294,295,-1,60,295,61,-1,61,295,296,-1,61,296,44,-1,44,296,297,-1,44,297,45,-1,45,297,298,-1,45,298,46,-1,46,298,299,-1,46,299,48,-1,48,299,300,-1,48,300,50,-1,50,300,301,-1,50,301,52,-1,52,301,302,-1,52,302,54,-1,54,302,303,-1,54,303,56,-1,56,303,304,-1,56,304,57,-1,57,304,305,-1,57,305,23,-1,23,305,306,-1,23,306,9,-1,9,306,307,-1,9,307,10,-1,10,307,308,-1,10,308,73,-1,73,308,309,-1,73,309,74,-1,74,309,310,-1,74,310,76,-1,76,310,311,-1,76,311,78,-1,78,311,312,-1,78,312,80,-1,80,312,313,-1,80,313,82,-1,82,313,287,-1,82,287,84,-1,
        ]
    }
}
Shape{
    appearance Appearance {
        material  Material 	{
            diffuseColor 0.25098039215686274 0.25098039215686274 0.25098039215686274
            specularColor 0.12549019607843137 0.12549019607843137 0.12549019607843137
            ambientIntensity 0.2
            transparency 0
            shininess 0.5
        }
    }
    geometry IndexedFaceSet {
        ccw TRUE
        solid FALSE
        coord DEF co Coordinate {
            point [
                0.5621 -0.1011 0.1254, 0.5613 -0.1053 0.137, 0.5613 -0.106 0.1362, 0.5621 -0.0991 0.1256, 0.562 -0.0977 0.1262, 0.5612 -0.0994 0.1385, 0.5612 -0.1008 0.1387, 0.5612 -0.1025 0.1385, 0.5612 -0.104 0.1379, 0.5618 -0.1072 0.13, 0.5619 -0.1065 0.1285, 0.562 -0.1055 0.1273, 0.5621 -0.1008 0.1254, 0.5614 -0.1069 0.1348, 0.5615 -0.1074 0.1332, 0.5617 -0.1075 0.1316, 0.562 -0.1042 0.1263, 0.5621 -0.1027 0.1257, 0.562 -0.0964 0.1272, 0.5619 -0.0954 0.1282, 0.5618 -0.0946 0.1297, 0.5617 -0.0942 0.1313, 0.5616 -0.0942 0.1328, 0.5615 -0.0946 0.1344, 0.5614 -0.0954 0.1358, 0.5613 -0.0965 0.1371, 0.5612 -0.0978 0.138, 0.5612 -0.0978 0.138
            ]
        }
        coordIndex [
            0,1,2,-1,3,4,5,-1,6,7,0,-1,0,7,8,-1,0,8,1,-1,9,10,2,-1,2,10,11,-1,6,0,5,-1,5,0,12,-1,5,12,3,-1,13,14,2,-1,2,14,15,-1,2,15,9,-1,11,16,2,-1,2,16,17,-1,2,17,0,-1,4,18,5,-1,5,18,19,-1,5,19,20,-1,20,21,5,-1,5,21,22,-1,5,22,23,-1,23,24,5,-1,5,24,25,-1,5,25,26,-1,
        ]
    }
}