#VRML V2.0 utf8
# 3D model generated by easyeda2kicad.py (https://github.com/uPesy/easyeda2kicad.py)

Shape{
    appearance Appearance {
        material  Material 	{
            diffuseColor 1.0 0.3411764705882353 0.3411764705882353
            specularColor 0.5019607843137255 0.16862745098039217 0.16862745098039217
            ambientIntensity 0.2
            transparency 0
            shininess 0.5
        }
    }
    geometry IndexedFaceSet {
        ccw TRUE
        solid FALSE
        coord DEF co Coordinate {
            point [
                1.7992 1.9488 2.1654, 1.7992 1.2711 2.1654, 1.7992 1.2711 0.8363, 1.7992 0.0228 0.631, 1.7992 -0.0236 0.631, 1.7992 -0.0236 0.5925, 1.7992 0.1661 0.5243, 1.7992 0.161 0.5237, 1.7992 0.1911 0.5237, 1.7992 -0.6819 0.6697, 1.7992 -0.6802 0.679, 1.7992 -1.9488 0.679, 1.7992 -0.3062 0.8488, 1.7992 -0.2877 0.8363, 1.7992 -0.0883 0.8363, 1.7992 -0.1692 0.722, 1.7992 -0.1636 0.7142, 1.7992 -0.0883 0.7142, 1.7992 -0.2681 0.8231, 1.7992 -0.2642 0.8195, 1.7992 -0.2372 0.7863, 1.7992 -0.222 0.7557, 1.7992 -0.2178 0.7543, 1.7992 -0.1924 0.7416, 1.7992 -0.3491 0.8638, 1.7992 -0.0883 2.1654, 1.7992 -0.3842 0.8675, 1.7992 -0.4202 0.8638, 1.7992 -0.46 0.8502, 1.7992 -1.9488 2.1654, 1.7992 -0.4832 0.8363, 1.7992 -1.9488 0.8363, 1.7992 -0.4867 0.8342, 1.7992 -0.6421 0.7574, 1.7992 -0.6351 0.764, 1.7992 -0.6077 0.7828, 1.7992 -0.5759 0.7946, 1.7992 -0.5439 0.7984, 1.7992 -0.5068 0.8171, 1.7992 -0.5341 0.7978, 1.7992 -0.5243 0.7967, 1.7992 -1.9488 0.7142, 1.7992 -0.6758 0.7018, 1.7992 -0.6702 0.7142, 1.7992 -0.6619 0.7323, 1.7992 -0.6215 0.5454, 1.7992 -0.6464 0.567, 1.7992 -1.9488 0.5237, 1.7992 -0.5909 0.5299, 1.7992 -0.6667 0.5963, 1.7992 -0.6785 0.6282, 1.7992 -0.6823 0.66, 1.7992 -0.5781 0.526, 1.7992 -0.577 0.5237, 1.7992 -0.5695 0.5077, 1.7992 -0.5568 0.492, 1.7992 -0.4616 0.4761, 1.7992 -0.4763 0.4704, 1.7992 -0.0883 -0.0, 1.7992 -0.497 0.4679, 1.7992 -1.9488 -0.0, 1.7992 -0.5003 0.468, 1.7992 -0.5204 0.4711, 1.7992 -1.9488 0.4761, 1.7992 -0.5323 0.4761, 1.7992 -0.5401 0.4794, 1.7992 -0.4169 0.5237, 1.7992 -0.417 0.5234, 1.7992 -0.0883 0.4761, 1.7992 -0.4271 0.5044, 1.7992 -0.4403 0.4896, 1.7992 -0.4573 0.4778, 1.7992 -0.1518 0.6977, 1.7992 -0.1443 0.679, 1.7992 -0.0883 0.679, 1.7992 -0.1414 0.6716, 1.7992 -0.3079 0.574, 1.7992 -0.3021 0.5764, 1.7992 -0.292 0.625, 1.7992 -0.4329 0.6105, 1.7992 -0.3185 0.6703, 1.7992 -0.4478 0.6241, 1.7992 -0.4659 0.6338, 1.7992 -0.3132 0.5703, 1.7992 -0.1908 0.6504, 1.7992 -0.1948 0.6668, 1.7992 -0.2014 0.679, 1.7992 -0.6264 0.679, 1.7992 -0.1375 0.6438, 1.7992 -0.1414 0.6133, 1.7992 -0.0883 0.5237, 1.7992 -0.1521 0.5863, 1.7992 -0.1691 0.5627, 1.7992 -0.2954 0.5772, 1.7992 -0.2946 0.5772, 1.7992 -0.292 0.5766, 1.7992 -0.6214 0.6278, 1.7992 -0.6111 0.6104, 1.7992 -0.5678 0.6016, 1.7992 -0.5958 0.5946, 1.7992 -0.5772 0.5832, 1.7992 -0.5362 0.6298, 1.7992 -0.5537 0.6177, 1.7992 -0.6285 0.6617, 1.7992 -0.6275 0.6487, 1.7992 -0.5173 0.637, 1.7992 -0.497 0.6395, 1.7992 -0.4866 0.6389, 1.7992 -0.1923 0.543, 1.7992 -0.2184 0.5303, 1.7992 -0.2468 0.5243, 1.7992 -0.3219 0.5507, 1.7992 -0.3217 0.5541, 1.7992 -0.4116 0.5618, 1.7992 -0.32 0.5606, 1.7992 -0.3167 0.5664, 1.7992 -0.2077 0.5978, 1.7992 -0.1983 0.6111, 1.7992 -0.1925 0.6264, 1.7992 -0.1904 0.643, 1.7992 -0.2971 0.5243, 1.7992 -0.302 0.525, 1.7992 -0.3076 0.5273, 1.7992 -0.3131 0.5312, 1.7992 -0.3151 0.5332, 1.7992 -0.3189 0.5386, 1.7992 -0.3211 0.5444, 1.7992 -0.412 0.5445, 1.7992 -0.4116 0.5533, 1.7992 -0.2903 0.5764, 1.7992 -0.2519 0.5764, 1.7992 -0.2366 0.5793, 1.7992 -0.2215 0.5862, 1.7992 -0.2089 0.5965, 1.7992 -0.2638 0.7096, 1.7992 -0.6186 0.7014, 1.7992 -0.6259 0.6824, 1.7992 -0.257 0.7096, 1.7992 -0.2027 0.6815, 1.7992 -0.2126 0.6926, 1.7992 -0.2259 0.7018, 1.7992 -0.2408 0.7076, 1.7992 -0.2822 0.7608, 1.7992 -0.3014 0.7838, 1.7992 -0.4978 0.7343, 1.7992 -0.3037 0.7859, 1.7992 -0.3277 0.8025, 1.7992 -0.4848 0.7613, 1.7992 -0.6097 0.7142, 1.7992 -0.504 0.7377, 1.7992 -0.2649 0.7142, 1.7992 -0.269 0.7333, 1.7992 -0.5232 0.7447, 1.7992 -0.5431 0.7471, 1.7992 -0.5519 0.7467, 1.7992 -0.4656 0.7842, 1.7992 -0.3545 0.8128, 1.7992 -0.4427 0.801, 1.7992 -0.3834 0.8163, 1.7992 -0.4148 0.8123, 1.7992 -0.573 0.7417, 1.7992 -0.592 0.7316, 1.7992 -0.6068 0.7185, 1.7992 0.4819 0.7142, 1.7992 0.4429 0.7152, 1.7992 0.4258 0.7152, 1.7992 0.3972 0.8353, 1.7992 0.4819 0.8363, 1.7992 0.3695 0.8363, 1.7992 0.352 0.7152, 1.7992 0.3348 0.7152, 1.7992 0.3315 0.7142, 1.7992 0.3695 0.7142, 1.7992 0.3695 0.7481, 1.7992 0.3635 0.7481, 1.7992 0.3315 0.8363, 1.7992 0.3695 0.8061, 1.7992 0.3806 0.8353, 1.7992 0.1911 0.8363, 1.7992 0.205 0.8353, 1.7992 0.2191 0.8363, 1.7992 0.205 0.8215, 1.7992 0.2191 0.7142, 1.7992 0.1586 0.8215, 1.7992 0.1586 0.7831, 1.7992 0.1911 0.8215, 1.7992 0.1911 0.7831, 1.7992 0.2016 0.7831, 1.7992 0.2016 0.7693, 1.7992 0.1431 0.7152, 1.7992 0.1362 0.7142, 1.7992 0.1911 0.7142, 1.7992 0.1362 0.8363, 1.7992 0.1431 0.8353, 1.7992 0.1911 0.8353, 1.7992 0.1586 0.7693, 1.7992 0.1586 0.7289, 1.7992 0.1911 0.7693, 1.7992 0.1911 0.7289, 1.7992 0.2077 0.7289, 1.7992 0.2077 0.7152, 1.7992 0.1911 0.7152, 1.7992 0.0937 0.7272, 1.7992 0.1073 0.7297, 1.7992 0.1139 0.8184, 1.7992 0.1139 0.7327, 1.7992 0.1177 0.8169, 1.7992 0.1191 0.735, 1.7992 0.1191 0.8162, 1.7992 0.0908 0.8233, 1.7992 0.0454 0.7739, 1.7992 0.1056 0.8216, 1.7992 0.0844 0.823, 1.7992 0.0742 0.8206, 1.7992 0.0649 0.8159, 1.7992 0.0457 0.7676, 1.7992 0.0479 0.756, 1.7992 0.052 0.7466, 1.7992 0.058 0.81, 1.7992 0.0515 0.8009, 1.7992 0.0474 0.7905, 1.7992 0.0572 0.7397, 1.7992 0.0596 0.7373, 1.7992 0.0674 0.7318, 1.7992 0.076 0.7285, 1.7992 0.0881 0.727, 1.7992 0.1035 0.8363, 1.7992 0.1064 0.8361, 1.7992 0.1139 0.8363, 1.7992 0.1139 0.8339, 1.7992 0.1191 0.8324, 1.7992 0.0907 0.8373, 1.7992 0.1139 2.1654, 1.7992 0.0906 0.8373, 1.7992 0.0345 2.1654, 1.7992 0.0823 0.8363, 1.7992 0.0345 0.8363, 1.7992 0.0378 0.8083, 1.7992 0.0465 0.8197, 1.7992 0.0494 0.8225, 1.7992 0.0607 0.8303, 1.7992 0.0732 0.8352, 1.7992 0.0273 0.8363, 1.7992 0.0321 0.7949, 1.7992 0.0345 0.8006, 1.7992 0.0273 0.7142, 1.7992 0.0291 0.773, 1.7992 0.0294 0.7793, 1.7992 0.0446 0.7296, 1.7992 0.0364 0.7408, 1.7992 0.0345 0.7142, 1.7992 0.0345 0.7458, 1.7992 0.0315 0.7534, 1.7992 0.0753 0.7142, 1.7992 0.0656 0.7162, 1.7992 0.0542 0.7216, 1.7992 0.0786 0.7135, 1.7992 0.0345 0.679, 1.7992 0.0858 0.7132, 1.7992 0.1139 0.679, 1.7992 0.0964 0.7142, 1.7992 0.1191 0.7202, 1.7992 0.117 0.7192, 1.7992 0.1139 0.7142, 1.7992 0.1139 0.7182, 1.7992 0.1041 0.7149, 1.7992 0.0424 0.5601, 1.7992 0.0455 0.565, 1.7992 0.0483 0.5898, 1.7992 0.1139 0.5237, 1.7992 0.1088 0.5247, 1.7992 0.0938 0.5247, 1.7992 0.0815 0.5997, 1.7992 0.0764 0.6002, 1.7992 0.0684 0.5756, 1.7992 0.1074 0.5925, 1.7992 0.1088 0.5799, 1.7992 0.0499 0.5691, 1.7992 0.0559 0.5724, 1.7992 0.0587 0.5964, 1.7992 0.0681 0.5994, 1.7992 0.0399 0.5476, 1.7992 0.0406 0.5546, 1.7992 0.0584 0.5237, 1.7992 0.0581 0.5237, 1.7992 0.0345 0.5237, 1.7992 0.0523 0.5259, 1.7992 0.0473 0.5294, 1.7992 0.0483 0.6044, 1.7992 0.0938 0.5379, 1.7992 0.0934 0.5379, 1.7992 0.0905 0.5337, 1.7992 0.0857 0.5288, 1.7992 0.046 0.5307, 1.7992 0.0427 0.5352, 1.7992 0.0408 0.5401, 1.7992 0.0938 0.5792, 1.7992 0.0933 0.5858, 1.7992 0.0917 0.5912, 1.7992 0.0899 0.5943, 1.7992 0.0514 0.6062, 1.7992 0.0625 0.6106, 1.7992 0.0778 0.6124, 1.7992 0.0882 0.6113, 1.7992 0.0942 0.6092, 1.7992 0.099 0.6062, 1.7992 0.1017 0.6036, 1.7992 0.1049 0.599, 1.7992 0.0877 0.5967, 1.7992 0.085 0.5984, 1.7992 0.0671 0.5227, 1.7992 0.0345 0.4761, 1.7992 0.0751 0.5236, 1.7992 0.1139 0.4761, 1.7992 0.0754 0.5237, 1.7992 0.1293 0.5873, 1.7992 0.1299 0.5927, 1.7992 0.1316 0.5769, 1.7992 0.1299 0.5815, 1.7992 0.1292 0.5432, 1.7992 0.1358 0.5392, 1.7992 0.1362 0.5391, 1.7992 0.1362 0.5711, 1.7992 0.1336 0.5737, 1.7992 0.136 0.5712, 1.7992 0.1427 0.5237, 1.7992 0.1398 0.524, 1.7992 0.1362 0.5237, 1.7992 0.1362 0.5252, 1.7992 0.1292 0.5277, 1.7992 0.183 0.6086, 1.7992 0.183 0.594, 1.7992 0.1389 0.6056, 1.7992 0.1426 0.6079, 1.7992 0.1362 0.679, 1.7992 0.1317 0.5975, 1.7992 0.1345 0.6016, 1.7992 0.1362 0.6031, 1.7992 0.1864 0.542, 1.7992 0.1846 0.5372, 1.7992 0.1818 0.5332, 1.7992 0.1507 0.611, 1.7992 0.1627 0.6124, 1.7992 0.1911 0.679, 1.7992 0.1733 0.6115, 1.7992 0.1821 0.5622, 1.7992 0.1849 0.5581, 1.7992 0.1865 0.5536, 1.7992 0.1871 0.548, 1.7992 0.1775 0.5295, 1.7992 0.174 0.5273, 1.7992 0.1612 0.6002, 1.7992 0.1568 0.5999, 1.7992 0.1448 0.5887, 1.7992 0.1527 0.5988, 1.7992 0.1494 0.597, 1.7992 0.1449 0.5867, 1.7992 0.1455 0.5843, 1.7992 0.1466 0.5823, 1.7992 0.1481 0.5807, 1.7992 0.1534 0.5774, 1.7992 0.1702 0.5993, 1.7992 0.1627 0.5733, 1.7992 0.1788 0.5964, 1.7992 0.1685 0.571, 1.7992 0.1785 0.5654, 1.7992 0.1471 0.595, 1.7992 0.1458 0.5931, 1.7992 0.1451 0.5911, 1.7992 0.1453 0.5359, 1.7992 0.1521 0.5624, 1.7992 0.1431 0.5665, 1.7992 0.154 0.5349, 1.7992 0.1546 0.5349, 1.7992 0.162 0.5582, 1.7992 0.1623 0.5358, 1.7992 0.1717 0.5465, 1.7992 0.1715 0.5484, 1.7992 0.1662 0.5372, 1.7992 0.1676 0.5381, 1.7992 0.1693 0.5396, 1.7992 0.1706 0.5415, 1.7992 0.1714 0.5437, 1.7992 0.1709 0.5508, 1.7992 0.1697 0.5528, 1.7992 0.1678 0.5547, 1.7992 0.2935 0.6448, 1.7992 0.3315 0.6448, 1.7992 0.3315 0.679, 1.7992 0.3315 0.5237, 1.7992 0.3315 0.5247, 1.7992 0.2935 0.5247, 1.7992 0.2342 0.546, 1.7992 0.236 0.5389, 1.7992 0.2364 0.5389, 1.7992 0.2773 0.6105, 1.7992 0.2191 0.679, 1.7992 0.2617 0.6105, 1.7992 0.2191 0.5896, 1.7992 0.2383 0.5459, 1.7992 0.2371 0.5419, 1.7992 0.2191 0.5237, 1.7992 0.2191 0.5492, 1.7992 0.195 0.6105, 1.7992 0.2118 0.6105, 1.7992 0.2286 0.5249, 1.7992 0.2281 0.5237, 1.7992 0.222 0.5093, 1.7992 0.1911 0.4761, 1.7992 0.1981 0.4855, 1.7992 0.1981 0.4989, 1.7992 0.2162 0.5007, 1.7992 0.219 0.5037, 1.7992 0.2191 0.5039, 1.7992 0.1525 0.5227, 1.7992 0.1362 0.4761, 1.7992 0.2011 0.4979, 1.7992 0.2066 0.4972, 1.7992 0.2191 0.487, 1.7992 0.2138 0.485, 1.7992 0.2191 0.4761, 1.7992 0.2078 0.4843, 1.7992 0.2044 0.4844, 1.7992 0.2106 0.4977, 1.7992 0.2138 0.499, 1.7992 0.2384 0.5117, 1.7992 0.2316 0.4985, 1.7992 0.3315 0.4761, 1.7992 0.2431 0.5237, 1.7992 0.2261 0.4918, 1.7992 0.225 0.4909, 1.7992 0.2198 0.4872, 1.7992 0.3581 0.5247, 1.7992 0.3695 0.5237, 1.7992 0.3581 0.5384, 1.7992 0.3695 0.679, 1.7992 0.3554 0.631, 1.7992 0.3554 0.6448, 1.7992 0.309 0.5788, 1.7992 0.309 0.5384, 1.7992 0.3315 0.5788, 1.7992 0.3315 0.5384, 1.7992 0.352 0.5788, 1.7992 0.309 0.631, 1.7992 0.309 0.5925, 1.7992 0.3315 0.631, 1.7992 0.3315 0.5925, 1.7992 0.352 0.5925, 1.7992 -0.0236 0.8353, 1.7992 -0.0236 0.7289, 1.7992 0.0242 0.7289, 1.7992 -0.0391 0.7152, 1.7992 -0.0391 0.8353, 1.7992 0.0242 0.7152, 1.7992 -0.0391 0.5247, 1.7992 -0.0391 0.6448, 1.7992 0.0273 0.679, 1.7992 -0.0236 0.5788, 1.7992 -0.0236 0.5384, 1.7992 0.0194 0.5788, 1.7992 0.0255 0.5384, 1.7992 0.0255 0.5247, 1.7992 0.0273 0.5237, 1.7992 0.0194 0.5925, 1.7992 0.0228 0.6448, 1.7992 0.0273 2.1654, 1.7992 0.0273 0.4761, 1.7992 0.0812 0.5258, 1.7992 0.3249 0.7551, 1.7992 0.319 0.7427, 1.7992 0.3101 0.732, 1.7992 0.2976 0.7231, 1.7992 0.2647 0.8353, 1.7992 0.283 0.8333, 1.7992 0.2975 0.828, 1.7992 0.2839 0.7177, 1.7992 0.2634 0.7152, 1.7992 0.2304 0.7152, 1.7992 0.2304 0.8353, 1.7992 0.3101 0.8194, 1.7992 0.3143 0.8153, 1.7992 0.3217 0.8049, 1.7992 0.3262 0.7934, 1.7992 0.3282 0.7768, 1.7992 0.3278 0.7692, 1.7992 0.1362 2.1654, 1.7992 0.1911 2.1654, 1.7992 0.2191 2.1654, 1.7992 0.3315 2.1654, 1.7992 0.3695 2.1654, 1.7992 0.4819 2.1654, 1.7992 0.4334 0.6428, 1.7992 0.4479 0.6375, 1.7992 0.4819 0.679, 1.7992 0.4753 0.5646, 1.7992 0.4694 0.5521, 1.7992 0.4819 0.5237, 1.7992 0.4605 0.5415, 1.7992 0.448 0.5325, 1.7992 0.4343 0.5272, 1.7992 0.4138 0.5247, 1.7992 0.3808 0.5247, 1.7992 0.3808 0.6448, 1.7992 0.4151 0.6448, 1.7992 0.4135 0.7481, 1.7992 0.4605 0.6289, 1.7992 0.4647 0.6248, 1.7992 0.4721 0.6143, 1.7992 0.4766 0.6029, 1.7992 0.4786 0.5863, 1.7992 0.4782 0.5786, 1.7992 0.5024 0.5247, 1.7992 0.4853 0.5247, 1.7992 0.5762 0.5247, 1.7992 0.5639 0.5575, 1.7992 0.5139 0.5575, 1.7992 0.531 0.6448, 1.7992 0.5476 0.6448, 1.7992 0.5933 0.5247, 1.7992 1.2711 0.5237, 1.7992 1.2711 0.679, 1.7992 1.2711 0.7142, 1.7992 1.9488 0.8363, 1.7992 1.9488 0.7142, 1.7992 1.9488 0.679, 1.7992 1.9488 0.5237, 1.7992 0.3695 0.4761, 1.7992 0.4819 0.4761, 1.7992 1.2711 0.4761, 1.7992 1.9488 0.4761, 1.7992 0.0273 0.0, 1.7992 0.0345 0.0, 1.7992 0.1139 0.0, 1.7992 0.1362 0.0, 1.7992 0.1911 0.0, 1.7992 0.2191 0.0, 1.7992 0.3315 0.0, 1.7992 0.3695 0.0, 1.7992 0.4819 0.0, 1.7992 1.2711 0.0, 1.7992 1.9488 0.0, 0.0618 0.8534 2.1654, 0.0618 1.0212 2.1654, -0.2234 1.0212 2.1654, 0.8074 1.0246 2.1654, 0.6174 1.4529 2.1654, 0.6147 1.4529 2.1654, -0.7992 0.8534 2.1654, -0.7992 0.689 2.1654, -0.6024 0.689 2.1654, 1.2372 -0.689 2.1654, 0.6949 -0.689 2.1654, 0.6147 -0.8385 2.1654, 0.6147 0.8534 2.1654, 1.2372 0.689 2.1654, 1.3051 0.689 2.1654, 1.7992 0.8534 2.1654, 1.7992 -0.8385 2.1654, -0.3051 0.689 2.1654, -0.2234 0.689 2.1654, -0.2234 0.8534 2.1654, 0.0618 0.689 2.1654, 0.2444 1.0212 2.1654, 0.231 1.0227 2.1654, 0.1954 1.0353 2.1654, 0.3716 1.0449 2.1654, 0.5 1.0212 2.1654, 0.4016 1.0713 2.1654, 0.4263 1.1062 2.1654, 0.1636 1.0563 2.1654, 0.1362 1.0855 2.1654, 0.1146 1.1221 2.1654, 0.1208 1.5326 2.1654, 0.1453 1.567 2.1654, 0.0618 1.9488 2.1654, 0.1755 1.5933 2.1654, 0.1911 1.6027 2.1654, 0.2282 1.6166 2.1654, 0.2755 1.6221 2.1654, 0.5 1.9488 2.1654, 0.3195 1.6174 2.1654, 0.3552 1.6049 2.1654, 0.0821 1.3216 2.1654, 0.0863 1.4065 2.1654, 0.1007 1.4827 2.1654, 0.4655 1.3216 2.1654, 0.4613 1.2355 2.1654, 0.4471 1.1586 2.1654, 0.0935 1.1896 2.1654, 0.0825 1.2949 2.1654, 0.386 1.5847 2.1654, 0.4123 1.5571 2.1654, 0.434 1.5204 2.1654, 0.436 1.5158 2.1654, 0.4564 1.4426 2.1654, 0.4653 1.3331 2.1654, 0.34 1.0287 2.1654, 0.31 1.0212 2.1654, 0.5 0.8534 2.1654, 0.3038 1.0196 2.1654, 0.2755 1.0177 2.1654, 0.8143 1.6152 2.1654, 0.8937 1.6152 2.1654, 1.2372 1.9488 2.1654, 1.2372 1.0212 2.1654, 0.6147 1.9488 2.1654, 0.6147 1.6152 2.1654, 0.6209 1.6152 2.1654, 0.8108 1.187 2.1654, 0.8143 1.187 2.1654, 0.8937 1.0246 2.1654, 0.6147 1.0212 2.1654, 0.614 1.0246 2.1654, 0.614 1.4529 2.1654, 0.5345 1.0246 2.1654, 0.5345 1.6152 2.1654, 0.8334 -1.085 2.1654, 0.8616 -1.0452 2.1654, 0.6147 -0.9909 2.1654, 0.8885 -1.0213 2.1654, 0.9244 -1.0018 2.1654, 1.1384 -1.0582 2.1654, 1.1539 -1.0904 2.1654, 1.2372 -0.9909 2.1654, 1.1612 -1.1283 2.1654, 1.1592 -1.1747 2.1654, 1.1461 -1.2198 2.1654, 1.1692 -1.5255 2.1654, 1.0599 -0.9969 2.1654, 1.0938 -1.0132 2.1654, 1.1182 -1.0322 2.1654, 1.2372 -1.7682 2.1654, 1.1692 -1.5876 2.1654, 0.6147 -1.7682 2.1654, 0.8204 -1.5876 2.1654, 1.1084 -1.2904 2.1654, 1.0459 -1.3756 2.1654, 0.9206 -1.5255 2.1654, 0.8722 -1.156 2.1654, 1.0376 -1.2764 2.1654, 0.8816 -1.1337 2.1654, 1.0735 -1.2123 2.1654, 0.8204 -1.5738 2.1654, 0.8279 -1.5391 2.1654, 0.8066 -1.1456 2.1654, 0.8417 -1.5119 2.1654, 0.8679 -1.4814 2.1654, 0.9558 -1.3847 2.1654, 1.0257 -1.0589 2.1654, 1.087 -1.168 2.1654, 1.089 -1.1424 2.1654, 1.0855 -1.12 2.1654, 1.0814 -1.1086 2.1654, 1.0054 -1.0554 2.1654, 0.9798 -1.0575 2.1654, 0.9492 -1.0673 2.1654, 1.0705 -1.0902 2.1654, 1.0554 -1.0749 2.1654, 1.0358 -1.0627 2.1654, 0.9201 -1.0851 2.1654, 0.8984 -1.1067 2.1654, 1.0308 -0.9909 2.1654, 1.2372 -0.8385 2.1654, 1.0254 -0.9898 2.1654, 0.9652 -0.9915 2.1654, 0.9723 -0.9909 2.1654, 0.9793 -0.9902 2.1654, -0.2234 1.9488 2.1654, 1.7992 1.0212 2.1654, 1.2372 0.8534 2.1654, 0.6949 0.689 2.1654, 0.0618 -0.689 2.1654, 0.0618 -0.8385 2.1654, 0.3051 -0.689 2.1654, 0.5 -0.8385 2.1654, 0.3051 0.689 2.1654, -0.7992 1.9488 2.1654, -0.7992 1.0212 2.1654, -0.3051 -0.689 2.1654, -0.6024 -0.689 2.1654, -0.7992 -0.8385 2.1654, -0.7992 -0.689 2.1654, 1.3051 -0.689 2.1654, 0.5 -0.9909 2.1654, 0.0618 -0.9909 2.1654, 1.7992 -0.9909 2.1654, 1.7992 -1.7682 2.1654, -0.0276 -1.5876 2.1654, -0.0276 -1.1111 2.1654, -0.082 -1.1577 2.1654, -0.0 -0.9936 2.1654, 0.0414 -0.9936 2.1654, 0.0414 -1.5876 2.1654, -0.2234 -1.7682 2.1654, 0.0618 -1.7682 2.1654, 0.5 -1.7682 2.1654, -0.1416 -1.1974 2.1654, -0.2234 -0.9909 2.1654, -0.1416 -1.1318 2.1654, -0.0645 -1.0692 2.1654, -0.2234 -0.8385 2.1654, -0.2234 -0.689 2.1654, -0.7992 -0.9909 2.1654, -0.7992 -1.7682 2.1654, 1.2372 -1.9488 2.1654, 0.6147 -1.9488 2.1654, 0.5 -1.9488 2.1654, 0.0618 -1.9488 2.1654, -0.2234 -1.9488 2.1654, -0.7992 -1.9488 2.1654, -0.7992 -1.9488 2.1654
            ]
        }
        coordIndex [
            0,1,2,-1,3,4,5,-1,6,7,8,-1,9,10,11,-1,12,13,14,-1,15,16,17,-1,13,18,14,-1,14,18,19,-1,14,19,20,-1,20,21,14,-1,14,21,22,-1,14,22,23,-1,24,25,26,-1,26,25,27,-1,27,25,28,-1,28,25,29,-1,28,29,30,-1,30,29,31,-1,30,31,32,-1,33,34,31,-1,34,35,31,-1,31,35,36,-1,31,36,32,-1,32,36,37,-1,32,37,38,-1,38,37,39,-1,38,39,40,-1,11,10,41,-1,10,42,41,-1,41,42,43,-1,41,43,31,-1,31,43,44,-1,31,44,33,-1,45,46,47,-1,45,47,48,-1,46,49,47,-1,47,49,50,-1,47,50,11,-1,11,50,51,-1,11,51,9,-1,52,48,53,-1,53,48,47,-1,53,47,54,-1,54,47,55,-1,56,57,58,-1,58,57,59,-1,58,59,60,-1,59,61,60,-1,60,61,62,-1,60,62,63,-1,63,62,64,-1,63,64,47,-1,47,64,65,-1,47,65,55,-1,66,67,68,-1,67,69,68,-1,68,69,70,-1,68,70,71,-1,72,73,74,-1,74,73,75,-1,76,77,78,-1,79,80,81,-1,81,80,82,-1,76,78,83,-1,84,85,80,-1,80,85,86,-1,80,86,87,-1,88,89,90,-1,90,89,91,-1,90,91,92,-1,77,93,78,-1,78,93,94,-1,78,94,95,-1,96,97,98,-1,98,97,99,-1,98,99,100,-1,101,87,102,-1,102,87,103,-1,102,103,98,-1,98,103,104,-1,98,104,96,-1,101,105,87,-1,87,105,106,-1,87,106,80,-1,80,106,107,-1,80,107,82,-1,92,108,90,-1,90,108,109,-1,90,109,110,-1,111,112,113,-1,113,112,114,-1,113,114,78,-1,78,114,115,-1,78,115,83,-1,116,117,78,-1,78,117,118,-1,78,118,80,-1,80,118,119,-1,80,119,84,-1,120,121,66,-1,121,122,66,-1,66,122,123,-1,66,123,124,-1,124,125,66,-1,66,125,126,-1,66,126,127,-1,127,126,111,-1,127,111,128,-1,128,111,113,-1,95,129,78,-1,78,129,130,-1,78,130,131,-1,131,132,78,-1,78,132,133,-1,78,133,116,-1,134,135,136,-1,136,87,134,-1,134,87,86,-1,134,86,137,-1,137,86,138,-1,138,139,137,-1,137,139,140,-1,137,140,141,-1,142,143,144,-1,143,145,144,-1,144,145,146,-1,144,146,147,-1,148,144,149,-1,135,134,148,-1,148,134,150,-1,148,150,144,-1,144,150,151,-1,144,151,142,-1,149,152,148,-1,148,152,153,-1,148,153,154,-1,147,146,155,-1,155,146,156,-1,155,156,157,-1,157,156,158,-1,157,158,159,-1,160,161,154,-1,154,161,162,-1,154,162,148,-1,163,164,165,-1,164,163,166,-1,166,163,167,-1,166,167,168,-1,169,170,171,-1,172,173,174,-1,171,170,175,-1,175,170,176,-1,175,176,168,-1,168,176,177,-1,168,177,166,-1,178,179,180,-1,180,179,181,-1,180,181,182,-1,183,184,185,-1,185,184,186,-1,185,186,181,-1,181,186,187,-1,181,187,182,-1,182,187,188,-1,189,190,191,-1,192,193,178,-1,178,193,194,-1,178,194,179,-1,195,196,197,-1,197,196,198,-1,197,198,188,-1,188,198,199,-1,188,199,182,-1,182,199,200,-1,182,200,191,-1,191,200,201,-1,191,201,189,-1,202,203,204,-1,204,203,205,-1,204,205,206,-1,206,205,207,-1,206,207,208,-1,208,207,190,-1,208,190,192,-1,192,190,189,-1,192,189,193,-1,209,210,211,-1,211,210,204,-1,209,212,210,-1,210,212,213,-1,210,213,214,-1,210,215,204,-1,204,215,216,-1,204,216,217,-1,214,218,210,-1,210,218,219,-1,210,219,220,-1,217,221,204,-1,204,221,222,-1,204,222,223,-1,223,224,204,-1,204,224,225,-1,204,225,202,-1,226,227,228,-1,228,227,229,-1,228,229,192,-1,192,229,230,-1,192,230,208,-1,231,232,233,-1,233,232,234,-1,233,234,235,-1,236,237,238,-1,238,239,236,-1,236,239,240,-1,236,240,241,-1,242,243,236,-1,236,243,244,-1,236,244,237,-1,245,246,242,-1,242,246,247,-1,242,247,243,-1,248,249,250,-1,250,249,251,-1,250,251,245,-1,245,251,252,-1,245,252,246,-1,253,254,250,-1,250,254,255,-1,250,255,248,-1,256,257,258,-1,258,257,259,-1,258,259,260,-1,207,261,190,-1,190,261,262,-1,190,262,263,-1,263,262,264,-1,263,264,265,-1,266,267,268,-1,269,270,271,-1,272,273,274,-1,259,275,276,-1,267,277,268,-1,268,277,278,-1,268,278,279,-1,279,278,274,-1,279,274,280,-1,280,274,273,-1,281,282,257,-1,283,284,285,-1,285,284,286,-1,285,286,287,-1,266,268,282,-1,282,268,288,-1,282,288,257,-1,289,290,271,-1,271,290,291,-1,271,291,292,-1,287,293,285,-1,285,293,294,-1,285,294,295,-1,296,297,274,-1,274,297,298,-1,274,298,299,-1,288,300,257,-1,257,300,301,-1,257,301,259,-1,259,301,302,-1,302,303,259,-1,259,303,304,-1,259,304,305,-1,305,306,259,-1,259,306,307,-1,259,307,275,-1,299,308,274,-1,274,308,309,-1,274,309,272,-1,310,311,312,-1,312,311,313,-1,312,313,314,-1,315,316,259,-1,317,318,319,-1,320,321,322,-1,317,319,323,-1,318,315,319,-1,319,315,259,-1,319,259,269,-1,269,259,276,-1,269,276,270,-1,320,322,319,-1,319,322,324,-1,319,324,323,-1,325,326,327,-1,327,326,328,-1,327,328,269,-1,269,328,329,-1,269,329,319,-1,330,331,8,-1,332,333,334,-1,316,335,259,-1,259,335,336,-1,259,336,334,-1,334,336,337,-1,334,337,332,-1,338,339,8,-1,8,339,340,-1,333,341,334,-1,334,341,342,-1,334,342,343,-1,343,342,344,-1,343,344,330,-1,345,346,331,-1,331,346,347,-1,331,347,8,-1,8,347,348,-1,8,348,338,-1,340,349,8,-1,8,349,350,-1,8,350,6,-1,351,352,353,-1,353,352,354,-1,353,354,355,-1,353,356,351,-1,351,356,357,-1,351,357,358,-1,358,359,351,-1,351,359,360,-1,351,360,361,-1,361,360,362,-1,361,362,363,-1,363,362,364,-1,363,364,331,-1,331,364,365,-1,331,365,345,-1,366,367,355,-1,355,367,368,-1,355,368,353,-1,369,370,321,-1,321,370,371,-1,321,371,322,-1,369,372,370,-1,370,372,373,-1,370,373,374,-1,374,373,375,-1,374,376,377,-1,375,378,374,-1,374,378,379,-1,374,379,380,-1,380,381,374,-1,374,381,382,-1,374,382,376,-1,377,383,374,-1,374,383,384,-1,374,384,385,-1,386,387,388,-1,389,390,391,-1,392,393,394,-1,395,396,397,-1,397,396,398,-1,397,398,399,-1,399,398,392,-1,399,392,400,-1,400,392,394,-1,401,402,8,-1,8,402,403,-1,330,8,343,-1,343,8,403,-1,343,403,396,-1,396,403,404,-1,396,404,398,-1,405,402,406,-1,406,402,401,-1,406,401,407,-1,408,409,410,-1,411,412,401,-1,401,412,413,-1,401,413,407,-1,414,415,7,-1,7,415,408,-1,7,408,8,-1,8,408,410,-1,8,410,401,-1,401,410,416,-1,401,416,417,-1,418,419,420,-1,420,419,421,-1,420,421,408,-1,408,421,422,-1,408,422,409,-1,417,423,401,-1,401,423,424,-1,401,424,411,-1,425,426,427,-1,425,427,428,-1,426,429,427,-1,427,429,430,-1,427,430,420,-1,420,430,431,-1,420,431,418,-1,390,389,432,-1,432,389,433,-1,432,433,434,-1,433,435,436,-1,436,435,437,-1,438,439,440,-1,440,439,441,-1,440,441,442,-1,443,444,445,-1,445,444,446,-1,445,446,436,-1,436,446,447,-1,436,447,433,-1,433,447,442,-1,433,442,434,-1,434,442,441,-1,448,449,450,-1,245,451,17,-1,17,451,14,-1,17,14,15,-1,15,14,23,-1,451,452,14,-1,14,452,448,-1,14,448,242,-1,242,448,450,-1,242,450,245,-1,245,450,453,-1,245,453,451,-1,454,455,74,-1,74,455,456,-1,457,458,459,-1,459,458,460,-1,460,461,462,-1,462,461,454,-1,462,454,90,-1,90,454,74,-1,90,74,88,-1,88,74,75,-1,5,463,3,-1,3,463,456,-1,3,456,464,-1,464,456,455,-1,24,12,25,-1,25,12,14,-1,25,14,465,-1,465,14,242,-1,465,242,234,-1,234,242,236,-1,234,236,235,-1,235,236,241,-1,16,72,17,-1,17,72,74,-1,17,74,245,-1,245,74,456,-1,245,456,250,-1,250,456,257,-1,250,257,253,-1,253,257,256,-1,295,281,285,-1,285,281,257,-1,285,257,462,-1,462,257,456,-1,462,456,460,-1,460,456,463,-1,460,463,459,-1,310,283,311,-1,311,283,285,-1,311,285,466,-1,466,285,462,-1,466,462,68,-1,68,462,90,-1,68,90,66,-1,66,90,110,-1,66,110,120,-1,292,467,271,-1,271,467,314,-1,271,314,269,-1,269,314,313,-1,269,313,327,-1,327,313,415,-1,327,415,325,-1,325,415,414,-1,265,260,263,-1,263,260,259,-1,263,259,190,-1,190,259,334,-1,190,334,191,-1,191,334,343,-1,191,343,182,-1,182,343,396,-1,182,396,171,-1,468,469,171,-1,171,469,470,-1,171,470,471,-1,180,472,175,-1,175,472,473,-1,175,473,474,-1,471,475,171,-1,171,475,476,-1,171,476,182,-1,182,476,477,-1,182,477,180,-1,180,477,478,-1,180,478,472,-1,474,479,175,-1,175,479,480,-1,175,480,481,-1,481,482,175,-1,175,482,483,-1,175,483,171,-1,171,483,484,-1,171,484,468,-1,172,388,435,-1,435,388,387,-1,435,387,437,-1,231,226,232,-1,232,226,228,-1,232,228,485,-1,485,228,192,-1,485,192,486,-1,486,192,178,-1,486,178,487,-1,487,178,180,-1,487,180,488,-1,488,180,175,-1,488,175,489,-1,489,175,168,-1,489,168,490,-1,490,168,167,-1,491,492,493,-1,494,495,496,-1,496,495,497,-1,496,497,498,-1,498,499,496,-1,496,499,500,-1,496,500,433,-1,433,500,501,-1,433,501,435,-1,435,501,502,-1,435,502,503,-1,504,173,165,-1,165,173,172,-1,165,172,163,-1,163,172,435,-1,163,435,493,-1,493,435,503,-1,493,503,491,-1,492,505,493,-1,493,505,506,-1,493,506,507,-1,507,508,493,-1,493,508,509,-1,493,509,496,-1,496,509,510,-1,496,510,494,-1,511,512,496,-1,513,514,515,-1,496,512,493,-1,493,512,516,-1,493,516,517,-1,515,511,513,-1,513,511,496,-1,513,496,518,-1,518,496,519,-1,518,519,517,-1,517,519,520,-1,517,520,493,-1,493,520,521,-1,493,521,163,-1,163,521,2,-1,163,2,167,-1,167,2,1,-1,167,1,490,-1,0,2,522,-1,522,2,521,-1,522,521,523,-1,523,521,520,-1,523,520,524,-1,524,520,519,-1,524,519,525,-1,174,169,172,-1,172,169,171,-1,172,171,388,-1,388,171,396,-1,388,396,386,-1,386,396,395,-1,386,395,391,-1,391,395,428,-1,391,428,389,-1,389,428,427,-1,389,427,433,-1,433,427,526,-1,433,526,496,-1,496,526,527,-1,496,527,519,-1,519,527,528,-1,519,528,525,-1,525,528,529,-1,71,56,68,-1,68,56,58,-1,68,58,466,-1,466,58,530,-1,466,530,311,-1,311,530,531,-1,311,531,313,-1,313,531,532,-1,313,532,415,-1,415,532,533,-1,415,533,408,-1,408,533,534,-1,408,534,420,-1,420,534,535,-1,420,535,427,-1,427,535,536,-1,427,536,526,-1,526,536,537,-1,526,537,527,-1,527,537,538,-1,527,538,528,-1,528,538,539,-1,528,539,529,-1,529,539,540,-1,541,542,543,-1,544,545,546,-1,547,548,549,-1,550,551,552,-1,552,551,553,-1,554,555,556,-1,556,555,557,-1,558,559,560,-1,560,559,561,-1,541,562,542,-1,542,562,563,-1,542,563,564,-1,565,566,567,-1,567,566,568,-1,564,569,542,-1,542,569,570,-1,542,570,571,-1,572,573,574,-1,574,573,575,-1,574,575,576,-1,576,577,574,-1,574,577,578,-1,574,578,579,-1,579,578,580,-1,579,580,581,-1,582,583,574,-1,574,583,584,-1,574,584,572,-1,585,586,566,-1,566,586,587,-1,566,587,568,-1,571,588,542,-1,542,588,589,-1,542,589,582,-1,581,590,579,-1,579,590,591,-1,579,591,592,-1,592,593,579,-1,579,593,594,-1,579,594,595,-1,565,596,566,-1,566,596,597,-1,566,597,598,-1,598,597,599,-1,598,599,541,-1,541,599,600,-1,541,600,562,-1,601,602,603,-1,603,602,604,-1,605,606,607,-1,608,609,607,-1,607,609,601,-1,607,601,605,-1,605,601,603,-1,610,544,611,-1,611,544,546,-1,611,546,612,-1,612,546,613,-1,566,614,615,-1,606,605,615,-1,615,605,579,-1,615,579,566,-1,566,579,595,-1,566,595,585,-1,616,617,618,-1,618,617,619,-1,618,619,620,-1,621,622,623,-1,623,622,624,-1,625,626,627,-1,628,629,623,-1,623,629,630,-1,623,630,621,-1,624,625,623,-1,623,625,627,-1,623,627,631,-1,631,627,632,-1,631,632,633,-1,633,632,634,-1,626,635,627,-1,627,635,636,-1,627,636,637,-1,638,639,640,-1,640,639,641,-1,634,642,633,-1,633,642,643,-1,633,643,644,-1,643,645,644,-1,644,645,646,-1,644,646,638,-1,638,646,647,-1,638,647,639,-1,648,641,649,-1,649,650,648,-1,648,650,651,-1,648,651,652,-1,648,653,641,-1,641,653,654,-1,641,654,655,-1,656,657,652,-1,652,657,658,-1,652,658,648,-1,655,659,641,-1,641,659,660,-1,641,660,640,-1,628,623,661,-1,661,623,662,-1,661,662,663,-1,620,664,618,-1,618,664,665,-1,618,665,662,-1,662,665,666,-1,662,666,663,-1,582,574,542,-1,542,574,667,-1,542,667,543,-1,0,603,668,-1,668,603,604,-1,668,604,556,-1,556,604,669,-1,556,669,554,-1,554,669,670,-1,602,610,604,-1,604,610,611,-1,604,611,669,-1,669,611,553,-1,669,553,670,-1,670,553,551,-1,671,672,673,-1,673,672,674,-1,673,674,675,-1,675,674,598,-1,675,598,561,-1,561,598,541,-1,561,541,560,-1,560,541,543,-1,667,676,543,-1,543,676,677,-1,543,677,560,-1,560,677,547,-1,560,547,558,-1,558,547,549,-1,558,549,678,-1,678,549,679,-1,678,679,680,-1,680,679,681,-1,612,614,611,-1,611,614,566,-1,611,566,553,-1,553,566,598,-1,553,598,552,-1,552,598,674,-1,682,550,662,-1,662,550,552,-1,662,552,618,-1,618,552,674,-1,618,674,683,-1,683,674,672,-1,683,672,684,-1,555,682,557,-1,557,682,662,-1,557,662,685,-1,685,662,623,-1,685,623,686,-1,686,623,631,-1,686,631,29,-1,687,688,689,-1,690,691,684,-1,684,691,692,-1,687,693,692,-1,692,693,694,-1,692,694,684,-1,684,694,695,-1,684,695,683,-1,683,695,633,-1,683,633,618,-1,618,633,644,-1,618,644,616,-1,687,689,693,-1,693,689,696,-1,693,696,697,-1,697,696,698,-1,697,698,699,-1,699,690,697,-1,697,690,684,-1,697,684,700,-1,700,684,672,-1,700,672,701,-1,701,672,671,-1,701,678,700,-1,700,678,680,-1,700,680,697,-1,697,680,702,-1,697,702,693,-1,693,702,703,-1,29,631,704,-1,704,631,633,-1,704,633,705,-1,705,633,695,-1,705,695,706,-1,706,695,694,-1,706,694,707,-1,707,694,693,-1,707,693,708,-1,708,693,703,-1,708,703,709,-1,
        ]
    }
}
Shape{
    appearance Appearance {
        material  Material 	{
            diffuseColor 0.8509803921568627 0.8509803921568627 0.8509803921568627
            specularColor 0.4235294117647059 0.4235294117647059 0.4235294117647059
            ambientIntensity 0.2
            transparency 0
            shininess 0.5
        }
    }
    geometry IndexedFaceSet {
        ccw TRUE
        solid FALSE
        coord DEF co Coordinate {
            point [
                -0.0984 1.5315 -1.5354, 0.0984 1.5315 -1.5354, -0.0984 1.4685 -1.5354, 0.0984 1.4685 -1.5354, -0.1181 1.4685 -1.1417, -0.1181 1.5315 -1.1417, -0.1181 1.5315 0.03, -0.1181 1.4685 0.0371, 0.1181 1.4685 0.0371, 0.1181 1.4685 -1.1417, 0.1181 1.5315 0.03, 0.1181 1.5315 -1.1417, 0.9016 1.5315 -1.5354, 1.0984 1.5315 -1.5354, 0.9016 1.4685 -1.5354, 1.0984 1.4685 -1.5354, 0.8819 1.4685 -1.1417, 0.8819 1.5315 -1.1417, 0.8819 1.5315 0.03, 0.8819 1.4685 0.0371, 1.1181 1.4685 0.0371, 1.1181 1.4685 -1.1417, 1.1181 1.5315 0.03, 1.1181 1.5315 -1.1417, 0.1181 -1.5315 0.03, 0.1181 -1.5315 -1.1417, 0.1181 -1.4685 0.0371, 0.1181 -1.4685 -1.1417, -0.0984 -1.5315 -1.5354, 0.0984 -1.5315 -1.5354, -0.1181 -1.5315 -1.1417, -0.1181 -1.5315 0.03, -0.1181 -1.4685 0.0371, -0.1181 -1.4685 -1.1417, -0.0984 -1.4685 -1.5354, 0.0984 -1.4685 -1.5354, 1.1181 -1.5315 0.03, 1.1181 -1.5315 -1.1417, 1.1181 -1.4685 0.0371, 1.1181 -1.4685 -1.1417, 0.9016 -1.5315 -1.5354, 1.0984 -1.5315 -1.5354, 0.8819 -1.5315 -1.1417, 0.8819 -1.5315 0.03, 0.8819 -1.4685 0.0371, 0.8819 -1.4685 -1.1417, 0.9016 -1.4685 -1.5354, 1.0984 -1.4685 -1.5354, 1.0984 -1.4685 -1.5354
            ]
        }
        coordIndex [
            0,1,2,-1,2,1,3,-1,4,5,2,-1,2,5,0,-1,6,5,7,-1,7,5,4,-1,8,9,10,-1,10,9,11,-1,6,10,5,-1,5,10,11,-1,5,11,0,-1,0,11,1,-1,3,1,9,-1,9,1,11,-1,2,3,4,-1,4,3,9,-1,4,9,7,-1,7,9,8,-1,12,13,14,-1,14,13,15,-1,16,17,14,-1,14,17,12,-1,18,17,19,-1,19,17,16,-1,20,21,22,-1,22,21,23,-1,18,22,17,-1,17,22,23,-1,17,23,12,-1,12,23,13,-1,15,13,21,-1,21,13,23,-1,14,15,16,-1,16,15,21,-1,16,21,19,-1,19,21,20,-1,24,25,26,-1,26,25,27,-1,28,29,30,-1,30,29,25,-1,30,25,31,-1,31,25,24,-1,32,33,31,-1,31,33,30,-1,30,33,28,-1,28,33,34,-1,34,35,28,-1,28,35,29,-1,29,35,25,-1,25,35,27,-1,32,26,33,-1,33,26,27,-1,33,27,34,-1,34,27,35,-1,36,37,38,-1,38,37,39,-1,40,41,42,-1,42,41,37,-1,42,37,43,-1,43,37,36,-1,44,45,43,-1,43,45,42,-1,42,45,40,-1,40,45,46,-1,46,47,40,-1,40,47,41,-1,41,47,37,-1,37,47,39,-1,44,38,45,-1,45,38,39,-1,45,39,46,-1,46,39,47,-1,
        ]
    }
}
Shape{
    appearance Appearance {
        material  Material 	{
            diffuseColor 0.2235294117647059 0.2235294117647059 0.2235294117647059
            specularColor 0.11372549019607843 0.11372549019607843 0.11372549019607843
            ambientIntensity 0.2
            transparency 0
            shininess 0.5
        }
    }
    geometry IndexedFaceSet {
        ccw TRUE
        solid FALSE
        coord DEF co Coordinate {
            point [
                0.5591 -0.5906 0.3937, 0.4409 -0.5906 0.3937, 0.5591 0.5906 0.3937, 0.4409 0.5906 0.3937, 0.4409 0.5906 0.0, 0.5591 0.5906 0.0, 0.5591 -0.5906 -0.0, 0.4409 -0.5906 -0.0, 0.311 -0.8268 -0.0, 0.311 0.8268 0.0, 0.689 0.8268 0.0, 0.689 -0.8268 -0.0, 0.2595 0.8783 0.0892, 0.7405 0.8783 0.0892, 0.742 -0.8371 0.0918, 0.7405 -0.8783 0.0892, 0.7554 -0.2792 0.115, 0.7508 -0.5422 0.1071, 0.7429 -0.8115 0.0934, 0.7418 0.8371 0.0915, 0.7495 0.594 0.1049, 0.7551 0.3097 0.1145, 0.7553 0.2792 0.1149, 0.7572 0.0257 0.1181, 0.7557 -0.2583 0.1156, 0.2595 -0.8783 0.0892, 0.258 -0.8371 0.0918, 0.2571 -0.8114 0.0934, 0.2492 -0.5424 0.1071, 0.2446 -0.2792 0.115, 0.2449 0.3103 0.1145, 0.2505 0.5944 0.1049, 0.2582 0.8371 0.0915, 0.2443 -0.2582 0.1156, 0.2429 0.026 0.1181, 0.2447 0.2792 0.1149, 0.2447 0.2792 0.1149
            ]
        }
        coordIndex [
            0,1,2,-1,2,1,3,-1,3,4,2,-1,2,4,5,-1,2,5,0,-1,0,5,6,-1,0,6,1,-1,1,6,7,-1,1,7,3,-1,3,7,4,-1,7,8,4,-1,4,8,9,-1,4,9,5,-1,5,9,10,-1,5,10,6,-1,6,10,11,-1,6,11,7,-1,7,11,8,-1,9,12,10,-1,10,12,13,-1,14,15,11,-1,16,17,11,-1,11,17,18,-1,11,18,14,-1,13,19,10,-1,10,19,20,-1,10,20,21,-1,21,22,10,-1,10,22,23,-1,10,23,11,-1,11,23,24,-1,11,24,16,-1,11,15,8,-1,8,15,25,-1,8,25,26,-1,26,27,8,-1,8,27,28,-1,8,28,29,-1,30,31,9,-1,9,31,32,-1,9,32,12,-1,29,33,8,-1,8,33,34,-1,8,34,9,-1,9,34,35,-1,9,35,30,-1,
        ]
    }
}
Shape{
    appearance Appearance {
        material  Material 	{
            diffuseColor 1.0 0.3411764705882353 0.3411764705882353
            specularColor 0.5019607843137255 0.16862745098039217 0.16862745098039217
            ambientIntensity 0.2
            transparency 0
            shininess 0.5
        }
    }
    geometry IndexedFaceSet {
        ccw TRUE
        solid FALSE
        coord DEF co Coordinate {
            point [
                1.6732 -0.2792 0.1152, 1.6732 0.2792 0.1152, 1.6732 0.8371 0.0918, 1.6732 1.7717 0.0, 1.6732 -1.7717 -0.0, 1.6732 1.3936 0.0452, 1.6732 -1.3936 0.0452, 1.6732 -0.8371 0.0918, 1.6732 -0.8371 0.0918
            ]
        }
        coordIndex [
            0,1,2,-1,3,4,5,-1,5,4,6,-1,5,6,2,-1,2,6,7,-1,2,7,0,-1,
        ]
    }
}
Shape{
    appearance Appearance {
        material  Material 	{
            diffuseColor 0.2235294117647059 0.2235294117647059 0.2235294117647059
            specularColor 0.11372549019607843 0.11372549019607843 0.11372549019607843
            ambientIntensity 0.2
            transparency 0
            shininess 0.5
        }
    }
    geometry IndexedFaceSet {
        ccw TRUE
        solid FALSE
        coord DEF co Coordinate {
            point [
                0.1181 1.4685 0.0371, 1.6732 1.3936 0.0452, -0.6732 1.3936 0.0452, 0.1181 1.5315 0.03, -0.1181 1.5315 0.03, -0.6732 1.7717 0.0, -0.1181 1.4685 0.0371, 1.6732 1.7717 0.0, 0.8819 1.5315 0.03, 0.8819 1.4685 0.0371, 1.1181 1.4685 0.0371, 1.1181 1.5315 0.03, 1.1181 -1.4685 0.0371, 1.6732 -1.3936 0.0452, 1.1181 -1.5315 0.03, 1.6732 -1.7717 -0.0, 0.8819 -1.5315 0.03, -0.6732 -1.7717 -0.0, 0.1181 -1.5315 0.03, 0.8819 -1.4685 0.0371, 0.1181 -1.4685 0.0371, -0.6732 -1.3936 0.0452, -0.1181 -1.4685 0.0371, -0.1181 -1.5315 0.03, 0.2492 -0.5424 0.1071, -0.6732 -0.8371 0.0918, 0.2446 -0.2792 0.115, -0.6732 -0.2792 0.1152, 0.2443 -0.2582 0.1156, 0.742 -0.8371 0.0918, 1.6732 -0.8371 0.0918, 0.7405 -0.8783 0.0892, 0.2595 -0.8783 0.0892, 0.258 -0.8371 0.0918, 0.2571 -0.8114 0.0934, 0.2429 0.026 0.1181, -0.6732 0.2792 0.1152, 0.2447 0.2792 0.1149, -0.6732 0.8371 0.0918, 0.2505 0.5944 0.1049, 0.2449 0.3103 0.1145, 1.6732 0.2792 0.1152, 0.7553 0.2792 0.1149, 0.7551 0.3097 0.1145, 1.6732 0.8371 0.0918, 0.7495 0.594 0.1049, 0.7418 0.8371 0.0915, 0.7405 0.8783 0.0892, 0.2595 0.8783 0.0892, 0.2582 0.8371 0.0915, 1.6732 -0.2792 0.1152, 0.7557 -0.2583 0.1156, 0.7572 0.0257 0.1181, 0.7429 -0.8115 0.0934, 0.7508 -0.5422 0.1071, 0.7554 -0.2792 0.115, 0.7554 -0.2792 0.115
            ]
        }
        coordIndex [
            0,1,2,-1,3,4,5,-1,5,4,2,-1,2,4,6,-1,2,6,0,-1,5,7,3,-1,3,7,8,-1,3,8,0,-1,0,8,9,-1,0,9,1,-1,1,9,10,-1,1,10,7,-1,7,10,11,-1,7,11,8,-1,12,13,14,-1,14,13,15,-1,14,15,16,-1,15,17,16,-1,16,17,18,-1,16,18,19,-1,19,18,20,-1,12,19,13,-1,13,19,20,-1,13,20,21,-1,21,20,22,-1,21,22,17,-1,17,22,23,-1,17,23,18,-1,24,25,26,-1,26,25,27,-1,26,27,28,-1,29,30,31,-1,31,30,13,-1,31,13,32,-1,32,13,21,-1,32,21,33,-1,33,21,25,-1,33,25,34,-1,34,25,24,-1,28,27,35,-1,35,27,36,-1,35,36,37,-1,38,39,36,-1,36,39,40,-1,36,40,37,-1,41,42,43,-1,41,43,44,-1,43,45,44,-1,44,45,46,-1,44,46,1,-1,1,46,47,-1,1,47,2,-1,2,47,48,-1,2,48,38,-1,38,48,49,-1,38,49,39,-1,50,51,41,-1,41,51,52,-1,41,52,42,-1,29,53,30,-1,30,53,54,-1,30,54,50,-1,50,54,55,-1,50,55,51,-1,
        ]
    }
}
Shape{
    appearance Appearance {
        material  Material 	{
            diffuseColor 1.0 0.3411764705882353 0.3411764705882353
            specularColor 0.5019607843137255 0.16862745098039217 0.16862745098039217
            ambientIntensity 0.2
            transparency 0
            shininess 0.5
        }
    }
    geometry IndexedFaceSet {
        ccw TRUE
        solid FALSE
        coord DEF co Coordinate {
            point [
                -0.6732 0.8371 0.0918, -0.6732 -1.3936 0.0452, -0.6732 1.3936 0.0452, -0.6732 -1.7717 -0.0, -0.6732 1.7717 0.0, -0.6732 0.2792 0.1152, -0.6732 -0.2792 0.1152, -0.6732 -0.8371 0.0918, -0.6732 -0.8371 0.0918
            ]
        }
        coordIndex [
            0,1,2,-1,2,1,3,-1,2,3,4,-1,5,6,0,-1,0,6,7,-1,0,7,1,-1,
        ]
    }
}
Shape{
    appearance Appearance {
        material  Material 	{
            diffuseColor 1.0 1.0 1.0
            specularColor 0.5019607843137255 0.5019607843137255 0.5019607843137255
            ambientIntensity 0.2
            transparency 0
            shininess 0.5
        }
    }
    geometry IndexedFaceSet {
        ccw TRUE
        solid FALSE
        coord DEF co Coordinate {
            point [
                0.2756 -0.622 2.6378, 0.2756 -0.622 1.9291, 0.2756 -0.126 2.6378, 0.2756 -0.126 1.9291, 0.2737 -0.6369 2.6378, 0.2737 -0.6369 1.9291, 0.2681 -0.6508 2.6378, 0.2681 -0.6508 1.9291, 0.2592 -0.6629 2.6378, 0.2592 -0.6629 1.9291, 0.2476 -0.6723 2.6378, 0.2476 -0.6723 1.9291, 0.234 -0.6785 2.6378, 0.234 -0.6785 1.9291, 0.2192 -0.681 2.6378, 0.2192 -0.681 1.9291, 0.2043 -0.6798 2.6378, 0.2043 -0.6798 1.9291, 0.0685 -0.6608 1.9291, 0.0685 -0.6608 2.6378, -0.0685 -0.6608 1.9291, -0.0685 -0.6608 2.6378, -0.2043 -0.6798 1.9291, -0.2043 -0.6798 2.6378, -0.2192 -0.681 2.6378, -0.2192 -0.681 1.9291, -0.234 -0.6785 2.6378, -0.234 -0.6785 1.9291, -0.2476 -0.6723 2.6378, -0.2476 -0.6723 1.9291, -0.2592 -0.6629 2.6378, -0.2592 -0.6629 1.9291, -0.2681 -0.6508 2.6378, -0.2681 -0.6508 1.9291, -0.2737 -0.6369 2.6378, -0.2737 -0.6369 1.9291, -0.2756 -0.622 2.6378, -0.2756 -0.622 1.9291, -0.2756 -0.126 2.6378, -0.2756 -0.126 1.9291, -0.2737 -0.1111 2.6378, -0.2737 -0.1111 1.9291, -0.2681 -0.0972 2.6378, -0.2681 -0.0972 1.9291, -0.2592 -0.0852 2.6378, -0.2592 -0.0852 1.9291, -0.2476 -0.0758 2.6378, -0.2476 -0.0758 1.9291, -0.234 -0.0696 2.6378, -0.234 -0.0696 1.9291, -0.2192 -0.067 2.6378, -0.2192 -0.067 1.9291, -0.2043 -0.0682 2.6378, -0.2043 -0.0682 1.9291, -0.0685 -0.0873 1.9291, -0.0685 -0.0873 2.6378, 0.0685 -0.0873 1.9291, 0.0685 -0.0873 2.6378, 0.2043 -0.0682 1.9291, 0.2043 -0.0682 2.6378, 0.2043 -0.0682 2.6378
            ]
        }
        coordIndex [
            0,1,2,-1,2,1,3,-1,1,0,4,-1,1,4,5,-1,5,4,6,-1,5,6,7,-1,7,6,8,-1,7,8,9,-1,9,8,10,-1,9,10,11,-1,11,10,12,-1,11,12,13,-1,13,12,14,-1,13,14,15,-1,15,14,16,-1,15,16,17,-1,17,16,18,-1,18,16,19,-1,18,19,20,-1,20,19,21,-1,20,21,22,-1,22,21,23,-1,22,23,24,-1,22,24,25,-1,25,24,26,-1,25,26,27,-1,27,26,28,-1,27,28,29,-1,29,28,30,-1,29,30,31,-1,31,30,32,-1,31,32,33,-1,33,32,34,-1,33,34,35,-1,35,34,36,-1,35,36,37,-1,38,39,36,-1,36,39,37,-1,39,38,40,-1,39,40,41,-1,41,40,42,-1,41,42,43,-1,43,42,44,-1,43,44,45,-1,45,44,46,-1,45,46,47,-1,47,46,48,-1,47,48,49,-1,49,48,50,-1,49,50,51,-1,51,50,52,-1,51,52,53,-1,53,52,54,-1,54,52,55,-1,54,55,56,-1,56,55,57,-1,56,57,58,-1,58,57,59,-1,
        ]
    }
}
Shape{
    appearance Appearance {
        material  Material 	{
            diffuseColor 1.0 0.3411764705882353 0.3411764705882353
            specularColor 0.5019607843137255 0.16862745098039217 0.16862745098039217
            ambientIntensity 0.2
            transparency 0
            shininess 0.5
        }
    }
    geometry IndexedFaceSet {
        ccw TRUE
        solid FALSE
        coord DEF co Coordinate {
            point [
                -0.3051 -0.689 1.9291, -0.3051 -0.689 2.1654, -0.2234 -0.689 2.1654, 0.3051 -0.689 1.9291, 0.0618 -0.689 2.1654, 0.3051 -0.689 2.1654, 0.3051 0.689 1.9291, 0.3051 0.689 2.1654, 0.0618 0.689 2.1654, -0.3051 0.689 1.9291, -0.2234 0.689 2.1654, -0.3051 0.689 2.1654, -0.3051 0.689 2.1654
            ]
        }
        coordIndex [
            0,1,2,-1,0,2,3,-1,3,2,4,-1,3,4,5,-1,3,5,6,-1,6,5,7,-1,6,7,8,-1,6,8,9,-1,9,8,10,-1,9,10,11,-1,9,11,0,-1,0,11,1,-1,
        ]
    }
}
Shape{
    appearance Appearance {
        material  Material 	{
            diffuseColor 1.0 1.0 1.0
            specularColor 0.5019607843137255 0.5019607843137255 0.5019607843137255
            ambientIntensity 0.2
            transparency 0
            shininess 0.5
        }
    }
    geometry IndexedFaceSet {
        ccw TRUE
        solid FALSE
        coord DEF co Coordinate {
            point [
                -0.2043 -0.6798 1.9291, 0.2043 -0.6798 1.9291, -0.0685 -0.6608 1.9291, 0.0685 -0.6608 1.9291, -0.2192 -0.681 1.9291, -0.234 -0.6785 1.9291, -0.3051 -0.689 1.9291, -0.2476 -0.6723 1.9291, 0.2737 -0.6369 1.9291, 0.2681 -0.6508 1.9291, 0.3051 -0.689 1.9291, 0.2592 -0.6629 1.9291, 0.2476 -0.6723 1.9291, 0.2192 -0.681 1.9291, 0.234 -0.6785 1.9291, -0.2592 -0.6629 1.9291, -0.2681 -0.6508 1.9291, -0.2737 -0.6369 1.9291, 0.2681 -0.0972 1.9291, 0.3051 0.689 1.9291, 0.2592 -0.0852 1.9291, 0.2476 -0.0758 1.9291, 0.2737 -0.1111 1.9291, 0.2756 -0.126 1.9291, 0.2756 -0.622 1.9291, -0.2756 -0.622 1.9291, -0.2756 -0.126 1.9291, -0.3051 0.689 1.9291, -0.2737 -0.1111 1.9291, -0.2681 -0.0972 1.9291, -0.2592 -0.0852 1.9291, -0.2476 -0.0758 1.9291, -0.234 -0.0696 1.9291, -0.2192 -0.067 1.9291, 0.2043 -0.0682 1.9291, 0.2192 -0.067 1.9291, 0.234 -0.0696 1.9291, -0.2043 -0.0682 1.9291, -0.0685 -0.0873 1.9291, 0.0685 -0.0873 1.9291, 0.2043 -0.0682 2.6378, 0.2192 -0.067 2.6378, 0.234 -0.0696 2.6378, 0.2476 -0.0758 2.6378, 0.2592 -0.0852 2.6378, 0.2681 -0.0972 2.6378, 0.2737 -0.1111 2.6378, 0.2756 -0.126 2.6378, 1.2192 -0.067 2.6378, 1.2043 -0.0682 2.6378, 1.2043 -0.6798 2.6378, 1.2737 -0.1111 2.6378, 1.2681 -0.0972 2.6378, 1.2592 -0.0852 2.6378, 0.7408 -0.0852 2.6378, 0.7319 -0.0972 2.6378, 0.7957 -0.6798 2.6378, 0.7263 -0.1111 2.6378, 0.7244 -0.126 2.6378, 1.0685 -0.6608 2.6378, 1.0685 -0.0873 2.6378, 0.9315 -0.6608 2.6378, 0.9315 -0.0873 2.6378, 0.7957 -0.0682 2.6378, 0.7808 -0.067 2.6378, 1.2476 -0.6723 2.6378, 1.2592 -0.6629 2.6378, 1.2681 -0.6508 2.6378, 1.2476 -0.0758 2.6378, 1.234 -0.0696 2.6378, 1.2192 -0.681 2.6378, 1.2756 -0.622 2.6378, 1.2756 -0.126 2.6378, 1.234 -0.6785 2.6378, 1.2737 -0.6369 2.6378, 0.7244 -0.622 2.6378, 0.7263 -0.6369 2.6378, 0.7808 -0.681 2.6378, 0.766 -0.6785 2.6378, 0.766 -0.0696 2.6378, 0.7524 -0.0758 2.6378, 0.7524 -0.6723 2.6378, 0.7319 -0.6508 2.6378, 0.7408 -0.6629 2.6378, -0.2043 -0.6798 2.6378, -0.2681 -0.0972 2.6378, -0.2737 -0.1111 2.6378, 0.2043 -0.6798 2.6378, 0.0685 -0.6608 2.6378, 0.0685 -0.0873 2.6378, -0.0685 -0.6608 2.6378, -0.0685 -0.0873 2.6378, 0.2737 -0.6369 2.6378, 0.2756 -0.622 2.6378, -0.2756 -0.622 2.6378, -0.2476 -0.6723 2.6378, -0.234 -0.6785 2.6378, -0.2043 -0.0682 2.6378, -0.2192 -0.067 2.6378, -0.234 -0.0696 2.6378, -0.2737 -0.6369 2.6378, -0.2681 -0.6508 2.6378, -0.2592 -0.6629 2.6378, -0.2756 -0.126 2.6378, -0.2192 -0.681 2.6378, -0.2476 -0.0758 2.6378, -0.2592 -0.0852 2.6378, 0.2476 -0.6723 2.6378, 0.234 -0.6785 2.6378, 0.2192 -0.681 2.6378, 0.2592 -0.6629 2.6378, 0.2681 -0.6508 2.6378, 0.7957 -0.0682 1.9291, 0.9315 -0.0873 1.9291, 1.0685 -0.0873 1.9291, 1.2043 -0.0682 1.9291, 0.7244 -0.126 1.9291, 0.7263 -0.1111 1.9291, 0.7319 -0.0972 1.9291, 0.7408 -0.0852 1.9291, 0.7524 -0.0758 1.9291, 0.766 -0.0696 1.9291, 0.7808 -0.067 1.9291, 0.7244 -0.622 1.9291, 0.7957 -0.6798 1.9291, 0.7808 -0.681 1.9291, 0.766 -0.6785 1.9291, 0.7524 -0.6723 1.9291, 0.7408 -0.6629 1.9291, 0.7319 -0.6508 1.9291, 0.7263 -0.6369 1.9291, 1.2043 -0.6798 1.9291, 1.0685 -0.6608 1.9291, 0.9315 -0.6608 1.9291, 1.2756 -0.622 1.9291, 1.2737 -0.6369 1.9291, 1.2681 -0.6508 1.9291, 1.2592 -0.6629 1.9291, 1.2476 -0.6723 1.9291, 1.234 -0.6785 1.9291, 1.2192 -0.681 1.9291, 1.2756 -0.126 1.9291, 1.2192 -0.067 1.9291, 1.234 -0.0696 1.9291, 1.2476 -0.0758 1.9291, 1.2592 -0.0852 1.9291, 1.2681 -0.0972 1.9291, 1.2737 -0.1111 1.9291, 1.3051 -0.689 1.9291, 0.6949 -0.689 1.9291, 0.6949 0.689 1.9291, 1.3051 0.689 1.9291, 1.3051 0.689 1.9291
            ]
        }
        coordIndex [
            0,1,2,-1,2,1,3,-1,4,5,6,-1,6,5,7,-1,8,9,10,-1,10,9,11,-1,10,11,12,-1,0,4,1,-1,1,4,6,-1,1,6,13,-1,13,6,10,-1,13,10,14,-1,14,10,12,-1,7,15,6,-1,6,15,16,-1,6,16,17,-1,18,19,20,-1,20,19,21,-1,18,22,19,-1,19,22,23,-1,19,23,10,-1,10,23,24,-1,10,24,8,-1,17,25,6,-1,6,25,26,-1,6,26,27,-1,26,28,27,-1,27,28,29,-1,27,29,30,-1,30,31,27,-1,27,31,32,-1,27,32,33,-1,34,35,19,-1,19,35,36,-1,19,36,21,-1,33,37,27,-1,27,37,38,-1,27,38,19,-1,19,38,39,-1,19,39,34,-1,34,40,41,-1,34,41,35,-1,35,41,42,-1,35,42,36,-1,36,42,43,-1,36,43,21,-1,21,43,44,-1,21,44,20,-1,20,44,45,-1,20,45,18,-1,18,45,46,-1,18,46,22,-1,22,46,47,-1,22,47,23,-1,48,49,50,-1,51,52,50,-1,50,52,53,-1,54,55,56,-1,56,55,57,-1,56,57,58,-1,50,49,59,-1,59,49,60,-1,59,60,61,-1,61,60,62,-1,61,62,56,-1,56,62,63,-1,56,63,64,-1,65,66,67,-1,53,68,50,-1,50,68,69,-1,50,69,48,-1,70,71,50,-1,50,71,72,-1,50,72,51,-1,70,73,71,-1,71,73,65,-1,71,65,74,-1,74,65,67,-1,58,75,56,-1,56,75,76,-1,56,76,77,-1,77,76,78,-1,64,79,56,-1,56,79,80,-1,56,80,54,-1,78,76,81,-1,81,76,82,-1,81,82,83,-1,84,85,86,-1,42,41,87,-1,87,41,40,-1,87,40,88,-1,88,40,89,-1,88,89,90,-1,90,89,91,-1,90,91,84,-1,92,93,87,-1,93,47,87,-1,87,47,46,-1,87,46,45,-1,94,95,96,-1,91,97,84,-1,84,97,98,-1,84,98,99,-1,94,100,95,-1,95,100,101,-1,95,101,102,-1,86,103,84,-1,84,103,94,-1,84,94,104,-1,104,94,96,-1,99,105,84,-1,84,105,106,-1,84,106,85,-1,45,44,87,-1,87,44,43,-1,87,43,42,-1,107,87,108,-1,108,87,109,-1,107,110,87,-1,87,110,111,-1,87,111,92,-1,112,63,113,-1,113,63,62,-1,113,62,114,-1,114,62,60,-1,114,60,115,-1,115,60,49,-1,116,58,57,-1,116,57,117,-1,117,57,55,-1,117,55,118,-1,118,55,54,-1,118,54,119,-1,119,54,80,-1,119,80,120,-1,120,80,79,-1,120,79,121,-1,121,79,64,-1,121,64,122,-1,122,64,63,-1,122,63,112,-1,58,116,75,-1,75,116,123,-1,124,56,77,-1,124,77,125,-1,125,77,78,-1,125,78,126,-1,126,78,81,-1,126,81,127,-1,127,81,83,-1,127,83,128,-1,128,83,82,-1,128,82,129,-1,129,82,76,-1,129,76,130,-1,130,76,75,-1,130,75,123,-1,131,50,132,-1,132,50,59,-1,132,59,133,-1,133,59,61,-1,133,61,124,-1,124,61,56,-1,134,71,74,-1,134,74,135,-1,135,74,67,-1,135,67,136,-1,136,67,66,-1,136,66,137,-1,137,66,65,-1,137,65,138,-1,138,65,73,-1,138,73,139,-1,139,73,70,-1,139,70,140,-1,140,70,50,-1,140,50,131,-1,71,134,72,-1,72,134,141,-1,115,49,48,-1,115,48,142,-1,142,48,69,-1,142,69,143,-1,143,69,68,-1,143,68,144,-1,144,68,53,-1,144,53,145,-1,145,53,52,-1,145,52,146,-1,146,52,51,-1,146,51,147,-1,147,51,72,-1,147,72,141,-1,139,140,148,-1,139,148,138,-1,140,131,124,-1,124,131,132,-1,124,132,133,-1,127,128,149,-1,149,128,129,-1,149,129,130,-1,135,136,148,-1,148,136,137,-1,148,137,138,-1,140,124,148,-1,148,124,125,-1,148,125,149,-1,149,125,126,-1,149,126,127,-1,130,123,149,-1,149,123,116,-1,149,116,150,-1,150,116,117,-1,117,118,150,-1,150,118,119,-1,150,119,120,-1,142,143,151,-1,143,144,151,-1,151,144,145,-1,151,145,146,-1,146,147,151,-1,151,147,141,-1,151,141,148,-1,148,141,134,-1,148,134,135,-1,120,121,150,-1,150,121,122,-1,150,122,112,-1,112,113,150,-1,150,113,114,-1,150,114,151,-1,151,114,115,-1,151,115,142,-1,
        ]
    }
}
Shape{
    appearance Appearance {
        material  Material 	{
            diffuseColor 1.0 0.3411764705882353 0.3411764705882353
            specularColor 0.5019607843137255 0.16862745098039217 0.16862745098039217
            ambientIntensity 0.2
            transparency 0
            shininess 0.5
        }
    }
    geometry IndexedFaceSet {
        ccw TRUE
        solid FALSE
        coord DEF co Coordinate {
            point [
                1.3051 -0.689 2.1654, 1.3051 -0.689 1.9291, 1.2372 -0.689 2.1654, 0.6949 -0.689 1.9291, 0.6949 -0.689 2.1654, 1.3051 0.689 1.9291, 1.3051 0.689 2.1654, 0.6949 0.689 2.1654, 0.6949 0.689 1.9291, 1.2372 0.689 2.1654, 1.7992 -1.9488 2.1654, 1.2372 -1.9488 2.1654, 1.7992 -1.9488 -0.0, 0.6147 -1.9488 2.1654, -0.7992 -1.9488 -0.0, 0.5 -1.9488 2.1654, 0.0618 -1.9488 2.1654, -0.2234 -1.9488 2.1654, -0.7992 -1.9488 2.1654, 1.2372 1.9488 2.1654, 1.7992 1.9488 2.1654, 1.7992 1.9488 0.0, -0.7992 1.9488 0.0, -0.7992 1.9488 2.1654, -0.2234 1.9488 2.1654, 0.0618 1.9488 2.1654, 0.5 1.9488 2.1654, 0.6147 1.9488 2.1654, 0.6147 1.9488 2.1654
            ]
        }
        coordIndex [
            0,1,2,-1,2,1,3,-1,2,3,4,-1,1,0,5,-1,5,0,6,-1,7,8,9,-1,9,8,5,-1,9,5,6,-1,8,7,3,-1,3,7,4,-1,10,11,12,-1,12,11,13,-1,12,13,14,-1,14,13,15,-1,15,16,14,-1,14,16,17,-1,14,17,18,-1,19,20,21,-1,22,23,24,-1,24,25,22,-1,22,25,26,-1,22,26,21,-1,21,26,27,-1,21,27,19,-1,
        ]
    }
}
Shape{
    appearance Appearance {
        material  Material 	{
            diffuseColor 0.2235294117647059 0.2235294117647059 0.2235294117647059
            specularColor 0.11372549019607843 0.11372549019607843 0.11372549019607843
            ambientIntensity 0.2
            transparency 0
            shininess 0.5
        }
    }
    geometry IndexedFaceSet {
        ccw TRUE
        solid FALSE
        coord DEF co Coordinate {
            point [
                -0.6811 0.6791 0.6791, -0.6024 0.6791 0.6791, -0.6811 -0.6791 0.6791, -0.6024 -0.6791 0.6791, -0.6024 -0.6791 1.1417, -0.6811 -0.6791 0.9055, -0.6811 0.6791 0.9055, -0.6024 0.6791 1.1417, -0.6024 0.6791 1.1417
            ]
        }
        coordIndex [
            0,1,2,-1,2,1,3,-1,3,4,2,-1,2,4,5,-1,2,5,0,-1,0,5,6,-1,0,6,1,-1,1,6,7,-1,4,7,5,-1,5,7,6,-1,
        ]
    }
}
Shape{
    appearance Appearance {
        material  Material 	{
            diffuseColor 1.0 0.3411764705882353 0.3411764705882353
            specularColor 0.5019607843137255 0.16862745098039217 0.16862745098039217
            ambientIntensity 0.2
            transparency 0
            shininess 0.5
        }
    }
    geometry IndexedFaceSet {
        ccw TRUE
        solid FALSE
        coord DEF co Coordinate {
            point [
                -0.6024 0.6791 1.1417, -0.6024 0.689 2.1654, -0.6024 0.689 0.6693, -0.6024 -0.689 2.1654, -0.6024 -0.6791 1.1417, -0.6024 -0.689 0.6693, -0.6024 -0.6791 0.6791, -0.6024 0.6791 0.6791, -0.7992 -0.689 0.6693, -0.7992 -0.689 2.1654, -0.7992 0.689 0.6693, -0.7992 0.689 2.1654, -0.7992 1.0212 2.1654, -0.7992 1.9488 2.1654, -0.7992 1.9488 0.0, -0.7992 -0.8385 2.1654, -0.7992 -0.9909 2.1654, -0.7992 -1.9488 -0.0, -0.7992 -1.9488 2.1654, -0.7992 -1.7682 2.1654, -0.7992 0.8534 2.1654, -0.6732 -1.7717 -0.0, -0.6732 1.7717 0.0, 1.6732 1.7717 0.0, 1.7992 1.9488 0.0, 1.6732 -1.7717 -0.0, 1.7992 -1.9488 -0.0, 1.7992 -1.9488 -0.0
            ]
        }
        coordIndex [
            0,1,2,-1,1,0,3,-1,3,0,4,-1,3,4,5,-1,5,4,6,-1,5,6,2,-1,2,6,7,-1,2,7,0,-1,8,9,5,-1,5,9,3,-1,2,1,10,-1,10,1,11,-1,2,10,5,-1,5,10,8,-1,12,13,14,-1,15,9,8,-1,15,8,16,-1,17,18,19,-1,10,11,20,-1,20,12,10,-1,10,12,14,-1,10,14,8,-1,8,14,17,-1,8,17,16,-1,16,17,19,-1,21,17,22,-1,22,17,14,-1,22,14,23,-1,23,14,24,-1,23,24,25,-1,25,24,26,-1,25,26,21,-1,21,26,17,-1,
        ]
    }
}
Shape{
    appearance Appearance {
        material  Material 	{
            diffuseColor 1.0 1.0 1.0
            specularColor 0.5019607843137255 0.5019607843137255 0.5019607843137255
            ambientIntensity 0.2
            transparency 0
            shininess 0.5
        }
    }
    geometry IndexedFaceSet {
        ccw TRUE
        solid FALSE
        coord DEF co Coordinate {
            point [
                0.2755 1.0177 2.1657, 0.3038 1.0196 2.1657, 0.2988 1.0868 2.1657, 0.3162 1.0945 2.1657, 0.34 1.0287 2.1657, 0.3316 1.1061 2.1657, 0.165 1.3216 2.1657, 0.1664 1.3768 2.1657, 0.0863 1.4065 2.1657, 0.2755 1.6221 2.1657, 0.2862 1.5559 2.1657, 0.3195 1.6174 2.1657, 0.3037 1.5516 2.1657, 0.3552 1.6049 2.1657, 0.3211 1.5426 2.1657, 0.386 1.5847 2.1657, 0.3388 1.5275 2.1657, 0.4123 1.5571 2.1657, 0.3561 1.5041 2.1657, 0.434 1.5204 2.1657, 0.3675 1.475 2.1657, 0.3716 1.0449 2.1657, 0.4016 1.0713 2.1657, 0.3521 1.1308 2.1657, 0.4263 1.1062 2.1657, 0.3651 1.1594 2.1657, 0.4471 1.1586 2.1657, 0.378 1.2246 2.1657, 0.4613 1.2355 2.1657, 0.3826 1.3216 2.1657, 0.1007 1.4827 2.1657, 0.1776 1.463 2.1657, 0.1782 1.4656 2.1657, 0.1208 1.5326 2.1657, 0.1906 1.4998 2.1657, 0.1453 1.567 2.1657, 0.206 1.5219 2.1657, 0.1755 1.5933 2.1657, 0.2133 1.5298 2.1657, 0.1911 1.6027 2.1657, 0.2336 1.5452 2.1657, 0.2282 1.6166 2.1657, 0.2519 1.5532 2.1657, 0.2755 1.5565 2.1657, 0.2755 1.0834 2.1657, 0.2653 1.084 2.1657, 0.231 1.0227 2.1657, 0.2474 1.0883 2.1657, 0.1954 1.0353 2.1657, 0.2298 1.0975 2.1657, 0.1636 1.0563 2.1657, 0.2114 1.1132 2.1657, 0.1362 1.0855 2.1657, 0.1944 1.1351 2.1657, 0.1146 1.1221 2.1657, 0.1817 1.1648 2.1657, 0.0935 1.1896 2.1657, 0.1694 1.2283 2.1657, 0.0825 1.2949 2.1657, 0.0821 1.3216 2.1657, 0.4655 1.3216 2.1657, 0.4653 1.3331 2.1657, 0.3781 1.4173 2.1657, 0.4564 1.4426 2.1657, 0.436 1.5158 2.1657, 0.4655 1.3216 2.1654, 0.4653 1.3331 2.1654, 0.4564 1.4426 2.1654, 0.436 1.5158 2.1654, 0.434 1.5204 2.1654, 0.4123 1.5571 2.1654, 0.386 1.5847 2.1654, 0.3552 1.6049 2.1654, 0.3195 1.6174 2.1654, 0.2755 1.6221 2.1654, 0.2282 1.6166 2.1654, 0.1911 1.6027 2.1654, 0.1755 1.5933 2.1654, 0.1453 1.567 2.1654, 0.1208 1.5326 2.1654, 0.1007 1.4827 2.1654, 0.0863 1.4065 2.1654, 0.0821 1.3216 2.1654, 0.2755 1.0177 2.1654, 0.2444 1.0212 2.1654, 0.231 1.0227 2.1654, 0.1954 1.0353 2.1654, 0.1636 1.0563 2.1654, 0.1362 1.0855 2.1654, 0.1146 1.1221 2.1654, 0.0935 1.1896 2.1654, 0.0825 1.2949 2.1654, 0.3038 1.0196 2.1654, 0.31 1.0212 2.1654, 0.34 1.0287 2.1654, 0.3716 1.0449 2.1654, 0.4016 1.0713 2.1654, 0.4263 1.1062 2.1654, 0.4471 1.1586 2.1654, 0.4613 1.2355 2.1654, 0.3826 1.3216 2.1654, 0.378 1.2246 2.1654, 0.3651 1.1594 2.1654, 0.3521 1.1308 2.1654, 0.3316 1.1061 2.1654, 0.3162 1.0945 2.1654, 0.2988 1.0868 2.1654, 0.2755 1.0834 2.1654, 0.2755 1.5565 2.1654, 0.2862 1.5559 2.1654, 0.3037 1.5516 2.1654, 0.3211 1.5426 2.1654, 0.3388 1.5275 2.1654, 0.3561 1.5041 2.1654, 0.3675 1.475 2.1654, 0.3781 1.4173 2.1654, 0.165 1.3216 2.1654, 0.1664 1.3768 2.1654, 0.1776 1.463 2.1654, 0.1782 1.4656 2.1654, 0.1906 1.4998 2.1654, 0.206 1.5219 2.1654, 0.2133 1.5298 2.1654, 0.2336 1.5452 2.1654, 0.2519 1.5532 2.1654, 0.2653 1.084 2.1654, 0.2474 1.0883 2.1654, 0.2298 1.0975 2.1654, 0.2114 1.1132 2.1654, 0.1944 1.1351 2.1654, 0.1817 1.1648 2.1654, 0.1694 1.2283 2.1654, 0.1694 1.2283 2.1654
            ]
        }
        coordIndex [
            0,1,2,-1,2,1,3,-1,3,1,4,-1,3,4,5,-1,6,7,8,-1,9,10,11,-1,11,10,12,-1,11,12,13,-1,13,12,14,-1,13,14,15,-1,15,14,16,-1,15,16,17,-1,17,16,18,-1,17,18,19,-1,19,18,20,-1,4,21,5,-1,5,21,22,-1,5,22,23,-1,23,22,24,-1,23,24,25,-1,25,24,26,-1,25,26,27,-1,27,26,28,-1,27,28,29,-1,8,7,30,-1,7,31,30,-1,30,31,32,-1,30,32,33,-1,33,32,34,-1,33,34,35,-1,35,34,36,-1,35,36,37,-1,37,36,38,-1,37,38,39,-1,39,38,40,-1,39,40,41,-1,41,40,42,-1,41,42,9,-1,9,42,43,-1,9,43,10,-1,2,44,0,-1,0,44,45,-1,0,45,46,-1,46,45,47,-1,46,47,48,-1,48,47,49,-1,48,49,50,-1,50,49,51,-1,50,51,52,-1,52,51,53,-1,52,53,54,-1,54,53,55,-1,54,55,56,-1,56,55,57,-1,56,57,58,-1,58,57,6,-1,58,6,59,-1,59,6,8,-1,28,60,29,-1,29,60,61,-1,29,61,62,-1,62,61,63,-1,62,63,20,-1,20,63,64,-1,20,64,19,-1,60,65,66,-1,60,66,61,-1,61,66,67,-1,61,67,63,-1,63,67,68,-1,63,68,64,-1,64,68,69,-1,64,69,19,-1,19,69,70,-1,19,70,17,-1,17,70,71,-1,17,71,15,-1,15,71,72,-1,15,72,13,-1,13,72,73,-1,13,73,11,-1,11,73,74,-1,11,74,9,-1,9,74,75,-1,9,75,41,-1,41,75,76,-1,41,76,39,-1,39,76,77,-1,39,77,37,-1,37,77,78,-1,37,78,35,-1,35,78,79,-1,35,79,33,-1,33,79,80,-1,33,80,30,-1,30,80,81,-1,30,81,8,-1,8,81,82,-1,8,82,59,-1,83,0,84,-1,84,0,46,-1,84,46,85,-1,85,46,48,-1,85,48,86,-1,86,48,50,-1,86,50,87,-1,87,50,52,-1,87,52,88,-1,88,52,54,-1,88,54,89,-1,89,54,56,-1,89,56,90,-1,90,56,58,-1,90,58,91,-1,91,58,59,-1,91,59,82,-1,0,83,92,-1,0,92,1,-1,1,92,93,-1,1,93,4,-1,93,94,4,-1,4,94,95,-1,4,95,21,-1,21,95,96,-1,21,96,22,-1,22,96,97,-1,22,97,24,-1,24,97,98,-1,24,98,26,-1,26,98,99,-1,26,99,28,-1,28,99,65,-1,28,65,60,-1,29,100,101,-1,29,101,27,-1,27,101,102,-1,27,102,25,-1,25,102,103,-1,25,103,23,-1,23,103,104,-1,23,104,5,-1,5,104,105,-1,5,105,3,-1,3,105,106,-1,3,106,2,-1,2,106,107,-1,2,107,44,-1,43,108,109,-1,43,109,10,-1,10,109,110,-1,10,110,12,-1,12,110,111,-1,12,111,14,-1,14,111,112,-1,14,112,16,-1,16,112,113,-1,16,113,18,-1,18,113,114,-1,18,114,20,-1,20,114,115,-1,20,115,62,-1,62,115,100,-1,62,100,29,-1,6,116,117,-1,6,117,7,-1,7,117,118,-1,7,118,31,-1,31,118,119,-1,31,119,32,-1,32,119,120,-1,32,120,34,-1,34,120,121,-1,34,121,36,-1,36,121,122,-1,36,122,38,-1,38,122,123,-1,38,123,40,-1,40,123,124,-1,40,124,42,-1,42,124,108,-1,42,108,43,-1,44,107,125,-1,44,125,45,-1,45,125,126,-1,45,126,47,-1,47,126,127,-1,47,127,49,-1,49,127,128,-1,49,128,51,-1,51,128,129,-1,51,129,53,-1,53,129,130,-1,53,130,55,-1,55,130,131,-1,55,131,57,-1,57,131,116,-1,57,116,6,-1,
        ]
    }
}
Shape{
    appearance Appearance {
        material  Material 	{
            diffuseColor 1.0 0.3411764705882353 0.3411764705882353
            specularColor 0.5019607843137255 0.16862745098039217 0.16862745098039217
            ambientIntensity 0.2
            transparency 0
            shininess 0.5
        }
    }
    geometry IndexedFaceSet {
        ccw TRUE
        solid FALSE
        coord DEF co Coordinate {
            point [
                0.3781 1.4173 2.1654, 0.206 1.5219 2.1654, 0.1906 1.4998 2.1654, 0.1782 1.4656 2.1654, 0.1776 1.463 2.1654, 0.3826 1.3216 2.1654, 0.1664 1.3768 2.1654, 0.165 1.3216 2.1654, 0.378 1.2246 2.1654, 0.1694 1.2283 2.1654, 0.1817 1.1648 2.1654, 0.1944 1.1351 2.1654, 0.2114 1.1132 2.1654, 0.2298 1.0975 2.1654, 0.2474 1.0883 2.1654, 0.2653 1.084 2.1654, 0.2755 1.0834 2.1654, 0.2519 1.5532 2.1654, 0.2336 1.5452 2.1654, 0.2133 1.5298 2.1654, 0.2988 1.0868 2.1654, 0.3162 1.0945 2.1654, 0.3651 1.1594 2.1654, 0.3316 1.1061 2.1654, 0.3521 1.1308 2.1654, 0.2862 1.5559 2.1654, 0.3675 1.475 2.1654, 0.3561 1.5041 2.1654, 0.3388 1.5275 2.1654, 0.3211 1.5426 2.1654, 0.3037 1.5516 2.1654, 0.2755 1.5565 2.1654, 0.2755 1.5565 2.1654
            ]
        }
        coordIndex [
            0,1,2,-1,2,3,0,-1,0,3,4,-1,0,4,5,-1,4,6,5,-1,5,6,7,-1,5,7,8,-1,8,7,9,-1,8,9,10,-1,10,11,8,-1,8,11,12,-1,8,12,13,-1,13,14,8,-1,8,14,15,-1,8,15,16,-1,17,18,0,-1,0,18,19,-1,0,19,1,-1,16,20,8,-1,8,20,21,-1,8,21,22,-1,22,21,23,-1,22,23,24,-1,25,26,27,-1,27,28,25,-1,25,28,29,-1,25,29,30,-1,26,25,0,-1,0,25,31,-1,0,31,17,-1,
        ]
    }
}
Shape{
    appearance Appearance {
        material  Material 	{
            diffuseColor 1.0 1.0 1.0
            specularColor 0.5019607843137255 0.5019607843137255 0.5019607843137255
            ambientIntensity 0.2
            transparency 0
            shininess 0.5
        }
    }
    geometry IndexedFaceSet {
        ccw TRUE
        solid FALSE
        coord DEF co Coordinate {
            point [
                0.8937 1.6152 2.1657, 0.8937 1.0246 2.1657, 0.8937 1.6152 2.1654, 0.8937 1.0246 2.1654, 0.8143 1.6152 2.1657, 0.8143 1.6152 2.1654, 0.8143 1.187 2.1657, 0.8143 1.187 2.1654, 0.8108 1.187 2.1657, 0.8108 1.187 2.1654, 0.6209 1.6152 2.1657, 0.6209 1.6152 2.1654, 0.5345 1.6152 2.1654, 0.5345 1.6152 2.1657, 0.6147 1.6152 2.1654, 0.5345 1.0246 2.1657, 0.5345 1.0246 2.1654, 0.614 1.0246 2.1657, 0.614 1.0246 2.1654, 0.614 1.4529 2.1657, 0.614 1.4529 2.1654, 0.6174 1.4529 2.1654, 0.6174 1.4529 2.1657, 0.6147 1.4529 2.1654, 0.8074 1.0246 2.1657, 0.8074 1.0246 2.1654, -0.0276 -1.5876 2.1657, -0.0276 -1.1111 2.1657, -0.0276 -1.5876 2.1654, -0.0276 -1.1111 2.1654, 0.0414 -1.5876 2.1657, 0.0414 -1.5876 2.1654, 0.0414 -0.9936 2.1657, 0.0414 -0.9936 2.1654, -0.0 -0.9936 2.1657, -0.0 -0.9936 2.1654, -0.0645 -1.0692 2.1654, -0.0645 -1.0692 2.1657, -0.1416 -1.1318 2.1654, -0.1416 -1.1318 2.1657, -0.1416 -1.1974 2.1657, -0.1416 -1.1974 2.1654, -0.082 -1.1577 2.1654, -0.082 -1.1577 2.1657, 0.8204 -1.5876 2.1657, 0.8204 -1.5738 2.1657, 0.8204 -1.5876 2.1654, 0.8204 -1.5738 2.1654, 1.1692 -1.5876 2.1657, 1.1692 -1.5876 2.1654, 1.1692 -1.5255 2.1657, 1.1692 -1.5255 2.1654, 0.9206 -1.5255 2.1657, 0.9206 -1.5255 2.1654, 0.9793 -0.9902 2.1654, 0.9793 -0.9902 2.1657, 1.0254 -0.9898 2.1657, 1.0459 -1.3756 2.1654, 1.0459 -1.3756 2.1657, 1.1084 -1.2904 2.1654, 1.1084 -1.2904 2.1657, 1.1461 -1.2198 2.1654, 1.1461 -1.2198 2.1657, 1.1592 -1.1747 2.1654, 1.1592 -1.1747 2.1657, 1.1612 -1.1283 2.1654, 1.1612 -1.1283 2.1657, 1.1539 -1.0904 2.1654, 1.1539 -1.0904 2.1657, 1.1384 -1.0582 2.1654, 1.1384 -1.0582 2.1657, 1.1182 -1.0322 2.1654, 1.1182 -1.0322 2.1657, 1.0938 -1.0132 2.1654, 1.0938 -1.0132 2.1657, 1.0599 -0.9969 2.1654, 1.0599 -0.9969 2.1657, 1.0308 -0.9909 2.1654, 1.0254 -0.9898 2.1654, 0.9652 -0.9915 2.1657, 0.9723 -0.9909 2.1654, 0.9652 -0.9915 2.1654, 0.9244 -1.0018 2.1654, 0.9244 -1.0018 2.1657, 0.8885 -1.0213 2.1654, 0.8885 -1.0213 2.1657, 0.8616 -1.0452 2.1654, 0.8616 -1.0452 2.1657, 0.8334 -1.085 2.1654, 0.8334 -1.085 2.1657, 0.8066 -1.1456 2.1654, 0.8066 -1.1456 2.1657, 0.8722 -1.156 2.1657, 0.8722 -1.156 2.1654, 0.8816 -1.1337 2.1654, 0.8816 -1.1337 2.1657, 0.8984 -1.1067 2.1654, 0.8984 -1.1067 2.1657, 0.9201 -1.0851 2.1654, 0.9201 -1.0851 2.1657, 0.9492 -1.0673 2.1654, 0.9492 -1.0673 2.1657, 0.9798 -1.0575 2.1654, 0.9798 -1.0575 2.1657, 1.0054 -1.0554 2.1654, 1.0054 -1.0554 2.1657, 1.0257 -1.0589 2.1654, 1.0257 -1.0589 2.1657, 1.0358 -1.0627 2.1654, 1.0358 -1.0627 2.1657, 1.0554 -1.0749 2.1654, 1.0554 -1.0749 2.1657, 1.0705 -1.0902 2.1654, 1.0705 -1.0902 2.1657, 1.0814 -1.1086 2.1654, 1.0814 -1.1086 2.1657, 1.0855 -1.12 2.1654, 1.0855 -1.12 2.1657, 1.089 -1.1424 2.1654, 1.089 -1.1424 2.1657, 1.087 -1.168 2.1654, 1.087 -1.168 2.1657, 1.0735 -1.2123 2.1654, 1.0735 -1.2123 2.1657, 1.0376 -1.2764 2.1654, 1.0376 -1.2764 2.1657, 0.9558 -1.3847 2.1654, 0.9558 -1.3847 2.1657, 0.8679 -1.4814 2.1654, 0.8679 -1.4814 2.1657, 0.8417 -1.5119 2.1654, 0.8417 -1.5119 2.1657, 0.8279 -1.5391 2.1654, 0.8279 -1.5391 2.1657, 0.8279 -1.5391 2.1657
            ]
        }
        coordIndex [
            0,1,2,-1,2,1,3,-1,4,0,5,-1,5,0,2,-1,6,4,7,-1,7,4,5,-1,8,6,9,-1,9,6,7,-1,10,8,11,-1,11,8,9,-1,12,13,14,-1,14,13,10,-1,14,10,11,-1,15,13,16,-1,16,13,12,-1,17,15,18,-1,18,15,16,-1,19,17,20,-1,20,17,18,-1,21,22,23,-1,23,22,19,-1,23,19,20,-1,24,22,25,-1,25,22,21,-1,1,24,3,-1,3,24,25,-1,15,17,13,-1,13,17,19,-1,13,19,10,-1,10,19,22,-1,10,22,8,-1,8,22,24,-1,8,24,6,-1,6,24,1,-1,6,1,4,-1,4,1,0,-1,26,27,28,-1,28,27,29,-1,30,26,31,-1,31,26,28,-1,32,30,33,-1,33,30,31,-1,34,32,35,-1,35,32,33,-1,34,35,36,-1,34,36,37,-1,37,36,38,-1,37,38,39,-1,40,39,41,-1,41,39,38,-1,40,41,42,-1,40,42,43,-1,43,42,29,-1,43,29,27,-1,26,30,27,-1,27,30,32,-1,32,34,27,-1,27,34,37,-1,27,37,43,-1,43,37,39,-1,43,39,40,-1,44,45,46,-1,46,45,47,-1,48,44,49,-1,49,44,46,-1,50,48,51,-1,51,48,49,-1,52,50,53,-1,53,50,51,-1,54,55,56,-1,52,53,57,-1,52,57,58,-1,58,57,59,-1,58,59,60,-1,60,59,61,-1,60,61,62,-1,62,61,63,-1,62,63,64,-1,64,63,65,-1,64,65,66,-1,66,65,67,-1,66,67,68,-1,68,67,69,-1,68,69,70,-1,70,69,71,-1,70,71,72,-1,72,71,73,-1,72,73,74,-1,74,73,75,-1,74,75,76,-1,76,75,77,-1,76,77,56,-1,56,77,78,-1,56,78,54,-1,79,55,80,-1,80,55,54,-1,80,81,79,-1,79,81,82,-1,79,82,83,-1,83,82,84,-1,83,84,85,-1,85,84,86,-1,85,86,87,-1,87,86,88,-1,87,88,89,-1,89,88,90,-1,89,90,91,-1,92,91,93,-1,93,91,90,-1,92,93,94,-1,92,94,95,-1,95,94,96,-1,95,96,97,-1,97,96,98,-1,97,98,99,-1,99,98,100,-1,99,100,101,-1,101,100,102,-1,101,102,103,-1,103,102,104,-1,103,104,105,-1,105,104,106,-1,105,106,107,-1,107,106,108,-1,107,108,109,-1,109,108,110,-1,109,110,111,-1,111,110,112,-1,111,112,113,-1,113,112,114,-1,113,114,115,-1,115,114,116,-1,115,116,117,-1,117,116,118,-1,117,118,119,-1,119,118,120,-1,119,120,121,-1,121,120,122,-1,121,122,123,-1,123,122,124,-1,123,124,125,-1,125,124,126,-1,125,126,127,-1,127,126,128,-1,127,128,129,-1,129,128,130,-1,129,130,131,-1,131,130,132,-1,131,132,133,-1,133,132,47,-1,133,47,45,-1,48,50,52,-1,48,52,44,-1,89,91,92,-1,92,95,89,-1,89,95,97,-1,89,97,87,-1,87,97,99,-1,76,56,105,-1,105,56,55,-1,105,55,103,-1,103,55,79,-1,103,79,101,-1,101,79,83,-1,101,83,99,-1,99,83,85,-1,99,85,87,-1,68,70,113,-1,113,70,72,-1,113,72,111,-1,111,72,74,-1,111,74,109,-1,109,74,76,-1,109,76,107,-1,107,76,105,-1,113,115,68,-1,68,115,117,-1,68,117,66,-1,66,117,119,-1,66,119,64,-1,64,119,121,-1,64,121,62,-1,62,121,123,-1,62,123,60,-1,60,123,125,-1,60,125,58,-1,58,125,127,-1,58,127,52,-1,52,127,129,-1,52,129,131,-1,131,133,52,-1,52,133,45,-1,52,45,44,-1,
        ]
    }
}
Shape{
    appearance Appearance {
        material  Material 	{
            diffuseColor 0.0 0.0 0.0
            specularColor 0.0 0.0 0.0
            ambientIntensity 0.2
            transparency 0
            shininess 0.5
        }
    }
    geometry IndexedFaceSet {
        ccw TRUE
        solid FALSE
        coord DEF co Coordinate {
            point [
                1.7996 0.0242 0.7289, 1.7996 0.0242 0.7152, 1.7992 0.0242 0.7289, 1.7992 0.0242 0.7152, 1.7996 -0.0236 0.7289, 1.7992 -0.0236 0.7289, 1.7996 -0.0236 0.8353, 1.7992 -0.0236 0.8353, 1.7996 -0.0391 0.8353, 1.7992 -0.0391 0.8353, 1.7996 -0.0391 0.7152, 1.7992 -0.0391 0.7152, 1.7992 0.1191 0.7202, 1.7996 0.1191 0.7202, 1.7996 0.117 0.7192, 1.7996 0.1041 0.7149, 1.7996 0.0858 0.7132, 1.7992 0.0964 0.7142, 1.7992 0.0858 0.7132, 1.7992 0.1041 0.7149, 1.7992 0.1139 0.7182, 1.7992 0.117 0.7192, 1.7996 0.1191 0.735, 1.7992 0.1191 0.735, 1.7992 0.1139 0.7327, 1.7996 0.1073 0.7297, 1.7992 0.1073 0.7297, 1.7992 0.0937 0.7272, 1.7996 0.0937 0.7272, 1.7992 0.0881 0.727, 1.7996 0.0881 0.727, 1.7992 0.076 0.7285, 1.7996 0.076 0.7285, 1.7992 0.0674 0.7318, 1.7996 0.0674 0.7318, 1.7992 0.0596 0.7373, 1.7996 0.0596 0.7373, 1.7992 0.0572 0.7397, 1.7996 0.0572 0.7397, 1.7992 0.052 0.7466, 1.7996 0.052 0.7466, 1.7992 0.0479 0.756, 1.7996 0.0479 0.756, 1.7992 0.0457 0.7676, 1.7996 0.0457 0.7676, 1.7992 0.0454 0.7739, 1.7996 0.0454 0.7739, 1.7992 0.0474 0.7905, 1.7996 0.0474 0.7905, 1.7992 0.0515 0.8009, 1.7996 0.0515 0.8009, 1.7992 0.058 0.81, 1.7996 0.058 0.81, 1.7992 0.0649 0.8159, 1.7996 0.0649 0.8159, 1.7992 0.0742 0.8206, 1.7996 0.0742 0.8206, 1.7992 0.0844 0.823, 1.7996 0.0844 0.823, 1.7992 0.0908 0.8233, 1.7996 0.0908 0.8233, 1.7992 0.1191 0.8162, 1.7996 0.1191 0.8162, 1.7996 0.1177 0.8169, 1.7992 0.1056 0.8216, 1.7996 0.1056 0.8216, 1.7992 0.1139 0.8184, 1.7992 0.1177 0.8169, 1.7996 0.1191 0.8324, 1.7992 0.1191 0.8324, 1.7992 0.0906 0.8373, 1.7996 0.0906 0.8373, 1.7996 0.0907 0.8373, 1.7992 0.1139 0.8339, 1.7996 0.1064 0.8361, 1.7992 0.1064 0.8361, 1.7992 0.1035 0.8363, 1.7992 0.0907 0.8373, 1.7992 0.0823 0.8363, 1.7996 0.0732 0.8352, 1.7992 0.0732 0.8352, 1.7992 0.0607 0.8303, 1.7996 0.0607 0.8303, 1.7992 0.0494 0.8225, 1.7996 0.0494 0.8225, 1.7992 0.0465 0.8197, 1.7996 0.0465 0.8197, 1.7992 0.0378 0.8083, 1.7996 0.0378 0.8083, 1.7992 0.0345 0.8006, 1.7996 0.0321 0.7949, 1.7992 0.0321 0.7949, 1.7992 0.0294 0.7793, 1.7996 0.0294 0.7793, 1.7992 0.0291 0.773, 1.7996 0.0291 0.773, 1.7992 0.0446 0.7296, 1.7996 0.0446 0.7296, 1.7996 0.0364 0.7408, 1.7992 0.0315 0.7534, 1.7996 0.0315 0.7534, 1.7992 0.0345 0.7458, 1.7992 0.0364 0.7408, 1.7996 0.0786 0.7135, 1.7992 0.0542 0.7216, 1.7996 0.0542 0.7216, 1.7992 0.0656 0.7162, 1.7996 0.0656 0.7162, 1.7992 0.0753 0.7142, 1.7992 0.0786 0.7135, 1.7996 0.2077 0.7289, 1.7996 0.2077 0.7152, 1.7992 0.2077 0.7289, 1.7992 0.2077 0.7152, 1.7992 0.1586 0.7289, 1.7996 0.1586 0.7289, 1.7992 0.1911 0.7289, 1.7996 0.1586 0.7693, 1.7992 0.1586 0.7693, 1.7992 0.2016 0.7693, 1.7996 0.2016 0.7693, 1.7992 0.1911 0.7693, 1.7996 0.2016 0.7831, 1.7992 0.2016 0.7831, 1.7992 0.1586 0.7831, 1.7996 0.1586 0.7831, 1.7992 0.1911 0.7831, 1.7996 0.1586 0.8215, 1.7992 0.1586 0.8215, 1.7992 0.205 0.8215, 1.7996 0.205 0.8215, 1.7992 0.1911 0.8215, 1.7996 0.205 0.8353, 1.7992 0.205 0.8353, 1.7992 0.1431 0.8353, 1.7996 0.1431 0.8353, 1.7992 0.1911 0.8353, 1.7996 0.1431 0.7152, 1.7992 0.1431 0.7152, 1.7992 0.1911 0.7152, 1.7996 0.3044 0.7479, 1.7996 0.299 0.7414, 1.7996 0.3101 0.732, 1.7996 0.2977 0.7402, 1.7996 0.2976 0.7231, 1.7996 0.29 0.7348, 1.7996 0.2839 0.7177, 1.7996 0.2801 0.7309, 1.7996 0.2634 0.7152, 1.7996 0.2633 0.7289, 1.7996 0.2304 0.7152, 1.7996 0.2459 0.7289, 1.7996 0.2304 0.8353, 1.7996 0.2459 0.8215, 1.7996 0.2647 0.8353, 1.7996 0.264 0.8215, 1.7996 0.283 0.8333, 1.7996 0.2795 0.8198, 1.7996 0.2975 0.828, 1.7996 0.2899 0.8161, 1.7996 0.3101 0.8194, 1.7996 0.2987 0.8102, 1.7996 0.3143 0.8153, 1.7996 0.302 0.807, 1.7996 0.3217 0.8049, 1.7996 0.3067 0.8002, 1.7996 0.3262 0.7934, 1.7996 0.3101 0.7915, 1.7996 0.3282 0.7768, 1.7996 0.3119 0.7764, 1.7996 0.3278 0.7692, 1.7996 0.3113 0.7673, 1.7996 0.3249 0.7551, 1.7996 0.3088 0.7567, 1.7996 0.319 0.7427, 1.7992 0.2634 0.7152, 1.7992 0.2304 0.7152, 1.7992 0.2839 0.7177, 1.7992 0.2976 0.7231, 1.7992 0.3101 0.732, 1.7992 0.319 0.7427, 1.7992 0.3249 0.7551, 1.7992 0.3278 0.7692, 1.7992 0.3282 0.7768, 1.7992 0.3262 0.7934, 1.7992 0.3217 0.8049, 1.7992 0.3143 0.8153, 1.7992 0.3101 0.8194, 1.7992 0.2975 0.828, 1.7992 0.283 0.8333, 1.7992 0.2647 0.8353, 1.7992 0.2304 0.8353, 1.7992 0.264 0.8215, 1.7992 0.2459 0.8215, 1.7992 0.2459 0.7289, 1.7992 0.2633 0.7289, 1.7992 0.299 0.7414, 1.7992 0.2977 0.7402, 1.7992 0.29 0.7348, 1.7992 0.2801 0.7309, 1.7992 0.3119 0.7764, 1.7992 0.3113 0.7673, 1.7992 0.3088 0.7567, 1.7992 0.3044 0.7479, 1.7992 0.2987 0.8102, 1.7992 0.302 0.807, 1.7992 0.3067 0.8002, 1.7992 0.3101 0.7915, 1.7992 0.2795 0.8198, 1.7992 0.2899 0.8161, 1.7992 0.2899 0.8161
            ]
        }
        coordIndex [
            0,1,2,-1,2,1,3,-1,4,0,5,-1,5,0,2,-1,6,4,7,-1,7,4,5,-1,8,6,9,-1,9,6,7,-1,10,8,11,-1,11,8,9,-1,1,10,3,-1,3,10,11,-1,6,8,4,-1,4,8,10,-1,4,10,0,-1,0,10,1,-1,12,13,14,-1,15,16,17,-1,17,16,18,-1,17,19,15,-1,15,19,20,-1,15,20,14,-1,14,20,21,-1,14,21,12,-1,22,13,23,-1,23,13,12,-1,22,23,24,-1,22,24,25,-1,24,26,25,-1,25,26,27,-1,25,27,28,-1,28,27,29,-1,28,29,30,-1,30,29,31,-1,30,31,32,-1,32,31,33,-1,32,33,34,-1,34,33,35,-1,34,35,36,-1,36,35,37,-1,36,37,38,-1,38,37,39,-1,38,39,40,-1,40,39,41,-1,40,41,42,-1,42,41,43,-1,42,43,44,-1,44,43,45,-1,44,45,46,-1,46,45,47,-1,46,47,48,-1,48,47,49,-1,48,49,50,-1,50,49,51,-1,50,51,52,-1,52,51,53,-1,52,53,54,-1,54,53,55,-1,54,55,56,-1,56,55,57,-1,56,57,58,-1,58,57,59,-1,58,59,60,-1,61,62,63,-1,60,59,64,-1,60,64,65,-1,65,64,66,-1,65,66,63,-1,63,66,67,-1,63,67,61,-1,68,62,69,-1,69,62,61,-1,70,71,72,-1,68,69,73,-1,68,73,74,-1,73,75,74,-1,74,75,76,-1,74,76,72,-1,72,76,77,-1,72,77,70,-1,71,70,78,-1,71,78,79,-1,78,80,79,-1,79,80,81,-1,79,81,82,-1,82,81,83,-1,82,83,84,-1,84,83,85,-1,84,85,86,-1,86,85,87,-1,86,87,88,-1,88,87,89,-1,88,89,90,-1,89,91,90,-1,90,91,92,-1,90,92,93,-1,93,92,94,-1,93,94,95,-1,96,97,98,-1,95,94,99,-1,95,99,100,-1,100,99,101,-1,100,101,98,-1,98,101,102,-1,98,102,96,-1,18,16,103,-1,97,96,104,-1,97,104,105,-1,105,104,106,-1,105,106,107,-1,107,106,108,-1,107,108,103,-1,103,108,109,-1,103,109,18,-1,63,62,68,-1,54,84,52,-1,52,84,86,-1,52,86,50,-1,50,86,88,-1,50,88,48,-1,95,46,93,-1,93,46,48,-1,93,48,90,-1,90,48,88,-1,63,68,65,-1,65,68,74,-1,65,74,60,-1,60,74,72,-1,60,72,58,-1,58,72,71,-1,58,71,56,-1,56,71,79,-1,56,79,54,-1,54,79,82,-1,54,82,84,-1,13,22,14,-1,14,22,25,-1,14,25,15,-1,15,25,28,-1,15,28,16,-1,16,28,30,-1,16,30,103,-1,103,30,32,-1,103,32,107,-1,107,32,34,-1,107,34,105,-1,105,34,36,-1,105,36,97,-1,97,36,38,-1,97,38,98,-1,98,38,40,-1,98,40,100,-1,100,40,42,-1,100,42,95,-1,95,42,44,-1,95,44,46,-1,110,111,112,-1,112,111,113,-1,114,115,116,-1,116,115,110,-1,116,110,112,-1,117,115,118,-1,118,115,114,-1,119,120,121,-1,121,120,117,-1,121,117,118,-1,122,120,123,-1,123,120,119,-1,124,125,126,-1,126,125,122,-1,126,122,123,-1,127,125,128,-1,128,125,124,-1,129,130,131,-1,131,130,127,-1,131,127,128,-1,132,130,133,-1,133,130,129,-1,134,135,136,-1,136,135,132,-1,136,132,133,-1,137,135,138,-1,138,135,134,-1,113,111,139,-1,139,111,137,-1,139,137,138,-1,137,111,110,-1,110,115,137,-1,137,115,117,-1,137,117,135,-1,130,132,127,-1,127,132,135,-1,127,135,125,-1,125,135,117,-1,125,117,122,-1,122,117,120,-1,140,141,142,-1,142,141,143,-1,142,143,144,-1,144,143,145,-1,144,145,146,-1,146,145,147,-1,146,147,148,-1,148,147,149,-1,148,149,150,-1,150,149,151,-1,150,151,152,-1,152,151,153,-1,152,153,154,-1,154,153,155,-1,154,155,156,-1,156,155,157,-1,156,157,158,-1,158,157,159,-1,158,159,160,-1,160,159,161,-1,160,161,162,-1,162,161,163,-1,162,163,164,-1,164,163,165,-1,164,165,166,-1,166,165,167,-1,166,167,168,-1,168,167,169,-1,168,169,170,-1,170,169,171,-1,170,171,172,-1,172,171,173,-1,172,173,174,-1,174,173,140,-1,174,140,142,-1,148,150,175,-1,175,150,176,-1,148,175,177,-1,148,177,146,-1,146,177,178,-1,146,178,144,-1,144,178,179,-1,144,179,142,-1,142,179,180,-1,142,180,174,-1,174,180,181,-1,174,181,172,-1,172,181,182,-1,172,182,170,-1,170,182,183,-1,170,183,168,-1,168,183,184,-1,168,184,166,-1,166,184,185,-1,166,185,164,-1,164,185,186,-1,164,186,162,-1,162,186,187,-1,162,187,160,-1,160,187,188,-1,160,188,158,-1,158,188,189,-1,158,189,156,-1,156,189,190,-1,156,190,154,-1,152,154,191,-1,191,154,190,-1,150,152,176,-1,176,152,191,-1,155,153,192,-1,192,153,193,-1,153,151,193,-1,193,151,194,-1,151,149,194,-1,194,149,195,-1,141,196,197,-1,141,197,143,-1,143,197,198,-1,143,198,145,-1,145,198,199,-1,145,199,147,-1,147,199,195,-1,147,195,149,-1,169,200,201,-1,169,201,171,-1,171,201,202,-1,171,202,173,-1,173,202,203,-1,173,203,140,-1,140,203,196,-1,140,196,141,-1,161,204,205,-1,161,205,163,-1,163,205,206,-1,163,206,165,-1,165,206,207,-1,165,207,167,-1,167,207,200,-1,167,200,169,-1,155,192,208,-1,155,208,157,-1,157,208,209,-1,157,209,159,-1,159,209,204,-1,159,204,161,-1,
        ]
    }
}
Shape{
    appearance Appearance {
        material  Material 	{
            diffuseColor 1.0 0.3411764705882353 0.3411764705882353
            specularColor 0.5019607843137255 0.16862745098039217 0.16862745098039217
            ambientIntensity 0.2
            transparency 0
            shininess 0.5
        }
    }
    geometry IndexedFaceSet {
        ccw TRUE
        solid FALSE
        coord DEF co Coordinate {
            point [
                1.7992 0.2977 0.7402, 1.7992 0.299 0.7414, 1.7992 0.264 0.8215, 1.7992 0.2459 0.8215, 1.7992 0.2459 0.7289, 1.7992 0.2633 0.7289, 1.7992 0.2801 0.7309, 1.7992 0.29 0.7348, 1.7992 0.3044 0.7479, 1.7992 0.3088 0.7567, 1.7992 0.3113 0.7673, 1.7992 0.3119 0.7764, 1.7992 0.3101 0.7915, 1.7992 0.3067 0.8002, 1.7992 0.302 0.807, 1.7992 0.2987 0.8102, 1.7992 0.2795 0.8198, 1.7992 0.2899 0.8161, 1.7992 0.2899 0.8161
            ]
        }
        coordIndex [
            0,1,2,-1,3,4,2,-1,2,4,5,-1,5,6,2,-1,2,6,7,-1,2,7,0,-1,1,8,2,-1,2,8,9,-1,2,9,10,-1,10,11,2,-1,2,11,12,-1,2,12,13,-1,13,14,2,-1,2,14,15,-1,2,15,16,-1,16,15,17,-1,
        ]
    }
}
Shape{
    appearance Appearance {
        material  Material 	{
            diffuseColor 0.0 0.0 0.0
            specularColor 0.0 0.0 0.0
            ambientIntensity 0.2
            transparency 0
            shininess 0.5
        }
    }
    geometry IndexedFaceSet {
        ccw TRUE
        solid FALSE
        coord DEF co Coordinate {
            point [
                1.7996 0.3684 0.7616, 1.7996 0.3635 0.7481, 1.7996 0.4087 0.7616, 1.7996 0.4135 0.7481, 1.7996 0.3864 0.8116, 1.7996 0.3806 0.8353, 1.7996 0.3348 0.7152, 1.7996 0.352 0.7152, 1.7996 0.3874 0.8151, 1.7996 0.3884 0.82, 1.7996 0.3972 0.8353, 1.7996 0.3887 0.82, 1.7996 0.3897 0.8149, 1.7996 0.3906 0.8116, 1.7996 0.4429 0.7152, 1.7996 0.4258 0.7152, 1.7992 0.3972 0.8353, 1.7992 0.4429 0.7152, 1.7992 0.3806 0.8353, 1.7992 0.3348 0.7152, 1.7992 0.3695 0.8061, 1.7992 0.352 0.7152, 1.7992 0.3635 0.7481, 1.7992 0.4135 0.7481, 1.7992 0.3695 0.7481, 1.7992 0.4258 0.7152, 1.7992 0.3684 0.7616, 1.7992 0.4087 0.7616, 1.7992 0.3906 0.8116, 1.7992 0.3887 0.82, 1.7992 0.3897 0.8149, 1.7992 0.3884 0.82, 1.7992 0.3864 0.8116, 1.7992 0.3874 0.8151, 1.7992 0.3874 0.8151
            ]
        }
        coordIndex [
            0,1,2,-1,2,1,3,-1,4,5,0,-1,0,5,6,-1,0,6,1,-1,1,6,7,-1,4,8,5,-1,5,8,9,-1,5,9,10,-1,10,9,11,-1,10,11,12,-1,12,13,10,-1,10,13,2,-1,10,2,14,-1,14,2,3,-1,14,3,15,-1,10,14,16,-1,16,14,17,-1,5,10,18,-1,18,10,16,-1,19,6,20,-1,20,6,5,-1,20,5,18,-1,7,6,21,-1,21,6,19,-1,1,7,22,-1,22,7,21,-1,23,3,24,-1,24,3,1,-1,24,1,22,-1,15,3,25,-1,25,3,23,-1,14,15,17,-1,17,15,25,-1,0,2,26,-1,26,2,27,-1,2,13,27,-1,27,13,28,-1,11,29,30,-1,11,30,12,-1,12,30,28,-1,12,28,13,-1,11,9,29,-1,29,9,31,-1,4,32,33,-1,4,33,8,-1,8,33,31,-1,8,31,9,-1,4,0,32,-1,32,0,26,-1,
        ]
    }
}
Shape{
    appearance Appearance {
        material  Material 	{
            diffuseColor 1.0 0.3411764705882353 0.3411764705882353
            specularColor 0.5019607843137255 0.16862745098039217 0.16862745098039217
            ambientIntensity 0.2
            transparency 0
            shininess 0.5
        }
    }
    geometry IndexedFaceSet {
        ccw TRUE
        solid FALSE
        coord DEF co Coordinate {
            point [
                1.7992 0.3887 0.82, 1.7992 0.3884 0.82, 1.7992 0.3897 0.8149, 1.7992 0.3874 0.8151, 1.7992 0.3906 0.8116, 1.7992 0.3864 0.8116, 1.7992 0.4087 0.7616, 1.7992 0.3684 0.7616, 1.7992 0.3684 0.7616
            ]
        }
        coordIndex [
            0,1,2,-1,2,1,3,-1,2,3,4,-1,4,3,5,-1,4,5,6,-1,6,5,7,-1,
        ]
    }
}
Shape{
    appearance Appearance {
        material  Material 	{
            diffuseColor 0.0 0.0 0.0
            specularColor 0.0 0.0 0.0
            ambientIntensity 0.2
            transparency 0
            shininess 0.5
        }
    }
    geometry IndexedFaceSet {
        ccw TRUE
        solid FALSE
        coord DEF co Coordinate {
            point [
                1.7996 0.0255 0.5384, 1.7996 0.0255 0.5247, 1.7992 0.0255 0.5384, 1.7992 0.0255 0.5247, 1.7996 -0.0236 0.5384, 1.7992 -0.0236 0.5384, 1.7996 -0.0236 0.5788, 1.7992 -0.0236 0.5788, 1.7996 0.0194 0.5788, 1.7992 0.0194 0.5788, 1.7996 0.0194 0.5925, 1.7992 0.0194 0.5925, 1.7996 -0.0236 0.5925, 1.7992 -0.0236 0.5925, 1.7996 -0.0236 0.631, 1.7992 -0.0236 0.631, 1.7996 0.0228 0.631, 1.7992 0.0228 0.631, 1.7996 0.0228 0.6448, 1.7992 0.0228 0.6448, 1.7996 -0.0391 0.6448, 1.7992 -0.0391 0.6448, 1.7996 -0.0391 0.5247, 1.7992 -0.0391 0.5247, 1.7996 0.0934 0.5379, 1.7996 0.0938 0.5379, 1.7996 0.0928 0.5518, 1.7996 0.0607 0.561, 1.7996 0.064 0.5627, 1.7996 0.0559 0.5724, 1.7996 0.0938 0.5585, 1.7996 0.1088 0.5799, 1.7996 0.0938 0.5595, 1.7996 0.0938 0.5677, 1.7996 0.0938 0.5247, 1.7996 0.1088 0.5247, 1.7996 0.0882 0.6113, 1.7996 0.085 0.5984, 1.7996 0.0942 0.6092, 1.7996 0.0877 0.5967, 1.7996 0.0906 0.5464, 1.7996 0.0873 0.542, 1.7996 0.0905 0.5337, 1.7996 0.0854 0.5402, 1.7996 0.0857 0.5288, 1.7996 0.0812 0.5373, 1.7996 0.0812 0.5258, 1.7996 0.0766 0.5356, 1.7996 0.0751 0.5236, 1.7996 0.071 0.535, 1.7996 0.0671 0.5227, 1.7996 0.0659 0.5356, 1.7996 0.0581 0.5237, 1.7996 0.0625 0.5368, 1.7996 0.0523 0.5259, 1.7996 0.0595 0.5389, 1.7996 0.0473 0.5294, 1.7996 0.0582 0.5402, 1.7996 0.0684 0.5756, 1.7996 0.0737 0.565, 1.7996 0.0938 0.5792, 1.7996 0.0483 0.6044, 1.7996 0.0483 0.5898, 1.7996 0.0514 0.6062, 1.7996 0.0587 0.5964, 1.7996 0.0625 0.6106, 1.7996 0.0681 0.5994, 1.7996 0.0778 0.6124, 1.7996 0.0764 0.6002, 1.7996 0.0815 0.5997, 1.7996 0.0933 0.5858, 1.7996 0.1074 0.5925, 1.7996 0.0917 0.5912, 1.7996 0.1049 0.599, 1.7996 0.0899 0.5943, 1.7996 0.1017 0.6036, 1.7996 0.099 0.6062, 1.7996 0.0591 0.5597, 1.7996 0.0499 0.5691, 1.7996 0.0573 0.5575, 1.7996 0.0455 0.565, 1.7996 0.056 0.5547, 1.7996 0.0424 0.5601, 1.7996 0.0553 0.5513, 1.7996 0.0406 0.5546, 1.7996 0.0552 0.5489, 1.7996 0.0399 0.5476, 1.7996 0.0555 0.5454, 1.7996 0.0408 0.5401, 1.7996 0.0565 0.5427, 1.7996 0.0427 0.5352, 1.7996 0.046 0.5307, 1.7992 0.0778 0.6124, 1.7992 0.0625 0.6106, 1.7992 0.0514 0.6062, 1.7992 0.0483 0.6044, 1.7992 0.0483 0.5898, 1.7992 0.0587 0.5964, 1.7992 0.0681 0.5994, 1.7992 0.0764 0.6002, 1.7992 0.0815 0.5997, 1.7992 0.085 0.5984, 1.7992 0.0877 0.5967, 1.7992 0.0899 0.5943, 1.7992 0.0917 0.5912, 1.7992 0.0933 0.5858, 1.7992 0.0938 0.5792, 1.7992 0.0684 0.5756, 1.7992 0.0559 0.5724, 1.7992 0.0499 0.5691, 1.7992 0.0455 0.565, 1.7992 0.0424 0.5601, 1.7992 0.0406 0.5546, 1.7992 0.0399 0.5476, 1.7992 0.0408 0.5401, 1.7992 0.0427 0.5352, 1.7992 0.046 0.5307, 1.7992 0.0473 0.5294, 1.7992 0.0671 0.5227, 1.7992 0.0584 0.5237, 1.7992 0.0581 0.5237, 1.7992 0.0523 0.5259, 1.7992 0.0751 0.5236, 1.7992 0.0754 0.5237, 1.7992 0.0812 0.5258, 1.7992 0.0857 0.5288, 1.7992 0.0905 0.5337, 1.7992 0.0934 0.5379, 1.7992 0.0938 0.5379, 1.7992 0.0938 0.5247, 1.7992 0.1088 0.5247, 1.7992 0.1088 0.5799, 1.7992 0.1074 0.5925, 1.7992 0.1049 0.599, 1.7992 0.1017 0.6036, 1.7992 0.099 0.6062, 1.7992 0.0942 0.6092, 1.7992 0.0882 0.6113, 1.7992 0.0591 0.5597, 1.7992 0.0607 0.561, 1.7992 0.064 0.5627, 1.7992 0.0737 0.565, 1.7992 0.0552 0.5489, 1.7992 0.0553 0.5513, 1.7992 0.056 0.5547, 1.7992 0.0573 0.5575, 1.7992 0.0595 0.5389, 1.7992 0.0582 0.5402, 1.7992 0.0565 0.5427, 1.7992 0.0555 0.5454, 1.7992 0.071 0.535, 1.7992 0.0659 0.5356, 1.7992 0.0625 0.5368, 1.7992 0.0873 0.542, 1.7992 0.0854 0.5402, 1.7992 0.0812 0.5373, 1.7992 0.0766 0.5356, 1.7992 0.0938 0.5595, 1.7992 0.0938 0.5585, 1.7992 0.0928 0.5518, 1.7992 0.0906 0.5464, 1.7992 0.0938 0.5677, 1.7992 0.0938 0.5677
            ]
        }
        coordIndex [
            0,1,2,-1,2,1,3,-1,4,0,5,-1,5,0,2,-1,6,4,7,-1,7,4,5,-1,8,6,9,-1,9,6,7,-1,10,8,11,-1,11,8,9,-1,12,10,13,-1,13,10,11,-1,14,12,15,-1,15,12,13,-1,16,14,17,-1,17,14,15,-1,18,16,19,-1,19,16,17,-1,20,18,21,-1,21,18,19,-1,22,20,23,-1,23,20,21,-1,1,22,3,-1,3,22,23,-1,22,1,0,-1,0,4,22,-1,22,4,6,-1,22,6,20,-1,16,18,14,-1,14,18,20,-1,14,20,12,-1,12,20,6,-1,12,6,10,-1,10,6,8,-1,24,25,26,-1,27,28,29,-1,30,31,32,-1,32,31,33,-1,34,35,25,-1,25,35,31,-1,25,31,26,-1,26,31,30,-1,36,37,38,-1,38,37,39,-1,26,40,24,-1,24,40,41,-1,24,41,42,-1,42,41,43,-1,42,43,44,-1,44,43,45,-1,44,45,46,-1,46,45,47,-1,46,47,48,-1,48,47,49,-1,48,49,50,-1,50,49,51,-1,50,51,52,-1,52,51,53,-1,52,53,54,-1,54,53,55,-1,54,55,56,-1,56,55,57,-1,29,28,58,-1,58,28,59,-1,58,59,60,-1,61,62,63,-1,63,62,64,-1,63,64,65,-1,65,64,66,-1,65,66,67,-1,67,66,68,-1,67,68,36,-1,36,68,69,-1,36,69,37,-1,59,33,60,-1,60,33,31,-1,60,31,70,-1,70,31,71,-1,70,71,72,-1,72,71,73,-1,72,73,74,-1,74,73,75,-1,74,75,39,-1,39,75,76,-1,39,76,38,-1,27,29,77,-1,77,29,78,-1,77,78,79,-1,79,78,80,-1,79,80,81,-1,81,80,82,-1,81,82,83,-1,83,82,84,-1,83,84,85,-1,85,84,86,-1,85,86,87,-1,87,86,88,-1,87,88,89,-1,89,88,90,-1,89,90,57,-1,57,90,91,-1,57,91,56,-1,67,92,93,-1,67,93,65,-1,65,93,94,-1,65,94,63,-1,63,94,95,-1,63,95,61,-1,62,61,96,-1,96,61,95,-1,62,96,97,-1,62,97,64,-1,64,97,98,-1,64,98,66,-1,66,98,99,-1,66,99,68,-1,68,99,100,-1,68,100,69,-1,69,100,101,-1,69,101,37,-1,37,101,102,-1,37,102,39,-1,39,102,103,-1,39,103,74,-1,74,103,104,-1,74,104,72,-1,72,104,105,-1,72,105,70,-1,70,105,106,-1,70,106,60,-1,58,60,107,-1,107,60,106,-1,58,107,108,-1,58,108,29,-1,29,108,109,-1,29,109,78,-1,78,109,110,-1,78,110,80,-1,80,110,111,-1,80,111,82,-1,82,111,112,-1,82,112,84,-1,84,112,113,-1,84,113,86,-1,86,113,114,-1,86,114,88,-1,88,114,115,-1,88,115,90,-1,90,115,116,-1,90,116,91,-1,91,116,117,-1,91,117,56,-1,118,50,119,-1,119,50,52,-1,119,52,120,-1,120,52,54,-1,120,54,121,-1,121,54,56,-1,121,56,117,-1,50,118,122,-1,50,122,48,-1,48,122,123,-1,48,123,46,-1,123,124,46,-1,46,124,125,-1,46,125,44,-1,44,125,126,-1,44,126,42,-1,42,126,127,-1,42,127,24,-1,25,24,128,-1,128,24,127,-1,34,25,129,-1,129,25,128,-1,35,34,130,-1,130,34,129,-1,31,35,131,-1,131,35,130,-1,31,131,132,-1,31,132,71,-1,71,132,133,-1,71,133,73,-1,73,133,134,-1,73,134,75,-1,75,134,135,-1,75,135,76,-1,76,135,136,-1,76,136,38,-1,38,136,137,-1,38,137,36,-1,36,137,92,-1,36,92,67,-1,77,138,139,-1,77,139,27,-1,27,139,140,-1,27,140,28,-1,28,140,141,-1,28,141,59,-1,85,142,143,-1,85,143,83,-1,83,143,144,-1,83,144,81,-1,81,144,145,-1,81,145,79,-1,79,145,138,-1,79,138,77,-1,55,146,147,-1,55,147,57,-1,57,147,148,-1,57,148,89,-1,89,148,149,-1,89,149,87,-1,87,149,142,-1,87,142,85,-1,49,150,151,-1,49,151,51,-1,51,151,152,-1,51,152,53,-1,53,152,146,-1,53,146,55,-1,41,153,154,-1,41,154,43,-1,43,154,155,-1,43,155,45,-1,45,155,156,-1,45,156,47,-1,47,156,150,-1,47,150,49,-1,32,157,158,-1,32,158,30,-1,30,158,159,-1,30,159,26,-1,26,159,160,-1,26,160,40,-1,40,160,153,-1,40,153,41,-1,32,33,157,-1,157,33,161,-1,33,59,161,-1,161,59,141,-1,
        ]
    }
}
Shape{
    appearance Appearance {
        material  Material 	{
            diffuseColor 1.0 0.3411764705882353 0.3411764705882353
            specularColor 0.5019607843137255 0.16862745098039217 0.16862745098039217
            ambientIntensity 0.2
            transparency 0
            shininess 0.5
        }
    }
    geometry IndexedFaceSet {
        ccw TRUE
        solid FALSE
        coord DEF co Coordinate {
            point [
                1.7992 0.0938 0.5585, 1.7992 0.0938 0.5595, 1.7992 0.0591 0.5597, 1.7992 0.0938 0.5677, 1.7992 0.0737 0.565, 1.7992 0.064 0.5627, 1.7992 0.0607 0.561, 1.7992 0.0928 0.5518, 1.7992 0.0573 0.5575, 1.7992 0.0906 0.5464, 1.7992 0.0582 0.5402, 1.7992 0.0595 0.5389, 1.7992 0.0854 0.5402, 1.7992 0.0565 0.5427, 1.7992 0.0812 0.5373, 1.7992 0.0766 0.5356, 1.7992 0.071 0.535, 1.7992 0.056 0.5547, 1.7992 0.0553 0.5513, 1.7992 0.0873 0.542, 1.7992 0.0552 0.5489, 1.7992 0.0555 0.5454, 1.7992 0.0625 0.5368, 1.7992 0.0659 0.5356, 1.7992 0.0659 0.5356
            ]
        }
        coordIndex [
            0,1,2,-1,1,3,4,-1,4,5,1,-1,1,5,6,-1,1,6,2,-1,0,2,7,-1,7,2,8,-1,7,8,9,-1,10,11,12,-1,10,12,13,-1,14,12,15,-1,15,12,16,-1,8,17,9,-1,9,17,18,-1,9,18,19,-1,19,18,20,-1,19,20,12,-1,12,20,21,-1,12,21,13,-1,11,22,12,-1,12,22,23,-1,12,23,16,-1,
        ]
    }
}
Shape{
    appearance Appearance {
        material  Material 	{
            diffuseColor 0.0 0.0 0.0
            specularColor 0.0 0.0 0.0
            ambientIntensity 0.2
            transparency 0
            shininess 0.5
        }
    }
    geometry IndexedFaceSet {
        ccw TRUE
        solid FALSE
        coord DEF co Coordinate {
            point [
                1.7996 0.154 0.5349, 1.7992 0.154 0.5349, 1.7992 0.1453 0.5359, 1.7992 0.1362 0.5391, 1.7996 0.1358 0.5392, 1.7996 0.1453 0.5359, 1.7992 0.1358 0.5392, 1.7992 0.1292 0.5432, 1.7996 0.1292 0.5432, 1.7996 0.1292 0.5277, 1.7992 0.1292 0.5277, 1.7996 0.1398 0.524, 1.7992 0.1362 0.5252, 1.7992 0.1525 0.5227, 1.7996 0.1525 0.5227, 1.7992 0.1427 0.5237, 1.7992 0.1398 0.524, 1.7996 0.1661 0.5243, 1.7992 0.161 0.5237, 1.7992 0.1661 0.5243, 1.7992 0.174 0.5273, 1.7996 0.174 0.5273, 1.7992 0.1775 0.5295, 1.7996 0.1775 0.5295, 1.7992 0.1818 0.5332, 1.7996 0.1818 0.5332, 1.7992 0.1846 0.5372, 1.7996 0.1846 0.5372, 1.7992 0.1864 0.542, 1.7996 0.1864 0.542, 1.7992 0.1871 0.548, 1.7996 0.1871 0.548, 1.7992 0.1865 0.5536, 1.7996 0.1865 0.5536, 1.7992 0.1849 0.5581, 1.7996 0.1849 0.5581, 1.7992 0.1821 0.5622, 1.7996 0.1821 0.5622, 1.7992 0.1785 0.5654, 1.7996 0.1785 0.5654, 1.7992 0.1685 0.571, 1.7996 0.1685 0.571, 1.7992 0.1627 0.5733, 1.7996 0.1627 0.5733, 1.7992 0.1534 0.5774, 1.7996 0.1534 0.5774, 1.7992 0.1481 0.5807, 1.7996 0.1481 0.5807, 1.7992 0.1466 0.5823, 1.7996 0.1466 0.5823, 1.7992 0.1455 0.5843, 1.7996 0.1455 0.5843, 1.7992 0.1449 0.5867, 1.7996 0.1449 0.5867, 1.7992 0.1448 0.5887, 1.7996 0.1448 0.5887, 1.7992 0.1451 0.5911, 1.7996 0.1451 0.5911, 1.7992 0.1458 0.5931, 1.7996 0.1458 0.5931, 1.7992 0.1471 0.595, 1.7996 0.1471 0.595, 1.7992 0.1494 0.597, 1.7996 0.1494 0.597, 1.7992 0.1527 0.5988, 1.7996 0.1527 0.5988, 1.7992 0.1568 0.5999, 1.7996 0.1568 0.5999, 1.7992 0.1612 0.6002, 1.7996 0.1612 0.6002, 1.7992 0.1702 0.5993, 1.7996 0.1702 0.5993, 1.7992 0.1788 0.5964, 1.7996 0.1788 0.5964, 1.7992 0.183 0.594, 1.7996 0.183 0.594, 1.7996 0.183 0.6086, 1.7992 0.183 0.6086, 1.7992 0.1733 0.6115, 1.7996 0.1733 0.6115, 1.7992 0.1627 0.6124, 1.7996 0.1627 0.6124, 1.7992 0.1507 0.611, 1.7996 0.1507 0.611, 1.7992 0.1426 0.6079, 1.7996 0.1426 0.6079, 1.7992 0.1389 0.6056, 1.7996 0.1389 0.6056, 1.7996 0.1345 0.6016, 1.7992 0.1362 0.6031, 1.7992 0.1345 0.6016, 1.7992 0.1317 0.5975, 1.7996 0.1317 0.5975, 1.7992 0.1299 0.5927, 1.7996 0.1299 0.5927, 1.7992 0.1293 0.5873, 1.7996 0.1293 0.5873, 1.7992 0.1299 0.5815, 1.7996 0.1299 0.5815, 1.7992 0.1316 0.5769, 1.7996 0.1316 0.5769, 1.7992 0.1336 0.5737, 1.7996 0.1336 0.5737, 1.7992 0.1521 0.5624, 1.7996 0.1521 0.5624, 1.7996 0.1431 0.5665, 1.7992 0.136 0.5712, 1.7996 0.136 0.5712, 1.7992 0.1362 0.5711, 1.7992 0.1431 0.5665, 1.7992 0.162 0.5582, 1.7996 0.162 0.5582, 1.7992 0.1678 0.5547, 1.7996 0.1678 0.5547, 1.7992 0.1697 0.5528, 1.7996 0.1697 0.5528, 1.7992 0.1709 0.5508, 1.7996 0.1709 0.5508, 1.7992 0.1715 0.5484, 1.7996 0.1715 0.5484, 1.7992 0.1717 0.5465, 1.7996 0.1717 0.5465, 1.7992 0.1714 0.5437, 1.7996 0.1714 0.5437, 1.7992 0.1706 0.5415, 1.7996 0.1706 0.5415, 1.7992 0.1693 0.5396, 1.7996 0.1693 0.5396, 1.7992 0.1676 0.5381, 1.7996 0.1676 0.5381, 1.7992 0.1662 0.5372, 1.7996 0.1662 0.5372, 1.7992 0.1623 0.5358, 1.7996 0.1623 0.5358, 1.7992 0.1546 0.5349, 1.7996 0.1546 0.5349, 1.7996 0.2617 0.6105, 1.7996 0.2773 0.6105, 1.7992 0.2617 0.6105, 1.7992 0.2773 0.6105, 1.7996 0.2383 0.5459, 1.7992 0.2383 0.5459, 1.7992 0.2371 0.5419, 1.7996 0.2371 0.5419, 1.7992 0.2364 0.5389, 1.7996 0.2364 0.5389, 1.7996 0.236 0.5389, 1.7992 0.236 0.5389, 1.7996 0.2342 0.546, 1.7992 0.2342 0.546, 1.7992 0.2118 0.6105, 1.7996 0.2118 0.6105, 1.7992 0.2191 0.5896, 1.7996 0.195 0.6105, 1.7992 0.195 0.6105, 1.7992 0.2286 0.5249, 1.7996 0.2286 0.5249, 1.7992 0.2191 0.5492, 1.7992 0.222 0.5093, 1.7996 0.222 0.5093, 1.7992 0.2281 0.5237, 1.7992 0.2191 0.5039, 1.7996 0.219 0.5037, 1.7992 0.219 0.5037, 1.7992 0.2162 0.5007, 1.7996 0.2162 0.5007, 1.7992 0.2138 0.499, 1.7996 0.2138 0.499, 1.7992 0.2106 0.4977, 1.7996 0.2106 0.4977, 1.7992 0.2066 0.4972, 1.7996 0.2066 0.4972, 1.7992 0.2011 0.4979, 1.7996 0.2011 0.4979, 1.7992 0.1981 0.4989, 1.7996 0.1981 0.4989, 1.7996 0.1981 0.4855, 1.7992 0.1981 0.4855, 1.7992 0.2044 0.4844, 1.7996 0.2044 0.4844, 1.7992 0.2078 0.4843, 1.7996 0.2078 0.4843, 1.7992 0.2138 0.485, 1.7992 0.2191 0.487, 1.7996 0.2198 0.4872, 1.7996 0.2138 0.485, 1.7992 0.2198 0.4872, 1.7992 0.225 0.4909, 1.7996 0.225 0.4909, 1.7992 0.2261 0.4918, 1.7996 0.2261 0.4918, 1.7992 0.2316 0.4985, 1.7996 0.2316 0.4985, 1.7992 0.2384 0.5117, 1.7996 0.2384 0.5117, 1.7992 0.2431 0.5237, 1.7996 0.3581 0.5384, 1.7996 0.3581 0.5247, 1.7992 0.3581 0.5384, 1.7992 0.3581 0.5247, 1.7992 0.309 0.5384, 1.7996 0.309 0.5384, 1.7992 0.3315 0.5384, 1.7996 0.309 0.5788, 1.7992 0.309 0.5788, 1.7992 0.352 0.5788, 1.7996 0.352 0.5788, 1.7992 0.3315 0.5788, 1.7996 0.352 0.5925, 1.7992 0.352 0.5925, 1.7992 0.309 0.5925, 1.7996 0.309 0.5925, 1.7992 0.3315 0.5925, 1.7996 0.309 0.631, 1.7992 0.309 0.631, 1.7992 0.3554 0.631, 1.7996 0.3554 0.631, 1.7992 0.3315 0.631, 1.7996 0.3554 0.6448, 1.7992 0.3554 0.6448, 1.7992 0.2935 0.6448, 1.7996 0.2935 0.6448, 1.7992 0.3315 0.6448, 1.7996 0.2935 0.5247, 1.7992 0.2935 0.5247, 1.7992 0.3315 0.5247, 1.7996 0.4548 0.5574, 1.7996 0.4495 0.5509, 1.7996 0.4605 0.5415, 1.7996 0.4481 0.5496, 1.7996 0.448 0.5325, 1.7996 0.4404 0.5442, 1.7996 0.4343 0.5272, 1.7996 0.4305 0.5404, 1.7996 0.4138 0.5247, 1.7996 0.4137 0.5384, 1.7996 0.3808 0.5247, 1.7996 0.3963 0.5384, 1.7996 0.3808 0.6448, 1.7996 0.3963 0.631, 1.7996 0.4151 0.6448, 1.7996 0.4145 0.631, 1.7996 0.4334 0.6428, 1.7996 0.4299 0.6293, 1.7996 0.4479 0.6375, 1.7996 0.4403 0.6255, 1.7996 0.4605 0.6289, 1.7996 0.4491 0.6197, 1.7996 0.4647 0.6248, 1.7996 0.4524 0.6164, 1.7996 0.4721 0.6143, 1.7996 0.4571 0.6097, 1.7996 0.4766 0.6029, 1.7996 0.4605 0.601, 1.7996 0.4786 0.5863, 1.7996 0.4623 0.5858, 1.7996 0.4782 0.5786, 1.7996 0.4617 0.5768, 1.7996 0.4753 0.5646, 1.7996 0.4592 0.5661, 1.7996 0.4694 0.5521, 1.7992 0.4138 0.5247, 1.7992 0.3808 0.5247, 1.7992 0.4343 0.5272, 1.7992 0.448 0.5325, 1.7992 0.4605 0.5415, 1.7992 0.4694 0.5521, 1.7992 0.4753 0.5646, 1.7992 0.4782 0.5786, 1.7992 0.4786 0.5863, 1.7992 0.4766 0.6029, 1.7992 0.4721 0.6143, 1.7992 0.4647 0.6248, 1.7992 0.4605 0.6289, 1.7992 0.4479 0.6375, 1.7992 0.4334 0.6428, 1.7992 0.4151 0.6448, 1.7992 0.3808 0.6448, 1.7992 0.4145 0.631, 1.7992 0.3963 0.631, 1.7992 0.3963 0.5384, 1.7992 0.4137 0.5384, 1.7992 0.4495 0.5509, 1.7992 0.4481 0.5496, 1.7992 0.4404 0.5442, 1.7992 0.4305 0.5404, 1.7992 0.4623 0.5858, 1.7992 0.4617 0.5768, 1.7992 0.4592 0.5661, 1.7992 0.4548 0.5574, 1.7992 0.4491 0.6197, 1.7992 0.4524 0.6164, 1.7992 0.4571 0.6097, 1.7992 0.4605 0.601, 1.7992 0.4299 0.6293, 1.7992 0.4403 0.6255, 1.7992 0.4403 0.6255
            ]
        }
        coordIndex [
            0,1,2,-1,3,4,2,-1,2,4,5,-1,2,5,0,-1,3,6,4,-1,4,6,7,-1,4,7,8,-1,9,8,10,-1,10,8,7,-1,11,9,12,-1,12,9,10,-1,13,14,15,-1,15,14,11,-1,15,11,16,-1,16,11,12,-1,17,14,18,-1,18,14,13,-1,18,19,17,-1,17,19,20,-1,17,20,21,-1,21,20,22,-1,21,22,23,-1,23,22,24,-1,23,24,25,-1,25,24,26,-1,25,26,27,-1,27,26,28,-1,27,28,29,-1,29,28,30,-1,29,30,31,-1,31,30,32,-1,31,32,33,-1,33,32,34,-1,33,34,35,-1,35,34,36,-1,35,36,37,-1,37,36,38,-1,37,38,39,-1,39,38,40,-1,39,40,41,-1,41,40,42,-1,41,42,43,-1,43,42,44,-1,43,44,45,-1,45,44,46,-1,45,46,47,-1,47,46,48,-1,47,48,49,-1,49,48,50,-1,49,50,51,-1,51,50,52,-1,51,52,53,-1,53,52,54,-1,53,54,55,-1,55,54,56,-1,55,56,57,-1,57,56,58,-1,57,58,59,-1,59,58,60,-1,59,60,61,-1,61,60,62,-1,61,62,63,-1,63,62,64,-1,63,64,65,-1,65,64,66,-1,65,66,67,-1,67,66,68,-1,67,68,69,-1,69,68,70,-1,69,70,71,-1,71,70,72,-1,71,72,73,-1,73,72,74,-1,73,74,75,-1,76,75,77,-1,77,75,74,-1,76,77,78,-1,76,78,79,-1,79,78,80,-1,79,80,81,-1,81,80,82,-1,81,82,83,-1,83,82,84,-1,83,84,85,-1,85,84,86,-1,85,86,87,-1,88,87,89,-1,89,87,86,-1,89,90,88,-1,88,90,91,-1,88,91,92,-1,92,91,93,-1,92,93,94,-1,94,93,95,-1,94,95,96,-1,96,95,97,-1,96,97,98,-1,98,97,99,-1,98,99,100,-1,100,99,101,-1,100,101,102,-1,103,104,105,-1,102,101,106,-1,102,106,107,-1,107,106,108,-1,107,108,105,-1,105,108,109,-1,105,109,103,-1,104,103,110,-1,104,110,111,-1,111,110,112,-1,111,112,113,-1,113,112,114,-1,113,114,115,-1,115,114,116,-1,115,116,117,-1,117,116,118,-1,117,118,119,-1,119,118,120,-1,119,120,121,-1,121,120,122,-1,121,122,123,-1,123,122,124,-1,123,124,125,-1,125,124,126,-1,125,126,127,-1,127,126,128,-1,127,128,129,-1,129,128,130,-1,129,130,131,-1,131,130,132,-1,131,132,133,-1,133,132,134,-1,133,134,135,-1,135,134,1,-1,135,1,0,-1,61,63,85,-1,85,63,83,-1,111,43,104,-1,104,43,45,-1,21,23,127,-1,127,23,25,-1,127,25,125,-1,125,25,27,-1,125,27,123,-1,123,27,29,-1,123,29,121,-1,121,29,31,-1,121,31,119,-1,119,31,33,-1,119,33,117,-1,117,33,35,-1,117,35,115,-1,115,35,37,-1,115,37,113,-1,113,37,39,-1,113,39,111,-1,111,39,41,-1,111,41,43,-1,14,0,11,-1,11,0,5,-1,11,5,9,-1,9,5,4,-1,9,4,8,-1,63,65,83,-1,83,65,67,-1,83,67,81,-1,81,67,69,-1,81,69,79,-1,79,69,71,-1,79,71,76,-1,76,71,73,-1,76,73,75,-1,127,129,21,-1,21,129,131,-1,21,131,17,-1,17,131,133,-1,17,133,14,-1,14,133,135,-1,14,135,0,-1,85,87,61,-1,61,87,88,-1,61,88,59,-1,59,88,92,-1,59,92,57,-1,57,92,94,-1,57,94,55,-1,55,94,96,-1,55,96,53,-1,53,96,98,-1,53,98,51,-1,51,98,100,-1,51,100,49,-1,49,100,102,-1,49,102,47,-1,47,102,107,-1,47,107,45,-1,45,107,105,-1,45,105,104,-1,136,137,138,-1,138,137,139,-1,140,136,141,-1,141,136,138,-1,140,141,142,-1,140,142,143,-1,143,142,144,-1,143,144,145,-1,146,145,147,-1,147,145,144,-1,148,146,149,-1,149,146,147,-1,150,151,152,-1,152,151,148,-1,152,148,149,-1,153,151,154,-1,154,151,150,-1,155,156,157,-1,157,156,153,-1,157,153,154,-1,158,159,160,-1,160,159,156,-1,160,156,155,-1,158,161,159,-1,159,161,162,-1,161,163,162,-1,162,163,164,-1,162,164,165,-1,165,164,166,-1,165,166,167,-1,167,166,168,-1,167,168,169,-1,169,168,170,-1,169,170,171,-1,171,170,172,-1,171,172,173,-1,173,172,174,-1,173,174,175,-1,176,175,177,-1,177,175,174,-1,176,177,178,-1,176,178,179,-1,179,178,180,-1,179,180,181,-1,181,180,182,-1,183,184,182,-1,182,184,185,-1,182,185,181,-1,183,186,184,-1,184,186,187,-1,184,187,188,-1,188,187,189,-1,188,189,190,-1,190,189,191,-1,190,191,192,-1,192,191,193,-1,192,193,194,-1,139,137,195,-1,195,137,194,-1,195,194,193,-1,143,145,194,-1,137,136,194,-1,194,136,140,-1,194,140,143,-1,151,153,148,-1,148,153,156,-1,148,156,146,-1,175,176,173,-1,173,176,179,-1,173,179,171,-1,171,179,181,-1,171,181,169,-1,169,181,185,-1,169,185,167,-1,167,185,184,-1,167,184,165,-1,145,146,194,-1,194,146,156,-1,194,156,192,-1,156,159,192,-1,192,159,162,-1,192,162,190,-1,190,162,165,-1,190,165,188,-1,188,165,184,-1,196,197,198,-1,198,197,199,-1,200,201,202,-1,202,201,196,-1,202,196,198,-1,203,201,204,-1,204,201,200,-1,205,206,207,-1,207,206,203,-1,207,203,204,-1,208,206,209,-1,209,206,205,-1,210,211,212,-1,212,211,208,-1,212,208,209,-1,213,211,214,-1,214,211,210,-1,215,216,217,-1,217,216,213,-1,217,213,214,-1,218,216,219,-1,219,216,215,-1,220,221,222,-1,222,221,218,-1,222,218,219,-1,223,221,224,-1,224,221,220,-1,199,197,225,-1,225,197,223,-1,225,223,224,-1,223,197,196,-1,196,201,223,-1,223,201,203,-1,223,203,221,-1,216,218,213,-1,213,218,221,-1,213,221,211,-1,211,221,203,-1,211,203,208,-1,208,203,206,-1,226,227,228,-1,228,227,229,-1,228,229,230,-1,230,229,231,-1,230,231,232,-1,232,231,233,-1,232,233,234,-1,234,233,235,-1,234,235,236,-1,236,235,237,-1,236,237,238,-1,238,237,239,-1,238,239,240,-1,240,239,241,-1,240,241,242,-1,242,241,243,-1,242,243,244,-1,244,243,245,-1,244,245,246,-1,246,245,247,-1,246,247,248,-1,248,247,249,-1,248,249,250,-1,250,249,251,-1,250,251,252,-1,252,251,253,-1,252,253,254,-1,254,253,255,-1,254,255,256,-1,256,255,257,-1,256,257,258,-1,258,257,259,-1,258,259,260,-1,260,259,226,-1,260,226,228,-1,234,236,261,-1,261,236,262,-1,234,261,263,-1,234,263,232,-1,232,263,264,-1,232,264,230,-1,230,264,265,-1,230,265,228,-1,228,265,266,-1,228,266,260,-1,260,266,267,-1,260,267,258,-1,258,267,268,-1,258,268,256,-1,256,268,269,-1,256,269,254,-1,254,269,270,-1,254,270,252,-1,252,270,271,-1,252,271,250,-1,250,271,272,-1,250,272,248,-1,248,272,273,-1,248,273,246,-1,246,273,274,-1,246,274,244,-1,244,274,275,-1,244,275,242,-1,242,275,276,-1,242,276,240,-1,238,240,277,-1,277,240,276,-1,236,238,262,-1,262,238,277,-1,241,239,278,-1,278,239,279,-1,239,237,279,-1,279,237,280,-1,237,235,280,-1,280,235,281,-1,227,282,283,-1,227,283,229,-1,229,283,284,-1,229,284,231,-1,231,284,285,-1,231,285,233,-1,233,285,281,-1,233,281,235,-1,255,286,287,-1,255,287,257,-1,257,287,288,-1,257,288,259,-1,259,288,289,-1,259,289,226,-1,226,289,282,-1,226,282,227,-1,247,290,291,-1,247,291,249,-1,249,291,292,-1,249,292,251,-1,251,292,293,-1,251,293,253,-1,253,293,286,-1,253,286,255,-1,241,278,294,-1,241,294,243,-1,243,294,295,-1,243,295,245,-1,245,295,290,-1,245,290,247,-1,
        ]
    }
}
Shape{
    appearance Appearance {
        material  Material 	{
            diffuseColor 1.0 0.3411764705882353 0.3411764705882353
            specularColor 0.5019607843137255 0.16862745098039217 0.16862745098039217
            ambientIntensity 0.2
            transparency 0
            shininess 0.5
        }
    }
    geometry IndexedFaceSet {
        ccw TRUE
        solid FALSE
        coord DEF co Coordinate {
            point [
                1.7992 0.4481 0.5496, 1.7992 0.4495 0.5509, 1.7992 0.4145 0.631, 1.7992 0.3963 0.631, 1.7992 0.3963 0.5384, 1.7992 0.4137 0.5384, 1.7992 0.4305 0.5404, 1.7992 0.4404 0.5442, 1.7992 0.4548 0.5574, 1.7992 0.4592 0.5661, 1.7992 0.4617 0.5768, 1.7992 0.4623 0.5858, 1.7992 0.4605 0.601, 1.7992 0.4571 0.6097, 1.7992 0.4524 0.6164, 1.7992 0.4491 0.6197, 1.7992 0.4299 0.6293, 1.7992 0.4403 0.6255, 1.7992 0.4403 0.6255
            ]
        }
        coordIndex [
            0,1,2,-1,3,4,2,-1,2,4,5,-1,5,6,2,-1,2,6,7,-1,2,7,0,-1,1,8,2,-1,2,8,9,-1,2,9,10,-1,10,11,2,-1,2,11,12,-1,2,12,13,-1,13,14,2,-1,2,14,15,-1,2,15,16,-1,16,15,17,-1,
        ]
    }
}
Shape{
    appearance Appearance {
        material  Material 	{
            diffuseColor 0.0 0.0 0.0
            specularColor 0.0 0.0 0.0
            ambientIntensity 0.2
            transparency 0
            shininess 0.5
        }
    }
    geometry IndexedFaceSet {
        ccw TRUE
        solid FALSE
        coord DEF co Coordinate {
            point [
                1.7996 0.5188 0.5711, 1.7996 0.5139 0.5575, 1.7996 0.5591 0.5711, 1.7996 0.5639 0.5575, 1.7996 0.5368 0.621, 1.7996 0.531 0.6448, 1.7996 0.4853 0.5247, 1.7996 0.5024 0.5247, 1.7996 0.5378 0.6246, 1.7996 0.5388 0.6294, 1.7996 0.5476 0.6448, 1.7996 0.5391 0.6294, 1.7996 0.5401 0.6244, 1.7996 0.541 0.621, 1.7996 0.5933 0.5247, 1.7996 0.5762 0.5247, 1.7992 0.5476 0.6448, 1.7992 0.5933 0.5247, 1.7992 0.531 0.6448, 1.7992 0.4853 0.5247, 1.7992 0.5024 0.5247, 1.7992 0.5139 0.5575, 1.7992 0.5639 0.5575, 1.7992 0.5762 0.5247, 1.7992 0.5188 0.5711, 1.7992 0.5591 0.5711, 1.7992 0.541 0.621, 1.7992 0.5391 0.6294, 1.7992 0.5401 0.6244, 1.7992 0.5388 0.6294, 1.7992 0.5368 0.621, 1.7992 0.5378 0.6246, 1.7992 0.5378 0.6246
            ]
        }
        coordIndex [
            0,1,2,-1,2,1,3,-1,4,5,0,-1,0,5,6,-1,0,6,1,-1,1,6,7,-1,4,8,5,-1,5,8,9,-1,5,9,10,-1,10,9,11,-1,10,11,12,-1,12,13,10,-1,10,13,2,-1,10,2,14,-1,14,2,3,-1,14,3,15,-1,10,14,16,-1,16,14,17,-1,5,10,18,-1,18,10,16,-1,6,5,19,-1,19,5,18,-1,7,6,20,-1,20,6,19,-1,1,7,21,-1,21,7,20,-1,3,1,22,-1,22,1,21,-1,15,3,23,-1,23,3,22,-1,14,15,17,-1,17,15,23,-1,0,2,24,-1,24,2,25,-1,2,13,25,-1,25,13,26,-1,11,27,28,-1,11,28,12,-1,12,28,26,-1,12,26,13,-1,11,9,27,-1,27,9,29,-1,4,30,31,-1,4,31,8,-1,8,31,29,-1,8,29,9,-1,4,0,30,-1,30,0,24,-1,
        ]
    }
}
Shape{
    appearance Appearance {
        material  Material 	{
            diffuseColor 1.0 0.3411764705882353 0.3411764705882353
            specularColor 0.5019607843137255 0.16862745098039217 0.16862745098039217
            ambientIntensity 0.2
            transparency 0
            shininess 0.5
        }
    }
    geometry IndexedFaceSet {
        ccw TRUE
        solid FALSE
        coord DEF co Coordinate {
            point [
                1.7992 0.5391 0.6294, 1.7992 0.5388 0.6294, 1.7992 0.5401 0.6244, 1.7992 0.5378 0.6246, 1.7992 0.541 0.621, 1.7992 0.5368 0.621, 1.7992 0.5591 0.5711, 1.7992 0.5188 0.5711, 1.7992 0.5188 0.5711
            ]
        }
        coordIndex [
            0,1,2,-1,2,1,3,-1,2,3,4,-1,4,3,5,-1,4,5,6,-1,6,5,7,-1,
        ]
    }
}
Shape{
    appearance Appearance {
        material  Material 	{
            diffuseColor 0.0 0.0 0.0
            specularColor 0.0 0.0 0.0
            ambientIntensity 0.2
            transparency 0
            shininess 0.5
        }
    }
    geometry IndexedFaceSet {
        ccw TRUE
        solid FALSE
        coord DEF co Coordinate {
            point [
                1.7996 -0.5695 0.5077, 1.7996 -0.5568 0.492, 1.7996 -0.5772 0.5832, 1.7996 -0.269 0.7333, 1.7996 -0.2638 0.7096, 1.7996 -0.222 0.7557, 1.7996 -0.592 0.7316, 1.7996 -0.573 0.7417, 1.7996 -0.5759 0.7946, 1.7996 -0.4271 0.5044, 1.7996 -0.417 0.5234, 1.7996 -0.412 0.5445, 1.7996 -0.5439 0.7984, 1.7996 -0.292 0.625, 1.7996 -0.3185 0.6703, 1.7996 -0.4116 0.5618, 1.7996 -0.4329 0.6105, 1.7996 -0.4116 0.5533, 1.7996 -0.4573 0.4778, 1.7996 -0.4403 0.4896, 1.7996 -0.519 0.5268, 1.7996 -0.512 0.5223, 1.7996 -0.5401 0.4794, 1.7996 -0.504 0.5197, 1.7996 -0.5958 0.5946, 1.7996 -0.5909 0.5299, 1.7996 -0.5781 0.526, 1.7996 -0.257 0.7096, 1.7996 -0.2408 0.7076, 1.7996 -0.2178 0.7543, 1.7996 -0.2259 0.7018, 1.7996 -0.1924 0.7416, 1.7996 -0.1692 0.722, 1.7996 -0.4427 0.801, 1.7996 -0.4867 0.8342, 1.7996 -0.4656 0.7842, 1.7996 -0.5068 0.8171, 1.7996 -0.4848 0.7613, 1.7996 -0.5243 0.7967, 1.7996 -0.4978 0.7343, 1.7996 -0.5519 0.7467, 1.7996 -0.5431 0.7471, 1.7996 -0.5341 0.7978, 1.7996 -0.5232 0.7447, 1.7996 -0.504 0.7377, 1.7996 -0.5307 0.5474, 1.7996 -0.5286 0.5396, 1.7996 -0.5247 0.5327, 1.7996 -0.5204 0.4711, 1.7996 -0.5003 0.468, 1.7996 -0.4978 0.5191, 1.7996 -0.497 0.4679, 1.7996 -0.4902 0.52, 1.7996 -0.4763 0.4704, 1.7996 -0.4827 0.5228, 1.7996 -0.4761 0.5272, 1.7996 -0.4706 0.5334, 1.7996 -0.1691 0.5627, 1.7996 -0.2089 0.5965, 1.7996 -0.1923 0.543, 1.7996 -0.2215 0.5862, 1.7996 -0.2184 0.5303, 1.7996 -0.2366 0.5793, 1.7996 -0.2468 0.5243, 1.7996 -0.2519 0.5764, 1.7996 -0.2971 0.5243, 1.7996 -0.2903 0.5764, 1.7996 -0.302 0.525, 1.7996 -0.6259 0.6824, 1.7996 -0.6819 0.6697, 1.7996 -0.6285 0.6617, 1.7996 -0.6823 0.66, 1.7996 -0.6275 0.6487, 1.7996 -0.6785 0.6282, 1.7996 -0.6214 0.6278, 1.7996 -0.6667 0.5963, 1.7996 -0.6111 0.6104, 1.7996 -0.6464 0.567, 1.7996 -0.6215 0.5454, 1.7996 -0.4666 0.564, 1.7996 -0.4647 0.556, 1.7996 -0.4647 0.549, 1.7996 -0.4666 0.5408, 1.7996 -0.2126 0.6926, 1.7996 -0.2027 0.6815, 1.7996 -0.1518 0.6977, 1.7996 -0.1948 0.6668, 1.7996 -0.1414 0.6716, 1.7996 -0.1908 0.6504, 1.7996 -0.1375 0.6438, 1.7996 -0.1904 0.643, 1.7996 -0.1414 0.6133, 1.7996 -0.1925 0.6264, 1.7996 -0.1521 0.5863, 1.7996 -0.1983 0.6111, 1.7996 -0.2077 0.5978, 1.7996 -0.6077 0.7828, 1.7996 -0.6351 0.764, 1.7996 -0.6068 0.7185, 1.7996 -0.6421 0.7574, 1.7996 -0.6186 0.7014, 1.7996 -0.6619 0.7323, 1.7996 -0.6758 0.7018, 1.7996 -0.2822 0.7608, 1.7996 -0.2372 0.7863, 1.7996 -0.3014 0.7838, 1.7996 -0.2642 0.8195, 1.7996 -0.3037 0.7859, 1.7996 -0.2681 0.8231, 1.7996 -0.3277 0.8025, 1.7996 -0.3062 0.8488, 1.7996 -0.3545 0.8128, 1.7996 -0.3491 0.8638, 1.7996 -0.3834 0.8163, 1.7996 -0.3842 0.8675, 1.7996 -0.4148 0.8123, 1.7996 -0.4202 0.8638, 1.7996 -0.46 0.8502, 1.7996 -0.531 0.5558, 1.7996 -0.5291 0.564, 1.7996 -0.5678 0.6016, 1.7996 -0.5252 0.5714, 1.7996 -0.5537 0.6177, 1.7996 -0.5197 0.5775, 1.7996 -0.5362 0.6298, 1.7996 -0.5129 0.5821, 1.7996 -0.5173 0.637, 1.7996 -0.5054 0.5849, 1.7996 -0.497 0.6395, 1.7996 -0.4978 0.5857, 1.7996 -0.4866 0.6389, 1.7996 -0.4903 0.5849, 1.7996 -0.4659 0.6338, 1.7996 -0.4824 0.582, 1.7996 -0.4478 0.6241, 1.7996 -0.4756 0.5772, 1.7996 -0.4702 0.571, 1.7996 -0.2946 0.5772, 1.7996 -0.3151 0.5332, 1.7996 -0.3131 0.5312, 1.7996 -0.292 0.5766, 1.7996 -0.3076 0.5273, 1.7996 -0.3219 0.5507, 1.7996 -0.3211 0.5444, 1.7996 -0.3189 0.5386, 1.7996 -0.3021 0.5764, 1.7996 -0.3079 0.574, 1.7996 -0.3217 0.5541, 1.7996 -0.3132 0.5703, 1.7996 -0.3167 0.5664, 1.7996 -0.32 0.5606, 1.7996 -0.2954 0.5772, 1.7992 -0.1375 0.6438, 1.7992 -0.1414 0.6716, 1.7992 -0.1636 0.7142, 1.7992 -0.1443 0.679, 1.7992 -0.1518 0.6977, 1.7992 -0.1692 0.722, 1.7992 -0.1924 0.7416, 1.7992 -0.2178 0.7543, 1.7992 -0.222 0.7557, 1.7992 -0.2372 0.7863, 1.7992 -0.2642 0.8195, 1.7992 -0.2681 0.8231, 1.7992 -0.2877 0.8363, 1.7992 -0.3062 0.8488, 1.7992 -0.3491 0.8638, 1.7992 -0.3842 0.8675, 1.7992 -0.4867 0.8342, 1.7992 -0.4832 0.8363, 1.7992 -0.46 0.8502, 1.7992 -0.4202 0.8638, 1.7992 -0.5068 0.8171, 1.7992 -0.5243 0.7967, 1.7992 -0.5341 0.7978, 1.7992 -0.5439 0.7984, 1.7992 -0.5759 0.7946, 1.7992 -0.6077 0.7828, 1.7992 -0.6351 0.764, 1.7992 -0.6421 0.7574, 1.7992 -0.6823 0.66, 1.7992 -0.6619 0.7323, 1.7992 -0.6702 0.7142, 1.7992 -0.6758 0.7018, 1.7992 -0.6802 0.679, 1.7992 -0.6819 0.6697, 1.7992 -0.6785 0.6282, 1.7992 -0.6667 0.5963, 1.7992 -0.6464 0.567, 1.7992 -0.6215 0.5454, 1.7992 -0.5909 0.5299, 1.7992 -0.5781 0.526, 1.7992 -0.577 0.5237, 1.7992 -0.5695 0.5077, 1.7992 -0.5568 0.492, 1.7992 -0.5401 0.4794, 1.7992 -0.5323 0.4761, 1.7992 -0.5204 0.4711, 1.7992 -0.5003 0.468, 1.7992 -0.497 0.4679, 1.7992 -0.4116 0.5533, 1.7992 -0.4763 0.4704, 1.7992 -0.4616 0.4761, 1.7992 -0.4573 0.4778, 1.7992 -0.4403 0.4896, 1.7992 -0.4271 0.5044, 1.7992 -0.417 0.5234, 1.7992 -0.4169 0.5237, 1.7992 -0.412 0.5445, 1.7992 -0.4116 0.5618, 1.7992 -0.292 0.625, 1.7992 -0.3185 0.6703, 1.7992 -0.4329 0.6105, 1.7992 -0.4478 0.6241, 1.7992 -0.4659 0.6338, 1.7992 -0.4866 0.6389, 1.7992 -0.497 0.6395, 1.7992 -0.5173 0.637, 1.7992 -0.5362 0.6298, 1.7992 -0.5537 0.6177, 1.7992 -0.5678 0.6016, 1.7992 -0.5772 0.5832, 1.7992 -0.5958 0.5946, 1.7992 -0.6111 0.6104, 1.7992 -0.6214 0.6278, 1.7992 -0.6275 0.6487, 1.7992 -0.6285 0.6617, 1.7992 -0.6264 0.679, 1.7992 -0.6259 0.6824, 1.7992 -0.6186 0.7014, 1.7992 -0.6097 0.7142, 1.7992 -0.6068 0.7185, 1.7992 -0.592 0.7316, 1.7992 -0.573 0.7417, 1.7992 -0.5519 0.7467, 1.7992 -0.5431 0.7471, 1.7992 -0.5232 0.7447, 1.7992 -0.504 0.7377, 1.7992 -0.4978 0.7343, 1.7992 -0.4848 0.7613, 1.7992 -0.4656 0.7842, 1.7992 -0.4427 0.801, 1.7992 -0.4148 0.8123, 1.7992 -0.3834 0.8163, 1.7992 -0.2638 0.7096, 1.7992 -0.2649 0.7142, 1.7992 -0.269 0.7333, 1.7992 -0.2822 0.7608, 1.7992 -0.3014 0.7838, 1.7992 -0.3037 0.7859, 1.7992 -0.3277 0.8025, 1.7992 -0.3545 0.8128, 1.7992 -0.257 0.7096, 1.7992 -0.2408 0.7076, 1.7992 -0.2259 0.7018, 1.7992 -0.2126 0.6926, 1.7992 -0.2027 0.6815, 1.7992 -0.2014 0.679, 1.7992 -0.1948 0.6668, 1.7992 -0.1908 0.6504, 1.7992 -0.1904 0.643, 1.7992 -0.1925 0.6264, 1.7992 -0.1983 0.6111, 1.7992 -0.2077 0.5978, 1.7992 -0.2089 0.5965, 1.7992 -0.2215 0.5862, 1.7992 -0.2366 0.5793, 1.7992 -0.2519 0.5764, 1.7992 -0.2903 0.5764, 1.7992 -0.292 0.5766, 1.7992 -0.2946 0.5772, 1.7992 -0.2954 0.5772, 1.7992 -0.3021 0.5764, 1.7992 -0.3079 0.574, 1.7992 -0.3132 0.5703, 1.7992 -0.3167 0.5664, 1.7992 -0.32 0.5606, 1.7992 -0.3217 0.5541, 1.7992 -0.3219 0.5507, 1.7992 -0.3211 0.5444, 1.7992 -0.3189 0.5386, 1.7992 -0.3151 0.5332, 1.7992 -0.3131 0.5312, 1.7992 -0.3076 0.5273, 1.7992 -0.302 0.525, 1.7992 -0.2971 0.5243, 1.7992 -0.2468 0.5243, 1.7992 -0.2184 0.5303, 1.7992 -0.1923 0.543, 1.7992 -0.1691 0.5627, 1.7992 -0.1521 0.5863, 1.7992 -0.1414 0.6133, 1.7992 -0.4978 0.5857, 1.7992 -0.4903 0.5849, 1.7992 -0.4824 0.582, 1.7992 -0.4756 0.5772, 1.7992 -0.4702 0.571, 1.7992 -0.4666 0.564, 1.7992 -0.4647 0.556, 1.7992 -0.4647 0.549, 1.7992 -0.4666 0.5408, 1.7992 -0.4706 0.5334, 1.7992 -0.4761 0.5272, 1.7992 -0.4827 0.5228, 1.7992 -0.4902 0.52, 1.7992 -0.4978 0.5191, 1.7992 -0.504 0.5197, 1.7992 -0.512 0.5223, 1.7992 -0.519 0.5268, 1.7992 -0.5247 0.5327, 1.7992 -0.5286 0.5396, 1.7992 -0.5307 0.5474, 1.7992 -0.531 0.5558, 1.7992 -0.5291 0.564, 1.7992 -0.5252 0.5714, 1.7992 -0.5197 0.5775, 1.7992 -0.5129 0.5821, 1.7992 -0.5054 0.5849, 1.7992 -0.5054 0.5849
            ]
        }
        coordIndex [
            0,1,2,-1,3,4,5,-1,6,7,8,-1,9,10,11,-1,8,7,12,-1,13,14,15,-1,15,14,16,-1,15,16,17,-1,17,16,18,-1,17,18,11,-1,11,18,19,-1,11,19,9,-1,20,1,21,-1,21,1,22,-1,21,22,23,-1,24,25,2,-1,2,25,26,-1,2,26,0,-1,4,27,5,-1,5,27,28,-1,5,28,29,-1,29,28,30,-1,29,30,31,-1,31,30,32,-1,33,34,35,-1,35,34,36,-1,35,36,37,-1,37,36,38,-1,37,38,39,-1,7,40,12,-1,12,40,41,-1,12,41,42,-1,42,41,43,-1,42,43,38,-1,38,43,44,-1,38,44,39,-1,45,2,46,-1,46,2,1,-1,46,1,47,-1,47,1,20,-1,22,48,23,-1,23,48,49,-1,23,49,50,-1,50,49,51,-1,50,51,52,-1,52,51,53,-1,52,53,54,-1,54,53,18,-1,54,18,55,-1,55,18,56,-1,57,58,59,-1,59,58,60,-1,59,60,61,-1,61,60,62,-1,61,62,63,-1,63,62,64,-1,63,64,65,-1,65,64,66,-1,65,66,67,-1,68,69,70,-1,70,69,71,-1,70,71,72,-1,72,71,73,-1,72,73,74,-1,74,73,75,-1,74,75,76,-1,76,75,77,-1,76,77,24,-1,24,77,78,-1,24,78,25,-1,79,80,16,-1,16,80,81,-1,16,81,18,-1,18,81,82,-1,18,82,56,-1,30,83,32,-1,32,83,84,-1,32,84,85,-1,85,84,86,-1,85,86,87,-1,87,86,88,-1,87,88,89,-1,89,88,90,-1,89,90,91,-1,91,90,92,-1,91,92,93,-1,93,92,94,-1,93,94,57,-1,57,94,95,-1,57,95,58,-1,8,96,6,-1,6,96,97,-1,6,97,98,-1,98,97,99,-1,98,99,100,-1,100,99,101,-1,100,101,68,-1,68,101,102,-1,68,102,69,-1,3,5,103,-1,103,5,104,-1,103,104,105,-1,105,104,106,-1,105,106,107,-1,107,106,108,-1,107,108,109,-1,109,108,110,-1,109,110,111,-1,111,110,112,-1,111,112,113,-1,113,112,114,-1,113,114,115,-1,115,114,116,-1,115,116,33,-1,33,116,117,-1,33,117,34,-1,45,118,2,-1,2,118,119,-1,2,119,120,-1,120,119,121,-1,120,121,122,-1,122,121,123,-1,122,123,124,-1,124,123,125,-1,124,125,126,-1,126,125,127,-1,126,127,128,-1,128,127,129,-1,128,129,130,-1,130,129,131,-1,130,131,132,-1,132,131,133,-1,132,133,134,-1,134,133,135,-1,134,135,16,-1,16,135,136,-1,16,136,79,-1,137,138,139,-1,66,140,67,-1,67,140,137,-1,67,137,141,-1,141,137,139,-1,142,143,137,-1,137,143,144,-1,137,144,138,-1,145,146,147,-1,146,148,147,-1,147,148,149,-1,147,149,150,-1,142,137,147,-1,147,137,151,-1,147,151,145,-1,89,152,153,-1,154,32,85,-1,89,153,87,-1,87,153,155,-1,87,155,85,-1,85,155,156,-1,85,156,154,-1,154,157,32,-1,32,157,158,-1,32,158,31,-1,31,158,159,-1,31,159,29,-1,29,159,160,-1,29,160,5,-1,5,160,161,-1,5,161,104,-1,104,161,162,-1,104,162,106,-1,106,162,163,-1,106,163,108,-1,110,108,164,-1,164,108,163,-1,164,165,110,-1,110,165,166,-1,110,166,112,-1,112,166,167,-1,112,167,114,-1,168,34,169,-1,169,34,117,-1,169,117,170,-1,170,117,116,-1,170,116,171,-1,171,116,114,-1,171,114,167,-1,34,168,172,-1,34,172,36,-1,36,172,173,-1,36,173,38,-1,38,173,174,-1,38,174,42,-1,42,174,175,-1,42,175,12,-1,12,175,176,-1,12,176,8,-1,8,176,177,-1,8,177,96,-1,96,177,178,-1,96,178,97,-1,97,178,179,-1,97,179,99,-1,180,71,69,-1,99,179,181,-1,99,181,101,-1,101,181,182,-1,101,182,102,-1,182,183,102,-1,102,183,184,-1,102,184,69,-1,69,184,185,-1,69,185,180,-1,71,180,186,-1,71,186,73,-1,73,186,187,-1,73,187,75,-1,75,187,188,-1,75,188,77,-1,77,188,189,-1,77,189,78,-1,78,189,190,-1,78,190,25,-1,25,190,191,-1,25,191,26,-1,26,191,192,-1,26,192,0,-1,192,193,0,-1,0,193,194,-1,0,194,1,-1,1,194,195,-1,1,195,22,-1,22,195,196,-1,22,196,48,-1,196,197,48,-1,48,197,198,-1,48,198,49,-1,49,198,199,-1,49,199,51,-1,200,17,11,-1,51,199,201,-1,51,201,53,-1,53,201,202,-1,53,202,18,-1,202,203,18,-1,18,203,204,-1,18,204,19,-1,19,204,205,-1,19,205,9,-1,9,205,206,-1,9,206,10,-1,10,206,207,-1,10,207,11,-1,11,207,208,-1,11,208,200,-1,15,17,209,-1,209,17,200,-1,13,15,210,-1,210,15,209,-1,14,13,211,-1,211,13,210,-1,16,14,212,-1,212,14,211,-1,16,212,213,-1,16,213,134,-1,134,213,214,-1,134,214,132,-1,132,214,215,-1,132,215,130,-1,130,215,216,-1,130,216,128,-1,128,216,217,-1,128,217,126,-1,126,217,218,-1,126,218,124,-1,124,218,219,-1,124,219,122,-1,122,219,220,-1,122,220,120,-1,120,220,221,-1,120,221,2,-1,2,221,222,-1,2,222,24,-1,24,222,223,-1,24,223,76,-1,76,223,224,-1,76,224,74,-1,74,224,225,-1,74,225,72,-1,72,225,226,-1,72,226,70,-1,68,70,227,-1,227,70,226,-1,227,228,68,-1,68,228,229,-1,68,229,100,-1,100,229,230,-1,100,230,98,-1,230,231,98,-1,98,231,232,-1,98,232,6,-1,6,232,233,-1,6,233,7,-1,7,233,234,-1,7,234,40,-1,40,234,235,-1,40,235,41,-1,41,235,236,-1,41,236,43,-1,43,236,237,-1,43,237,44,-1,44,237,238,-1,44,238,39,-1,39,238,239,-1,39,239,37,-1,37,239,240,-1,37,240,35,-1,35,240,241,-1,35,241,33,-1,33,241,242,-1,33,242,115,-1,115,242,243,-1,115,243,113,-1,244,4,245,-1,245,4,3,-1,245,3,246,-1,246,3,103,-1,246,103,247,-1,247,103,105,-1,247,105,248,-1,248,105,107,-1,248,107,249,-1,249,107,109,-1,249,109,250,-1,250,109,111,-1,250,111,251,-1,251,111,113,-1,251,113,243,-1,27,4,252,-1,252,4,244,-1,27,252,253,-1,27,253,28,-1,28,253,254,-1,28,254,30,-1,30,254,255,-1,30,255,83,-1,83,255,256,-1,83,256,84,-1,84,256,257,-1,84,257,86,-1,257,258,86,-1,86,258,259,-1,86,259,88,-1,88,259,260,-1,88,260,90,-1,90,260,261,-1,90,261,92,-1,92,261,262,-1,92,262,94,-1,94,262,263,-1,94,263,95,-1,95,263,264,-1,95,264,58,-1,58,264,265,-1,58,265,60,-1,60,265,266,-1,60,266,62,-1,62,266,267,-1,62,267,64,-1,66,64,268,-1,268,64,267,-1,66,268,269,-1,66,269,140,-1,140,269,270,-1,140,270,137,-1,137,270,271,-1,137,271,151,-1,151,271,272,-1,151,272,145,-1,145,272,273,-1,145,273,146,-1,146,273,274,-1,146,274,148,-1,148,274,275,-1,148,275,149,-1,149,275,276,-1,149,276,150,-1,150,276,277,-1,150,277,147,-1,147,277,278,-1,147,278,142,-1,142,278,279,-1,142,279,143,-1,143,279,280,-1,143,280,144,-1,144,280,281,-1,144,281,138,-1,138,281,282,-1,138,282,139,-1,139,282,283,-1,139,283,141,-1,141,283,284,-1,141,284,67,-1,67,284,285,-1,67,285,65,-1,63,65,286,-1,286,65,285,-1,63,286,287,-1,63,287,61,-1,61,287,288,-1,61,288,59,-1,59,288,289,-1,59,289,57,-1,57,289,290,-1,57,290,93,-1,93,290,291,-1,93,291,91,-1,91,291,152,-1,91,152,89,-1,129,292,293,-1,129,293,131,-1,131,293,294,-1,131,294,133,-1,133,294,295,-1,133,295,135,-1,135,295,296,-1,135,296,136,-1,136,296,297,-1,136,297,79,-1,79,297,298,-1,79,298,80,-1,80,298,299,-1,80,299,81,-1,81,299,300,-1,81,300,82,-1,82,300,301,-1,82,301,56,-1,56,301,302,-1,56,302,55,-1,55,302,303,-1,55,303,54,-1,54,303,304,-1,54,304,52,-1,52,304,305,-1,52,305,50,-1,50,305,306,-1,50,306,23,-1,23,306,307,-1,23,307,21,-1,21,307,308,-1,21,308,20,-1,20,308,309,-1,20,309,47,-1,47,309,310,-1,47,310,46,-1,46,310,311,-1,46,311,45,-1,45,311,312,-1,45,312,118,-1,118,312,313,-1,118,313,119,-1,119,313,314,-1,119,314,121,-1,121,314,315,-1,121,315,123,-1,123,315,316,-1,123,316,125,-1,125,316,317,-1,125,317,127,-1,127,317,292,-1,127,292,129,-1,
        ]
    }
}
Shape{
    appearance Appearance {
        material  Material 	{
            diffuseColor 1.0 0.3411764705882353 0.3411764705882353
            specularColor 0.5019607843137255 0.16862745098039217 0.16862745098039217
            ambientIntensity 0.2
            transparency 0
            shininess 0.5
        }
    }
    geometry IndexedFaceSet {
        ccw TRUE
        solid FALSE
        coord DEF co Coordinate {
            point [
                1.7992 -0.504 0.5197, 1.7992 -0.4978 0.5191, 1.7992 -0.4978 0.5857, 1.7992 -0.4647 0.556, 1.7992 -0.4647 0.549, 1.7992 -0.4902 0.52, 1.7992 -0.4827 0.5228, 1.7992 -0.4666 0.564, 1.7992 -0.4702 0.571, 1.7992 -0.4756 0.5772, 1.7992 -0.4824 0.582, 1.7992 -0.4903 0.5849, 1.7992 -0.5054 0.5849, 1.7992 -0.5129 0.5821, 1.7992 -0.512 0.5223, 1.7992 -0.519 0.5268, 1.7992 -0.4761 0.5272, 1.7992 -0.4706 0.5334, 1.7992 -0.4666 0.5408, 1.7992 -0.5291 0.564, 1.7992 -0.531 0.5558, 1.7992 -0.5252 0.5714, 1.7992 -0.5307 0.5474, 1.7992 -0.5197 0.5775, 1.7992 -0.5286 0.5396, 1.7992 -0.5247 0.5327, 1.7992 -0.5247 0.5327
            ]
        }
        coordIndex [
            0,1,2,-1,3,1,4,-1,4,1,5,-1,4,5,6,-1,3,7,1,-1,1,7,8,-1,1,8,9,-1,9,10,1,-1,1,10,11,-1,1,11,2,-1,2,12,0,-1,0,12,13,-1,0,13,14,-1,14,13,15,-1,6,16,4,-1,4,16,17,-1,4,17,18,-1,19,20,21,-1,21,20,22,-1,21,22,23,-1,23,22,24,-1,23,24,13,-1,13,24,25,-1,13,25,15,-1,
        ]
    }
}