ISO-10303-21;
HEADER;
FILE_DESCRIPTION (( 'STEP AP214' ),
    '1' );
FILE_NAME ('TDFN-8_L2.0-W2.0-P0.50-TL-EP.STEP',
    '2022-05-09T15:17:36',
    ( '' ),
    ( '' ),
    'SwSTEP 2.0',
    'SolidWorks 2020',
    '' );
FILE_SCHEMA (( 'AUTOMOTIVE_DESIGN' ));
ENDSEC;

DATA;
#1 = LINE ( 'NONE', #2424, #3643 ) ;
#2 = ORIENTED_EDGE ( 'NONE', *, *, #7899, .F. ) ;
#3 = CARTESIAN_POINT ( 'NONE',  ( 0.02952510337557871442, -0.9105013749655840316, 0.000000000000000000 ) ) ;
#4 = CARTESIAN_POINT ( 'NONE',  ( -0.1158119426948674563, -0.8889712594174321580, 0.000000000000000000 ) ) ;
#5 = ADVANCED_FACE ( 'NONE', ( #654, #5037, #82 ), #700, .F. ) ;
#6 = EDGE_CURVE ( 'NONE', #8068, #4440, #3715, .T. ) ;
#7 = CARTESIAN_POINT ( 'NONE',  ( -0.1107187990634456859, -0.8595295761850962890, 0.01000000000000000021 ) ) ;
#8 = ORIENTED_EDGE ( 'NONE', *, *, #7296, .F. ) ;
#9 =( NAMED_UNIT ( * ) PLANE_ANGLE_UNIT ( ) SI_UNIT ( $, .RADIAN. ) );
#10 = CARTESIAN_POINT ( 'NONE',  ( 0.000000000000000000, 0.000000000000000000, 0.01000000000000000021 ) ) ;
#11 = AXIS2_PLACEMENT_3D ( 'NONE', #4922, #2362, #6673 ) ;
#12 = CARTESIAN_POINT ( 'NONE',  ( 0.1234275423999689758, -0.8623878078924133161, 0.000000000000000000 ) ) ;
#13 = CARTESIAN_POINT ( 'NONE',  ( 0.05730840492404887243, -0.8227181600868352929, 0.000000000000000000 ) ) ;
#14 = EDGE_CURVE ( 'NONE', #4327, #7206, #110, .T. ) ;
#15 = CARTESIAN_POINT ( 'NONE',  ( -0.05706026247807985396, -0.8995257652094864609, 0.000000000000000000 ) ) ;
#16 = DIRECTION ( 'NONE',  ( 0.000000000000000000, 0.000000000000000000, 1.000000000000000000 ) ) ;
#17 = ORIENTED_EDGE ( 'NONE', *, *, #2431, .F. ) ;
#18 = DIRECTION ( 'NONE',  ( -0.000000000000000000, 0.000000000000000000, 1.000000000000000000 ) ) ;
#19 = COLOUR_RGB ( '',0.2980392156862745057, 0.2980392156862745057, 0.2980392156862745057 ) ;
#20 = ORIENTED_EDGE ( 'NONE', *, *, #6801, .F. ) ;
#21 = CARTESIAN_POINT ( 'NONE',  ( -0.2216944088195432483, -0.9105013749655840316, 0.000000000000000000 ) ) ;
#22 = CARTESIAN_POINT ( 'NONE',  ( -0.05706026247807985396, -0.8995257652094864609, 0.01000000000000000021 ) ) ;
#23 = UNCERTAINTY_MEASURE_WITH_UNIT (LENGTH_MEASURE( 1.000000000000000082E-05 ), #1555, 'distance_accuracy_value', 'NONE');
#24 =( NAMED_UNIT ( * ) PLANE_ANGLE_UNIT ( ) SI_UNIT ( $, .RADIAN. ) );
#25 = PRESENTATION_STYLE_ASSIGNMENT (( #5669 ) ) ;
#26 = EDGE_CURVE ( 'NONE', #3387, #323, #6499, .T. ) ;
#27 = FACE_OUTER_BOUND ( 'NONE', #1291, .T. ) ;
#28 = LINE ( 'NONE', #4483, #2724 ) ;
#29 = FILL_AREA_STYLE_COLOUR ( '', #4578 ) ;
#30 =( GEOMETRIC_REPRESENTATION_CONTEXT ( 3 ) GLOBAL_UNCERTAINTY_ASSIGNED_CONTEXT ( ( #6058 ) ) GLOBAL_UNIT_ASSIGNED_CONTEXT ( ( #7822, #5985, #2231 ) ) REPRESENTATION_CONTEXT ( 'NONE', 'WORKASPACE' ) );
#31 = SURFACE_SIDE_STYLE ('',( #4485 ) ) ;
#32 = LINE ( 'NONE', #6324, #4064 ) ;
#33 = ORIENTED_EDGE ( 'NONE', *, *, #1676, .F. ) ;
#34 = LINE ( 'NONE', #6857, #7635 ) ;
#35 = PRESENTATION_STYLE_ASSIGNMENT (( #5601 ) ) ;
#36 = LINE ( 'NONE', #1977, #6803 ) ;
#37 = CARTESIAN_POINT ( 'NONE',  ( -0.000000000000000000, -0.8544038139899742257, 0.01000000000000000021 ) ) ;
#38 = CARTESIAN_POINT ( 'NONE',  ( 1.010000000000000453, 0.6250000000000000000, -0.02000000000000000042 ) ) ;
#39 = UNCERTAINTY_MEASURE_WITH_UNIT (LENGTH_MEASURE( 1.000000000000000082E-05 ), #3581, 'distance_accuracy_value', 'NONE');
#40 = CARTESIAN_POINT ( 'NONE',  ( -0.02413343320978715567, -0.9105013749655840316, 0.000000000000000000 ) ) ;
#41 =( NAMED_UNIT ( * ) SI_UNIT ( $, .STERADIAN. ) SOLID_ANGLE_UNIT ( ) );
#42 = LINE ( 'NONE', #2552, #1553 ) ;
#43 = MECHANICAL_DESIGN_GEOMETRIC_PRESENTATION_REPRESENTATION (  '', ( #1101 ), #5962 ) ;
#44 = LINE ( 'NONE', #7610, #2731 ) ;
#45 = DIRECTION ( 'NONE',  ( 0.000000000000000000, 0.000000000000000000, -1.000000000000000000 ) ) ;
#46 = CARTESIAN_POINT ( 'NONE',  ( -0.08757914203029729117, -0.8237949007326325068, 0.01000000000000000021 ) ) ;
#47 = ORIENTED_EDGE ( 'NONE', *, *, #6493, .T. ) ;
#48 = FACE_OUTER_BOUND ( 'NONE', #1202, .T. ) ;
#49 = PRESENTATION_LAYER_ASSIGNMENT (  '', '', ( #576 ) ) ;
#50 = DIRECTION ( 'NONE',  ( -0.000000000000000000, 0.000000000000000000, 1.000000000000000000 ) ) ;
#51 = SURFACE_STYLE_USAGE ( .BOTH. , #5696 ) ;
#52 = COLOUR_RGB ( '',0.8313725490196077761, 0.8313725490196077761, 0.8196078431372548767 ) ;
#53 = SURFACE_SIDE_STYLE ('',( #5126 ) ) ;
#55 = EDGE_LOOP ( 'NONE', ( #4297, #4364, #96, #2000, #5900, #924, #6579, #3434, #20, #1987, #283, #3398, #112, #2244, #5342, #1683, #2884, #5461, #6105, #1018 ) ) ;
#54 =( GEOMETRIC_REPRESENTATION_CONTEXT ( 3 ) GLOBAL_UNCERTAINTY_ASSIGNED_CONTEXT ( ( #1348 ) ) GLOBAL_UNIT_ASSIGNED_CONTEXT ( ( #3740, #6327, #5561 ) ) REPRESENTATION_CONTEXT ( 'NONE', 'WORKASPACE' ) );
#56 = ORIENTED_EDGE ( 'NONE', *, *, #6638, .T. ) ;
#57 = PRESENTATION_STYLE_ASSIGNMENT (( #6233 ) ) ;
#58 = ADVANCED_FACE ( 'NONE', ( #6456 ), #1573, .F. ) ;
#59 = EDGE_CURVE ( 'NONE', #3416, #7317, #2634, .T. ) ;
#60 = LINE ( 'NONE', #7549, #345 ) ;
#61 = DIRECTION ( 'NONE',  ( -1.000000000000000000, 0.000000000000000000, 0.000000000000000000 ) ) ;
#62 = VECTOR ( 'NONE', #4801, 1000.000000000000000 ) ;
#63 = PRESENTATION_LAYER_ASSIGNMENT (  '', '', ( #5459 ) ) ;
#64 = LINE ( 'NONE', #5749, #6244 ) ;
#65 = SURFACE_STYLE_FILL_AREA ( #5708 ) ;
#66 = DIRECTION ( 'NONE',  ( 1.000000000000000000, 0.000000000000000000, 0.000000000000000000 ) ) ;
#67 = CARTESIAN_POINT ( 'NONE',  ( -0.1969421222341773969, -0.8824525944777792397, 0.000000000000000000 ) ) ;
#68 = PRESENTATION_LAYER_ASSIGNMENT (  '', '', ( #859 ) ) ;
#69 = EDGE_CURVE ( 'NONE', #4891, #7412, #7680, .T. ) ;
#70 = DIRECTION ( 'NONE',  ( -0.000000000000000000, -0.000000000000000000, 1.000000000000000000 ) ) ;
#71 = ORIENTED_EDGE ( 'NONE', *, *, #3837, .F. ) ;
#72 = DIRECTION ( 'NONE',  ( -1.000000000000000000, 0.000000000000000000, 0.000000000000000000 ) ) ;
#73 = FACE_OUTER_BOUND ( 'NONE', #1290, .T. ) ;
#74 = LINE ( 'NONE', #3280, #6798 ) ;
#75 = PRESENTATION_STYLE_ASSIGNMENT (( #5029 ) ) ;
#76 = PRESENTATION_STYLE_ASSIGNMENT (( #1940 ) ) ;
#77 = PRESENTATION_STYLE_ASSIGNMENT (( #1941 ) ) ;
#78 =( GEOMETRIC_REPRESENTATION_CONTEXT ( 3 ) GLOBAL_UNCERTAINTY_ASSIGNED_CONTEXT ( ( #1256 ) ) GLOBAL_UNIT_ASSIGNED_CONTEXT ( ( #6721, #7383, #6166 ) ) REPRESENTATION_CONTEXT ( 'NONE', 'WORKASPACE' ) );
#79 = CARTESIAN_POINT ( 'NONE',  ( 0.09087161714881997199, -0.8245577951219246193, 0.000000000000000000 ) ) ;
#80 = AXIS2_PLACEMENT_3D ( 'NONE', #7583, #8114, #1842 ) ;
#81 = SURFACE_SIDE_STYLE ('',( #1493 ) ) ;
#82 = FACE_OUTER_BOUND ( 'NONE', #1218, .T. ) ;
#83 = COLOUR_RGB ( '',0.8313725490196077761, 0.8313725490196077761, 0.8196078431372548767 ) ;
#84 = VERTEX_POINT ( 'NONE', #5898 ) ;
#85 = VECTOR ( 'NONE', #2050, 1000.000000000000000 ) ;
#86 = COLOUR_RGB ( '',0.8313725490196077761, 0.8313725490196077761, 0.8196078431372548767 ) ;
#87 = PRESENTATION_LAYER_ASSIGNMENT (  '', '', ( #5361 ) ) ;
#88 = DIRECTION ( 'NONE',  ( 0.000000000000000000, 1.000000000000000000, 0.000000000000000000 ) ) ;
#89 = SURFACE_SIDE_STYLE ('',( #166 ) ) ;
#90 = LINE ( 'NONE', #748, #7821 ) ;
#91 = CIRCLE ( 'NONE', #3112, 0.05000000000000002359 ) ;
#92 = DIRECTION ( 'NONE',  ( 0.000000000000000000, -0.000000000000000000, -1.000000000000000000 ) ) ;
#93 = VECTOR ( 'NONE', #7709, 1000.000000000000000 ) ;
#94 = CARTESIAN_POINT ( 'NONE',  ( -0.1127657485068189469, -0.8271084791742354669, 0.000000000000000000 ) ) ;
#95 = VECTOR ( 'NONE', #4543, 1000.000000000000000 ) ;
#96 = ORIENTED_EDGE ( 'NONE', *, *, #5050, .F. ) ;
#97 = LINE ( 'NONE', #5047, #3908 ) ;
#98 = VERTEX_POINT ( 'NONE', #2026 ) ;
#99 = COLOUR_RGB ( '',0.8313725490196077761, 0.8313725490196077761, 0.8196078431372548767 ) ;
#100 = LINE ( 'NONE', #594, #1589 ) ;
#101 = CARTESIAN_POINT ( 'NONE',  ( -0.05706026247807985396, -0.8214769847216816245, 0.000000000000000000 ) ) ;
#102 = CARTESIAN_POINT ( 'NONE',  ( 0.06021615207954084809, -0.8218288600038667902, 0.000000000000000000 ) ) ;
#103 = CARTESIAN_POINT ( 'NONE',  ( -0.6850000000000007194, -0.6750000000000000444, -0.02000000000000000042 ) ) ;
#104 =( LENGTH_UNIT ( ) NAMED_UNIT ( * ) SI_UNIT ( .MILLI., .METRE. ) );
#105 = EDGE_CURVE ( 'NONE', #2235, #5325, #7730, .T. ) ;
#106 = ADVANCED_FACE ( 'NONE', ( #5931 ), #1533, .F. ) ;
#107 = ORIENTED_EDGE ( 'NONE', *, *, #14, .T. ) ;
#108 =( LENGTH_UNIT ( ) NAMED_UNIT ( * ) SI_UNIT ( .MILLI., .METRE. ) );
#109 = SURFACE_STYLE_USAGE ( .BOTH. , #1933 ) ;
#110 = B_SPLINE_CURVE_WITH_KNOTS ( 'NONE', 3,
 ( #7, #5118, #6380, #2481, #1871, #3206, #7612, #2518, #1986, #4429, #6913, #3164, #4503, #46, #2556, #5074, #948, #2061, #4717 ),
 .UNSPECIFIED., .F., .F.,
 ( 4, 1, 1, 1, 1, 1, 1, 1, 1, 1, 1, 1, 1, 1, 1, 1, 4 ),
 ( 0.000000000000000000, 0.07430379644281459584, 0.1443936103644171132, 0.2104994961032790046, 0.2735426065034673448, 0.3338247445790724632, 0.3925296724085018396, 0.4500874545995853793, 0.5078206115557872824, 0.5654649127768467398, 0.6231487223336192871, 0.6812971927909353687, 0.7409134981565809186, 0.8018557521958580292, 0.8652412377209433014, 0.9309416570467442531, 1.000000000000000000 ),
 .UNSPECIFIED. ) ;
#111 = UNCERTAINTY_MEASURE_WITH_UNIT (LENGTH_MEASURE( 1.000000000000000082E-05 ), #3696, 'distance_accuracy_value', 'NONE');
#112 = ORIENTED_EDGE ( 'NONE', *, *, #3795, .F. ) ;
#113 = LINE ( 'NONE', #6901, #548 ) ;
#114 =( NAMED_UNIT ( * ) SI_UNIT ( $, .STERADIAN. ) SOLID_ANGLE_UNIT ( ) );
#115 = EDGE_CURVE ( 'NONE', #4989, #6476, #5157, .T. ) ;
#116 = CARTESIAN_POINT ( 'NONE',  ( 0.1831836399609446109, -0.9105013749655840316, 0.000000000000000000 ) ) ;
#117 = CARTESIAN_POINT ( 'NONE',  ( 0.06263286833092136796, -0.8097988790188859198, 0.000000000000000000 ) ) ;
#118 = CARTESIAN_POINT ( 'NONE',  ( -0.1158119426948674563, -0.8889712594174321580, 0.01000000000000000021 ) ) ;
#119 = FILL_AREA_STYLE_COLOUR ( '', #6653 ) ;
#120 = DIRECTION ( 'NONE',  ( -0.000000000000000000, -0.000000000000000000, 1.000000000000000000 ) ) ;
#121 = UNCERTAINTY_MEASURE_WITH_UNIT (LENGTH_MEASURE( 1.000000000000000082E-05 ), #3690, 'distance_accuracy_value', 'NONE');
#122 = LINE ( 'NONE', #2632, #6033 ) ;
#123 = CARTESIAN_POINT ( 'NONE',  ( -1.010000000000000453, 0.8749999999999998890, 0.2500000000000000000 ) ) ;
#124 = UNCERTAINTY_MEASURE_WITH_UNIT (LENGTH_MEASURE( 1.000000000000000082E-05 ), #4319, 'distance_accuracy_value', 'NONE');
#125 = ORIENTED_EDGE ( 'NONE', *, *, #558, .F. ) ;
#126 = UNCERTAINTY_MEASURE_WITH_UNIT (LENGTH_MEASURE( 1.000000000000000082E-05 ), #3336, 'distance_accuracy_value', 'NONE');
#127 = CARTESIAN_POINT ( 'NONE',  ( 0.9999999999999993339, -0.6250000000000001110, 0.000000000000000000 ) ) ;
#128 = CARTESIAN_POINT ( 'NONE',  ( 0.04983331084859531079, -0.8129221584415210478, 0.000000000000000000 ) ) ;
#129 = DIRECTION ( 'NONE',  ( -0.3635424856527061932, -0.9315776194850602376, 0.000000000000000000 ) ) ;
#130 = FACE_BOUND ( 'NONE', #1079, .T. ) ;
#131 = CARTESIAN_POINT ( 'NONE',  ( -1.000000000000000888, 0.8750000000000000000, 0.2500000000000000000 ) ) ;
#132 = PLANE ( 'NONE',  #80 ) ;
#133 = ORIENTED_EDGE ( 'NONE', *, *, #5692, .T. ) ;
#134 = ORIENTED_EDGE ( 'NONE', *, *, #5197, .F. ) ;
#135 =( NAMED_UNIT ( * ) PLANE_ANGLE_UNIT ( ) SI_UNIT ( $, .RADIAN. ) );
#136 = DIRECTION ( 'NONE',  ( -0.000000000000000000, 0.000000000000000000, 1.000000000000000000 ) ) ;
#137 = CARTESIAN_POINT ( 'NONE',  ( 0.04992533706030581608, -0.8261438942518019024, 0.01000000000000000021 ) ) ;
#138 = LINE ( 'NONE', #3815, #5597 ) ;
#139 = CARTESIAN_POINT ( 'NONE',  ( -1.000000000000000888, 0.9999999999999991118, 0.2500000000000000000 ) ) ;
#140 = COLOUR_RGB ( '',0.8313725490196077761, 0.8313725490196077761, 0.8196078431372548767 ) ;
#141 = CARTESIAN_POINT ( 'NONE',  ( 0.1203308943537243214, -0.8824604645188505181, 0.01000000000000000021 ) ) ;
#142 = ORIENTED_EDGE ( 'NONE', *, *, #920, .T. ) ;
#143 = LINE ( 'NONE', #3817, #4978 ) ;
#144 = CYLINDRICAL_SURFACE ( 'NONE', #4793, 0.04999999999999991257 ) ;
#145 = PLANE ( 'NONE',  #3705 ) ;
#146 = VECTOR ( 'NONE', #227, 1000.000000000000000 ) ;
#147 = EDGE_CURVE ( 'NONE', #931, #2958, #4134, .T. ) ;
#148 = EDGE_LOOP ( 'NONE', ( #2394, #2614, #3548, #5727 ) ) ;
#149 = ADVANCED_FACE ( 'NONE', ( #4259 ), #2385, .F. ) ;
#150 = FILL_AREA_STYLE_COLOUR ( '', #6402 ) ;
#151 = SURFACE_STYLE_USAGE ( .BOTH. , #267 ) ;
#152 = CARTESIAN_POINT ( 'NONE',  ( 0.04983331084859531079, -0.8129221584415210478, 0.000000000000000000 ) ) ;
#153 = CARTESIAN_POINT ( 'NONE',  ( -0.1240138809298189093, -0.8648348328941803942, 0.01000000000000000021 ) ) ;
#154 = STYLED_ITEM ( 'NONE', ( #5788 ), #1137 ) ;
#155 = VECTOR ( 'NONE', #2506, 1000.000000000000000 ) ;
#156 = EDGE_CURVE ( 'NONE', #3784, #4572, #6697, .T. ) ;
#157 = PRESENTATION_STYLE_ASSIGNMENT (( #908 ) ) ;
#158 = EDGE_CURVE ( 'NONE', #1454, #3228, #1611, .T. ) ;
#159 = PLANE ( 'NONE',  #6148 ) ;
#160 = LINE ( 'NONE', #2669, #6667 ) ;
#161 = DIRECTION ( 'NONE',  ( -0.000000000000000000, -0.000000000000000000, 1.000000000000000000 ) ) ;
#162 = VERTEX_POINT ( 'NONE', #7396 ) ;
#163 = EDGE_CURVE ( 'NONE', #170, #1035, #1074, .T. ) ;
#164 = FILL_AREA_STYLE ('',( #3289 ) ) ;
#165 = VECTOR ( 'NONE', #4080, 1000.000000000000000 ) ;
#166 = SURFACE_STYLE_FILL_AREA ( #4640 ) ;
#167 = PRESENTATION_STYLE_ASSIGNMENT (( #3930 ) ) ;
#168 = FILL_AREA_STYLE_COLOUR ( '', #7422 ) ;
#169 = EDGE_LOOP ( 'NONE', ( #3503, #6080, #1782, #33, #2151, #6181 ) ) ;
#170 = VERTEX_POINT ( 'NONE', #3501 ) ;
#171 = ORIENTED_EDGE ( 'NONE', *, *, #2571, .T. ) ;
#172 =( GEOMETRIC_REPRESENTATION_CONTEXT ( 3 ) GLOBAL_UNCERTAINTY_ASSIGNED_CONTEXT ( ( #1500 ) ) GLOBAL_UNIT_ASSIGNED_CONTEXT ( ( #3240, #1862, #7487 ) ) REPRESENTATION_CONTEXT ( 'NONE', 'WORKASPACE' ) );
#173 = SURFACE_STYLE_USAGE ( .BOTH. , #4647 ) ;
#174 = CARTESIAN_POINT ( 'NONE',  ( 0.05169333744757354659, -0.8251165528468537014, 0.01000000000000000021 ) ) ;
#175 = MECHANICAL_DESIGN_GEOMETRIC_PRESENTATION_REPRESENTATION (  '', ( #3198 ), #7657 ) ;
#176 = LINE ( 'NONE', #7746, #3710 ) ;
#177 = COLOUR_RGB ( '',0.8313725490196077761, 0.8313725490196077761, 0.8196078431372548767 ) ;
#178 = ORIENTED_EDGE ( 'NONE', *, *, #6012, .T. ) ;
#179 = LINE ( 'NONE', #6939, #1549 ) ;
#180 = CARTESIAN_POINT ( 'NONE',  ( -0.1460846527219823165, -0.9105013749655840316, 0.000000000000000000 ) ) ;
#181 = VECTOR ( 'NONE', #1923, 1000.000000000000000 ) ;
#182 = VERTEX_POINT ( 'NONE', #7282 ) ;
#183 = MECHANICAL_DESIGN_GEOMETRIC_PRESENTATION_REPRESENTATION (  '', ( #4294 ), #4420 ) ;
#184 = FACE_OUTER_BOUND ( 'NONE', #3527, .T. ) ;
#185 = SURFACE_STYLE_FILL_AREA ( #7714 ) ;
#186 = EDGE_LOOP ( 'NONE', ( #5506, #3296, #976, #6588 ) ) ;
#187 = SURFACE_SIDE_STYLE ('',( #1563 ) ) ;
#188 = CARTESIAN_POINT ( 'NONE',  ( -0.1081917437488316980, -0.8763465698690319217, 0.01000000000000000021 ) ) ;
#189 = CARTESIAN_POINT ( 'NONE',  ( 0.07245574361948114994, -0.8202574725265596722, 0.01000000000000000021 ) ) ;
#190 = STYLED_ITEM ( 'NONE', ( #1222 ), #1326 ) ;
#191 = CARTESIAN_POINT ( 'NONE',  ( -0.7621383144406077559, -1.010000000000002673, 0.1817582956874659594 ) ) ;
#192 = SURFACE_STYLE_USAGE ( .BOTH. , #820 ) ;
#193 = CARTESIAN_POINT ( 'NONE',  ( -0.1748156995667304592, -0.8266386796399650683, 0.01000000000000000021 ) ) ;
#194 = ADVANCED_FACE ( 'NONE', ( #2911 ), #5437, .F. ) ;
#195 = EDGE_CURVE ( 'NONE', #2168, #2283, #5524, .T. ) ;
#196 = UNCERTAINTY_MEASURE_WITH_UNIT (LENGTH_MEASURE( 1.000000000000000082E-05 ), #7170, 'distance_accuracy_value', 'NONE');
#197 = ORIENTED_EDGE ( 'NONE', *, *, #5646, .F. ) ;
#198 = STYLED_ITEM ( 'NONE', ( #7221 ), #7348 ) ;
#199 = LINE ( 'NONE', #3257, #5718 ) ;
#200 = LINE ( 'NONE', #7122, #5857 ) ;
#201 =( GEOMETRIC_REPRESENTATION_CONTEXT ( 3 ) GLOBAL_UNCERTAINTY_ASSIGNED_CONTEXT ( ( #2308 ) ) GLOBAL_UNIT_ASSIGNED_CONTEXT ( ( #2306, #1699, #5326 ) ) REPRESENTATION_CONTEXT ( 'NONE', 'WORKASPACE' ) );
#202 = FACE_OUTER_BOUND ( 'NONE', #6545, .T. ) ;
#203 = ORIENTED_EDGE ( 'NONE', *, *, #7463, .F. ) ;
#204 = LINE ( 'NONE', #6427, #3507 ) ;
#205 = COLOUR_RGB ( '',0.8313725490196077761, 0.8313725490196077761, 0.8196078431372548767 ) ;
#206 = EDGE_CURVE ( 'NONE', #931, #4014, #6820, .T. ) ;
#207 = ORIENTED_EDGE ( 'NONE', *, *, #4305, .F. ) ;
#208 = EDGE_LOOP ( 'NONE', ( #5741, #3340, #807, #3042, #6551, #306, #1267, #541, #3308, #991, #4874, #5439 ) ) ;
#209 = VECTOR ( 'NONE', #3586, 1000.000000000000000 ) ;
#210 = MECHANICAL_DESIGN_GEOMETRIC_PRESENTATION_REPRESENTATION (  '', ( #2196 ), #6403 ) ;
#211 = AXIS2_PLACEMENT_3D ( 'NONE', #3541, #7891, #7974 ) ;
#212 = CARTESIAN_POINT ( 'NONE',  ( -0.08393045475236146635, -0.8227406453759827931, 0.01000000000000000021 ) ) ;
#213 = VECTOR ( 'NONE', #2647, 1000.000000000000000 ) ;
#214 = DIRECTION ( 'NONE',  ( 1.295806485471852505E-16, 1.000000000000000000, 0.000000000000000000 ) ) ;
#215 = B_SPLINE_SURFACE_WITH_KNOTS ( 'NONE', 3, 1, ( 
 ( #3311, #7628 ),
 ( #6411, #7755 ),
 ( #773, #2123 ),
 ( #2047, #7140 ),
 ( #1522, #6523 ),
 ( #897, #3402 ),
 ( #262, #1017 ),
 ( #1762, #4205 ),
 ( #3439, #4861 ),
 ( #5385, #4240 ),
 ( #3530, #4123 ),
 ( #975, #7306 ),
 ( #1682, #6050 ),
 ( #6562, #5426 ),
 ( #386, #3486 ),
 ( #936, #2210 ),
 ( #2897, #6642 ),
 ( #7843, #6681 ),
 ( #1596, #4164 ) ),
 .UNSPECIFIED., .F., .F., .F.,
 ( 4, 1, 1, 1, 1, 1, 1, 1, 1, 1, 1, 1, 1, 1, 1, 1, 4 ),
 ( 2, 2 ),
 ( 0.000000000000000000, 0.07377411937406361253, 0.1440791147260406802, 0.2113485183089113262, 0.2760768857398833154, 0.3385209158196765267, 0.3998851166931334800, 0.4602540674652136343, 0.5205889643912484654, 0.5802076845630447233, 0.6386329085525459526, 0.6963645494905241762, 0.7540017746600126136, 0.8128056813744979348, 0.8727544255255601513, 0.9351819969782670938, 1.000000000000000000 ),
 ( 0.000000000000000000, 1.000000000000000000 ),
 .UNSPECIFIED. ) ;
#216 = VECTOR ( 'NONE', #3196, 1000.000000000000000 ) ;
#217 = FILL_AREA_STYLE ('',( #5173 ) ) ;
#218 = LINE ( 'NONE', #139, #3177 ) ;
#219 = STYLED_ITEM ( 'NONE', ( #3920 ), #4610 ) ;
#220 = AXIS2_PLACEMENT_3D ( 'NONE', #5837, #4621, #5220 ) ;
#221 = VECTOR ( 'NONE', #7038, 1000.000000000000000 ) ;
#222 = VERTEX_POINT ( 'NONE', #3034 ) ;
#223 = CARTESIAN_POINT ( 'NONE',  ( -0.1054257675373008879, -0.8998206240688676472, 0.01000000000000000021 ) ) ;
#224 = DIRECTION ( 'NONE',  ( -1.000000000000000000, -0.000000000000000000, -0.000000000000000000 ) ) ;
#225 = ORIENTED_EDGE ( 'NONE', *, *, #4569, .T. ) ;
#226 = STYLED_ITEM ( 'NONE', ( #5136 ), #8051 ) ;
#227 = DIRECTION ( 'NONE',  ( -0.000000000000000000, -0.000000000000000000, 1.000000000000000000 ) ) ;
#228 = EDGE_LOOP ( 'NONE', ( #6760, #531, #3044, #6143 ) ) ;
#229 = COLOUR_RGB ( '',0.8313725490196077761, 0.8313725490196077761, 0.8196078431372548767 ) ;
#230 = LINE ( 'NONE', #1947, #3461 ) ;
#231 = DIRECTION ( 'NONE',  ( -0.000000000000000000, 0.000000000000000000, 1.000000000000000000 ) ) ;
#232 = FILL_AREA_STYLE ('',( #2095 ) ) ;
#233 = PRESENTATION_STYLE_ASSIGNMENT (( #3576 ) ) ;
#234 = PRESENTATION_STYLE_ASSIGNMENT (( #2053 ) ) ;
#235 = MECHANICAL_DESIGN_GEOMETRIC_PRESENTATION_REPRESENTATION (  '', ( #1435 ), #1298 ) ;
#236 = SURFACE_SIDE_STYLE ('',( #3286 ) ) ;
#237 = CARTESIAN_POINT ( 'NONE',  ( 1.010000000000000231, -0.6250000000000001110, -0.02000000000000000042 ) ) ;
#238 = SURFACE_STYLE_FILL_AREA ( #5897 ) ;
#239 = FILL_AREA_STYLE ('',( #3962 ) ) ;
#240 = EDGE_LOOP ( 'NONE', ( #4856, #5422, #5442, #4106, #1575, #3440 ) ) ;
#241 = ORIENTED_EDGE ( 'NONE', *, *, #5139, .T. ) ;
#242 = UNCERTAINTY_MEASURE_WITH_UNIT (LENGTH_MEASURE( 1.000000000000000082E-05 ), #2706, 'distance_accuracy_value', 'NONE');
#243 = EDGE_CURVE ( 'NONE', #1505, #6255, #1, .T. ) ;
#244 = EDGE_CURVE ( 'NONE', #3003, #6617, #4349, .T. ) ;
#245 =( NAMED_UNIT ( * ) SI_UNIT ( $, .STERADIAN. ) SOLID_ANGLE_UNIT ( ) );
#246 =( NAMED_UNIT ( * ) SI_UNIT ( $, .STERADIAN. ) SOLID_ANGLE_UNIT ( ) );
#247 = VERTEX_POINT ( 'NONE', #1863 ) ;
#248 =( LENGTH_UNIT ( ) NAMED_UNIT ( * ) SI_UNIT ( .MILLI., .METRE. ) );
#249 = EDGE_LOOP ( 'NONE', ( #2116, #2739, #7507, #2091 ) ) ;
#250 = CARTESIAN_POINT ( 'NONE',  ( -0.7019241213504625598, 0.8185251959338152306, 0.5300000000000000266 ) ) ;
#251 = DIRECTION ( 'NONE',  ( 1.000000000000000000, 0.000000000000000000, 0.000000000000000000 ) ) ;
#252 = CARTESIAN_POINT ( 'NONE',  ( 0.05488889138073237833, -0.9081671437740543862, 0.000000000000000000 ) ) ;
#253 = EDGE_CURVE ( 'NONE', #7268, #6102, #4051, .T. ) ;
#254 = CARTESIAN_POINT ( 'NONE',  ( -0.08258771010935446466, -0.8112325095562900046, 0.01000000000000000021 ) ) ;
#255 = CARTESIAN_POINT ( 'NONE',  ( 0.6850000000000007194, 0.000000000000000000, 0.000000000000000000 ) ) ;
#256 = ORIENTED_EDGE ( 'NONE', *, *, #3785, .T. ) ;
#257 = CARTESIAN_POINT ( 'NONE',  ( -0.07650242235287542381, -0.9103988716351533172, 0.000000000000000000 ) ) ;
#258 = CARTESIAN_POINT ( 'NONE',  ( -0.1748156995667304592, -0.8266386796399650683, 0.000000000000000000 ) ) ;
#259 = VECTOR ( 'NONE', #3568, 1000.000000000000000 ) ;
#260 = ORIENTED_EDGE ( 'NONE', *, *, #5999, .T. ) ;
#261 =( NAMED_UNIT ( * ) SI_UNIT ( $, .STERADIAN. ) SOLID_ANGLE_UNIT ( ) );
#262 = CARTESIAN_POINT ( 'NONE',  ( 0.1062645409319696588, -0.8811806993876282190, 0.000000000000000000 ) ) ;
#263 = ORIENTED_EDGE ( 'NONE', *, *, #3282, .T. ) ;
#264 = EDGE_CURVE ( 'NONE', #1478, #1505, #3152, .T. ) ;
#265 = PRESENTATION_LAYER_ASSIGNMENT (  '', '', ( #5407 ) ) ;
#266 = CARTESIAN_POINT ( 'NONE',  ( 0.7350000000000006528, 0.6750000000000000444, -0.02000000000000000042 ) ) ;
#267 = SURFACE_SIDE_STYLE ('',( #7631 ) ) ;
#268 = FILL_AREA_STYLE ('',( #5964 ) ) ;
#269 = SURFACE_STYLE_USAGE ( .BOTH. , #5311 ) ;
#270 = DIRECTION ( 'NONE',  ( -1.000000000000000000, -0.000000000000000000, -0.000000000000000000 ) ) ;
#271 = CARTESIAN_POINT ( 'NONE',  ( -0.07186590272198228879, -0.8105013749655840538, 0.01000000000000000021 ) ) ;
#272 = CARTESIAN_POINT ( 'NONE',  ( -0.02169440881954324066, -0.8214769847216816245, 0.01000000000000000021 ) ) ;
#273 =( LENGTH_UNIT ( ) NAMED_UNIT ( * ) SI_UNIT ( .MILLI., .METRE. ) );
#274 = CARTESIAN_POINT ( 'NONE',  ( -1.010000000000000453, -0.1250000000000001110, 0.2500000000000000000 ) ) ;
#275 = ORIENTED_EDGE ( 'NONE', *, *, #3420, .F. ) ;
#276 = LINE ( 'NONE', #4057, #3505 ) ;
#277 = B_SPLINE_SURFACE_WITH_KNOTS ( 'NONE', 3, 1, ( 
 ( #1560, #935 ),
 ( #2743, #5265 ),
 ( #2818, #7226 ),
 ( #4120, #6598 ),
 ( #7265, #5219 ),
 ( #7713, #4620 ),
 ( #7100, #3985 ) ),
 .UNSPECIFIED., .F., .F., .F.,
 ( 4, 1, 1, 1, 4 ),
 ( 2, 2 ),
 ( 0.000000000000000000, 0.1999663862630239874, 0.4322528535164028574, 0.6994588868414874927, 0.9999999999999998890 ),
 ( 0.000000000000000000, 1.000000000000000000 ),
 .UNSPECIFIED. ) ;
#278 = VERTEX_POINT ( 'NONE', #2546 ) ;
#279 = FACE_OUTER_BOUND ( 'NONE', #5463, .T. ) ;
#280 = CARTESIAN_POINT ( 'NONE',  ( 0.1203308943537243214, -0.8824604645188505181, 0.000000000000000000 ) ) ;
#281 = SURFACE_STYLE_USAGE ( .BOTH. , #5902 ) ;
#282 = FACE_OUTER_BOUND ( 'NONE', #2007, .T. ) ;
#283 = ORIENTED_EDGE ( 'NONE', *, *, #2725, .F. ) ;
#284 = B_SPLINE_CURVE_WITH_KNOTS ( 'NONE', 3,
 ( #2780, #3496, #316, #7275, #4173, #6570, #1647, #1030, #2255, #436, #7352, #6016, #1604, #7971, #3539, #4754, #7851, #7809, #6057 ),
 .UNSPECIFIED., .F., .F.,
 ( 4, 1, 1, 1, 1, 1, 1, 1, 1, 1, 1, 1, 1, 1, 1, 1, 4 ),
 ( 0.000000000000000000, 0.06460397028839230671, 0.1267024139629472634, 0.1867568140356182516, 0.2455056873654378469, 0.3036520244499755772, 0.3615030739706258101, 0.4202402229284676327, 0.4800333407766969596, 0.5406781347755161837, 0.6011918063807819568, 0.6623335024774421598, 0.7247395102972318259, 0.7894677361728866805, 0.8565048600438298632, 0.9263120958391908299, 1.000000000000000000 ),
 .UNSPECIFIED. ) ;
#285 = VECTOR ( 'NONE', #5295, 1000.000000000000000 ) ;
#286 = DIRECTION ( 'NONE',  ( 0.000000000000000000, -0.000000000000000000, 1.000000000000000000 ) ) ;
#287 = VERTEX_POINT ( 'NONE', #573 ) ;
#288 = VECTOR ( 'NONE', #7217, 1000.000000000000000 ) ;
#289 = VECTOR ( 'NONE', #3352, 1000.000000000000000 ) ;
#290 = PRESENTATION_STYLE_ASSIGNMENT (( #7784 ) ) ;
#291 = CARTESIAN_POINT ( 'NONE',  ( 0.1020691722819426495, -0.8342911751936555875, 0.000000000000000000 ) ) ;
#292 = COLOUR_RGB ( '',0.8313725490196077761, 0.8313725490196077761, 0.8196078431372548767 ) ;
#293 = CARTESIAN_POINT ( 'NONE',  ( -0.07370308912861724127, -0.8105423241608420426, 0.01000000000000000021 ) ) ;
#294 = DIRECTION ( 'NONE',  ( -1.084202172485503448E-16, 1.000000000000000000, -0.000000000000000000 ) ) ;
#295 = AXIS2_PLACEMENT_3D ( 'NONE', #4915, #3001, #3712 ) ;
#296 = SURFACE_STYLE_USAGE ( .BOTH. , #7706 ) ;
#297 = EDGE_LOOP ( 'NONE', ( #577, #5599, #4962, #7738 ) ) ;
#298 = CARTESIAN_POINT ( 'NONE',  ( 0.4500000000000002331, 0.7500000000000000000, -0.02000000000000000042 ) ) ;
#299 = CARTESIAN_POINT ( 'NONE',  ( -0.7019241213504625598, 0.8185251959338152306, 0.5199999999999999067 ) ) ;
#300 = ORIENTED_EDGE ( 'NONE', *, *, #621, .T. ) ;
#301 = EDGE_CURVE ( 'NONE', #1961, #4844, #6904, .T. ) ;
#302 = EDGE_CURVE ( 'NONE', #4759, #4921, #5681, .T. ) ;
#303 =( NAMED_UNIT ( * ) PLANE_ANGLE_UNIT ( ) SI_UNIT ( $, .RADIAN. ) );
#304 = VECTOR ( 'NONE', #4950, 1000.000000000000000 ) ;
#305 = CARTESIAN_POINT ( 'NONE',  ( -0.6850000000000007194, 0.000000000000000000, 0.000000000000000000 ) ) ;
#306 = ORIENTED_EDGE ( 'NONE', *, *, #5448, .F. ) ;
#307 = CIRCLE ( 'NONE', #1513, 0.04999999999999991257 ) ;
#308 = SURFACE_STYLE_USAGE ( .BOTH. , #187 ) ;
#309 = DIRECTION ( 'NONE',  ( 1.000000000000000000, 0.000000000000000000, 0.000000000000000000 ) ) ;
#310 = PRESENTATION_STYLE_ASSIGNMENT (( #1484 ) ) ;
#311 = DIRECTION ( 'NONE',  ( 0.000000000000000000, -0.000000000000000000, -1.000000000000000000 ) ) ;
#312 = CARTESIAN_POINT ( 'NONE',  ( 0.000000000000000000, 0.000000000000000000, 0.000000000000000000 ) ) ;
#313 = SURFACE_STYLE_FILL_AREA ( #358 ) ;
#314 =( GEOMETRIC_REPRESENTATION_CONTEXT ( 3 ) GLOBAL_UNCERTAINTY_ASSIGNED_CONTEXT ( ( #4225 ) ) GLOBAL_UNIT_ASSIGNED_CONTEXT ( ( #4667, #1105, #5515 ) ) REPRESENTATION_CONTEXT ( 'NONE', 'WORKASPACE' ) );
#315 = ADVANCED_FACE ( 'NONE', ( #5066 ), #1275, .T. ) ;
#316 = CARTESIAN_POINT ( 'NONE',  ( 0.07646800388095024992, -0.8203437434677440798, 0.01000000000000000021 ) ) ;
#317 = COLOUR_RGB ( '',0.8313725490196077761, 0.8313725490196077761, 0.8196078431372548767 ) ;
#318 = CIRCLE ( 'NONE', #7671, 0.04999999999999991257 ) ;
#319 = COLOUR_RGB ( '',0.8313725490196077761, 0.8313725490196077761, 0.8196078431372548767 ) ;
#320 = MECHANICAL_DESIGN_GEOMETRIC_PRESENTATION_REPRESENTATION (  '', ( #7294 ), #451 ) ;
#321 = CARTESIAN_POINT ( 'NONE',  ( -0.1751875483875110773, -0.8247537818942425325, 0.01000000000000000021 ) ) ;
#322 = CARTESIAN_POINT ( 'NONE',  ( 0.04903729849752992698, 0.000000000000000000, 0.01000000000000000021 ) ) ;
#323 = VERTEX_POINT ( 'NONE', #6299 ) ;
#324 = ORIENTED_EDGE ( 'NONE', *, *, #7108, .T. ) ;
#325 = CARTESIAN_POINT ( 'NONE',  ( 0.07140053064853890685, -0.8202734265861936214, 0.01000000000000000021 ) ) ;
#326 = CARTESIAN_POINT ( 'NONE',  ( 0.07828844855511911394, -0.9116821714522209685, 0.000000000000000000 ) ) ;
#327 = CARTESIAN_POINT ( 'NONE',  ( -0.05706026247807985396, -0.8995257652094864609, 0.000000000000000000 ) ) ;
#328 = CARTESIAN_POINT ( 'NONE',  ( 0.04995653151041357098, -0.8948605937980219638, 0.000000000000000000 ) ) ;
#329 = EDGE_LOOP ( 'NONE', ( #2476, #1969, #5254, #7508 ) ) ;
#330 =( NAMED_UNIT ( * ) SI_UNIT ( $, .STERADIAN. ) SOLID_ANGLE_UNIT ( ) );
#331 = EDGE_LOOP ( 'NONE', ( #3253, #1048, #7653, #636 ) ) ;
#332 = VECTOR ( 'NONE', #6088, 1000.000000000000000 ) ;
#333 = PLANE ( 'NONE',  #1811 ) ;
#334 = SURFACE_SIDE_STYLE ('',( #6512 ) ) ;
#335 =( LENGTH_UNIT ( ) NAMED_UNIT ( * ) SI_UNIT ( .MILLI., .METRE. ) );
#336 = SURFACE_SIDE_STYLE ('',( #5997 ) ) ;
#337 = STYLED_ITEM ( 'NONE', ( #5863 ), #7558 ) ;
#338 = CARTESIAN_POINT ( 'NONE',  ( 0.6850000000000007194, -0.6750000000000000444, 0.000000000000000000 ) ) ;
#339 = VECTOR ( 'NONE', #7860, 1000.000000000000000 ) ;
#340 = ORIENTED_EDGE ( 'NONE', *, *, #5606, .F. ) ;
#341 = LINE ( 'NONE', #298, #5237 ) ;
#342 = DIRECTION ( 'NONE',  ( 0.000000000000000000, -0.000000000000000000, -1.000000000000000000 ) ) ;
#343 = ORIENTED_EDGE ( 'NONE', *, *, #6493, .F. ) ;
#344 = COLOUR_RGB ( '',0.8313725490196077761, 0.8313725490196077761, 0.8196078431372548767 ) ;
#345 = VECTOR ( 'NONE', #4443, 1000.000000000000000 ) ;
#346 = SURFACE_STYLE_USAGE ( .BOTH. , #4779 ) ;
#347 = DIRECTION ( 'NONE',  ( -1.000000000000000000, 0.000000000000000000, 0.000000000000000000 ) ) ;
#348 = ORIENTED_EDGE ( 'NONE', *, *, #7954, .F. ) ;
#349 = PRESENTATION_LAYER_ASSIGNMENT (  '', '', ( #2197 ) ) ;
#350 = DIRECTION ( 'NONE',  ( 0.000000000000000000, -0.000000000000000000, 1.000000000000000000 ) ) ;
#351 = EDGE_CURVE ( 'NONE', #7519, #1335, #7488, .T. ) ;
#352 = PRESENTATION_STYLE_ASSIGNMENT (( #5350 ) ) ;
#353 = FILL_AREA_STYLE_COLOUR ( '', #177 ) ;
#354 = EDGE_CURVE ( 'NONE', #8065, #222, #689, .T. ) ;
#355 = UNCERTAINTY_MEASURE_WITH_UNIT (LENGTH_MEASURE( 1.000000000000000082E-05 ), #6042, 'distance_accuracy_value', 'NONE');
#356 = CARTESIAN_POINT ( 'NONE',  ( 0.7621383144406077559, 1.010000000000002673, 0.1817582956874659594 ) ) ;
#357 = CARTESIAN_POINT ( 'NONE',  ( -1.010000000000000231, -0.8750000000000000000, -0.02000000000000000042 ) ) ;
#358 = FILL_AREA_STYLE ('',( #7929 ) ) ;
#359 = CARTESIAN_POINT ( 'NONE',  ( -0.6850000000000007194, 0.8249999999999999556, -0.02000000000000000042 ) ) ;
#360 = PRESENTATION_STYLE_ASSIGNMENT (( #2221 ) ) ;
#361 = CARTESIAN_POINT ( 'NONE',  ( 0.05473435847939413929, -0.8971768659964224346, 0.01000000000000000021 ) ) ;
#362 = CARTESIAN_POINT ( 'NONE',  ( -0.1158079605977338639, -0.8308639465405363023, 0.000000000000000000 ) ) ;
#363 = EDGE_CURVE ( 'NONE', #2615, #6715, #1900, .T. ) ;
#364 = FILL_AREA_STYLE_COLOUR ( '', #6538 ) ;
#365 = CARTESIAN_POINT ( 'NONE',  ( 0.1831836399609446109, -0.8105013749655840538, 0.000000000000000000 ) ) ;
#366 = DIRECTION ( 'NONE',  ( -0.000000000000000000, 1.000000000000000000, -0.000000000000000000 ) ) ;
#367 = EDGE_LOOP ( 'NONE', ( #1059, #2569, #7022, #4366 ) ) ;
#368 = CARTESIAN_POINT ( 'NONE',  ( -1.010000000000000453, 0.8749999999999998890, -0.02000000000000000042 ) ) ;
#369 = EDGE_LOOP ( 'NONE', ( #952, #4622, #6274, #1754, #5288, #5214, #3589, #2744 ) ) ;
#370 = CARTESIAN_POINT ( 'NONE',  ( 0.07245574361948114994, -0.8202574725265596722, 0.01000000000000000021 ) ) ;
#371 = EDGE_CURVE ( 'NONE', #6693, #7774, #2509, .T. ) ;
#372 = CARTESIAN_POINT ( 'NONE',  ( 0.08569473195231228080, -0.8993274710949183959, 0.000000000000000000 ) ) ;
#373 = ORIENTED_EDGE ( 'NONE', *, *, #1721, .F. ) ;
#374 = LINE ( 'NONE', #2885, #1543 ) ;
#375 = VERTEX_POINT ( 'NONE', #2591 ) ;
#376 = CARTESIAN_POINT ( 'NONE',  ( -0.1755244393073481235, -0.8226964969168035768, 0.000000000000000000 ) ) ;
#377 = CARTESIAN_POINT ( 'NONE',  ( -0.1773918173561285505, -0.8297086920387546360, 0.01000000000000000021 ) ) ;
#378 = CARTESIAN_POINT ( 'NONE',  ( 0.1099782768056830062, -0.8600238390420337220, 0.01000000000000000021 ) ) ;
#379 = FACE_OUTER_BOUND ( 'NONE', #6073, .T. ) ;
#380 = DIRECTION ( 'NONE',  ( 1.000000000000000000, 0.000000000000000000, 0.000000000000000000 ) ) ;
#381 = ORIENTED_EDGE ( 'NONE', *, *, #1471, .F. ) ;
#382 = CARTESIAN_POINT ( 'NONE',  ( -0.08198822840641407927, -0.9097010297743151064, 0.01000000000000000021 ) ) ;
#383 =( NAMED_UNIT ( * ) SI_UNIT ( $, .STERADIAN. ) SOLID_ANGLE_UNIT ( ) );
#384 = ORIENTED_EDGE ( 'NONE', *, *, #3441, .F. ) ;
#385 = CARTESIAN_POINT ( 'NONE',  ( -0.1692553844292993548, -0.8105013749655840538, 0.000000000000000000 ) ) ;
#386 = CARTESIAN_POINT ( 'NONE',  ( 0.08569473195231228080, -0.8993274710949183959, 0.000000000000000000 ) ) ;
#387 = ORIENTED_EDGE ( 'NONE', *, *, #7753, .T. ) ;
#388 = CARTESIAN_POINT ( 'NONE',  ( 0.01611046922923725991, -0.8214769847216816245, 0.000000000000000000 ) ) ;
#389 =( NAMED_UNIT ( * ) PLANE_ANGLE_UNIT ( ) SI_UNIT ( $, .RADIAN. ) );
#390 = STYLED_ITEM ( 'NONE', ( #57 ), #5742 ) ;
#391 = CARTESIAN_POINT ( 'NONE',  ( 0.6850000000000007194, 0.1750000000000000167, 0.000000000000000000 ) ) ;
#392 = DIRECTION ( 'NONE',  ( 1.000000000000000000, -0.000000000000000000, 0.000000000000000000 ) ) ;
#393 =( NAMED_UNIT ( * ) SI_UNIT ( $, .STERADIAN. ) SOLID_ANGLE_UNIT ( ) );
#394 = EDGE_CURVE ( 'NONE', #873, #2504, #5146, .T. ) ;
#395 = EDGE_CURVE ( 'NONE', #5403, #5526, #734, .T. ) ;
#396 = FILL_AREA_STYLE_COLOUR ( '', #2515 ) ;
#397 = VECTOR ( 'NONE', #6059, 1000.000000000000000 ) ;
#398 = VERTEX_POINT ( 'NONE', #4537 ) ;
#399 = CARTESIAN_POINT ( 'NONE',  ( -0.08762729441033793865, -0.8122908765371710249, 0.000000000000000000 ) ) ;
#400 = FACE_OUTER_BOUND ( 'NONE', #5245, .T. ) ;
#401 = CARTESIAN_POINT ( 'NONE',  ( 0.6850000000000007194, -0.6750000000000000444, -0.02000000000000000042 ) ) ;
#402 = VECTOR ( 'NONE', #483, 1000.000000000000000 ) ;
#403 = CARTESIAN_POINT ( 'NONE',  ( -0.6850000000000006084, -0.3250000000000000111, 0.000000000000000000 ) ) ;
#404 = VERTEX_POINT ( 'NONE', #116 ) ;
#405 = DIRECTION ( 'NONE',  ( 0.000000000000000000, -0.000000000000000000, 1.000000000000000000 ) ) ;
#406 = VERTEX_POINT ( 'NONE', #2015 ) ;
#407 = EDGE_CURVE ( 'NONE', #2940, #7363, #3242, .T. ) ;
#408 = EDGE_CURVE ( 'NONE', #8025, #3014, #5621, .T. ) ;
#409 = UNCERTAINTY_MEASURE_WITH_UNIT (LENGTH_MEASURE( 1.000000000000000082E-05 ), #714, 'distance_accuracy_value', 'NONE');
#410 = CARTESIAN_POINT ( 'NONE',  ( 0.05730840492404887243, -0.8227181600868352929, 0.01000000000000000021 ) ) ;
#411 = SURFACE_SIDE_STYLE ('',( #6034 ) ) ;
#412 = ORIENTED_EDGE ( 'NONE', *, *, #4254, .F. ) ;
#413 = EDGE_LOOP ( 'NONE', ( #2513, #1443, #702, #3403 ) ) ;
#414 = AXIS2_PLACEMENT_3D ( 'NONE', #4066, #6775, #4905 ) ;
#415 = ADVANCED_FACE ( 'NONE', ( #5167 ), #5737, .F. ) ;
#416 = PLANE ( 'NONE',  #11 ) ;
#417 = CARTESIAN_POINT ( 'NONE',  ( 0.07646800388095024992, -0.8203437434677440798, 0.01000000000000000021 ) ) ;
#418 = PLANE ( 'NONE',  #2536 ) ;
#419 = CARTESIAN_POINT ( 'NONE',  ( -0.1314505063805188612, -0.9105013749655840316, 0.000000000000000000 ) ) ;
#420 = ORIENTED_EDGE ( 'NONE', *, *, #809, .F. ) ;
#421 = CARTESIAN_POINT ( 'NONE',  ( 0.000000000000000000, 0.000000000000000000, 0.000000000000000000 ) ) ;
#422 = CARTESIAN_POINT ( 'NONE',  ( -0.07570229663601790726, -0.8994296547668453323, 0.000000000000000000 ) ) ;
#423 = EDGE_LOOP ( 'NONE', ( #2877, #7086, #5433, #6958, #1706, #2790 ) ) ;
#424 = PLANE ( 'NONE',  #6571 ) ;
#425 = CARTESIAN_POINT ( 'NONE',  ( 0.000000000000000000, 0.000000000000000000, 0.000000000000000000 ) ) ;
#426 = AXIS2_PLACEMENT_3D ( 'NONE', #2105, #4728, #3465 ) ;
#427 = DIRECTION ( 'NONE',  ( 0.000000000000000000, 1.000000000000000000, 0.000000000000000000 ) ) ;
#428 = VERTEX_POINT ( 'NONE', #15 ) ;
#429 = CIRCLE ( 'NONE', #6098, 0.04999999999999991257 ) ;
#430 = SURFACE_SIDE_STYLE ('',( #8003 ) ) ;
#431 = DIRECTION ( 'NONE',  ( -1.000000000000000000, 0.000000000000000000, 0.000000000000000000 ) ) ;
#432 = DIRECTION ( 'NONE',  ( -0.000000000000000000, -0.000000000000000000, 1.000000000000000000 ) ) ;
#433 = CARTESIAN_POINT ( 'NONE',  ( -0.2050510257216819898, 0.7000000000000000666, 0.000000000000000000 ) ) ;
#434 = DIRECTION ( 'NONE',  ( -1.000000000000000000, 0.000000000000000000, -0.000000000000000000 ) ) ;
#435 = CARTESIAN_POINT ( 'NONE',  ( 0.1154299274784274520, -0.8317007392256304810, 0.01000000000000000021 ) ) ;
#436 = CARTESIAN_POINT ( 'NONE',  ( 0.09960831330435732101, -0.8313948648160006671, 0.01000000000000000021 ) ) ;
#437 = UNCERTAINTY_MEASURE_WITH_UNIT (LENGTH_MEASURE( 1.000000000000000082E-05 ), #273, 'distance_accuracy_value', 'NONE');
#438 = VECTOR ( 'NONE', #161, 1000.000000000000000 ) ;
#439 = CARTESIAN_POINT ( 'NONE',  ( 0.06420350826096950236, -0.8998945438643541905, 0.000000000000000000 ) ) ;
#440 = ORIENTED_EDGE ( 'NONE', *, *, #3836, .T. ) ;
#441 = FILL_AREA_STYLE ('',( #6093 ) ) ;
#442 = VECTOR ( 'NONE', #1116, 1000.000000000000000 ) ;
#443 = SURFACE_STYLE_FILL_AREA ( #6095 ) ;
#444 = PRODUCT_DEFINITION ( 'δ֪', '', #7712, #2496 ) ;
#445 = DIRECTION ( 'NONE',  ( 1.000000000000000000, 0.000000000000000000, 0.000000000000000000 ) ) ;
#446 = CARTESIAN_POINT ( 'NONE',  ( -0.6850000000000007194, 0.1750000000000000167, 0.000000000000000000 ) ) ;
#447 = ORIENTED_EDGE ( 'NONE', *, *, #5095, .F. ) ;
#448 = VECTOR ( 'NONE', #7344, 1000.000000000000000 ) ;
#449 = ORIENTED_EDGE ( 'NONE', *, *, #6845, .F. ) ;
#450 = COLOUR_RGB ( '',0.8313725490196077761, 0.8313725490196077761, 0.8196078431372548767 ) ;
#451 =( GEOMETRIC_REPRESENTATION_CONTEXT ( 3 ) GLOBAL_UNCERTAINTY_ASSIGNED_CONTEXT ( ( #2901 ) ) GLOBAL_UNIT_ASSIGNED_CONTEXT ( ( #7622, #24, #7012 ) ) REPRESENTATION_CONTEXT ( 'NONE', 'WORKASPACE' ) );
#452 = PLANE ( 'NONE',  #295 ) ;
#453 = CARTESIAN_POINT ( 'NONE',  ( -0.6850000000000008304, 0.3250000000000000111, -0.02000000000000000042 ) ) ;
#454 = EDGE_CURVE ( 'NONE', #3338, #7326, #7001, .T. ) ;
#455 = EDGE_CURVE ( 'NONE', #406, #2860, #7646, .T. ) ;
#456 = EDGE_LOOP ( 'NONE', ( #3373, #4070, #1544, #5179, #2715 ) ) ;
#457 = FACE_OUTER_BOUND ( 'NONE', #4654, .T. ) ;
#458 = ORIENTED_EDGE ( 'NONE', *, *, #363, .F. ) ;
#459 = COLOUR_RGB ( '',0.8313725490196077761, 0.8313725490196077761, 0.8196078431372548767 ) ;
#460 = CARTESIAN_POINT ( 'NONE',  ( -0.1025616599433324672, -0.8335043683052270058, 0.000000000000000000 ) ) ;
#461 = FILL_AREA_STYLE_COLOUR ( '', #4195 ) ;
#462 = CARTESIAN_POINT ( 'NONE',  ( 0.1094357894573568801, -0.8526223211463009877, 0.000000000000000000 ) ) ;
#463 = EDGE_CURVE ( 'NONE', #1866, #278, #6225, .T. ) ;
#464 = CARTESIAN_POINT ( 'NONE',  ( 0.1697690058146031078, -0.8995257652094864609, 0.000000000000000000 ) ) ;
#465 = COLOUR_RGB ( '',0.8313725490196077761, 0.8313725490196077761, 0.8196078431372548767 ) ;
#466 = ORIENTED_EDGE ( 'NONE', *, *, #6844, .F. ) ;
#467 =( NAMED_UNIT ( * ) PLANE_ANGLE_UNIT ( ) SI_UNIT ( $, .RADIAN. ) );
#468 = ORIENTED_EDGE ( 'NONE', *, *, #7852, .F. ) ;
#469 = DIRECTION ( 'NONE',  ( 0.9407669869669987861, -0.3390537954853696800, 0.000000000000000000 ) ) ;
#470 = LINE ( 'NONE', #8002, #5358 ) ;
#471 = COLOUR_RGB ( '',0.8313725490196077761, 0.8313725490196077761, 0.8196078431372548767 ) ;
#472 = CARTESIAN_POINT ( 'NONE',  ( -0.000000000000000000, -0.8214769847216816245, 0.01000000000000000021 ) ) ;
#473 =( NAMED_UNIT ( * ) SI_UNIT ( $, .STERADIAN. ) SOLID_ANGLE_UNIT ( ) );
#474 = CARTESIAN_POINT ( 'NONE',  ( -0.01925538442929935340, -0.8544038139899742257, 0.000000000000000000 ) ) ;
#475 = DIRECTION ( 'NONE',  ( -1.000000000000000000, -0.000000000000000000, -0.000000000000000000 ) ) ;
#476 = EDGE_CURVE ( 'NONE', #3945, #5169, #710, .T. ) ;
#477 = PRESENTATION_LAYER_ASSIGNMENT (  '', '', ( #1001 ) ) ;
#478 = MECHANICAL_DESIGN_GEOMETRIC_PRESENTATION_REPRESENTATION (  '', ( #4046 ), #7840 ) ;
#479 = SURFACE_STYLE_FILL_AREA ( #1812 ) ;
#480 = LINE ( 'NONE', #5471, #7923 ) ;
#481 = MECHANICAL_DESIGN_GEOMETRIC_PRESENTATION_REPRESENTATION (  '', ( #6524 ), #7844 ) ;
#482 = AXIS2_PLACEMENT_3D ( 'NONE', #3410, #2867, #3448 ) ;
#483 = DIRECTION ( 'NONE',  ( -0.000000000000000000, -0.000000000000000000, -1.000000000000000000 ) ) ;
#484 = VECTOR ( 'NONE', #1068, 1000.000000000000000 ) ;
#485 = ORIENTED_EDGE ( 'NONE', *, *, #1258, .F. ) ;
#486 = VECTOR ( 'NONE', #3853, 1000.000000000000000 ) ;
#487 =( NAMED_UNIT ( * ) PLANE_ANGLE_UNIT ( ) SI_UNIT ( $, .RADIAN. ) );
#488 = PRESENTATION_LAYER_ASSIGNMENT (  '', '', ( #5894 ) ) ;
#489 = CARTESIAN_POINT ( 'NONE',  ( 0.05402353155266265833, -0.8114815749842063664, 0.01000000000000000021 ) ) ;
#490 = FILL_AREA_STYLE_COLOUR ( '', #704 ) ;
#491 = STYLED_ITEM ( 'NONE', ( #5850 ), #4609 ) ;
#492 = CARTESIAN_POINT ( 'NONE',  ( 0.7621383144406077559, -1.010000000000002673, 0.1817582956874659594 ) ) ;
#493 = VECTOR ( 'NONE', #682, 1000.000000000000000 ) ;
#494 = ORIENTED_EDGE ( 'NONE', *, *, #4955, .F. ) ;
#495 = SURFACE_STYLE_USAGE ( .BOTH. , #2549 ) ;
#496 = STYLED_ITEM ( 'NONE', ( #1749 ), #6650 ) ;
#497 = ORIENTED_EDGE ( 'NONE', *, *, #1008, .F. ) ;
#498 = UNCERTAINTY_MEASURE_WITH_UNIT (LENGTH_MEASURE( 1.000000000000000082E-05 ), #7163, 'distance_accuracy_value', 'NONE');
#499 = FILL_AREA_STYLE_COLOUR ( '', #3856 ) ;
#500 = FILL_AREA_STYLE_COLOUR ( '', #1763 ) ;
#501 = VECTOR ( 'NONE', #3249, 1000.000000000000000 ) ;
#502 = CARTESIAN_POINT ( 'NONE',  ( 0.08899903385754770468, -0.8981649885756072260, 0.000000000000000000 ) ) ;
#503 = VERTEX_POINT ( 'NONE', #131 ) ;
#504 = DIRECTION ( 'NONE',  ( -0.000000000000000000, 1.000000000000000000, -0.000000000000000000 ) ) ;
#505 = VERTEX_POINT ( 'NONE', #3170 ) ;
#506 = ORIENTED_EDGE ( 'NONE', *, *, #1119, .F. ) ;
#507 = CARTESIAN_POINT ( 'NONE',  ( 0.04903729849752992698, -0.8943428383802182191, 0.01000000000000000021 ) ) ;
#508 = EDGE_CURVE ( 'NONE', #2504, #7624, #8113, .T. ) ;
#509 = ADVANCED_FACE ( 'NONE', ( #2488, #5781 ), #5560, .F. ) ;
#510 = DIRECTION ( 'NONE',  ( 0.000000000000000000, -0.000000000000000000, -1.000000000000000000 ) ) ;
#511 = SURFACE_SIDE_STYLE ('',( #1133 ) ) ;
#512 = CARTESIAN_POINT ( 'NONE',  ( 0.6850000000000008304, 0.3250000000000000111, 0.000000000000000000 ) ) ;
#513 = B_SPLINE_CURVE_WITH_KNOTS ( 'NONE', 3,
 ( #3029, #5024, #4988, #7518, #566, #603, #8049, #3147, #1894, #1972, #2418, #4415, #3110, #4487, #2539, #1229, #6855, #1193, #1266 ),
 .UNSPECIFIED., .F., .F.,
 ( 4, 1, 1, 1, 1, 1, 1, 1, 1, 1, 1, 1, 1, 1, 1, 1, 4 ),
 ( 0.000000000000000000, 0.07377411937406361253, 0.1440791147260406802, 0.2113485183089113262, 0.2760768857398833154, 0.3385209158196765267, 0.3998851166931334800, 0.4602540674652136343, 0.5205889643912484654, 0.5802076845630447233, 0.6386329085525459526, 0.6963645494905241762, 0.7540017746600126136, 0.8128056813744979348, 0.8727544255255601513, 0.9351819969782670938, 1.000000000000000000 ),
 .UNSPECIFIED. ) ;
#514 = DIRECTION ( 'NONE',  ( 0.000000000000000000, -1.000000000000000000, 0.000000000000000000 ) ) ;
#515 = VERTEX_POINT ( 'NONE', #4298 ) ;
#516 = UNCERTAINTY_MEASURE_WITH_UNIT (LENGTH_MEASURE( 1.000000000000000082E-05 ), #7856, 'distance_accuracy_value', 'NONE');
#517 = CARTESIAN_POINT ( 'NONE',  ( -0.07125614662442127101, -0.8995257652094864609, 0.000000000000000000 ) ) ;
#518 = ORIENTED_EDGE ( 'NONE', *, *, #3169, .F. ) ;
#519 = CARTESIAN_POINT ( 'NONE',  ( -0.1758483722341773747, -0.8226964969168035768, 0.01000000000000000021 ) ) ;
#520 = ADVANCED_FACE ( 'NONE', ( #568 ), #3463, .F. ) ;
#521 = CARTESIAN_POINT ( 'NONE',  ( -0.02413343320978715567, -0.8995257652094864609, 0.000000000000000000 ) ) ;
#522 = LINE ( 'NONE', #3020, #5848 ) ;
#523 = CARTESIAN_POINT ( 'NONE',  ( 0.000000000000000000, 0.000000000000000000, 0.000000000000000000 ) ) ;
#524 = FILL_AREA_STYLE ('',( #5592 ) ) ;
#525 = CARTESIAN_POINT ( 'NONE',  ( -0.09424120317134362934, -0.8267901573712871377, 0.000000000000000000 ) ) ;
#526 = DIRECTION ( 'NONE',  ( -0.000000000000000000, 1.000000000000000000, -0.000000000000000000 ) ) ;
#527 = DIRECTION ( 'NONE',  ( 1.000000000000000000, 0.000000000000000000, 0.000000000000000000 ) ) ;
#528 = EDGE_CURVE ( 'NONE', #3567, #5169, #5369, .T. ) ;
#529 = LINE ( 'NONE', #6203, #5936 ) ;
#530 = DIRECTION ( 'NONE',  ( 1.000000000000000000, 0.000000000000000000, 0.000000000000000000 ) ) ;
#531 = ORIENTED_EDGE ( 'NONE', *, *, #7391, .T. ) ;
#532 = VECTOR ( 'NONE', #311, 1000.000000000000000 ) ;
#533 = CARTESIAN_POINT ( 'NONE',  ( 0.06263286833092136796, -0.8097988790188859198, 0.01000000000000000021 ) ) ;
#534 = CARTESIAN_POINT ( 'NONE',  ( -0.02169440881954324066, -0.8105013749655840538, 0.01000000000000000021 ) ) ;
#535 = DIRECTION ( 'NONE',  ( -0.000000000000000000, -0.000000000000000000, 1.000000000000000000 ) ) ;
#536 = VERTEX_POINT ( 'NONE', #1777 ) ;
#537 = STYLED_ITEM ( 'NONE', ( #6754 ), #5847 ) ;
#538 = EDGE_LOOP ( 'NONE', ( #2395, #2109, #7693, #4056 ) ) ;
#539 = COLOUR_RGB ( '',0.8313725490196077761, 0.8313725490196077761, 0.8196078431372548767 ) ;
#540 = CARTESIAN_POINT ( 'NONE',  ( 0.1099308687072921981, -0.8658860556852665535, 0.000000000000000000 ) ) ;
#541 = ORIENTED_EDGE ( 'NONE', *, *, #1318, .F. ) ;
#542 = DIRECTION ( 'NONE',  ( -0.000000000000000000, 1.000000000000000000, -0.000000000000000000 ) ) ;
#543 = ORIENTED_EDGE ( 'NONE', *, *, #4859, .T. ) ;
#544 = ORIENTED_EDGE ( 'NONE', *, *, #354, .F. ) ;
#545 = PRESENTATION_LAYER_ASSIGNMENT (  '', '', ( #2766 ) ) ;
#546 =( LENGTH_UNIT ( ) NAMED_UNIT ( * ) SI_UNIT ( .MILLI., .METRE. ) );
#547 = DIRECTION ( 'NONE',  ( -1.000000000000000000, 0.000000000000000000, 0.000000000000000000 ) ) ;
#548 = VECTOR ( 'NONE', #6249, 1000.000000000000000 ) ;
#549 = VERTEX_POINT ( 'NONE', #3663 ) ;
#550 = DIRECTION ( 'NONE',  ( -0.000000000000000000, 1.000000000000000000, 0.000000000000000000 ) ) ;
#551 = EDGE_LOOP ( 'NONE', ( #7587, #6121, #7752, #2464 ) ) ;
#552 = LINE ( 'NONE', #1759, #3957 ) ;
#553 = DIRECTION ( 'NONE',  ( -0.000000000000000000, -1.000000000000000000, 0.000000000000000000 ) ) ;
#554 = CARTESIAN_POINT ( 'NONE',  ( 1.010000000000000453, -0.1250000000000001110, 0.2500000000000000000 ) ) ;
#555 = DIRECTION ( 'NONE',  ( -1.000000000000000000, 0.000000000000000000, 0.000000000000000000 ) ) ;
#556 = CARTESIAN_POINT ( 'NONE',  ( 1.010000000000000453, 0.3749999999999998890, -0.02000000000000000042 ) ) ;
#557 = CARTESIAN_POINT ( 'NONE',  ( 0.09992506463579303722, -0.9065247366189437273, 0.000000000000000000 ) ) ;
#558 = EDGE_CURVE ( 'NONE', #6907, #7575, #4743, .T. ) ;
#559 = EDGE_CURVE ( 'NONE', #5003, #7473, #1110, .T. ) ;
#560 =( NAMED_UNIT ( * ) PLANE_ANGLE_UNIT ( ) SI_UNIT ( $, .RADIAN. ) );
#561 = CARTESIAN_POINT ( 'NONE',  ( 0.1319641277658226419, -0.9105013749655840316, 0.000000000000000000 ) ) ;
#562 = CARTESIAN_POINT ( 'NONE',  ( -1.010000000000000453, 0.1250000000000000000, -0.02000000000000000042 ) ) ;
#563 = PRESENTATION_LAYER_ASSIGNMENT (  '', '', ( #6730 ) ) ;
#564 = DIRECTION ( 'NONE',  ( 0.000000000000000000, -1.000000000000000000, 0.000000000000000000 ) ) ;
#565 = PRESENTATION_LAYER_ASSIGNMENT (  '', '', ( #5691 ) ) ;
#566 = CARTESIAN_POINT ( 'NONE',  ( 0.1087095856206347494, -0.8739944956620159244, 0.01000000000000000021 ) ) ;
#567 = ORIENTED_EDGE ( 'NONE', *, *, #163, .T. ) ;
#568 = FACE_OUTER_BOUND ( 'NONE', #6623, .T. ) ;
#569 = DIRECTION ( 'NONE',  ( -1.000000000000000000, 0.000000000000000000, -0.000000000000000000 ) ) ;
#570 = FILL_AREA_STYLE ('',( #6207 ) ) ;
#571 = DIRECTION ( 'NONE',  ( -1.000000000000000000, -0.000000000000000000, -0.000000000000000000 ) ) ;
#572 = EDGE_CURVE ( 'NONE', #4599, #1639, #4457, .T. ) ;
#573 = CARTESIAN_POINT ( 'NONE',  ( 0.6850000000000007194, 0.6750000000000000444, 0.000000000000000000 ) ) ;
#574 = DIRECTION ( 'NONE',  ( 1.000000000000000000, 0.000000000000000000, 0.000000000000000000 ) ) ;
#575 = ORIENTED_EDGE ( 'NONE', *, *, #1070, .F. ) ;
#576 = STYLED_ITEM ( 'NONE', ( #4310 ), #2982 ) ;
#577 = ORIENTED_EDGE ( 'NONE', *, *, #2345, .T. ) ;
#578 = PLANE ( 'NONE',  #7789 ) ;
#579 =( NAMED_UNIT ( * ) SI_UNIT ( $, .STERADIAN. ) SOLID_ANGLE_UNIT ( ) );
#580 = FACE_OUTER_BOUND ( 'NONE', #3054, .T. ) ;
#581 = VECTOR ( 'NONE', #5948, 1000.000000000000000 ) ;
#582 = ORIENTED_EDGE ( 'NONE', *, *, #3936, .T. ) ;
#583 = FILL_AREA_STYLE ('',( #5611 ) ) ;
#584 = VECTOR ( 'NONE', #1502, 1000.000000000000000 ) ;
#585 = CARTESIAN_POINT ( 'NONE',  ( 0.1178926189597488267, -0.8361109230150226557, 0.009999999999999998473 ) ) ;
#586 = LINE ( 'NONE', #1249, #7920 ) ;
#587 = AXIS2_PLACEMENT_3D ( 'NONE', #1444, #2213, #6443 ) ;
#588 = DIRECTION ( 'NONE',  ( 1.000000000000000000, 0.000000000000000000, 0.000000000000000000 ) ) ;
#589 = AXIS2_PLACEMENT_3D ( 'NONE', #1393, #2575, #2618 ) ;
#590 = CARTESIAN_POINT ( 'NONE',  ( -0.1054471097041985717, -0.8205864268970634035, 0.000000000000000000 ) ) ;
#591 = VERTEX_POINT ( 'NONE', #3739 ) ;
#592 = DIRECTION ( 'NONE',  ( 0.000000000000000000, -1.000000000000000000, 0.000000000000000000 ) ) ;
#593 = ORIENTED_EDGE ( 'NONE', *, *, #7678, .T. ) ;
#594 = CARTESIAN_POINT ( 'NONE',  ( -2.464095846557965878E-16, -0.6249999999999996669, 0.000000000000000000 ) ) ;
#595 = UNCERTAINTY_MEASURE_WITH_UNIT (LENGTH_MEASURE( 1.000000000000000082E-05 ), #1190, 'distance_accuracy_value', 'NONE');
#596 = CARTESIAN_POINT ( 'NONE',  ( 0.1203308943537243214, -0.8824604645188505181, 0.01000000000000000021 ) ) ;
#597 = PRESENTATION_STYLE_ASSIGNMENT (( #5787 ) ) ;
#598 = DIRECTION ( 'NONE',  ( -0.000000000000000000, 0.000000000000000000, -1.000000000000000000 ) ) ;
#599 = CARTESIAN_POINT ( 'NONE',  ( -0.04364562833173837170, -0.9105013749655840316, 0.000000000000000000 ) ) ;
#600 =( NAMED_UNIT ( * ) SI_UNIT ( $, .STERADIAN. ) SOLID_ANGLE_UNIT ( ) );
#601 = COLOUR_RGB ( '',0.8313725490196077761, 0.8313725490196077761, 0.8196078431372548767 ) ;
#602 = EDGE_CURVE ( 'NONE', #2144, #6682, #1270, .T. ) ;
#603 = CARTESIAN_POINT ( 'NONE',  ( 0.1076483514508634470, -0.8777045987799750870, 0.01000000000000000021 ) ) ;
#604 = ORIENTED_EDGE ( 'NONE', *, *, #4760, .F. ) ;
#605 = EDGE_CURVE ( 'NONE', #7475, #6774, #34, .T. ) ;
#606 = AXIS2_PLACEMENT_3D ( 'NONE', #2568, #5441, #405 ) ;
#607 = SURFACE_SIDE_STYLE ('',( #2542 ) ) ;
#608 = FILL_AREA_STYLE ('',( #5642 ) ) ;
#609 = DIRECTION ( 'NONE',  ( 0.000000000000000000, 0.000000000000000000, -1.000000000000000000 ) ) ;
#610 = DIRECTION ( 'NONE',  ( 1.000000000000000000, 0.000000000000000000, 0.000000000000000000 ) ) ;
#611 = CARTESIAN_POINT ( 'NONE',  ( 1.010000000000000453, 0.3749999999999998890, -0.02000000000000000042 ) ) ;
#612 = VECTOR ( 'NONE', #5109, 1000.000000000000000 ) ;
#613 = FACE_OUTER_BOUND ( 'NONE', #186, .T. ) ;
#614 =( GEOMETRIC_REPRESENTATION_CONTEXT ( 3 ) GLOBAL_UNCERTAINTY_ASSIGNED_CONTEXT ( ( #4486 ) ) GLOBAL_UNIT_ASSIGNED_CONTEXT ( ( #5233, #4091, #2295 ) ) REPRESENTATION_CONTEXT ( 'NONE', 'WORKASPACE' ) );
#615 =( GEOMETRIC_REPRESENTATION_CONTEXT ( 3 ) GLOBAL_UNCERTAINTY_ASSIGNED_CONTEXT ( ( #6375 ) ) GLOBAL_UNIT_ASSIGNED_CONTEXT ( ( #7853, #6168, #2222 ) ) REPRESENTATION_CONTEXT ( 'NONE', 'WORKASPACE' ) );
#616 = ORIENTED_EDGE ( 'NONE', *, *, #5300, .F. ) ;
#617 = COLOUR_RGB ( '',0.8313725490196077761, 0.8313725490196077761, 0.8196078431372548767 ) ;
#618 = VECTOR ( 'NONE', #6352, 1000.000000000000000 ) ;
#619 = PRESENTATION_LAYER_ASSIGNMENT (  '', '', ( #3777 ) ) ;
#620 = CARTESIAN_POINT ( 'NONE',  ( -0.1590038600390554502, -0.8714769847216816689, 0.000000000000000000 ) ) ;
#621 = EDGE_CURVE ( 'NONE', #84, #6476, #7562, .T. ) ;
#622 = LINE ( 'NONE', #1831, #2470 ) ;
#623 =( GEOMETRIC_REPRESENTATION_CONTEXT ( 3 ) GLOBAL_UNCERTAINTY_ASSIGNED_CONTEXT ( ( #7596 ) ) GLOBAL_UNIT_ASSIGNED_CONTEXT ( ( #7033, #7770, #2784 ) ) REPRESENTATION_CONTEXT ( 'NONE', 'WORKASPACE' ) );
#624 = COLOUR_RGB ( '',0.8313725490196077761, 0.8313725490196077761, 0.8196078431372548767 ) ;
#625 = DIRECTION ( 'NONE',  ( 0.000000000000000000, -1.000000000000000000, 0.000000000000000000 ) ) ;
#626 = ORIENTED_EDGE ( 'NONE', *, *, #781, .T. ) ;
#627 =( GEOMETRIC_REPRESENTATION_CONTEXT ( 3 ) GLOBAL_UNCERTAINTY_ASSIGNED_CONTEXT ( ( #6365 ) ) GLOBAL_UNIT_ASSIGNED_CONTEXT ( ( #2588, #5105, #4947 ) ) REPRESENTATION_CONTEXT ( 'NONE', 'WORKASPACE' ) );
#628 = PLANE ( 'NONE',  #7056 ) ;
#629 = CARTESIAN_POINT ( 'NONE',  ( 0.07257007288777385379, -0.8092818627704621015, 0.000000000000000000 ) ) ;
#630 = PLANE ( 'NONE',  #6867 ) ;
#631 = LINE ( 'NONE', #3059, #6897 ) ;
#632 = CARTESIAN_POINT ( 'NONE',  ( -0.8246046625001746122, 0.8185251959338152306, 0.5199999999999999067 ) ) ;
#633 = EDGE_LOOP ( 'NONE', ( #4253, #3294, #5649, #2935 ) ) ;
#634 = AXIS2_PLACEMENT_3D ( 'NONE', #6685, #431, #2862 ) ;
#635 = CARTESIAN_POINT ( 'NONE',  ( 1.010000000000000453, 0.6250000000000000000, 0.2500000000000000000 ) ) ;
#636 = ORIENTED_EDGE ( 'NONE', *, *, #4212, .F. ) ;
#637 = DIRECTION ( 'NONE',  ( -0.000000000000000000, -1.000000000000000000, 0.000000000000000000 ) ) ;
#638 = CARTESIAN_POINT ( 'NONE',  ( 0.1185409922037633512, -0.8868249869875804992, 0.01000000000000000021 ) ) ;
#639 = SURFACE_SIDE_STYLE ('',( #2008 ) ) ;
#640 = FILL_AREA_STYLE_COLOUR ( '', #1228 ) ;
#641 = FILL_AREA_STYLE ('',( #4293 ) ) ;
#642 = DIRECTION ( 'NONE',  ( -0.000000000000000000, -0.000000000000000000, 1.000000000000000000 ) ) ;
#643 = LINE ( 'NONE', #6978, #5892 ) ;
#644 = ORIENTED_EDGE ( 'NONE', *, *, #1008, .T. ) ;
#645 =( NAMED_UNIT ( * ) PLANE_ANGLE_UNIT ( ) SI_UNIT ( $, .RADIAN. ) );
#646 = SURFACE_STYLE_FILL_AREA ( #1158 ) ;
#647 = CYLINDRICAL_SURFACE ( 'NONE', #3327, 0.04999999999999991257 ) ;
#648 = SURFACE_STYLE_FILL_AREA ( #1315 ) ;
#649 = CARTESIAN_POINT ( 'NONE',  ( 0.4076060066089044476, 1.010000000000002673, 0.1817582956874659594 ) ) ;
#650 = CARTESIAN_POINT ( 'NONE',  ( 0.1319641277658226419, -0.8995257652094864609, 0.000000000000000000 ) ) ;
#651 =( NAMED_UNIT ( * ) SI_UNIT ( $, .STERADIAN. ) SOLID_ANGLE_UNIT ( ) );
#652 = CARTESIAN_POINT ( 'NONE',  ( -0.6850000000000007194, -0.1750000000000000167, -0.02000000000000000042 ) ) ;
#653 = CARTESIAN_POINT ( 'NONE',  ( -0.1240930464895226570, -0.8611325114649993617, 0.000000000000000000 ) ) ;
#654 = FACE_BOUND ( 'NONE', #7057, .T. ) ;
#655 = CIRCLE ( 'NONE', #5276, 0.05000000000000002359 ) ;
#656 = EDGE_CURVE ( 'NONE', #7138, #6436, #829, .T. ) ;
#657 = EDGE_CURVE ( 'NONE', #1895, #5581, #1936, .T. ) ;
#658 = EDGE_LOOP ( 'NONE', ( #5281, #6559, #7836, #2354 ) ) ;
#659 = DIRECTION ( 'NONE',  ( 1.000000000000000000, 0.000000000000000000, 0.000000000000000000 ) ) ;
#660 =( LENGTH_UNIT ( ) NAMED_UNIT ( * ) SI_UNIT ( .MILLI., .METRE. ) );
#661 =( GEOMETRIC_REPRESENTATION_CONTEXT ( 3 ) GLOBAL_UNCERTAINTY_ASSIGNED_CONTEXT ( ( #6503 ) ) GLOBAL_UNIT_ASSIGNED_CONTEXT ( ( #1000, #3677, #1796 ) ) REPRESENTATION_CONTEXT ( 'NONE', 'WORKASPACE' ) );
#662 = CARTESIAN_POINT ( 'NONE',  ( 0.05447408060895355536, -0.8238321739042442360, 0.000000000000000000 ) ) ;
#663 = CARTESIAN_POINT ( 'NONE',  ( 0.07255816236890744175, -0.9116740398059469674, 0.01000000000000000021 ) ) ;
#664 = CARTESIAN_POINT ( 'NONE',  ( -0.1240154640909517797, -0.8538865529316674863, 0.000000000000000000 ) ) ;
#665 = EDGE_CURVE ( 'NONE', #4060, #3095, #113, .T. ) ;
#666 = ORIENTED_EDGE ( 'NONE', *, *, #2810, .F. ) ;
#667 = SURFACE_STYLE_FILL_AREA ( #3809 ) ;
#668 = PRESENTATION_LAYER_ASSIGNMENT (  '', '', ( #4771 ) ) ;
#669 = MECHANICAL_DESIGN_GEOMETRIC_PRESENTATION_REPRESENTATION (  '', ( #5414 ), #6712 ) ;
#670 = VERTEX_POINT ( 'NONE', #2012 ) ;
#671 = FACE_OUTER_BOUND ( 'NONE', #6441, .T. ) ;
#672 = UNCERTAINTY_MEASURE_WITH_UNIT (LENGTH_MEASURE( 1.000000000000000082E-05 ), #1557, 'distance_accuracy_value', 'NONE');
#673 = CARTESIAN_POINT ( 'NONE',  ( 0.08168320802162103156, -0.9116064585356601357, 0.01000000000000000021 ) ) ;
#674 = DIRECTION ( 'NONE',  ( -0.000000000000000000, 0.000000000000000000, 1.000000000000000000 ) ) ;
#675 = PRESENTATION_STYLE_ASSIGNMENT (( #7592 ) ) ;
#676 = CARTESIAN_POINT ( 'NONE',  ( -1.000000000000000888, 0.1250000000000000000, 0.2500000000000000000 ) ) ;
#677 = LINE ( 'NONE', #3306, #3379 ) ;
#678 = DIRECTION ( 'NONE',  ( -0.000000000000000000, -0.000000000000000000, 1.000000000000000000 ) ) ;
#679 = DIRECTION ( 'NONE',  ( 0.000000000000000000, 0.000000000000000000, -1.000000000000000000 ) ) ;
#680 = FACE_OUTER_BOUND ( 'NONE', #3987, .T. ) ;
#681 = UNCERTAINTY_MEASURE_WITH_UNIT (LENGTH_MEASURE( 1.000000000000000082E-05 ), #1890, 'distance_accuracy_value', 'NONE');
#682 = DIRECTION ( 'NONE',  ( -0.000000000000000000, -0.000000000000000000, 1.000000000000000000 ) ) ;
#683 = ORIENTED_EDGE ( 'NONE', *, *, #2420, .F. ) ;
#684 = LINE ( 'NONE', #6295, #3711 ) ;
#685 = CARTESIAN_POINT ( 'NONE',  ( -0.07186590272198228879, -0.8105013749655840538, 0.000000000000000000 ) ) ;
#686 = COLOUR_RGB ( '',0.8313725490196077761, 0.8313725490196077761, 0.8196078431372548767 ) ;
#687 = FACE_OUTER_BOUND ( 'NONE', #5119, .T. ) ;
#688 = LINE ( 'NONE', #4380, #1766 ) ;
#689 = LINE ( 'NONE', #1234, #6268 ) ;
#690 = DIRECTION ( 'NONE',  ( 0.000000000000000000, -0.000000000000000000, 1.000000000000000000 ) ) ;
#691 = DIRECTION ( 'NONE',  ( -0.000000000000000000, 0.000000000000000000, 1.000000000000000000 ) ) ;
#692 = CARTESIAN_POINT ( 'NONE',  ( 0.09960831330435732101, -0.8313948648160006671, 0.000000000000000000 ) ) ;
#693 = UNCERTAINTY_MEASURE_WITH_UNIT (LENGTH_MEASURE( 1.000000000000000082E-05 ), #2803, 'distance_accuracy_value', 'NONE');
#694 = VECTOR ( 'NONE', #1378, 1000.000000000000000 ) ;
#695 = DIRECTION ( 'NONE',  ( 1.000000000000000000, 3.942553354492745996E-16, 0.000000000000000000 ) ) ;
#696 = AXIS2_PLACEMENT_3D ( 'NONE', #6482, #7102, #1479 ) ;
#697 = DIRECTION ( 'NONE',  ( -1.084202172485503448E-16, 1.000000000000000000, -0.000000000000000000 ) ) ;
#698 = DIRECTION ( 'NONE',  ( 1.000000000000000000, 0.000000000000000000, 0.000000000000000000 ) ) ;
#699 = VECTOR ( 'NONE', #4993, 1000.000000000000000 ) ;
#700 = PLANE ( 'NONE',  #1469 ) ;
#701 = UNCERTAINTY_MEASURE_WITH_UNIT (LENGTH_MEASURE( 1.000000000000000082E-05 ), #6536, 'distance_accuracy_value', 'NONE');
#702 = ORIENTED_EDGE ( 'NONE', *, *, #2520, .F. ) ;
#703 = AXIS2_PLACEMENT_3D ( 'NONE', #4909, #7359, #2998 ) ;
#704 = COLOUR_RGB ( '',0.8313725490196077761, 0.8313725490196077761, 0.8196078431372548767 ) ;
#705 = CYLINDRICAL_SURFACE ( 'NONE', #4721, 0.1226805411497119691 ) ;
#706 = EDGE_CURVE ( 'NONE', #2305, #5451, #684, .T. ) ;
#707 = UNCERTAINTY_MEASURE_WITH_UNIT (LENGTH_MEASURE( 1.000000000000000082E-05 ), #965, 'distance_accuracy_value', 'NONE');
#708 = ADVANCED_FACE ( 'NONE', ( #1860 ), #6947, .F. ) ;
#709 = CARTESIAN_POINT ( 'NONE',  ( -0.1460846527219823165, -0.9105013749655840316, 0.000000000000000000 ) ) ;
#710 = LINE ( 'NONE', #3092, #6656 ) ;
#711 = STYLED_ITEM ( 'NONE', ( #233 ), #3534 ) ;
#713 = ORIENTED_EDGE ( 'NONE', *, *, #7391, .F. ) ;
#712 = COLOUR_RGB ( '',0.8313725490196077761, 0.8313725490196077761, 0.8196078431372548767 ) ;
#714 =( LENGTH_UNIT ( ) NAMED_UNIT ( * ) SI_UNIT ( .MILLI., .METRE. ) );
#715 = VERTEX_POINT ( 'NONE', #6326 ) ;
#716 = MECHANICAL_DESIGN_GEOMETRIC_PRESENTATION_REPRESENTATION (  '', ( #7666 ), #6368 ) ;
#717 = LINE ( 'NONE', #3220, #4232 ) ;
#718 =( NAMED_UNIT ( * ) PLANE_ANGLE_UNIT ( ) SI_UNIT ( $, .RADIAN. ) );
#719 = ADVANCED_FACE ( 'NONE', ( #5719 ), #1975, .F. ) ;
#720 = MECHANICAL_DESIGN_GEOMETRIC_PRESENTATION_REPRESENTATION (  '', ( #4414 ), #2165 ) ;
#721 = CARTESIAN_POINT ( 'NONE',  ( -0.02413343320978715567, -0.9105013749655840316, 0.000000000000000000 ) ) ;
#722 = SURFACE_SIDE_STYLE ('',( #2576 ) ) ;
#723 = CARTESIAN_POINT ( 'NONE',  ( 0.1234275423999689758, -0.8623878078924133161, 0.01000000000000000021 ) ) ;
#724 = VERTEX_POINT ( 'NONE', #4085 ) ;
#725 =( NAMED_UNIT ( * ) SI_UNIT ( $, .STERADIAN. ) SOLID_ANGLE_UNIT ( ) );
#726 = DIRECTION ( 'NONE',  ( 1.000000000000000000, 0.000000000000000000, 0.000000000000000000 ) ) ;
#727 = AXIS2_PLACEMENT_3D ( 'NONE', #2104, #5820, #2677 ) ;
#728 = CARTESIAN_POINT ( 'NONE',  ( -1.010000000000000453, -0.1250000000000001110, -0.02000000000000000042 ) ) ;
#729 = CARTESIAN_POINT ( 'NONE',  ( -0.7350000000000006528, 0.8249999999999999556, -0.02000000000000000042 ) ) ;
#730 = ORIENTED_EDGE ( 'NONE', *, *, #7599, .T. ) ;
#731 = SURFACE_STYLE_USAGE ( .BOTH. , #1351 ) ;
#732 = LINE ( 'NONE', #5766, #1905 ) ;
#733 = FILL_AREA_STYLE_COLOUR ( '', #7007 ) ;
#734 = LINE ( 'NONE', #7633, #3512 ) ;
#735 =( NAMED_UNIT ( * ) PLANE_ANGLE_UNIT ( ) SI_UNIT ( $, .RADIAN. ) );
#736 = MECHANICAL_DESIGN_GEOMETRIC_PRESENTATION_REPRESENTATION (  '', ( #6383 ), #78 ) ;
#737 =( NAMED_UNIT ( * ) PLANE_ANGLE_UNIT ( ) SI_UNIT ( $, .RADIAN. ) );
#738 = PLANE ( 'NONE',  #4594 ) ;
#739 = AXIS2_PLACEMENT_3D ( 'NONE', #7342, #4930, #1055 ) ;
#740 = ORIENTED_EDGE ( 'NONE', *, *, #3374, .F. ) ;
#741 = VECTOR ( 'NONE', #3812, 1000.000000000000000 ) ;
#742 = ORIENTED_EDGE ( 'NONE', *, *, #3886, .F. ) ;
#743 = MECHANICAL_DESIGN_GEOMETRIC_PRESENTATION_REPRESENTATION (  '', ( #3640 ), #5620 ) ;
#744 = AXIS2_PLACEMENT_3D ( 'NONE', #492, #4221, #2997 ) ;
#745 = STYLED_ITEM ( 'NONE', ( #234 ), #4251 ) ;
#746 = STYLED_ITEM ( 'NONE', ( #5972 ), #2121 ) ;
#747 = CARTESIAN_POINT ( 'NONE',  ( -0.2540408205773455053, 0.7100000000000001865, 0.000000000000000000 ) ) ;
#748 = CARTESIAN_POINT ( 'NONE',  ( 0.7621383144406077559, -1.010000000000002673, 0.07773384608415166708 ) ) ;
#749 = DIRECTION ( 'NONE',  ( 1.000000000000000000, 0.000000000000000000, 0.000000000000000000 ) ) ;
#750 = FACE_BOUND ( 'NONE', #7449, .T. ) ;
#751 = STYLED_ITEM ( 'NONE', ( #6677 ), #953 ) ;
#752 = CARTESIAN_POINT ( 'NONE',  ( -0.07186590272198228879, -0.8105013749655840538, 0.000000000000000000 ) ) ;
#753 = VECTOR ( 'NONE', #5684, 1000.000000000000000 ) ;
#754 = ORIENTED_EDGE ( 'NONE', *, *, #5002, .F. ) ;
#755 = DIRECTION ( 'NONE',  ( -0.000000000000000000, -0.000000000000000000, 1.000000000000000000 ) ) ;
#756 = ORIENTED_EDGE ( 'NONE', *, *, #4569, .F. ) ;
#757 = ADVANCED_FACE ( 'NONE', ( #7144 ), #3951, .T. ) ;
#758 = EDGE_CURVE ( 'NONE', #7412, #4262, #7758, .T. ) ;
#759 = VECTOR ( 'NONE', #5522, 1000.000000000000000 ) ;
#760 = SURFACE_SIDE_STYLE ('',( #6394 ) ) ;
#761 = DIRECTION ( 'NONE',  ( 0.000000000000000000, 1.000000000000000000, -0.000000000000000000 ) ) ;
#762 = UNCERTAINTY_MEASURE_WITH_UNIT (LENGTH_MEASURE( 1.000000000000000082E-05 ), #4155, 'distance_accuracy_value', 'NONE');
#763 = CARTESIAN_POINT ( 'NONE',  ( 0.07245574361948114994, -0.8202574725265596722, 0.000000000000000000 ) ) ;
#764 = CARTESIAN_POINT ( 'NONE',  ( -0.6850000000000008304, 0.3250000000000000111, -0.02000000000000000042 ) ) ;
#765 = COLOUR_RGB ( '',0.8313725490196077761, 0.8313725490196077761, 0.8196078431372548767 ) ;
#766 = CARTESIAN_POINT ( 'NONE',  ( -0.1106842874614060168, -0.8610678303354953878, 0.01000000000000000021 ) ) ;
#767 = VERTEX_POINT ( 'NONE', #4663 ) ;
#768 = CARTESIAN_POINT ( 'NONE',  ( -0.1232903030666162303, -0.8702380524020539854, 0.01000000000000000021 ) ) ;
#769 = CYLINDRICAL_SURFACE ( 'NONE', #2926, 0.04999999999999991257 ) ;
#770 = EDGE_CURVE ( 'NONE', #2048, #4847, #5963, .T. ) ;
#771 = EDGE_CURVE ( 'NONE', #3784, #2228, #2094, .T. ) ;
#772 = FACE_BOUND ( 'NONE', #5584, .T. ) ;
#773 = CARTESIAN_POINT ( 'NONE',  ( 0.1099308687072921981, -0.8658860556852665535, 0.000000000000000000 ) ) ;
#774 = ORIENTED_EDGE ( 'NONE', *, *, #5405, .T. ) ;
#775 =( LENGTH_UNIT ( ) NAMED_UNIT ( * ) SI_UNIT ( .MILLI., .METRE. ) );
#776 = CARTESIAN_POINT ( 'NONE',  ( -0.1067109947273087445, -0.8799200988035316140, 0.01000000000000000021 ) ) ;
#777 = FILL_AREA_STYLE ('',( #1898 ) ) ;
#778 = FILL_AREA_STYLE ('',( #1446 ) ) ;
#779 = CARTESIAN_POINT ( 'NONE',  ( 0.05673537624878007696, -0.8107838171316668063, 0.000000000000000000 ) ) ;
#780 = CARTESIAN_POINT ( 'NONE',  ( -1.000000000000000666, -0.3750000000000001110, 0.2500000000000000000 ) ) ;
#781 = EDGE_CURVE ( 'NONE', #1709, #1745, #318, .T. ) ;
#782 = CARTESIAN_POINT ( 'NONE',  ( 0.08405289097027779377, -0.8217440203595155479, 0.000000000000000000 ) ) ;
#783 = CARTESIAN_POINT ( 'NONE',  ( -0.7350000000000005418, -0.3750000000000000000, -0.02000000000000000042 ) ) ;
#784 = DIRECTION ( 'NONE',  ( 0.000000000000000000, -1.000000000000000000, 0.000000000000000000 ) ) ;
#785 = DIRECTION ( 'NONE',  ( -0.000000000000000000, -0.000000000000000000, 1.000000000000000000 ) ) ;
#786 = CARTESIAN_POINT ( 'NONE',  ( -0.000000000000000000, -0.8750000000000000000, 0.000000000000000000 ) ) ;
#787 = UNCERTAINTY_MEASURE_WITH_UNIT (LENGTH_MEASURE( 1.000000000000000082E-05 ), #2507, 'distance_accuracy_value', 'NONE');
#788 = ORIENTED_EDGE ( 'NONE', *, *, #2219, .F. ) ;
#789 = DIRECTION ( 'NONE',  ( 0.3222024856061130316, -0.9466707760722533616, 0.000000000000000000 ) ) ;
#790 = CARTESIAN_POINT ( 'NONE',  ( 0.06913752054059209284, -0.8093064682204906823, 0.000000000000000000 ) ) ;
#791 =( GEOMETRIC_REPRESENTATION_CONTEXT ( 3 ) GLOBAL_UNCERTAINTY_ASSIGNED_CONTEXT ( ( #7733 ) ) GLOBAL_UNIT_ASSIGNED_CONTEXT ( ( #5464, #2286, #4204 ) ) REPRESENTATION_CONTEXT ( 'NONE', 'WORKASPACE' ) );
#792 = FILL_AREA_STYLE ('',( #2191 ) ) ;
#793 =( NAMED_UNIT ( * ) SI_UNIT ( $, .STERADIAN. ) SOLID_ANGLE_UNIT ( ) );
#794 = ORIENTED_EDGE ( 'NONE', *, *, #2809, .T. ) ;
#795 = VERTEX_POINT ( 'NONE', #5225 ) ;
#796 = EDGE_LOOP ( 'NONE', ( #5826, #6129, #7213, #7748 ) ) ;
#797 = AXIS2_PLACEMENT_3D ( 'NONE', #6916, #3802, #659 ) ;
#798 = CARTESIAN_POINT ( 'NONE',  ( -0.08393045475236146635, -0.8227406453759827931, 0.000000000000000000 ) ) ;
#799 = CARTESIAN_POINT ( 'NONE',  ( 0.01611046922923725991, -0.8653794237460719074, 0.000000000000000000 ) ) ;
#800 = FILL_AREA_STYLE ('',( #7656 ) ) ;
#801 = FILL_AREA_STYLE_COLOUR ( '', #2649 ) ;
#802 = PRESENTATION_LAYER_ASSIGNMENT (  '', '', ( #5675 ) ) ;
#803 = CARTESIAN_POINT ( 'NONE',  ( -1.010000000000000231, -0.8750000000000000000, -0.02000000000000000042 ) ) ;
#804 = EDGE_LOOP ( 'NONE', ( #6231, #1801, #4488, #7732, #2923, #7141 ) ) ;
#805 = DIRECTION ( 'NONE',  ( -0.000000000000000000, -1.000000000000000000, -0.000000000000000000 ) ) ;
#806 = LINE ( 'NONE', #2579, #6472 ) ;
#807 = ORIENTED_EDGE ( 'NONE', *, *, #7638, .F. ) ;
#808 = ORIENTED_EDGE ( 'NONE', *, *, #770, .F. ) ;
#809 = EDGE_CURVE ( 'NONE', #4069, #1371, #7718, .T. ) ;
#810 = FILL_AREA_STYLE ('',( #150 ) ) ;
#811 = CARTESIAN_POINT ( 'NONE',  ( -0.09131032876584070646, -0.8954752036004255400, 0.01000000000000000021 ) ) ;
#812 = EDGE_CURVE ( 'NONE', #2958, #5822, #985, .T. ) ;
#813 = CARTESIAN_POINT ( 'NONE',  ( -0.8246046625001746122, 0.8185251959338152306, 0.5199999999999999067 ) ) ;
#814 = PRESENTATION_STYLE_ASSIGNMENT (( #269 ) ) ;
#815 = CARTESIAN_POINT ( 'NONE',  ( 0.05673537624878007696, -0.8107838171316668063, 0.01000000000000000021 ) ) ;
#816 = DIRECTION ( 'NONE',  ( -0.000000000000000000, -0.000000000000000000, 1.000000000000000000 ) ) ;
#817 =( GEOMETRIC_REPRESENTATION_CONTEXT ( 3 ) GLOBAL_UNCERTAINTY_ASSIGNED_CONTEXT ( ( #355 ) ) GLOBAL_UNIT_ASSIGNED_CONTEXT ( ( #6042, #4774, #5417 ) ) REPRESENTATION_CONTEXT ( 'NONE', 'WORKASPACE' ) );
#818 = COLOUR_RGB ( '',0.8313725490196077761, 0.8313725490196077761, 0.8196078431372548767 ) ;
#819 = CARTESIAN_POINT ( 'NONE',  ( 0.07381067980593218614, -0.8202866061351572480, 0.000000000000000000 ) ) ;
#820 = SURFACE_SIDE_STYLE ('',( #3958 ) ) ;
#821 = EDGE_CURVE ( 'NONE', #1253, #3670, #3358, .T. ) ;
#822 = CARTESIAN_POINT ( 'NONE',  ( -0.1755244393073481235, -0.8226964969168035768, 0.01000000000000000021 ) ) ;
#823 = ORIENTED_EDGE ( 'NONE', *, *, #4859, .F. ) ;
#824 = VECTOR ( 'NONE', #4474, 1000.000000000000000 ) ;
#825 = UNCERTAINTY_MEASURE_WITH_UNIT (LENGTH_MEASURE( 1.000000000000000082E-05 ), #6884, 'distance_accuracy_value', 'NONE');
#826 =( GEOMETRIC_REPRESENTATION_CONTEXT ( 3 ) GLOBAL_UNCERTAINTY_ASSIGNED_CONTEXT ( ( #7328 ) ) GLOBAL_UNIT_ASSIGNED_CONTEXT ( ( #108, #6290, #1398 ) ) REPRESENTATION_CONTEXT ( 'NONE', 'WORKASPACE' ) );
#827 = CARTESIAN_POINT ( 'NONE',  ( -1.000000000000000888, 0.1250000000000000000, 0.5300000000000000266 ) ) ;
#828 = LINE ( 'NONE', #1503, #6765 ) ;
#829 = CIRCLE ( 'NONE', #2652, 0.1999999999999999833 ) ;
#830 = ORIENTED_EDGE ( 'NONE', *, *, #5694, .T. ) ;
#831 = CARTESIAN_POINT ( 'NONE',  ( 1.010000000000000453, 0.8749999999999998890, 0.2500000000000000000 ) ) ;
#832 = ORIENTED_EDGE ( 'NONE', *, *, #1928, .T. ) ;
#833 = ORIENTED_EDGE ( 'NONE', *, *, #1317, .T. ) ;
#834 =( GEOMETRIC_REPRESENTATION_CONTEXT ( 3 ) GLOBAL_UNCERTAINTY_ASSIGNED_CONTEXT ( ( #2401 ) ) GLOBAL_UNIT_ASSIGNED_CONTEXT ( ( #4873, #2996, #7395 ) ) REPRESENTATION_CONTEXT ( 'NONE', 'WORKASPACE' ) );
#835 = CARTESIAN_POINT ( 'NONE',  ( -0.07601128325890144088, -0.8215634583045117179, 0.01000000000000000021 ) ) ;
#836 = FILL_AREA_STYLE ('',( #7700 ) ) ;
#837 = CARTESIAN_POINT ( 'NONE',  ( 0.1100129082536275005, -0.8615684481363157232, 0.000000000000000000 ) ) ;
#838 = STYLED_ITEM ( 'NONE', ( #3078 ), #3313 ) ;
#839 = CARTESIAN_POINT ( 'NONE',  ( -0.4499999999999997891, 0.5050510257216823673, 0.000000000000000000 ) ) ;
#840 = FILL_AREA_STYLE_COLOUR ( '', #3040 ) ;
#841 = PRESENTATION_LAYER_ASSIGNMENT (  '', '', ( #4414 ) ) ;
#842 = CARTESIAN_POINT ( 'NONE',  ( -0.07276290350157858799, -0.8994931943178073874, 0.01000000000000000021 ) ) ;
#843 = ORIENTED_EDGE ( 'NONE', *, *, #7446, .T. ) ;
#844 = LINE ( 'NONE', #6635, #3996 ) ;
#845 = PRESENTATION_LAYER_ASSIGNMENT (  '', '', ( #4417 ) ) ;
#846 = ORIENTED_EDGE ( 'NONE', *, *, #5404, .T. ) ;
#847 = PRESENTATION_LAYER_ASSIGNMENT (  '', '', ( #3616 ) ) ;
#848 =( LENGTH_UNIT ( ) NAMED_UNIT ( * ) SI_UNIT ( .MILLI., .METRE. ) );
#849 =( GEOMETRIC_REPRESENTATION_CONTEXT ( 3 ) GLOBAL_UNCERTAINTY_ASSIGNED_CONTEXT ( ( #707 ) ) GLOBAL_UNIT_ASSIGNED_CONTEXT ( ( #965, #5996, #2365 ) ) REPRESENTATION_CONTEXT ( 'NONE', 'WORKASPACE' ) );
#850 = SURFACE_STYLE_USAGE ( .BOTH. , #5795 ) ;
#851 = ORIENTED_EDGE ( 'NONE', *, *, #5411, .T. ) ;
#852 = DIRECTION ( 'NONE',  ( -0.000000000000000000, -0.000000000000000000, 1.000000000000000000 ) ) ;
#853 = DIRECTION ( 'NONE',  ( -1.000000000000000000, 0.000000000000000000, 0.000000000000000000 ) ) ;
#854 = CARTESIAN_POINT ( 'NONE',  ( -0.7350000000000006528, 0.6250000000000001110, -0.02000000000000000042 ) ) ;
#855 = PLANE ( 'NONE',  #999 ) ;
#856 =( NAMED_UNIT ( * ) SI_UNIT ( $, .STERADIAN. ) SOLID_ANGLE_UNIT ( ) );
#857 =( NAMED_UNIT ( * ) SI_UNIT ( $, .STERADIAN. ) SOLID_ANGLE_UNIT ( ) );
#858 =( NAMED_UNIT ( * ) SI_UNIT ( $, .STERADIAN. ) SOLID_ANGLE_UNIT ( ) );
#859 = STYLED_ITEM ( 'NONE', ( #5251 ), #1219 ) ;
#860 = ADVANCED_FACE ( 'NONE', ( #7801 ), #4703, .T. ) ;
#861 = ADVANCED_FACE ( 'NONE', ( #4289 ), #2291, .F. ) ;
#862 =( NAMED_UNIT ( * ) SI_UNIT ( $, .STERADIAN. ) SOLID_ANGLE_UNIT ( ) );
#863 =( NAMED_UNIT ( * ) SI_UNIT ( $, .STERADIAN. ) SOLID_ANGLE_UNIT ( ) );
#864 = CARTESIAN_POINT ( 'NONE',  ( -0.2050510257216819898, 0.7500000000000001110, 0.000000000000000000 ) ) ;
#865 = PLANE ( 'NONE',  #6481 ) ;
#866 = MECHANICAL_DESIGN_GEOMETRIC_PRESENTATION_REPRESENTATION (  '', ( #4431 ), #3094 ) ;
#867 = ORIENTED_EDGE ( 'NONE', *, *, #6248, .F. ) ;
#868 = UNCERTAINTY_MEASURE_WITH_UNIT (LENGTH_MEASURE( 1.000000000000000082E-05 ), #660, 'distance_accuracy_value', 'NONE');
#869 = ADVANCED_FACE ( 'NONE', ( #3574 ), #7430, .F. ) ;
#870 = VECTOR ( 'NONE', #2442, 1000.000000000000000 ) ;
#871 = FILL_AREA_STYLE ('',( #4226 ) ) ;
#872 = SURFACE_SIDE_STYLE ('',( #4555 ) ) ;
#873 = VERTEX_POINT ( 'NONE', #3489 ) ;
#874 = SURFACE_STYLE_USAGE ( .BOTH. , #6507 ) ;
#875 = ORIENTED_EDGE ( 'NONE', *, *, #5912, .F. ) ;
#876 = VERTEX_POINT ( 'NONE', #474 ) ;
#877 = VECTOR ( 'NONE', #1356, 1000.000000000000000 ) ;
#878 = EDGE_CURVE ( 'NONE', #6436, #2771, #6239, .T. ) ;
#879 = STYLED_ITEM ( 'NONE', ( #3915 ), #4220 ) ;
#880 = CIRCLE ( 'NONE', #7578, 0.04999999999999991257 ) ;
#881 = CARTESIAN_POINT ( 'NONE',  ( -0.09101218521865082900, -0.8251459933362067511, 0.01000000000000000021 ) ) ;
#882 = VECTOR ( 'NONE', #2572, 1000.000000000000000 ) ;
#883 = SURFACE_STYLE_USAGE ( .BOTH. , #2764 ) ;
#884 = PRODUCT ( 'TDFN-8_L2.0-W2.0-P0.50-TL-EP', 'TDFN-8_L2.0-W2.0-P0.50-TL-EP', '', ( #1182 ) ) ;
#885 = VECTOR ( 'NONE', #7261, 1000.000000000000000 ) ;
#886 = DIRECTION ( 'NONE',  ( -0.000000000000000000, 0.000000000000000000, 1.000000000000000000 ) ) ;
#887 = SURFACE_STYLE_FILL_AREA ( #4077 ) ;
#888 = SURFACE_STYLE_USAGE ( .BOTH. , #3303 ) ;
#889 = AXIS2_PLACEMENT_3D ( 'NONE', #7892, #2382, #1731 ) ;
#890 = CARTESIAN_POINT ( 'NONE',  ( -0.09131032876584070646, -0.8954752036004255400, 0.01000000000000000021 ) ) ;
#891 = MECHANICAL_DESIGN_GEOMETRIC_PRESENTATION_REPRESENTATION (  '', ( #7983 ), #8110 ) ;
#892 = ORIENTED_EDGE ( 'NONE', *, *, #6434, .T. ) ;
#893 = DIRECTION ( 'NONE',  ( -1.000000000000000000, 0.000000000000000000, 0.000000000000000000 ) ) ;
#894 = LINE ( 'NONE', #6475, #3859 ) ;
#895 = VERTEX_POINT ( 'NONE', #2499 ) ;
#896 = SURFACE_STYLE_USAGE ( .BOTH. , #2209 ) ;
#897 = CARTESIAN_POINT ( 'NONE',  ( 0.1076483514508634470, -0.8777045987799750870, 0.000000000000000000 ) ) ;
#898 = ORIENTED_EDGE ( 'NONE', *, *, #5039, .F. ) ;
#899 = VECTOR ( 'NONE', #6297, 1000.000000000000000 ) ;
#900 = CARTESIAN_POINT ( 'NONE',  ( -0.3999999999999997446, 0.5050510257216823673, -0.02000000000000000042 ) ) ;
#901 =( NAMED_UNIT ( * ) PLANE_ANGLE_UNIT ( ) SI_UNIT ( $, .RADIAN. ) );
#902 = CARTESIAN_POINT ( 'NONE',  ( -0.1003311327357079147, -0.8890535557603277406, 0.01000000000000000021 ) ) ;
#903 = FILL_AREA_STYLE ('',( #7760 ) ) ;
#904 = PLANE ( 'NONE',  #6522 ) ;
#905 = CARTESIAN_POINT ( 'NONE',  ( -0.07650242235287542381, -0.9103988716351533172, 0.01000000000000000021 ) ) ;
#906 = DIRECTION ( 'NONE',  ( 0.000000000000000000, -1.000000000000000000, 0.000000000000000000 ) ) ;
#907 = SURFACE_STYLE_FILL_AREA ( #3411 ) ;
#908 = SURFACE_STYLE_USAGE ( .BOTH. , #236 ) ;
#909 = PRESENTATION_STYLE_ASSIGNMENT (( #2748 ) ) ;
#910 = CARTESIAN_POINT ( 'NONE',  ( -0.1759870418344167409, -0.8234652343139029496, 0.000000000000000000 ) ) ;
#911 = FACE_OUTER_BOUND ( 'NONE', #2361, .T. ) ;
#912 = DIRECTION ( 'NONE',  ( 0.000000000000000000, 0.000000000000000000, -1.000000000000000000 ) ) ;
#913 = CARTESIAN_POINT ( 'NONE',  ( -1.010000000000000453, 0.3749999999999998890, 0.2500000000000000000 ) ) ;
#914 = EDGE_LOOP ( 'NONE', ( #3683, #2438, #7901, #4931 ) ) ;
#915 =( LENGTH_UNIT ( ) NAMED_UNIT ( * ) SI_UNIT ( .MILLI., .METRE. ) );
#916 = EDGE_LOOP ( 'NONE', ( #1694, #5952, #6412, #1473 ) ) ;
#917 = CARTESIAN_POINT ( 'NONE',  ( 0.1697690058146031078, -0.8995257652094864609, 0.000000000000000000 ) ) ;
#918 = CARTESIAN_POINT ( 'NONE',  ( 0.1137277293137501089, -0.8947221292320708397, 0.000000000000000000 ) ) ;
#919 = DIRECTION ( 'NONE',  ( 1.000000000000000000, 0.000000000000000000, 0.000000000000000000 ) ) ;
#920 = EDGE_CURVE ( 'NONE', #1660, #4862, #2533, .T. ) ;
#921 = EDGE_CURVE ( 'NONE', #5519, #7739, #3770, .T. ) ;
#922 = ORIENTED_EDGE ( 'NONE', *, *, #4760, .T. ) ;
#923 = FILL_AREA_STYLE ('',( #4731 ) ) ;
#924 = ORIENTED_EDGE ( 'NONE', *, *, #6704, .F. ) ;
#925 = SURFACE_SIDE_STYLE ('',( #4074 ) ) ;
#926 = DIRECTION ( 'NONE',  ( -0.000000000000000000, 1.000000000000000000, -0.000000000000000000 ) ) ;
#927 = SURFACE_STYLE_USAGE ( .BOTH. , #7172 ) ;
#928 = DIRECTION ( 'NONE',  ( -1.000000000000000000, 0.000000000000000000, -0.000000000000000000 ) ) ;
#929 = ADVANCED_FACE ( 'NONE', ( #1887 ), #7554, .F. ) ;
#930 = FILL_AREA_STYLE_COLOUR ( '', #3762 ) ;
#931 = VERTEX_POINT ( 'NONE', #4446 ) ;
#932 = CARTESIAN_POINT ( 'NONE',  ( -0.1754078310601025203, -0.8234085861456256206, 0.000000000000000000 ) ) ;
#933 = STYLED_ITEM ( 'NONE', ( #814 ), #5551 ) ;
#934 = VERTEX_POINT ( 'NONE', #1342 ) ;
#935 = CARTESIAN_POINT ( 'NONE',  ( -0.1739238295512506027, -0.8297086920387548581, 0.01000000000000000021 ) ) ;
#936 = CARTESIAN_POINT ( 'NONE',  ( 0.08219308492119940801, -0.9001424121095988884, 0.000000000000000000 ) ) ;
#937 = ORIENTED_EDGE ( 'NONE', *, *, #559, .F. ) ;
#938 =( GEOMETRIC_REPRESENTATION_CONTEXT ( 3 ) GLOBAL_UNCERTAINTY_ASSIGNED_CONTEXT ( ( #3252 ) ) GLOBAL_UNIT_ASSIGNED_CONTEXT ( ( #7467, #9, #5004 ) ) REPRESENTATION_CONTEXT ( 'NONE', 'WORKASPACE' ) );
#939 = DIRECTION ( 'NONE',  ( 1.000000000000000000, 0.000000000000000000, 0.000000000000000000 ) ) ;
#940 = LINE ( 'NONE', #2252, #5772 ) ;
#941 =( NAMED_UNIT ( * ) PLANE_ANGLE_UNIT ( ) SI_UNIT ( $, .RADIAN. ) );
#942 = DIRECTION ( 'NONE',  ( 0.000000000000000000, 1.000000000000000000, -0.000000000000000000 ) ) ;
#943 = FILL_AREA_STYLE ('',( #6535 ) ) ;
#944 = FACE_OUTER_BOUND ( 'NONE', #796, .T. ) ;
#945 = STYLED_ITEM ( 'NONE', ( #7220 ), #1177 ) ;
#946 = CARTESIAN_POINT ( 'NONE',  ( -0.1773918173561286338, -0.8297086920387548581, 0.000000000000000000 ) ) ;
#947 = FILL_AREA_STYLE_COLOUR ( '', #319 ) ;
#948 = CARTESIAN_POINT ( 'NONE',  ( -0.07601128325890144088, -0.8215634583045117179, 0.01000000000000000021 ) ) ;
#949 = DIRECTION ( 'NONE',  ( -0.000000000000000000, 1.000000000000000000, -0.000000000000000000 ) ) ;
#950 = ORIENTED_EDGE ( 'NONE', *, *, #7637, .F. ) ;
#951 = CARTESIAN_POINT ( 'NONE',  ( 0.07257007288777385379, -0.8092818627704621015, 0.000000000000000000 ) ) ;
#952 = ORIENTED_EDGE ( 'NONE', *, *, #195, .T. ) ;
#953 = ADVANCED_BREP_SHAPE_REPRESENTATION ( 'TDFN-8_L2.0-W2.0-P0.50-TL-EP', ( #7190, #1026 ), #6530 ) ;
#954 = FILL_AREA_STYLE ('',( #3291 ) ) ;
#955 = CARTESIAN_POINT ( 'NONE',  ( 0.09133408188617592183, -0.9099063518200916079, 0.000000000000000000 ) ) ;
#956 = LINE ( 'NONE', #7082, #2681 ) ;
#957 = ORIENTED_EDGE ( 'NONE', *, *, #5600, .F. ) ;
#958 = AXIS2_PLACEMENT_3D ( 'NONE', #6286, #2005, #1924 ) ;
#959 = VERTEX_POINT ( 'NONE', #1259 ) ;
#960 = PRESENTATION_LAYER_ASSIGNMENT (  '', '', ( #6464 ) ) ;
#961 = EDGE_CURVE ( 'NONE', #5699, #8025, #1223, .T. ) ;
#962 = ADVANCED_FACE ( 'NONE', ( #6937 ), #5634, .T. ) ;
#963 = DIRECTION ( 'NONE',  ( -0.000000000000000000, 0.000000000000000000, 1.000000000000000000 ) ) ;
#964 = CARTESIAN_POINT ( 'NONE',  ( 0.07646800388095024992, -0.8203437434677440798, 0.000000000000000000 ) ) ;
#965 =( LENGTH_UNIT ( ) NAMED_UNIT ( * ) SI_UNIT ( .MILLI., .METRE. ) );
#966 = DIRECTION ( 'NONE',  ( -0.000000000000000000, 0.000000000000000000, 1.000000000000000000 ) ) ;
#967 = VECTOR ( 'NONE', #6540, 1000.000000000000000 ) ;
#968 = CARTESIAN_POINT ( 'NONE',  ( -0.07276290350157858799, -0.8994931943178073874, 0.000000000000000000 ) ) ;
#970 = ORIENTED_EDGE ( 'NONE', *, *, #158, .F. ) ;
#969 = STYLED_ITEM ( 'NONE', ( #75 ), #5393 ) ;
#971 = ORIENTED_EDGE ( 'NONE', *, *, #2970, .T. ) ;
#972 = EDGE_CURVE ( 'NONE', #1217, #7225, #4406, .T. ) ;
#973 = PRESENTATION_STYLE_ASSIGNMENT (( #896 ) ) ;
#974 = VECTOR ( 'NONE', #2779, 1000.000000000000000 ) ;
#975 = CARTESIAN_POINT ( 'NONE',  ( 0.09504822393892124743, -0.8948481658043894171, 0.000000000000000000 ) ) ;
#976 = ORIENTED_EDGE ( 'NONE', *, *, #8001, .F. ) ;
#977 = VECTOR ( 'NONE', #926, 1000.000000000000000 ) ;
#978 = LINE ( 'NONE', #3492, #532 ) ;
#979 = DIRECTION ( 'NONE',  ( -0.9417224702971433992, -0.3363908276654494212, 0.000000000000000000 ) ) ;
#980 = DIRECTION ( 'NONE',  ( 0.000000000000000000, 1.000000000000000000, 0.000000000000000000 ) ) ;
#981 = AXIS2_PLACEMENT_3D ( 'NONE', #6260, #625, #1288 ) ;
#982 = CARTESIAN_POINT ( 'NONE',  ( -0.6850000000000008304, 0.000000000000000000, 0.000000000000000000 ) ) ;
#983 = VECTOR ( 'NONE', #4392, 1000.000000000000000 ) ;
#984 = DIRECTION ( 'NONE',  ( -0.000000000000000000, -1.000000000000000000, -0.000000000000000000 ) ) ;
#985 = CIRCLE ( 'NONE', #5990, 0.04999999999999991257 ) ;
#986 = AXIS2_PLACEMENT_3D ( 'NONE', #5322, #785, #3961 ) ;
#987 = PRESENTATION_LAYER_ASSIGNMENT (  '', '', ( #7943 ) ) ;
#988 = FILL_AREA_STYLE_COLOUR ( '', #99 ) ;
#989 = DIRECTION ( 'NONE',  ( 0.000000000000000000, -0.000000000000000000, -1.000000000000000000 ) ) ;
#990 = DIRECTION ( 'NONE',  ( 0.000000000000000000, -1.000000000000000000, 0.000000000000000000 ) ) ;
#991 = ORIENTED_EDGE ( 'NONE', *, *, #4808, .F. ) ;
#992 = FILL_AREA_STYLE ('',( #4762 ) ) ;
#993 = ORIENTED_EDGE ( 'NONE', *, *, #4652, .T. ) ;
#994 =( NAMED_UNIT ( * ) PLANE_ANGLE_UNIT ( ) SI_UNIT ( $, .RADIAN. ) );
#995 = CARTESIAN_POINT ( 'NONE',  ( -1.010000000000000231, -0.6250000000000001110, -0.02000000000000000042 ) ) ;
#996 = VERTEX_POINT ( 'NONE', #1467 ) ;
#997 = LINE ( 'NONE', #6036, #1281 ) ;
#998 = ORIENTED_EDGE ( 'NONE', *, *, #6542, .F. ) ;
#999 = AXIS2_PLACEMENT_3D ( 'NONE', #2215, #1565, #4036 ) ;
#1000 =( LENGTH_UNIT ( ) NAMED_UNIT ( * ) SI_UNIT ( .MILLI., .METRE. ) );
#1001 = STYLED_ITEM ( 'NONE', ( #4720 ), #4062 ) ;
#1002 = FACE_OUTER_BOUND ( 'NONE', #2226, .T. ) ;
#1003 = LINE ( 'NONE', #2805, #7941 ) ;
#1004 = CARTESIAN_POINT ( 'NONE',  ( -0.2050510257216819898, 0.7000000000000000666, -0.02000000000000000042 ) ) ;
#1005 = SURFACE_STYLE_FILL_AREA ( #5869 ) ;
#1006 = STYLED_ITEM ( 'NONE', ( #7779 ), #7601 ) ;
#1007 = CARTESIAN_POINT ( 'NONE',  ( 0.1319641277658226419, -0.8995257652094864609, 0.000000000000000000 ) ) ;
#1008 = EDGE_CURVE ( 'NONE', #1919, #7268, #7132, .T. ) ;
#1009 = EDGE_CURVE ( 'NONE', #2659, #7624, #218, .T. ) ;
#1010 = PRESENTATION_LAYER_ASSIGNMENT (  '', '', ( #3771 ) ) ;
#1011 = EDGE_LOOP ( 'NONE', ( #1014, #4241, #225, #4280 ) ) ;
#1012 = CARTESIAN_POINT ( 'NONE',  ( -0.1184146486612337318, -0.8847344017151028694, 0.01000000000000000021 ) ) ;
#1013 = CARTESIAN_POINT ( 'NONE',  ( 0.7350000000000005418, -0.8249999999999999556, -0.02000000000000000042 ) ) ;
#1014 = ORIENTED_EDGE ( 'NONE', *, *, #3537, .F. ) ;
#1015 = AXIS2_PLACEMENT_3D ( 'NONE', #3760, #3846, #6343 ) ;
#1016 = DIRECTION ( 'NONE',  ( -0.000000000000000000, 0.000000000000000000, 1.000000000000000000 ) ) ;
#1017 = CARTESIAN_POINT ( 'NONE',  ( 0.1062645409319696588, -0.8811806993876282190, 0.01000000000000000021 ) ) ;
#1018 = ORIENTED_EDGE ( 'NONE', *, *, #1689, .T. ) ;
#1019 = PRESENTATION_LAYER_ASSIGNMENT (  '', '', ( #5891 ) ) ;
#1020 = MECHANICAL_DESIGN_GEOMETRIC_PRESENTATION_REPRESENTATION (  '', ( #2335 ), #6533 ) ;
#1021 = DIRECTION ( 'NONE',  ( 0.000000000000000000, 0.000000000000000000, -1.000000000000000000 ) ) ;
#1022 = PRESENTATION_LAYER_ASSIGNMENT (  '', '', ( #4590 ) ) ;
#1023 = UNCERTAINTY_MEASURE_WITH_UNIT (LENGTH_MEASURE( 1.000000000000000082E-05 ), #2451, 'distance_accuracy_value', 'NONE');
#1024 = DIRECTION ( 'NONE',  ( 0.3393303772748790248, 0.9406672605435399959, 0.000000000000000000 ) ) ;
#1025 = EDGE_CURVE ( 'NONE', #3263, #7960, #3943, .T. ) ;
#1026 = AXIS2_PLACEMENT_3D ( 'NONE', #421, #3723, #5582 ) ;
#1027 = EDGE_CURVE ( 'NONE', #7093, #4636, #2765, .T. ) ;
#1028 = DIRECTION ( 'NONE',  ( 1.000000000000000000, 3.942553354492745010E-16, 0.000000000000000000 ) ) ;
#1029 = DIRECTION ( 'NONE',  ( -0.000000000000000000, -0.000000000000000000, 1.000000000000000000 ) ) ;
#1030 = CARTESIAN_POINT ( 'NONE',  ( 0.09398074954869209408, -0.8265061758531352387, 0.01000000000000000021 ) ) ;
#1031 = VECTOR ( 'NONE', #1312, 1000.000000000000000 ) ;
#1032 = UNCERTAINTY_MEASURE_WITH_UNIT (LENGTH_MEASURE( 1.000000000000000082E-05 ), #1162, 'distance_accuracy_value', 'NONE');
#1033 = VECTOR ( 'NONE', #609, 1000.000000000000000 ) ;
#1034 = CARTESIAN_POINT ( 'NONE',  ( -4.928191693115919553E-17, -0.1249999999999997086, 0.000000000000000000 ) ) ;
#1035 = VERTEX_POINT ( 'NONE', #4650 ) ;
#1036 = CARTESIAN_POINT ( 'NONE',  ( -0.07186590272198228879, -0.8105013749655840538, 0.01000000000000000194 ) ) ;
#1037 = CARTESIAN_POINT ( 'NONE',  ( -0.1766088893565883611, -0.8268270514773681246, 0.000000000000000000 ) ) ;
#1038 = EDGE_CURVE ( 'NONE', #6907, #2860, #5259, .T. ) ;
#1039 =( NAMED_UNIT ( * ) SI_UNIT ( $, .STERADIAN. ) SOLID_ANGLE_UNIT ( ) );
#1040 = VERTEX_POINT ( 'NONE', #2651 ) ;
#1041 = CARTESIAN_POINT ( 'NONE',  ( -0.04364562833173837170, -0.8105013749655840538, 0.000000000000000000 ) ) ;
#1042 = EDGE_LOOP ( 'NONE', ( #3506, #6001, #4995, #4732 ) ) ;
#1043 = SURFACE_SIDE_STYLE ('',( #7329 ) ) ;
#1044 =( LENGTH_UNIT ( ) NAMED_UNIT ( * ) SI_UNIT ( .MILLI., .METRE. ) );
#1045 = LINE ( 'NONE', #1832, #5851 ) ;
#1046 = ORIENTED_EDGE ( 'NONE', *, *, #5205, .F. ) ;
#1047 =( LENGTH_UNIT ( ) NAMED_UNIT ( * ) SI_UNIT ( .MILLI., .METRE. ) );
#1048 = ORIENTED_EDGE ( 'NONE', *, *, #4313, .T. ) ;
#1049 = SURFACE_STYLE_FILL_AREA ( #6110 ) ;
#1050 =( LENGTH_UNIT ( ) NAMED_UNIT ( * ) SI_UNIT ( .MILLI., .METRE. ) );
#1051 = CARTESIAN_POINT ( 'NONE',  ( 0.1041814553154874479, -0.8374838462606799538, 0.01000000000000000021 ) ) ;
#1052 = SURFACE_STYLE_USAGE ( .BOTH. , #4198 ) ;
#1053 = SURFACE_STYLE_USAGE ( .BOTH. , #7375 ) ;
#1054 = ORIENTED_EDGE ( 'NONE', *, *, #147, .T. ) ;
#1055 = DIRECTION ( 'NONE',  ( 1.000000000000000000, 0.000000000000000000, 0.000000000000000000 ) ) ;
#1056 = ORIENTED_EDGE ( 'NONE', *, *, #7513, .T. ) ;
#1057 = LINE ( 'NONE', #1679, #5536 ) ;
#1058 = CARTESIAN_POINT ( 'NONE',  ( 0.4500000000000002331, 0.7500000000000000000, -0.02000000000000000042 ) ) ;
#1059 = ORIENTED_EDGE ( 'NONE', *, *, #821, .T. ) ;
#1060 = FILL_AREA_STYLE ('',( #4335 ) ) ;
#1061 =( LENGTH_UNIT ( ) NAMED_UNIT ( * ) SI_UNIT ( .MILLI., .METRE. ) );
#1062 = VECTOR ( 'NONE', #1016, 1000.000000000000000 ) ;
#1063 = SURFACE_SIDE_STYLE ('',( #8083 ) ) ;
#1064 = CARTESIAN_POINT ( 'NONE',  ( -0.1106860210052045823, -0.8579974876713432064, 0.000000000000000000 ) ) ;
#1065 = CARTESIAN_POINT ( 'NONE',  ( 1.010000000000000453, -0.1250000000000001110, -0.02000000000000000042 ) ) ;
#1066 = CARTESIAN_POINT ( 'NONE',  ( 0.7350000000000005418, -0.8249999999999999556, -0.02000000000000000042 ) ) ;
#1067 = EDGE_CURVE ( 'NONE', #404, #7083, #7659, .T. ) ;
#1068 = DIRECTION ( 'NONE',  ( 1.000000000000000000, 0.000000000000000000, 0.000000000000000000 ) ) ;
#1069 = EDGE_LOOP ( 'NONE', ( #2265, #1747, #5955, #998 ) ) ;
#1070 = EDGE_CURVE ( 'NONE', #6974, #5576, #3431, .T. ) ;
#1071 = CARTESIAN_POINT ( 'NONE',  ( -0.1232885693208713579, -0.8487177528229756795, 0.01000000000000000194 ) ) ;
#1072 = CARTESIAN_POINT ( 'NONE',  ( 1.010000000000000453, -0.3750000000000000000, 0.2500000000000000000 ) ) ;
#1073 = DIRECTION ( 'NONE',  ( -1.000000000000000000, 0.000000000000000000, -0.000000000000000000 ) ) ;
#1074 = LINE ( 'NONE', #401, #7694 ) ;
#1075 = PRESENTATION_LAYER_ASSIGNMENT (  '', '', ( #4114 ) ) ;
#1076 =( LENGTH_UNIT ( ) NAMED_UNIT ( * ) SI_UNIT ( .MILLI., .METRE. ) );
#1077 = ORIENTED_EDGE ( 'NONE', *, *, #3733, .T. ) ;
#1078 = CARTESIAN_POINT ( 'NONE',  ( 0.1232987538244634251, -0.8566346216245749323, 0.000000000000000000 ) ) ;
#1079 = EDGE_LOOP ( 'NONE', ( #1579, #4920, #4857, #2400, #6990, #1108, #7545, #2077, #2141, #4388, #47, #7253 ) ) ;
#1080 = UNCERTAINTY_MEASURE_WITH_UNIT (LENGTH_MEASURE( 1.000000000000000082E-05 ), #6770, 'distance_accuracy_value', 'NONE');
#1081 = EDGE_CURVE ( 'NONE', #7533, #6102, #7832, .T. ) ;
#1082 = CARTESIAN_POINT ( 'NONE',  ( -0.4076060066089044476, -1.010000000000002673, 0.07773384608415166708 ) ) ;
#1083 = DIRECTION ( 'NONE',  ( -0.000000000000000000, 1.000000000000000000, -0.000000000000000000 ) ) ;
#1084 = ORIENTED_EDGE ( 'NONE', *, *, #878, .F. ) ;
#1085 = SURFACE_SIDE_STYLE ('',( #7948 ) ) ;
#1086 = ORIENTED_EDGE ( 'NONE', *, *, #1785, .F. ) ;
#1087 = CARTESIAN_POINT ( 'NONE',  ( -0.1106860210052045823, -0.8579974876713432064, 0.01000000000000000021 ) ) ;
#1088 = CARTESIAN_POINT ( 'NONE',  ( -1.000000000000000888, 0.6250000000000000000, 0.000000000000000000 ) ) ;
#1089 = CARTESIAN_POINT ( 'NONE',  ( 0.07245574361948114994, -0.8202574725265596722, 0.01000000000000000021 ) ) ;
#1090 = COLOUR_RGB ( '',0.8313725490196077761, 0.8313725490196077761, 0.8196078431372548767 ) ;
#1091 = FILL_AREA_STYLE ('',( #5580 ) ) ;
#1092 = ORIENTED_EDGE ( 'NONE', *, *, #3955, .F. ) ;
#1093 = CARTESIAN_POINT ( 'NONE',  ( -0.07276290350157858799, -0.8994931943178073874, 0.000000000000000000 ) ) ;
#1094 = STYLED_ITEM ( 'NONE', ( #7998 ), #3907 ) ;
#1095 = EDGE_LOOP ( 'NONE', ( #5872, #7585, #6662, #833 ) ) ;
#1096 = CARTESIAN_POINT ( 'NONE',  ( -0.1924451710146652395, -0.8714769847216816689, 0.000000000000000000 ) ) ;
#1097 = LINE ( 'NONE', #3608, #3376 ) ;
#1098 = VECTOR ( 'NONE', #92, 1000.000000000000000 ) ;
#1099 =( NAMED_UNIT ( * ) SI_UNIT ( $, .STERADIAN. ) SOLID_ANGLE_UNIT ( ) );
#1100 = ORIENTED_EDGE ( 'NONE', *, *, #3641, .F. ) ;
#1101 = STYLED_ITEM ( 'NONE', ( #1594 ), #3898 ) ;
#1102 = DIRECTION ( 'NONE',  ( 0.000000000000000000, -0.000000000000000000, 1.000000000000000000 ) ) ;
#1103 = SURFACE_SIDE_STYLE ('',( #3866 ) ) ;
#1104 =( LENGTH_UNIT ( ) NAMED_UNIT ( * ) SI_UNIT ( .MILLI., .METRE. ) );
#1105 =( NAMED_UNIT ( * ) PLANE_ANGLE_UNIT ( ) SI_UNIT ( $, .RADIAN. ) );
#1106 = DIRECTION ( 'NONE',  ( 0.000000000000000000, 1.000000000000000000, 0.000000000000000000 ) ) ;
#1107 = CARTESIAN_POINT ( 'NONE',  ( -1.000000000000000666, -1.000000000000002665, 0.5300000000000000266 ) ) ;
#1108 = ORIENTED_EDGE ( 'NONE', *, *, #354, .T. ) ;
#1109 = VECTOR ( 'NONE', #3057, 1000.000000000000000 ) ;
#1110 = LINE ( 'NONE', #3620, #6718 ) ;
#1111 = SURFACE_STYLE_FILL_AREA ( #441 ) ;
#1112 = CARTESIAN_POINT ( 'NONE',  ( 0.07255816236890744175, -0.9116740398059469674, 0.000000000000000000 ) ) ;
#1113 = SURFACE_SIDE_STYLE ('',( #4178 ) ) ;
#1114 = CIRCLE ( 'NONE', #6358, 0.04999999999999991257 ) ;
#1115 = FILL_AREA_STYLE ('',( #6732 ) ) ;
#1116 = DIRECTION ( 'NONE',  ( 1.000000000000000000, -3.942553354492745503E-16, -0.000000000000000000 ) ) ;
#1117 = ORIENTED_EDGE ( 'NONE', *, *, #5497, .T. ) ;
#1118 = EDGE_CURVE ( 'NONE', #5581, #715, #3899, .T. ) ;
#1119 = EDGE_CURVE ( 'NONE', #2646, #3387, #176, .T. ) ;
#1120 = CARTESIAN_POINT ( 'NONE',  ( 0.04903729849752992698, -0.9053184481363156788, 0.000000000000000000 ) ) ;
#1121 = VECTOR ( 'NONE', #5819, 1000.000000000000000 ) ;
#1122 = ORIENTED_EDGE ( 'NONE', *, *, #6000, .F. ) ;
#1123 = PLANE ( 'NONE',  #7387 ) ;
#1124 =( GEOMETRIC_REPRESENTATION_CONTEXT ( 3 ) GLOBAL_UNCERTAINTY_ASSIGNED_CONTEXT ( ( #4973 ) ) GLOBAL_UNIT_ASSIGNED_CONTEXT ( ( #6216, #3714, #3752 ) ) REPRESENTATION_CONTEXT ( 'NONE', 'WORKASPACE' ) );
#1125 = VECTOR ( 'NONE', #4445, 1000.000000000000000 ) ;
#1126 =( LENGTH_UNIT ( ) NAMED_UNIT ( * ) SI_UNIT ( .MILLI., .METRE. ) );
#1127 = CARTESIAN_POINT ( 'NONE',  ( 0.7350000000000005418, -0.1750000000000000167, 0.000000000000000000 ) ) ;
#1128 = ORIENTED_EDGE ( 'NONE', *, *, #7637, .T. ) ;
#1129 = LINE ( 'NONE', #6792, #7576 ) ;
#1130 = EDGE_CURVE ( 'NONE', #1416, #1561, #7909, .T. ) ;
#1131 = ORIENTED_EDGE ( 'NONE', *, *, #454, .T. ) ;
#1132 = ORIENTED_EDGE ( 'NONE', *, *, #6550, .F. ) ;
#1133 = SURFACE_STYLE_FILL_AREA ( #4361 ) ;
#1134 = FACE_OUTER_BOUND ( 'NONE', #5336, .T. ) ;
#1135 = CARTESIAN_POINT ( 'NONE',  ( 0.7621383144406077559, -1.000000000000002665, 0.1817582956874659594 ) ) ;
#1136 = PRESENTATION_LAYER_ASSIGNMENT (  '', '', ( #2052 ) ) ;
#1137 = ADVANCED_FACE ( 'NONE', ( #4026 ), #2043, .F. ) ;
#1138 = ORIENTED_EDGE ( 'NONE', *, *, #5563, .F. ) ;
#1139 = ORIENTED_EDGE ( 'NONE', *, *, #371, .F. ) ;
#1140 = DIRECTION ( 'NONE',  ( -0.000000000000000000, -1.000000000000000000, 0.000000000000000000 ) ) ;
#1141 = SURFACE_SIDE_STYLE ('',( #7304 ) ) ;
#1142 = AXIS2_PLACEMENT_3D ( 'NONE', #464, #2971, #5503 ) ;
#1143 = CARTESIAN_POINT ( 'NONE',  ( 0.1233962875507885609, -0.8641999544620987406, 0.01000000000000000021 ) ) ;
#1144 = DIRECTION ( 'NONE',  ( -3.942553354492745996E-16, -1.000000000000000000, 0.000000000000000000 ) ) ;
#1145 = CARTESIAN_POINT ( 'NONE',  ( 0.08664245420816847620, -0.9109696033097656187, 0.000000000000000000 ) ) ;
#1146 = PRESENTATION_LAYER_ASSIGNMENT (  '', '', ( #2457 ) ) ;
#1147 = CARTESIAN_POINT ( 'NONE',  ( -0.1025616599433324672, -0.8335043683052270058, 0.000000000000000000 ) ) ;
#1148 = CARTESIAN_POINT ( 'NONE',  ( 0.08805848298776952632, -0.8112485058975412722, 0.01000000000000000021 ) ) ;
#1149 =( GEOMETRIC_REPRESENTATION_CONTEXT ( 3 ) GLOBAL_UNCERTAINTY_ASSIGNED_CONTEXT ( ( #3141 ) ) GLOBAL_UNIT_ASSIGNED_CONTEXT ( ( #1047, #4768, #6072 ) ) REPRESENTATION_CONTEXT ( 'NONE', 'WORKASPACE' ) );
#1150 = CARTESIAN_POINT ( 'NONE',  ( 1.010000000000000453, 0.8749999999999998890, -0.02000000000000000042 ) ) ;
#1151 = VECTOR ( 'NONE', #610, 1000.000000000000000 ) ;
#1152 = AXIS2_PLACEMENT_3D ( 'NONE', #7517, #2414, #6128 ) ;
#1153 =( NAMED_UNIT ( * ) SI_UNIT ( $, .STERADIAN. ) SOLID_ANGLE_UNIT ( ) );
#1154 =( GEOMETRIC_REPRESENTATION_CONTEXT ( 3 ) GLOBAL_UNCERTAINTY_ASSIGNED_CONTEXT ( ( #7606 ) ) GLOBAL_UNIT_ASSIGNED_CONTEXT ( ( #7639, #2055, #7032 ) ) REPRESENTATION_CONTEXT ( 'NONE', 'WORKASPACE' ) );
#1155 = CARTESIAN_POINT ( 'NONE',  ( 0.05776507377784085434, -0.8982942721071593972, 0.000000000000000000 ) ) ;
#1156 = ORIENTED_EDGE ( 'NONE', *, *, #6342, .F. ) ;
#1157 =( GEOMETRIC_REPRESENTATION_CONTEXT ( 3 ) GLOBAL_UNCERTAINTY_ASSIGNED_CONTEXT ( ( #5630 ) ) GLOBAL_UNIT_ASSIGNED_CONTEXT ( ( #1397, #6975, #725 ) ) REPRESENTATION_CONTEXT ( 'NONE', 'WORKASPACE' ) );
#1158 = FILL_AREA_STYLE ('',( #3788 ) ) ;
#1159 = CARTESIAN_POINT ( 'NONE',  ( 0.6850000000000008304, 0.6750000000000000444, -0.02000000000000000042 ) ) ;
#1160 = SURFACE_SIDE_STYLE ('',( #443 ) ) ;
#1161 = STYLED_ITEM ( 'NONE', ( #909 ), #4559 ) ;
#1162 =( LENGTH_UNIT ( ) NAMED_UNIT ( * ) SI_UNIT ( .MILLI., .METRE. ) );
#1163 =( NAMED_UNIT ( * ) PLANE_ANGLE_UNIT ( ) SI_UNIT ( $, .RADIAN. ) );
#1164 = ORIENTED_EDGE ( 'NONE', *, *, #6637, .F. ) ;
#1165 = COLOUR_RGB ( '',0.8313725490196077761, 0.8313725490196077761, 0.8196078431372548767 ) ;
#1166 = ORIENTED_EDGE ( 'NONE', *, *, #6, .F. ) ;
#1167 = UNCERTAINTY_MEASURE_WITH_UNIT (LENGTH_MEASURE( 1.000000000000000082E-05 ), #1283, 'distance_accuracy_value', 'NONE');
#1168 = CARTESIAN_POINT ( 'NONE',  ( 0.06143644592096038359, -0.9101630795912206695, 0.01000000000000000021 ) ) ;
#1169 = CARTESIAN_POINT ( 'NONE',  ( -0.7621383144406077559, 1.010000000000002673, 0.1817582956874659594 ) ) ;
#1170 = PRESENTATION_LAYER_ASSIGNMENT (  '', '', ( #7203 ) ) ;
#1171 = PLANE ( 'NONE',  #1520 ) ;
#1172 = ORIENTED_EDGE ( 'NONE', *, *, #7143, .F. ) ;
#1173 = LINE ( 'NONE', #3557, #4846 ) ;
#1174 = ORIENTED_EDGE ( 'NONE', *, *, #6012, .F. ) ;
#1175 = ORIENTED_EDGE ( 'NONE', *, *, #6117, .T. ) ;
#1176 = FACE_OUTER_BOUND ( 'NONE', #2160, .T. ) ;
#1177 = ADVANCED_FACE ( 'NONE', ( #3979 ), #2084, .F. ) ;
#1178 = ADVANCED_FACE ( 'NONE', ( #3521 ), #1627, .F. ) ;
#1179 = DIRECTION ( 'NONE',  ( 0.000000000000000000, -1.000000000000000000, 0.000000000000000000 ) ) ;
#1180 = ORIENTED_EDGE ( 'NONE', *, *, #812, .F. ) ;
#1181 = UNCERTAINTY_MEASURE_WITH_UNIT (LENGTH_MEASURE( 1.000000000000000082E-05 ), #1061, 'distance_accuracy_value', 'NONE');
#1182 = PRODUCT_CONTEXT ( 'NONE', #3585, 'mechanical' ) ;
#1183 = LINE ( 'NONE', #6081, #4044 ) ;
#1184 = ORIENTED_EDGE ( 'NONE', *, *, #6334, .F. ) ;
#1185 = DIRECTION ( 'NONE',  ( 1.000000000000000000, 0.000000000000000000, 0.000000000000000000 ) ) ;
#1186 = LINE ( 'NONE', #7550, #181 ) ;
#1187 = EDGE_CURVE ( 'NONE', #2325, #5919, #4473, .T. ) ;
#1188 = FILL_AREA_STYLE ('',( #3061 ) ) ;
#1189 = CARTESIAN_POINT ( 'NONE',  ( 0.09575646150990545225, -0.9084124443888980105, 0.000000000000000000 ) ) ;
#1190 =( LENGTH_UNIT ( ) NAMED_UNIT ( * ) SI_UNIT ( .MILLI., .METRE. ) );
#1191 = CARTESIAN_POINT ( 'NONE',  ( 0.1234275423999689758, -0.8623878078924133161, 0.01000000000000000021 ) ) ;
#1192 = PRESENTATION_STYLE_ASSIGNMENT (( #1773 ) ) ;
#1193 = CARTESIAN_POINT ( 'NONE',  ( 0.07598888673035894548, -0.9007121675962198593, 0.01000000000000000021 ) ) ;
#1194 = EDGE_LOOP ( 'NONE', ( #5481, #2815, #6159, #1593 ) ) ;
#1195 = MECHANICAL_DESIGN_GEOMETRIC_PRESENTATION_REPRESENTATION (  '', ( #1457 ), #791 ) ;
#1196 = DIRECTION ( 'NONE',  ( 0.000000000000000000, -1.000000000000000000, 0.000000000000000000 ) ) ;
#1197 = PLANE ( 'NONE',  #3203 ) ;
#1198 = FACE_OUTER_BOUND ( 'NONE', #3130, .T. ) ;
#1199 = CARTESIAN_POINT ( 'NONE',  ( 2.464095846557965878E-16, -0.6249999999999996669, 0.000000000000000000 ) ) ;
#1200 = CARTESIAN_POINT ( 'NONE',  ( -0.000000000000000000, -0.8653794237460719074, 0.01000000000000000021 ) ) ;
#1201 = CARTESIAN_POINT ( 'NONE',  ( -0.000000000000000000, -0.9105013749655840316, 0.01000000000000000021 ) ) ;
#1202 = EDGE_LOOP ( 'NONE', ( #1128, #7413, #6188, #1138 ) ) ;
#1203 = AXIS2_PLACEMENT_3D ( 'NONE', #7278, #6654, #3449 ) ;
#1204 = ORIENTED_EDGE ( 'NONE', *, *, #6961, .T. ) ;
#1205 = DIRECTION ( 'NONE',  ( -1.000000000000000000, 0.000000000000000000, -0.000000000000000000 ) ) ;
#1206 = DIRECTION ( 'NONE',  ( -0.000000000000000000, -0.000000000000000000, -1.000000000000000000 ) ) ;
#1207 = CARTESIAN_POINT ( 'NONE',  ( 0.7350000000000005418, -0.8750000000000000000, -0.02000000000000000042 ) ) ;
#1208 = ORIENTED_EDGE ( 'NONE', *, *, #2826, .F. ) ;
#1209 = ORIENTED_EDGE ( 'NONE', *, *, #7791, .F. ) ;
#1210 = ORIENTED_EDGE ( 'NONE', *, *, #6961, .F. ) ;
#1211 = VECTOR ( 'NONE', #7183, 1000.000000000000000 ) ;
#1212 =( NAMED_UNIT ( * ) SI_UNIT ( $, .STERADIAN. ) SOLID_ANGLE_UNIT ( ) );
#1213 = CARTESIAN_POINT ( 'NONE',  ( 0.1215095564155354996, -0.8457875262413421247, 0.009999999999999998473 ) ) ;
#1214 =( NAMED_UNIT ( * ) SI_UNIT ( $, .STERADIAN. ) SOLID_ANGLE_UNIT ( ) );
#1215 = CARTESIAN_POINT ( 'NONE',  ( 0.7621383144406077559, 1.000000000000002665, 0.1817582956874659594 ) ) ;
#1216 = STYLED_ITEM ( 'NONE', ( #3113 ), #708 ) ;
#1217 = VERTEX_POINT ( 'NONE', #1330 ) ;
#1218 = EDGE_LOOP ( 'NONE', ( #6658, #6027, #8097, #7484 ) ) ;
#1219 = ADVANCED_FACE ( 'NONE', ( #6424 ), #2070, .T. ) ;
#1220 = EDGE_CURVE ( 'NONE', #4231, #4696, #6999, .T. ) ;
#1221 = VECTOR ( 'NONE', #7187, 1000.000000000000000 ) ;
#1222 = PRESENTATION_STYLE_ASSIGNMENT (( #4208 ) ) ;
#1223 = LINE ( 'NONE', #5750, #7385 ) ;
#1224 = PRESENTATION_STYLE_ASSIGNMENT (( #2412 ) ) ;
#1225 = EDGE_CURVE ( 'NONE', #7390, #1961, #2563, .T. ) ;
#1226 = STYLED_ITEM ( 'NONE', ( #5270 ), #1971 ) ;
#1227 = SURFACE_STYLE_FILL_AREA ( #7436 ) ;
#1228 = COLOUR_RGB ( '',0.8313725490196077761, 0.8313725490196077761, 0.8196078431372548767 ) ;
#1229 = CARTESIAN_POINT ( 'NONE',  ( 0.08219308492119940801, -0.9001424121095988884, 0.01000000000000000021 ) ) ;
#1230 = VERTEX_POINT ( 'NONE', #6460 ) ;
#1231 = CARTESIAN_POINT ( 'NONE',  ( -0.7350000000000005418, -0.3750000000000000000, -0.02000000000000000042 ) ) ;
#1232 = CARTESIAN_POINT ( 'NONE',  ( 0.05488889138073237833, -0.9081671437740543862, 0.000000000000000000 ) ) ;
#1233 = LINE ( 'NONE', #37, #5445 ) ;
#1234 = CARTESIAN_POINT ( 'NONE',  ( 0.01611046922923725991, -0.8214769847216816245, 0.000000000000000000 ) ) ;
#1235 = DIRECTION ( 'NONE',  ( 0.000000000000000000, -0.000000000000000000, -1.000000000000000000 ) ) ;
#1236 = AXIS2_PLACEMENT_3D ( 'NONE', #7205, #6096, #2876 ) ;
#1237 = DIRECTION ( 'NONE',  ( 0.000000000000000000, 1.000000000000000000, 0.000000000000000000 ) ) ;
#1238 = ORIENTED_EDGE ( 'NONE', *, *, #3495, .T. ) ;
#1239 = LINE ( 'NONE', #6331, #5880 ) ;
#1240 = VECTOR ( 'NONE', #574, 1000.000000000000000 ) ;
#1241 = SURFACE_STYLE_FILL_AREA ( #3593 ) ;
#1242 = CARTESIAN_POINT ( 'NONE',  ( -0.7621383144406077559, -1.010000000000002673, 0.1817582956874659594 ) ) ;
#1243 = EDGE_LOOP ( 'NONE', ( #730, #3707, #1084, #5665 ) ) ;
#1244 = ORIENTED_EDGE ( 'NONE', *, *, #1187, .T. ) ;
#1245 = DIRECTION ( 'NONE',  ( 0.000000000000000000, -1.000000000000000000, 0.000000000000000000 ) ) ;
#1246 = STYLED_ITEM ( 'NONE', ( #5210 ), #1592 ) ;
#1247 = CARTESIAN_POINT ( 'NONE',  ( -0.8246046625001746122, 0.8185251959338152306, 0.5199999999999999067 ) ) ;
#1248 = CARTESIAN_POINT ( 'NONE',  ( 0.09723179073113101534, -0.8149069578250212054, 0.009999999999999998473 ) ) ;
#1249 = CARTESIAN_POINT ( 'NONE',  ( 1.010000000000000453, -0.3750000000000000000, -0.02000000000000000042 ) ) ;
#1250 = PRESENTATION_LAYER_ASSIGNMENT (  '', '', ( #4121 ) ) ;
#1251 = EDGE_LOOP ( 'NONE', ( #4975, #4193, #6541, #2558 ) ) ;
#1252 = CARTESIAN_POINT ( 'NONE',  ( -0.4076060066089044476, -1.010000000000002673, 0.1817582956874659594 ) ) ;
#1253 = VERTEX_POINT ( 'NONE', #709 ) ;
#1254 = SURFACE_STYLE_FILL_AREA ( #5130 ) ;
#1255 = FACE_OUTER_BOUND ( 'NONE', #4815, .T. ) ;
#1256 = UNCERTAINTY_MEASURE_WITH_UNIT (LENGTH_MEASURE( 1.000000000000000082E-05 ), #6721, 'distance_accuracy_value', 'NONE');
#1257 = CARTESIAN_POINT ( 'NONE',  ( -0.7350000000000005418, -0.8249999999999999556, -0.02000000000000000042 ) ) ;
#1258 = EDGE_CURVE ( 'NONE', #1337, #3737, #90, .T. ) ;
#1259 = CARTESIAN_POINT ( 'NONE',  ( -0.4076060066089045586, 0.9999999999999991118, 0.07773384608415165320 ) ) ;
#1260 = PRESENTATION_LAYER_ASSIGNMENT (  '', '', ( #4431 ) ) ;
#1261 = B_SPLINE_CURVE_WITH_KNOTS ( 'NONE', 3,
 ( #3637, #2925, #6150, #7950, #4146, #6039, #8027, #2887, #6628, #3600, #507 ),
 .UNSPECIFIED., .F., .F.,
 ( 4, 1, 1, 1, 1, 1, 1, 1, 4 ),
 ( 0.000000000000000000, 0.1352946047634291382, 0.2667656579247484894, 0.3948160188358721956, 0.5200516544342458358, 0.6421757029708213826, 0.7626518205584238430, 0.8818340043805024120, 1.000000000000000000 ),
 .UNSPECIFIED. ) ;
#1262 = CARTESIAN_POINT ( 'NONE',  ( -0.1106842874614060168, -0.8610678303354953878, 0.000000000000000000 ) ) ;
#1263 = LINE ( 'NONE', #6167, #3517 ) ;
#1264 = COLOUR_RGB ( '',0.8313725490196077761, 0.8313725490196077761, 0.8196078431372548767 ) ;
#1265 = LINE ( 'NONE', #3780, #1735 ) ;
#1266 = CARTESIAN_POINT ( 'NONE',  ( 0.07470421922923725644, -0.9007452774046084132, 0.01000000000000000021 ) ) ;
#1267 = ORIENTED_EDGE ( 'NONE', *, *, #921, .F. ) ;
#1268 = AXIS2_PLACEMENT_3D ( 'NONE', #4383, #1237, #1783 ) ;
#1269 = EDGE_CURVE ( 'NONE', #4599, #4030, #828, .T. ) ;
#1270 = LINE ( 'NONE', #1896, #6870 ) ;
#1271 = CARTESIAN_POINT ( 'NONE',  ( -0.4099999999999997535, 0.5540408205773458272, 0.000000000000000000 ) ) ;
#1272 = EDGE_CURVE ( 'NONE', #6715, #7317, #4510, .T. ) ;
#1273 = FACE_OUTER_BOUND ( 'NONE', #4430, .T. ) ;
#1274 = CIRCLE ( 'NONE', #5870, 0.04999999999999991257 ) ;
#1275 = CYLINDRICAL_SURFACE ( 'NONE', #1675, 0.04999999999999991257 ) ;
#1276 = DIRECTION ( 'NONE',  ( -0.000000000000000000, -1.000000000000000000, -0.000000000000000000 ) ) ;
#1277 =( GEOMETRIC_REPRESENTATION_CONTEXT ( 3 ) GLOBAL_UNCERTAINTY_ASSIGNED_CONTEXT ( ( #4829 ) ) GLOBAL_UNIT_ASSIGNED_CONTEXT ( ( #4180, #2954, #1039 ) ) REPRESENTATION_CONTEXT ( 'NONE', 'WORKASPACE' ) );
#1278 =( NAMED_UNIT ( * ) SI_UNIT ( $, .STERADIAN. ) SOLID_ANGLE_UNIT ( ) );
#1279 = ORIENTED_EDGE ( 'NONE', *, *, #3544, .F. ) ;
#1280 = PRESENTATION_LAYER_ASSIGNMENT (  '', '', ( #4046 ) ) ;
#1281 = VECTOR ( 'NONE', #3596, 1000.000000000000000 ) ;
#1282 = SURFACE_SIDE_STYLE ('',( #6304 ) ) ;
#1283 =( LENGTH_UNIT ( ) NAMED_UNIT ( * ) SI_UNIT ( .MILLI., .METRE. ) );
#1284 = LINE ( 'NONE', #3797, #753 ) ;
#1285 = EDGE_CURVE ( 'NONE', #1035, #7268, #200, .T. ) ;
#1286 =( GEOMETRIC_REPRESENTATION_CONTEXT ( 3 ) GLOBAL_UNCERTAINTY_ASSIGNED_CONTEXT ( ( #2584 ) ) GLOBAL_UNIT_ASSIGNED_CONTEXT ( ( #7495, #6258, #579 ) ) REPRESENTATION_CONTEXT ( 'NONE', 'WORKASPACE' ) );
#1287 = COLOUR_RGB ( '',0.8313725490196077761, 0.8313725490196077761, 0.8196078431372548767 ) ;
#1288 = DIRECTION ( 'NONE',  ( 1.000000000000000000, 0.000000000000000000, 0.000000000000000000 ) ) ;
#1289 =( GEOMETRIC_REPRESENTATION_CONTEXT ( 3 ) GLOBAL_UNCERTAINTY_ASSIGNED_CONTEXT ( ( #124 ) ) GLOBAL_UNIT_ASSIGNED_CONTEXT ( ( #4319, #5614, #6918 ) ) REPRESENTATION_CONTEXT ( 'NONE', 'WORKASPACE' ) );
#1290 = EDGE_LOOP ( 'NONE', ( #4657, #3138, #7293, #3005 ) ) ;
#1291 = EDGE_LOOP ( 'NONE', ( #2845, #3389, #6671, #5135 ) ) ;
#1292 = MECHANICAL_DESIGN_GEOMETRIC_PRESENTATION_REPRESENTATION (  '', ( #5504 ), #3391 ) ;
#1293 = DIRECTION ( 'NONE',  ( 1.000000000000000000, -0.000000000000000000, 0.000000000000000000 ) ) ;
#1294 = SURFACE_STYLE_USAGE ( .BOTH. , #511 ) ;
#1295 = PRESENTATION_STYLE_ASSIGNMENT (( #7650 ) ) ;
#1296 = DIRECTION ( 'NONE',  ( 1.000000000000000000, 3.942553354492745996E-16, 0.000000000000000000 ) ) ;
#1297 = ORIENTED_EDGE ( 'NONE', *, *, #2092, .T. ) ;
#1298 =( GEOMETRIC_REPRESENTATION_CONTEXT ( 3 ) GLOBAL_UNCERTAINTY_ASSIGNED_CONTEXT ( ( #7926 ) ) GLOBAL_UNIT_ASSIGNED_CONTEXT ( ( #6125, #2900, #4898 ) ) REPRESENTATION_CONTEXT ( 'NONE', 'WORKASPACE' ) );
#1299 = LINE ( 'NONE', #1918, #2587 ) ;
#1300 = VERTEX_POINT ( 'NONE', #3258 ) ;
#1301 = DIRECTION ( 'NONE',  ( 1.000000000000000000, -3.942553354492747475E-16, 0.000000000000000000 ) ) ;
#1302 = SURFACE_STYLE_FILL_AREA ( #2040 ) ;
#1303 = CYLINDRICAL_SURFACE ( 'NONE', #6112, 0.04999999999999991257 ) ;
#1304 = CARTESIAN_POINT ( 'NONE',  ( -0.1924451710146652395, -0.8714769847216816689, 0.000000000000000000 ) ) ;
#1305 = FILL_AREA_STYLE_COLOUR ( '', #4863 ) ;
#1306 = CARTESIAN_POINT ( 'NONE',  ( -0.1093232456315527540, -0.8725056938587911759, 0.01000000000000000021 ) ) ;
#1307 = LINE ( 'NONE', #3775, #93 ) ;
#1308 = CARTESIAN_POINT ( 'NONE',  ( -1.010000000000000453, 0.8749999999999998890, -0.02000000000000000042 ) ) ;
#1309 = CARTESIAN_POINT ( 'NONE',  ( -0.7350000000000006528, 0.8750000000000000000, -0.02000000000000000042 ) ) ;
#1310 = EDGE_LOOP ( 'NONE', ( #5677, #774, #6643, #1739 ) ) ;
#1311 = CARTESIAN_POINT ( 'NONE',  ( 0.4076060066089044476, -1.010000000000002673, 0.1817582956874659594 ) ) ;
#1312 = DIRECTION ( 'NONE',  ( -0.000000000000000000, -0.000000000000000000, 1.000000000000000000 ) ) ;
#1313 = FACE_OUTER_BOUND ( 'NONE', #4229, .T. ) ;
#1314 = CARTESIAN_POINT ( 'NONE',  ( 1.010000000000000231, -0.6250000000000001110, 0.2500000000000000000 ) ) ;
#1315 = FILL_AREA_STYLE ('',( #3704 ) ) ;
#1316 = SURFACE_STYLE_FILL_AREA ( #3708 ) ;
#1317 = EDGE_CURVE ( 'NONE', #4696, #3122, #631, .T. ) ;
#1318 = EDGE_CURVE ( 'NONE', #2103, #5519, #4370, .T. ) ;
#1319 = PLANE ( 'NONE',  #7049 ) ;
#1320 = SURFACE_STYLE_USAGE ( .BOTH. , #5115 ) ;
#1321 =( NAMED_UNIT ( * ) PLANE_ANGLE_UNIT ( ) SI_UNIT ( $, .RADIAN. ) );
#1322 = CARTESIAN_POINT ( 'NONE',  ( -0.1221352334582669064, -0.8753577556962801598, 0.000000000000000000 ) ) ;
#1323 = ORIENTED_EDGE ( 'NONE', *, *, #6240, .T. ) ;
#1324 = VECTOR ( 'NONE', #1635, 1000.000000000000000 ) ;
#1325 = EDGE_LOOP ( 'NONE', ( #7958, #4201, #2312, #2108, #5641, #3984, #6709, #1279, #4739, #6864 ) ) ;
#1326 = ADVANCED_FACE ( 'NONE', ( #4896 ), #1686, .F. ) ;
#1327 = CARTESIAN_POINT ( 'NONE',  ( 0.1697690058146031078, -0.8105013749655840538, 0.000000000000000000 ) ) ;
#1328 = COLOUR_RGB ( '',0.8313725490196077761, 0.8313725490196077761, 0.8196078431372548767 ) ;
#1329 = LINE ( 'NONE', #3928, #2163 ) ;
#1330 = CARTESIAN_POINT ( 'NONE',  ( 1.010000000000000231, -0.6250000000000001110, -0.02000000000000000042 ) ) ;
#1331 = CARTESIAN_POINT ( 'NONE',  ( 0.07245574361948114994, -0.8202574725265596722, 0.000000000000000000 ) ) ;
#1332 = PLANE ( 'NONE',  #3332 ) ;
#1333 = DIRECTION ( 'NONE',  ( -0.000000000000000000, 0.000000000000000000, 1.000000000000000000 ) ) ;
#1334 = FILL_AREA_STYLE ('',( #5738 ) ) ;
#1335 = VERTEX_POINT ( 'NONE', #6810 ) ;
#1336 = VECTOR ( 'NONE', #2947, 1000.000000000000000 ) ;
#1337 = VERTEX_POINT ( 'NONE', #8037 ) ;
#1338 =( LENGTH_UNIT ( ) NAMED_UNIT ( * ) SI_UNIT ( .MILLI., .METRE. ) );
#1339 = CARTESIAN_POINT ( 'NONE',  ( -0.01925538442929935340, -0.8653794237460719074, 0.000000000000000000 ) ) ;
#1340 = CARTESIAN_POINT ( 'NONE',  ( 0.06931099021976462604, -0.8203050189315548302, 0.000000000000000000 ) ) ;
#1341 = CARTESIAN_POINT ( 'NONE',  ( 0.000000000000000000, 1.010000000000002673, 0.000000000000000000 ) ) ;
#1342 = CARTESIAN_POINT ( 'NONE',  ( -0.02169440881954324066, -0.8214769847216816245, 0.000000000000000000 ) ) ;
#1343 = CARTESIAN_POINT ( 'NONE',  ( -0.1067109947273087445, -0.8799200988035316140, 0.000000000000000000 ) ) ;
#1344 = ORIENTED_EDGE ( 'NONE', *, *, #1528, .T. ) ;
#1345 = CARTESIAN_POINT ( 'NONE',  ( 0.7621383144406077559, -1.000000000000002665, 0.07773384608415165320 ) ) ;
#1346 = FILL_AREA_STYLE ('',( #3776 ) ) ;
#1347 = PRESENTATION_STYLE_ASSIGNMENT (( #7595 ) ) ;
#1348 = UNCERTAINTY_MEASURE_WITH_UNIT (LENGTH_MEASURE( 1.000000000000000082E-05 ), #3740, 'distance_accuracy_value', 'NONE');
#1349 = CARTESIAN_POINT ( 'NONE',  ( 0.7350000000000005418, -0.3750000000000000000, -0.02000000000000000042 ) ) ;
#1350 = EDGE_LOOP ( 'NONE', ( #2898, #5777, #7063, #7368 ) ) ;
#1351 = SURFACE_SIDE_STYLE ('',( #2466 ) ) ;
#1352 = FILL_AREA_STYLE ('',( #6981 ) ) ;
#1353 = VECTOR ( 'NONE', #6471, 1000.000000000000000 ) ;
#1354 = DIRECTION ( 'NONE',  ( -0.3536223923290756632, 0.9353882635801357148, 0.000000000000000000 ) ) ;
#1355 = DIRECTION ( 'NONE',  ( -1.000000000000000000, 0.000000000000000000, -0.000000000000000000 ) ) ;
#1356 = DIRECTION ( 'NONE',  ( -0.000000000000000000, -0.000000000000000000, 1.000000000000000000 ) ) ;
#1357 = CARTESIAN_POINT ( 'NONE',  ( -1.010000000000000453, 0.1250000000000000000, -0.02000000000000000042 ) ) ;
#1358 = PRESENTATION_LAYER_ASSIGNMENT (  '', '', ( #4914 ) ) ;
#1359 = CARTESIAN_POINT ( 'NONE',  ( 0.9999999999999993339, -0.8749999999999998890, 0.000000000000000000 ) ) ;
#1360 = SURFACE_SIDE_STYLE ('',( #6985 ) ) ;
#1361 = UNCERTAINTY_MEASURE_WITH_UNIT (LENGTH_MEASURE( 1.000000000000000082E-05 ), #2550, 'distance_accuracy_value', 'NONE');
#1362 =( NAMED_UNIT ( * ) PLANE_ANGLE_UNIT ( ) SI_UNIT ( $, .RADIAN. ) );
#1363 =( GEOMETRIC_REPRESENTATION_CONTEXT ( 3 ) GLOBAL_UNCERTAINTY_ASSIGNED_CONTEXT ( ( #498 ) ) GLOBAL_UNIT_ASSIGNED_CONTEXT ( ( #7163, #994, #5331 ) ) REPRESENTATION_CONTEXT ( 'NONE', 'WORKASPACE' ) );
#1364 = UNCERTAINTY_MEASURE_WITH_UNIT (LENGTH_MEASURE( 1.000000000000000082E-05 ), #335, 'distance_accuracy_value', 'NONE');
#1365 = LINE ( 'NONE', #1950, #501 ) ;
#1366 = EDGE_CURVE ( 'NONE', #8065, #5519, #2371, .T. ) ;
#1367 = EDGE_CURVE ( 'NONE', #895, #247, #4864, .T. ) ;
#1368 = VECTOR ( 'NONE', #2874, 1000.000000000000000 ) ;
#1369 = ORIENTED_EDGE ( 'NONE', *, *, #395, .T. ) ;
#1370 = UNCERTAINTY_MEASURE_WITH_UNIT (LENGTH_MEASURE( 1.000000000000000082E-05 ), #4734, 'distance_accuracy_value', 'NONE');
#1371 = VERTEX_POINT ( 'NONE', #7924 ) ;
#1372 = VECTOR ( 'NONE', #816, 1000.000000000000000 ) ;
#1373 = VECTOR ( 'NONE', #475, 1000.000000000000000 ) ;
#1374 = FACE_OUTER_BOUND ( 'NONE', #1325, .T. ) ;
#1375 = UNCERTAINTY_MEASURE_WITH_UNIT (LENGTH_MEASURE( 1.000000000000000082E-05 ), #6837, 'distance_accuracy_value', 'NONE');
#1376 = SURFACE_STYLE_USAGE ( .BOTH. , #89 ) ;
#1377 = DIRECTION ( 'NONE',  ( 0.000000000000000000, -0.000000000000000000, -1.000000000000000000 ) ) ;
#1378 = DIRECTION ( 'NONE',  ( 0.000000000000000000, 0.000000000000000000, -1.000000000000000000 ) ) ;
#1379 = EDGE_CURVE ( 'NONE', #2228, #724, #7346, .T. ) ;
#1380 = ADVANCED_FACE ( 'NONE', ( #1717 ), #4243, .F. ) ;
#1381 = CARTESIAN_POINT ( 'NONE',  ( 0.06496649455225772529, -0.9108747211661286647, 0.01000000000000000021 ) ) ;
#1382 = VECTOR ( 'NONE', #1029, 1000.000000000000000 ) ;
#1383 = CARTESIAN_POINT ( 'NONE',  ( -0.1092759209509725077, -0.8236746637254507286, 0.000000000000000000 ) ) ;
#1385 = ORIENTED_EDGE ( 'NONE', *, *, #7349, .F. ) ;
#1384 = MECHANICAL_DESIGN_GEOMETRIC_PRESENTATION_REPRESENTATION (  '', ( #3616 ), #6620 ) ;
#1386 = ORIENTED_EDGE ( 'NONE', *, *, #26, .T. ) ;
#1387 =( GEOMETRIC_REPRESENTATION_CONTEXT ( 3 ) GLOBAL_UNCERTAINTY_ASSIGNED_CONTEXT ( ( #5528 ) ) GLOBAL_UNIT_ASSIGNED_CONTEXT ( ( #6755, #6153, #4276 ) ) REPRESENTATION_CONTEXT ( 'NONE', 'WORKASPACE' ) );
#1388 = CARTESIAN_POINT ( 'NONE',  ( 0.6850000000000008304, 0.8249999999999999556, 0.000000000000000000 ) ) ;
#1389 = CARTESIAN_POINT ( 'NONE',  ( 0.4500000000000000666, -0.7499999999999998890, -0.02000000000000000042 ) ) ;
#1390 = SURFACE_SIDE_STYLE ('',( #3394 ) ) ;
#1391 = STYLED_ITEM ( 'NONE', ( #5812 ), #5248 ) ;
#1392 = MECHANICAL_DESIGN_GEOMETRIC_PRESENTATION_REPRESENTATION (  '', ( #5459 ), #4295 ) ;
#1393 = CARTESIAN_POINT ( 'NONE',  ( 0.7350000000000005418, -0.6750000000000000444, -0.02000000000000000042 ) ) ;
#1394 =( NAMED_UNIT ( * ) SI_UNIT ( $, .STERADIAN. ) SOLID_ANGLE_UNIT ( ) );
#1395 = EDGE_CURVE ( 'NONE', #6277, #715, #8080, .T. ) ;
#1396 = EDGE_LOOP ( 'NONE', ( #4722, #348, #3902, #3045 ) ) ;
#1397 =( LENGTH_UNIT ( ) NAMED_UNIT ( * ) SI_UNIT ( .MILLI., .METRE. ) );
#1398 =( NAMED_UNIT ( * ) SI_UNIT ( $, .STERADIAN. ) SOLID_ANGLE_UNIT ( ) );
#1399 = LINE ( 'NONE', #3905, #3699 ) ;
#1400 =( NAMED_UNIT ( * ) SI_UNIT ( $, .STERADIAN. ) SOLID_ANGLE_UNIT ( ) );
#1401 = ORIENTED_EDGE ( 'NONE', *, *, #2483, .T. ) ;
#1402 = CARTESIAN_POINT ( 'NONE',  ( -0.07570229663601790726, -0.8994296547668453323, 0.01000000000000000021 ) ) ;
#1403 = DIRECTION ( 'NONE',  ( 0.000000000000000000, 0.000000000000000000, -1.000000000000000000 ) ) ;
#1404 = DIRECTION ( 'NONE',  ( -0.000000000000000000, -0.000000000000000000, 1.000000000000000000 ) ) ;
#1405 = CARTESIAN_POINT ( 'NONE',  ( 0.07257007288777385379, -0.8092818627704621015, 0.000000000000000000 ) ) ;
#1406 = CARTESIAN_POINT ( 'NONE',  ( -0.1232903030666162303, -0.8702380524020539854, 0.01000000000000000021 ) ) ;
#1407 = FILL_AREA_STYLE_COLOUR ( '', #4052 ) ;
#1408 = CARTESIAN_POINT ( 'NONE',  ( -1.010000000000000453, 0.6250000000000000000, -0.02000000000000000042 ) ) ;
#1409 =( GEOMETRIC_REPRESENTATION_CONTEXT ( 3 ) GLOBAL_UNCERTAINTY_ASSIGNED_CONTEXT ( ( #4480 ) ) GLOBAL_UNIT_ASSIGNED_CONTEXT ( ( #2035, #5989, #330 ) ) REPRESENTATION_CONTEXT ( 'NONE', 'WORKASPACE' ) );
#1410 = SURFACE_STYLE_USAGE ( .BOTH. , #3323 ) ;
#1411 = PRESENTATION_STYLE_ASSIGNMENT (( #4469 ) ) ;
#1412 = MECHANICAL_DESIGN_GEOMETRIC_PRESENTATION_REPRESENTATION (  '', ( #1001 ), #201 ) ;
#1413 = SURFACE_STYLE_USAGE ( .BOTH. , #2140 ) ;
#1414 = VECTOR ( 'NONE', #1995, 1000.000000000000000 ) ;
#1415 = VECTOR ( 'NONE', #761, 1000.000000000000000 ) ;
#1416 = VERTEX_POINT ( 'NONE', #5175 ) ;
#1417 = AXIS2_PLACEMENT_3D ( 'NONE', #7724, #6418, #2097 ) ;
#1418 = DIRECTION ( 'NONE',  ( -1.000000000000000000, -0.000000000000000000, -0.000000000000000000 ) ) ;
#1419 = CARTESIAN_POINT ( 'NONE',  ( -0.4076060066089044476, 1.010000000000002673, 0.1817582956874659594 ) ) ;
#1420 =( NAMED_UNIT ( * ) SI_UNIT ( $, .STERADIAN. ) SOLID_ANGLE_UNIT ( ) );
#1421 = SURFACE_SIDE_STYLE ('',( #4102 ) ) ;
#1422 = FACE_BOUND ( 'NONE', #6561, .T. ) ;
#1423 = ORIENTED_EDGE ( 'NONE', *, *, #771, .F. ) ;
#1424 = AXIS2_PLACEMENT_3D ( 'NONE', #3287, #3999, #7073 ) ;
#1425 = ORIENTED_EDGE ( 'NONE', *, *, #395, .F. ) ;
#1426 = ORIENTED_EDGE ( 'NONE', *, *, #5647, .T. ) ;
#1427 = AXIS2_PLACEMENT_3D ( 'NONE', #3922, #3325, #6332 ) ;
#1428 = CARTESIAN_POINT ( 'NONE',  ( -0.07601128325890144088, -0.8215634583045117179, 0.000000000000000000 ) ) ;
#1429 = EDGE_CURVE ( 'NONE', #7251, #6707, #7658, .T. ) ;
#1430 = EDGE_CURVE ( 'NONE', #5559, #1846, #1886, .T. ) ;
#1431 = CARTESIAN_POINT ( 'NONE',  ( 0.01611046922923725991, -0.8995257652094864609, 0.000000000000000000 ) ) ;
#1432 = CARTESIAN_POINT ( 'NONE',  ( 0.04903729849752992698, -0.8266599115509499773, 0.000000000000000000 ) ) ;
#1433 = DIRECTION ( 'NONE',  ( 1.000000000000000000, 0.000000000000000000, 0.000000000000000000 ) ) ;
#1434 = CARTESIAN_POINT ( 'NONE',  ( -0.02413343320978715567, -0.9105013749655840316, 0.000000000000000000 ) ) ;
#1435 = STYLED_ITEM ( 'NONE', ( #6645 ), #869 ) ;
#1436 = CARTESIAN_POINT ( 'NONE',  ( 0.1233351251081518385, -0.8677461341277927787, 0.01000000000000000021 ) ) ;
#1437 = ORIENTED_EDGE ( 'NONE', *, *, #1537, .T. ) ;
#1438 = CARTESIAN_POINT ( 'NONE',  ( 0.7621383144406077559, 1.010000000000002673, 0.07773384608415166708 ) ) ;
#1439 = LINE ( 'NONE', #5180, #6868 ) ;
#1440 = EDGE_CURVE ( 'NONE', #3480, #5776, #2532, .T. ) ;
#1441 = FACE_OUTER_BOUND ( 'NONE', #7340, .T. ) ;
#1442 = FACE_OUTER_BOUND ( 'NONE', #2381, .T. ) ;
#1443 = ORIENTED_EDGE ( 'NONE', *, *, #5655, .T. ) ;
#1444 = CARTESIAN_POINT ( 'NONE',  ( -0.7350000000000006528, 0.1750000000000000167, -0.02000000000000000042 ) ) ;
#1445 = CARTESIAN_POINT ( 'NONE',  ( 0.9999999999999991118, 0.1250000000000000000, 0.2500000000000000000 ) ) ;
#1446 = FILL_AREA_STYLE_COLOUR ( '', #3422 ) ;
#1447 = FILL_AREA_STYLE ('',( #5803 ) ) ;
#1448 = SURFACE_STYLE_FILL_AREA ( #2593 ) ;
#1449 = FILL_AREA_STYLE ('',( #5849 ) ) ;
#1450 = FILL_AREA_STYLE_COLOUR ( '', #6031 ) ;
#1451 =( LENGTH_UNIT ( ) NAMED_UNIT ( * ) SI_UNIT ( .MILLI., .METRE. ) );
#1452 =( NAMED_UNIT ( * ) SI_UNIT ( $, .STERADIAN. ) SOLID_ANGLE_UNIT ( ) );
#1453 = UNCERTAINTY_MEASURE_WITH_UNIT (LENGTH_MEASURE( 1.000000000000000082E-05 ), #2829, 'distance_accuracy_value', 'NONE');
#1454 = VERTEX_POINT ( 'NONE', #6401 ) ;
#1455 = LINE ( 'NONE', #5249, #5195 ) ;
#1456 = CARTESIAN_POINT ( 'NONE',  ( 0.07140738682539173043, -0.8092901972140227329, 0.000000000000000000 ) ) ;
#1457 = STYLED_ITEM ( 'NONE', ( #3607 ), #5706 ) ;
#1458 = ORIENTED_EDGE ( 'NONE', *, *, #5612, .T. ) ;
#1459 = SURFACE_STYLE_USAGE ( .BOTH. , #1506 ) ;
#1460 = ORIENTED_EDGE ( 'NONE', *, *, #6704, .T. ) ;
#1461 = VERTEX_POINT ( 'NONE', #2498 ) ;
#1462 = PRESENTATION_LAYER_ASSIGNMENT (  '', '', ( #537 ) ) ;
#1463 = PRESENTATION_STYLE_ASSIGNMENT (( #173 ) ) ;
#1464 = SURFACE_SIDE_STYLE ('',( #6553 ) ) ;
#1465 = SURFACE_STYLE_USAGE ( .BOTH. , #1390 ) ;
#1466 = FACE_OUTER_BOUND ( 'NONE', #5038, .T. ) ;
#1467 = CARTESIAN_POINT ( 'NONE',  ( 0.7350000000000006528, 0.8750000000000000000, -0.02000000000000000042 ) ) ;
#1468 =( GEOMETRIC_REPRESENTATION_CONTEXT ( 3 ) GLOBAL_UNCERTAINTY_ASSIGNED_CONTEXT ( ( #2672 ) ) GLOBAL_UNIT_ASSIGNED_CONTEXT ( ( #2009, #7664, #5061 ) ) REPRESENTATION_CONTEXT ( 'NONE', 'WORKASPACE' ) );
#1469 = AXIS2_PLACEMENT_3D ( 'NONE', #3088, #7497, #5653 ) ;
#1470 = CARTESIAN_POINT ( 'NONE',  ( -0.07998595229046819022, -0.8989250746055514885, 0.000000000000000000 ) ) ;
#1471 = EDGE_CURVE ( 'NONE', #1300, #1542, #6355, .T. ) ;
#1472 = EDGE_CURVE ( 'NONE', #6699, #6118, #64, .T. ) ;
#1473 = ORIENTED_EDGE ( 'NONE', *, *, #7064, .F. ) ;
#1474 = CARTESIAN_POINT ( 'NONE',  ( -0.08198822840641407927, -0.9097010297743151064, 0.000000000000000000 ) ) ;
#1475 = DIRECTION ( 'NONE',  ( 1.084202172485503325E-16, -1.000000000000000000, 0.000000000000000000 ) ) ;
#1476 = ORIENTED_EDGE ( 'NONE', *, *, #1038, .F. ) ;
#1477 = PRESENTATION_STYLE_ASSIGNMENT (( #2658 ) ) ;
#1478 = VERTEX_POINT ( 'NONE', #103 ) ;
#1479 = DIRECTION ( 'NONE',  ( 1.084202172485503325E-16, -1.000000000000000000, 0.000000000000000000 ) ) ;
#1480 =( NAMED_UNIT ( * ) PLANE_ANGLE_UNIT ( ) SI_UNIT ( $, .RADIAN. ) );
#1481 = CARTESIAN_POINT ( 'NONE',  ( -1.010000000000000453, 0.8749999999999998890, -0.02000000000000000042 ) ) ;
#1482 = PRESENTATION_STYLE_ASSIGNMENT (( #151 ) ) ;
#1483 = B_SPLINE_SURFACE_WITH_KNOTS ( 'NONE', 3, 1, ( 
 ( #12, #3805 ),
 ( #6876, #4968 ),
 ( #7469, #1839 ),
 ( #5041, #6836 ),
 ( #5501, #1213 ),
 ( #3680, #8029 ),
 ( #6223, #585 ),
 ( #1798, #3638 ),
 ( #7993, #1750 ),
 ( #6267, #5537 ),
 ( #7502, #5616 ),
 ( #3008, #7374 ),
 ( #2397, #1248 ),
 ( #8111, #3090 ),
 ( #2486, #3758 ),
 ( #4925, #5006 ),
 ( #4433, #1877 ),
 ( #2364, #4320 ),
 ( #629, #4886 ) ),
 .UNSPECIFIED., .F., .F., .F.,
 ( 4, 1, 1, 1, 1, 1, 1, 1, 1, 1, 1, 1, 1, 1, 1, 1, 4 ),
 ( 2, 2 ),
 ( 0.000000000000000000, 0.07064371857535318988, 0.1382567155089040600, 0.2033641242175798225, 0.2663240938030566052, 0.3279047615429893092, 0.3887377151730922464, 0.4494235281093021950, 0.5108610114593152840, 0.5720793960475143436, 0.6317344287314450302, 0.6911172105788377928, 0.7503600294901704437, 0.8100329005312623121, 0.8713624508287364234, 0.9344271412311534464, 1.000000000000000000 ),
 ( 0.000000000000000000, 1.000000000000000000 ),
 .UNSPECIFIED. ) ;
#1484 = SURFACE_STYLE_USAGE ( .BOTH. , #7105 ) ;
#1485 = EDGE_CURVE ( 'NONE', #1335, #7138, #2689, .T. ) ;
#1486 = CARTESIAN_POINT ( 'NONE',  ( 0.05402353155266265833, -0.8114815749842063664, 0.000000000000000000 ) ) ;
#1487 =( LENGTH_UNIT ( ) NAMED_UNIT ( * ) SI_UNIT ( .MILLI., .METRE. ) );
#1488 = PRESENTATION_LAYER_ASSIGNMENT (  '', '', ( #5034 ) ) ;
#1489 =( LENGTH_UNIT ( ) NAMED_UNIT ( * ) SI_UNIT ( .MILLI., .METRE. ) );
#1490 = PRESENTATION_STYLE_ASSIGNMENT (( #7112 ) ) ;
#1491 = CARTESIAN_POINT ( 'NONE',  ( 0.01611046922923725991, -0.8653794237460719074, 0.000000000000000000 ) ) ;
#1492 = DIRECTION ( 'NONE',  ( 0.000000000000000000, 1.000000000000000000, -0.000000000000000000 ) ) ;
#1493 = SURFACE_STYLE_FILL_AREA ( #5116 ) ;
#1494 = CARTESIAN_POINT ( 'NONE',  ( 0.1319641277658226419, -0.8995257652094864609, 0.000000000000000000 ) ) ;
#1495 = EDGE_CURVE ( 'NONE', #5003, #4389, #6319, .T. ) ;
#1496 = SURFACE_SIDE_STYLE ('',( #6576 ) ) ;
#1497 = ORIENTED_EDGE ( 'NONE', *, *, #6435, .T. ) ;
#1498 = ORIENTED_EDGE ( 'NONE', *, *, #1285, .F. ) ;
#1499 = VECTOR ( 'NONE', #6310, 1000.000000000000000 ) ;
#1500 = UNCERTAINTY_MEASURE_WITH_UNIT (LENGTH_MEASURE( 1.000000000000000082E-05 ), #3240, 'distance_accuracy_value', 'NONE');
#1501 = VECTOR ( 'NONE', #1517, 1000.000000000000000 ) ;
#1502 = DIRECTION ( 'NONE',  ( 1.084202172485503325E-16, -1.000000000000000000, 0.000000000000000000 ) ) ;
#1503 = CARTESIAN_POINT ( 'NONE',  ( -1.010000000000000453, -0.3750000000000000000, -0.02000000000000000042 ) ) ;
#1504 = SURFACE_SIDE_STYLE ('',( #3511 ) ) ;
#1505 = VERTEX_POINT ( 'NONE', #4405 ) ;
#1506 = SURFACE_SIDE_STYLE ('',( #3262 ) ) ;
#1507 = VERTEX_POINT ( 'NONE', #1966 ) ;
#1508 = EDGE_LOOP ( 'NONE', ( #3378, #4416, #1819, #3277 ) ) ;
#1509 = PRESENTATION_STYLE_ASSIGNMENT (( #7744 ) ) ;
#1510 = MECHANICAL_DESIGN_GEOMETRIC_PRESENTATION_REPRESENTATION (  '', ( #838 ), #3734 ) ;
#1511 = FILL_AREA_STYLE_COLOUR ( '', #2560 ) ;
#1512 = DIRECTION ( 'NONE',  ( 0.000000000000000000, 0.000000000000000000, -1.000000000000000000 ) ) ;
#1513 = AXIS2_PLACEMENT_3D ( 'NONE', #6087, #1687, #7309 ) ;
#1514 = FILL_AREA_STYLE_COLOUR ( '', #6772 ) ;
#1515 = VERTEX_POINT ( 'NONE', #2042 ) ;
#1516 = LINE ( 'NONE', #2161, #885 ) ;
#1517 = DIRECTION ( 'NONE',  ( -1.084202172485503448E-16, 1.000000000000000000, -0.000000000000000000 ) ) ;
#1518 = PRESENTATION_LAYER_ASSIGNMENT (  '', '', ( #2943 ) ) ;
#1519 = ORIENTED_EDGE ( 'NONE', *, *, #2922, .T. ) ;
#1520 = AXIS2_PLACEMENT_3D ( 'NONE', #3672, #5446, #7331 ) ;
#1521 = PRESENTATION_LAYER_ASSIGNMENT (  '', '', ( #1246 ) ) ;
#1522 = CARTESIAN_POINT ( 'NONE',  ( 0.1087095856206347494, -0.8739944956620159244, 0.000000000000000000 ) ) ;
#1523 = ORIENTED_EDGE ( 'NONE', *, *, #4858, .F. ) ;
#1524 = LINE ( 'NONE', #1642, #1221 ) ;
#1525 = DIRECTION ( 'NONE',  ( -1.000000000000000000, 0.000000000000000000, 0.000000000000000000 ) ) ;
#1526 = CARTESIAN_POINT ( 'NONE',  ( 0.01611046922923725991, -0.8214769847216816245, 0.01000000000000000021 ) ) ;
#1527 = CARTESIAN_POINT ( 'NONE',  ( -0.1755244393073481235, -0.8226964969168035768, 0.000000000000000000 ) ) ;
#1528 = EDGE_CURVE ( 'NONE', #1035, #7533, #1910, .T. ) ;
#1529 = FACE_OUTER_BOUND ( 'NONE', #7643, .T. ) ;
#1530 = ADVANCED_FACE ( 'NONE', ( #7591 ), #3769, .T. ) ;
#1531 = SURFACE_STYLE_USAGE ( .BOTH. , #3368 ) ;
#1532 = COLOUR_RGB ( '',0.7921568627450980005, 0.8196078431372548767, 0.9333333333333333481 ) ;
#1533 = PLANE ( 'NONE',  #2710 ) ;
#1534 = CARTESIAN_POINT ( 'NONE',  ( 0.4076060066089044476, -1.010000000000002673, 0.07773384608415166708 ) ) ;
#1535 = ORIENTED_EDGE ( 'NONE', *, *, #6687, .T. ) ;
#1536 = EDGE_LOOP ( 'NONE', ( #4778, #4770, #2999, #3038 ) ) ;
#1537 = EDGE_CURVE ( 'NONE', #1639, #4083, #6285, .T. ) ;
#1538 = CARTESIAN_POINT ( 'NONE',  ( -0.7350000000000005418, -0.6750000000000000444, -0.02000000000000000042 ) ) ;
#1539 = DIRECTION ( 'NONE',  ( 1.000000000000000000, 0.000000000000000000, 0.000000000000000000 ) ) ;
#1540 = DIRECTION ( 'NONE',  ( 1.000000000000000000, 3.942553354492747475E-16, 0.000000000000000000 ) ) ;
#1541 = AXIS2_PLACEMENT_3D ( 'NONE', #7872, #3344, #3428 ) ;
#1542 = VERTEX_POINT ( 'NONE', #3269 ) ;
#1543 = VECTOR ( 'NONE', #2274, 1000.000000000000000 ) ;
#1544 = ORIENTED_EDGE ( 'NONE', *, *, #7547, .T. ) ;
#1545 = CARTESIAN_POINT ( 'NONE',  ( -0.1000373051007021341, -0.8309734110654515282, 0.000000000000000000 ) ) ;
#1546 = VECTOR ( 'NONE', #1418, 1000.000000000000000 ) ;
#1547 = FACE_OUTER_BOUND ( 'NONE', #1614, .T. ) ;
#1548 = CARTESIAN_POINT ( 'NONE',  ( 0.05806978467302419122, -0.9092775946350829530, 0.000000000000000000 ) ) ;
#1549 = VECTOR ( 'NONE', #4527, 1000.000000000000000 ) ;
#1550 = CARTESIAN_POINT ( 'NONE',  ( 0.09398074954869209408, -0.8265061758531352387, 0.000000000000000000 ) ) ;
#1551 = DIRECTION ( 'NONE',  ( -0.000000000000000000, -1.000000000000000000, -0.000000000000000000 ) ) ;
#1552 = SURFACE_STYLE_FILL_AREA ( #5950 ) ;
#1553 = VECTOR ( 'NONE', #5072, 1000.000000000000000 ) ;
#1554 = COLOUR_RGB ( '',0.8313725490196077761, 0.8313725490196077761, 0.8196078431372548767 ) ;
#1555 =( LENGTH_UNIT ( ) NAMED_UNIT ( * ) SI_UNIT ( .MILLI., .METRE. ) );
#1556 = ORIENTED_EDGE ( 'NONE', *, *, #6584, .F. ) ;
#1557 =( LENGTH_UNIT ( ) NAMED_UNIT ( * ) SI_UNIT ( .MILLI., .METRE. ) );
#1558 = CARTESIAN_POINT ( 'NONE',  ( -0.7621383144406077559, -1.000000000000002665, 0.1817582956874659594 ) ) ;
#1559 = ORIENTED_EDGE ( 'NONE', *, *, #2809, .F. ) ;
#1560 = CARTESIAN_POINT ( 'NONE',  ( -0.1739238295512506027, -0.8297086920387548581, 0.000000000000000000 ) ) ;
#1561 = VERTEX_POINT ( 'NONE', #764 ) ;
#1562 = MECHANICAL_DESIGN_GEOMETRIC_PRESENTATION_REPRESENTATION (  '', ( #1827 ), #4981 ) ;
#1563 = SURFACE_STYLE_FILL_AREA ( #810 ) ;
#1564 = DIRECTION ( 'NONE',  ( 0.000000000000000000, 0.000000000000000000, 1.000000000000000000 ) ) ;
#1565 = DIRECTION ( 'NONE',  ( 0.000000000000000000, 1.000000000000000000, 0.000000000000000000 ) ) ;
#1566 = SURFACE_STYLE_FILL_AREA ( #2778 ) ;
#1567 = CARTESIAN_POINT ( 'NONE',  ( 0.1831836399609446109, -0.9105013749655840316, 0.000000000000000000 ) ) ;
#1568 = CARTESIAN_POINT ( 'NONE',  ( 1.010000000000000453, 0.8749999999999998890, 0.2500000000000000000 ) ) ;
#1569 = SURFACE_SIDE_STYLE ('',( #5807 ) ) ;
#1570 = FILL_AREA_STYLE_COLOUR ( '', #4725 ) ;
#1571 = CARTESIAN_POINT ( 'NONE',  ( -0.1758483722341773747, -0.8226964969168035768, 0.01000000000000000021 ) ) ;
#1572 =( NAMED_UNIT ( * ) SI_UNIT ( $, .STERADIAN. ) SOLID_ANGLE_UNIT ( ) );
#1573 = PLANE ( 'NONE',  #6076 ) ;
#1574 = DIRECTION ( 'NONE',  ( -0.000000000000000000, -0.000000000000000000, 1.000000000000000000 ) ) ;
#1575 = ORIENTED_EDGE ( 'NONE', *, *, #7852, .T. ) ;
#1576 = EDGE_CURVE ( 'NONE', #3437, #3228, #138, .T. ) ;
#1577 = EDGE_CURVE ( 'NONE', #7949, #4526, #5379, .T. ) ;
#1578 = DIRECTION ( 'NONE',  ( -0.000000000000000000, 0.000000000000000000, 1.000000000000000000 ) ) ;
#1579 = ORIENTED_EDGE ( 'NONE', *, *, #2082, .T. ) ;
#1580 = CARTESIAN_POINT ( 'NONE',  ( -0.6850000000000007194, -0.1750000000000000167, 0.000000000000000000 ) ) ;
#1581 = CARTESIAN_POINT ( 'NONE',  ( 0.1227012113781323771, -0.8729196813163477842, 0.000000000000000000 ) ) ;
#1582 = FILL_AREA_STYLE_COLOUR ( '', #3986 ) ;
#1583 = FILL_AREA_STYLE_COLOUR ( '', #450 ) ;
#1584 = VERTEX_POINT ( 'NONE', #839 ) ;
#1585 =( NAMED_UNIT ( * ) SI_UNIT ( $, .STERADIAN. ) SOLID_ANGLE_UNIT ( ) );
#1586 = EDGE_CURVE ( 'NONE', #4531, #2393, #6888, .T. ) ;
#1587 = EDGE_LOOP ( 'NONE', ( #6421, #387, #6294, #4776 ) ) ;
#1588 = FILL_AREA_STYLE ('',( #6316 ) ) ;
#1589 = VECTOR ( 'NONE', #1301, 1000.000000000000000 ) ;
#1590 = CARTESIAN_POINT ( 'NONE',  ( 0.1099108377256023672, -0.8570159654882163469, 0.000000000000000000 ) ) ;
#1591 = CARTESIAN_POINT ( 'NONE',  ( -0.1241334332097871751, -0.8592437530143645086, 0.01000000000000000021 ) ) ;
#1592 = ADVANCED_FACE ( 'NONE', ( #6470 ), #7219, .F. ) ;
#1593 = ORIENTED_EDGE ( 'NONE', *, *, #5647, .F. ) ;
#1594 = PRESENTATION_STYLE_ASSIGNMENT (( #4741 ) ) ;
#1595 = ORIENTED_EDGE ( 'NONE', *, *, #7155, .F. ) ;
#1596 = CARTESIAN_POINT ( 'NONE',  ( 0.07470421922923725644, -0.9007452774046084132, 0.000000000000000000 ) ) ;
#1597 = ORIENTED_EDGE ( 'NONE', *, *, #5957, .T. ) ;
#1598 = MECHANICAL_DESIGN_GEOMETRIC_PRESENTATION_REPRESENTATION (  '', ( #5412 ), #3432 ) ;
#1599 = SURFACE_SIDE_STYLE ('',( #4746 ) ) ;
#1600 =( LENGTH_UNIT ( ) NAMED_UNIT ( * ) SI_UNIT ( .MILLI., .METRE. ) );
#1601 = PRESENTATION_STYLE_ASSIGNMENT (( #4168 ) ) ;
#1602 = PRESENTATION_STYLE_ASSIGNMENT (( #5229 ) ) ;
#1603 = CARTESIAN_POINT ( 'NONE',  ( -0.1739238295512506027, -0.8297086920387548581, 0.000000000000000000 ) ) ;
#1604 = CARTESIAN_POINT ( 'NONE',  ( 0.1060131253375832944, -0.8408864642694581226, 0.01000000000000000021 ) ) ;
#1605 =( GEOMETRIC_REPRESENTATION_CONTEXT ( 3 ) GLOBAL_UNCERTAINTY_ASSIGNED_CONTEXT ( ( #5814 ) ) GLOBAL_UNIT_ASSIGNED_CONTEXT ( ( #848, #7754, #5958 ) ) REPRESENTATION_CONTEXT ( 'NONE', 'WORKASPACE' ) );
#1606 = CARTESIAN_POINT ( 'NONE',  ( -0.7350000000000006528, 0.1750000000000000167, -0.02000000000000000042 ) ) ;
#1607 = CARTESIAN_POINT ( 'NONE',  ( -0.1127657485068189469, -0.8271084791742354669, 0.01000000000000000194 ) ) ;
#1608 = AXIS2_PLACEMENT_3D ( 'NONE', #7173, #1512, #2112 ) ;
#1609 = DIRECTION ( 'NONE',  ( -1.000000000000000000, 0.000000000000000000, -0.000000000000000000 ) ) ;
#1610 = SURFACE_STYLE_USAGE ( .BOTH. , #1113 ) ;
#1611 = LINE ( 'NONE', #7857, #4324 ) ;
#1612 = EDGE_LOOP ( 'NONE', ( #8026, #1878, #5531, #2697 ) ) ;
#1613 = CARTESIAN_POINT ( 'NONE',  ( 0.08311327160967121874, -0.8101111157487742576, 0.000000000000000000 ) ) ;
#1614 = EDGE_LOOP ( 'NONE', ( #56, #7300, #4699, #1458, #2208, #4822 ) ) ;
#1615 = EDGE_CURVE ( 'NONE', #4307, #2847, #3948, .T. ) ;
#1616 = CARTESIAN_POINT ( 'NONE',  ( -0.4499999999999997891, 0.7500000000000001110, 0.000000000000000000 ) ) ;
#1617 = ADVANCED_FACE ( 'NONE', ( #1466 ), #2855, .F. ) ;
#1618 = CARTESIAN_POINT ( 'NONE',  ( 0.7350000000000006528, 0.6750000000000000444, -0.02000000000000000042 ) ) ;
#1619 = ORIENTED_EDGE ( 'NONE', *, *, #1272, .F. ) ;
#1620 = ORIENTED_EDGE ( 'NONE', *, *, #6240, .F. ) ;
#1621 = CARTESIAN_POINT ( 'NONE',  ( -0.1106860210052045823, -0.8579974876713432064, 0.000000000000000000 ) ) ;
#1622 = VECTOR ( 'NONE', #7516, 1000.000000000000000 ) ;
#1623 = CARTESIAN_POINT ( 'NONE',  ( -0.4499999999999997891, 0.5050510257216823673, -0.02000000000000000042 ) ) ;
#1624 = ADVANCED_FACE ( 'NONE', ( #379 ), #6113, .T. ) ;
#1625 = CARTESIAN_POINT ( 'NONE',  ( 0.1100129082536275005, -0.8615684481363157232, 0.01000000000000000021 ) ) ;
#1626 = ADVANCED_FACE ( 'NONE', ( #1134 ), #418, .T. ) ;
#1627 = PLANE ( 'NONE',  #727 ) ;
#1628 = COLOUR_RGB ( '',0.8313725490196077761, 0.8313725490196077761, 0.8196078431372548767 ) ;
#1629 = PRESENTATION_STYLE_ASSIGNMENT (( #4615 ) ) ;
#1631 = ORIENTED_EDGE ( 'NONE', *, *, #2531, .F. ) ;
#1630 = COLOUR_RGB ( '',0.8313725490196077761, 0.8313725490196077761, 0.8196078431372548767 ) ;
#1632 = CARTESIAN_POINT ( 'NONE',  ( 0.000000000000000000, 0.6250000000000000000, 0.000000000000000000 ) ) ;
#1633 = LINE ( 'NONE', #6046, #2538 ) ;
#1634 = VERTEX_POINT ( 'NONE', #4277 ) ;
#1635 = DIRECTION ( 'NONE',  ( 1.295806485471852505E-16, 1.000000000000000000, 0.000000000000000000 ) ) ;
#1636 = SURFACE_STYLE_FILL_AREA ( #2089 ) ;
#1637 = AXIS2_PLACEMENT_3D ( 'NONE', #2051, #6487, #5232 ) ;
#1638 = LINE ( 'NONE', #3100, #5327 ) ;
#1639 = VERTEX_POINT ( 'NONE', #7955 ) ;
#1640 = EDGE_CURVE ( 'NONE', #5919, #3564, #2321, .T. ) ;
#1641 = COLOUR_RGB ( '',0.8313725490196077761, 0.8313725490196077761, 0.8196078431372548767 ) ;
#1642 = CARTESIAN_POINT ( 'NONE',  ( 1.241356165297602332E-16, 0.7500000000000001110, 0.000000000000000000 ) ) ;
#1643 = SURFACE_STYLE_FILL_AREA ( #1060 ) ;
#1644 = CARTESIAN_POINT ( 'NONE',  ( 0.7350000000000006528, 0.1750000000000000167, 0.000000000000000000 ) ) ;
#1645 =( GEOMETRIC_REPRESENTATION_CONTEXT ( 3 ) GLOBAL_UNCERTAINTY_ASSIGNED_CONTEXT ( ( #121 ) ) GLOBAL_UNIT_ASSIGNED_CONTEXT ( ( #3690, #4286, #1807 ) ) REPRESENTATION_CONTEXT ( 'NONE', 'WORKASPACE' ) );
#1646 = DIRECTION ( 'NONE',  ( 1.000000000000000000, 0.000000000000000000, 0.000000000000000000 ) ) ;
#1647 = CARTESIAN_POINT ( 'NONE',  ( 0.09087161714881997199, -0.8245577951219246193, 0.01000000000000000021 ) ) ;
#1648 = CARTESIAN_POINT ( 'NONE',  ( -1.000000000000000666, -1.000000000000002665, 0.000000000000000000 ) ) ;
#1649 = VECTOR ( 'NONE', #5080, 1000.000000000000000 ) ;
#1650 = STYLED_ITEM ( 'NONE', ( #352 ), #860 ) ;
#1651 =( NAMED_UNIT ( * ) PLANE_ANGLE_UNIT ( ) SI_UNIT ( $, .RADIAN. ) );
#1652 = FILL_AREA_STYLE ('',( #364 ) ) ;
#1653 = CARTESIAN_POINT ( 'NONE',  ( 0.4076060066089044476, 1.000000000000002665, 0.1817582956874659594 ) ) ;
#1654 = ORIENTED_EDGE ( 'NONE', *, *, #407, .T. ) ;
#1655 = DIRECTION ( 'NONE',  ( -1.000000000000000000, 0.000000000000000000, 0.000000000000000000 ) ) ;
#1656 = ORIENTED_EDGE ( 'NONE', *, *, #2271, .F. ) ;
#1657 = UNCERTAINTY_MEASURE_WITH_UNIT (LENGTH_MEASURE( 1.000000000000000082E-05 ), #7527, 'distance_accuracy_value', 'NONE');
#1658 = DIRECTION ( 'NONE',  ( 1.000000000000000000, 0.000000000000000000, 0.000000000000000000 ) ) ;
#1659 = CARTESIAN_POINT ( 'NONE',  ( 0.09504822393892124743, -0.8948481658043894171, 0.000000000000000000 ) ) ;
#1660 = VERTEX_POINT ( 'NONE', #7339 ) ;
#1661 = PRESENTATION_STYLE_ASSIGNMENT (( #3674 ) ) ;
#1662 = VERTEX_POINT ( 'NONE', #512 ) ;
#1663 = COLOUR_RGB ( '',0.8313725490196077761, 0.8313725490196077761, 0.8196078431372548767 ) ;
#1664 = CARTESIAN_POINT ( 'NONE',  ( 0.08035015165210042387, -0.8209047264362887564, 0.01000000000000000021 ) ) ;
#1665 = SURFACE_STYLE_FILL_AREA ( #4853 ) ;
#1666 =( NAMED_UNIT ( * ) PLANE_ANGLE_UNIT ( ) SI_UNIT ( $, .RADIAN. ) );
#1667 = CARTESIAN_POINT ( 'NONE',  ( -0.4076060066089044476, -1.000000000000002665, 0.07773384608415165320 ) ) ;
#1668 = PRESENTATION_LAYER_ASSIGNMENT (  '', '', ( #5751 ) ) ;
#1669 = MECHANICAL_DESIGN_GEOMETRIC_PRESENTATION_REPRESENTATION (  '', ( #6526 ), #7185 ) ;
#1670 = ORIENTED_EDGE ( 'NONE', *, *, #3272, .F. ) ;
#1671 = MECHANICAL_DESIGN_GEOMETRIC_PRESENTATION_REPRESENTATION (  '', ( #6025 ), #1154 ) ;
#1672 = PLANE ( 'NONE',  #7573 ) ;
#1673 = ORIENTED_EDGE ( 'NONE', *, *, #5552, .F. ) ;
#1674 = EDGE_CURVE ( 'NONE', #7774, #162, #5579, .T. ) ;
#1675 = AXIS2_PLACEMENT_3D ( 'NONE', #3118, #535, #4421 ) ;
#1676 = EDGE_CURVE ( 'NONE', #4804, #2266, #586, .T. ) ;
#1677 =( GEOMETRIC_REPRESENTATION_CONTEXT ( 3 ) GLOBAL_UNCERTAINTY_ASSIGNED_CONTEXT ( ( #3328 ) ) GLOBAL_UNIT_ASSIGNED_CONTEXT ( ( #5302, #303, #261 ) ) REPRESENTATION_CONTEXT ( 'NONE', 'WORKASPACE' ) );
#1678 = B_SPLINE_CURVE_WITH_KNOTS ( 'NONE', 3,
 ( #822, #7815, #321, #193, #7729, #7202, #2181 ),
 .UNSPECIFIED., .F., .F.,
 ( 4, 1, 1, 1, 4 ),
 ( 0.000000000000000000, 0.3005411131585124518, 0.5677471464835970316, 0.8000336137369759015, 0.9999999999999998890 ),
 .UNSPECIFIED. ) ;
#1679 = CARTESIAN_POINT ( 'NONE',  ( 0.01611046922923725991, -0.8544038139899742257, 0.000000000000000000 ) ) ;
#1680 =( GEOMETRIC_REPRESENTATION_CONTEXT ( 3 ) GLOBAL_UNCERTAINTY_ASSIGNED_CONTEXT ( ( #7511 ) ) GLOBAL_UNIT_ASSIGNED_CONTEXT ( ( #4827, #941, #7273 ) ) REPRESENTATION_CONTEXT ( 'NONE', 'WORKASPACE' ) );
#1681 = SURFACE_STYLE_USAGE ( .BOTH. , #2287 ) ;
#1682 = CARTESIAN_POINT ( 'NONE',  ( 0.09211217592517965957, -0.8966613984874675092, 0.000000000000000000 ) ) ;
#1683 = ORIENTED_EDGE ( 'NONE', *, *, #158, .T. ) ;
#1684 = VECTOR ( 'NONE', #6215, 1000.000000000000000 ) ;
#1685 = STYLED_ITEM ( 'NONE', ( #4576 ), #2374 ) ;
#1686 = PLANE ( 'NONE',  #1915 ) ;
#1687 = DIRECTION ( 'NONE',  ( 0.000000000000000000, 0.000000000000000000, -1.000000000000000000 ) ) ;
#1688 = SURFACE_SIDE_STYLE ('',( #5924 ) ) ;
#1689 = EDGE_CURVE ( 'NONE', #4083, #4661, #2487, .T. ) ;
#1690 = VECTOR ( 'NONE', #4458, 1000.000000000000000 ) ;
#1691 = UNCERTAINTY_MEASURE_WITH_UNIT (LENGTH_MEASURE( 1.000000000000000082E-05 ), #7076, 'distance_accuracy_value', 'NONE');
#1692 = VECTOR ( 'NONE', #7486, 1000.000000000000000 ) ;
#1693 = LINE ( 'NONE', #4831, #484 ) ;
#1694 = ORIENTED_EDGE ( 'NONE', *, *, #1430, .T. ) ;
#1695 = CARTESIAN_POINT ( 'NONE',  ( -0.1221360879056426763, -0.8438310770282602125, 0.000000000000000000 ) ) ;
#1696 =( LENGTH_UNIT ( ) NAMED_UNIT ( * ) SI_UNIT ( .MILLI., .METRE. ) );
#1697 = PLANE ( 'NONE',  #6614 ) ;
#1698 = ORIENTED_EDGE ( 'NONE', *, *, #3123, .F. ) ;
#1699 =( NAMED_UNIT ( * ) PLANE_ANGLE_UNIT ( ) SI_UNIT ( $, .RADIAN. ) );
#1700 = ORIENTED_EDGE ( 'NONE', *, *, #8001, .T. ) ;
#1701 = DIRECTION ( 'NONE',  ( -0.000000000000000000, 0.000000000000000000, 1.000000000000000000 ) ) ;
#1702 = FILL_AREA_STYLE_COLOUR ( '', #4132 ) ;
#1703 = CARTESIAN_POINT ( 'NONE',  ( 0.1045929463233953582, -0.8844320334729952604, 0.000000000000000000 ) ) ;
#1704 = ORIENTED_EDGE ( 'NONE', *, *, #605, .T. ) ;
#1705 = FILL_AREA_STYLE ('',( #7292 ) ) ;
#1706 = ORIENTED_EDGE ( 'NONE', *, *, #1982, .F. ) ;
#1707 = CARTESIAN_POINT ( 'NONE',  ( 1.010000000000000453, 0.3749999999999998890, -0.02000000000000000042 ) ) ;
#1708 = DIRECTION ( 'NONE',  ( -1.000000000000000000, -0.000000000000000000, -0.000000000000000000 ) ) ;
#1709 = VERTEX_POINT ( 'NONE', #2610 ) ;
#1710 = SURFACE_STYLE_FILL_AREA ( #1755 ) ;
#1711 =( NAMED_UNIT ( * ) PLANE_ANGLE_UNIT ( ) SI_UNIT ( $, .RADIAN. ) );
#1712 = EDGE_LOOP ( 'NONE', ( #5348, #2107, #1208, #4616 ) ) ;
#1713 = LINE ( 'NONE', #8078, #259 ) ;
#1714 = LINE ( 'NONE', #6808, #5490 ) ;
#1715 = CARTESIAN_POINT ( 'NONE',  ( -0.1769821701535131409, -0.8283989574347535578, 0.000000000000000000 ) ) ;
#1716 = ORIENTED_EDGE ( 'NONE', *, *, #1537, .F. ) ;
#1717 = FACE_OUTER_BOUND ( 'NONE', #6804, .T. ) ;
#1718 = EDGE_CURVE ( 'NONE', #2836, #3387, #2640, .T. ) ;
#1719 = SURFACE_STYLE_FILL_AREA ( #2985 ) ;
#1720 =( NAMED_UNIT ( * ) SI_UNIT ( $, .STERADIAN. ) SOLID_ANGLE_UNIT ( ) );
#1721 = EDGE_CURVE ( 'NONE', #3089, #5763, #7616, .T. ) ;
#1722 =( GEOMETRIC_REPRESENTATION_CONTEXT ( 3 ) GLOBAL_UNCERTAINTY_ASSIGNED_CONTEXT ( ( #3965 ) ) GLOBAL_UNIT_ASSIGNED_CONTEXT ( ( #1338, #7476, #4479 ) ) REPRESENTATION_CONTEXT ( 'NONE', 'WORKASPACE' ) );
#1723 = LINE ( 'NONE', #7927, #332 ) ;
#1724 = FILL_AREA_STYLE_COLOUR ( '', #3114 ) ;
#1725 = CARTESIAN_POINT ( 'NONE',  ( 0.1124904973609308356, -0.8275966082469016216, 0.01000000000000000021 ) ) ;
#1726 = CARTESIAN_POINT ( 'NONE',  ( -0.1107187990634456859, -0.8595295761850962890, 0.01000000000000000021 ) ) ;
#1727 = PRESENTATION_STYLE_ASSIGNMENT (( #3698 ) ) ;
#1728 = COLOUR_RGB ( '',0.8313725490196077761, 0.8313725490196077761, 0.8196078431372548767 ) ;
#1729 =( NAMED_UNIT ( * ) PLANE_ANGLE_UNIT ( ) SI_UNIT ( $, .RADIAN. ) );
#1730 = ORIENTED_EDGE ( 'NONE', *, *, #6447, .F. ) ;
#1731 = DIRECTION ( 'NONE',  ( 0.000000000000000000, -0.000000000000000000, 1.000000000000000000 ) ) ;
#1732 = ADVANCED_FACE ( 'NONE', ( #3168 ), #630, .F. ) ;
#1733 = CARTESIAN_POINT ( 'NONE',  ( -1.010000000000000453, 0.1250000000000000000, 0.2500000000000000000 ) ) ;
#1734 = PRESENTATION_STYLE_ASSIGNMENT (( #1610 ) ) ;
#1735 = VECTOR ( 'NONE', #70, 1000.000000000000000 ) ;
#1736 = SURFACE_STYLE_USAGE ( .BOTH. , #7489 ) ;
#1737 = ORIENTED_EDGE ( 'NONE', *, *, #5051, .T. ) ;
#1738 = CARTESIAN_POINT ( 'NONE',  ( 0.1054333444396060721, -0.8204090749947460237, 0.000000000000000000 ) ) ;
#1739 = ORIENTED_EDGE ( 'NONE', *, *, #8103, .T. ) ;
#1740 = UNCERTAINTY_MEASURE_WITH_UNIT (LENGTH_MEASURE( 1.000000000000000082E-05 ), #2793, 'distance_accuracy_value', 'NONE');
#1741 = FILL_AREA_STYLE_COLOUR ( '', #1090 ) ;
#1742 = SURFACE_SIDE_STYLE ('',( #2358 ) ) ;
#1743 = EDGE_CURVE ( 'NONE', #4951, #3801, #3091, .T. ) ;
#1744 = CARTESIAN_POINT ( 'NONE',  ( 0.1094647100449619576, -0.8700538234775488933, 0.000000000000000000 ) ) ;
#1745 = VERTEX_POINT ( 'NONE', #6387 ) ;
#1746 = ORIENTED_EDGE ( 'NONE', *, *, #1577, .T. ) ;
#1747 = ORIENTED_EDGE ( 'NONE', *, *, #2219, .T. ) ;
#1748 = CARTESIAN_POINT ( 'NONE',  ( -0.1092961039021572017, -0.8466734015003082314, 0.000000000000000000 ) ) ;
#1749 = PRESENTATION_STYLE_ASSIGNMENT (( #2363 ) ) ;
#1750 = CARTESIAN_POINT ( 'NONE',  ( 0.1124904973609308356, -0.8275966082469016216, 0.009999999999999998473 ) ) ;
#1751 = PRESENTATION_LAYER_ASSIGNMENT (  '', '', ( #6038 ) ) ;
#1752 = FILL_AREA_STYLE_COLOUR ( '', #5338 ) ;
#1753 = DIRECTION ( 'NONE',  ( 1.000000000000000000, 0.000000000000000000, 0.000000000000000000 ) ) ;
#1754 = ORIENTED_EDGE ( 'NONE', *, *, #3947, .T. ) ;
#1755 = FILL_AREA_STYLE ('',( #7997 ) ) ;
#1756 = CARTESIAN_POINT ( 'NONE',  ( -0.08779789006769116166, -0.8969797656713377476, 0.000000000000000000 ) ) ;
#1757 = MECHANICAL_DESIGN_GEOMETRIC_PRESENTATION_REPRESENTATION (  '', ( #3053 ), #826 ) ;
#1758 = ORIENTED_EDGE ( 'NONE', *, *, #4867, .T. ) ;
#1759 = CARTESIAN_POINT ( 'NONE',  ( -1.010000000000000231, -0.6250000000000001110, -0.02000000000000000042 ) ) ;
#1760 = DIRECTION ( 'NONE',  ( -0.000000000000000000, -0.000000000000000000, 1.000000000000000000 ) ) ;
#1761 =( GEOMETRIC_REPRESENTATION_CONTEXT ( 3 ) GLOBAL_UNCERTAINTY_ASSIGNED_CONTEXT ( ( #3841 ) ) GLOBAL_UNIT_ASSIGNED_CONTEXT ( ( #6186, #4152, #6800 ) ) REPRESENTATION_CONTEXT ( 'NONE', 'WORKASPACE' ) );
#1762 = CARTESIAN_POINT ( 'NONE',  ( 0.1045929463233953582, -0.8844320334729952604, 0.000000000000000000 ) ) ;
#1763 = COLOUR_RGB ( '',0.8313725490196077761, 0.8313725490196077761, 0.8196078431372548767 ) ;
#1764 =( NAMED_UNIT ( * ) PLANE_ANGLE_UNIT ( ) SI_UNIT ( $, .RADIAN. ) );
#1765 = PLANE ( 'NONE',  #1788 ) ;
#1766 = VECTOR ( 'NONE', #7564, 1000.000000000000000 ) ;
#1767 = FILL_AREA_STYLE ('',( #2902 ) ) ;
#1768 =( NAMED_UNIT ( * ) SI_UNIT ( $, .STERADIAN. ) SOLID_ANGLE_UNIT ( ) );
#1769 = CARTESIAN_POINT ( 'NONE',  ( 0.1226212422558810994, -0.8510669257868619386, 0.01000000000000000021 ) ) ;
#1770 =( NAMED_UNIT ( * ) SI_UNIT ( $, .STERADIAN. ) SOLID_ANGLE_UNIT ( ) );
#1771 = PRESENTATION_LAYER_ASSIGNMENT (  '', '', ( #3198 ) ) ;
#1772 = STYLED_ITEM ( 'NONE', ( #35 ), #4712 ) ;
#1773 = SURFACE_STYLE_USAGE ( .BOTH. , #2416 ) ;
#1774 = CARTESIAN_POINT ( 'NONE',  ( 0.07349667717266160361, -0.9007294233498662761, 0.000000000000000000 ) ) ;
#1775 = ORIENTED_EDGE ( 'NONE', *, *, #7503, .F. ) ;
#1776 = MECHANICAL_DESIGN_GEOMETRIC_PRESENTATION_REPRESENTATION (  '', ( #4150 ), #1645 ) ;
#1777 = CARTESIAN_POINT ( 'NONE',  ( -1.000000000000000888, 0.9999999999999991118, 0.5300000000000000266 ) ) ;
#1778 = CARTESIAN_POINT ( 'NONE',  ( -1.010000000000000453, 0.6250000000000000000, 0.2500000000000000000 ) ) ;
#1779 = DIRECTION ( 'NONE',  ( 0.000000000000000000, -0.000000000000000000, -1.000000000000000000 ) ) ;
#1780 = AXIS2_PLACEMENT_3D ( 'NONE', #1976, #3824, #7600 ) ;
#1781 = LINE ( 'NONE', #3153, #1240 ) ;
#1782 = ORIENTED_EDGE ( 'NONE', *, *, #2869, .F. ) ;
#1783 = DIRECTION ( 'NONE',  ( -1.000000000000000000, 0.000000000000000000, 0.000000000000000000 ) ) ;
#1784 = ORIENTED_EDGE ( 'NONE', *, *, #6248, .T. ) ;
#1785 = EDGE_CURVE ( 'NONE', #4844, #1790, #5027, .T. ) ;
#1786 = EDGE_CURVE ( 'NONE', #6044, #1662, #5695, .T. ) ;
#1787 = FILL_AREA_STYLE ('',( #499 ) ) ;
#1788 = AXIS2_PLACEMENT_3D ( 'NONE', #523, #4290, #6768 ) ;
#1789 = AXIS2_PLACEMENT_3D ( 'NONE', #1004, #2398, #4322 ) ;
#1790 = VERTEX_POINT ( 'NONE', #1331 ) ;
#1791 = DIRECTION ( 'NONE',  ( -0.000000000000000000, -0.000000000000000000, 1.000000000000000000 ) ) ;
#1792 = ORIENTED_EDGE ( 'NONE', *, *, #7003, .T. ) ;
#1793 = ORIENTED_EDGE ( 'NONE', *, *, #3993, .F. ) ;
#1794 = MECHANICAL_DESIGN_GEOMETRIC_PRESENTATION_REPRESENTATION (  '', ( #859 ), #6377 ) ;
#1795 = EDGE_CURVE ( 'NONE', #3516, #3480, #4511, .T. ) ;
#1796 =( NAMED_UNIT ( * ) SI_UNIT ( $, .STERADIAN. ) SOLID_ANGLE_UNIT ( ) );
#1797 = CARTESIAN_POINT ( 'NONE',  ( -0.7621383144406077559, 1.010000000000002673, 0.07773384608415166708 ) ) ;
#1798 = CARTESIAN_POINT ( 'NONE',  ( 0.1154299274784274520, -0.8317007392256304810, 0.000000000000000000 ) ) ;
#1799 =( LENGTH_UNIT ( ) NAMED_UNIT ( * ) SI_UNIT ( .MILLI., .METRE. ) );
#1800 = DIRECTION ( 'NONE',  ( 0.000000000000000000, -0.000000000000000000, -1.000000000000000000 ) ) ;
#1801 = ORIENTED_EDGE ( 'NONE', *, *, #371, .T. ) ;
#1802 = CARTESIAN_POINT ( 'NONE',  ( 0.1319641277658226419, -0.8995257652094864609, 0.01000000000000000021 ) ) ;
#1803 = EDGE_LOOP ( 'NONE', ( #7869, #8023, #71, #1166 ) ) ;
#1804 = CARTESIAN_POINT ( 'NONE',  ( -0.7621383144406077559, -1.010000000000002673, 0.1817582956874659594 ) ) ;
#1805 = LINE ( 'NONE', #4520, #4058 ) ;
#1806 =( GEOMETRIC_REPRESENTATION_CONTEXT ( 3 ) GLOBAL_UNCERTAINTY_ASSIGNED_CONTEXT ( ( #1922 ) ) GLOBAL_UNIT_ASSIGNED_CONTEXT ( ( #5998, #2690, #6043 ) ) REPRESENTATION_CONTEXT ( 'NONE', 'WORKASPACE' ) );
#1807 =( NAMED_UNIT ( * ) SI_UNIT ( $, .STERADIAN. ) SOLID_ANGLE_UNIT ( ) );
#1808 =( LENGTH_UNIT ( ) NAMED_UNIT ( * ) SI_UNIT ( .MILLI., .METRE. ) );
#1809 = VECTOR ( 'NONE', #2355, 1000.000000000000000 ) ;
#1810 = FACE_OUTER_BOUND ( 'NONE', #2150, .T. ) ;
#1811 = AXIS2_PLACEMENT_3D ( 'NONE', #1623, #4611, #214 ) ;
#1812 = FILL_AREA_STYLE ('',( #2944 ) ) ;
#1813 = VECTOR ( 'NONE', #4586, 1000.000000000000000 ) ;
#1814 = PRESENTATION_STYLE_ASSIGNMENT (( #1854 ) ) ;
#1815 =( GEOMETRIC_REPRESENTATION_CONTEXT ( 3 ) GLOBAL_UNCERTAINTY_ASSIGNED_CONTEXT ( ( #1032 ) ) GLOBAL_UNIT_ASSIGNED_CONTEXT ( ( #1162, #2224, #7979 ) ) REPRESENTATION_CONTEXT ( 'NONE', 'WORKASPACE' ) );
#1816 =( GEOMETRIC_REPRESENTATION_CONTEXT ( 3 ) GLOBAL_UNCERTAINTY_ASSIGNED_CONTEXT ( ( #3234 ) ) GLOBAL_UNIT_ASSIGNED_CONTEXT ( ( #3577, #7234, #393 ) ) REPRESENTATION_CONTEXT ( 'NONE', 'WORKASPACE' ) );
#1817 = PRESENTATION_LAYER_ASSIGNMENT (  '', '', ( #4329 ) ) ;
#1818 = FILL_AREA_STYLE ('',( #7483 ) ) ;
#1819 = ORIENTED_EDGE ( 'NONE', *, *, #2067, .F. ) ;
#1820 = CARTESIAN_POINT ( 'NONE',  ( 0.08168320802162103156, -0.9116064585356601357, 0.000000000000000000 ) ) ;
#1821 = STYLED_ITEM ( 'NONE', ( #3023 ), #7944 ) ;
#1822 = CARTESIAN_POINT ( 'NONE',  ( 0.4076060066089044476, 1.010000000000002673, 0.1817582956874659594 ) ) ;
#1823 = CARTESIAN_POINT ( 'NONE',  ( -0.7621383144406077559, 1.000000000000002665, 0.1817582956874659594 ) ) ;
#1824 = DIRECTION ( 'NONE',  ( 1.000000000000000000, 0.000000000000000000, 0.000000000000000000 ) ) ;
#1825 = ORIENTED_EDGE ( 'NONE', *, *, #3591, .F. ) ;
#1826 = FILL_AREA_STYLE ('',( #4463 ) ) ;
#1827 = STYLED_ITEM ( 'NONE', ( #1411 ), #6752 ) ;
#1828 = EDGE_LOOP ( 'NONE', ( #2333, #593, #1460, #2119 ) ) ;
#1829 = FILL_AREA_STYLE ('',( #7607 ) ) ;
#1830 = FACE_OUTER_BOUND ( 'NONE', #5624, .T. ) ;
#1831 = CARTESIAN_POINT ( 'NONE',  ( -0.1969421222341773969, -0.8824525944777792397, 0.000000000000000000 ) ) ;
#1832 = CARTESIAN_POINT ( 'NONE',  ( 0.9999999999999991118, 0.9999999999999991118, 0.000000000000000000 ) ) ;
#1833 = ADVANCED_FACE ( 'NONE', ( #6340 ), #3213, .T. ) ;
#1834 = EDGE_CURVE ( 'NONE', #428, #7960, #7166, .T. ) ;
#1835 = CARTESIAN_POINT ( 'NONE',  ( 0.9999999999999991118, 0.3749999999999998890, 0.000000000000000000 ) ) ;
#1836 = ORIENTED_EDGE ( 'NONE', *, *, #508, .T. ) ;
#1837 = EDGE_LOOP ( 'NONE', ( #6979, #1117, #1132, #4124 ) ) ;
#1838 = DIRECTION ( 'NONE',  ( -1.445602896647339410E-16, -1.000000000000000000, 0.000000000000000000 ) ) ;
#1839 = CARTESIAN_POINT ( 'NONE',  ( 0.1232987538244634251, -0.8566346216245749323, 0.009999999999999998473 ) ) ;
#1840 = DIRECTION ( 'NONE',  ( -1.000000000000000000, 0.000000000000000000, 0.000000000000000000 ) ) ;
#1841 = EDGE_CURVE ( 'NONE', #3089, #7006, #5165, .T. ) ;
#1842 = DIRECTION ( 'NONE',  ( -0.000000000000000000, 0.000000000000000000, 1.000000000000000000 ) ) ;
#1843 = ORIENTED_EDGE ( 'NONE', *, *, #2272, .T. ) ;
#1844 = UNCERTAINTY_MEASURE_WITH_UNIT (LENGTH_MEASURE( 1.000000000000000082E-05 ), #4685, 'distance_accuracy_value', 'NONE');
#1845 = CARTESIAN_POINT ( 'NONE',  ( -0.1093232456315527540, -0.8725056938587911759, 0.000000000000000000 ) ) ;
#1846 = VERTEX_POINT ( 'NONE', #4684 ) ;
#1847 = DIRECTION ( 'NONE',  ( -1.000000000000000000, 0.000000000000000000, 0.000000000000000000 ) ) ;
#1848 = CARTESIAN_POINT ( 'NONE',  ( 0.09575646150990545225, -0.9084124443888980105, 0.01000000000000000021 ) ) ;
#1849 =( NAMED_UNIT ( * ) SI_UNIT ( $, .STERADIAN. ) SOLID_ANGLE_UNIT ( ) );
#1850 = ADVANCED_FACE ( 'NONE', ( #3384, #5334 ), #2072, .T. ) ;
#1851 = DIRECTION ( 'NONE',  ( 1.000000000000000000, 0.000000000000000000, 0.000000000000000000 ) ) ;
#1852 = DIRECTION ( 'NONE',  ( 0.000000000000000000, 0.000000000000000000, -1.000000000000000000 ) ) ;
#1853 = DIRECTION ( 'NONE',  ( 0.000000000000000000, -0.000000000000000000, -1.000000000000000000 ) ) ;
#1854 = SURFACE_STYLE_USAGE ( .BOTH. , #7434 ) ;
#1855 = LINE ( 'NONE', #6245, #1336 ) ;
#1856 = B_SPLINE_CURVE_WITH_KNOTS ( 'NONE', 3,
 ( #3116, #3665, #3622, #6172, #533, #5562, #4948, #489, #2469, #7440, #6094 ),
 .UNSPECIFIED., .F., .F.,
 ( 4, 1, 1, 1, 1, 1, 1, 1, 4 ),
 ( 0.000000000000000000, 0.1451868664724697278, 0.2834426109197302757, 0.4165243659288293543, 0.5431811235350831879, 0.6651530826377136663, 0.7813602063127165209, 0.8927566556418095045, 1.000000000000000000 ),
 .UNSPECIFIED. ) ;
#1857 = CARTESIAN_POINT ( 'NONE',  ( -0.1758483722341773747, -0.8226964969168035768, 0.01000000000000000021 ) ) ;
#1858 = ORIENTED_EDGE ( 'NONE', *, *, #14, .F. ) ;
#1859 = AXIS2_PLACEMENT_3D ( 'NONE', #4127, #2216, #6606 ) ;
#1860 = FACE_OUTER_BOUND ( 'NONE', #7126, .T. ) ;
#1861 = CARTESIAN_POINT ( 'NONE',  ( 0.06143644592096038359, -0.9101630795912206695, 0.000000000000000000 ) ) ;
#1862 =( NAMED_UNIT ( * ) PLANE_ANGLE_UNIT ( ) SI_UNIT ( $, .RADIAN. ) );
#1863 = CARTESIAN_POINT ( 'NONE',  ( 0.07470421922923725644, -0.9007452774046084132, 0.01000000000000000021 ) ) ;
#1864 =( LENGTH_UNIT ( ) NAMED_UNIT ( * ) SI_UNIT ( .MILLI., .METRE. ) );
#1865 = VECTOR ( 'NONE', #2177, 1000.000000000000000 ) ;
#1866 = VERTEX_POINT ( 'NONE', #2754 ) ;
#1867 = FILL_AREA_STYLE ('',( #5529 ) ) ;
#1868 = CARTESIAN_POINT ( 'NONE',  ( -0.6850000000000007194, 0.6750000000000000444, 0.000000000000000000 ) ) ;
#1869 = PRESENTATION_LAYER_ASSIGNMENT (  '', '', ( #5414 ) ) ;
#1870 = FILL_AREA_STYLE ('',( #1951 ) ) ;
#1871 = CARTESIAN_POINT ( 'NONE',  ( -0.1092961039021572017, -0.8466734015003082314, 0.01000000000000000021 ) ) ;
#1872 = VERTEX_POINT ( 'NONE', #3423 ) ;
#1873 = DIRECTION ( 'NONE',  ( -1.000000000000000000, 1.445602896647339410E-16, 0.000000000000000000 ) ) ;
#1874 = ADVANCED_FACE ( 'NONE', ( #202 ), #7823, .T. ) ;
#1875 = ADVANCED_FACE ( 'NONE', ( #2269 ), #4800, .T. ) ;
#1876 = DIRECTION ( 'NONE',  ( 1.000000000000000000, 0.000000000000000000, 0.000000000000000000 ) ) ;
#1877 = CARTESIAN_POINT ( 'NONE',  ( 0.07791934179723479514, -0.8094063229096444267, 0.009999999999999998473 ) ) ;
#1878 = ORIENTED_EDGE ( 'NONE', *, *, #7357, .F. ) ;
#1879 =( NAMED_UNIT ( * ) PLANE_ANGLE_UNIT ( ) SI_UNIT ( $, .RADIAN. ) );
#1880 = ORIENTED_EDGE ( 'NONE', *, *, #4362, .F. ) ;
#1881 = EDGE_CURVE ( 'NONE', #2233, #4119, #7247, .T. ) ;
#1882 = EDGE_CURVE ( 'NONE', #2168, #7947, #4702, .T. ) ;
#1883 = SURFACE_STYLE_USAGE ( .BOTH. , #7052 ) ;
#1884 = CARTESIAN_POINT ( 'NONE',  ( 0.07655254239996896193, -0.9117208871607059839, 0.01000000000000000021 ) ) ;
#1885 =( GEOMETRIC_REPRESENTATION_CONTEXT ( 3 ) GLOBAL_UNCERTAINTY_ASSIGNED_CONTEXT ( ( #5079 ) ) GLOBAL_UNIT_ASSIGNED_CONTEXT ( ( #2721, #5286, #3554 ) ) REPRESENTATION_CONTEXT ( 'NONE', 'WORKASPACE' ) );
#1886 = LINE ( 'NONE', #5633, #6758 ) ;
#1887 = FACE_OUTER_BOUND ( 'NONE', #7736, .T. ) ;
#1888 = CARTESIAN_POINT ( 'NONE',  ( -0.08007731734243633825, -0.8220088852822736714, 0.000000000000000000 ) ) ;
#1889 = CARTESIAN_POINT ( 'NONE',  ( 0.07257007288777385379, -0.8092818627704621015, 0.01000000000000000021 ) ) ;
#1890 =( LENGTH_UNIT ( ) NAMED_UNIT ( * ) SI_UNIT ( .MILLI., .METRE. ) );
#1891 = MECHANICAL_DESIGN_GEOMETRIC_PRESENTATION_REPRESENTATION (  '', ( #7423 ), #1761 ) ;
#1892 = EDGE_CURVE ( 'NONE', #6856, #1040, #1524, .T. ) ;
#1893 = VECTOR ( 'NONE', #5834, 1000.000000000000114 ) ;
#1894 = CARTESIAN_POINT ( 'NONE',  ( 0.1025943445480813204, -0.8874439186364337928, 0.01000000000000000021 ) ) ;
#1895 = VERTEX_POINT ( 'NONE', #5307 ) ;
#1896 = CARTESIAN_POINT ( 'NONE',  ( -0.1692553844292993548, -0.8105013749655840538, 0.000000000000000000 ) ) ;
#1897 = LINE ( 'NONE', #2543, #2728 ) ;
#1898 = FILL_AREA_STYLE_COLOUR ( '', #765 ) ;
#1899 = LINE ( 'NONE', #1823, #6350 ) ;
#1900 = LINE ( 'NONE', #3744, #2712 ) ;
#1901 = STYLED_ITEM ( 'NONE', ( #2014 ), #5498 ) ;
#1902 = ORIENTED_EDGE ( 'NONE', *, *, #6163, .T. ) ;
#1903 = SURFACE_STYLE_USAGE ( .BOTH. , #6825 ) ;
#1904 =( LENGTH_UNIT ( ) NAMED_UNIT ( * ) SI_UNIT ( .MILLI., .METRE. ) );
#1905 = VECTOR ( 'NONE', #7145, 1000.000000000000000 ) ;
#1906 = CARTESIAN_POINT ( 'NONE',  ( -0.1012982839092839704, -0.9027133052948586034, 0.000000000000000000 ) ) ;
#1907 =( NAMED_UNIT ( * ) PLANE_ANGLE_UNIT ( ) SI_UNIT ( $, .RADIAN. ) );
#1908 = VECTOR ( 'NONE', #6766, 1000.000000000000000 ) ;
#1909 = ORIENTED_EDGE ( 'NONE', *, *, #4518, .F. ) ;
#1910 = CIRCLE ( 'NONE', #589, 0.04999999999999991257 ) ;
#1911 = SURFACE_SIDE_STYLE ('',( #2485 ) ) ;
#1912 = DIRECTION ( 'NONE',  ( -0.000000000000000000, -0.000000000000000000, 1.000000000000000000 ) ) ;
#1913 = CARTESIAN_POINT ( 'NONE',  ( 0.06021615207954084809, -0.8218288600038667902, 0.000000000000000000 ) ) ;
#1914 = FILL_AREA_STYLE_COLOUR ( '', #617 ) ;
#1915 = AXIS2_PLACEMENT_3D ( 'NONE', #2290, #2899, #3573 ) ;
#1916 = CARTESIAN_POINT ( 'NONE',  ( -0.1221360879056426763, -0.8438310770282602125, 0.000000000000000000 ) ) ;
#1917 = VERTEX_POINT ( 'NONE', #2093 ) ;
#1918 = CARTESIAN_POINT ( 'NONE',  ( -0.4499999999999999556, -0.7499999999999998890, -0.02000000000000000042 ) ) ;
#1919 = VERTEX_POINT ( 'NONE', #2776 ) ;
#1920 = DIRECTION ( 'NONE',  ( -3.942553354492747475E-16, -1.000000000000000000, 0.000000000000000000 ) ) ;
#1921 =( NAMED_UNIT ( * ) SI_UNIT ( $, .STERADIAN. ) SOLID_ANGLE_UNIT ( ) );
#1922 = UNCERTAINTY_MEASURE_WITH_UNIT (LENGTH_MEASURE( 1.000000000000000082E-05 ), #5998, 'distance_accuracy_value', 'NONE');
#1923 = DIRECTION ( 'NONE',  ( -0.000000000000000000, 0.000000000000000000, 1.000000000000000000 ) ) ;
#1924 = DIRECTION ( 'NONE',  ( -1.000000000000000000, 0.000000000000000000, -0.000000000000000000 ) ) ;
#1925 = AXIS2_PLACEMENT_3D ( 'NONE', #4982, #4372, #2293 ) ;
#1926 = CARTESIAN_POINT ( 'NONE',  ( -0.1093232456315527540, -0.8725056938587911759, 0.000000000000000000 ) ) ;
#1927 = ADVANCED_FACE ( 'NONE', ( #7883 ), #3989, .F. ) ;
#1928 = EDGE_CURVE ( 'NONE', #7624, #4661, #6483, .T. ) ;
#1929 = CARTESIAN_POINT ( 'NONE',  ( -0.1241334332097871751, -0.8592437530143645086, 0.01000000000000000021 ) ) ;
#1930 = PRESENTATION_STYLE_ASSIGNMENT (( #5672 ) ) ;
#1931 = CARTESIAN_POINT ( 'NONE',  ( -0.02169440881954324066, -0.8214769847216816245, 0.000000000000000000 ) ) ;
#1932 = VECTOR ( 'NONE', #547, 1000.000000000000000 ) ;
#1933 = SURFACE_SIDE_STYLE ('',( #2695 ) ) ;
#1934 = UNCERTAINTY_MEASURE_WITH_UNIT (LENGTH_MEASURE( 1.000000000000000082E-05 ), #2100, 'distance_accuracy_value', 'NONE');
#1935 = ORIENTED_EDGE ( 'NONE', *, *, #1009, .T. ) ;
#1936 = LINE ( 'NONE', #7485, #4122 ) ;
#1937 = LINE ( 'NONE', #4991, #1031 ) ;
#1938 =( GEOMETRIC_REPRESENTATION_CONTEXT ( 3 ) GLOBAL_UNCERTAINTY_ASSIGNED_CONTEXT ( ( #3813 ) ) GLOBAL_UNIT_ASSIGNED_CONTEXT ( ( #2174, #6531, #857 ) ) REPRESENTATION_CONTEXT ( 'NONE', 'WORKASPACE' ) );
#1939 = EDGE_CURVE ( 'NONE', #876, #4837, #6564, .T. ) ;
#1940 = SURFACE_STYLE_USAGE ( .BOTH. , #4381 ) ;
#1941 = SURFACE_STYLE_USAGE ( .BOTH. , #3244 ) ;
#1942 = MECHANICAL_DESIGN_GEOMETRIC_PRESENTATION_REPRESENTATION (  '', ( #2114 ), #7454 ) ;
#1943 = COLOUR_RGB ( '',0.8313725490196077761, 0.8313725490196077761, 0.8196078431372548767 ) ;
#1944 = UNCERTAINTY_MEASURE_WITH_UNIT (LENGTH_MEASURE( 1.000000000000000082E-05 ), #2167, 'distance_accuracy_value', 'NONE');
#1945 =( GEOMETRIC_REPRESENTATION_CONTEXT ( 3 ) GLOBAL_UNCERTAINTY_ASSIGNED_CONTEXT ( ( #7681 ) ) GLOBAL_UNIT_ASSIGNED_CONTEXT ( ( #3689, #4893, #4368 ) ) REPRESENTATION_CONTEXT ( 'NONE', 'WORKASPACE' ) );
#1946 = DIRECTION ( 'NONE',  ( 1.000000000000000000, 0.000000000000000000, 0.000000000000000000 ) ) ;
#1947 = CARTESIAN_POINT ( 'NONE',  ( -0.6850000000000006084, -0.8249999999999999556, -0.02000000000000000042 ) ) ;
#1948 = DIRECTION ( 'NONE',  ( -1.655141553730136361E-16, -1.000000000000000000, 0.000000000000000000 ) ) ;
#1949 = VECTOR ( 'NONE', #7437, 1000.000000000000000 ) ;
#1950 = CARTESIAN_POINT ( 'NONE',  ( -1.000000000000000888, 0.8749999999999998890, 0.5300000000000000266 ) ) ;
#1951 = FILL_AREA_STYLE_COLOUR ( '', #5722 ) ;
#1952 = ORIENTED_EDGE ( 'NONE', *, *, #3074, .F. ) ;
#1953 = ORIENTED_EDGE ( 'NONE', *, *, #3271, .F. ) ;
#1954 = SURFACE_STYLE_FILL_AREA ( #583 ) ;
#1955 = FILL_AREA_STYLE ('',( #4432 ) ) ;
#1956 = UNCERTAINTY_MEASURE_WITH_UNIT (LENGTH_MEASURE( 1.000000000000000082E-05 ), #1044, 'distance_accuracy_value', 'NONE');
#1957 = CARTESIAN_POINT ( 'NONE',  ( 0.06580759604372499183, -0.8095105081470703734, 0.000000000000000000 ) ) ;
#1958 =( NAMED_UNIT ( * ) SI_UNIT ( $, .STERADIAN. ) SOLID_ANGLE_UNIT ( ) );
#1959 = CARTESIAN_POINT ( 'NONE',  ( -1.010000000000000453, -0.3750000000000000000, 0.2500000000000000000 ) ) ;
#1960 = CARTESIAN_POINT ( 'NONE',  ( 0.7350000000000006528, 0.8249999999999999556, 0.000000000000000000 ) ) ;
#1961 = VERTEX_POINT ( 'NONE', #5224 ) ;
#1962 = CARTESIAN_POINT ( 'NONE',  ( -3.449734185181154102E-16, 0.8750000000000003331, 0.000000000000000000 ) ) ;
#1963 = ORIENTED_EDGE ( 'NONE', *, *, #115, .F. ) ;
#1964 = DIRECTION ( 'NONE',  ( 1.000000000000000000, 0.000000000000000000, 0.000000000000000000 ) ) ;
#1965 = CARTESIAN_POINT ( 'NONE',  ( 0.06021615207954084809, -0.8218288600038667902, 0.01000000000000000021 ) ) ;
#1966 = CARTESIAN_POINT ( 'NONE',  ( -0.6850000000000006084, -0.3250000000000000111, -0.02000000000000000042 ) ) ;
#1967 =( LENGTH_UNIT ( ) NAMED_UNIT ( * ) SI_UNIT ( .MILLI., .METRE. ) );
#1968 = CARTESIAN_POINT ( 'NONE',  ( 0.1137277293137501089, -0.8947221292320708397, 0.01000000000000000021 ) ) ;
#1969 = ORIENTED_EDGE ( 'NONE', *, *, #7644, .F. ) ;
#1970 =( LENGTH_UNIT ( ) NAMED_UNIT ( * ) SI_UNIT ( .MILLI., .METRE. ) );
#1971 = ADVANCED_FACE ( 'NONE', ( #7717 ), #7757, .F. ) ;
#1972 = CARTESIAN_POINT ( 'NONE',  ( 0.1003128545683409784, -0.8902022545611228965, 0.01000000000000000021 ) ) ;
#1973 = ORIENTED_EDGE ( 'NONE', *, *, #809, .T. ) ;
#1974 = ADVANCED_FACE ( 'NONE', ( #5920 ), #1123, .F. ) ;
#1975 = PLANE ( 'NONE',  #4245 ) ;
#1976 = CARTESIAN_POINT ( 'NONE',  ( -0.7350000000000005418, -0.8249999999999999556, 0.000000000000000000 ) ) ;
#1977 = CARTESIAN_POINT ( 'NONE',  ( -0.01925538442929935340, -0.8544038139899742257, 0.000000000000000000 ) ) ;
#1978 = DIRECTION ( 'NONE',  ( 1.084202172485503448E-16, -1.000000000000000000, 0.000000000000000000 ) ) ;
#1979 = DIRECTION ( 'NONE',  ( 0.000000000000000000, 0.000000000000000000, -1.000000000000000000 ) ) ;
#1980 = CARTESIAN_POINT ( 'NONE',  ( -0.1241334332097871751, -0.8592437530143645086, 0.01000000000000000021 ) ) ;
#1981 = FILL_AREA_STYLE_COLOUR ( '', #2062 ) ;
#1982 = EDGE_CURVE ( 'NONE', #1634, #1416, #6139, .T. ) ;
#1983 = LINE ( 'NONE', #1534, #4529 ) ;
#1984 = CARTESIAN_POINT ( 'NONE',  ( -0.2050510257216819898, 0.7500000000000001110, -0.02000000000000000042 ) ) ;
#1985 = PRESENTATION_STYLE_ASSIGNMENT (( #2554 ) ) ;
#1986 = CARTESIAN_POINT ( 'NONE',  ( -0.1025616599433324672, -0.8335043683052270058, 0.01000000000000000021 ) ) ;
#1987 = ORIENTED_EDGE ( 'NONE', *, *, #2772, .T. ) ;
#1988 = ADVANCED_FACE ( 'NONE', ( #4913 ), #5885, .F. ) ;
#1989 = PRESENTATION_STYLE_ASSIGNMENT (( #5078 ) ) ;
#1990 = MECHANICAL_DESIGN_GEOMETRIC_PRESENTATION_REPRESENTATION (  '', ( #537 ), #661 ) ;
#1991 = LINE ( 'NONE', #4509, #7812 ) ;
#1992 = DIRECTION ( 'NONE',  ( -1.000000000000000000, -0.000000000000000000, -0.000000000000000000 ) ) ;
#1993 = SURFACE_STYLE_USAGE ( .BOTH. , #4393 ) ;
#1994 = FILL_AREA_STYLE ('',( #2611 ) ) ;
#1995 = DIRECTION ( 'NONE',  ( 1.000000000000000000, 3.942553354492746982E-16, 0.000000000000000000 ) ) ;
#1996 = CARTESIAN_POINT ( 'NONE',  ( 0.7350000000000005418, -0.3250000000000000111, -0.02000000000000000042 ) ) ;
#1997 = EDGE_LOOP ( 'NONE', ( #7284, #4795, #485, #2419 ) ) ;
#1998 = FILL_AREA_STYLE_COLOUR ( '', #4318 ) ;
#1999 = VECTOR ( 'NONE', #5971, 1000.000000000000000 ) ;
#2000 = ORIENTED_EDGE ( 'NONE', *, *, #4011, .T. ) ;
#2001 = DIRECTION ( 'NONE',  ( 1.000000000000000000, 0.000000000000000000, 0.000000000000000000 ) ) ;
#2002 = LINE ( 'NONE', #7089, #4807 ) ;
#2003 = VECTOR ( 'NONE', #6515, 1000.000000000000000 ) ;
#2004 = DIRECTION ( 'NONE',  ( 0.000000000000000000, 0.000000000000000000, -1.000000000000000000 ) ) ;
#2005 = DIRECTION ( 'NONE',  ( 0.000000000000000000, 0.000000000000000000, -1.000000000000000000 ) ) ;
#2006 = SURFACE_STYLE_FILL_AREA ( #5789 ) ;
#2007 = EDGE_LOOP ( 'NONE', ( #3219, #2726, #3673, #1746 ) ) ;
#2008 = SURFACE_STYLE_FILL_AREA ( #5710 ) ;
#2009 =( LENGTH_UNIT ( ) NAMED_UNIT ( * ) SI_UNIT ( .MILLI., .METRE. ) );
#2010 =( NAMED_UNIT ( * ) PLANE_ANGLE_UNIT ( ) SI_UNIT ( $, .RADIAN. ) );
#2011 = ORIENTED_EDGE ( 'NONE', *, *, #3025, .F. ) ;
#2012 = CARTESIAN_POINT ( 'NONE',  ( 0.02952510337557871442, -0.8105013749655840538, 0.01000000000000000021 ) ) ;
#2013 = CARTESIAN_POINT ( 'NONE',  ( -0.07125614662442127101, -0.8995257652094864609, 0.01000000000000000021 ) ) ;
#2014 = PRESENTATION_STYLE_ASSIGNMENT (( #5188 ) ) ;
#2015 = CARTESIAN_POINT ( 'NONE',  ( 0.04903729849752992698, -0.9053184481363156788, 0.01000000000000000021 ) ) ;
#2016 = SURFACE_SIDE_STYLE ('',( #3243 ) ) ;
#2017 = AXIS2_PLACEMENT_3D ( 'NONE', #4603, #7081, #919 ) ;
#2018 = CARTESIAN_POINT ( 'NONE',  ( -0.1184146486612337318, -0.8847344017151028694, 0.01000000000000000021 ) ) ;
#2019 = PRESENTATION_LAYER_ASSIGNMENT (  '', '', ( #1094 ) ) ;
#2020 = FILL_AREA_STYLE_COLOUR ( '', #7315 ) ;
#2021 = SURFACE_STYLE_FILL_AREA ( #7640 ) ;
#2022 = CIRCLE ( 'NONE', #1236, 0.1226805411497119691 ) ;
#2023 = CARTESIAN_POINT ( 'NONE',  ( 0.7621383144406077559, -1.000000000000002665, 0.07773384608415166708 ) ) ;
#2024 = CARTESIAN_POINT ( 'NONE',  ( -0.1092856826941171061, -0.8965680676540068728, 0.000000000000000000 ) ) ;
#2025 = PRESENTATION_LAYER_ASSIGNMENT (  '', '', ( #3604 ) ) ;
#2026 = CARTESIAN_POINT ( 'NONE',  ( 0.9999999999999991118, 0.9999999999999991118, 0.000000000000000000 ) ) ;
#2027 = ADVANCED_FACE ( 'NONE', ( #5150 ), #1319, .F. ) ;
#2028 = EDGE_CURVE ( 'NONE', #7101, #3353, #4465, .T. ) ;
#2029 = UNCERTAINTY_MEASURE_WITH_UNIT (LENGTH_MEASURE( 1.000000000000000082E-05 ), #4177, 'distance_accuracy_value', 'NONE');
#2030 =( GEOMETRIC_REPRESENTATION_CONTEXT ( 3 ) GLOBAL_UNCERTAINTY_ASSIGNED_CONTEXT ( ( #7403 ) ) GLOBAL_UNIT_ASSIGNED_CONTEXT ( ( #1076, #2471, #6905 ) ) REPRESENTATION_CONTEXT ( 'NONE', 'WORKASPACE' ) );
#2031 = CIRCLE ( 'NONE', #6109, 0.04999999999999991257 ) ;
#2032 = CARTESIAN_POINT ( 'NONE',  ( -0.1590038600390554502, -0.8714769847216816689, 0.01000000000000000021 ) ) ;
#2033 = DIRECTION ( 'NONE',  ( 0.000000000000000000, 0.000000000000000000, -1.000000000000000000 ) ) ;
#2034 = CARTESIAN_POINT ( 'NONE',  ( 0.06143644592096038359, -0.9101630795912206695, 0.01000000000000000021 ) ) ;
#2035 =( LENGTH_UNIT ( ) NAMED_UNIT ( * ) SI_UNIT ( .MILLI., .METRE. ) );
#2036 = EDGE_CURVE ( 'NONE', #1961, #5899, #2630, .T. ) ;
#2038 = EDGE_LOOP ( 'NONE', ( #6051, #5102, #6737, #494 ) ) ;
#2037 = AXIS2_PLACEMENT_3D ( 'NONE', #995, #4103, #1540 ) ;
#2039 = ORIENTED_EDGE ( 'NONE', *, *, #5448, .T. ) ;
#2040 = FILL_AREA_STYLE ('',( #7510 ) ) ;
#2041 = VECTOR ( 'NONE', #7188, 1000.000000000000000 ) ;
#2042 = CARTESIAN_POINT ( 'NONE',  ( 0.6850000000000007194, -0.1750000000000000167, 0.000000000000000000 ) ) ;
#2043 = PLANE ( 'NONE',  #2259 ) ;
#2044 = CARTESIAN_POINT ( 'NONE',  ( 0.1107488941502550034, -0.8982451399381790047, 0.01000000000000000021 ) ) ;
#2045 = ORIENTED_EDGE ( 'NONE', *, *, #7952, .T. ) ;
#2046 = CARTESIAN_POINT ( 'NONE',  ( -0.1240930464895226570, -0.8611325114649993617, 0.000000000000000000 ) ) ;
#2047 = CARTESIAN_POINT ( 'NONE',  ( 0.1094647100449619576, -0.8700538234775488933, 0.000000000000000000 ) ) ;
#2048 = VERTEX_POINT ( 'NONE', #3125 ) ;
#2049 = CARTESIAN_POINT ( 'NONE',  ( -0.7350000000000005418, -0.3250000000000000111, 0.000000000000000000 ) ) ;
#2050 = DIRECTION ( 'NONE',  ( -0.000000000000000000, -1.000000000000000000, 0.000000000000000000 ) ) ;
#2051 = CARTESIAN_POINT ( 'NONE',  ( -0.7350000000000006528, 0.3250000000000000111, -0.02000000000000000042 ) ) ;
#2052 = STYLED_ITEM ( 'NONE', ( #4449 ), #7259 ) ;
#2053 = SURFACE_STYLE_USAGE ( .BOTH. , #5890 ) ;
#2054 = AXIS2_PLACEMENT_3D ( 'NONE', #4398, #3850, #18 ) ;
#2055 =( NAMED_UNIT ( * ) PLANE_ANGLE_UNIT ( ) SI_UNIT ( $, .RADIAN. ) );
#2056 = AXIS2_PLACEMENT_3D ( 'NONE', #3933, #5289, #286 ) ;
#2057 = FILL_AREA_STYLE_COLOUR ( '', #2065 ) ;
#2058 = DIRECTION ( 'NONE',  ( 1.000000000000000000, 0.000000000000000000, 0.000000000000000000 ) ) ;
#2059 = CARTESIAN_POINT ( 'NONE',  ( -1.010000000000000453, -0.1250000000000001110, -0.02000000000000000042 ) ) ;
#2060 = AXIS2_PLACEMENT_3D ( 'NONE', #4041, #906, #5967 ) ;
#2061 = CARTESIAN_POINT ( 'NONE',  ( -0.07323266570847991597, -0.8215062841385910586, 0.01000000000000000021 ) ) ;
#2062 = COLOUR_RGB ( '',0.8313725490196077761, 0.8313725490196077761, 0.8196078431372548767 ) ;
#2063 = ORIENTED_EDGE ( 'NONE', *, *, #3937, .F. ) ;
#2064 = AXIS2_PLACEMENT_3D ( 'NONE', #1357, #5843, #690 ) ;
#2065 = COLOUR_RGB ( '',0.8313725490196077761, 0.8313725490196077761, 0.8196078431372548767 ) ;
#2066 = VECTOR ( 'NONE', #5762, 1000.000000000000000 ) ;
#2067 = EDGE_CURVE ( 'NONE', #6509, #7464, #1239, .T. ) ;
#2068 = FACE_OUTER_BOUND ( 'NONE', #6071, .T. ) ;
#2069 = ADVANCED_FACE ( 'NONE', ( #3794 ), #6256, .F. ) ;
#2070 = PLANE ( 'NONE',  #4692 ) ;
#2071 = PRESENTATION_LAYER_ASSIGNMENT (  '', '', ( #496 ) ) ;
#2072 = PLANE ( 'NONE',  #2017 ) ;
#2073 = CARTESIAN_POINT ( 'NONE',  ( 0.06760453113915110279, -0.9003773657958565879, 0.000000000000000000 ) ) ;
#2074 = ORIENTED_EDGE ( 'NONE', *, *, #4506, .F. ) ;
#2075 = MECHANICAL_DESIGN_GEOMETRIC_PRESENTATION_REPRESENTATION (  '', ( #3117 ), #627 ) ;
#2076 = ORIENTED_EDGE ( 'NONE', *, *, #3060, .F. ) ;
#2077 = ORIENTED_EDGE ( 'NONE', *, *, #7098, .T. ) ;
#2078 = VECTOR ( 'NONE', #2350, 1000.000000000000000 ) ;
#2079 = SURFACE_STYLE_USAGE ( .BOTH. , #6590 ) ;
#2080 = SURFACE_STYLE_FILL_AREA ( #2733 ) ;
#2081 =( NAMED_UNIT ( * ) PLANE_ANGLE_UNIT ( ) SI_UNIT ( $, .RADIAN. ) );
#2082 = EDGE_CURVE ( 'NONE', #1300, #7101, #6866, .T. ) ;
#2083 = CARTESIAN_POINT ( 'NONE',  ( -0.1092759209509725077, -0.8236746637254507286, 0.01000000000000000021 ) ) ;
#2084 = PLANE ( 'NONE',  #4507 ) ;
#2085 = SURFACE_SIDE_STYLE ('',( #4027 ) ) ;
#2086 = ORIENTED_EDGE ( 'NONE', *, *, #2474, .F. ) ;
#2087 = CARTESIAN_POINT ( 'NONE',  ( -0.1054257675373008879, -0.8998206240688676472, 0.000000000000000000 ) ) ;
#2088 = ORIENTED_EDGE ( 'NONE', *, *, #1395, .F. ) ;
#2089 = FILL_AREA_STYLE ('',( #2657 ) ) ;
#2090 = SURFACE_SIDE_STYLE ('',( #185 ) ) ;
#2091 = ORIENTED_EDGE ( 'NONE', *, *, #2667, .F. ) ;
#2092 = EDGE_CURVE ( 'NONE', #7317, #3480, #5113, .T. ) ;
#2093 = CARTESIAN_POINT ( 'NONE',  ( -0.1755244393073481235, -0.8226964969168035768, 0.01000000000000000021 ) ) ;
#2094 = LINE ( 'NONE', #4034, #3881 ) ;
#2095 = FILL_AREA_STYLE_COLOUR ( '', #6490 ) ;
#2096 = SURFACE_STYLE_FILL_AREA ( #268 ) ;
#2097 = DIRECTION ( 'NONE',  ( 1.000000000000000000, 3.942553354492745996E-16, 0.000000000000000000 ) ) ;
#2098 =( NAMED_UNIT ( * ) PLANE_ANGLE_UNIT ( ) SI_UNIT ( $, .RADIAN. ) );
#2099 = DIRECTION ( 'NONE',  ( -0.000000000000000000, -0.000000000000000000, 1.000000000000000000 ) ) ;
#2100 =( LENGTH_UNIT ( ) NAMED_UNIT ( * ) SI_UNIT ( .MILLI., .METRE. ) );
#2101 = ORIENTED_EDGE ( 'NONE', *, *, #2036, .F. ) ;
#2102 = UNCERTAINTY_MEASURE_WITH_UNIT (LENGTH_MEASURE( 1.000000000000000082E-05 ), #4391, 'distance_accuracy_value', 'NONE');
#2103 = VERTEX_POINT ( 'NONE', #272 ) ;
#2104 = CARTESIAN_POINT ( 'NONE',  ( 1.010000000000000453, 0.8749999999999998890, -0.02000000000000000042 ) ) ;
#2105 = CARTESIAN_POINT ( 'NONE',  ( 0.7350000000000005418, -0.3250000000000000111, -0.02000000000000000042 ) ) ;
#2106 = CARTESIAN_POINT ( 'NONE',  ( 0.05180290263390560646, -0.8959005571577640659, 0.000000000000000000 ) ) ;
#2107 = ORIENTED_EDGE ( 'NONE', *, *, #2179, .F. ) ;
#2108 = ORIENTED_EDGE ( 'NONE', *, *, #4313, .F. ) ;
#2109 = ORIENTED_EDGE ( 'NONE', *, *, #4916, .T. ) ;
#2110 = ADVANCED_FACE ( 'NONE', ( #1529 ), #2782, .F. ) ;
#2111 = FILL_AREA_STYLE_COLOUR ( '', #5143 ) ;
#2112 = DIRECTION ( 'NONE',  ( -1.000000000000000000, 0.000000000000000000, 0.000000000000000000 ) ) ;
#2113 = MECHANICAL_DESIGN_GEOMETRIC_PRESENTATION_REPRESENTATION (  '', ( #4638 ), #1605 ) ;
#2114 = STYLED_ITEM ( 'NONE', ( #4634 ), #106 ) ;
#2115 = CARTESIAN_POINT ( 'NONE',  ( -1.010000000000000453, 0.3749999999999998890, -0.02000000000000000042 ) ) ;
#2116 = ORIENTED_EDGE ( 'NONE', *, *, #69, .T. ) ;
#2117 = CARTESIAN_POINT ( 'NONE',  ( -0.000000000000000000, -0.8226964969168035768, 0.01000000000000000021 ) ) ;
#2118 = LINE ( 'NONE', #4777, #5177 ) ;
#2119 = ORIENTED_EDGE ( 'NONE', *, *, #7143, .T. ) ;
#2120 = EDGE_CURVE ( 'NONE', #7464, #6313, #3450, .T. ) ;
#2121 = ADVANCED_FACE ( 'NONE', ( #944 ), #2178, .T. ) ;
#2122 = CARTESIAN_POINT ( 'NONE',  ( -1.000000000000000666, -1.000000000000002665, 0.5300000000000000266 ) ) ;
#2123 = CARTESIAN_POINT ( 'NONE',  ( 0.1099308687072921981, -0.8658860556852665535, 0.01000000000000000021 ) ) ;
#2124 = EDGE_LOOP ( 'NONE', ( #1902, #6734, #3070, #3950 ) ) ;
#2125 =( LENGTH_UNIT ( ) NAMED_UNIT ( * ) SI_UNIT ( .MILLI., .METRE. ) );
#2126 = CARTESIAN_POINT ( 'NONE',  ( -1.010000000000000453, 0.8749999999999998890, 0.2500000000000000000 ) ) ;
#2127 = B_SPLINE_SURFACE_WITH_KNOTS ( 'NONE', 3, 1, ( 
 ( #4408, #6938 ),
 ( #1262, #766 ),
 ( #3773, #5057 ),
 ( #2534, #5134 ),
 ( #1926, #1306 ),
 ( #3816, #7593 ),
 ( #1343, #6973 ),
 ( #3860, #3227 ),
 ( #5754, #2619 ),
 ( #3901, #3270 ),
 ( #3396, #6517 ),
 ( #5213, #3304 ),
 ( #2241, #890 ),
 ( #5871, #2204 ),
 ( #5260, #4651 ),
 ( #1470, #5381 ),
 ( #5913, #5831 ),
 ( #968, #842 ),
 ( #2808, #7134 ) ),
 .UNSPECIFIED., .F., .F., .F.,
 ( 4, 1, 1, 1, 1, 1, 1, 1, 1, 1, 1, 1, 1, 1, 1, 1, 4 ),
 ( 2, 2 ),
 ( 0.000000000000000000, 0.07231867454721085942, 0.1405177950206413229, 0.2057021883860480349, 0.2683442779098018649, 0.3284611636088278219, 0.3872581215078034766, 0.4453378303906303515, 0.5030972754540030678, 0.5606099254806112819, 0.6182023772868152633, 0.6766196794019635474, 0.7360262455864804432, 0.7975246684661581043, 0.8618309667202000979, 0.9291734274448366637, 1.000000000000000000 ),
 ( 0.000000000000000000, 1.000000000000000000 ),
 .UNSPECIFIED. ) ;
#2128 =( NAMED_UNIT ( * ) PLANE_ANGLE_UNIT ( ) SI_UNIT ( $, .RADIAN. ) );
#2129 = DIRECTION ( 'NONE',  ( -0.000000000000000000, -0.000000000000000000, 1.000000000000000000 ) ) ;
#2130 = LINE ( 'NONE', #5925, #974 ) ;
#2131 = VECTOR ( 'NONE', #4255, 1000.000000000000000 ) ;
#2132 = EDGE_CURVE ( 'NONE', #4781, #4891, #4592, .T. ) ;
#2133 = SURFACE_STYLE_USAGE ( .BOTH. , #1360 ) ;
#2134 = DIRECTION ( 'NONE',  ( -0.000000000000000000, 0.000000000000000000, -1.000000000000000000 ) ) ;
#2135 = CYLINDRICAL_SURFACE ( 'NONE', #211, 0.1226805411497119691 ) ;
#2136 =( GEOMETRIC_REPRESENTATION_CONTEXT ( 3 ) GLOBAL_UNCERTAINTY_ASSIGNED_CONTEXT ( ( #6604 ) ) GLOBAL_UNIT_ASSIGNED_CONTEXT ( ( #5133, #3729, #3691 ) ) REPRESENTATION_CONTEXT ( 'NONE', 'WORKASPACE' ) );
#2137 = FACE_OUTER_BOUND ( 'NONE', #6007, .T. ) ;
#2138 = PRESENTATION_LAYER_ASSIGNMENT (  '', '', ( #5689 ) ) ;
#2139 = CARTESIAN_POINT ( 'NONE',  ( -0.1772670268437895325, -0.8293097085934437729, 0.000000000000000000 ) ) ;
#2140 = SURFACE_SIDE_STYLE ('',( #2786 ) ) ;
#2141 = ORIENTED_EDGE ( 'NONE', *, *, #6447, .T. ) ;
#2142 = VECTOR ( 'NONE', #3818, 1000.000000000000000 ) ;
#2143 = FACE_OUTER_BOUND ( 'NONE', #7125, .T. ) ;
#2144 = VERTEX_POINT ( 'NONE', #7769 ) ;
#2145 = PRESENTATION_LAYER_ASSIGNMENT (  '', '', ( #3187 ) ) ;
#2146 = UNCERTAINTY_MEASURE_WITH_UNIT (LENGTH_MEASURE( 1.000000000000000082E-05 ), #2261, 'distance_accuracy_value', 'NONE');
#2147 = DIRECTION ( 'NONE',  ( 1.000000000000000000, 0.000000000000000000, 0.000000000000000000 ) ) ;
#2148 = CARTESIAN_POINT ( 'NONE',  ( 0.1074103963510827653, -0.9013938890414590066, 0.000000000000000000 ) ) ;
#2149 = PLANE ( 'NONE',  #4154 ) ;
#2150 = EDGE_LOOP ( 'NONE', ( #993, #644, #1498, #3722 ) ) ;
#2151 = ORIENTED_EDGE ( 'NONE', *, *, #4653, .T. ) ;
#2152 = CARTESIAN_POINT ( 'NONE',  ( -0.1000373051007021341, -0.8309734110654515282, 0.01000000000000000021 ) ) ;
#2153 = FILL_AREA_STYLE ('',( #5376 ) ) ;
#2154 =( GEOMETRIC_REPRESENTATION_CONTEXT ( 3 ) GLOBAL_UNCERTAINTY_ASSIGNED_CONTEXT ( ( #6378 ) ) GLOBAL_UNIT_ASSIGNED_CONTEXT ( ( #7053, #2081, #3941 ) ) REPRESENTATION_CONTEXT ( 'NONE', 'WORKASPACE' ) );
#2155 = CARTESIAN_POINT ( 'NONE',  ( 0.07381067980593218614, -0.8202866061351572480, 0.01000000000000000021 ) ) ;
#2156 = AXIS2_PLACEMENT_3D ( 'NONE', #7107, #6952, #691 ) ;
#2157 = DIRECTION ( 'NONE',  ( 0.000000000000000000, 0.000000000000000000, -1.000000000000000000 ) ) ;
#2158 = CARTESIAN_POINT ( 'NONE',  ( -0.000000000000000000, -0.3750000000000000000, 0.000000000000000000 ) ) ;
#2159 = VECTOR ( 'NONE', #7189, 1000.000000000000000 ) ;
#2160 = EDGE_LOOP ( 'NONE', ( #6065, #4273, #1092, #3633 ) ) ;
#2161 = CARTESIAN_POINT ( 'NONE',  ( -0.4076060066089044476, 1.000000000000002665, 0.1817582956874659594 ) ) ;
#2162 = PLANE ( 'NONE',  #2403 ) ;
#2163 = VECTOR ( 'NONE', #3211, 1000.000000000000000 ) ;
#2164 = ORIENTED_EDGE ( 'NONE', *, *, #8052, .T. ) ;
#2165 =( GEOMETRIC_REPRESENTATION_CONTEXT ( 3 ) GLOBAL_UNCERTAINTY_ASSIGNED_CONTEXT ( ( #3646 ) ) GLOBAL_UNIT_ASSIGNED_CONTEXT ( ( #5081, #5166, #793 ) ) REPRESENTATION_CONTEXT ( 'NONE', 'WORKASPACE' ) );
#2166 = SURFACE_STYLE_FILL_AREA ( #7139 ) ;
#2167 =( LENGTH_UNIT ( ) NAMED_UNIT ( * ) SI_UNIT ( .MILLI., .METRE. ) );
#2168 = VERTEX_POINT ( 'NONE', #7072 ) ;
#2169 = ADVANCED_FACE ( 'NONE', ( #5895 ), #2135, .F. ) ;
#2170 = DIRECTION ( 'NONE',  ( -0.000000000000000000, 1.000000000000000000, -0.000000000000000000 ) ) ;
#2171 = PLANE ( 'NONE',  #3871 ) ;
#2172 = EDGE_CURVE ( 'NONE', #4231, #959, #7354, .T. ) ;
#2173 = DIRECTION ( 'NONE',  ( 0.000000000000000000, 0.000000000000000000, 1.000000000000000000 ) ) ;
#2174 =( LENGTH_UNIT ( ) NAMED_UNIT ( * ) SI_UNIT ( .MILLI., .METRE. ) );
#2175 = VECTOR ( 'NONE', #7080, 1000.000000000000000 ) ;
#2176 = SURFACE_STYLE_FILL_AREA ( #5431 ) ;
#2177 = DIRECTION ( 'NONE',  ( -0.000000000000000000, -0.000000000000000000, 1.000000000000000000 ) ) ;
#2178 = CYLINDRICAL_SURFACE ( 'NONE', #7696, 0.04999999999999991257 ) ;
#2179 = EDGE_CURVE ( 'NONE', #549, #2799, #4252, .T. ) ;
#2180 = FACE_OUTER_BOUND ( 'NONE', #2388, .T. ) ;
#2181 = CARTESIAN_POINT ( 'NONE',  ( -0.1739238295512506027, -0.8297086920387548581, 0.01000000000000000021 ) ) ;
#2182 = VECTOR ( 'NONE', #7747, 1000.000000000000000 ) ;
#2183 =( NAMED_UNIT ( * ) SI_UNIT ( $, .STERADIAN. ) SOLID_ANGLE_UNIT ( ) );
#2184 =( NAMED_UNIT ( * ) PLANE_ANGLE_UNIT ( ) SI_UNIT ( $, .RADIAN. ) );
#2185 = ORIENTED_EDGE ( 'NONE', *, *, #2833, .F. ) ;
#2186 = DIRECTION ( 'NONE',  ( 0.000000000000000000, 1.000000000000000000, 0.000000000000000000 ) ) ;
#2187 = ORIENTED_EDGE ( 'NONE', *, *, #602, .F. ) ;
#2188 = COLOUR_RGB ( '',0.8313725490196077761, 0.8313725490196077761, 0.8196078431372548767 ) ;
#2189 = DIRECTION ( 'NONE',  ( 1.000000000000000000, 0.000000000000000000, 0.000000000000000000 ) ) ;
#2190 = VECTOR ( 'NONE', #1578, 1000.000000000000000 ) ;
#2191 = FILL_AREA_STYLE_COLOUR ( '', #5044 ) ;
#2192 = CARTESIAN_POINT ( 'NONE',  ( -0.07180873808783594381, -0.8214769847216816245, 0.000000000000000000 ) ) ;
#2193 = ORIENTED_EDGE ( 'NONE', *, *, #8000, .F. ) ;
#2194 = PRESENTATION_LAYER_ASSIGNMENT (  '', '', ( #4047 ) ) ;
#2195 = ORIENTED_EDGE ( 'NONE', *, *, #6409, .T. ) ;
#2196 = STYLED_ITEM ( 'NONE', ( #6812 ), #4325 ) ;
#2197 = STYLED_ITEM ( 'NONE', ( #2477 ), #2069 ) ;
#2198 = MECHANICAL_DESIGN_GEOMETRIC_PRESENTATION_REPRESENTATION (  '', ( #3383 ), #3648 ) ;
#2199 = FILL_AREA_STYLE ('',( #1741 ) ) ;
#2200 = COLOUR_RGB ( '',0.8313725490196077761, 0.8313725490196077761, 0.8196078431372548767 ) ;
#2201 = CARTESIAN_POINT ( 'NONE',  ( 0.1099782768056830062, -0.8600238390420337220, 0.000000000000000000 ) ) ;
#2202 = DIRECTION ( 'NONE',  ( 1.000000000000000000, 0.000000000000000000, 0.000000000000000000 ) ) ;
#2203 =( GEOMETRIC_REPRESENTATION_CONTEXT ( 3 ) GLOBAL_UNCERTAINTY_ASSIGNED_CONTEXT ( ( #5062 ) ) GLOBAL_UNIT_ASSIGNED_CONTEXT ( ( #1904, #6987, #6957 ) ) REPRESENTATION_CONTEXT ( 'NONE', 'WORKASPACE' ) );
#2204 = CARTESIAN_POINT ( 'NONE',  ( -0.08779789006769116166, -0.8969797656713377476, 0.01000000000000000021 ) ) ;
#2205 = ORIENTED_EDGE ( 'NONE', *, *, #302, .T. ) ;
#2206 = DIRECTION ( 'NONE',  ( -0.3635424856527061932, -0.9315776194850602376, 0.000000000000000000 ) ) ;
#2207 = SURFACE_SIDE_STYLE ('',( #3436 ) ) ;
#2208 = ORIENTED_EDGE ( 'NONE', *, *, #1269, .T. ) ;
#2209 = SURFACE_SIDE_STYLE ('',( #1636 ) ) ;
#2210 = CARTESIAN_POINT ( 'NONE',  ( 0.08219308492119940801, -0.9001424121095988884, 0.01000000000000000021 ) ) ;
#2211 = ORIENTED_EDGE ( 'NONE', *, *, #5039, .T. ) ;
#2212 = FILL_AREA_STYLE_COLOUR ( '', #7525 ) ;
#2213 = DIRECTION ( 'NONE',  ( -0.000000000000000000, -0.000000000000000000, 1.000000000000000000 ) ) ;
#2214 = PRESENTATION_STYLE_ASSIGNMENT (( #6686 ) ) ;
#2215 = CARTESIAN_POINT ( 'NONE',  ( 0.000000000000000000, 1.010000000000002673, 0.000000000000000000 ) ) ;
#2216 = DIRECTION ( 'NONE',  ( 1.000000000000000000, 0.000000000000000000, 0.000000000000000000 ) ) ;
#2217 = CARTESIAN_POINT ( 'NONE',  ( -0.07275101100524893061, -0.9104667444279684885, 0.01000000000000000021 ) ) ;
#2218 = DIRECTION ( 'NONE',  ( 0.000000000000000000, 0.000000000000000000, -1.000000000000000000 ) ) ;
#2219 = EDGE_CURVE ( 'NONE', #1662, #6693, #880, .T. ) ;
#2220 = EDGE_CURVE ( 'NONE', #1542, #7996, #1693, .T. ) ;
#2221 = SURFACE_STYLE_USAGE ( .BOTH. , #2257 ) ;
#2222 =( NAMED_UNIT ( * ) SI_UNIT ( $, .STERADIAN. ) SOLID_ANGLE_UNIT ( ) );
#2223 = CARTESIAN_POINT ( 'NONE',  ( -0.1054471097041985717, -0.8205864268970634035, 0.01000000000000000194 ) ) ;
#2224 =( NAMED_UNIT ( * ) PLANE_ANGLE_UNIT ( ) SI_UNIT ( $, .RADIAN. ) );
#2225 = LINE ( 'NONE', #913, #5577 ) ;
#2226 = EDGE_LOOP ( 'NONE', ( #5701, #5198, #2788, #8055 ) ) ;
#2227 = FACE_OUTER_BOUND ( 'NONE', #5084, .T. ) ;
#2228 = VERTEX_POINT ( 'NONE', #7933 ) ;
#2229 = ADVANCED_FACE ( 'NONE', ( #2258 ), #4648, .F. ) ;
#2230 = EDGE_CURVE ( 'NONE', #5796, #591, #32, .T. ) ;
#2231 =( NAMED_UNIT ( * ) SI_UNIT ( $, .STERADIAN. ) SOLID_ANGLE_UNIT ( ) );
#2232 = DIRECTION ( 'NONE',  ( 1.000000000000000000, 0.000000000000000000, 0.000000000000000000 ) ) ;
#2233 = VERTEX_POINT ( 'NONE', #1857 ) ;
#2234 = CARTESIAN_POINT ( 'NONE',  ( -0.3999999999999997446, 0.5050510257216823673, -0.02000000000000000042 ) ) ;
#2235 = VERTEX_POINT ( 'NONE', #2503 ) ;
#2236 = EDGE_CURVE ( 'NONE', #4069, #4262, #643, .T. ) ;
#2237 = CIRCLE ( 'NONE', #6701, 0.04999999999999991257 ) ;
#2238 = LINE ( 'NONE', #6630, #977 ) ;
#2239 = CARTESIAN_POINT ( 'NONE',  ( -0.1127657485068189469, -0.8271084791742354669, 0.01000000000000000021 ) ) ;
#2240 = CARTESIAN_POINT ( 'NONE',  ( 1.010000000000000453, -0.1250000000000001110, -0.02000000000000000042 ) ) ;
#2241 = CARTESIAN_POINT ( 'NONE',  ( -0.09131032876584070646, -0.8954752036004255400, 0.000000000000000000 ) ) ;
#2242 = ORIENTED_EDGE ( 'NONE', *, *, #7790, .T. ) ;
#2243 = CARTESIAN_POINT ( 'NONE',  ( -0.1556311466244213182, -0.8824525944777792397, 0.01000000000000000021 ) ) ;
#2244 = ORIENTED_EDGE ( 'NONE', *, *, #1429, .F. ) ;
#2245 = DIRECTION ( 'NONE',  ( 0.000000000000000000, 0.000000000000000000, -1.000000000000000000 ) ) ;
#2246 = ORIENTED_EDGE ( 'NONE', *, *, #4147, .T. ) ;
#2247 = AXIS2_PLACEMENT_3D ( 'NONE', #2781, #2906, #7768 ) ;
#2248 = DIRECTION ( 'NONE',  ( -1.084202172485503325E-16, 1.000000000000000000, 0.000000000000000000 ) ) ;
#2249 = DIRECTION ( 'NONE',  ( 0.000000000000000000, 0.000000000000000000, 1.000000000000000000 ) ) ;
#2250 =( LENGTH_UNIT ( ) NAMED_UNIT ( * ) SI_UNIT ( .MILLI., .METRE. ) );
#2251 = UNCERTAINTY_MEASURE_WITH_UNIT (LENGTH_MEASURE( 1.000000000000000082E-05 ), #7884, 'distance_accuracy_value', 'NONE');
#2252 = CARTESIAN_POINT ( 'NONE',  ( 0.9999999999999993339, -0.6250000000000001110, 0.5300000000000000266 ) ) ;
#2253 = DIRECTION ( 'NONE',  ( 1.000000000000000000, -3.942553354492745503E-16, -0.000000000000000000 ) ) ;
#2254 = CARTESIAN_POINT ( 'NONE',  ( -1.000000000000000666, -0.1250000000000001110, 0.2500000000000000000 ) ) ;
#2255 = CARTESIAN_POINT ( 'NONE',  ( 0.09690786565439782341, -0.8287757610905905903, 0.01000000000000000021 ) ) ;
#2256 = AXIS2_PLACEMENT_3D ( 'NONE', #5917, #2245, #4659 ) ;
#2257 = SURFACE_SIDE_STYLE ('',( #3540 ) ) ;
#2258 = FACE_OUTER_BOUND ( 'NONE', #5267, .T. ) ;
#2259 = AXIS2_PLACEMENT_3D ( 'NONE', #1434, #5211, #7704 ) ;
#2260 = CARTESIAN_POINT ( 'NONE',  ( -0.1769821701535131409, -0.8283989574347535578, 0.01000000000000000021 ) ) ;
#2261 =( LENGTH_UNIT ( ) NAMED_UNIT ( * ) SI_UNIT ( .MILLI., .METRE. ) );
#2262 = PRESENTATION_LAYER_ASSIGNMENT (  '', '', ( #1216 ) ) ;
#2263 = SURFACE_STYLE_USAGE ( .BOTH. , #7895 ) ;
#2264 = SURFACE_SIDE_STYLE ('',( #4758 ) ) ;
#2265 = ORIENTED_EDGE ( 'NONE', *, *, #1786, .T. ) ;
#2266 = VERTEX_POINT ( 'NONE', #1349 ) ;
#2267 = PRESENTATION_LAYER_ASSIGNMENT (  '', '', ( #1226 ) ) ;
#2268 = SURFACE_STYLE_USAGE ( .BOTH. , #6666 ) ;
#2269 = FACE_OUTER_BOUND ( 'NONE', #3251, .T. ) ;
#2270 =( NAMED_UNIT ( * ) SI_UNIT ( $, .STERADIAN. ) SOLID_ANGLE_UNIT ( ) );
#2271 = EDGE_CURVE ( 'NONE', #1217, #5403, #3189, .T. ) ;
#2272 = EDGE_CURVE ( 'NONE', #3851, #247, #513, .T. ) ;
#2273 = ORIENTED_EDGE ( 'NONE', *, *, #656, .T. ) ;
#2274 = DIRECTION ( 'NONE',  ( -1.084202172485503448E-16, 1.000000000000000000, -0.000000000000000000 ) ) ;
#2275 = EDGE_LOOP ( 'NONE', ( #7243, #5129, #4397, #4802 ) ) ;
#2276 = VECTOR ( 'NONE', #5939, 1000.000000000000000 ) ;
#2277 = FACE_OUTER_BOUND ( 'NONE', #1508, .T. ) ;
#2278 = AXIS2_PLACEMENT_3D ( 'NONE', #67, #6438, #726 ) ;
#2279 =( NAMED_UNIT ( * ) PLANE_ANGLE_UNIT ( ) SI_UNIT ( $, .RADIAN. ) );
#2280 = SURFACE_STYLE_USAGE ( .BOTH. , #7421 ) ;
#2281 = EDGE_CURVE ( 'NONE', #7826, #6974, #4945, .T. ) ;
#2282 = MECHANICAL_DESIGN_GEOMETRIC_PRESENTATION_REPRESENTATION (  '', ( #6609 ), #6742 ) ;
#2283 = VERTEX_POINT ( 'NONE', #6944 ) ;
#2284 = CARTESIAN_POINT ( 'NONE',  ( -0.1755244393073481235, -0.8226964969168035768, 0.000000000000000000 ) ) ;
#2285 = EDGE_LOOP ( 'NONE', ( #4356, #6480, #957, #544 ) ) ;
#2286 =( NAMED_UNIT ( * ) PLANE_ANGLE_UNIT ( ) SI_UNIT ( $, .RADIAN. ) );
#2287 = SURFACE_SIDE_STYLE ('',( #3569 ) ) ;
#2288 = VECTOR ( 'NONE', #1276, 1000.000000000000000 ) ;
#2289 = ORIENTED_EDGE ( 'NONE', *, *, #2871, .F. ) ;
#2290 = CARTESIAN_POINT ( 'NONE',  ( 0.04903729849752992698, -0.8132452774046083910, 0.000000000000000000 ) ) ;
#2291 = PLANE ( 'NONE',  #634 ) ;
#2292 = AXIS2_PLACEMENT_3D ( 'NONE', #6513, #5293, #7702 ) ;
#2293 = DIRECTION ( 'NONE',  ( 0.000000000000000000, 0.000000000000000000, -1.000000000000000000 ) ) ;
#2294 = DIRECTION ( 'NONE',  ( 1.000000000000000000, 0.000000000000000000, 0.000000000000000000 ) ) ;
#2295 =( NAMED_UNIT ( * ) SI_UNIT ( $, .STERADIAN. ) SOLID_ANGLE_UNIT ( ) );
#2296 = VECTOR ( 'NONE', #5054, 1000.000000000000000 ) ;
#2297 = SURFACE_STYLE_USAGE ( .BOTH. , #5432 ) ;
#2298 = CARTESIAN_POINT ( 'NONE',  ( 0.06760453113915110279, -0.9003773657958565879, 0.000000000000000000 ) ) ;
#2299 = ORIENTED_EDGE ( 'NONE', *, *, #920, .F. ) ;
#2300 = CARTESIAN_POINT ( 'NONE',  ( -0.1184125666316004910, -0.8348908370008306656, 0.01000000000000000194 ) ) ;
#2301 =( GEOMETRIC_REPRESENTATION_CONTEXT ( 3 ) GLOBAL_UNCERTAINTY_ASSIGNED_CONTEXT ( ( #7272 ) ) GLOBAL_UNIT_ASSIGNED_CONTEXT ( ( #4153, #1666, #5734 ) ) REPRESENTATION_CONTEXT ( 'NONE', 'WORKASPACE' ) );
#2302 =( NAMED_UNIT ( * ) PLANE_ANGLE_UNIT ( ) SI_UNIT ( $, .RADIAN. ) );
#2303 = CARTESIAN_POINT ( 'NONE',  ( 1.010000000000000453, 0.6250000000000000000, -0.02000000000000000042 ) ) ;
#2304 = LINE ( 'NONE', #322, #6751 ) ;
#2305 = VERTEX_POINT ( 'NONE', #6899 ) ;
#2306 =( LENGTH_UNIT ( ) NAMED_UNIT ( * ) SI_UNIT ( .MILLI., .METRE. ) );
#2307 = ORIENTED_EDGE ( 'NONE', *, *, #6834, .T. ) ;
#2308 = UNCERTAINTY_MEASURE_WITH_UNIT (LENGTH_MEASURE( 1.000000000000000082E-05 ), #2306, 'distance_accuracy_value', 'NONE');
#2309 = PRESENTATION_STYLE_ASSIGNMENT (( #2268 ) ) ;
#2310 = FILL_AREA_STYLE ('',( #1702 ) ) ;
#2311 = CARTESIAN_POINT ( 'NONE',  ( 0.1099851262686148412, -0.8630305687058930086, 0.000000000000000000 ) ) ;
#2312 = ORIENTED_EDGE ( 'NONE', *, *, #2272, .F. ) ;
#2313 = FACE_OUTER_BOUND ( 'NONE', #7618, .T. ) ;
#2314 = ORIENTED_EDGE ( 'NONE', *, *, #351, .T. ) ;
#2315 = PRESENTATION_LAYER_ASSIGNMENT (  '', '', ( #2449 ) ) ;
#2316 = SURFACE_STYLE_USAGE ( .BOTH. , #3559 ) ;
#2317 = ADVANCED_FACE ( 'NONE', ( #6293 ), #5101, .F. ) ;
#2318 = EDGE_CURVE ( 'NONE', #7390, #2428, #3783, .T. ) ;
#2319 = MECHANICAL_DESIGN_GEOMETRIC_PRESENTATION_REPRESENTATION (  '', ( #3364 ), #7835 ) ;
#2320 = CARTESIAN_POINT ( 'NONE',  ( -0.4076060066089044476, -1.010000000000002673, 0.1817582956874659594 ) ) ;
#2321 = LINE ( 'NONE', #1707, #6344 ) ;
#2322 = COLOUR_RGB ( '',0.8313725490196077761, 0.8313725490196077761, 0.8196078431372548767 ) ;
#2323 = CARTESIAN_POINT ( 'NONE',  ( -0.000000000000000000, -0.8105013749655840538, 0.01000000000000000021 ) ) ;
#2324 = VECTOR ( 'NONE', #1979, 1000.000000000000000 ) ;
#2325 = VERTEX_POINT ( 'NONE', #7797 ) ;
#2326 = VECTOR ( 'NONE', #984, 1000.000000000000000 ) ;
#2327 = SURFACE_STYLE_FILL_AREA ( #2492 ) ;
#2328 = EDGE_LOOP ( 'NONE', ( #1836, #832, #851, #4282, #340, #5988 ) ) ;
#2329 = PRESENTATION_LAYER_ASSIGNMENT (  '', '', ( #3640 ) ) ;
#2330 = EDGE_CURVE ( 'NONE', #7918, #1505, #7980, .T. ) ;
#2331 =( NAMED_UNIT ( * ) PLANE_ANGLE_UNIT ( ) SI_UNIT ( $, .RADIAN. ) );
#2332 = CARTESIAN_POINT ( 'NONE',  ( -0.1766088893565883611, -0.8268270514773681246, 0.000000000000000000 ) ) ;
#2333 = ORIENTED_EDGE ( 'NONE', *, *, #7349, .T. ) ;
#2334 = COLOUR_RGB ( '',0.8313725490196077761, 0.8313725490196077761, 0.8196078431372548767 ) ;
#2335 = STYLED_ITEM ( 'NONE', ( #3700 ), #2317 ) ;
#2336 = SURFACE_STYLE_FILL_AREA ( #5548 ) ;
#2337 = CARTESIAN_POINT ( 'NONE',  ( 0.7621383144406077559, 1.010000000000002673, 0.1817582956874659594 ) ) ;
#2338 = COLOUR_RGB ( '',0.8313725490196077761, 0.8313725490196077761, 0.8196078431372548767 ) ;
#2339 =( NAMED_UNIT ( * ) SI_UNIT ( $, .STERADIAN. ) SOLID_ANGLE_UNIT ( ) );
#2340 = VECTOR ( 'NONE', #3274, 1000.000000000000000 ) ;
#2341 = CARTESIAN_POINT ( 'NONE',  ( -0.1066079697987687286, -0.8394980928246538188, 0.000000000000000000 ) ) ;
#2342 = CARTESIAN_POINT ( 'NONE',  ( 0.6850000000000008304, 0.3250000000000000111, -0.02000000000000000042 ) ) ;
#2343 = FACE_OUTER_BOUND ( 'NONE', #1251, .T. ) ;
#2344 = UNCERTAINTY_MEASURE_WITH_UNIT (LENGTH_MEASURE( 1.000000000000000082E-05 ), #4682, 'distance_accuracy_value', 'NONE');
#2345 = EDGE_CURVE ( 'NONE', #1895, #6277, #2696, .T. ) ;
#2346 = CARTESIAN_POINT ( 'NONE',  ( 1.010000000000000231, -0.6250000000000001110, -0.02000000000000000042 ) ) ;
#2347 = CARTESIAN_POINT ( 'NONE',  ( 0.7350000000000006528, 0.3250000000000000111, 0.000000000000000000 ) ) ;
#2348 = ORIENTED_EDGE ( 'NONE', *, *, #3222, .T. ) ;
#2349 = MECHANICAL_DESIGN_GEOMETRIC_PRESENTATION_REPRESENTATION (  '', ( #4271 ), #6077 ) ;
#2350 = DIRECTION ( 'NONE',  ( -0.000000000000000000, 1.000000000000000000, -0.000000000000000000 ) ) ;
#2351 = CARTESIAN_POINT ( 'NONE',  ( 0.9999999999999991118, 0.9999999999999991118, 0.5300000000000000266 ) ) ;
#2352 = CARTESIAN_POINT ( 'NONE',  ( -0.07180873808783594381, -0.8214769847216816245, 0.000000000000000000 ) ) ;
#2353 = CARTESIAN_POINT ( 'NONE',  ( -0.000000000000000000, -0.8750000000000000000, 0.000000000000000000 ) ) ;
#2354 = ORIENTED_EDGE ( 'NONE', *, *, #301, .F. ) ;
#2355 = DIRECTION ( 'NONE',  ( -0.000000000000000000, -0.000000000000000000, 1.000000000000000000 ) ) ;
#2356 = ORIENTED_EDGE ( 'NONE', *, *, #2417, .T. ) ;
#2357 = CARTESIAN_POINT ( 'NONE',  ( 0.02952510337557871442, -0.8105013749655840538, 0.000000000000000000 ) ) ;
#2358 = SURFACE_STYLE_FILL_AREA ( #5570 ) ;
#2359 = SURFACE_STYLE_USAGE ( .BOTH. , #411 ) ;
#2360 = ORIENTED_EDGE ( 'NONE', *, *, #3679, .F. ) ;
#2361 = EDGE_LOOP ( 'NONE', ( #6062, #5533, #6458, #2074 ) ) ;
#2362 = DIRECTION ( 'NONE',  ( -0.000000000000000000, 1.000000000000000000, 0.000000000000000000 ) ) ;
#2363 = SURFACE_STYLE_USAGE ( .BOTH. , #4884 ) ;
#2364 = CARTESIAN_POINT ( 'NONE',  ( 0.07437619058474521927, -0.8093238852718074305, 0.000000000000000000 ) ) ;
#2365 =( NAMED_UNIT ( * ) SI_UNIT ( $, .STERADIAN. ) SOLID_ANGLE_UNIT ( ) );
#2366 = ORIENTED_EDGE ( 'NONE', *, *, #7501, .F. ) ;
#2367 = ORIENTED_EDGE ( 'NONE', *, *, #2825, .T. ) ;
#2368 = CARTESIAN_POINT ( 'NONE',  ( 0.7350000000000005418, -0.3750000000000000000, 0.000000000000000000 ) ) ;
#2369 = DIRECTION ( 'NONE',  ( 0.000000000000000000, -1.000000000000000000, 0.000000000000000000 ) ) ;
#2370 = CARTESIAN_POINT ( 'NONE',  ( -0.1759870418344167409, -0.8234652343139029496, 0.000000000000000000 ) ) ;
#2371 = LINE ( 'NONE', #388, #6502 ) ;
#2372 = SURFACE_SIDE_STYLE ('',( #1643 ) ) ;
#2373 =( GEOMETRIC_REPRESENTATION_CONTEXT ( 3 ) GLOBAL_UNCERTAINTY_ASSIGNED_CONTEXT ( ( #825 ) ) GLOBAL_UNIT_ASSIGNED_CONTEXT ( ( #6884, #135, #3139 ) ) REPRESENTATION_CONTEXT ( 'NONE', 'WORKASPACE' ) );
#2374 = ADVANCED_FACE ( 'NONE', ( #1442 ), #2774, .T. ) ;
#2375 = ADVANCED_FACE ( 'NONE', ( #4660 ), #215, .F. ) ;
#2376 = DIRECTION ( 'NONE',  ( 0.000000000000000000, 1.000000000000000000, 0.000000000000000000 ) ) ;
#2377 = DIRECTION ( 'NONE',  ( -0.000000000000000000, -1.000000000000000000, 0.000000000000000000 ) ) ;
#2378 = CARTESIAN_POINT ( 'NONE',  ( 0.6850000000000007194, 0.3250000000000000111, -0.02000000000000000042 ) ) ;
#2379 = STYLED_ITEM ( 'NONE', ( #360 ), #5969 ) ;
#2380 = FILL_AREA_STYLE_COLOUR ( '', #5093 ) ;
#2381 = EDGE_LOOP ( 'NONE', ( #7169, #5824, #5835, #1620 ) ) ;
#2382 = DIRECTION ( 'NONE',  ( -0.000000000000000000, 1.000000000000000000, 0.000000000000000000 ) ) ;
#2383 = CARTESIAN_POINT ( 'NONE',  ( 0.02952510337557871442, -0.8105013749655840538, 0.000000000000000000 ) ) ;
#2384 = ADVANCED_FACE ( 'NONE', ( #4744 ), #6084, .F. ) ;
#2385 = PLANE ( 'NONE',  #6652 ) ;
#2386 = VECTOR ( 'NONE', #2991, 1000.000000000000000 ) ;
#2387 = DIRECTION ( 'NONE',  ( -0.000000000000000000, -0.000000000000000000, -1.000000000000000000 ) ) ;
#2388 = EDGE_LOOP ( 'NONE', ( #7425, #1369, #5386, #3273 ) ) ;
#2389 = ORIENTED_EDGE ( 'NONE', *, *, #6492, .F. ) ;
#2390 = UNCERTAINTY_MEASURE_WITH_UNIT (LENGTH_MEASURE( 1.000000000000000082E-05 ), #1126, 'distance_accuracy_value', 'NONE');
#2391 = CARTESIAN_POINT ( 'NONE',  ( 0.04997563757502885423, -0.9058363731033051147, 0.01000000000000000021 ) ) ;
#2392 = CARTESIAN_POINT ( 'NONE',  ( -1.000000000000000888, 0.9999999999999991118, 0.5300000000000000266 ) ) ;
#2393 = VERTEX_POINT ( 'NONE', #2939 ) ;
#2394 = ORIENTED_EDGE ( 'NONE', *, *, #2810, .T. ) ;
#2395 = ORIENTED_EDGE ( 'NONE', *, *, #6238, .T. ) ;
#2396 = SURFACE_SIDE_STYLE ('',( #2927 ) ) ;
#2397 = CARTESIAN_POINT ( 'NONE',  ( 0.09723179073113101534, -0.8149069578250212054, 0.000000000000000000 ) ) ;
#2398 = DIRECTION ( 'NONE',  ( -0.000000000000000000, -0.000000000000000000, 1.000000000000000000 ) ) ;
#2399 = CARTESIAN_POINT ( 'NONE',  ( 0.07257007288777385379, -0.8092818627704621015, 0.000000000000000000 ) ) ;
#2400 = ORIENTED_EDGE ( 'NONE', *, *, #5809, .T. ) ;
#2401 = UNCERTAINTY_MEASURE_WITH_UNIT (LENGTH_MEASURE( 1.000000000000000082E-05 ), #4873, 'distance_accuracy_value', 'NONE');
#2402 =( NAMED_UNIT ( * ) PLANE_ANGLE_UNIT ( ) SI_UNIT ( $, .RADIAN. ) );
#2403 = AXIS2_PLACEMENT_3D ( 'NONE', #4237, #592, #7959 ) ;
#2404 = ORIENTED_EDGE ( 'NONE', *, *, #7854, .F. ) ;
#2405 = LINE ( 'NONE', #5507, #5012 ) ;
#2406 = DIRECTION ( 'NONE',  ( -1.000000000000000000, 0.000000000000000000, -0.000000000000000000 ) ) ;
#2407 = COLOUR_RGB ( '',0.2980392156862745057, 0.2980392156862745057, 0.2980392156862745057 ) ;
#2408 = CARTESIAN_POINT ( 'NONE',  ( 0.07470421922923725644, -0.9007452774046084132, 0.000000000000000000 ) ) ;
#2409 = LINE ( 'NONE', #4336, #3875 ) ;
#2410 =( GEOMETRIC_REPRESENTATION_CONTEXT ( 3 ) GLOBAL_UNCERTAINTY_ASSIGNED_CONTEXT ( ( #2146 ) ) GLOBAL_UNIT_ASSIGNED_CONTEXT ( ( #2261, #2302, #114 ) ) REPRESENTATION_CONTEXT ( 'NONE', 'WORKASPACE' ) );
#2411 =( LENGTH_UNIT ( ) NAMED_UNIT ( * ) SI_UNIT ( .MILLI., .METRE. ) );
#2412 = SURFACE_STYLE_USAGE ( .BOTH. , #4901 ) ;
#2413 = LINE ( 'NONE', #6089, #1622 ) ;
#2414 = DIRECTION ( 'NONE',  ( 0.000000000000000000, 0.000000000000000000, -1.000000000000000000 ) ) ;
#2415 = STYLED_ITEM ( 'NONE', ( #2214 ), #4897 ) ;
#2416 = SURFACE_SIDE_STYLE ('',( #5557 ) ) ;
#2417 = EDGE_CURVE ( 'NONE', #7206, #84, #6006, .T. ) ;
#2418 = CARTESIAN_POINT ( 'NONE',  ( 0.09777979973290550075, -0.8926758197721380572, 0.01000000000000000021 ) ) ;
#2419 = ORIENTED_EDGE ( 'NONE', *, *, #3074, .T. ) ;
#2420 = EDGE_CURVE ( 'NONE', #5776, #4119, #2951, .T. ) ;
#2421 =( NAMED_UNIT ( * ) SI_UNIT ( $, .STERADIAN. ) SOLID_ANGLE_UNIT ( ) );
#2422 = CARTESIAN_POINT ( 'NONE',  ( 0.05806978467302419122, -0.9092775946350829530, 0.000000000000000000 ) ) ;
#2423 = DIRECTION ( 'NONE',  ( 0.000000000000000000, -1.000000000000000000, 0.000000000000000000 ) ) ;
#2424 = CARTESIAN_POINT ( 'NONE',  ( -0.6850000000000007194, 0.000000000000000000, 0.000000000000000000 ) ) ;
#2425 = SURFACE_STYLE_FILL_AREA ( #8096 ) ;
#2426 = ORIENTED_EDGE ( 'NONE', *, *, #2082, .F. ) ;
#2427 = CIRCLE ( 'NONE', #7023, 0.1999999999999999833 ) ;
#2428 = VERTEX_POINT ( 'NONE', #5960 ) ;
#2430 = VECTOR ( 'NONE', #5882, 1000.000000000000000 ) ;
#2429 =( NAMED_UNIT ( * ) PLANE_ANGLE_UNIT ( ) SI_UNIT ( $, .RADIAN. ) );
#2431 = EDGE_CURVE ( 'NONE', #2933, #3096, #4780, .T. ) ;
#2432 = AXIS2_PLACEMENT_3D ( 'NONE', #1494, #3326, #4672 ) ;
#2433 = PRESENTATION_LAYER_ASSIGNMENT (  '', '', ( #7423 ) ) ;
#2434 = LINE ( 'NONE', #1242, #6410 ) ;
#2435 = LINE ( 'NONE', #2960, #4544 ) ;
#2436 = ORIENTED_EDGE ( 'NONE', *, *, #6801, .T. ) ;
#2437 = CARTESIAN_POINT ( 'NONE',  ( 0.07257007288777385379, -0.8092818627704621015, 0.01000000000000000021 ) ) ;
#2438 = ORIENTED_EDGE ( 'NONE', *, *, #4808, .T. ) ;
#2439 = ORIENTED_EDGE ( 'NONE', *, *, #5999, .F. ) ;
#2440 = PRESENTATION_STYLE_ASSIGNMENT (( #4851 ) ) ;
#2441 = FILL_AREA_STYLE_COLOUR ( '', #6627 ) ;
#2442 = DIRECTION ( 'NONE',  ( -0.000000000000000000, 0.000000000000000000, 1.000000000000000000 ) ) ;
#2443 =( GEOMETRIC_REPRESENTATION_CONTEXT ( 3 ) GLOBAL_UNCERTAINTY_ASSIGNED_CONTEXT ( ( #23 ) ) GLOBAL_UNIT_ASSIGNED_CONTEXT ( ( #1555, #2767, #4738 ) ) REPRESENTATION_CONTEXT ( 'NONE', 'WORKASPACE' ) );
#2444 = ORIENTED_EDGE ( 'NONE', *, *, #7546, .T. ) ;
#2445 = CARTESIAN_POINT ( 'NONE',  ( -0.1049228437114506640, -0.8832420283526452032, 0.000000000000000000 ) ) ;
#2446 = ORIENTED_EDGE ( 'NONE', *, *, #4265, .F. ) ;
#2447 = LINE ( 'NONE', #385, #1062 ) ;
#2448 =( NAMED_UNIT ( * ) SI_UNIT ( $, .STERADIAN. ) SOLID_ANGLE_UNIT ( ) );
#2449 = STYLED_ITEM ( 'NONE', ( #6925 ), #7472 ) ;
#2450 = CARTESIAN_POINT ( 'NONE',  ( 0.1074103963510827653, -0.9013938890414590066, 0.01000000000000000021 ) ) ;
#2451 =( LENGTH_UNIT ( ) NAMED_UNIT ( * ) SI_UNIT ( .MILLI., .METRE. ) );
#2452 = DIRECTION ( 'NONE',  ( 0.000000000000000000, 0.000000000000000000, 1.000000000000000000 ) ) ;
#2453 = PRESENTATION_LAYER_ASSIGNMENT (  '', '', ( #2841 ) ) ;
#2454 = AXIS2_PLACEMENT_3D ( 'NONE', #5033, #120, #5069 ) ;
#2455 = CARTESIAN_POINT ( 'NONE',  ( 0.09992506463579303722, -0.9065247366189437273, 0.01000000000000000021 ) ) ;
#2456 = VECTOR ( 'NONE', #588, 1000.000000000000000 ) ;
#2457 = STYLED_ITEM ( 'NONE', ( #7380 ), #6303 ) ;
#2458 = CARTESIAN_POINT ( 'NONE',  ( -0.1107187990634456859, -0.8595295761850962890, 0.000000000000000000 ) ) ;
#2459 =( GEOMETRIC_REPRESENTATION_CONTEXT ( 3 ) GLOBAL_UNCERTAINTY_ASSIGNED_CONTEXT ( ( #2573 ) ) GLOBAL_UNIT_ASSIGNED_CONTEXT ( ( #248, #4687, #6549 ) ) REPRESENTATION_CONTEXT ( 'NONE', 'WORKASPACE' ) );
#2460 =( NAMED_UNIT ( * ) PLANE_ANGLE_UNIT ( ) SI_UNIT ( $, .RADIAN. ) );
#2461 = VECTOR ( 'NONE', #5392, 1000.000000000000000 ) ;
#2462 = LINE ( 'NONE', #2346, #5153 ) ;
#2463 = CARTESIAN_POINT ( 'NONE',  ( 0.01611046922923725991, -0.8995257652094864609, 0.000000000000000000 ) ) ;
#2464 = ORIENTED_EDGE ( 'NONE', *, *, #2970, .F. ) ;
#2465 = MECHANICAL_DESIGN_GEOMETRIC_PRESENTATION_REPRESENTATION (  '', ( #4067 ), #4976 ) ;
#2466 = SURFACE_STYLE_FILL_AREA ( #6980 ) ;
#2467 = VECTOR ( 'NONE', #2253, 1000.000000000000000 ) ;
#2468 = DIRECTION ( 'NONE',  ( -0.000000000000000000, -0.000000000000000000, 1.000000000000000000 ) ) ;
#2469 = CARTESIAN_POINT ( 'NONE',  ( 0.05145616191922380150, -0.8122634074127402792, 0.01000000000000000021 ) ) ;
#2470 = VECTOR ( 'NONE', #4354, 1000.000000000000000 ) ;
#2471 =( NAMED_UNIT ( * ) PLANE_ANGLE_UNIT ( ) SI_UNIT ( $, .RADIAN. ) );
#2472 = ORIENTED_EDGE ( 'NONE', *, *, #2624, .T. ) ;
#2473 = EDGE_CURVE ( 'NONE', #5526, #2836, #1638, .T. ) ;
#2474 = EDGE_CURVE ( 'NONE', #84, #6360, #6935, .T. ) ;
#2475 = PRESENTATION_LAYER_ASSIGNMENT (  '', '', ( #3924 ) ) ;
#2476 = ORIENTED_EDGE ( 'NONE', *, *, #5162, .T. ) ;
#2477 = PRESENTATION_STYLE_ASSIGNMENT (( #1903 ) ) ;
#2478 = DIRECTION ( 'NONE',  ( 0.000000000000000000, 0.000000000000000000, -1.000000000000000000 ) ) ;
#2479 =( GEOMETRIC_REPRESENTATION_CONTEXT ( 3 ) GLOBAL_UNCERTAINTY_ASSIGNED_CONTEXT ( ( #5389 ) ) GLOBAL_UNIT_ASSIGNED_CONTEXT ( ( #1808, #3535, #4937 ) ) REPRESENTATION_CONTEXT ( 'NONE', 'WORKASPACE' ) );
#2480 = CARTESIAN_POINT ( 'NONE',  ( -0.1241334332097871751, -0.8592437530143645086, 0.000000000000000000 ) ) ;
#2481 = CARTESIAN_POINT ( 'NONE',  ( -0.1101267024067687367, -0.8507020990138903782, 0.01000000000000000021 ) ) ;
#2482 = EDGE_CURVE ( 'NONE', #5961, #2646, #4404, .T. ) ;
#2483 = EDGE_CURVE ( 'NONE', #2860, #2974, #7870, .T. ) ;
#2484 = ORIENTED_EDGE ( 'NONE', *, *, #558, .T. ) ;
#2485 = SURFACE_STYLE_FILL_AREA ( #6222 ) ;
#2486 = CARTESIAN_POINT ( 'NONE',  ( 0.08805848298776952632, -0.8112485058975412722, 0.000000000000000000 ) ) ;
#2487 = LINE ( 'NONE', #6922, #1499 ) ;
#2488 = FACE_OUTER_BOUND ( 'NONE', #4019, .T. ) ;
#2489 = CARTESIAN_POINT ( 'NONE',  ( -0.1205085890607091731, -0.8392209907861611917, 0.000000000000000000 ) ) ;
#2490 = ADVANCED_FACE ( 'NONE', ( #6318 ), #1303, .T. ) ;
#2491 = EDGE_LOOP ( 'NONE', ( #1209, #4097, #8118, #4352 ) ) ;
#2492 = FILL_AREA_STYLE ('',( #8117 ) ) ;
#2493 = ORIENTED_EDGE ( 'NONE', *, *, #2345, .F. ) ;
#2494 = CARTESIAN_POINT ( 'NONE',  ( 1.010000000000000231, -0.6250000000000001110, -0.02000000000000000042 ) ) ;
#2495 = DIRECTION ( 'NONE',  ( 1.000000000000000000, 0.000000000000000000, 0.000000000000000000 ) ) ;
#2496 = PRODUCT_DEFINITION_CONTEXT ( 'detailed design', #4600, 'design' ) ;
#2497 = CARTESIAN_POINT ( 'NONE',  ( 0.1163351373460560084, -0.8909114607503147987, 0.01000000000000000021 ) ) ;
#2498 = CARTESIAN_POINT ( 'NONE',  ( -1.010000000000000453, -0.1250000000000001110, 0.2500000000000000000 ) ) ;
#2499 = CARTESIAN_POINT ( 'NONE',  ( 0.07470421922923725644, -0.9007452774046084132, 0.000000000000000000 ) ) ;
#2500 = SURFACE_STYLE_USAGE ( .BOTH. , #3944 ) ;
#2501 = PLANE ( 'NONE',  #6923 ) ;
#2502 = PLANE ( 'NONE',  #3831 ) ;
#2503 = CARTESIAN_POINT ( 'NONE',  ( -0.02169440881954324066, -0.8105013749655840538, 0.000000000000000000 ) ) ;
#2504 = VERTEX_POINT ( 'NONE', #5053 ) ;
#2505 = VECTOR ( 'NONE', #7428, 1000.000000000000000 ) ;
#2506 = DIRECTION ( 'NONE',  ( 0.000000000000000000, -0.000000000000000000, -1.000000000000000000 ) ) ;
#2507 =( LENGTH_UNIT ( ) NAMED_UNIT ( * ) SI_UNIT ( .MILLI., .METRE. ) );
#2508 = FILL_AREA_STYLE ('',( #733 ) ) ;
#2509 = LINE ( 'NONE', #3195, #7051 ) ;
#2510 = SURFACE_STYLE_FILL_AREA ( #6733 ) ;
#2511 =( NAMED_UNIT ( * ) PLANE_ANGLE_UNIT ( ) SI_UNIT ( $, .RADIAN. ) );
#2512 = PRESENTATION_LAYER_ASSIGNMENT (  '', '', ( #6070 ) ) ;
#2513 = ORIENTED_EDGE ( 'NONE', *, *, #1939, .T. ) ;
#2514 = SURFACE_STYLE_USAGE ( .BOTH. , #1742 ) ;
#2515 = COLOUR_RGB ( '',0.8313725490196077761, 0.8313725490196077761, 0.8196078431372548767 ) ;
#2516 = VECTOR ( 'NONE', #7771, 1000.000000000000227 ) ;
#2517 = SURFACE_STYLE_FILL_AREA ( #4387 ) ;
#2518 = CARTESIAN_POINT ( 'NONE',  ( -0.1047519866487489071, -0.8363568399817442600, 0.01000000000000000021 ) ) ;
#2519 = ORIENTED_EDGE ( 'NONE', *, *, #408, .T. ) ;
#2520 = EDGE_CURVE ( 'NONE', #4719, #4759, #1186, .T. ) ;
#2521 = CARTESIAN_POINT ( 'NONE',  ( 0.7350000000000006528, 0.3750000000000000000, -0.02000000000000000042 ) ) ;
#2522 = EDGE_CURVE ( 'NONE', #3014, #6597, #4444, .T. ) ;
#2523 =( NAMED_UNIT ( * ) SI_UNIT ( $, .STERADIAN. ) SOLID_ANGLE_UNIT ( ) );
#2524 = CARTESIAN_POINT ( 'NONE',  ( -0.09702512051825307182, -0.8155792288646480648, 0.000000000000000000 ) ) ;
#2525 = PRESENTATION_LAYER_ASSIGNMENT (  '', '', ( #5226 ) ) ;
#2526 = ORIENTED_EDGE ( 'NONE', *, *, #5743, .F. ) ;
#2527 = ORIENTED_EDGE ( 'NONE', *, *, #7196, .T. ) ;
#2528 = CARTESIAN_POINT ( 'NONE',  ( 0.04903729849752992698, -0.8943428383802182191, 0.01000000000000000021 ) ) ;
#2529 = LINE ( 'NONE', #5013, #4189 ) ;
#2530 = DIRECTION ( 'NONE',  ( -0.000000000000000000, -0.000000000000000000, 1.000000000000000000 ) ) ;
#2531 = EDGE_CURVE ( 'NONE', #5169, #7083, #522, .T. ) ;
#2532 = LINE ( 'NONE', #1304, #2296 ) ;
#2533 = LINE ( 'NONE', #8081, #3128 ) ;
#2534 = CARTESIAN_POINT ( 'NONE',  ( -0.1101434733673585520, -0.8684128575366475422, 0.000000000000000000 ) ) ;
#2535 = DIRECTION ( 'NONE',  ( -0.000000000000000000, -0.000000000000000000, 1.000000000000000000 ) ) ;
#2536 = AXIS2_PLACEMENT_3D ( 'NONE', #5502, #4811, #2929 ) ;
#2537 = DIRECTION ( 'NONE',  ( 0.000000000000000000, 0.000000000000000000, -1.000000000000000000 ) ) ;
#2538 = VECTOR ( 'NONE', #6520, 1000.000000000000000 ) ;
#2539 = CARTESIAN_POINT ( 'NONE',  ( 0.08569473195231228080, -0.8993274710949183959, 0.01000000000000000021 ) ) ;
#2540 = ORIENTED_EDGE ( 'NONE', *, *, #1025, .T. ) ;
#2541 = EDGE_CURVE ( 'NONE', #3973, #2940, #6847, .T. ) ;
#2542 = SURFACE_STYLE_FILL_AREA ( #8091 ) ;
#2543 = CARTESIAN_POINT ( 'NONE',  ( 0.6850000000000007194, -0.8249999999999999556, -0.02000000000000000042 ) ) ;
#2544 = DIRECTION ( 'NONE',  ( 0.000000000000000000, -1.000000000000000000, 0.000000000000000000 ) ) ;
#2545 = CARTESIAN_POINT ( 'NONE',  ( 0.7350000000000006528, 0.1750000000000000167, 0.2500000000000000000 ) ) ;
#2546 = CARTESIAN_POINT ( 'NONE',  ( 0.1697690058146031078, -0.8995257652094864609, 0.01000000000000000021 ) ) ;
#2547 =( NAMED_UNIT ( * ) PLANE_ANGLE_UNIT ( ) SI_UNIT ( $, .RADIAN. ) );
#2548 = COLOUR_RGB ( '',0.8313725490196077761, 0.8313725490196077761, 0.8196078431372548767 ) ;
#2549 = SURFACE_SIDE_STYLE ('',( #1316 ) ) ;
#2550 =( LENGTH_UNIT ( ) NAMED_UNIT ( * ) SI_UNIT ( .MILLI., .METRE. ) );
#2551 = STYLED_ITEM ( 'NONE', ( #5844 ), #3388 ) ;
#2552 = CARTESIAN_POINT ( 'NONE',  ( 1.010000000000000453, 0.6250000000000000000, 0.2500000000000000000 ) ) ;
#2553 = AXIS2_PLACEMENT_3D ( 'NONE', #7925, #1564, #939 ) ;
#2554 = SURFACE_STYLE_USAGE ( .BOTH. , #4595 ) ;
#2555 = LINE ( 'NONE', #123, #4688 ) ;
#2556 = CARTESIAN_POINT ( 'NONE',  ( -0.08393045475236146635, -0.8227406453759827931, 0.01000000000000000021 ) ) ;
#2557 =( GEOMETRIC_REPRESENTATION_CONTEXT ( 3 ) GLOBAL_UNCERTAINTY_ASSIGNED_CONTEXT ( ( #4501 ) ) GLOBAL_UNIT_ASSIGNED_CONTEXT ( ( #5304, #7021, #1400 ) ) REPRESENTATION_CONTEXT ( 'NONE', 'WORKASPACE' ) );
#2558 = ORIENTED_EDGE ( 'NONE', *, *, #6023, .F. ) ;
#2559 =( GEOMETRIC_REPRESENTATION_CONTEXT ( 3 ) GLOBAL_UNCERTAINTY_ASSIGNED_CONTEXT ( ( #1844 ) ) GLOBAL_UNIT_ASSIGNED_CONTEXT ( ( #4685, #3970, #246 ) ) REPRESENTATION_CONTEXT ( 'NONE', 'WORKASPACE' ) );
#2560 = COLOUR_RGB ( '',0.8313725490196077761, 0.8313725490196077761, 0.8196078431372548767 ) ;
#2561 =( NAMED_UNIT ( * ) SI_UNIT ( $, .STERADIAN. ) SOLID_ANGLE_UNIT ( ) );
#2562 = DIRECTION ( 'NONE',  ( 1.000000000000000000, 0.000000000000000000, 0.000000000000000000 ) ) ;
#2563 = B_SPLINE_CURVE_WITH_KNOTS ( 'NONE', 3,
 ( #7685, #1456, #790, #1957, #3843, #3929, #3292, #6339, #3968, #128, #2639 ),
 .UNSPECIFIED., .F., .F.,
 ( 4, 1, 1, 1, 1, 1, 1, 1, 4 ),
 ( 0.000000000000000000, 0.1451868664724697278, 0.2834426109197302757, 0.4165243659288293543, 0.5431811235350831879, 0.6651530826377136663, 0.7813602063127165209, 0.8927566556418095045, 1.000000000000000000 ),
 .UNSPECIFIED. ) ;
#2564 = FILL_AREA_STYLE ('',( #5660 ) ) ;
#2565 = VECTOR ( 'NONE', #3334, 1000.000000000000000 ) ;
#2566 = CARTESIAN_POINT ( 'NONE',  ( -0.1241334332097871751, -0.8592437530143645086, 0.000000000000000000 ) ) ;
#2567 = EDGE_LOOP ( 'NONE', ( #5011, #8073, #5729, #7409 ) ) ;
#2568 = CARTESIAN_POINT ( 'NONE',  ( 1.010000000000000453, 0.1250000000000000000, -0.02000000000000000042 ) ) ;
#2569 = ORIENTED_EDGE ( 'NONE', *, *, #6308, .T. ) ;
#2570 = EDGE_CURVE ( 'NONE', #6807, #3851, #7477, .T. ) ;
#2571 = EDGE_CURVE ( 'NONE', #3669, #5782, #2002, .T. ) ;
#2572 = DIRECTION ( 'NONE',  ( 1.000000000000000000, 0.000000000000000000, 0.000000000000000000 ) ) ;
#2573 = UNCERTAINTY_MEASURE_WITH_UNIT (LENGTH_MEASURE( 1.000000000000000082E-05 ), #248, 'distance_accuracy_value', 'NONE');
#2574 = PRESENTATION_STYLE_ASSIGNMENT (( #6283 ) ) ;
#2575 = DIRECTION ( 'NONE',  ( -0.000000000000000000, 0.000000000000000000, -1.000000000000000000 ) ) ;
#2576 = SURFACE_STYLE_FILL_AREA ( #5016 ) ;
#2577 = COLOUR_RGB ( '',0.8313725490196077761, 0.8313725490196077761, 0.8196078431372548767 ) ;
#2578 = DIRECTION ( 'NONE',  ( -0.000000000000000000, -0.000000000000000000, 1.000000000000000000 ) ) ;
#2579 = CARTESIAN_POINT ( 'NONE',  ( 1.010000000000000453, 0.1250000000000000000, 0.2500000000000000000 ) ) ;
#2580 = EDGE_CURVE ( 'NONE', #4351, #4781, #5585, .T. ) ;
#2581 = SURFACE_STYLE_USAGE ( .BOTH. , #4452 ) ;
#2582 = VECTOR ( 'NONE', #1296, 1000.000000000000000 ) ;
#2583 = PLANE ( 'NONE',  #3571 ) ;
#2584 = UNCERTAINTY_MEASURE_WITH_UNIT (LENGTH_MEASURE( 1.000000000000000082E-05 ), #7495, 'distance_accuracy_value', 'NONE');
#2585 =( NAMED_UNIT ( * ) PLANE_ANGLE_UNIT ( ) SI_UNIT ( $, .RADIAN. ) );
#2586 = ORIENTED_EDGE ( 'NONE', *, *, #476, .T. ) ;
#2587 = VECTOR ( 'NONE', #755, 1000.000000000000000 ) ;
#2588 =( LENGTH_UNIT ( ) NAMED_UNIT ( * ) SI_UNIT ( .MILLI., .METRE. ) );
#2589 =( NAMED_UNIT ( * ) SI_UNIT ( $, .STERADIAN. ) SOLID_ANGLE_UNIT ( ) );
#2590 =( GEOMETRIC_REPRESENTATION_CONTEXT ( 3 ) GLOBAL_UNCERTAINTY_ASSIGNED_CONTEXT ( ( #5052 ) ) GLOBAL_UNIT_ASSIGNED_CONTEXT ( ( #4881, #3913, #3043 ) ) REPRESENTATION_CONTEXT ( 'NONE', 'WORKASPACE' ) );
#2591 = CARTESIAN_POINT ( 'NONE',  ( -1.000000000000000888, 0.6249999999999998890, 0.2500000000000000000 ) ) ;
#2592 = FACE_OUTER_BOUND ( 'NONE', #7859, .T. ) ;
#2593 = FILL_AREA_STYLE ('',( #7070 ) ) ;
#2594 = COLOUR_RGB ( '',0.8313725490196077761, 0.8313725490196077761, 0.8196078431372548767 ) ;
#2595 = ADVANCED_FACE ( 'NONE', ( #4522 ), #5815, .F. ) ;
#2596 = PLANE ( 'NONE',  #3101 ) ;
#2597 =( GEOMETRIC_REPRESENTATION_CONTEXT ( 3 ) GLOBAL_UNCERTAINTY_ASSIGNED_CONTEXT ( ( #6954 ) ) GLOBAL_UNIT_ASSIGNED_CONTEXT ( ( #6986, #7493, #3158 ) ) REPRESENTATION_CONTEXT ( 'NONE', 'WORKASPACE' ) );
#2598 = MECHANICAL_DESIGN_GEOMETRIC_PRESENTATION_REPRESENTATION (  '', ( #751 ), #4591 ) ;
#2599 = CARTESIAN_POINT ( 'NONE',  ( 0.07655254239996896193, -0.9117208871607059839, 0.000000000000000000 ) ) ;
#2600 = CARTESIAN_POINT ( 'NONE',  ( -0.6850000000000007194, -0.1750000000000000167, -0.02000000000000000042 ) ) ;
#2601 = AXIS2_PLACEMENT_3D ( 'NONE', #1308, #7559, #679 ) ;
#2602 = CYLINDRICAL_SURFACE ( 'NONE', #986, 0.04999999999999991257 ) ;
#2603 = FILL_AREA_STYLE ('',( #7574 ) ) ;
#2604 = UNCERTAINTY_MEASURE_WITH_UNIT (LENGTH_MEASURE( 1.000000000000000082E-05 ), #3994, 'distance_accuracy_value', 'NONE');
#2605 = ORIENTED_EDGE ( 'NONE', *, *, #3086, .F. ) ;
#2606 = AXIS2_PLACEMENT_3D ( 'NONE', #237, #1609, #6615 ) ;
#2607 = CARTESIAN_POINT ( 'NONE',  ( 0.7350000000000006528, 0.1250000000000000000, -0.02000000000000000042 ) ) ;
#2608 = UNCERTAINTY_MEASURE_WITH_UNIT (LENGTH_MEASURE( 1.000000000000000082E-05 ), #2125, 'distance_accuracy_value', 'NONE');
#2609 = CARTESIAN_POINT ( 'NONE',  ( -0.1241334332097871751, -0.8592437530143645086, 0.01000000000000000021 ) ) ;
#2610 = CARTESIAN_POINT ( 'NONE',  ( 0.6850000000000006084, -0.1750000000000000167, -0.02000000000000000042 ) ) ;
#2611 = FILL_AREA_STYLE_COLOUR ( '', #1641 ) ;
#2612 = CARTESIAN_POINT ( 'NONE',  ( -1.010000000000000231, -0.6250000000000001110, 0.2500000000000000000 ) ) ;
#2613 = FILL_AREA_STYLE_COLOUR ( '', #471 ) ;
#2614 = ORIENTED_EDGE ( 'NONE', *, *, #5257, .T. ) ;
#2615 = VERTEX_POINT ( 'NONE', #4023 ) ;
#2616 = LINE ( 'NONE', #1339, #5088 ) ;
#2617 = CARTESIAN_POINT ( 'NONE',  ( 0.05447408060895355536, -0.8238321739042442360, 0.01000000000000000021 ) ) ;
#2618 = DIRECTION ( 'NONE',  ( 1.000000000000000000, 0.000000000000000000, 0.000000000000000000 ) ) ;
#2619 = CARTESIAN_POINT ( 'NONE',  ( -0.1027706071249880754, -0.8862794126884573354, 0.01000000000000000021 ) ) ;
#2620 = ORIENTED_EDGE ( 'NONE', *, *, #476, .F. ) ;
#2621 =( NAMED_UNIT ( * ) SI_UNIT ( $, .STERADIAN. ) SOLID_ANGLE_UNIT ( ) );
#2622 = ORIENTED_EDGE ( 'NONE', *, *, #243, .F. ) ;
#2623 = EDGE_CURVE ( 'NONE', #278, #3945, #6400, .T. ) ;
#2624 = EDGE_CURVE ( 'NONE', #6699, #3605, #6883, .T. ) ;
#2625 = PRESENTATION_STYLE_ASSIGNMENT (( #3953 ) ) ;
#2626 = DIRECTION ( 'NONE',  ( -0.000000000000000000, 1.000000000000000000, -0.000000000000000000 ) ) ;
#2627 = CARTESIAN_POINT ( 'NONE',  ( 0.06263286833092136796, -0.8097988790188859198, 0.01000000000000000021 ) ) ;
#2628 = CARTESIAN_POINT ( 'NONE',  ( 0.1094357894573568801, -0.8526223211463009877, 0.000000000000000000 ) ) ;
#2629 = COLOUR_RGB ( '',0.8313725490196077761, 0.8313725490196077761, 0.8196078431372548767 ) ;
#2630 = LINE ( 'NONE', #4353, #7846 ) ;
#2631 = ADVANCED_FACE ( 'NONE', ( #5868 ), #2714, .F. ) ;
#2632 = CARTESIAN_POINT ( 'NONE',  ( 3.449734185181154102E-16, 0.8750000000000003331, 0.000000000000000000 ) ) ;
#2633 = FILL_AREA_STYLE_COLOUR ( '', #3077 ) ;
#2634 = LINE ( 'NONE', #3414, #2516 ) ;
#2635 = AXIS2_PLACEMENT_3D ( 'NONE', #3717, #6309, #1245 ) ;
#2636 = ORIENTED_EDGE ( 'NONE', *, *, #3322, .F. ) ;
#2637 = DIRECTION ( 'NONE',  ( 0.000000000000000000, 0.000000000000000000, 1.000000000000000000 ) ) ;
#2638 = VECTOR ( 'NONE', #4944, 1000.000000000000000 ) ;
#2639 = CARTESIAN_POINT ( 'NONE',  ( 0.04903729849752992698, -0.8132452774046083910, 0.000000000000000000 ) ) ;
#2640 = LINE ( 'NONE', #7538, #694 ) ;
#2641 = CARTESIAN_POINT ( 'NONE',  ( -0.1460846527219823165, -0.9105013749655840316, 0.000000000000000000 ) ) ;
#2642 = DIRECTION ( 'NONE',  ( 0.000000000000000000, -1.000000000000000000, 0.000000000000000000 ) ) ;
#2643 = DIRECTION ( 'NONE',  ( 0.000000000000000000, -0.000000000000000000, -1.000000000000000000 ) ) ;
#2644 = VERTEX_POINT ( 'NONE', #6040 ) ;
#2645 = SURFACE_STYLE_FILL_AREA ( #3764 ) ;
#2646 = VERTEX_POINT ( 'NONE', #4151 ) ;
#2647 = DIRECTION ( 'NONE',  ( 0.000000000000000000, 0.000000000000000000, 1.000000000000000000 ) ) ;
#2648 = CARTESIAN_POINT ( 'NONE',  ( 0.07245574361948114994, -0.8202574725265596722, 0.000000000000000000 ) ) ;
#2649 = COLOUR_RGB ( '',0.8313725490196077761, 0.8313725490196077761, 0.8196078431372548767 ) ;
#2650 = DIRECTION ( 'NONE',  ( 0.000000000000000000, 0.000000000000000000, -1.000000000000000000 ) ) ;
#2651 = CARTESIAN_POINT ( 'NONE',  ( 0.4500000000000002331, 0.7500000000000000000, -6.776263578034402713E-18 ) ) ;
#2652 = AXIS2_PLACEMENT_3D ( 'NONE', #7630, #4533, #4990 ) ;
#2653 = CARTESIAN_POINT ( 'NONE',  ( 0.1233351251081518385, -0.8677461341277927787, 0.000000000000000000 ) ) ;
#2654 = ORIENTED_EDGE ( 'NONE', *, *, #3397, .T. ) ;
#2655 = DIRECTION ( 'NONE',  ( -0.000000000000000000, -0.000000000000000000, 1.000000000000000000 ) ) ;
#2656 = FILL_AREA_STYLE ('',( #640 ) ) ;
#2657 = FILL_AREA_STYLE_COLOUR ( '', #19 ) ;
#2658 = SURFACE_STYLE_USAGE ( .BOTH. , #2090 ) ;
#2659 = VERTEX_POINT ( 'NONE', #4691 ) ;
#2660 = DIRECTION ( 'NONE',  ( 3.942553354492745010E-16, -1.000000000000000000, 0.000000000000000000 ) ) ;
#2661 = LINE ( 'NONE', #8066, #1813 ) ;
#2662 =( GEOMETRIC_REPRESENTATION_CONTEXT ( 3 ) GLOBAL_UNCERTAINTY_ASSIGNED_CONTEXT ( ( #5732 ) ) GLOBAL_UNIT_ASSIGNED_CONTEXT ( ( #2698, #1480, #4033 ) ) REPRESENTATION_CONTEXT ( 'NONE', 'WORKASPACE' ) );
#2663 = CARTESIAN_POINT ( 'NONE',  ( -0.09217205533703914933, -0.9070804566223790166, 0.01000000000000000021 ) ) ;
#2664 = PLANE ( 'NONE',  #2060 ) ;
#2665 = PRESENTATION_LAYER_ASSIGNMENT (  '', '', ( #6726 ) ) ;
#2666 = EDGE_CURVE ( 'NONE', #7083, #4572, #7218, .T. ) ;
#2667 = EDGE_CURVE ( 'NONE', #4891, #4069, #2238, .T. ) ;
#2668 =( GEOMETRIC_REPRESENTATION_CONTEXT ( 3 ) GLOBAL_UNCERTAINTY_ASSIGNED_CONTEXT ( ( #3628 ) ) GLOBAL_UNIT_ASSIGNED_CONTEXT ( ( #7986, #7365, #5485 ) ) REPRESENTATION_CONTEXT ( 'NONE', 'WORKASPACE' ) );
#2669 = CARTESIAN_POINT ( 'NONE',  ( -0.7621383144406077559, -1.000000000000002665, 0.1817582956874659594 ) ) ;
#2670 = CARTESIAN_POINT ( 'NONE',  ( 0.02952510337557871442, 0.000000000000000000, 0.01000000000000000021 ) ) ;
#2671 = MECHANICAL_DESIGN_GEOMETRIC_PRESENTATION_REPRESENTATION (  '', ( #3604 ), #834 ) ;
#2672 = UNCERTAINTY_MEASURE_WITH_UNIT (LENGTH_MEASURE( 1.000000000000000082E-05 ), #2009, 'distance_accuracy_value', 'NONE');
#2673 = EDGE_CURVE ( 'NONE', #7845, #6699, #4852, .T. ) ;
#2674 = PRESENTATION_LAYER_ASSIGNMENT (  '', '', ( #1772 ) ) ;
#2675 = CARTESIAN_POINT ( 'NONE',  ( -1.010000000000000453, 0.1250000000000000000, 0.2500000000000000000 ) ) ;
#2676 = PRESENTATION_STYLE_ASSIGNMENT (( #1376 ) ) ;
#2677 = DIRECTION ( 'NONE',  ( 1.000000000000000000, -3.942553354492745996E-16, 0.000000000000000000 ) ) ;
#2678 = PRESENTATION_LAYER_ASSIGNMENT (  '', '', ( #4150 ) ) ;
#2679 =( NAMED_UNIT ( * ) PLANE_ANGLE_UNIT ( ) SI_UNIT ( $, .RADIAN. ) );
#2680 = ORIENTED_EDGE ( 'NONE', *, *, #4212, .T. ) ;
#2682 = ORIENTED_EDGE ( 'NONE', *, *, #2522, .F. ) ;
#2681 = VECTOR ( 'NONE', #6622, 1000.000000000000000 ) ;
#2683 = PRESENTATION_LAYER_ASSIGNMENT (  '', '', ( #7294 ) ) ;
#2684 = EDGE_LOOP ( 'NONE', ( #1238, #1654, #5604, #4203 ) ) ;
#2685 = CARTESIAN_POINT ( 'NONE',  ( -0.07180873808783594381, -0.8214769847216816245, 0.000000000000000000 ) ) ;
#2686 =( NAMED_UNIT ( * ) SI_UNIT ( $, .STERADIAN. ) SOLID_ANGLE_UNIT ( ) );
#2687 = CARTESIAN_POINT ( 'NONE',  ( 0.05730840492404887243, -0.8227181600868352929, 0.000000000000000000 ) ) ;
#2688 = VECTOR ( 'NONE', #2170, 1000.000000000000000 ) ;
#2689 = CIRCLE ( 'NONE', #4018, 0.05000000000000002359 ) ;
#2690 =( NAMED_UNIT ( * ) PLANE_ANGLE_UNIT ( ) SI_UNIT ( $, .RADIAN. ) );
#2691 = ORIENTED_EDGE ( 'NONE', *, *, #3310, .T. ) ;
#2692 = CARTESIAN_POINT ( 'NONE',  ( 0.02952510337557871442, -0.9105013749655840316, 0.01000000000000000021 ) ) ;
#2693 = CARTESIAN_POINT ( 'NONE',  ( -0.1460846527219823165, -0.9105013749655840316, 0.01000000000000000021 ) ) ;
#2694 = ORIENTED_EDGE ( 'NONE', *, *, #4710, .F. ) ;
#2695 = SURFACE_STYLE_FILL_AREA ( #4575 ) ;
#2696 = LINE ( 'NONE', #5918, #2066 ) ;
#2697 = ORIENTED_EDGE ( 'NONE', *, *, #3803, .F. ) ;
#2698 =( LENGTH_UNIT ( ) NAMED_UNIT ( * ) SI_UNIT ( .MILLI., .METRE. ) );
#2699 = CARTESIAN_POINT ( 'NONE',  ( -0.1101434733673585520, -0.8684128575366475422, 0.01000000000000000021 ) ) ;
#2700 =( NAMED_UNIT ( * ) SI_UNIT ( $, .STERADIAN. ) SOLID_ANGLE_UNIT ( ) );
#2701 = DIRECTION ( 'NONE',  ( 1.000000000000000000, 0.000000000000000000, -0.000000000000000000 ) ) ;
#2702 = LINE ( 'NONE', #5574, #85 ) ;
#2703 = LINE ( 'NONE', #3954, #6488 ) ;
#2704 = AXIS2_PLACEMENT_3D ( 'NONE', #2115, #6594, #7175 ) ;
#2705 = MECHANICAL_DESIGN_GEOMETRIC_PRESENTATION_REPRESENTATION (  '', ( #2841 ), #4966 ) ;
#2706 =( LENGTH_UNIT ( ) NAMED_UNIT ( * ) SI_UNIT ( .MILLI., .METRE. ) );
#2707 = MECHANICAL_DESIGN_GEOMETRIC_PRESENTATION_REPRESENTATION (  '', ( #198 ), #1806 ) ;
#2708 = CARTESIAN_POINT ( 'NONE',  ( -0.04364562833173837170, 0.000000000000000000, 0.01000000000000000021 ) ) ;
#2709 = EDGE_CURVE ( 'NONE', #1507, #3096, #1003, .T. ) ;
#2710 = AXIS2_PLACEMENT_3D ( 'NONE', #4053, #6539, #912 ) ;
#2711 = MECHANICAL_DESIGN_GEOMETRIC_PRESENTATION_REPRESENTATION (  '', ( #5361 ), #1816 ) ;
#2712 = VECTOR ( 'NONE', #5644, 1000.000000000000227 ) ;
#2713 = STYLED_ITEM ( 'NONE', ( #3056 ), #6302 ) ;
#2714 = B_SPLINE_SURFACE_WITH_KNOTS ( 'NONE', 3, 1, ( 
 ( #2648, #1089 ),
 ( #7256, #2155 ),
 ( #964, #417 ),
 ( #7953, #1664 ),
 ( #4076, #7912 ),
 ( #6675, #7830 ),
 ( #5995, #4233 ),
 ( #1550, #4809 ),
 ( #6078, #7874 ),
 ( #3602, #4735 ),
 ( #291, #2969 ),
 ( #4197, #1051 ),
 ( #2928, #7298 ),
 ( #3562, #2854 ),
 ( #5378, #6555 ),
 ( #462, #7785 ),
 ( #1590, #2890 ),
 ( #2201, #378 ),
 ( #5416, #1625 ) ),
 .UNSPECIFIED., .F., .F., .F.,
 ( 4, 1, 1, 1, 1, 1, 1, 1, 1, 1, 1, 1, 1, 1, 1, 1, 4 ),
 ( 2, 2 ),
 ( 0.000000000000000000, 0.06460397028839230671, 0.1267024139629472634, 0.1867568140356182516, 0.2455056873654378469, 0.3036520244499755772, 0.3615030739706258101, 0.4202402229284676327, 0.4800333407766969596, 0.5406781347755161837, 0.6011918063807819568, 0.6623335024774421598, 0.7247395102972318259, 0.7894677361728866805, 0.8565048600438298632, 0.9263120958391908299, 1.000000000000000000 ),
 ( 0.000000000000000000, 1.000000000000000000 ),
 .UNSPECIFIED. ) ;
#2715 = ORIENTED_EDGE ( 'NONE', *, *, #657, .T. ) ;
#2716 = UNCERTAINTY_MEASURE_WITH_UNIT (LENGTH_MEASURE( 1.000000000000000082E-05 ), #5339, 'distance_accuracy_value', 'NONE');
#2717 = STYLED_ITEM ( 'NONE', ( #4788 ), #4619 ) ;
#2718 = PRESENTATION_LAYER_ASSIGNMENT (  '', '', ( #6275 ) ) ;
#2719 = CARTESIAN_POINT ( 'NONE',  ( 0.07655254239996896193, -0.9117208871607059839, 0.01000000000000000021 ) ) ;
#2720 =( GEOMETRIC_REPRESENTATION_CONTEXT ( 3 ) GLOBAL_UNCERTAINTY_ASSIGNED_CONTEXT ( ( #868 ) ) GLOBAL_UNIT_ASSIGNED_CONTEXT ( ( #660, #5690, #2561 ) ) REPRESENTATION_CONTEXT ( 'NONE', 'WORKASPACE' ) );
#2721 =( LENGTH_UNIT ( ) NAMED_UNIT ( * ) SI_UNIT ( .MILLI., .METRE. ) );
#2722 = DIRECTION ( 'NONE',  ( -1.000000000000000000, 0.000000000000000000, 0.000000000000000000 ) ) ;
#2723 = ADVANCED_FACE ( 'NONE', ( #3718 ), #1483, .F. ) ;
#2724 = VECTOR ( 'NONE', #5791, 1000.000000000000000 ) ;
#2725 = EDGE_CURVE ( 'NONE', #6595, #375, #3132, .T. ) ;
#2726 = ORIENTED_EDGE ( 'NONE', *, *, #3232, .F. ) ;
#2727 = FILL_AREA_STYLE ('',( #2757 ) ) ;
#2728 = VECTOR ( 'NONE', #2468, 1000.000000000000000 ) ;
#2729 = ORIENTED_EDGE ( 'NONE', *, *, #6638, .F. ) ;
#2730 = ORIENTED_EDGE ( 'NONE', *, *, #3599, .T. ) ;
#2731 = VECTOR ( 'NONE', #697, 1000.000000000000000 ) ;
#2732 = SURFACE_STYLE_FILL_AREA ( #5827 ) ;
#2733 = FILL_AREA_STYLE ('',( #2802 ) ) ;
#2734 = SURFACE_SIDE_STYLE ('',( #7129 ) ) ;
#2735 = CARTESIAN_POINT ( 'NONE',  ( -0.1054471097041985717, -0.8205864268970634035, 0.01000000000000000021 ) ) ;
#2736 = CARTESIAN_POINT ( 'NONE',  ( -0.07125614662442127101, -0.8995257652094864609, 0.000000000000000000 ) ) ;
#2737 = EDGE_CURVE ( 'NONE', #2325, #6693, #6799, .T. ) ;
#2738 = MECHANICAL_DESIGN_GEOMETRIC_PRESENTATION_REPRESENTATION (  '', ( #5639 ), #2479 ) ;
#2739 = ORIENTED_EDGE ( 'NONE', *, *, #758, .T. ) ;
#2740 = CARTESIAN_POINT ( 'NONE',  ( -0.1012982839092839704, -0.9027133052948586034, 0.01000000000000000021 ) ) ;
#2741 = DIRECTION ( 'NONE',  ( 0.000000000000000000, 1.000000000000000000, -0.000000000000000000 ) ) ;
#2742 = ORIENTED_EDGE ( 'NONE', *, *, #3641, .T. ) ;
#2743 = CARTESIAN_POINT ( 'NONE',  ( -0.1740749719442313825, -0.8292529042380787363, 0.000000000000000000 ) ) ;
#2744 = ORIENTED_EDGE ( 'NONE', *, *, #8101, .T. ) ;
#2745 = SURFACE_STYLE_USAGE ( .BOTH. , #4466 ) ;
#2746 = FILL_AREA_STYLE_COLOUR ( '', #4789 ) ;
#2747 = PLANE ( 'NONE',  #2247 ) ;
#2748 = SURFACE_STYLE_USAGE ( .BOTH. , #5808 ) ;
#2749 = LINE ( 'NONE', #2785, #4337 ) ;
#2750 = PRESENTATION_STYLE_ASSIGNMENT (( #5930 ) ) ;
#2751 =( NAMED_UNIT ( * ) PLANE_ANGLE_UNIT ( ) SI_UNIT ( $, .RADIAN. ) );
#2752 = VERTEX_POINT ( 'NONE', #6920 ) ;
#2753 = ORIENTED_EDGE ( 'NONE', *, *, #1067, .F. ) ;
#2754 = CARTESIAN_POINT ( 'NONE',  ( 0.1697690058146031078, -0.8995257652094864609, 0.000000000000000000 ) ) ;
#2755 =( NAMED_UNIT ( * ) PLANE_ANGLE_UNIT ( ) SI_UNIT ( $, .RADIAN. ) );
#2756 = ORIENTED_EDGE ( 'NONE', *, *, #2220, .T. ) ;
#2757 = FILL_AREA_STYLE_COLOUR ( '', #8095 ) ;
#2758 = VERTEX_POINT ( 'NONE', #6459 ) ;
#2759 =( GEOMETRIC_REPRESENTATION_CONTEXT ( 3 ) GLOBAL_UNCERTAINTY_ASSIGNED_CONTEXT ( ( #2716 ) ) GLOBAL_UNIT_ASSIGNED_CONTEXT ( ( #5339, #5943, #3938 ) ) REPRESENTATION_CONTEXT ( 'NONE', 'WORKASPACE' ) );
#2760 = CARTESIAN_POINT ( 'NONE',  ( -0.09724090261653960121, -0.8287483343864318064, 0.01000000000000000021 ) ) ;
#2761 = EDGE_CURVE ( 'NONE', #549, #1337, #6998, .T. ) ;
#2762 = ADVANCED_FACE ( 'NONE', ( #7079 ), #6963, .T. ) ;
#2763 = DIRECTION ( 'NONE',  ( 0.000000000000000000, 0.000000000000000000, 1.000000000000000000 ) ) ;
#2764 = SURFACE_SIDE_STYLE ('',( #6741 ) ) ;
#2765 = LINE ( 'NONE', #4614, #6336 ) ;
#2766 = STYLED_ITEM ( 'NONE', ( #1727 ), #6060 ) ;
#2767 =( NAMED_UNIT ( * ) PLANE_ANGLE_UNIT ( ) SI_UNIT ( $, .RADIAN. ) );
#2768 = EDGE_LOOP ( 'NONE', ( #7490, #5539, #1698, #4184 ) ) ;
#2769 = CARTESIAN_POINT ( 'NONE',  ( -0.07083693930734810684, -0.9105013749655840316, 0.000000000000000000 ) ) ;
#2770 = FACE_OUTER_BOUND ( 'NONE', #297, .T. ) ;
#2771 = VERTEX_POINT ( 'NONE', #747 ) ;
#2772 = EDGE_CURVE ( 'NONE', #503, #375, #4472, .T. ) ;
#2773 = LINE ( 'NONE', #3529, #146 ) ;
#2774 = CYLINDRICAL_SURFACE ( 'NONE', #5234, 0.04999999999999991257 ) ;
#2775 = ORIENTED_EDGE ( 'NONE', *, *, #5095, .T. ) ;
#2776 = CARTESIAN_POINT ( 'NONE',  ( 0.6850000000000006084, -0.8249999999999999556, 0.000000000000000000 ) ) ;
#2777 =( LENGTH_UNIT ( ) NAMED_UNIT ( * ) SI_UNIT ( .MILLI., .METRE. ) );
#2778 = FILL_AREA_STYLE ('',( #2827 ) ) ;
#2779 = DIRECTION ( 'NONE',  ( -0.000000000000000000, -0.000000000000000000, 1.000000000000000000 ) ) ;
#2780 = CARTESIAN_POINT ( 'NONE',  ( 0.07245574361948114994, -0.8202574725265596722, 0.01000000000000000021 ) ) ;
#2781 = CARTESIAN_POINT ( 'NONE',  ( -0.6850000000000008304, 0.3250000000000000111, -0.02000000000000000042 ) ) ;
#2782 = PLANE ( 'NONE',  #5753 ) ;
#2783 = VECTOR ( 'NONE', #5830, 1000.000000000000000 ) ;
#2784 =( NAMED_UNIT ( * ) SI_UNIT ( $, .STERADIAN. ) SOLID_ANGLE_UNIT ( ) );
#2785 = CARTESIAN_POINT ( 'NONE',  ( 0.9999999999999991118, 0.9999999999999991118, 0.2500000000000000000 ) ) ;
#2786 = SURFACE_STYLE_FILL_AREA ( #4549 ) ;
#2787 = LINE ( 'NONE', #2353, #967 ) ;
#2788 = ORIENTED_EDGE ( 'NONE', *, *, #4468, .F. ) ;
#2789 = MECHANICAL_DESIGN_GEOMETRIC_PRESENTATION_REPRESENTATION (  '', ( #6726 ), #3182 ) ;
#2790 = ORIENTED_EDGE ( 'NONE', *, *, #5508, .T. ) ;
#2791 = VECTOR ( 'NONE', #749, 1000.000000000000000 ) ;
#2792 = MECHANICAL_DESIGN_GEOMETRIC_PRESENTATION_REPRESENTATION (  '', ( #6348 ), #4001 ) ;
#2793 =( LENGTH_UNIT ( ) NAMED_UNIT ( * ) SI_UNIT ( .MILLI., .METRE. ) );
#2794 = CARTESIAN_POINT ( 'NONE',  ( 0.1217257576956082693, -0.8778267529596017749, 0.000000000000000000 ) ) ;
#2795 = VECTOR ( 'NONE', #1978, 1000.000000000000000 ) ;
#2796 = SURFACE_STYLE_USAGE ( .BOTH. , #1504 ) ;
#2797 = ORIENTED_EDGE ( 'NONE', *, *, #5197, .T. ) ;
#2798 = CARTESIAN_POINT ( 'NONE',  ( 0.1234275423999689758, -0.8623878078924133161, 0.000000000000000000 ) ) ;
#2799 = VERTEX_POINT ( 'NONE', #4554 ) ;
#2800 = MECHANICAL_DESIGN_GEOMETRIC_PRESENTATION_REPRESENTATION (  '', ( #3330 ), #2030 ) ;
#2801 = CARTESIAN_POINT ( 'NONE',  ( -0.07323266570847991597, -0.8215062841385910586, 0.01000000000000000021 ) ) ;
#2802 = FILL_AREA_STYLE_COLOUR ( '', #4969 ) ;
#2803 =( LENGTH_UNIT ( ) NAMED_UNIT ( * ) SI_UNIT ( .MILLI., .METRE. ) );
#2804 = VECTOR ( 'NONE', #886, 1000.000000000000000 ) ;
#2805 = CARTESIAN_POINT ( 'NONE',  ( -0.6850000000000006084, -0.3250000000000000111, -0.02000000000000000042 ) ) ;
#2806 = SURFACE_SIDE_STYLE ('',( #3395 ) ) ;
#2807 =( GEOMETRIC_REPRESENTATION_CONTEXT ( 3 ) GLOBAL_UNCERTAINTY_ASSIGNED_CONTEXT ( ( #3051 ) ) GLOBAL_UNIT_ASSIGNED_CONTEXT ( ( #4729, #2755, #7777 ) ) REPRESENTATION_CONTEXT ( 'NONE', 'WORKASPACE' ) );
#2808 = CARTESIAN_POINT ( 'NONE',  ( -0.07125614662442127101, -0.8995257652094864609, 0.000000000000000000 ) ) ;
#2809 = EDGE_CURVE ( 'NONE', #3801, #3670, #5693, .T. ) ;
#2810 = EDGE_CURVE ( 'NONE', #7101, #7996, #1455, .T. ) ;
#2811 = ORIENTED_EDGE ( 'NONE', *, *, #2473, .T. ) ;
#2812 = CARTESIAN_POINT ( 'NONE',  ( -0.07275101100524893061, -0.9104667444279684885, 0.01000000000000000021 ) ) ;
#2813 = CARTESIAN_POINT ( 'NONE',  ( -0.1751875483875110773, -0.8247537818942425325, 0.000000000000000000 ) ) ;
#2814 = PRESENTATION_LAYER_ASSIGNMENT (  '', '', ( #6621 ) ) ;
#2815 = ORIENTED_EDGE ( 'NONE', *, *, #6023, .T. ) ;
#2816 = PRESENTATION_LAYER_ASSIGNMENT (  '', '', ( #1650 ) ) ;
#2817 = VECTOR ( 'NONE', #4879, 1000.000000000000000 ) ;
#2818 = CARTESIAN_POINT ( 'NONE',  ( -0.1744016855078164285, -0.8282676607623019605, 0.000000000000000000 ) ) ;
#2819 = DIRECTION ( 'NONE',  ( 0.000000000000000000, -1.000000000000000000, 0.000000000000000000 ) ) ;
#2820 = ORIENTED_EDGE ( 'NONE', *, *, #2520, .T. ) ;
#2821 = SURFACE_SIDE_STYLE ('',( #4747 ) ) ;
#2822 = FILL_AREA_STYLE ('',( #353 ) ) ;
#2823 = CARTESIAN_POINT ( 'NONE',  ( -0.4099999999999997535, 0.5540408205773458272, -0.02000000000000000042 ) ) ;
#2824 = CARTESIAN_POINT ( 'NONE',  ( -0.1314505063805188612, -0.9105013749655840316, 0.000000000000000000 ) ) ;
#2825 = EDGE_CURVE ( 'NONE', #1454, #7251, #7684, .T. ) ;
#2826 = EDGE_CURVE ( 'NONE', #6337, #549, #7579, .T. ) ;
#2827 = FILL_AREA_STYLE_COLOUR ( '', #6399 ) ;
#2828 = LINE ( 'NONE', #4828, #5320 ) ;
#2829 =( LENGTH_UNIT ( ) NAMED_UNIT ( * ) SI_UNIT ( .MILLI., .METRE. ) );
#2830 =( LENGTH_UNIT ( ) NAMED_UNIT ( * ) SI_UNIT ( .MILLI., .METRE. ) );
#2831 = SURFACE_SIDE_STYLE ('',( #4757 ) ) ;
#2832 = STYLED_ITEM ( 'NONE', ( #1629 ), #7297 ) ;
#2833 = EDGE_CURVE ( 'NONE', #7575, #2974, #1329, .T. ) ;
#2834 = DIRECTION ( 'NONE',  ( 0.3222024856061130316, -0.9466707760722533616, 0.000000000000000000 ) ) ;
#2835 = FACE_OUTER_BOUND ( 'NONE', #7168, .T. ) ;
#2836 = VERTEX_POINT ( 'NONE', #5733 ) ;
#2837 = LINE ( 'NONE', #4223, #6646 ) ;
#2838 = VERTEX_POINT ( 'NONE', #5859 ) ;
#2839 = CARTESIAN_POINT ( 'NONE',  ( 0.7350000000000006528, 0.6250000000000000000, -0.02000000000000000042 ) ) ;
#2840 = CARTESIAN_POINT ( 'NONE',  ( 0.1233351251081518385, -0.8677461341277927787, 0.000000000000000000 ) ) ;
#2841 = STYLED_ITEM ( 'NONE', ( #5664 ), #4042 ) ;
#2842 = DIRECTION ( 'NONE',  ( -0.000000000000000000, -0.000000000000000000, 1.000000000000000000 ) ) ;
#2843 = PRESENTATION_LAYER_ASSIGNMENT (  '', '', ( #8102 ) ) ;
#2844 = COLOUR_RGB ( '',0.8313725490196077761, 0.8313725490196077761, 0.8196078431372548767 ) ;
#2845 = ORIENTED_EDGE ( 'NONE', *, *, #1025, .F. ) ;
#2846 = CARTESIAN_POINT ( 'NONE',  ( 1.010000000000000453, 0.8749999999999998890, -0.02000000000000000042 ) ) ;
#2847 = VERTEX_POINT ( 'NONE', #2609 ) ;
#2848 = AXIS2_PLACEMENT_3D ( 'NONE', #7386, #6291, #1106 ) ;
#2849 = CARTESIAN_POINT ( 'NONE',  ( -0.1101267024067687367, -0.8507020990138903782, 0.01000000000000000021 ) ) ;
#2850 =( GEOMETRIC_REPRESENTATION_CONTEXT ( 3 ) GLOBAL_UNCERTAINTY_ASSIGNED_CONTEXT ( ( #2102 ) ) GLOBAL_UNIT_ASSIGNED_CONTEXT ( ( #4391, #6875, #1212 ) ) REPRESENTATION_CONTEXT ( 'NONE', 'WORKASPACE' ) );
#2851 = LINE ( 'NONE', #5208, #5893 ) ;
#2852 = CARTESIAN_POINT ( 'NONE',  ( 0.04997563757502885423, -0.9058363731033051147, 0.000000000000000000 ) ) ;
#2853 = COLOUR_RGB ( '',0.7921568627450980005, 0.8196078431372548767, 0.9333333333333333481 ) ;
#2854 = CARTESIAN_POINT ( 'NONE',  ( 0.1074799231299696650, -0.8445587272927820299, 0.01000000000000000021 ) ) ;
#2855 = PLANE ( 'NONE',  #7156 ) ;
#2856 = ORIENTED_EDGE ( 'NONE', *, *, #4401, .T. ) ;
#2857 = CARTESIAN_POINT ( 'NONE',  ( -0.08721936417969319844, -0.9086395319287078332, 0.01000000000000000021 ) ) ;
#2858 = DIRECTION ( 'NONE',  ( 1.000000000000000000, 0.000000000000000000, 0.000000000000000000 ) ) ;
#2859 = ORIENTED_EDGE ( 'NONE', *, *, #5059, .T. ) ;
#2860 = VERTEX_POINT ( 'NONE', #2719 ) ;
#2861 = DIRECTION ( 'NONE',  ( -0.000000000000000000, 0.000000000000000000, 1.000000000000000000 ) ) ;
#2862 = DIRECTION ( 'NONE',  ( 0.000000000000000000, -1.000000000000000000, 0.000000000000000000 ) ) ;
#2863 = LINE ( 'NONE', #5512, #5976 ) ;
#2864 =( NAMED_UNIT ( * ) SI_UNIT ( $, .STERADIAN. ) SOLID_ANGLE_UNIT ( ) );
#2865 = LINE ( 'NONE', #7888, #2467 ) ;
#2866 = SURFACE_SIDE_STYLE ('',( #313 ) ) ;
#2867 = DIRECTION ( 'NONE',  ( 0.000000000000000000, 0.000000000000000000, -1.000000000000000000 ) ) ;
#2868 = CARTESIAN_POINT ( 'NONE',  ( -0.7621383144406077559, 1.000000000000002665, 0.07773384608415166708 ) ) ;
#2869 = EDGE_CURVE ( 'NONE', #2266, #5576, #6386, .T. ) ;
#2870 = CARTESIAN_POINT ( 'NONE',  ( 0.05180290263390560646, -0.8959005571577640659, 0.000000000000000000 ) ) ;
#2871 = EDGE_CURVE ( 'NONE', #4876, #2838, #1991, .T. ) ;
#2872 = CARTESIAN_POINT ( 'NONE',  ( -0.1184125666316004910, -0.8348908370008306656, 0.000000000000000000 ) ) ;
#2873 = CARTESIAN_POINT ( 'NONE',  ( -0.1772670268437895325, -0.8293097085934437729, 0.01000000000000000021 ) ) ;
#2874 = DIRECTION ( 'NONE',  ( 0.000000000000000000, 0.000000000000000000, -1.000000000000000000 ) ) ;
#2875 = FILL_AREA_STYLE ('',( #7358 ) ) ;
#2876 = DIRECTION ( 'NONE',  ( 1.000000000000000000, 0.000000000000000000, 0.000000000000000000 ) ) ;
#2877 = ORIENTED_EDGE ( 'NONE', *, *, #3123, .T. ) ;
#2878 = CARTESIAN_POINT ( 'NONE',  ( 0.1154299274784274520, -0.8317007392256304810, 0.000000000000000000 ) ) ;
#2879 = ORIENTED_EDGE ( 'NONE', *, *, #2230, .T. ) ;
#2880 = UNCERTAINTY_MEASURE_WITH_UNIT (LENGTH_MEASURE( 1.000000000000000082E-05 ), #7491, 'distance_accuracy_value', 'NONE');
#2881 = EDGE_CURVE ( 'NONE', #4742, #7999, #199, .T. ) ;
#2882 = CARTESIAN_POINT ( 'NONE',  ( 1.010000000000000453, -0.1250000000000001110, 0.2500000000000000000 ) ) ;
#2883 =( NAMED_UNIT ( * ) SI_UNIT ( $, .STERADIAN. ) SOLID_ANGLE_UNIT ( ) );
#2884 = ORIENTED_EDGE ( 'NONE', *, *, #1576, .F. ) ;
#2885 = CARTESIAN_POINT ( 'NONE',  ( 0.9999999999999991118, 0.9999999999999991118, 0.000000000000000000 ) ) ;
#2886 = ORIENTED_EDGE ( 'NONE', *, *, #5654, .T. ) ;
#2887 = CARTESIAN_POINT ( 'NONE',  ( 0.05473435847939413929, -0.8971768659964224346, 0.01000000000000000021 ) ) ;
#2888 = LINE ( 'NONE', #5415, #5366 ) ;
#2889 = COLOUR_RGB ( '',0.8313725490196077761, 0.8313725490196077761, 0.8196078431372548767 ) ;
#2890 = CARTESIAN_POINT ( 'NONE',  ( 0.1099108377256023672, -0.8570159654882163469, 0.01000000000000000021 ) ) ;
#2891 = VERTEX_POINT ( 'NONE', #127 ) ;
#2892 = DIRECTION ( 'NONE',  ( 1.000000000000000000, 0.000000000000000000, 0.000000000000000000 ) ) ;
#2893 = CARTESIAN_POINT ( 'NONE',  ( 0.1831836399609446109, -0.8105013749655840538, 0.000000000000000000 ) ) ;
#2894 = PRESENTATION_LAYER_ASSIGNMENT (  '', '', ( #3828 ) ) ;
#2895 = EDGE_LOOP ( 'NONE', ( #2404, #5382, #7820, #203 ) ) ;
#2896 = SURFACE_STYLE_FILL_AREA ( #2936 ) ;
#2897 = CARTESIAN_POINT ( 'NONE',  ( 0.07851084431263842534, -0.9006471690403762276, 0.000000000000000000 ) ) ;
#2898 = ORIENTED_EDGE ( 'NONE', *, *, #195, .F. ) ;
#2899 = DIRECTION ( 'NONE',  ( -1.000000000000000000, 0.000000000000000000, 0.000000000000000000 ) ) ;
#2900 =( NAMED_UNIT ( * ) PLANE_ANGLE_UNIT ( ) SI_UNIT ( $, .RADIAN. ) );
#2901 = UNCERTAINTY_MEASURE_WITH_UNIT (LENGTH_MEASURE( 1.000000000000000082E-05 ), #7622, 'distance_accuracy_value', 'NONE');
#2902 = FILL_AREA_STYLE_COLOUR ( '', #2577 ) ;
#2903 = CARTESIAN_POINT ( 'NONE',  ( -0.7350000000000005418, -0.8249999999999999556, -0.02000000000000000042 ) ) ;
#2904 = CARTESIAN_POINT ( 'NONE',  ( -0.7350000000000005418, -0.1750000000000000167, 0.000000000000000000 ) ) ;
#2905 = UNCERTAINTY_MEASURE_WITH_UNIT (LENGTH_MEASURE( 1.000000000000000082E-05 ), #775, 'distance_accuracy_value', 'NONE');
#2906 = DIRECTION ( 'NONE',  ( -1.000000000000000000, 0.000000000000000000, -0.000000000000000000 ) ) ;
#2907 = CARTESIAN_POINT ( 'NONE',  ( 0.06092743317560778138, -0.8991838723921586896, 0.01000000000000000021 ) ) ;
#2908 = ORIENTED_EDGE ( 'NONE', *, *, #5315, .T. ) ;
#2909 = CARTESIAN_POINT ( 'NONE',  ( -0.1092759209509725077, -0.8236746637254507286, 0.01000000000000000194 ) ) ;
#2910 = MECHANICAL_DESIGN_GEOMETRIC_PRESENTATION_REPRESENTATION (  '', ( #5226 ), #30 ) ;
#2911 = FACE_OUTER_BOUND ( 'NONE', #1712, .T. ) ;
#2912 = PRESENTATION_STYLE_ASSIGNMENT (( #7896 ) ) ;
#2913 = ORIENTED_EDGE ( 'NONE', *, *, #1485, .T. ) ;
#2914 = ADVANCED_FACE ( 'NONE', ( #2068 ), #5163, .F. ) ;
#2915 = EDGE_CURVE ( 'NONE', #4701, #2771, #2427, .T. ) ;
#2916 = LINE ( 'NONE', #1120, #339 ) ;
#2917 = ORIENTED_EDGE ( 'NONE', *, *, #6259, .T. ) ;
#2918 = AXIS2_PLACEMENT_3D ( 'NONE', #900, #350, #3404 ) ;
#2919 = CARTESIAN_POINT ( 'NONE',  ( 0.05447408060895355536, -0.8238321739042442360, 0.01000000000000000021 ) ) ;
#2920 = SURFACE_SIDE_STYLE ('',( #4227 ) ) ;
#2921 = ORIENTED_EDGE ( 'NONE', *, *, #3553, .F. ) ;
#2922 = EDGE_CURVE ( 'NONE', #5337, #7047, #4753, .T. ) ;
#2923 = ORIENTED_EDGE ( 'NONE', *, *, #1640, .F. ) ;
#2924 = STYLED_ITEM ( 'NONE', ( #6425 ), #1833 ) ;
#2925 = CARTESIAN_POINT ( 'NONE',  ( 0.07349667717266160361, -0.9007294233498662761, 0.01000000000000000021 ) ) ;
#2926 = AXIS2_PLACEMENT_3D ( 'NONE', #3904, #5792, #5099 ) ;
#2927 = SURFACE_STYLE_FILL_AREA ( #4806 ) ;
#2928 = CARTESIAN_POINT ( 'NONE',  ( 0.1060131253375832944, -0.8408864642694581226, 0.000000000000000000 ) ) ;
#2929 = DIRECTION ( 'NONE',  ( -1.000000000000000000, 0.000000000000000000, -0.000000000000000000 ) ) ;
#2930 = MECHANICAL_DESIGN_GEOMETRIC_PRESENTATION_REPRESENTATION (  '', ( #6220 ), #6104 ) ;
#2931 = LINE ( 'NONE', #6714, #4040 ) ;
#2933 = VERTEX_POINT ( 'NONE', #1580 ) ;
#2932 = MECHANICAL_DESIGN_GEOMETRIC_PRESENTATION_REPRESENTATION (  '', ( #7654 ), #2410 ) ;
#2934 = CARTESIAN_POINT ( 'NONE',  ( -1.010000000000000453, 0.6250000000000000000, -0.02000000000000000042 ) ) ;
#2935 = ORIENTED_EDGE ( 'NONE', *, *, #7146, .F. ) ;
#2936 = FILL_AREA_STYLE ('',( #6048 ) ) ;
#2937 = DIRECTION ( 'NONE',  ( -0.000000000000000000, 0.000000000000000000, 1.000000000000000000 ) ) ;
#2938 = COLOUR_RGB ( '',0.8313725490196077761, 0.8313725490196077761, 0.8196078431372548767 ) ;
#2939 = CARTESIAN_POINT ( 'NONE',  ( -0.7350000000000006528, 0.6250000000000000000, 0.000000000000000000 ) ) ;
#2940 = VERTEX_POINT ( 'NONE', #2882 ) ;
#2941 = PRESENTATION_LAYER_ASSIGNMENT (  '', '', ( #3067 ) ) ;
#2942 = PRESENTATION_STYLE_ASSIGNMENT (( #5428 ) ) ;
#2943 = STYLED_ITEM ( 'NONE', ( #7921 ), #2384 ) ;
#2944 = FILL_AREA_STYLE_COLOUR ( '', #2200 ) ;
#2945 = CARTESIAN_POINT ( 'NONE',  ( -0.05706026247807985396, -0.8995257652094864609, 0.000000000000000000 ) ) ;
#2946 = LINE ( 'NONE', #4707, #3245 ) ;
#2947 = DIRECTION ( 'NONE',  ( 0.000000000000000000, 0.000000000000000000, 1.000000000000000000 ) ) ;
#2948 = SURFACE_STYLE_USAGE ( .BOTH. , #7236 ) ;
#2949 = EDGE_LOOP ( 'NONE', ( #2742, #1793, #2682, #1204 ) ) ;
#2950 =( LENGTH_UNIT ( ) NAMED_UNIT ( * ) SI_UNIT ( .MILLI., .METRE. ) );
#2951 = B_SPLINE_CURVE_WITH_KNOTS ( 'NONE', 3,
 ( #5466, #5510, #1715, #2332, #2981, #2370, #4894 ),
 .UNSPECIFIED., .F., .F.,
 ( 4, 1, 1, 1, 4 ),
 ( 0.000000000000000000, 0.1744817153170560020, 0.3982857591281081522, 0.6738978473986653173, 1.000000000000000000 ),
 .UNSPECIFIED. ) ;
#2952 = VECTOR ( 'NONE', #6086, 1000.000000000000000 ) ;
#2953 = PLANE ( 'NONE',  #7277 ) ;
#2954 =( NAMED_UNIT ( * ) PLANE_ANGLE_UNIT ( ) SI_UNIT ( $, .RADIAN. ) );
#2955 = DIRECTION ( 'NONE',  ( 1.000000000000000000, 0.000000000000000000, 0.000000000000000000 ) ) ;
#2956 = ORIENTED_EDGE ( 'NONE', *, *, #5600, .T. ) ;
#2957 = CARTESIAN_POINT ( 'NONE',  ( -0.04364562833173837170, -0.8105013749655840538, 0.000000000000000000 ) ) ;
#2958 = VERTEX_POINT ( 'NONE', #2839 ) ;
#2959 = UNCERTAINTY_MEASURE_WITH_UNIT (LENGTH_MEASURE( 1.000000000000000082E-05 ), #5438, 'distance_accuracy_value', 'NONE');
#2960 = CARTESIAN_POINT ( 'NONE',  ( -1.000000000000000666, -0.8749999999999998890, 0.5300000000000000266 ) ) ;
#2961 = ORIENTED_EDGE ( 'NONE', *, *, #7303, .F. ) ;
#2962 = SURFACE_STYLE_USAGE ( .BOTH. , #1085 ) ;
#2963 = ORIENTED_EDGE ( 'NONE', *, *, #5300, .T. ) ;
#2964 = AXIS2_PLACEMENT_3D ( 'NONE', #1960, #2643, #3807 ) ;
#2965 = CARTESIAN_POINT ( 'NONE',  ( -0.1025616599433324672, -0.8335043683052270058, 0.01000000000000000021 ) ) ;
#2966 = STYLED_ITEM ( 'NONE', ( #7400 ), #4148 ) ;
#2967 = FILL_AREA_STYLE ('',( #461 ) ) ;
#2968 = ADVANCED_FACE ( 'NONE', ( #279 ), #5285, .T. ) ;
#2969 = CARTESIAN_POINT ( 'NONE',  ( 0.1020691722819426495, -0.8342911751936555875, 0.01000000000000000021 ) ) ;
#2970 = EDGE_CURVE ( 'NONE', #1866, #4206, #6546, .T. ) ;
#2971 = DIRECTION ( 'NONE',  ( 0.000000000000000000, 1.000000000000000000, 0.000000000000000000 ) ) ;
#2972 = PRESENTATION_LAYER_ASSIGNMENT (  '', '', ( #6524 ) ) ;
#2973 =( GEOMETRIC_REPRESENTATION_CONTEXT ( 3 ) GLOBAL_UNCERTAINTY_ASSIGNED_CONTEXT ( ( #5715 ) ) GLOBAL_UNIT_ASSIGNED_CONTEXT ( ( #1489, #737, #7636 ) ) REPRESENTATION_CONTEXT ( 'NONE', 'WORKASPACE' ) );
#2974 = VERTEX_POINT ( 'NONE', #6583 ) ;
#2975 =( GEOMETRIC_REPRESENTATION_CONTEXT ( 3 ) GLOBAL_UNCERTAINTY_ASSIGNED_CONTEXT ( ( #4496 ) ) GLOBAL_UNIT_ASSIGNED_CONTEXT ( ( #5238, #4093, #863 ) ) REPRESENTATION_CONTEXT ( 'NONE', 'WORKASPACE' ) );
#2976 =( NAMED_UNIT ( * ) SI_UNIT ( $, .STERADIAN. ) SOLID_ANGLE_UNIT ( ) );
#2977 = EDGE_LOOP ( 'NONE', ( #6829, #2730, #4919, #1425 ) ) ;
#2978 = PRESENTATION_LAYER_ASSIGNMENT (  '', '', ( #2713 ) ) ;
#2979 = CARTESIAN_POINT ( 'NONE',  ( -0.04364562833173837170, -0.9105013749655840316, 0.000000000000000000 ) ) ;
#2980 = PRESENTATION_LAYER_ASSIGNMENT (  '', '', ( #751 ) ) ;
#2981 = CARTESIAN_POINT ( 'NONE',  ( -0.1762429109618494638, -0.8248836862794469704, 0.000000000000000000 ) ) ;
#2982 = ADVANCED_FACE ( 'NONE', ( #4957 ), #578, .T. ) ;
#2983 =( GEOMETRIC_REPRESENTATION_CONTEXT ( 3 ) GLOBAL_UNCERTAINTY_ASSIGNED_CONTEXT ( ( #6942 ) ) GLOBAL_UNIT_ASSIGNED_CONTEXT ( ( #2830, #1651, #6613 ) ) REPRESENTATION_CONTEXT ( 'NONE', 'WORKASPACE' ) );
#2984 = PRESENTATION_LAYER_ASSIGNMENT (  '', '', ( #1685 ) ) ;
#2985 = FILL_AREA_STYLE ('',( #4167 ) ) ;
#2986 = CARTESIAN_POINT ( 'NONE',  ( -0.000000000000000000, -0.8105013749655840538, 0.01000000000000000021 ) ) ;
#2987 = PRESENTATION_LAYER_ASSIGNMENT (  '', '', ( #7983 ) ) ;
#2988 = SURFACE_STYLE_USAGE ( .BOTH. , #1063 ) ;
#2989 = CARTESIAN_POINT ( 'NONE',  ( -0.1106223238269074954, -0.8550201998006088377, 0.000000000000000000 ) ) ;
#2990 = LINE ( 'NONE', #2342, #5440 ) ;
#2991 = DIRECTION ( 'NONE',  ( 0.000000000000000000, -1.000000000000000000, 0.000000000000000000 ) ) ;
#2992 = DIRECTION ( 'NONE',  ( -0.000000000000000000, 1.000000000000000000, -0.000000000000000000 ) ) ;
#2993 = ORIENTED_EDGE ( 'NONE', *, *, #771, .T. ) ;
#2994 = CARTESIAN_POINT ( 'NONE',  ( -0.07730529569074130747, -0.8106226140319954254, 0.01000000000000000194 ) ) ;
#2995 = CARTESIAN_POINT ( 'NONE',  ( -0.4076060066089044476, -1.010000000000002673, 0.07773384608415166708 ) ) ;
#2996 =( NAMED_UNIT ( * ) PLANE_ANGLE_UNIT ( ) SI_UNIT ( $, .RADIAN. ) );
#2997 = DIRECTION ( 'NONE',  ( -1.000000000000000000, 0.000000000000000000, 0.000000000000000000 ) ) ;
#2998 = DIRECTION ( 'NONE',  ( 1.000000000000000000, -3.942553354492745010E-16, 0.000000000000000000 ) ) ;
#2999 = ORIENTED_EDGE ( 'NONE', *, *, #4000, .F. ) ;
#3000 = ORIENTED_EDGE ( 'NONE', *, *, #5945, .T. ) ;
#3001 = DIRECTION ( 'NONE',  ( 0.000000000000000000, 1.000000000000000000, 0.000000000000000000 ) ) ;
#3002 = CARTESIAN_POINT ( 'NONE',  ( 0.07598888673035894548, -0.9007121675962198593, 0.000000000000000000 ) ) ;
#3003 = VERTEX_POINT ( 'NONE', #1169 ) ;
#3004 = ORIENTED_EDGE ( 'NONE', *, *, #6154, .F. ) ;
#3005 = ORIENTED_EDGE ( 'NONE', *, *, #407, .F. ) ;
#3006 = CARTESIAN_POINT ( 'NONE',  ( -0.1081152228347762312, -0.8429435268194104269, 0.000000000000000000 ) ) ;
#3007 = DIRECTION ( 'NONE',  ( 1.000000000000000000, 0.000000000000000000, 0.000000000000000000 ) ) ;
#3008 = CARTESIAN_POINT ( 'NONE',  ( 0.1014542287219468431, -0.8174270327139863124, 0.000000000000000000 ) ) ;
#3009 = CARTESIAN_POINT ( 'NONE',  ( 0.9999999999999991118, 0.3749999999999998890, 0.5300000000000000266 ) ) ;
#3010 = LINE ( 'NONE', #5538, #6262 ) ;
#3011 = ORIENTED_EDGE ( 'NONE', *, *, #2120, .F. ) ;
#3012 = SURFACE_STYLE_USAGE ( .BOTH. , #6119 ) ;
#3013 = CARTESIAN_POINT ( 'NONE',  ( -0.07998595229046819022, -0.8989250746055514885, 0.000000000000000000 ) ) ;
#3014 = VERTEX_POINT ( 'NONE', #1082 ) ;
#3015 = ADVANCED_FACE ( 'NONE', ( #5650 ), #452, .F. ) ;
#3016 = ADVANCED_FACE ( 'NONE', ( #1830 ), #7494, .F. ) ;
#3017 = STYLED_ITEM ( 'NONE', ( #7215 ), #5800 ) ;
#3018 = LINE ( 'NONE', #5544, #2505 ) ;
#3019 = SURFACE_STYLE_USAGE ( .BOTH. , #1141 ) ;
#3020 = CARTESIAN_POINT ( 'NONE',  ( -0.000000000000000000, -0.9105013749655840316, 0.01000000000000000021 ) ) ;
#3021 = SURFACE_STYLE_USAGE ( .BOTH. , #2372 ) ;
#3022 = CARTESIAN_POINT ( 'NONE',  ( -0.9472852036498865536, 0.8185251959338152306, 0.5300000000000000266 ) ) ;
#3023 = PRESENTATION_STYLE_ASSIGNMENT (( #3657 ) ) ;
#3024 = CARTESIAN_POINT ( 'NONE',  ( 0.1178926189597488267, -0.8361109230150226557, 0.01000000000000000021 ) ) ;
#3025 = EDGE_CURVE ( 'NONE', #222, #876, #6909, .T. ) ;
#3026 = PLANE ( 'NONE',  #2601 ) ;
#3027 =( LENGTH_UNIT ( ) NAMED_UNIT ( * ) SI_UNIT ( .MILLI., .METRE. ) );
#3028 = COLOUR_RGB ( '',0.8313725490196077761, 0.8313725490196077761, 0.8196078431372548767 ) ;
#3029 = CARTESIAN_POINT ( 'NONE',  ( 0.1100129082536275005, -0.8615684481363157232, 0.01000000000000000021 ) ) ;
#3030 = VERTEX_POINT ( 'NONE', #4426 ) ;
#3031 = CARTESIAN_POINT ( 'NONE',  ( -0.1240154640909517797, -0.8538865529316674863, 0.000000000000000000 ) ) ;
#3032 = CARTESIAN_POINT ( 'NONE',  ( 0.9999999999999993339, -0.3749999999999998890, 0.000000000000000000 ) ) ;
#3033 = PRESENTATION_STYLE_ASSIGNMENT (( #3546 ) ) ;
#3034 = CARTESIAN_POINT ( 'NONE',  ( 0.01611046922923725991, -0.8544038139899742257, 0.000000000000000000 ) ) ;
#3035 = DIRECTION ( 'NONE',  ( -0.000000000000000000, 1.000000000000000000, -0.000000000000000000 ) ) ;
#3036 = ORIENTED_EDGE ( 'NONE', *, *, #4497, .F. ) ;
#3037 = DIRECTION ( 'NONE',  ( 1.000000000000000000, 0.000000000000000000, 0.000000000000000000 ) ) ;
#3038 = ORIENTED_EDGE ( 'NONE', *, *, #7547, .F. ) ;
#3039 = CARTESIAN_POINT ( 'NONE',  ( 0.06867863547579254602, -0.9113567415048056120, 0.000000000000000000 ) ) ;
#3040 = COLOUR_RGB ( '',0.8313725490196077761, 0.8313725490196077761, 0.8196078431372548767 ) ;
#3041 = FILL_AREA_STYLE ('',( #4269 ) ) ;
#3042 = ORIENTED_EDGE ( 'NONE', *, *, #302, .F. ) ;
#3043 =( NAMED_UNIT ( * ) SI_UNIT ( $, .STERADIAN. ) SOLID_ANGLE_UNIT ( ) );
#3044 = ORIENTED_EDGE ( 'NONE', *, *, #4400, .F. ) ;
#3045 = ORIENTED_EDGE ( 'NONE', *, *, #7767, .T. ) ;
#3046 =( NAMED_UNIT ( * ) PLANE_ANGLE_UNIT ( ) SI_UNIT ( $, .RADIAN. ) );
#3047 = PRESENTATION_STYLE_ASSIGNMENT (( #1294 ) ) ;
#3048 = VECTOR ( 'NONE', #231, 1000.000000000000000 ) ;
#3049 = CARTESIAN_POINT ( 'NONE',  ( -1.010000000000000453, 0.6250000000000000000, 0.2500000000000000000 ) ) ;
#3050 = ORIENTED_EDGE ( 'NONE', *, *, #7296, .T. ) ;
#3051 = UNCERTAINTY_MEASURE_WITH_UNIT (LENGTH_MEASURE( 1.000000000000000082E-05 ), #4729, 'distance_accuracy_value', 'NONE');
#3052 = SURFACE_STYLE_USAGE ( .BOTH. , #6120 ) ;
#3053 = STYLED_ITEM ( 'NONE', ( #3275 ), #3688 ) ;
#3054 = EDGE_LOOP ( 'NONE', ( #2820, #2205, #6191, #1730 ) ) ;
#3055 = DIRECTION ( 'NONE',  ( -0.000000000000000000, 0.000000000000000000, -1.000000000000000000 ) ) ;
#3056 = PRESENTATION_STYLE_ASSIGNMENT (( #3019 ) ) ;
#3057 = DIRECTION ( 'NONE',  ( 1.000000000000000000, -3.942553354492744024E-16, -0.000000000000000000 ) ) ;
#3058 = VECTOR ( 'NONE', #1574, 1000.000000000000000 ) ;
#3059 = CARTESIAN_POINT ( 'NONE',  ( -0.4076060066089044476, 1.010000000000002673, 0.1817582956874659594 ) ) ;
#3060 = EDGE_CURVE ( 'NONE', #2644, #2933, #3202, .T. ) ;
#3061 = FILL_AREA_STYLE_COLOUR ( '', #7938 ) ;
#3062 = EDGE_CURVE ( 'NONE', #4792, #6255, #230, .T. ) ;
#3063 = AXIS2_PLACEMENT_3D ( 'NONE', #2545, #3790, #1355 ) ;
#3064 = CARTESIAN_POINT ( 'NONE',  ( -0.1081152228347762312, -0.8429435268194104269, 0.000000000000000000 ) ) ;
#3065 = CARTESIAN_POINT ( 'NONE',  ( 0.1232987538244634251, -0.8566346216245749323, 0.01000000000000000021 ) ) ;
#3066 = STYLED_ITEM ( 'NONE', ( #77 ), #3331 ) ;
#3067 = STYLED_ITEM ( 'NONE', ( #1482 ), #4761 ) ;
#3068 = CARTESIAN_POINT ( 'NONE',  ( 0.1697690058146031078, -0.8105013749655840538, 0.000000000000000000 ) ) ;
#3069 =( LENGTH_UNIT ( ) NAMED_UNIT ( * ) SI_UNIT ( .MILLI., .METRE. ) );
#3070 = ORIENTED_EDGE ( 'NONE', *, *, #4558, .F. ) ;
#3071 = COLOUR_RGB ( '',0.8313725490196077761, 0.8313725490196077761, 0.8196078431372548767 ) ;
#3072 = ADVANCED_FACE ( 'NONE', ( #4623 ), #7569, .F. ) ;
#3073 = SURFACE_SIDE_STYLE ('',( #6250 ) ) ;
#3074 = EDGE_CURVE ( 'NONE', #1337, #6147, #1983, .T. ) ;
#3075 = SURFACE_STYLE_FILL_AREA ( #570 ) ;
#3076 = CARTESIAN_POINT ( 'NONE',  ( -0.02413343320978715567, -0.8995257652094864609, 0.01000000000000000021 ) ) ;
#3077 = COLOUR_RGB ( '',0.8313725490196077761, 0.8313725490196077761, 0.8196078431372548767 ) ;
#3078 = PRESENTATION_STYLE_ASSIGNMENT (( #1736 ) ) ;
#3079 = ORIENTED_EDGE ( 'NONE', *, *, #2482, .T. ) ;
#3080 = VECTOR ( 'NONE', #1912, 1000.000000000000000 ) ;
#3081 = ORIENTED_EDGE ( 'NONE', *, *, #7462, .T. ) ;
#3082 = PRESENTATION_LAYER_ASSIGNMENT (  '', '', ( #6625 ) ) ;
#3083 = MECHANICAL_DESIGN_GEOMETRIC_PRESENTATION_REPRESENTATION (  '', ( #7943 ), #849 ) ;
#3084 = SURFACE_STYLE_USAGE ( .BOTH. , #6743 ) ;
#3085 = FACE_OUTER_BOUND ( 'NONE', #4315, .T. ) ;
#3086 = EDGE_CURVE ( 'NONE', #2752, #182, #2787, .T. ) ;
#3087 = CARTESIAN_POINT ( 'NONE',  ( -0.09686776618329034916, -0.9051167378610729397, 0.000000000000000000 ) ) ;
#3088 = CARTESIAN_POINT ( 'NONE',  ( -1.000000000000000888, 0.9999999999999991118, 0.5300000000000000266 ) ) ;
#3089 = VERTEX_POINT ( 'NONE', #7323 ) ;
#3090 = CARTESIAN_POINT ( 'NONE',  ( 0.09277200712124475390, -0.8128322321840133480, 0.009999999999999998473 ) ) ;
#3091 = LINE ( 'NONE', #3259, #2791 ) ;
#3092 = CARTESIAN_POINT ( 'NONE',  ( 0.1319641277658226419, 0.000000000000000000, 0.01000000000000000021 ) ) ;
#3093 = CARTESIAN_POINT ( 'NONE',  ( -0.1158079605977338639, -0.8308639465405363023, 0.000000000000000000 ) ) ;
#3094 =( GEOMETRIC_REPRESENTATION_CONTEXT ( 3 ) GLOBAL_UNCERTAINTY_ASSIGNED_CONTEXT ( ( #2604 ) ) GLOBAL_UNIT_ASSIGNED_CONTEXT ( ( #3994, #6605, #5272 ) ) REPRESENTATION_CONTEXT ( 'NONE', 'WORKASPACE' ) );
#3095 = VERTEX_POINT ( 'NONE', #446 ) ;
#3096 = VERTEX_POINT ( 'NONE', #403 ) ;
#3097 = VECTOR ( 'NONE', #3565, 1000.000000000000000 ) ;
#3098 = PLANE ( 'NONE',  #6968 ) ;
#3099 = CARTESIAN_POINT ( 'NONE',  ( -0.2540408205773455053, 0.7100000000000001865, -0.02000000000000000042 ) ) ;
#3100 = CARTESIAN_POINT ( 'NONE',  ( 1.010000000000000231, -0.8750000000000000000, 0.2500000000000000000 ) ) ;
#3101 = AXIS2_PLACEMENT_3D ( 'NONE', #191, #6450, #3363 ) ;
#3102 = MECHANICAL_DESIGN_GEOMETRIC_PRESENTATION_REPRESENTATION (  '', ( #4329 ), #615 ) ;
#3103 = VECTOR ( 'NONE', #3215, 1000.000000000000000 ) ;
#3104 = CARTESIAN_POINT ( 'NONE',  ( -0.08393045475236146635, -0.8227406453759827931, 0.000000000000000000 ) ) ;
#3105 = CARTESIAN_POINT ( 'NONE',  ( 0.09723179073113101534, -0.8149069578250212054, 0.01000000000000000021 ) ) ;
#3106 = MECHANICAL_DESIGN_GEOMETRIC_PRESENTATION_REPRESENTATION (  '', ( #4047 ), #2590 ) ;
#3107 = PRODUCT_RELATED_PRODUCT_CATEGORY ( 'part', '', ( #884 ) ) ;
#3108 = DIRECTION ( 'NONE',  ( 1.000000000000000000, -3.942553354492746982E-16, -0.000000000000000000 ) ) ;
#3109 = MECHANICAL_DESIGN_GEOMETRIC_PRESENTATION_REPRESENTATION (  '', ( #1685 ), #4589 ) ;
#3110 = CARTESIAN_POINT ( 'NONE',  ( 0.09211217592517965957, -0.8966613984874675092, 0.01000000000000000021 ) ) ;
#3111 = EDGE_LOOP ( 'NONE', ( #2426, #3981, #2756, #666 ) ) ;
#3112 = AXIS2_PLACEMENT_3D ( 'NONE', #4275, #510, #3007 ) ;
#3113 = PRESENTATION_STYLE_ASSIGNMENT (( #7520 ) ) ;
#3114 = COLOUR_RGB ( '',0.8313725490196077761, 0.8313725490196077761, 0.8196078431372548767 ) ;
#3115 = CARTESIAN_POINT ( 'NONE',  ( -0.1240935164204097496, -0.8574310563572661303, 0.01000000000000000194 ) ) ;
#3116 = CARTESIAN_POINT ( 'NONE',  ( 0.07257007288777385379, -0.8092818627704621015, 0.01000000000000000021 ) ) ;
#3117 = STYLED_ITEM ( 'NONE', ( #4418 ), #4673 ) ;
#3118 = CARTESIAN_POINT ( 'NONE',  ( 0.7350000000000006528, 0.8249999999999999556, -0.02000000000000000042 ) ) ;
#3119 = DIRECTION ( 'NONE',  ( -1.000000000000000000, 0.000000000000000000, -0.000000000000000000 ) ) ;
#3120 = SURFACE_STYLE_FILL_AREA ( #1826 ) ;
#3121 = VECTOR ( 'NONE', #8014, 1000.000000000000000 ) ;
#3122 = VERTEX_POINT ( 'NONE', #7858 ) ;
#3123 = EDGE_CURVE ( 'NONE', #7772, #6707, #2225, .T. ) ;
#3124 = EDGE_CURVE ( 'NONE', #4910, #5816, #2022, .T. ) ;
#3125 = CARTESIAN_POINT ( 'NONE',  ( -1.010000000000000231, -0.8750000000000000000, -0.02000000000000000042 ) ) ;
#3126 = PRESENTATION_STYLE_ASSIGNMENT (( #6257 ) ) ;
#3127 = LINE ( 'NONE', #652, #1684 ) ;
#3128 = VECTOR ( 'NONE', #2452, 1000.000000000000000 ) ;
#3129 = CARTESIAN_POINT ( 'NONE',  ( -0.1184146486612337318, -0.8847344017151028694, 0.000000000000000000 ) ) ;
#3130 = EDGE_LOOP ( 'NONE', ( #7402, #5484, #142, #7097 ) ) ;
#3131 = EDGE_CURVE ( 'NONE', #7326, #1461, #3502, .T. ) ;
#3132 = LINE ( 'NONE', #7537, #983 ) ;
#3133 = CARTESIAN_POINT ( 'NONE',  ( -0.1826700185756408301, -0.8105013749655840538, 0.000000000000000000 ) ) ;
#3134 = CARTESIAN_POINT ( 'NONE',  ( 0.04997563757502885423, -0.9058363731033051147, 0.01000000000000000021 ) ) ;
#3135 = LINE ( 'NONE', #3171, #2582 ) ;
#3136 = ORIENTED_EDGE ( 'NONE', *, *, #1640, .T. ) ;
#3137 = PRESENTATION_STYLE_ASSIGNMENT (( #6391 ) ) ;
#3138 = ORIENTED_EDGE ( 'NONE', *, *, #3742, .T. ) ;
#3139 =( NAMED_UNIT ( * ) SI_UNIT ( $, .STERADIAN. ) SOLID_ANGLE_UNIT ( ) );
#3140 = CARTESIAN_POINT ( 'NONE',  ( 0.01611046922923725991, -0.8653794237460719074, 0.000000000000000000 ) ) ;
#3141 = UNCERTAINTY_MEASURE_WITH_UNIT (LENGTH_MEASURE( 1.000000000000000082E-05 ), #1047, 'distance_accuracy_value', 'NONE');
#3142 = CARTESIAN_POINT ( 'NONE',  ( -0.000000000000000000, -0.3750000000000000000, 0.000000000000000000 ) ) ;
#3143 = DIRECTION ( 'NONE',  ( 0.000000000000000000, 0.000000000000000000, -1.000000000000000000 ) ) ;
#3144 = CARTESIAN_POINT ( 'NONE',  ( 0.1107488941502550034, -0.8982451399381790047, 0.000000000000000000 ) ) ;
#3145 = LINE ( 'NONE', #6896, #7456 ) ;
#3146 = CARTESIAN_POINT ( 'NONE',  ( 0.4076060066089044476, -1.000000000000002665, 0.07773384608415165320 ) ) ;
#3147 = CARTESIAN_POINT ( 'NONE',  ( 0.1045929463233953582, -0.8844320334729952604, 0.01000000000000000021 ) ) ;
#3148 = VERTEX_POINT ( 'NONE', #5933 ) ;
#3149 = DIRECTION ( 'NONE',  ( -0.000000000000000000, -0.000000000000000000, 1.000000000000000000 ) ) ;
#3150 = CARTESIAN_POINT ( 'NONE',  ( 0.6850000000000006084, -0.3250000000000000111, 0.000000000000000000 ) ) ;
#3151 = FILL_AREA_STYLE_COLOUR ( '', #1630 ) ;
#3152 = LINE ( 'NONE', #5603, #877 ) ;
#3153 = CARTESIAN_POINT ( 'NONE',  ( 0.1319641277658226419, -0.9105013749655840316, 0.000000000000000000 ) ) ;
#3154 = B_SPLINE_CURVE_WITH_KNOTS ( 'NONE', 3,
 ( #2284, #932, #2813, #258, #7262, #5954, #6560 ),
 .UNSPECIFIED., .F., .F.,
 ( 4, 1, 1, 1, 4 ),
 ( 0.000000000000000000, 0.3005411131585124518, 0.5677471464835970316, 0.8000336137369759015, 0.9999999999999998890 ),
 .UNSPECIFIED. ) ;
#3155 = PRESENTATION_STYLE_ASSIGNMENT (( #5648 ) ) ;
#3156 = VECTOR ( 'NONE', #5657, 1000.000000000000000 ) ;
#3157 = UNCERTAINTY_MEASURE_WITH_UNIT (LENGTH_MEASURE( 1.000000000000000082E-05 ), #5947, 'distance_accuracy_value', 'NONE');
#3158 =( NAMED_UNIT ( * ) SI_UNIT ( $, .STERADIAN. ) SOLID_ANGLE_UNIT ( ) );
#3159 = DIRECTION ( 'NONE',  ( -1.000000000000000000, 0.000000000000000000, 0.000000000000000000 ) ) ;
#3160 = COLOUR_RGB ( '',0.8313725490196077761, 0.8313725490196077761, 0.8196078431372548767 ) ;
#3161 = CARTESIAN_POINT ( 'NONE',  ( -0.1127758876509542402, -0.8929339119271987313, 0.000000000000000000 ) ) ;
#3162 = EDGE_CURVE ( 'NONE', #6261, #1040, #3415, .T. ) ;
#3163 = ADVANCED_FACE ( 'NONE', ( #4096 ), #7939, .F. ) ;
#3164 = CARTESIAN_POINT ( 'NONE',  ( -0.09424120317134362934, -0.8267901573712871377, 0.01000000000000000021 ) ) ;
#3165 = EDGE_LOOP ( 'NONE', ( #6994, #1775, #4577, #543 ) ) ;
#3166 = CARTESIAN_POINT ( 'NONE',  ( 1.010000000000000453, 0.3749999999999998890, -0.02000000000000000042 ) ) ;
#3167 =( NAMED_UNIT ( * ) PLANE_ANGLE_UNIT ( ) SI_UNIT ( $, .RADIAN. ) );
#3168 = FACE_OUTER_BOUND ( 'NONE', #7876, .T. ) ;
#3169 = EDGE_CURVE ( 'NONE', #6306, #1300, #6578, .T. ) ;
#3170 = CARTESIAN_POINT ( 'NONE',  ( -0.2070602624780798762, -0.9105013749655840316, 0.01000000000000000021 ) ) ;
#3171 = CARTESIAN_POINT ( 'NONE',  ( -1.478457507934780858E-16, 0.3750000000000002776, 0.000000000000000000 ) ) ;
#3172 = EDGE_LOOP ( 'NONE', ( #4870, #6678, #6664, #2963 ) ) ;
#3173 =( NAMED_UNIT ( * ) SI_UNIT ( $, .STERADIAN. ) SOLID_ANGLE_UNIT ( ) );
#3174 = ORIENTED_EDGE ( 'NONE', *, *, #1882, .F. ) ;
#3175 = SURFACE_SIDE_STYLE ('',( #1254 ) ) ;
#3176 = CARTESIAN_POINT ( 'NONE',  ( 0.6850000000000008304, 0.000000000000000000, 0.000000000000000000 ) ) ;
#3177 = VECTOR ( 'NONE', #5176, 1000.000000000000000 ) ;
#3178 = CARTESIAN_POINT ( 'NONE',  ( -0.05706026247807985396, 0.000000000000000000, 0.01000000000000000021 ) ) ;
#3179 =( GEOMETRIC_REPRESENTATION_CONTEXT ( 3 ) GLOBAL_UNCERTAINTY_ASSIGNED_CONTEXT ( ( #126 ) ) GLOBAL_UNIT_ASSIGNED_CONTEXT ( ( #3336, #7210, #245 ) ) REPRESENTATION_CONTEXT ( 'NONE', 'WORKASPACE' ) );
#3180 = DIRECTION ( 'NONE',  ( -0.000000000000000000, 0.000000000000000000, 1.000000000000000000 ) ) ;
#3181 = EDGE_CURVE ( 'NONE', #5899, #5337, #2304, .T. ) ;
#3182 =( GEOMETRIC_REPRESENTATION_CONTEXT ( 3 ) GLOBAL_UNCERTAINTY_ASSIGNED_CONTEXT ( ( #6665 ) ) GLOBAL_UNIT_ASSIGNED_CONTEXT ( ( #3307, #6322, #383 ) ) REPRESENTATION_CONTEXT ( 'NONE', 'WORKASPACE' ) );
#3183 = CARTESIAN_POINT ( 'NONE',  ( 0.1233962875507885609, -0.8641999544620987406, 0.000000000000000000 ) ) ;
#3184 = CARTESIAN_POINT ( 'NONE',  ( -0.7019241213504625598, 0.8185251959338152306, 0.5199999999999999067 ) ) ;
#3185 = SURFACE_STYLE_USAGE ( .BOTH. , #7710 ) ;
#3186 = FILL_AREA_STYLE ('',( #6940 ) ) ;
#3187 = STYLED_ITEM ( 'NONE', ( #7504 ), #1732 ) ;
#3188 = PRESENTATION_LAYER_ASSIGNMENT (  '', '', ( #6609 ) ) ;
#3189 = LINE ( 'NONE', #6814, #493 ) ;
#3190 = ORIENTED_EDGE ( 'NONE', *, *, #508, .F. ) ;
#3191 = DIRECTION ( 'NONE',  ( -0.000000000000000000, -0.000000000000000000, 1.000000000000000000 ) ) ;
#3192 = CARTESIAN_POINT ( 'NONE',  ( -0.4076060066089044476, 1.010000000000002673, 0.1817582956874659594 ) ) ;
#3193 = CARTESIAN_POINT ( 'NONE',  ( 0.7621383144406077559, 1.010000000000002673, 0.1817582956874659594 ) ) ;
#3194 = CARTESIAN_POINT ( 'NONE',  ( -1.000000000000000888, 0.9999999999999991118, 0.000000000000000000 ) ) ;
#3195 = CARTESIAN_POINT ( 'NONE',  ( 1.478457507934780858E-16, 0.3750000000000002776, 0.000000000000000000 ) ) ;
#3196 = DIRECTION ( 'NONE',  ( 0.000000000000000000, -0.000000000000000000, -1.000000000000000000 ) ) ;
#3197 = CARTESIAN_POINT ( 'NONE',  ( -0.1221352334582669064, -0.8753577556962801598, 0.01000000000000000021 ) ) ;
#3198 = STYLED_ITEM ( 'NONE', ( #6532 ), #3430 ) ;
#3199 = CARTESIAN_POINT ( 'NONE',  ( 0.1074799231299696650, -0.8445587272927820299, 0.000000000000000000 ) ) ;
#3200 = AXIS2_PLACEMENT_3D ( 'NONE', #3268, #5256, #4612 ) ;
#3201 = SURFACE_STYLE_FILL_AREA ( #3247 ) ;
#3202 = LINE ( 'NONE', #2600, #7005 ) ;
#3203 = AXIS2_PLACEMENT_3D ( 'NONE', #5028, #6171, #569 ) ;
#3204 = B_SPLINE_CURVE_WITH_KNOTS ( 'NONE', 3,
 ( #752, #3721, #6272, #3761, #5082, #5168, #2524, #6227, #590, #1383, #94, #3093, #5045, #2489, #1916, #6345, #664, #6965, #2566 ),
 .UNSPECIFIED., .F., .F.,
 ( 4, 1, 1, 1, 1, 1, 1, 1, 1, 1, 1, 1, 1, 1, 1, 1, 4 ),
 ( 0.000000000000000000, 0.06863117867660104010, 0.1345664660386768630, 0.1983281540108809970, 0.2607897666408446335, 0.3219991514841585856, 0.3827217465030195997, 0.4435374740357292400, 0.5051334294849251227, 0.5662138747646717762, 0.6261058646175462483, 0.6853493221605172492, 0.7449958703477983502, 0.8054158418145639375, 0.8676362663459531444, 0.9323077823023293575, 1.000000000000000000 ),
 .UNSPECIFIED. ) ;
#3205 = PRESENTATION_STYLE_ASSIGNMENT (( #6333 ) ) ;
#3206 = CARTESIAN_POINT ( 'NONE',  ( -0.1081152228347762312, -0.8429435268194104269, 0.01000000000000000021 ) ) ;
#3207 = PRESENTATION_LAYER_ASSIGNMENT (  '', '', ( #7666 ) ) ;
#3208 = ORIENTED_EDGE ( 'NONE', *, *, #5142, .F. ) ;
#3209 = MECHANICAL_DESIGN_GEOMETRIC_PRESENTATION_REPRESENTATION (  '', ( #6495 ), #2807 ) ;
#3210 = SURFACE_STYLE_FILL_AREA ( #6960 ) ;
#3211 = DIRECTION ( 'NONE',  ( -0.000000000000000000, 0.000000000000000000, 1.000000000000000000 ) ) ;
#3212 = DIRECTION ( 'NONE',  ( 1.000000000000000000, 0.000000000000000000, 0.000000000000000000 ) ) ;
#3213 = PLANE ( 'NONE',  #426 ) ;
#3214 = DIRECTION ( 'NONE',  ( 1.000000000000000000, 0.000000000000000000, 0.000000000000000000 ) ) ;
#3215 = DIRECTION ( 'NONE',  ( -1.000000000000000000, -0.000000000000000000, -0.000000000000000000 ) ) ;
#3216 = VECTOR ( 'NONE', #1377, 1000.000000000000000 ) ;
#3217 = ORIENTED_EDGE ( 'NONE', *, *, #5268, .T. ) ;
#3218 = PLANE ( 'NONE',  #2054 ) ;
#3219 = ORIENTED_EDGE ( 'NONE', *, *, #5349, .F. ) ;
#3220 = CARTESIAN_POINT ( 'NONE',  ( 0.7621383144406077559, 1.010000000000002673, 0.1817582956874659594 ) ) ;
#3221 = ADVANCED_FACE ( 'NONE', ( #2835 ), #1697, .F. ) ;
#3222 = EDGE_CURVE ( 'NONE', #6636, #5776, #6300, .T. ) ;
#3223 = CARTESIAN_POINT ( 'NONE',  ( 0.7621383144406077559, 1.000000000000002665, 0.1817582956874659594 ) ) ;
#3224 = UNCERTAINTY_MEASURE_WITH_UNIT (LENGTH_MEASURE( 1.000000000000000082E-05 ), #1104, 'distance_accuracy_value', 'NONE');
#3225 = CARTESIAN_POINT ( 'NONE',  ( -0.3999999999999997446, 0.5050510257216823673, -0.02000000000000000042 ) ) ;
#3226 =( NAMED_UNIT ( * ) PLANE_ANGLE_UNIT ( ) SI_UNIT ( $, .RADIAN. ) );
#3227 = CARTESIAN_POINT ( 'NONE',  ( -0.1049228437114506640, -0.8832420283526452032, 0.01000000000000000021 ) ) ;
#3228 = VERTEX_POINT ( 'NONE', #4350 ) ;
#3229 = SURFACE_STYLE_USAGE ( .BOTH. , #639 ) ;
#3230 = CARTESIAN_POINT ( 'NONE',  ( 0.6850000000000007194, 0.8249999999999999556, -0.02000000000000000042 ) ) ;
#3231 = STYLED_ITEM ( 'NONE', ( #5941 ), #7567 ) ;
#3232 = EDGE_CURVE ( 'NONE', #3148, #6774, #4994, .T. ) ;
#3233 = LINE ( 'NONE', #1309, #4242 ) ;
#3234 = UNCERTAINTY_MEASURE_WITH_UNIT (LENGTH_MEASURE( 1.000000000000000082E-05 ), #3577, 'distance_accuracy_value', 'NONE');
#3235 = CARTESIAN_POINT ( 'NONE',  ( 0.07257007288777385379, -0.8092818627704621015, 0.000000000000000000 ) ) ;
#3236 = ORIENTED_EDGE ( 'NONE', *, *, #7687, .T. ) ;
#3237 = FILL_AREA_STYLE_COLOUR ( '', #5161 ) ;
#3238 = DIRECTION ( 'NONE',  ( 0.000000000000000000, -0.000000000000000000, -1.000000000000000000 ) ) ;
#3239 = CARTESIAN_POINT ( 'NONE',  ( -0.04364562833173837170, -0.8105013749655840538, 0.000000000000000000 ) ) ;
#3240 =( LENGTH_UNIT ( ) NAMED_UNIT ( * ) SI_UNIT ( .MILLI., .METRE. ) );
#3241 = MECHANICAL_DESIGN_GEOMETRIC_PRESENTATION_REPRESENTATION (  '', ( #1006 ), #2459 ) ;
#3242 = LINE ( 'NONE', #5768, #6396 ) ;
#3243 = SURFACE_STYLE_FILL_AREA ( #1447 ) ;
#3244 = SURFACE_SIDE_STYLE ('',( #2425 ) ) ;
#3245 = VECTOR ( 'NONE', #2218, 1000.000000000000000 ) ;
#3246 = VECTOR ( 'NONE', #7113, 1000.000000000000000 ) ;
#3247 = FILL_AREA_STYLE ('',( #1981 ) ) ;
#3248 =( GEOMETRIC_REPRESENTATION_CONTEXT ( 3 ) GLOBAL_UNCERTAINTY_ASSIGNED_CONTEXT ( ( #111 ) ) GLOBAL_UNIT_ASSIGNED_CONTEXT ( ( #3696, #4374, #600 ) ) REPRESENTATION_CONTEXT ( 'NONE', 'WORKASPACE' ) );
#3249 = DIRECTION ( 'NONE',  ( 0.000000000000000000, 0.000000000000000000, -1.000000000000000000 ) ) ;
#3250 = VECTOR ( 'NONE', #7034, 1000.000000000000000 ) ;
#3251 = EDGE_LOOP ( 'NONE', ( #5940, #2526, #2527, #3934 ) ) ;
#3252 = UNCERTAINTY_MEASURE_WITH_UNIT (LENGTH_MEASURE( 1.000000000000000082E-05 ), #7467, 'distance_accuracy_value', 'NONE');
#3253 = ORIENTED_EDGE ( 'NONE', *, *, #3579, .T. ) ;
#3254 = VECTOR ( 'NONE', #3407, 1000.000000000000000 ) ;
#3255 = CARTESIAN_POINT ( 'NONE',  ( -0.04364562833173837170, -0.9105013749655840316, 0.000000000000000000 ) ) ;
#3256 = UNCERTAINTY_MEASURE_WITH_UNIT (LENGTH_MEASURE( 1.000000000000000082E-05 ), #7776, 'distance_accuracy_value', 'NONE');
#3257 = CARTESIAN_POINT ( 'NONE',  ( 0.9999999999999991118, 0.1250000000000000000, 0.5300000000000000266 ) ) ;
#3258 = CARTESIAN_POINT ( 'NONE',  ( -0.02413343320978715567, -0.9105013749655840316, 0.000000000000000000 ) ) ;
#3259 = CARTESIAN_POINT ( 'NONE',  ( -0.000000000000000000, -0.8824525944777792397, 0.01000000000000000021 ) ) ;
#3260 = FACE_BOUND ( 'NONE', #369, .T. ) ;
#3261 = DIRECTION ( 'NONE',  ( -0.000000000000000000, -1.000000000000000000, 0.000000000000000000 ) ) ;
#3262 = SURFACE_STYLE_FILL_AREA ( #3890 ) ;
#3263 = VERTEX_POINT ( 'NONE', #3706 ) ;
#3264 = B_SPLINE_CURVE_WITH_KNOTS ( 'NONE', 3,
 ( #1980, #3284, #153, #1406, #3197, #5725, #2018, #118, #5770, #4538, #7030, #3914, #5804, #2663, #7763, #4752, #905, #2217, #7233 ),
 .UNSPECIFIED., .F., .F.,
 ( 4, 1, 1, 1, 1, 1, 1, 1, 1, 1, 1, 1, 1, 1, 1, 1, 4 ),
 ( 0.000000000000000000, 0.06806869584499457282, 0.1334274328189550829, 0.1961460338131570114, 0.2570485924493124963, 0.3168826631591622478, 0.3761872086663219372, 0.4359603353635462253, 0.4965352368627262147, 0.5574653434807335106, 0.6176868634101474465, 0.6779436406969060469, 0.7388052848060403521, 0.8009493367665840857, 0.8648146674702263947, 0.9310247810786568268, 1.000000000000000000 ),
 .UNSPECIFIED. ) ;
#3265 = ORIENTED_EDGE ( 'NONE', *, *, #8052, .F. ) ;
#3266 = SURFACE_STYLE_USAGE ( .BOTH. , #760 ) ;
#3267 = CARTESIAN_POINT ( 'NONE',  ( -1.010000000000000453, 0.3749999999999998890, -0.02000000000000000042 ) ) ;
#3268 = CARTESIAN_POINT ( 'NONE',  ( 0.7350000000000006528, 0.1750000000000000167, -0.02000000000000000042 ) ) ;
#3269 = CARTESIAN_POINT ( 'NONE',  ( -0.02413343320978715567, -0.9105013749655840316, 0.01000000000000000021 ) ) ;
#3270 = CARTESIAN_POINT ( 'NONE',  ( -0.1003311327357079147, -0.8890535557603277406, 0.01000000000000000021 ) ) ;
#3271 = EDGE_CURVE ( 'NONE', #7947, #505, #3624, .T. ) ;
#3272 = EDGE_CURVE ( 'NONE', #1745, #8033, #7443, .T. ) ;
#3273 = ORIENTED_EDGE ( 'NONE', *, *, #972, .F. ) ;
#3274 = DIRECTION ( 'NONE',  ( -0.000000000000000000, -0.000000000000000000, 1.000000000000000000 ) ) ;
#3275 = PRESENTATION_STYLE_ASSIGNMENT (( #3185 ) ) ;
#3276 = SURFACE_STYLE_FILL_AREA ( #6479 ) ;
#3277 = ORIENTED_EDGE ( 'NONE', *, *, #8063, .F. ) ;
#3278 =( NAMED_UNIT ( * ) SI_UNIT ( $, .STERADIAN. ) SOLID_ANGLE_UNIT ( ) );
#3279 = DIRECTION ( 'NONE',  ( 0.000000000000000000, -1.000000000000000000, 0.000000000000000000 ) ) ;
#3280 = CARTESIAN_POINT ( 'NONE',  ( -0.1314505063805188612, -0.9105013749655840316, 0.000000000000000000 ) ) ;
#3281 =( LENGTH_UNIT ( ) NAMED_UNIT ( * ) SI_UNIT ( .MILLI., .METRE. ) );
#3282 = EDGE_CURVE ( 'NONE', #5364, #7561, #6209, .T. ) ;
#3283 = CARTESIAN_POINT ( 'NONE',  ( 0.05145616191922380150, -0.8122634074127402792, 0.01000000000000000021 ) ) ;
#3284 = CARTESIAN_POINT ( 'NONE',  ( -0.1240930464895226570, -0.8611325114649993617, 0.01000000000000000021 ) ) ;
#3285 = MECHANICAL_DESIGN_GEOMETRIC_PRESENTATION_REPRESENTATION (  '', ( #6315 ), #2373 ) ;
#3286 = SURFACE_STYLE_FILL_AREA ( #3365 ) ;
#3287 = CARTESIAN_POINT ( 'NONE',  ( -0.1590038600390554502, -0.8714769847216816689, 0.000000000000000000 ) ) ;
#3288 =( NAMED_UNIT ( * ) PLANE_ANGLE_UNIT ( ) SI_UNIT ( $, .RADIAN. ) );
#3289 = FILL_AREA_STYLE_COLOUR ( '', #2338 ) ;
#3290 = MECHANICAL_DESIGN_GEOMETRIC_PRESENTATION_REPRESENTATION (  '', ( #4771 ), #1468 ) ;
#3291 = FILL_AREA_STYLE_COLOUR ( '', #3479 ) ;
#3292 = CARTESIAN_POINT ( 'NONE',  ( 0.05673537624878007696, -0.8107838171316668063, 0.000000000000000000 ) ) ;
#3293 = PRESENTATION_STYLE_ASSIGNMENT (( #281 ) ) ;
#3294 = ORIENTED_EDGE ( 'NONE', *, *, #3679, .T. ) ;
#3295 = FACE_OUTER_BOUND ( 'NONE', #7839, .T. ) ;
#3296 = ORIENTED_EDGE ( 'NONE', *, *, #1586, .T. ) ;
#3297 = PRESENTATION_LAYER_ASSIGNMENT (  '', '', ( #6848 ) ) ;
#3298 = ORIENTED_EDGE ( 'NONE', *, *, #7214, .F. ) ;
#3299 = FACE_OUTER_BOUND ( 'NONE', #7207, .T. ) ;
#3300 = CARTESIAN_POINT ( 'NONE',  ( 0.04903729849752992698, -0.8266599115509499773, 0.01000000000000000021 ) ) ;
#3301 = MECHANICAL_DESIGN_GEOMETRIC_PRESENTATION_REPRESENTATION (  '', ( #945 ), #817 ) ;
#3302 = CARTESIAN_POINT ( 'NONE',  ( -0.07730529569074130747, -0.8106226140319954254, 0.01000000000000000021 ) ) ;
#3303 = SURFACE_SIDE_STYLE ('',( #1552 ) ) ;
#3304 = CARTESIAN_POINT ( 'NONE',  ( -0.09458329005860199867, -0.8936696437527957837, 0.01000000000000000021 ) ) ;
#3305 = ORIENTED_EDGE ( 'NONE', *, *, #147, .F. ) ;
#3306 = CARTESIAN_POINT ( 'NONE',  ( -0.7350000000000006528, 0.6250000000000001110, -0.02000000000000000042 ) ) ;
#3307 =( LENGTH_UNIT ( ) NAMED_UNIT ( * ) SI_UNIT ( .MILLI., .METRE. ) );
#3308 = ORIENTED_EDGE ( 'NONE', *, *, #6259, .F. ) ;
#3309 =( GEOMETRIC_REPRESENTATION_CONTEXT ( 3 ) GLOBAL_UNCERTAINTY_ASSIGNED_CONTEXT ( ( #2608 ) ) GLOBAL_UNIT_ASSIGNED_CONTEXT ( ( #2125, #3442, #7142 ) ) REPRESENTATION_CONTEXT ( 'NONE', 'WORKASPACE' ) );
#3310 = EDGE_CURVE ( 'NONE', #3567, #404, #1781, .T. ) ;
#3311 = CARTESIAN_POINT ( 'NONE',  ( 0.1100129082536275005, -0.8615684481363157232, 0.000000000000000000 ) ) ;
#3312 = ORIENTED_EDGE ( 'NONE', *, *, #4360, .T. ) ;
#3313 = ADVANCED_FACE ( 'NONE', ( #5031 ), #3668, .F. ) ;
#3314 = DIRECTION ( 'NONE',  ( -0.000000000000000000, 1.000000000000000000, -0.000000000000000000 ) ) ;
#3315 = CARTESIAN_POINT ( 'NONE',  ( -0.1027706071249880754, -0.8862794126884573354, 0.01000000000000000021 ) ) ;
#3316 = SURFACE_STYLE_FILL_AREA ( #4583 ) ;
#3317 = CARTESIAN_POINT ( 'NONE',  ( 0.04903729849752992698, -0.8132452774046083910, 0.000000000000000000 ) ) ;
#3318 = PRESENTATION_LAYER_ASSIGNMENT (  '', '', ( #2924 ) ) ;
#3319 = CARTESIAN_POINT ( 'NONE',  ( 0.09690786565439782341, -0.8287757610905905903, 0.000000000000000000 ) ) ;
#3320 =( GEOMETRIC_REPRESENTATION_CONTEXT ( 3 ) GLOBAL_UNCERTAINTY_ASSIGNED_CONTEXT ( ( #1080 ) ) GLOBAL_UNIT_ASSIGNED_CONTEXT ( ( #6770, #4984, #2621 ) ) REPRESENTATION_CONTEXT ( 'NONE', 'WORKASPACE' ) );
#3321 = EDGE_CURVE ( 'NONE', #5408, #2646, #4382, .T. ) ;
#3322 = EDGE_CURVE ( 'NONE', #4030, #6183, #5645, .T. ) ;
#3323 = SURFACE_SIDE_STYLE ('',( #2021 ) ) ;
#3324 = MECHANICAL_DESIGN_GEOMETRIC_PRESENTATION_REPRESENTATION (  '', ( #576 ), #2668 ) ;
#3325 = DIRECTION ( 'NONE',  ( 0.000000000000000000, 0.000000000000000000, -1.000000000000000000 ) ) ;
#3326 = DIRECTION ( 'NONE',  ( -1.000000000000000000, 0.000000000000000000, 0.000000000000000000 ) ) ;
#3327 = AXIS2_PLACEMENT_3D ( 'NONE', #7670, #2129, #4088 ) ;
#3328 = UNCERTAINTY_MEASURE_WITH_UNIT (LENGTH_MEASURE( 1.000000000000000082E-05 ), #5302, 'distance_accuracy_value', 'NONE');
#3329 = ORIENTED_EDGE ( 'NONE', *, *, #5945, .F. ) ;
#3330 = STYLED_ITEM ( 'NONE', ( #7283 ), #3221 ) ;
#3331 = ADVANCED_FACE ( 'NONE', ( #4422 ), #5565, .T. ) ;
#3332 = AXIS2_PLACEMENT_3D ( 'NONE', #556, #1144, #7382 ) ;
#3333 = DIRECTION ( 'NONE',  ( -0.000000000000000000, 0.000000000000000000, 1.000000000000000000 ) ) ;
#3334 = DIRECTION ( 'NONE',  ( 1.000000000000000000, -3.942553354492745503E-16, -0.000000000000000000 ) ) ;
#3335 = COLOUR_RGB ( '',0.8313725490196077761, 0.8313725490196077761, 0.8196078431372548767 ) ;
#3336 =( LENGTH_UNIT ( ) NAMED_UNIT ( * ) SI_UNIT ( .MILLI., .METRE. ) );
#3337 = FILL_AREA_STYLE ('',( #1583 ) ) ;
#3338 = VERTEX_POINT ( 'NONE', #780 ) ;
#3339 = SURFACE_STYLE_USAGE ( .BOTH. , #7044 ) ;
#3340 = ORIENTED_EDGE ( 'NONE', *, *, #4104, .F. ) ;
#3341 =( GEOMETRIC_REPRESENTATION_CONTEXT ( 3 ) GLOBAL_UNCERTAINTY_ASSIGNED_CONTEXT ( ( #6962 ) ) GLOBAL_UNIT_ASSIGNED_CONTEXT ( ( #3347, #3942, #4693 ) ) REPRESENTATION_CONTEXT ( 'NONE', 'WORKASPACE' ) );
#3342 = ORIENTED_EDGE ( 'NONE', *, *, #2826, .T. ) ;
#3343 =( NAMED_UNIT ( * ) SI_UNIT ( $, .STERADIAN. ) SOLID_ANGLE_UNIT ( ) );
#3344 = DIRECTION ( 'NONE',  ( -0.000000000000000000, 0.000000000000000000, -1.000000000000000000 ) ) ;
#3345 = DIRECTION ( 'NONE',  ( -1.000000000000000000, -0.000000000000000000, -0.000000000000000000 ) ) ;
#3346 = PRESENTATION_LAYER_ASSIGNMENT (  '', '', ( #190 ) ) ;
#3347 =( LENGTH_UNIT ( ) NAMED_UNIT ( * ) SI_UNIT ( .MILLI., .METRE. ) );
#3348 = DIRECTION ( 'NONE',  ( -0.000000000000000000, -0.000000000000000000, 1.000000000000000000 ) ) ;
#3349 = FILL_AREA_STYLE ('',( #1514 ) ) ;
#3350 = ORIENTED_EDGE ( 'NONE', *, *, #1495, .F. ) ;
#3351 = CARTESIAN_POINT ( 'NONE',  ( -0.1127758876509542402, -0.8929339119271987313, 0.000000000000000000 ) ) ;
#3352 = DIRECTION ( 'NONE',  ( 0.000000000000000000, 0.000000000000000000, -1.000000000000000000 ) ) ;
#3353 = VERTEX_POINT ( 'NONE', #6372 ) ;
#3354 = VECTOR ( 'NONE', #1024, 1000.000000000000114 ) ;
#3355 = ORIENTED_EDGE ( 'NONE', *, *, #5809, .F. ) ;
#3356 = CARTESIAN_POINT ( 'NONE',  ( -0.05706026247807985396, -0.8214769847216816245, 0.000000000000000000 ) ) ;
#3357 = SURFACE_STYLE_FILL_AREA ( #3488 ) ;
#3358 = LINE ( 'NONE', #5308, #2430 ) ;
#3359 = CARTESIAN_POINT ( 'NONE',  ( -0.6850000000000006084, -0.8249999999999999556, -0.02000000000000000042 ) ) ;
#3360 = SURFACE_STYLE_FILL_AREA ( #903 ) ;
#3361 = DIRECTION ( 'NONE',  ( 1.000000000000000000, 0.000000000000000000, 0.000000000000000000 ) ) ;
#3362 = DIRECTION ( 'NONE',  ( -0.000000000000000000, 0.000000000000000000, 1.000000000000000000 ) ) ;
#3363 = DIRECTION ( 'NONE',  ( 0.000000000000000000, 0.000000000000000000, -1.000000000000000000 ) ) ;
#3364 = STYLED_ITEM ( 'NONE', ( #3137 ), #4043 ) ;
#3365 = FILL_AREA_STYLE ('',( #2020 ) ) ;
#3366 = PRESENTATION_LAYER_ASSIGNMENT (  '', '', ( #6915 ) ) ;
#3367 = DIRECTION ( 'NONE',  ( 1.000000000000000000, 0.000000000000000000, 0.000000000000000000 ) ) ;
#3368 = SURFACE_SIDE_STYLE ('',( #4716 ) ) ;
#3369 = CARTESIAN_POINT ( 'NONE',  ( -0.1241334332097871751, -0.8592437530143645086, 0.000000000000000000 ) ) ;
#3370 = AXIS2_PLACEMENT_3D ( 'NONE', #6174, #4949, #3791 ) ;
#3371 = SURFACE_STYLE_USAGE ( .BOTH. , #1496 ) ;
#3372 = MECHANICAL_DESIGN_GEOMETRIC_PRESENTATION_REPRESENTATION (  '', ( #4054 ), #6141 ) ;
#3373 = ORIENTED_EDGE ( 'NONE', *, *, #3537, .T. ) ;
#3374 = EDGE_CURVE ( 'NONE', #4351, #4531, #2703, .T. ) ;
#3375 = EDGE_CURVE ( 'NONE', #4344, #7561, #6449, .T. ) ;
#3376 = VECTOR ( 'NONE', #8035, 1000.000000000000000 ) ;
#3377 = B_SPLINE_SURFACE_WITH_KNOTS ( 'NONE', 3, 1, ( 
 ( #4131, #1036 ),
 ( #6130, #3543 ),
 ( #5521, #2994 ),
 ( #6728, #6021 ),
 ( #399, #5477 ),
 ( #8013, #4299 ),
 ( #6776, #3498 ),
 ( #5359, #7855 ),
 ( #3621, #2223 ),
 ( #4756, #2909 ),
 ( #7237, #1607 ),
 ( #362, #7935 ),
 ( #2872, #2300 ),
 ( #4833, #7319 ),
 ( #1695, #4217 ),
 ( #6694, #1071 ),
 ( #3031, #5720 ),
 ( #4346, #3115 ),
 ( #8092, #6948 ) ),
 .UNSPECIFIED., .F., .F., .F.,
 ( 4, 1, 1, 1, 1, 1, 1, 1, 1, 1, 1, 1, 1, 1, 1, 1, 4 ),
 ( 2, 2 ),
 ( 0.000000000000000000, 0.06863117867660104010, 0.1345664660386768630, 0.1983281540108809970, 0.2607897666408446335, 0.3219991514841585856, 0.3827217465030195997, 0.4435374740357292400, 0.5051334294849251227, 0.5662138747646717762, 0.6261058646175462483, 0.6853493221605172492, 0.7449958703477983502, 0.8054158418145639375, 0.8676362663459531444, 0.9323077823023293575, 1.000000000000000000 ),
 ( 0.000000000000000000, 1.000000000000000000 ),
 .UNSPECIFIED. ) ;
#3378 = ORIENTED_EDGE ( 'NONE', *, *, #3162, .T. ) ;
#3379 = VECTOR ( 'NONE', #2578, 1000.000000000000000 ) ;
#3380 = UNCERTAINTY_MEASURE_WITH_UNIT (LENGTH_MEASURE( 1.000000000000000082E-05 ), #546, 'distance_accuracy_value', 'NONE');
#3381 = PRESENTATION_LAYER_ASSIGNMENT (  '', '', ( #1161 ) ) ;
#3382 =( LENGTH_UNIT ( ) NAMED_UNIT ( * ) SI_UNIT ( .MILLI., .METRE. ) );
#3383 = STYLED_ITEM ( 'NONE', ( #2440 ), #6601 ) ;
#3384 = FACE_BOUND ( 'NONE', #5907, .T. ) ;
#3385 = CARTESIAN_POINT ( 'NONE',  ( 0.4076060066089044476, 1.010000000000002673, 0.1817582956874659594 ) ) ;
#3386 = VECTOR ( 'NONE', #1028, 1000.000000000000000 ) ;
#3387 = VERTEX_POINT ( 'NONE', #1359 ) ;
#3388 = ADVANCED_FACE ( 'NONE', ( #7723 ), #7673, .F. ) ;
#3389 = ORIENTED_EDGE ( 'NONE', *, *, #4769, .T. ) ;
#3390 = ORIENTED_EDGE ( 'NONE', *, *, #6992, .F. ) ;
#3391 =( GEOMETRIC_REPRESENTATION_CONTEXT ( 3 ) GLOBAL_UNCERTAINTY_ASSIGNED_CONTEXT ( ( #3925 ) ) GLOBAL_UNIT_ASSIGNED_CONTEXT ( ( #5801, #5767, #2700 ) ) REPRESENTATION_CONTEXT ( 'NONE', 'WORKASPACE' ) );
#3392 = CARTESIAN_POINT ( 'NONE',  ( -0.09424120317134362934, -0.8267901573712871377, 0.000000000000000000 ) ) ;
#3393 = CYLINDRICAL_SURFACE ( 'NONE', #6534, 0.04999999999999991257 ) ;
#3394 = SURFACE_STYLE_FILL_AREA ( #800 ) ;
#3395 = SURFACE_STYLE_FILL_AREA ( #7787 ) ;
#3396 = CARTESIAN_POINT ( 'NONE',  ( -0.09759429325044122194, -0.8915210618315388968, 0.000000000000000000 ) ) ;
#3397 = EDGE_CURVE ( 'NONE', #2847, #6277, #3264, .T. ) ;
#3398 = ORIENTED_EDGE ( 'NONE', *, *, #7087, .T. ) ;
#3399 = CARTESIAN_POINT ( 'NONE',  ( -0.09217205533703914933, -0.9070804566223790166, 0.000000000000000000 ) ) ;
#3400 = LINE ( 'NONE', #4656, #165 ) ;
#3401 = EDGE_LOOP ( 'NONE', ( #3513, #7629, #4946, #3935, #6563, #7651, #1139, #788, #384, #3701, #6247, #6781, #2439, #6367, #6626, #5981, #575, #4135, #7370, #6795, #497, #5206, #7984, #506, #7332, #4817, #2605, #2694, #2622, #3864, #7682, #7263, #1716, #6525, #17, #5183, #7981, #970, #5627, #4116, #1523, #4686, #2366, #7077, #4745, #5505, #3329, #3425, #7731, #6900, #275, #4470 ) ) ;
#3402 = CARTESIAN_POINT ( 'NONE',  ( 0.1076483514508634470, -0.8777045987799750870, 0.01000000000000000021 ) ) ;
#3403 = ORIENTED_EDGE ( 'NONE', *, *, #7098, .F. ) ;
#3404 = DIRECTION ( 'NONE',  ( 1.000000000000000000, 0.000000000000000000, -0.000000000000000000 ) ) ;
#3405 = CARTESIAN_POINT ( 'NONE',  ( 0.7350000000000005418, -0.1750000000000000167, -0.02000000000000000042 ) ) ;
#3406 = CARTESIAN_POINT ( 'NONE',  ( -0.07998595229046819022, -0.8989250746055514885, 0.01000000000000000021 ) ) ;
#3407 = DIRECTION ( 'NONE',  ( 1.000000000000000000, -3.942553354492746982E-16, -0.000000000000000000 ) ) ;
#3408 = CARTESIAN_POINT ( 'NONE',  ( -0.9472852036498865536, 0.8185251959338152306, 0.5199999999999999067 ) ) ;
#3409 = PLANE ( 'NONE',  #7318 ) ;
#3410 = CARTESIAN_POINT ( 'NONE',  ( -0.7350000000000005418, -0.6750000000000000444, -0.02000000000000000042 ) ) ;
#3411 = FILL_AREA_STYLE ('',( #396 ) ) ;
#3412 = DIRECTION ( 'NONE',  ( -1.000000000000000000, 0.000000000000000000, 0.000000000000000000 ) ) ;
#3413 = LINE ( 'NONE', #3545, #5112 ) ;
#3414 = CARTESIAN_POINT ( 'NONE',  ( -0.1739238295512506027, -0.8297086920387548581, 0.000000000000000000 ) ) ;
#3415 = LINE ( 'NONE', #4718, #3058 ) ;
#3416 = VERTEX_POINT ( 'NONE', #5354 ) ;
#3417 = FACE_OUTER_BOUND ( 'NONE', #3487, .T. ) ;
#3418 = ORIENTED_EDGE ( 'NONE', *, *, #5771, .T. ) ;
#3419 = EDGE_CURVE ( 'NONE', #7975, #1872, #2130, .T. ) ;
#3420 = EDGE_CURVE ( 'NONE', #98, #6521, #2828, .T. ) ;
#3421 = CARTESIAN_POINT ( 'NONE',  ( 0.1163351373460560084, -0.8909114607503147987, 0.000000000000000000 ) ) ;
#3422 = COLOUR_RGB ( '',0.8313725490196077761, 0.8313725490196077761, 0.8196078431372548767 ) ;
#3423 = CARTESIAN_POINT ( 'NONE',  ( 0.7621383144406077559, -1.000000000000002665, 0.1817582956874659594 ) ) ;
#3424 = EDGE_LOOP ( 'NONE', ( #6204, #2348, #7307, #6426 ) ) ;
#3425 = ORIENTED_EDGE ( 'NONE', *, *, #4954, .F. ) ;
#3426 = COLOUR_RGB ( '',0.8313725490196077761, 0.8313725490196077761, 0.8196078431372548767 ) ;
#3427 = CARTESIAN_POINT ( 'NONE',  ( -0.09724090261653960121, -0.8287483343864318064, 0.000000000000000000 ) ) ;
#3428 = DIRECTION ( 'NONE',  ( 1.000000000000000000, 0.000000000000000000, 0.000000000000000000 ) ) ;
#3429 = DIRECTION ( 'NONE',  ( 0.000000000000000000, 1.000000000000000000, -0.000000000000000000 ) ) ;
#3430 = ADVANCED_FACE ( 'NONE', ( #4214 ), #6608, .F. ) ;
#3431 = LINE ( 'NONE', #2158, #5956 ) ;
#3432 =( GEOMETRIC_REPRESENTATION_CONTEXT ( 3 ) GLOBAL_UNCERTAINTY_ASSIGNED_CONTEXT ( ( #7613 ) ) GLOBAL_UNIT_ASSIGNED_CONTEXT ( ( #1970, #6440, #5836 ) ) REPRESENTATION_CONTEXT ( 'NONE', 'WORKASPACE' ) );
#3433 = FILL_AREA_STYLE ('',( #930 ) ) ;
#3434 = ORIENTED_EDGE ( 'NONE', *, *, #5447, .T. ) ;
#3435 = CARTESIAN_POINT ( 'NONE',  ( -0.1221352334582669064, -0.8753577556962801598, 0.01000000000000000021 ) ) ;
#3436 = SURFACE_STYLE_FILL_AREA ( #7179 ) ;
#3437 = VERTEX_POINT ( 'NONE', #2254 ) ;
#3438 = PRESENTATION_STYLE_ASSIGNMENT (( #346 ) ) ;
#3439 = CARTESIAN_POINT ( 'NONE',  ( 0.1025943445480813204, -0.8874439186364337928, 0.000000000000000000 ) ) ;
#3440 = ORIENTED_EDGE ( 'NONE', *, *, #770, .T. ) ;
#3441 = EDGE_CURVE ( 'NONE', #7867, #1662, #3494, .T. ) ;
#3442 =( NAMED_UNIT ( * ) PLANE_ANGLE_UNIT ( ) SI_UNIT ( $, .RADIAN. ) );
#3443 = FILL_AREA_STYLE ('',( #6565 ) ) ;
#3444 = SURFACE_SIDE_STYLE ('',( #7849 ) ) ;
#3445 = LINE ( 'NONE', #6055, #6906 ) ;
#3446 =( NAMED_UNIT ( * ) SI_UNIT ( $, .STERADIAN. ) SOLID_ANGLE_UNIT ( ) );
#3447 = CARTESIAN_POINT ( 'NONE',  ( 0.9999999999999993339, -0.6249999999999998890, 0.2500000000000000000 ) ) ;
#3448 = DIRECTION ( 'NONE',  ( -1.000000000000000000, 0.000000000000000000, 0.000000000000000000 ) ) ;
#3449 = DIRECTION ( 'NONE',  ( -1.000000000000000000, 0.000000000000000000, 0.000000000000000000 ) ) ;
#3450 = LINE ( 'NONE', #6572, #6787 ) ;
#3451 = STYLED_ITEM ( 'NONE', ( #25 ), #962 ) ;
#3452 = FACE_OUTER_BOUND ( 'NONE', #1536, .T. ) ;
#3453 = STYLED_ITEM ( 'NONE', ( #167 ), #1874 ) ;
#3454 =( NAMED_UNIT ( * ) PLANE_ANGLE_UNIT ( ) SI_UNIT ( $, .RADIAN. ) );
#3455 = FILL_AREA_STYLE ('',( #947 ) ) ;
#3456 = DIRECTION ( 'NONE',  ( 1.000000000000000000, 3.942553354492745503E-16, 0.000000000000000000 ) ) ;
#3457 = ORIENTED_EDGE ( 'NONE', *, *, #5108, .F. ) ;
#3458 = COLOUR_RGB ( '',0.8313725490196077761, 0.8313725490196077761, 0.8196078431372548767 ) ;
#3459 = FILL_AREA_STYLE_COLOUR ( '', #7043 ) ;
#3460 = EDGE_LOOP ( 'NONE', ( #5527, #2086, #5906, #1858, #7135 ) ) ;
#3461 = VECTOR ( 'NONE', #7608, 1000.000000000000000 ) ;
#3462 =( NAMED_UNIT ( * ) PLANE_ANGLE_UNIT ( ) SI_UNIT ( $, .RADIAN. ) );
#3463 = PLANE ( 'NONE',  #5683 ) ;
#3464 = VECTOR ( 'NONE', #6537, 1000.000000000000000 ) ;
#3465 = DIRECTION ( 'NONE',  ( -1.000000000000000000, 0.000000000000000000, -0.000000000000000000 ) ) ;
#3466 = EDGE_LOOP ( 'NONE', ( #6719, #794, #7376, #4311 ) ) ;
#3467 = ORIENTED_EDGE ( 'NONE', *, *, #7599, .F. ) ;
#3468 = CIRCLE ( 'NONE', #3874, 0.04999999999999991257 ) ;
#3469 = PRESENTATION_LAYER_ASSIGNMENT (  '', '', ( #2415 ) ) ;
#3470 = CARTESIAN_POINT ( 'NONE',  ( -0.02169440881954324066, -0.8105013749655840538, 0.000000000000000000 ) ) ;
#3471 = PLANE ( 'NONE',  #7707 ) ;
#3472 = STYLED_ITEM ( 'NONE', ( #4566 ), #2595 ) ;
#3473 =( NAMED_UNIT ( * ) SI_UNIT ( $, .STERADIAN. ) SOLID_ANGLE_UNIT ( ) );
#3474 = FILL_AREA_STYLE_COLOUR ( '', #6589 ) ;
#3475 = PRESENTATION_LAYER_ASSIGNMENT (  '', '', ( #5983 ) ) ;
#3476 = FACE_OUTER_BOUND ( 'NONE', #916, .T. ) ;
#3477 = VERTEX_POINT ( 'NONE', #3447 ) ;
#3478 = DIRECTION ( 'NONE',  ( -0.000000000000000000, -0.000000000000000000, 1.000000000000000000 ) ) ;
#3479 = COLOUR_RGB ( '',0.8313725490196077761, 0.8313725490196077761, 0.8196078431372548767 ) ;
#3480 = VERTEX_POINT ( 'NONE', #4786 ) ;
#3481 = EDGE_CURVE ( 'NONE', #5449, #1542, #7889, .T. ) ;
#3482 = EDGE_CURVE ( 'NONE', #591, #2933, #3468, .T. ) ;
#3483 =( GEOMETRIC_REPRESENTATION_CONTEXT ( 3 ) GLOBAL_UNCERTAINTY_ASSIGNED_CONTEXT ( ( #7930 ) ) GLOBAL_UNIT_ASSIGNED_CONTEXT ( ( #1600, #7667, #5185 ) ) REPRESENTATION_CONTEXT ( 'NONE', 'WORKASPACE' ) );
#3484 = CARTESIAN_POINT ( 'NONE',  ( -1.010000000000000453, 0.1250000000000000000, -0.02000000000000000042 ) ) ;
#3485 = STYLED_ITEM ( 'NONE', ( #2942 ), #1380 ) ;
#3486 = CARTESIAN_POINT ( 'NONE',  ( 0.08569473195231228080, -0.8993274710949183959, 0.01000000000000000021 ) ) ;
#3487 = EDGE_LOOP ( 'NONE', ( #3716, #5855, #5046, #7241, #1784, #7355 ) ) ;
#3488 = FILL_AREA_STYLE ('',( #2212 ) ) ;
#3489 = CARTESIAN_POINT ( 'NONE',  ( -1.010000000000000231, -0.8750000000000000000, 0.2500000000000000000 ) ) ;
#3490 =( NAMED_UNIT ( * ) SI_UNIT ( $, .STERADIAN. ) SOLID_ANGLE_UNIT ( ) );
#3491 = UNCERTAINTY_MEASURE_WITH_UNIT (LENGTH_MEASURE( 1.000000000000000082E-05 ), #4567, 'distance_accuracy_value', 'NONE');
#3492 = CARTESIAN_POINT ( 'NONE',  ( -0.1107187990634456859, -0.8595295761850962890, 0.000000000000000000 ) ) ;
#3493 = CARTESIAN_POINT ( 'NONE',  ( 0.9999999999999993339, -0.3750000000000000000, 0.2500000000000000000 ) ) ;
#3494 = LINE ( 'NONE', #4172, #7011 ) ;
#3495 = EDGE_CURVE ( 'NONE', #8033, #2940, #7274, .T. ) ;
#3496 = CARTESIAN_POINT ( 'NONE',  ( 0.07381067980593218614, -0.8202866061351572480, 0.01000000000000000021 ) ) ;
#3497 = CARTESIAN_POINT ( 'NONE',  ( 0.07470421922923725644, -0.9007452774046084132, 0.01000000000000000021 ) ) ;
#3498 = CARTESIAN_POINT ( 'NONE',  ( -0.09702512051825307182, -0.8155792288646480648, 0.01000000000000000194 ) ) ;
#3499 = CARTESIAN_POINT ( 'NONE',  ( -0.1759870418344167409, -0.8234652343139029496, 0.01000000000000000021 ) ) ;
#3500 = MECHANICAL_DESIGN_GEOMETRIC_PRESENTATION_REPRESENTATION (  '', ( #3900 ), #7957 ) ;
#3501 = CARTESIAN_POINT ( 'NONE',  ( 0.6850000000000007194, -0.8249999999999999556, -0.02000000000000000042 ) ) ;
#3502 = LINE ( 'NONE', #274, #5444 ) ;
#3503 = ORIENTED_EDGE ( 'NONE', *, *, #2281, .T. ) ;
#3504 = CARTESIAN_POINT ( 'NONE',  ( 0.1234275423999689758, -0.8623878078924133161, 0.000000000000000000 ) ) ;
#3505 = VECTOR ( 'NONE', #6928, 1000.000000000000000 ) ;
#3506 = ORIENTED_EDGE ( 'NONE', *, *, #4369, .F. ) ;
#3507 = VECTOR ( 'NONE', #4015, 1000.000000000000000 ) ;
#3508 = PRESENTATION_LAYER_ASSIGNMENT (  '', '', ( #2196 ) ) ;
#3509 = VECTOR ( 'NONE', #1946, 1000.000000000000000 ) ;
#3510 =( NAMED_UNIT ( * ) PLANE_ANGLE_UNIT ( ) SI_UNIT ( $, .RADIAN. ) );
#3511 = SURFACE_STYLE_FILL_AREA ( #3337 ) ;
#3512 = VECTOR ( 'NONE', #3869, 1000.000000000000000 ) ;
#3513 = ORIENTED_EDGE ( 'NONE', *, *, #6834, .F. ) ;
#3514 = DIRECTION ( 'NONE',  ( -0.000000000000000000, -1.000000000000000000, 0.000000000000000000 ) ) ;
#3515 = MECHANICAL_DESIGN_GEOMETRIC_PRESENTATION_REPRESENTATION (  '', ( #3912 ), #1680 ) ;
#3516 = VERTEX_POINT ( 'NONE', #7807 ) ;
#3517 = VECTOR ( 'NONE', #527, 1000.000000000000000 ) ;
#3518 = AXIS2_PLACEMENT_3D ( 'NONE', #1247, #2637, #1876 ) ;
#3519 = VECTOR ( 'NONE', #4785, 1000.000000000000000 ) ;
#3520 = DIRECTION ( 'NONE',  ( -0.000000000000000000, -0.000000000000000000, 1.000000000000000000 ) ) ;
#3521 = FACE_OUTER_BOUND ( 'NONE', #6390, .T. ) ;
#3522 = PRESENTATION_LAYER_ASSIGNMENT (  '', '', ( #219 ) ) ;
#3523 = MECHANICAL_DESIGN_GEOMETRIC_PRESENTATION_REPRESENTATION (  '', ( #7468 ), #6413 ) ;
#3524 = EDGE_LOOP ( 'NONE', ( #3974, #5264, #381, #518 ) ) ;
#3525 = CARTESIAN_POINT ( 'NONE',  ( -0.1158119426948674563, -0.8889712594174321580, 0.000000000000000000 ) ) ;
#3526 = CARTESIAN_POINT ( 'NONE',  ( 0.9999999999999991118, 0.9999999999999991118, 0.000000000000000000 ) ) ;
#3527 = EDGE_LOOP ( 'NONE', ( #6067, #7905, #604, #3305, #6945, #4222 ) ) ;
#3528 = CARTESIAN_POINT ( 'NONE',  ( -0.1773918173561285505, -0.8297086920387546360, 0.01000000000000000021 ) ) ;
#3529 = CARTESIAN_POINT ( 'NONE',  ( 1.010000000000000453, 0.1250000000000000000, -0.02000000000000000042 ) ) ;
#3530 = CARTESIAN_POINT ( 'NONE',  ( 0.09777979973290550075, -0.8926758197721380572, 0.000000000000000000 ) ) ;
#3531 = ORIENTED_EDGE ( 'NONE', *, *, #1576, .T. ) ;
#3532 =( GEOMETRIC_REPRESENTATION_CONTEXT ( 3 ) GLOBAL_UNCERTAINTY_ASSIGNED_CONTEXT ( ( #2251 ) ) GLOBAL_UNIT_ASSIGNED_CONTEXT ( ( #7884, #6053, #6008 ) ) REPRESENTATION_CONTEXT ( 'NONE', 'WORKASPACE' ) );
#3533 = CARTESIAN_POINT ( 'NONE',  ( -0.01925538442929935340, -0.8544038139899742257, 0.000000000000000000 ) ) ;
#3534 = ADVANCED_FACE ( 'NONE', ( #6014 ), #7311, .F. ) ;
#3535 =( NAMED_UNIT ( * ) PLANE_ANGLE_UNIT ( ) SI_UNIT ( $, .RADIAN. ) );
#3536 = CARTESIAN_POINT ( 'NONE',  ( -1.010000000000000453, 0.6250000000000000000, -0.02000000000000000042 ) ) ;
#3537 = EDGE_CURVE ( 'NONE', #5581, #7093, #6200, .T. ) ;
#3538 = DIRECTION ( 'NONE',  ( 1.000000000000000000, 0.000000000000000000, 0.000000000000000000 ) ) ;
#3539 = CARTESIAN_POINT ( 'NONE',  ( 0.1086158730544068002, -0.8484724596796953122, 0.01000000000000000021 ) ) ;
#3540 = SURFACE_STYLE_FILL_AREA ( #943 ) ;
#3541 = CARTESIAN_POINT ( 'NONE',  ( -0.8246046625001746122, 0.8185251959338152306, 0.5199999999999999067 ) ) ;
#3542 = ORIENTED_EDGE ( 'NONE', *, *, #4199, .T. ) ;
#3543 = CARTESIAN_POINT ( 'NONE',  ( -0.07370308912861724127, -0.8105423241608420426, 0.01000000000000000194 ) ) ;
#3544 = EDGE_CURVE ( 'NONE', #2974, #2428, #6887, .T. ) ;
#3545 = CARTESIAN_POINT ( 'NONE',  ( 0.02952510337557871442, -0.8105013749655840538, 0.000000000000000000 ) ) ;
#3546 = SURFACE_STYLE_USAGE ( .BOTH. , #1160 ) ;
#3547 = FILL_AREA_STYLE ('',( #5363 ) ) ;
#3548 = ORIENTED_EDGE ( 'NONE', *, *, #6903, .F. ) ;
#3549 = SURFACE_STYLE_FILL_AREA ( #4838 ) ;
#3550 = ORIENTED_EDGE ( 'NONE', *, *, #6790, .F. ) ;
#3551 = UNCERTAINTY_MEASURE_WITH_UNIT (LENGTH_MEASURE( 1.000000000000000082E-05 ), #6211, 'distance_accuracy_value', 'NONE');
#3552 = CARTESIAN_POINT ( 'NONE',  ( 0.04903729849752992698, -0.8266599115509499773, 0.01000000000000000021 ) ) ;
#3553 = EDGE_CURVE ( 'NONE', #996, #4344, #480, .T. ) ;
#3554 =( NAMED_UNIT ( * ) SI_UNIT ( $, .STERADIAN. ) SOLID_ANGLE_UNIT ( ) );
#3555 = CARTESIAN_POINT ( 'NONE',  ( 0.6850000000000008304, 0.8249999999999999556, -0.02000000000000000042 ) ) ;
#3556 = ORIENTED_EDGE ( 'NONE', *, *, #3782, .T. ) ;
#3557 = CARTESIAN_POINT ( 'NONE',  ( 0.01611046922923725991, 0.000000000000000000, 0.01000000000000000021 ) ) ;
#3558 = ORIENTED_EDGE ( 'NONE', *, *, #1982, .T. ) ;
#3559 = SURFACE_SIDE_STYLE ('',( #1049 ) ) ;
#3560 = CARTESIAN_POINT ( 'NONE',  ( -0.7350000000000005418, -0.1750000000000000167, -0.02000000000000000042 ) ) ;
#3561 = PRESENTATION_LAYER_ASSIGNMENT (  '', '', ( #1457 ) ) ;
#3562 = CARTESIAN_POINT ( 'NONE',  ( 0.1074799231299696650, -0.8445587272927820299, 0.000000000000000000 ) ) ;
#3563 = SURFACE_STYLE_USAGE ( .BOTH. , #336 ) ;
#3564 = VERTEX_POINT ( 'NONE', #5554 ) ;
#3565 = DIRECTION ( 'NONE',  ( -0.000000000000000000, 0.000000000000000000, 1.000000000000000000 ) ) ;
#3566 = AXIS2_PLACEMENT_3D ( 'NONE', #4390, #1873, #1838 ) ;
#3567 = VERTEX_POINT ( 'NONE', #561 ) ;
#3568 = DIRECTION ( 'NONE',  ( -1.445602896647339410E-16, -1.000000000000000000, 0.000000000000000000 ) ) ;
#3569 = SURFACE_STYLE_FILL_AREA ( #6161 ) ;
#3570 = ORIENTED_EDGE ( 'NONE', *, *, #6107, .T. ) ;
#3571 = AXIS2_PLACEMENT_3D ( 'NONE', #5138, #4528, #5794 ) ;
#3572 = VECTOR ( 'NONE', #7035, 1000.000000000000000 ) ;
#3573 = DIRECTION ( 'NONE',  ( 0.000000000000000000, -1.000000000000000000, 0.000000000000000000 ) ) ;
#3574 = FACE_OUTER_BOUND ( 'NONE', #4478, .T. ) ;
#3575 = CARTESIAN_POINT ( 'NONE',  ( -0.07323266570847991597, -0.8215062841385910586, 0.000000000000000000 ) ) ;
#3576 = SURFACE_STYLE_USAGE ( .BOTH. , #2866 ) ;
#3577 =( LENGTH_UNIT ( ) NAMED_UNIT ( * ) SI_UNIT ( .MILLI., .METRE. ) );
#3578 = UNCERTAINTY_MEASURE_WITH_UNIT (LENGTH_MEASURE( 1.000000000000000082E-05 ), #3753, 'distance_accuracy_value', 'NONE');
#3579 = EDGE_CURVE ( 'NONE', #1790, #7047, #2413, .T. ) ;
#3580 = CARTESIAN_POINT ( 'NONE',  ( 0.7350000000000005418, -0.6250000000000001110, 0.000000000000000000 ) ) ;
#3581 =( LENGTH_UNIT ( ) NAMED_UNIT ( * ) SI_UNIT ( .MILLI., .METRE. ) );
#3582 = EDGE_LOOP ( 'NONE', ( #3050, #6184, #2193, #808 ) ) ;
#3583 = CARTESIAN_POINT ( 'NONE',  ( 0.06496649455225772529, -0.9108747211661286647, 0.000000000000000000 ) ) ;
#3584 = FILL_AREA_STYLE_COLOUR ( '', #7799 ) ;
#3585 = APPLICATION_CONTEXT ( 'automotive_design' ) ;
#3586 = DIRECTION ( 'NONE',  ( -1.000000000000000000, 0.000000000000000000, 0.000000000000000000 ) ) ;
#3587 = EDGE_LOOP ( 'NONE', ( #7180, #2654, #2493, #6325 ) ) ;
#3588 = CARTESIAN_POINT ( 'NONE',  ( 0.1215095564155354996, -0.8457875262413421247, 0.000000000000000000 ) ) ;
#3589 = ORIENTED_EDGE ( 'NONE', *, *, #602, .T. ) ;
#3590 = EDGE_CURVE ( 'NONE', #6360, #428, #4410, .T. ) ;
#3591 = EDGE_CURVE ( 'NONE', #3605, #6044, #2990, .T. ) ;
#3592 = STYLED_ITEM ( 'NONE', ( #4166 ), #1927 ) ;
#3593 = FILL_AREA_STYLE ('',( #6703 ) ) ;
#3594 = LINE ( 'NONE', #3555, #5458 ) ;
#3595 = ORIENTED_EDGE ( 'NONE', *, *, #3949, .T. ) ;
#3596 = DIRECTION ( 'NONE',  ( 0.000000000000000000, -1.000000000000000000, 0.000000000000000000 ) ) ;
#3597 = ORIENTED_EDGE ( 'NONE', *, *, #878, .T. ) ;
#3598 =( GEOMETRIC_REPRESENTATION_CONTEXT ( 3 ) GLOBAL_UNCERTAINTY_ASSIGNED_CONTEXT ( ( #1375 ) ) GLOBAL_UNIT_ASSIGNED_CONTEXT ( ( #6837, #6270, #1214 ) ) REPRESENTATION_CONTEXT ( 'NONE', 'WORKASPACE' ) );
#3599 = EDGE_CURVE ( 'NONE', #3477, #2836, #4866, .T. ) ;
#3600 = CARTESIAN_POINT ( 'NONE',  ( 0.04995653151041357098, -0.8948605937980219638, 0.01000000000000000021 ) ) ;
#3601 = COLOUR_RGB ( '',0.8313725490196077761, 0.8313725490196077761, 0.8196078431372548767 ) ;
#3602 = CARTESIAN_POINT ( 'NONE',  ( 0.09960831330435732101, -0.8313948648160006671, 0.000000000000000000 ) ) ;
#3603 = PRESENTATION_LAYER_ASSIGNMENT (  '', '', ( #4138 ) ) ;
#3605 = VERTEX_POINT ( 'NONE', #5594 ) ;
#3604 = STYLED_ITEM ( 'NONE', ( #3033 ), #5360 ) ;
#3606 = ORIENTED_EDGE ( 'NONE', *, *, #7791, .T. ) ;
#3607 = PRESENTATION_STYLE_ASSIGNMENT (( #5423 ) ) ;
#3608 = CARTESIAN_POINT ( 'NONE',  ( -0.000000000000000000, -0.9105013749655840316, 0.01000000000000000021 ) ) ;
#3609 = COLOUR_RGB ( '',0.8313725490196077761, 0.8313725490196077761, 0.8196078431372548767 ) ;
#3610 = CARTESIAN_POINT ( 'NONE',  ( -0.1692553844292993548, -0.8105013749655840538, 0.000000000000000000 ) ) ;
#3611 = B_SPLINE_CURVE_WITH_KNOTS ( 'NONE', 3,
 ( #7356, #4379, #4257, #1232, #2422, #1861, #3583, #4301, #1112, #4347, #6777 ),
 .UNSPECIFIED., .F., .F.,
 ( 4, 1, 1, 1, 1, 1, 1, 1, 4 ),
 ( 0.000000000000000000, 0.1124483899088023486, 0.2265276752126783866, 0.3444019493260284115, 0.4658649724874592279, 0.5916594493521175613, 0.7221684870248873400, 0.8586063875549265756, 1.000000000000000000 ),
 .UNSPECIFIED. ) ;
#3612 =( NAMED_UNIT ( * ) PLANE_ANGLE_UNIT ( ) SI_UNIT ( $, .RADIAN. ) );
#3613 = VECTOR ( 'NONE', #637, 1000.000000000000000 ) ;
#3614 = CARTESIAN_POINT ( 'NONE',  ( -0.07601128325890144088, -0.8215634583045117179, 0.000000000000000000 ) ) ;
#3615 = FACE_OUTER_BOUND ( 'NONE', #1803, .T. ) ;
#3616 = STYLED_ITEM ( 'NONE', ( #8064 ), #5096 ) ;
#3617 = AXIS2_PLACEMENT_3D ( 'NONE', #1341, #5668, #2004 ) ;
#3618 =( NAMED_UNIT ( * ) SI_UNIT ( $, .STERADIAN. ) SOLID_ANGLE_UNIT ( ) );
#3619 = ORIENTED_EDGE ( 'NONE', *, *, #1038, .T. ) ;
#3620 = CARTESIAN_POINT ( 'NONE',  ( -0.7350000000000006528, 0.1250000000000000000, -0.02000000000000000042 ) ) ;
#3621 = CARTESIAN_POINT ( 'NONE',  ( -0.1054471097041985717, -0.8205864268970634035, 0.000000000000000000 ) ) ;
#3622 = CARTESIAN_POINT ( 'NONE',  ( 0.06913752054059209284, -0.8093064682204906823, 0.01000000000000000021 ) ) ;
#3623 = DIRECTION ( 'NONE',  ( -0.000000000000000000, 1.000000000000000000, -0.000000000000000000 ) ) ;
#3624 = LINE ( 'NONE', #1201, #304 ) ;
#3625 = EDGE_LOOP ( 'NONE', ( #1122, #1595, #458, #1046, #3265, #3926 ) ) ;
#3626 = CARTESIAN_POINT ( 'NONE',  ( -0.1758483722341773747, -0.8226964969168035768, 0.000000000000000000 ) ) ;
#3627 = ORIENTED_EDGE ( 'NONE', *, *, #1615, .F. ) ;
#3628 = UNCERTAINTY_MEASURE_WITH_UNIT (LENGTH_MEASURE( 1.000000000000000082E-05 ), #7986, 'distance_accuracy_value', 'NONE');
#3629 = CIRCLE ( 'NONE', #5866, 0.04999999999999999584 ) ;
#3630 = DIRECTION ( 'NONE',  ( 0.000000000000000000, -0.000000000000000000, -1.000000000000000000 ) ) ;
#3631 = ADVANCED_FACE ( 'NONE', ( #3615 ), #6127, .F. ) ;
#3632 = EDGE_CURVE ( 'NONE', #398, #4742, #806, .T. ) ;
#3633 = ORIENTED_EDGE ( 'NONE', *, *, #5404, .F. ) ;
#3634 = ORIENTED_EDGE ( 'NONE', *, *, #5352, .T. ) ;
#3635 = ORIENTED_EDGE ( 'NONE', *, *, #5598, .T. ) ;
#3636 = CIRCLE ( 'NONE', #7568, 0.04999999999999991257 ) ;
#3637 = CARTESIAN_POINT ( 'NONE',  ( 0.07470421922923725644, -0.9007452774046084132, 0.01000000000000000021 ) ) ;
#3638 = CARTESIAN_POINT ( 'NONE',  ( 0.1154299274784274520, -0.8317007392256304810, 0.009999999999999998473 ) ) ;
#3639 = VECTOR ( 'NONE', #6467, 1000.000000000000000 ) ;
#3640 = STYLED_ITEM ( 'NONE', ( #5231 ), #7742 ) ;
#3641 = EDGE_CURVE ( 'NONE', #7427, #3030, #1439, .T. ) ;
#3642 = LINE ( 'NONE', #1007, #870 ) ;
#3643 = VECTOR ( 'NONE', #6208, 1000.000000000000000 ) ;
#3644 = VECTOR ( 'NONE', #6782, 1000.000000000000000 ) ;
#3645 = EDGE_LOOP ( 'NONE', ( #7291, #5204, #4904, #5410 ) ) ;
#3646 = UNCERTAINTY_MEASURE_WITH_UNIT (LENGTH_MEASURE( 1.000000000000000082E-05 ), #5081, 'distance_accuracy_value', 'NONE');
#3647 = ORIENTED_EDGE ( 'NONE', *, *, #2132, .T. ) ;
#3648 =( GEOMETRIC_REPRESENTATION_CONTEXT ( 3 ) GLOBAL_UNCERTAINTY_ASSIGNED_CONTEXT ( ( #5244 ) ) GLOBAL_UNIT_ASSIGNED_CONTEXT ( ( #7951, #4924, #7337 ) ) REPRESENTATION_CONTEXT ( 'NONE', 'WORKASPACE' ) );
#3649 = LINE ( 'NONE', #4933, #4099 ) ;
#3650 = VECTOR ( 'NONE', #2535, 1000.000000000000000 ) ;
#3651 = FACE_OUTER_BOUND ( 'NONE', #3524, .T. ) ;
#3652 = CARTESIAN_POINT ( 'NONE',  ( 0.1185409922037633512, -0.8868249869875804992, 0.01000000000000000021 ) ) ;
#3653 = AXIS2_PLACEMENT_3D ( 'NONE', #1984, #1948, #4467 ) ;
#3654 =( NAMED_UNIT ( * ) SI_UNIT ( $, .STERADIAN. ) SOLID_ANGLE_UNIT ( ) );
#3655 = CARTESIAN_POINT ( 'NONE',  ( -0.7621383144406077559, 1.010000000000002673, 0.1817582956874659594 ) ) ;
#3656 = SURFACE_STYLE_FILL_AREA ( #1767 ) ;
#3657 = SURFACE_STYLE_USAGE ( .BOTH. , #7968 ) ;
#3658 = CARTESIAN_POINT ( 'NONE',  ( -1.000000000000000888, 0.9999999999999991118, 0.2500000000000000000 ) ) ;
#3659 = MECHANICAL_DESIGN_GEOMETRIC_PRESENTATION_REPRESENTATION (  '', ( #7203 ), #4341 ) ;
#3660 = DIRECTION ( 'NONE',  ( 0.000000000000000000, 0.000000000000000000, -1.000000000000000000 ) ) ;
#3661 = CARTESIAN_POINT ( 'NONE',  ( 0.05473435847939413929, -0.8971768659964224346, 0.000000000000000000 ) ) ;
#3662 = EDGE_LOOP ( 'NONE', ( #4438, #4108, #5874, #5032 ) ) ;
#3663 = CARTESIAN_POINT ( 'NONE',  ( 0.4076060066089044476, -1.010000000000002673, 0.1817582956874659594 ) ) ;
#3664 = SURFACE_SIDE_STYLE ('',( #646 ) ) ;
#3665 = CARTESIAN_POINT ( 'NONE',  ( 0.07140738682539173043, -0.8092901972140227329, 0.01000000000000000021 ) ) ;
#3666 = DIRECTION ( 'NONE',  ( -0.000000000000000000, -0.000000000000000000, 1.000000000000000000 ) ) ;
#3667 = CARTESIAN_POINT ( 'NONE',  ( -0.1556311466244213182, -0.8824525944777792397, 0.000000000000000000 ) ) ;
#3668 = PLANE ( 'NONE',  #703 ) ;
#3669 = VERTEX_POINT ( 'NONE', #3230 ) ;
#3670 = VERTEX_POINT ( 'NONE', #2693 ) ;
#3671 = CARTESIAN_POINT ( 'NONE',  ( 0.05186592493227275280, -0.9068797347628351213, 0.01000000000000000021 ) ) ;
#3672 = CARTESIAN_POINT ( 'NONE',  ( -0.7350000000000005418, -0.6750000000000000444, -0.02000000000000000042 ) ) ;
#3673 = ORIENTED_EDGE ( 'NONE', *, *, #6943, .T. ) ;
#3674 = SURFACE_STYLE_USAGE ( .BOTH. , #7333 ) ;
#3675 = ORIENTED_EDGE ( 'NONE', *, *, #528, .F. ) ;
#3676 = ORIENTED_EDGE ( 'NONE', *, *, #5912, .T. ) ;
#3677 =( NAMED_UNIT ( * ) PLANE_ANGLE_UNIT ( ) SI_UNIT ( $, .RADIAN. ) );
#3678 = EDGE_CURVE ( 'NONE', #6619, #6856, #5137, .T. ) ;
#3679 = EDGE_CURVE ( 'NONE', #505, #4951, #7059, .T. ) ;
#3680 = CARTESIAN_POINT ( 'NONE',  ( 0.1199185879816047628, -0.8408044369733977952, 0.000000000000000000 ) ) ;
#3681 = PRESENTATION_STYLE_ASSIGNMENT (( #2280 ) ) ;
#3682 = DIRECTION ( 'NONE',  ( 0.000000000000000000, -0.000000000000000000, -1.000000000000000000 ) ) ;
#3683 = ORIENTED_EDGE ( 'NONE', *, *, #6903, .T. ) ;
#3684 = DIRECTION ( 'NONE',  ( 0.3222024856061130316, -0.9466707760722533616, 0.000000000000000000 ) ) ;
#3685 = ORIENTED_EDGE ( 'NONE', *, *, #5250, .F. ) ;
#3686 =( GEOMETRIC_REPRESENTATION_CONTEXT ( 3 ) GLOBAL_UNCERTAINTY_ASSIGNED_CONTEXT ( ( #4637 ) ) GLOBAL_UNIT_ASSIGNED_CONTEXT ( ( #7027, #4626, #3446 ) ) REPRESENTATION_CONTEXT ( 'NONE', 'WORKASPACE' ) );
#3687 = EDGE_CURVE ( 'NONE', #1253, #5559, #5758, .T. ) ;
#3688 = ADVANCED_FACE ( 'NONE', ( #5216 ), #769, .T. ) ;
#3689 =( LENGTH_UNIT ( ) NAMED_UNIT ( * ) SI_UNIT ( .MILLI., .METRE. ) );
#3690 =( LENGTH_UNIT ( ) NAMED_UNIT ( * ) SI_UNIT ( .MILLI., .METRE. ) );
#3691 =( NAMED_UNIT ( * ) SI_UNIT ( $, .STERADIAN. ) SOLID_ANGLE_UNIT ( ) );
#3692 =( NAMED_UNIT ( * ) PLANE_ANGLE_UNIT ( ) SI_UNIT ( $, .RADIAN. ) );
#3693 = PLANE ( 'NONE',  #1925 ) ;
#3694 = CARTESIAN_POINT ( 'NONE',  ( -0.1047519866487489071, -0.8363568399817442600, 0.000000000000000000 ) ) ;
#3695 = DIRECTION ( 'NONE',  ( 1.084202172485503325E-16, -1.000000000000000000, 0.000000000000000000 ) ) ;
#3696 =( LENGTH_UNIT ( ) NAMED_UNIT ( * ) SI_UNIT ( .MILLI., .METRE. ) );
#3697 = ADVANCED_FACE ( 'NONE', ( #4484 ), #144, .T. ) ;
#3698 = SURFACE_STYLE_USAGE ( .BOTH. , #4986 ) ;
#3699 = VECTOR ( 'NONE', #5714, 1000.000000000000000 ) ;
#3700 = PRESENTATION_STYLE_ASSIGNMENT (( #5676 ) ) ;
#3701 = ORIENTED_EDGE ( 'NONE', *, *, #4810, .F. ) ;
#3702 = PLANE ( 'NONE',  #4727 ) ;
#3703 = DIRECTION ( 'NONE',  ( 1.000000000000000000, 3.942553354492747475E-16, 0.000000000000000000 ) ) ;
#3704 = FILL_AREA_STYLE_COLOUR ( '', #5486 ) ;
#3705 = AXIS2_PLACEMENT_3D ( 'NONE', #2122, #6640, #5876 ) ;
#3706 = CARTESIAN_POINT ( 'NONE',  ( -0.07125614662442127101, -0.8995257652094864609, 0.01000000000000000021 ) ) ;
#3707 = ORIENTED_EDGE ( 'NONE', *, *, #2915, .T. ) ;
#3708 = FILL_AREA_STYLE ('',( #3746 ) ) ;
#3709 = EDGE_LOOP ( 'NONE', ( #6212, #1935, #3190, #5573 ) ) ;
#3710 = VECTOR ( 'NONE', #294, 1000.000000000000000 ) ;
#3711 = VECTOR ( 'NONE', #3786, 1000.000000000000000 ) ;
#3712 = DIRECTION ( 'NONE',  ( -1.000000000000000000, 0.000000000000000000, 0.000000000000000000 ) ) ;
#3713 = FILL_AREA_STYLE_COLOUR ( '', #2334 ) ;
#3714 =( NAMED_UNIT ( * ) PLANE_ANGLE_UNIT ( ) SI_UNIT ( $, .RADIAN. ) );
#3715 = LINE ( 'NONE', #5608, #7372 ) ;
#3716 = ORIENTED_EDGE ( 'NONE', *, *, #2881, .T. ) ;
#3717 = CARTESIAN_POINT ( 'NONE',  ( 0.01611046922923725991, -0.8214769847216816245, 0.000000000000000000 ) ) ;
#3718 = FACE_OUTER_BOUND ( 'NONE', #3645, .T. ) ;
#3719 = CARTESIAN_POINT ( 'NONE',  ( 0.06931099021976462604, -0.8203050189315548302, 0.000000000000000000 ) ) ;
#3720 = AXIS2_PLACEMENT_3D ( 'NONE', #7289, #7945, #4842 ) ;
#3721 = CARTESIAN_POINT ( 'NONE',  ( -0.07370308912861724127, -0.8105423241608420426, 0.000000000000000000 ) ) ;
#3722 = ORIENTED_EDGE ( 'NONE', *, *, #163, .F. ) ;
#3723 = DIRECTION ( 'NONE',  ( 0.000000000000000000, 0.000000000000000000, 1.000000000000000000 ) ) ;
#3724 = ORIENTED_EDGE ( 'NONE', *, *, #3321, .F. ) ;
#3725 = DIRECTION ( 'NONE',  ( 1.000000000000000000, 0.000000000000000000, 0.000000000000000000 ) ) ;
#3726 = UNCERTAINTY_MEASURE_WITH_UNIT (LENGTH_MEASURE( 1.000000000000000082E-05 ), #2411, 'distance_accuracy_value', 'NONE');
#3727 = CARTESIAN_POINT ( 'NONE',  ( 0.09133408188617592183, -0.9099063518200916079, 0.01000000000000000021 ) ) ;
#3728 = VECTOR ( 'NONE', #4101, 1000.000000000000000 ) ;
#3729 =( NAMED_UNIT ( * ) PLANE_ANGLE_UNIT ( ) SI_UNIT ( $, .RADIAN. ) );
#3730 = VECTOR ( 'NONE', #3703, 1000.000000000000000 ) ;
#3731 = CARTESIAN_POINT ( 'NONE',  ( 1.010000000000000231, -0.8750000000000000000, -0.02000000000000000042 ) ) ;
#3732 = EDGE_CURVE ( 'NONE', #7369, #7427, #844, .T. ) ;
#3733 = EDGE_CURVE ( 'NONE', #3095, #7473, #429, .T. ) ;
#3734 =( GEOMETRIC_REPRESENTATION_CONTEXT ( 3 ) GLOBAL_UNCERTAINTY_ASSIGNED_CONTEXT ( ( #7985 ) ) GLOBAL_UNIT_ASSIGNED_CONTEXT ( ( #1864, #1163, #7526 ) ) REPRESENTATION_CONTEXT ( 'NONE', 'WORKASPACE' ) );
#3735 = MECHANICAL_DESIGN_GEOMETRIC_PRESENTATION_REPRESENTATION (  '', ( #3067 ), #4541 ) ;
#3736 = LINE ( 'NONE', #7482, #2638 ) ;
#3737 = VERTEX_POINT ( 'NONE', #7878 ) ;
#3738 = AXIS2_PLACEMENT_3D ( 'NONE', #3610, #427, #347 ) ;
#3739 = CARTESIAN_POINT ( 'NONE',  ( -0.7350000000000005418, -0.1250000000000001110, 0.000000000000000000 ) ) ;
#3740 =( LENGTH_UNIT ( ) NAMED_UNIT ( * ) SI_UNIT ( .MILLI., .METRE. ) );
#3741 = LINE ( 'NONE', #3194, #2795 ) ;
#3742 = EDGE_CURVE ( 'NONE', #3973, #7826, #894, .T. ) ;
#3743 = PRESENTATION_LAYER_ASSIGNMENT (  '', '', ( #4294 ) ) ;
#3744 = CARTESIAN_POINT ( 'NONE',  ( -0.1739238295512506027, -0.8297086920387548581, 0.01000000000000000021 ) ) ;
#3745 = FILL_AREA_STYLE_COLOUR ( '', #52 ) ;
#3746 = FILL_AREA_STYLE_COLOUR ( '', #1943 ) ;
#3747 = ORIENTED_EDGE ( 'NONE', *, *, #1495, .T. ) ;
#3748 = PRESENTATION_STYLE_ASSIGNMENT (( #6908 ) ) ;
#3749 = COLOUR_RGB ( '',0.8313725490196077761, 0.8313725490196077761, 0.8196078431372548767 ) ;
#3750 = SURFACE_SIDE_STYLE ('',( #4386 ) ) ;
#3751 = PLANE ( 'NONE',  #3653 ) ;
#3752 =( NAMED_UNIT ( * ) SI_UNIT ( $, .STERADIAN. ) SOLID_ANGLE_UNIT ( ) );
#3753 =( LENGTH_UNIT ( ) NAMED_UNIT ( * ) SI_UNIT ( .MILLI., .METRE. ) );
#3754 = ORIENTED_EDGE ( 'NONE', *, *, #1939, .F. ) ;
#3755 =( NAMED_UNIT ( * ) SI_UNIT ( $, .STERADIAN. ) SOLID_ANGLE_UNIT ( ) );
#3756 = PRESENTATION_LAYER_ASSIGNMENT (  '', '', ( #198 ) ) ;
#3757 = FILL_AREA_STYLE_COLOUR ( '', #7459 ) ;
#3758 = CARTESIAN_POINT ( 'NONE',  ( 0.08805848298776952632, -0.8112485058975412722, 0.009999999999999998473 ) ) ;
#3759 = CARTESIAN_POINT ( 'NONE',  ( 0.04903729849752992698, -0.8943428383802182191, 0.000000000000000000 ) ) ;
#3760 = CARTESIAN_POINT ( 'NONE',  ( -1.010000000000000231, -0.6250000000000001110, -0.02000000000000000042 ) ) ;
#3761 = CARTESIAN_POINT ( 'NONE',  ( -0.08258771010935446466, -0.8112325095562900046, 0.000000000000000000 ) ) ;
#3762 = COLOUR_RGB ( '',0.8313725490196077761, 0.8313725490196077761, 0.8196078431372548767 ) ;
#3763 = ORIENTED_EDGE ( 'NONE', *, *, #6991, .T. ) ;
#3764 = FILL_AREA_STYLE ('',( #6347 ) ) ;
#3765 = ORIENTED_EDGE ( 'NONE', *, *, #4468, .T. ) ;
#3766 = FILL_AREA_STYLE_COLOUR ( '', #2629 ) ;
#3767 =( LENGTH_UNIT ( ) NAMED_UNIT ( * ) SI_UNIT ( .MILLI., .METRE. ) );
#3768 = CARTESIAN_POINT ( 'NONE',  ( 0.1038182974839252509, -0.9041913435794918241, 0.01000000000000000021 ) ) ;
#3769 = PLANE ( 'NONE',  #3617 ) ;
#3770 = LINE ( 'NONE', #6850, #6672 ) ;
#3771 = STYLED_ITEM ( 'NONE', ( #1814 ), #4411 ) ;
#3772 = MECHANICAL_DESIGN_GEOMETRIC_PRESENTATION_REPRESENTATION (  '', ( #746 ), #2975 ) ;
#3773 = CARTESIAN_POINT ( 'NONE',  ( -0.1106172301729310137, -0.8640567136737035137, 0.000000000000000000 ) ) ;
#3774 = AXIS2_PLACEMENT_3D ( 'NONE', #425, #2937, #3725 ) ;
#3775 = CARTESIAN_POINT ( 'NONE',  ( -1.010000000000000231, -0.8750000000000000000, 0.2500000000000000000 ) ) ;
#3776 = FILL_AREA_STYLE_COLOUR ( '', #5700 ) ;
#3777 = STYLED_ITEM ( 'NONE', ( #1661 ), #7679 ) ;
#3778 = CARTESIAN_POINT ( 'NONE',  ( 0.1697690058146031078, 0.000000000000000000, 0.01000000000000000021 ) ) ;
#3779 = PRESENTATION_LAYER_ASSIGNMENT (  '', '', ( #2717 ) ) ;
#3780 = CARTESIAN_POINT ( 'NONE',  ( -0.7350000000000006528, 0.3749999999999998890, -0.02000000000000000042 ) ) ;
#3781 = PRESENTATION_LAYER_ASSIGNMENT (  '', '', ( #2335 ) ) ;
#3782 = EDGE_CURVE ( 'NONE', #6360, #3263, #4816, .T. ) ;
#3783 = LINE ( 'NONE', #3235, #5100 ) ;
#3784 = VERTEX_POINT ( 'NONE', #2893 ) ;
#3785 = EDGE_CURVE ( 'NONE', #5864, #3416, #3154, .T. ) ;
#3786 = DIRECTION ( 'NONE',  ( -1.000000000000000000, 0.000000000000000000, -0.000000000000000000 ) ) ;
#3787 = AXIS2_PLACEMENT_3D ( 'NONE', #5757, #2655, #66 ) ;
#3788 = FILL_AREA_STYLE_COLOUR ( '', #5452 ) ;
#3789 =( NAMED_UNIT ( * ) PLANE_ANGLE_UNIT ( ) SI_UNIT ( $, .RADIAN. ) );
#3790 = DIRECTION ( 'NONE',  ( 0.000000000000000000, 0.000000000000000000, -1.000000000000000000 ) ) ;
#3791 = DIRECTION ( 'NONE',  ( 1.000000000000000000, 0.000000000000000000, 0.000000000000000000 ) ) ;
#3792 =( NAMED_UNIT ( * ) PLANE_ANGLE_UNIT ( ) SI_UNIT ( $, .RADIAN. ) );
#3793 =( GEOMETRIC_REPRESENTATION_CONTEXT ( 3 ) GLOBAL_UNCERTAINTY_ASSIGNED_CONTEXT ( ( #787 ) ) GLOBAL_UNIT_ASSIGNED_CONTEXT ( ( #2507, #4218, #5478 ) ) REPRESENTATION_CONTEXT ( 'NONE', 'WORKASPACE' ) );
#3794 = FACE_OUTER_BOUND ( 'NONE', #1243, .T. ) ;
#3795 = EDGE_CURVE ( 'NONE', #6707, #515, #5263, .T. ) ;
#3796 =( NAMED_UNIT ( * ) PLANE_ANGLE_UNIT ( ) SI_UNIT ( $, .RADIAN. ) );
#3797 = CARTESIAN_POINT ( 'NONE',  ( 0.9999999999999991118, 0.6250000000000000000, 0.5300000000000000266 ) ) ;
#3798 = PRESENTATION_LAYER_ASSIGNMENT (  '', '', ( #5639 ) ) ;
#3799 = CARTESIAN_POINT ( 'NONE',  ( -0.1240138809298189093, -0.8648348328941803942, 0.000000000000000000 ) ) ;
#3800 = EDGE_LOOP ( 'NONE', ( #2211, #843, #7908, #1909 ) ) ;
#3801 = VERTEX_POINT ( 'NONE', #2243 ) ;
#3802 = DIRECTION ( 'NONE',  ( 0.000000000000000000, -1.000000000000000000, 0.000000000000000000 ) ) ;
#3803 = EDGE_CURVE ( 'NONE', #6617, #4231, #2118, .T. ) ;
#3804 = SURFACE_SIDE_STYLE ('',( #4471 ) ) ;
#3805 = CARTESIAN_POINT ( 'NONE',  ( 0.1234275423999689758, -0.8623878078924133161, 0.009999999999999998473 ) ) ;
#3806 = CARTESIAN_POINT ( 'NONE',  ( 0.07140053064853890685, -0.8202734265861936214, 0.000000000000000000 ) ) ;
#3807 = DIRECTION ( 'NONE',  ( 1.000000000000000000, 0.000000000000000000, 0.000000000000000000 ) ) ;
#3808 = VERTEX_POINT ( 'NONE', #299 ) ;
#3809 = FILL_AREA_STYLE ('',( #1998 ) ) ;
#3810 = EDGE_LOOP ( 'NONE', ( #7825, #6839, #3763, #5075, #4646, #1700 ) ) ;
#3811 = PLANE ( 'NONE',  #5932 ) ;
#3812 = DIRECTION ( 'NONE',  ( -1.000000000000000000, 0.000000000000000000, 0.000000000000000000 ) ) ;
#3813 = UNCERTAINTY_MEASURE_WITH_UNIT (LENGTH_MEASURE( 1.000000000000000082E-05 ), #2174, 'distance_accuracy_value', 'NONE');
#3814 = DIRECTION ( 'NONE',  ( -0.000000000000000000, -0.000000000000000000, 1.000000000000000000 ) ) ;
#3815 = CARTESIAN_POINT ( 'NONE',  ( -1.000000000000000666, -0.1250000000000001110, 0.5300000000000000266 ) ) ;
#3816 = CARTESIAN_POINT ( 'NONE',  ( -0.1081917437488316980, -0.8763465698690319217, 0.000000000000000000 ) ) ;
#3817 = CARTESIAN_POINT ( 'NONE',  ( -0.7621383144406077559, 1.010000000000002673, 0.07773384608415166708 ) ) ;
#3818 = DIRECTION ( 'NONE',  ( 1.000000000000000000, 0.000000000000000000, 0.000000000000000000 ) ) ;
#3819 = FACE_OUTER_BOUND ( 'NONE', #2038, .T. ) ;
#3820 = UNCERTAINTY_MEASURE_WITH_UNIT (LENGTH_MEASURE( 1.000000000000000082E-05 ), #2950, 'distance_accuracy_value', 'NONE');
#3821 = CARTESIAN_POINT ( 'NONE',  ( 0.04903729849752992698, -0.8943428383802182191, 0.000000000000000000 ) ) ;
#3822 = ORIENTED_EDGE ( 'NONE', *, *, #2236, .T. ) ;
#3823 = DIRECTION ( 'NONE',  ( 1.000000000000000000, 0.000000000000000000, 0.000000000000000000 ) ) ;
#3824 = DIRECTION ( 'NONE',  ( 0.000000000000000000, -0.000000000000000000, -1.000000000000000000 ) ) ;
#3825 = PRESENTATION_STYLE_ASSIGNMENT (( #3867 ) ) ;
#3826 =( NAMED_UNIT ( * ) PLANE_ANGLE_UNIT ( ) SI_UNIT ( $, .RADIAN. ) );
#3827 = DIRECTION ( 'NONE',  ( -0.000000000000000000, -0.000000000000000000, 1.000000000000000000 ) ) ;
#3828 = STYLED_ITEM ( 'NONE', ( #1463 ), #5846 ) ;
#3829 =( NAMED_UNIT ( * ) SI_UNIT ( $, .STERADIAN. ) SOLID_ANGLE_UNIT ( ) );
#3830 = DIRECTION ( 'NONE',  ( -1.000000000000000000, 0.000000000000000000, 0.000000000000000000 ) ) ;
#3831 = AXIS2_PLACEMENT_3D ( 'NONE', #3068, #6813, #4342 ) ;
#3832 = VECTOR ( 'NONE', #5323, 1000.000000000000000 ) ;
#3833 =( NAMED_UNIT ( * ) SI_UNIT ( $, .STERADIAN. ) SOLID_ANGLE_UNIT ( ) );
#3834 = SURFACE_SIDE_STYLE ('',( #3877 ) ) ;
#3835 = ORIENTED_EDGE ( 'NONE', *, *, #3599, .F. ) ;
#3836 = EDGE_CURVE ( 'NONE', #6429, #98, #7224, .T. ) ;
#3837 = EDGE_CURVE ( 'NONE', #4440, #3801, #1633, .T. ) ;
#3838 = UNCERTAINTY_MEASURE_WITH_UNIT (LENGTH_MEASURE( 1.000000000000000082E-05 ), #7074, 'distance_accuracy_value', 'NONE');
#3839 = ORIENTED_EDGE ( 'NONE', *, *, #7964, .T. ) ;
#3840 =( NAMED_UNIT ( * ) SI_UNIT ( $, .STERADIAN. ) SOLID_ANGLE_UNIT ( ) );
#3841 = UNCERTAINTY_MEASURE_WITH_UNIT (LENGTH_MEASURE( 1.000000000000000082E-05 ), #6186, 'distance_accuracy_value', 'NONE');
#3842 = DIRECTION ( 'NONE',  ( 0.000000000000000000, 0.000000000000000000, -1.000000000000000000 ) ) ;
#3843 = CARTESIAN_POINT ( 'NONE',  ( 0.06263286833092136796, -0.8097988790188859198, 0.000000000000000000 ) ) ;
#3844 = CARTESIAN_POINT ( 'NONE',  ( -0.1924451710146652395, -0.8714769847216816689, 0.000000000000000000 ) ) ;
#3845 = DIRECTION ( 'NONE',  ( -0.000000000000000000, 1.000000000000000000, -0.000000000000000000 ) ) ;
#3846 = DIRECTION ( 'NONE',  ( 1.000000000000000000, 0.000000000000000000, 0.000000000000000000 ) ) ;
#3847 = PLANE ( 'NONE',  #2056 ) ;
#3848 = EDGE_CURVE ( 'NONE', #4645, #1515, #5421, .T. ) ;
#3849 = ORIENTED_EDGE ( 'NONE', *, *, #463, .F. ) ;
#3850 = DIRECTION ( 'NONE',  ( -1.000000000000000000, 0.000000000000000000, -0.000000000000000000 ) ) ;
#3851 = VERTEX_POINT ( 'NONE', #5344 ) ;
#3852 = PLANE ( 'NONE',  #7751 ) ;
#3853 = DIRECTION ( 'NONE',  ( -0.000000000000000000, -0.000000000000000000, 1.000000000000000000 ) ) ;
#3854 = VECTOR ( 'NONE', #7091, 1000.000000000000000 ) ;
#3855 = CARTESIAN_POINT ( 'NONE',  ( 0.06931099021976462604, -0.8203050189315548302, 0.01000000000000000021 ) ) ;
#3856 = COLOUR_RGB ( '',0.8313725490196077761, 0.8313725490196077761, 0.8196078431372548767 ) ;
#3857 = CARTESIAN_POINT ( 'NONE',  ( -0.000000000000000000, -0.9105013749655840316, 0.01000000000000000021 ) ) ;
#3858 = CARTESIAN_POINT ( 'NONE',  ( 0.7350000000000006528, 0.6750000000000000444, -0.02000000000000000042 ) ) ;
#3859 = VECTOR ( 'NONE', #1475, 1000.000000000000000 ) ;
#3860 = CARTESIAN_POINT ( 'NONE',  ( -0.1049228437114506640, -0.8832420283526452032, 0.000000000000000000 ) ) ;
#3861 = VERTEX_POINT ( 'NONE', #7750 ) ;
#3862 = FILL_AREA_STYLE ('',( #6292 ) ) ;
#3863 = CARTESIAN_POINT ( 'NONE',  ( 0.04903729849752992698, -0.8943428383802182191, 0.01000000000000000021 ) ) ;
#3864 = ORIENTED_EDGE ( 'NONE', *, *, #2330, .F. ) ;
#3865 = MECHANICAL_DESIGN_GEOMETRIC_PRESENTATION_REPRESENTATION (  '', ( #7401 ), #5184 ) ;
#3866 = SURFACE_STYLE_FILL_AREA ( #1352 ) ;
#3867 = SURFACE_STYLE_USAGE ( .BOTH. , #4419 ) ;
#3868 = SURFACE_SIDE_STYLE ('',( #7523 ) ) ;
#3869 = DIRECTION ( 'NONE',  ( 0.000000000000000000, -1.000000000000000000, 0.000000000000000000 ) ) ;
#3870 =( NAMED_UNIT ( * ) SI_UNIT ( $, .STERADIAN. ) SOLID_ANGLE_UNIT ( ) );
#3871 = AXIS2_PLACEMENT_3D ( 'NONE', #4126, #7966, #7271 ) ;
#3872 = PRESENTATION_LAYER_ASSIGNMENT (  '', '', ( #3472 ) ) ;
#3873 = CARTESIAN_POINT ( 'NONE',  ( 0.07655254239996896193, -0.9117208871607059839, 0.01000000000000000021 ) ) ;
#3874 = AXIS2_PLACEMENT_3D ( 'NONE', #2904, #5966, #2294 ) ;
#3875 = VECTOR ( 'NONE', #3845, 1000.000000000000000 ) ;
#3876 = CARTESIAN_POINT ( 'NONE',  ( 0.01611046922923725991, -0.8995257652094864609, 0.01000000000000000021 ) ) ;
#3877 = SURFACE_STYLE_FILL_AREA ( #1870 ) ;
#3878 = VERTEX_POINT ( 'NONE', #1558 ) ;
#3879 =( GEOMETRIC_REPRESENTATION_CONTEXT ( 3 ) GLOBAL_UNCERTAINTY_ASSIGNED_CONTEXT ( ( #1740 ) ) GLOBAL_UNIT_ASSIGNED_CONTEXT ( ( #2793, #3462, #7209 ) ) REPRESENTATION_CONTEXT ( 'NONE', 'WORKASPACE' ) );
#3880 = EDGE_LOOP ( 'NONE', ( #4832, #3595, #7798, #4953, #3236 ) ) ;
#3881 = VECTOR ( 'NONE', #1525, 1000.000000000000000 ) ;
#3882 = MECHANICAL_DESIGN_GEOMETRIC_PRESENTATION_REPRESENTATION (  '', ( #3485 ), #7031 ) ;
#3883 = PRESENTATION_STYLE_ASSIGNMENT (( #5120 ) ) ;
#3884 = EDGE_CURVE ( 'NONE', #5919, #7845, #3400, .T. ) ;
#3885 =( NAMED_UNIT ( * ) SI_UNIT ( $, .STERADIAN. ) SOLID_ANGLE_UNIT ( ) );
#3886 = EDGE_CURVE ( 'NONE', #5568, #1709, #4118, .T. ) ;
#3887 = DIRECTION ( 'NONE',  ( -0.000000000000000000, -0.000000000000000000, 1.000000000000000000 ) ) ;
#3888 = SURFACE_STYLE_FILL_AREA ( #7000 ) ;
#3889 = SURFACE_STYLE_USAGE ( .BOTH. , #5736 ) ;
#3890 = FILL_AREA_STYLE ('',( #2613 ) ) ;
#3891 = ORIENTED_EDGE ( 'NONE', *, *, #2522, .T. ) ;
#3892 =( NAMED_UNIT ( * ) SI_UNIT ( $, .STERADIAN. ) SOLID_ANGLE_UNIT ( ) );
#3893 = ORIENTED_EDGE ( 'NONE', *, *, #5315, .F. ) ;
#3894 = DIRECTION ( 'NONE',  ( 0.000000000000000000, 0.000000000000000000, -1.000000000000000000 ) ) ;
#3895 = LINE ( 'NONE', #3223, #213 ) ;
#3896 = UNCERTAINTY_MEASURE_WITH_UNIT (LENGTH_MEASURE( 1.000000000000000082E-05 ), #7737, 'distance_accuracy_value', 'NONE');
#3897 = CARTESIAN_POINT ( 'NONE',  ( 0.06317902157895924353, -0.8211107433617420570, 0.01000000000000000021 ) ) ;
#3898 = ADVANCED_FACE ( 'NONE', ( #2770 ), #2162, .F. ) ;
#3899 = LINE ( 'NONE', #6432, #2003 ) ;
#3900 = STYLED_ITEM ( 'NONE', ( #310 ), #7165 ) ;
#3901 = CARTESIAN_POINT ( 'NONE',  ( -0.1003311327357079147, -0.8890535557603277406, 0.000000000000000000 ) ) ;
#3902 = ORIENTED_EDGE ( 'NONE', *, *, #5268, .F. ) ;
#3903 = CARTESIAN_POINT ( 'NONE',  ( -0.1241334332097871751, -0.8592437530143645086, 0.000000000000000000 ) ) ;
#3904 = CARTESIAN_POINT ( 'NONE',  ( 0.7350000000000005418, -0.1750000000000000167, -0.02000000000000000042 ) ) ;
#3905 = CARTESIAN_POINT ( 'NONE',  ( -0.7621383144406077559, 1.000000000000002665, 0.07773384608415166708 ) ) ;
#3906 = EDGE_LOOP ( 'NONE', ( #3893, #2356, #300, #1963 ) ) ;
#3907 = ADVANCED_FACE ( 'NONE', ( #5626 ), #1672, .F. ) ;
#3908 = VECTOR ( 'NONE', #4439, 1000.000000000000000 ) ;
#3909 = VECTOR ( 'NONE', #6329, 1000.000000000000000 ) ;
#3910 = DIRECTION ( 'NONE',  ( 1.000000000000000000, 0.000000000000000000, 0.000000000000000000 ) ) ;
#3911 = CARTESIAN_POINT ( 'NONE',  ( 0.000000000000000000, 0.1250000000000000000, 0.000000000000000000 ) ) ;
#3912 = STYLED_ITEM ( 'NONE', ( #7928 ), #7805 ) ;
#3913 =( NAMED_UNIT ( * ) PLANE_ANGLE_UNIT ( ) SI_UNIT ( $, .RADIAN. ) );
#3914 = CARTESIAN_POINT ( 'NONE',  ( -0.1012982839092839704, -0.9027133052948586034, 0.01000000000000000021 ) ) ;
#3915 = PRESENTATION_STYLE_ASSIGNMENT (( #2133 ) ) ;
#3916 = VECTOR ( 'NONE', #2377, 1000.000000000000000 ) ;
#3917 = VECTOR ( 'NONE', #5726, 1000.000000000000000 ) ;
#3918 = COLOUR_RGB ( '',0.8313725490196077761, 0.8313725490196077761, 0.8196078431372548767 ) ;
#3919 = CIRCLE ( 'NONE', #6280, 0.04999999999999991257 ) ;
#3920 = PRESENTATION_STYLE_ASSIGNMENT (( #1410 ) ) ;
#3921 = MECHANICAL_DESIGN_GEOMETRIC_PRESENTATION_REPRESENTATION (  '', ( #491 ), #623 ) ;
#3922 = CARTESIAN_POINT ( 'NONE',  ( 0.7621383144406077559, 1.010000000000002673, 0.07773384608415166708 ) ) ;
#3923 =( NAMED_UNIT ( * ) PLANE_ANGLE_UNIT ( ) SI_UNIT ( $, .RADIAN. ) );
#3924 = STYLED_ITEM ( 'NONE', ( #5974 ), #6893 ) ;
#3925 = UNCERTAINTY_MEASURE_WITH_UNIT (LENGTH_MEASURE( 1.000000000000000082E-05 ), #5801, 'distance_accuracy_value', 'NONE');
#3926 = ORIENTED_EDGE ( 'NONE', *, *, #5662, .F. ) ;
#3927 = CARTESIAN_POINT ( 'NONE',  ( -1.000000000000000888, 0.3749999999999997780, 0.2500000000000000000 ) ) ;
#3928 = CARTESIAN_POINT ( 'NONE',  ( 0.1234275423999689758, -0.8623878078924133161, 0.000000000000000000 ) ) ;
#3929 = CARTESIAN_POINT ( 'NONE',  ( 0.05960874319686388506, -0.8102485411924787995, 0.000000000000000000 ) ) ;
#3930 = SURFACE_STYLE_USAGE ( .BOTH. , #1421 ) ;
#3931 = SURFACE_SIDE_STYLE ('',( #4938 ) ) ;
#3932 = ORIENTED_EDGE ( 'NONE', *, *, #4265, .T. ) ;
#3933 = CARTESIAN_POINT ( 'NONE',  ( 1.010000000000000453, -0.3750000000000000000, -0.02000000000000000042 ) ) ;
#3934 = ORIENTED_EDGE ( 'NONE', *, *, #3232, .T. ) ;
#3935 = ORIENTED_EDGE ( 'NONE', *, *, #3936, .F. ) ;
#3936 = EDGE_CURVE ( 'NONE', #5451, #287, #6017, .T. ) ;
#3937 = EDGE_CURVE ( 'NONE', #8107, #6749, #4890, .T. ) ;
#3938 =( NAMED_UNIT ( * ) SI_UNIT ( $, .STERADIAN. ) SOLID_ANGLE_UNIT ( ) );
#3939 = CARTESIAN_POINT ( 'NONE',  ( 0.7621383144406077559, 1.010000000000002673, 0.07773384608415166708 ) ) ;
#3940 = B_SPLINE_CURVE_WITH_KNOTS ( 'NONE', 3,
 ( #7988, #2311, #540, #1744, #6746, #7290, #6788, #1703, #5572, #8022, #4918, #1659, #6142, #502, #372, #7946, #6669, #3002, #4228 ),
 .UNSPECIFIED., .F., .F.,
 ( 4, 1, 1, 1, 1, 1, 1, 1, 1, 1, 1, 1, 1, 1, 1, 1, 4 ),
 ( 0.000000000000000000, 0.07377411937406361253, 0.1440791147260406802, 0.2113485183089113262, 0.2760768857398833154, 0.3385209158196765267, 0.3998851166931334800, 0.4602540674652136343, 0.5205889643912484654, 0.5802076845630447233, 0.6386329085525459526, 0.6963645494905241762, 0.7540017746600126136, 0.8128056813744979348, 0.8727544255255601513, 0.9351819969782670938, 1.000000000000000000 ),
 .UNSPECIFIED. ) ;
#3941 =( NAMED_UNIT ( * ) SI_UNIT ( $, .STERADIAN. ) SOLID_ANGLE_UNIT ( ) );
#3942 =( NAMED_UNIT ( * ) PLANE_ANGLE_UNIT ( ) SI_UNIT ( $, .RADIAN. ) );
#3943 = LINE ( 'NONE', #2736, #4263 ) ;
#3944 = SURFACE_SIDE_STYLE ('',( #2006 ) ) ;
#3945 = VERTEX_POINT ( 'NONE', #1802 ) ;
#3946 = CARTESIAN_POINT ( 'NONE',  ( -0.1221352334582669064, -0.8753577556962801598, 0.000000000000000000 ) ) ;
#3947 = EDGE_CURVE ( 'NONE', #4440, #1253, #1183, .T. ) ;
#3948 = B_SPLINE_CURVE_WITH_KNOTS ( 'NONE', 3,
 ( #7703, #293, #3302, #254, #4613, #5910, #5294, #6431, #2735, #2083, #2239, #6514, #4025, #7745, #7131, #7090, #4112, #7257, #1591 ),
 .UNSPECIFIED., .F., .F.,
 ( 4, 1, 1, 1, 1, 1, 1, 1, 1, 1, 1, 1, 1, 1, 1, 1, 4 ),
 ( 0.000000000000000000, 0.06863117867660104010, 0.1345664660386768630, 0.1983281540108809970, 0.2607897666408446335, 0.3219991514841585856, 0.3827217465030195997, 0.4435374740357292400, 0.5051334294849251227, 0.5662138747646717762, 0.6261058646175462483, 0.6853493221605172492, 0.7449958703477983502, 0.8054158418145639375, 0.8676362663459531444, 0.9323077823023293575, 1.000000000000000000 ),
 .UNSPECIFIED. ) ;
#3949 = EDGE_CURVE ( 'NONE', #7960, #6218, #4267, .T. ) ;
#3950 = ORIENTED_EDGE ( 'NONE', *, *, #1130, .F. ) ;
#3951 = CYLINDRICAL_SURFACE ( 'NONE', #587, 0.04999999999999991257 ) ;
#3952 = CARTESIAN_POINT ( 'NONE',  ( -0.09458329005860199867, -0.8936696437527957837, 0.01000000000000000021 ) ) ;
#3953 = SURFACE_STYLE_USAGE ( .BOTH. , #6949 ) ;
#3954 = CARTESIAN_POINT ( 'NONE',  ( -0.6850000000000008304, 0.6750000000000000444, -0.02000000000000000042 ) ) ;
#3955 = EDGE_CURVE ( 'NONE', #7519, #6313, #1299, .T. ) ;
#3956 = CARTESIAN_POINT ( 'NONE',  ( 0.07646800388095024992, -0.8203437434677440798, 0.000000000000000000 ) ) ;
#3957 = VECTOR ( 'NONE', #6122, 1000.000000000000000 ) ;
#3958 = SURFACE_STYLE_FILL_AREA ( #1449 ) ;
#3959 = CARTESIAN_POINT ( 'NONE',  ( 0.1831836399609446109, -0.8105013749655840538, 0.01000000000000000021 ) ) ;
#3960 = FACE_OUTER_BOUND ( 'NONE', #1042, .T. ) ;
#3961 = DIRECTION ( 'NONE',  ( 1.000000000000000000, 0.000000000000000000, 0.000000000000000000 ) ) ;
#3962 = FILL_AREA_STYLE_COLOUR ( '', #4375 ) ;
#3963 = MECHANICAL_DESIGN_GEOMETRIC_PRESENTATION_REPRESENTATION (  '', ( #2379 ), #4765 ) ;
#3964 = ORIENTED_EDGE ( 'NONE', *, *, #2570, .T. ) ;
#3965 = UNCERTAINTY_MEASURE_WITH_UNIT (LENGTH_MEASURE( 1.000000000000000082E-05 ), #1338, 'distance_accuracy_value', 'NONE');
#3966 = PRESENTATION_LAYER_ASSIGNMENT (  '', '', ( #5412 ) ) ;
#3967 = CARTESIAN_POINT ( 'NONE',  ( -0.1556311466244213182, -0.8824525944777792397, 0.01000000000000000021 ) ) ;
#3968 = CARTESIAN_POINT ( 'NONE',  ( 0.05145616191922380150, -0.8122634074127402792, 0.000000000000000000 ) ) ;
#3969 = SURFACE_STYLE_FILL_AREA ( #792 ) ;
#3970 =( NAMED_UNIT ( * ) PLANE_ANGLE_UNIT ( ) SI_UNIT ( $, .RADIAN. ) );
#3971 = ORIENTED_EDGE ( 'NONE', *, *, #5002, .T. ) ;
#3972 = CYLINDRICAL_SURFACE ( 'NONE', #5888, 0.05000000000000002359 ) ;
#3973 = VERTEX_POINT ( 'NONE', #7586 ) ;
#3974 = ORIENTED_EDGE ( 'NONE', *, *, #4665, .T. ) ;
#3975 = CARTESIAN_POINT ( 'NONE',  ( -0.07180873808783594381, -0.8214769847216816245, 0.01000000000000000021 ) ) ;
#3976 = PRESENTATION_STYLE_ASSIGNMENT (( #5946 ) ) ;
#3977 = CARTESIAN_POINT ( 'NONE',  ( 0.04992533706030581608, -0.8261438942518019024, 0.000000000000000000 ) ) ;
#3978 = FILL_AREA_STYLE_COLOUR ( '', #4813 ) ;
#3979 = FACE_OUTER_BOUND ( 'NONE', #2684, .T. ) ;
#3980 = LINE ( 'NONE', #803, #2182 ) ;
#3981 = ORIENTED_EDGE ( 'NONE', *, *, #1471, .T. ) ;
#3982 = CARTESIAN_POINT ( 'NONE',  ( 0.01611046922923725991, -0.8995257652094864609, 0.000000000000000000 ) ) ;
#3983 = CARTESIAN_POINT ( 'NONE',  ( -1.000000000000000888, 0.3749999999999998890, 0.5300000000000000266 ) ) ;
#3984 = ORIENTED_EDGE ( 'NONE', *, *, #3181, .F. ) ;
#3985 = CARTESIAN_POINT ( 'NONE',  ( -0.1755244393073481235, -0.8226964969168035768, 0.01000000000000000021 ) ) ;
#3986 = COLOUR_RGB ( '',0.8313725490196077761, 0.8313725490196077761, 0.8196078431372548767 ) ;
#3987 = EDGE_LOOP ( 'NONE', ( #3342, #4224, #7990, #3217 ) ) ;
#3988 = DIRECTION ( 'NONE',  ( -1.000000000000000000, 0.000000000000000000, 0.000000000000000000 ) ) ;
#3989 = PLANE ( 'NONE',  #5303 ) ;
#3990 = EDGE_CURVE ( 'NONE', #6178, #5063, #5085, .T. ) ;
#3991 = DIRECTION ( 'NONE',  ( 0.000000000000000000, 0.000000000000000000, -1.000000000000000000 ) ) ;
#3992 = CARTESIAN_POINT ( 'NONE',  ( -1.010000000000000453, -0.1250000000000001110, -0.02000000000000000042 ) ) ;
#3993 = EDGE_CURVE ( 'NONE', #6597, #3030, #6881, .T. ) ;
#3994 =( LENGTH_UNIT ( ) NAMED_UNIT ( * ) SI_UNIT ( .MILLI., .METRE. ) );
#3995 =( NAMED_UNIT ( * ) PLANE_ANGLE_UNIT ( ) SI_UNIT ( $, .RADIAN. ) );
#3996 = VECTOR ( 'NONE', #6596, 1000.000000000000000 ) ;
#3997 =( NAMED_UNIT ( * ) PLANE_ANGLE_UNIT ( ) SI_UNIT ( $, .RADIAN. ) );
#3998 = DIRECTION ( 'NONE',  ( -1.000000000000000000, 0.000000000000000000, 0.000000000000000000 ) ) ;
#3999 = DIRECTION ( 'NONE',  ( 0.000000000000000000, 1.000000000000000000, 0.000000000000000000 ) ) ;
#4000 = EDGE_CURVE ( 'NONE', #5222, #2847, #276, .T. ) ;
#4001 =( GEOMETRIC_REPRESENTATION_CONTEXT ( 3 ) GLOBAL_UNCERTAINTY_ASSIGNED_CONTEXT ( ( #1167 ) ) GLOBAL_UNIT_ASSIGNED_CONTEXT ( ( #1283, #3796, #651 ) ) REPRESENTATION_CONTEXT ( 'NONE', 'WORKASPACE' ) );
#4002 = PLANE ( 'NONE',  #2606 ) ;
#4003 = DIRECTION ( 'NONE',  ( -0.000000000000000000, -0.000000000000000000, 1.000000000000000000 ) ) ;
#4004 = PRESENTATION_LAYER_ASSIGNMENT (  '', '', ( #1901 ) ) ;
#4005 = EDGE_LOOP ( 'NONE', ( #4272, #2856, #3849, #875 ) ) ;
#4006 = UNCERTAINTY_MEASURE_WITH_UNIT (LENGTH_MEASURE( 1.000000000000000082E-05 ), #1050, 'distance_accuracy_value', 'NONE');
#4007 = ORIENTED_EDGE ( 'NONE', *, *, #3678, .F. ) ;
#4008 = PRESENTATION_LAYER_ASSIGNMENT (  '', '', ( #838 ) ) ;
#4009 = CIRCLE ( 'NONE', #1780, 0.04999999999999991257 ) ;
#4010 = CARTESIAN_POINT ( 'NONE',  ( 0.4076060066089044476, -1.010000000000002673, 0.1817582956874659594 ) ) ;
#4011 = EDGE_CURVE ( 'NONE', #182, #5961, #97, .T. ) ;
#4012 = CARTESIAN_POINT ( 'NONE',  ( 0.04903729849752992698, -0.8943428383802182191, 0.000000000000000000 ) ) ;
#4013 = DIRECTION ( 'NONE',  ( 0.000000000000000000, -0.000000000000000000, -1.000000000000000000 ) ) ;
#4014 = VERTEX_POINT ( 'NONE', #635 ) ;
#4015 = DIRECTION ( 'NONE',  ( -0.000000000000000000, -0.000000000000000000, 1.000000000000000000 ) ) ;
#4017 = ORIENTED_EDGE ( 'NONE', *, *, #1743, .F. ) ;
#4016 = AXIS2_PLACEMENT_3D ( 'NONE', #7581, #4013, #2232 ) ;
#4018 = AXIS2_PLACEMENT_3D ( 'NONE', #3225, #6889, #1433 ) ;
#4019 = EDGE_LOOP ( 'NONE', ( #6548, #2289, #4028, #7711, #1559, #4017, #2360, #1953 ) ) ;
#4020 = CARTESIAN_POINT ( 'NONE',  ( -0.08757914203029729117, -0.8237949007326325068, 0.000000000000000000 ) ) ;
#4021 =( NAMED_UNIT ( * ) PLANE_ANGLE_UNIT ( ) SI_UNIT ( $, .RADIAN. ) );
#4022 =( NAMED_UNIT ( * ) PLANE_ANGLE_UNIT ( ) SI_UNIT ( $, .RADIAN. ) );
#4023 = CARTESIAN_POINT ( 'NONE',  ( -0.1739238295512506027, -0.8297086920387548581, 0.01000000000000000021 ) ) ;
#4024 = VECTOR ( 'NONE', #4288, 1000.000000000000000 ) ;
#4025 = CARTESIAN_POINT ( 'NONE',  ( -0.1184125666316004910, -0.8348908370008306656, 0.01000000000000000021 ) ) ;
#4026 = FACE_OUTER_BOUND ( 'NONE', #3111, .T. ) ;
#4027 = SURFACE_STYLE_FILL_AREA ( #3349 ) ;
#4028 = ORIENTED_EDGE ( 'NONE', *, *, #7208, .F. ) ;
#4029 = CARTESIAN_POINT ( 'NONE',  ( -0.1158119426948674563, -0.8889712594174321580, 0.01000000000000000021 ) ) ;
#4030 = VERTEX_POINT ( 'NONE', #4477 ) ;
#4031 = DIRECTION ( 'NONE',  ( -0.000000000000000000, 0.000000000000000000, 1.000000000000000000 ) ) ;
#4032 = EDGE_LOOP ( 'NONE', ( #4358, #2246, #4316, #1476 ) ) ;
#4033 =( NAMED_UNIT ( * ) SI_UNIT ( $, .STERADIAN. ) SOLID_ANGLE_UNIT ( ) );
#4034 = CARTESIAN_POINT ( 'NONE',  ( 0.1831836399609446109, -0.8105013749655840538, 0.000000000000000000 ) ) ;
#4035 =( NAMED_UNIT ( * ) SI_UNIT ( $, .STERADIAN. ) SOLID_ANGLE_UNIT ( ) );
#4036 = DIRECTION ( 'NONE',  ( 0.000000000000000000, 0.000000000000000000, -1.000000000000000000 ) ) ;
#4037 = CARTESIAN_POINT ( 'NONE',  ( 1.010000000000000231, -0.8750000000000000000, 0.2500000000000000000 ) ) ;
#4038 = FILL_AREA_STYLE_COLOUR ( '', #2322 ) ;
#4039 = SURFACE_STYLE_USAGE ( .BOTH. , #4090 ) ;
#4040 = VECTOR ( 'NONE', #7956, 1000.000000000000000 ) ;
#4041 = CARTESIAN_POINT ( 'NONE',  ( -0.1758483722341773747, -0.8226964969168035768, 0.000000000000000000 ) ) ;
#4042 = ADVANCED_FACE ( 'NONE', ( #2143 ), #3218, .F. ) ;
#4043 = ADVANCED_FACE ( 'NONE', ( #3417 ), #4676, .F. ) ;
#4044 = VECTOR ( 'NONE', #3684, 1000.000000000000000 ) ;
#4045 = DIRECTION ( 'NONE',  ( 0.000000000000000000, -1.000000000000000000, 0.000000000000000000 ) ) ;
#4046 = STYLED_ITEM ( 'NONE', ( #5629 ), #6478 ) ;
#4047 = STYLED_ITEM ( 'NONE', ( #5492 ), #7705 ) ;
#4048 = SURFACE_STYLE_USAGE ( .BOTH. , #5277 ) ;
#4049 =( NAMED_UNIT ( * ) SI_UNIT ( $, .STERADIAN. ) SOLID_ANGLE_UNIT ( ) );
#4050 = SURFACE_SIDE_STYLE ('',( #238 ) ) ;
#4051 = CIRCLE ( 'NONE', #3370, 0.04999999999999991257 ) ;
#4052 = COLOUR_RGB ( '',0.8313725490196077761, 0.8313725490196077761, 0.8196078431372548767 ) ;
#4053 = CARTESIAN_POINT ( 'NONE',  ( 0.6850000000000008304, 0.3250000000000000111, -0.02000000000000000042 ) ) ;
#4054 = STYLED_ITEM ( 'NONE', ( #3748 ), #2027 ) ;
#4055 = FILL_AREA_STYLE ('',( #5324 ) ) ;
#4056 = ORIENTED_EDGE ( 'NONE', *, *, #6434, .F. ) ;
#4057 = CARTESIAN_POINT ( 'NONE',  ( -0.1241334332097871751, -0.8592437530143645086, 0.000000000000000000 ) ) ;
#4058 = VECTOR ( 'NONE', #6398, 1000.000000000000000 ) ;
#4059 = B_SPLINE_SURFACE_WITH_KNOTS ( 'NONE', 3, 1, ( 
 ( #3903, #1929 ),
 ( #2046, #4573 ),
 ( #7017, #7058 ),
 ( #6406, #768 ),
 ( #3946, #3435 ),
 ( #4655, #4697 ),
 ( #5953, #1012 ),
 ( #3525, #4029 ),
 ( #3351, #7223 ),
 ( #5420, #7136 ),
 ( #2087, #223 ),
 ( #7837, #2740 ),
 ( #5915, #5262 ),
 ( #3399, #7793 ),
 ( #6519, #2857 ),
 ( #1474, #382 ),
 ( #257, #6045 ),
 ( #7178, #2812 ),
 ( #2769, #7749 ) ),
 .UNSPECIFIED., .F., .F., .F.,
 ( 4, 1, 1, 1, 1, 1, 1, 1, 1, 1, 1, 1, 1, 1, 1, 1, 4 ),
 ( 2, 2 ),
 ( 0.000000000000000000, 0.06806869584499457282, 0.1334274328189550829, 0.1961460338131570114, 0.2570485924493124963, 0.3168826631591622478, 0.3761872086663219372, 0.4359603353635462253, 0.4965352368627262147, 0.5574653434807335106, 0.6176868634101474465, 0.6779436406969060469, 0.7388052848060403521, 0.8009493367665840857, 0.8648146674702263947, 0.9310247810786568268, 1.000000000000000000 ),
 ( 0.000000000000000000, 1.000000000000000000 ),
 .UNSPECIFIED. ) ;
#4060 = VERTEX_POINT ( 'NONE', #6101 ) ;
#4061 = PRESENTATION_LAYER_ASSIGNMENT (  '', '', ( #1821 ) ) ;
#4062 = ADVANCED_FACE ( 'NONE', ( #5402 ), #6580, .F. ) ;
#4063 = MECHANICAL_DESIGN_GEOMETRIC_PRESENTATION_REPRESENTATION (  '', ( #2717 ), #5240 ) ;
#4064 = VECTOR ( 'NONE', #6366, 1000.000000000000000 ) ;
#4065 = DIRECTION ( 'NONE',  ( -0.000000000000000000, -0.000000000000000000, 1.000000000000000000 ) ) ;
#4066 = CARTESIAN_POINT ( 'NONE',  ( 0.000000000000000000, 0.000000000000000000, 0.01000000000000000021 ) ) ;
#4067 = STYLED_ITEM ( 'NONE', ( #5454 ), #6592 ) ;
#4068 =( NAMED_UNIT ( * ) SI_UNIT ( $, .STERADIAN. ) SOLID_ANGLE_UNIT ( ) );
#4069 = VERTEX_POINT ( 'NONE', #368 ) ;
#4070 = ORIENTED_EDGE ( 'NONE', *, *, #1027, .T. ) ;
#4071 = EDGE_CURVE ( 'NONE', #7093, #5790, #7361, .T. ) ;
#4072 = COLOUR_RGB ( '',0.8313725490196077761, 0.8313725490196077761, 0.8196078431372548767 ) ;
#4073 = CARTESIAN_POINT ( 'NONE',  ( -0.2070602624780798762, -0.9105013749655840316, 0.000000000000000000 ) ) ;
#4074 = SURFACE_STYLE_FILL_AREA ( #2153 ) ;
#4075 = CARTESIAN_POINT ( 'NONE',  ( 0.05806978467302419122, -0.9092775946350829530, 0.01000000000000000021 ) ) ;
#4076 = CARTESIAN_POINT ( 'NONE',  ( 0.08405289097027779377, -0.8217440203595155479, 0.000000000000000000 ) ) ;
#4077 = FILL_AREA_STYLE ('',( #3978 ) ) ;
#4078 = LINE ( 'NONE', #7092, #7305 ) ;
#4079 = ORIENTED_EDGE ( 'NONE', *, *, #3222, .F. ) ;
#4080 = DIRECTION ( 'NONE',  ( 0.000000000000000000, -1.000000000000000000, 0.000000000000000000 ) ) ;
#4081 = ORIENTED_EDGE ( 'NONE', *, *, #2179, .T. ) ;
#4082 =( NAMED_UNIT ( * ) SI_UNIT ( $, .STERADIAN. ) SOLID_ANGLE_UNIT ( ) );
#4083 = VERTEX_POINT ( 'NONE', #4875 ) ;
#4084 = DIRECTION ( 'NONE',  ( 1.000000000000000000, 1.084202172485503325E-16, -0.000000000000000000 ) ) ;
#4085 = CARTESIAN_POINT ( 'NONE',  ( 0.1697690058146031078, -0.8105013749655840538, 0.01000000000000000021 ) ) ;
#4086 = CARTESIAN_POINT ( 'NONE',  ( -0.1826700185756408301, -0.8105013749655840538, 0.000000000000000000 ) ) ;
#4087 = CARTESIAN_POINT ( 'NONE',  ( -0.1826700185756408301, -0.8105013749655840538, 0.01000000000000000021 ) ) ;
#4088 = DIRECTION ( 'NONE',  ( 1.000000000000000000, 0.000000000000000000, 0.000000000000000000 ) ) ;
#4089 = PRESENTATION_STYLE_ASSIGNMENT (( #7310 ) ) ;
#4090 = SURFACE_SIDE_STYLE ('',( #5314 ) ) ;
#4091 =( NAMED_UNIT ( * ) PLANE_ANGLE_UNIT ( ) SI_UNIT ( $, .RADIAN. ) );
#4092 = CARTESIAN_POINT ( 'NONE',  ( 0.6850000000000008304, 0.1750000000000000167, -0.02000000000000000042 ) ) ;
#4093 =( NAMED_UNIT ( * ) PLANE_ANGLE_UNIT ( ) SI_UNIT ( $, .RADIAN. ) );
#4094 = CARTESIAN_POINT ( 'NONE',  ( -0.1766088893565883611, -0.8268270514773681246, 0.01000000000000000021 ) ) ;
#4095 = CARTESIAN_POINT ( 'NONE',  ( -1.010000000000000453, -0.3750000000000000000, -0.02000000000000000042 ) ) ;
#4096 = FACE_OUTER_BOUND ( 'NONE', #5401, .T. ) ;
#4097 = ORIENTED_EDGE ( 'NONE', *, *, #5205, .T. ) ;
#4098 = CARTESIAN_POINT ( 'NONE',  ( 0.07791934179723479514, -0.8094063229096444267, 0.000000000000000000 ) ) ;
#4099 = VECTOR ( 'NONE', #4818, 1000.000000000000000 ) ;
#4100 = ORIENTED_EDGE ( 'NONE', *, *, #6099, .F. ) ;
#4101 = DIRECTION ( 'NONE',  ( -1.000000000000000000, 0.000000000000000000, 0.000000000000000000 ) ) ;
#4102 = SURFACE_STYLE_FILL_AREA ( #5861 ) ;
#4103 = DIRECTION ( 'NONE',  ( 3.942553354492747475E-16, -1.000000000000000000, 0.000000000000000000 ) ) ;
#4104 = EDGE_CURVE ( 'NONE', #6749, #5449, #2837, .T. ) ;
#4105 = EDGE_CURVE ( 'NONE', #7575, #7390, #5247, .T. ) ;
#4106 = ORIENTED_EDGE ( 'NONE', *, *, #7898, .T. ) ;
#4107 = SURFACE_STYLE_FILL_AREA ( #923 ) ;
#4108 = ORIENTED_EDGE ( 'NONE', *, *, #4724, .T. ) ;
#4109 = MECHANICAL_DESIGN_GEOMETRIC_PRESENTATION_REPRESENTATION (  '', ( #7623 ), #938 ) ;
#4110 = LINE ( 'NONE', #5340, #3639 ) ;
#4111 = CARTESIAN_POINT ( 'NONE',  ( 0.04903729849752992698, -0.9053184481363156788, 0.01000000000000000021 ) ) ;
#4112 = CARTESIAN_POINT ( 'NONE',  ( -0.1240154640909517797, -0.8538865529316674863, 0.01000000000000000021 ) ) ;
#4113 = EDGE_CURVE ( 'NONE', #996, #6461, #5980, .T. ) ;
#4114 = STYLED_ITEM ( 'NONE', ( #1192 ), #6068 ) ;
#4115 = DIRECTION ( 'NONE',  ( -0.000000000000000000, -0.000000000000000000, 1.000000000000000000 ) ) ;
#4116 = ORIENTED_EDGE ( 'NONE', *, *, #3733, .F. ) ;
#4117 = CARTESIAN_POINT ( 'NONE',  ( -0.1969421222341773969, -0.8824525944777792397, 0.000000000000000000 ) ) ;
#4118 = LINE ( 'NONE', #7794, #7133 ) ;
#4119 = VERTEX_POINT ( 'NONE', #3626 ) ;
#4120 = CARTESIAN_POINT ( 'NONE',  ( -0.1748156995667304592, -0.8266386796399650683, 0.000000000000000000 ) ) ;
#4121 = STYLED_ITEM ( 'NONE', ( #6632 ), #1178 ) ;
#4122 = VECTOR ( 'NONE', #5026, 1000.000000000000000 ) ;
#4123 = CARTESIAN_POINT ( 'NONE',  ( 0.09777979973290550075, -0.8926758197721380572, 0.01000000000000000021 ) ) ;
#4124 = ORIENTED_EDGE ( 'NONE', *, *, #7546, .F. ) ;
#4125 = CARTESIAN_POINT ( 'NONE',  ( 0.000000000000000000, 0.000000000000000000, 0.01000000000000000021 ) ) ;
#4126 = CARTESIAN_POINT ( 'NONE',  ( -0.7350000000000006528, 0.3250000000000000111, 0.2500000000000000000 ) ) ;
#4127 = CARTESIAN_POINT ( 'NONE',  ( 0.6850000000000007194, -0.1750000000000000167, -0.02000000000000000042 ) ) ;
#4128 = SURFACE_SIDE_STYLE ('',( #1566 ) ) ;
#4129 =( LENGTH_UNIT ( ) NAMED_UNIT ( * ) SI_UNIT ( .MILLI., .METRE. ) );
#4130 = SURFACE_SIDE_STYLE ('',( #2176 ) ) ;
#4131 = CARTESIAN_POINT ( 'NONE',  ( -0.07186590272198228879, -0.8105013749655840538, 0.000000000000000000 ) ) ;
#4132 = COLOUR_RGB ( '',0.8313725490196077761, 0.8313725490196077761, 0.8196078431372548767 ) ;
#4133 = DIRECTION ( 'NONE',  ( 1.084202172485503325E-16, -1.000000000000000000, 0.000000000000000000 ) ) ;
#4134 = LINE ( 'NONE', #2303, #209 ) ;
#4135 = ORIENTED_EDGE ( 'NONE', *, *, #5051, .F. ) ;
#4136 = CARTESIAN_POINT ( 'NONE',  ( 0.1226212422558810994, -0.8510669257868619386, 0.000000000000000000 ) ) ;
#4137 = ORIENTED_EDGE ( 'NONE', *, *, #6542, .T. ) ;
#4138 = STYLED_ITEM ( 'NONE', ( #6032 ), #2968 ) ;
#4139 = SURFACE_STYLE_FILL_AREA ( #954 ) ;
#4140 = VECTOR ( 'NONE', #3666, 1000.000000000000000 ) ;
#4141 = ORIENTED_EDGE ( 'NONE', *, *, #621, .F. ) ;
#4142 = CARTESIAN_POINT ( 'NONE',  ( 0.7350000000000005418, -0.8750000000000000000, -0.02000000000000000042 ) ) ;
#4143 = ORIENTED_EDGE ( 'NONE', *, *, #4710, .T. ) ;
#4144 = VECTOR ( 'NONE', #6648, 1000.000000000000000 ) ;
#4145 = PRESENTATION_LAYER_ASSIGNMENT (  '', '', ( #7407 ) ) ;
#4146 = CARTESIAN_POINT ( 'NONE',  ( 0.06420350826096950236, -0.8998945438643541905, 0.01000000000000000021 ) ) ;
#4147 = EDGE_CURVE ( 'NONE', #7006, #406, #2916, .T. ) ;
#4148 = ADVANCED_FACE ( 'NONE', ( #2227 ), #6618, .F. ) ;
#4149 = DIRECTION ( 'NONE',  ( 0.000000000000000000, 0.000000000000000000, -1.000000000000000000 ) ) ;
#4150 = STYLED_ITEM ( 'NONE', ( #2574 ), #2490 ) ;
#4151 = CARTESIAN_POINT ( 'NONE',  ( 0.9999999999999993339, -1.000000000000002665, 0.000000000000000000 ) ) ;
#4152 =( NAMED_UNIT ( * ) PLANE_ANGLE_UNIT ( ) SI_UNIT ( $, .RADIAN. ) );
#4153 =( LENGTH_UNIT ( ) NAMED_UNIT ( * ) SI_UNIT ( .MILLI., .METRE. ) );
#4154 = AXIS2_PLACEMENT_3D ( 'NONE', #3385, #2722, #5203 ) ;
#4155 =( LENGTH_UNIT ( ) NAMED_UNIT ( * ) SI_UNIT ( .MILLI., .METRE. ) );
#4156 = ORIENTED_EDGE ( 'NONE', *, *, #7952, .F. ) ;
#4157 = LINE ( 'NONE', #1632, #5493 ) ;
#4158 = VECTOR ( 'NONE', #3842, 1000.000000000000000 ) ;
#4159 = ORIENTED_EDGE ( 'NONE', *, *, #6100, .T. ) ;
#4160 = FACE_OUTER_BOUND ( 'NONE', #3424, .T. ) ;
#4161 = MECHANICAL_DESIGN_GEOMETRIC_PRESENTATION_REPRESENTATION (  '', ( #6625 ), #3483 ) ;
#4162 = ADVANCED_FACE ( 'NONE', ( #613 ), #4423, .T. ) ;
#4163 = VECTOR ( 'NONE', #7553, 1000.000000000000000 ) ;
#4164 = CARTESIAN_POINT ( 'NONE',  ( 0.07470421922923725644, -0.9007452774046084132, 0.01000000000000000021 ) ) ;
#4165 = ORIENTED_EDGE ( 'NONE', *, *, #6637, .T. ) ;
#4166 = PRESENTATION_STYLE_ASSIGNMENT (( #6052 ) ) ;
#4167 = FILL_AREA_STYLE_COLOUR ( '', #8116 ) ;
#4168 = SURFACE_STYLE_USAGE ( .BOTH. , #1103 ) ;
#4169 = UNCERTAINTY_MEASURE_WITH_UNIT (LENGTH_MEASURE( 1.000000000000000082E-05 ), #3382, 'distance_accuracy_value', 'NONE');
#4170 = DIRECTION ( 'NONE',  ( -1.000000000000000000, -0.000000000000000000, -0.000000000000000000 ) ) ;
#4171 = LINE ( 'NONE', #6647, #3386 ) ;
#4172 = CARTESIAN_POINT ( 'NONE',  ( 0.6850000000000008304, 0.000000000000000000, 0.000000000000000000 ) ) ;
#4173 = CARTESIAN_POINT ( 'NONE',  ( 0.08405289097027779377, -0.8217440203595155479, 0.01000000000000000021 ) ) ;
#4174 = EDGE_CURVE ( 'NONE', #404, #3784, #5567, .T. ) ;
#4175 = CARTESIAN_POINT ( 'NONE',  ( 0.07349667717266160361, -0.9007294233498662761, 0.01000000000000000021 ) ) ;
#4176 = SURFACE_STYLE_USAGE ( .BOTH. , #5973 ) ;
#4177 =( LENGTH_UNIT ( ) NAMED_UNIT ( * ) SI_UNIT ( .MILLI., .METRE. ) );
#4178 = SURFACE_STYLE_FILL_AREA ( #7238 ) ;
#4179 = VECTOR ( 'NONE', #5390, 1000.000000000000000 ) ;
#4180 =( LENGTH_UNIT ( ) NAMED_UNIT ( * ) SI_UNIT ( .MILLI., .METRE. ) );
#4181 = ORIENTED_EDGE ( 'NONE', *, *, #6334, .T. ) ;
#4182 = CARTESIAN_POINT ( 'NONE',  ( 0.09723179073113101534, -0.8149069578250212054, 0.000000000000000000 ) ) ;
#4183 = PRESENTATION_LAYER_ASSIGNMENT (  '', '', ( #3364 ) ) ;
#4184 = ORIENTED_EDGE ( 'NONE', *, *, #4916, .F. ) ;
#4185 = CARTESIAN_POINT ( 'NONE',  ( 0.06931099021976462604, -0.8203050189315548302, 0.01000000000000000021 ) ) ;
#4186 = STYLED_ITEM ( 'NONE', ( #7321 ), #194 ) ;
#4187 = MECHANICAL_DESIGN_GEOMETRIC_PRESENTATION_REPRESENTATION (  '', ( #745 ), #614 ) ;
#4188 =( GEOMETRIC_REPRESENTATION_CONTEXT ( 3 ) GLOBAL_UNCERTAINTY_ASSIGNED_CONTEXT ( ( #6691 ) ) GLOBAL_UNIT_ASSIGNED_CONTEXT ( ( #5009, #4394, #2523 ) ) REPRESENTATION_CONTEXT ( 'NONE', 'WORKASPACE' ) );
#4189 = VECTOR ( 'NONE', #136, 1000.000000000000000 ) ;
#4190 = EDGE_LOOP ( 'NONE', ( #3964, #1843, #7665, #6137 ) ) ;
#4191 = DIRECTION ( 'NONE',  ( -1.000000000000000000, -0.000000000000000000, -0.000000000000000000 ) ) ;
#4192 = AXIS2_PLACEMENT_3D ( 'NONE', #4312, #7252, #6624 ) ;
#4193 = ORIENTED_EDGE ( 'NONE', *, *, #6845, .T. ) ;
#4194 = FILL_AREA_STYLE_COLOUR ( '', #3426 ) ;
#4195 = COLOUR_RGB ( '',0.8313725490196077761, 0.8313725490196077761, 0.8196078431372548767 ) ;
#4196 = PLANE ( 'NONE',  #4455 ) ;
#4197 = CARTESIAN_POINT ( 'NONE',  ( 0.1041814553154874479, -0.8374838462606799538, 0.000000000000000000 ) ) ;
#4198 = SURFACE_SIDE_STYLE ('',( #1665 ) ) ;
#4199 = EDGE_CURVE ( 'NONE', #4083, #3338, #6301, .T. ) ;
#4200 = MECHANICAL_DESIGN_GEOMETRIC_PRESENTATION_REPRESENTATION (  '', ( #5764 ), #3793 ) ;
#4201 = ORIENTED_EDGE ( 'NONE', *, *, #5856, .F. ) ;
#4202 = DIRECTION ( 'NONE',  ( 0.000000000000000000, -0.000000000000000000, 1.000000000000000000 ) ) ;
#4203 = ORIENTED_EDGE ( 'NONE', *, *, #7462, .F. ) ;
#4204 =( NAMED_UNIT ( * ) SI_UNIT ( $, .STERADIAN. ) SOLID_ANGLE_UNIT ( ) );
#4205 = CARTESIAN_POINT ( 'NONE',  ( 0.1045929463233953582, -0.8844320334729952604, 0.01000000000000000021 ) ) ;
#4206 = VERTEX_POINT ( 'NONE', #650 ) ;
#4207 = AXIS2_PLACEMENT_3D ( 'NONE', #4244, #1102, #5387 ) ;
#4208 = SURFACE_STYLE_USAGE ( .BOTH. , #6767 ) ;
#4209 = CARTESIAN_POINT ( 'NONE',  ( -0.6850000000000008304, 0.000000000000000000, 0.000000000000000000 ) ) ;
#4210 =( NAMED_UNIT ( * ) PLANE_ANGLE_UNIT ( ) SI_UNIT ( $, .RADIAN. ) );
#4211 = ADVANCED_FACE ( 'NONE', ( #5682 ), #6823, .F. ) ;
#4212 = EDGE_CURVE ( 'NONE', #1790, #6807, #6593, .T. ) ;
#4213 = DIRECTION ( 'NONE',  ( 0.3363908276654493101, -0.9417224702971431771, 0.000000000000000000 ) ) ;
#4214 = FACE_OUTER_BOUND ( 'NONE', #5832, .T. ) ;
#4215 = FILL_AREA_STYLE ('',( #2380 ) ) ;
#4216 = ORIENTED_EDGE ( 'NONE', *, *, #8040, .F. ) ;
#4217 = CARTESIAN_POINT ( 'NONE',  ( -0.1221360879056426763, -0.8438310770282602125, 0.01000000000000000194 ) ) ;
#4218 =( NAMED_UNIT ( * ) PLANE_ANGLE_UNIT ( ) SI_UNIT ( $, .RADIAN. ) );
#4219 =( NAMED_UNIT ( * ) SI_UNIT ( $, .STERADIAN. ) SOLID_ANGLE_UNIT ( ) );
#4220 = ADVANCED_FACE ( 'NONE', ( #7071 ), #2596, .F. ) ;
#4221 = DIRECTION ( 'NONE',  ( -0.000000000000000000, 0.000000000000000000, -1.000000000000000000 ) ) ;
#4222 = ORIENTED_EDGE ( 'NONE', *, *, #4548, .T. ) ;
#4223 = CARTESIAN_POINT ( 'NONE',  ( -0.000000000000000000, -0.8995257652094864609, 0.01000000000000000021 ) ) ;
#4224 = ORIENTED_EDGE ( 'NONE', *, *, #2761, .T. ) ;
#4225 = UNCERTAINTY_MEASURE_WITH_UNIT (LENGTH_MEASURE( 1.000000000000000082E-05 ), #4667, 'distance_accuracy_value', 'NONE');
#4226 = FILL_AREA_STYLE_COLOUR ( '', #8071 ) ;
#4227 = SURFACE_STYLE_FILL_AREA ( #2310 ) ;
#4228 = CARTESIAN_POINT ( 'NONE',  ( 0.07470421922923725644, -0.9007452774046084132, 0.000000000000000000 ) ) ;
#4229 = EDGE_LOOP ( 'NONE', ( #3558, #6702, #6880, #178, #3747, #892 ) ) ;
#4230 = LINE ( 'NONE', #6106, #4323 ) ;
#4231 = VERTEX_POINT ( 'NONE', #4540 ) ;
#4232 = VECTOR ( 'NONE', #5745, 1000.000000000000000 ) ;
#4233 = CARTESIAN_POINT ( 'NONE',  ( 0.09087161714881997199, -0.8245577951219246193, 0.01000000000000000021 ) ) ;
#4234 = DIRECTION ( 'NONE',  ( 0.000000000000000000, 0.000000000000000000, 1.000000000000000000 ) ) ;
#4235 = CARTESIAN_POINT ( 'NONE',  ( 1.010000000000000453, -0.3750000000000000000, 0.2500000000000000000 ) ) ;
#4236 = ORIENTED_EDGE ( 'NONE', *, *, #6550, .T. ) ;
#4237 = CARTESIAN_POINT ( 'NONE',  ( -0.07083693930734810684, -0.9105013749655840316, 0.000000000000000000 ) ) ;
#4238 =( GEOMETRIC_REPRESENTATION_CONTEXT ( 3 ) GLOBAL_UNCERTAINTY_ASSIGNED_CONTEXT ( ( #3380 ) ) GLOBAL_UNIT_ASSIGNED_CONTEXT ( ( #546, #3046, #3755 ) ) REPRESENTATION_CONTEXT ( 'NONE', 'WORKASPACE' ) );
#4239 = EDGE_LOOP ( 'NONE', ( #8016, #6727, #5374, #4141 ) ) ;
#4240 = CARTESIAN_POINT ( 'NONE',  ( 0.1003128545683409784, -0.8902022545611228965, 0.01000000000000000021 ) ) ;
#4241 = ORIENTED_EDGE ( 'NONE', *, *, #1118, .T. ) ;
#4242 = VECTOR ( 'NONE', #642, 1000.000000000000000 ) ;
#4243 = PLANE ( 'NONE',  #7674 ) ;
#4244 = CARTESIAN_POINT ( 'NONE',  ( -0.7350000000000006528, 0.6750000000000000444, -0.02000000000000000042 ) ) ;
#4245 = AXIS2_PLACEMENT_3D ( 'NONE', #4125, #4580, #7848 ) ;
#4246 = CARTESIAN_POINT ( 'NONE',  ( 0.07655254239996896193, -0.9117208871607059839, 0.01000000000000000021 ) ) ;
#4247 = CARTESIAN_POINT ( 'NONE',  ( -0.09724090261653960121, -0.8287483343864318064, 0.000000000000000000 ) ) ;
#4248 = CARTESIAN_POINT ( 'NONE',  ( 0.9999999999999991118, 0.9999999999999991118, 0.2500000000000000000 ) ) ;
#4249 = DIRECTION ( 'NONE',  ( 1.000000000000000000, 3.942553354492744024E-16, 0.000000000000000000 ) ) ;
#4250 = LINE ( 'NONE', #1107, #402 ) ;
#4251 = ADVANCED_FACE ( 'NONE', ( #5111 ), #2664, .F. ) ;
#4252 = LINE ( 'NONE', #4755, #6919 ) ;
#4253 = ORIENTED_EDGE ( 'NONE', *, *, #6955, .T. ) ;
#4254 = EDGE_CURVE ( 'NONE', #767, #1478, #5223, .T. ) ;
#4255 = DIRECTION ( 'NONE',  ( -0.000000000000000000, 0.000000000000000000, 1.000000000000000000 ) ) ;
#4256 =( NAMED_UNIT ( * ) SI_UNIT ( $, .STERADIAN. ) SOLID_ANGLE_UNIT ( ) );
#4257 = CARTESIAN_POINT ( 'NONE',  ( 0.05186592493227275280, -0.9068797347628351213, 0.000000000000000000 ) ) ;
#4258 =( NAMED_UNIT ( * ) PLANE_ANGLE_UNIT ( ) SI_UNIT ( $, .RADIAN. ) );
#4259 = FACE_OUTER_BOUND ( 'NONE', #3466, .T. ) ;
#4260 = EDGE_LOOP ( 'NONE', ( #7301, #2195, #7398, #447 ) ) ;
#4261 = CARTESIAN_POINT ( 'NONE',  ( 0.09277200712124475390, -0.8128322321840133480, 0.000000000000000000 ) ) ;
#4262 = VERTEX_POINT ( 'NONE', #5926 ) ;
#4263 = VECTOR ( 'NONE', #4694, 1000.000000000000000 ) ;
#4264 = CARTESIAN_POINT ( 'NONE',  ( 0.07520534303660976472, -0.9117050867796666624, 0.01000000000000000021 ) ) ;
#4265 = EDGE_CURVE ( 'NONE', #7225, #7662, #4787, .T. ) ;
#4266 = MECHANICAL_DESIGN_GEOMETRIC_PRESENTATION_REPRESENTATION (  '', ( #5689 ), #6338 ) ;
#4267 = B_SPLINE_CURVE_WITH_KNOTS ( 'NONE', 3,
 ( #517, #1093, #422, #3013, #7377, #1756, #5541, #5462, #6190, #5583, #8076, #2445, #4974, #7474, #1845, #4365, #6841, #7544, #6544 ),
 .UNSPECIFIED., .F., .F.,
 ( 4, 1, 1, 1, 1, 1, 1, 1, 1, 1, 1, 1, 1, 1, 1, 1, 4 ),
 ( 0.000000000000000000, 0.07082657255516333628, 0.1381690332797999021, 0.2024753315338419513, 0.2639737544135195568, 0.3233803205980364526, 0.3817976227131847922, 0.4393900745193887181, 0.4969027245459969322, 0.5546621696093696485, 0.6127418784921965234, 0.6715388363911721781, 0.7316557220901981351, 0.7942978116139519651, 0.8594822049793586771, 0.9276813254527891406, 1.000000000000000000 ),
 .UNSPECIFIED. ) ;
#4268 = MECHANICAL_DESIGN_GEOMETRIC_PRESENTATION_REPRESENTATION (  '', ( #5691 ), #3320 ) ;
#4269 = FILL_AREA_STYLE_COLOUR ( '', #4936 ) ;
#4270 = VERTEX_POINT ( 'NONE', #359 ) ;
#4271 = STYLED_ITEM ( 'NONE', ( #5765 ), #719 ) ;
#4272 = ORIENTED_EDGE ( 'NONE', *, *, #1379, .T. ) ;
#4273 = ORIENTED_EDGE ( 'NONE', *, *, #2120, .T. ) ;
#4274 =( GEOMETRIC_REPRESENTATION_CONTEXT ( 3 ) GLOBAL_UNCERTAINTY_ASSIGNED_CONTEXT ( ( #6103 ) ) GLOBAL_UNIT_ASSIGNED_CONTEXT ( ( #8021, #8061, #41 ) ) REPRESENTATION_CONTEXT ( 'NONE', 'WORKASPACE' ) );
#4275 = CARTESIAN_POINT ( 'NONE',  ( -0.3999999999999997446, 0.5050510257216823673, 0.000000000000000000 ) ) ;
#4276 =( NAMED_UNIT ( * ) SI_UNIT ( $, .STERADIAN. ) SOLID_ANGLE_UNIT ( ) );
#4277 = CARTESIAN_POINT ( 'NONE',  ( -1.010000000000000453, 0.3749999999999998890, -0.02000000000000000042 ) ) ;
#4278 = VECTOR ( 'NONE', #6821, 1000.000000000000000 ) ;
#4280 = ORIENTED_EDGE ( 'NONE', *, *, #4071, .F. ) ;
#4279 = VECTOR ( 'NONE', #989, 1000.000000000000000 ) ;
#4281 =( LENGTH_UNIT ( ) NAMED_UNIT ( * ) SI_UNIT ( .MILLI., .METRE. ) );
#4282 = ORIENTED_EDGE ( 'NONE', *, *, #5394, .F. ) ;
#4283 = PRESENTATION_LAYER_ASSIGNMENT (  '', '', ( #5064 ) ) ;
#4284 = CARTESIAN_POINT ( 'NONE',  ( -0.4499999999999998446, 5.831129184623334301E-17, 0.000000000000000000 ) ) ;
#4285 = LINE ( 'NONE', #6764, #6020 ) ;
#4286 =( NAMED_UNIT ( * ) PLANE_ANGLE_UNIT ( ) SI_UNIT ( $, .RADIAN. ) );
#4287 = AXIS2_PLACEMENT_3D ( 'NONE', #3992, #2660, #6527 ) ;
#4288 = DIRECTION ( 'NONE',  ( -0.000000000000000000, 0.000000000000000000, 1.000000000000000000 ) ) ;
#4289 = FACE_OUTER_BOUND ( 'NONE', #413, .T. ) ;
#4290 = DIRECTION ( 'NONE',  ( -0.000000000000000000, 0.000000000000000000, 1.000000000000000000 ) ) ;
#4291 = CARTESIAN_POINT ( 'NONE',  ( 0.07828844855511911394, -0.9116821714522209685, 0.000000000000000000 ) ) ;
#4292 = SURFACE_STYLE_USAGE ( .BOTH. , #4942 ) ;
#4293 = FILL_AREA_STYLE_COLOUR ( '', #5752 ) ;
#4294 = STYLED_ITEM ( 'NONE', ( #3205 ), #5196 ) ;
#4295 =( GEOMETRIC_REPRESENTATION_CONTEXT ( 3 ) GLOBAL_UNCERTAINTY_ASSIGNED_CONTEXT ( ( #6385 ) ) GLOBAL_UNIT_ASSIGNED_CONTEXT ( ( #1799, #4887, #7913 ) ) REPRESENTATION_CONTEXT ( 'NONE', 'WORKASPACE' ) );
#4296 = CARTESIAN_POINT ( 'NONE',  ( 0.07111571932325236323, -0.9006981632907424817, 0.000000000000000000 ) ) ;
#4297 = ORIENTED_EDGE ( 'NONE', *, *, #1928, .F. ) ;
#4298 = CARTESIAN_POINT ( 'NONE',  ( -1.000000000000000888, 0.3749999999999998890, 0.000000000000000000 ) ) ;
#4299 = CARTESIAN_POINT ( 'NONE',  ( -0.09243790711338577271, -0.8137347264101324473, 0.01000000000000000194 ) ) ;
#4300 = VECTOR ( 'NONE', #5511, 1000.000000000000000 ) ;
#4301 = CARTESIAN_POINT ( 'NONE',  ( 0.06867863547579254602, -0.9113567415048056120, 0.000000000000000000 ) ) ;
#4302 = CARTESIAN_POINT ( 'NONE',  ( 0.000000000000000000, -1.010000000000002673, 0.000000000000000000 ) ) ;
#4303 = ORIENTED_EDGE ( 'NONE', *, *, #1367, .T. ) ;
#4304 = EDGE_CURVE ( 'NONE', #2799, #6147, #2946, .T. ) ;
#4305 = EDGE_CURVE ( 'NONE', #1478, #4792, #5472, .T. ) ;
#4306 = SURFACE_SIDE_STYLE ('',( #6863 ) ) ;
#4307 = VERTEX_POINT ( 'NONE', #271 ) ;
#4308 = UNCERTAINTY_MEASURE_WITH_UNIT (LENGTH_MEASURE( 1.000000000000000082E-05 ), #6505, 'distance_accuracy_value', 'NONE');
#4309 = MECHANICAL_DESIGN_GEOMETRIC_PRESENTATION_REPRESENTATION (  '', ( #2832 ), #2443 ) ;
#4310 = PRESENTATION_STYLE_ASSIGNMENT (( #2514 ) ) ;
#4311 = ORIENTED_EDGE ( 'NONE', *, *, #3947, .F. ) ;
#4312 = CARTESIAN_POINT ( 'NONE',  ( -1.010000000000000453, -0.1250000000000001110, -0.02000000000000000042 ) ) ;
#4313 = EDGE_CURVE ( 'NONE', #7047, #3851, #284, .T. ) ;
#4314 = ADVANCED_FACE ( 'NONE', ( #2343 ), #4868, .F. ) ;
#4315 = EDGE_LOOP ( 'NONE', ( #7940, #2436, #6108, #7160, #420, #3822 ) ) ;
#4316 = ORIENTED_EDGE ( 'NONE', *, *, #455, .T. ) ;
#4317 = CARTESIAN_POINT ( 'NONE',  ( -0.1066079697987687286, -0.8394980928246538188, 0.01000000000000000021 ) ) ;
#4318 = COLOUR_RGB ( '',0.8313725490196077761, 0.8313725490196077761, 0.8196078431372548767 ) ;
#4319 =( LENGTH_UNIT ( ) NAMED_UNIT ( * ) SI_UNIT ( .MILLI., .METRE. ) );
#4320 = CARTESIAN_POINT ( 'NONE',  ( 0.07437619058474521927, -0.8093238852718074305, 0.009999999999999998473 ) ) ;
#4321 = MECHANICAL_DESIGN_GEOMETRIC_PRESENTATION_REPRESENTATION (  '', ( #4581 ), #5628 ) ;
#4322 = DIRECTION ( 'NONE',  ( 1.000000000000000000, 0.000000000000000000, 0.000000000000000000 ) ) ;
#4323 = VECTOR ( 'NONE', #542, 1000.000000000000000 ) ;
#4324 = VECTOR ( 'NONE', #6616, 1000.000000000000000 ) ;
#4325 = ADVANCED_FACE ( 'NONE', ( #4412 ), #6771, .F. ) ;
#4326 = AXIS2_PLACEMENT_3D ( 'NONE', #6177, #3827, #3037 ) ;
#4327 = VERTEX_POINT ( 'NONE', #1726 ) ;
#4328 = UNCERTAINTY_MEASURE_WITH_UNIT (LENGTH_MEASURE( 1.000000000000000082E-05 ), #5117, 'distance_accuracy_value', 'NONE');
#4329 = STYLED_ITEM ( 'NONE', ( #4670 ), #2169 ) ;
#4330 = ORIENTED_EDGE ( 'NONE', *, *, #6835, .F. ) ;
#4331 = COLOUR_RGB ( '',0.8313725490196077761, 0.8313725490196077761, 0.8196078431372548767 ) ;
#4332 = SURFACE_SIDE_STYLE ('',( #2896 ) ) ;
#4333 = VECTOR ( 'NONE', #2206, 1000.000000000000114 ) ;
#4334 = MECHANICAL_DESIGN_GEOMETRIC_PRESENTATION_REPRESENTATION (  '', ( #5623 ), #2203 ) ;
#4335 = FILL_AREA_STYLE_COLOUR ( '', #7335 ) ;
#4336 = CARTESIAN_POINT ( 'NONE',  ( -1.010000000000000453, 0.3749999999999998890, 0.2500000000000000000 ) ) ;
#4337 = VECTOR ( 'NONE', #4133, 1000.000000000000000 ) ;
#4338 = CARTESIAN_POINT ( 'NONE',  ( -0.09101218521865082900, -0.8251459933362067511, 0.000000000000000000 ) ) ;
#4339 = CARTESIAN_POINT ( 'NONE',  ( 0.1199185879816047628, -0.8408044369733977952, 0.01000000000000000021 ) ) ;
#4340 = SURFACE_STYLE_USAGE ( .BOTH. , #8085 ) ;
#4341 =( GEOMETRIC_REPRESENTATION_CONTEXT ( 3 ) GLOBAL_UNCERTAINTY_ASSIGNED_CONTEXT ( ( #7036 ) ) GLOBAL_UNIT_ASSIGNED_CONTEXT ( ( #7669, #3789, #2589 ) ) REPRESENTATION_CONTEXT ( 'NONE', 'WORKASPACE' ) );
#4342 = DIRECTION ( 'NONE',  ( 0.000000000000000000, -1.000000000000000000, 0.000000000000000000 ) ) ;
#4343 = CARTESIAN_POINT ( 'NONE',  ( 0.04995653151041357098, -0.8948605937980219638, 0.01000000000000000021 ) ) ;
#4344 = VERTEX_POINT ( 'NONE', #1150 ) ;
#4345 = CARTESIAN_POINT ( 'NONE',  ( 0.08664245420816847620, -0.9109696033097656187, 0.000000000000000000 ) ) ;
#4346 = CARTESIAN_POINT ( 'NONE',  ( -0.1240935164204097496, -0.8574310563572661303, 0.000000000000000000 ) ) ;
#4347 = CARTESIAN_POINT ( 'NONE',  ( 0.07520534303660976472, -0.9117050867796666624, 0.000000000000000000 ) ) ;
#4348 = PLANE ( 'NONE',  #5578 ) ;
#4349 = LINE ( 'NONE', #6983, #2324 ) ;
#4350 = CARTESIAN_POINT ( 'NONE',  ( -1.000000000000000666, -0.1250000000000001110, 0.000000000000000000 ) ) ;
#4351 = VERTEX_POINT ( 'NONE', #4985 ) ;
#4352 = ORIENTED_EDGE ( 'NONE', *, *, #3785, .F. ) ;
#4353 = CARTESIAN_POINT ( 'NONE',  ( 0.04903729849752992698, -0.8132452774046083910, 0.000000000000000000 ) ) ;
#4354 = DIRECTION ( 'NONE',  ( -0.000000000000000000, 0.000000000000000000, 1.000000000000000000 ) ) ;
#4355 = FACE_OUTER_BOUND ( 'NONE', #240, .T. ) ;
#4356 = ORIENTED_EDGE ( 'NONE', *, *, #1366, .T. ) ;
#4357 = EDGE_LOOP ( 'NONE', ( #1437, #3542, #1131, #3685, #6747, #6508 ) ) ;
#4358 = ORIENTED_EDGE ( 'NONE', *, *, #7003, .F. ) ;
#4359 = DIRECTION ( 'NONE',  ( 1.000000000000000000, 0.000000000000000000, 0.000000000000000000 ) ) ;
#4360 = EDGE_CURVE ( 'NONE', #3338, #3437, #8046, .T. ) ;
#4361 = FILL_AREA_STYLE ('',( #7420 ) ) ;
#4362 = EDGE_CURVE ( 'NONE', #1461, #3437, #3145, .T. ) ;
#4363 = FILL_AREA_STYLE_COLOUR ( '', #292 ) ;
#4364 = ORIENTED_EDGE ( 'NONE', *, *, #1009, .F. ) ;
#4365 = CARTESIAN_POINT ( 'NONE',  ( -0.1101434733673585520, -0.8684128575366475422, 0.000000000000000000 ) ) ;
#4366 = ORIENTED_EDGE ( 'NONE', *, *, #3687, .F. ) ;
#4367 = PRESENTATION_LAYER_ASSIGNMENT (  '', '', ( #933 ) ) ;
#4368 =( NAMED_UNIT ( * ) SI_UNIT ( $, .STERADIAN. ) SOLID_ANGLE_UNIT ( ) );
#4369 = EDGE_CURVE ( 'NONE', #4526, #4763, #1263, .T. ) ;
#4370 = LINE ( 'NONE', #7381, #4300 ) ;
#4371 = PRESENTATION_LAYER_ASSIGNMENT (  '', '', ( #7623 ) ) ;
#4372 = DIRECTION ( 'NONE',  ( 1.000000000000000000, 0.000000000000000000, 0.000000000000000000 ) ) ;
#4373 = FILL_AREA_STYLE ('',( #8007 ) ) ;
#4374 =( NAMED_UNIT ( * ) PLANE_ANGLE_UNIT ( ) SI_UNIT ( $, .RADIAN. ) );
#4375 = COLOUR_RGB ( '',0.8313725490196077761, 0.8313725490196077761, 0.8196078431372548767 ) ;
#4376 = SURFACE_SIDE_STYLE ('',( #5716 ) ) ;
#4377 = ORIENTED_EDGE ( 'NONE', *, *, #7303, .T. ) ;
#4378 = DIRECTION ( 'NONE',  ( -1.000000000000000000, 0.000000000000000000, 0.000000000000000000 ) ) ;
#4379 = CARTESIAN_POINT ( 'NONE',  ( 0.04997563757502885423, -0.9058363731033051147, 0.000000000000000000 ) ) ;
#4380 = CARTESIAN_POINT ( 'NONE',  ( -0.4499999999999999556, -0.7499999999999998890, -0.02000000000000000042 ) ) ;
#4381 = SURFACE_SIDE_STYLE ('',( #648 ) ) ;
#4382 = LINE ( 'NONE', #8015, #6878 ) ;
#4383 = CARTESIAN_POINT ( 'NONE',  ( -0.05706026247807985396, -0.8995257652094864609, 0.000000000000000000 ) ) ;
#4384 = ORIENTED_EDGE ( 'NONE', *, *, #6357, .T. ) ;
#4385 = DIRECTION ( 'NONE',  ( -0.000000000000000000, -0.000000000000000000, 1.000000000000000000 ) ) ;
#4386 = SURFACE_STYLE_FILL_AREA ( #1867 ) ;
#4387 = FILL_AREA_STYLE ('',( #2633 ) ) ;
#4388 = ORIENTED_EDGE ( 'NONE', *, *, #6099, .T. ) ;
#4389 = VERTEX_POINT ( 'NONE', #562 ) ;
#4390 = CARTESIAN_POINT ( 'NONE',  ( 0.4500000000000002331, 0.7500000000000000000, -0.02000000000000000042 ) ) ;
#4391 =( LENGTH_UNIT ( ) NAMED_UNIT ( * ) SI_UNIT ( .MILLI., .METRE. ) );
#4392 = DIRECTION ( 'NONE',  ( 0.000000000000000000, 0.000000000000000000, 1.000000000000000000 ) ) ;
#4393 = SURFACE_SIDE_STYLE ('',( #5735 ) ) ;
#4394 =( NAMED_UNIT ( * ) PLANE_ANGLE_UNIT ( ) SI_UNIT ( $, .RADIAN. ) );
#4395 = VECTOR ( 'NONE', #50, 1000.000000000000000 ) ;
#4396 =( NAMED_UNIT ( * ) SI_UNIT ( $, .STERADIAN. ) SOLID_ANGLE_UNIT ( ) );
#4397 = ORIENTED_EDGE ( 'NONE', *, *, #1272, .T. ) ;
#4398 = CARTESIAN_POINT ( 'NONE',  ( -0.6850000000000008304, 0.8249999999999999556, -0.02000000000000000042 ) ) ;
#4399 = ORIENTED_EDGE ( 'NONE', *, *, #1881, .T. ) ;
#4400 = EDGE_CURVE ( 'NONE', #4636, #4307, #5555, .T. ) ;
#4401 = EDGE_CURVE ( 'NONE', #724, #278, #5673, .T. ) ;
#4402 = FILL_AREA_STYLE ('',( #3766 ) ) ;
#4403 = UNCERTAINTY_MEASURE_WITH_UNIT (LENGTH_MEASURE( 1.000000000000000082E-05 ), #104, 'distance_accuracy_value', 'NONE');
#4404 = LINE ( 'NONE', #6886, #1908 ) ;
#4405 = CARTESIAN_POINT ( 'NONE',  ( -0.6850000000000007194, -0.6750000000000000444, 0.000000000000000000 ) ) ;
#4406 = LINE ( 'NONE', #6890, #3854 ) ;
#4407 = AXIS2_PLACEMENT_3D ( 'NONE', #5842, #4536, #3361 ) ;
#4408 = CARTESIAN_POINT ( 'NONE',  ( -0.1107187990634456720, -0.8595295761850961780, 0.000000000000000000 ) ) ;
#4409 = LINE ( 'NONE', #1438, #7192 ) ;
#4410 = LINE ( 'NONE', #2945, #6997 ) ;
#4411 = ADVANCED_FACE ( 'NONE', ( #4903 ), #3026, .F. ) ;
#4412 = FACE_OUTER_BOUND ( 'NONE', #148, .T. ) ;
#4413 = COLOUR_RGB ( '',0.8313725490196077761, 0.8313725490196077761, 0.8196078431372548767 ) ;
#4414 = STYLED_ITEM ( 'NONE', ( #5780 ), #4906 ) ;
#4415 = CARTESIAN_POINT ( 'NONE',  ( 0.09504822393892124743, -0.8948481658043894171, 0.01000000000000000021 ) ) ;
#4416 = ORIENTED_EDGE ( 'NONE', *, *, #5646, .T. ) ;
#4417 = STYLED_ITEM ( 'NONE', ( #3047 ), #2723 ) ;
#4418 = PRESENTATION_STYLE_ASSIGNMENT (( #6817 ) ) ;
#4419 = SURFACE_SIDE_STYLE ('',( #7632 ) ) ;
#4420 =( GEOMETRIC_REPRESENTATION_CONTEXT ( 3 ) GLOBAL_UNCERTAINTY_ASSIGNED_CONTEXT ( ( #4328 ) ) GLOBAL_UNIT_ASSIGNED_CONTEXT ( ( #5117, #5775, #1452 ) ) REPRESENTATION_CONTEXT ( 'NONE', 'WORKASPACE' ) );
#4421 = DIRECTION ( 'NONE',  ( 1.000000000000000000, 0.000000000000000000, 0.000000000000000000 ) ) ;
#4422 = FACE_OUTER_BOUND ( 'NONE', #2124, .T. ) ;
#4423 = CYLINDRICAL_SURFACE ( 'NONE', #4326, 0.04999999999999991257 ) ;
#4424 = ORIENTED_EDGE ( 'NONE', *, *, #1485, .F. ) ;
#4425 = DIRECTION ( 'NONE',  ( -0.000000000000000000, 0.000000000000000000, 1.000000000000000000 ) ) ;
#4426 = CARTESIAN_POINT ( 'NONE',  ( -0.4076060066089045586, -1.000000000000002665, 0.1817582956874659594 ) ) ;
#4427 = CARTESIAN_POINT ( 'NONE',  ( 0.9999999999999991118, 0.9999999999999991118, 0.5300000000000000266 ) ) ;
#4428 = CARTESIAN_POINT ( 'NONE',  ( -0.09217205533703914933, -0.9070804566223790166, 0.000000000000000000 ) ) ;
#4429 = CARTESIAN_POINT ( 'NONE',  ( -0.1000373051007021341, -0.8309734110654515282, 0.01000000000000000021 ) ) ;
#4430 = EDGE_LOOP ( 'NONE', ( #4675, #1210, #5217, #7619 ) ) ;
#4431 = STYLED_ITEM ( 'NONE', ( #1602 ), #7190 ) ;
#4432 = FILL_AREA_STYLE_COLOUR ( '', #8105 ) ;
#4433 = CARTESIAN_POINT ( 'NONE',  ( 0.07791934179723479514, -0.8094063229096444267, 0.000000000000000000 ) ) ;
#4434 = CARTESIAN_POINT ( 'NONE',  ( 0.04903729849752992698, -0.8266599115509499773, 0.000000000000000000 ) ) ;
#4435 = FILL_AREA_STYLE ('',( #1914 ) ) ;
#4436 = SURFACE_STYLE_USAGE ( .BOTH. , #53 ) ;
#4437 = AXIS2_PLACEMENT_3D ( 'NONE', #419, #4928, #6187 ) ;
#4438 = ORIENTED_EDGE ( 'NONE', *, *, #2709, .T. ) ;
#4439 = DIRECTION ( 'NONE',  ( 1.084202172485503448E-16, -1.000000000000000000, 0.000000000000000000 ) ) ;
#4440 = VERTEX_POINT ( 'NONE', #6323 ) ;
#4441 = PRESENTATION_LAYER_ASSIGNMENT (  '', '', ( #2966 ) ) ;
#4442 = DIRECTION ( 'NONE',  ( 1.000000000000000000, -3.942553354492747475E-16, 0.000000000000000000 ) ) ;
#4443 = DIRECTION ( 'NONE',  ( -1.000000000000000000, -0.000000000000000000, -0.000000000000000000 ) ) ;
#4444 = LINE ( 'NONE', #6162, #7153 ) ;
#4445 = DIRECTION ( 'NONE',  ( -1.000000000000000000, 0.000000000000000000, 0.000000000000000000 ) ) ;
#4446 = CARTESIAN_POINT ( 'NONE',  ( 1.010000000000000453, 0.6250000000000000000, -0.02000000000000000042 ) ) ;
#4447 = MECHANICAL_DESIGN_GEOMETRIC_PRESENTATION_REPRESENTATION (  '', ( #4186 ), #1277 ) ;
#4448 = VECTOR ( 'NONE', #7890, 1000.000000000000000 ) ;
#4449 = PRESENTATION_STYLE_ASSIGNMENT (( #2500 ) ) ;
#4450 =( GEOMETRIC_REPRESENTATION_CONTEXT ( 3 ) GLOBAL_UNCERTAINTY_ASSIGNED_CONTEXT ( ( #7117 ) ) GLOBAL_UNIT_ASSIGNED_CONTEXT ( ( #5545, #2331, #2448 ) ) REPRESENTATION_CONTEXT ( 'NONE', 'WORKASPACE' ) );
#4451 = CARTESIAN_POINT ( 'NONE',  ( 0.4076060066089044476, 1.010000000000002673, 0.07773384608415166708 ) ) ;
#4452 = SURFACE_SIDE_STYLE ('',( #5713 ) ) ;
#4453 = MECHANICAL_DESIGN_GEOMETRIC_PRESENTATION_REPRESENTATION (  '', ( #219 ), #2983 ) ;
#4454 = ORIENTED_EDGE ( 'NONE', *, *, #3884, .T. ) ;
#4455 = AXIS2_PLACEMENT_3D ( 'NONE', #3255, #1293, #88 ) ;
#4456 = ADVANCED_FACE ( 'NONE', ( #3819 ), #3751, .F. ) ;
#4457 = LINE ( 'NONE', #1231, #6853 ) ;
#4458 = DIRECTION ( 'NONE',  ( -0.000000000000000000, 0.000000000000000000, 1.000000000000000000 ) ) ;
#4459 = ADVANCED_FACE ( 'NONE', ( #3085 ), #738, .F. ) ;
#4460 = DIRECTION ( 'NONE',  ( 0.000000000000000000, 0.000000000000000000, 1.000000000000000000 ) ) ;
#4461 = CARTESIAN_POINT ( 'NONE',  ( 0.7350000000000006528, 0.8249999999999999556, -0.02000000000000000042 ) ) ;
#4462 = SURFACE_SIDE_STYLE ('',( #1448 ) ) ;
#4463 = FILL_AREA_STYLE_COLOUR ( '', #5087 ) ;
#4464 = AXIS2_PLACEMENT_3D ( 'NONE', #813, #4460, #4535 ) ;
#4465 = LINE ( 'NONE', #3, #3917 ) ;
#4466 = SURFACE_SIDE_STYLE ('',( #5881 ) ) ;
#4467 = DIRECTION ( 'NONE',  ( 1.000000000000000000, -1.655141553730136361E-16, 0.000000000000000000 ) ) ;
#4468 = EDGE_CURVE ( 'NONE', #6597, #5699, #2434, .T. ) ;
#4469 = SURFACE_STYLE_USAGE ( .BOTH. , #81 ) ;
#4470 = ORIENTED_EDGE ( 'NONE', *, *, #3836, .F. ) ;
#4471 = SURFACE_STYLE_FILL_AREA ( #1955 ) ;
#4472 = LINE ( 'NONE', #7121, #584 ) ;
#4473 = LINE ( 'NONE', #5201, #2565 ) ;
#4474 = DIRECTION ( 'NONE',  ( -0.000000000000000000, -0.000000000000000000, 1.000000000000000000 ) ) ;
#4475 = FACE_OUTER_BOUND ( 'NONE', #169, .T. ) ;
#4476 = ORIENTED_EDGE ( 'NONE', *, *, #7405, .T. ) ;
#4477 = CARTESIAN_POINT ( 'NONE',  ( -1.010000000000000453, -0.3750000000000000000, -0.02000000000000000042 ) ) ;
#4478 = EDGE_LOOP ( 'NONE', ( #6092, #1973, #1323, #4643, #6871, #3647 ) ) ;
#4479 =( NAMED_UNIT ( * ) SI_UNIT ( $, .STERADIAN. ) SOLID_ANGLE_UNIT ( ) );
#4480 = UNCERTAINTY_MEASURE_WITH_UNIT (LENGTH_MEASURE( 1.000000000000000082E-05 ), #2035, 'distance_accuracy_value', 'NONE');
#4481 = SURFACE_STYLE_FILL_AREA ( #5015 ) ;
#4482 = VERTEX_POINT ( 'NONE', #7570 ) ;
#4483 = CARTESIAN_POINT ( 'NONE',  ( -0.1758483722341773747, -0.8226964969168035768, 0.000000000000000000 ) ) ;
#4484 = FACE_OUTER_BOUND ( 'NONE', #3800, .T. ) ;
#4485 = SURFACE_STYLE_FILL_AREA ( #3862 ) ;
#4486 = UNCERTAINTY_MEASURE_WITH_UNIT (LENGTH_MEASURE( 1.000000000000000082E-05 ), #5233, 'distance_accuracy_value', 'NONE');
#4487 = CARTESIAN_POINT ( 'NONE',  ( 0.08899903385754770468, -0.8981649885756072260, 0.01000000000000000021 ) ) ;
#4488 = ORIENTED_EDGE ( 'NONE', *, *, #1674, .T. ) ;
#4489 = MECHANICAL_DESIGN_GEOMETRIC_PRESENTATION_REPRESENTATION (  '', ( #933 ), #7498 ) ;
#4490 = FILL_AREA_STYLE_COLOUR ( '', #6729 ) ;
#4491 = PLANE ( 'NONE',  #4680 ) ;
#4492 = FILL_AREA_STYLE ('',( #3151 ) ) ;
#4493 = CARTESIAN_POINT ( 'NONE',  ( 0.06913752054059209284, -0.8093064682204906823, 0.000000000000000000 ) ) ;
#4494 = CARTESIAN_POINT ( 'NONE',  ( 0.08035015165210042387, -0.8209047264362887564, 0.000000000000000000 ) ) ;
#4495 = EDGE_CURVE ( 'NONE', #8068, #4951, #622, .T. ) ;
#4496 = UNCERTAINTY_MEASURE_WITH_UNIT (LENGTH_MEASURE( 1.000000000000000082E-05 ), #5238, 'distance_accuracy_value', 'NONE');
#4497 = EDGE_CURVE ( 'NONE', #5367, #98, #6910, .T. ) ;
#4498 = DIRECTION ( 'NONE',  ( 0.000000000000000000, -1.000000000000000000, 0.000000000000000000 ) ) ;
#4499 = PRESENTATION_STYLE_ASSIGNMENT (( #1320 ) ) ;
#4500 = AXIS2_PLACEMENT_3D ( 'NONE', #1066, #3660, #8087 ) ;
#4501 = UNCERTAINTY_MEASURE_WITH_UNIT (LENGTH_MEASURE( 1.000000000000000082E-05 ), #5304, 'distance_accuracy_value', 'NONE');
#4502 = PRESENTATION_STYLE_ASSIGNMENT (( #5156 ) ) ;
#4503 = CARTESIAN_POINT ( 'NONE',  ( -0.09101218521865082900, -0.8251459933362067511, 0.01000000000000000021 ) ) ;
#4504 = UNCERTAINTY_MEASURE_WITH_UNIT (LENGTH_MEASURE( 1.000000000000000082E-05 ), #7314, 'distance_accuracy_value', 'NONE');
#4505 = ORIENTED_EDGE ( 'NONE', *, *, #156, .T. ) ;
#4506 = EDGE_CURVE ( 'NONE', #2644, #1507, #3127, .T. ) ;
#4507 = AXIS2_PLACEMENT_3D ( 'NONE', #2240, #7258, #966 ) ;
#4508 = DIRECTION ( 'NONE',  ( -0.000000000000000000, -0.000000000000000000, 1.000000000000000000 ) ) ;
#4509 = CARTESIAN_POINT ( 'NONE',  ( -0.000000000000000000, -0.8105013749655840538, 0.01000000000000000021 ) ) ;
#4510 = LINE ( 'NONE', #5860, #3216 ) ;
#4511 = LINE ( 'NONE', #3844, #1098 ) ;
#4512 = FACE_OUTER_BOUND ( 'NONE', #804, .T. ) ;
#4513 = CARTESIAN_POINT ( 'NONE',  ( 0.1697690058146031078, -0.8995257652094864609, 0.000000000000000000 ) ) ;
#4514 = FACE_OUTER_BOUND ( 'NONE', #1396, .T. ) ;
#4515 = ORIENTED_EDGE ( 'NONE', *, *, #156, .F. ) ;
#4516 = SURFACE_SIDE_STYLE ('',( #667 ) ) ;
#4517 = ORIENTED_EDGE ( 'NONE', *, *, #301, .T. ) ;
#4518 = EDGE_CURVE ( 'NONE', #7662, #170, #6796, .T. ) ;
#4519 = CARTESIAN_POINT ( 'NONE',  ( -0.1773918173561285505, -0.8297086920387546360, 0.000000000000000000 ) ) ;
#4520 = CARTESIAN_POINT ( 'NONE',  ( 0.9999999999999991118, 0.9999999999999991118, 0.2500000000000000000 ) ) ;
#4521 = MECHANICAL_DESIGN_GEOMETRIC_PRESENTATION_REPRESENTATION (  '', ( #6038 ), #8045 ) ;
#4522 = FACE_OUTER_BOUND ( 'NONE', #5207, .T. ) ;
#4523 = CARTESIAN_POINT ( 'NONE',  ( 0.7350000000000005418, -0.6250000000000000000, -0.02000000000000000042 ) ) ;
#4524 = COLOUR_RGB ( '',0.8313725490196077761, 0.8313725490196077761, 0.8196078431372548767 ) ;
#4525 = CARTESIAN_POINT ( 'NONE',  ( 0.1137277293137501089, -0.8947221292320708397, 0.000000000000000000 ) ) ;
#4526 = VERTEX_POINT ( 'NONE', #4999 ) ;
#4527 = DIRECTION ( 'NONE',  ( -0.000000000000000000, 1.000000000000000000, -0.000000000000000000 ) ) ;
#4528 = DIRECTION ( 'NONE',  ( 0.000000000000000000, 1.000000000000000000, 0.000000000000000000 ) ) ;
#4529 = VECTOR ( 'NONE', #366, 1000.000000000000000 ) ;
#4530 = FILL_AREA_STYLE_COLOUR ( '', #624 ) ;
#4531 = VERTEX_POINT ( 'NONE', #1868 ) ;
#4532 = PRESENTATION_LAYER_ASSIGNMENT (  '', '', ( #969 ) ) ;
#4533 = DIRECTION ( 'NONE',  ( -0.000000000000000000, -0.000000000000000000, 1.000000000000000000 ) ) ;
#4534 = DIRECTION ( 'NONE',  ( -1.000000000000000000, 0.000000000000000000, 0.000000000000000000 ) ) ;
#4535 = DIRECTION ( 'NONE',  ( 1.000000000000000000, 0.000000000000000000, -0.000000000000000000 ) ) ;
#4536 = DIRECTION ( 'NONE',  ( 0.000000000000000000, -0.000000000000000000, -1.000000000000000000 ) ) ;
#4537 = CARTESIAN_POINT ( 'NONE',  ( 1.010000000000000453, 0.1250000000000000000, 0.2500000000000000000 ) ) ;
#4538 = CARTESIAN_POINT ( 'NONE',  ( -0.1092856826941171061, -0.8965680676540068728, 0.01000000000000000021 ) ) ;
#4539 = PRESENTATION_LAYER_ASSIGNMENT (  '', '', ( #3066 ) ) ;
#4540 = CARTESIAN_POINT ( 'NONE',  ( -0.4076060066089044476, 1.010000000000002673, 0.07773384608415166708 ) ) ;
#4541 =( GEOMETRIC_REPRESENTATION_CONTEXT ( 3 ) GLOBAL_UNCERTAINTY_ASSIGNED_CONTEXT ( ( #6840 ) ) GLOBAL_UNIT_ASSIGNED_CONTEXT ( ( #7025, #5227, #4035 ) ) REPRESENTATION_CONTEXT ( 'NONE', 'WORKASPACE' ) );
#4542 =( GEOMETRIC_REPRESENTATION_CONTEXT ( 3 ) GLOBAL_UNCERTAINTY_ASSIGNED_CONTEXT ( ( #1364 ) ) GLOBAL_UNIT_ASSIGNED_CONTEXT ( ( #335, #2279, #3473 ) ) REPRESENTATION_CONTEXT ( 'NONE', 'WORKASPACE' ) );
#4543 = DIRECTION ( 'NONE',  ( -0.000000000000000000, -0.000000000000000000, 1.000000000000000000 ) ) ;
#4544 = VECTOR ( 'NONE', #5489, 1000.000000000000000 ) ;
#4545 = PLANE ( 'NONE',  #6287 ) ;
#4546 = SURFACE_SIDE_STYLE ('',( #2517 ) ) ;
#4547 = EDGE_CURVE ( 'NONE', #3861, #2305, #1284, .T. ) ;
#4548 = EDGE_CURVE ( 'NONE', #4014, #3861, #42, .T. ) ;
#4549 = FILL_AREA_STYLE ('',( #7642 ) ) ;
#4550 = EDGE_LOOP ( 'NONE', ( #2088, #6037, #3627, #713, #756 ) ) ;
#4551 = VECTOR ( 'NONE', #3314, 1000.000000000000000 ) ;
#4552 = AXIS2_PLACEMENT_3D ( 'NONE', #6556, #7831, #2202 ) ;
#4553 = FACE_BOUND ( 'NONE', #3460, .T. ) ;
#4554 = CARTESIAN_POINT ( 'NONE',  ( 0.4076060066089044476, -1.000000000000002665, 0.1817582956874659594 ) ) ;
#4555 = SURFACE_STYLE_FILL_AREA ( #7649 ) ;
#4556 = DIRECTION ( 'NONE',  ( 0.000000000000000000, -1.000000000000000000, 0.000000000000000000 ) ) ;
#4557 =( LENGTH_UNIT ( ) NAMED_UNIT ( * ) SI_UNIT ( .MILLI., .METRE. ) );
#4558 = EDGE_CURVE ( 'NONE', #1561, #1230, #7727, .T. ) ;
#4559 = ADVANCED_FACE ( 'NONE', ( #6573 ), #159, .F. ) ;
#4560 = CARTESIAN_POINT ( 'NONE',  ( -0.7621383144406077559, -1.010000000000002673, 0.07773384608415166708 ) ) ;
#4561 = DIRECTION ( 'NONE',  ( -1.000000000000000000, 0.000000000000000000, -0.000000000000000000 ) ) ;
#4562 = ORIENTED_EDGE ( 'NONE', *, *, #1834, .F. ) ;
#4563 = EDGE_LOOP ( 'NONE', ( #3619, #1401, #2185, #125 ) ) ;
#4564 = LINE ( 'NONE', #3470, #6442 ) ;
#4565 = CARTESIAN_POINT ( 'NONE',  ( 0.6850000000000006084, -0.1750000000000000167, -0.02000000000000000042 ) ) ;
#4566 = PRESENTATION_STYLE_ASSIGNMENT (( #1465 ) ) ;
#4567 =( LENGTH_UNIT ( ) NAMED_UNIT ( * ) SI_UNIT ( .MILLI., .METRE. ) );
#4568 = MECHANICAL_DESIGN_GEOMETRIC_PRESENTATION_REPRESENTATION (  '', ( #7683 ), #7566 ) ;
#4569 = EDGE_CURVE ( 'NONE', #715, #5790, #7114, .T. ) ;
#4570 = CARTESIAN_POINT ( 'NONE',  ( 0.1163351373460560084, -0.8909114607503147987, 0.000000000000000000 ) ) ;
#4571 =( GEOMETRIC_REPRESENTATION_CONTEXT ( 3 ) GLOBAL_UNCERTAINTY_ASSIGNED_CONTEXT ( ( #5443 ) ) GLOBAL_UNIT_ASSIGNED_CONTEXT ( ( #4281, #2402, #2976 ) ) REPRESENTATION_CONTEXT ( 'NONE', 'WORKASPACE' ) );
#4572 = VERTEX_POINT ( 'NONE', #3959 ) ;
#4573 = CARTESIAN_POINT ( 'NONE',  ( -0.1240930464895226570, -0.8611325114649993617, 0.01000000000000000021 ) ) ;
#4574 =( GEOMETRIC_REPRESENTATION_CONTEXT ( 3 ) GLOBAL_UNCERTAINTY_ASSIGNED_CONTEXT ( ( #6282 ) ) GLOBAL_UNIT_ASSIGNED_CONTEXT ( ( #7541, #7506, #4396 ) ) REPRESENTATION_CONTEXT ( 'NONE', 'WORKASPACE' ) );
#4575 = FILL_AREA_STYLE ('',( #5761 ) ) ;
#4576 = PRESENTATION_STYLE_ASSIGNMENT (( #850 ) ) ;
#4577 = ORIENTED_EDGE ( 'NONE', *, *, #8040, .T. ) ;
#4578 = COLOUR_RGB ( '',0.8313725490196077761, 0.8313725490196077761, 0.8196078431372548767 ) ;
#4579 =( GEOMETRIC_REPRESENTATION_CONTEXT ( 3 ) GLOBAL_UNCERTAINTY_ASSIGNED_CONTEXT ( ( #693 ) ) GLOBAL_UNIT_ASSIGNED_CONTEXT ( ( #2803, #2429, #6554 ) ) REPRESENTATION_CONTEXT ( 'NONE', 'WORKASPACE' ) );
#4580 = DIRECTION ( 'NONE',  ( -0.000000000000000000, 0.000000000000000000, 1.000000000000000000 ) ) ;
#4581 = STYLED_ITEM ( 'NONE', ( #6511 ), #6582 ) ;
#4582 = B_SPLINE_SURFACE_WITH_KNOTS ( 'NONE', 3, 1, ( 
 ( #4900, #4246 ),
 ( #4291, #7967 ),
 ( #6769, #5550 ),
 ( #1145, #8041 ),
 ( #4940, #7432 ),
 ( #1189, #6199 ),
 ( #557, #2455 ),
 ( #7555, #6288 ),
 ( #6321, #7661 ),
 ( #3144, #2044 ),
 ( #4525, #1968 ),
 ( #4570, #6359 ),
 ( #5636, #638 ),
 ( #5670, #141 ),
 ( #6404, #8122 ),
 ( #7055, #7015 ),
 ( #2653, #1436 ),
 ( #3183, #5178 ),
 ( #5018, #723 ) ),
 .UNSPECIFIED., .F., .F., .F.,
 ( 4, 1, 1, 1, 1, 1, 1, 1, 1, 1, 1, 1, 1, 1, 1, 1, 4 ),
 ( 2, 2 ),
 ( 0.000000000000000000, 0.06783324845577358431, 0.1326555365079040150, 0.1950508840508278219, 0.2555829330687769407, 0.3147998341472895145, 0.3736004728263743746, 0.4325455953267433595, 0.4924306292835654575, 0.5526712559629696209, 0.6125130441881162513, 0.6726102503570058344, 0.7338383693139461927, 0.7965942385677734494, 0.8614497992905729706, 0.9291989423509054991, 1.000000000000000000 ),
 ( 0.000000000000000000, 1.000000000000000000 ),
 .UNSPECIFIED. ) ;
#4583 = FILL_AREA_STYLE ('',( #6445 ) ) ;
#4584 = CARTESIAN_POINT ( 'NONE',  ( -0.7350000000000006528, 0.6750000000000000444, 0.2500000000000000000 ) ) ;
#4585 = VECTOR ( 'NONE', #7806, 1000.000000000000000 ) ;
#4586 = DIRECTION ( 'NONE',  ( -0.000000000000000000, 1.000000000000000000, -0.000000000000000000 ) ) ;
#4587 =( NAMED_UNIT ( * ) SI_UNIT ( $, .STERADIAN. ) SOLID_ANGLE_UNIT ( ) );
#4588 = CARTESIAN_POINT ( 'NONE',  ( 0.1041814553154874479, -0.8374838462606799538, 0.000000000000000000 ) ) ;
#4589 =( GEOMETRIC_REPRESENTATION_CONTEXT ( 3 ) GLOBAL_UNCERTAINTY_ASSIGNED_CONTEXT ( ( #1944 ) ) GLOBAL_UNIT_ASSIGNED_CONTEXT ( ( #2167, #2010, #4082 ) ) REPRESENTATION_CONTEXT ( 'NONE', 'WORKASPACE' ) );
#4590 = STYLED_ITEM ( 'NONE', ( #3883 ), #6695 ) ;
#4591 =( GEOMETRIC_REPRESENTATION_CONTEXT ( 3 ) GLOBAL_UNCERTAINTY_ASSIGNED_CONTEXT ( ( #5704 ) ) GLOBAL_UNIT_ASSIGNED_CONTEXT ( ( #7341, #467, #6805 ) ) REPRESENTATION_CONTEXT ( 'NONE', 'WORKASPACE' ) );
#4592 = LINE ( 'NONE', #1408, #3246 ) ;
#4593 = FACE_OUTER_BOUND ( 'NONE', #4357, .T. ) ;
#4594 = AXIS2_PLACEMENT_3D ( 'NONE', #8062, #7455, #695 ) ;
#4595 = SURFACE_SIDE_STYLE ('',( #7647 ) ) ;
#4596 =( GEOMETRIC_REPRESENTATION_CONTEXT ( 3 ) GLOBAL_UNCERTAINTY_ASSIGNED_CONTEXT ( ( #701 ) ) GLOBAL_UNIT_ASSIGNED_CONTEXT ( ( #6536, #3454, #7320 ) ) REPRESENTATION_CONTEXT ( 'NONE', 'WORKASPACE' ) );
#4597 = CARTESIAN_POINT ( 'NONE',  ( -0.02169440881954324066, -0.8105013749655840538, 0.000000000000000000 ) ) ;
#4598 = UNCERTAINTY_MEASURE_WITH_UNIT (LENGTH_MEASURE( 1.000000000000000082E-05 ), #3767, 'distance_accuracy_value', 'NONE');
#4599 = VERTEX_POINT ( 'NONE', #783 ) ;
#4600 = APPLICATION_CONTEXT ( 'automotive_design' ) ;
#4601 = FILL_AREA_STYLE_COLOUR ( '', #317 ) ;
#4602 = CARTESIAN_POINT ( 'NONE',  ( -0.7621383144406077559, 1.010000000000002673, 0.1817582956874659594 ) ) ;
#4603 = CARTESIAN_POINT ( 'NONE',  ( 0.000000000000000000, 0.000000000000000000, 0.5300000000000000266 ) ) ;
#4604 = CARTESIAN_POINT ( 'NONE',  ( 0.06420350826096950236, -0.8998945438643541905, 0.000000000000000000 ) ) ;
#4605 = ORIENTED_EDGE ( 'NONE', *, *, #59, .T. ) ;
#4606 = ORIENTED_EDGE ( 'NONE', *, *, #2772, .F. ) ;
#4607 = ORIENTED_EDGE ( 'NONE', *, *, #1718, .T. ) ;
#4608 = FACE_OUTER_BOUND ( 'NONE', #6465, .T. ) ;
#4609 = ADVANCED_FACE ( 'NONE', ( #2137 ), #5152, .F. ) ;
#4610 = ADVANCED_FACE ( 'NONE', ( #4593 ), #5239, .F. ) ;
#4611 = DIRECTION ( 'NONE',  ( 1.000000000000000000, -1.295806485471852505E-16, 0.000000000000000000 ) ) ;
#4612 = DIRECTION ( 'NONE',  ( -1.000000000000000000, 0.000000000000000000, 0.000000000000000000 ) ) ;
#4613 = CARTESIAN_POINT ( 'NONE',  ( -0.08762729441033793865, -0.8122908765371710249, 0.01000000000000000021 ) ) ;
#4614 = CARTESIAN_POINT ( 'NONE',  ( -0.04364562833173837170, -0.8105013749655840538, 0.000000000000000000 ) ) ;
#4615 = SURFACE_STYLE_USAGE ( .BOTH. , #2085 ) ;
#4616 = ORIENTED_EDGE ( 'NONE', *, *, #7954, .T. ) ;
#4617 = CARTESIAN_POINT ( 'NONE',  ( -0.1826700185756408301, -0.8105013749655840538, 0.000000000000000000 ) ) ;
#4618 = EDGE_LOOP ( 'NONE', ( #5916, #3531, #7438, #6047, #2729, #2797 ) ) ;
#4619 = ADVANCED_FACE ( 'NONE', ( #3452 ), #3377, .F. ) ;
#4620 = CARTESIAN_POINT ( 'NONE',  ( -0.1754078310601025203, -0.8234085861456256206, 0.01000000000000000021 ) ) ;
#4621 = DIRECTION ( 'NONE',  ( 0.000000000000000000, -0.000000000000000000, -1.000000000000000000 ) ) ;
#4622 = ORIENTED_EDGE ( 'NONE', *, *, #7146, .T. ) ;
#4623 = FACE_OUTER_BOUND ( 'NONE', #4239, .T. ) ;
#4624 = SURFACE_STYLE_USAGE ( .BOTH. , #1599 ) ;
#4625 = CARTESIAN_POINT ( 'NONE',  ( -1.010000000000000231, -0.6250000000000001110, -0.02000000000000000042 ) ) ;
#4626 =( NAMED_UNIT ( * ) PLANE_ANGLE_UNIT ( ) SI_UNIT ( $, .RADIAN. ) );
#4627 = CARTESIAN_POINT ( 'NONE',  ( 0.05145616191922380150, -0.8122634074127402792, 0.000000000000000000 ) ) ;
#4628 = CARTESIAN_POINT ( 'NONE',  ( 0.08756137410213990502, -0.8229723920874049137, 0.000000000000000000 ) ) ;
#4629 = LINE ( 'NONE', #1327, #3156 ) ;
#4630 = VECTOR ( 'NONE', #5230, 1000.000000000000000 ) ;
#4631 = DIRECTION ( 'NONE',  ( 0.000000000000000000, 0.000000000000000000, -1.000000000000000000 ) ) ;
#4632 = DIRECTION ( 'NONE',  ( -0.000000000000000000, 0.000000000000000000, 1.000000000000000000 ) ) ;
#4633 = DIRECTION ( 'NONE',  ( -0.000000000000000000, -0.000000000000000000, 1.000000000000000000 ) ) ;
#4634 = PRESENTATION_STYLE_ASSIGNMENT (( #1413 ) ) ;
#4635 = ORIENTED_EDGE ( 'NONE', *, *, #3086, .T. ) ;
#4636 = VERTEX_POINT ( 'NONE', #685 ) ;
#4637 = UNCERTAINTY_MEASURE_WITH_UNIT (LENGTH_MEASURE( 1.000000000000000082E-05 ), #7027, 'distance_accuracy_value', 'NONE');
#4638 = STYLED_ITEM ( 'NONE', ( #973 ), #6201 ) ;
#4639 = COLOUR_RGB ( '',0.8313725490196077761, 0.8313725490196077761, 0.8196078431372548767 ) ;
#4640 = FILL_AREA_STYLE ('',( #4601 ) ) ;
#4641 = CARTESIAN_POINT ( 'NONE',  ( -0.4076060066089044476, 1.010000000000002673, 0.1817582956874659594 ) ) ;
#4642 = PLANE ( 'NONE',  #2037 ) ;
#4643 = ORIENTED_EDGE ( 'NONE', *, *, #6790, .T. ) ;
#4644 = SURFACE_STYLE_FILL_AREA ( #2727 ) ;
#4645 = VERTEX_POINT ( 'NONE', #3150 ) ;
#4646 = ORIENTED_EDGE ( 'NONE', *, *, #2132, .F. ) ;
#4647 = SURFACE_SIDE_STYLE ('',( #2732 ) ) ;
#4648 = B_SPLINE_SURFACE_WITH_KNOTS ( 'NONE', 3, 1, ( 
 ( #5357, #3497 ),
 ( #1774, #4175 ),
 ( #4296, #5475 ),
 ( #2298, #6657 ),
 ( #439, #6773 ),
 ( #6061, #2907 ),
 ( #1155, #7316 ),
 ( #3661, #361 ),
 ( #2870, #6692 ),
 ( #5558, #4343 ),
 ( #3821, #3863 ) ),
 .UNSPECIFIED., .F., .F., .F.,
 ( 4, 1, 1, 1, 1, 1, 1, 1, 4 ),
 ( 2, 2 ),
 ( 0.000000000000000000, 0.1352946047634291382, 0.2667656579247484894, 0.3948160188358721956, 0.5200516544342458358, 0.6421757029708213826, 0.7626518205584238430, 0.8818340043805024120, 1.000000000000000000 ),
 ( 0.000000000000000000, 1.000000000000000000 ),
 .UNSPECIFIED. ) ;
#4649 = CARTESIAN_POINT ( 'NONE',  ( 0.06621255011298173010, -0.8206290822904612758, 0.01000000000000000021 ) ) ;
#4650 = CARTESIAN_POINT ( 'NONE',  ( 0.6850000000000006084, -0.6750000000000000444, -0.02000000000000000042 ) ) ;
#4651 = CARTESIAN_POINT ( 'NONE',  ( -0.08401763880465387690, -0.8981148151539056768, 0.01000000000000000021 ) ) ;
#4652 = EDGE_CURVE ( 'NONE', #170, #1919, #1897, .T. ) ;
#4653 = EDGE_CURVE ( 'NONE', #4804, #7363, #1937, .T. ) ;
#4654 = EDGE_LOOP ( 'NONE', ( #830, #2367, #6716, #5688, #3350, #6506 ) ) ;
#4655 = CARTESIAN_POINT ( 'NONE',  ( -0.1205138572722579543, -0.8801910341801574278, 0.000000000000000000 ) ) ;
#4656 = CARTESIAN_POINT ( 'NONE',  ( 1.010000000000000453, 0.3749999999999998890, -0.02000000000000000042 ) ) ;
#4657 = ORIENTED_EDGE ( 'NONE', *, *, #2541, .F. ) ;
#4658 = PRESENTATION_LAYER_ASSIGNMENT (  '', '', ( #3451 ) ) ;
#4659 = DIRECTION ( 'NONE',  ( -1.000000000000000000, 0.000000000000000000, 0.000000000000000000 ) ) ;
#4660 = FACE_OUTER_BOUND ( 'NONE', #4190, .T. ) ;
#4661 = VERTEX_POINT ( 'NONE', #5678 ) ;
#4662 = FILL_AREA_STYLE_COLOUR ( '', #4797 ) ;
#4663 = CARTESIAN_POINT ( 'NONE',  ( -0.7350000000000005418, -0.6250000000000001110, -0.02000000000000000042 ) ) ;
#4664 = LINE ( 'NONE', #7148, #4885 ) ;
#4665 = EDGE_CURVE ( 'NONE', #6306, #5449, #6296, .T. ) ;
#4666 =( GEOMETRIC_REPRESENTATION_CONTEXT ( 3 ) GLOBAL_UNCERTAINTY_ASSIGNED_CONTEXT ( ( #3256 ) ) GLOBAL_UNIT_ASSIGNED_CONTEXT ( ( #7776, #2679, #4068 ) ) REPRESENTATION_CONTEXT ( 'NONE', 'WORKASPACE' ) );
#4667 =( LENGTH_UNIT ( ) NAMED_UNIT ( * ) SI_UNIT ( .MILLI., .METRE. ) );
#4668 = FILL_AREA_STYLE ('',( #1407 ) ) ;
#4669 = LINE ( 'NONE', #4092, #1865 ) ;
#4670 = PRESENTATION_STYLE_ASSIGNMENT (( #192 ) ) ;
#4671 = FILL_AREA_STYLE ('',( #1570 ) ) ;
#4672 = DIRECTION ( 'NONE',  ( 0.000000000000000000, -1.000000000000000000, 0.000000000000000000 ) ) ;
#4673 = ADVANCED_FACE ( 'NONE', ( #73 ), #1197, .F. ) ;
#4674 = PRESENTATION_LAYER_ASSIGNMENT (  '', '', ( #6744 ) ) ;
#4675 = ORIENTED_EDGE ( 'NONE', *, *, #3732, .T. ) ;
#4676 = PLANE ( 'NONE',  #606 ) ;
#4677 = VECTOR ( 'NONE', #2819, 1000.000000000000000 ) ;
#4678 = ORIENTED_EDGE ( 'NONE', *, *, #1379, .F. ) ;
#4679 =( GEOMETRIC_REPRESENTATION_CONTEXT ( 3 ) GLOBAL_UNCERTAINTY_ASSIGNED_CONTEXT ( ( #4877 ) ) GLOBAL_UNIT_ASSIGNED_CONTEXT ( ( #6417, #735, #858 ) ) REPRESENTATION_CONTEXT ( 'NONE', 'WORKASPACE' ) );
#4680 = AXIS2_PLACEMENT_3D ( 'NONE', #7668, #4534, #3279 ) ;
#4681 = DIRECTION ( 'NONE',  ( -1.000000000000000000, 0.000000000000000000, -0.000000000000000000 ) ) ;
#4682 =( LENGTH_UNIT ( ) NAMED_UNIT ( * ) SI_UNIT ( .MILLI., .METRE. ) );
#4683 = AXIS2_PLACEMENT_3D ( 'NONE', #1419, #2562, #2033 ) ;
#4684 = CARTESIAN_POINT ( 'NONE',  ( -0.1314505063805188612, -0.9105013749655840316, 0.01000000000000000021 ) ) ;
#4685 =( LENGTH_UNIT ( ) NAMED_UNIT ( * ) SI_UNIT ( .MILLI., .METRE. ) );
#4686 = ORIENTED_EDGE ( 'NONE', *, *, #7389, .F. ) ;
#4687 =( NAMED_UNIT ( * ) PLANE_ANGLE_UNIT ( ) SI_UNIT ( $, .RADIAN. ) );
#4689 = ORIENTED_EDGE ( 'NONE', *, *, #3272, .T. ) ;
#4688 = VECTOR ( 'NONE', #6305, 1000.000000000000000 ) ;
#4690 = FACE_OUTER_BOUND ( 'NONE', #1837, .T. ) ;
#4691 = CARTESIAN_POINT ( 'NONE',  ( -1.000000000000000666, -0.8750000000000001110, 0.2500000000000000000 ) ) ;
#4692 = AXIS2_PLACEMENT_3D ( 'NONE', #4602, #6964, #3212 ) ;
#4693 =( NAMED_UNIT ( * ) SI_UNIT ( $, .STERADIAN. ) SOLID_ANGLE_UNIT ( ) );
#4694 = DIRECTION ( 'NONE',  ( 0.000000000000000000, -0.000000000000000000, -1.000000000000000000 ) ) ;
#4695 = PLANE ( 'NONE',  #2704 ) ;
#4696 = VERTEX_POINT ( 'NONE', #3192 ) ;
#4697 = CARTESIAN_POINT ( 'NONE',  ( -0.1205138572722579543, -0.8801910341801574278, 0.01000000000000000021 ) ) ;
#4698 = FILL_AREA_STYLE_COLOUR ( '', #3601 ) ;
#4699 = ORIENTED_EDGE ( 'NONE', *, *, #4506, .T. ) ;
#4700 = COLOUR_RGB ( '',0.8313725490196077761, 0.8313725490196077761, 0.8196078431372548767 ) ;
#4701 = VERTEX_POINT ( 'NONE', #1271 ) ;
#4702 = LINE ( 'NONE', #7847, #3048 ) ;
#4703 = PLANE ( 'NONE',  #5246 ) ;
#4704 =( LENGTH_UNIT ( ) NAMED_UNIT ( * ) SI_UNIT ( .MILLI., .METRE. ) );
#4705 = FILL_AREA_STYLE ('',( #5802 ) ) ;
#4706 = VECTOR ( 'NONE', #1708, 1000.000000000000000 ) ;
#4707 = CARTESIAN_POINT ( 'NONE',  ( 0.4076060066089044476, -1.000000000000002665, 0.1817582956874659594 ) ) ;
#4708 =( GEOMETRIC_REPRESENTATION_CONTEXT ( 3 ) GLOBAL_UNCERTAINTY_ASSIGNED_CONTEXT ( ( #1657 ) ) GLOBAL_UNIT_ASSIGNED_CONTEXT ( ( #7527, #2511, #1278 ) ) REPRESENTATION_CONTEXT ( 'NONE', 'WORKASPACE' ) );
#4709 = LINE ( 'NONE', #1034, #397 ) ;
#4710 = EDGE_CURVE ( 'NONE', #6255, #2752, #4009, .T. ) ;
#4711 = CARTESIAN_POINT ( 'NONE',  ( 0.7350000000000005418, -0.6750000000000000444, -0.02000000000000000042 ) ) ;
#4712 = ADVANCED_FACE ( 'NONE', ( #7521 ), #4491, .F. ) ;
#4713 = PRESENTATION_LAYER_ASSIGNMENT (  '', '', ( #4581 ) ) ;
#4714 = VECTOR ( 'NONE', #504, 1000.000000000000000 ) ;
#4715 = SURFACE_STYLE_FILL_AREA ( #5192 ) ;
#4716 = SURFACE_STYLE_FILL_AREA ( #1652 ) ;
#4717 = CARTESIAN_POINT ( 'NONE',  ( -0.07180873808783594381, -0.8214769847216816245, 0.01000000000000000021 ) ) ;
#4718 = CARTESIAN_POINT ( 'NONE',  ( 0.4500000000000002331, 0.7500000000000000000, -0.02000000000000000042 ) ) ;
#4719 = VERTEX_POINT ( 'NONE', #7719 ) ;
#4720 = PRESENTATION_STYLE_ASSIGNMENT (( #7819 ) ) ;
#4721 = AXIS2_PLACEMENT_3D ( 'NONE', #5731, #4508, #4359 ) ;
#4722 = ORIENTED_EDGE ( 'NONE', *, *, #3419, .T. ) ;
#4723 = MECHANICAL_DESIGN_GEOMETRIC_PRESENTATION_REPRESENTATION (  '', ( #226 ), #1157 ) ;
#4724 = EDGE_CURVE ( 'NONE', #3096, #1639, #1114, .T. ) ;
#4725 = COLOUR_RGB ( '',0.8313725490196077761, 0.8313725490196077761, 0.8196078431372548767 ) ;
#4726 = CARTESIAN_POINT ( 'NONE',  ( -0.6850000000000007194, -0.6750000000000000444, -0.02000000000000000042 ) ) ;
#4727 = AXIS2_PLACEMENT_3D ( 'NONE', #3193, #7067, #1403 ) ;
#4728 = DIRECTION ( 'NONE',  ( 0.000000000000000000, 0.000000000000000000, -1.000000000000000000 ) ) ;
#4729 =( LENGTH_UNIT ( ) NAMED_UNIT ( * ) SI_UNIT ( .MILLI., .METRE. ) );
#4730 = ORIENTED_EDGE ( 'NONE', *, *, #4518, .T. ) ;
#4731 = FILL_AREA_STYLE_COLOUR ( '', #2188 ) ;
#4732 = ORIENTED_EDGE ( 'NONE', *, *, #8008, .T. ) ;
#4733 = AXIS2_PLACEMENT_3D ( 'NONE', #5106, #7602, #7026 ) ;
#4734 =( LENGTH_UNIT ( ) NAMED_UNIT ( * ) SI_UNIT ( .MILLI., .METRE. ) );
#4735 = CARTESIAN_POINT ( 'NONE',  ( 0.09960831330435732101, -0.8313948648160006671, 0.01000000000000000021 ) ) ;
#4736 = PRESENTATION_STYLE_ASSIGNMENT (( #5341 ) ) ;
#4737 = SURFACE_STYLE_USAGE ( .BOTH. , #7875 ) ;
#4738 =( NAMED_UNIT ( * ) SI_UNIT ( $, .STERADIAN. ) SOLID_ANGLE_UNIT ( ) );
#4739 = ORIENTED_EDGE ( 'NONE', *, *, #2483, .F. ) ;
#4740 =( NAMED_UNIT ( * ) SI_UNIT ( $, .STERADIAN. ) SOLID_ANGLE_UNIT ( ) );
#4741 = SURFACE_STYLE_USAGE ( .BOTH. , #2207 ) ;
#4742 = VERTEX_POINT ( 'NONE', #1445 ) ;
#4743 = B_SPLINE_CURVE_WITH_KNOTS ( 'NONE', 3,
 ( #7439, #326, #1820, #4345, #955, #7864, #6816, #6547, #2148, #7164, #918, #3421, #5938, #280, #2794, #1581, #2840, #5332, #4764 ),
 .UNSPECIFIED., .F., .F.,
 ( 4, 1, 1, 1, 1, 1, 1, 1, 1, 1, 1, 1, 1, 1, 1, 1, 4 ),
 ( 0.000000000000000000, 0.06783324845577358431, 0.1326555365079040150, 0.1950508840508278219, 0.2555829330687769407, 0.3147998341472895145, 0.3736004728263743746, 0.4325455953267433595, 0.4924306292835654575, 0.5526712559629696209, 0.6125130441881162513, 0.6726102503570058344, 0.7338383693139461927, 0.7965942385677734494, 0.8614497992905729706, 0.9291989423509054991, 1.000000000000000000 ),
 .UNSPECIFIED. ) ;
#4744 = FACE_OUTER_BOUND ( 'NONE', #8126, .T. ) ;
#4745 = ORIENTED_EDGE ( 'NONE', *, *, #8108, .F. ) ;
#4746 = SURFACE_STYLE_FILL_AREA ( #7229 ) ;
#4747 = SURFACE_STYLE_FILL_AREA ( #3443 ) ;
#4748 = CARTESIAN_POINT ( 'NONE',  ( -0.1692553844292993548, -0.8105013749655840538, 0.01000000000000000021 ) ) ;
#4749 = LINE ( 'NONE', #7720, #3354 ) ;
#4750 =( NAMED_UNIT ( * ) SI_UNIT ( $, .STERADIAN. ) SOLID_ANGLE_UNIT ( ) );
#4751 = DIRECTION ( 'NONE',  ( 1.000000000000000000, 0.000000000000000000, 0.000000000000000000 ) ) ;
#4752 = CARTESIAN_POINT ( 'NONE',  ( -0.08198822840641407927, -0.9097010297743151064, 0.01000000000000000021 ) ) ;
#4753 = B_SPLINE_CURVE_WITH_KNOTS ( 'NONE', 3,
 ( #3552, #5984, #6069, #2919, #410, #5406, #7903, #5937, #4185, #325, #370 ),
 .UNSPECIFIED., .F., .F.,
 ( 4, 1, 1, 1, 1, 1, 1, 1, 4 ),
 ( 0.000000000000000000, 0.1252796967356274715, 0.2494199707420520495, 0.3733567994928199130, 0.4966812787822865172, 0.6202029157439832296, 0.7450863201614565945, 0.8712691950190979417, 0.9999999999999998890 ),
 .UNSPECIFIED. ) ;
#4754 = CARTESIAN_POINT ( 'NONE',  ( 0.1094357894573568801, -0.8526223211463009877, 0.01000000000000000021 ) ) ;
#4755 = CARTESIAN_POINT ( 'NONE',  ( 0.4076060066089044476, -1.010000000000002673, 0.1817582956874659594 ) ) ;
#4756 = CARTESIAN_POINT ( 'NONE',  ( -0.1092759209509725077, -0.8236746637254507286, 0.000000000000000000 ) ) ;
#4757 = SURFACE_STYLE_FILL_AREA ( #3455 ) ;
#4758 = SURFACE_STYLE_FILL_AREA ( #3547 ) ;
#4759 = VERTEX_POINT ( 'NONE', #5799 ) ;
#4760 = EDGE_CURVE ( 'NONE', #2958, #5451, #732, .T. ) ;
#4761 = ADVANCED_FACE ( 'NONE', ( #5271 ), #7759, .F. ) ;
#4762 = FILL_AREA_STYLE_COLOUR ( '', #1663 ) ;
#4763 = VERTEX_POINT ( 'NONE', #5144 ) ;
#4764 = CARTESIAN_POINT ( 'NONE',  ( 0.1234275423999689758, -0.8623878078924133161, 0.000000000000000000 ) ) ;
#4765 =( GEOMETRIC_REPRESENTATION_CONTEXT ( 3 ) GLOBAL_UNCERTAINTY_ASSIGNED_CONTEXT ( ( #1453 ) ) GLOBAL_UNIT_ASSIGNED_CONTEXT ( ( #2829, #5275, #7811 ) ) REPRESENTATION_CONTEXT ( 'NONE', 'WORKASPACE' ) );
#4766 = SURFACE_SIDE_STYLE ('',( #7167 ) ) ;
#4767 = ORIENTED_EDGE ( 'NONE', *, *, #5662, .T. ) ;
#4768 =( NAMED_UNIT ( * ) PLANE_ANGLE_UNIT ( ) SI_UNIT ( $, .RADIAN. ) );
#4769 = EDGE_CURVE ( 'NONE', #3263, #4327, #8042, .T. ) ;
#4770 = ORIENTED_EDGE ( 'NONE', *, *, #1615, .T. ) ;
#4771 = STYLED_ITEM ( 'NONE', ( #7062 ), #6193 ) ;
#4772 = CARTESIAN_POINT ( 'NONE',  ( -0.1047519866487489071, -0.8363568399817442600, 0.000000000000000000 ) ) ;
#4773 = DIRECTION ( 'NONE',  ( -1.000000000000000000, 0.000000000000000000, -0.000000000000000000 ) ) ;
#4774 =( NAMED_UNIT ( * ) PLANE_ANGLE_UNIT ( ) SI_UNIT ( $, .RADIAN. ) );
#4775 = MECHANICAL_DESIGN_GEOMETRIC_PRESENTATION_REPRESENTATION (  '', ( #6848 ), #1677 ) ;
#4776 = ORIENTED_EDGE ( 'NONE', *, *, #1841, .F. ) ;
#4777 = CARTESIAN_POINT ( 'NONE',  ( -0.7621383144406077559, 1.010000000000002673, 0.07773384608415166708 ) ) ;
#4778 = ORIENTED_EDGE ( 'NONE', *, *, #4400, .T. ) ;
#4779 = SURFACE_SIDE_STYLE ('',( #2166 ) ) ;
#4780 = LINE ( 'NONE', #305, #4677 ) ;
#4781 = VERTEX_POINT ( 'NONE', #854 ) ;
#4782 = SURFACE_SIDE_STYLE ('',( #3357 ) ) ;
#4783 = CARTESIAN_POINT ( 'NONE',  ( -0.01925538442929935340, -0.8544038139899742257, 0.01000000000000000021 ) ) ;
#4784 = DIRECTION ( 'NONE',  ( -0.3635424856527061932, -0.9315776194850602376, 0.000000000000000000 ) ) ;
#4785 = DIRECTION ( 'NONE',  ( -1.000000000000000000, -0.000000000000000000, -0.000000000000000000 ) ) ;
#4786 = CARTESIAN_POINT ( 'NONE',  ( -0.1924451710146652672, -0.8714769847216817800, 0.000000000000000000 ) ) ;
#4787 = LINE ( 'NONE', #5355, #2461 ) ;
#4788 = PRESENTATION_STYLE_ASSIGNMENT (( #4176 ) ) ;
#4789 = COLOUR_RGB ( '',0.8313725490196077761, 0.8313725490196077761, 0.8196078431372548767 ) ;
#4790 =( NAMED_UNIT ( * ) PLANE_ANGLE_UNIT ( ) SI_UNIT ( $, .RADIAN. ) );
#4791 = SURFACE_STYLE_USAGE ( .BOTH. , #6780 ) ;
#4792 = VERTEX_POINT ( 'NONE', #3359 ) ;
#4793 = AXIS2_PLACEMENT_3D ( 'NONE', #1013, #3478, #6003 ) ;
#4794 = CARTESIAN_POINT ( 'NONE',  ( 0.1178926189597488267, -0.8361109230150226557, 0.000000000000000000 ) ) ;
#4795 = ORIENTED_EDGE ( 'NONE', *, *, #7767, .F. ) ;
#4796 = UNCERTAINTY_MEASURE_WITH_UNIT (LENGTH_MEASURE( 1.000000000000000082E-05 ), #4129, 'distance_accuracy_value', 'NONE');
#4797 = COLOUR_RGB ( '',0.8313725490196077761, 0.8313725490196077761, 0.8196078431372548767 ) ;
#4798 = ADVANCED_FACE ( 'NONE', ( #5883 ), #2171, .F. ) ;
#4799 = EDGE_CURVE ( 'NONE', #5796, #2644, #307, .T. ) ;
#4800 = PLANE ( 'NONE',  #3720 ) ;
#4801 = DIRECTION ( 'NONE',  ( -0.000000000000000000, -0.000000000000000000, 1.000000000000000000 ) ) ;
#4802 = ORIENTED_EDGE ( 'NONE', *, *, #59, .F. ) ;
#4803 = PLANE ( 'NONE',  #2064 ) ;
#4804 = VERTEX_POINT ( 'NONE', #6126 ) ;
#4805 = PRESENTATION_LAYER_ASSIGNMENT (  '', '', ( #6228 ) ) ;
#4806 = FILL_AREA_STYLE ('',( #8070 ) ) ;
#4807 = VECTOR ( 'NONE', #5786, 1000.000000000000000 ) ;
#4808 = EDGE_CURVE ( 'NONE', #670, #5325, #5388, .T. ) ;
#4809 = CARTESIAN_POINT ( 'NONE',  ( 0.09398074954869209408, -0.8265061758531352387, 0.01000000000000000021 ) ) ;
#4810 = EDGE_CURVE ( 'NONE', #6118, #7867, #2031, .T. ) ;
#4811 = DIRECTION ( 'NONE',  ( 0.000000000000000000, 0.000000000000000000, -1.000000000000000000 ) ) ;
#4812 = STYLED_ITEM ( 'NONE', ( #7824 ), #4965 ) ;
#4813 = COLOUR_RGB ( '',0.8313725490196077761, 0.8313725490196077761, 0.8196078431372548767 ) ;
#4814 = CARTESIAN_POINT ( 'NONE',  ( -0.7621383144406077559, -1.000000000000002665, 0.07773384608415165320 ) ) ;
#4815 = EDGE_LOOP ( 'NONE', ( #2879, #7222, #2076, #8050 ) ) ;
#4816 = LINE ( 'NONE', #7838, #7782 ) ;
#4817 = ORIENTED_EDGE ( 'NONE', *, *, #4011, .F. ) ;
#4818 = DIRECTION ( 'NONE',  ( 0.000000000000000000, -1.000000000000000000, 0.000000000000000000 ) ) ;
#4819 = FILL_AREA_STYLE ('',( #7919 ) ) ;
#4820 = MECHANICAL_DESIGN_GEOMETRIC_PRESENTATION_REPRESENTATION (  '', ( #190 ), #5465 ) ;
#4821 =( NAMED_UNIT ( * ) PLANE_ANGLE_UNIT ( ) SI_UNIT ( $, .RADIAN. ) );
#4822 = ORIENTED_EDGE ( 'NONE', *, *, #3322, .T. ) ;
#4823 = EDGE_CURVE ( 'NONE', #4270, #4482, #2863, .T. ) ;
#4824 = LINE ( 'NONE', #4209, #2159 ) ;
#4825 = UNCERTAINTY_MEASURE_WITH_UNIT (LENGTH_MEASURE( 1.000000000000000082E-05 ), #1967, 'distance_accuracy_value', 'NONE');
#4826 = PRESENTATION_STYLE_ASSIGNMENT (( #8005 ) ) ;
#4827 =( LENGTH_UNIT ( ) NAMED_UNIT ( * ) SI_UNIT ( .MILLI., .METRE. ) );
#4828 = CARTESIAN_POINT ( 'NONE',  ( -1.000000000000000888, 0.9999999999999991118, 0.000000000000000000 ) ) ;
#4829 = UNCERTAINTY_MEASURE_WITH_UNIT (LENGTH_MEASURE( 1.000000000000000082E-05 ), #4180, 'distance_accuracy_value', 'NONE');
#4830 = PRESENTATION_STYLE_ASSIGNMENT (( #2297 ) ) ;
#4831 = CARTESIAN_POINT ( 'NONE',  ( -0.000000000000000000, -0.9105013749655840316, 0.01000000000000000021 ) ) ;
#4832 = ORIENTED_EDGE ( 'NONE', *, *, #1834, .T. ) ;
#4833 = CARTESIAN_POINT ( 'NONE',  ( -0.1205085890607091731, -0.8392209907861611917, 0.000000000000000000 ) ) ;
#4834 = STYLED_ITEM ( 'NONE', ( #7915 ), #7445 ) ;
#4835 = DIRECTION ( 'NONE',  ( -0.9466707760722533616, -0.3222024856061130316, 0.000000000000000000 ) ) ;
#4836 = DIRECTION ( 'NONE',  ( -0.000000000000000000, 0.000000000000000000, 1.000000000000000000 ) ) ;
#4837 = VERTEX_POINT ( 'NONE', #4783 ) ;
#4838 = FILL_AREA_STYLE ('',( #3459 ) ) ;
#4839 = ORIENTED_EDGE ( 'NONE', *, *, #264, .F. ) ;
#4840 =( GEOMETRIC_REPRESENTATION_CONTEXT ( 3 ) GLOBAL_UNCERTAINTY_ASSIGNED_CONTEXT ( ( #762 ) ) GLOBAL_UNIT_ASSIGNED_CONTEXT ( ( #4155, #6116, #5418 ) ) REPRESENTATION_CONTEXT ( 'NONE', 'WORKASPACE' ) );
#4841 = PRESENTATION_LAYER_ASSIGNMENT (  '', '', ( #6025 ) ) ;
#4842 = DIRECTION ( 'NONE',  ( 1.000000000000000000, 0.000000000000000000, -0.000000000000000000 ) ) ;
#4843 = COLOUR_RGB ( '',0.8313725490196077761, 0.8313725490196077761, 0.8196078431372548767 ) ;
#4844 = VERTEX_POINT ( 'NONE', #8004 ) ;
#4845 = LINE ( 'NONE', #7906, #7841 ) ;
#4846 = VECTOR ( 'NONE', #3514, 1000.000000000000000 ) ;
#4847 = VERTEX_POINT ( 'NONE', #5430 ) ;
#4848 = STYLED_ITEM ( 'NONE', ( #7279 ), #2229 ) ;
#4849 = SURFACE_SIDE_STYLE ('',( #5375 ) ) ;
#4850 = STYLED_ITEM ( 'NONE', ( #1989 ), #6684 ) ;
#4851 = SURFACE_STYLE_USAGE ( .BOTH. , #2396 ) ;
#4852 = LINE ( 'NONE', #7338, #581 ) ;
#4853 = FILL_AREA_STYLE ('',( #1752 ) ) ;
#4854 = LINE ( 'NONE', #1135, #1932 ) ;
#4855 = PRESENTATION_LAYER_ASSIGNMENT (  '', '', ( #5504 ) ) ;
#4856 = ORIENTED_EDGE ( 'NONE', *, *, #5606, .T. ) ;
#4857 = ORIENTED_EDGE ( 'NONE', *, *, #6892, .T. ) ;
#4858 = EDGE_CURVE ( 'NONE', #1230, #3095, #4824, .T. ) ;
#4859 = EDGE_CURVE ( 'NONE', #5816, #4910, #7014, .T. ) ;
#4860 = CARTESIAN_POINT ( 'NONE',  ( 1.010000000000000231, -0.8750000000000000000, -0.02000000000000000042 ) ) ;
#4861 = CARTESIAN_POINT ( 'NONE',  ( 0.1025943445480813204, -0.8874439186364337928, 0.01000000000000000021 ) ) ;
#4862 = VERTEX_POINT ( 'NONE', #2337 ) ;
#4863 = COLOUR_RGB ( '',0.8313725490196077761, 0.8313725490196077761, 0.8196078431372548767 ) ;
#4864 = LINE ( 'NONE', #2408, #2952 ) ;
#4865 = CYLINDRICAL_SURFACE ( 'NONE', #3787, 0.04999999999999991257 ) ;
#4866 = LINE ( 'NONE', #4248, #5306 ) ;
#4867 = EDGE_CURVE ( 'NONE', #6682, #2838, #6009, .T. ) ;
#4868 = PLANE ( 'NONE',  #1152 ) ;
#4869 =( NAMED_UNIT ( * ) PLANE_ANGLE_UNIT ( ) SI_UNIT ( $, .RADIAN. ) );
#4870 = ORIENTED_EDGE ( 'NONE', *, *, #6335, .F. ) ;
#4871 =( NAMED_UNIT ( * ) PLANE_ANGLE_UNIT ( ) SI_UNIT ( $, .RADIAN. ) );
#4872 = LINE ( 'NONE', #1778, #3121 ) ;
#4873 =( LENGTH_UNIT ( ) NAMED_UNIT ( * ) SI_UNIT ( .MILLI., .METRE. ) );
#4874 = ORIENTED_EDGE ( 'NONE', *, *, #5257, .F. ) ;
#4875 = CARTESIAN_POINT ( 'NONE',  ( -1.000000000000000888, -0.3750000000000000000, 0.000000000000000000 ) ) ;
#4876 = VERTEX_POINT ( 'NONE', #4748 ) ;
#4877 = UNCERTAINTY_MEASURE_WITH_UNIT (LENGTH_MEASURE( 1.000000000000000082E-05 ), #6417, 'distance_accuracy_value', 'NONE');
#4878 = CARTESIAN_POINT ( 'NONE',  ( 0.7350000000000006528, 0.1750000000000000167, -0.02000000000000000042 ) ) ;
#4879 = DIRECTION ( 'NONE',  ( 0.000000000000000000, -1.000000000000000000, 0.000000000000000000 ) ) ;
#4880 = ORIENTED_EDGE ( 'NONE', *, *, #1440, .T. ) ;
#4881 =( LENGTH_UNIT ( ) NAMED_UNIT ( * ) SI_UNIT ( .MILLI., .METRE. ) );
#4882 = EDGE_LOOP ( 'NONE', ( #1497, #241, #2961, #5740 ) ) ;
#4883 = FILL_AREA_STYLE_COLOUR ( '', #1728 ) ;
#4884 = SURFACE_SIDE_STYLE ('',( #7992 ) ) ;
#4885 = VECTOR ( 'NONE', #1404, 1000.000000000000000 ) ;
#4886 = CARTESIAN_POINT ( 'NONE',  ( 0.07257007288777385379, -0.8092818627704621015, 0.009999999999999998473 ) ) ;
#4887 =( NAMED_UNIT ( * ) PLANE_ANGLE_UNIT ( ) SI_UNIT ( $, .RADIAN. ) );
#4888 = CARTESIAN_POINT ( 'NONE',  ( -0.7350000000000006528, 0.3250000000000000111, 0.000000000000000000 ) ) ;
#4889 = ORIENTED_EDGE ( 'NONE', *, *, #5760, .T. ) ;
#4890 = LINE ( 'NONE', #6806, #3097 ) ;
#4891 = VERTEX_POINT ( 'NONE', #3536 ) ;
#4892 = CARTESIAN_POINT ( 'NONE',  ( -0.1772670268437895325, -0.8293097085934437729, 0.01000000000000000021 ) ) ;
#4893 =( NAMED_UNIT ( * ) PLANE_ANGLE_UNIT ( ) SI_UNIT ( $, .RADIAN. ) );
#4894 = CARTESIAN_POINT ( 'NONE',  ( -0.1758483722341773747, -0.8226964969168035768, 0.000000000000000000 ) ) ;
#4895 =( GEOMETRIC_REPRESENTATION_CONTEXT ( 3 ) GLOBAL_UNCERTAINTY_ASSIGNED_CONTEXT ( ( #6381 ) ) GLOBAL_UNIT_ASSIGNED_CONTEXT ( ( #3027, #4869, #1153 ) ) REPRESENTATION_CONTEXT ( 'NONE', 'WORKASPACE' ) );
#4896 = FACE_OUTER_BOUND ( 'NONE', #658, .T. ) ;
#4897 = ADVANCED_FACE ( 'NONE', ( #6566 ), #7885, .F. ) ;
#4898 =( NAMED_UNIT ( * ) SI_UNIT ( $, .STERADIAN. ) SOLID_ANGLE_UNIT ( ) );
#4899 = ADVANCED_FACE ( 'NONE', ( #4512 ), #1332, .F. ) ;
#4900 = CARTESIAN_POINT ( 'NONE',  ( 0.07655254239996896193, -0.9117208871607059839, 0.000000000000000000 ) ) ;
#4901 = SURFACE_SIDE_STYLE ('',( #4983 ) ) ;
#4902 = CARTESIAN_POINT ( 'NONE',  ( 0.1091211399118652420, -0.8238264256448692979, 0.01000000000000000021 ) ) ;
#4903 = FACE_OUTER_BOUND ( 'NONE', #249, .T. ) ;
#4904 = ORIENTED_EDGE ( 'NONE', *, *, #2318, .F. ) ;
#4905 = DIRECTION ( 'NONE',  ( 1.000000000000000000, 0.000000000000000000, 0.000000000000000000 ) ) ;
#4906 = ADVANCED_FACE ( 'NONE', ( #1422, #750, #130, #5821, #3260, #7431, #8039 ), #1765, .F. ) ;
#4907 = DIRECTION ( 'NONE',  ( -0.000000000000000000, -0.000000000000000000, 1.000000000000000000 ) ) ;
#4908 = DIRECTION ( 'NONE',  ( -0.000000000000000000, 0.000000000000000000, 1.000000000000000000 ) ) ;
#4909 = CARTESIAN_POINT ( 'NONE',  ( 1.010000000000000453, -0.1250000000000001110, -0.02000000000000000042 ) ) ;
#4910 = VERTEX_POINT ( 'NONE', #3022 ) ;
#4911 = CARTESIAN_POINT ( 'NONE',  ( -1.000000000000000666, -0.3749999999999998890, 0.5300000000000000266 ) ) ;
#4912 = ORIENTED_EDGE ( 'NONE', *, *, #7039, .T. ) ;
#4913 = FACE_OUTER_BOUND ( 'NONE', #4032, .T. ) ;
#4914 = STYLED_ITEM ( 'NONE', ( #290 ), #1988 ) ;
#4915 = CARTESIAN_POINT ( 'NONE',  ( 0.1831836399609446109, -0.8105013749655840538, 0.000000000000000000 ) ) ;
#4916 = EDGE_CURVE ( 'NONE', #6927, #7772, #2409, .T. ) ;
#4917 = PRESENTATION_LAYER_ASSIGNMENT (  '', '', ( #1101 ) ) ;
#4918 = CARTESIAN_POINT ( 'NONE',  ( 0.09777979973290550075, -0.8926758197721380572, 0.000000000000000000 ) ) ;
#4919 = ORIENTED_EDGE ( 'NONE', *, *, #2473, .F. ) ;
#4920 = ORIENTED_EDGE ( 'NONE', *, *, #2028, .T. ) ;
#4921 = VERTEX_POINT ( 'NONE', #5591 ) ;
#4922 = CARTESIAN_POINT ( 'NONE',  ( -0.4499999999999999556, -0.7499999999999998890, -0.02000000000000000042 ) ) ;
#4923 = VECTOR ( 'NONE', #4003, 1000.000000000000000 ) ;
#4924 =( NAMED_UNIT ( * ) PLANE_ANGLE_UNIT ( ) SI_UNIT ( $, .RADIAN. ) );
#4925 = CARTESIAN_POINT ( 'NONE',  ( 0.08311327160967121874, -0.8101111157487742576, 0.000000000000000000 ) ) ;
#4926 = DIRECTION ( 'NONE',  ( 0.000000000000000000, -0.000000000000000000, 1.000000000000000000 ) ) ;
#4927 =( GEOMETRIC_REPRESENTATION_CONTEXT ( 3 ) GLOBAL_UNCERTAINTY_ASSIGNED_CONTEXT ( ( #6738 ) ) GLOBAL_UNIT_ASSIGNED_CONTEXT ( ( #1487, #2547, #4587 ) ) REPRESENTATION_CONTEXT ( 'NONE', 'WORKASPACE' ) );
#4928 = DIRECTION ( 'NONE',  ( 0.9353882635801357148, 0.3536223923290756632, 0.000000000000000000 ) ) ;
#4929 = ORIENTED_EDGE ( 'NONE', *, *, #1081, .T. ) ;
#4930 = DIRECTION ( 'NONE',  ( 0.000000000000000000, -0.000000000000000000, -1.000000000000000000 ) ) ;
#4931 = ORIENTED_EDGE ( 'NONE', *, *, #6892, .F. ) ;
#4932 = MECHANICAL_DESIGN_GEOMETRIC_PRESENTATION_REPRESENTATION (  '', ( #5064 ), #4542 ) ;
#4933 = CARTESIAN_POINT ( 'NONE',  ( 1.010000000000000453, 0.8749999999999998890, -0.02000000000000000042 ) ) ;
#4934 = VECTOR ( 'NONE', #7351, 1000.000000000000000 ) ;
#4935 = CARTESIAN_POINT ( 'NONE',  ( 0.1217257576956082693, -0.8778267529596017749, 0.01000000000000000021 ) ) ;
#4936 = COLOUR_RGB ( '',0.8313725490196077761, 0.8313725490196077761, 0.8196078431372548767 ) ;
#4937 =( NAMED_UNIT ( * ) SI_UNIT ( $, .STERADIAN. ) SOLID_ANGLE_UNIT ( ) );
#4938 = SURFACE_STYLE_FILL_AREA ( #1188 ) ;
#4939 = AXIS2_PLACEMENT_3D ( 'NONE', #4726, #4681, #7245 ) ;
#4940 = CARTESIAN_POINT ( 'NONE',  ( 0.09133408188617592183, -0.9099063518200916079, 0.000000000000000000 ) ) ;
#4941 =( NAMED_UNIT ( * ) PLANE_ANGLE_UNIT ( ) SI_UNIT ( $, .RADIAN. ) );
#4942 = SURFACE_SIDE_STYLE ('',( #7384 ) ) ;
#4943 = FILL_AREA_STYLE ('',( #29 ) ) ;
#4944 = DIRECTION ( 'NONE',  ( -0.000000000000000000, -0.000000000000000000, 1.000000000000000000 ) ) ;
#4945 = LINE ( 'NONE', #5640, #1949 ) ;
#4946 = ORIENTED_EDGE ( 'NONE', *, *, #6409, .F. ) ;
#4947 =( NAMED_UNIT ( * ) SI_UNIT ( $, .STERADIAN. ) SOLID_ANGLE_UNIT ( ) );
#4948 = CARTESIAN_POINT ( 'NONE',  ( 0.05673537624878007696, -0.8107838171316668063, 0.01000000000000000021 ) ) ;
#4949 = DIRECTION ( 'NONE',  ( 0.000000000000000000, -0.000000000000000000, -1.000000000000000000 ) ) ;
#4950 = DIRECTION ( 'NONE',  ( 1.000000000000000000, 0.000000000000000000, 0.000000000000000000 ) ) ;
#4951 = VERTEX_POINT ( 'NONE', #8082 ) ;
#4952 = SURFACE_SIDE_STYLE ('',( #3120 ) ) ;
#4953 = ORIENTED_EDGE ( 'NONE', *, *, #115, .T. ) ;
#4954 = EDGE_CURVE ( 'NONE', #5063, #4482, #5588, .T. ) ;
#4955 = EDGE_CURVE ( 'NONE', #6619, #6261, #956, .T. ) ;
#4956 = DIRECTION ( 'NONE',  ( 0.000000000000000000, 1.000000000000000000, 0.000000000000000000 ) ) ;
#4957 = FACE_OUTER_BOUND ( 'NONE', #8011, .T. ) ;
#4958 = DIRECTION ( 'NONE',  ( -1.000000000000000000, -0.000000000000000000, -0.000000000000000000 ) ) ;
#4959 = DIRECTION ( 'NONE',  ( -1.084202172485503448E-16, 1.000000000000000000, -0.000000000000000000 ) ) ;
#4960 =( NAMED_UNIT ( * ) SI_UNIT ( $, .STERADIAN. ) SOLID_ANGLE_UNIT ( ) );
#4961 = CARTESIAN_POINT ( 'NONE',  ( -1.010000000000000453, 0.3749999999999998890, 0.2500000000000000000 ) ) ;
#4962 = ORIENTED_EDGE ( 'NONE', *, *, #1118, .F. ) ;
#4963 = ORIENTED_EDGE ( 'NONE', *, *, #7638, .T. ) ;
#4964 = MECHANICAL_DESIGN_GEOMETRIC_PRESENTATION_REPRESENTATION (  '', ( #337 ), #5739 ) ;
#4965 = ADVANCED_FACE ( 'NONE', ( #7248 ), #4642, .F. ) ;
#4966 =( GEOMETRIC_REPRESENTATION_CONTEXT ( 3 ) GLOBAL_UNCERTAINTY_ASSIGNED_CONTEXT ( ( #6030 ) ) GLOBAL_UNIT_ASSIGNED_CONTEXT ( ( #915, #1879, #3173 ) ) REPRESENTATION_CONTEXT ( 'NONE', 'WORKASPACE' ) );
#4967 = DIRECTION ( 'NONE',  ( 0.000000000000000000, 0.000000000000000000, -1.000000000000000000 ) ) ;
#4968 = CARTESIAN_POINT ( 'NONE',  ( 0.1233839900544526913, -0.8604422567814336009, 0.009999999999999998473 ) ) ;
#4969 = COLOUR_RGB ( '',0.8313725490196077761, 0.8313725490196077761, 0.8196078431372548767 ) ;
#4970 = PRESENTATION_LAYER_ASSIGNMENT (  '', '', ( #3912 ) ) ;
#4971 = PRESENTATION_LAYER_ASSIGNMENT (  '', '', ( #879 ) ) ;
#4972 = ORIENTED_EDGE ( 'NONE', *, *, #5760, .F. ) ;
#4973 = UNCERTAINTY_MEASURE_WITH_UNIT (LENGTH_MEASURE( 1.000000000000000082E-05 ), #6216, 'distance_accuracy_value', 'NONE');
#4974 = CARTESIAN_POINT ( 'NONE',  ( -0.1067109947273087445, -0.8799200988035316140, 0.000000000000000000 ) ) ;
#4975 = ORIENTED_EDGE ( 'NONE', *, *, #3282, .F. ) ;
#4976 =( GEOMETRIC_REPRESENTATION_CONTEXT ( 3 ) GLOBAL_UNCERTAINTY_ASSIGNED_CONTEXT ( ( #4006 ) ) GLOBAL_UNIT_ASSIGNED_CONTEXT ( ( #1050, #6674, #7373 ) ) REPRESENTATION_CONTEXT ( 'NONE', 'WORKASPACE' ) );
#4977 = CARTESIAN_POINT ( 'NONE',  ( -0.2050510257216819898, 0.7000000000000000666, -0.02000000000000000042 ) ) ;
#4978 = VECTOR ( 'NONE', #5671, 1000.000000000000000 ) ;
#4979 = DIRECTION ( 'NONE',  ( 1.000000000000000000, 0.000000000000000000, 0.000000000000000000 ) ) ;
#4980 = COLOUR_RGB ( '',0.8313725490196077761, 0.8313725490196077761, 0.8196078431372548767 ) ;
#4981 =( GEOMETRIC_REPRESENTATION_CONTEXT ( 3 ) GLOBAL_UNCERTAINTY_ASSIGNED_CONTEXT ( ( #5158 ) ) GLOBAL_UNIT_ASSIGNED_CONTEXT ( ( #1451, #1321, #3833 ) ) REPRESENTATION_CONTEXT ( 'NONE', 'WORKASPACE' ) );
#4982 = CARTESIAN_POINT ( 'NONE',  ( 0.6850000000000007194, -0.6750000000000000444, -0.02000000000000000042 ) ) ;
#4983 = SURFACE_STYLE_FILL_AREA ( #8006 ) ;
#4984 =( NAMED_UNIT ( * ) PLANE_ANGLE_UNIT ( ) SI_UNIT ( $, .RADIAN. ) );
#4985 = CARTESIAN_POINT ( 'NONE',  ( -0.6850000000000008304, 0.6750000000000000444, -0.02000000000000000042 ) ) ;
#4986 = SURFACE_SIDE_STYLE ('',( #1227 ) ) ;
#4987 = VECTOR ( 'NONE', #6972, 1000.000000000000000 ) ;
#4988 = CARTESIAN_POINT ( 'NONE',  ( 0.1099308687072921981, -0.8658860556852665535, 0.01000000000000000021 ) ) ;
#4989 = VERTEX_POINT ( 'NONE', #2192 ) ;
#4990 = DIRECTION ( 'NONE',  ( -1.000000000000000000, 0.000000000000000000, 0.000000000000000000 ) ) ;
#4991 = CARTESIAN_POINT ( 'NONE',  ( 1.010000000000000453, -0.3750000000000000000, -0.02000000000000000042 ) ) ;
#4992 = SURFACE_STYLE_USAGE ( .BOTH. , #5602 ) ;
#4993 = DIRECTION ( 'NONE',  ( -0.000000000000000000, -0.000000000000000000, 1.000000000000000000 ) ) ;
#4994 = LINE ( 'NONE', #649, #2288 ) ;
#4995 = ORIENTED_EDGE ( 'NONE', *, *, #6504, .T. ) ;
#4996 = PRESENTATION_STYLE_ASSIGNMENT (( #495 ) ) ;
#4997 = ORIENTED_EDGE ( 'NONE', *, *, #1676, .T. ) ;
#4998 =( NAMED_UNIT ( * ) PLANE_ANGLE_UNIT ( ) SI_UNIT ( $, .RADIAN. ) );
#4999 = CARTESIAN_POINT ( 'NONE',  ( 0.4076060066089044476, 0.9999999999999991118, 0.07773384608415165320 ) ) ;
#5000 = CARTESIAN_POINT ( 'NONE',  ( -0.07275101100524893061, -0.9104667444279684885, 0.000000000000000000 ) ) ;
#5001 = ADVANCED_FACE ( 'NONE', ( #282 ), #2149, .T. ) ;
#5002 = EDGE_CURVE ( 'NONE', #895, #3089, #6865, .T. ) ;
#5003 = VERTEX_POINT ( 'NONE', #7866 ) ;
#5004 =( NAMED_UNIT ( * ) SI_UNIT ( $, .STERADIAN. ) SOLID_ANGLE_UNIT ( ) );
#5005 = DIRECTION ( 'NONE',  ( 1.000000000000000000, 0.000000000000000000, 0.000000000000000000 ) ) ;
#5006 = CARTESIAN_POINT ( 'NONE',  ( 0.08311327160967121874, -0.8101111157487742576, 0.009999999999999998473 ) ) ;
#5007 = FILL_AREA_STYLE ('',( #4363 ) ) ;
#5008 = EDGE_CURVE ( 'NONE', #536, #6521, #6180, .T. ) ;
#5009 =( LENGTH_UNIT ( ) NAMED_UNIT ( * ) SI_UNIT ( .MILLI., .METRE. ) );
#5010 = ORIENTED_EDGE ( 'NONE', *, *, #7196, .F. ) ;
#5011 = ORIENTED_EDGE ( 'NONE', *, *, #1472, .T. ) ;
#5012 = VECTOR ( 'NONE', #1140, 1000.000000000000000 ) ;
#5013 = CARTESIAN_POINT ( 'NONE',  ( 0.04903729849752992698, -0.8266599115509499773, 0.000000000000000000 ) ) ;
#5014 = FILL_AREA_STYLE ('',( #6809 ) ) ;
#5015 = FILL_AREA_STYLE ('',( #5132 ) ) ;
#5016 = FILL_AREA_STYLE ('',( #1305 ) ) ;
#5017 = MECHANICAL_DESIGN_GEOMETRIC_PRESENTATION_REPRESENTATION (  '', ( #3017 ), #2759 ) ;
#5018 = CARTESIAN_POINT ( 'NONE',  ( 0.1234275423999689758, -0.8623878078924133161, 0.000000000000000000 ) ) ;
#5019 = B_SPLINE_CURVE_WITH_KNOTS ( 'NONE', 3,
 ( #2480, #653, #3799, #5652, #1322, #7531, #3129, #4, #3161, #2024, #6989, #1906, #3087, #4428, #7611, #5607, #8104, #5000, #6911 ),
 .UNSPECIFIED., .F., .F.,
 ( 4, 1, 1, 1, 1, 1, 1, 1, 1, 1, 1, 1, 1, 1, 1, 1, 4 ),
 ( 0.000000000000000000, 0.06806869584499457282, 0.1334274328189550829, 0.1961460338131570114, 0.2570485924493124963, 0.3168826631591622478, 0.3761872086663219372, 0.4359603353635462253, 0.4965352368627262147, 0.5574653434807335106, 0.6176868634101474465, 0.6779436406969060469, 0.7388052848060403521, 0.8009493367665840857, 0.8648146674702263947, 0.9310247810786568268, 1.000000000000000000 ),
 .UNSPECIFIED. ) ;
#5020 = CARTESIAN_POINT ( 'NONE',  ( 0.1215095564155354996, -0.8457875262413421247, 0.01000000000000000021 ) ) ;
#5021 = SURFACE_STYLE_FILL_AREA ( #641 ) ;
#5022 = FILL_AREA_STYLE_COLOUR ( '', #7765 ) ;
#5023 =( GEOMETRIC_REPRESENTATION_CONTEXT ( 3 ) GLOBAL_UNCERTAINTY_ASSIGNED_CONTEXT ( ( #437 ) ) GLOBAL_UNIT_ASSIGNED_CONTEXT ( ( #273, #2751, #2183 ) ) REPRESENTATION_CONTEXT ( 'NONE', 'WORKASPACE' ) );
#5024 = CARTESIAN_POINT ( 'NONE',  ( 0.1099851262686148412, -0.8630305687058930086, 0.01000000000000000021 ) ) ;
#5025 = ORIENTED_EDGE ( 'NONE', *, *, #4104, .T. ) ;
#5026 = DIRECTION ( 'NONE',  ( 1.000000000000000000, 0.000000000000000000, 0.000000000000000000 ) ) ;
#5027 = B_SPLINE_CURVE_WITH_KNOTS ( 'NONE', 3,
 ( #4434, #5659, #7470, #662, #13, #1913, #5042, #5619, #3719, #3806, #6224 ),
 .UNSPECIFIED., .F., .F.,
 ( 4, 1, 1, 1, 1, 1, 1, 1, 4 ),
 ( 0.000000000000000000, 0.1252796967356274715, 0.2494199707420520495, 0.3733567994928199130, 0.4966812787822865172, 0.6202029157439832296, 0.7450863201614565945, 0.8712691950190979417, 0.9999999999999998890 ),
 .UNSPECIFIED. ) ;
#5028 = CARTESIAN_POINT ( 'NONE',  ( 0.7350000000000005418, -0.3250000000000000111, 0.2500000000000000000 ) ) ;
#5029 = SURFACE_STYLE_USAGE ( .BOTH. , #3868 ) ;
#5030 = DIRECTION ( 'NONE',  ( 0.000000000000000000, -1.000000000000000000, 0.000000000000000000 ) ) ;
#5031 = FACE_OUTER_BOUND ( 'NONE', #7286, .T. ) ;
#5032 = ORIENTED_EDGE ( 'NONE', *, *, #5612, .F. ) ;
#5033 = CARTESIAN_POINT ( 'NONE',  ( -0.4499999999999997891, 0.7500000000000001110, -0.02000000000000000042 ) ) ;
#5034 = STYLED_ITEM ( 'NONE', ( #6170 ), #520 ) ;
#5035 = FILL_AREA_STYLE ('',( #3713 ) ) ;
#5036 = PLANE ( 'NONE',  #981 ) ;
#5037 = FACE_BOUND ( 'NONE', #1310, .T. ) ;
#5038 = EDGE_LOOP ( 'NONE', ( #4635, #6210, #3839, #8, #468, #4181 ) ) ;
#5039 = EDGE_CURVE ( 'NONE', #7662, #323, #6828, .T. ) ;
#5040 = DIRECTION ( 'NONE',  ( -0.000000000000000000, 0.000000000000000000, 1.000000000000000000 ) ) ;
#5041 = CARTESIAN_POINT ( 'NONE',  ( 0.1226212422558810994, -0.8510669257868619386, 0.000000000000000000 ) ) ;
#5042 = CARTESIAN_POINT ( 'NONE',  ( 0.06317902157895924353, -0.8211107433617420570, 0.000000000000000000 ) ) ;
#5043 = CARTESIAN_POINT ( 'NONE',  ( 0.05186592493227275280, -0.9068797347628351213, 0.01000000000000000021 ) ) ;
#5044 = COLOUR_RGB ( '',0.2980392156862745057, 0.2980392156862745057, 0.2980392156862745057 ) ;
#5045 = CARTESIAN_POINT ( 'NONE',  ( -0.1184125666316004910, -0.8348908370008306656, 0.000000000000000000 ) ) ;
#5046 = ORIENTED_EDGE ( 'NONE', *, *, #1472, .F. ) ;
#5047 = CARTESIAN_POINT ( 'NONE',  ( -1.000000000000000888, 0.9999999999999991118, 0.000000000000000000 ) ) ;
#5048 = EDGE_LOOP ( 'NONE', ( #171, #1056, #7116, #5934 ) ) ;
#5049 = PRESENTATION_STYLE_ASSIGNMENT (( #3266 ) ) ;
#5050 = EDGE_CURVE ( 'NONE', #182, #2659, #2435, .T. ) ;
#5051 = EDGE_CURVE ( 'NONE', #2891, #6974, #1045, .T. ) ;
#5052 = UNCERTAINTY_MEASURE_WITH_UNIT (LENGTH_MEASURE( 1.000000000000000082E-05 ), #4881, 'distance_accuracy_value', 'NONE');
#5053 = CARTESIAN_POINT ( 'NONE',  ( -1.010000000000000231, -0.6250000000000001110, 0.2500000000000000000 ) ) ;
#5054 = DIRECTION ( 'NONE',  ( 0.3390537954853696245, 0.9407669869669986751, 0.000000000000000000 ) ) ;
#5055 = CARTESIAN_POINT ( 'NONE',  ( -0.2540408205773455053, 0.7100000000000001865, -0.02000000000000000042 ) ) ;
#5056 = PRESENTATION_LAYER_ASSIGNMENT (  '', '', ( #7654 ) ) ;
#5057 = CARTESIAN_POINT ( 'NONE',  ( -0.1106172301729310137, -0.8640567136737035137, 0.01000000000000000021 ) ) ;
#5058 = FACE_OUTER_BOUND ( 'NONE', #3587, .T. ) ;
#5059 = EDGE_CURVE ( 'NONE', #6807, #895, #3940, .T. ) ;
#5060 =( GEOMETRIC_REPRESENTATION_CONTEXT ( 3 ) GLOBAL_UNCERTAINTY_ASSIGNED_CONTEXT ( ( #1181 ) ) GLOBAL_UNIT_ASSIGNED_CONTEXT ( ( #1061, #3612, #3490 ) ) REPRESENTATION_CONTEXT ( 'NONE', 'WORKASPACE' ) );
#5061 =( NAMED_UNIT ( * ) SI_UNIT ( $, .STERADIAN. ) SOLID_ANGLE_UNIT ( ) );
#5062 = UNCERTAINTY_MEASURE_WITH_UNIT (LENGTH_MEASURE( 1.000000000000000082E-05 ), #1904, 'distance_accuracy_value', 'NONE');
#5063 = VERTEX_POINT ( 'NONE', #7458 ) ;
#5064 = STYLED_ITEM ( 'NONE', ( #1509 ), #2631 ) ;
#5065 = DIRECTION ( 'NONE',  ( -0.000000000000000000, 0.000000000000000000, 1.000000000000000000 ) ) ;
#5066 = FACE_OUTER_BOUND ( 'NONE', #5048, .T. ) ;
#5067 = VECTOR ( 'NONE', #1551, 1000.000000000000000 ) ;
#5068 = UNCERTAINTY_MEASURE_WITH_UNIT (LENGTH_MEASURE( 1.000000000000000082E-05 ), #3069, 'distance_accuracy_value', 'NONE');
#5069 = DIRECTION ( 'NONE',  ( 1.000000000000000000, 0.000000000000000000, 0.000000000000000000 ) ) ;
#5070 = COLOUR_RGB ( '',0.8313725490196077761, 0.8313725490196077761, 0.8196078431372548767 ) ;
#5071 = CARTESIAN_POINT ( 'NONE',  ( 0.01611046922923725991, -0.8544038139899742257, 0.000000000000000000 ) ) ;
#5072 = DIRECTION ( 'NONE',  ( -1.000000000000000000, 0.000000000000000000, 0.000000000000000000 ) ) ;
#5073 = PLANE ( 'NONE',  #1427 ) ;
#5074 = CARTESIAN_POINT ( 'NONE',  ( -0.08007731734243633825, -0.8220088852822736714, 0.01000000000000000021 ) ) ;
#5075 = ORIENTED_EDGE ( 'NONE', *, *, #69, .F. ) ;
#5076 = LINE ( 'NONE', #982, #6320 ) ;
#5077 = PRESENTATION_LAYER_ASSIGNMENT (  '', '', ( #6383 ) ) ;
#5078 = SURFACE_STYLE_USAGE ( .BOTH. , #1911 ) ;
#5079 = UNCERTAINTY_MEASURE_WITH_UNIT (LENGTH_MEASURE( 1.000000000000000082E-05 ), #2721, 'distance_accuracy_value', 'NONE');
#5080 = DIRECTION ( 'NONE',  ( 0.000000000000000000, 0.000000000000000000, 1.000000000000000000 ) ) ;
#5081 =( LENGTH_UNIT ( ) NAMED_UNIT ( * ) SI_UNIT ( .MILLI., .METRE. ) );
#5082 = CARTESIAN_POINT ( 'NONE',  ( -0.08762729441033793865, -0.8122908765371710249, 0.000000000000000000 ) ) ;
#5083 = PRESENTATION_LAYER_ASSIGNMENT (  '', '', ( #337 ) ) ;
#5084 = EDGE_LOOP ( 'NONE', ( #7916, #3556, #2540, #4562 ) ) ;
#5085 = LINE ( 'NONE', #1962, #5744 ) ;
#5086 = ORIENTED_EDGE ( 'NONE', *, *, #2666, .F. ) ;
#5087 = COLOUR_RGB ( '',0.8313725490196077761, 0.8313725490196077761, 0.8196078431372548767 ) ;
#5088 = VECTOR ( 'NONE', #2495, 1000.000000000000000 ) ;
#5089 = CARTESIAN_POINT ( 'NONE',  ( -1.000000000000000888, 0.9999999999999991118, 0.000000000000000000 ) ) ;
#5090 = COLOUR_RGB ( '',0.8313725490196077761, 0.8313725490196077761, 0.8196078431372548767 ) ;
#5091 = CARTESIAN_POINT ( 'NONE',  ( -1.010000000000000453, 0.1250000000000000000, -0.02000000000000000042 ) ) ;
#5092 = DIRECTION ( 'NONE',  ( -0.000000000000000000, -1.000000000000000000, 0.000000000000000000 ) ) ;
#5093 = COLOUR_RGB ( '',0.8313725490196077761, 0.8313725490196077761, 0.8196078431372548767 ) ;
#5094 =( NAMED_UNIT ( * ) PLANE_ANGLE_UNIT ( ) SI_UNIT ( $, .RADIAN. ) );
#5095 = EDGE_CURVE ( 'NONE', #5822, #3669, #3594, .T. ) ;
#5096 = ADVANCED_FACE ( 'NONE', ( #4355 ), #1171, .T. ) ;
#5097 = MECHANICAL_DESIGN_GEOMETRIC_PRESENTATION_REPRESENTATION (  '', ( #496 ), #1289 ) ;
#5098 = CARTESIAN_POINT ( 'NONE',  ( -0.2216944088195432483, -0.9105013749655840316, 0.01000000000000000021 ) ) ;
#5099 = DIRECTION ( 'NONE',  ( 1.000000000000000000, 0.000000000000000000, 0.000000000000000000 ) ) ;
#5100 = VECTOR ( 'NONE', #4031, 1000.000000000000000 ) ;
#5101 = PLANE ( 'NONE',  #6660 ) ;
#5102 = ORIENTED_EDGE ( 'NONE', *, *, #1892, .T. ) ;
#5103 = PRESENTATION_LAYER_ASSIGNMENT (  '', '', ( #4850 ) ) ;
#5104 =( LENGTH_UNIT ( ) NAMED_UNIT ( * ) SI_UNIT ( .MILLI., .METRE. ) );
#5105 =( NAMED_UNIT ( * ) PLANE_ANGLE_UNIT ( ) SI_UNIT ( $, .RADIAN. ) );
#5106 = CARTESIAN_POINT ( 'NONE',  ( -0.7350000000000006528, 0.3250000000000000111, -0.02000000000000000042 ) ) ;
#5107 = DIRECTION ( 'NONE',  ( 1.000000000000000000, 0.000000000000000000, 0.000000000000000000 ) ) ;
#5108 = EDGE_CURVE ( 'NONE', #1561, #4060, #6706, .T. ) ;
#5109 = DIRECTION ( 'NONE',  ( -0.000000000000000000, -0.000000000000000000, 1.000000000000000000 ) ) ;
#5110 = CARTESIAN_POINT ( 'NONE',  ( 0.07140738682539173043, -0.8092901972140227329, 0.000000000000000000 ) ) ;
#5111 = FACE_OUTER_BOUND ( 'NONE', #5261, .T. ) ;
#5112 = VECTOR ( 'NONE', #5397, 1000.000000000000000 ) ;
#5113 = LINE ( 'NONE', #620, #7186 ) ;
#5114 = DIRECTION ( 'NONE',  ( 0.000000000000000000, -1.000000000000000000, 0.000000000000000000 ) ) ;
#5115 = SURFACE_SIDE_STYLE ('',( #7530 ) ) ;
#5116 = FILL_AREA_STYLE ('',( #7728 ) ) ;
#5117 =( LENGTH_UNIT ( ) NAMED_UNIT ( * ) SI_UNIT ( .MILLI., .METRE. ) );
#5118 = CARTESIAN_POINT ( 'NONE',  ( -0.1106860210052045823, -0.8579974876713432064, 0.01000000000000000021 ) ) ;
#5119 = EDGE_LOOP ( 'NONE', ( #7016, #1535 ) ) ;
#5120 = SURFACE_STYLE_USAGE ( .BOTH. , #3804 ) ;
#5121 = DIRECTION ( 'NONE',  ( -1.000000000000000000, 0.000000000000000000, 0.000000000000000000 ) ) ;
#5122 = DIRECTION ( 'NONE',  ( 1.000000000000000000, -0.000000000000000000, -0.000000000000000000 ) ) ;
#5123 = FILL_AREA_STYLE_COLOUR ( '', #5434 ) ;
#5124 = SURFACE_STYLE_USAGE ( .BOTH. , #3931 ) ;
#5125 = CARTESIAN_POINT ( 'NONE',  ( 0.06867863547579254602, -0.9113567415048056120, 0.01000000000000000021 ) ) ;
#5126 = SURFACE_STYLE_FILL_AREA ( #1334 ) ;
#5127 = VERTEX_POINT ( 'NONE', #7367 ) ;
#5128 =( NAMED_UNIT ( * ) PLANE_ANGLE_UNIT ( ) SI_UNIT ( $, .RADIAN. ) );
#5129 = ORIENTED_EDGE ( 'NONE', *, *, #363, .T. ) ;
#5130 = FILL_AREA_STYLE ('',( #5702 ) ) ;
#5131 = CARTESIAN_POINT ( 'NONE',  ( 0.06621255011298173010, -0.8206290822904612758, 0.000000000000000000 ) ) ;
#5132 = FILL_AREA_STYLE_COLOUR ( '', #5200 ) ;
#5133 =( LENGTH_UNIT ( ) NAMED_UNIT ( * ) SI_UNIT ( .MILLI., .METRE. ) );
#5134 = CARTESIAN_POINT ( 'NONE',  ( -0.1101434733673585520, -0.8684128575366475422, 0.01000000000000000021 ) ) ;
#5135 = ORIENTED_EDGE ( 'NONE', *, *, #3949, .F. ) ;
#5136 = PRESENTATION_STYLE_ASSIGNMENT (( #3229 ) ) ;
#5137 = LINE ( 'NONE', #7018, #7648 ) ;
#5138 = CARTESIAN_POINT ( 'NONE',  ( 1.010000000000000453, 0.6250000000000000000, -0.02000000000000000042 ) ) ;
#5139 = EDGE_CURVE ( 'NONE', #1515, #7162, #7415, .T. ) ;
#5140 = DIRECTION ( 'NONE',  ( -0.000000000000000000, -0.000000000000000000, 1.000000000000000000 ) ) ;
#5141 = ORIENTED_EDGE ( 'NONE', *, *, #3441, .T. ) ;
#5142 = EDGE_CURVE ( 'NONE', #4262, #503, #2555, .T. ) ;
#5143 = COLOUR_RGB ( '',0.8313725490196077761, 0.8313725490196077761, 0.8196078431372548767 ) ;
#5144 = CARTESIAN_POINT ( 'NONE',  ( 0.7621383144406077559, 1.000000000000002665, 0.07773384608415166708 ) ) ;
#5145 = CARTESIAN_POINT ( 'NONE',  ( -1.000000000000000888, 0.9999999999999991118, 0.000000000000000000 ) ) ;
#5146 = LINE ( 'NONE', #6370, #6018 ) ;
#5147 = SURFACE_STYLE_USAGE ( .BOTH. , #2016 ) ;
#5148 = MECHANICAL_DESIGN_GEOMETRIC_PRESENTATION_REPRESENTATION (  '', ( #4114 ), #4895 ) ;
#5149 = ADVANCED_FACE ( 'NONE', ( #580 ), #5036, .F. ) ;
#5150 = FACE_OUTER_BOUND ( 'NONE', #3906, .T. ) ;
#5151 = EDGE_CURVE ( 'NONE', #5222, #1895, #5019, .T. ) ;
#5152 = PLANE ( 'NONE',  #1424 ) ;
#5153 = VECTOR ( 'NONE', #3108, 1000.000000000000000 ) ;
#5154 = UNCERTAINTY_MEASURE_WITH_UNIT (LENGTH_MEASURE( 1.000000000000000082E-05 ), #7962, 'distance_accuracy_value', 'NONE');
#5155 = DIRECTION ( 'NONE',  ( 1.000000000000000000, -3.942553354492745996E-16, 0.000000000000000000 ) ) ;
#5156 = SURFACE_STYLE_USAGE ( .BOTH. , #4546 ) ;
#5157 = LINE ( 'NONE', #2352, #6140 ) ;
#5158 = UNCERTAINTY_MEASURE_WITH_UNIT (LENGTH_MEASURE( 1.000000000000000082E-05 ), #1451, 'distance_accuracy_value', 'NONE');
#5159 = ORIENTED_EDGE ( 'NONE', *, *, #972, .T. ) ;
#5160 = VECTOR ( 'NONE', #3348, 1000.000000000000000 ) ;
#5161 = COLOUR_RGB ( '',0.8313725490196077761, 0.8313725490196077761, 0.8196078431372548767 ) ;
#5162 = EDGE_CURVE ( 'NONE', #3878, #7369, #5686, .T. ) ;
#5163 = PLANE ( 'NONE',  #4939 ) ;
#5164 =( NAMED_UNIT ( * ) PLANE_ANGLE_UNIT ( ) SI_UNIT ( $, .RADIAN. ) );
#5165 = LINE ( 'NONE', #4012, #5697 ) ;
#5166 =( NAMED_UNIT ( * ) PLANE_ANGLE_UNIT ( ) SI_UNIT ( $, .RADIAN. ) );
#5167 = FACE_OUTER_BOUND ( 'NONE', #3582, .T. ) ;
#5168 = CARTESIAN_POINT ( 'NONE',  ( -0.09243790711338577271, -0.8137347264101324473, 0.000000000000000000 ) ) ;
#5169 = VERTEX_POINT ( 'NONE', #7496 ) ;
#5170 = DIRECTION ( 'NONE',  ( -0.000000000000000000, 1.000000000000000000, -0.000000000000000000 ) ) ;
#5171 = ORIENTED_EDGE ( 'NONE', *, *, #2666, .T. ) ;
#5172 = LINE ( 'NONE', #1431, #741 ) ;
#5173 = FILL_AREA_STYLE_COLOUR ( '', #3335 ) ;
#5174 = MECHANICAL_DESIGN_GEOMETRIC_PRESENTATION_REPRESENTATION (  '', ( #6464 ), #6599 ) ;
#5175 = CARTESIAN_POINT ( 'NONE',  ( -0.7350000000000006528, 0.3749999999999998890, -0.02000000000000000042 ) ) ;
#5176 = DIRECTION ( 'NONE',  ( -1.084202172485503325E-16, 1.000000000000000000, 0.000000000000000000 ) ) ;
#5177 = VECTOR ( 'NONE', #7917, 1000.000000000000000 ) ;
#5178 = CARTESIAN_POINT ( 'NONE',  ( 0.1233962875507885609, -0.8641999544620987406, 0.01000000000000000021 ) ) ;
#5179 = ORIENTED_EDGE ( 'NONE', *, *, #5151, .T. ) ;
#5180 = CARTESIAN_POINT ( 'NONE',  ( -0.4076060066089044476, -1.000000000000002665, 0.1817582956874659594 ) ) ;
#5181 = PRESENTATION_LAYER_ASSIGNMENT (  '', '', ( #6735 ) ) ;
#5182 = FILL_AREA_STYLE_COLOUR ( '', #1554 ) ;
#5183 = ORIENTED_EDGE ( 'NONE', *, *, #3482, .F. ) ;
#5184 =( GEOMETRIC_REPRESENTATION_CONTEXT ( 3 ) GLOBAL_UNCERTAINTY_ASSIGNED_CONTEXT ( ( #7078 ) ) GLOBAL_UNIT_ASSIGNED_CONTEXT ( ( #3281, #6485, #856 ) ) REPRESENTATION_CONTEXT ( 'NONE', 'WORKASPACE' ) );
#5185 =( NAMED_UNIT ( * ) SI_UNIT ( $, .STERADIAN. ) SOLID_ANGLE_UNIT ( ) );
#5186 = CARTESIAN_POINT ( 'NONE',  ( -0.08401763880465387690, -0.8981148151539056768, 0.01000000000000000021 ) ) ;
#5187 = PLANE ( 'NONE',  #4464 ) ;
#5188 = SURFACE_STYLE_USAGE ( .BOTH. , #6567 ) ;
#5189 = FILL_AREA_STYLE ('',( #119 ) ) ;
#5190 = COLOUR_RGB ( '',0.8313725490196077761, 0.8313725490196077761, 0.8196078431372548767 ) ;
#5191 = DIRECTION ( 'NONE',  ( 0.000000000000000000, -1.000000000000000000, 0.000000000000000000 ) ) ;
#5192 = FILL_AREA_STYLE ('',( #2057 ) ) ;
#5193 = DIRECTION ( 'NONE',  ( -1.000000000000000000, -0.000000000000000000, -0.000000000000000000 ) ) ;
#5194 = DIRECTION ( 'NONE',  ( 0.000000000000000000, 1.000000000000000000, -0.000000000000000000 ) ) ;
#5195 = VECTOR ( 'NONE', #3333, 1000.000000000000000 ) ;
#5196 = ADVANCED_FACE ( 'NONE', ( #6379 ), #2602, .T. ) ;
#5197 = EDGE_CURVE ( 'NONE', #6183, #1461, #7115, .T. ) ;
#5198 = ORIENTED_EDGE ( 'NONE', *, *, #7609, .F. ) ;
#5199 = COLOUR_RGB ( '',0.8313725490196077761, 0.8313725490196077761, 0.8196078431372548767 ) ;
#5200 = COLOUR_RGB ( '',0.8313725490196077761, 0.8313725490196077761, 0.8196078431372548767 ) ;
#5201 = CARTESIAN_POINT ( 'NONE',  ( 1.010000000000000453, 0.3749999999999998890, -0.02000000000000000042 ) ) ;
#5202 = B_SPLINE_CURVE_WITH_KNOTS ( 'NONE', 3,
 ( #3528, #4892, #8034, #7302, #6639, #6160, #519 ),
 .UNSPECIFIED., .F., .F.,
 ( 4, 1, 1, 1, 4 ),
 ( 0.000000000000000000, 0.1744817153170560020, 0.3982857591281081522, 0.6738978473986653173, 1.000000000000000000 ),
 .UNSPECIFIED. ) ;
#5203 = DIRECTION ( 'NONE',  ( 0.000000000000000000, 0.000000000000000000, 1.000000000000000000 ) ) ;
#5204 = ORIENTED_EDGE ( 'NONE', *, *, #3544, .T. ) ;
#5205 = EDGE_CURVE ( 'NONE', #1917, #2615, #1678, .T. ) ;
#5206 = ORIENTED_EDGE ( 'NONE', *, *, #7446, .F. ) ;
#5207 = EDGE_LOOP ( 'NONE', ( #4384, #1519, #6392, #1086 ) ) ;
#5208 = CARTESIAN_POINT ( 'NONE',  ( 0.9999999999999991118, 0.8749999999999998890, 0.5300000000000000266 ) ) ;
#5209 = CARTESIAN_POINT ( 'NONE',  ( 0.06317902157895924353, -0.8211107433617420570, 0.000000000000000000 ) ) ;
#5210 = PRESENTATION_STYLE_ASSIGNMENT (( #927 ) ) ;
#5211 = DIRECTION ( 'NONE',  ( 0.000000000000000000, -1.000000000000000000, 0.000000000000000000 ) ) ;
#5212 = MECHANICAL_DESIGN_GEOMETRIC_PRESENTATION_REPRESENTATION (  '', ( #2052 ), #5730 ) ;
#5213 = CARTESIAN_POINT ( 'NONE',  ( -0.09458329005860199867, -0.8936696437527957837, 0.000000000000000000 ) ) ;
#5214 = ORIENTED_EDGE ( 'NONE', *, *, #7064, .T. ) ;
#5215 = LINE ( 'NONE', #7556, #2340 ) ;
#5216 = FACE_OUTER_BOUND ( 'NONE', #4882, .T. ) ;
#5217 = ORIENTED_EDGE ( 'NONE', *, *, #408, .F. ) ;
#5218 = CIRCLE ( 'NONE', #5610, 0.04999999999999991257 ) ;
#5219 = CARTESIAN_POINT ( 'NONE',  ( -0.1751875483875110773, -0.8247537818942425325, 0.01000000000000000021 ) ) ;
#5220 = DIRECTION ( 'NONE',  ( 1.000000000000000000, 0.000000000000000000, 0.000000000000000000 ) ) ;
#5221 = VECTOR ( 'NONE', #6951, 1000.000000000000000 ) ;
#5222 = VERTEX_POINT ( 'NONE', #3369 ) ;
#5223 = CIRCLE ( 'NONE', #482, 0.04999999999999991257 ) ;
#5224 = CARTESIAN_POINT ( 'NONE',  ( 0.04903729849752992698, -0.8132452774046083910, 0.000000000000000000 ) ) ;
#5225 = CARTESIAN_POINT ( 'NONE',  ( -0.7350000000000006528, 0.3749999999999998890, 0.000000000000000000 ) ) ;
#5226 = STYLED_ITEM ( 'NONE', ( #7582 ), #509 ) ;
#5227 =( NAMED_UNIT ( * ) PLANE_ANGLE_UNIT ( ) SI_UNIT ( $, .RADIAN. ) );
#5228 = MECHANICAL_DESIGN_GEOMETRIC_PRESENTATION_REPRESENTATION (  '', ( #2713 ), #1945 ) ;
#5229 = SURFACE_STYLE_USAGE ( .BOTH. , #5886 ) ;
#5230 = DIRECTION ( 'NONE',  ( -1.000000000000000000, 0.000000000000000000, -0.000000000000000000 ) ) ;
#5231 = PRESENTATION_STYLE_ASSIGNMENT (( #5147 ) ) ;
#5232 = DIRECTION ( 'NONE',  ( 1.000000000000000000, 0.000000000000000000, 0.000000000000000000 ) ) ;
#5233 =( LENGTH_UNIT ( ) NAMED_UNIT ( * ) SI_UNIT ( .MILLI., .METRE. ) );
#5234 = AXIS2_PLACEMENT_3D ( 'NONE', #729, #5140, #5266 ) ;
#5235 = AXIS2_PLACEMENT_3D ( 'NONE', #6151, #4967, #6629 ) ;
#5236 = SURFACE_STYLE_USAGE ( .BOTH. , #7726 ) ;
#5237 = VECTOR ( 'NONE', #5298, 1000.000000000000000 ) ;
#5238 =( LENGTH_UNIT ( ) NAMED_UNIT ( * ) SI_UNIT ( .MILLI., .METRE. ) );
#5239 = PLANE ( 'NONE',  #889 ) ;
#5240 =( GEOMETRIC_REPRESENTATION_CONTEXT ( 3 ) GLOBAL_UNCERTAINTY_ASSIGNED_CONTEXT ( ( #3820 ) ) GLOBAL_UNIT_ASSIGNED_CONTEXT ( ( #2950, #4871, #4256 ) ) REPRESENTATION_CONTEXT ( 'NONE', 'WORKASPACE' ) );
#5241 =( NAMED_UNIT ( * ) SI_UNIT ( $, .STERADIAN. ) SOLID_ANGLE_UNIT ( ) );
#5242 = FILL_AREA_STYLE_COLOUR ( '', #5318 ) ;
#5243 = CARTESIAN_POINT ( 'NONE',  ( -1.010000000000000453, 0.6250000000000000000, -0.02000000000000000042 ) ) ;
#5244 = UNCERTAINTY_MEASURE_WITH_UNIT (LENGTH_MEASURE( 1.000000000000000082E-05 ), #7951, 'distance_accuracy_value', 'NONE');
#5245 = EDGE_LOOP ( 'NONE', ( #4079, #4767, #4399, #683 ) ) ;
#5246 = AXIS2_PLACEMENT_3D ( 'NONE', #3655, #6165, #2249 ) ;
#5247 = B_SPLINE_CURVE_WITH_KNOTS ( 'NONE', 3,
 ( #3504, #5482, #1078, #4136, #3588, #6066, #4794, #2878, #5365, #7242, #1738, #7982, #4182, #4261, #6736, #1613, #4098, #7900, #951 ),
 .UNSPECIFIED., .F., .F.,
 ( 4, 1, 1, 1, 1, 1, 1, 1, 1, 1, 1, 1, 1, 1, 1, 1, 4 ),
 ( 0.000000000000000000, 0.07064371857535318988, 0.1382567155089040600, 0.2033641242175798225, 0.2663240938030566052, 0.3279047615429893092, 0.3887377151730922464, 0.4494235281093021950, 0.5108610114593152840, 0.5720793960475143436, 0.6317344287314450302, 0.6911172105788377928, 0.7503600294901704437, 0.8100329005312623121, 0.8713624508287364234, 0.9344271412311534464, 1.000000000000000000 ),
 .UNSPECIFIED. ) ;
#5248 = ADVANCED_FACE ( 'NONE', ( #5853 ), #6498, .F. ) ;
#5249 = CARTESIAN_POINT ( 'NONE',  ( 0.02952510337557871442, -0.9105013749655840316, 0.000000000000000000 ) ) ;
#5250 = EDGE_CURVE ( 'NONE', #4030, #7326, #5975, .T. ) ;
#5251 = PRESENTATION_STYLE_ASSIGNMENT (( #7042 ) ) ;
#5252 = CARTESIAN_POINT ( 'NONE',  ( 0.06092743317560778138, -0.8991838723921586896, 0.000000000000000000 ) ) ;
#5253 = ORIENTED_EDGE ( 'NONE', *, *, #1674, .F. ) ;
#5254 = ORIENTED_EDGE ( 'NONE', *, *, #961, .F. ) ;
#5255 = ORIENTED_EDGE ( 'NONE', *, *, #812, .T. ) ;
#5256 = DIRECTION ( 'NONE',  ( 0.000000000000000000, 0.000000000000000000, -1.000000000000000000 ) ) ;
#5257 = EDGE_CURVE ( 'NONE', #7996, #670, #5279, .T. ) ;
#5258 = CARTESIAN_POINT ( 'NONE',  ( 0.4076060066089044476, 1.010000000000002673, 0.07773384608415166708 ) ) ;
#5259 = LINE ( 'NONE', #5911, #2783 ) ;
#5260 = CARTESIAN_POINT ( 'NONE',  ( -0.08401763880465387690, -0.8981148151539056768, 0.000000000000000000 ) ) ;
#5261 = EDGE_LOOP ( 'NONE', ( #7942, #2164, #3606, #4156 ) ) ;
#5262 = CARTESIAN_POINT ( 'NONE',  ( -0.09686776618329034916, -0.9051167378610729397, 0.01000000000000000021 ) ) ;
#5263 = LINE ( 'NONE', #3983, #289 ) ;
#5264 = ORIENTED_EDGE ( 'NONE', *, *, #3481, .T. ) ;
#5265 = CARTESIAN_POINT ( 'NONE',  ( -0.1740749719442313825, -0.8292529042380787363, 0.01000000000000000021 ) ) ;
#5266 = DIRECTION ( 'NONE',  ( 1.000000000000000000, 0.000000000000000000, 0.000000000000000000 ) ) ;
#5267 = EDGE_LOOP ( 'NONE', ( #4303, #5784, #373, #754 ) ) ;
#5268 = EDGE_CURVE ( 'NONE', #3737, #6337, #6575, .T. ) ;
#5269 = PRESENTATION_STYLE_ASSIGNMENT (( #2745 ) ) ;
#5270 = PRESENTATION_STYLE_ASSIGNMENT (( #4624 ) ) ;
#5271 = FACE_OUTER_BOUND ( 'NONE', #4618, .T. ) ;
#5272 =( NAMED_UNIT ( * ) SI_UNIT ( $, .STERADIAN. ) SOLID_ANGLE_UNIT ( ) );
#5273 = CARTESIAN_POINT ( 'NONE',  ( 1.010000000000000453, 0.1250000000000000000, -0.02000000000000000042 ) ) ;
#5274 = CARTESIAN_POINT ( 'NONE',  ( 0.1020691722819426495, -0.8342911751936555875, 0.000000000000000000 ) ) ;
#5275 =( NAMED_UNIT ( * ) PLANE_ANGLE_UNIT ( ) SI_UNIT ( $, .RADIAN. ) );
#5276 = AXIS2_PLACEMENT_3D ( 'NONE', #4977, #3894, #1847 ) ;
#5277 = SURFACE_SIDE_STYLE ('',( #4715 ) ) ;
#5278 = SURFACE_STYLE_USAGE ( .BOTH. , #7157 ) ;
#5279 = LINE ( 'NONE', #2670, #6221 ) ;
#5280 = CARTESIAN_POINT ( 'NONE',  ( 0.7621383144406077559, -1.010000000000002673, 0.07773384608415166708 ) ) ;
#5281 = ORIENTED_EDGE ( 'NONE', *, *, #2036, .T. ) ;
#5282 = EDGE_LOOP ( 'NONE', ( #4606, #3208, #7260, #7879 ) ) ;
#5283 = UNCERTAINTY_MEASURE_WITH_UNIT (LENGTH_MEASURE( 1.000000000000000082E-05 ), #7127, 'distance_accuracy_value', 'NONE');
#5284 = COLOUR_RGB ( '',0.2980392156862745057, 0.2980392156862745057, 0.2980392156862745057 ) ;
#5285 = CYLINDRICAL_SURFACE ( 'NONE', #5968, 0.04999999999999991257 ) ;
#5286 =( NAMED_UNIT ( * ) PLANE_ANGLE_UNIT ( ) SI_UNIT ( $, .RADIAN. ) );
#5287 = CARTESIAN_POINT ( 'NONE',  ( 0.07349667717266160361, -0.9007294233498662761, 0.000000000000000000 ) ) ;
#5288 = ORIENTED_EDGE ( 'NONE', *, *, #3687, .T. ) ;
#5289 = DIRECTION ( 'NONE',  ( 0.000000000000000000, 1.000000000000000000, 0.000000000000000000 ) ) ;
#5290 = ORIENTED_EDGE ( 'NONE', *, *, #6504, .F. ) ;
#5291 = CARTESIAN_POINT ( 'NONE',  ( -0.08757914203029729117, -0.8237949007326325068, 0.01000000000000000021 ) ) ;
#5292 = DIRECTION ( 'NONE',  ( -1.000000000000000000, 0.000000000000000000, 0.000000000000000000 ) ) ;
#5293 = DIRECTION ( 'NONE',  ( -0.000000000000000000, 0.000000000000000000, -1.000000000000000000 ) ) ;
#5294 = CARTESIAN_POINT ( 'NONE',  ( -0.09702512051825307182, -0.8155792288646480648, 0.01000000000000000021 ) ) ;
#5295 = DIRECTION ( 'NONE',  ( -0.000000000000000000, 0.000000000000000000, 1.000000000000000000 ) ) ;
#5296 = FACE_OUTER_BOUND ( 'NONE', #538, .T. ) ;
#5297 = ORIENTED_EDGE ( 'NONE', *, *, #4858, .T. ) ;
#5298 = DIRECTION ( 'NONE',  ( -1.445602896647339163E-16, -1.000000000000000000, 0.000000000000000000 ) ) ;
#5299 = ORIENTED_EDGE ( 'NONE', *, *, #6492, .T. ) ;
#5300 = EDGE_CURVE ( 'NONE', #3003, #5127, #7677, .T. ) ;
#5301 = ADVANCED_FACE ( 'NONE', ( #911 ), #865, .F. ) ;
#5302 =( LENGTH_UNIT ( ) NAMED_UNIT ( * ) SI_UNIT ( .MILLI., .METRE. ) );
#5303 = AXIS2_PLACEMENT_3D ( 'NONE', #7800, #4084, #2248 ) ;
#5304 =( LENGTH_UNIT ( ) NAMED_UNIT ( * ) SI_UNIT ( .MILLI., .METRE. ) );
#5305 = EDGE_LOOP ( 'NONE', ( #7692, #466, #1100, #5605 ) ) ;
#5306 = VECTOR ( 'NONE', #3695, 1000.000000000000000 ) ;
#5307 = CARTESIAN_POINT ( 'NONE',  ( -0.07083693930734810684, -0.9105013749655840316, 0.000000000000000000 ) ) ;
#5308 = CARTESIAN_POINT ( 'NONE',  ( -0.1460846527219823165, -0.9105013749655840316, 0.000000000000000000 ) ) ;
#5309 = CARTESIAN_POINT ( 'NONE',  ( -0.1093232456315527540, -0.8725056938587911759, 0.01000000000000000021 ) ) ;
#5310 = CARTESIAN_POINT ( 'NONE',  ( 1.010000000000000231, -0.6250000000000001110, 0.2500000000000000000 ) ) ;
#5311 = SURFACE_SIDE_STYLE ('',( #5923 ) ) ;
#5312 = AXIS2_PLACEMENT_3D ( 'NONE', #1311, #3823, #6369 ) ;
#5313 = DIRECTION ( 'NONE',  ( -0.000000000000000000, 0.000000000000000000, -1.000000000000000000 ) ) ;
#5314 = SURFACE_STYLE_FILL_AREA ( #6569 ) ;
#5315 = EDGE_CURVE ( 'NONE', #7206, #4989, #6022, .T. ) ;
#5316 = FILL_AREA_STYLE_COLOUR ( '', #7973 ) ;
#5317 = MECHANICAL_DESIGN_GEOMETRIC_PRESENTATION_REPRESENTATION (  '', ( #6735 ), #4274 ) ;
#5318 = COLOUR_RGB ( '',0.8313725490196077761, 0.8313725490196077761, 0.8196078431372548767 ) ;
#5319 = DIRECTION ( 'NONE',  ( 1.000000000000000000, 0.000000000000000000, 0.000000000000000000 ) ) ;
#5320 = VECTOR ( 'NONE', #270, 1000.000000000000000 ) ;
#5321 = CARTESIAN_POINT ( 'NONE',  ( -0.1758483722341773747, -0.8226964969168035768, 0.000000000000000000 ) ) ;
#5322 = CARTESIAN_POINT ( 'NONE',  ( -0.7350000000000005418, -0.3250000000000000111, -0.02000000000000000042 ) ) ;
#5323 = DIRECTION ( 'NONE',  ( -1.000000000000000000, 0.000000000000000000, -0.000000000000000000 ) ) ;
#5324 = FILL_AREA_STYLE_COLOUR ( '', #1628 ) ;
#5325 = VERTEX_POINT ( 'NONE', #534 ) ;
#5326 =( NAMED_UNIT ( * ) SI_UNIT ( $, .STERADIAN. ) SOLID_ANGLE_UNIT ( ) );
#5327 = VECTOR ( 'NONE', #61, 1000.000000000000000 ) ;
#5328 = EDGE_LOOP ( 'NONE', ( #4505, #5299, #4678, #1423 ) ) ;
#5329 = MECHANICAL_DESIGN_GEOMETRIC_PRESENTATION_REPRESENTATION (  '', ( #711 ), #314 ) ;
#5330 = MECHANICAL_DESIGN_GEOMETRIC_PRESENTATION_REPRESENTATION (  '', ( #7407 ), #5060 ) ;
#5331 =( NAMED_UNIT ( * ) SI_UNIT ( $, .STERADIAN. ) SOLID_ANGLE_UNIT ( ) );
#5332 = CARTESIAN_POINT ( 'NONE',  ( 0.1233962875507885609, -0.8641999544620987406, 0.000000000000000000 ) ) ;
#5333 = MECHANICAL_DESIGN_GEOMETRIC_PRESENTATION_REPRESENTATION (  '', ( #6621 ), #3879 ) ;
#5334 = FACE_OUTER_BOUND ( 'NONE', #1828, .T. ) ;
#5335 = CARTESIAN_POINT ( 'NONE',  ( 0.07470421922923725644, -0.9007452774046084132, 0.000000000000000000 ) ) ;
#5336 = EDGE_LOOP ( 'NONE', ( #3004, #7343, #7124, #6762 ) ) ;
#5337 = VERTEX_POINT ( 'NONE', #7977 ) ;
#5338 = COLOUR_RGB ( '',0.8313725490196077761, 0.8313725490196077761, 0.8196078431372548767 ) ;
#5339 =( LENGTH_UNIT ( ) NAMED_UNIT ( * ) SI_UNIT ( .MILLI., .METRE. ) );
#5340 = CARTESIAN_POINT ( 'NONE',  ( 0.6850000000000007194, -0.3250000000000000111, -0.02000000000000000042 ) ) ;
#5341 = SURFACE_STYLE_USAGE ( .BOTH. , #2806 ) ;
#5342 = ORIENTED_EDGE ( 'NONE', *, *, #2825, .F. ) ;
#5343 = LINE ( 'NONE', #4617, #4333 ) ;
#5344 = CARTESIAN_POINT ( 'NONE',  ( 0.1100129082536275005, -0.8615684481363157232, 0.01000000000000000021 ) ) ;
#5345 = ORIENTED_EDGE ( 'NONE', *, *, #4105, .T. ) ;
#5346 = VECTOR ( 'NONE', #3538, 1000.000000000000000 ) ;
#5347 = FILL_AREA_STYLE ('',( #7267 ) ) ;
#5348 = ORIENTED_EDGE ( 'NONE', *, *, #7417, .T. ) ;
#5349 = EDGE_CURVE ( 'NONE', #6774, #4526, #5436, .T. ) ;
#5350 = SURFACE_STYLE_USAGE ( .BOTH. , #2821 ) ;
#5351 = DIRECTION ( 'NONE',  ( -0.000000000000000000, 0.000000000000000000, 1.000000000000000000 ) ) ;
#5352 = EDGE_CURVE ( 'NONE', #5534, #4910, #7894, .T. ) ;
#5353 = LINE ( 'NONE', #1931, #5793 ) ;
#5354 = CARTESIAN_POINT ( 'NONE',  ( -0.1739238295512506027, -0.8297086920387548581, 0.000000000000000000 ) ) ;
#5355 = CARTESIAN_POINT ( 'NONE',  ( 1.010000000000000231, -0.8750000000000000000, -0.02000000000000000042 ) ) ;
#5356 = CARTESIAN_POINT ( 'NONE',  ( -0.1924451710146652395, -0.8714769847216816689, 0.01000000000000000021 ) ) ;
#5357 = CARTESIAN_POINT ( 'NONE',  ( 0.07470421922923725644, -0.9007452774046084132, 0.000000000000000000 ) ) ;
#5358 = VECTOR ( 'NONE', #1760, 1000.000000000000000 ) ;
#5359 = CARTESIAN_POINT ( 'NONE',  ( -0.1013457192987343158, -0.8178898980371728245, 0.000000000000000000 ) ) ;
#5360 = ADVANCED_FACE ( 'NONE', ( #6778 ), #2953, .T. ) ;
#5361 = STYLED_ITEM ( 'NONE', ( #7312 ), #4314 ) ;
#5362 = DIRECTION ( 'NONE',  ( -0.000000000000000000, 0.000000000000000000, 1.000000000000000000 ) ) ;
#5363 = FILL_AREA_STYLE_COLOUR ( '', #3609 ) ;
#5364 = VERTEX_POINT ( 'NONE', #5398 ) ;
#5365 = CARTESIAN_POINT ( 'NONE',  ( 0.1124904973609308356, -0.8275966082469016216, 0.000000000000000000 ) ) ;
#5366 = VECTOR ( 'NONE', #7911, 1000.000000000000000 ) ;
#5367 = VERTEX_POINT ( 'NONE', #2351 ) ;
#5368 = MECHANICAL_DESIGN_GEOMETRIC_PRESENTATION_REPRESENTATION (  '', ( #1161 ), #7978 ) ;
#5369 = LINE ( 'NONE', #5520, #2131 ) ;
#5370 = ADVANCED_FACE ( 'NONE', ( #6659 ), #6132, .F. ) ;
#5371 = PRESENTATION_LAYER_ASSIGNMENT (  '', '', ( #7468 ) ) ;
#5372 = CARTESIAN_POINT ( 'NONE',  ( 0.04903729849752992698, -0.8943428383802182191, 0.000000000000000000 ) ) ;
#5373 = ORIENTED_EDGE ( 'NONE', *, *, #2420, .T. ) ;
#5374 = ORIENTED_EDGE ( 'NONE', *, *, #7687, .F. ) ;
#5375 = SURFACE_STYLE_FILL_AREA ( #7991 ) ;
#5376 = FILL_AREA_STYLE_COLOUR ( '', #3918 ) ;
#5377 = CARTESIAN_POINT ( 'NONE',  ( 0.06496649455225772529, -0.9108747211661286647, 0.01000000000000000021 ) ) ;
#5378 = CARTESIAN_POINT ( 'NONE',  ( 0.1086158730544068002, -0.8484724596796953122, 0.000000000000000000 ) ) ;
#5379 = LINE ( 'NONE', #5258, #5067 ) ;
#5380 = FILL_AREA_STYLE ('',( #3474 ) ) ;
#5381 = CARTESIAN_POINT ( 'NONE',  ( -0.07998595229046819022, -0.8989250746055514885, 0.01000000000000000021 ) ) ;
#5382 = ORIENTED_EDGE ( 'NONE', *, *, #6342, .T. ) ;
#5383 = CARTESIAN_POINT ( 'NONE',  ( -0.7350000000000006528, 0.1750000000000000167, 0.000000000000000000 ) ) ;
#5384 = ORIENTED_EDGE ( 'NONE', *, *, #1786, .F. ) ;
#5385 = CARTESIAN_POINT ( 'NONE',  ( 0.1003128545683409784, -0.8902022545611228965, 0.000000000000000000 ) ) ;
#5386 = ORIENTED_EDGE ( 'NONE', *, *, #5598, .F. ) ;
#5387 = DIRECTION ( 'NONE',  ( 1.000000000000000000, 0.000000000000000000, -0.000000000000000000 ) ) ;
#5388 = LINE ( 'NONE', #2986, #1373 ) ;
#5389 = UNCERTAINTY_MEASURE_WITH_UNIT (LENGTH_MEASURE( 1.000000000000000082E-05 ), #1808, 'distance_accuracy_value', 'NONE');
#5390 = DIRECTION ( 'NONE',  ( -1.000000000000000000, 0.000000000000000000, 0.000000000000000000 ) ) ;
#5391 =( NAMED_UNIT ( * ) SI_UNIT ( $, .STERADIAN. ) SOLID_ANGLE_UNIT ( ) );
#5392 = DIRECTION ( 'NONE',  ( -1.000000000000000000, 0.000000000000000000, 0.000000000000000000 ) ) ;
#5393 = ADVANCED_FACE ( 'NONE', ( #1273 ), #4348, .F. ) ;
#5394 = EDGE_CURVE ( 'NONE', #767, #7918, #6328, .T. ) ;
#5395 = FACE_OUTER_BOUND ( 'NONE', #7689, .T. ) ;
#5396 = CARTESIAN_POINT ( 'NONE',  ( -0.4076060066089044476, 1.010000000000002673, 0.07773384608415166708 ) ) ;
#5397 = DIRECTION ( 'NONE',  ( -1.000000000000000000, 0.000000000000000000, 0.000000000000000000 ) ) ;
#5398 = CARTESIAN_POINT ( 'NONE',  ( 0.9999999999999991118, 0.8750000000000000000, 0.2500000000000000000 ) ) ;
#5399 = SURFACE_STYLE_FILL_AREA ( #2875 ) ;
#5400 = SURFACE_STYLE_FILL_AREA ( #4055 ) ;
#5401 = EDGE_LOOP ( 'NONE', ( #2620, #7345, #6082, #2389, #5086, #1631 ) ) ;
#5402 = FACE_OUTER_BOUND ( 'NONE', #228, .T. ) ;
#5403 = VERTEX_POINT ( 'NONE', #1314 ) ;
#5404 = EDGE_CURVE ( 'NONE', #6509, #7519, #688, .T. ) ;
#5405 = EDGE_CURVE ( 'NONE', #5127, #5979, #1899, .T. ) ;
#5406 = CARTESIAN_POINT ( 'NONE',  ( 0.06021615207954084809, -0.8218288600038667902, 0.01000000000000000021 ) ) ;
#5407 = STYLED_ITEM ( 'NONE', ( #6833 ), #5905 ) ;
#5408 = VERTEX_POINT ( 'NONE', #6859 ) ;
#5409 = CARTESIAN_POINT ( 'NONE',  ( -1.000000000000000666, -0.6249999999999998890, 0.2500000000000000000 ) ) ;
#5410 = ORIENTED_EDGE ( 'NONE', *, *, #4105, .F. ) ;
#5411 = EDGE_CURVE ( 'NONE', #4661, #7918, #6902, .T. ) ;
#5412 = STYLED_ITEM ( 'NONE', ( #1347 ), #6152 ) ;
#5413 = CARTESIAN_POINT ( 'NONE',  ( -0.1047519866487489071, -0.8363568399817442600, 0.01000000000000000021 ) ) ;
#5414 = STYLED_ITEM ( 'NONE', ( #6869 ), #5 ) ;
#5415 = CARTESIAN_POINT ( 'NONE',  ( -1.010000000000000453, -0.1250000000000001110, -0.02000000000000000042 ) ) ;
#5416 = CARTESIAN_POINT ( 'NONE',  ( 0.1100129082536275005, -0.8615684481363157232, 0.000000000000000000 ) ) ;
#5417 =( NAMED_UNIT ( * ) SI_UNIT ( $, .STERADIAN. ) SOLID_ANGLE_UNIT ( ) );
#5418 =( NAMED_UNIT ( * ) SI_UNIT ( $, .STERADIAN. ) SOLID_ANGLE_UNIT ( ) );
#5419 = ORIENTED_EDGE ( 'NONE', *, *, #3955, .T. ) ;
#5420 = CARTESIAN_POINT ( 'NONE',  ( -0.1092856826941171061, -0.8965680676540068728, 0.000000000000000000 ) ) ;
#5421 = LINE ( 'NONE', #5873, #7269 ) ;
#5422 = ORIENTED_EDGE ( 'NONE', *, *, #4254, .T. ) ;
#5423 = SURFACE_STYLE_USAGE ( .BOTH. , #4332 ) ;
#5424 = DIRECTION ( 'NONE',  ( -1.000000000000000000, 0.000000000000000000, 0.000000000000000000 ) ) ;
#5425 = MECHANICAL_DESIGN_GEOMETRIC_PRESENTATION_REPRESENTATION (  '', ( #5034 ), #7120 ) ;
#5426 = CARTESIAN_POINT ( 'NONE',  ( 0.08899903385754770468, -0.8981649885756072260, 0.01000000000000000021 ) ) ;
#5427 = ORIENTED_EDGE ( 'NONE', *, *, #4369, .T. ) ;
#5428 = SURFACE_STYLE_USAGE ( .BOTH. , #430 ) ;
#5429 = PRESENTATION_STYLE_ASSIGNMENT (( #3021 ) ) ;
#5430 = CARTESIAN_POINT ( 'NONE',  ( -1.010000000000000231, -0.6250000000000001110, -0.02000000000000000042 ) ) ;
#5431 = FILL_AREA_STYLE ('',( #5316 ) ) ;
#5432 = SURFACE_SIDE_STYLE ('',( #907 ) ) ;
#5433 = ORIENTED_EDGE ( 'NONE', *, *, #7501, .T. ) ;
#5434 = COLOUR_RGB ( '',0.8313725490196077761, 0.8313725490196077761, 0.8196078431372548767 ) ;
#5435 = CARTESIAN_POINT ( 'NONE',  ( -0.1762429109618494638, -0.8248836862794469704, 0.01000000000000000021 ) ) ;
#5436 = LINE ( 'NONE', #1653, #1368 ) ;
#5437 = PLANE ( 'NONE',  #744 ) ;
#5438 =( LENGTH_UNIT ( ) NAMED_UNIT ( * ) SI_UNIT ( .MILLI., .METRE. ) );
#5439 = ORIENTED_EDGE ( 'NONE', *, *, #2220, .F. ) ;
#5440 = VECTOR ( 'NONE', #526, 1000.000000000000000 ) ;
#5441 = DIRECTION ( 'NONE',  ( 0.000000000000000000, 1.000000000000000000, 0.000000000000000000 ) ) ;
#5442 = ORIENTED_EDGE ( 'NONE', *, *, #4305, .T. ) ;
#5443 = UNCERTAINTY_MEASURE_WITH_UNIT (LENGTH_MEASURE( 1.000000000000000082E-05 ), #4281, 'distance_accuracy_value', 'NONE');
#5444 = VECTOR ( 'NONE', #949, 1000.000000000000000 ) ;
#5445 = VECTOR ( 'NONE', #571, 1000.000000000000000 ) ;
#5446 = DIRECTION ( 'NONE',  ( 0.000000000000000000, 0.000000000000000000, -1.000000000000000000 ) ) ;
#5447 = EDGE_CURVE ( 'NONE', #6521, #6178, #3741, .T. ) ;
#5448 = EDGE_CURVE ( 'NONE', #7739, #4837, #1233, .T. ) ;
#5449 = VERTEX_POINT ( 'NONE', #3076 ) ;
#5450 = FILL_AREA_STYLE ('',( #8024 ) ) ;
#5451 = VERTEX_POINT ( 'NONE', #8094 ) ;
#5452 = COLOUR_RGB ( '',0.8313725490196077761, 0.8313725490196077761, 0.8196078431372548767 ) ;
#5453 = CARTESIAN_POINT ( 'NONE',  ( -0.1106223238269074954, -0.8550201998006088377, 0.01000000000000000021 ) ) ;
#5454 = PRESENTATION_STYLE_ASSIGNMENT (( #7418 ) ) ;
#5455 = MECHANICAL_DESIGN_GEOMETRIC_PRESENTATION_REPRESENTATION (  '', ( #4417 ), #1387 ) ;
#5456 = CARTESIAN_POINT ( 'NONE',  ( 0.1831836399609446109, 0.000000000000000000, 0.01000000000000000021 ) ) ;
#5457 = ADVANCED_FACE ( 'NONE', ( #6298 ), #647, .T. ) ;
#5458 = VECTOR ( 'NONE', #1083, 1000.000000000000000 ) ;
#5459 = STYLED_ITEM ( 'NONE', ( #3681 ), #1624 ) ;
#5460 = DIRECTION ( 'NONE',  ( -1.084202172485503448E-16, 1.000000000000000000, -0.000000000000000000 ) ) ;
#5461 = ORIENTED_EDGE ( 'NONE', *, *, #4360, .F. ) ;
#5462 = CARTESIAN_POINT ( 'NONE',  ( -0.09458329005860199867, -0.8936696437527957837, 0.000000000000000000 ) ) ;
#5463 = EDGE_LOOP ( 'NONE', ( #6784, #6314, #4839, #412 ) ) ;
#5464 =( LENGTH_UNIT ( ) NAMED_UNIT ( * ) SI_UNIT ( .MILLI., .METRE. ) );
#5465 =( GEOMETRIC_REPRESENTATION_CONTEXT ( 3 ) GLOBAL_UNCERTAINTY_ASSIGNED_CONTEXT ( ( #1023 ) ) GLOBAL_UNIT_ASSIGNED_CONTEXT ( ( #2451, #6683, #3654 ) ) REPRESENTATION_CONTEXT ( 'NONE', 'WORKASPACE' ) );
#5466 = CARTESIAN_POINT ( 'NONE',  ( -0.1773918173561285505, -0.8297086920387546360, 0.000000000000000000 ) ) ;
#5467 = ORIENTED_EDGE ( 'NONE', *, *, #7688, .T. ) ;
#5468 = DIRECTION ( 'NONE',  ( -0.000000000000000000, 0.000000000000000000, 1.000000000000000000 ) ) ;
#5469 = SURFACE_SIDE_STYLE ('',( #1719 ) ) ;
#5470 = CARTESIAN_POINT ( 'NONE',  ( -0.7350000000000005418, -0.6250000000000001110, 0.000000000000000000 ) ) ;
#5471 = CARTESIAN_POINT ( 'NONE',  ( 1.010000000000000453, 0.8749999999999998890, -0.02000000000000000042 ) ) ;
#5472 = LINE ( 'NONE', #6651, #4448 ) ;
#5473 = UNCERTAINTY_MEASURE_WITH_UNIT (LENGTH_MEASURE( 1.000000000000000082E-05 ), #7565, 'distance_accuracy_value', 'NONE');
#5474 =( NAMED_UNIT ( * ) SI_UNIT ( $, .STERADIAN. ) SOLID_ANGLE_UNIT ( ) );
#5475 = CARTESIAN_POINT ( 'NONE',  ( 0.07111571932325236323, -0.9006981632907424817, 0.01000000000000000021 ) ) ;
#5476 = ORIENTED_EDGE ( 'NONE', *, *, #7108, .F. ) ;
#5477 = CARTESIAN_POINT ( 'NONE',  ( -0.08762729441033793865, -0.8122908765371710249, 0.01000000000000000194 ) ) ;
#5478 =( NAMED_UNIT ( * ) SI_UNIT ( $, .STERADIAN. ) SOLID_ANGLE_UNIT ( ) );
#5479 = CIRCLE ( 'NONE', #2964, 0.04999999999999991257 ) ;
#5480 = PRESENTATION_STYLE_ASSIGNMENT (( #4791 ) ) ;
#5481 = ORIENTED_EDGE ( 'NONE', *, *, #3375, .T. ) ;
#5482 = CARTESIAN_POINT ( 'NONE',  ( 0.1233839900544526913, -0.8604422567814336009, 0.000000000000000000 ) ) ;
#5483 = PRESENTATION_LAYER_ASSIGNMENT (  '', '', ( #6912 ) ) ;
#5484 = ORIENTED_EDGE ( 'NONE', *, *, #8008, .F. ) ;
#5485 =( NAMED_UNIT ( * ) SI_UNIT ( $, .STERADIAN. ) SOLID_ANGLE_UNIT ( ) );
#5486 = COLOUR_RGB ( '',0.8313725490196077761, 0.8313725490196077761, 0.8196078431372548767 ) ;
#5487 = PRESENTATION_LAYER_ASSIGNMENT (  '', '', ( #6526 ) ) ;
#5488 = PRESENTATION_LAYER_ASSIGNMENT (  '', '', ( #4054 ) ) ;
#5489 = DIRECTION ( 'NONE',  ( 0.000000000000000000, 0.000000000000000000, 1.000000000000000000 ) ) ;
#5490 = VECTOR ( 'NONE', #553, 1000.000000000000000 ) ;
#5491 = ORIENTED_EDGE ( 'NONE', *, *, #6100, .F. ) ;
#5492 = PRESENTATION_STYLE_ASSIGNMENT (( #2962 ) ) ;
#5493 = VECTOR ( 'NONE', #893, 1000.000000000000000 ) ;
#5494 = ORIENTED_EDGE ( 'NONE', *, *, #6591, .T. ) ;
#5495 = VECTOR ( 'NONE', #1492, 1000.000000000000000 ) ;
#5496 = CARTESIAN_POINT ( 'NONE',  ( -0.1101267024067687367, -0.8507020990138903782, 0.000000000000000000 ) ) ;
#5497 = EDGE_CURVE ( 'NONE', #5576, #4645, #7535, .T. ) ;
#5498 = ADVANCED_FACE ( 'NONE', ( #7106 ), #6446, .T. ) ;
#5499 = MECHANICAL_DESIGN_GEOMETRIC_PRESENTATION_REPRESENTATION (  '', ( #4590 ), #2720 ) ;
#5500 = DIRECTION ( 'NONE',  ( -1.000000000000000000, 0.000000000000000000, -0.000000000000000000 ) ) ;
#5501 = CARTESIAN_POINT ( 'NONE',  ( 0.1215095564155354996, -0.8457875262413421247, 0.000000000000000000 ) ) ;
#5502 = CARTESIAN_POINT ( 'NONE',  ( -0.7621383144406077559, 1.010000000000002673, 0.07773384608415166708 ) ) ;
#5503 = DIRECTION ( 'NONE',  ( -1.000000000000000000, 0.000000000000000000, 0.000000000000000000 ) ) ;
#5504 = STYLED_ITEM ( 'NONE', ( #2625 ), #7054 ) ;
#5505 = ORIENTED_EDGE ( 'NONE', *, *, #1586, .F. ) ;
#5506 = ORIENTED_EDGE ( 'NONE', *, *, #3374, .T. ) ;
#5507 = CARTESIAN_POINT ( 'NONE',  ( -0.01925538442929935340, 0.000000000000000000, 0.01000000000000000021 ) ) ;
#5508 = EDGE_CURVE ( 'NONE', #1634, #7772, #4664, .T. ) ;
#5509 = CARTESIAN_POINT ( 'NONE',  ( -0.07083693930734810684, -0.9105013749655840316, 0.01000000000000000021 ) ) ;
#5510 = CARTESIAN_POINT ( 'NONE',  ( -0.1772670268437895325, -0.8293097085934437729, 0.000000000000000000 ) ) ;
#5511 = DIRECTION ( 'NONE',  ( 1.000000000000000000, 0.000000000000000000, 0.000000000000000000 ) ) ;
#5512 = CARTESIAN_POINT ( 'NONE',  ( -0.6850000000000007194, 0.8249999999999999556, -0.02000000000000000042 ) ) ;
#5513 = PRESENTATION_STYLE_ASSIGNMENT (( #2988 ) ) ;
#5514 = CARTESIAN_POINT ( 'NONE',  ( -0.1000373051007021341, -0.8309734110654515282, 0.000000000000000000 ) ) ;
#5515 =( NAMED_UNIT ( * ) SI_UNIT ( $, .STERADIAN. ) SOLID_ANGLE_UNIT ( ) );
#5516 = DIRECTION ( 'NONE',  ( -1.084202172485503325E-16, 1.000000000000000000, 0.000000000000000000 ) ) ;
#5517 = EDGE_CURVE ( 'NONE', #7999, #6118, #7068, .T. ) ;
#5518 = FACE_OUTER_BOUND ( 'NONE', #4005, .T. ) ;
#5519 = VERTEX_POINT ( 'NONE', #1526 ) ;
#5520 = CARTESIAN_POINT ( 'NONE',  ( 0.1319641277658226419, -0.9105013749655840316, 0.000000000000000000 ) ) ;
#5521 = CARTESIAN_POINT ( 'NONE',  ( -0.07730529569074130747, -0.8106226140319954254, 0.000000000000000000 ) ) ;
#5522 = DIRECTION ( 'NONE',  ( -0.000000000000000000, 0.000000000000000000, 1.000000000000000000 ) ) ;
#5523 = CARTESIAN_POINT ( 'NONE',  ( -0.6850000000000007194, -0.1750000000000000167, -0.02000000000000000042 ) ) ;
#5524 = LINE ( 'NONE', #7524, #5877 ) ;
#5525 = CARTESIAN_POINT ( 'NONE',  ( 1.010000000000000453, -0.1250000000000001110, -0.02000000000000000042 ) ) ;
#5526 = VERTEX_POINT ( 'NONE', #4037 ) ;
#5527 = ORIENTED_EDGE ( 'NONE', *, *, #3782, .F. ) ;
#5528 = UNCERTAINTY_MEASURE_WITH_UNIT (LENGTH_MEASURE( 1.000000000000000082E-05 ), #6755, 'distance_accuracy_value', 'NONE');
#5529 = FILL_AREA_STYLE_COLOUR ( '', #2407 ) ;
#5530 =( LENGTH_UNIT ( ) NAMED_UNIT ( * ) SI_UNIT ( .MILLI., .METRE. ) );
#5531 = ORIENTED_EDGE ( 'NONE', *, *, #1220, .F. ) ;
#5532 = DIRECTION ( 'NONE',  ( -0.000000000000000000, 0.000000000000000000, 1.000000000000000000 ) ) ;
#5533 = ORIENTED_EDGE ( 'NONE', *, *, #2431, .T. ) ;
#5534 = VERTEX_POINT ( 'NONE', #3408 ) ;
#5535 = CARTESIAN_POINT ( 'NONE',  ( -0.1081152228347762312, -0.8429435268194104269, 0.01000000000000000021 ) ) ;
#5536 = VECTOR ( 'NONE', #6194, 1000.000000000000000 ) ;
#5537 = CARTESIAN_POINT ( 'NONE',  ( 0.1091211399118652420, -0.8238264256448692979, 0.009999999999999998473 ) ) ;
#5538 = CARTESIAN_POINT ( 'NONE',  ( 1.010000000000000453, 0.3749999999999998890, 0.2500000000000000000 ) ) ;
#5539 = ORIENTED_EDGE ( 'NONE', *, *, #1429, .T. ) ;
#5540 = UNCERTAINTY_MEASURE_WITH_UNIT (LENGTH_MEASURE( 1.000000000000000082E-05 ), #1696, 'distance_accuracy_value', 'NONE');
#5541 = CARTESIAN_POINT ( 'NONE',  ( -0.09131032876584070646, -0.8954752036004255400, 0.000000000000000000 ) ) ;
#5542 = COLOUR_RGB ( '',0.8313725490196077761, 0.8313725490196077761, 0.8196078431372548767 ) ;
#5543 = ORIENTED_EDGE ( 'NONE', *, *, #6063, .F. ) ;
#5544 = CARTESIAN_POINT ( 'NONE',  ( 0.000000000000000000, 0.1250000000000000000, 0.000000000000000000 ) ) ;
#5545 =( LENGTH_UNIT ( ) NAMED_UNIT ( * ) SI_UNIT ( .MILLI., .METRE. ) );
#5546 = DIRECTION ( 'NONE',  ( 1.000000000000000000, 0.000000000000000000, 0.000000000000000000 ) ) ;
#5547 = MECHANICAL_DESIGN_GEOMETRIC_PRESENTATION_REPRESENTATION (  '', ( #2766 ), #7627 ) ;
#5548 = FILL_AREA_STYLE ('',( #7965 ) ) ;
#5549 = PRESENTATION_STYLE_ASSIGNMENT (( #3889 ) ) ;
#5550 = CARTESIAN_POINT ( 'NONE',  ( 0.08168320802162103156, -0.9116064585356601357, 0.01000000000000000021 ) ) ;
#5551 = ADVANCED_FACE ( 'NONE', ( #7721 ), #6416, .F. ) ;
#5552 = EDGE_CURVE ( 'NONE', #4327, #6218, #978, .T. ) ;
#5553 = CARTESIAN_POINT ( 'NONE',  ( -0.08757914203029729117, -0.8237949007326325068, 0.000000000000000000 ) ) ;
#5554 = CARTESIAN_POINT ( 'NONE',  ( 1.010000000000000453, 0.3749999999999998890, 0.2500000000000000000 ) ) ;
#5555 = LINE ( 'NONE', #8009, #7048 ) ;
#5556 = MECHANICAL_DESIGN_GEOMETRIC_PRESENTATION_REPRESENTATION (  '', ( #154 ), #5817 ) ;
#5557 = SURFACE_STYLE_FILL_AREA ( #6725 ) ;
#5558 = CARTESIAN_POINT ( 'NONE',  ( 0.04995653151041357098, -0.8948605937980219638, 0.000000000000000000 ) ) ;
#5559 = VERTEX_POINT ( 'NONE', #2824 ) ;
#5560 = PLANE ( 'NONE',  #414 ) ;
#5561 =( NAMED_UNIT ( * ) SI_UNIT ( $, .STERADIAN. ) SOLID_ANGLE_UNIT ( ) );
#5562 = CARTESIAN_POINT ( 'NONE',  ( 0.05960874319686388506, -0.8102485411924787995, 0.01000000000000000021 ) ) ;
#5563 = EDGE_CURVE ( 'NONE', #934, #8065, #5353, .T. ) ;
#5564 =( NAMED_UNIT ( * ) SI_UNIT ( $, .STERADIAN. ) SOLID_ANGLE_UNIT ( ) );
#5565 = CYLINDRICAL_SURFACE ( 'NONE', #1637, 0.04999999999999991257 ) ;
#5566 = EDGE_LOOP ( 'NONE', ( #4730, #567, #1344, #6500, #5159, #3932 ) ) ;
#5567 = LINE ( 'NONE', #6953, #6783 ) ;
#5568 = VERTEX_POINT ( 'NONE', #6083 ) ;
#5569 = CARTESIAN_POINT ( 'NONE',  ( 0.07255816236890744175, -0.9116740398059469674, 0.01000000000000000021 ) ) ;
#5570 = FILL_AREA_STYLE ('',( #500 ) ) ;
#5571 = PRESENTATION_LAYER_ASSIGNMENT (  '', '', ( #3053 ) ) ;
#5572 = CARTESIAN_POINT ( 'NONE',  ( 0.1025943445480813204, -0.8874439186364337928, 0.000000000000000000 ) ) ;
#5573 = ORIENTED_EDGE ( 'NONE', *, *, #394, .F. ) ;
#5574 = CARTESIAN_POINT ( 'NONE',  ( 0.04903729849752992698, 0.000000000000000000, 0.01000000000000000021 ) ) ;
#5575 = ORIENTED_EDGE ( 'NONE', *, *, #3321, .T. ) ;
#5576 = VERTEX_POINT ( 'NONE', #2368 ) ;
#5577 = VECTOR ( 'NONE', #3456, 1000.000000000000000 ) ;
#5578 = AXIS2_PLACEMENT_3D ( 'NONE', #6950, #5065, #5107 ) ;
#5579 = LINE ( 'NONE', #3009, #7130 ) ;
#5580 = FILL_AREA_STYLE_COLOUR ( '', #205 ) ;
#5581 = VERTEX_POINT ( 'NONE', #2979 ) ;
#5582 = DIRECTION ( 'NONE',  ( 1.000000000000000000, 0.000000000000000000, 0.000000000000000000 ) ) ;
#5583 = CARTESIAN_POINT ( 'NONE',  ( -0.1003311327357079147, -0.8890535557603277406, 0.000000000000000000 ) ) ;
#5584 = EDGE_LOOP ( 'NONE', ( #8100, #6929, #4330, #6914 ) ) ;
#5585 = CIRCLE ( 'NONE', #2292, 0.04999999999999991257 ) ;
#5586 = DIRECTION ( 'NONE',  ( 1.000000000000000000, 0.000000000000000000, 0.000000000000000000 ) ) ;
#5587 = SURFACE_SIDE_STYLE ('',( #7512 ) ) ;
#5588 = CIRCLE ( 'NONE', #4016, 0.04999999999999991257 ) ;
#5589 = DIRECTION ( 'NONE',  ( 0.000000000000000000, -1.000000000000000000, 0.000000000000000000 ) ) ;
#5590 = SURFACE_SIDE_STYLE ('',( #65 ) ) ;
#5591 = CARTESIAN_POINT ( 'NONE',  ( 0.01611046922923725991, -0.8653794237460719074, 0.01000000000000000021 ) ) ;
#5592 = FILL_AREA_STYLE_COLOUR ( '', #465 ) ;
#5593 = DIRECTION ( 'NONE',  ( 1.000000000000000000, 0.000000000000000000, 0.000000000000000000 ) ) ;
#5594 = CARTESIAN_POINT ( 'NONE',  ( 0.6850000000000008304, 0.1750000000000000167, -0.02000000000000000042 ) ) ;
#5595 = SURFACE_STYLE_FILL_AREA ( #4943 ) ;
#5596 = MECHANICAL_DESIGN_GEOMETRIC_PRESENTATION_REPRESENTATION (  '', ( #1391 ), #5991 ) ;
#5597 = VECTOR ( 'NONE', #2650, 1000.000000000000000 ) ;
#5598 = EDGE_CURVE ( 'NONE', #7225, #5526, #7264, .T. ) ;
#5599 = ORIENTED_EDGE ( 'NONE', *, *, #1395, .T. ) ;
#5600 = EDGE_CURVE ( 'NONE', #222, #7739, #1057, .T. ) ;
#5601 = SURFACE_STYLE_USAGE ( .BOTH. , #3664 ) ;
#5602 = SURFACE_SIDE_STYLE ('',( #3075 ) ) ;
#5603 = CARTESIAN_POINT ( 'NONE',  ( -0.6850000000000007194, -0.6750000000000000444, -0.02000000000000000042 ) ) ;
#5604 = ORIENTED_EDGE ( 'NONE', *, *, #4653, .F. ) ;
#5605 = ORIENTED_EDGE ( 'NONE', *, *, #3732, .F. ) ;
#5606 = EDGE_CURVE ( 'NONE', #4847, #767, #552, .T. ) ;
#5607 = CARTESIAN_POINT ( 'NONE',  ( -0.08198822840641407927, -0.9097010297743151064, 0.000000000000000000 ) ) ;
#5608 = CARTESIAN_POINT ( 'NONE',  ( -0.1969421222341773969, -0.8824525944777792397, 0.000000000000000000 ) ) ;
#5609 = EDGE_LOOP ( 'NONE', ( #5010, #2299, #5290, #8089 ) ) ;
#5610 = AXIS2_PLACEMENT_3D ( 'NONE', #4888, #1800, #380 ) ;
#5611 = FILL_AREA_STYLE_COLOUR ( '', #5542 ) ;
#5612 = EDGE_CURVE ( 'NONE', #1507, #4599, #2237, .T. ) ;
#5613 = MECHANICAL_DESIGN_GEOMETRIC_PRESENTATION_REPRESENTATION (  '', ( #3771 ), #3248 ) ;
#5614 =( NAMED_UNIT ( * ) PLANE_ANGLE_UNIT ( ) SI_UNIT ( $, .RADIAN. ) );
#5615 = COLOUR_RGB ( '',0.8313725490196077761, 0.8313725490196077761, 0.8196078431372548767 ) ;
#5616 = CARTESIAN_POINT ( 'NONE',  ( 0.1054333444396060721, -0.8204090749947460237, 0.009999999999999998473 ) ) ;
#5617 = VECTOR ( 'NONE', #1333, 1000.000000000000000 ) ;
#5618 = MECHANICAL_DESIGN_GEOMETRIC_PRESENTATION_REPRESENTATION (  '', ( #6138 ), #7181 ) ;
#5619 = CARTESIAN_POINT ( 'NONE',  ( 0.06621255011298173010, -0.8206290822904612758, 0.000000000000000000 ) ) ;
#5620 =( GEOMETRIC_REPRESENTATION_CONTEXT ( 3 ) GLOBAL_UNCERTAINTY_ASSIGNED_CONTEXT ( ( #6934 ) ) GLOBAL_UNIT_ASSIGNED_CONTEXT ( ( #7461, #3995, #3870 ) ) REPRESENTATION_CONTEXT ( 'NONE', 'WORKASPACE' ) );
#5621 = LINE ( 'NONE', #4560, #2456 ) ;
#5622 = CARTESIAN_POINT ( 'NONE',  ( -0.7350000000000006528, 0.1250000000000000000, 0.000000000000000000 ) ) ;
#5623 = STYLED_ITEM ( 'NONE', ( #4499 ), #4459 ) ;
#5624 = EDGE_LOOP ( 'NONE', ( #1556, #440, #3036, #1385, #5575, #7861, #7378, #3835, #5476, #1737, #7897, #6791, #6035, #6473, #5914, #1156, #5253, #5467, #6882, #449 ) ) ;
#5625 = PRESENTATION_LAYER_ASSIGNMENT (  '', '', ( #4848 ) ) ;
#5626 = FACE_OUTER_BOUND ( 'NONE', #3810, .T. ) ;
#5627 = ORIENTED_EDGE ( 'NONE', *, *, #5694, .F. ) ;
#5628 =( GEOMETRIC_REPRESENTATION_CONTEXT ( 3 ) GLOBAL_UNCERTAINTY_ASSIGNED_CONTEXT ( ( #1370 ) ) GLOBAL_UNIT_ASSIGNED_CONTEXT ( ( #4734, #7743, #7128 ) ) REPRESENTATION_CONTEXT ( 'NONE', 'WORKASPACE' ) );
#5629 = PRESENTATION_STYLE_ASSIGNMENT (( #1883 ) ) ;
#5630 = UNCERTAINTY_MEASURE_WITH_UNIT (LENGTH_MEASURE( 1.000000000000000082E-05 ), #1397, 'distance_accuracy_value', 'NONE');
#5631 = CARTESIAN_POINT ( 'NONE',  ( 0.07828844855511911394, -0.9116821714522209685, 0.01000000000000000021 ) ) ;
#5632 = COLOUR_RGB ( '',0.8313725490196077761, 0.8313725490196077761, 0.8196078431372548767 ) ;
#5633 = CARTESIAN_POINT ( 'NONE',  ( -0.1314505063805188612, -0.9105013749655840316, 0.000000000000000000 ) ) ;
#5634 = PLANE ( 'NONE',  #6724 ) ;
#5635 = VECTOR ( 'NONE', #5643, 1000.000000000000000 ) ;
#5636 = CARTESIAN_POINT ( 'NONE',  ( 0.1185409922037633512, -0.8868249869875804992, 0.000000000000000000 ) ) ;
#5637 = CARTESIAN_POINT ( 'NONE',  ( 0.07437619058474521927, -0.8093238852718074305, 0.01000000000000000021 ) ) ;
#5638 =( NAMED_UNIT ( * ) PLANE_ANGLE_UNIT ( ) SI_UNIT ( $, .RADIAN. ) );
#5639 = STYLED_ITEM ( 'NONE', ( #5429 ), #861 ) ;
#5640 = CARTESIAN_POINT ( 'NONE',  ( 0.9999999999999993339, -0.3749999999999998890, 0.5300000000000000266 ) ) ;
#5641 = ORIENTED_EDGE ( 'NONE', *, *, #2922, .F. ) ;
#5642 = FILL_AREA_STYLE_COLOUR ( '', #5632 ) ;
#5643 = DIRECTION ( 'NONE',  ( -1.000000000000000000, 0.000000000000000000, 0.000000000000000000 ) ) ;
#5644 = DIRECTION ( 'NONE',  ( 0.3363908276654493101, -0.9417224702971431771, 0.000000000000000000 ) ) ;
#5645 = LINE ( 'NONE', #6175, #7406 ) ;
#5646 = EDGE_CURVE ( 'NONE', #1040, #7464, #1713, .T. ) ;
#5647 = EDGE_CURVE ( 'NONE', #4344, #931, #3649, .T. ) ;
#5648 = SURFACE_STYLE_USAGE ( .BOTH. , #4952 ) ;
#5649 = ORIENTED_EDGE ( 'NONE', *, *, #4495, .F. ) ;
#5650 = FACE_OUTER_BOUND ( 'NONE', #5328, .T. ) ;
#5651 = CARTESIAN_POINT ( 'NONE',  ( 0.7350000000000005418, -0.8249999999999999556, -0.02000000000000000042 ) ) ;
#5652 = CARTESIAN_POINT ( 'NONE',  ( -0.1232903030666162303, -0.8702380524020539854, 0.000000000000000000 ) ) ;
#5653 = DIRECTION ( 'NONE',  ( 0.000000000000000000, -0.000000000000000000, -1.000000000000000000 ) ) ;
#5654 = EDGE_CURVE ( 'NONE', #6313, #1584, #7379, .T. ) ;
#5655 = EDGE_CURVE ( 'NONE', #4837, #4759, #2405, .T. ) ;
#5656 = EDGE_LOOP ( 'NONE', ( #6587, #5025, #6229, #343 ) ) ;
#5657 = DIRECTION ( 'NONE',  ( 0.000000000000000000, -1.000000000000000000, 0.000000000000000000 ) ) ;
#5658 = CARTESIAN_POINT ( 'NONE',  ( -0.1826700185756408301, -0.8105013749655840538, 0.000000000000000000 ) ) ;
#5659 = CARTESIAN_POINT ( 'NONE',  ( 0.04992533706030581608, -0.8261438942518019024, 0.000000000000000000 ) ) ;
#5660 = FILL_AREA_STYLE_COLOUR ( '', #344 ) ;
#5661 = DIRECTION ( 'NONE',  ( 0.000000000000000000, 0.000000000000000000, -1.000000000000000000 ) ) ;
#5662 = EDGE_CURVE ( 'NONE', #6636, #2233, #5202, .T. ) ;
#5663 = ORIENTED_EDGE ( 'NONE', *, *, #3062, .T. ) ;
#5664 = PRESENTATION_STYLE_ASSIGNMENT (( #5783 ) ) ;
#5665 = ORIENTED_EDGE ( 'NONE', *, *, #656, .F. ) ;
#5666 = MECHANICAL_DESIGN_GEOMETRIC_PRESENTATION_REPRESENTATION (  '', ( #390 ), #1722 ) ;
#5667 = CARTESIAN_POINT ( 'NONE',  ( -0.7350000000000005418, -0.1750000000000000167, -0.02000000000000000042 ) ) ;
#5668 = DIRECTION ( 'NONE',  ( -0.000000000000000000, 1.000000000000000000, 0.000000000000000000 ) ) ;
#5669 = SURFACE_STYLE_USAGE ( .BOTH. , #5590 ) ;
#5670 = CARTESIAN_POINT ( 'NONE',  ( 0.1203308943537243214, -0.8824604645188505181, 0.000000000000000000 ) ) ;
#5671 = DIRECTION ( 'NONE',  ( -0.000000000000000000, -1.000000000000000000, -0.000000000000000000 ) ) ;
#5672 = SURFACE_STYLE_USAGE ( .BOTH. , #5711 ) ;
#5673 = LINE ( 'NONE', #3778, #3916 ) ;
#5674 = PRESENTATION_LAYER_ASSIGNMENT (  '', '', ( #4638 ) ) ;
#5675 = STYLED_ITEM ( 'NONE', ( #7204 ), #58 ) ;
#5676 = SURFACE_STYLE_USAGE ( .BOTH. , #4376 ) ;
#5677 = ORIENTED_EDGE ( 'NONE', *, *, #6335, .T. ) ;
#5678 = CARTESIAN_POINT ( 'NONE',  ( -1.000000000000000666, -0.6250000000000001110, 0.000000000000000000 ) ) ;
#5679 = PLANE ( 'NONE',  #4733 ) ;
#5680 = PRESENTATION_STYLE_ASSIGNMENT (( #5721 ) ) ;
#5681 = LINE ( 'NONE', #1200, #1151 ) ;
#5682 = FACE_OUTER_BOUND ( 'NONE', #423, .T. ) ;
#5683 = AXIS2_PLACEMENT_3D ( 'NONE', #7775, #1196, #1539 ) ;
#5684 = DIRECTION ( 'NONE',  ( 0.000000000000000000, 0.000000000000000000, -1.000000000000000000 ) ) ;
#5685 = CARTESIAN_POINT ( 'NONE',  ( 0.4076060066089044476, 1.000000000000002665, 0.1817582956874659594 ) ) ;
#5686 = LINE ( 'NONE', #7572, #7551 ) ;
#5687 = ORIENTED_EDGE ( 'NONE', *, *, #3591, .T. ) ;
#5688 = ORIENTED_EDGE ( 'NONE', *, *, #6238, .F. ) ;
#5689 = STYLED_ITEM ( 'NONE', ( #7829 ), #1974 ) ;
#5690 =( NAMED_UNIT ( * ) PLANE_ANGLE_UNIT ( ) SI_UNIT ( $, .RADIAN. ) );
#5691 = STYLED_ITEM ( 'NONE', ( #8124 ), #3631 ) ;
#5692 = EDGE_CURVE ( 'NONE', #2144, #4876, #2447, .T. ) ;
#5693 = LINE ( 'NONE', #3967, #7419 ) ;
#5694 = EDGE_CURVE ( 'NONE', #7473, #1454, #3018, .T. ) ;
#5695 = LINE ( 'NONE', #7580, #824 ) ;
#5696 = SURFACE_SIDE_STYLE ('',( #6924 ) ) ;
#5697 = VECTOR ( 'NONE', #4556, 1000.000000000000000 ) ;
#5698 = DIRECTION ( 'NONE',  ( -1.000000000000000000, 0.000000000000000000, 0.000000000000000000 ) ) ;
#5699 = VERTEX_POINT ( 'NONE', #1804 ) ;
#5700 = COLOUR_RGB ( '',0.8313725490196077761, 0.8313725490196077761, 0.8196078431372548767 ) ;
#5701 = ORIENTED_EDGE ( 'NONE', *, *, #6844, .T. ) ;
#5702 = FILL_AREA_STYLE_COLOUR ( '', #2889 ) ;
#5703 = LINE ( 'NONE', #3939, #882 ) ;
#5704 = UNCERTAINTY_MEASURE_WITH_UNIT (LENGTH_MEASURE( 1.000000000000000082E-05 ), #7341, 'distance_accuracy_value', 'NONE');
#5705 = CARTESIAN_POINT ( 'NONE',  ( 0.09992506463579303722, -0.9065247366189437273, 0.01000000000000000021 ) ) ;
#5706 = ADVANCED_FACE ( 'NONE', ( #4160 ), #424, .F. ) ;
#5707 = DIRECTION ( 'NONE',  ( 1.000000000000000000, 0.000000000000000000, 0.000000000000000000 ) ) ;
#5708 = FILL_AREA_STYLE ('',( #6356 ) ) ;
#5709 = FILL_AREA_STYLE_COLOUR ( '', #601 ) ;
#5710 = FILL_AREA_STYLE ('',( #6361 ) ) ;
#5711 = SURFACE_SIDE_STYLE ('',( #7557 ) ) ;
#5712 = MECHANICAL_DESIGN_GEOMETRIC_PRESENTATION_REPRESENTATION (  '', ( #3472 ), #2154 ) ;
#5713 = SURFACE_STYLE_FILL_AREA ( #3186 ) ;
#5714 = DIRECTION ( 'NONE',  ( 1.000000000000000000, 0.000000000000000000, 0.000000000000000000 ) ) ;
#5715 = UNCERTAINTY_MEASURE_WITH_UNIT (LENGTH_MEASURE( 1.000000000000000082E-05 ), #1489, 'distance_accuracy_value', 'NONE');
#5716 = SURFACE_STYLE_FILL_AREA ( #1818 ) ;
#5717 = ORIENTED_EDGE ( 'NONE', *, *, #528, .T. ) ;
#5718 = VECTOR ( 'NONE', #5778, 1000.000000000000000 ) ;
#5719 = FACE_OUTER_BOUND ( 'NONE', #208, .T. ) ;
#5720 = CARTESIAN_POINT ( 'NONE',  ( -0.1240154640909517797, -0.8538865529316674863, 0.01000000000000000194 ) ) ;
#5721 = SURFACE_STYLE_USAGE ( .BOTH. , #8127 ) ;
#5722 = COLOUR_RGB ( '',0.8313725490196077761, 0.8313725490196077761, 0.8196078431372548767 ) ;
#5723 = DIRECTION ( 'NONE',  ( 1.000000000000000000, -3.942553354492745996E-16, 0.000000000000000000 ) ) ;
#5724 = LINE ( 'NONE', #7069, #216 ) ;
#5725 = CARTESIAN_POINT ( 'NONE',  ( -0.1205138572722579543, -0.8801910341801574278, 0.01000000000000000021 ) ) ;
#5726 = DIRECTION ( 'NONE',  ( 0.000000000000000000, 1.000000000000000000, 0.000000000000000000 ) ) ;
#5727 = ORIENTED_EDGE ( 'NONE', *, *, #2028, .F. ) ;
#5728 = UNCERTAINTY_MEASURE_WITH_UNIT (LENGTH_MEASURE( 1.000000000000000082E-05 ), #4704, 'distance_accuracy_value', 'NONE');
#5729 = ORIENTED_EDGE ( 'NONE', *, *, #5957, .F. ) ;
#5730 =( GEOMETRIC_REPRESENTATION_CONTEXT ( 3 ) GLOBAL_UNCERTAINTY_ASSIGNED_CONTEXT ( ( #4403 ) ) GLOBAL_UNIT_ASSIGNED_CONTEXT ( ( #104, #5094, #6891 ) ) REPRESENTATION_CONTEXT ( 'NONE', 'WORKASPACE' ) );
#5731 = CARTESIAN_POINT ( 'NONE',  ( -0.8246046625001746122, 0.8185251959338152306, 0.5199999999999999067 ) ) ;
#5732 = UNCERTAINTY_MEASURE_WITH_UNIT (LENGTH_MEASURE( 1.000000000000000082E-05 ), #2698, 'distance_accuracy_value', 'NONE');
#5733 = CARTESIAN_POINT ( 'NONE',  ( 0.9999999999999993339, -0.8750000000000000000, 0.2500000000000000000 ) ) ;
#5734 =( NAMED_UNIT ( * ) SI_UNIT ( $, .STERADIAN. ) SOLID_ANGLE_UNIT ( ) );
#5735 = SURFACE_STYLE_FILL_AREA ( #5007 ) ;
#5736 = SURFACE_SIDE_STYLE ('',( #6198 ) ) ;
#5737 = PLANE ( 'NONE',  #1015 ) ;
#5738 = FILL_AREA_STYLE_COLOUR ( '', #1264 ) ;
#5739 =( GEOMETRIC_REPRESENTATION_CONTEXT ( 3 ) GLOBAL_UNCERTAINTY_ASSIGNED_CONTEXT ( ( #3896 ) ) GLOBAL_UNIT_ASSIGNED_CONTEXT ( ( #7737, #6462, #1585 ) ) REPRESENTATION_CONTEXT ( 'NONE', 'WORKASPACE' ) );
#5740 = ORIENTED_EDGE ( 'NONE', *, *, #781, .F. ) ;
#5741 = ORIENTED_EDGE ( 'NONE', *, *, #3481, .F. ) ;
#5742 = ADVANCED_FACE ( 'NONE', ( #7509 ), #3852, .F. ) ;
#5743 = EDGE_CURVE ( 'NONE', #4862, #7475, #717, .T. ) ;
#5744 = VECTOR ( 'NONE', #7161, 1000.000000000000000 ) ;
#5745 = DIRECTION ( 'NONE',  ( -0.000000000000000000, -1.000000000000000000, -0.000000000000000000 ) ) ;
#5746 = CARTESIAN_POINT ( 'NONE',  ( 0.7350000000000006528, 0.8749999999999998890, 0.000000000000000000 ) ) ;
#5747 = COLOUR_RGB ( '',0.8313725490196077761, 0.8313725490196077761, 0.8196078431372548767 ) ;
#5748 = CARTESIAN_POINT ( 'NONE',  ( 0.05169333744757354659, -0.8251165528468537014, 0.000000000000000000 ) ) ;
#5749 = CARTESIAN_POINT ( 'NONE',  ( 0.7350000000000006528, 0.1250000000000000000, -0.02000000000000000042 ) ) ;
#5750 = CARTESIAN_POINT ( 'NONE',  ( -0.7621383144406077559, -1.010000000000002673, 0.1817582956874659594 ) ) ;
#5751 = STYLED_ITEM ( 'NONE', ( #5480 ), #149 ) ;
#5752 = COLOUR_RGB ( '',0.8313725490196077761, 0.8313725490196077761, 0.8196078431372548767 ) ;
#5753 = AXIS2_PLACEMENT_3D ( 'NONE', #1491, #3412, #5191 ) ;
#5754 = CARTESIAN_POINT ( 'NONE',  ( -0.1027706071249880754, -0.8862794126884573354, 0.000000000000000000 ) ) ;
#5755 = VECTOR ( 'NONE', #963, 1000.000000000000000 ) ;
#5756 = ORIENTED_EDGE ( 'NONE', *, *, #5405, .F. ) ;
#5757 = CARTESIAN_POINT ( 'NONE',  ( 0.7350000000000006528, 0.3250000000000000111, -0.02000000000000000042 ) ) ;
#5758 = LINE ( 'NONE', #180, #2142 ) ;
#5759 =( GEOMETRIC_REPRESENTATION_CONTEXT ( 3 ) GLOBAL_UNCERTAINTY_ASSIGNED_CONTEXT ( ( #3224 ) ) GLOBAL_UNIT_ASSIGNED_CONTEXT ( ( #1104, #4941, #1768 ) ) REPRESENTATION_CONTEXT ( 'NONE', 'WORKASPACE' ) );
#5760 = EDGE_CURVE ( 'NONE', #6436, #6619, #655, .T. ) ;
#5761 = FILL_AREA_STYLE_COLOUR ( '', #140 ) ;
#5762 = DIRECTION ( 'NONE',  ( -0.000000000000000000, 0.000000000000000000, 1.000000000000000000 ) ) ;
#5763 = VERTEX_POINT ( 'NONE', #2528 ) ;
#5764 = STYLED_ITEM ( 'NONE', ( #6858 ), #7041 ) ;
#5765 = PRESENTATION_STYLE_ASSIGNMENT (( #731 ) ) ;
#5766 = CARTESIAN_POINT ( 'NONE',  ( 0.7350000000000006528, 0.6250000000000000000, -0.02000000000000000042 ) ) ;
#5767 =( NAMED_UNIT ( * ) PLANE_ANGLE_UNIT ( ) SI_UNIT ( $, .RADIAN. ) );
#5768 = CARTESIAN_POINT ( 'NONE',  ( 1.010000000000000453, -0.1250000000000001110, 0.2500000000000000000 ) ) ;
#5769 = CARTESIAN_POINT ( 'NONE',  ( 0.06580759604372499183, -0.8095105081470703734, 0.000000000000000000 ) ) ;
#5770 = CARTESIAN_POINT ( 'NONE',  ( -0.1127758876509542402, -0.8929339119271987313, 0.01000000000000000021 ) ) ;
#5771 = EDGE_CURVE ( 'NONE', #6102, #2891, #100, .T. ) ;
#5772 = VECTOR ( 'NONE', #2173, 1000.000000000000000 ) ;
#5773 = CARTESIAN_POINT ( 'NONE',  ( -0.07180873808783594381, -0.8214769847216816245, 0.000000000000000000 ) ) ;
#5774 = CARTESIAN_POINT ( 'NONE',  ( 0.1100129082536275005, -0.8615684481363157232, 0.000000000000000000 ) ) ;
#5775 =( NAMED_UNIT ( * ) PLANE_ANGLE_UNIT ( ) SI_UNIT ( $, .RADIAN. ) );
#5776 = VERTEX_POINT ( 'NONE', #4519 ) ;
#5777 = ORIENTED_EDGE ( 'NONE', *, *, #1882, .T. ) ;
#5778 = DIRECTION ( 'NONE',  ( 0.000000000000000000, 0.000000000000000000, -1.000000000000000000 ) ) ;
#5779 = SURFACE_SIDE_STYLE ('',( #3888 ) ) ;
#5780 = PRESENTATION_STYLE_ASSIGNMENT (( #5124 ) ) ;
#5781 = FACE_BOUND ( 'NONE', #3625, .T. ) ;
#5782 = VERTEX_POINT ( 'NONE', #1388 ) ;
#5783 = SURFACE_STYLE_USAGE ( .BOTH. , #4516 ) ;
#5784 = ORIENTED_EDGE ( 'NONE', *, *, #5856, .T. ) ;
#5785 = LINE ( 'NONE', #4565, #486 ) ;
#5786 = DIRECTION ( 'NONE',  ( -0.000000000000000000, -0.000000000000000000, 1.000000000000000000 ) ) ;
#5787 = SURFACE_STYLE_USAGE ( .BOTH. , #6971 ) ;
#5788 = PRESENTATION_STYLE_ASSIGNMENT (( #888 ) ) ;
#5789 = FILL_AREA_STYLE ('',( #5709 ) ) ;
#5790 = VERTEX_POINT ( 'NONE', #7008 ) ;
#5791 = DIRECTION ( 'NONE',  ( 1.000000000000000000, 0.000000000000000000, 0.000000000000000000 ) ) ;
#5792 = DIRECTION ( 'NONE',  ( -0.000000000000000000, -0.000000000000000000, 1.000000000000000000 ) ) ;
#5793 = VECTOR ( 'NONE', #1185, 1000.000000000000000 ) ;
#5794 = DIRECTION ( 'NONE',  ( 0.000000000000000000, -0.000000000000000000, 1.000000000000000000 ) ) ;
#5795 = SURFACE_SIDE_STYLE ('',( #3276 ) ) ;
#5796 = VERTEX_POINT ( 'NONE', #6279 ) ;
#5797 = ADVANCED_FACE ( 'NONE', ( #671 ), #3098, .F. ) ;
#5798 = MECHANICAL_DESIGN_GEOMETRIC_PRESENTATION_REPRESENTATION (  '', ( #1216 ), #7620 ) ;
#5799 = CARTESIAN_POINT ( 'NONE',  ( -0.01925538442929935340, -0.8653794237460719074, 0.01000000000000000021 ) ) ;
#5800 = ADVANCED_FACE ( 'NONE', ( #6931 ), #3811, .F. ) ;
#5801 =( LENGTH_UNIT ( ) NAMED_UNIT ( * ) SI_UNIT ( .MILLI., .METRE. ) );
#5802 = FILL_AREA_STYLE_COLOUR ( '', #5839 ) ;
#5803 = FILL_AREA_STYLE_COLOUR ( '', #7182 ) ;
#5804 = CARTESIAN_POINT ( 'NONE',  ( -0.09686776618329034916, -0.9051167378610729397, 0.01000000000000000021 ) ) ;
#5805 = CARTESIAN_POINT ( 'NONE',  ( 0.1060131253375832944, -0.8408864642694581226, 0.000000000000000000 ) ) ;
#5806 = STYLED_ITEM ( 'NONE', ( #4830 ), #6011 ) ;
#5807 = SURFACE_STYLE_FILL_AREA ( #6419 ) ;
#5808 = SURFACE_SIDE_STYLE ('',( #7154 ) ) ;
#5809 = EDGE_CURVE ( 'NONE', #2235, #934, #4564, .T. ) ;
#5810 = CIRCLE ( 'NONE', #2256, 0.04999999999999991257 ) ;
#5811 = CARTESIAN_POINT ( 'NONE',  ( -0.7350000000000005418, -0.8750000000000000000, -0.02000000000000000042 ) ) ;
#5812 = PRESENTATION_STYLE_ASSIGNMENT (( #6455 ) ) ;
#5813 =( NAMED_UNIT ( * ) SI_UNIT ( $, .STERADIAN. ) SOLID_ANGLE_UNIT ( ) );
#5814 = UNCERTAINTY_MEASURE_WITH_UNIT (LENGTH_MEASURE( 1.000000000000000082E-05 ), #848, 'distance_accuracy_value', 'NONE');
#5815 = B_SPLINE_SURFACE_WITH_KNOTS ( 'NONE', 3, 1, ( 
 ( #1432, #3300 ),
 ( #3977, #137 ),
 ( #5748, #174 ),
 ( #5828, #2617 ),
 ( #2687, #6970 ),
 ( #102, #1965 ),
 ( #5209, #3897 ),
 ( #5131, #4649 ),
 ( #1340, #3855 ),
 ( #6353, #7621 ),
 ( #763, #7010 ) ),
 .UNSPECIFIED., .F., .F., .F.,
 ( 4, 1, 1, 1, 1, 1, 1, 1, 4 ),
 ( 2, 2 ),
 ( 0.000000000000000000, 0.1252796967356274715, 0.2494199707420520495, 0.3733567994928199130, 0.4966812787822865172, 0.6202029157439832296, 0.7450863201614565945, 0.8712691950190979417, 0.9999999999999998890 ),
 ( 0.000000000000000000, 1.000000000000000000 ),
 .UNSPECIFIED. ) ;
#5816 = VERTEX_POINT ( 'NONE', #250 ) ;
#5817 =( GEOMETRIC_REPRESENTATION_CONTEXT ( 3 ) GLOBAL_UNCERTAINTY_ASSIGNED_CONTEXT ( ( #3491 ) ) GLOBAL_UNIT_ASSIGNED_CONTEXT ( ( #4567, #7013, #1394 ) ) REPRESENTATION_CONTEXT ( 'NONE', 'WORKASPACE' ) );
#5818 = LINE ( 'NONE', #2675, #1546 ) ;
#5819 = DIRECTION ( 'NONE',  ( -0.000000000000000000, -0.000000000000000000, 1.000000000000000000 ) ) ;
#5820 = DIRECTION ( 'NONE',  ( -3.942553354492745996E-16, -1.000000000000000000, 0.000000000000000000 ) ) ;
#5821 = FACE_BOUND ( 'NONE', #456, .T. ) ;
#5822 = VERTEX_POINT ( 'NONE', #7740 ) ;
#5823 = DIRECTION ( 'NONE',  ( -0.000000000000000000, 0.000000000000000000, 1.000000000000000000 ) ) ;
#5824 = ORIENTED_EDGE ( 'NONE', *, *, #4954, .T. ) ;
#5825 = MECHANICAL_DESIGN_GEOMETRIC_PRESENTATION_REPRESENTATION (  '', ( #3453 ), #1885 ) ;
#5826 = ORIENTED_EDGE ( 'NONE', *, *, #1285, .T. ) ;
#5827 = FILL_AREA_STYLE ('',( #2111 ) ) ;
#5828 = CARTESIAN_POINT ( 'NONE',  ( 0.05447408060895355536, -0.8238321739042442360, 0.000000000000000000 ) ) ;
#5829 = AXIS2_PLACEMENT_3D ( 'NONE', #1618, #2842, #1658 ) ;
#5830 = DIRECTION ( 'NONE',  ( -0.000000000000000000, 0.000000000000000000, 1.000000000000000000 ) ) ;
#5831 = CARTESIAN_POINT ( 'NONE',  ( -0.07570229663601790726, -0.8994296547668453323, 0.01000000000000000021 ) ) ;
#5832 = EDGE_LOOP ( 'NONE', ( #7934, #5171, #4515, #6501 ) ) ;
#5833 = CARTESIAN_POINT ( 'NONE',  ( -0.07125614662442127101, -0.8995257652094864609, 0.000000000000000000 ) ) ;
#5834 = DIRECTION ( 'NONE',  ( 0.3393303772748790248, 0.9406672605435399959, 0.000000000000000000 ) ) ;
#5835 = ORIENTED_EDGE ( 'NONE', *, *, #4823, .F. ) ;
#5836 =( NAMED_UNIT ( * ) SI_UNIT ( $, .STERADIAN. ) SOLID_ANGLE_UNIT ( ) );
#5837 = CARTESIAN_POINT ( 'NONE',  ( -0.7350000000000005418, -0.6750000000000000444, 0.000000000000000000 ) ) ;
#5838 = EDGE_LOOP ( 'NONE', ( #6967, #5297, #6428, #3457 ) ) ;
#5839 = COLOUR_RGB ( '',0.8313725490196077761, 0.8313725490196077761, 0.8196078431372548767 ) ;
#5840 = DIRECTION ( 'NONE',  ( 1.000000000000000000, 0.000000000000000000, 0.000000000000000000 ) ) ;
#5841 = CARTESIAN_POINT ( 'NONE',  ( -0.1049228437114506640, -0.8832420283526452032, 0.01000000000000000021 ) ) ;
#5842 = CARTESIAN_POINT ( 'NONE',  ( 0.7350000000000005418, -0.3250000000000000111, 0.000000000000000000 ) ) ;
#5843 = DIRECTION ( 'NONE',  ( -0.000000000000000000, 1.000000000000000000, 0.000000000000000000 ) ) ;
#5844 = PRESENTATION_STYLE_ASSIGNMENT (( #6330 ) ) ;
#5845 =( NAMED_UNIT ( * ) SI_UNIT ( $, .STERADIAN. ) SOLID_ANGLE_UNIT ( ) );
#5846 = ADVANCED_FACE ( 'NONE', ( #4608 ), #7191, .F. ) ;
#5847 = ADVANCED_FACE ( 'NONE', ( #1176 ), #416, .F. ) ;
#5848 = VECTOR ( 'NONE', #5546, 1000.000000000000000 ) ;
#5849 = FILL_AREA_STYLE_COLOUR ( '', #6266 ) ;
#5850 = PRESENTATION_STYLE_ASSIGNMENT (( #4048 ) ) ;
#5851 = VECTOR ( 'NONE', #4959, 1000.000000000000000 ) ;
#5852 = MECHANICAL_DESIGN_GEOMETRIC_PRESENTATION_REPRESENTATION (  '', ( #1246 ), #3341 ) ;
#5853 = FACE_OUTER_BOUND ( 'NONE', #7324, .T. ) ;
#5854 = DIRECTION ( 'NONE',  ( 1.000000000000000000, 0.000000000000000000, -0.000000000000000000 ) ) ;
#5855 = ORIENTED_EDGE ( 'NONE', *, *, #5517, .T. ) ;
#5856 = EDGE_CURVE ( 'NONE', #247, #5763, #1261, .T. ) ;
#5857 = VECTOR ( 'NONE', #3887, 1000.000000000000000 ) ;
#5858 = UNCERTAINTY_MEASURE_WITH_UNIT (LENGTH_MEASURE( 1.000000000000000082E-05 ), #2777, 'distance_accuracy_value', 'NONE');
#5859 = CARTESIAN_POINT ( 'NONE',  ( -0.1826700185756408301, -0.8105013749655840538, 0.01000000000000000021 ) ) ;
#5860 = CARTESIAN_POINT ( 'NONE',  ( -0.1590038600390554502, -0.8714769847216816689, 0.000000000000000000 ) ) ;
#5861 = FILL_AREA_STYLE ('',( #1582 ) ) ;
#5862 = ORIENTED_EDGE ( 'NONE', *, *, #4174, .T. ) ;
#5863 = PRESENTATION_STYLE_ASSIGNMENT (( #1459 ) ) ;
#5864 = VERTEX_POINT ( 'NONE', #376 ) ;
#5865 = ORIENTED_EDGE ( 'NONE', *, *, #264, .T. ) ;
#5866 = AXIS2_PLACEMENT_3D ( 'NONE', #433, #7347, #1851 ) ;
#5867 = CARTESIAN_POINT ( 'NONE',  ( -0.08007731734243633825, -0.8220088852822736714, 0.000000000000000000 ) ) ;
#5868 = FACE_OUTER_BOUND ( 'NONE', #331, .T. ) ;
#5869 = FILL_AREA_STYLE ('',( #840 ) ) ;
#5870 = AXIS2_PLACEMENT_3D ( 'NONE', #7995, #3682, #1753 ) ;
#5871 = CARTESIAN_POINT ( 'NONE',  ( -0.08779789006769116166, -0.8969797656713377476, 0.000000000000000000 ) ) ;
#5872 = ORIENTED_EDGE ( 'NONE', *, *, #8103, .F. ) ;
#5873 = CARTESIAN_POINT ( 'NONE',  ( 0.6850000000000007194, 0.000000000000000000, 0.000000000000000000 ) ) ;
#5874 = ORIENTED_EDGE ( 'NONE', *, *, #572, .F. ) ;
#5875 = AXIS2_PLACEMENT_3D ( 'NONE', #4461, #5313, #1646 ) ;
#5876 = DIRECTION ( 'NONE',  ( 0.000000000000000000, -0.000000000000000000, 1.000000000000000000 ) ) ;
#5877 = VECTOR ( 'NONE', #1824, 1000.000000000000000 ) ;
#5878 = EDGE_LOOP ( 'NONE', ( #6815, #2519, #3891, #3765 ) ) ;
#5879 = PRESENTATION_LAYER_ASSIGNMENT (  '', '', ( #745 ) ) ;
#5880 = VECTOR ( 'NONE', #4385, 1000.000000000000000 ) ;
#5881 = SURFACE_STYLE_FILL_AREA ( #6956 ) ;
#5882 = DIRECTION ( 'NONE',  ( -0.000000000000000000, 0.000000000000000000, 1.000000000000000000 ) ) ;
#5883 = FACE_OUTER_BOUND ( 'NONE', #2768, .T. ) ;
#5884 = VECTOR ( 'NONE', #6969, 1000.000000000000000 ) ;
#5885 = B_SPLINE_SURFACE_WITH_KNOTS ( 'NONE', 3, 1, ( 
 ( #8020, #4111 ),
 ( #2852, #2391 ),
 ( #6786, #3671 ),
 ( #252, #7171 ),
 ( #1548, #4075 ),
 ( #7404, #1168 ),
 ( #6179, #5377 ),
 ( #3039, #7873 ),
 ( #8059, #5569 ),
 ( #7364, #4264 ),
 ( #2599, #3873 ) ),
 .UNSPECIFIED., .F., .F., .F.,
 ( 4, 1, 1, 1, 1, 1, 1, 1, 4 ),
 ( 2, 2 ),
 ( 0.000000000000000000, 0.1124483899088023486, 0.2265276752126783866, 0.3444019493260284115, 0.4658649724874592279, 0.5916594493521175613, 0.7221684870248873400, 0.8586063875549265756, 1.000000000000000000 ),
 ( 0.000000000000000000, 1.000000000000000000 ),
 .UNSPECIFIED. ) ;
#5886 = SURFACE_SIDE_STYLE ('',( #3360 ) ) ;
#5887 =( NAMED_UNIT ( * ) PLANE_ANGLE_UNIT ( ) SI_UNIT ( $, .RADIAN. ) );
#5888 = AXIS2_PLACEMENT_3D ( 'NONE', #2234, #1791, #6144 ) ;
#5889 = CARTESIAN_POINT ( 'NONE',  ( 1.010000000000000453, 0.8749999999999998890, -0.02000000000000000042 ) ) ;
#5890 = SURFACE_SIDE_STYLE ('',( #7675 ) ) ;
#5891 = STYLED_ITEM ( 'NONE', ( #6827 ), #4456 ) ;
#5892 = VECTOR ( 'NONE', #7597, 1000.000000000000000 ) ;
#5893 = VECTOR ( 'NONE', #2763, 1000.000000000000000 ) ;
#5894 = STYLED_ITEM ( 'NONE', ( #1224 ), #7907 ) ;
#5895 = FACE_OUTER_BOUND ( 'NONE', #3165, .T. ) ;
#5896 = CARTESIAN_POINT ( 'NONE',  ( -0.1769821701535131409, -0.8283989574347535578, 0.000000000000000000 ) ) ;
#5897 = FILL_AREA_STYLE ('',( #5242 ) ) ;
#5898 = CARTESIAN_POINT ( 'NONE',  ( -0.05706026247807985396, -0.8214769847216816245, 0.01000000000000000021 ) ) ;
#5899 = VERTEX_POINT ( 'NONE', #7910 ) ;
#5900 = ORIENTED_EDGE ( 'NONE', *, *, #6117, .F. ) ;
#5901 = FILL_AREA_STYLE_COLOUR ( '', #5070 ) ;
#5902 = SURFACE_SIDE_STYLE ('',( #3969 ) ) ;
#5903 = FILL_AREA_STYLE ('',( #168 ) ) ;
#5904 = ADVANCED_FACE ( 'NONE', ( #2277 ), #7295, .F. ) ;
#5905 = ADVANCED_FACE ( 'NONE', ( #6872 ), #8109, .F. ) ;
#5906 = ORIENTED_EDGE ( 'NONE', *, *, #2417, .F. ) ;
#5907 = EDGE_LOOP ( 'NONE', ( #823, #6832 ) ) ;
#5908 = CARTESIAN_POINT ( 'NONE',  ( -0.09424120317134362934, -0.8267901573712871377, 0.01000000000000000021 ) ) ;
#5909 = DIRECTION ( 'NONE',  ( -0.000000000000000000, -0.000000000000000000, 1.000000000000000000 ) ) ;
#5910 = CARTESIAN_POINT ( 'NONE',  ( -0.09243790711338577271, -0.8137347264101324473, 0.01000000000000000021 ) ) ;
#5911 = CARTESIAN_POINT ( 'NONE',  ( 0.07655254239996896193, -0.9117208871607059839, 0.000000000000000000 ) ) ;
#5912 = EDGE_CURVE ( 'NONE', #2228, #1866, #4629, .T. ) ;
#5913 = CARTESIAN_POINT ( 'NONE',  ( -0.07570229663601790726, -0.8994296547668453323, 0.000000000000000000 ) ) ;
#5914 = ORIENTED_EDGE ( 'NONE', *, *, #2881, .F. ) ;
#5915 = CARTESIAN_POINT ( 'NONE',  ( -0.09686776618329034916, -0.9051167378610729397, 0.000000000000000000 ) ) ;
#5916 = ORIENTED_EDGE ( 'NONE', *, *, #4362, .T. ) ;
#5917 = CARTESIAN_POINT ( 'NONE',  ( -0.7350000000000006528, 0.8249999999999999556, -0.02000000000000000042 ) ) ;
#5918 = CARTESIAN_POINT ( 'NONE',  ( -0.07083693930734810684, -0.9105013749655840316, 0.000000000000000000 ) ) ;
#5919 = VERTEX_POINT ( 'NONE', #3166 ) ;
#5920 = FACE_OUTER_BOUND ( 'NONE', #914, .T. ) ;
#5921 = DIRECTION ( 'NONE',  ( -0.000000000000000000, 0.000000000000000000, -1.000000000000000000 ) ) ;
#5922 = LINE ( 'NONE', #7147, #5346 ) ;
#5923 = SURFACE_STYLE_FILL_AREA ( #778 ) ;
#5924 = SURFACE_STYLE_FILL_AREA ( #6607 ) ;
#5925 = CARTESIAN_POINT ( 'NONE',  ( 0.7621383144406077559, -1.000000000000002665, 0.1817582956874659594 ) ) ;
#5926 = CARTESIAN_POINT ( 'NONE',  ( -1.010000000000000453, 0.8749999999999998890, 0.2500000000000000000 ) ) ;
#5927 = FACE_OUTER_BOUND ( 'NONE', #5838, .T. ) ;
#5928 = FILL_AREA_STYLE_COLOUR ( '', #5615 ) ;
#5929 = LINE ( 'NONE', #2383, #759 ) ;
#5930 = SURFACE_STYLE_USAGE ( .BOTH. , #4050 ) ;
#5931 = FACE_OUTER_BOUND ( 'NONE', #7499, .T. ) ;
#5932 = AXIS2_PLACEMENT_3D ( 'NONE', #4073, #7781, #6466 ) ;
#5933 = CARTESIAN_POINT ( 'NONE',  ( 0.4076060066089044476, 1.010000000000002673, 0.1817582956874659594 ) ) ;
#5934 = ORIENTED_EDGE ( 'NONE', *, *, #7790, .F. ) ;
#5935 = ORIENTED_EDGE ( 'NONE', *, *, #1795, .T. ) ;
#5936 = VECTOR ( 'NONE', #564, 1000.000000000000000 ) ;
#5937 = CARTESIAN_POINT ( 'NONE',  ( 0.06621255011298173010, -0.8206290822904612758, 0.01000000000000000021 ) ) ;
#5938 = CARTESIAN_POINT ( 'NONE',  ( 0.1185409922037633512, -0.8868249869875804992, 0.000000000000000000 ) ) ;
#5939 = DIRECTION ( 'NONE',  ( -1.000000000000000000, 0.000000000000000000, 0.000000000000000000 ) ) ;
#5940 = ORIENTED_EDGE ( 'NONE', *, *, #605, .F. ) ;
#5941 = PRESENTATION_STYLE_ASSIGNMENT (( #3339 ) ) ;
#5942 = ORIENTED_EDGE ( 'NONE', *, *, #7463, .T. ) ;
#5943 =( NAMED_UNIT ( * ) PLANE_ANGLE_UNIT ( ) SI_UNIT ( $, .RADIAN. ) );
#5944 = ADVANCED_FACE ( 'NONE', ( #48 ), #7534, .F. ) ;
#5945 = EDGE_CURVE ( 'NONE', #4482, #4531, #5076, .T. ) ;
#5946 = SURFACE_STYLE_USAGE ( .BOTH. , #7216 ) ;
#5947 =( LENGTH_UNIT ( ) NAMED_UNIT ( * ) SI_UNIT ( .MILLI., .METRE. ) );
#5948 = DIRECTION ( 'NONE',  ( -1.000000000000000000, 0.000000000000000000, 0.000000000000000000 ) ) ;
#5949 = CARTESIAN_POINT ( 'NONE',  ( -0.7350000000000005418, -0.6750000000000000444, 0.2500000000000000000 ) ) ;
#5950 = FILL_AREA_STYLE ('',( #801 ) ) ;
#5951 = SURFACE_STYLE_FILL_AREA ( #3433 ) ;
#5952 = ORIENTED_EDGE ( 'NONE', *, *, #7208, .T. ) ;
#5953 = CARTESIAN_POINT ( 'NONE',  ( -0.1184146486612337318, -0.8847344017151028694, 0.000000000000000000 ) ) ;
#5954 = CARTESIAN_POINT ( 'NONE',  ( -0.1740749719442313825, -0.8292529042380787363, 0.000000000000000000 ) ) ;
#5955 = ORIENTED_EDGE ( 'NONE', *, *, #2737, .F. ) ;
#5956 = VECTOR ( 'NONE', #928, 1000.000000000000000 ) ;
#5957 = EDGE_CURVE ( 'NONE', #3605, #7867, #4669, .T. ) ;
#5958 =( NAMED_UNIT ( * ) SI_UNIT ( $, .STERADIAN. ) SOLID_ANGLE_UNIT ( ) );
#5959 = MECHANICAL_DESIGN_GEOMETRIC_PRESENTATION_REPRESENTATION (  '', ( #4914 ), #4579 ) ;
#5960 = CARTESIAN_POINT ( 'NONE',  ( 0.07257007288777385379, -0.8092818627704621015, 0.01000000000000000021 ) ) ;
#5961 = VERTEX_POINT ( 'NONE', #1648 ) ;
#5962 =( GEOMETRIC_REPRESENTATION_CONTEXT ( 3 ) GLOBAL_UNCERTAINTY_ASSIGNED_CONTEXT ( ( #7902 ) ) GLOBAL_UNIT_ASSIGNED_CONTEXT ( ( #6761, #1711, #8032 ) ) REPRESENTATION_CONTEXT ( 'NONE', 'WORKASPACE' ) );
#5963 = LINE ( 'NONE', #4625, #4551 ) ;
#5964 = FILL_AREA_STYLE_COLOUR ( '', #4700 ) ;
#5965 = SURFACE_STYLE_FILL_AREA ( #4705 ) ;
#5966 = DIRECTION ( 'NONE',  ( 0.000000000000000000, -0.000000000000000000, -1.000000000000000000 ) ) ;
#5967 = DIRECTION ( 'NONE',  ( 1.000000000000000000, 0.000000000000000000, 0.000000000000000000 ) ) ;
#5968 = AXIS2_PLACEMENT_3D ( 'NONE', #1538, #4065, #2189 ) ;
#5969 = ADVANCED_FACE ( 'NONE', ( #5395 ), #6611, .F. ) ;
#5970 = MECHANICAL_DESIGN_GEOMETRIC_PRESENTATION_REPRESENTATION (  '', ( #969 ), #172 ) ;
#5971 = DIRECTION ( 'NONE',  ( 0.3390537954853696245, 0.9407669869669986751, 0.000000000000000000 ) ) ;
#5972 = PRESENTATION_STYLE_ASSIGNMENT (( #6453 ) ) ;
#5973 = SURFACE_SIDE_STYLE ('',( #1111 ) ) ;
#5974 = PRESENTATION_STYLE_ASSIGNMENT (( #5278 ) ) ;
#5975 = LINE ( 'NONE', #4095, #438 ) ;
#5976 = VECTOR ( 'NONE', #432, 1000.000000000000000 ) ;
#5977 = DIRECTION ( 'NONE',  ( -0.000000000000000000, -0.000000000000000000, 1.000000000000000000 ) ) ;
#5978 = CARTESIAN_POINT ( 'NONE',  ( -0.02413343320978715567, -0.8995257652094864609, 0.000000000000000000 ) ) ;
#5979 = VERTEX_POINT ( 'NONE', #2868 ) ;
#5980 = LINE ( 'NONE', #6663, #1809 ) ;
#5981 = ORIENTED_EDGE ( 'NONE', *, *, #5497, .F. ) ;
#5982 = PRESENTATION_LAYER_ASSIGNMENT (  '', '', ( #711 ) ) ;
#5983 = STYLED_ITEM ( 'NONE', ( #4502 ), #5149 ) ;
#5984 = CARTESIAN_POINT ( 'NONE',  ( 0.04992533706030581608, -0.8261438942518019024, 0.01000000000000000021 ) ) ;
#5985 =( NAMED_UNIT ( * ) PLANE_ANGLE_UNIT ( ) SI_UNIT ( $, .RADIAN. ) );
#5986 = VECTOR ( 'NONE', #5121, 1000.000000000000000 ) ;
#5987 = CARTESIAN_POINT ( 'NONE',  ( 0.07111571932325236323, -0.9006981632907424817, 0.000000000000000000 ) ) ;
#5988 = ORIENTED_EDGE ( 'NONE', *, *, #8000, .T. ) ;
#5989 =( NAMED_UNIT ( * ) PLANE_ANGLE_UNIT ( ) SI_UNIT ( $, .RADIAN. ) );
#5990 = AXIS2_PLACEMENT_3D ( 'NONE', #266, #3991, #853 ) ;
#5992 = EDGE_LOOP ( 'NONE', ( #5255, #2775, #2242, #6750, #1426, #1054 ) ) ;
#5991 =( GEOMETRIC_REPRESENTATION_CONTEXT ( 3 ) GLOBAL_UNCERTAINTY_ASSIGNED_CONTEXT ( ( #516 ) ) GLOBAL_UNIT_ASSIGNED_CONTEXT ( ( #7856, #3923, #1572 ) ) REPRESENTATION_CONTEXT ( 'NONE', 'WORKASPACE' ) );
#5993 = CARTESIAN_POINT ( 'NONE',  ( 0.7350000000000005418, -0.3250000000000000111, -0.02000000000000000042 ) ) ;
#5994 =( NAMED_UNIT ( * ) SI_UNIT ( $, .STERADIAN. ) SOLID_ANGLE_UNIT ( ) );
#5995 = CARTESIAN_POINT ( 'NONE',  ( 0.09087161714881997199, -0.8245577951219246193, 0.000000000000000000 ) ) ;
#5996 =( NAMED_UNIT ( * ) PLANE_ANGLE_UNIT ( ) SI_UNIT ( $, .RADIAN. ) );
#5997 = SURFACE_STYLE_FILL_AREA ( #5380 ) ;
#5998 =( LENGTH_UNIT ( ) NAMED_UNIT ( * ) SI_UNIT ( .MILLI., .METRE. ) );
#5999 = EDGE_CURVE ( 'NONE', #7162, #2758, #4709, .T. ) ;
#6000 = EDGE_CURVE ( 'NONE', #3516, #6636, #7932, .T. ) ;
#6001 = ORIENTED_EDGE ( 'NONE', *, *, #1577, .F. ) ;
#6002 =( NAMED_UNIT ( * ) PLANE_ANGLE_UNIT ( ) SI_UNIT ( $, .RADIAN. ) );
#6003 = DIRECTION ( 'NONE',  ( 1.000000000000000000, 0.000000000000000000, 0.000000000000000000 ) ) ;
#6004 = ORIENTED_EDGE ( 'NONE', *, *, #8038, .T. ) ;
#6005 = FACE_OUTER_BOUND ( 'NONE', #2491, .T. ) ;
#6006 = LINE ( 'NONE', #472, #448 ) ;
#6007 = EDGE_LOOP ( 'NONE', ( #1619, #6966, #5935, #7119 ) ) ;
#6008 =( NAMED_UNIT ( * ) SI_UNIT ( $, .STERADIAN. ) SOLID_ANGLE_UNIT ( ) );
#6009 = LINE ( 'NONE', #4086, #7152 ) ;
#6010 = LINE ( 'NONE', #356, #4179 ) ;
#6011 = ADVANCED_FACE ( 'NONE', ( #5927 ), #2747, .F. ) ;
#6012 = EDGE_CURVE ( 'NONE', #4060, #5003, #6710, .T. ) ;
#6013 = LINE ( 'NONE', #357, #3519 ) ;
#6014 = FACE_OUTER_BOUND ( 'NONE', #6176, .T. ) ;
#6015 = AXIS2_PLACEMENT_3D ( 'NONE', #2846, #4561, #5823 ) ;
#6016 = CARTESIAN_POINT ( 'NONE',  ( 0.1041814553154874479, -0.8374838462606799538, 0.01000000000000000021 ) ) ;
#6017 = CIRCLE ( 'NONE', #739, 0.04999999999999991257 ) ;
#6018 = VECTOR ( 'NONE', #2626, 1000.000000000000000 ) ;
#6019 = DIRECTION ( 'NONE',  ( 0.000000000000000000, -0.000000000000000000, -1.000000000000000000 ) ) ;
#6020 = VECTOR ( 'NONE', #2406, 1000.000000000000000 ) ;
#6021 = CARTESIAN_POINT ( 'NONE',  ( -0.08258771010935446466, -0.8112325095562900046, 0.01000000000000000194 ) ) ;
#6022 = LINE ( 'NONE', #6173, #4279 ) ;
#6023 = EDGE_CURVE ( 'NONE', #7561, #4014, #7199, .T. ) ;
#6024 = SURFACE_STYLE_FILL_AREA ( #1115 ) ;
#6025 = STYLED_ITEM ( 'NONE', ( #157 ), #2110 ) ;
#6026 = DIRECTION ( 'NONE',  ( -0.000000000000000000, -1.000000000000000000, 0.000000000000000000 ) ) ;
#6027 = ORIENTED_EDGE ( 'NONE', *, *, #5008, .F. ) ;
#6028 = SURFACE_SIDE_STYLE ('',( #3549 ) ) ;
#6029 = ORIENTED_EDGE ( 'NONE', *, *, #454, .F. ) ;
#6030 = UNCERTAINTY_MEASURE_WITH_UNIT (LENGTH_MEASURE( 1.000000000000000082E-05 ), #915, 'distance_accuracy_value', 'NONE');
#6031 = COLOUR_RGB ( '',0.8313725490196077761, 0.8313725490196077761, 0.8196078431372548767 ) ;
#6032 = PRESENTATION_STYLE_ASSIGNMENT (( #7863 ) ) ;
#6033 = VECTOR ( 'NONE', #5155, 1000.000000000000000 ) ;
#6034 = SURFACE_STYLE_FILL_AREA ( #3041 ) ;
#6035 = ORIENTED_EDGE ( 'NONE', *, *, #6107, .F. ) ;
#6036 = CARTESIAN_POINT ( 'NONE',  ( -0.05706026247807985396, -0.8214769847216816245, 0.000000000000000000 ) ) ;
#6037 = ORIENTED_EDGE ( 'NONE', *, *, #3397, .F. ) ;
#6038 = STYLED_ITEM ( 'NONE', ( #675 ), #929 ) ;
#6039 = CARTESIAN_POINT ( 'NONE',  ( 0.06092743317560778138, -0.8991838723921586896, 0.01000000000000000021 ) ) ;
#6040 = CARTESIAN_POINT ( 'NONE',  ( -0.6850000000000007194, -0.1750000000000000167, -0.02000000000000000042 ) ) ;
#6041 = DIRECTION ( 'NONE',  ( -0.000000000000000000, 1.000000000000000000, 0.000000000000000000 ) ) ;
#6042 =( LENGTH_UNIT ( ) NAMED_UNIT ( * ) SI_UNIT ( .MILLI., .METRE. ) );
#6043 =( NAMED_UNIT ( * ) SI_UNIT ( $, .STERADIAN. ) SOLID_ANGLE_UNIT ( ) );
#6044 = VERTEX_POINT ( 'NONE', #2378 ) ;
#6045 = CARTESIAN_POINT ( 'NONE',  ( -0.07650242235287542381, -0.9103988716351533172, 0.01000000000000000021 ) ) ;
#6046 = CARTESIAN_POINT ( 'NONE',  ( -0.1556311466244213182, -0.8824525944777792397, 0.000000000000000000 ) ) ;
#6047 = ORIENTED_EDGE ( 'NONE', *, *, #2230, .F. ) ;
#6048 = FILL_AREA_STYLE_COLOUR ( '', #7096 ) ;
#6049 = FILL_AREA_STYLE_COLOUR ( '', #7244 ) ;
#6050 = CARTESIAN_POINT ( 'NONE',  ( 0.09211217592517965957, -0.8966613984874675092, 0.01000000000000000021 ) ) ;
#6051 = ORIENTED_EDGE ( 'NONE', *, *, #3678, .T. ) ;
#6052 = SURFACE_STYLE_USAGE ( .BOTH. , #4782 ) ;
#6053 =( NAMED_UNIT ( * ) PLANE_ANGLE_UNIT ( ) SI_UNIT ( $, .RADIAN. ) );
#6054 = UNCERTAINTY_MEASURE_WITH_UNIT (LENGTH_MEASURE( 1.000000000000000082E-05 ), #6164, 'distance_accuracy_value', 'NONE');
#6055 = CARTESIAN_POINT ( 'NONE',  ( -0.000000000000000000, -0.8714769847216816689, 0.01000000000000000021 ) ) ;
#6056 = CARTESIAN_POINT ( 'NONE',  ( -0.02413343320978715567, 0.000000000000000000, 0.01000000000000000021 ) ) ;
#6057 = CARTESIAN_POINT ( 'NONE',  ( 0.1100129082536275005, -0.8615684481363157232, 0.01000000000000000021 ) ) ;
#6058 = UNCERTAINTY_MEASURE_WITH_UNIT (LENGTH_MEASURE( 1.000000000000000082E-05 ), #7822, 'distance_accuracy_value', 'NONE');
#6059 = DIRECTION ( 'NONE',  ( 1.000000000000000000, -3.942553354492745010E-16, 0.000000000000000000 ) ) ;
#6060 = ADVANCED_FACE ( 'NONE', ( #5518 ), #2502, .F. ) ;
#6061 = CARTESIAN_POINT ( 'NONE',  ( 0.06092743317560778138, -0.8991838723921586896, 0.000000000000000000 ) ) ;
#6062 = ORIENTED_EDGE ( 'NONE', *, *, #3060, .T. ) ;
#6063 = EDGE_CURVE ( 'NONE', #7533, #1217, #2462, .T. ) ;
#6064 = CARTESIAN_POINT ( 'NONE',  ( -0.9472852036498865536, 0.8185251959338152306, 0.5199999999999999067 ) ) ;
#6065 = ORIENTED_EDGE ( 'NONE', *, *, #2067, .T. ) ;
#6066 = CARTESIAN_POINT ( 'NONE',  ( 0.1199185879816047628, -0.8408044369733977952, 0.000000000000000000 ) ) ;
#6067 = ORIENTED_EDGE ( 'NONE', *, *, #4547, .T. ) ;
#6068 = ADVANCED_FACE ( 'NONE', ( #7388 ), #8048, .T. ) ;
#6069 = CARTESIAN_POINT ( 'NONE',  ( 0.05169333744757354659, -0.8251165528468537014, 0.01000000000000000021 ) ) ;
#6070 = STYLED_ITEM ( 'NONE', ( #7336 ), #5904 ) ;
#6071 = EDGE_LOOP ( 'NONE', ( #5865, #7598, #6794, #207 ) ) ;
#6072 =( NAMED_UNIT ( * ) SI_UNIT ( $, .STERADIAN. ) SOLID_ANGLE_UNIT ( ) );
#6073 = EDGE_LOOP ( 'NONE', ( #3597, #7963, #4007, #4972 ) ) ;
#6074 =( GEOMETRIC_REPRESENTATION_CONTEXT ( 3 ) GLOBAL_UNCERTAINTY_ASSIGNED_CONTEXT ( ( #4504 ) ) GLOBAL_UNIT_ASSIGNED_CONTEXT ( ( #7314, #3997, #862 ) ) REPRESENTATION_CONTEXT ( 'NONE', 'WORKASPACE' ) );
#6075 = CARTESIAN_POINT ( 'NONE',  ( -0.1107187990634456859, -0.8595295761850962890, 0.01000000000000000021 ) ) ;
#6076 = AXIS2_PLACEMENT_3D ( 'NONE', #5280, #7159, #5854 ) ;
#6077 =( GEOMETRIC_REPRESENTATION_CONTEXT ( 3 ) GLOBAL_UNCERTAINTY_ASSIGNED_CONTEXT ( ( #2905 ) ) GLOBAL_UNIT_ASSIGNED_CONTEXT ( ( #775, #901, #3278 ) ) REPRESENTATION_CONTEXT ( 'NONE', 'WORKASPACE' ) );
#6078 = CARTESIAN_POINT ( 'NONE',  ( 0.09690786565439782341, -0.8287757610905905903, 0.000000000000000000 ) ) ;
#6079 = FILL_AREA_STYLE ('',( #2441 ) ) ;
#6080 = ORIENTED_EDGE ( 'NONE', *, *, #1070, .T. ) ;
#6081 = CARTESIAN_POINT ( 'NONE',  ( -0.1556311466244213182, -0.8824525944777792397, 0.000000000000000000 ) ) ;
#6082 = ORIENTED_EDGE ( 'NONE', *, *, #4401, .F. ) ;
#6083 = CARTESIAN_POINT ( 'NONE',  ( 0.6850000000000007194, -0.3250000000000000111, -0.02000000000000000042 ) ) ;
#6084 = PLANE ( 'NONE',  #3738 ) ;
#6085 = ORIENTED_EDGE ( 'NONE', *, *, #3886, .T. ) ;
#6086 = DIRECTION ( 'NONE',  ( -0.000000000000000000, 0.000000000000000000, 1.000000000000000000 ) ) ;
#6087 = CARTESIAN_POINT ( 'NONE',  ( -0.7350000000000005418, -0.1750000000000000167, -0.02000000000000000042 ) ) ;
#6088 = DIRECTION ( 'NONE',  ( -0.3536223923290756632, 0.9353882635801357148, 0.000000000000000000 ) ) ;
#6089 = CARTESIAN_POINT ( 'NONE',  ( 0.07245574361948114994, -0.8202574725265596722, 0.000000000000000000 ) ) ;
#6090 = VECTOR ( 'NONE', #7103, 1000.000000000000000 ) ;
#6091 =( LENGTH_UNIT ( ) NAMED_UNIT ( * ) SI_UNIT ( .MILLI., .METRE. ) );
#6092 = ORIENTED_EDGE ( 'NONE', *, *, #2667, .T. ) ;
#6093 = FILL_AREA_STYLE_COLOUR ( '', #6273 ) ;
#6094 = CARTESIAN_POINT ( 'NONE',  ( 0.04903729849752992698, -0.8132452774046083910, 0.01000000000000000021 ) ) ;
#6095 = FILL_AREA_STYLE ('',( #3584 ) ) ;
#6096 = DIRECTION ( 'NONE',  ( 0.000000000000000000, 0.000000000000000000, 1.000000000000000000 ) ) ;
#6097 = ORIENTED_EDGE ( 'NONE', *, *, #7099, .T. ) ;
#6098 = AXIS2_PLACEMENT_3D ( 'NONE', #5383, #342, #2858 ) ;
#6099 = EDGE_CURVE ( 'NONE', #6346, #8107, #529, .T. ) ;
#6100 = EDGE_CURVE ( 'NONE', #1335, #1584, #3736, .T. ) ;
#6101 = CARTESIAN_POINT ( 'NONE',  ( -0.6850000000000007194, 0.1750000000000000167, -0.02000000000000000042 ) ) ;
#6102 = VERTEX_POINT ( 'NONE', #3580 ) ;
#6103 = UNCERTAINTY_MEASURE_WITH_UNIT (LENGTH_MEASURE( 1.000000000000000082E-05 ), #8021, 'distance_accuracy_value', 'NONE');
#6104 =( GEOMETRIC_REPRESENTATION_CONTEXT ( 3 ) GLOBAL_UNCERTAINTY_ASSIGNED_CONTEXT ( ( #2959 ) ) GLOBAL_UNIT_ASSIGNED_CONTEXT ( ( #5438, #2184, #6661 ) ) REPRESENTATION_CONTEXT ( 'NONE', 'WORKASPACE' ) );
#6105 = ORIENTED_EDGE ( 'NONE', *, *, #4199, .F. ) ;
#6106 = CARTESIAN_POINT ( 'NONE',  ( -0.7621383144406077559, -1.010000000000002673, 0.07773384608415166708 ) ) ;
#6107 = EDGE_CURVE ( 'NONE', #2758, #3973, #1855, .T. ) ;
#6108 = ORIENTED_EDGE ( 'NONE', *, *, #3990, .T. ) ;
#6109 = AXIS2_PLACEMENT_3D ( 'NONE', #1644, #6603, #309 ) ;
#6110 = FILL_AREA_STYLE ('',( #4194 ) ) ;
#6111 = FACE_OUTER_BOUND ( 'NONE', #1011, .T. ) ;
#6112 = AXIS2_PLACEMENT_3D ( 'NONE', #1257, #2530, #4979 ) ;
#6113 = CYLINDRICAL_SURFACE ( 'NONE', #1789, 0.04999999999999999584 ) ;
#6114 = VECTOR ( 'NONE', #7408, 1000.000000000000000 ) ;
#6115 = AXIS2_PLACEMENT_3D ( 'NONE', #5949, #2157, #4773 ) ;
#6116 =( NAMED_UNIT ( * ) PLANE_ANGLE_UNIT ( ) SI_UNIT ( $, .RADIAN. ) );
#6117 = EDGE_CURVE ( 'NONE', #6349, #5961, #4250, .T. ) ;
#6118 = VERTEX_POINT ( 'NONE', #7626 ) ;
#6119 = SURFACE_SIDE_STYLE ('',( #1710 ) ) ;
#6120 = SURFACE_SIDE_STYLE ('',( #2327 ) ) ;
#6121 = ORIENTED_EDGE ( 'NONE', *, *, #2623, .T. ) ;
#6122 = DIRECTION ( 'NONE',  ( 1.000000000000000000, 3.942553354492746982E-16, 0.000000000000000000 ) ) ;
#6123 = CARTESIAN_POINT ( 'NONE',  ( -0.4499999999999999556, -0.7499999999999998890, 0.000000000000000000 ) ) ;
#6124 = SURFACE_SIDE_STYLE ('',( #7881 ) ) ;
#6125 =( LENGTH_UNIT ( ) NAMED_UNIT ( * ) SI_UNIT ( .MILLI., .METRE. ) );
#6126 = CARTESIAN_POINT ( 'NONE',  ( 1.010000000000000453, -0.3750000000000000000, -0.02000000000000000042 ) ) ;
#6127 = PLANE ( 'NONE',  #2278 ) ;
#6128 = DIRECTION ( 'NONE',  ( -1.000000000000000000, 0.000000000000000000, -0.000000000000000000 ) ) ;
#6129 = ORIENTED_EDGE ( 'NONE', *, *, #253, .T. ) ;
#6130 = CARTESIAN_POINT ( 'NONE',  ( -0.07370308912861724127, -0.8105423241608420426, 0.000000000000000000 ) ) ;
#6131 = LINE ( 'NONE', #2995, #2078 ) ;
#6132 = PLANE ( 'NONE',  #3063 ) ;
#6133 = VECTOR ( 'NONE', #5460, 1000.000000000000000 ) ;
#6134 = CARTESIAN_POINT ( 'NONE',  ( 1.010000000000000453, 0.8749999999999998890, 0.2500000000000000000 ) ) ;
#6135 = ORIENTED_EDGE ( 'NONE', *, *, #3495, .F. ) ;
#6136 = VECTOR ( 'NONE', #5170, 1000.000000000000000 ) ;
#6137 = ORIENTED_EDGE ( 'NONE', *, *, #5059, .F. ) ;
#6138 = STYLED_ITEM ( 'NONE', ( #3976 ), #6543 ) ;
#6139 = LINE ( 'NONE', #7452, #288 ) ;
#6140 = VECTOR ( 'NONE', #445, 1000.000000000000000 ) ;
#6141 =( GEOMETRIC_REPRESENTATION_CONTEXT ( 3 ) GLOBAL_UNCERTAINTY_ASSIGNED_CONTEXT ( ( #1361 ) ) GLOBAL_UNIT_ASSIGNED_CONTEXT ( ( #2550, #1362, #3829 ) ) REPRESENTATION_CONTEXT ( 'NONE', 'WORKASPACE' ) );
#6142 = CARTESIAN_POINT ( 'NONE',  ( 0.09211217592517965957, -0.8966613984874675092, 0.000000000000000000 ) ) ;
#6143 = ORIENTED_EDGE ( 'NONE', *, *, #1027, .F. ) ;
#6144 = DIRECTION ( 'NONE',  ( 1.000000000000000000, 0.000000000000000000, 0.000000000000000000 ) ) ;
#6145 = VECTOR ( 'NONE', #2892, 1000.000000000000000 ) ;
#6146 = EDGE_LOOP ( 'NONE', ( #7465, #1077, #937, #1174 ) ) ;
#6147 = VERTEX_POINT ( 'NONE', #3146 ) ;
#6148 = AXIS2_PLACEMENT_3D ( 'NONE', #6494, #3367, #4631 ) ;
#6149 =( GEOMETRIC_REPRESENTATION_CONTEXT ( 3 ) GLOBAL_UNCERTAINTY_ASSIGNED_CONTEXT ( ( #39 ) ) GLOBAL_UNIT_ASSIGNED_CONTEXT ( ( #3581, #1729, #3618 ) ) REPRESENTATION_CONTEXT ( 'NONE', 'WORKASPACE' ) );
#6150 = CARTESIAN_POINT ( 'NONE',  ( 0.07111571932325236323, -0.9006981632907424817, 0.01000000000000000021 ) ) ;
#6151 = CARTESIAN_POINT ( 'NONE',  ( -0.7621383144406077559, -1.010000000000002673, 0.1817582956874659594 ) ) ;
#6152 = ADVANCED_FACE ( 'NONE', ( #680 ), #6898, .T. ) ;
#6153 =( NAMED_UNIT ( * ) PLANE_ANGLE_UNIT ( ) SI_UNIT ( $, .RADIAN. ) );
#6154 = EDGE_CURVE ( 'NONE', #5979, #959, #1399, .T. ) ;
#6155 = DIRECTION ( 'NONE',  ( -0.000000000000000000, -0.000000000000000000, 1.000000000000000000 ) ) ;
#6156 = FACE_OUTER_BOUND ( 'NONE', #551, .T. ) ;
#6157 = PRESENTATION_LAYER_ASSIGNMENT (  '', '', ( #1827 ) ) ;
#6158 = EDGE_LOOP ( 'NONE', ( #4236, #7046, #7614, #742 ) ) ;
#6159 = ORIENTED_EDGE ( 'NONE', *, *, #206, .F. ) ;
#6160 = CARTESIAN_POINT ( 'NONE',  ( -0.1759870418344167409, -0.8234652343139029496, 0.01000000000000000021 ) ) ;
#6161 = FILL_AREA_STYLE ('',( #6234 ) ) ;
#6162 = CARTESIAN_POINT ( 'NONE',  ( -0.4076060066089044476, -1.010000000000002673, 0.1817582956874659594 ) ) ;
#6163 = EDGE_CURVE ( 'NONE', #1416, #795, #1265, .T. ) ;
#6164 =( LENGTH_UNIT ( ) NAMED_UNIT ( * ) SI_UNIT ( .MILLI., .METRE. ) );
#6165 = DIRECTION ( 'NONE',  ( -1.000000000000000000, 0.000000000000000000, 0.000000000000000000 ) ) ;
#6166 =( NAMED_UNIT ( * ) SI_UNIT ( $, .STERADIAN. ) SOLID_ANGLE_UNIT ( ) );
#6167 = CARTESIAN_POINT ( 'NONE',  ( 0.7621383144406077559, 1.000000000000002665, 0.07773384608415166708 ) ) ;
#6168 =( NAMED_UNIT ( * ) PLANE_ANGLE_UNIT ( ) SI_UNIT ( $, .RADIAN. ) );
#6169 = ORIENTED_EDGE ( 'NONE', *, *, #6395, .T. ) ;
#6170 = PRESENTATION_STYLE_ASSIGNMENT (( #6205 ) ) ;
#6171 = DIRECTION ( 'NONE',  ( 0.000000000000000000, 0.000000000000000000, -1.000000000000000000 ) ) ;
#6172 = CARTESIAN_POINT ( 'NONE',  ( 0.06580759604372499183, -0.8095105081470703734, 0.01000000000000000021 ) ) ;
#6173 = CARTESIAN_POINT ( 'NONE',  ( -0.07180873808783594381, -0.8214769847216816245, 0.000000000000000000 ) ) ;
#6174 = CARTESIAN_POINT ( 'NONE',  ( 0.7350000000000005418, -0.6750000000000000444, 0.000000000000000000 ) ) ;
#6175 = CARTESIAN_POINT ( 'NONE',  ( -1.010000000000000453, -0.1250000000000001110, -0.02000000000000000042 ) ) ;
#6176 = EDGE_LOOP ( 'NONE', ( #4607, #1386, #898, #2446, #3635, #2811 ) ) ;
#6177 = CARTESIAN_POINT ( 'NONE',  ( -0.7350000000000006528, 0.6750000000000000444, -0.02000000000000000042 ) ) ;
#6178 = VERTEX_POINT ( 'NONE', #6364 ) ;
#6179 = CARTESIAN_POINT ( 'NONE',  ( 0.06496649455225772529, -0.9108747211661286647, 0.000000000000000000 ) ) ;
#6180 = LINE ( 'NONE', #2392, #6114 ) ;
#6181 = ORIENTED_EDGE ( 'NONE', *, *, #6946, .T. ) ;
#6182 = PRESENTATION_LAYER_ASSIGNMENT (  '', '', ( #390 ) ) ;
#6183 = VERTEX_POINT ( 'NONE', #728 ) ;
#6184 = ORIENTED_EDGE ( 'NONE', *, *, #394, .T. ) ;
#6185 = MECHANICAL_DESIGN_GEOMETRIC_PRESENTATION_REPRESENTATION (  '', ( #6070 ), #4238 ) ;
#6186 =( LENGTH_UNIT ( ) NAMED_UNIT ( * ) SI_UNIT ( .MILLI., .METRE. ) );
#6187 = DIRECTION ( 'NONE',  ( -0.3536223923290756632, 0.9353882635801357148, 0.000000000000000000 ) ) ;
#6188 = ORIENTED_EDGE ( 'NONE', *, *, #1366, .F. ) ;
#6189 = UNCERTAINTY_MEASURE_WITH_UNIT (LENGTH_MEASURE( 1.000000000000000082E-05 ), #4557, 'distance_accuracy_value', 'NONE');
#6190 = CARTESIAN_POINT ( 'NONE',  ( -0.09759429325044122194, -0.8915210618315388968, 0.000000000000000000 ) ) ;
#6191 = ORIENTED_EDGE ( 'NONE', *, *, #6591, .F. ) ;
#6192 = EDGE_CURVE ( 'NONE', #1371, #5063, #3233, .T. ) ;
#6193 = ADVANCED_FACE ( 'NONE', ( #184 ), #2583, .F. ) ;
#6194 = DIRECTION ( 'NONE',  ( -0.000000000000000000, 0.000000000000000000, 1.000000000000000000 ) ) ;
#6195 = PLANE ( 'NONE',  #3774 ) ;
#6196 = CARTESIAN_POINT ( 'NONE',  ( 0.1234275423999689758, -0.8623878078924133161, 0.01000000000000000021 ) ) ;
#6197 = CARTESIAN_POINT ( 'NONE',  ( -0.02169440881954324066, -0.8105013749655840538, 0.000000000000000000 ) ) ;
#6198 = SURFACE_STYLE_FILL_AREA ( #1994 ) ;
#6199 = CARTESIAN_POINT ( 'NONE',  ( 0.09575646150990545225, -0.9084124443888980105, 0.01000000000000000021 ) ) ;
#6200 = LINE ( 'NONE', #599, #4934 ) ;
#6201 = ADVANCED_FACE ( 'NONE', ( #7020, #1441, #772 ), #145, .F. ) ;
#6202 = PRESENTATION_LAYER_ASSIGNMENT (  '', '', ( #154 ) ) ;
#6203 = CARTESIAN_POINT ( 'NONE',  ( 0.01611046922923725991, -0.8653794237460719074, 0.000000000000000000 ) ) ;
#6204 = ORIENTED_EDGE ( 'NONE', *, *, #6000, .T. ) ;
#6205 = SURFACE_STYLE_USAGE ( .BOTH. , #8012 ) ;
#6206 = CARTESIAN_POINT ( 'NONE',  ( -0.02413343320978715567, -0.8995257652094864609, 0.000000000000000000 ) ) ;
#6207 = FILL_AREA_STYLE_COLOUR ( '', #1165 ) ;
#6208 = DIRECTION ( 'NONE',  ( 0.000000000000000000, -1.000000000000000000, 0.000000000000000000 ) ) ;
#6209 = LINE ( 'NONE', #6134, #442 ) ;
#6210 = ORIENTED_EDGE ( 'NONE', *, *, #5050, .T. ) ;
#6211 =( LENGTH_UNIT ( ) NAMED_UNIT ( * ) SI_UNIT ( .MILLI., .METRE. ) );
#6212 = ORIENTED_EDGE ( 'NONE', *, *, #7964, .F. ) ;
#6213 = VECTOR ( 'NONE', #1021, 1000.000000000000000 ) ;
#6214 =( NAMED_UNIT ( * ) SI_UNIT ( $, .STERADIAN. ) SOLID_ANGLE_UNIT ( ) );
#6215 = DIRECTION ( 'NONE',  ( 0.000000000000000000, -1.000000000000000000, 0.000000000000000000 ) ) ;
#6216 =( LENGTH_UNIT ( ) NAMED_UNIT ( * ) SI_UNIT ( .MILLI., .METRE. ) );
#6217 = SURFACE_STYLE_USAGE ( .BOTH. , #7532 ) ;
#6218 = VERTEX_POINT ( 'NONE', #7880 ) ;
#6219 = SURFACE_SIDE_STYLE ('',( #3210 ) ) ;
#6220 = STYLED_ITEM ( 'NONE', ( #2912 ), #3163 ) ;
#6221 = VECTOR ( 'NONE', #5194, 1000.000000000000000 ) ;
#6222 = FILL_AREA_STYLE ('',( #3757 ) ) ;
#6223 = CARTESIAN_POINT ( 'NONE',  ( 0.1178926189597488267, -0.8361109230150226557, 0.000000000000000000 ) ) ;
#6224 = CARTESIAN_POINT ( 'NONE',  ( 0.07245574361948114994, -0.8202574725265596722, 0.000000000000000000 ) ) ;
#6225 = LINE ( 'NONE', #4513, #5617 ) ;
#6226 = MECHANICAL_DESIGN_GEOMETRIC_PRESENTATION_REPRESENTATION (  '', ( #2551 ), #4679 ) ;
#6227 = CARTESIAN_POINT ( 'NONE',  ( -0.1013457192987343158, -0.8178898980371728245, 0.000000000000000000 ) ) ;
#6229 = ORIENTED_EDGE ( 'NONE', *, *, #4665, .F. ) ;
#6228 = STYLED_ITEM ( 'NONE', ( #5549 ), #4899 ) ;
#6230 = SHAPE_DEFINITION_REPRESENTATION ( #6528, #953 ) ;
#6231 = ORIENTED_EDGE ( 'NONE', *, *, #2737, .T. ) ;
#6232 = MECHANICAL_DESIGN_GEOMETRIC_PRESENTATION_REPRESENTATION (  '', ( #6275 ), #2557 ) ;
#6233 = SURFACE_STYLE_USAGE ( .BOTH. , #3175 ) ;
#6234 = FILL_AREA_STYLE_COLOUR ( '', #2844 ) ;
#6235 = CARTESIAN_POINT ( 'NONE',  ( 0.1227012113781323771, -0.8729196813163477842, 0.01000000000000000021 ) ) ;
#6236 = PRESENTATION_LAYER_ASSIGNMENT (  '', '', ( #4812 ) ) ;
#6237 = CARTESIAN_POINT ( 'NONE',  ( -1.000000000000000888, 0.9999999999999991118, 0.2500000000000000000 ) ) ;
#6238 = EDGE_CURVE ( 'NONE', #4389, #6927, #7842, .T. ) ;
#6239 = LINE ( 'NONE', #5055, #4987 ) ;
#6240 = EDGE_CURVE ( 'NONE', #1371, #4270, #5810, .T. ) ;
#6241 = FACE_OUTER_BOUND ( 'NONE', #4563, .T. ) ;
#6242 = DIRECTION ( 'NONE',  ( 0.000000000000000000, -0.000000000000000000, 1.000000000000000000 ) ) ;
#6243 = MECHANICAL_DESIGN_GEOMETRIC_PRESENTATION_REPRESENTATION (  '', ( #1650 ), #3532 ) ;
#6244 = VECTOR ( 'NONE', #7514, 1000.000000000000000 ) ;
#6245 = CARTESIAN_POINT ( 'NONE',  ( 0.9999999999999993339, -0.1250000000000001110, 0.5300000000000000266 ) ) ;
#6246 = DIRECTION ( 'NONE',  ( 0.000000000000000000, 1.000000000000000000, 0.000000000000000000 ) ) ;
#6247 = ORIENTED_EDGE ( 'NONE', *, *, #5517, .F. ) ;
#6248 = EDGE_CURVE ( 'NONE', #7845, #398, #2773, .T. ) ;
#6249 = DIRECTION ( 'NONE',  ( -0.000000000000000000, -0.000000000000000000, 1.000000000000000000 ) ) ;
#6250 = SURFACE_STYLE_FILL_AREA ( #608 ) ;
#6251 = ADVANCED_FACE ( 'NONE', ( #6005 ), #277, .F. ) ;
#6252 = LINE ( 'NONE', #1159, #7198 ) ;
#6253 = SURFACE_STYLE_FILL_AREA ( #4492 ) ;
#6254 = CARTESIAN_POINT ( 'NONE',  ( 0.04903729849752992698, -0.8132452774046083910, 0.000000000000000000 ) ) ;
#6255 = VERTEX_POINT ( 'NONE', #6477 ) ;
#6256 = CYLINDRICAL_SURFACE ( 'NONE', #2454, 0.1999999999999999833 ) ;
#6257 = SURFACE_STYLE_USAGE ( .BOTH. , #3750 ) ;
#6258 =( NAMED_UNIT ( * ) PLANE_ANGLE_UNIT ( ) SI_UNIT ( $, .RADIAN. ) );
#6259 = EDGE_CURVE ( 'NONE', #5325, #2103, #1714, .T. ) ;
#6260 = CARTESIAN_POINT ( 'NONE',  ( -0.01925538442929935340, -0.8653794237460719074, 0.000000000000000000 ) ) ;
#6261 = VERTEX_POINT ( 'NONE', #1058 ) ;
#6262 = VECTOR ( 'NONE', #1179, 1000.000000000000000 ) ;
#6263 = FILL_AREA_STYLE_COLOUR ( '', #3028 ) ;
#6264 = MECHANICAL_DESIGN_GEOMETRIC_PRESENTATION_REPRESENTATION (  '', ( #879 ), #2973 ) ;
#6265 = FACE_OUTER_BOUND ( 'NONE', #6831, .T. ) ;
#6266 = COLOUR_RGB ( '',0.8313725490196077761, 0.8313725490196077761, 0.8196078431372548767 ) ;
#6267 = CARTESIAN_POINT ( 'NONE',  ( 0.1091211399118652420, -0.8238264256448692979, 0.000000000000000000 ) ) ;
#6268 = VECTOR ( 'NONE', #5030, 1000.000000000000000 ) ;
#6269 = COLOUR_RGB ( '',0.2980392156862745057, 0.2980392156862745057, 0.2980392156862745057 ) ;
#6270 =( NAMED_UNIT ( * ) PLANE_ANGLE_UNIT ( ) SI_UNIT ( $, .RADIAN. ) );
#6271 = CARTESIAN_POINT ( 'NONE',  ( 0.05488889138073237833, -0.9081671437740543862, 0.01000000000000000021 ) ) ;
#6272 = CARTESIAN_POINT ( 'NONE',  ( -0.07730529569074130747, -0.8106226140319954254, 0.000000000000000000 ) ) ;
#6273 = COLOUR_RGB ( '',0.8313725490196077761, 0.8313725490196077761, 0.8196078431372548767 ) ;
#6274 = ORIENTED_EDGE ( 'NONE', *, *, #6, .T. ) ;
#6275 = STYLED_ITEM ( 'NONE', ( #1477 ), #2375 ) ;
#6276 = SURFACE_SIDE_STYLE ('',( #2645 ) ) ;
#6277 = VERTEX_POINT ( 'NONE', #5509 ) ;
#6278 = MECHANICAL_DESIGN_GEOMETRIC_PRESENTATION_REPRESENTATION (  '', ( #4850 ), #2850 ) ;
#6279 = CARTESIAN_POINT ( 'NONE',  ( -0.7350000000000005418, -0.1250000000000001110, -0.02000000000000000042 ) ) ;
#6280 = AXIS2_PLACEMENT_3D ( 'NONE', #2903, #598, #5593 ) ;
#6281 = CARTESIAN_POINT ( 'NONE',  ( 0.9999999999999991118, 0.8749999999999998890, 0.000000000000000000 ) ) ;
#6282 = UNCERTAINTY_MEASURE_WITH_UNIT (LENGTH_MEASURE( 1.000000000000000082E-05 ), #7541, 'distance_accuracy_value', 'NONE');
#6283 = SURFACE_STYLE_USAGE ( .BOTH. , #5587 ) ;
#6284 = PRESENTATION_LAYER_ASSIGNMENT (  '', '', ( #3117 ) ) ;
#6285 = LINE ( 'NONE', #3142, #1125 ) ;
#6286 = CARTESIAN_POINT ( 'NONE',  ( -0.7350000000000005418, -0.1750000000000000167, 0.2500000000000000000 ) ) ;
#6287 = AXIS2_PLACEMENT_3D ( 'NONE', #6454, #4632, #2058 ) ;
#6288 = CARTESIAN_POINT ( 'NONE',  ( 0.1038182974839252509, -0.9041913435794918241, 0.01000000000000000021 ) ) ;
#6289 = CARTESIAN_POINT ( 'NONE',  ( -0.7621383144406077559, -1.010000000000002673, 0.07773384608415166708 ) ) ;
#6290 =( NAMED_UNIT ( * ) PLANE_ANGLE_UNIT ( ) SI_UNIT ( $, .RADIAN. ) );
#6291 = DIRECTION ( 'NONE',  ( 1.000000000000000000, -0.000000000000000000, 0.000000000000000000 ) ) ;
#6292 = FILL_AREA_STYLE_COLOUR ( '', #3160 ) ;
#6293 = FACE_OUTER_BOUND ( 'NONE', #5656, .T. ) ;
#6294 = ORIENTED_EDGE ( 'NONE', *, *, #4147, .F. ) ;
#6295 = CARTESIAN_POINT ( 'NONE',  ( 0.000000000000000000, 0.6250000000000000000, 0.000000000000000000 ) ) ;
#6296 = LINE ( 'NONE', #6206, #1690 ) ;
#6297 = DIRECTION ( 'NONE',  ( 1.084202172485503448E-16, -1.000000000000000000, 0.000000000000000000 ) ) ;
#6298 = FACE_OUTER_BOUND ( 'NONE', #2567, .T. ) ;
#6299 = CARTESIAN_POINT ( 'NONE',  ( 0.7350000000000005418, -0.8750000000000000000, 0.000000000000000000 ) ) ;
#6300 = LINE ( 'NONE', #7397, #8060 ) ;
#6301 = LINE ( 'NONE', #4911, #3644 ) ;
#6302 = ADVANCED_FACE ( 'NONE', ( #6846 ), #6195, .F. ) ;
#6303 = ADVANCED_FACE ( 'NONE', ( #3651 ), #6717, .F. ) ;
#6304 = SURFACE_STYLE_FILL_AREA ( #1829 ) ;
#6305 = DIRECTION ( 'NONE',  ( 1.000000000000000000, 3.942553354492745503E-16, 0.000000000000000000 ) ) ;
#6306 = VERTEX_POINT ( 'NONE', #6680 ) ;
#6307 = ORIENTED_EDGE ( 'NONE', *, *, #7898, .F. ) ;
#6308 = EDGE_CURVE ( 'NONE', #3670, #1846, #1097, .T. ) ;
#6309 = DIRECTION ( 'NONE',  ( -1.000000000000000000, 0.000000000000000000, 0.000000000000000000 ) ) ;
#6310 = DIRECTION ( 'NONE',  ( 1.084202172485503448E-16, -1.000000000000000000, 0.000000000000000000 ) ) ;
#6311 = CARTESIAN_POINT ( 'NONE',  ( 0.04903729849752992698, -0.9053184481363156788, 0.01000000000000000021 ) ) ;
#6312 = CARTESIAN_POINT ( 'NONE',  ( 0.7350000000000005418, -0.6250000000000000000, -0.02000000000000000042 ) ) ;
#6313 = VERTEX_POINT ( 'NONE', #6123 ) ;
#6314 = ORIENTED_EDGE ( 'NONE', *, *, #2330, .T. ) ;
#6315 = STYLED_ITEM ( 'NONE', ( #5049 ), #5797 ) ;
#6316 = FILL_AREA_STYLE_COLOUR ( '', #6830 ) ;
#6317 = LINE ( 'NONE', #3176, #1415 ) ;
#6318 = FACE_OUTER_BOUND ( 'NONE', #8031, .T. ) ;
#6319 = LINE ( 'NONE', #5091, #4163 ) ;
#6320 = VECTOR ( 'NONE', #4045, 1000.000000000000000 ) ;
#6321 = CARTESIAN_POINT ( 'NONE',  ( 0.1074103963510827653, -0.9013938890414590066, 0.000000000000000000 ) ) ;
#6322 =( NAMED_UNIT ( * ) PLANE_ANGLE_UNIT ( ) SI_UNIT ( $, .RADIAN. ) );
#6323 = CARTESIAN_POINT ( 'NONE',  ( -0.1556311466244213182, -0.8824525944777792397, 0.000000000000000000 ) ) ;
#6324 = CARTESIAN_POINT ( 'NONE',  ( -0.7350000000000005418, -0.1250000000000001110, -0.02000000000000000042 ) ) ;
#6325 = ORIENTED_EDGE ( 'NONE', *, *, #5151, .F. ) ;
#6326 = CARTESIAN_POINT ( 'NONE',  ( -0.04364562833173837170, -0.9105013749655840316, 0.01000000000000000021 ) ) ;
#6327 =( NAMED_UNIT ( * ) PLANE_ANGLE_UNIT ( ) SI_UNIT ( $, .RADIAN. ) );
#6328 = LINE ( 'NONE', #7441, #699 ) ;
#6329 = DIRECTION ( 'NONE',  ( 1.295806485471852505E-16, 1.000000000000000000, -0.000000000000000000 ) ) ;
#6330 = SURFACE_STYLE_USAGE ( .BOTH. , #4462 ) ;
#6331 = CARTESIAN_POINT ( 'NONE',  ( 0.4500000000000000666, -0.7499999999999998890, -0.02000000000000000042 ) ) ;
#6332 = DIRECTION ( 'NONE',  ( -1.000000000000000000, 0.000000000000000000, -0.000000000000000000 ) ) ;
#6333 = SURFACE_STYLE_USAGE ( .BOTH. , #3834 ) ;
#6334 = EDGE_CURVE ( 'NONE', #6842, #2752, #470, .T. ) ;
#6335 = EDGE_CURVE ( 'NONE', #3122, #5127, #4285, .T. ) ;
#6336 = VECTOR ( 'NONE', #6557, 1000.000000000000000 ) ;
#6337 = VERTEX_POINT ( 'NONE', #7429 ) ;
#6338 =( GEOMETRIC_REPRESENTATION_CONTEXT ( 3 ) GLOBAL_UNCERTAINTY_ASSIGNED_CONTEXT ( ( #3157 ) ) GLOBAL_UNIT_ASSIGNED_CONTEXT ( ( #5947, #4022, #5994 ) ) REPRESENTATION_CONTEXT ( 'NONE', 'WORKASPACE' ) );
#6339 = CARTESIAN_POINT ( 'NONE',  ( 0.05402353155266265833, -0.8114815749842063664, 0.000000000000000000 ) ) ;
#6340 = FACE_OUTER_BOUND ( 'NONE', #6581, .T. ) ;
#6341 = DIRECTION ( 'NONE',  ( 0.000000000000000000, -1.000000000000000000, 0.000000000000000000 ) ) ;
#6342 = EDGE_CURVE ( 'NONE', #162, #4742, #1805, .T. ) ;
#6343 = DIRECTION ( 'NONE',  ( 0.000000000000000000, 0.000000000000000000, -1.000000000000000000 ) ) ;
#6344 = VECTOR ( 'NONE', #6155, 1000.000000000000000 ) ;
#6345 = CARTESIAN_POINT ( 'NONE',  ( -0.1232885693208713579, -0.8487177528229756795, 0.000000000000000000 ) ) ;
#6346 = VERTEX_POINT ( 'NONE', #3140 ) ;
#6347 = FILL_AREA_STYLE_COLOUR ( '', #7686 ) ;
#6348 = STYLED_ITEM ( 'NONE', ( #5269 ), #3072 ) ;
#6349 = VERTEX_POINT ( 'NONE', #7589 ) ;
#6350 = VECTOR ( 'NONE', #6819, 1000.000000000000000 ) ;
#6351 = DIRECTION ( 'NONE',  ( 0.3390537954853696245, 0.9407669869669986751, 0.000000000000000000 ) ) ;
#6352 = DIRECTION ( 'NONE',  ( -0.000000000000000000, 1.000000000000000000, -0.000000000000000000 ) ) ;
#6353 = CARTESIAN_POINT ( 'NONE',  ( 0.07140053064853890685, -0.8202734265861936214, 0.000000000000000000 ) ) ;
#6354 = AXIS2_PLACEMENT_3D ( 'NONE', #1567, #392, #980 ) ;
#6355 = LINE ( 'NONE', #721, #7288 ) ;
#6356 = FILL_AREA_STYLE_COLOUR ( '', #686 ) ;
#6357 = EDGE_CURVE ( 'NONE', #4844, #5337, #2529, .T. ) ;
#6358 = AXIS2_PLACEMENT_3D ( 'NONE', #2049, #3238, #3910 ) ;
#6359 = CARTESIAN_POINT ( 'NONE',  ( 0.1163351373460560084, -0.8909114607503147987, 0.01000000000000000021 ) ) ;
#6360 = VERTEX_POINT ( 'NONE', #22 ) ;
#6361 = FILL_AREA_STYLE_COLOUR ( '', #6932 ) ;
#6362 = COLOUR_RGB ( '',0.8313725490196077761, 0.8313725490196077761, 0.8196078431372548767 ) ;
#6363 = AXIS2_PLACEMENT_3D ( 'NONE', #8044, #2376, #6242 ) ;
#6364 = CARTESIAN_POINT ( 'NONE',  ( -1.000000000000000888, 0.8749999999999998890, 0.000000000000000000 ) ) ;
#6365 = UNCERTAINTY_MEASURE_WITH_UNIT (LENGTH_MEASURE( 1.000000000000000082E-05 ), #2588, 'distance_accuracy_value', 'NONE');
#6366 = DIRECTION ( 'NONE',  ( -0.000000000000000000, -0.000000000000000000, 1.000000000000000000 ) ) ;
#6367 = ORIENTED_EDGE ( 'NONE', *, *, #5139, .F. ) ;
#6368 =( GEOMETRIC_REPRESENTATION_CONTEXT ( 3 ) GLOBAL_UNCERTAINTY_ASSIGNED_CONTEXT ( ( #4308 ) ) GLOBAL_UNIT_ASSIGNED_CONTEXT ( ( #6505, #3167, #3885 ) ) REPRESENTATION_CONTEXT ( 'NONE', 'WORKASPACE' ) );
#6369 = DIRECTION ( 'NONE',  ( 0.000000000000000000, 0.000000000000000000, -1.000000000000000000 ) ) ;
#6370 = CARTESIAN_POINT ( 'NONE',  ( -1.010000000000000231, -0.6250000000000001110, 0.2500000000000000000 ) ) ;
#6371 = CARTESIAN_POINT ( 'NONE',  ( 0.06580759604372499183, -0.8095105081470703734, 0.01000000000000000021 ) ) ;
#6372 = CARTESIAN_POINT ( 'NONE',  ( 0.02952510337557871442, -0.8105013749655840538, 0.000000000000000000 ) ) ;
#6373 = VECTOR ( 'NONE', #6936, 1000.000000000000000 ) ;
#6374 = CARTESIAN_POINT ( 'NONE',  ( 0.09398074954869209408, -0.8265061758531352387, 0.000000000000000000 ) ) ;
#6375 = UNCERTAINTY_MEASURE_WITH_UNIT (LENGTH_MEASURE( 1.000000000000000082E-05 ), #7853, 'distance_accuracy_value', 'NONE');
#6376 = DIRECTION ( 'NONE',  ( 1.000000000000000000, 0.000000000000000000, 0.000000000000000000 ) ) ;
#6377 =( GEOMETRIC_REPRESENTATION_CONTEXT ( 3 ) GLOBAL_UNCERTAINTY_ASSIGNED_CONTEXT ( ( #4169 ) ) GLOBAL_UNIT_ASSIGNED_CONTEXT ( ( #3382, #5164, #1420 ) ) REPRESENTATION_CONTEXT ( 'NONE', 'WORKASPACE' ) );
#6378 = UNCERTAINTY_MEASURE_WITH_UNIT (LENGTH_MEASURE( 1.000000000000000082E-05 ), #7053, 'distance_accuracy_value', 'NONE');
#6379 = FACE_OUTER_BOUND ( 'NONE', #3662, .T. ) ;
#6380 = CARTESIAN_POINT ( 'NONE',  ( -0.1106223238269074954, -0.8550201998006088377, 0.01000000000000000021 ) ) ;
#6381 = UNCERTAINTY_MEASURE_WITH_UNIT (LENGTH_MEASURE( 1.000000000000000082E-05 ), #3027, 'distance_accuracy_value', 'NONE');
#6382 = ORIENTED_EDGE ( 'NONE', *, *, #2673, .T. ) ;
#6383 = STYLED_ITEM ( 'NONE', ( #4826 ), #7250 ) ;
#6384 = CARTESIAN_POINT ( 'NONE',  ( -1.000000000000000888, 0.9999999999999991118, 0.5300000000000000266 ) ) ;
#6385 = UNCERTAINTY_MEASURE_WITH_UNIT (LENGTH_MEASURE( 1.000000000000000082E-05 ), #1799, 'distance_accuracy_value', 'NONE');
#6386 = LINE ( 'NONE', #7615, #1121 ) ;
#6387 = CARTESIAN_POINT ( 'NONE',  ( 0.7350000000000005418, -0.1250000000000000000, -0.02000000000000000042 ) ) ;
#6388 = CARTESIAN_POINT ( 'NONE',  ( 0.05806978467302419122, -0.9092775946350829530, 0.01000000000000000021 ) ) ;
#6389 = CARTESIAN_POINT ( 'NONE',  ( 0.4500000000000000666, -0.7499999999999998890, 0.000000000000000000 ) ) ;
#6390 = EDGE_LOOP ( 'NONE', ( #7334, #2307, #7543, #263, #7715, #2921 ) ) ;
#6391 = SURFACE_STYLE_USAGE ( .BOTH. , #6276 ) ;
#6392 = ORIENTED_EDGE ( 'NONE', *, *, #3579, .F. ) ;
#6393 = MECHANICAL_DESIGN_GEOMETRIC_PRESENTATION_REPRESENTATION (  '', ( #2966 ), #7176 ) ;
#6394 = SURFACE_STYLE_FILL_AREA ( #4402 ) ;
#6395 = EDGE_CURVE ( 'NONE', #4206, #3567, #6885, .T. ) ;
#6396 = VECTOR ( 'NONE', #2642, 1000.000000000000000 ) ;
#6397 = EDGE_CURVE ( 'NONE', #4763, #7475, #3895, .T. ) ;
#6398 = DIRECTION ( 'NONE',  ( 1.084202172485503325E-16, -1.000000000000000000, 0.000000000000000000 ) ) ;
#6399 = COLOUR_RGB ( '',0.2980392156862745057, 0.2980392156862745057, 0.2980392156862745057 ) ;
#6400 = LINE ( 'NONE', #6468, #7803 ) ;
#6401 = CARTESIAN_POINT ( 'NONE',  ( -1.000000000000000888, 0.1250000000000000000, 0.000000000000000000 ) ) ;
#6402 = COLOUR_RGB ( '',0.8313725490196077761, 0.8313725490196077761, 0.8196078431372548767 ) ;
#6403 =( GEOMETRIC_REPRESENTATION_CONTEXT ( 3 ) GLOBAL_UNCERTAINTY_ASSIGNED_CONTEXT ( ( #681 ) ) GLOBAL_UNIT_ASSIGNED_CONTEXT ( ( #1890, #2460, #1770 ) ) REPRESENTATION_CONTEXT ( 'NONE', 'WORKASPACE' ) );
#6404 = CARTESIAN_POINT ( 'NONE',  ( 0.1217257576956082693, -0.8778267529596017749, 0.000000000000000000 ) ) ;
#6405 = EDGE_LOOP ( 'NONE', ( #4880, #5373, #2045, #256, #4605, #1297 ) ) ;
#6406 = CARTESIAN_POINT ( 'NONE',  ( -0.1232903030666162303, -0.8702380524020539854, 0.000000000000000000 ) ) ;
#6407 = CARTESIAN_POINT ( 'NONE',  ( -0.2070602624780798762, -0.9105013749655840316, 0.01000000000000000021 ) ) ;
#6408 = PRESENTATION_LAYER_ASSIGNMENT (  '', '', ( #226 ) ) ;
#6409 = EDGE_CURVE ( 'NONE', #287, #5782, #6317, .T. ) ;
#6410 = VECTOR ( 'NONE', #4958, 1000.000000000000000 ) ;
#6411 = CARTESIAN_POINT ( 'NONE',  ( 0.1099851262686148412, -0.8630305687058930086, 0.000000000000000000 ) ) ;
#6412 = ORIENTED_EDGE ( 'NONE', *, *, #5692, .F. ) ;
#6413 =( GEOMETRIC_REPRESENTATION_CONTEXT ( 3 ) GLOBAL_UNCERTAINTY_ASSIGNED_CONTEXT ( ( #2029 ) ) GLOBAL_UNIT_ASSIGNED_CONTEXT ( ( #4177, #4790, #4049 ) ) REPRESENTATION_CONTEXT ( 'NONE', 'WORKASPACE' ) );
#6414 = CARTESIAN_POINT ( 'NONE',  ( -0.05706026247807985396, -0.8214769847216816245, 0.000000000000000000 ) ) ;
#6415 = CARTESIAN_POINT ( 'NONE',  ( -0.08779789006769116166, -0.8969797656713377476, 0.01000000000000000021 ) ) ;
#6416 = PLANE ( 'NONE',  #1859 ) ;
#6417 =( LENGTH_UNIT ( ) NAMED_UNIT ( * ) SI_UNIT ( .MILLI., .METRE. ) );
#6418 = DIRECTION ( 'NONE',  ( 3.942553354492745996E-16, -1.000000000000000000, 0.000000000000000000 ) ) ;
#6419 = FILL_AREA_STYLE ('',( #5928 ) ) ;
#6420 =( NAMED_UNIT ( * ) PLANE_ANGLE_UNIT ( ) SI_UNIT ( $, .RADIAN. ) );
#6421 = ORIENTED_EDGE ( 'NONE', *, *, #1721, .T. ) ;
#6422 = FACE_OUTER_BOUND ( 'NONE', #4550, .T. ) ;
#6423 = DIRECTION ( 'NONE',  ( -1.000000000000000000, -0.000000000000000000, -0.000000000000000000 ) ) ;
#6424 = FACE_OUTER_BOUND ( 'NONE', #3172, .T. ) ;
#6425 = PRESENTATION_STYLE_ASSIGNMENT (( #7734 ) ) ;
#6426 = ORIENTED_EDGE ( 'NONE', *, *, #1795, .F. ) ;
#6427 = CARTESIAN_POINT ( 'NONE',  ( -0.4099999999999997535, 0.5540408205773458272, -0.02000000000000000042 ) ) ;
#6428 = ORIENTED_EDGE ( 'NONE', *, *, #665, .F. ) ;
#6429 = VERTEX_POINT ( 'NONE', #6281 ) ;
#6430 = CARTESIAN_POINT ( 'NONE',  ( -0.08007731734243633825, -0.8220088852822736714, 0.01000000000000000021 ) ) ;
#6431 = CARTESIAN_POINT ( 'NONE',  ( -0.1013457192987343158, -0.8178898980371728245, 0.01000000000000000021 ) ) ;
#6432 = CARTESIAN_POINT ( 'NONE',  ( -0.04364562833173837170, -0.9105013749655840316, 0.000000000000000000 ) ) ;
#6433 = CARTESIAN_POINT ( 'NONE',  ( -1.010000000000000453, -0.3750000000000000000, 0.2500000000000000000 ) ) ;
#6434 = EDGE_CURVE ( 'NONE', #4389, #1634, #7655, .T. ) ;
#6435 = EDGE_CURVE ( 'NONE', #1709, #1515, #5785, .T. ) ;
#6436 = VERTEX_POINT ( 'NONE', #3099 ) ;
#6437 = CARTESIAN_POINT ( 'NONE',  ( 1.010000000000000453, -0.1250000000000001110, -0.02000000000000000042 ) ) ;
#6438 = DIRECTION ( 'NONE',  ( 0.000000000000000000, -1.000000000000000000, 0.000000000000000000 ) ) ;
#6439 = MECHANICAL_DESIGN_GEOMETRIC_PRESENTATION_REPRESENTATION (  '', ( #1901 ), #3686 ) ;
#6440 =( NAMED_UNIT ( * ) PLANE_ANGLE_UNIT ( ) SI_UNIT ( $, .RADIAN. ) );
#6441 = EDGE_LOOP ( 'NONE', ( #4929, #3418, #324, #6097, #1656, #5543 ) ) ;
#6442 = VECTOR ( 'NONE', #6552, 1000.000000000000000 ) ;
#6443 = DIRECTION ( 'NONE',  ( 1.000000000000000000, 0.000000000000000000, 0.000000000000000000 ) ) ;
#6444 = CARTESIAN_POINT ( 'NONE',  ( -0.09759429325044122194, -0.8915210618315388968, 0.01000000000000000021 ) ) ;
#6445 = FILL_AREA_STYLE_COLOUR ( '', #229 ) ;
#6446 = PLANE ( 'NONE',  #7886 ) ;
#6447 = EDGE_CURVE ( 'NONE', #4719, #6346, #2616, .T. ) ;
#6448 = CARTESIAN_POINT ( 'NONE',  ( 0.05960874319686388506, -0.8102485411924787995, 0.000000000000000000 ) ) ;
#6449 = LINE ( 'NONE', #5889, #1372 ) ;
#6450 = DIRECTION ( 'NONE',  ( 1.000000000000000000, 0.000000000000000000, 0.000000000000000000 ) ) ;
#6451 = PRESENTATION_LAYER_ASSIGNMENT (  '', '', ( #5806 ) ) ;
#6452 = MECHANICAL_DESIGN_GEOMETRIC_PRESENTATION_REPRESENTATION (  '', ( #5675 ), #5023 ) ;
#6453 = SURFACE_STYLE_USAGE ( .BOTH. , #1569 ) ;
#6454 = CARTESIAN_POINT ( 'NONE',  ( 0.000000000000000000, 0.000000000000000000, 0.01000000000000000021 ) ) ;
#6455 = SURFACE_STYLE_USAGE ( .BOTH. , #2831 ) ;
#6456 = FACE_OUTER_BOUND ( 'NONE', #1997, .T. ) ;
#6457 = UNCERTAINTY_MEASURE_WITH_UNIT (LENGTH_MEASURE( 1.000000000000000082E-05 ), #6091, 'distance_accuracy_value', 'NONE');
#6458 = ORIENTED_EDGE ( 'NONE', *, *, #2709, .F. ) ;
#6459 = CARTESIAN_POINT ( 'NONE',  ( 0.9999999999999993339, -0.1250000000000001110, 0.000000000000000000 ) ) ;
#6460 = CARTESIAN_POINT ( 'NONE',  ( -0.6850000000000008304, 0.3250000000000000111, 0.000000000000000000 ) ) ;
#6461 = VERTEX_POINT ( 'NONE', #5746 ) ;
#6462 =( NAMED_UNIT ( * ) PLANE_ANGLE_UNIT ( ) SI_UNIT ( $, .RADIAN. ) );
#6463 = ORIENTED_EDGE ( 'NONE', *, *, #8101, .F. ) ;
#6464 = STYLED_ITEM ( 'NONE', ( #6668 ), #1875 ) ;
#6465 = EDGE_LOOP ( 'NONE', ( #1673, #107, #2908, #2 ) ) ;
#6466 = DIRECTION ( 'NONE',  ( 0.3393303772748790248, 0.9406672605435399959, 0.000000000000000000 ) ) ;
#6467 = DIRECTION ( 'NONE',  ( -0.000000000000000000, -0.000000000000000000, 1.000000000000000000 ) ) ;
#6468 = CARTESIAN_POINT ( 'NONE',  ( -0.000000000000000000, -0.8995257652094864609, 0.01000000000000000021 ) ) ;
#6469 = MECHANICAL_DESIGN_GEOMETRIC_PRESENTATION_REPRESENTATION (  '', ( #2924 ), #4666 ) ;
#6470 = FACE_OUTER_BOUND ( 'NONE', #3709, .T. ) ;
#6471 = DIRECTION ( 'NONE',  ( 0.000000000000000000, 1.000000000000000000, -0.000000000000000000 ) ) ;
#6472 = VECTOR ( 'NONE', #7594, 1000.000000000000000 ) ;
#6473 = ORIENTED_EDGE ( 'NONE', *, *, #6789, .T. ) ;
#6474 = CARTESIAN_POINT ( 'NONE',  ( 0.01611046922923725991, -0.8214769847216816245, 0.000000000000000000 ) ) ;
#6475 = CARTESIAN_POINT ( 'NONE',  ( 0.9999999999999991118, 0.9999999999999991118, 0.2500000000000000000 ) ) ;
#6476 = VERTEX_POINT ( 'NONE', #101 ) ;
#6477 = CARTESIAN_POINT ( 'NONE',  ( -0.6850000000000006084, -0.8249999999999999556, 0.000000000000000000 ) ) ;
#6478 = ADVANCED_FACE ( 'NONE', ( #1255 ), #6933, .T. ) ;
#6479 = FILL_AREA_STYLE ('',( #5182 ) ) ;
#6480 = ORIENTED_EDGE ( 'NONE', *, *, #921, .T. ) ;
#6481 = AXIS2_PLACEMENT_3D ( 'NONE', #5523, #1073, #4908 ) ;
#6482 = CARTESIAN_POINT ( 'NONE',  ( 0.9999999999999991118, 0.9999999999999991118, 0.5300000000000000266 ) ) ;
#6483 = LINE ( 'NONE', #6644, #6213 ) ;
#6484 = CARTESIAN_POINT ( 'NONE',  ( -0.1107187990634456859, -0.8595295761850962890, 0.01000000000000000021 ) ) ;
#6485 =( NAMED_UNIT ( * ) PLANE_ANGLE_UNIT ( ) SI_UNIT ( $, .RADIAN. ) );
#6486 = CARTESIAN_POINT ( 'NONE',  ( 0.04983331084859531079, -0.8129221584415210478, 0.01000000000000000021 ) ) ;
#6487 = DIRECTION ( 'NONE',  ( -0.000000000000000000, -0.000000000000000000, 1.000000000000000000 ) ) ;
#6488 = VECTOR ( 'NONE', #7604, 1000.000000000000000 ) ;
#6489 = CARTESIAN_POINT ( 'NONE',  ( 0.1100129082536275005, -0.8615684481363157232, 0.000000000000000000 ) ) ;
#6490 = COLOUR_RGB ( '',0.8313725490196077761, 0.8313725490196077761, 0.8196078431372548767 ) ;
#6491 = MECHANICAL_DESIGN_GEOMETRIC_PRESENTATION_REPRESENTATION (  '', ( #2943 ), #7548 ) ;
#6492 = EDGE_CURVE ( 'NONE', #4572, #724, #60, .T. ) ;
#6493 = EDGE_CURVE ( 'NONE', #8107, #6306, #5172, .T. ) ;
#6494 = CARTESIAN_POINT ( 'NONE',  ( 0.6850000000000008304, 0.8249999999999999556, -0.02000000000000000042 ) ) ;
#6495 = STYLED_ITEM ( 'NONE', ( #7123 ), #5001 ) ;
#6496 = PRESENTATION_LAYER_ASSIGNMENT (  '', '', ( #3485 ) ) ;
#6497 = CARTESIAN_POINT ( 'NONE',  ( -0.1773918173561286338, -0.8297086920387548581, 0.01000000000000000021 ) ) ;
#6498 = PLANE ( 'NONE',  #2432 ) ;
#6499 = LINE ( 'NONE', #786, #3832 ) ;
#6500 = ORIENTED_EDGE ( 'NONE', *, *, #6063, .T. ) ;
#6501 = ORIENTED_EDGE ( 'NONE', *, *, #4174, .F. ) ;
#6502 = VECTOR ( 'NONE', #5468, 1000.000000000000000 ) ;
#6503 = UNCERTAINTY_MEASURE_WITH_UNIT (LENGTH_MEASURE( 1.000000000000000082E-05 ), #1000, 'distance_accuracy_value', 'NONE');
#6504 = EDGE_CURVE ( 'NONE', #7949, #1660, #5703, .T. ) ;
#6505 =( LENGTH_UNIT ( ) NAMED_UNIT ( * ) SI_UNIT ( .MILLI., .METRE. ) );
#6506 = ORIENTED_EDGE ( 'NONE', *, *, #559, .T. ) ;
#6507 = SURFACE_SIDE_STYLE ('',( #4644 ) ) ;
#6508 = ORIENTED_EDGE ( 'NONE', *, *, #572, .T. ) ;
#6509 = VERTEX_POINT ( 'NONE', #1389 ) ;
#6510 = CARTESIAN_POINT ( 'NONE',  ( -0.09101218521865082900, -0.8251459933362067511, 0.000000000000000000 ) ) ;
#6511 = PRESENTATION_STYLE_ASSIGNMENT (( #7255 ) ) ;
#6512 = SURFACE_STYLE_FILL_AREA ( #1787 ) ;
#6513 = CARTESIAN_POINT ( 'NONE',  ( -0.7350000000000006528, 0.6750000000000000444, -0.02000000000000000042 ) ) ;
#6514 = CARTESIAN_POINT ( 'NONE',  ( -0.1158079605977338639, -0.8308639465405363023, 0.01000000000000000021 ) ) ;
#6515 = DIRECTION ( 'NONE',  ( -0.000000000000000000, 0.000000000000000000, 1.000000000000000000 ) ) ;
#6516 = AXIS2_PLACEMENT_3D ( 'NONE', #632, #16, #7002 ) ;
#6517 = CARTESIAN_POINT ( 'NONE',  ( -0.09759429325044122194, -0.8915210618315388968, 0.01000000000000000021 ) ) ;
#6518 = ORIENTED_EDGE ( 'NONE', *, *, #6687, .F. ) ;
#6519 = CARTESIAN_POINT ( 'NONE',  ( -0.08721936417969319844, -0.9086395319287078332, 0.000000000000000000 ) ) ;
#6520 = DIRECTION ( 'NONE',  ( -0.000000000000000000, 0.000000000000000000, 1.000000000000000000 ) ) ;
#6521 = VERTEX_POINT ( 'NONE', #5089 ) ;
#6522 = AXIS2_PLACEMENT_3D ( 'NONE', #1603, #979, #4213 ) ;
#6523 = CARTESIAN_POINT ( 'NONE',  ( 0.1087095856206347494, -0.8739944956620159244, 0.01000000000000000021 ) ) ;
#6524 = STYLED_ITEM ( 'NONE', ( #76 ), #315 ) ;
#6525 = ORIENTED_EDGE ( 'NONE', *, *, #4724, .F. ) ;
#6526 = STYLED_ITEM ( 'NONE', ( #4996 ), #4211 ) ;
#6527 = DIRECTION ( 'NONE',  ( 1.000000000000000000, 3.942553354492745010E-16, 0.000000000000000000 ) ) ;
#6528 = PRODUCT_DEFINITION_SHAPE ( 'NONE', 'NONE',  #444 ) ;
#6529 = LINE ( 'NONE', #4087, #7435 ) ;
#6530 =( GEOMETRIC_REPRESENTATION_CONTEXT ( 3 ) GLOBAL_UNCERTAINTY_ASSIGNED_CONTEXT ( ( #672 ) ) GLOBAL_UNIT_ASSIGNED_CONTEXT ( ( #1557, #6002, #4740 ) ) REPRESENTATION_CONTEXT ( 'NONE', 'WORKASPACE' ) );
#6531 =( NAMED_UNIT ( * ) PLANE_ANGLE_UNIT ( ) SI_UNIT ( $, .RADIAN. ) );
#6532 = PRESENTATION_STYLE_ASSIGNMENT (( #4039 ) ) ;
#6533 =( GEOMETRIC_REPRESENTATION_CONTEXT ( 3 ) GLOBAL_UNCERTAINTY_ASSIGNED_CONTEXT ( ( #5068 ) ) GLOBAL_UNIT_ASSIGNED_CONTEXT ( ( #3069, #2585, #8088 ) ) REPRESENTATION_CONTEXT ( 'NONE', 'WORKASPACE' ) );
#6534 = AXIS2_PLACEMENT_3D ( 'NONE', #5993, #5909, #251 ) ;
#6535 = FILL_AREA_STYLE_COLOUR ( '', #1328 ) ;
#6536 =( LENGTH_UNIT ( ) NAMED_UNIT ( * ) SI_UNIT ( .MILLI., .METRE. ) );
#6537 = DIRECTION ( 'NONE',  ( -0.000000000000000000, -1.000000000000000000, -0.000000000000000000 ) ) ;
#6538 = COLOUR_RGB ( '',0.8313725490196077761, 0.8313725490196077761, 0.8196078431372548767 ) ;
#6539 = DIRECTION ( 'NONE',  ( 1.000000000000000000, 0.000000000000000000, 0.000000000000000000 ) ) ;
#6540 = DIRECTION ( 'NONE',  ( -1.000000000000000000, 0.000000000000000000, 0.000000000000000000 ) ) ;
#6541 = ORIENTED_EDGE ( 'NONE', *, *, #4548, .F. ) ;
#6542 = EDGE_CURVE ( 'NONE', #6044, #2325, #7976, .T. ) ;
#6543 = ADVANCED_FACE ( 'NONE', ( #3299 ), #333, .F. ) ;
#6544 = CARTESIAN_POINT ( 'NONE',  ( -0.1107187990634456859, -0.8595295761850962890, 0.000000000000000000 ) ) ;
#6545 = EDGE_LOOP ( 'NONE', ( #922, #582, #3390, #1180 ) ) ;
#6546 = LINE ( 'NONE', #917, #3728 ) ;
#6547 = CARTESIAN_POINT ( 'NONE',  ( 0.1038182974839252509, -0.9041913435794918241, 0.000000000000000000 ) ) ;
#6548 = ORIENTED_EDGE ( 'NONE', *, *, #7197, .F. ) ;
#6549 =( NAMED_UNIT ( * ) SI_UNIT ( $, .STERADIAN. ) SOLID_ANGLE_UNIT ( ) );
#6550 = EDGE_CURVE ( 'NONE', #5568, #4645, #4110, .T. ) ;
#6551 = ORIENTED_EDGE ( 'NONE', *, *, #5655, .F. ) ;
#6552 = DIRECTION ( 'NONE',  ( 0.000000000000000000, -1.000000000000000000, 0.000000000000000000 ) ) ;
#6553 = SURFACE_STYLE_FILL_AREA ( #836 ) ;
#6554 =( NAMED_UNIT ( * ) SI_UNIT ( $, .STERADIAN. ) SOLID_ANGLE_UNIT ( ) );
#6555 = CARTESIAN_POINT ( 'NONE',  ( 0.1086158730544068002, -0.8484724596796953122, 0.01000000000000000021 ) ) ;
#6556 = CARTESIAN_POINT ( 'NONE',  ( -0.7350000000000006528, 0.6750000000000000444, 0.000000000000000000 ) ) ;
#6557 = DIRECTION ( 'NONE',  ( -1.000000000000000000, 0.000000000000000000, 0.000000000000000000 ) ) ;
#6558 = CARTESIAN_POINT ( 'NONE',  ( -0.1590038600390554502, -0.8714769847216816689, 0.000000000000000000 ) ) ;
#6559 = ORIENTED_EDGE ( 'NONE', *, *, #3181, .T. ) ;
#6560 = CARTESIAN_POINT ( 'NONE',  ( -0.1739238295512506027, -0.8297086920387548581, 0.000000000000000000 ) ) ;
#6561 = EDGE_LOOP ( 'NONE', ( #2691, #5862, #2993, #3676, #971, #6169 ) ) ;
#6562 = CARTESIAN_POINT ( 'NONE',  ( 0.08899903385754770468, -0.8981649885756072260, 0.000000000000000000 ) ) ;
#6563 = ORIENTED_EDGE ( 'NONE', *, *, #706, .F. ) ;
#6564 = LINE ( 'NONE', #3533, #7266 ) ;
#6565 = FILL_AREA_STYLE_COLOUR ( '', #5199 ) ;
#6566 = FACE_OUTER_BOUND ( 'NONE', #367, .T. ) ;
#6567 = SURFACE_SIDE_STYLE ('',( #5965 ) ) ;
#6568 = LINE ( 'NONE', #1527, #4585 ) ;
#6569 = FILL_AREA_STYLE ('',( #7850 ) ) ;
#6570 = CARTESIAN_POINT ( 'NONE',  ( 0.08756137410213990502, -0.8229723920874049137, 0.01000000000000000021 ) ) ;
#6571 = AXIS2_PLACEMENT_3D ( 'NONE', #1096, #469, #6351 ) ;
#6572 = CARTESIAN_POINT ( 'NONE',  ( -0.000000000000000000, -0.7499999999999998890, 0.000000000000000000 ) ) ;
#6573 = FACE_OUTER_BOUND ( 'NONE', #4260, .T. ) ;
#6574 = FILL_AREA_STYLE ('',( #988 ) ) ;
#6575 = LINE ( 'NONE', #7158, #4923 ) ;
#6576 = SURFACE_STYLE_FILL_AREA ( #239 ) ;
#6577 = MECHANICAL_DESIGN_GEOMETRIC_PRESENTATION_REPRESENTATION (  '', ( #5407 ), #6705 ) ;
#6578 = LINE ( 'NONE', #5978, #7280 ) ;
#6579 = ORIENTED_EDGE ( 'NONE', *, *, #5008, .T. ) ;
#6580 = PLANE ( 'NONE',  #8090 ) ;
#6581 = EDGE_LOOP ( 'NONE', ( #2444, #6085, #626, #4689, #3081, #4997 ) ) ;
#6582 = ADVANCED_FACE ( 'NONE', ( #4690 ), #3393, .T. ) ;
#6583 = CARTESIAN_POINT ( 'NONE',  ( 0.1234275423999689758, -0.8623878078924133161, 0.01000000000000000021 ) ) ;
#6584 = EDGE_CURVE ( 'NONE', #6429, #5364, #2851, .T. ) ;
#6585 = SURFACE_STYLE_FILL_AREA ( #7246 ) ;
#6586 = CARTESIAN_POINT ( 'NONE',  ( 0.05473435847939413929, -0.8971768659964224346, 0.000000000000000000 ) ) ;
#6587 = ORIENTED_EDGE ( 'NONE', *, *, #3937, .T. ) ;
#6588 = ORIENTED_EDGE ( 'NONE', *, *, #2580, .F. ) ;
#6589 = COLOUR_RGB ( '',0.8313725490196077761, 0.8313725490196077761, 0.8196078431372548767 ) ;
#6590 = SURFACE_SIDE_STYLE ('',( #7828 ) ) ;
#6591 = EDGE_CURVE ( 'NONE', #6346, #4921, #7783, .T. ) ;
#6592 = ADVANCED_FACE ( 'NONE', ( #1547 ), #3471, .T. ) ;
#6593 = B_SPLINE_CURVE_WITH_KNOTS ( 'NONE', 3,
 ( #7764, #819, #3956, #4494, #782, #4628, #79, #6374, #3319, #692, #5274, #4588, #5805, #3199, #7605, #2628, #7109, #7151, #6489 ),
 .UNSPECIFIED., .F., .F.,
 ( 4, 1, 1, 1, 1, 1, 1, 1, 1, 1, 1, 1, 1, 1, 1, 1, 4 ),
 ( 0.000000000000000000, 0.06460397028839230671, 0.1267024139629472634, 0.1867568140356182516, 0.2455056873654378469, 0.3036520244499755772, 0.3615030739706258101, 0.4202402229284676327, 0.4800333407766969596, 0.5406781347755161837, 0.6011918063807819568, 0.6623335024774421598, 0.7247395102972318259, 0.7894677361728866805, 0.8565048600438298632, 0.9263120958391908299, 1.000000000000000000 ),
 .UNSPECIFIED. ) ;
#6594 = DIRECTION ( 'NONE',  ( 1.000000000000000000, 0.000000000000000000, 0.000000000000000000 ) ) ;
#6595 = VERTEX_POINT ( 'NONE', #1088 ) ;
#6596 = DIRECTION ( 'NONE',  ( 1.000000000000000000, 0.000000000000000000, 0.000000000000000000 ) ) ;
#6597 = VERTEX_POINT ( 'NONE', #2320 ) ;
#6598 = CARTESIAN_POINT ( 'NONE',  ( -0.1748156995667304592, -0.8266386796399650683, 0.01000000000000000021 ) ) ;
#6599 =( GEOMETRIC_REPRESENTATION_CONTEXT ( 3 ) GLOBAL_UNCERTAINTY_ASSIGNED_CONTEXT ( ( #1956 ) ) GLOBAL_UNIT_ASSIGNED_CONTEXT ( ( #1044, #3510, #2883 ) ) REPRESENTATION_CONTEXT ( 'NONE', 'WORKASPACE' ) );
#6600 = ORIENTED_EDGE ( 'NONE', *, *, #1785, .T. ) ;
#6601 = ADVANCED_FACE ( 'NONE', ( #1002 ), #6713, .F. ) ;
#6602 = MECHANICAL_DESIGN_GEOMETRIC_PRESENTATION_REPRESENTATION (  '', ( #1094 ), #4571 ) ;
#6603 = DIRECTION ( 'NONE',  ( 0.000000000000000000, -0.000000000000000000, -1.000000000000000000 ) ) ;
#6604 = UNCERTAINTY_MEASURE_WITH_UNIT (LENGTH_MEASURE( 1.000000000000000082E-05 ), #5133, 'distance_accuracy_value', 'NONE');
#6605 =( NAMED_UNIT ( * ) PLANE_ANGLE_UNIT ( ) SI_UNIT ( $, .RADIAN. ) );
#6606 = DIRECTION ( 'NONE',  ( 0.000000000000000000, 0.000000000000000000, -1.000000000000000000 ) ) ;
#6607 = FILL_AREA_STYLE ('',( #4038 ) ) ;
#6608 = PLANE ( 'NONE',  #6354 ) ;
#6609 = STYLED_ITEM ( 'NONE', ( #7453 ), #3015 ) ;
#6610 = PRESENTATION_LAYER_ASSIGNMENT (  '', '', ( #7401 ) ) ;
#6611 = PLANE ( 'NONE',  #1203 ) ;
#6612 = SURFACE_STYLE_FILL_AREA ( #4215 ) ;
#6613 =( NAMED_UNIT ( * ) SI_UNIT ( $, .STERADIAN. ) SOLID_ANGLE_UNIT ( ) );
#6614 = AXIS2_PLACEMENT_3D ( 'NONE', #611, #3119, #6862 ) ;
#6615 = DIRECTION ( 'NONE',  ( -0.000000000000000000, 0.000000000000000000, 1.000000000000000000 ) ) ;
#6616 = DIRECTION ( 'NONE',  ( 1.084202172485503448E-16, -1.000000000000000000, 0.000000000000000000 ) ) ;
#6617 = VERTEX_POINT ( 'NONE', #1797 ) ;
#6618 = PLANE ( 'NONE',  #1268 ) ;
#6619 = VERTEX_POINT ( 'NONE', #8028 ) ;
#6620 =( GEOMETRIC_REPRESENTATION_CONTEXT ( 3 ) GLOBAL_UNCERTAINTY_ASSIGNED_CONTEXT ( ( #8074 ) ) GLOBAL_UNIT_ASSIGNED_CONTEXT ( ( #5530, #7904, #2270 ) ) REPRESENTATION_CONTEXT ( 'NONE', 'WORKASPACE' ) );
#6621 = STYLED_ITEM ( 'NONE', ( #2309 ), #2914 ) ;
#6622 = DIRECTION ( 'NONE',  ( 1.000000000000000000, -1.655141553730136115E-16, 0.000000000000000000 ) ) ;
#6623 = EDGE_LOOP ( 'NONE', ( #8058, #5717, #7228, #2753 ) ) ;
#6624 = DIRECTION ( 'NONE',  ( 0.000000000000000000, 0.000000000000000000, -1.000000000000000000 ) ) ;
#6625 = STYLED_ITEM ( 'NONE', ( #7230 ), #757 ) ;
#6626 = ORIENTED_EDGE ( 'NONE', *, *, #3848, .F. ) ;
#6627 = COLOUR_RGB ( '',0.8313725490196077761, 0.8313725490196077761, 0.8196078431372548767 ) ;
#6628 = CARTESIAN_POINT ( 'NONE',  ( 0.05180290263390560646, -0.8959005571577640659, 0.01000000000000000021 ) ) ;
#6629 = DIRECTION ( 'NONE',  ( -1.000000000000000000, 0.000000000000000000, -0.000000000000000000 ) ) ;
#6630 = CARTESIAN_POINT ( 'NONE',  ( -1.010000000000000453, 0.8749999999999998890, -0.02000000000000000042 ) ) ;
#6631 = CARTESIAN_POINT ( 'NONE',  ( -1.010000000000000231, -0.8750000000000000000, -0.02000000000000000042 ) ) ;
#6632 = PRESENTATION_STYLE_ASSIGNMENT (( #3563 ) ) ;
#6633 = CARTESIAN_POINT ( 'NONE',  ( 0.9999999999999991118, 0.9999999999999991118, 0.5300000000000000266 ) ) ;
#6634 = ORIENTED_EDGE ( 'NONE', *, *, #7197, .T. ) ;
#6635 = CARTESIAN_POINT ( 'NONE',  ( -0.7621383144406077559, -1.000000000000002665, 0.07773384608415166708 ) ) ;
#6636 = VERTEX_POINT ( 'NONE', #377 ) ;
#6637 = EDGE_CURVE ( 'NONE', #1584, #4701, #91, .T. ) ;
#6638 = EDGE_CURVE ( 'NONE', #6183, #5796, #2888, .T. ) ;
#6639 = CARTESIAN_POINT ( 'NONE',  ( -0.1762429109618494638, -0.8248836862794469704, 0.01000000000000000021 ) ) ;
#6640 = DIRECTION ( 'NONE',  ( 0.000000000000000000, 1.000000000000000000, 0.000000000000000000 ) ) ;
#6641 = PRESENTATION_LAYER_ASSIGNMENT (  '', '', ( #3900 ) ) ;
#6642 = CARTESIAN_POINT ( 'NONE',  ( 0.07851084431263842534, -0.9006471690403762276, 0.01000000000000000021 ) ) ;
#6643 = ORIENTED_EDGE ( 'NONE', *, *, #6154, .T. ) ;
#6644 = CARTESIAN_POINT ( 'NONE',  ( -1.000000000000000666, -0.6250000000000001110, 0.5300000000000000266 ) ) ;
#6645 = PRESENTATION_STYLE_ASSIGNMENT (( #7270 ) ) ;
#6646 = VECTOR ( 'NONE', #6700, 1000.000000000000000 ) ;
#6647 = CARTESIAN_POINT ( 'NONE',  ( 4.928191693115919553E-17, -0.1249999999999997086, 0.000000000000000000 ) ) ;
#6648 = DIRECTION ( 'NONE',  ( -0.000000000000000000, -1.000000000000000000, 0.000000000000000000 ) ) ;
#6649 = VECTOR ( 'NONE', #514, 1000.000000000000000 ) ;
#6650 = ADVANCED_FACE ( 'NONE', ( #6111 ), #4196, .F. ) ;
#6651 = CARTESIAN_POINT ( 'NONE',  ( -0.6850000000000007194, -0.6750000000000000444, -0.02000000000000000042 ) ) ;
#6652 = AXIS2_PLACEMENT_3D ( 'NONE', #3667, #4835, #2834 ) ;
#6653 = COLOUR_RGB ( '',0.8313725490196077761, 0.8313725490196077761, 0.8196078431372548767 ) ;
#6654 = DIRECTION ( 'NONE',  ( 0.000000000000000000, 1.000000000000000000, 0.000000000000000000 ) ) ;
#6655 = MECHANICAL_DESIGN_GEOMETRIC_PRESENTATION_REPRESENTATION (  '', ( #2197 ), #2597 ) ;
#6656 = VECTOR ( 'NONE', #3261, 1000.000000000000000 ) ;
#6657 = CARTESIAN_POINT ( 'NONE',  ( 0.06760453113915110279, -0.9003773657958565879, 0.01000000000000000021 ) ) ;
#6658 = ORIENTED_EDGE ( 'NONE', *, *, #3420, .T. ) ;
#6659 = FACE_OUTER_BOUND ( 'NONE', #2895, .T. ) ;
#6660 = AXIS2_PLACEMENT_3D ( 'NONE', #2463, #6246, #8125 ) ;
#6661 =( NAMED_UNIT ( * ) SI_UNIT ( $, .STERADIAN. ) SOLID_ANGLE_UNIT ( ) );
#6662 = ORIENTED_EDGE ( 'NONE', *, *, #1220, .T. ) ;
#6663 = CARTESIAN_POINT ( 'NONE',  ( 0.7350000000000006528, 0.8750000000000000000, -0.02000000000000000042 ) ) ;
#6664 = ORIENTED_EDGE ( 'NONE', *, *, #7357, .T. ) ;
#6665 = UNCERTAINTY_MEASURE_WITH_UNIT (LENGTH_MEASURE( 1.000000000000000082E-05 ), #3307, 'distance_accuracy_value', 'NONE');
#6666 = SURFACE_SIDE_STYLE ('',( #4139 ) ) ;
#6667 = VECTOR ( 'NONE', #5193, 1000.000000000000000 ) ;
#6668 = PRESENTATION_STYLE_ASSIGNMENT (( #7865 ) ) ;
#6669 = CARTESIAN_POINT ( 'NONE',  ( 0.07851084431263842534, -0.9006471690403762276, 0.000000000000000000 ) ) ;
#6670 = ORIENTED_EDGE ( 'NONE', *, *, #3131, .F. ) ;
#6671 = ORIENTED_EDGE ( 'NONE', *, *, #5552, .T. ) ;
#6672 = VECTOR ( 'NONE', #5092, 1000.000000000000000 ) ;
#6673 = DIRECTION ( 'NONE',  ( 0.000000000000000000, -0.000000000000000000, 1.000000000000000000 ) ) ;
#6674 =( NAMED_UNIT ( * ) PLANE_ANGLE_UNIT ( ) SI_UNIT ( $, .RADIAN. ) );
#6675 = CARTESIAN_POINT ( 'NONE',  ( 0.08756137410213990502, -0.8229723920874049137, 0.000000000000000000 ) ) ;
#6676 = ORIENTED_EDGE ( 'NONE', *, *, #1892, .F. ) ;
#6677 = PRESENTATION_STYLE_ASSIGNMENT (( #3012 ) ) ;
#6678 = ORIENTED_EDGE ( 'NONE', *, *, #1317, .F. ) ;
#6679 = DIRECTION ( 'NONE',  ( -0.000000000000000000, -0.000000000000000000, 1.000000000000000000 ) ) ;
#6680 = CARTESIAN_POINT ( 'NONE',  ( -0.02413343320978715567, -0.8995257652094864609, 0.000000000000000000 ) ) ;
#6681 = CARTESIAN_POINT ( 'NONE',  ( 0.07598888673035894548, -0.9007121675962198593, 0.01000000000000000021 ) ) ;
#6682 = VERTEX_POINT ( 'NONE', #5658 ) ;
#6683 =( NAMED_UNIT ( * ) PLANE_ANGLE_UNIT ( ) SI_UNIT ( $, .RADIAN. ) );
#6684 = ADVANCED_FACE ( 'NONE', ( #1374 ), #628, .F. ) ;
#6685 = CARTESIAN_POINT ( 'NONE',  ( -0.01925538442929935340, -0.8544038139899742257, 0.000000000000000000 ) ) ;
#6686 = SURFACE_STYLE_USAGE ( .BOTH. , #3444 ) ;
#6687 = EDGE_CURVE ( 'NONE', #5534, #3808, #6930, .T. ) ;
#6688 = CARTESIAN_POINT ( 'NONE',  ( -0.07180873808783594381, -0.8214769847216816245, 0.01000000000000000021 ) ) ;
#6689 = CARTESIAN_POINT ( 'NONE',  ( -0.1101267024067687367, -0.8507020990138903782, 0.000000000000000000 ) ) ;
#6690 =( NAMED_UNIT ( * ) PLANE_ANGLE_UNIT ( ) SI_UNIT ( $, .RADIAN. ) );
#6691 = UNCERTAINTY_MEASURE_WITH_UNIT (LENGTH_MEASURE( 1.000000000000000082E-05 ), #5009, 'distance_accuracy_value', 'NONE');
#6692 = CARTESIAN_POINT ( 'NONE',  ( 0.05180290263390560646, -0.8959005571577640659, 0.01000000000000000021 ) ) ;
#6693 = VERTEX_POINT ( 'NONE', #7536 ) ;
#6694 = CARTESIAN_POINT ( 'NONE',  ( -0.1232885693208713579, -0.8487177528229756795, 0.000000000000000000 ) ) ;
#6695 = ADVANCED_FACE ( 'NONE', ( #6265 ), #705, .F. ) ;
#6696 = CARTESIAN_POINT ( 'NONE',  ( 0.04903729849752992698, -0.9053184481363156788, 0.000000000000000000 ) ) ;
#6697 = LINE ( 'NONE', #365, #7577 ) ;
#6698 = SURFACE_STYLE_USAGE ( .BOTH. , #2264 ) ;
#6699 = VERTEX_POINT ( 'NONE', #2607 ) ;
#6700 = DIRECTION ( 'NONE',  ( -1.000000000000000000, -0.000000000000000000, -0.000000000000000000 ) ) ;
#6701 = AXIS2_PLACEMENT_3D ( 'NONE', #6763, #3055, #5586 ) ;
#6702 = ORIENTED_EDGE ( 'NONE', *, *, #1130, .T. ) ;
#6703 = FILL_AREA_STYLE_COLOUR ( '', #2548 ) ;
#6704 = EDGE_CURVE ( 'NONE', #536, #6349, #6996, .T. ) ;
#6705 =( GEOMETRIC_REPRESENTATION_CONTEXT ( 3 ) GLOBAL_UNCERTAINTY_ASSIGNED_CONTEXT ( ( #242 ) ) GLOBAL_UNIT_ASSIGNED_CONTEXT ( ( #2706, #2098, #3840 ) ) REPRESENTATION_CONTEXT ( 'NONE', 'WORKASPACE' ) );
#6706 = LINE ( 'NONE', #453, #2817 ) ;
#6707 = VERTEX_POINT ( 'NONE', #3927 ) ;
#6708 = SURFACE_STYLE_FILL_AREA ( #5450 ) ;
#6709 = ORIENTED_EDGE ( 'NONE', *, *, #7039, .F. ) ;
#6710 = CIRCLE ( 'NONE', #7110, 0.04999999999999991257 ) ;
#6711 = CARTESIAN_POINT ( 'NONE',  ( -0.1106223238269074954, -0.8550201998006088377, 0.000000000000000000 ) ) ;
#6712 =( GEOMETRIC_REPRESENTATION_CONTEXT ( 3 ) GLOBAL_UNCERTAINTY_ASSIGNED_CONTEXT ( ( #3578 ) ) GLOBAL_UNIT_ASSIGNED_CONTEXT ( ( #3753, #1907, #4960 ) ) REPRESENTATION_CONTEXT ( 'NONE', 'WORKASPACE' ) );
#6713 = PLANE ( 'NONE',  #5235 ) ;
#6714 = CARTESIAN_POINT ( 'NONE',  ( -0.7621383144406077559, 1.010000000000002673, 0.1817582956874659594 ) ) ;
#6715 = VERTEX_POINT ( 'NONE', #2032 ) ;
#6716 = ORIENTED_EDGE ( 'NONE', *, *, #6739, .T. ) ;
#6717 = PLANE ( 'NONE',  #7699 ) ;
#6718 = VECTOR ( 'NONE', #3191, 1000.000000000000000 ) ;
#6719 = ORIENTED_EDGE ( 'NONE', *, *, #3837, .T. ) ;
#6720 = FILL_AREA_STYLE_COLOUR ( '', #459 ) ;
#6721 =( LENGTH_UNIT ( ) NAMED_UNIT ( * ) SI_UNIT ( .MILLI., .METRE. ) );
#6722 = FACE_OUTER_BOUND ( 'NONE', #2977, .T. ) ;
#6723 = DIRECTION ( 'NONE',  ( 1.000000000000000000, -3.942553354492745503E-16, -0.000000000000000000 ) ) ;
#6724 = AXIS2_PLACEMENT_3D ( 'NONE', #3858, #8121, #7515 ) ;
#6725 = FILL_AREA_STYLE ('',( #5022 ) ) ;
#6726 = STYLED_ITEM ( 'NONE', ( #1930 ), #3697 ) ;
#6727 = ORIENTED_EDGE ( 'NONE', *, *, #3590, .T. ) ;
#6728 = CARTESIAN_POINT ( 'NONE',  ( -0.08258771010935446466, -0.8112325095562900046, 0.000000000000000000 ) ) ;
#6729 = COLOUR_RGB ( '',0.8313725490196077761, 0.8313725490196077761, 0.8196078431372548767 ) ;
#6730 = STYLED_ITEM ( 'NONE', ( #3293 ), #1850 ) ;
#6731 = LINE ( 'NONE', #1822, #1033 ) ;
#6732 = FILL_AREA_STYLE_COLOUR ( '', #86 ) ;
#6733 = FILL_AREA_STYLE ('',( #3745 ) ) ;
#6734 = ORIENTED_EDGE ( 'NONE', *, *, #7389, .T. ) ;
#6735 = STYLED_ITEM ( 'NONE', ( #3126 ), #3016 ) ;
#6736 = CARTESIAN_POINT ( 'NONE',  ( 0.08805848298776952632, -0.8112485058975412722, 0.000000000000000000 ) ) ;
#6737 = ORIENTED_EDGE ( 'NONE', *, *, #3162, .F. ) ;
#6738 = UNCERTAINTY_MEASURE_WITH_UNIT (LENGTH_MEASURE( 1.000000000000000082E-05 ), #1487, 'distance_accuracy_value', 'NONE');
#6739 = EDGE_CURVE ( 'NONE', #7251, #6927, #5818, .T. ) ;
#6740 = ADVANCED_FACE ( 'NONE', ( #4553, #6422 ), #4545, .F. ) ;
#6741 = SURFACE_STYLE_FILL_AREA ( #2199 ) ;
#6742 =( GEOMETRIC_REPRESENTATION_CONTEXT ( 3 ) GLOBAL_UNCERTAINTY_ASSIGNED_CONTEXT ( ( #2390 ) ) GLOBAL_UNIT_ASSIGNED_CONTEXT ( ( #1126, #4998, #6214 ) ) REPRESENTATION_CONTEXT ( 'NONE', 'WORKASPACE' ) );
#6743 = SURFACE_SIDE_STYLE ('',( #1241 ) ) ;
#6744 = STYLED_ITEM ( 'NONE', ( #2750 ), #5301 ) ;
#6745 = B_SPLINE_CURVE_WITH_KNOTS ( 'NONE', 3,
 ( #2458, #1064, #2989, #6689, #7350, #3064, #2341, #3694, #1147, #5514, #4247, #525, #4338, #5553, #3104, #1888, #3614, #3575, #8043 ),
 .UNSPECIFIED., .F., .F.,
 ( 4, 1, 1, 1, 1, 1, 1, 1, 1, 1, 1, 1, 1, 1, 1, 1, 4 ),
 ( 0.000000000000000000, 0.07430379644281459584, 0.1443936103644171132, 0.2104994961032790046, 0.2735426065034673448, 0.3338247445790724632, 0.3925296724085018396, 0.4500874545995853793, 0.5078206115557872824, 0.5654649127768467398, 0.6231487223336192871, 0.6812971927909353687, 0.7409134981565809186, 0.8018557521958580292, 0.8652412377209433014, 0.9309416570467442531, 1.000000000000000000 ),
 .UNSPECIFIED. ) ;
#6746 = CARTESIAN_POINT ( 'NONE',  ( 0.1087095856206347494, -0.8739944956620159244, 0.000000000000000000 ) ) ;
#6747 = ORIENTED_EDGE ( 'NONE', *, *, #1269, .F. ) ;
#6748 = LINE ( 'NONE', #7411, #4714 ) ;
#6749 = VERTEX_POINT ( 'NONE', #3876 ) ;
#6750 = ORIENTED_EDGE ( 'NONE', *, *, #3553, .T. ) ;
#6751 = VECTOR ( 'NONE', #6026, 1000.000000000000000 ) ;
#6752 = ADVANCED_FACE ( 'NONE', ( #3960 ), #5073, .T. ) ;
#6753 = MECHANICAL_DESIGN_GEOMETRIC_PRESENTATION_REPRESENTATION (  '', ( #6228 ), #6879 ) ;
#6754 = PRESENTATION_STYLE_ASSIGNMENT (( #7371 ) ) ;
#6755 =( LENGTH_UNIT ( ) NAMED_UNIT ( * ) SI_UNIT ( .MILLI., .METRE. ) );
#6756 = SURFACE_STYLE_FILL_AREA ( #6079 ) ;
#6757 = PRESENTATION_LAYER_ASSIGNMENT (  '', '', ( #6495 ) ) ;
#6758 = VECTOR ( 'NONE', #3180, 1000.000000000000000 ) ;
#6759 = LINE ( 'NONE', #8030, #6649 ) ;
#6760 = ORIENTED_EDGE ( 'NONE', *, *, #4071, .T. ) ;
#6761 =( LENGTH_UNIT ( ) NAMED_UNIT ( * ) SI_UNIT ( .MILLI., .METRE. ) );
#6762 = ORIENTED_EDGE ( 'NONE', *, *, #2172, .T. ) ;
#6763 = CARTESIAN_POINT ( 'NONE',  ( -0.7350000000000005418, -0.3250000000000000111, -0.02000000000000000042 ) ) ;
#6764 = CARTESIAN_POINT ( 'NONE',  ( -0.7621383144406077559, 1.000000000000002665, 0.1817582956874659594 ) ) ;
#6765 = VECTOR ( 'NONE', #1992, 1000.000000000000000 ) ;
#6766 = DIRECTION ( 'NONE',  ( 1.000000000000000000, 0.000000000000000000, 0.000000000000000000 ) ) ;
#6767 = SURFACE_SIDE_STYLE ('',( #2336 ) ) ;
#6768 = DIRECTION ( 'NONE',  ( 1.000000000000000000, 0.000000000000000000, 0.000000000000000000 ) ) ;
#6769 = CARTESIAN_POINT ( 'NONE',  ( 0.08168320802162103156, -0.9116064585356601357, 0.000000000000000000 ) ) ;
#6770 =( LENGTH_UNIT ( ) NAMED_UNIT ( * ) SI_UNIT ( .MILLI., .METRE. ) );
#6771 = PLANE ( 'NONE',  #2848 ) ;
#6772 = COLOUR_RGB ( '',0.8313725490196077761, 0.8313725490196077761, 0.8196078431372548767 ) ;
#6773 = CARTESIAN_POINT ( 'NONE',  ( 0.06420350826096950236, -0.8998945438643541905, 0.01000000000000000021 ) ) ;
#6774 = VERTEX_POINT ( 'NONE', #5685 ) ;
#6775 = DIRECTION ( 'NONE',  ( -0.000000000000000000, 0.000000000000000000, 1.000000000000000000 ) ) ;
#6776 = CARTESIAN_POINT ( 'NONE',  ( -0.09702512051825307182, -0.8155792288646480648, 0.000000000000000000 ) ) ;
#6777 = CARTESIAN_POINT ( 'NONE',  ( 0.07655254239996896193, -0.9117208871607059839, 0.000000000000000000 ) ) ;
#6778 = FACE_OUTER_BOUND ( 'NONE', #5878, .T. ) ;
#6779 = MECHANICAL_DESIGN_GEOMETRIC_PRESENTATION_REPRESENTATION (  '', ( #4834 ), #4840 ) ;
#6780 = SURFACE_SIDE_STYLE ('',( #6024 ) ) ;
#6781 = ORIENTED_EDGE ( 'NONE', *, *, #6789, .F. ) ;
#6782 = DIRECTION ( 'NONE',  ( 0.000000000000000000, 0.000000000000000000, 1.000000000000000000 ) ) ;
#6783 = VECTOR ( 'NONE', #8098, 1000.000000000000000 ) ;
#6784 = ORIENTED_EDGE ( 'NONE', *, *, #5394, .T. ) ;
#6785 = PRESENTATION_LAYER_ASSIGNMENT (  '', '', ( #6138 ) ) ;
#6786 = CARTESIAN_POINT ( 'NONE',  ( 0.05186592493227275280, -0.9068797347628351213, 0.000000000000000000 ) ) ;
#6787 = VECTOR ( 'NONE', #3998, 1000.000000000000000 ) ;
#6788 = CARTESIAN_POINT ( 'NONE',  ( 0.1062645409319696588, -0.8811806993876282190, 0.000000000000000000 ) ) ;
#6789 = EDGE_CURVE ( 'NONE', #2758, #7999, #44, .T. ) ;
#6790 = EDGE_CURVE ( 'NONE', #4270, #4351, #7571, .T. ) ;
#6791 = ORIENTED_EDGE ( 'NONE', *, *, #3742, .F. ) ;
#6792 = CARTESIAN_POINT ( 'NONE',  ( -1.000000000000000888, 0.9999999999999991118, 0.5300000000000000266 ) ) ;
#6793 = MECHANICAL_DESIGN_GEOMETRIC_PRESENTATION_REPRESENTATION (  '', ( #1821 ), #7327 ) ;
#6794 = ORIENTED_EDGE ( 'NONE', *, *, #3062, .F. ) ;
#6795 = ORIENTED_EDGE ( 'NONE', *, *, #253, .F. ) ;
#6796 = CIRCLE ( 'NONE', #7195, 0.04999999999999991257 ) ;
#6797 = CARTESIAN_POINT ( 'NONE',  ( -0.1107187990634456859, -0.8595295761850962890, 0.000000000000000000 ) ) ;
#6798 = VECTOR ( 'NONE', #1354, 1000.000000000000000 ) ;
#6799 = LINE ( 'NONE', #2521, #3080 ) ;
#6800 =( NAMED_UNIT ( * ) SI_UNIT ( $, .STERADIAN. ) SOLID_ANGLE_UNIT ( ) );
#6801 = EDGE_CURVE ( 'NONE', #503, #6178, #1365, .T. ) ;
#6802 = PLANE ( 'NONE',  #1142 ) ;
#6803 = VECTOR ( 'NONE', #2544, 1000.000000000000000 ) ;
#6804 = EDGE_LOOP ( 'NONE', ( #7818, #2917, #950, #3355 ) ) ;
#6805 =( NAMED_UNIT ( * ) SI_UNIT ( $, .STERADIAN. ) SOLID_ANGLE_UNIT ( ) );
#6806 = CARTESIAN_POINT ( 'NONE',  ( 0.01611046922923725991, -0.8995257652094864609, 0.000000000000000000 ) ) ;
#6807 = VERTEX_POINT ( 'NONE', #5774 ) ;
#6808 = CARTESIAN_POINT ( 'NONE',  ( -0.02169440881954324066, 0.000000000000000000, 0.01000000000000000021 ) ) ;
#6809 = FILL_AREA_STYLE_COLOUR ( '', #6362 ) ;
#6810 = CARTESIAN_POINT ( 'NONE',  ( -0.4499999999999997891, 0.5050510257216823673, -0.02000000000000000042 ) ) ;
#6811 = CARTESIAN_POINT ( 'NONE',  ( 0.07791934179723479514, -0.8094063229096444267, 0.01000000000000000021 ) ) ;
#6812 = PRESENTATION_STYLE_ASSIGNMENT (( #4340 ) ) ;
#6813 = DIRECTION ( 'NONE',  ( -1.000000000000000000, 0.000000000000000000, 0.000000000000000000 ) ) ;
#6814 = CARTESIAN_POINT ( 'NONE',  ( 1.010000000000000231, -0.6250000000000001110, -0.02000000000000000042 ) ) ;
#6815 = ORIENTED_EDGE ( 'NONE', *, *, #961, .T. ) ;
#6816 = CARTESIAN_POINT ( 'NONE',  ( 0.09992506463579303722, -0.9065247366189437273, 0.000000000000000000 ) ) ;
#6817 = SURFACE_STYLE_USAGE ( .BOTH. , #3073 ) ;
#6818 = CARTESIAN_POINT ( 'NONE',  ( -0.2070602624780798762, -0.9105013749655840316, 0.000000000000000000 ) ) ;
#6819 = DIRECTION ( 'NONE',  ( 0.000000000000000000, 0.000000000000000000, -1.000000000000000000 ) ) ;
#6820 = LINE ( 'NONE', #38, #612 ) ;
#6821 = DIRECTION ( 'NONE',  ( 1.000000000000000000, -3.942553354492744024E-16, -0.000000000000000000 ) ) ;
#6822 = ORIENTED_EDGE ( 'NONE', *, *, #5349, .T. ) ;
#6823 = PLANE ( 'NONE',  #1417 ) ;
#6824 = ORIENTED_EDGE ( 'NONE', *, *, #1225, .T. ) ;
#6825 = SURFACE_SIDE_STYLE ('',( #3201 ) ) ;
#6826 = DIRECTION ( 'NONE',  ( 0.000000000000000000, 0.000000000000000000, -1.000000000000000000 ) ) ;
#6827 = PRESENTATION_STYLE_ASSIGNMENT (( #2581 ) ) ;
#6828 = LINE ( 'NONE', #1207, #62 ) ;
#6829 = ORIENTED_EDGE ( 'NONE', *, *, #7099, .F. ) ;
#6830 = COLOUR_RGB ( '',0.8313725490196077761, 0.8313725490196077761, 0.8196078431372548767 ) ;
#6831 = EDGE_LOOP ( 'NONE', ( #6518, #3634, #8115, #4216 ) ) ;
#6832 = ORIENTED_EDGE ( 'NONE', *, *, #3124, .F. ) ;
#6833 = PRESENTATION_STYLE_ASSIGNMENT (( #5236 ) ) ;
#6834 = EDGE_CURVE ( 'NONE', #6461, #6429, #122, .T. ) ;
#6835 = EDGE_CURVE ( 'NONE', #6147, #7975, #7641, .T. ) ;
#6836 = CARTESIAN_POINT ( 'NONE',  ( 0.1226212422558810994, -0.8510669257868619386, 0.009999999999999998473 ) ) ;
#6837 =( LENGTH_UNIT ( ) NAMED_UNIT ( * ) SI_UNIT ( .MILLI., .METRE. ) );
#6838 = CARTESIAN_POINT ( 'NONE',  ( -0.4499999999999999556, -0.7499999999999998890, -0.02000000000000000042 ) ) ;
#6839 = ORIENTED_EDGE ( 'NONE', *, *, #2725, .T. ) ;
#6840 = UNCERTAINTY_MEASURE_WITH_UNIT (LENGTH_MEASURE( 1.000000000000000082E-05 ), #7025, 'distance_accuracy_value', 'NONE');
#6841 = CARTESIAN_POINT ( 'NONE',  ( -0.1106172301729310137, -0.8640567136737035137, 0.000000000000000000 ) ) ;
#6842 = VERTEX_POINT ( 'NONE', #5811 ) ;
#6843 = DIRECTION ( 'NONE',  ( 0.000000000000000000, -1.000000000000000000, 0.000000000000000000 ) ) ;
#6844 = EDGE_CURVE ( 'NONE', #3030, #3878, #160, .T. ) ;
#6845 = EDGE_CURVE ( 'NONE', #5364, #3861, #2749, .T. ) ;
#6846 = FACE_OUTER_BOUND ( 'NONE', #6405, .T. ) ;
#6847 = LINE ( 'NONE', #554, #1109 ) ;
#6848 = STYLED_ITEM ( 'NONE', ( #3438 ), #6251 ) ;
#6849 = FILL_AREA_STYLE ('',( #6720 ) ) ;
#6850 = CARTESIAN_POINT ( 'NONE',  ( 0.01611046922923725991, 0.000000000000000000, 0.01000000000000000021 ) ) ;
#6851 = CARTESIAN_POINT ( 'NONE',  ( 0.7350000000000005418, -0.8249999999999999556, 0.2500000000000000000 ) ) ;
#6852 = CARTESIAN_POINT ( 'NONE',  ( 0.1054333444396060721, -0.8204090749947460237, 0.01000000000000000021 ) ) ;
#6853 = VECTOR ( 'NONE', #3149, 1000.000000000000000 ) ;
#6854 = ADVANCED_FACE ( 'NONE', ( #400 ), #7773, .F. ) ;
#6855 = CARTESIAN_POINT ( 'NONE',  ( 0.07851084431263842534, -0.9006471690403762276, 0.01000000000000000021 ) ) ;
#6856 = VERTEX_POINT ( 'NONE', #864 ) ;
#6857 = CARTESIAN_POINT ( 'NONE',  ( 0.7621383144406077559, 1.000000000000002665, 0.1817582956874659594 ) ) ;
#6858 = PRESENTATION_STYLE_ASSIGNMENT (( #4992 ) ) ;
#6859 = CARTESIAN_POINT ( 'NONE',  ( 0.9999999999999993339, -1.000000000000002665, 0.5300000000000000266 ) ) ;
#6860 = CARTESIAN_POINT ( 'NONE',  ( -0.4499999999999997891, 0.5050510257216823673, -0.02000000000000000042 ) ) ;
#6861 = PRESENTATION_LAYER_ASSIGNMENT (  '', '', ( #3592 ) ) ;
#6862 = DIRECTION ( 'NONE',  ( -0.000000000000000000, 0.000000000000000000, 1.000000000000000000 ) ) ;
#6863 = SURFACE_STYLE_FILL_AREA ( #992 ) ;
#6864 = ORIENTED_EDGE ( 'NONE', *, *, #455, .F. ) ;
#6865 = B_SPLINE_CURVE_WITH_KNOTS ( 'NONE', 3,
 ( #5335, #5287, #5987, #2073, #4604, #5252, #7211, #6586, #2106, #328, #5372 ),
 .UNSPECIFIED., .F., .F.,
 ( 4, 1, 1, 1, 1, 1, 1, 1, 4 ),
 ( 0.000000000000000000, 0.1352946047634291382, 0.2667656579247484894, 0.3948160188358721956, 0.5200516544342458358, 0.6421757029708213826, 0.7626518205584238430, 0.8818340043805024120, 1.000000000000000000 ),
 .UNSPECIFIED. ) ;
#6866 = LINE ( 'NONE', #40, #3509 ) ;
#6867 = AXIS2_PLACEMENT_3D ( 'NONE', #3133, #8112, #129 ) ;
#6868 = VECTOR ( 'NONE', #678, 1000.000000000000000 ) ;
#6869 = PRESENTATION_STYLE_ASSIGNMENT (( #6217 ) ) ;
#6870 = VECTOR ( 'NONE', #72, 1000.000000000000000 ) ;
#6871 = ORIENTED_EDGE ( 'NONE', *, *, #2580, .T. ) ;
#6872 = FACE_OUTER_BOUND ( 'NONE', #2285, .T. ) ;
#6873 = MECHANICAL_DESIGN_GEOMETRIC_PRESENTATION_REPRESENTATION (  '', ( #4138 ), #1363 ) ;
#6874 =( GEOMETRIC_REPRESENTATION_CONTEXT ( 3 ) GLOBAL_UNCERTAINTY_ASSIGNED_CONTEXT ( ( #5540 ) ) GLOBAL_UNIT_ASSIGNED_CONTEXT ( ( #1696, #4258, #4219 ) ) REPRESENTATION_CONTEXT ( 'NONE', 'WORKASPACE' ) );
#6875 =( NAMED_UNIT ( * ) PLANE_ANGLE_UNIT ( ) SI_UNIT ( $, .RADIAN. ) );
#6876 = CARTESIAN_POINT ( 'NONE',  ( 0.1233839900544526913, -0.8604422567814336009, 0.000000000000000000 ) ) ;
#6877 = SURFACE_SIDE_STYLE ('',( #7505 ) ) ;
#6878 = VECTOR ( 'NONE', #2387, 1000.000000000000000 ) ;
#6880 = ORIENTED_EDGE ( 'NONE', *, *, #5108, .T. ) ;
#6879 =( GEOMETRIC_REPRESENTATION_CONTEXT ( 3 ) GLOBAL_UNCERTAINTY_ASSIGNED_CONTEXT ( ( #6189 ) ) GLOBAL_UNIT_ASSIGNED_CONTEXT ( ( #4557, #3692, #1958 ) ) REPRESENTATION_CONTEXT ( 'NONE', 'WORKASPACE' ) );
#6881 = LINE ( 'NONE', #1252, #6136 ) ;
#6882 = ORIENTED_EDGE ( 'NONE', *, *, #4547, .F. ) ;
#6883 = CIRCLE ( 'NONE', #3200, 0.04999999999999991257 ) ;
#6884 =( LENGTH_UNIT ( ) NAMED_UNIT ( * ) SI_UNIT ( .MILLI., .METRE. ) );
#6885 = LINE ( 'NONE', #7009, #5884 ) ;
#6886 = CARTESIAN_POINT ( 'NONE',  ( -1.000000000000000666, -1.000000000000002665, 0.000000000000000000 ) ) ;
#6887 = B_SPLINE_CURVE_WITH_KNOTS ( 'NONE', 3,
 ( #1191, #7480, #3065, #1769, #5020, #4339, #3024, #435, #1725, #4902, #6852, #6895, #3105, #8084, #1148, #7969, #6811, #5637, #1889 ),
 .UNSPECIFIED., .F., .F.,
 ( 4, 1, 1, 1, 1, 1, 1, 1, 1, 1, 1, 1, 1, 1, 1, 1, 4 ),
 ( 0.000000000000000000, 0.07064371857535318988, 0.1382567155089040600, 0.2033641242175798225, 0.2663240938030566052, 0.3279047615429893092, 0.3887377151730922464, 0.4494235281093021950, 0.5108610114593152840, 0.5720793960475143436, 0.6317344287314450302, 0.6911172105788377928, 0.7503600294901704437, 0.8100329005312623121, 0.8713624508287364234, 0.9344271412311534464, 1.000000000000000000 ),
 .UNSPECIFIED. ) ;
#6888 = CIRCLE ( 'NONE', #4552, 0.04999999999999991257 ) ;
#6889 = DIRECTION ( 'NONE',  ( -0.000000000000000000, 0.000000000000000000, -1.000000000000000000 ) ) ;
#6890 = CARTESIAN_POINT ( 'NONE',  ( 1.010000000000000231, -0.6250000000000001110, -0.02000000000000000042 ) ) ;
#6891 =( NAMED_UNIT ( * ) SI_UNIT ( $, .STERADIAN. ) SOLID_ANGLE_UNIT ( ) );
#6892 = EDGE_CURVE ( 'NONE', #3353, #2235, #3413, .T. ) ;
#6893 = ADVANCED_FACE ( 'NONE', ( #2180 ), #4002, .F. ) ;
#6894 = LINE ( 'NONE', #3184, #3650 ) ;
#6895 = CARTESIAN_POINT ( 'NONE',  ( 0.1014542287219468431, -0.8174270327139863124, 0.01000000000000000021 ) ) ;
#6896 = CARTESIAN_POINT ( 'NONE',  ( -1.010000000000000453, -0.1250000000000001110, 0.2500000000000000000 ) ) ;
#6897 = VECTOR ( 'NONE', #7308, 1000.000000000000000 ) ;
#6898 = PLANE ( 'NONE',  #7239 ) ;
#6899 = CARTESIAN_POINT ( 'NONE',  ( 0.9999999999999991118, 0.6250000000000000000, 0.000000000000000000 ) ) ;
#6900 = ORIENTED_EDGE ( 'NONE', *, *, #5447, .F. ) ;
#6901 = CARTESIAN_POINT ( 'NONE',  ( -0.6850000000000007194, 0.1750000000000000167, -0.02000000000000000042 ) ) ;
#6902 = LINE ( 'NONE', #1199, #3730 ) ;
#6903 = EDGE_CURVE ( 'NONE', #3353, #670, #5929, .T. ) ;
#6904 = LINE ( 'NONE', #6254, #5221 ) ;
#6905 =( NAMED_UNIT ( * ) SI_UNIT ( $, .STERADIAN. ) SOLID_ANGLE_UNIT ( ) );
#6906 = VECTOR ( 'NONE', #4170, 1000.000000000000000 ) ;
#6907 = VERTEX_POINT ( 'NONE', #8093 ) ;
#6908 = SURFACE_STYLE_USAGE ( .BOTH. , #1282 ) ;
#6909 = LINE ( 'NONE', #5071, #7399 ) ;
#6910 = LINE ( 'NONE', #4427, #6926 ) ;
#6911 = CARTESIAN_POINT ( 'NONE',  ( -0.07083693930734810684, -0.9105013749655840316, 0.000000000000000000 ) ) ;
#6912 = STYLED_ITEM ( 'NONE', ( #3155 ), #4162 ) ;
#6913 = CARTESIAN_POINT ( 'NONE',  ( -0.09724090261653960121, -0.8287483343864318064, 0.01000000000000000021 ) ) ;
#6914 = ORIENTED_EDGE ( 'NONE', *, *, #4304, .F. ) ;
#6915 = STYLED_ITEM ( 'NONE', ( #4089 ), #7816 ) ;
#6916 = CARTESIAN_POINT ( 'NONE',  ( -0.02169440881954324066, -0.8214769847216816245, 0.000000000000000000 ) ) ;
#6917 = PRESENTATION_LAYER_ASSIGNMENT (  '', '', ( #4186 ) ) ;
#6918 =( NAMED_UNIT ( * ) SI_UNIT ( $, .STERADIAN. ) SOLID_ANGLE_UNIT ( ) );
#6919 = VECTOR ( 'NONE', #2992, 1000.000000000000000 ) ;
#6920 = CARTESIAN_POINT ( 'NONE',  ( -0.7350000000000005418, -0.8750000000000000000, 0.000000000000000000 ) ) ;
#6921 = AXIS2_PLACEMENT_3D ( 'NONE', #5667, #8119, #2001 ) ;
#6922 = CARTESIAN_POINT ( 'NONE',  ( -1.000000000000000888, 0.9999999999999991118, 0.000000000000000000 ) ) ;
#6923 = AXIS2_PLACEMENT_3D ( 'NONE', #6851, #1852, #434 ) ;
#6924 = SURFACE_STYLE_FILL_AREA ( #4435 ) ;
#6925 = PRESENTATION_STYLE_ASSIGNMENT (( #4436 ) ) ;
#6926 = VECTOR ( 'NONE', #1206, 1000.000000000000000 ) ;
#6927 = VERTEX_POINT ( 'NONE', #1733 ) ;
#6928 = DIRECTION ( 'NONE',  ( -0.000000000000000000, 0.000000000000000000, 1.000000000000000000 ) ) ;
#6929 = ORIENTED_EDGE ( 'NONE', *, *, #3419, .F. ) ;
#6930 = CIRCLE ( 'NONE', #3518, 0.1226805411497119691 ) ;
#6931 = FACE_OUTER_BOUND ( 'NONE', #633, .T. ) ;
#6932 = COLOUR_RGB ( '',0.8313725490196077761, 0.8313725490196077761, 0.8196078431372548767 ) ;
#6933 = CYLINDRICAL_SURFACE ( 'NONE', #6921, 0.04999999999999991257 ) ;
#6934 = UNCERTAINTY_MEASURE_WITH_UNIT (LENGTH_MEASURE( 1.000000000000000082E-05 ), #7461, 'distance_accuracy_value', 'NONE');
#6935 = LINE ( 'NONE', #3178, #3613 ) ;
#6936 = DIRECTION ( 'NONE',  ( -1.084202172485503325E-16, 1.000000000000000000, 0.000000000000000000 ) ) ;
#6937 = FACE_OUTER_BOUND ( 'NONE', #5992, .T. ) ;
#6938 = CARTESIAN_POINT ( 'NONE',  ( -0.1107187990634456720, -0.8595295761850961780, 0.01000000000000000021 ) ) ;
#6939 = CARTESIAN_POINT ( 'NONE',  ( 0.7621383144406077559, -1.010000000000002673, 0.1817582956874659594 ) ) ;
#6940 = FILL_AREA_STYLE_COLOUR ( '', #4980 ) ;
#6941 = DIRECTION ( 'NONE',  ( 0.000000000000000000, -1.000000000000000000, -0.000000000000000000 ) ) ;
#6942 = UNCERTAINTY_MEASURE_WITH_UNIT (LENGTH_MEASURE( 1.000000000000000082E-05 ), #2830, 'distance_accuracy_value', 'NONE');
#6943 = EDGE_CURVE ( 'NONE', #3148, #7949, #6731, .T. ) ;
#6944 = CARTESIAN_POINT ( 'NONE',  ( -0.2070602624780798762, -0.9105013749655840316, 0.000000000000000000 ) ) ;
#6945 = ORIENTED_EDGE ( 'NONE', *, *, #206, .T. ) ;
#6946 = EDGE_CURVE ( 'NONE', #7363, #7826, #8053, .T. ) ;
#6947 = PLANE ( 'NONE',  #5312 ) ;
#6948 = CARTESIAN_POINT ( 'NONE',  ( -0.1241334332097871751, -0.8592437530143645086, 0.01000000000000000194 ) ) ;
#6949 = SURFACE_SIDE_STYLE ('',( #3316 ) ) ;
#6950 = CARTESIAN_POINT ( 'NONE',  ( -0.7621383144406077559, -1.010000000000002673, 0.07773384608415166708 ) ) ;
#6951 = DIRECTION ( 'NONE',  ( 0.000000000000000000, -1.000000000000000000, 0.000000000000000000 ) ) ;
#6952 = DIRECTION ( 'NONE',  ( -1.000000000000000000, 0.000000000000000000, -0.000000000000000000 ) ) ;
#6953 = CARTESIAN_POINT ( 'NONE',  ( 0.1831836399609446109, -0.9105013749655840316, 0.000000000000000000 ) ) ;
#6954 = UNCERTAINTY_MEASURE_WITH_UNIT (LENGTH_MEASURE( 1.000000000000000082E-05 ), #6986, 'distance_accuracy_value', 'NONE');
#6955 = EDGE_CURVE ( 'NONE', #2283, #505, #7394, .T. ) ;
#6956 = FILL_AREA_STYLE ('',( #4662 ) ) ;
#6957 =( NAMED_UNIT ( * ) SI_UNIT ( $, .STERADIAN. ) SOLID_ANGLE_UNIT ( ) );
#6958 = ORIENTED_EDGE ( 'NONE', *, *, #6163, .F. ) ;
#6959 = ORIENTED_EDGE ( 'NONE', *, *, #6397, .T. ) ;
#6960 = FILL_AREA_STYLE ('',( #6263 ) ) ;
#6961 = EDGE_CURVE ( 'NONE', #3014, #7427, #6131, .T. ) ;
#6962 = UNCERTAINTY_MEASURE_WITH_UNIT (LENGTH_MEASURE( 1.000000000000000082E-05 ), #3347, 'distance_accuracy_value', 'NONE');
#6963 = PLANE ( 'NONE',  #4683 ) ;
#6964 = DIRECTION ( 'NONE',  ( -0.000000000000000000, 0.000000000000000000, 1.000000000000000000 ) ) ;
#6965 = CARTESIAN_POINT ( 'NONE',  ( -0.1240935164204097496, -0.8574310563572661303, 0.000000000000000000 ) ) ;
#6966 = ORIENTED_EDGE ( 'NONE', *, *, #7155, .T. ) ;
#6967 = ORIENTED_EDGE ( 'NONE', *, *, #4558, .T. ) ;
#6968 = AXIS2_PLACEMENT_3D ( 'NONE', #2494, #1920, #4442 ) ;
#6969 = DIRECTION ( 'NONE',  ( 0.000000000000000000, -1.000000000000000000, 0.000000000000000000 ) ) ;
#6970 = CARTESIAN_POINT ( 'NONE',  ( 0.05730840492404887243, -0.8227181600868352929, 0.01000000000000000021 ) ) ;
#6971 = SURFACE_SIDE_STYLE ('',( #4481 ) ) ;
#6972 = DIRECTION ( 'NONE',  ( -0.000000000000000000, -0.000000000000000000, 1.000000000000000000 ) ) ;
#6973 = CARTESIAN_POINT ( 'NONE',  ( -0.1067109947273087445, -0.8799200988035316140, 0.01000000000000000021 ) ) ;
#6974 = VERTEX_POINT ( 'NONE', #3032 ) ;
#6975 =( NAMED_UNIT ( * ) PLANE_ANGLE_UNIT ( ) SI_UNIT ( $, .RADIAN. ) );
#6976 = CARTESIAN_POINT ( 'NONE',  ( 0.000000000000000000, -1.010000000000002673, 0.000000000000000000 ) ) ;
#6977 = MECHANICAL_DESIGN_GEOMETRIC_PRESENTATION_REPRESENTATION (  '', ( #5806 ), #6074 ) ;
#6978 = CARTESIAN_POINT ( 'NONE',  ( -1.010000000000000453, 0.8749999999999998890, -0.02000000000000000042 ) ) ;
#6979 = ORIENTED_EDGE ( 'NONE', *, *, #2869, .T. ) ;
#6980 = FILL_AREA_STYLE ('',( #4490 ) ) ;
#6981 = FILL_AREA_STYLE_COLOUR ( '', #712 ) ;
#6982 = CARTESIAN_POINT ( 'NONE',  ( 0.1831836399609446109, -0.9105013749655840316, 0.01000000000000000021 ) ) ;
#6983 = CARTESIAN_POINT ( 'NONE',  ( -0.7621383144406077559, 1.010000000000002673, 0.1817582956874659594 ) ) ;
#6984 = CARTESIAN_POINT ( 'NONE',  ( 0.06913752054059209284, -0.8093064682204906823, 0.01000000000000000021 ) ) ;
#6985 = SURFACE_STYLE_FILL_AREA ( #5189 ) ;
#6986 =( LENGTH_UNIT ( ) NAMED_UNIT ( * ) SI_UNIT ( .MILLI., .METRE. ) );
#6987 =( NAMED_UNIT ( * ) PLANE_ANGLE_UNIT ( ) SI_UNIT ( $, .RADIAN. ) );
#6988 = CARTESIAN_POINT ( 'NONE',  ( -0.6850000000000008304, 0.8249999999999999556, -0.02000000000000000042 ) ) ;
#6989 = CARTESIAN_POINT ( 'NONE',  ( -0.1054257675373008879, -0.8998206240688676472, 0.000000000000000000 ) ) ;
#6990 = ORIENTED_EDGE ( 'NONE', *, *, #5563, .T. ) ;
#6991 = EDGE_CURVE ( 'NONE', #375, #7412, #4872, .T. ) ;
#6992 = EDGE_CURVE ( 'NONE', #5822, #287, #6252, .T. ) ;
#6993 = MECHANICAL_DESIGN_GEOMETRIC_PRESENTATION_REPRESENTATION (  '', ( #3451 ), #2136 ) ;
#6994 = ORIENTED_EDGE ( 'NONE', *, *, #5352, .F. ) ;
#6995 = MECHANICAL_DESIGN_GEOMETRIC_PRESENTATION_REPRESENTATION (  '', ( #1226 ), #3309 ) ;
#6996 = LINE ( 'NONE', #6384, #221 ) ;
#6997 = VECTOR ( 'NONE', #1853, 1000.000000000000000 ) ;
#6998 = LINE ( 'NONE', #4010, #4158 ) ;
#6999 = LINE ( 'NONE', #4641, #2175 ) ;
#7000 = FILL_AREA_STYLE ('',( #5123 ) ) ;
#7001 = LINE ( 'NONE', #1959, #3103 ) ;
#7002 = DIRECTION ( 'NONE',  ( 1.000000000000000000, 0.000000000000000000, 0.000000000000000000 ) ) ;
#7003 = EDGE_CURVE ( 'NONE', #7006, #6907, #3611, .T. ) ;
#7004 = ORIENTED_EDGE ( 'NONE', *, *, #5250, .T. ) ;
#7005 = VECTOR ( 'NONE', #852, 1000.000000000000000 ) ;
#7006 = VERTEX_POINT ( 'NONE', #6696 ) ;
#7007 = COLOUR_RGB ( '',0.8313725490196077761, 0.8313725490196077761, 0.8196078431372548767 ) ;
#7008 = CARTESIAN_POINT ( 'NONE',  ( -0.04364562833173837170, -0.8105013749655840538, 0.01000000000000000021 ) ) ;
#7009 = CARTESIAN_POINT ( 'NONE',  ( 0.1319641277658226419, -0.8995257652094864609, 0.000000000000000000 ) ) ;
#7010 = CARTESIAN_POINT ( 'NONE',  ( 0.07245574361948114994, -0.8202574725265596722, 0.01000000000000000021 ) ) ;
#7011 = VECTOR ( 'NONE', #942, 1000.000000000000000 ) ;
#7012 =( NAMED_UNIT ( * ) SI_UNIT ( $, .STERADIAN. ) SOLID_ANGLE_UNIT ( ) );
#7013 =( NAMED_UNIT ( * ) PLANE_ANGLE_UNIT ( ) SI_UNIT ( $, .RADIAN. ) );
#7014 = CIRCLE ( 'NONE', #2553, 0.1226805411497119691 ) ;
#7015 = CARTESIAN_POINT ( 'NONE',  ( 0.1227012113781323771, -0.8729196813163477842, 0.01000000000000000021 ) ) ;
#7016 = ORIENTED_EDGE ( 'NONE', *, *, #7503, .T. ) ;
#7017 = CARTESIAN_POINT ( 'NONE',  ( -0.1240138809298189093, -0.8648348328941803942, 0.000000000000000000 ) ) ;
#7018 = CARTESIAN_POINT ( 'NONE',  ( -0.2050510257216819898, 0.7500000000000001110, -0.02000000000000000042 ) ) ;
#7019 = MECHANICAL_DESIGN_GEOMETRIC_PRESENTATION_REPRESENTATION (  '', ( #4812 ), #2559 ) ;
#7020 = FACE_BOUND ( 'NONE', #5305, .T. ) ;
#7021 =( NAMED_UNIT ( * ) PLANE_ANGLE_UNIT ( ) SI_UNIT ( $, .RADIAN. ) );
#7022 = ORIENTED_EDGE ( 'NONE', *, *, #1430, .F. ) ;
#7023 = AXIS2_PLACEMENT_3D ( 'NONE', #1616, #1701, #2147 ) ;
#7024 =( NAMED_UNIT ( * ) SI_UNIT ( $, .STERADIAN. ) SOLID_ANGLE_UNIT ( ) );
#7025 =( LENGTH_UNIT ( ) NAMED_UNIT ( * ) SI_UNIT ( .MILLI., .METRE. ) );
#7026 = DIRECTION ( 'NONE',  ( -1.000000000000000000, 0.000000000000000000, -0.000000000000000000 ) ) ;
#7027 =( LENGTH_UNIT ( ) NAMED_UNIT ( * ) SI_UNIT ( .MILLI., .METRE. ) );
#7028 = VECTOR ( 'NONE', #4633, 1000.000000000000000 ) ;
#7029 = CARTESIAN_POINT ( 'NONE',  ( 0.05960874319686388506, -0.8102485411924787995, 0.01000000000000000021 ) ) ;
#7030 = CARTESIAN_POINT ( 'NONE',  ( -0.1054257675373008879, -0.8998206240688676472, 0.01000000000000000021 ) ) ;
#7031 =( GEOMETRIC_REPRESENTATION_CONTEXT ( 3 ) GLOBAL_UNCERTAINTY_ASSIGNED_CONTEXT ( ( #6054 ) ) GLOBAL_UNIT_ASSIGNED_CONTEXT ( ( #6164, #1764, #473 ) ) REPRESENTATION_CONTEXT ( 'NONE', 'WORKASPACE' ) );
#7032 =( NAMED_UNIT ( * ) SI_UNIT ( $, .STERADIAN. ) SOLID_ANGLE_UNIT ( ) );
#7033 =( LENGTH_UNIT ( ) NAMED_UNIT ( * ) SI_UNIT ( .MILLI., .METRE. ) );
#7034 = DIRECTION ( 'NONE',  ( 1.000000000000000000, -0.000000000000000000, -0.000000000000000000 ) ) ;
#7035 = DIRECTION ( 'NONE',  ( -0.000000000000000000, 0.000000000000000000, 1.000000000000000000 ) ) ;
#7036 = UNCERTAINTY_MEASURE_WITH_UNIT (LENGTH_MEASURE( 1.000000000000000082E-05 ), #7669, 'distance_accuracy_value', 'NONE');
#7037 = ORIENTED_EDGE ( 'NONE', *, *, #8063, .T. ) ;
#7038 = DIRECTION ( 'NONE',  ( 1.084202172485503448E-16, -1.000000000000000000, 0.000000000000000000 ) ) ;
#7039 = EDGE_CURVE ( 'NONE', #2428, #5899, #1856, .T. ) ;
#7040 = CARTESIAN_POINT ( 'NONE',  ( 0.7621383144406077559, -1.010000000000002673, 0.1817582956874659594 ) ) ;
#7041 = ADVANCED_FACE ( 'NONE', ( #1198 ), #3702, .T. ) ;
#7042 = SURFACE_STYLE_USAGE ( .BOTH. , #872 ) ;
#7043 = COLOUR_RGB ( '',0.8313725490196077761, 0.8313725490196077761, 0.8196078431372548767 ) ;
#7044 = SURFACE_SIDE_STYLE ('',( #4107 ) ) ;
#7045 = MECHANICAL_DESIGN_GEOMETRIC_PRESENTATION_REPRESENTATION (  '', ( #3231 ), #1409 ) ;
#7046 = ORIENTED_EDGE ( 'NONE', *, *, #3848, .T. ) ;
#7047 = VERTEX_POINT ( 'NONE', #189 ) ;
#7048 = VECTOR ( 'NONE', #7481, 1000.000000000000000 ) ;
#7049 = AXIS2_PLACEMENT_3D ( 'NONE', #5773, #4498, #6376 ) ;
#7050 = CARTESIAN_POINT ( 'NONE',  ( -0.07323266570847991597, -0.8215062841385910586, 0.000000000000000000 ) ) ;
#7051 = VECTOR ( 'NONE', #5723, 1000.000000000000000 ) ;
#7052 = SURFACE_SIDE_STYLE ('',( #1302 ) ) ;
#7053 =( LENGTH_UNIT ( ) NAMED_UNIT ( * ) SI_UNIT ( .MILLI., .METRE. ) );
#7054 = ADVANCED_FACE ( 'NONE', ( #687 ), #5187, .T. ) ;
#7055 = CARTESIAN_POINT ( 'NONE',  ( 0.1227012113781323771, -0.8729196813163477842, 0.000000000000000000 ) ) ;
#7056 = AXIS2_PLACEMENT_3D ( 'NONE', #10, #5040, #5005 ) ;
#7057 = EDGE_LOOP ( 'NONE', ( #6959, #1704, #6822, #5427 ) ) ;
#7058 = CARTESIAN_POINT ( 'NONE',  ( -0.1240138809298189093, -0.8648348328941803942, 0.01000000000000000021 ) ) ;
#7059 = LINE ( 'NONE', #6407, #1893 ) ;
#7060 = MECHANICAL_DESIGN_GEOMETRIC_PRESENTATION_REPRESENTATION (  '', ( #5894 ), #5759 ) ;
#7061 = MECHANICAL_DESIGN_GEOMETRIC_PRESENTATION_REPRESENTATION (  '', ( #5891 ), #1286 ) ;
#7062 = PRESENTATION_STYLE_ASSIGNMENT (( #109 ) ) ;
#7063 = ORIENTED_EDGE ( 'NONE', *, *, #3271, .T. ) ;
#7064 = EDGE_CURVE ( 'NONE', #5559, #2144, #74, .T. ) ;
#7065 = MECHANICAL_DESIGN_GEOMETRIC_PRESENTATION_REPRESENTATION (  '', ( #3924 ), #4596 ) ;
#7066 = CARTESIAN_POINT ( 'NONE',  ( -0.07276290350157858799, -0.8994931943178073874, 0.01000000000000000021 ) ) ;
#7067 = DIRECTION ( 'NONE',  ( 1.000000000000000000, 0.000000000000000000, 0.000000000000000000 ) ) ;
#7068 = LINE ( 'NONE', #3911, #4630 ) ;
#7069 = CARTESIAN_POINT ( 'NONE',  ( -0.1739238295512506027, -0.8297086920387548581, 0.000000000000000000 ) ) ;
#7070 = FILL_AREA_STYLE_COLOUR ( '', #2938 ) ;
#7071 = FACE_OUTER_BOUND ( 'NONE', #329, .T. ) ;
#7072 = CARTESIAN_POINT ( 'NONE',  ( -0.2216944088195432483, -0.9105013749655840316, 0.000000000000000000 ) ) ;
#7073 = DIRECTION ( 'NONE',  ( -1.000000000000000000, 0.000000000000000000, 0.000000000000000000 ) ) ;
#7074 =( LENGTH_UNIT ( ) NAMED_UNIT ( * ) SI_UNIT ( .MILLI., .METRE. ) );
#7075 = CARTESIAN_POINT ( 'NONE',  ( -0.7621383144406077559, 1.010000000000002673, 0.1817582956874659594 ) ) ;
#7076 =( LENGTH_UNIT ( ) NAMED_UNIT ( * ) SI_UNIT ( .MILLI., .METRE. ) );
#7077 = ORIENTED_EDGE ( 'NONE', *, *, #7087, .F. ) ;
#7078 = UNCERTAINTY_MEASURE_WITH_UNIT (LENGTH_MEASURE( 1.000000000000000082E-05 ), #3281, 'distance_accuracy_value', 'NONE');
#7079 = FACE_OUTER_BOUND ( 'NONE', #1095, .T. ) ;
#7080 = DIRECTION ( 'NONE',  ( 0.000000000000000000, 0.000000000000000000, 1.000000000000000000 ) ) ;
#7081 = DIRECTION ( 'NONE',  ( -0.000000000000000000, 0.000000000000000000, 1.000000000000000000 ) ) ;
#7082 = CARTESIAN_POINT ( 'NONE',  ( -0.2050510257216819898, 0.7500000000000001110, -0.02000000000000000042 ) ) ;
#7083 = VERTEX_POINT ( 'NONE', #6982 ) ;
#7084 = PLANE ( 'NONE',  #6015 ) ;
#7085 = ORIENTED_EDGE ( 'NONE', *, *, #4955, .T. ) ;
#7086 = ORIENTED_EDGE ( 'NONE', *, *, #3795, .T. ) ;
#7087 = EDGE_CURVE ( 'NONE', #6595, #515, #7522, .T. ) ;
#7088 = ADVANCED_FACE ( 'NONE', ( #1313 ), #5679, .T. ) ;
#7089 = CARTESIAN_POINT ( 'NONE',  ( 0.6850000000000007194, 0.8249999999999999556, -0.02000000000000000042 ) ) ;
#7090 = CARTESIAN_POINT ( 'NONE',  ( -0.1232885693208713579, -0.8487177528229756795, 0.01000000000000000021 ) ) ;
#7091 = DIRECTION ( 'NONE',  ( 0.000000000000000000, -1.000000000000000000, 0.000000000000000000 ) ) ;
#7092 = CARTESIAN_POINT ( 'NONE',  ( 0.7350000000000005418, -0.1250000000000000000, -0.02000000000000000042 ) ) ;
#7093 = VERTEX_POINT ( 'NONE', #3239 ) ;
#7094 = LINE ( 'NONE', #2117, #6145 ) ;
#7095 = DIRECTION ( 'NONE',  ( -0.000000000000000000, -0.000000000000000000, 1.000000000000000000 ) ) ;
#7096 = COLOUR_RGB ( '',0.8313725490196077761, 0.8313725490196077761, 0.8196078431372548767 ) ;
#7097 = ORIENTED_EDGE ( 'NONE', *, *, #5743, .T. ) ;
#7098 = EDGE_CURVE ( 'NONE', #876, #4719, #36, .T. ) ;
#7099 = EDGE_CURVE ( 'NONE', #3477, #5403, #7563, .T. ) ;
#7100 = CARTESIAN_POINT ( 'NONE',  ( -0.1755244393073481235, -0.8226964969168035768, 0.000000000000000000 ) ) ;
#7101 = VERTEX_POINT ( 'NONE', #7887 ) ;
#7102 = DIRECTION ( 'NONE',  ( -1.000000000000000000, -1.084202172485503325E-16, 0.000000000000000000 ) ) ;
#7103 = DIRECTION ( 'NONE',  ( 0.000000000000000000, -0.000000000000000000, -1.000000000000000000 ) ) ;
#7104 = CARTESIAN_POINT ( 'NONE',  ( -0.1106172301729310137, -0.8640567136737035137, 0.01000000000000000021 ) ) ;
#7105 = SURFACE_SIDE_STYLE ('',( #2096 ) ) ;
#7106 = FACE_OUTER_BOUND ( 'NONE', #5282, .T. ) ;
#7107 = CARTESIAN_POINT ( 'NONE',  ( -0.4076060066089044476, -1.010000000000002673, 0.1817582956874659594 ) ) ;
#7108 = EDGE_CURVE ( 'NONE', #2891, #3477, #940, .T. ) ;
#7109 = CARTESIAN_POINT ( 'NONE',  ( 0.1099108377256023672, -0.8570159654882163469, 0.000000000000000000 ) ) ;
#7110 = AXIS2_PLACEMENT_3D ( 'NONE', #1606, #2134, #5319 ) ;
#7111 = VECTOR ( 'NONE', #5977, 1000.000000000000000 ) ;
#7112 = SURFACE_STYLE_USAGE ( .BOTH. , #6219 ) ;
#7113 = DIRECTION ( 'NONE',  ( -1.000000000000000000, -0.000000000000000000, -0.000000000000000000 ) ) ;
#7114 = LINE ( 'NONE', #2708, #5495 ) ;
#7115 = LINE ( 'NONE', #2059, #7028 ) ;
#7116 = ORIENTED_EDGE ( 'NONE', *, *, #4113, .F. ) ;
#7117 = UNCERTAINTY_MEASURE_WITH_UNIT (LENGTH_MEASURE( 1.000000000000000082E-05 ), #5545, 'distance_accuracy_value', 'NONE');
#7118 = B_SPLINE_SURFACE_WITH_KNOTS ( 'NONE', 3, 1, ( 
 ( #1405, #2437 ),
 ( #5110, #7634 ),
 ( #4493, #6984 ),
 ( #5769, #6371 ),
 ( #117, #2627 ),
 ( #6448, #7029 ),
 ( #779, #815 ),
 ( #1486, #7722 ),
 ( #4627, #3283 ),
 ( #152, #6486 ),
 ( #3317, #7672 ) ),
 .UNSPECIFIED., .F., .F., .F.,
 ( 4, 1, 1, 1, 1, 1, 1, 1, 4 ),
 ( 2, 2 ),
 ( 0.000000000000000000, 0.1451868664724697278, 0.2834426109197302757, 0.4165243659288293543, 0.5431811235350831879, 0.6651530826377136663, 0.7813602063127165209, 0.8927566556418095045, 1.000000000000000000 ),
 ( 0.000000000000000000, 1.000000000000000000 ),
 .UNSPECIFIED. ) ;
#7119 = ORIENTED_EDGE ( 'NONE', *, *, #2092, .F. ) ;
#7120 =( GEOMETRIC_REPRESENTATION_CONTEXT ( 3 ) GLOBAL_UNCERTAINTY_ASSIGNED_CONTEXT ( ( #2344 ) ) GLOBAL_UNIT_ASSIGNED_CONTEXT ( ( #4682, #487, #2421 ) ) REPRESENTATION_CONTEXT ( 'NONE', 'WORKASPACE' ) );
#7121 = CARTESIAN_POINT ( 'NONE',  ( -1.000000000000000888, 0.9999999999999991118, 0.2500000000000000000 ) ) ;
#7122 = CARTESIAN_POINT ( 'NONE',  ( 0.6850000000000006084, -0.6750000000000000444, -0.02000000000000000042 ) ) ;
#7123 = PRESENTATION_STYLE_ASSIGNMENT (( #2796 ) ) ;
#7124 = ORIENTED_EDGE ( 'NONE', *, *, #3803, .T. ) ;
#7125 = EDGE_LOOP ( 'NONE', ( #7492, #3000, #740, #3550 ) ) ;
#7126 = EDGE_LOOP ( 'NONE', ( #7212, #1952, #7184, #4081 ) ) ;
#7127 =( LENGTH_UNIT ( ) NAMED_UNIT ( * ) SI_UNIT ( .MILLI., .METRE. ) );
#7128 =( NAMED_UNIT ( * ) SI_UNIT ( $, .STERADIAN. ) SOLID_ANGLE_UNIT ( ) );
#7129 = SURFACE_STYLE_FILL_AREA ( #217 ) ;
#7130 = VECTOR ( 'NONE', #4234, 1000.000000000000000 ) ;
#7131 = CARTESIAN_POINT ( 'NONE',  ( -0.1221360879056426763, -0.8438310770282602125, 0.01000000000000000021 ) ) ;
#7132 = LINE ( 'NONE', #255, #1353 ) ;
#7133 = VECTOR ( 'NONE', #7137, 1000.000000000000000 ) ;
#7134 = CARTESIAN_POINT ( 'NONE',  ( -0.07125614662442127101, -0.8995257652094864609, 0.01000000000000000021 ) ) ;
#7135 = ORIENTED_EDGE ( 'NONE', *, *, #4769, .F. ) ;
#7136 = CARTESIAN_POINT ( 'NONE',  ( -0.1092856826941171061, -0.8965680676540068728, 0.01000000000000000021 ) ) ;
#7137 = DIRECTION ( 'NONE',  ( -0.000000000000000000, 1.000000000000000000, -0.000000000000000000 ) ) ;
#7138 = VERTEX_POINT ( 'NONE', #2823 ) ;
#7139 = FILL_AREA_STYLE ('',( #6049 ) ) ;
#7140 = CARTESIAN_POINT ( 'NONE',  ( 0.1094647100449619576, -0.8700538234775488933, 0.01000000000000000021 ) ) ;
#7141 = ORIENTED_EDGE ( 'NONE', *, *, #1187, .F. ) ;
#7142 =( NAMED_UNIT ( * ) SI_UNIT ( $, .STERADIAN. ) SOLID_ANGLE_UNIT ( ) );
#7143 = EDGE_CURVE ( 'NONE', #6349, #5408, #5922, .T. ) ;
#7144 = FACE_OUTER_BOUND ( 'NONE', #6146, .T. ) ;
#7145 = DIRECTION ( 'NONE',  ( -0.000000000000000000, -0.000000000000000000, 1.000000000000000000 ) ) ;
#7146 = EDGE_CURVE ( 'NONE', #2283, #8068, #4749, .T. ) ;
#7147 = CARTESIAN_POINT ( 'NONE',  ( -1.000000000000000666, -1.000000000000002665, 0.5300000000000000266 ) ) ;
#7148 = CARTESIAN_POINT ( 'NONE',  ( -1.010000000000000453, 0.3749999999999998890, -0.02000000000000000042 ) ) ;
#7149 = FACE_OUTER_BOUND ( 'NONE', #2275, .T. ) ;
#7150 = PRESENTATION_LAYER_ASSIGNMENT (  '', '', ( #2551 ) ) ;
#7151 = CARTESIAN_POINT ( 'NONE',  ( 0.1099782768056830062, -0.8600238390420337220, 0.000000000000000000 ) ) ;
#7152 = VECTOR ( 'NONE', #5351, 1000.000000000000000 ) ;
#7153 = VECTOR ( 'NONE', #3814, 1000.000000000000000 ) ;
#7154 = SURFACE_STYLE_FILL_AREA ( #4671 ) ;
#7155 = EDGE_CURVE ( 'NONE', #6715, #3516, #3445, .T. ) ;
#7156 = AXIS2_PLACEMENT_3D ( 'NONE', #6631, #6041, #4926 ) ;
#7157 = SURFACE_SIDE_STYLE ('',( #7893 ) ) ;
#7158 = CARTESIAN_POINT ( 'NONE',  ( 0.7621383144406077559, -1.010000000000002673, 0.1817582956874659594 ) ) ;
#7159 = DIRECTION ( 'NONE',  ( 0.000000000000000000, 0.000000000000000000, 1.000000000000000000 ) ) ;
#7160 = ORIENTED_EDGE ( 'NONE', *, *, #6192, .F. ) ;
#7161 = DIRECTION ( 'NONE',  ( 1.000000000000000000, 3.942553354492745996E-16, 0.000000000000000000 ) ) ;
#7162 = VERTEX_POINT ( 'NONE', #7804 ) ;
#7163 =( LENGTH_UNIT ( ) NAMED_UNIT ( * ) SI_UNIT ( .MILLI., .METRE. ) );
#7164 = CARTESIAN_POINT ( 'NONE',  ( 0.1107488941502550034, -0.8982451399381790047, 0.000000000000000000 ) ) ;
#7165 = ADVANCED_FACE ( 'NONE', ( #7232 ), #855, .T. ) ;
#7166 = LINE ( 'NONE', #327, #2276 ) ;
#7167 = SURFACE_STYLE_FILL_AREA ( #5903 ) ;
#7168 = EDGE_LOOP ( 'NONE', ( #3136, #5942, #867, #7756 ) ) ;
#7169 = ORIENTED_EDGE ( 'NONE', *, *, #6192, .T. ) ;
#7170 =( LENGTH_UNIT ( ) NAMED_UNIT ( * ) SI_UNIT ( .MILLI., .METRE. ) );
#7171 = CARTESIAN_POINT ( 'NONE',  ( 0.05488889138073237833, -0.9081671437740543862, 0.01000000000000000021 ) ) ;
#7172 = SURFACE_SIDE_STYLE ('',( #887 ) ) ;
#7173 = CARTESIAN_POINT ( 'NONE',  ( -0.7350000000000006528, 0.3250000000000000111, -0.02000000000000000042 ) ) ;
#7174 = PRESENTATION_LAYER_ASSIGNMENT (  '', '', ( #4834 ) ) ;
#7175 = DIRECTION ( 'NONE',  ( 0.000000000000000000, 0.000000000000000000, -1.000000000000000000 ) ) ;
#7176 =( GEOMETRIC_REPRESENTATION_CONTEXT ( 3 ) GLOBAL_UNCERTAINTY_ASSIGNED_CONTEXT ( ( #2880 ) ) GLOBAL_UNIT_ASSIGNED_CONTEXT ( ( #7491, #3792, #7447 ) ) REPRESENTATION_CONTEXT ( 'NONE', 'WORKASPACE' ) );
#7177 = ORIENTED_EDGE ( 'NONE', *, *, #3131, .T. ) ;
#7178 = CARTESIAN_POINT ( 'NONE',  ( -0.07275101100524893061, -0.9104667444279684885, 0.000000000000000000 ) ) ;
#7179 = FILL_AREA_STYLE ('',( #4698 ) ) ;
#7180 = ORIENTED_EDGE ( 'NONE', *, *, #4000, .T. ) ;
#7181 =( GEOMETRIC_REPRESENTATION_CONTEXT ( 3 ) GLOBAL_UNCERTAINTY_ASSIGNED_CONTEXT ( ( #196 ) ) GLOBAL_UNIT_ASSIGNED_CONTEXT ( ( #7170, #4021, #2686 ) ) REPRESENTATION_CONTEXT ( 'NONE', 'WORKASPACE' ) );
#7182 = COLOUR_RGB ( '',0.8313725490196077761, 0.8313725490196077761, 0.8196078431372548767 ) ;
#7183 = DIRECTION ( 'NONE',  ( -0.000000000000000000, -0.000000000000000000, 1.000000000000000000 ) ) ;
#7184 = ORIENTED_EDGE ( 'NONE', *, *, #2761, .F. ) ;
#7185 =( GEOMETRIC_REPRESENTATION_CONTEXT ( 3 ) GLOBAL_UNCERTAINTY_ASSIGNED_CONTEXT ( ( #3551 ) ) GLOBAL_UNIT_ASSIGNED_CONTEXT ( ( #6211, #8057, #5845 ) ) REPRESENTATION_CONTEXT ( 'NONE', 'WORKASPACE' ) );
#7186 = VECTOR ( 'NONE', #7529, 1000.000000000000000 ) ;
#7187 = DIRECTION ( 'NONE',  ( 1.000000000000000000, -1.655141553730136361E-16, 0.000000000000000000 ) ) ;
#7188 = DIRECTION ( 'NONE',  ( 1.000000000000000000, 3.942553354492745503E-16, 0.000000000000000000 ) ) ;
#7189 = DIRECTION ( 'NONE',  ( 0.000000000000000000, -1.000000000000000000, 0.000000000000000000 ) ) ;
#7190 = MANIFOLD_SOLID_BREP ( '����1', #7766 ) ;
#7191 = B_SPLINE_SURFACE_WITH_KNOTS ( 'NONE', 3, 1, ( 
 ( #2685, #3975 ),
 ( #7050, #2801 ),
 ( #1428, #835 ),
 ( #5867, #6430 ),
 ( #798, #212 ),
 ( #4020, #5291 ),
 ( #6510, #881 ),
 ( #3392, #5908 ),
 ( #3427, #2760 ),
 ( #1545, #2152 ),
 ( #460, #2965 ),
 ( #4772, #5413 ),
 ( #7416, #4317 ),
 ( #3006, #5535 ),
 ( #1748, #7871 ),
 ( #5496, #2849 ),
 ( #6711, #5453 ),
 ( #1621, #1087 ),
 ( #6797, #6075 ) ),
 .UNSPECIFIED., .F., .F., .F.,
 ( 4, 1, 1, 1, 1, 1, 1, 1, 1, 1, 1, 1, 1, 1, 1, 1, 4 ),
 ( 2, 2 ),
 ( 0.000000000000000000, 0.06905834295325574690, 0.1347587622790566986, 0.1981442478041419708, 0.2590865018434190814, 0.3187028072090646313, 0.3768512776663807129, 0.4345350872231532602, 0.4921793884442127176, 0.5499125454004145652, 0.6074703275914981049, 0.6661752554209274813, 0.7264573934965325996, 0.7895005038967209954, 0.8556063896355828868, 0.9256962035571854042, 1.000000000000000000 ),
 ( 0.000000000000000000, 1.000000000000000000 ),
 .UNSPECIFIED. ) ;
#7192 = VECTOR ( 'NONE', #805, 1000.000000000000000 ) ;
#7193 = FACE_OUTER_BOUND ( 'NONE', #3880, .T. ) ;
#7194 = SURFACE_STYLE_USAGE ( .BOTH. , #4130 ) ;
#7195 = AXIS2_PLACEMENT_3D ( 'NONE', #5651, #2478, #3159 ) ;
#7196 = EDGE_CURVE ( 'NONE', #4862, #3148, #6010, .T. ) ;
#7197 = EDGE_CURVE ( 'NONE', #2838, #7947, #6529, .T. ) ;
#7198 = VECTOR ( 'NONE', #4907, 1000.000000000000000 ) ;
#7199 = LINE ( 'NONE', #1568, #2386 ) ;
#7200 = DIRECTION ( 'NONE',  ( 1.000000000000000000, 0.000000000000000000, 0.000000000000000000 ) ) ;
#7201 =( NAMED_UNIT ( * ) PLANE_ANGLE_UNIT ( ) SI_UNIT ( $, .RADIAN. ) );
#7202 = CARTESIAN_POINT ( 'NONE',  ( -0.1740749719442313825, -0.8292529042380787363, 0.01000000000000000021 ) ) ;
#7203 = STYLED_ITEM ( 'NONE', ( #3825 ), #7088 ) ;
#7204 = PRESENTATION_STYLE_ASSIGNMENT (( #3371 ) ) ;
#7205 = CARTESIAN_POINT ( 'NONE',  ( -0.8246046625001746122, 0.8185251959338152306, 0.5300000000000000266 ) ) ;
#7206 = VERTEX_POINT ( 'NONE', #6688 ) ;
#7207 = EDGE_LOOP ( 'NONE', ( #5419, #2886, #5491, #7360 ) ) ;
#7208 = EDGE_CURVE ( 'NONE', #1846, #4876, #1723, .T. ) ;
#7209 =( NAMED_UNIT ( * ) SI_UNIT ( $, .STERADIAN. ) SOLID_ANGLE_UNIT ( ) );
#7210 =( NAMED_UNIT ( * ) PLANE_ANGLE_UNIT ( ) SI_UNIT ( $, .RADIAN. ) );
#7211 = CARTESIAN_POINT ( 'NONE',  ( 0.05776507377784085434, -0.8982942721071593972, 0.000000000000000000 ) ) ;
#7212 = ORIENTED_EDGE ( 'NONE', *, *, #4304, .T. ) ;
#7213 = ORIENTED_EDGE ( 'NONE', *, *, #1081, .F. ) ;
#7214 = EDGE_CURVE ( 'NONE', #2771, #6856, #3629, .T. ) ;
#7215 = PRESENTATION_STYLE_ASSIGNMENT (( #2079 ) ) ;
#7216 = SURFACE_SIDE_STYLE ('',( #2080 ) ) ;
#7217 = DIRECTION ( 'NONE',  ( 1.000000000000000000, 3.942553354492745503E-16, 0.000000000000000000 ) ) ;
#7218 = LINE ( 'NONE', #5456, #7285 ) ;
#7219 = PLANE ( 'NONE',  #6115 ) ;
#7220 = PRESENTATION_STYLE_ASSIGNMENT (( #4737 ) ) ;
#7221 = PRESENTATION_STYLE_ASSIGNMENT (( #296 ) ) ;
#7222 = ORIENTED_EDGE ( 'NONE', *, *, #3482, .T. ) ;
#7223 = CARTESIAN_POINT ( 'NONE',  ( -0.1127758876509542402, -0.8929339119271987313, 0.01000000000000000021 ) ) ;
#7224 = LINE ( 'NONE', #3526, #1501 ) ;
#7225 = VERTEX_POINT ( 'NONE', #3731 ) ;
#7226 = CARTESIAN_POINT ( 'NONE',  ( -0.1744016855078164285, -0.8282676607623019605, 0.01000000000000000021 ) ) ;
#7227 = SURFACE_STYLE_USAGE ( .BOTH. , #6124 ) ;
#7228 = ORIENTED_EDGE ( 'NONE', *, *, #2531, .T. ) ;
#7229 = FILL_AREA_STYLE ('',( #2746 ) ) ;
#7230 = PRESENTATION_STYLE_ASSIGNMENT (( #308 ) ) ;
#7231 = PRESENTATION_LAYER_ASSIGNMENT (  '', '', ( #3017 ) ) ;
#7232 = FACE_OUTER_BOUND ( 'NONE', #1612, .T. ) ;
#7233 = CARTESIAN_POINT ( 'NONE',  ( -0.07083693930734810684, -0.9105013749655840316, 0.01000000000000000021 ) ) ;
#7234 =( NAMED_UNIT ( * ) PLANE_ANGLE_UNIT ( ) SI_UNIT ( $, .RADIAN. ) );
#7235 =( GEOMETRIC_REPRESENTATION_CONTEXT ( 3 ) GLOBAL_UNCERTAINTY_ASSIGNED_CONTEXT ( ( #5283 ) ) GLOBAL_UNIT_ASSIGNED_CONTEXT ( ( #7127, #7697, #3343 ) ) REPRESENTATION_CONTEXT ( 'NONE', 'WORKASPACE' ) );
#7236 = SURFACE_SIDE_STYLE ('',( #6612 ) ) ;
#7237 = CARTESIAN_POINT ( 'NONE',  ( -0.1127657485068189469, -0.8271084791742354669, 0.000000000000000000 ) ) ;
#7238 = FILL_AREA_STYLE ('',( #490 ) ) ;
#7239 = AXIS2_PLACEMENT_3D ( 'NONE', #6976, #6941, #2537 ) ;
#7240 = CARTESIAN_POINT ( 'NONE',  ( 0.000000000000000000, 0.000000000000000000, 0.01000000000000000021 ) ) ;
#7241 = ORIENTED_EDGE ( 'NONE', *, *, #2673, .F. ) ;
#7242 = CARTESIAN_POINT ( 'NONE',  ( 0.1091211399118652420, -0.8238264256448692979, 0.000000000000000000 ) ) ;
#7243 = ORIENTED_EDGE ( 'NONE', *, *, #7741, .F. ) ;
#7244 = COLOUR_RGB ( '',0.8313725490196077761, 0.8313725490196077761, 0.8196078431372548767 ) ;
#7245 = DIRECTION ( 'NONE',  ( -0.000000000000000000, 0.000000000000000000, 1.000000000000000000 ) ) ;
#7246 = FILL_AREA_STYLE ('',( #7392 ) ) ;
#7247 = LINE ( 'NONE', #7330, #6090 ) ;
#7248 = FACE_OUTER_BOUND ( 'NONE', #2328, .T. ) ;
#7249 = ADVANCED_FACE ( 'NONE', ( #1810 ), #3693, .F. ) ;
#7250 = ADVANCED_FACE ( 'NONE', ( #6241 ), #4582, .F. ) ;
#7251 = VERTEX_POINT ( 'NONE', #676 ) ;
#7252 = DIRECTION ( 'NONE',  ( 1.000000000000000000, 0.000000000000000000, 0.000000000000000000 ) ) ;
#7253 = ORIENTED_EDGE ( 'NONE', *, *, #3169, .T. ) ;
#7254 = PRESENTATION_LAYER_ASSIGNMENT (  '', '', ( #945 ) ) ;
#7255 = SURFACE_STYLE_USAGE ( .BOTH. , #1464 ) ;
#7256 = CARTESIAN_POINT ( 'NONE',  ( 0.07381067980593218614, -0.8202866061351572480, 0.000000000000000000 ) ) ;
#7257 = CARTESIAN_POINT ( 'NONE',  ( -0.1240935164204097496, -0.8574310563572661303, 0.01000000000000000021 ) ) ;
#7258 = DIRECTION ( 'NONE',  ( -1.000000000000000000, 0.000000000000000000, -0.000000000000000000 ) ) ;
#7259 = ADVANCED_FACE ( 'NONE', ( #27 ), #2127, .F. ) ;
#7260 = ORIENTED_EDGE ( 'NONE', *, *, #758, .F. ) ;
#7261 = DIRECTION ( 'NONE',  ( 0.000000000000000000, 0.000000000000000000, 1.000000000000000000 ) ) ;
#7262 = CARTESIAN_POINT ( 'NONE',  ( -0.1744016855078164285, -0.8282676607623019605, 0.000000000000000000 ) ) ;
#7263 = ORIENTED_EDGE ( 'NONE', *, *, #1689, .F. ) ;
#7264 = LINE ( 'NONE', #4860, #8018 ) ;
#7265 = CARTESIAN_POINT ( 'NONE',  ( -0.1751875483875110773, -0.8247537818942425325, 0.000000000000000000 ) ) ;
#7266 = VECTOR ( 'NONE', #2861, 1000.000000000000000 ) ;
#7267 = FILL_AREA_STYLE_COLOUR ( '', #3071 ) ;
#7268 = VERTEX_POINT ( 'NONE', #338 ) ;
#7269 = VECTOR ( 'NONE', #2741, 1000.000000000000000 ) ;
#7270 = SURFACE_STYLE_USAGE ( .BOTH. , #5469 ) ;
#7271 = DIRECTION ( 'NONE',  ( -1.000000000000000000, 0.000000000000000000, -0.000000000000000000 ) ) ;
#7272 = UNCERTAINTY_MEASURE_WITH_UNIT (LENGTH_MEASURE( 1.000000000000000082E-05 ), #4153, 'distance_accuracy_value', 'NONE');
#7273 =( NAMED_UNIT ( * ) SI_UNIT ( $, .STERADIAN. ) SOLID_ANGLE_UNIT ( ) );
#7274 = LINE ( 'NONE', #1065, #1382 ) ;
#7275 = CARTESIAN_POINT ( 'NONE',  ( 0.08035015165210042387, -0.8209047264362887564, 0.01000000000000000021 ) ) ;
#7276 = PRESENTATION_LAYER_ASSIGNMENT (  '', '', ( #6220 ) ) ;
#7277 = AXIS2_PLACEMENT_3D ( 'NONE', #4302, #2423, #1779 ) ;
#7278 = CARTESIAN_POINT ( 'NONE',  ( 0.01611046922923725991, -0.8544038139899742257, 0.000000000000000000 ) ) ;
#7279 = PRESENTATION_STYLE_ASSIGNMENT (( #2948 ) ) ;
#7280 = VECTOR ( 'NONE', #990, 1000.000000000000000 ) ;
#7281 = MECHANICAL_DESIGN_GEOMETRIC_PRESENTATION_REPRESENTATION (  '', ( #2415 ), #7660 ) ;
#7282 = CARTESIAN_POINT ( 'NONE',  ( -1.000000000000000888, -0.8750000000000000000, 0.000000000000000000 ) ) ;
#7283 = PRESENTATION_STYLE_ASSIGNMENT (( #6698 ) ) ;
#7284 = ORIENTED_EDGE ( 'NONE', *, *, #6835, .T. ) ;
#7285 = VECTOR ( 'NONE', #3429, 1000.000000000000000 ) ;
#7286 = EDGE_LOOP ( 'NONE', ( #4377, #260, #3570, #8019, #6135, #1670 ) ) ;
#7287 = AXIS2_PLACEMENT_3D ( 'NONE', #1127, #3630, #698 ) ;
#7288 = VECTOR ( 'NONE', #674, 1000.000000000000000 ) ;
#7289 = CARTESIAN_POINT ( 'NONE',  ( 0.7621383144406077559, 1.010000000000002673, 0.1817582956874659594 ) ) ;
#7290 = CARTESIAN_POINT ( 'NONE',  ( 0.1076483514508634470, -0.8777045987799750870, 0.000000000000000000 ) ) ;
#7291 = ORIENTED_EDGE ( 'NONE', *, *, #2833, .T. ) ;
#7292 = FILL_AREA_STYLE_COLOUR ( '', #5747 ) ;
#7293 = ORIENTED_EDGE ( 'NONE', *, *, #6946, .F. ) ;
#7294 = STYLED_ITEM ( 'NONE', ( #597 ), #1530 ) ;
#7295 = PLANE ( 'NONE',  #3566 ) ;
#7296 = EDGE_CURVE ( 'NONE', #2048, #873, #3980, .T. ) ;
#7297 = ADVANCED_FACE ( 'NONE', ( #5296 ), #4695, .F. ) ;
#7298 = CARTESIAN_POINT ( 'NONE',  ( 0.1060131253375832944, -0.8408864642694581226, 0.01000000000000000021 ) ) ;
#7299 = LINE ( 'NONE', #6633, #6133 ) ;
#7300 = ORIENTED_EDGE ( 'NONE', *, *, #4799, .T. ) ;
#7301 = ORIENTED_EDGE ( 'NONE', *, *, #6992, .T. ) ;
#7302 = CARTESIAN_POINT ( 'NONE',  ( -0.1766088893565883611, -0.8268270514773681246, 0.01000000000000000021 ) ) ;
#7303 = EDGE_CURVE ( 'NONE', #1745, #7162, #4078, .T. ) ;
#7304 = SURFACE_STYLE_FILL_AREA ( #4819 ) ;
#7305 = VECTOR ( 'NONE', #4115, 1000.000000000000000 ) ;
#7306 = CARTESIAN_POINT ( 'NONE',  ( 0.09504822393892124743, -0.8948481658043894171, 0.01000000000000000021 ) ) ;
#7307 = ORIENTED_EDGE ( 'NONE', *, *, #1440, .F. ) ;
#7308 = DIRECTION ( 'NONE',  ( -0.000000000000000000, -1.000000000000000000, -0.000000000000000000 ) ) ;
#7309 = DIRECTION ( 'NONE',  ( -1.000000000000000000, 0.000000000000000000, 0.000000000000000000 ) ) ;
#7310 = SURFACE_STYLE_USAGE ( .BOTH. , #1688 ) ;
#7311 = PLANE ( 'NONE',  #6363 ) ;
#7312 = PRESENTATION_STYLE_ASSIGNMENT (( #7194 ) ) ;
#7313 = MECHANICAL_DESIGN_GEOMETRIC_PRESENTATION_REPRESENTATION (  '', ( #5751 ), #1815 ) ;
#7314 =( LENGTH_UNIT ( ) NAMED_UNIT ( * ) SI_UNIT ( .MILLI., .METRE. ) );
#7315 = COLOUR_RGB ( '',0.8313725490196077761, 0.8313725490196077761, 0.8196078431372548767 ) ;
#7316 = CARTESIAN_POINT ( 'NONE',  ( 0.05776507377784085434, -0.8982942721071593972, 0.01000000000000000021 ) ) ;
#7317 = VERTEX_POINT ( 'NONE', #6558 ) ;
#7318 = AXIS2_PLACEMENT_3D ( 'NONE', #312, #3362, #4751 ) ;
#7319 = CARTESIAN_POINT ( 'NONE',  ( -0.1205085890607091731, -0.8392209907861611917, 0.01000000000000000194 ) ) ;
#7320 =( NAMED_UNIT ( * ) SI_UNIT ( $, .STERADIAN. ) SOLID_ANGLE_UNIT ( ) );
#7321 = PRESENTATION_STYLE_ASSIGNMENT (( #2263 ) ) ;
#7322 = MECHANICAL_DESIGN_GEOMETRIC_PRESENTATION_REPRESENTATION (  '', ( #4848 ), #6149 ) ;
#7323 = CARTESIAN_POINT ( 'NONE',  ( 0.04903729849752992698, -0.8943428383802182191, 0.000000000000000000 ) ) ;
#7324 = EDGE_LOOP ( 'NONE', ( #4476, #2586, #3675, #7989 ) ) ;
#7325 = PRESENTATION_LAYER_ASSIGNMENT (  '', '', ( #4067 ) ) ;
#7326 = VERTEX_POINT ( 'NONE', #6433 ) ;
#7327 =( GEOMETRIC_REPRESENTATION_CONTEXT ( 3 ) GLOBAL_UNCERTAINTY_ASSIGNED_CONTEXT ( ( #595 ) ) GLOBAL_UNIT_ASSIGNED_CONTEXT ( ( #1190, #560, #8123 ) ) REPRESENTATION_CONTEXT ( 'NONE', 'WORKASPACE' ) );
#7328 = UNCERTAINTY_MEASURE_WITH_UNIT (LENGTH_MEASURE( 1.000000000000000082E-05 ), #108, 'distance_accuracy_value', 'NONE');
#7329 = SURFACE_STYLE_FILL_AREA ( #871 ) ;
#7330 = CARTESIAN_POINT ( 'NONE',  ( -0.1758483722341773747, -0.8226964969168035768, 0.000000000000000000 ) ) ;
#7331 = DIRECTION ( 'NONE',  ( -1.000000000000000000, 0.000000000000000000, -0.000000000000000000 ) ) ;
#7332 = ORIENTED_EDGE ( 'NONE', *, *, #2482, .F. ) ;
#7333 = SURFACE_SIDE_STYLE ('',( #6708 ) ) ;
#7334 = ORIENTED_EDGE ( 'NONE', *, *, #4113, .T. ) ;
#7335 = COLOUR_RGB ( '',0.8313725490196077761, 0.8313725490196077761, 0.8196078431372548767 ) ;
#7336 = PRESENTATION_STYLE_ASSIGNMENT (( #2316 ) ) ;
#7337 =( NAMED_UNIT ( * ) SI_UNIT ( $, .STERADIAN. ) SOLID_ANGLE_UNIT ( ) );
#7338 = CARTESIAN_POINT ( 'NONE',  ( 1.010000000000000453, 0.1250000000000000000, -0.02000000000000000042 ) ) ;
#7339 = CARTESIAN_POINT ( 'NONE',  ( 0.7621383144406077559, 1.010000000000002673, 0.07773384608415166708 ) ) ;
#7340 = EDGE_LOOP ( 'NONE', ( #3079, #3724, #1172, #1175 ) ) ;
#7341 =( LENGTH_UNIT ( ) NAMED_UNIT ( * ) SI_UNIT ( .MILLI., .METRE. ) );
#7342 = CARTESIAN_POINT ( 'NONE',  ( 0.7350000000000006528, 0.6750000000000000444, 0.000000000000000000 ) ) ;
#7343 = ORIENTED_EDGE ( 'NONE', *, *, #8038, .F. ) ;
#7344 = DIRECTION ( 'NONE',  ( 1.000000000000000000, 0.000000000000000000, 0.000000000000000000 ) ) ;
#7345 = ORIENTED_EDGE ( 'NONE', *, *, #2623, .F. ) ;
#7346 = LINE ( 'NONE', #7478, #4024 ) ;
#7347 = DIRECTION ( 'NONE',  ( 0.000000000000000000, -0.000000000000000000, -1.000000000000000000 ) ) ;
#7348 = ADVANCED_FACE ( 'NONE', ( #3476 ), #7834, .F. ) ;
#7349 = EDGE_CURVE ( 'NONE', #5408, #5367, #7299, .T. ) ;
#7350 = CARTESIAN_POINT ( 'NONE',  ( -0.1092961039021572017, -0.8466734015003082314, 0.000000000000000000 ) ) ;
#7351 = DIRECTION ( 'NONE',  ( 0.000000000000000000, 1.000000000000000000, 0.000000000000000000 ) ) ;
#7352 = CARTESIAN_POINT ( 'NONE',  ( 0.1020691722819426495, -0.8342911751936555875, 0.01000000000000000021 ) ) ;
#7353 = UNCERTAINTY_MEASURE_WITH_UNIT (LENGTH_MEASURE( 1.000000000000000082E-05 ), #5104, 'distance_accuracy_value', 'NONE');
#7354 = LINE ( 'NONE', #5396, #2326 ) ;
#7355 = ORIENTED_EDGE ( 'NONE', *, *, #3632, .T. ) ;
#7356 = CARTESIAN_POINT ( 'NONE',  ( 0.04903729849752992698, -0.9053184481363156788, 0.000000000000000000 ) ) ;
#7357 = EDGE_CURVE ( 'NONE', #4696, #3003, #2931, .T. ) ;
#7358 = FILL_AREA_STYLE_COLOUR ( '', #2594 ) ;
#7359 = DIRECTION ( 'NONE',  ( -3.942553354492745010E-16, -1.000000000000000000, 0.000000000000000000 ) ) ;
#7360 = ORIENTED_EDGE ( 'NONE', *, *, #351, .F. ) ;
#7361 = LINE ( 'NONE', #2957, #2190 ) ;
#7362 = PRESENTATION_LAYER_ASSIGNMENT (  '', '', ( #6315 ) ) ;
#7363 = VERTEX_POINT ( 'NONE', #4235 ) ;
#7364 = CARTESIAN_POINT ( 'NONE',  ( 0.07520534303660976472, -0.9117050867796666624, 0.000000000000000000 ) ) ;
#7365 =( NAMED_UNIT ( * ) PLANE_ANGLE_UNIT ( ) SI_UNIT ( $, .RADIAN. ) );
#7366 = MECHANICAL_DESIGN_GEOMETRIC_PRESENTATION_REPRESENTATION (  '', ( #3828 ), #7235 ) ;
#7367 = CARTESIAN_POINT ( 'NONE',  ( -0.7621383144406077559, 1.000000000000002665, 0.1817582956874659594 ) ) ;
#7368 = ORIENTED_EDGE ( 'NONE', *, *, #6955, .F. ) ;
#7369 = VERTEX_POINT ( 'NONE', #4814 ) ;
#7370 = ORIENTED_EDGE ( 'NONE', *, *, #5771, .F. ) ;
#7371 = SURFACE_STYLE_USAGE ( .BOTH. , #4849 ) ;
#7372 = VECTOR ( 'NONE', #8106, 1000.000000000000000 ) ;
#7373 =( NAMED_UNIT ( * ) SI_UNIT ( $, .STERADIAN. ) SOLID_ANGLE_UNIT ( ) );
#7374 = CARTESIAN_POINT ( 'NONE',  ( 0.1014542287219468431, -0.8174270327139863124, 0.009999999999999998473 ) ) ;
#7375 = SURFACE_SIDE_STYLE ('',( #7471 ) ) ;
#7376 = ORIENTED_EDGE ( 'NONE', *, *, #821, .F. ) ;
#7377 = CARTESIAN_POINT ( 'NONE',  ( -0.08401763880465387690, -0.8981148151539056768, 0.000000000000000000 ) ) ;
#7378 = ORIENTED_EDGE ( 'NONE', *, *, #1718, .F. ) ;
#7379 = LINE ( 'NONE', #4284, #1324 ) ;
#7380 = PRESENTATION_STYLE_ASSIGNMENT (( #1681 ) ) ;
#7381 = CARTESIAN_POINT ( 'NONE',  ( -0.000000000000000000, -0.8214769847216816245, 0.01000000000000000021 ) ) ;
#7382 = DIRECTION ( 'NONE',  ( 1.000000000000000000, -3.942553354492745996E-16, 0.000000000000000000 ) ) ;
#7383 =( NAMED_UNIT ( * ) PLANE_ANGLE_UNIT ( ) SI_UNIT ( $, .RADIAN. ) );
#7384 = SURFACE_STYLE_FILL_AREA ( #4373 ) ;
#7385 = VECTOR ( 'NONE', #3143, 1000.000000000000000 ) ;
#7386 = CARTESIAN_POINT ( 'NONE',  ( 0.02952510337557871442, -0.9105013749655840316, 0.000000000000000000 ) ) ;
#7387 = AXIS2_PLACEMENT_3D ( 'NONE', #2357, #4956, #5292 ) ;
#7388 = FACE_OUTER_BOUND ( 'NONE', #5566, .T. ) ;
#7389 = EDGE_CURVE ( 'NONE', #795, #1230, #5218, .T. ) ;
#7390 = VERTEX_POINT ( 'NONE', #2399 ) ;
#7391 = EDGE_CURVE ( 'NONE', #5790, #4307, #7424, .T. ) ;
#7392 = FILL_AREA_STYLE_COLOUR ( '', #818 ) ;
#7393 = MECHANICAL_DESIGN_GEOMETRIC_PRESENTATION_REPRESENTATION (  '', ( #3187 ), #3598 ) ;
#7394 = LINE ( 'NONE', #6818, #1692 ) ;
#7395 =( NAMED_UNIT ( * ) SI_UNIT ( $, .STERADIAN. ) SOLID_ANGLE_UNIT ( ) );
#7396 = CARTESIAN_POINT ( 'NONE',  ( 0.9999999999999991118, 0.3750000000000000000, 0.2500000000000000000 ) ) ;
#7397 = CARTESIAN_POINT ( 'NONE',  ( -0.1773918173561286338, -0.8297086920387548581, 0.000000000000000000 ) ) ;
#7398 = ORIENTED_EDGE ( 'NONE', *, *, #2571, .F. ) ;
#7399 = VECTOR ( 'NONE', #3988, 1000.000000000000000 ) ;
#7400 = PRESENTATION_STYLE_ASSIGNMENT (( #8017 ) ) ;
#7401 = STYLED_ITEM ( 'NONE', ( #5680 ), #5457 ) ;
#7402 = ORIENTED_EDGE ( 'NONE', *, *, #6397, .F. ) ;
#7403 = UNCERTAINTY_MEASURE_WITH_UNIT (LENGTH_MEASURE( 1.000000000000000082E-05 ), #1076, 'distance_accuracy_value', 'NONE');
#7404 = CARTESIAN_POINT ( 'NONE',  ( 0.06143644592096038359, -0.9101630795912206695, 0.000000000000000000 ) ) ;
#7405 = EDGE_CURVE ( 'NONE', #4206, #3945, #3642, .T. ) ;
#7406 = VECTOR ( 'NONE', #3035, 1000.000000000000000 ) ;
#7407 = STYLED_ITEM ( 'NONE', ( #1601 ), #4798 ) ;
#7408 = DIRECTION ( 'NONE',  ( -0.000000000000000000, -0.000000000000000000, -1.000000000000000000 ) ) ;
#7409 = ORIENTED_EDGE ( 'NONE', *, *, #2624, .F. ) ;
#7410 = COLOUR_RGB ( '',0.8313725490196077761, 0.8313725490196077761, 0.8196078431372548767 ) ;
#7411 = CARTESIAN_POINT ( 'NONE',  ( -0.7621383144406077559, -1.010000000000002673, 0.1817582956874659594 ) ) ;
#7412 = VERTEX_POINT ( 'NONE', #3049 ) ;
#7413 = ORIENTED_EDGE ( 'NONE', *, *, #1318, .T. ) ;
#7414 = COLOUR_RGB ( '',0.8313725490196077761, 0.8313725490196077761, 0.8196078431372548767 ) ;
#7415 = CIRCLE ( 'NONE', #7287, 0.04999999999999991257 ) ;
#7416 = CARTESIAN_POINT ( 'NONE',  ( -0.1066079697987687286, -0.8394980928246538188, 0.000000000000000000 ) ) ;
#7417 = EDGE_CURVE ( 'NONE', #1872, #2799, #4854, .T. ) ;
#7418 = SURFACE_STYLE_USAGE ( .BOTH. , #925 ) ;
#7419 = VECTOR ( 'NONE', #789, 1000.000000000000000 ) ;
#7420 = FILL_AREA_STYLE_COLOUR ( '', #5190 ) ;
#7421 = SURFACE_SIDE_STYLE ('',( #6756 ) ) ;
#7422 = COLOUR_RGB ( '',0.8313725490196077761, 0.8313725490196077761, 0.8196078431372548767 ) ;
#7423 = STYLED_ITEM ( 'NONE', ( #7994 ), #1626 ) ;
#7424 = LINE ( 'NONE', #2323, #4706 ) ;
#7425 = ORIENTED_EDGE ( 'NONE', *, *, #2271, .T. ) ;
#7426 = UNCERTAINTY_MEASURE_WITH_UNIT (LENGTH_MEASURE( 1.000000000000000082E-05 ), #2250, 'distance_accuracy_value', 'NONE');
#7427 = VERTEX_POINT ( 'NONE', #1667 ) ;
#7428 = DIRECTION ( 'NONE',  ( -1.000000000000000000, 0.000000000000000000, 0.000000000000000000 ) ) ;
#7429 = CARTESIAN_POINT ( 'NONE',  ( 0.7621383144406077559, -1.010000000000002673, 0.1817582956874659594 ) ) ;
#7430 = PLANE ( 'NONE',  #4207 ) ;
#7431 = FACE_BOUND ( 'NONE', #7708, .T. ) ;
#7432 = CARTESIAN_POINT ( 'NONE',  ( 0.09133408188617592183, -0.9099063518200916079, 0.01000000000000000021 ) ) ;
#7433 = FACE_OUTER_BOUND ( 'NONE', #1069, .T. ) ;
#7434 = SURFACE_SIDE_STYLE ('',( #5595 ) ) ;
#7435 = VECTOR ( 'NONE', #4784, 1000.000000000000114 ) ;
#7436 = FILL_AREA_STYLE ('',( #8010 ) ) ;
#7437 = DIRECTION ( 'NONE',  ( 0.000000000000000000, 0.000000000000000000, -1.000000000000000000 ) ) ;
#7438 = ORIENTED_EDGE ( 'NONE', *, *, #7862, .T. ) ;
#7439 = CARTESIAN_POINT ( 'NONE',  ( 0.07655254239996896193, -0.9117208871607059839, 0.000000000000000000 ) ) ;
#7440 = CARTESIAN_POINT ( 'NONE',  ( 0.04983331084859531079, -0.8129221584415210478, 0.01000000000000000021 ) ) ;
#7441 = CARTESIAN_POINT ( 'NONE',  ( -0.7350000000000005418, -0.6250000000000001110, -0.02000000000000000042 ) ) ;
#7442 = MECHANICAL_DESIGN_GEOMETRIC_PRESENTATION_REPRESENTATION (  '', ( #2449 ), #4574 ) ;
#7443 = LINE ( 'NONE', #5525, #4278 ) ;
#7444 = ORIENTED_EDGE ( 'NONE', *, *, #244, .T. ) ;
#7445 = ADVANCED_FACE ( 'NONE', ( #6156 ), #6802, .F. ) ;
#7446 = EDGE_CURVE ( 'NONE', #323, #1919, #1274, .T. ) ;
#7447 =( NAMED_UNIT ( * ) SI_UNIT ( $, .STERADIAN. ) SOLID_ANGLE_UNIT ( ) );
#7448 = MECHANICAL_DESIGN_GEOMETRIC_PRESENTATION_REPRESENTATION (  '', ( #6912 ), #4708 ) ;
#7449 = EDGE_LOOP ( 'NONE', ( #1792, #2484, #5345, #6824, #4517, #6600, #2680, #2859, #3971, #7528 ) ) ;
#7450 = MECHANICAL_DESIGN_GEOMETRIC_PRESENTATION_REPRESENTATION (  '', ( #2457 ), #4450 ) ;
#7451 = MECHANICAL_DESIGN_GEOMETRIC_PRESENTATION_REPRESENTATION (  '', ( #3777 ), #1149 ) ;
#7452 = CARTESIAN_POINT ( 'NONE',  ( -1.010000000000000453, 0.3749999999999998890, -0.02000000000000000042 ) ) ;
#7453 = PRESENTATION_STYLE_ASSIGNMENT (( #3084 ) ) ;
#7454 =( GEOMETRIC_REPRESENTATION_CONTEXT ( 3 ) GLOBAL_UNCERTAINTY_ASSIGNED_CONTEXT ( ( #1691 ) ) GLOBAL_UNIT_ASSIGNED_CONTEXT ( ( #7076, #3288, #5813 ) ) REPRESENTATION_CONTEXT ( 'NONE', 'WORKASPACE' ) );
#7455 = DIRECTION ( 'NONE',  ( 3.942553354492745996E-16, -1.000000000000000000, 0.000000000000000000 ) ) ;
#7456 = VECTOR ( 'NONE', #4249, 1000.000000000000000 ) ;
#7457 = COLOUR_RGB ( '',0.8313725490196077761, 0.8313725490196077761, 0.8196078431372548767 ) ;
#7458 = CARTESIAN_POINT ( 'NONE',  ( -0.7350000000000006528, 0.8749999999999998890, 0.000000000000000000 ) ) ;
#7459 = COLOUR_RGB ( '',0.8313725490196077761, 0.8313725490196077761, 0.8196078431372548767 ) ;
#7460 = SURFACE_STYLE_FILL_AREA ( #2603 ) ;
#7461 =( LENGTH_UNIT ( ) NAMED_UNIT ( * ) SI_UNIT ( .MILLI., .METRE. ) );
#7462 = EDGE_CURVE ( 'NONE', #8033, #4804, #6759, .T. ) ;
#7463 = EDGE_CURVE ( 'NONE', #3564, #398, #3010, .T. ) ;
#7464 = VERTEX_POINT ( 'NONE', #6389 ) ;
#7465 = ORIENTED_EDGE ( 'NONE', *, *, #665, .T. ) ;
#7466 = PRESENTATION_LAYER_ASSIGNMENT (  '', '', ( #5623 ) ) ;
#7467 =( LENGTH_UNIT ( ) NAMED_UNIT ( * ) SI_UNIT ( .MILLI., .METRE. ) );
#7468 = STYLED_ITEM ( 'NONE', ( #7814 ), #6854 ) ;
#7469 = CARTESIAN_POINT ( 'NONE',  ( 0.1232987538244634251, -0.8566346216245749323, 0.000000000000000000 ) ) ;
#7470 = CARTESIAN_POINT ( 'NONE',  ( 0.05169333744757354659, -0.8251165528468537014, 0.000000000000000000 ) ) ;
#7471 = SURFACE_STYLE_FILL_AREA ( #1091 ) ;
#7472 = ADVANCED_FACE ( 'NONE', ( #4514 ), #132, .F. ) ;
#7473 = VERTEX_POINT ( 'NONE', #5622 ) ;
#7474 = CARTESIAN_POINT ( 'NONE',  ( -0.1081917437488316980, -0.8763465698690319217, 0.000000000000000000 ) ) ;
#7475 = VERTEX_POINT ( 'NONE', #1215 ) ;
#7476 =( NAMED_UNIT ( * ) PLANE_ANGLE_UNIT ( ) SI_UNIT ( $, .RADIAN. ) );
#7477 = LINE ( 'NONE', #837, #2804 ) ;
#7478 = CARTESIAN_POINT ( 'NONE',  ( 0.1697690058146031078, -0.8105013749655840538, 0.000000000000000000 ) ) ;
#7479 = SURFACE_SIDE_STYLE ('',( #3656 ) ) ;
#7480 = CARTESIAN_POINT ( 'NONE',  ( 0.1233839900544526913, -0.8604422567814336009, 0.01000000000000000021 ) ) ;
#7481 = DIRECTION ( 'NONE',  ( -0.000000000000000000, 0.000000000000000000, 1.000000000000000000 ) ) ;
#7482 = CARTESIAN_POINT ( 'NONE',  ( -0.4499999999999997891, 0.5050510257216823673, -0.02000000000000000042 ) ) ;
#7483 = FILL_AREA_STYLE_COLOUR ( '', #1287 ) ;
#7484 = ORIENTED_EDGE ( 'NONE', *, *, #4497, .T. ) ;
#7485 = CARTESIAN_POINT ( 'NONE',  ( -0.07083693930734810684, -0.9105013749655840316, 0.000000000000000000 ) ) ;
#7486 = DIRECTION ( 'NONE',  ( -0.000000000000000000, 0.000000000000000000, 1.000000000000000000 ) ) ;
#7487 =( NAMED_UNIT ( * ) SI_UNIT ( $, .STERADIAN. ) SOLID_ANGLE_UNIT ( ) );
#7488 = LINE ( 'NONE', #6860, #3909 ) ;
#7489 = SURFACE_SIDE_STYLE ('',( #2510 ) ) ;
#7490 = ORIENTED_EDGE ( 'NONE', *, *, #6739, .F. ) ;
#7491 =( LENGTH_UNIT ( ) NAMED_UNIT ( * ) SI_UNIT ( .MILLI., .METRE. ) );
#7492 = ORIENTED_EDGE ( 'NONE', *, *, #4823, .T. ) ;
#7493 =( NAMED_UNIT ( * ) PLANE_ANGLE_UNIT ( ) SI_UNIT ( $, .RADIAN. ) );
#7494 = PLANE ( 'NONE',  #696 ) ;
#7495 =( LENGTH_UNIT ( ) NAMED_UNIT ( * ) SI_UNIT ( .MILLI., .METRE. ) );
#7496 = CARTESIAN_POINT ( 'NONE',  ( 0.1319641277658226419, -0.9105013749655840316, 0.01000000000000000021 ) ) ;
#7497 = DIRECTION ( 'NONE',  ( 0.000000000000000000, -1.000000000000000000, 0.000000000000000000 ) ) ;
#7498 =( GEOMETRIC_REPRESENTATION_CONTEXT ( 3 ) GLOBAL_UNCERTAINTY_ASSIGNED_CONTEXT ( ( #5858 ) ) GLOBAL_UNIT_ASSIGNED_CONTEXT ( ( #2777, #5887, #4750 ) ) REPRESENTATION_CONTEXT ( 'NONE', 'WORKASPACE' ) );
#7499 = EDGE_LOOP ( 'NONE', ( #1597, #5141, #5384, #1825 ) ) ;
#7500 = PRESENTATION_LAYER_ASSIGNMENT (  '', '', ( #2379 ) ) ;
#7501 = EDGE_CURVE ( 'NONE', #515, #795, #3135, .T. ) ;
#7502 = CARTESIAN_POINT ( 'NONE',  ( 0.1054333444396060721, -0.8204090749947460237, 0.000000000000000000 ) ) ;
#7503 = EDGE_CURVE ( 'NONE', #3808, #5534, #7961, .T. ) ;
#7504 = PRESENTATION_STYLE_ASSIGNMENT (( #1993 ) ) ;
#7505 = SURFACE_STYLE_FILL_AREA ( #2564 ) ;
#7506 =( NAMED_UNIT ( * ) PLANE_ANGLE_UNIT ( ) SI_UNIT ( $, .RADIAN. ) );
#7507 = ORIENTED_EDGE ( 'NONE', *, *, #2236, .F. ) ;
#7508 = ORIENTED_EDGE ( 'NONE', *, *, #7609, .T. ) ;
#7509 = FACE_OUTER_BOUND ( 'NONE', #1350, .T. ) ;
#7510 = FILL_AREA_STYLE_COLOUR ( '', #4843 ) ;
#7511 = UNCERTAINTY_MEASURE_WITH_UNIT (LENGTH_MEASURE( 1.000000000000000082E-05 ), #4827, 'distance_accuracy_value', 'NONE');
#7512 = SURFACE_STYLE_FILL_AREA ( #5014 ) ;
#7513 = EDGE_CURVE ( 'NONE', #5782, #6461, #5479, .T. ) ;
#7514 = DIRECTION ( 'NONE',  ( -0.000000000000000000, -0.000000000000000000, 1.000000000000000000 ) ) ;
#7515 = DIRECTION ( 'NONE',  ( -1.000000000000000000, 0.000000000000000000, -0.000000000000000000 ) ) ;
#7516 = DIRECTION ( 'NONE',  ( -0.000000000000000000, 0.000000000000000000, 1.000000000000000000 ) ) ;
#7517 = CARTESIAN_POINT ( 'NONE',  ( 0.7350000000000006528, 0.6750000000000000444, 0.2500000000000000000 ) ) ;
#7518 = CARTESIAN_POINT ( 'NONE',  ( 0.1094647100449619576, -0.8700538234775488933, 0.01000000000000000021 ) ) ;
#7519 = VERTEX_POINT ( 'NONE', #6838 ) ;
#7520 = SURFACE_STYLE_USAGE ( .BOTH. , #607 ) ;
#7521 = FACE_OUTER_BOUND ( 'NONE', #1587, .T. ) ;
#7522 = LINE ( 'NONE', #5145, #899 ) ;
#7523 = SURFACE_STYLE_FILL_AREA ( #2508 ) ;
#7524 = CARTESIAN_POINT ( 'NONE',  ( -0.2216944088195432483, -0.9105013749655840316, 0.000000000000000000 ) ) ;
#7525 = COLOUR_RGB ( '',0.2980392156862745057, 0.2980392156862745057, 0.2980392156862745057 ) ;
#7526 =( NAMED_UNIT ( * ) SI_UNIT ( $, .STERADIAN. ) SOLID_ANGLE_UNIT ( ) );
#7527 =( LENGTH_UNIT ( ) NAMED_UNIT ( * ) SI_UNIT ( .MILLI., .METRE. ) );
#7528 = ORIENTED_EDGE ( 'NONE', *, *, #1841, .T. ) ;
#7529 = DIRECTION ( 'NONE',  ( -1.000000000000000000, 0.000000000000000000, 0.000000000000000000 ) ) ;
#7530 = SURFACE_STYLE_FILL_AREA ( #5035 ) ;
#7531 = CARTESIAN_POINT ( 'NONE',  ( -0.1205138572722579543, -0.8801910341801574278, 0.000000000000000000 ) ) ;
#7532 = SURFACE_SIDE_STYLE ('',( #7460 ) ) ;
#7533 = VERTEX_POINT ( 'NONE', #6312 ) ;
#7534 = PLANE ( 'NONE',  #797 ) ;
#7535 = CIRCLE ( 'NONE', #4407, 0.04999999999999991257 ) ;
#7536 = CARTESIAN_POINT ( 'NONE',  ( 0.7350000000000006528, 0.3749999999999998890, 0.000000000000000000 ) ) ;
#7537 = CARTESIAN_POINT ( 'NONE',  ( -1.000000000000000888, 0.6250000000000000000, 0.5300000000000000266 ) ) ;
#7538 = CARTESIAN_POINT ( 'NONE',  ( 0.9999999999999993339, -0.8749999999999998890, 0.5300000000000000266 ) ) ;
#7539 = CARTESIAN_POINT ( 'NONE',  ( 0.07655254239996896193, -0.9117208871607059839, 0.01000000000000000021 ) ) ;
#7540 = MECHANICAL_DESIGN_GEOMETRIC_PRESENTATION_REPRESENTATION (  '', ( #3066 ), #4927 ) ;
#7541 =( LENGTH_UNIT ( ) NAMED_UNIT ( * ) SI_UNIT ( .MILLI., .METRE. ) );
#7543 = ORIENTED_EDGE ( 'NONE', *, *, #6584, .T. ) ;
#7542 = MECHANICAL_DESIGN_GEOMETRIC_PRESENTATION_REPRESENTATION (  '', ( #1772 ), #54 ) ;
#7544 = CARTESIAN_POINT ( 'NONE',  ( -0.1106842874614060168, -0.8610678303354953878, 0.000000000000000000 ) ) ;
#7545 = ORIENTED_EDGE ( 'NONE', *, *, #3025, .T. ) ;
#7546 = EDGE_CURVE ( 'NONE', #2266, #5568, #3636, .T. ) ;
#7547 = EDGE_CURVE ( 'NONE', #4636, #5222, #3204, .T. ) ;
#7548 =( GEOMETRIC_REPRESENTATION_CONTEXT ( 3 ) GLOBAL_UNCERTAINTY_ASSIGNED_CONTEXT ( ( #5154 ) ) GLOBAL_UNIT_ASSIGNED_CONTEXT ( ( #7962, #4821, #1099 ) ) REPRESENTATION_CONTEXT ( 'NONE', 'WORKASPACE' ) );
#7549 = CARTESIAN_POINT ( 'NONE',  ( -0.000000000000000000, -0.8105013749655840538, 0.01000000000000000021 ) ) ;
#7550 = CARTESIAN_POINT ( 'NONE',  ( -0.01925538442929935340, -0.8653794237460719074, 0.000000000000000000 ) ) ;
#7551 = VECTOR ( 'NONE', #45, 1000.000000000000000 ) ;
#7552 = VECTOR ( 'NONE', #5707, 1000.000000000000000 ) ;
#7553 = DIRECTION ( 'NONE',  ( -1.000000000000000000, -0.000000000000000000, -0.000000000000000000 ) ) ;
#7554 = PLANE ( 'NONE',  #958 ) ;
#7555 = CARTESIAN_POINT ( 'NONE',  ( 0.1038182974839252509, -0.9041913435794918241, 0.000000000000000000 ) ) ;
#7556 = CARTESIAN_POINT ( 'NONE',  ( -1.010000000000000231, -0.6250000000000001110, -0.02000000000000000042 ) ) ;
#7557 = SURFACE_STYLE_FILL_AREA ( #2656 ) ;
#7558 = ADVANCED_FACE ( 'NONE', ( #4475 ), #3847, .F. ) ;
#7559 = DIRECTION ( 'NONE',  ( 1.000000000000000000, 0.000000000000000000, 0.000000000000000000 ) ) ;
#7560 = MECHANICAL_DESIGN_GEOMETRIC_PRESENTATION_REPRESENTATION (  '', ( #4121 ), #2301 ) ;
#7561 = VERTEX_POINT ( 'NONE', #831 ) ;
#7562 = LINE ( 'NONE', #6414, #155 ) ;
#7563 = LINE ( 'NONE', #5310, #3254 ) ;
#7564 = DIRECTION ( 'NONE',  ( -1.000000000000000000, -0.000000000000000000, -0.000000000000000000 ) ) ;
#7565 =( LENGTH_UNIT ( ) NAMED_UNIT ( * ) SI_UNIT ( .MILLI., .METRE. ) );
#7566 =( GEOMETRIC_REPRESENTATION_CONTEXT ( 3 ) GLOBAL_UNCERTAINTY_ASSIGNED_CONTEXT ( ( #3726 ) ) GLOBAL_UNIT_ASSIGNED_CONTEXT ( ( #2411, #4210, #2339 ) ) REPRESENTATION_CONTEXT ( 'NONE', 'WORKASPACE' ) );
#7567 = ADVANCED_FACE ( 'NONE', ( #7690 ), #7084, .F. ) ;
#7568 = AXIS2_PLACEMENT_3D ( 'NONE', #1996, #5661, #5698 ) ;
#7569 = PLANE ( 'NONE',  #8056 ) ;
#7570 = CARTESIAN_POINT ( 'NONE',  ( -0.6850000000000008304, 0.8249999999999999556, 0.000000000000000000 ) ) ;
#7571 = LINE ( 'NONE', #6988, #7987 ) ;
#7572 = CARTESIAN_POINT ( 'NONE',  ( -0.7621383144406077559, -1.000000000000002665, 0.1817582956874659594 ) ) ;
#7573 = AXIS2_PLACEMENT_3D ( 'NONE', #2934, #550, #4202 ) ;
#7574 = FILL_AREA_STYLE_COLOUR ( '', #5284 ) ;
#7575 = VERTEX_POINT ( 'NONE', #2798 ) ;
#7576 = VECTOR ( 'NONE', #4191, 1000.000000000000000 ) ;
#7577 = VECTOR ( 'NONE', #5362, 1000.000000000000000 ) ;
#7578 = AXIS2_PLACEMENT_3D ( 'NONE', #2347, #6019, #530 ) ;
#7579 = LINE ( 'NONE', #7040, #5986 ) ;
#7580 = CARTESIAN_POINT ( 'NONE',  ( 0.6850000000000007194, 0.3250000000000000111, -0.02000000000000000042 ) ) ;
#7581 = CARTESIAN_POINT ( 'NONE',  ( -0.7350000000000006528, 0.8249999999999999556, 0.000000000000000000 ) ) ;
#7582 = PRESENTATION_STYLE_ASSIGNMENT (( #51 ) ) ;
#7583 = CARTESIAN_POINT ( 'NONE',  ( 0.7621383144406077559, -1.010000000000002673, 0.1817582956874659594 ) ) ;
#7584 = PRESENTATION_LAYER_ASSIGNMENT (  '', '', ( #491 ) ) ;
#7585 = ORIENTED_EDGE ( 'NONE', *, *, #2172, .F. ) ;
#7586 = CARTESIAN_POINT ( 'NONE',  ( 0.9999999999999993339, -0.1249999999999998890, 0.2500000000000000000 ) ) ;
#7587 = ORIENTED_EDGE ( 'NONE', *, *, #463, .T. ) ;
#7588 = PRESENTATION_LAYER_ASSIGNMENT (  '', '', ( #3383 ) ) ;
#7589 = CARTESIAN_POINT ( 'NONE',  ( -1.000000000000000666, -1.000000000000002665, 0.5300000000000000266 ) ) ;
#7590 = CARTESIAN_POINT ( 'NONE',  ( 0.08664245420816847620, -0.9109696033097656187, 0.01000000000000000021 ) ) ;
#7591 = FACE_OUTER_BOUND ( 'NONE', #5609, .T. ) ;
#7592 = SURFACE_STYLE_USAGE ( .BOTH. , #722 ) ;
#7593 = CARTESIAN_POINT ( 'NONE',  ( -0.1081917437488316980, -0.8763465698690319217, 0.01000000000000000021 ) ) ;
#7594 = DIRECTION ( 'NONE',  ( -1.000000000000000000, 0.000000000000000000, 0.000000000000000000 ) ) ;
#7595 = SURFACE_STYLE_USAGE ( .BOTH. , #31 ) ;
#7596 = UNCERTAINTY_MEASURE_WITH_UNIT (LENGTH_MEASURE( 1.000000000000000082E-05 ), #7033, 'distance_accuracy_value', 'NONE');
#7597 = DIRECTION ( 'NONE',  ( -0.000000000000000000, -0.000000000000000000, 1.000000000000000000 ) ) ;
#7598 = ORIENTED_EDGE ( 'NONE', *, *, #243, .T. ) ;
#7599 = EDGE_CURVE ( 'NONE', #7138, #4701, #204, .T. ) ;
#7600 = DIRECTION ( 'NONE',  ( 1.000000000000000000, 0.000000000000000000, 0.000000000000000000 ) ) ;
#7601 = ADVANCED_FACE ( 'NONE', ( #3295 ), #3972, .T. ) ;
#7602 = DIRECTION ( 'NONE',  ( 0.000000000000000000, 0.000000000000000000, -1.000000000000000000 ) ) ;
#7603 = CARTESIAN_POINT ( 'NONE',  ( 0.01611046922923725991, -0.8544038139899742257, 0.01000000000000000021 ) ) ;
#7604 = DIRECTION ( 'NONE',  ( -0.000000000000000000, -0.000000000000000000, 1.000000000000000000 ) ) ;
#7605 = CARTESIAN_POINT ( 'NONE',  ( 0.1086158730544068002, -0.8484724596796953122, 0.000000000000000000 ) ) ;
#7606 = UNCERTAINTY_MEASURE_WITH_UNIT (LENGTH_MEASURE( 1.000000000000000082E-05 ), #7639, 'distance_accuracy_value', 'NONE');
#7607 = FILL_AREA_STYLE_COLOUR ( '', #7457 ) ;
#7608 = DIRECTION ( 'NONE',  ( -0.000000000000000000, -0.000000000000000000, 1.000000000000000000 ) ) ;
#7609 = EDGE_CURVE ( 'NONE', #5699, #3878, #6748, .T. ) ;
#7610 = CARTESIAN_POINT ( 'NONE',  ( 0.9999999999999991118, 0.9999999999999991118, 0.000000000000000000 ) ) ;
#7611 = CARTESIAN_POINT ( 'NONE',  ( -0.08721936417969319844, -0.9086395319287078332, 0.000000000000000000 ) ) ;
#7612 = CARTESIAN_POINT ( 'NONE',  ( -0.1066079697987687286, -0.8394980928246538188, 0.01000000000000000021 ) ) ;
#7613 = UNCERTAINTY_MEASURE_WITH_UNIT (LENGTH_MEASURE( 1.000000000000000082E-05 ), #1970, 'distance_accuracy_value', 'NONE');
#7614 = ORIENTED_EDGE ( 'NONE', *, *, #6435, .F. ) ;
#7615 = CARTESIAN_POINT ( 'NONE',  ( 0.7350000000000005418, -0.3750000000000000000, -0.02000000000000000042 ) ) ;
#7616 = LINE ( 'NONE', #3759, #4395 ) ;
#7617 = CARTESIAN_POINT ( 'NONE',  ( 0.07520534303660976472, -0.9117050867796666624, 0.01000000000000000021 ) ) ;
#7618 = EDGE_LOOP ( 'NONE', ( #7004, #7177, #134, #2636 ) ) ;
#7619 = ORIENTED_EDGE ( 'NONE', *, *, #7644, .T. ) ;
#7620 =( GEOMETRIC_REPRESENTATION_CONTEXT ( 3 ) GLOBAL_UNCERTAINTY_ASSIGNED_CONTEXT ( ( #7353 ) ) GLOBAL_UNIT_ASSIGNED_CONTEXT ( ( #5104, #645, #7024 ) ) REPRESENTATION_CONTEXT ( 'NONE', 'WORKASPACE' ) );
#7621 = CARTESIAN_POINT ( 'NONE',  ( 0.07140053064853890685, -0.8202734265861936214, 0.01000000000000000021 ) ) ;
#7622 =( LENGTH_UNIT ( ) NAMED_UNIT ( * ) SI_UNIT ( .MILLI., .METRE. ) );
#7623 = STYLED_ITEM ( 'NONE', ( #1490 ), #5944 ) ;
#7624 = VERTEX_POINT ( 'NONE', #5409 ) ;
#7625 = SURFACE_STYLE_FILL_AREA ( #1346 ) ;
#7626 = CARTESIAN_POINT ( 'NONE',  ( 0.7350000000000006528, 0.1250000000000000000, 0.000000000000000000 ) ) ;
#7627 =( GEOMETRIC_REPRESENTATION_CONTEXT ( 3 ) GLOBAL_UNCERTAINTY_ASSIGNED_CONTEXT ( ( #6457 ) ) GLOBAL_UNIT_ASSIGNED_CONTEXT ( ( #6091, #5638, #5474 ) ) REPRESENTATION_CONTEXT ( 'NONE', 'WORKASPACE' ) );
#7628 = CARTESIAN_POINT ( 'NONE',  ( 0.1100129082536275005, -0.8615684481363157232, 0.01000000000000000021 ) ) ;
#7629 = ORIENTED_EDGE ( 'NONE', *, *, #7513, .F. ) ;
#7630 = CARTESIAN_POINT ( 'NONE',  ( -0.4499999999999997891, 0.7500000000000001110, -0.02000000000000000042 ) ) ;
#7631 = SURFACE_STYLE_FILL_AREA ( #232 ) ;
#7632 = SURFACE_STYLE_FILL_AREA ( #777 ) ;
#7633 = CARTESIAN_POINT ( 'NONE',  ( 1.010000000000000231, -0.6250000000000001110, 0.2500000000000000000 ) ) ;
#7634 = CARTESIAN_POINT ( 'NONE',  ( 0.07140738682539173043, -0.8092901972140227329, 0.01000000000000000021 ) ) ;
#7635 = VECTOR ( 'NONE', #4378, 1000.000000000000000 ) ;
#7636 =( NAMED_UNIT ( * ) SI_UNIT ( $, .STERADIAN. ) SOLID_ANGLE_UNIT ( ) );
#7637 = EDGE_CURVE ( 'NONE', #934, #2103, #4845, .T. ) ;
#7638 = EDGE_CURVE ( 'NONE', #4921, #6749, #1173, .T. ) ;
#7639 =( LENGTH_UNIT ( ) NAMED_UNIT ( * ) SI_UNIT ( .MILLI., .METRE. ) );
#7640 = FILL_AREA_STYLE ('',( #1450 ) ) ;
#7641 = LINE ( 'NONE', #2023, #3250 ) ;
#7642 = FILL_AREA_STYLE_COLOUR ( '', #4639 ) ;
#7643 = EDGE_LOOP ( 'NONE', ( #5494, #4963, #2063, #4100 ) ) ;
#7644 = EDGE_CURVE ( 'NONE', #8025, #7369, #4230, .T. ) ;
#7645 = MECHANICAL_DESIGN_GEOMETRIC_PRESENTATION_REPRESENTATION (  '', ( #3592 ), #2662 ) ;
#7646 = B_SPLINE_CURVE_WITH_KNOTS ( 'NONE', 3,
 ( #6311, #3134, #5043, #6271, #6388, #2034, #1381, #5125, #663, #7617, #7539 ),
 .UNSPECIFIED., .F., .F.,
 ( 4, 1, 1, 1, 1, 1, 1, 1, 4 ),
 ( 0.000000000000000000, 0.1124483899088023486, 0.2265276752126783866, 0.3444019493260284115, 0.4658649724874592279, 0.5916594493521175613, 0.7221684870248873400, 0.8586063875549265756, 1.000000000000000000 ),
 .UNSPECIFIED. ) ;
#7647 = SURFACE_STYLE_FILL_AREA ( #164 ) ;
#7648 = VECTOR ( 'NONE', #7095, 1000.000000000000000 ) ;
#7649 = FILL_AREA_STYLE ('',( #5901 ) ) ;
#7650 = SURFACE_STYLE_USAGE ( .BOTH. , #6877 ) ;
#7651 = ORIENTED_EDGE ( 'NONE', *, *, #7688, .F. ) ;
#7652 = PRESENTATION_LAYER_ASSIGNMENT (  '', '', ( #6348 ) ) ;
#7653 = ORIENTED_EDGE ( 'NONE', *, *, #2570, .F. ) ;
#7654 = STYLED_ITEM ( 'NONE', ( #1734 ), #5370 ) ;
#7655 = LINE ( 'NONE', #3267, #618 ) ;
#7656 = FILL_AREA_STYLE_COLOUR ( '', #7410 ) ;
#7657 =( GEOMETRIC_REPRESENTATION_CONTEXT ( 3 ) GLOBAL_UNCERTAINTY_ASSIGNED_CONTEXT ( ( #4796 ) ) GLOBAL_UNIT_ASSIGNED_CONTEXT ( ( #4129, #6690, #5391 ) ) REPRESENTATION_CONTEXT ( 'NONE', 'WORKASPACE' ) );
#7658 = LINE ( 'NONE', #6237, #6373 ) ;
#7659 = LINE ( 'NONE', #7788, #285 ) ;
#7660 =( GEOMETRIC_REPRESENTATION_CONTEXT ( 3 ) GLOBAL_UNCERTAINTY_ASSIGNED_CONTEXT ( ( #7426 ) ) GLOBAL_UNIT_ASSIGNED_CONTEXT ( ( #2250, #389, #1720 ) ) REPRESENTATION_CONTEXT ( 'NONE', 'WORKASPACE' ) );
#7661 = CARTESIAN_POINT ( 'NONE',  ( 0.1074103963510827653, -0.9013938890414590066, 0.01000000000000000021 ) ) ;
#7662 = VERTEX_POINT ( 'NONE', #4142 ) ;
#7663 = CARTESIAN_POINT ( 'NONE',  ( 0.9999999999999991118, 0.1250000000000000000, 0.000000000000000000 ) ) ;
#7664 =( NAMED_UNIT ( * ) PLANE_ANGLE_UNIT ( ) SI_UNIT ( $, .RADIAN. ) );
#7665 = ORIENTED_EDGE ( 'NONE', *, *, #1367, .F. ) ;
#7666 = STYLED_ITEM ( 'NONE', ( #2676 ), #2762 ) ;
#7667 =( NAMED_UNIT ( * ) PLANE_ANGLE_UNIT ( ) SI_UNIT ( $, .RADIAN. ) );
#7668 = CARTESIAN_POINT ( 'NONE',  ( 0.04903729849752992698, -0.8943428383802182191, 0.000000000000000000 ) ) ;
#7669 =( LENGTH_UNIT ( ) NAMED_UNIT ( * ) SI_UNIT ( .MILLI., .METRE. ) );
#7670 = CARTESIAN_POINT ( 'NONE',  ( 0.7350000000000006528, 0.1750000000000000167, -0.02000000000000000042 ) ) ;
#7671 = AXIS2_PLACEMENT_3D ( 'NONE', #3405, #5921, #5840 ) ;
#7672 = CARTESIAN_POINT ( 'NONE',  ( 0.04903729849752992698, -0.8132452774046083910, 0.01000000000000000021 ) ) ;
#7673 = PLANE ( 'NONE',  #2156 ) ;
#7674 = AXIS2_PLACEMENT_3D ( 'NONE', #6197, #555, #5589 ) ;
#7675 = SURFACE_STYLE_FILL_AREA ( #4668 ) ;
#7676 = CARTESIAN_POINT ( 'NONE',  ( -0.6850000000000008304, 0.3250000000000000111, -0.02000000000000000042 ) ) ;
#7677 = LINE ( 'NONE', #7075, #3464 ) ;
#7678 = EDGE_CURVE ( 'NONE', #5367, #536, #1129, .T. ) ;
#7679 = ADVANCED_FACE ( 'NONE', ( #2313 ), #7868, .F. ) ;
#7680 = LINE ( 'NONE', #5243, #7111 ) ;
#7681 = UNCERTAINTY_MEASURE_WITH_UNIT (LENGTH_MEASURE( 1.000000000000000082E-05 ), #3689, 'distance_accuracy_value', 'NONE');
#7682 = ORIENTED_EDGE ( 'NONE', *, *, #5411, .F. ) ;
#7683 = STYLED_ITEM ( 'NONE', ( #5513 ), #7249 ) ;
#7684 = LINE ( 'NONE', #827, #1649 ) ;
#7685 = CARTESIAN_POINT ( 'NONE',  ( 0.07257007288777385379, -0.8092818627704621015, 0.000000000000000000 ) ) ;
#7686 = COLOUR_RGB ( '',0.8313725490196077761, 0.8313725490196077761, 0.8196078431372548767 ) ;
#7687 = EDGE_CURVE ( 'NONE', #6476, #428, #997, .T. ) ;
#7688 = EDGE_CURVE ( 'NONE', #7774, #2305, #374, .T. ) ;
#7689 = EDGE_LOOP ( 'NONE', ( #2956, #2039, #3754, #2011 ) ) ;
#7690 = FACE_OUTER_BOUND ( 'NONE', #1194, .T. ) ;
#7691 = PRESENTATION_LAYER_ASSIGNMENT (  '', '', ( #1006 ) ) ;
#7692 = ORIENTED_EDGE ( 'NONE', *, *, #5162, .F. ) ;
#7693 = ORIENTED_EDGE ( 'NONE', *, *, #5508, .F. ) ;
#7694 = VECTOR ( 'NONE', #3623, 1000.000000000000000 ) ;
#7695 = VECTOR ( 'NONE', #5516, 1000.000000000000000 ) ;
#7696 = AXIS2_PLACEMENT_3D ( 'NONE', #4711, #2099, #7200 ) ;
#7697 =( NAMED_UNIT ( * ) PLANE_ANGLE_UNIT ( ) SI_UNIT ( $, .RADIAN. ) );
#7698 = MECHANICAL_DESIGN_GEOMETRIC_PRESENTATION_REPRESENTATION (  '', ( #8102 ), #4188 ) ;
#7699 = AXIS2_PLACEMENT_3D ( 'NONE', #521, #5424, #2369 ) ;
#7700 = FILL_AREA_STYLE_COLOUR ( '', #83 ) ;
#7701 = CIRCLE ( 'NONE', #5875, 0.04999999999999991257 ) ;
#7702 = DIRECTION ( 'NONE',  ( 1.000000000000000000, 0.000000000000000000, 0.000000000000000000 ) ) ;
#7703 = CARTESIAN_POINT ( 'NONE',  ( -0.07186590272198228879, -0.8105013749655840538, 0.01000000000000000021 ) ) ;
#7704 = DIRECTION ( 'NONE',  ( 1.000000000000000000, 0.000000000000000000, 0.000000000000000000 ) ) ;
#7705 = ADVANCED_FACE ( 'NONE', ( #457 ), #4803, .F. ) ;
#7706 = SURFACE_SIDE_STYLE ('',( #5951 ) ) ;
#7707 = AXIS2_PLACEMENT_3D ( 'NONE', #3560, #4149, #5500 ) ;
#7708 = EDGE_LOOP ( 'NONE', ( #197, #6676, #3298, #7778, #1164, #8077, #3011 ) ) ;
#7709 = DIRECTION ( 'NONE',  ( -1.000000000000000000, -0.000000000000000000, -0.000000000000000000 ) ) ;
#7710 = SURFACE_SIDE_STYLE ('',( #7625 ) ) ;
#7711 = ORIENTED_EDGE ( 'NONE', *, *, #6308, .F. ) ;
#7712 = PRODUCT_DEFINITION_FORMATION_WITH_SPECIFIED_SOURCE ( '�κ�', '', #884, .NOT_KNOWN. ) ;
#7713 = CARTESIAN_POINT ( 'NONE',  ( -0.1754078310601025203, -0.8234085861456256206, 0.000000000000000000 ) ) ;
#7714 = FILL_AREA_STYLE ('',( #4530 ) ) ;
#7715 = ORIENTED_EDGE ( 'NONE', *, *, #3375, .F. ) ;
#7716 = PRESENTATION_LAYER_ASSIGNMENT (  '', '', ( #5764 ) ) ;
#7717 = FACE_OUTER_BOUND ( 'NONE', #7792, .T. ) ;
#7718 = LINE ( 'NONE', #1481, #2041 ) ;
#7719 = CARTESIAN_POINT ( 'NONE',  ( -0.01925538442929935340, -0.8653794237460719074, 0.000000000000000000 ) ) ;
#7720 = CARTESIAN_POINT ( 'NONE',  ( -0.2070602624780798762, -0.9105013749655840316, 0.000000000000000000 ) ) ;
#7721 = FACE_OUTER_BOUND ( 'NONE', #6158, .T. ) ;
#7722 = CARTESIAN_POINT ( 'NONE',  ( 0.05402353155266265833, -0.8114815749842063664, 0.01000000000000000021 ) ) ;
#7723 = FACE_OUTER_BOUND ( 'NONE', #2949, .T. ) ;
#7724 = CARTESIAN_POINT ( 'NONE',  ( -1.010000000000000453, 0.3749999999999998890, -0.02000000000000000042 ) ) ;
#7725 = PRESENTATION_LAYER_ASSIGNMENT (  '', '', ( #1435 ) ) ;
#7726 = SURFACE_SIDE_STYLE ('',( #1954 ) ) ;
#7727 = LINE ( 'NONE', #7676, #95 ) ;
#7728 = FILL_AREA_STYLE_COLOUR ( '', #4072 ) ;
#7729 = CARTESIAN_POINT ( 'NONE',  ( -0.1744016855078164285, -0.8282676607623019605, 0.01000000000000000021 ) ) ;
#7730 = LINE ( 'NONE', #4597, #3572 ) ;
#7731 = ORIENTED_EDGE ( 'NONE', *, *, #3990, .F. ) ;
#7732 = ORIENTED_EDGE ( 'NONE', *, *, #7854, .T. ) ;
#7733 = UNCERTAINTY_MEASURE_WITH_UNIT (LENGTH_MEASURE( 1.000000000000000082E-05 ), #5464, 'distance_accuracy_value', 'NONE');
#7734 = SURFACE_STYLE_USAGE ( .BOTH. , #5779 ) ;
#7735 = SURFACE_STYLE_USAGE ( .BOTH. , #4766 ) ;
#7736 = EDGE_LOOP ( 'NONE', ( #6029, #3312, #1880, #6670 ) ) ;
#7737 =( LENGTH_UNIT ( ) NAMED_UNIT ( * ) SI_UNIT ( .MILLI., .METRE. ) );
#7738 = ORIENTED_EDGE ( 'NONE', *, *, #657, .F. ) ;
#7739 = VERTEX_POINT ( 'NONE', #7603 ) ;
#7740 = CARTESIAN_POINT ( 'NONE',  ( 0.6850000000000008304, 0.6750000000000000444, -0.02000000000000000042 ) ) ;
#7741 = EDGE_CURVE ( 'NONE', #2615, #3416, #5724, .T. ) ;
#7742 = ADVANCED_FACE ( 'NONE', ( #2592 ), #7118, .F. ) ;
#7743 =( NAMED_UNIT ( * ) PLANE_ANGLE_UNIT ( ) SI_UNIT ( $, .RADIAN. ) );
#7744 = SURFACE_STYLE_USAGE ( .BOTH. , #2734 ) ;
#7745 = CARTESIAN_POINT ( 'NONE',  ( -0.1205085890607091731, -0.8392209907861611917, 0.01000000000000000021 ) ) ;
#7746 = CARTESIAN_POINT ( 'NONE',  ( 0.9999999999999991118, 0.9999999999999991118, 0.000000000000000000 ) ) ;
#7747 = DIRECTION ( 'NONE',  ( -0.000000000000000000, -0.000000000000000000, 1.000000000000000000 ) ) ;
#7748 = ORIENTED_EDGE ( 'NONE', *, *, #1528, .F. ) ;
#7749 = CARTESIAN_POINT ( 'NONE',  ( -0.07083693930734810684, -0.9105013749655840316, 0.01000000000000000021 ) ) ;
#7750 = CARTESIAN_POINT ( 'NONE',  ( 0.9999999999999991118, 0.6250000000000000000, 0.2500000000000000000 ) ) ;
#7751 = AXIS2_PLACEMENT_3D ( 'NONE', #21, #6843, #1964 ) ;
#7752 = ORIENTED_EDGE ( 'NONE', *, *, #7405, .F. ) ;
#7753 = EDGE_CURVE ( 'NONE', #5763, #406, #2702, .T. ) ;
#7754 =( NAMED_UNIT ( * ) PLANE_ANGLE_UNIT ( ) SI_UNIT ( $, .RADIAN. ) );
#7755 = CARTESIAN_POINT ( 'NONE',  ( 0.1099851262686148412, -0.8630305687058930086, 0.01000000000000000021 ) ) ;
#7756 = ORIENTED_EDGE ( 'NONE', *, *, #3884, .F. ) ;
#7757 = PLANE ( 'NONE',  #2918 ) ;
#7758 = LINE ( 'NONE', #2126, #2688 ) ;
#7759 = PLANE ( 'NONE',  #4287 ) ;
#7760 = FILL_AREA_STYLE_COLOUR ( '', #1532 ) ;
#7761 = DIRECTION ( 'NONE',  ( 0.000000000000000000, -0.000000000000000000, 1.000000000000000000 ) ) ;
#7762 = SURFACE_STYLE_USAGE ( .BOTH. , #4128 ) ;
#7763 = CARTESIAN_POINT ( 'NONE',  ( -0.08721936417969319844, -0.9086395319287078332, 0.01000000000000000021 ) ) ;
#7764 = CARTESIAN_POINT ( 'NONE',  ( 0.07245574361948114994, -0.8202574725265596722, 0.000000000000000000 ) ) ;
#7765 = COLOUR_RGB ( '',0.8313725490196077761, 0.8313725490196077761, 0.8196078431372548767 ) ;
#7766 = CLOSED_SHELL ( 'NONE', ( #6695, #4906, #6201, #3016, #1927, #5, #1850, #5498, #4459, #2374, #4042, #4162, #3907, #4411, #869, #4798, #4211, #3331, #6011, #757, #7705, #7297, #7088, #929, #4761, #6478, #5301, #5196, #4610, #7679, #6592, #1592, #4965, #2968, #2914, #2490, #1617, #415, #5096, #3697, #7249, #2121, #5797, #3534, #7907, #6893, #6068, #6582, #5551, #3688, #3313, #7558, #4673, #1177, #1833, #5457, #106, #7944, #4899, #4043, #5370, #3221, #2982, #1874, #4559, #315, #1178, #6193, #4314, #7567, #962, #5904, #5847, #6543, #7601, #2069, #1624, #4456, #1971, #4220, #5393, #3388, #6601, #5360, #194, #708, #58, #7472, #6152, #860, #1219, #2762, #1626, #7165, #1875, #7041, #6752, #5001, #1530, #2169, #7054, #509, #5800, #3631, #149, #4897, #7348, #2384, #1732, #5742, #6854, #4251, #6251, #7816, #4609, #5706, #4062, #4619, #8051, #3898, #6650, #6740, #4148, #7259, #5846, #2027, #3072, #4325, #1974, #1380, #5944, #5905, #5969, #861, #5149, #2110, #2317, #6303, #1137, #719, #7250, #2723, #7742, #1326, #2595, #2631, #2375, #2229, #4712, #1988, #6684, #3430, #3015, #6060, #7445, #5248, #520, #3163, #6302, #7805 ) ) ;
#7767 = EDGE_CURVE ( 'NONE', #3737, #7975, #2661, .T. ) ;
#7768 = DIRECTION ( 'NONE',  ( -0.000000000000000000, 0.000000000000000000, 1.000000000000000000 ) ) ;
#7769 = CARTESIAN_POINT ( 'NONE',  ( -0.1692553844292993548, -0.8105013749655840538, 0.000000000000000000 ) ) ;
#7770 =( NAMED_UNIT ( * ) PLANE_ANGLE_UNIT ( ) SI_UNIT ( $, .RADIAN. ) );
#7771 = DIRECTION ( 'NONE',  ( 0.3363908276654493101, -0.9417224702971431771, 0.000000000000000000 ) ) ;
#7772 = VERTEX_POINT ( 'NONE', #4961 ) ;
#7773 = B_SPLINE_SURFACE_WITH_KNOTS ( 'NONE', 3, 1, ( 
 ( #5321, #1571 ),
 ( #910, #3499 ),
 ( #7937, #5435 ),
 ( #1037, #4094 ),
 ( #5896, #2260 ),
 ( #2139, #2873 ),
 ( #946, #6497 ) ),
 .UNSPECIFIED., .F., .F., .F.,
 ( 4, 1, 1, 1, 4 ),
 ( 2, 2 ),
 ( 0.000000000000000000, 0.3261021526013346827, 0.6017142408718918478, 0.8255182846829439702, 1.000000000000000000 ),
 ( 0.000000000000000000, 1.000000000000000000 ),
 .UNSPECIFIED. ) ;
#7774 = VERTEX_POINT ( 'NONE', #1835 ) ;
#7775 = CARTESIAN_POINT ( 'NONE',  ( 0.1319641277658226419, -0.9105013749655840316, 0.000000000000000000 ) ) ;
#7776 =( LENGTH_UNIT ( ) NAMED_UNIT ( * ) SI_UNIT ( .MILLI., .METRE. ) );
#7777 =( NAMED_UNIT ( * ) SI_UNIT ( $, .STERADIAN. ) SOLID_ANGLE_UNIT ( ) );
#7778 = ORIENTED_EDGE ( 'NONE', *, *, #2915, .F. ) ;
#7779 = PRESENTATION_STYLE_ASSIGNMENT (( #874 ) ) ;
#7780 = ORIENTED_EDGE ( 'NONE', *, *, #4867, .F. ) ;
#7781 = DIRECTION ( 'NONE',  ( 0.9406672605435401069, -0.3393303772748790803, 0.000000000000000000 ) ) ;
#7782 = VECTOR ( 'NONE', #224, 1000.000000000000000 ) ;
#7783 = LINE ( 'NONE', #799, #5755 ) ;
#7784 = SURFACE_STYLE_USAGE ( .BOTH. , #334 ) ;
#7785 = CARTESIAN_POINT ( 'NONE',  ( 0.1094357894573568801, -0.8526223211463009877, 0.01000000000000000021 ) ) ;
#7786 = PRESENTATION_LAYER_ASSIGNMENT (  '', '', ( #4271 ) ) ;
#7787 = FILL_AREA_STYLE ('',( #1511 ) ) ;
#7788 = CARTESIAN_POINT ( 'NONE',  ( 0.1831836399609446109, -0.9105013749655840316, 0.000000000000000000 ) ) ;
#7789 = AXIS2_PLACEMENT_3D ( 'NONE', #4878, #6826, #1205 ) ;
#7790 = EDGE_CURVE ( 'NONE', #3669, #996, #7701, .T. ) ;
#7791 = EDGE_CURVE ( 'NONE', #1917, #5864, #6568, .T. ) ;
#7792 = EDGE_LOOP ( 'NONE', ( #7037, #846, #2314, #2913, #2273, #4889, #7085 ) ) ;
#7793 = CARTESIAN_POINT ( 'NONE',  ( -0.09217205533703914933, -0.9070804566223790166, 0.01000000000000000021 ) ) ;
#7794 = CARTESIAN_POINT ( 'NONE',  ( 0.6850000000000007194, -0.1750000000000000167, -0.02000000000000000042 ) ) ;
#7795 = ORIENTED_EDGE ( 'NONE', *, *, #2871, .T. ) ;
#7796 = AXIS2_PLACEMENT_3D ( 'NONE', #7240, #4836, #2955 ) ;
#7797 = CARTESIAN_POINT ( 'NONE',  ( 0.7350000000000006528, 0.3750000000000000000, -0.02000000000000000042 ) ) ;
#7798 = ORIENTED_EDGE ( 'NONE', *, *, #7899, .T. ) ;
#7799 = COLOUR_RGB ( '',0.8313725490196077761, 0.8313725490196077761, 0.8196078431372548767 ) ;
#7800 = CARTESIAN_POINT ( 'NONE',  ( -1.000000000000000888, 0.9999999999999991118, 0.5300000000000000266 ) ) ;
#7801 = FACE_OUTER_BOUND ( 'NONE', #8067, .T. ) ;
#7802 = CARTESIAN_POINT ( 'NONE',  ( -0.1106842874614060168, -0.8610678303354953878, 0.01000000000000000021 ) ) ;
#7803 = VECTOR ( 'NONE', #3345, 1000.000000000000000 ) ;
#7804 = CARTESIAN_POINT ( 'NONE',  ( 0.7350000000000005418, -0.1250000000000001110, 0.000000000000000000 ) ) ;
#7805 = ADVANCED_FACE ( 'NONE', ( #7193 ), #3409, .F. ) ;
#7806 = DIRECTION ( 'NONE',  ( 0.000000000000000000, -0.000000000000000000, -1.000000000000000000 ) ) ;
#7807 = CARTESIAN_POINT ( 'NONE',  ( -0.1924451710146652395, -0.8714769847216816689, 0.01000000000000000021 ) ) ;
#7808 = COLOUR_RGB ( '',0.8313725490196077761, 0.8313725490196077761, 0.8196078431372548767 ) ;
#7809 = CARTESIAN_POINT ( 'NONE',  ( 0.1099782768056830062, -0.8600238390420337220, 0.01000000000000000021 ) ) ;
#7810 = AXIS2_PLACEMENT_3D ( 'NONE', #2641, #6341, #3214 ) ;
#7811 =( NAMED_UNIT ( * ) SI_UNIT ( $, .STERADIAN. ) SOLID_ANGLE_UNIT ( ) );
#7812 = VECTOR ( 'NONE', #6423, 1000.000000000000000 ) ;
#7813 =( NAMED_UNIT ( * ) SI_UNIT ( $, .STERADIAN. ) SOLID_ANGLE_UNIT ( ) );
#7814 = PRESENTATION_STYLE_ASSIGNMENT (( #1531 ) ) ;
#7815 = CARTESIAN_POINT ( 'NONE',  ( -0.1754078310601025203, -0.8234085861456256206, 0.01000000000000000021 ) ) ;
#7816 = ADVANCED_FACE ( 'NONE', ( #7149 ), #904, .F. ) ;
#7817 = SURFACE_SIDE_STYLE ('',( #5400 ) ) ;
#7818 = ORIENTED_EDGE ( 'NONE', *, *, #105, .T. ) ;
#7819 = SURFACE_STYLE_USAGE ( .BOTH. , #6028 ) ;
#7820 = ORIENTED_EDGE ( 'NONE', *, *, #3632, .F. ) ;
#7821 = VECTOR ( 'NONE', #5122, 1000.000000000000000 ) ;
#7822 =( LENGTH_UNIT ( ) NAMED_UNIT ( * ) SI_UNIT ( .MILLI., .METRE. ) );
#7823 = CYLINDRICAL_SURFACE ( 'NONE', #5829, 0.04999999999999991257 ) ;
#7824 = PRESENTATION_STYLE_ASSIGNMENT (( #7735 ) ) ;
#7825 = ORIENTED_EDGE ( 'NONE', *, *, #8108, .T. ) ;
#7826 = VERTEX_POINT ( 'NONE', #3493 ) ;
#7827 = PRESENTATION_LAYER_ASSIGNMENT (  '', '', ( #2832 ) ) ;
#7828 = SURFACE_STYLE_FILL_AREA ( #1588 ) ;
#7829 = PRESENTATION_STYLE_ASSIGNMENT (( #883 ) ) ;
#7830 = CARTESIAN_POINT ( 'NONE',  ( 0.08756137410213990502, -0.8229723920874049137, 0.01000000000000000021 ) ) ;
#7831 = DIRECTION ( 'NONE',  ( 0.000000000000000000, -0.000000000000000000, -1.000000000000000000 ) ) ;
#7832 = LINE ( 'NONE', #4523, #5160 ) ;
#7833 = PRESENTATION_LAYER_ASSIGNMENT (  '', '', ( #3231 ) ) ;
#7834 = PLANE ( 'NONE',  #4437 ) ;
#7835 =( GEOMETRIC_REPRESENTATION_CONTEXT ( 3 ) GLOBAL_UNCERTAINTY_ASSIGNED_CONTEXT ( ( #409 ) ) GLOBAL_UNIT_ASSIGNED_CONTEXT ( ( #714, #5128, #3892 ) ) REPRESENTATION_CONTEXT ( 'NONE', 'WORKASPACE' ) );
#7836 = ORIENTED_EDGE ( 'NONE', *, *, #6357, .F. ) ;
#7837 = CARTESIAN_POINT ( 'NONE',  ( -0.1012982839092839704, -0.9027133052948586034, 0.000000000000000000 ) ) ;
#7838 = CARTESIAN_POINT ( 'NONE',  ( -0.000000000000000000, -0.8995257652094864609, 0.01000000000000000021 ) ) ;
#7839 = EDGE_LOOP ( 'NONE', ( #4159, #4165, #3467, #4424 ) ) ;
#7840 =( GEOMETRIC_REPRESENTATION_CONTEXT ( 3 ) GLOBAL_UNCERTAINTY_ASSIGNED_CONTEXT ( ( #4598 ) ) GLOBAL_UNIT_ASSIGNED_CONTEXT ( ( #3767, #718, #1921 ) ) REPRESENTATION_CONTEXT ( 'NONE', 'WORKASPACE' ) );
#7841 = VECTOR ( 'NONE', #5532, 1000.000000000000000 ) ;
#7842 = LINE ( 'NONE', #3484, #1211 ) ;
#7843 = CARTESIAN_POINT ( 'NONE',  ( 0.07598888673035894548, -0.9007121675962198593, 0.000000000000000000 ) ) ;
#7844 =( GEOMETRIC_REPRESENTATION_CONTEXT ( 3 ) GLOBAL_UNCERTAINTY_ASSIGNED_CONTEXT ( ( #5473 ) ) GLOBAL_UNIT_ASSIGNED_CONTEXT ( ( #7565, #3826, #5564 ) ) REPRESENTATION_CONTEXT ( 'NONE', 'WORKASPACE' ) );
#7845 = VERTEX_POINT ( 'NONE', #5273 ) ;
#7846 = VECTOR ( 'NONE', #4425, 1000.000000000000000 ) ;
#7847 = CARTESIAN_POINT ( 'NONE',  ( -0.2216944088195432483, -0.9105013749655840316, 0.000000000000000000 ) ) ;
#7848 = DIRECTION ( 'NONE',  ( 1.000000000000000000, 0.000000000000000000, 0.000000000000000000 ) ) ;
#7849 = SURFACE_STYLE_FILL_AREA ( #2822 ) ;
#7850 = FILL_AREA_STYLE_COLOUR ( '', #7808 ) ;
#7851 = CARTESIAN_POINT ( 'NONE',  ( 0.1099108377256023672, -0.8570159654882163469, 0.01000000000000000021 ) ) ;
#7852 = EDGE_CURVE ( 'NONE', #6842, #2048, #6013, .T. ) ;
#7853 =( LENGTH_UNIT ( ) NAMED_UNIT ( * ) SI_UNIT ( .MILLI., .METRE. ) );
#7854 = EDGE_CURVE ( 'NONE', #162, #3564, #2865, .T. ) ;
#7855 = CARTESIAN_POINT ( 'NONE',  ( -0.1013457192987343158, -0.8178898980371728245, 0.01000000000000000194 ) ) ;
#7856 =( LENGTH_UNIT ( ) NAMED_UNIT ( * ) SI_UNIT ( .MILLI., .METRE. ) );
#7857 = CARTESIAN_POINT ( 'NONE',  ( -1.000000000000000888, 0.9999999999999991118, 0.000000000000000000 ) ) ;
#7858 = CARTESIAN_POINT ( 'NONE',  ( -0.4076060066089044476, 1.000000000000002665, 0.1817582956874659594 ) ) ;
#7859 = EDGE_LOOP ( 'NONE', ( #7922, #4912, #2101, #7882 ) ) ;
#7860 = DIRECTION ( 'NONE',  ( -0.000000000000000000, 0.000000000000000000, 1.000000000000000000 ) ) ;
#7861 = ORIENTED_EDGE ( 'NONE', *, *, #1119, .T. ) ;
#7862 = EDGE_CURVE ( 'NONE', #3228, #591, #4171, .T. ) ;
#7863 = SURFACE_STYLE_USAGE ( .BOTH. , #1043 ) ;
#7864 = CARTESIAN_POINT ( 'NONE',  ( 0.09575646150990545225, -0.9084124443888980105, 0.000000000000000000 ) ) ;
#7865 = SURFACE_STYLE_USAGE ( .BOTH. , #2920 ) ;
#7866 = CARTESIAN_POINT ( 'NONE',  ( -0.7350000000000006528, 0.1250000000000000000, -0.02000000000000000042 ) ) ;
#7867 = VERTEX_POINT ( 'NONE', #391 ) ;
#7868 = PLANE ( 'NONE',  #4192 ) ;
#7869 = ORIENTED_EDGE ( 'NONE', *, *, #4495, .T. ) ;
#7870 = B_SPLINE_CURVE_WITH_KNOTS ( 'NONE', 3,
 ( #1884, #5631, #673, #7590, #3727, #1848, #5705, #3768, #2450, #8079, #8036, #2497, #3652, #596, #4935, #6235, #8120, #1143, #6196 ),
 .UNSPECIFIED., .F., .F.,
 ( 4, 1, 1, 1, 1, 1, 1, 1, 1, 1, 1, 1, 1, 1, 1, 1, 4 ),
 ( 0.000000000000000000, 0.06783324845577358431, 0.1326555365079040150, 0.1950508840508278219, 0.2555829330687769407, 0.3147998341472895145, 0.3736004728263743746, 0.4325455953267433595, 0.4924306292835654575, 0.5526712559629696209, 0.6125130441881162513, 0.6726102503570058344, 0.7338383693139461927, 0.7965942385677734494, 0.8614497992905729706, 0.9291989423509054991, 1.000000000000000000 ),
 .UNSPECIFIED. ) ;
#7871 = CARTESIAN_POINT ( 'NONE',  ( -0.1092961039021572017, -0.8466734015003082314, 0.01000000000000000021 ) ) ;
#7872 = CARTESIAN_POINT ( 'NONE',  ( 0.7350000000000006528, 0.3250000000000000111, -0.02000000000000000042 ) ) ;
#7873 = CARTESIAN_POINT ( 'NONE',  ( 0.06867863547579254602, -0.9113567415048056120, 0.01000000000000000021 ) ) ;
#7874 = CARTESIAN_POINT ( 'NONE',  ( 0.09690786565439782341, -0.8287757610905905903, 0.01000000000000000021 ) ) ;
#7875 = SURFACE_SIDE_STYLE ('',( #1005 ) ) ;
#7876 = EDGE_LOOP ( 'NONE', ( #1758, #6634, #3174, #6463 ) ) ;
#7877 = APPLICATION_PROTOCOL_DEFINITION ( 'draft international standard', 'automotive_design', 1998, #3585 ) ;
#7878 = CARTESIAN_POINT ( 'NONE',  ( 0.7621383144406077559, -1.010000000000002673, 0.07773384608415166708 ) ) ;
#7879 = ORIENTED_EDGE ( 'NONE', *, *, #6991, .F. ) ;
#7880 = CARTESIAN_POINT ( 'NONE',  ( -0.1107187990634456859, -0.8595295761850962890, 0.000000000000000000 ) ) ;
#7881 = SURFACE_STYLE_FILL_AREA ( #5347 ) ;
#7882 = ORIENTED_EDGE ( 'NONE', *, *, #1225, .F. ) ;
#7883 = FACE_OUTER_BOUND ( 'NONE', #55, .T. ) ;
#7884 =( LENGTH_UNIT ( ) NAMED_UNIT ( * ) SI_UNIT ( .MILLI., .METRE. ) );
#7885 = PLANE ( 'NONE',  #7810 ) ;
#7886 = AXIS2_PLACEMENT_3D ( 'NONE', #4584, #7761, #2701 ) ;
#7887 = CARTESIAN_POINT ( 'NONE',  ( 0.02952510337557871442, -0.9105013749655840316, 0.000000000000000000 ) ) ;
#7888 = CARTESIAN_POINT ( 'NONE',  ( 1.010000000000000453, 0.3749999999999998890, 0.2500000000000000000 ) ) ;
#7889 = LINE ( 'NONE', #6056, #4144 ) ;
#7890 = DIRECTION ( 'NONE',  ( 0.000000000000000000, -1.000000000000000000, 0.000000000000000000 ) ) ;
#7891 = DIRECTION ( 'NONE',  ( -0.000000000000000000, -0.000000000000000000, 1.000000000000000000 ) ) ;
#7892 = CARTESIAN_POINT ( 'NONE',  ( -1.010000000000000453, -0.3750000000000000000, -0.02000000000000000042 ) ) ;
#7893 = SURFACE_STYLE_FILL_AREA ( #6574 ) ;
#7894 = LINE ( 'NONE', #6064, #4140 ) ;
#7895 = SURFACE_SIDE_STYLE ('',( #5399 ) ) ;
#7896 = SURFACE_STYLE_USAGE ( .BOTH. , #7817 ) ;
#7897 = ORIENTED_EDGE ( 'NONE', *, *, #2281, .F. ) ;
#7898 = EDGE_CURVE ( 'NONE', #4792, #6842, #3919, .T. ) ;
#7899 = EDGE_CURVE ( 'NONE', #6218, #4989, #6745, .T. ) ;
#7900 = CARTESIAN_POINT ( 'NONE',  ( 0.07437619058474521927, -0.8093238852718074305, 0.000000000000000000 ) ) ;
#7901 = ORIENTED_EDGE ( 'NONE', *, *, #105, .F. ) ;
#7902 = UNCERTAINTY_MEASURE_WITH_UNIT (LENGTH_MEASURE( 1.000000000000000082E-05 ), #6761, 'distance_accuracy_value', 'NONE');
#7903 = CARTESIAN_POINT ( 'NONE',  ( 0.06317902157895924353, -0.8211107433617420570, 0.01000000000000000021 ) ) ;
#7904 =( NAMED_UNIT ( * ) PLANE_ANGLE_UNIT ( ) SI_UNIT ( $, .RADIAN. ) );
#7905 = ORIENTED_EDGE ( 'NONE', *, *, #706, .T. ) ;
#7906 = CARTESIAN_POINT ( 'NONE',  ( -0.02169440881954324066, -0.8214769847216816245, 0.000000000000000000 ) ) ;
#7907 = ADVANCED_FACE ( 'NONE', ( #6722 ), #2501, .F. ) ;
#7908 = ORIENTED_EDGE ( 'NONE', *, *, #4652, .F. ) ;
#7909 = CIRCLE ( 'NONE', #1608, 0.04999999999999991257 ) ;
#7910 = CARTESIAN_POINT ( 'NONE',  ( 0.04903729849752992698, -0.8132452774046083910, 0.01000000000000000021 ) ) ;
#7911 = DIRECTION ( 'NONE',  ( 1.000000000000000000, 3.942553354492744024E-16, 0.000000000000000000 ) ) ;
#7912 = CARTESIAN_POINT ( 'NONE',  ( 0.08405289097027779377, -0.8217440203595155479, 0.01000000000000000021 ) ) ;
#7913 =( NAMED_UNIT ( * ) SI_UNIT ( $, .STERADIAN. ) SOLID_ANGLE_UNIT ( ) );
#7914 = PRESENTATION_LAYER_ASSIGNMENT (  '', '', ( #3453 ) ) ;
#7915 = PRESENTATION_STYLE_ASSIGNMENT (( #1053 ) ) ;
#7916 = ORIENTED_EDGE ( 'NONE', *, *, #3590, .F. ) ;
#7917 = DIRECTION ( 'NONE',  ( 1.000000000000000000, 0.000000000000000000, 0.000000000000000000 ) ) ;
#7918 = VERTEX_POINT ( 'NONE', #5470 ) ;
#7919 = FILL_AREA_STYLE_COLOUR ( '', #6269 ) ;
#7920 = VECTOR ( 'NONE', #1840, 1000.000000000000000 ) ;
#7921 = PRESENTATION_STYLE_ASSIGNMENT (( #7227 ) ) ;
#7922 = ORIENTED_EDGE ( 'NONE', *, *, #2318, .T. ) ;
#7923 = VECTOR ( 'NONE', #6723, 1000.000000000000000 ) ;
#7924 = CARTESIAN_POINT ( 'NONE',  ( -0.7350000000000006528, 0.8750000000000000000, -0.02000000000000000042 ) ) ;
#7925 = CARTESIAN_POINT ( 'NONE',  ( -0.8246046625001746122, 0.8185251959338152306, 0.5300000000000000266 ) ) ;
#7926 = UNCERTAINTY_MEASURE_WITH_UNIT (LENGTH_MEASURE( 1.000000000000000082E-05 ), #6125, 'distance_accuracy_value', 'NONE');
#7927 = CARTESIAN_POINT ( 'NONE',  ( -0.1314505063805188612, -0.9105013749655840316, 0.01000000000000000021 ) ) ;
#7928 = PRESENTATION_STYLE_ASSIGNMENT (( #7762 ) ) ;
#7929 = FILL_AREA_STYLE_COLOUR ( '', #7414 ) ;
#7930 = UNCERTAINTY_MEASURE_WITH_UNIT (LENGTH_MEASURE( 1.000000000000000082E-05 ), #1600, 'distance_accuracy_value', 'NONE');
#7931 = MECHANICAL_DESIGN_GEOMETRIC_PRESENTATION_REPRESENTATION (  '', ( #6744 ), #6874 ) ;
#7932 = LINE ( 'NONE', #5356, #1999 ) ;
#7933 = CARTESIAN_POINT ( 'NONE',  ( 0.1697690058146031078, -0.8105013749655840538, 0.000000000000000000 ) ) ;
#7934 = ORIENTED_EDGE ( 'NONE', *, *, #1067, .T. ) ;
#7935 = CARTESIAN_POINT ( 'NONE',  ( -0.1158079605977338639, -0.8308639465405363023, 0.01000000000000000194 ) ) ;
#7936 = PRESENTATION_LAYER_ASSIGNMENT (  '', '', ( #3330 ) ) ;
#7937 = CARTESIAN_POINT ( 'NONE',  ( -0.1762429109618494638, -0.8248836862794469704, 0.000000000000000000 ) ) ;
#7938 = COLOUR_RGB ( '',0.2980392156862745057, 0.2980392156862745057, 0.2980392156862745057 ) ;
#7939 = PLANE ( 'NONE',  #7796 ) ;
#7940 = ORIENTED_EDGE ( 'NONE', *, *, #5142, .T. ) ;
#7941 = VECTOR ( 'NONE', #3520, 1000.000000000000000 ) ;
#7942 = ORIENTED_EDGE ( 'NONE', *, *, #1881, .F. ) ;
#7943 = STYLED_ITEM ( 'NONE', ( #4736 ), #1617 ) ;
#7944 = ADVANCED_FACE ( 'NONE', ( #7433 ), #4865, .T. ) ;
#7945 = DIRECTION ( 'NONE',  ( 0.000000000000000000, -0.000000000000000000, 1.000000000000000000 ) ) ;
#7946 = CARTESIAN_POINT ( 'NONE',  ( 0.08219308492119940801, -0.9001424121095988884, 0.000000000000000000 ) ) ;
#7947 = VERTEX_POINT ( 'NONE', #5098 ) ;
#7948 = SURFACE_STYLE_FILL_AREA ( #1705 ) ;
#7949 = VERTEX_POINT ( 'NONE', #4451 ) ;
#7950 = CARTESIAN_POINT ( 'NONE',  ( 0.06760453113915110279, -0.9003773657958565879, 0.01000000000000000021 ) ) ;
#7951 =( LENGTH_UNIT ( ) NAMED_UNIT ( * ) SI_UNIT ( .MILLI., .METRE. ) );
#7952 = EDGE_CURVE ( 'NONE', #4119, #5864, #28, .T. ) ;
#7953 = CARTESIAN_POINT ( 'NONE',  ( 0.08035015165210042387, -0.8209047264362887564, 0.000000000000000000 ) ) ;
#7954 = EDGE_CURVE ( 'NONE', #6337, #1872, #179, .T. ) ;
#7955 = CARTESIAN_POINT ( 'NONE',  ( -0.7350000000000005418, -0.3750000000000000000, 0.000000000000000000 ) ) ;
#7956 = DIRECTION ( 'NONE',  ( -1.000000000000000000, 0.000000000000000000, -0.000000000000000000 ) ) ;
#7957 =( GEOMETRIC_REPRESENTATION_CONTEXT ( 3 ) GLOBAL_UNCERTAINTY_ASSIGNED_CONTEXT ( ( #5728 ) ) GLOBAL_UNIT_ASSIGNED_CONTEXT ( ( #4704, #2128, #2864 ) ) REPRESENTATION_CONTEXT ( 'NONE', 'WORKASPACE' ) );
#7958 = ORIENTED_EDGE ( 'NONE', *, *, #7753, .F. ) ;
#7959 = DIRECTION ( 'NONE',  ( 1.000000000000000000, 0.000000000000000000, 0.000000000000000000 ) ) ;
#7960 = VERTEX_POINT ( 'NONE', #5833 ) ;
#7961 = CIRCLE ( 'NONE', #6516, 0.1226805411497119691 ) ;
#7962 =( LENGTH_UNIT ( ) NAMED_UNIT ( * ) SI_UNIT ( .MILLI., .METRE. ) );
#7963 = ORIENTED_EDGE ( 'NONE', *, *, #7214, .T. ) ;
#7964 = EDGE_CURVE ( 'NONE', #2659, #873, #1307, .T. ) ;
#7965 = FILL_AREA_STYLE_COLOUR ( '', #3749 ) ;
#7966 = DIRECTION ( 'NONE',  ( 0.000000000000000000, 0.000000000000000000, -1.000000000000000000 ) ) ;
#7967 = CARTESIAN_POINT ( 'NONE',  ( 0.07828844855511911394, -0.9116821714522209685, 0.01000000000000000021 ) ) ;
#7968 = SURFACE_SIDE_STYLE ('',( #479 ) ) ;
#7969 = CARTESIAN_POINT ( 'NONE',  ( 0.08311327160967121874, -0.8101111157487742576, 0.01000000000000000021 ) ) ;
#7970 = MECHANICAL_DESIGN_GEOMETRIC_PRESENTATION_REPRESENTATION (  '', ( #6915 ), #1938 ) ;
#7971 = CARTESIAN_POINT ( 'NONE',  ( 0.1074799231299696650, -0.8445587272927820299, 0.01000000000000000021 ) ) ;
#7972 = PRESENTATION_LAYER_ASSIGNMENT (  '', '', ( #2114 ) ) ;
#7973 = COLOUR_RGB ( '',0.8313725490196077761, 0.8313725490196077761, 0.8196078431372548767 ) ;
#7974 = DIRECTION ( 'NONE',  ( 1.000000000000000000, 0.000000000000000000, 0.000000000000000000 ) ) ;
#7975 = VERTEX_POINT ( 'NONE', #1345 ) ;
#7976 = CIRCLE ( 'NONE', #1541, 0.04999999999999991257 ) ;
#7977 = CARTESIAN_POINT ( 'NONE',  ( 0.04903729849752992698, -0.8266599115509499773, 0.01000000000000000021 ) ) ;
#7978 =( GEOMETRIC_REPRESENTATION_CONTEXT ( 3 ) GLOBAL_UNCERTAINTY_ASSIGNED_CONTEXT ( ( #1934 ) ) GLOBAL_UNIT_ASSIGNED_CONTEXT ( ( #2100, #7201, #7813 ) ) REPRESENTATION_CONTEXT ( 'NONE', 'WORKASPACE' ) );
#7979 =( NAMED_UNIT ( * ) SI_UNIT ( $, .STERADIAN. ) SOLID_ANGLE_UNIT ( ) );
#7980 = CIRCLE ( 'NONE', #220, 0.04999999999999991257 ) ;
#7981 = ORIENTED_EDGE ( 'NONE', *, *, #7862, .F. ) ;
#7982 = CARTESIAN_POINT ( 'NONE',  ( 0.1014542287219468431, -0.8174270327139863124, 0.000000000000000000 ) ) ;
#7983 = STYLED_ITEM ( 'NONE', ( #1985 ), #6740 ) ;
#7984 = ORIENTED_EDGE ( 'NONE', *, *, #26, .F. ) ;
#7985 = UNCERTAINTY_MEASURE_WITH_UNIT (LENGTH_MEASURE( 1.000000000000000082E-05 ), #1864, 'distance_accuracy_value', 'NONE');
#7986 =( LENGTH_UNIT ( ) NAMED_UNIT ( * ) SI_UNIT ( .MILLI., .METRE. ) );
#7987 = VECTOR ( 'NONE', #784, 1000.000000000000000 ) ;
#7988 = CARTESIAN_POINT ( 'NONE',  ( 0.1100129082536275005, -0.8615684481363157232, 0.000000000000000000 ) ) ;
#7989 = ORIENTED_EDGE ( 'NONE', *, *, #6395, .F. ) ;
#7990 = ORIENTED_EDGE ( 'NONE', *, *, #1258, .T. ) ;
#7991 = FILL_AREA_STYLE ('',( #4883 ) ) ;
#7992 = SURFACE_STYLE_FILL_AREA ( #2967 ) ;
#7993 = CARTESIAN_POINT ( 'NONE',  ( 0.1124904973609308356, -0.8275966082469016216, 0.000000000000000000 ) ) ;
#7994 = PRESENTATION_STYLE_ASSIGNMENT (( #1052 ) ) ;
#7995 = CARTESIAN_POINT ( 'NONE',  ( 0.7350000000000005418, -0.8249999999999999556, 0.000000000000000000 ) ) ;
#7996 = VERTEX_POINT ( 'NONE', #2692 ) ;
#7997 = FILL_AREA_STYLE_COLOUR ( '', #2853 ) ;
#7998 = PRESENTATION_STYLE_ASSIGNMENT (( #3052 ) ) ;
#7999 = VERTEX_POINT ( 'NONE', #7663 ) ;
#8000 = EDGE_CURVE ( 'NONE', #4847, #2504, #5215, .T. ) ;
#8001 = EDGE_CURVE ( 'NONE', #4781, #2393, #677, .T. ) ;
#8002 = CARTESIAN_POINT ( 'NONE',  ( -0.7350000000000005418, -0.8750000000000000000, -0.02000000000000000042 ) ) ;
#8003 = SURFACE_STYLE_FILL_AREA ( #6849 ) ;
#8004 = CARTESIAN_POINT ( 'NONE',  ( 0.04903729849752992698, -0.8266599115509499773, 0.000000000000000000 ) ) ;
#8005 = SURFACE_STYLE_USAGE ( .BOTH. , #7479 ) ;
#8006 = FILL_AREA_STYLE ('',( #1724 ) ) ;
#8007 = FILL_AREA_STYLE_COLOUR ( '', #4524 ) ;
#8008 = EDGE_CURVE ( 'NONE', #1660, #4763, #4409, .T. ) ;
#8009 = CARTESIAN_POINT ( 'NONE',  ( -0.07186590272198228879, -0.8105013749655840538, 0.000000000000000000 ) ) ;
#8010 = FILL_AREA_STYLE_COLOUR ( '', #539 ) ;
#8011 = EDGE_LOOP ( 'NONE', ( #2472, #5687, #4137, #1244, #4454, #6382 ) ) ;
#8012 = SURFACE_SIDE_STYLE ('',( #6585 ) ) ;
#8013 = CARTESIAN_POINT ( 'NONE',  ( -0.09243790711338577271, -0.8137347264101324473, 0.000000000000000000 ) ) ;
#8014 = DIRECTION ( 'NONE',  ( -1.000000000000000000, -0.000000000000000000, -0.000000000000000000 ) ) ;
#8015 = CARTESIAN_POINT ( 'NONE',  ( 0.9999999999999993339, -1.000000000000002665, 0.5300000000000000266 ) ) ;
#8016 = ORIENTED_EDGE ( 'NONE', *, *, #2474, .T. ) ;
#8017 = SURFACE_STYLE_USAGE ( .BOTH. , #4306 ) ;
#8018 = VECTOR ( 'NONE', #6679, 1000.000000000000000 ) ;
#8019 = ORIENTED_EDGE ( 'NONE', *, *, #2541, .T. ) ;
#8020 = CARTESIAN_POINT ( 'NONE',  ( 0.04903729849752992698, -0.9053184481363156788, 0.000000000000000000 ) ) ;
#8021 =( LENGTH_UNIT ( ) NAMED_UNIT ( * ) SI_UNIT ( .MILLI., .METRE. ) );
#8022 = CARTESIAN_POINT ( 'NONE',  ( 0.1003128545683409784, -0.8902022545611228965, 0.000000000000000000 ) ) ;
#8023 = ORIENTED_EDGE ( 'NONE', *, *, #1743, .T. ) ;
#8024 = FILL_AREA_STYLE_COLOUR ( '', #5090 ) ;
#8025 = VERTEX_POINT ( 'NONE', #6289 ) ;
#8026 = ORIENTED_EDGE ( 'NONE', *, *, #244, .F. ) ;
#8027 = CARTESIAN_POINT ( 'NONE',  ( 0.05776507377784085434, -0.8982942721071593972, 0.01000000000000000021 ) ) ;
#8028 = CARTESIAN_POINT ( 'NONE',  ( -0.2050510257216819898, 0.7500000000000001110, -0.02000000000000000042 ) ) ;
#8029 = CARTESIAN_POINT ( 'NONE',  ( 0.1199185879816047628, -0.8408044369733977952, 0.009999999999999998473 ) ) ;
#8030 = CARTESIAN_POINT ( 'NONE',  ( 1.010000000000000453, -0.1250000000000001110, -0.02000000000000000042 ) ) ;
#8031 = EDGE_LOOP ( 'NONE', ( #5663, #4143, #1184, #6307 ) ) ;
#8032 =( NAMED_UNIT ( * ) SI_UNIT ( $, .STERADIAN. ) SOLID_ANGLE_UNIT ( ) );
#8033 = VERTEX_POINT ( 'NONE', #6437 ) ;
#8034 = CARTESIAN_POINT ( 'NONE',  ( -0.1769821701535131409, -0.8283989574347535578, 0.01000000000000000021 ) ) ;
#8035 = DIRECTION ( 'NONE',  ( 1.000000000000000000, 0.000000000000000000, 0.000000000000000000 ) ) ;
#8036 = CARTESIAN_POINT ( 'NONE',  ( 0.1137277293137501089, -0.8947221292320708397, 0.01000000000000000021 ) ) ;
#8037 = CARTESIAN_POINT ( 'NONE',  ( 0.4076060066089044476, -1.010000000000002673, 0.07773384608415166708 ) ) ;
#8038 = EDGE_CURVE ( 'NONE', #6617, #5979, #143, .T. ) ;
#8039 = FACE_OUTER_BOUND ( 'NONE', #3401, .T. ) ;
#8040 = EDGE_CURVE ( 'NONE', #3808, #5816, #6894, .T. ) ;
#8041 = CARTESIAN_POINT ( 'NONE',  ( 0.08664245420816847620, -0.9109696033097656187, 0.01000000000000000021 ) ) ;
#8042 = B_SPLINE_CURVE_WITH_KNOTS ( 'NONE', 3,
 ( #2013, #7066, #1402, #3406, #5186, #6415, #811, #3952, #6444, #902, #3315, #5841, #776, #188, #5309, #2699, #7104, #7802, #6484 ),
 .UNSPECIFIED., .F., .F.,
 ( 4, 1, 1, 1, 1, 1, 1, 1, 1, 1, 1, 1, 1, 1, 1, 1, 4 ),
 ( 0.000000000000000000, 0.07082657255516333628, 0.1381690332797999021, 0.2024753315338419513, 0.2639737544135195568, 0.3233803205980364526, 0.3817976227131847922, 0.4393900745193887181, 0.4969027245459969322, 0.5546621696093696485, 0.6127418784921965234, 0.6715388363911721781, 0.7316557220901981351, 0.7942978116139519651, 0.8594822049793586771, 0.9276813254527891406, 1.000000000000000000 ),
 .UNSPECIFIED. ) ;
#8043 = CARTESIAN_POINT ( 'NONE',  ( -0.07180873808783594381, -0.8214769847216816245, 0.000000000000000000 ) ) ;
#8044 = CARTESIAN_POINT ( 'NONE',  ( 1.010000000000000231, -0.8750000000000000000, -0.02000000000000000042 ) ) ;
#8045 =( GEOMETRIC_REPRESENTATION_CONTEXT ( 3 ) GLOBAL_UNCERTAINTY_ASSIGNED_CONTEXT ( ( #4825 ) ) GLOBAL_UNIT_ASSIGNED_CONTEXT ( ( #1967, #3226, #1849 ) ) REPRESENTATION_CONTEXT ( 'NONE', 'WORKASPACE' ) );
#8046 = LINE ( 'NONE', #3658, #7695 ) ;
#8047 = MECHANICAL_DESIGN_GEOMETRIC_PRESENTATION_REPRESENTATION (  '', ( #6730 ), #3179 ) ;
#8048 = PLANE ( 'NONE',  #4500 ) ;
#8049 = CARTESIAN_POINT ( 'NONE',  ( 0.1062645409319696588, -0.8811806993876282190, 0.01000000000000000021 ) ) ;
#8050 = ORIENTED_EDGE ( 'NONE', *, *, #4799, .F. ) ;
#8051 = ADVANCED_FACE ( 'NONE', ( #5058 ), #4059, .F. ) ;
#8052 = EDGE_CURVE ( 'NONE', #2233, #1917, #7094, .T. ) ;
#8053 = LINE ( 'NONE', #1072, #5635 ) ;
#8054 = FILL_AREA_STYLE_COLOUR ( '', #4413 ) ;
#8055 = ORIENTED_EDGE ( 'NONE', *, *, #3993, .T. ) ;
#8056 = AXIS2_PLACEMENT_3D ( 'NONE', #3356, #3830, #5114 ) ;
#8057 =( NAMED_UNIT ( * ) PLANE_ANGLE_UNIT ( ) SI_UNIT ( $, .RADIAN. ) );
#8058 = ORIENTED_EDGE ( 'NONE', *, *, #3310, .F. ) ;
#8059 = CARTESIAN_POINT ( 'NONE',  ( 0.07255816236890744175, -0.9116740398059469674, 0.000000000000000000 ) ) ;
#8060 = VECTOR ( 'NONE', #1235, 1000.000000000000000 ) ;
#8061 =( NAMED_UNIT ( * ) PLANE_ANGLE_UNIT ( ) SI_UNIT ( $, .RADIAN. ) );
#8062 = CARTESIAN_POINT ( 'NONE',  ( -1.010000000000000453, 0.8749999999999998890, -0.02000000000000000042 ) ) ;
#8063 = EDGE_CURVE ( 'NONE', #6261, #6509, #341, .T. ) ;
#8064 = PRESENTATION_STYLE_ASSIGNMENT (( #2359 ) ) ;
#8065 = VERTEX_POINT ( 'NONE', #6474 ) ;
#8066 = CARTESIAN_POINT ( 'NONE',  ( 0.7621383144406077559, -1.010000000000002673, 0.07773384608415166708 ) ) ;
#8067 = EDGE_LOOP ( 'NONE', ( #5756, #616, #7444, #6004 ) ) ;
#8068 = VERTEX_POINT ( 'NONE', #4117 ) ;
#8069 = MECHANICAL_DESIGN_GEOMETRIC_PRESENTATION_REPRESENTATION (  '', ( #5983 ), #1124 ) ;
#8070 = FILL_AREA_STYLE_COLOUR ( '', #4331 ) ;
#8071 = COLOUR_RGB ( '',0.8313725490196077761, 0.8313725490196077761, 0.8196078431372548767 ) ;
#8072 = PRESENTATION_LAYER_ASSIGNMENT (  '', '', ( #1391 ) ) ;
#8073 = ORIENTED_EDGE ( 'NONE', *, *, #4810, .T. ) ;
#8074 = UNCERTAINTY_MEASURE_WITH_UNIT (LENGTH_MEASURE( 1.000000000000000082E-05 ), #5530, 'distance_accuracy_value', 'NONE');
#8075 = APPLICATION_PROTOCOL_DEFINITION ( 'draft international standard', 'automotive_design', 1998, #4600 ) ;
#8076 = CARTESIAN_POINT ( 'NONE',  ( -0.1027706071249880754, -0.8862794126884573354, 0.000000000000000000 ) ) ;
#8077 = ORIENTED_EDGE ( 'NONE', *, *, #5654, .F. ) ;
#8078 = CARTESIAN_POINT ( 'NONE',  ( 0.4500000000000001776, -6.505213034913030302E-17, 0.000000000000000000 ) ) ;
#8079 = CARTESIAN_POINT ( 'NONE',  ( 0.1107488941502550034, -0.8982451399381790047, 0.01000000000000000021 ) ) ;
#8080 = LINE ( 'NONE', #3857, #7552 ) ;
#8081 = CARTESIAN_POINT ( 'NONE',  ( 0.7621383144406077559, 1.010000000000002673, 0.1817582956874659594 ) ) ;
#8082 = CARTESIAN_POINT ( 'NONE',  ( -0.1969421222341773969, -0.8824525944777792397, 0.01000000000000000021 ) ) ;
#8083 = SURFACE_STYLE_FILL_AREA ( #524 ) ;
#8084 = CARTESIAN_POINT ( 'NONE',  ( 0.09277200712124475390, -0.8128322321840133480, 0.01000000000000000021 ) ) ;
#8085 = SURFACE_SIDE_STYLE ('',( #5021 ) ) ;
#8086 = PRESENTATION_LAYER_ASSIGNMENT (  '', '', ( #7683 ) ) ;
#8087 = DIRECTION ( 'NONE',  ( -1.000000000000000000, 0.000000000000000000, -0.000000000000000000 ) ) ;
#8088 =( NAMED_UNIT ( * ) SI_UNIT ( $, .STERADIAN. ) SOLID_ANGLE_UNIT ( ) );
#8089 = ORIENTED_EDGE ( 'NONE', *, *, #6943, .F. ) ;
#8090 = AXIS2_PLACEMENT_3D ( 'NONE', #1041, #2186, #1655 ) ;
#8091 = FILL_AREA_STYLE ('',( #3237 ) ) ;
#8092 = CARTESIAN_POINT ( 'NONE',  ( -0.1241334332097871751, -0.8592437530143645086, 0.000000000000000000 ) ) ;
#8093 = CARTESIAN_POINT ( 'NONE',  ( 0.07655254239996896193, -0.9117208871607059839, 0.000000000000000000 ) ) ;
#8094 = CARTESIAN_POINT ( 'NONE',  ( 0.7350000000000006528, 0.6250000000000000000, 0.000000000000000000 ) ) ;
#8095 = COLOUR_RGB ( '',0.8313725490196077761, 0.8313725490196077761, 0.8196078431372548767 ) ;
#8096 = FILL_AREA_STYLE ('',( #8054 ) ) ;
#8097 = ORIENTED_EDGE ( 'NONE', *, *, #7678, .F. ) ;
#8098 = DIRECTION ( 'NONE',  ( 0.000000000000000000, 1.000000000000000000, 0.000000000000000000 ) ) ;
#8099 = PRESENTATION_LAYER_ASSIGNMENT (  '', '', ( #746 ) ) ;
#8100 = ORIENTED_EDGE ( 'NONE', *, *, #7417, .F. ) ;
#8101 = EDGE_CURVE ( 'NONE', #6682, #2168, #5343, .T. ) ;
#8102 = STYLED_ITEM ( 'NONE', ( #1295 ), #415 ) ;
#8103 = EDGE_CURVE ( 'NONE', #959, #3122, #1516, .T. ) ;
#8104 = CARTESIAN_POINT ( 'NONE',  ( -0.07650242235287542381, -0.9103988716351533172, 0.000000000000000000 ) ) ;
#8105 = COLOUR_RGB ( '',0.8313725490196077761, 0.8313725490196077761, 0.8196078431372548767 ) ;
#8106 = DIRECTION ( 'NONE',  ( 1.000000000000000000, 0.000000000000000000, 0.000000000000000000 ) ) ;
#8107 = VERTEX_POINT ( 'NONE', #3982 ) ;
#8108 = EDGE_CURVE ( 'NONE', #2393, #6595, #4157, .T. ) ;
#8109 = PLANE ( 'NONE',  #2635 ) ;
#8110 =( GEOMETRIC_REPRESENTATION_CONTEXT ( 3 ) GLOBAL_UNCERTAINTY_ASSIGNED_CONTEXT ( ( #3838 ) ) GLOBAL_UNIT_ASSIGNED_CONTEXT ( ( #7074, #6420, #5241 ) ) REPRESENTATION_CONTEXT ( 'NONE', 'WORKASPACE' ) );
#8111 = CARTESIAN_POINT ( 'NONE',  ( 0.09277200712124475390, -0.8128322321840133480, 0.000000000000000000 ) ) ;
#8112 = DIRECTION ( 'NONE',  ( -0.9315776194850603487, 0.3635424856527062487, 0.000000000000000000 ) ) ;
#8113 = LINE ( 'NONE', #2612, #1414 ) ;
#8114 = DIRECTION ( 'NONE',  ( -1.000000000000000000, 0.000000000000000000, -0.000000000000000000 ) ) ;
#8115 = ORIENTED_EDGE ( 'NONE', *, *, #3124, .T. ) ;
#8116 = COLOUR_RGB ( '',0.8313725490196077761, 0.8313725490196077761, 0.8196078431372548767 ) ;
#8117 = FILL_AREA_STYLE_COLOUR ( '', #3458 ) ;
#8118 = ORIENTED_EDGE ( 'NONE', *, *, #7741, .T. ) ;
#8119 = DIRECTION ( 'NONE',  ( -0.000000000000000000, -0.000000000000000000, 1.000000000000000000 ) ) ;
#8120 = CARTESIAN_POINT ( 'NONE',  ( 0.1233351251081518385, -0.8677461341277927787, 0.01000000000000000021 ) ) ;
#8121 = DIRECTION ( 'NONE',  ( 0.000000000000000000, 0.000000000000000000, -1.000000000000000000 ) ) ;
#8122 = CARTESIAN_POINT ( 'NONE',  ( 0.1217257576956082693, -0.8778267529596017749, 0.01000000000000000021 ) ) ;
#8123 =( NAMED_UNIT ( * ) SI_UNIT ( $, .STERADIAN. ) SOLID_ANGLE_UNIT ( ) );
#8124 = PRESENTATION_STYLE_ASSIGNMENT (( #4292 ) ) ;
#8125 = DIRECTION ( 'NONE',  ( -1.000000000000000000, 0.000000000000000000, 0.000000000000000000 ) ) ;
#8126 = EDGE_LOOP ( 'NONE', ( #133, #7795, #7780, #2187 ) ) ;
#8127 = SURFACE_SIDE_STYLE ('',( #6253 ) ) ;
ENDSEC;
END-ISO-10303-21;
